cell_key,config,status,verdict,year,entry_days,gross_price_profit,lots_rt,maxdd,native_commission,native_report,native_report_sha256,net_costed_plan,net_native,score,summary,summary_sha256,trades
WINSWEEP_QM5_41405_USDJPY_DWX_2019_2025:2019:c00,0,done,MEASURED,2019,97,-10845.149999999998,567.5199999999999,14778.12,-2838.200000000001,D:\QM\reports\work_items\69d60450-6719-5f18-914a-5db56a1c874e\QM5_41405\20260911_070258\raw\run_01\report.htm,7e7045805078a6bfcae925176f5d735e3b5767a19d0be8737486d077d6e5446c,-16520.95,-13683.35,-1.1179331335785607,D:\QM\reports\work_items\69d60450-6719-5f18-914a-5db56a1c874e\QM5_41405\20260911_070258\summary.json,2d7c04819e2e1e6269797e4e13be508060ac270d10cc894d967d1664e7eb5d38,98
WINSWEEP_QM5_41405_USDJPY_DWX_2019_2025:2020:c00,0,done,MEASURED,2020,86,21995.589999999993,467.5700000000001,5049.1,-2338.2399999999993,D:\QM\reports\work_items\d8fa387f-9e3a-5e2c-87a6-9be0646d4820\QM5_41405\20260911_070611\raw\run_01\report.htm,5334f983a7cc3d361a6866e9d2416202b2f223de849847fb8e81fcf22c2f54d7,17319.5,19657.35,3.430215285892535,D:\QM\reports\work_items\d8fa387f-9e3a-5e2c-87a6-9be0646d4820\QM5_41405\20260911_070611\summary.json,680580dab8f65a0978aaaaf04b70c19eb8a38e3324974273cc8eabfb807854ff,86
WINSWEEP_QM5_41405_USDJPY_DWX_2019_2025:2021:c00,0,done,MEASURED,2021,79,20967.82,487.53000000000003,6827.21,-2438.1000000000017,D:\QM\reports\work_items\9f292c34-30cc-5a58-b127-0ba70b5bc0d3\QM5_41405\20260911_071007\raw\run_01\report.htm,d9bce54efe737af1c1e114c0fce7cd627d670914b77f2b74392d4b7ed218b81a,16092.070000000002,18529.72,2.357049219227181,D:\QM\reports\work_items\9f292c34-30cc-5a58-b127-0ba70b5bc0d3\QM5_41405\20260911_071007\summary.json,3aa7fccc83cb5a31a3a967dc50c842c84140fb93d6f7200aef2b86c485974078,79
WINSWEEP_QM5_41405_USDJPY_DWX_2019_2025:2022:c00,0,done,MEASURED,2022,54,15627.900000000001,219.97,8564.59,-1100.1199999999994,D:\QM\reports\work_items\1772ec47-ea49-556d-9a1d-7b7d409670fe\QM5_41405\20260911_071244\raw\run_01\report.htm,b6a65c6125f6f32e1a91ebfcab1303f922b5698d2dac63667a2d84b3915a517c,13427.93,14527.78,1.5678427105092012,D:\QM\reports\work_items\1772ec47-ea49-556d-9a1d-7b7d409670fe\QM5_41405\20260911_071244\summary.json,eac6ae6d04754a9b93748aba08cae96bbe666d998b47f1168ae3e494f74f98f4,54
WINSWEEP_QM5_41405_USDJPY_DWX_2019_2025:2023:c00,0,done,MEASURED,2023,83,12310.440000000006,367.0299999999999,9476.91,-1835.580000000001,D:\QM\reports\work_items\f515c60e-e0d9-5c0a-8608-cc054dca99ab\QM5_41405\20260911_071626\raw\run_01\report.htm,47fd4d33062bf5ba80a4692ad6d73437e13e87301dd13bc260e538a3060c38bd,8639.710000000001,10474.86,0.9116589690099411,D:\QM\reports\work_items\f515c60e-e0d9-5c0a-8608-cc054dca99ab\QM5_41405\20260911_071626\summary.json,12c877ff9f62fb153e79d57cfef9a38f97c9d59c71a057467b18520e548ca723,83
WINSWEEP_QM5_41405_USDJPY_DWX_2019_2025:2024:c00,0,done,MEASURED,2024,60,-7740.630000000003,261.5799999999999,16499.17,-1308.2200000000012,D:\QM\reports\work_items\f7bb643d-fc56-5aa8-a189-278988125ab0\QM5_41405\20260911_071957\raw\run_01\report.htm,9c96edecf7863c5b02bd50060d46cf7cc749b2a97c87f88a6e3fffec059f8e61,-10356.75,-9048.85,-0.6277133940677017,D:\QM\reports\work_items\f7bb643d-fc56-5aa8-a189-278988125ab0\QM5_41405\20260911_071957\summary.json,0ab56f4572c303c68ed47ddbfc06e336cdb3a9965eecb7901d0207505dcac9d1,61
WINSWEEP_QM5_41405_USDJPY_DWX_2019_2025:2025:c00,0,done,MEASURED,2025,62,20777.600000000006,208.13999999999996,5024.88,-1040.9999999999998,D:\QM\reports\work_items\53d97d9b-6e4b-582b-ae0b-1955053c65fc\QM5_41405\20260911_072320\raw\run_01\report.htm,f77a67d55f75db0383307517a97bd6b75560f0a961e7e1633ff7285a8f48c03d,18695.899999999998,19736.6,3.720665966152425,D:\QM\reports\work_items\53d97d9b-6e4b-582b-ae0b-1955053c65fc\QM5_41405\20260911_072320\summary.json,902bb2909b40a0fee5dc190e06b66623379f0ffc9bbb45f07bd84c19fa6b6e4d,62
WINSWEEP_QM5_41405_USDJPY_DWX_2019_2025:2019:c01,1,done,MEASURED,2019,200,-10576.199999999999,943.23,16217.86,-4717.3399999999965,D:\QM\reports\work_items\e8d457a5-13d8-5008-95dd-cf87247a6bef\QM5_41405\20260911_073451\raw\run_01\report.htm,2e56db39af497d4c6e2c27bded7511bbd189d94b045d81aef5c21c791c3040d8,-20009.690000000002,-15293.54,-1.2338058165503958,D:\QM\reports\work_items\e8d457a5-13d8-5008-95dd-cf87247a6bef\QM5_41405\20260911_073451\summary.json,efc7bf9c76c5cbc31beefaca35984bf4d094a839c8f5708125c0ae64d53ba237,202
WINSWEEP_QM5_41405_USDJPY_DWX_2019_2025:2020:c01,1,done,MEASURED,2020,215,27522.940000000006,876.0800000000004,6118.27,-4381.499999999997,D:\QM\reports\work_items\6a7c8afa-2b95-5942-a367-78dd985846e8\QM5_41405\20260911_073802\raw\run_01\report.htm,e02c01977c29207c6015b13b2e81e3140b2a694ae5db7083b47a4106bdf269f3,18761.039999999997,23141.44,3.0663962198464594,D:\QM\reports\work_items\6a7c8afa-2b95-5942-a367-78dd985846e8\QM5_41405\20260911_073802\summary.json,694aca748b260e21b6e3a11b89ee46e9909e410724d30df5b4b410f4d77e7bb9,215
WINSWEEP_QM5_41405_USDJPY_DWX_2019_2025:2021:c01,1,done,MEASURED,2021,221,20065.640000000003,1090.2800000000009,9963.82,-5452.5800000000045,D:\QM\reports\work_items\2aeededf-9804-5e19-be34-7c043346eb3a\QM5_41405\20260911_074123\raw\run_01\report.htm,2d8711fd94e8219bd673d7467a7f8282b80d8f161ce861200db03c57adbed220,9161.659999999996,14613.06,0.9194927246778842,D:\QM\reports\work_items\2aeededf-9804-5e19-be34-7c043346eb3a\QM5_41405\20260911_074123\summary.json,89e47319757bdd52840f4e13e76dc814a79514f4482d07560145348e985bc1a7,222
WINSWEEP_QM5_41405_USDJPY_DWX_2019_2025:2022:c01,1,done,MEASURED,2022,211,33498.139999999985,550.1600000000001,11310.31,-2751.820000000005,D:\QM\reports\work_items\576cb45f-2132-50c4-b3d4-9fd92976e2e0\QM5_41405\20260911_074514\raw\run_01\report.htm,44cde23d3346f95921423742956ae8c0597edeebd36c9dc7b7b8d8436d2f5261,27995.52,30746.32,2.4752212804069917,D:\QM\reports\work_items\576cb45f-2132-50c4-b3d4-9fd92976e2e0\QM5_41405\20260911_074514\summary.json,20e56c66486f0e54369efa23a91866b8e396ca0b08014be0d6115813c060247a,211
WINSWEEP_QM5_41405_USDJPY_DWX_2019_2025:2023:c01,1,done,MEASURED,2023,220,5019.690000000007,719.7600000000002,16954.67,-3600.0,D:\QM\reports\work_items\ab36e382-3b52-5557-a895-b62d2ff05790\QM5_41405\20260911_075016\raw\run_01\report.htm,250e719b8f9a3ec42627109aeab0a888ba6a4851abc9e332b9aa14e37a5e81fb,-2179.110000000001,1419.69,-0.12852565104481545,D:\QM\reports\work_items\ab36e382-3b52-5557-a895-b62d2ff05790\QM5_41405\20260911_075016\summary.json,1d7a56101cb1d3ccb5e2b963e2144ddc8aee87703bd34c5f1ce8078e910bd674,221
WINSWEEP_QM5_41405_USDJPY_DWX_2019_2025:2024:c01,1,done,MEASURED,2024,212,-14883.869999999999,687.4699999999996,26542.08,-3438.4400000000005,D:\QM\reports\work_items\53f531e9-05ed-563d-9645-6b955dcb4811\QM5_41405\20260911_075336\raw\run_01\report.htm,f9a9d0a1680bab0847578db31c7b5f9a2bd4e4e92ab1d9337c42a3b80589427a,-21745.32,-18307.97,-0.8192771629050926,D:\QM\reports\work_items\53f531e9-05ed-563d-9645-6b955dcb4811\QM5_41405\20260911_075336\summary.json,75955fbd3de20c4554cf79ad20c7e3656b49ad3c2596cf6eb65562542bf794c2,214
WINSWEEP_QM5_41405_USDJPY_DWX_2019_2025:2025:c01,1,done,MEASURED,2025,208,28126.600000000002,525.72,7006.89,-2629.6000000000013,D:\QM\reports\work_items\30e7b0fa-bc79-5ce7-afb1-26e9bfea34b3\QM5_41405\20260911_075635\raw\run_01\report.htm,344e45fa3923c6986e9b3aac942d2e5380a01ca8c2b48032c01b819fdfa8149f,22868.4,25497.0,3.2637018705873793,D:\QM\reports\work_items\30e7b0fa-bc79-5ce7-afb1-26e9bfea34b3\QM5_41405\20260911_075635\summary.json,dde6e1db32f8d2024eefae9a677ad7792c4cd11f7d28a19f02cfef3504108fe1,208
WINSWEEP_QM5_41405_USDJPY_DWX_2019_2025:2019:c02,2,done,MEASURED,2019,93,-9208.590000000002,488.2400000000001,13476.09,-2441.680000000001,D:\QM\reports\work_items\a59db9ae-8991-5108-bc83-e96795a5c769\QM5_41405\20260911_075950\raw\run_01\report.htm,af36a6f161f831264341ac1605ce87176d3b1f462bb8f9adbe7ca2cd8a9ac8c4,-14091.470000000001,-11650.27,-1.0456645807500544,D:\QM\reports\work_items\a59db9ae-8991-5108-bc83-e96795a5c769\QM5_41405\20260911_075950\summary.json,9496155bb3c280c11fe79309bfaa32d89b4f88be3fd0bc80d13a56ca2d5e4dd8,95
WINSWEEP_QM5_41405_USDJPY_DWX_2019_2025:2020:c02,2,done,MEASURED,2020,85,17219.48,413.2800000000001,5041.62,-2066.840000000002,D:\QM\reports\work_items\c2129116-f49f-5e0b-b45f-0304081b0d28\QM5_41405\20260911_080340\raw\run_01\report.htm,47fc512eb6792e425d1f0045d5550b22aa88e6699b1b7636832d488648399868,13086.239999999998,15152.64,2.5956418770157206,D:\QM\reports\work_items\c2129116-f49f-5e0b-b45f-0304081b0d28\QM5_41405\20260911_080340\summary.json,0546833cb61235e76d59a848e14c358f8716da3c0cc041cc8e97ecfd98e8c1b2,85
WINSWEEP_QM5_41405_USDJPY_DWX_2019_2025:2021:c02,2,done,MEASURED,2021,78,17197.84,429.54999999999995,7163.99,-2148.1400000000017,D:\QM\reports\work_items\d74d4014-e9bc-5158-a5b8-19a768a404b4\QM5_41405\20260911_080646\raw\run_01\report.htm,47368c08e23e47250ee48d02101bc7d8270f538efe0e4e3be3e4dea17ebb93d8,12901.95,15049.7,1.8009447249368022,D:\QM\reports\work_items\d74d4014-e9bc-5158-a5b8-19a768a404b4\QM5_41405\20260911_080646\summary.json,77029880421889a149f78159978cef7e566312cc9136215f84a392fec64c12a8,78
WINSWEEP_QM5_41405_USDJPY_DWX_2019_2025:2022:c02,2,done,MEASURED,2022,53,10980.269999999995,202.22,8902.33,-1011.3999999999997,D:\QM\reports\work_items\212f4cb2-af4e-5e76-a75e-d2da288e31c1\QM5_41405\20260911_080951\raw\run_01\report.htm,4158009bc0f66d365d8da3f4752daf6b0ac3da56f690456d116e0b0cccce7d8f,8957.77,9968.87,1.006227583115881,D:\QM\reports\work_items\212f4cb2-af4e-5e76-a75e-d2da288e31c1\QM5_41405\20260911_080951\summary.json,4f173119caa9ddb0feca3cfb908a6589c3f614b7df97f853fbab809e269cc36f,53
WINSWEEP_QM5_41405_USDJPY_DWX_2019_2025:2023:c02,2,done,MEASURED,2023,85,10641.830000000002,353.11,10099.22,-1766.0200000000007,D:\QM\reports\work_items\f831c6e8-433a-5863-a589-37a768911870\QM5_41405\20260911_081356\raw\run_01\report.htm,f8682078cda921d7bc668df74c6f9dab1588195df084706c31baf943dbab1e0b,7110.259999999999,8875.81,0.7040405100591927,D:\QM\reports\work_items\f831c6e8-433a-5863-a589-37a768911870\QM5_41405\20260911_081356\summary.json,b8409a1414edd697bc58adb40c5424fe300bc376d28d5b9353a34729802e8841,85
WINSWEEP_QM5_41405_USDJPY_DWX_2019_2025:2024:c02,2,done,MEASURED,2024,60,6131.470000000003,248.53000000000006,10069.59,-1242.9400000000005,D:\QM\reports\work_items\ea972b56-7ddf-5611-aabf-d5394b8ba118\QM5_41405\20260911_081718\raw\run_01\report.htm,62c4ebbbc8d0cfc9d9ec5152b40f70c2db4dbfed8e302508b37db91b86f1b03a,3645.879999999999,4888.53,0.36206836623934036,D:\QM\reports\work_items\ea972b56-7ddf-5611-aabf-d5394b8ba118\QM5_41405\20260911_081718\summary.json,da92b3df01ec3e0496c1678e97c49ec333e3bfa27486197418798c0a0013f25c,61
WINSWEEP_QM5_41405_USDJPY_DWX_2019_2025:2025:c02,2,done,MEASURED,2025,62,20151.360000000004,198.2199999999999,4398.49,-991.3599999999997,D:\QM\reports\work_items\c9516ac0-6d3b-5d6a-a03b-2cbb0edca554\QM5_41405\20260911_082020\raw\run_01\report.htm,1ce864cc0961592b7345221d71831b10463c9a88ab57350db5f4d950b01098ac,18168.9,19160.0,4.130713040156963,D:\QM\reports\work_items\c9516ac0-6d3b-5d6a-a03b-2cbb0edca554\QM5_41405\20260911_082020\summary.json,ebc9612d4984f6846835f0559230e4450dce3128b03c2cbf674e7ed7063769f9,62
WINSWEEP_QM5_41405_USDJPY_DWX_2019_2025:2019:c03,3,done,MEASURED,2019,195,-12663.160000000003,832.9699999999998,18482.05,-4165.920000000004,D:\QM\reports\work_items\3cb922e8-ff42-5018-bd28-07c80aeee6ba\QM5_41405\20260911_082345\raw\run_01\report.htm,5c9819fb70999993dbaf4d150b60b24821516fbdd97ed49bae427cf7964b0333,-20993.93,-16829.08,-1.1359091659204472,D:\QM\reports\work_items\3cb922e8-ff42-5018-bd28-07c80aeee6ba\QM5_41405\20260911_082345\summary.json,8a8d1326defcface3273b3eb86bdd63e7f09f945392ee58a114850da38b2140e,198
WINSWEEP_QM5_41405_USDJPY_DWX_2019_2025:2020:c03,3,done,MEASURED,2020,210,22148.129999999994,783.7900000000001,7054.03,-3920.0400000000045,D:\QM\reports\work_items\ac8c3a3c-3de0-52c1-a5ea-8df72a1aa392\QM5_41405\20260911_082644\raw\run_01\report.htm,b1e0f5927ac85791359e04a7b33bebde6c6be7288cd6fbb8149a3b00ccc279dd,14309.14,18228.09,2.0285056910730463,D:\QM\reports\work_items\ac8c3a3c-3de0-52c1-a5ea-8df72a1aa392\QM5_41405\20260911_082644\summary.json,5d3e809393a38178193e32679b139103549924e0f2f883aa368f3322fe8b6b28,210
WINSWEEP_QM5_41405_USDJPY_DWX_2019_2025:2021:c03,3,done,MEASURED,2021,218,14517.26999999999,980.6100000000005,13520.91,-4904.079999999996,D:\QM\reports\work_items\ef3a2205-ef74-5301-8a3c-b25604cb0da4\QM5_41405\20260911_082954\raw\run_01\report.htm,fd25231600e64f9129479e8a00b84ef1ecb86d2caccf21f843706d7ae578432d,4710.1399999999985,9613.19,0.3483596888079278,D:\QM\reports\work_items\ef3a2205-ef74-5301-8a3c-b25604cb0da4\QM5_41405\20260911_082954\summary.json,646f85996e7e6fc995cea7aceb006febbd92223f878f78a3b3769f316aa26f8b,219
WINSWEEP_QM5_41405_USDJPY_DWX_2019_2025:2022:c03,3,done,MEASURED,2022,205,28971.04000000002,509.6500000000001,10868.19,-2549.3000000000034,D:\QM\reports\work_items\f2691ab5-6f7b-5de6-a1dc-1acbe86a4bc6\QM5_41405\20260911_083306\raw\run_01\report.htm,f2dbf0f08b235f9ca3151993d976d2dba36556411410ec0a60c890f1a039b697,23873.49,26421.74,2.196638998766124,D:\QM\reports\work_items\f2691ab5-6f7b-5de6-a1dc-1acbe86a4bc6\QM5_41405\20260911_083306\summary.json,f14632603239a5c5360aac8b288dab77afd77d4535d3e7965591272bf4418410,205
WINSWEEP_QM5_41405_USDJPY_DWX_2019_2025:2023:c03,3,done,MEASURED,2023,223,3789.3599999999947,698.3700000000003,20004.12,-3493.060000000005,D:\QM\reports\work_items\10d52606-4549-5661-b909-17705891ab6f\QM5_41405\20260911_083708\raw\run_01\report.htm,96dc0192f0e9a937c3be4394665bbeeeafe303f382aac75a208374549add31a6,-3195.5500000000015,296.3,-0.15974459261392163,D:\QM\reports\work_items\10d52606-4549-5661-b909-17705891ab6f\QM5_41405\20260911_083708\summary.json,30cde316cae1f12d669e9b99358d831974562e242be8768b54f568076ec8c350,224
WINSWEEP_QM5_41405_USDJPY_DWX_2019_2025:2024:c03,3,done,MEASURED,2024,211,-1314.8999999999967,648.5200000000004,16852.08,-3243.620000000006,D:\QM\reports\work_items\4aa799fc-a918-5941-a682-815f3eb66be8\QM5_41405\20260911_084026\raw\run_01\report.htm,52d371d0de99326be63e8f638d9771068e6194a6b5fa8cea50f489ebd62f4215,-7787.320000000002,-4544.72,-0.46209844719464904,D:\QM\reports\work_items\4aa799fc-a918-5941-a682-815f3eb66be8\QM5_41405\20260911_084026\summary.json,1fd5bc0fdbce8ccc59e2bc0f13f2b31eb24cf73bbfc17a9ed5ac224c583463b7,213
WINSWEEP_QM5_41405_USDJPY_DWX_2019_2025:2025:c03,3,done,MEASURED,2025,209,27480.96000000002,507.6700000000002,7603.94,-2539.380000000001,D:\QM\reports\work_items\5c1ca56d-5fdf-56c0-a74d-dc7547d71233\QM5_41405\20260911_084342\raw\run_01\report.htm,6fc995ba6207d3fd2e9f55f3e63c5c8f0bec784c0a83dc707117e9abc70c8c68,22403.23,24941.58,2.9462660147239457,D:\QM\reports\work_items\5c1ca56d-5fdf-56c0-a74d-dc7547d71233\QM5_41405\20260911_084342\summary.json,793aa6111d4bb402aa2c7da6843afaa45e9323766ed7b6160a829e593efd69c4,209
WINSWEEP_QM5_41405_USDJPY_DWX_2019_2025:2019:c04,4,done,MEASURED,2019,97,-10845.149999999998,567.5199999999999,14778.12,-2838.200000000001,D:\QM\reports\work_items\79baf70b-ebe1-51c9-805d-a161e2e584a6\QM5_41405\20260911_084705\raw\run_01\report.htm,ce9c40f9dbe0b10034c373c3b0c6e075fe15069dcc1ae2f4ab995bfeb19a5e1b,-16520.95,-13683.35,-1.1179331335785607,D:\QM\reports\work_items\79baf70b-ebe1-51c9-805d-a161e2e584a6\QM5_41405\20260911_084705\summary.json,aa34a3216359d9b4152f471fc21c12d13431206b561911f6ed3b3c4bf9e44209,98
WINSWEEP_QM5_41405_USDJPY_DWX_2019_2025:2020:c04,4,done,MEASURED,2020,85,22995.009999999987,463.8700000000001,4876.15,-2319.74,D:\QM\reports\work_items\84704f19-78ed-52e6-adab-459feaa05551\QM5_41405\20260911_085002\raw\run_01\report.htm,1c59d11ef62e2baf106f2217a89de56d9cc8cea002376c21f9d409173880c528,18355.92,20675.27,3.7644289039508627,D:\QM\reports\work_items\84704f19-78ed-52e6-adab-459feaa05551\QM5_41405\20260911_085002\summary.json,900d6906bddbf5103a30ebd2d0433e27375d25f1e8b20f115929a727e8497c5d,85
WINSWEEP_QM5_41405_USDJPY_DWX_2019_2025:2021:c04,4,done,MEASURED,2021,79,20967.82,487.53000000000003,6827.21,-2438.1000000000017,D:\QM\reports\work_items\ffaf5212-6246-5049-b041-8aa6549cc0e2\QM5_41405\20260911_085324\raw\run_01\report.htm,b86bebf5a41f570b18e8cd8c8112aea889639802b6bbd0841bfbf866397ea336,16092.070000000002,18529.72,2.357049219227181,D:\QM\reports\work_items\ffaf5212-6246-5049-b041-8aa6549cc0e2\QM5_41405\20260911_085324\summary.json,678cdbc61946d210d72beea0819ee4e8bbbb1ffc3980c3bdb6af8a39dc6f431c,79
WINSWEEP_QM5_41405_USDJPY_DWX_2019_2025:2022:c04,4,done,MEASURED,2022,54,15627.900000000001,219.97,8564.59,-1100.1199999999994,D:\QM\reports\work_items\f05cdb35-a840-5cd0-8fbe-125677835715\QM5_41405\20260911_085630\raw\run_01\report.htm,faf0b73d6e26c04a6839e5dfda9f41c89c528ad18b70f641387d1bbb02ffda44,13427.93,14527.78,1.5678427105092012,D:\QM\reports\work_items\f05cdb35-a840-5cd0-8fbe-125677835715\QM5_41405\20260911_085630\summary.json,7ab81df9cf2f92d44678e57f97df18f74ad72b5a83dc7d9d314b072fedf8ba5d,54
WINSWEEP_QM5_41405_USDJPY_DWX_2019_2025:2023:c04,4,done,MEASURED,2023,83,12310.440000000006,367.0299999999999,9476.91,-1835.580000000001,D:\QM\reports\work_items\b8c4e491-794c-5500-b220-74e14bcfa1f6\QM5_41405\20260911_090000\raw\run_01\report.htm,549f7090882f1bb47b8b5d15f26ff0117caea5a191df04e38f78898445f14be4,8639.710000000001,10474.86,0.9116589690099411,D:\QM\reports\work_items\b8c4e491-794c-5500-b220-74e14bcfa1f6\QM5_41405\20260911_090000\summary.json,707a7b216116726c1bba9ea2d5b022c141919ee7b5e9f9dc40ad10ac1e95d627,83
WINSWEEP_QM5_41405_USDJPY_DWX_2019_2025:2024:c04,4,done,MEASURED,2024,60,-7740.630000000003,261.5799999999999,16499.17,-1308.2200000000012,D:\QM\reports\work_items\6dd4b0f7-d640-50c2-8272-bcd7aeb565c4\QM5_41405\20260911_090357\raw\run_01\report.htm,2b08b9b2a86c5d680256931ff032aa18d87615615c6c3ed1acfaebfe5e1c265a,-10356.75,-9048.85,-0.6277133940677017,D:\QM\reports\work_items\6dd4b0f7-d640-50c2-8272-bcd7aeb565c4\QM5_41405\20260911_090357\summary.json,2e1a5a61b7e6db6a5a9362fc9cd3df3b67fa2894306816e7914511e146ba3927,61
WINSWEEP_QM5_41405_USDJPY_DWX_2019_2025:2025:c04,4,done,MEASURED,2025,61,21779.450000000004,205.56999999999996,4373.67,-1028.1399999999996,D:\QM\reports\work_items\81bc61a6-469e-53b1-8bc8-5f3448cdd4f8\QM5_41405\20260911_090731\raw\run_01\report.htm,7c97dbe7d156124bc93b58f2dd37cca1fc7ddacbee4d22b53d713ee89ccf68b4,19723.460000000003,20751.31,4.509590344036016,D:\QM\reports\work_items\81bc61a6-469e-53b1-8bc8-5f3448cdd4f8\QM5_41405\20260911_090731\summary.json,67929dcb8d94fe1fc5f92dd47028a8d179b9b344130d3bc40b4bf1944726eb20,61
WINSWEEP_QM5_41405_USDJPY_DWX_2019_2025:2019:c05,5,done,MEASURED,2019,200,-10576.199999999999,943.23,16217.86,-4717.3399999999965,D:\QM\reports\work_items\270d2c69-6157-5272-ab77-9cb894f43b48\QM5_41405\20260911_091059\raw\run_01\report.htm,c86bf8bac40f48a163bf345d1d7ce375431bf3b094c2c88be87faddfda88b357,-20009.690000000002,-15293.54,-1.2338058165503958,D:\QM\reports\work_items\270d2c69-6157-5272-ab77-9cb894f43b48\QM5_41405\20260911_091059\summary.json,0fbd4fe775cab67c0f79762a2939ce51e2561e7b75d5c946c5f68f6ae39a2c7e,202
WINSWEEP_QM5_41405_USDJPY_DWX_2019_2025:2020:c05,5,done,MEASURED,2020,213,28088.870000000003,866.2900000000004,5593.52,-4332.539999999997,D:\QM\reports\work_items\cfd65dba-0252-53ca-a190-c9641124913d\QM5_41405\20260911_091358\raw\run_01\report.htm,6ee3c8b75021f81ebacaa6a00eafb6d6d37fa98ca5e6dc7c76e47973c78001ed,19424.879999999997,23756.33,3.4727470358557753,D:\QM\reports\work_items\cfd65dba-0252-53ca-a190-c9641124913d\QM5_41405\20260911_091358\summary.json,1cbd1aab63142c90aff2ed27ec103a8820797eb1b96f17683d4c5ecdf795772e,213
WINSWEEP_QM5_41405_USDJPY_DWX_2019_2025:2021:c05,5,done,MEASURED,2021,220,20201.620000000003,1085.880000000001,9963.82,-5430.5800000000045,D:\QM\reports\work_items\c0293a59-cf88-54d6-bd49-41cd087a9423\QM5_41405\20260911_091730\raw\run_01\report.htm,b172e8626b9aeeeb6a586dd186ad85ebb7926ff13291b75439a224273c654b22,9341.639999999996,14771.04,0.9375560778898049,D:\QM\reports\work_items\c0293a59-cf88-54d6-bd49-41cd087a9423\QM5_41405\20260911_091730\summary.json,b6fa050eb096bead04abe83d612d7bb2ed5cad08e1c6451bdc96535adf6443fd,221
WINSWEEP_QM5_41405_USDJPY_DWX_2019_2025:2022:c05,5,done,MEASURED,2022,210,34570.209999999985,546.9,10221.94,-2735.5200000000045,D:\QM\reports\work_items\ace6c6f5-04bf-5e27-8439-4bb74f9b1d6c\QM5_41405\20260911_092054\raw\run_01\report.htm,24a5a65b7c73a64072cdefe4438ca63617cb09b7c3c921352f54d398564d1b0e,29100.19,31834.69,2.8468363148286917,D:\QM\reports\work_items\ace6c6f5-04bf-5e27-8439-4bb74f9b1d6c\QM5_41405\20260911_092054\summary.json,67aa942f3e09440edd23a80760395938a346c00819707bc2e1d1c096700d6d1f,210
WINSWEEP_QM5_41405_USDJPY_DWX_2019_2025:2023:c05,5,done,MEASURED,2023,220,5019.690000000007,719.7600000000002,16954.67,-3600.0,D:\QM\reports\work_items\261b4b54-e7d6-5dce-ae77-e982f1a154e4\QM5_41405\20260911_092507\raw\run_01\report.htm,2a496d6aa23fffc3078b79790d0bca42f2a12570fb592a8094db3c700ece2c9f,-2179.110000000001,1419.69,-0.12852565104481545,D:\QM\reports\work_items\261b4b54-e7d6-5dce-ae77-e982f1a154e4\QM5_41405\20260911_092507\summary.json,49b94118e60b77db4737a202f479d36b9c0ae02f2c909d9563826f284faa53ff,221
WINSWEEP_QM5_41405_USDJPY_DWX_2019_2025:2024:c05,5,done,MEASURED,2024,212,-14883.869999999999,687.4699999999996,26542.08,-3438.4400000000005,D:\QM\reports\work_items\59970e59-df32-547b-8330-2d70dac49b21\QM5_41405\20260911_092930\raw\run_01\report.htm,90995057624a884255b29f02e5c25256d395251eb069a5a64dd5d8a858d35fbb,-21745.32,-18307.97,-0.8192771629050926,D:\QM\reports\work_items\59970e59-df32-547b-8330-2d70dac49b21\QM5_41405\20260911_092930\summary.json,e18528c671bc6cfc48fa1dcf7f1da60cff0f7f750923769c911e33049e911443,214
WINSWEEP_QM5_41405_USDJPY_DWX_2019_2025:2025:c05,5,done,MEASURED,2025,207,29128.45,523.1500000000001,7006.89,-2616.7400000000007,D:\QM\reports\work_items\47c72ca6-69c1-5bdd-8868-6fb966fe4163\QM5_41405\20260911_093337\raw\run_01\report.htm,e36f9e07b65c21b4ae82be18ea7e731b835f4cbd48dad3e625330b51c9ea121d,23895.96,26511.71,3.410351810860453,D:\QM\reports\work_items\47c72ca6-69c1-5bdd-8868-6fb966fe4163\QM5_41405\20260911_093337\summary.json,82c7914a32c96c1af14244764c0e9f878449768912cba3215a845fed5d181498,207
WINSWEEP_QM5_41405_USDJPY_DWX_2019_2025:2019:c06,6,done,MEASURED,2019,93,-9208.590000000002,488.2400000000001,13476.09,-2441.680000000001,D:\QM\reports\work_items\5bd48cda-3183-53de-97ce-33516f3cb55f\QM5_41405\20260911_093646\raw\run_01\report.htm,4ee9913683ecb0a88b16000b2d2c431583b0438017f2418cba39529c9d29f989,-14091.470000000001,-11650.27,-1.0456645807500544,D:\QM\reports\work_items\5bd48cda-3183-53de-97ce-33516f3cb55f\QM5_41405\20260911_093646\summary.json,6e5e91f8e11715cd7f4deddec611c5fb1e99917c7f92e5d37ac2c45485bdf17d,95
WINSWEEP_QM5_41405_USDJPY_DWX_2019_2025:2020:c06,6,done,MEASURED,2020,84,18216.77,409.8300000000001,5041.62,-2049.5800000000017,D:\QM\reports\work_items\8e851f78-41a7-5933-a4f3-5cbfd5323a49\QM5_41405\20260911_093939\raw\run_01\report.htm,86f17db5fe7dc40cb14eb7aeb79fb1a1a2bc0954112c4c9439ede024376fae6c,14118.04,16167.19,2.8002983168108666,D:\QM\reports\work_items\8e851f78-41a7-5933-a4f3-5cbfd5323a49\QM5_41405\20260911_093939\summary.json,a63a22c1c6b5d0d0d34105c2dc9cf9a9c9ab3fe89724d84ee8c02c907d85c9d4,84
WINSWEEP_QM5_41405_USDJPY_DWX_2019_2025:2021:c06,6,done,MEASURED,2021,78,17197.84,429.54999999999995,7163.99,-2148.1400000000017,D:\QM\reports\work_items\193d457b-3742-5d95-9578-126a754ba31e\QM5_41405\20260911_094231\raw\run_01\report.htm,de90b6dc63fed3c95e6290d9d45cf55b09f4d54b5290308e89082ea87d45ff7e,12901.95,15049.7,1.8009447249368022,D:\QM\reports\work_items\193d457b-3742-5d95-9578-126a754ba31e\QM5_41405\20260911_094231\summary.json,4d4f3293d48fb5b1c0663221d5a7ccd082c2dd28fe43145ae8f6942df8fc1a24,78
WINSWEEP_QM5_41405_USDJPY_DWX_2019_2025:2022:c06,6,done,MEASURED,2022,53,10980.269999999995,202.22,8902.33,-1011.3999999999997,D:\QM\reports\work_items\f7c5ceeb-0520-5679-ba7f-bace0431d2c0\QM5_41405\20260911_094514\raw\run_01\report.htm,f0d7402b33b6052955f91268734b31afb143db1e42e2fc15ea1e032e02670991,8957.77,9968.87,1.006227583115881,D:\QM\reports\work_items\f7c5ceeb-0520-5679-ba7f-bace0431d2c0\QM5_41405\20260911_094514\summary.json,2b0d6c896a26a351122c4ecc99f38d9b09b4c17e9064728e2dad003896d92b4e,53
WINSWEEP_QM5_41405_USDJPY_DWX_2019_2025:2023:c06,6,done,MEASURED,2023,85,10641.830000000002,353.11,10099.22,-1766.0200000000007,D:\QM\reports\work_items\fc7e2202-3912-5274-bbb2-3890b45ff2b4\QM5_41405\20260911_094922\raw\run_01\report.htm,2eabc95a2229f76745058b36c57797893ebd9da830d4f60f21045b1f9bc85973,7110.259999999999,8875.81,0.7040405100591927,D:\QM\reports\work_items\fc7e2202-3912-5274-bbb2-3890b45ff2b4\QM5_41405\20260911_094922\summary.json,8ec5d4fdba7b1dc7b87a3da5060e03c4cc2f91995224c83b0386788b83d870df,85
WINSWEEP_QM5_41405_USDJPY_DWX_2019_2025:2024:c06,6,done,MEASURED,2024,60,6131.470000000003,248.53000000000006,10069.59,-1242.9400000000005,D:\QM\reports\work_items\2447a40b-3c1e-5568-8fff-0658829adcba\QM5_41405\20260911_095234\raw\run_01\report.htm,025c73ac0f33361cb422bd3c3ffa48204766c678e5b1d4ed09cd6f04df48c9c2,3645.879999999999,4888.53,0.36206836623934036,D:\QM\reports\work_items\2447a40b-3c1e-5568-8fff-0658829adcba\QM5_41405\20260911_095234\summary.json,6982ac51ccf5d98d041044929a0abacfcd76fda4c3a205dd8070df6daf8a17dc,61
WINSWEEP_QM5_41405_USDJPY_DWX_2019_2025:2025:c06,6,done,MEASURED,2025,62,20151.360000000004,198.2199999999999,4398.49,-991.3599999999997,D:\QM\reports\work_items\f2c9fabf-24e1-5626-a84d-8e5ac0acbc1f\QM5_41405\20260911_095531\raw\run_01\report.htm,7b24dd5544c53f3298e52fbf9fb123077780778b5ce1e79a753e78f7d7bf9fad,18168.9,19160.0,4.130713040156963,D:\QM\reports\work_items\f2c9fabf-24e1-5626-a84d-8e5ac0acbc1f\QM5_41405\20260911_095531\summary.json,7edfbd755c62b23a2fff30a1637190722a40b0e5b9c030275b2d330d1444e675,62
WINSWEEP_QM5_41405_USDJPY_DWX_2019_2025:2019:c07,7,done,MEASURED,2019,195,-12663.160000000003,832.9699999999998,18482.05,-4165.920000000004,D:\QM\reports\work_items\caed17a6-0458-5e45-9106-d92b55f363cd\QM5_41405\20260911_095815\raw\run_01\report.htm,0b9ec23373998c4d8262a4da04ce66aef2640207e4a3b46b7a729167320c2052,-20993.93,-16829.08,-1.1359091659204472,D:\QM\reports\work_items\caed17a6-0458-5e45-9106-d92b55f363cd\QM5_41405\20260911_095815\summary.json,eefe750a1436fbc842a55b55019299d61f31e5a03c42d47e55d7aba678094a14,198
WINSWEEP_QM5_41405_USDJPY_DWX_2019_2025:2020:c07,7,done,MEASURED,2020,208,22857.089999999986,774.8900000000001,7054.03,-3875.520000000004,D:\QM\reports\work_items\82816073-796a-5886-b198-e8d4de29c978\QM5_41405\20260911_100144\raw\run_01\report.htm,c8d66eb6a52a2edf438b87b7d587fb4cb4b5a740e867eb332979123de5997fdc,15107.119999999999,18981.57,2.1416296783540756,D:\QM\reports\work_items\82816073-796a-5886-b198-e8d4de29c978\QM5_41405\20260911_100144\summary.json,3379b82f594e5a900102ded3223ec19a20cfff317df8ccedbe9bb9fc52d408d8,208
WINSWEEP_QM5_41405_USDJPY_DWX_2019_2025:2021:c07,7,done,MEASURED,2021,218,14517.26999999999,980.6100000000005,13520.91,-4904.079999999996,D:\QM\reports\work_items\fe0e0374-1fa4-597a-9550-0efd9619b4a5\QM5_41405\20260911_100506\raw\run_01\report.htm,e5ffa3045d14f4e1959b8b1beb945c92e864ffdd72a9278fec645fc93beef94b,4710.1399999999985,9613.19,0.3483596888079278,D:\QM\reports\work_items\fe0e0374-1fa4-597a-9550-0efd9619b4a5\QM5_41405\20260911_100506\summary.json,82a3a228c440dc4e528ccdb01d9799ab2e819eb635f8f016e3decf0e00cf75c9,219
WINSWEEP_QM5_41405_USDJPY_DWX_2019_2025:2022:c07,7,done,MEASURED,2022,205,28971.04000000002,509.6500000000001,10868.19,-2549.3000000000034,D:\QM\reports\work_items\051ed9a4-93d1-517c-92bd-7ce88711bd53\QM5_41405\20260911_100811\raw\run_01\report.htm,9caa367a1a9c536c196f100c791b78240cf5f9e822df592d63863a83822d760a,23873.49,26421.74,2.196638998766124,D:\QM\reports\work_items\051ed9a4-93d1-517c-92bd-7ce88711bd53\QM5_41405\20260911_100811\summary.json,f774dc02221eb6e9fd3e036644e7f4ed4a60140a1b8e1172e21da304a8a62b6f,205
WINSWEEP_QM5_41405_USDJPY_DWX_2019_2025:2023:c07,7,done,MEASURED,2023,223,3789.3599999999947,698.3700000000003,20004.12,-3493.060000000005,D:\QM\reports\work_items\d17e11e6-0868-54dd-acd3-70d2ee149f66\QM5_41405\20260911_101241\raw\run_01\report.htm,e1b54e3845208c51de7caac308f85b5af7c9bbd1946d1671a2ef046eff75ea88,-3195.5500000000015,296.3,-0.15974459261392163,D:\QM\reports\work_items\d17e11e6-0868-54dd-acd3-70d2ee149f66\QM5_41405\20260911_101241\summary.json,b02b4bb1a242f42d5a36049be807c8b4f6ebfd39b5c84981255f8fc3d0cd0f90,224
WINSWEEP_QM5_41405_USDJPY_DWX_2019_2025:2024:c07,7,done,MEASURED,2024,211,-1314.8999999999967,648.5200000000004,16852.08,-3243.620000000006,D:\QM\reports\work_items\9fb2a7ef-a5e4-5fba-b55a-ca094748ddbe\QM5_41405\20260911_101605\raw\run_01\report.htm,11ec2fdc3ec2b341ce311b0b40175b2bb196c6037286a2f81a8c360b86398a61,-7787.320000000002,-4544.72,-0.46209844719464904,D:\QM\reports\work_items\9fb2a7ef-a5e4-5fba-b55a-ca094748ddbe\QM5_41405\20260911_101605\summary.json,c015112d95f218cd52e2e2452999513abf2e5a4f8ea42bde260c2403e8d1fc8b,213
WINSWEEP_QM5_41405_USDJPY_DWX_2019_2025:2025:c07,7,done,MEASURED,2025,209,27480.96000000002,507.6700000000002,7603.94,-2539.380000000001,D:\QM\reports\work_items\3bf79dd5-0aa9-5d5c-8cd8-3ffa4902bb07\QM5_41405\20260911_101950\raw\run_01\report.htm,cb20e4f8efd2debabcb23fd075f909c0bcad731d5ff15a700a73bbc366b961fc,22403.23,24941.58,2.9462660147239457,D:\QM\reports\work_items\3bf79dd5-0aa9-5d5c-8cd8-3ffa4902bb07\QM5_41405\20260911_101950\summary.json,87ab11a371296a9e53d8b05c3b030fcf528725903780d312813416993596344a,209
WINSWEEP_QM5_41405_USDJPY_DWX_2019_2025:2019:c08,8,done,MEASURED,2019,97,-10845.149999999998,567.5199999999999,14778.12,-2838.200000000001,D:\QM\reports\work_items\dc8dedac-4974-5f60-af32-2dd057c9d634\QM5_41405\20260911_102310\raw\run_01\report.htm,6060a08932661e0409689bae5a8acf0cec0177dca50e7e09c5bad26f249c56bf,-16520.95,-13683.35,-1.1179331335785607,D:\QM\reports\work_items\dc8dedac-4974-5f60-af32-2dd057c9d634\QM5_41405\20260911_102310\summary.json,c83eb0cd7e56b0d27d451ca6dd81d0e61f74c79d838967496198d65e836db14e,98
WINSWEEP_QM5_41405_USDJPY_DWX_2019_2025:2020:c08,8,done,MEASURED,2020,86,23506.449999999986,468.5700000000001,4876.15,-2343.2399999999993,D:\QM\reports\work_items\2c6d894b-ca86-5d80-9366-1869ce7df2e1\QM5_41405\20260911_102605\raw\run_01\report.htm,ba75f75f8e94a7f90825c20dc42f2b47b445b9cdd3e1bc09ccd6a5697c866e19,18820.36,21163.21,3.859676178952658,D:\QM\reports\work_items\2c6d894b-ca86-5d80-9366-1869ce7df2e1\QM5_41405\20260911_102605\summary.json,3a302e7e2e18b11ac95d5e5d5e457e006b8daae96d096803c1bdc20e19b16455,86
WINSWEEP_QM5_41405_USDJPY_DWX_2019_2025:2021:c08,8,done,MEASURED,2021,79,20967.82,487.53000000000003,6827.21,-2438.1000000000017,D:\QM\reports\work_items\62a5e7b5-ca77-52c5-b6a6-7e44afb7948d\QM5_41405\20260911_102928\raw\run_01\report.htm,ea7cdacb8f82e92d95365ffb8ef578666b4e7f326101f46c5c5c14a5d80baac0,16092.070000000002,18529.72,2.357049219227181,D:\QM\reports\work_items\62a5e7b5-ca77-52c5-b6a6-7e44afb7948d\QM5_41405\20260911_102928\summary.json,c01cdd44c84843703a0afd8ab16dcba47c7bf736b8936e2111c53374e3629a72,79
WINSWEEP_QM5_41405_USDJPY_DWX_2019_2025:2022:c08,8,done,MEASURED,2022,54,15627.900000000001,219.97,8564.59,-1100.1199999999994,D:\QM\reports\work_items\fab24721-b06d-52c7-920b-71bef83fd9fa\QM5_41405\20260911_103254\raw\run_01\report.htm,c490c561fc9509ef5329ea81bda320bbb0f28e2ccaf49b81ed459b9720b63d06,13427.93,14527.78,1.5678427105092012,D:\QM\reports\work_items\fab24721-b06d-52c7-920b-71bef83fd9fa\QM5_41405\20260911_103254\summary.json,eba227fcf6be7252bfbcb0e6977c6c5af70548de1acbb23f83f245c0dfc26a39,54
WINSWEEP_QM5_41405_USDJPY_DWX_2019_2025:2023:c08,8,done,MEASURED,2023,85,13475.520000000004,379.16999999999996,8326.27,-1896.280000000001,D:\QM\reports\work_items\66fa43c0-05be-537a-9e85-0aba56589d99\QM5_41405\20260911_103627\raw\run_01\report.htm,d87a01d53382e827b43dee7d397e658940175f34fb07be6cceb8da7e6f20e428,9683.39,11579.24,1.1629925524874882,D:\QM\reports\work_items\66fa43c0-05be-537a-9e85-0aba56589d99\QM5_41405\20260911_103627\summary.json,07b496589d70521f7e8bf83410bef2fae7d92c3fa7da3364dc9f73152a044c62,85
WINSWEEP_QM5_41405_USDJPY_DWX_2019_2025:2024:c08,8,done,MEASURED,2024,61,-931.5400000000017,272.25999999999993,10191.57,-1361.620000000001,D:\QM\reports\work_items\13b2bfa6-4093-5177-81e6-3abbb9b0c126\QM5_41405\20260911_104014\raw\run_01\report.htm,d92a8f057942bd98f8985aad5fddc23b9ff23eca86ceb6e9aa50489233c117e2,-3654.4599999999996,-2293.16,-0.3585767452904704,D:\QM\reports\work_items\13b2bfa6-4093-5177-81e6-3abbb9b0c126\QM5_41405\20260911_104014\summary.json,08516cb611a1ac635a52d33c2519a5e560a7d50c42caecccb60846fb350a31ab,62
WINSWEEP_QM5_41405_USDJPY_DWX_2019_2025:2025:c08,8,done,MEASURED,2025,62,20779.790000000008,208.11999999999995,5022.59,-1040.8999999999996,D:\QM\reports\work_items\05bb1f76-f080-5e35-ac0f-d7e87a71b491\QM5_41405\20260911_104300\raw\run_01\report.htm,98cce119973c16546c4a22d985f44bb6e917fb3632a4ca410bac6f0a69ac1a49,18698.29,19738.89,3.722838216935884,D:\QM\reports\work_items\05bb1f76-f080-5e35-ac0f-d7e87a71b491\QM5_41405\20260911_104300\summary.json,e0be57ffc012d969df01dd35c2b5cc3169021042655d4346454a044461d85556,62
WINSWEEP_QM5_41405_USDJPY_DWX_2019_2025:2019:c09,9,done,MEASURED,2019,200,-10576.199999999999,943.23,16217.86,-4717.3399999999965,D:\QM\reports\work_items\0e3fc1ed-fbb1-53b9-a5ce-8ac421a2e09d\QM5_41405\20260911_104628\raw\run_01\report.htm,25d09643d3870a272fd37fbe5cc55e7a29c5d0f9cfb205dcde6e9acf1ffcff39,-20009.690000000002,-15293.54,-1.2338058165503958,D:\QM\reports\work_items\0e3fc1ed-fbb1-53b9-a5ce-8ac421a2e09d\QM5_41405\20260911_104628\summary.json,a0d7635ab928ecd3c308d8ccd0df9df0b69ff6d2b291e900daafbaa20868ed6d,202
WINSWEEP_QM5_41405_USDJPY_DWX_2019_2025:2020:c09,9,done,MEASURED,2020,214,28600.31,870.9900000000005,5587.48,-4356.039999999997,D:\QM\reports\work_items\7fd2c52e-aca2-5ba2-a64e-a45f89f0270f\QM5_41405\20260911_104942\raw\run_01\report.htm,70a9c0bb23cf8db4f70795ed693e5d06daf5e22cbb634972a67fb6a0cdfb1284,19889.32,24244.27,3.559622584778827,D:\QM\reports\work_items\7fd2c52e-aca2-5ba2-a64e-a45f89f0270f\QM5_41405\20260911_104942\summary.json,5f9ba433a656e852b1f98afc72b2d181da92d3cab9fa588ddd7a8696dc4fca18,214
WINSWEEP_QM5_41405_USDJPY_DWX_2019_2025:2021:c09,9,done,MEASURED,2021,222,19857.499999999996,1094.190000000001,9963.82,-5472.140000000005,D:\QM\reports\work_items\907fc753-7036-53c4-9956-bcb64fd74f9b\QM5_41405\20260911_105333\raw\run_01\report.htm,d3de42ebaeb76e29d185f23558207357f0da96751f8415c190242c7f31da2073,8914.409999999996,14385.36,0.8946779448043016,D:\QM\reports\work_items\907fc753-7036-53c4-9956-bcb64fd74f9b\QM5_41405\20260911_105333\summary.json,fb17a5adafbfdd82dce815b4e57ebbc9015c900557e537df2eb7a8d80156eae3,223
WINSWEEP_QM5_41405_USDJPY_DWX_2019_2025:2022:c09,9,done,MEASURED,2022,212,33611.529999999984,552.5300000000001,11208.78,-2763.680000000005,D:\QM\reports\work_items\ca2ac9ff-fd4f-55fe-987d-585ca1255186\QM5_41405\20260911_105643\raw\run_01\report.htm,821564ebac3992976dac7422d0d8820381d81f72bf3c0c695c6cb6c0c82f1f13,28085.199999999997,30847.85,2.5056428977997602,D:\QM\reports\work_items\ca2ac9ff-fd4f-55fe-987d-585ca1255186\QM5_41405\20260911_105643\summary.json,04e0fd6e5533c7c35ff896e93077a2cf052bf2d9e8b8dc946e7503df06e6b71f,212
WINSWEEP_QM5_41405_USDJPY_DWX_2019_2025:2023:c09,9,done,MEASURED,2023,224,6330.280000000001,741.8600000000002,15804.03,-3710.5200000000004,D:\QM\reports\work_items\8ebe5f4c-b3d9-5bba-b13e-b097c222bd42\QM5_41405\20260911_110041\raw\run_01\report.htm,7ccd2ff6ab4a491ff7aa0507ecd11fda587f0542accb39c269cacc0c3ccf5c5d,-1089.5400000000009,2619.76,-0.06894064362064618,D:\QM\reports\work_items\8ebe5f4c-b3d9-5bba-b13e-b097c222bd42\QM5_41405\20260911_110041\summary.json,6c5b17c6e2a490235024f6dbab5b356ac060435ad7e1b84da45b7dbbb9c5c017,225
WINSWEEP_QM5_41405_USDJPY_DWX_2019_2025:2024:c09,9,done,MEASURED,2024,214,-7891.490000000001,699.9899999999998,19612.3,-3501.0400000000004,D:\QM\reports\work_items\507bd215-e963-5993-94e2-becf31b2da9e\QM5_41405\20260911_110400\raw\run_01\report.htm,97c1178d8919d02c031764c8898bd37d0fa5502325fe2b3bd1666c60b69e2efc,-14878.14,-11378.19,-0.7586127073316236,D:\QM\reports\work_items\507bd215-e963-5993-94e2-becf31b2da9e\QM5_41405\20260911_110400\summary.json,3a791ca93c27cea9388f47026a7d2bc6c6297a8ab984a01a113f4cbacef61c48,216
WINSWEEP_QM5_41405_USDJPY_DWX_2019_2025:2025:c09,9,done,MEASURED,2025,209,28141.460000000003,527.82,7006.89,-2640.100000000001,D:\QM\reports\work_items\e830d813-3e52-5655-a788-fd530cc2325f\QM5_41405\20260911_110641\raw\run_01\report.htm,fb19ceb7e4f9e4f6e09cb744c9059ab37f1916449d64d25611b61555301dc083,22862.260000000002,25501.36,3.2628255902404635,D:\QM\reports\work_items\e830d813-3e52-5655-a788-fd530cc2325f\QM5_41405\20260911_110641\summary.json,b92684c70b81c1e7e58c551afc61ef513996b264e22b0c83d9ff02357733b43f,209
WINSWEEP_QM5_41405_USDJPY_DWX_2019_2025:2019:c10,10,done,MEASURED,2019,93,-9208.590000000002,488.2400000000001,13476.09,-2441.680000000001,D:\QM\reports\work_items\a8cef8f6-1fc9-5897-832a-5c0abd0bce65\QM5_41405\20260911_111024\raw\run_01\report.htm,225c289e75de3e3266733e6797ba7813a058a6a8dae1080bf8f4260c91121474,-14091.470000000001,-11650.27,-1.0456645807500544,D:\QM\reports\work_items\a8cef8f6-1fc9-5897-832a-5c0abd0bce65\QM5_41405\20260911_111024\summary.json,37d8957d3a9d22a3875f50d3bd2887bcdd41d614b230fad42d2808168c379438,95
WINSWEEP_QM5_41405_USDJPY_DWX_2019_2025:2020:c10,10,done,MEASURED,2020,84,18216.77,409.8300000000001,5041.62,-2049.5800000000017,D:\QM\reports\work_items\5d137768-7708-5172-bab3-5ddc99511584\QM5_41405\20260911_111332\raw\run_01\report.htm,6b34fd5b155e7988c406d9232d4135e5f39f291056d54953479bbc40739463e4,14118.04,16167.19,2.8002983168108666,D:\QM\reports\work_items\5d137768-7708-5172-bab3-5ddc99511584\QM5_41405\20260911_111332\summary.json,3338e3b08645aca53b93d8e3d00f8930c38b2ee73993daba6213d477b9e07cf2,84
WINSWEEP_QM5_41405_USDJPY_DWX_2019_2025:2021:c10,10,done,MEASURED,2021,78,17197.84,429.54999999999995,7163.99,-2148.1400000000017,D:\QM\reports\work_items\b52053d5-6494-5dd4-b783-399e4678d3ec\QM5_41405\20260911_111726\raw\run_01\report.htm,4bf2c4ce3006267811614bc7cb820a130700bad07bad451795ff895ba4def8d4,12901.95,15049.7,1.8009447249368022,D:\QM\reports\work_items\b52053d5-6494-5dd4-b783-399e4678d3ec\QM5_41405\20260911_111726\summary.json,5b5c11f1fd093114dad3f3f9dc4ff22006931b3f549286d7a82f6fdd652e5aa6,78
WINSWEEP_QM5_41405_USDJPY_DWX_2019_2025:2022:c10,10,done,MEASURED,2022,53,10980.269999999995,202.22,8902.33,-1011.3999999999997,D:\QM\reports\work_items\c91d22b9-42a6-5dab-b1b0-17ea75a70327\QM5_41405\20260911_112214\raw\run_01\report.htm,c51febc46ced96871e10bee21b84cd201e86086ef491dcc00c1b7e7136df2b54,8957.77,9968.87,1.006227583115881,D:\QM\reports\work_items\c91d22b9-42a6-5dab-b1b0-17ea75a70327\QM5_41405\20260911_112214\summary.json,2ac4cf477d7c0442c3fc921b9f187e7ce1bf363bff91e0d4f0d0f999a3d050a6,53
WINSWEEP_QM5_41405_USDJPY_DWX_2019_2025:2023:c10,10,done,MEASURED,2023,85,10641.830000000002,353.11,10099.22,-1766.0200000000007,D:\QM\reports\work_items\9598935f-41f5-5c2e-8f53-3e2ecf26c6de\QM5_41405\20260911_112615\raw\run_01\report.htm,44094ae8938dbabb2869c9c6683772aae0a7d09164b4446ac1de9a7e475683d5,7110.259999999999,8875.81,0.7040405100591927,D:\QM\reports\work_items\9598935f-41f5-5c2e-8f53-3e2ecf26c6de\QM5_41405\20260911_112615\summary.json,bc0ef603870dd467795a15f04d01897fcdc898b2474c222bc5839bf38a024c57,85
WINSWEEP_QM5_41405_USDJPY_DWX_2019_2025:2024:c10,10,done,MEASURED,2024,60,6131.470000000003,248.53000000000006,10069.59,-1242.9400000000005,D:\QM\reports\work_items\00b94459-bc08-5819-9aaa-5d001bbd3363\QM5_41405\20260911_113009\raw\run_01\report.htm,304dd30b054a1cd11539fd5ff6013a4c1bc47bdb462f57f2df4a2602e8e0943e,3645.879999999999,4888.53,0.36206836623934036,D:\QM\reports\work_items\00b94459-bc08-5819-9aaa-5d001bbd3363\QM5_41405\20260911_113009\summary.json,1311f62c21337c60871ca60c5fb9953836e8231f50766d8995aaa03f61dbbc10,61
WINSWEEP_QM5_41405_USDJPY_DWX_2019_2025:2025:c10,10,done,MEASURED,2025,62,20151.360000000004,198.2199999999999,4398.49,-991.3599999999997,D:\QM\reports\work_items\bf6f023c-42ca-5ebd-b34f-aff1d37f940d\QM5_41405\20260911_113349\raw\run_01\report.htm,9d6148f3ff503193f932e632543b3e1c46d96fc6e233761d2f5effde3199346d,18168.9,19160.0,4.130713040156963,D:\QM\reports\work_items\bf6f023c-42ca-5ebd-b34f-aff1d37f940d\QM5_41405\20260911_113349\summary.json,dfb1325e55a133abceea0eec7f8719aad5e72d57c2065252fae3fb4604d9c552,62
WINSWEEP_QM5_41405_USDJPY_DWX_2019_2025:2019:c11,11,done,MEASURED,2019,195,-12663.160000000003,832.9699999999998,18482.05,-4165.920000000004,D:\QM\reports\work_items\fb82e1bc-d379-5bf9-a7e3-c6f56a2676f9\QM5_41405\20260911_113708\raw\run_01\report.htm,2a2740f775b51be0a464d3234e772c0bdf8de68cdd3f8510006410c83750b457,-20993.93,-16829.08,-1.1359091659204472,D:\QM\reports\work_items\fb82e1bc-d379-5bf9-a7e3-c6f56a2676f9\QM5_41405\20260911_113708\summary.json,20dad40b2c640f6d5efa6fabb3e10bd975859c5bd27cbac21bba47fd3e9bbf27,198
WINSWEEP_QM5_41405_USDJPY_DWX_2019_2025:2020:c11,11,done,MEASURED,2020,208,22857.089999999986,774.8900000000001,7054.03,-3875.520000000004,D:\QM\reports\work_items\90640a9a-899d-5faf-a75a-36d14a8e15fa\QM5_41405\20260911_114045\raw\run_01\report.htm,767d92d02352b6d53f393d4985d81995accf66527bcbdd1e668693d5ee68921f,15107.119999999999,18981.57,2.1416296783540756,D:\QM\reports\work_items\90640a9a-899d-5faf-a75a-36d14a8e15fa\QM5_41405\20260911_114045\summary.json,9126c299384e9861413a7a1e45fadd0988b2c4780efa0a3aa3d551fc2d14b6e4,208
WINSWEEP_QM5_41405_USDJPY_DWX_2019_2025:2021:c11,11,done,MEASURED,2021,218,14517.26999999999,980.6100000000005,13520.91,-4904.079999999996,D:\QM\reports\work_items\7aa8df81-3f76-52de-ae6c-1a481198daad\QM5_41405\20260911_114328\raw\run_01\report.htm,7260079912bef701ae3e81d076623ec7badc938872bfb27fa3b533f6d9c9a62f,4710.1399999999985,9613.19,0.3483596888079278,D:\QM\reports\work_items\7aa8df81-3f76-52de-ae6c-1a481198daad\QM5_41405\20260911_114328\summary.json,9a0ce656bc7f7041ed54d0ac8a6234fb12a12eb4856469076b2d04aad8df07a5,219
WINSWEEP_QM5_41405_USDJPY_DWX_2019_2025:2022:c11,11,done,MEASURED,2022,205,28971.04000000002,509.6500000000001,10868.19,-2549.3000000000034,D:\QM\reports\work_items\db969be3-705c-5c44-a3fb-321bed45d3ed\QM5_41405\20260911_114727\raw\run_01\report.htm,91d39f6f4b0da637cf745d10c53f8095992aec935511e7dabdd33b327e9f319f,23873.49,26421.74,2.196638998766124,D:\QM\reports\work_items\db969be3-705c-5c44-a3fb-321bed45d3ed\QM5_41405\20260911_114727\summary.json,9a2bd199db270af9fb579c59731659518c434494aff47118d5c0740e8d53ffc8,205
WINSWEEP_QM5_41405_USDJPY_DWX_2019_2025:2023:c11,11,done,MEASURED,2023,223,3789.3599999999947,698.3700000000003,20004.12,-3493.060000000005,D:\QM\reports\work_items\96c078a4-0acf-5a32-9e47-18c3c68dc896\QM5_41405\20260911_115124\raw\run_01\report.htm,eb2b45261e2ae4b22142b8afbcd599e1169fccd8a2a7609f1bdcbb2fa49d0ccb,-3195.5500000000015,296.3,-0.15974459261392163,D:\QM\reports\work_items\96c078a4-0acf-5a32-9e47-18c3c68dc896\QM5_41405\20260911_115124\summary.json,58fb11882feaf8abd9ccde89d3d615604247f20c3a531c2706bf9042193b4d15,224
WINSWEEP_QM5_41405_USDJPY_DWX_2019_2025:2024:c11,11,done,MEASURED,2024,211,-1314.8999999999967,648.5200000000004,16852.08,-3243.620000000006,D:\QM\reports\work_items\24ee238c-55ff-5caf-8326-5c4d6b66a3a7\QM5_41405\20260911_115444\raw\run_01\report.htm,c0bfa6b6c3591b283016a29217ed2db9897a9d1553429621674860309df42952,-7787.320000000002,-4544.72,-0.46209844719464904,D:\QM\reports\work_items\24ee238c-55ff-5caf-8326-5c4d6b66a3a7\QM5_41405\20260911_115444\summary.json,e14fb05362d2d57e85d12d95052fb3109ecd18a238a908a7928785eedb3bca8a,213
WINSWEEP_QM5_41405_USDJPY_DWX_2019_2025:2025:c11,11,done,MEASURED,2025,209,27480.96000000002,507.6700000000002,7603.94,-2539.380000000001,D:\QM\reports\work_items\8540af9a-dc21-57c1-8c9c-4e43d90c9c83\QM5_41405\20260911_115747\raw\run_01\report.htm,06ed4f88cf57a0044f15ea2ee0191244038ee4a937efa0af84f0e86ec0d54e9e,22403.23,24941.58,2.9462660147239457,D:\QM\reports\work_items\8540af9a-dc21-57c1-8c9c-4e43d90c9c83\QM5_41405\20260911_115747\summary.json,dca75a00380fc836e749aaead5e326b5cccd435b0844320287d283ac678d0ae0,209
WINSWEEP_QM5_41405_USDJPY_DWX_2019_2025:2019:c12,12,done,MEASURED,2019,97,-10845.149999999998,567.5199999999999,14778.12,-2838.200000000001,D:\QM\reports\work_items\6ff7cd48-5a95-5ce9-8027-799cce41d4f4\QM5_41405\20260911_120127\raw\run_01\report.htm,f9a412c1246923bb365c16be79bbfce092aacd602d4905581783bdee9f93b023,-16520.95,-13683.35,-1.1179331335785607,D:\QM\reports\work_items\6ff7cd48-5a95-5ce9-8027-799cce41d4f4\QM5_41405\20260911_120127\summary.json,377c69ab8e01ca7d0c11788bc6cce521feb2cb0cbebd50e0a8d2980a4ee343e7,98
WINSWEEP_QM5_41405_USDJPY_DWX_2019_2025:2020:c12,12,done,MEASURED,2020,85,22995.009999999987,463.8700000000001,4876.15,-2319.74,D:\QM\reports\work_items\9f72cf2e-6b3f-50c0-9657-04142105e483\QM5_41405\20260911_120427\raw\run_01\report.htm,0a4d30b37de6aa294fe758bccb14f8c3df1b25051a474ea2f57778fc032ca486,18355.92,20675.27,3.7644289039508627,D:\QM\reports\work_items\9f72cf2e-6b3f-50c0-9657-04142105e483\QM5_41405\20260911_120427\summary.json,005c2e5ee8a16d70ff2b02af831f2573270779cb10ede1e42bb1ebbf3313a78f,85
WINSWEEP_QM5_41405_USDJPY_DWX_2019_2025:2021:c12,12,done,MEASURED,2021,79,20967.82,487.53000000000003,6827.21,-2438.1000000000017,D:\QM\reports\work_items\4d9bf3fa-9071-5530-8d49-602096e31d60\QM5_41405\20260911_120741\raw\run_01\report.htm,095cdb3c45c715586de58a3696cd5e67e277730871acc9638462066dd04f60c7,16092.070000000002,18529.72,2.357049219227181,D:\QM\reports\work_items\4d9bf3fa-9071-5530-8d49-602096e31d60\QM5_41405\20260911_120741\summary.json,407168c98d4b3b8f285cf632175c3f4211f33c6d1df22605e6d75cc9daf547b5,79
WINSWEEP_QM5_41405_USDJPY_DWX_2019_2025:2022:c12,12,done,MEASURED,2022,54,15627.900000000001,219.97,8564.59,-1100.1199999999994,D:\QM\reports\work_items\1c2e2612-bf46-5420-873e-79bba722b3ae\QM5_41405\20260911_121047\raw\run_01\report.htm,0e98bb7d985a3e8a5735455cd1746a194c44ca6a629f19673a32bd289bc102c4,13427.93,14527.78,1.5678427105092012,D:\QM\reports\work_items\1c2e2612-bf46-5420-873e-79bba722b3ae\QM5_41405\20260911_121047\summary.json,0abccc932b80a77cbd805b5929301f9b0e336145f4a180e3284c65161d6950db,54
WINSWEEP_QM5_41405_USDJPY_DWX_2019_2025:2023:c12,12,done,MEASURED,2023,83,12310.440000000006,367.0299999999999,9476.91,-1835.580000000001,D:\QM\reports\work_items\fe0d513f-8cd7-5a13-8540-14ca89da2199\QM5_41405\20260911_121450\raw\run_01\report.htm,c9569b6615b00a972ce10fc1cd0c1474f74d4078cdf578903365ae4d3e7ecf57,8639.710000000001,10474.86,0.9116589690099411,D:\QM\reports\work_items\fe0d513f-8cd7-5a13-8540-14ca89da2199\QM5_41405\20260911_121450\summary.json,14c33e9fdc454c489c2cd7e51cedf1593844a75e630245e432d3b1b724a7f9ca,83
WINSWEEP_QM5_41405_USDJPY_DWX_2019_2025:2024:c12,12,done,MEASURED,2024,60,-7740.630000000003,261.5799999999999,16499.17,-1308.2200000000012,D:\QM\reports\work_items\9d620642-b62d-5bde-b3d9-5ff40745fa6f\QM5_41405\20260911_121819\raw\run_01\report.htm,4c60e9c2efef63c8f87106b5e5a52ac7c0ec40f45b0a839a5d3ffdb4af74546a,-10356.75,-9048.85,-0.6277133940677017,D:\QM\reports\work_items\9d620642-b62d-5bde-b3d9-5ff40745fa6f\QM5_41405\20260911_121819\summary.json,e0cd8ace83fcbe2409bda5201bf52c24b381d959119dca22e9ea1f6048e034cb,61
WINSWEEP_QM5_41405_USDJPY_DWX_2019_2025:2025:c12,12,done,MEASURED,2025,62,20777.600000000006,208.13999999999996,5024.88,-1040.9999999999998,D:\QM\reports\work_items\62f5e0a1-9c2b-5202-a79b-9fd6d4143f5e\QM5_41405\20260911_122130\raw\run_01\report.htm,799424ddcc23ee5cafddd62f7f7c34ecffd2880ad52d9f343eb21003d08a2ddc,18695.899999999998,19736.6,3.720665966152425,D:\QM\reports\work_items\62f5e0a1-9c2b-5202-a79b-9fd6d4143f5e\QM5_41405\20260911_122130\summary.json,cf9b174d428fbc1383a1e097aba9e5299018124445747f7040b45d1af110d5c3,62
WINSWEEP_QM5_41405_USDJPY_DWX_2019_2025:2019:c13,13,done,MEASURED,2019,200,-10576.199999999999,943.23,16217.86,-4717.3399999999965,D:\QM\reports\work_items\e4d34c2b-b13e-502d-9843-51d1e9d3f3cf\QM5_41405\20260911_122444\raw\run_01\report.htm,670542c4293ffa58e9c7c3a53b22be6f9649dd5d2a01e651b181b2cd073f8968,-20009.690000000002,-15293.54,-1.2338058165503958,D:\QM\reports\work_items\e4d34c2b-b13e-502d-9843-51d1e9d3f3cf\QM5_41405\20260911_122444\summary.json,127e48f76429c39d3ca1ef77a101fa72acdae01e14c1b118b9d345ed5c152076,202
WINSWEEP_QM5_41405_USDJPY_DWX_2019_2025:2020:c13,13,done,MEASURED,2020,213,28088.870000000003,866.2900000000004,5593.52,-4332.539999999997,D:\QM\reports\work_items\444237c5-836f-5861-9821-93c5d3a7d11c\QM5_41405\20260911_122755\raw\run_01\report.htm,e3d75a0d4a94cadf88c4baf4320fa646d6cac7c90e1575a135f7bedd657776b8,19424.879999999997,23756.33,3.4727470358557753,D:\QM\reports\work_items\444237c5-836f-5861-9821-93c5d3a7d11c\QM5_41405\20260911_122755\summary.json,2a6e56053bb62ca74c4679e582884e40ea241f5760a0af5614bafcc685f684c5,213
WINSWEEP_QM5_41405_USDJPY_DWX_2019_2025:2021:c13,13,done,MEASURED,2021,221,20065.640000000003,1090.2800000000009,9963.82,-5452.5800000000045,D:\QM\reports\work_items\a20c0a17-843f-54ee-b534-3df8375600fd\QM5_41405\20260911_123146\raw\run_01\report.htm,d97ca7a6c2393507684c2c4aa8f8587a02ff41d0f35c25ab8fb4535ed23d8324,9161.659999999996,14613.06,0.9194927246778842,D:\QM\reports\work_items\a20c0a17-843f-54ee-b534-3df8375600fd\QM5_41405\20260911_123146\summary.json,4f6c3442351338353aab05a2e466bfd16190772884e3dac1c91fb268a020aeda,222
WINSWEEP_QM5_41405_USDJPY_DWX_2019_2025:2022:c13,13,done,MEASURED,2022,211,33498.139999999985,550.1600000000001,11310.31,-2751.820000000005,D:\QM\reports\work_items\9f7020d6-77ad-55d7-82fc-d823b4261827\QM5_41405\20260911_123503\raw\run_01\report.htm,6e1fa16680230e9cc3c510e545f5251df874d49967d9bf687d60b7737b077daf,27995.52,30746.32,2.4752212804069917,D:\QM\reports\work_items\9f7020d6-77ad-55d7-82fc-d823b4261827\QM5_41405\20260911_123503\summary.json,36eed6acb9077ac416399dab90f1594d5a145c351f3f7998cb8e54fbfbb184bf,211
WINSWEEP_QM5_41405_USDJPY_DWX_2019_2025:2023:c13,13,done,MEASURED,2023,220,5019.690000000007,719.7600000000002,16954.67,-3600.0,D:\QM\reports\work_items\530c495c-65b6-5e2b-b8b1-5a0b28c07bec\QM5_41405\20260911_124014\raw\run_01\report.htm,c0f5203e8307f9966bff97d819a08e4f5d12fb07a5464e2e943dc1af68403a33,-2179.110000000001,1419.69,-0.12852565104481545,D:\QM\reports\work_items\530c495c-65b6-5e2b-b8b1-5a0b28c07bec\QM5_41405\20260911_124014\summary.json,8c4844a9755f0305ae46c1d6650cde3d5436ac37127c7ef3f75eadc26370ecf5,221
WINSWEEP_QM5_41405_USDJPY_DWX_2019_2025:2024:c13,13,done,MEASURED,2024,212,-14883.869999999999,687.4699999999996,26542.08,-3438.4400000000005,D:\QM\reports\work_items\2226e080-8465-57f0-bf31-51356f19fa77\QM5_41405\20260911_124350\raw\run_01\report.htm,28600df6ff8c0f24577623f94f183f11c406c34ff06959ffab106c9460e4a3eb,-21745.32,-18307.97,-0.8192771629050926,D:\QM\reports\work_items\2226e080-8465-57f0-bf31-51356f19fa77\QM5_41405\20260911_124350\summary.json,ee69e87d5b05248053dd5fa7b6e28e0413302276c7b0a5e700690fe06f7ac3a6,214
WINSWEEP_QM5_41405_USDJPY_DWX_2019_2025:2025:c13,13,done,MEASURED,2025,208,28126.600000000002,525.72,7006.89,-2629.6000000000013,D:\QM\reports\work_items\a13d47bd-e506-5b1d-ba28-c6ed8caf2ea5\QM5_41405\20260911_124717\raw\run_01\report.htm,5daf3a6d0f676ee12cb4d304b66e0fa19a99c868b69f395c16b063ca65158d29,22868.4,25497.0,3.2637018705873793,D:\QM\reports\work_items\a13d47bd-e506-5b1d-ba28-c6ed8caf2ea5\QM5_41405\20260911_124717\summary.json,a1576eba898e43862e54b49cf034615d5f9e71dd32e51413f3c8dd941ebc581a,208
WINSWEEP_QM5_41405_USDJPY_DWX_2019_2025:2019:c14,14,done,MEASURED,2019,93,-9208.590000000002,488.2400000000001,13476.09,-2441.680000000001,D:\QM\reports\work_items\e70f2b66-dc40-5ca2-bcd9-c7387cff0bb6\QM5_41405\20260911_125131\raw\run_01\report.htm,6e066d8b13a9aa80ff4fb28799a5d37afb1ab9c2aef4cf181dd29b145eac33ef,-14091.470000000001,-11650.27,-1.0456645807500544,D:\QM\reports\work_items\e70f2b66-dc40-5ca2-bcd9-c7387cff0bb6\QM5_41405\20260911_125131\summary.json,0c21024cd0a3cbbe5bb96334efb06598f26b1d58a214e98cbc624d31c4ed2101,95
WINSWEEP_QM5_41405_USDJPY_DWX_2019_2025:2020:c14,14,done,MEASURED,2020,84,18216.77,409.8300000000001,5041.62,-2049.5800000000017,D:\QM\reports\work_items\a33fb46f-71e5-5da0-911d-9b9e5c91ddfc\QM5_41405\20260911_125520\raw\run_01\report.htm,9d05cef6c0e18fff1060427e45f7f4dd128c06a52e145b696dee6acbfe41fa1f,14118.04,16167.19,2.8002983168108666,D:\QM\reports\work_items\a33fb46f-71e5-5da0-911d-9b9e5c91ddfc\QM5_41405\20260911_125520\summary.json,e56164019927de8e0199144cfc042236ab969aa4106c733aed5c226a804f91bb,84
WINSWEEP_QM5_41405_USDJPY_DWX_2019_2025:2021:c14,14,done,MEASURED,2021,78,17197.84,429.54999999999995,7163.99,-2148.1400000000017,D:\QM\reports\work_items\e202b4b7-b2b0-549f-a8a2-6e56b227d994\QM5_41405\20260911_125932\raw\run_01\report.htm,557e5aa264c953503d8919d04b1d93ef729489978aa58a538d65934878d83a87,12901.95,15049.7,1.8009447249368022,D:\QM\reports\work_items\e202b4b7-b2b0-549f-a8a2-6e56b227d994\QM5_41405\20260911_125932\summary.json,cf813211835bd35b3ee84c85864299427c4207f58e15295d5d3325588de8cf81,78
WINSWEEP_QM5_41405_USDJPY_DWX_2019_2025:2022:c14,14,done,MEASURED,2022,53,10980.269999999995,202.22,8902.33,-1011.3999999999997,D:\QM\reports\work_items\0b7a63bc-ac6d-5f13-9be6-6a51643f4198\QM5_41405\20260911_130356\raw\run_01\report.htm,29774753155d0a7aa220187151767a4022960959fe89c93206505b6fc9cb2331,8957.77,9968.87,1.006227583115881,D:\QM\reports\work_items\0b7a63bc-ac6d-5f13-9be6-6a51643f4198\QM5_41405\20260911_130356\summary.json,2caead48db801b27696cd6da0bf905fd23b5ed3f9bb0dc965c68d53b38c5d3d1,53
WINSWEEP_QM5_41405_USDJPY_DWX_2019_2025:2023:c14,14,done,MEASURED,2023,85,10641.830000000002,353.11,10099.22,-1766.0200000000007,D:\QM\reports\work_items\cb3d2c92-158b-5e06-92ea-b14c7163a11c\QM5_41405\20260911_130803\raw\run_01\report.htm,7bc17381aca6082562799efbf39bc8346880f8bbad94b9cf433880496419ab3f,7110.259999999999,8875.81,0.7040405100591927,D:\QM\reports\work_items\cb3d2c92-158b-5e06-92ea-b14c7163a11c\QM5_41405\20260911_130803\summary.json,f4c68f009e14358cb051867271d8a187f9335bfd6b554a62a0cd0b25dbfede71,85
WINSWEEP_QM5_41405_USDJPY_DWX_2019_2025:2024:c14,14,done,MEASURED,2024,60,6131.470000000003,248.53000000000006,10069.59,-1242.9400000000005,D:\QM\reports\work_items\49b5ab31-9ec5-563f-8e1f-d8f059d7854a\QM5_41405\20260911_131211\raw\run_01\report.htm,cbeceb828dcd1fa65bbf500fd40bc024715d45d334aae9e08ce8f5249638cfe5,3645.879999999999,4888.53,0.36206836623934036,D:\QM\reports\work_items\49b5ab31-9ec5-563f-8e1f-d8f059d7854a\QM5_41405\20260911_131211\summary.json,353cf534d6a79ac9b8fb6932f7c061d914642d635841fbe4d0a230b0aa934ac1,61
WINSWEEP_QM5_41405_USDJPY_DWX_2019_2025:2025:c14,14,done,MEASURED,2025,62,20151.360000000004,198.2199999999999,4398.49,-991.3599999999997,D:\QM\reports\work_items\edba92ac-316c-520d-b02f-364c8ec28396\QM5_41405\20260911_131504\raw\run_01\report.htm,95873d0e87630492fa6c22bd208fb466eac50bf7613a043973160c76dbede94e,18168.9,19160.0,4.130713040156963,D:\QM\reports\work_items\edba92ac-316c-520d-b02f-364c8ec28396\QM5_41405\20260911_131504\summary.json,0faedaba31c5f176f65879b5bb4092db40e36f3aca3838f6259811c992df3d20,62
WINSWEEP_QM5_41405_USDJPY_DWX_2019_2025:2019:c15,15,done,MEASURED,2019,195,-12663.160000000003,832.9699999999998,18482.05,-4165.920000000004,D:\QM\reports\work_items\4a54c577-f83f-5712-85bf-89b9ed636d43\QM5_41405\20260911_131917\raw\run_01\report.htm,f8698e94f0029176fa1e0edca138c2a384802c14363d853f82beb9a05f4f979b,-20993.93,-16829.08,-1.1359091659204472,D:\QM\reports\work_items\4a54c577-f83f-5712-85bf-89b9ed636d43\QM5_41405\20260911_131917\summary.json,70903f6d0259149976668c1b15cd47ec573828c5f928d97d39592d4636ad11d0,198
WINSWEEP_QM5_41405_USDJPY_DWX_2019_2025:2020:c15,15,done,MEASURED,2020,208,22857.089999999986,774.8900000000001,7054.03,-3875.520000000004,D:\QM\reports\work_items\a5a637c0-8896-5101-b1f0-596dd2e1266a\QM5_41405\20260911_132318\raw\run_01\report.htm,6628d86532afc010241decd2cd68f7705400d1efeeffe28eff14108dd379a8de,15107.119999999999,18981.57,2.1416296783540756,D:\QM\reports\work_items\a5a637c0-8896-5101-b1f0-596dd2e1266a\QM5_41405\20260911_132318\summary.json,53c21a14d9088dcba1c89c00dfea097514da58bb15c6e4792453bafcdb2697ad,208
WINSWEEP_QM5_41405_USDJPY_DWX_2019_2025:2021:c15,15,done,MEASURED,2021,218,14517.26999999999,980.6100000000005,13520.91,-4904.079999999996,D:\QM\reports\work_items\6d6a9032-720a-5116-b7be-95f04d21ad5a\QM5_41405\20260911_132723\raw\run_01\report.htm,82373deca5236e2765074de63c4eeb8baf970dc77d463294359c5505d33d4faa,4710.1399999999985,9613.19,0.3483596888079278,D:\QM\reports\work_items\6d6a9032-720a-5116-b7be-95f04d21ad5a\QM5_41405\20260911_132723\summary.json,7fcb2594969a2e3d274fcc2234e171483557212cf02491ad40527f6dc1e92cef,219
WINSWEEP_QM5_41405_USDJPY_DWX_2019_2025:2022:c15,15,done,MEASURED,2022,205,28971.04000000002,509.6500000000001,10868.19,-2549.3000000000034,D:\QM\reports\work_items\d5b90cbe-4c3f-50c8-9ed1-3c0201e57044\QM5_41405\20260911_133036\raw\run_01\report.htm,01fb032b78a05a26b67240164a25bc0f115e3981a67a31aaa083a77db37a9c8a,23873.49,26421.74,2.196638998766124,D:\QM\reports\work_items\d5b90cbe-4c3f-50c8-9ed1-3c0201e57044\QM5_41405\20260911_133036\summary.json,ada17acafb9ac0f50fe723cd2a645aac6a2dc3cbf2e389dfebb3de195312736f,205
WINSWEEP_QM5_41405_USDJPY_DWX_2019_2025:2023:c15,15,done,MEASURED,2023,223,3789.3599999999947,698.3700000000003,20004.12,-3493.060000000005,D:\QM\reports\work_items\20e61143-cafd-5af5-95fd-4ba739450b40\QM5_41405\20260911_133448\raw\run_01\report.htm,89078d0a47df46a02bdf75eef11c64c3d8281064e2cbf3aa980f91dade4aba63,-3195.5500000000015,296.3,-0.15974459261392163,D:\QM\reports\work_items\20e61143-cafd-5af5-95fd-4ba739450b40\QM5_41405\20260911_133448\summary.json,9f5fa4cc071f2b9c10b5da528d081e97567819932ce2c39e9360c134295ad6da,224
WINSWEEP_QM5_41405_USDJPY_DWX_2019_2025:2024:c15,15,done,MEASURED,2024,211,-1314.8999999999967,648.5200000000004,16852.08,-3243.620000000006,D:\QM\reports\work_items\f0cf3c9e-fddf-5ae1-addb-ecefda5340b7\QM5_41405\20260911_133834\raw\run_01\report.htm,34a8bed437fdedcc2e28cdbc661bc8123155b05f135bdf090008b86a65fa6bb9,-7787.320000000002,-4544.72,-0.46209844719464904,D:\QM\reports\work_items\f0cf3c9e-fddf-5ae1-addb-ecefda5340b7\QM5_41405\20260911_133834\summary.json,80eac07e4d866659deae8a20a83ec23b1c46becff4d6b863115dabc90748d2f0,213
WINSWEEP_QM5_41405_USDJPY_DWX_2019_2025:2025:c15,15,done,MEASURED,2025,209,27480.96000000002,507.6700000000002,7603.94,-2539.380000000001,D:\QM\reports\work_items\b28d3f23-fef6-5668-9d8a-cfbcac063347\QM5_41405\20260911_134332\raw\run_01\report.htm,e12fd9e67295162832aaf25a04e07b61c0ed40830790015917658b084c4ce3f0,22403.23,24941.58,2.9462660147239457,D:\QM\reports\work_items\b28d3f23-fef6-5668-9d8a-cfbcac063347\QM5_41405\20260911_134332\summary.json,4a20c6aad91dd66b6cabce2115b45652145437a9a69c92923e761d371b3a72ae,209
WINSWEEP_QM5_41405_USDJPY_DWX_2019_2025:2019:c16,16,done,MEASURED,2019,97,-7298.199999999999,585.1299999999999,15988.69,-2926.2000000000003,D:\QM\reports\work_items\26e17d6b-970e-5e1d-a748-a0832f9b0d86\QM5_41405\20260911_134730\raw\run_01\report.htm,dbed33cdb916f3eea048739ec471e97ac636523c9fd936a5acb3b70618995c34,-13150.05,-10224.4,-0.8224595010598116,D:\QM\reports\work_items\26e17d6b-970e-5e1d-a748-a0832f9b0d86\QM5_41405\20260911_134730\summary.json,fbe80ee5a0d4cf60e3066ca048d26f1358ecc780787b2e2f130a67ecd2983079,98
WINSWEEP_QM5_41405_USDJPY_DWX_2019_2025:2020:c16,16,done,MEASURED,2020,81,20431.689999999984,454.6200000000001,5049.1,-2273.44,D:\QM\reports\work_items\43cfc9ab-3858-5efa-9838-1ca1d69f84cb\QM5_41405\20260911_134951\raw\run_01\report.htm,40dab3e1ebf5a8a3d62e33d47854ace18263847f2ea35bcebc2bf4d42ea8fba0,15885.15,18158.25,3.1461349547444097,D:\QM\reports\work_items\43cfc9ab-3858-5efa-9838-1ca1d69f84cb\QM5_41405\20260911_134951\summary.json,3c69b8a865bd19aeaf8ec5302dd9f0ac29622f49c9d948e790622738c223d6b1,81
WINSWEEP_QM5_41405_USDJPY_DWX_2019_2025:2021:c16,16,done,MEASURED,2021,67,20696.950000000004,420.27,6976.31,-2101.7200000000016,D:\QM\reports\work_items\329a3ca7-1489-5165-b470-5c262b27319f\QM5_41405\20260911_135228\raw\run_01\report.htm,93c4acd1720f728d65a1ed838da6300adb3e7424afb723ae9004d223477391ac,16493.88,18595.23,2.364269936399042,D:\QM\reports\work_items\329a3ca7-1489-5165-b470-5c262b27319f\QM5_41405\20260911_135228\summary.json,6be74a2ec09d15307b8aa4c525e4aa715a2a7d24bdd0945b3161cfb0240e3680,67
WINSWEEP_QM5_41405_USDJPY_DWX_2019_2025:2022:c16,16,done,MEASURED,2022,53,15921.850000000002,209.59000000000003,8564.59,-1048.259999999999,D:\QM\reports\work_items\859d03c7-23b9-5293-9e94-9b7792374c69\QM5_41405\20260911_135501\raw\run_01\report.htm,56275d60602e6acf9b7219c87308cc9960023f8cad22578be4265e4b3c2affc7,13825.64,14873.59,1.6142792591355803,D:\QM\reports\work_items\859d03c7-23b9-5293-9e94-9b7792374c69\QM5_41405\20260911_135501\summary.json,7986ac104dfe64e07466078c7c7f705afce2ede0dace88a3a24efe100cacac01,53
WINSWEEP_QM5_41405_USDJPY_DWX_2019_2025:2023:c16,16,done,MEASURED,2023,82,13543.41,372.60999999999996,9052.32,-1863.4800000000007,D:\QM\reports\work_items\a91f7ed9-8f20-5659-8bce-6d93943ec48a\QM5_41405\20260911_135803\raw\run_01\report.htm,637f7d628f787d64808818e028324c289287756009420a7daed414465af9a68a,9816.880000000001,11679.93,1.0844601163016776,D:\QM\reports\work_items\a91f7ed9-8f20-5659-8bce-6d93943ec48a\QM5_41405\20260911_135803\summary.json,17b4ce0748515abec0410f9e5aac29e5148929c2e9395555a9049be34d991066,82
WINSWEEP_QM5_41405_USDJPY_DWX_2019_2025:2024:c16,16,done,MEASURED,2024,59,1362.6299999999987,268.56999999999994,13710.38,-1343.1,D:\QM\reports\work_items\67b143e6-2d64-5ce3-8576-e0c8bc305712\QM5_41405\20260911_140024\raw\run_01\report.htm,60f32ab74aee07b8c3684e3729a972abfc90df0827a9f85993565f83b3486b00,-1323.3199999999997,19.53,-0.09651957130291063,D:\QM\reports\work_items\67b143e6-2d64-5ce3-8576-e0c8bc305712\QM5_41405\20260911_140024\summary.json,2bb9fccc9fe8f1ccad3eb63e15d77bc51c4f76fe2b95bc3a2b9597e17835d1f5,60
WINSWEEP_QM5_41405_USDJPY_DWX_2019_2025:2025:c16,16,done,MEASURED,2025,59,22115.44,199.04999999999993,5178.51,-995.5199999999995,D:\QM\reports\work_items\8e5292d3-316a-5bce-a482-05059a0ab4f6\QM5_41405\20260911_140312\raw\run_01\report.htm,804f8a8571f811ab71c12de36b41f35c51e76f5f8c4023ed1ac6c54e1b84dc35,20124.67,21119.92,3.8861892706589343,D:\QM\reports\work_items\8e5292d3-316a-5bce-a482-05059a0ab4f6\QM5_41405\20260911_140312\summary.json,14281ed4ccfc27c780293098ed8c9c89d848a516cc929fe65c689346cfccc8ff,59
WINSWEEP_QM5_41405_USDJPY_DWX_2019_2025:2019:c17,17,done,MEASURED,2019,218,-7982.119999999998,1052.1500000000005,17778.97,-5261.999999999999,D:\QM\reports\work_items\6fe660d4-e23e-55d2-a688-25652e5eec43\QM5_41405\20260911_140553\raw\run_01\report.htm,e411a5fcef9bb142409ad7a8fe4ca5c5f9286176a3b73523e0150095abe175df,-18504.870000000003,-13244.12,-1.040829136896007,D:\QM\reports\work_items\6fe660d4-e23e-55d2-a688-25652e5eec43\QM5_41405\20260911_140553\summary.json,231956882ce946e598a4fc0ced2265c3240a982f8378d9edbf583437efb5a5b7,220
WINSWEEP_QM5_41405_USDJPY_DWX_2019_2025:2020:c17,17,done,MEASURED,2020,237,34452.999999999985,978.2400000000005,6118.27,-4892.4,D:\QM\reports\work_items\8d26c553-96ee-5cfd-9440-27f3b855b531\QM5_41405\20260911_140850\raw\run_01\report.htm,b0b2140cab3d314c632fd83e5a9ee92d2b83bacfda5b9165569db3e3b0ef1dd9,24669.399999999994,29560.6,4.032087501859184,D:\QM\reports\work_items\8d26c553-96ee-5cfd-9440-27f3b855b531\QM5_41405\20260911_140850\summary.json,1f481e6887c2d731b0df4c280d1f0c3e56ef0993e1ff9cb3a1b8ad848de12897,237
WINSWEEP_QM5_41405_USDJPY_DWX_2019_2025:2021:c17,17,done,MEASURED,2021,241,21172.780000000002,1166.8900000000006,10167.5,-5835.720000000006,D:\QM\reports\work_items\ef690fb5-d858-5dca-9d21-4bdc06c24558\QM5_41405\20260911_141202\raw\run_01\report.htm,1786f0f4fc245d0c2558de0ce3b9226187598cf1debb8cd8bb248c30ab325bfc,9502.609999999997,15337.06,0.9346063437423159,D:\QM\reports\work_items\ef690fb5-d858-5dca-9d21-4bdc06c24558\QM5_41405\20260911_141202\summary.json,b0c9dffc3b428fabe339f11a69fb723775085f0638f5649dd97c3a4a1c93a824,242
WINSWEEP_QM5_41405_USDJPY_DWX_2019_2025:2022:c17,17,done,MEASURED,2022,231,34909.92999999998,611.2900000000002,11310.31,-3057.580000000002,D:\QM\reports\work_items\5d9ec588-b957-57a2-8a2c-2d691f3ed8e4\QM5_41405\20260911_141500\raw\run_01\report.htm,168b73cbb21fb94a9fa977d813ddc9af64a66620e7084a357bf6c1f4fc6b8476,28795.899999999998,31852.35,2.5459868031910706,D:\QM\reports\work_items\5d9ec588-b957-57a2-8a2c-2d691f3ed8e4\QM5_41405\20260911_141500\summary.json,1b9ef47a36d3a8eac62fe801f0f5aaf8792b8ceb15b1b0fc1b827a36a23471c7,231
WINSWEEP_QM5_41405_USDJPY_DWX_2019_2025:2023:c17,17,done,MEASURED,2023,237,6199.950000000001,761.25,16907.96,-3807.540000000001,D:\QM\reports\work_items\5e9a5208-80f9-52ec-b4e2-68da02d0aa09\QM5_41405\20260911_141835\raw\run_01\report.htm,af11f8b93f4b6fbda6f73f086f10ba6994fd833743f999931134f535646bdb7f,-1413.8400000000001,2392.41,-0.08361978618354907,D:\QM\reports\work_items\5e9a5208-80f9-52ec-b4e2-68da02d0aa09\QM5_41405\20260911_141835\summary.json,d23c3f327d0549829ea61280b19cf3db7eb6cd641d6c0834c33a0ec66a1b3aff,239
WINSWEEP_QM5_41405_USDJPY_DWX_2019_2025:2024:c17,17,done,MEASURED,2024,231,-212.49000000000183,742.1199999999998,22306.38,-3711.7200000000003,D:\QM\reports\work_items\00ed530f-91a8-534b-a93e-1094efb42f65\QM5_41405\20260911_142125\raw\run_01\report.htm,edf93493586cf15b4d87fc7208efa614b1be709998ac35000854293d28655ab0,-7620.859999999999,-3910.26,-0.341644856762953,D:\QM\reports\work_items\00ed530f-91a8-534b-a93e-1094efb42f65\QM5_41405\20260911_142125\summary.json,55059032c443b25b8e8488fd8b7dcec3edb208c3088a46e6540ccf8701f4d7c9,233
WINSWEEP_QM5_41405_USDJPY_DWX_2019_2025:2025:c17,17,done,MEASURED,2025,228,30563.51999999999,569.2700000000002,7370.62,-2847.400000000002,D:\QM\reports\work_items\2d4b792a-670d-56f0-ac76-3c44657ef54a\QM5_41405\20260911_142440\raw\run_01\report.htm,0accdc3021c80befaa7f789cc80cd9fa576d3129411055adf98d11f49f4f1bba,24869.769999999997,27716.12,3.3741761208690715,D:\QM\reports\work_items\2d4b792a-670d-56f0-ac76-3c44657ef54a\QM5_41405\20260911_142440\summary.json,e8db4f03cc75eeb423e0650b9418a6d39d8368ed6555a95bd5753c0d02d87c9e,228
WINSWEEP_QM5_41405_USDJPY_DWX_2019_2025:2019:c18,18,done,MEASURED,2019,94,-7823.790000000004,507.4300000000001,15190.94,-2537.640000000002,D:\QM\reports\work_items\78ce460b-ddb7-5053-a492-8e01de8d72e8\QM5_41405\20260911_142753\raw\run_01\report.htm,32d2221deab12bb791bb24d4b3be2267c7a7050594ba9adf0d19d93441e2b12a,-12898.580000000002,-10361.43,-0.8490968959129588,D:\QM\reports\work_items\78ce460b-ddb7-5053-a492-8e01de8d72e8\QM5_41405\20260911_142753\summary.json,59fe8c21de31f43006df7ab2540f2ed4e6fc16206fe54c77bdc9e95ff6eaad5c,96
WINSWEEP_QM5_41405_USDJPY_DWX_2019_2025:2020:c18,18,done,MEASURED,2020,80,11670.540000000003,400.6300000000001,5041.62,-2003.580000000001,D:\QM\reports\work_items\802495e0-9b7c-5e88-b65d-6b8189beed5f\QM5_41405\20260911_143010\raw\run_01\report.htm,493e2b4aac751d9b61ae0a102ab149df7cbaddfb6736a3e76f792d2124a57599,7663.809999999999,9666.96,1.520108615881403,D:\QM\reports\work_items\802495e0-9b7c-5e88-b65d-6b8189beed5f\QM5_41405\20260911_143010\summary.json,0133d9a3b528b11af40d49c180b73cc526dfad4784553c2edb0ead634b4a7e0f,80
WINSWEEP_QM5_41405_USDJPY_DWX_2019_2025:2021:c18,18,done,MEASURED,2021,66,18761.030000000006,369.24999999999994,7259.12,-1846.56,D:\QM\reports\work_items\7ab10eae-55bd-51ef-bf54-1c83a7463857\QM5_41405\20260911_143258\raw\run_01\report.htm,0c67f42b8676f3cf1fea525e3ae16a6c62fc0b4adcc70e5871507b795e24642a,15068.220000000001,16914.47,2.0757640044523304,D:\QM\reports\work_items\7ab10eae-55bd-51ef-bf54-1c83a7463857\QM5_41405\20260911_143258\summary.json,a4fd8ffd2ff58a2a56c0e73150000caf50094c21e5dc3fd9b8f6ae3624201827,66
WINSWEEP_QM5_41405_USDJPY_DWX_2019_2025:2022:c18,18,done,MEASURED,2022,53,13163.659999999996,195.12,8902.33,-975.9199999999998,D:\QM\reports\work_items\9ad0dd8b-20e7-5ce8-972b-ed833399c9ca\QM5_41405\20260911_143506\raw\run_01\report.htm,6c1e4017a279bcf3c971360a9e5eebcad72e334f279f71b8eac1f3ae4879f413,11212.14,12187.74,1.259461287101242,D:\QM\reports\work_items\9ad0dd8b-20e7-5ce8-972b-ed833399c9ca\QM5_41405\20260911_143506\summary.json,45c4301e9a17695d49f9a904161a366f8a41e5b4adba308e401bd6ee3b37d184,53
WINSWEEP_QM5_41405_USDJPY_DWX_2019_2025:2023:c18,18,done,MEASURED,2023,84,7405.829999999997,358.18,9492.04,-1791.3400000000004,D:\QM\reports\work_items\1af0cd2f-c2a8-5b18-a634-1dd1a2574646\QM5_41405\20260911_143754\raw\run_01\report.htm,3f4cf46f0d2f409a4a0219add930efb0b084970d981d9f59e49654b927151022,3823.5899999999997,5614.49,0.40282067922174786,D:\QM\reports\work_items\1af0cd2f-c2a8-5b18-a634-1dd1a2574646\QM5_41405\20260911_143754\summary.json,9da3a6493c50f10b9a1afa1b7cef0063f94ddf42d113225b417cd99a25c851e3,84
WINSWEEP_QM5_41405_USDJPY_DWX_2019_2025:2024:c18,18,done,MEASURED,2024,59,9106.710000000001,254.80000000000004,10069.59,-1274.3000000000006,D:\QM\reports\work_items\d5366d9e-c1b9-557c-bf5d-da3acc3ccebf\QM5_41405\20260911_144015\raw\run_01\report.htm,7e844857698662d87e7a430b09af9e5be7510af10fd469f1142b00c5c306ec71,6558.41,7832.41,0.6513085438433938,D:\QM\reports\work_items\d5366d9e-c1b9-557c-bf5d-da3acc3ccebf\QM5_41405\20260911_144015\summary.json,70aed5a1d07f4d38b60e27771aa792641ce0061bf9c669c6b91086c9d75a78fe,60
WINSWEEP_QM5_41405_USDJPY_DWX_2019_2025:2025:c18,18,done,MEASURED,2025,59,21538.81,189.48999999999992,4612.77,-947.7399999999997,D:\QM\reports\work_items\45ed48d7-9454-5819-93d9-6b0916384ba8\QM5_41405\20260911_144246\raw\run_01\report.htm,4557b6638d011f0914b0986e079d9bba7a8b56d372ebfcc0bb9858fe459409f4,19643.62,20591.07,4.258530123981902,D:\QM\reports\work_items\45ed48d7-9454-5819-93d9-6b0916384ba8\QM5_41405\20260911_144246\summary.json,2b3822cef581e180ae3684f68756987100e30c72ad96c1ab15f6b942ea131e04,59
WINSWEEP_QM5_41405_USDJPY_DWX_2019_2025:2019:c19,19,done,MEASURED,2019,212,-10529.329999999996,922.23,19665.45,-4612.280000000003,D:\QM\reports\work_items\e5d39de6-242e-5a9c-b0ae-8fadbc637767\QM5_41405\20260911_144703\raw\run_01\report.htm,f217fba42b3990607790e337ffe542f6ae1ccaa96f2577cec057c848e6008881,-19752.760000000002,-15141.61,-1.0044397661889253,D:\QM\reports\work_items\e5d39de6-242e-5a9c-b0ae-8fadbc637767\QM5_41405\20260911_144703\summary.json,8a857171f5f29250fb7f4d6258ece15147901b10fd93ab54c9eee9c4a2594c63,215
WINSWEEP_QM5_41405_USDJPY_DWX_2019_2025:2020:c19,19,done,MEASURED,2020,232,26226.530000000006,876.08,7054.03,-4381.600000000003,D:\QM\reports\work_items\b2a057f0-09a7-5838-a607-2c663d29dc81\QM5_41405\20260911_144931\raw\run_01\report.htm,90a6ed662042583b96e7ac8c3e58a38e5d5f8429dbcab2612331da711aeb2bac,17464.53,21844.93,2.475823040162857,D:\QM\reports\work_items\b2a057f0-09a7-5838-a607-2c663d29dc81\QM5_41405\20260911_144931\summary.json,d78eb4cdfda0991f7a6435b64184a90770b4b4b3f49334d9577530159f797b09,232
WINSWEEP_QM5_41405_USDJPY_DWX_2019_2025:2021:c19,19,done,MEASURED,2021,236,16309.369999999992,1045.9600000000005,13697.78,-5230.899999999997,D:\QM\reports\work_items\0264d3c0-3c3e-5247-85a9-cb7ff4485e21\QM5_41405\20260911_145228\raw\run_01\report.htm,8a0332a32482bae73dd7f7b03381ef7f6148ba471ce27f2e7d71089e586143cf,5848.669999999996,11078.47,0.4269794083420814,D:\QM\reports\work_items\0264d3c0-3c3e-5247-85a9-cb7ff4485e21\QM5_41405\20260911_145228\summary.json,e579c0af2483662a978cae792abd698430505c92659f93296fe0924ebb9c3e72,237
WINSWEEP_QM5_41405_USDJPY_DWX_2019_2025:2022:c19,19,done,MEASURED,2022,226,31660.230000000018,569.3800000000001,10868.19,-2848.040000000003,D:\QM\reports\work_items\27348405-a38c-5abb-99ea-90f9dd48c480\QM5_41405\20260911_145448\raw\run_01\report.htm,2401588fba8a21c58229d0b11360b092c968ff126c766bf91e7beaef7512d772,25965.289999999997,28812.19,2.3891089500643616,D:\QM\reports\work_items\27348405-a38c-5abb-99ea-90f9dd48c480\QM5_41405\20260911_145448\summary.json,e48e69d8e54e64e8d29dd2a7a8a7d256f9975bebf362e8b2ad1347e98d4cee3e,226
WINSWEEP_QM5_41405_USDJPY_DWX_2019_2025:2023:c19,19,done,MEASURED,2023,242,109.52999999999713,745.0400000000003,19728.5,-3726.400000000004,D:\QM\reports\work_items\bfcd748f-d014-5587-8c53-58722f606cf8\QM5_41405\20260911_145715\raw\run_01\report.htm,3ee8f2159ab1a3b6eb0d4c089ab0f5961ae7a6e544a467ddd75c536649215963,-7342.0700000000015,-3616.87,-0.3721555110626759,D:\QM\reports\work_items\bfcd748f-d014-5587-8c53-58722f606cf8\QM5_41405\20260911_145715\summary.json,c3710e66d564fb48f046cda1dc537bbd0ad9d343e4fa0df09222ebc7ac7521c4,244
WINSWEEP_QM5_41405_USDJPY_DWX_2019_2025:2024:c19,19,done,MEASURED,2024,231,9375.479999999998,703.0100000000001,14844.03,-3516.200000000006,D:\QM\reports\work_items\ebcd1ab3-70f7-5a7a-b421-ae0870ee61c9\QM5_41405\20260911_145944\raw\run_01\report.htm,71493646765bb79152bd803588f97f1cd8ac2bc18b7f9c850cd0b495b9a4f1b3,2357.689999999999,5872.74,0.15883085658005267,D:\QM\reports\work_items\ebcd1ab3-70f7-5a7a-b421-ae0870ee61c9\QM5_41405\20260911_145944\summary.json,780634884123f96d91f8215469092757af4bd3dc507988b908ef4ba7bb701cb2,233
WINSWEEP_QM5_41405_USDJPY_DWX_2019_2025:2025:c19,19,done,MEASURED,2025,229,29029.360000000008,549.8900000000004,7841.51,-2750.6600000000026,D:\QM\reports\work_items\a1574b60-fc3e-52cf-92de-50b9a21678a9\QM5_41405\20260911_150223\raw\run_01\report.htm,8a5614b5352d568d458651bcc8d529a8d0f0e07f04dc5d76a2d2c3904f36f0bb,23529.25,26278.7,3.000601924884365,D:\QM\reports\work_items\a1574b60-fc3e-52cf-92de-50b9a21678a9\QM5_41405\20260911_150223\summary.json,be3deb249139c06025151ec3a83cd857b0fd806fc59e11a4c313fbdc332c7828,229
WINSWEEP_QM5_41405_USDJPY_DWX_2019_2025:2019:c20,20,done,MEASURED,2019,97,-7298.199999999999,585.1299999999999,15988.69,-2926.2000000000003,D:\QM\reports\work_items\7881cf21-5761-5528-957d-7fe63a2a4a0a\QM5_41405\20260911_150455\raw\run_01\report.htm,c1d891f6cf19a6f2ab901a85f1b290fde3f91cfe64f036e7094703242c0eda95,-13150.05,-10224.4,-0.8224595010598116,D:\QM\reports\work_items\7881cf21-5761-5528-957d-7fe63a2a4a0a\QM5_41405\20260911_150455\summary.json,36c627875a095f46ac00149cadd7da463abe361be5d976ce31b2f29e8e3c1363,98
WINSWEEP_QM5_41405_USDJPY_DWX_2019_2025:2020:c20,20,done,MEASURED,2020,80,21431.109999999986,450.92000000000013,4876.15,-2254.94,D:\QM\reports\work_items\fe4f4534-0696-5586-8315-857f912fd7da\QM5_41405\20260911_150708\raw\run_01\report.htm,bb63c3667afe29f633cc9e8a4779e7e8562d53a4dc57785633ba739b691f35ba,16921.569999999996,19176.17,3.470272653630425,D:\QM\reports\work_items\fe4f4534-0696-5586-8315-857f912fd7da\QM5_41405\20260911_150708\summary.json,c146151832328333e7fa17070148657df5f4f2a2cf21eef0ab9a1aebd69be69f,80
WINSWEEP_QM5_41405_USDJPY_DWX_2019_2025:2021:c20,20,done,MEASURED,2021,67,20696.950000000004,420.27,6976.31,-2101.7200000000016,D:\QM\reports\work_items\2c24dc5c-e9db-5673-acd0-453cf5802eb3\QM5_41405\20260911_150943\raw\run_01\report.htm,308ae66af1dad66a97086c30dc4231f0e155b531b27d46f3555679a6815c1382,16493.88,18595.23,2.364269936399042,D:\QM\reports\work_items\2c24dc5c-e9db-5673-acd0-453cf5802eb3\QM5_41405\20260911_150943\summary.json,06ec0f1564b2d2596891fbada10d4e3e6e4489db7e0ffe61136ff655bf443483,67
WINSWEEP_QM5_41405_USDJPY_DWX_2019_2025:2022:c20,20,done,MEASURED,2022,53,15921.850000000002,209.59000000000003,8564.59,-1048.259999999999,D:\QM\reports\work_items\3eaa1371-f635-5e11-a0ba-1b0564fbabd4\QM5_41405\20260911_151226\raw\run_01\report.htm,430bdb494cf4d792ebdabb1be75352e4f1e2899e79a46b4cb229bb8ad0f08d66,13825.64,14873.59,1.6142792591355803,D:\QM\reports\work_items\3eaa1371-f635-5e11-a0ba-1b0564fbabd4\QM5_41405\20260911_151226\summary.json,0810f7ac8f75798e3ffce88a04668f90b632d7224c45bdd83c64fa7edd762313,53
WINSWEEP_QM5_41405_USDJPY_DWX_2019_2025:2023:c20,20,done,MEASURED,2023,81,14551.740000000002,365.46,9052.32,-1827.7200000000005,D:\QM\reports\work_items\c28f6c85-dd23-569d-b0e3-3a23c8684f08\QM5_41405\20260911_151805\raw\run_01\report.htm,9d957857528e4e7de01ac85f16ce804d66df820efe6a693760c29533a01d38f8,10896.720000000001,12724.02,1.2037488732170318,D:\QM\reports\work_items\c28f6c85-dd23-569d-b0e3-3a23c8684f08\QM5_41405\20260911_151805\summary.json,859ecddb64b81306aec9ef7b3ad36dc35492c1d67139719575a66d52ef7f5546,81
WINSWEEP_QM5_41405_USDJPY_DWX_2019_2025:2024:c20,20,done,MEASURED,2024,58,2058.6600000000003,262.2199999999999,12982.59,-1311.34,D:\QM\reports\work_items\76f42819-7d4a-5a7d-aebe-413c47842154\QM5_41405\20260911_152031\raw\run_01\report.htm,cbc8bec20c2d6d2befd13b0e1b133a72deb6e9048c422b88c67d871ab91c8eaf,-563.7799999999994,747.32,-0.043425849541578326,D:\QM\reports\work_items\76f42819-7d4a-5a7d-aebe-413c47842154\QM5_41405\20260911_152031\summary.json,6a7ce9998e5c7e518436b14af04c7de951fb286c24d41674d4916648a4ef69a2,59
WINSWEEP_QM5_41405_USDJPY_DWX_2019_2025:2025:c20,20,done,MEASURED,2025,58,23117.29,196.47999999999993,4163.8,-982.6599999999995,D:\QM\reports\work_items\ddcf9ba0-65d6-5840-b86d-6ff782a0f290\QM5_41405\20260911_152300\raw\run_01\report.htm,3cc2b0b9d619d8ae3a031c7666a450abd33d75c8e54438a54f57ce51316ffac7,21152.230000000003,22134.63,5.080030260819444,D:\QM\reports\work_items\ddcf9ba0-65d6-5840-b86d-6ff782a0f290\QM5_41405\20260911_152300\summary.json,809cd35956250d65f4e30452ab7db1e66a5706614136278b3b385c7692d9688e,58
WINSWEEP_QM5_41405_USDJPY_DWX_2019_2025:2019:c21,21,done,MEASURED,2019,218,-7982.119999999998,1052.1500000000005,17778.97,-5261.999999999999,D:\QM\reports\work_items\b48cb202-dd01-5554-b9b4-5fb0d0268e9f\QM5_41405\20260911_152643\raw\run_01\report.htm,d16c21cabe9543baae373697c0fd184f82a87508b0871de33bb39e402e6f8ea5,-18504.870000000003,-13244.12,-1.040829136896007,D:\QM\reports\work_items\b48cb202-dd01-5554-b9b4-5fb0d0268e9f\QM5_41405\20260911_152643\summary.json,757791dfd758bfb12a03ad62224b4425771e47fd33c8e385ca4397268d9e1a9d,220
WINSWEEP_QM5_41405_USDJPY_DWX_2019_2025:2020:c21,21,done,MEASURED,2020,236,35452.42,974.5400000000004,5593.52,-4873.9,D:\QM\reports\work_items\79188ecb-f898-5668-860e-17800a4af66c\QM5_41405\20260911_152935\raw\run_01\report.htm,be4743fe2d6f8674c76e2f9490515262611c636188be22bd7368453875726df1,25705.82,30578.52,4.595642815257655,D:\QM\reports\work_items\79188ecb-f898-5668-860e-17800a4af66c\QM5_41405\20260911_152935\summary.json,1a2af1bc7b157144ccf2563fbb9f7d034d4b1f249c7b5205d1c621b7ad89c093,236
WINSWEEP_QM5_41405_USDJPY_DWX_2019_2025:2021:c21,21,done,MEASURED,2021,240,21308.760000000006,1162.4900000000005,10167.5,-5813.720000000006,D:\QM\reports\work_items\feec8f8e-dfdf-5dd2-a756-7955344f3a8d\QM5_41405\20260911_153242\raw\run_01\report.htm,544e2985c8cfe11f917ed831c30b876311327fef755404e27188008f033463e8,9682.589999999998,15495.04,0.9523078436193753,D:\QM\reports\work_items\feec8f8e-dfdf-5dd2-a756-7955344f3a8d\QM5_41405\20260911_153242\summary.json,5499056caf4a6880b7bf3bc343d311f316045511326993d4b00fd84cce30cc99,241
WINSWEEP_QM5_41405_USDJPY_DWX_2019_2025:2022:c21,21,done,MEASURED,2022,230,35981.99999999997,608.0300000000002,10221.94,-3041.280000000002,D:\QM\reports\work_items\92974bd3-a128-5c18-9670-11aac7ac80c2\QM5_41405\20260911_153500\raw\run_01\report.htm,8919a85cc7f1a58dd54fae360dc86eba48be5dada5e3cd1481b656600ae139c4,29900.57,32940.72,2.925136520073489,D:\QM\reports\work_items\92974bd3-a128-5c18-9670-11aac7ac80c2\QM5_41405\20260911_153500\summary.json,801e1ab274bba6796fdad88b1a576f89be483a6478409933d0609ad6759ef2cb,230
WINSWEEP_QM5_41405_USDJPY_DWX_2019_2025:2023:c21,21,done,MEASURED,2023,236,7208.28,754.1,16907.96,-3771.7800000000007,D:\QM\reports\work_items\d212cfa8-0819-589f-821c-c9a2f5509516\QM5_41405\20260911_153733\raw\run_01\report.htm,acfa32368d4e4766ece619486534c376d0f1cd0f77f33a2db08d1467475dac02,-334.0,3436.5,-0.019754009354174012,D:\QM\reports\work_items\d212cfa8-0819-589f-821c-c9a2f5509516\QM5_41405\20260911_153733\summary.json,74d92da6306a93e8a34800a6cb17f42f9c239812a2383e2732a4a9906740b749,238
WINSWEEP_QM5_41405_USDJPY_DWX_2019_2025:2024:c21,21,done,MEASURED,2024,230,483.53999999999814,735.7699999999998,21578.59,-3679.960000000001,D:\QM\reports\work_items\6e89fb93-04fc-5324-bcaf-137a86036e1f\QM5_41405\20260911_153954\raw\run_01\report.htm,83759fbfb1b785ec2c385fbcab298439052e08be8f7ebf25838ee39509bc4886,-6861.319999999998,-3182.47,-0.31796887563089143,D:\QM\reports\work_items\6e89fb93-04fc-5324-bcaf-137a86036e1f\QM5_41405\20260911_153954\summary.json,5019e90b1a63083581ae264a50bb703e7422f57bd7be360f2d3e070fcb2e097b,232
WINSWEEP_QM5_41405_USDJPY_DWX_2019_2025:2025:c21,21,done,MEASURED,2025,227,31565.37,566.7000000000003,7370.62,-2834.540000000002,D:\QM\reports\work_items\3074d2fa-402d-5682-8d27-cef03044c729\QM5_41405\20260911_154258\raw\run_01\report.htm,fa43f144b8aae72f2849e01705dcfb5369fa3d79dfcdb8143b02edb5c5666a12,25897.33,28730.83,3.513589087485178,D:\QM\reports\work_items\3074d2fa-402d-5682-8d27-cef03044c729\QM5_41405\20260911_154258\summary.json,074077f7a75137f37af952805c87ec336a95d6b29343645a103b86ea9457c7f5,227
WINSWEEP_QM5_41405_USDJPY_DWX_2019_2025:2019:c22,22,done,MEASURED,2019,94,-7823.790000000004,507.4300000000001,15190.94,-2537.640000000002,D:\QM\reports\work_items\0b093269-9fce-591a-b2b6-b24fce0a1a7a\QM5_41405\20260911_154538\raw\run_01\report.htm,f192110b092adc9d0e3db802dd21557d07e3fa4033243f47aec353835ef154c9,-12898.580000000002,-10361.43,-0.8490968959129588,D:\QM\reports\work_items\0b093269-9fce-591a-b2b6-b24fce0a1a7a\QM5_41405\20260911_154538\summary.json,1e4ec15bf91b0fcb82189947c3e4b54bd37d193b1b0f4e81c0bebb3884f07a04,96
WINSWEEP_QM5_41405_USDJPY_DWX_2019_2025:2020:c22,22,done,MEASURED,2020,79,12667.830000000004,397.1800000000001,5041.62,-1986.3200000000008,D:\QM\reports\work_items\ce0348d1-e28b-5d13-9bd4-69e8a5e4d6c0\QM5_41405\20260911_154759\raw\run_01\report.htm,4a493d20119100a7d1e9a327c194a67f4d2245a70f12e2beb1f207ac2721b2dc,8695.61,10681.51,1.7247650556765486,D:\QM\reports\work_items\ce0348d1-e28b-5d13-9bd4-69e8a5e4d6c0\QM5_41405\20260911_154759\summary.json,cbe615b4468a011f259372106b55290897f78e133a9fe14aa162d87e7c9463ac,79
WINSWEEP_QM5_41405_USDJPY_DWX_2019_2025:2021:c22,22,done,MEASURED,2021,66,18761.030000000006,369.24999999999994,7259.12,-1846.56,D:\QM\reports\work_items\6600be86-1d1d-5f8c-b954-f11d0a5bebf5\QM5_41405\20260911_154955\raw\run_01\report.htm,a5670e316b258e12508b9e010dec73062a65588d69756213731ff995b1359844,15068.220000000001,16914.47,2.0757640044523304,D:\QM\reports\work_items\6600be86-1d1d-5f8c-b954-f11d0a5bebf5\QM5_41405\20260911_154955\summary.json,365e01085ce964135d7954099be9b50f1d2736645ffd304b715627b42ec22a9b,66
WINSWEEP_QM5_41405_USDJPY_DWX_2019_2025:2022:c22,22,done,MEASURED,2022,53,13163.659999999996,195.12,8902.33,-975.9199999999998,D:\QM\reports\work_items\5c7aea75-d71c-5a2c-9f53-15ae321817c3\QM5_41405\20260911_155342\raw\run_01\report.htm,88046d4a53dab6edc491dfbe85682fae8472433a4ec7269bfc765007275cfd10,11212.14,12187.74,1.259461287101242,D:\QM\reports\work_items\5c7aea75-d71c-5a2c-9f53-15ae321817c3\QM5_41405\20260911_155342\summary.json,8048fe76255540b46c3260b375258d01a4345994eaecae3dbbc92fc8e3a00ae0,53
WINSWEEP_QM5_41405_USDJPY_DWX_2019_2025:2023:c22,22,done,MEASURED,2023,84,7405.829999999997,358.18,9492.04,-1791.3400000000004,D:\QM\reports\work_items\98da079a-35ed-58ae-a8cd-c294ed6528c9\QM5_41405\20260911_155657\raw\run_01\report.htm,9708585bf5d50c438c5fbd90fa8e27440934e508104355e32c3c09fbaa962ba5,3823.5899999999997,5614.49,0.40282067922174786,D:\QM\reports\work_items\98da079a-35ed-58ae-a8cd-c294ed6528c9\QM5_41405\20260911_155657\summary.json,af20d9a48421a8b1b2641ae9a4b3630c54f3e419a0fac73cd513e059f8f90839,84
WINSWEEP_QM5_41405_USDJPY_DWX_2019_2025:2024:c22,22,done,MEASURED,2024,59,9106.710000000001,254.80000000000004,10069.59,-1274.3000000000006,D:\QM\reports\work_items\7c7367fe-0fa0-5a5f-a254-6cf450cfbb01\QM5_41405\20260911_160049\raw\run_01\report.htm,6bdf20241f80648bb2853327d471156693fa23dbb7be3419ca8809ce4a52f770,6558.41,7832.41,0.6513085438433938,D:\QM\reports\work_items\7c7367fe-0fa0-5a5f-a254-6cf450cfbb01\QM5_41405\20260911_160049\summary.json,3832c4119ef405b62c7b62c220dcac1b08e07d21f6402b8cae4af0ab3dc11a2b,60
WINSWEEP_QM5_41405_USDJPY_DWX_2019_2025:2025:c22,22,done,MEASURED,2025,59,21538.81,189.48999999999992,4612.77,-947.7399999999997,D:\QM\reports\work_items\20d9e4c8-2fb3-5499-bb1b-dc93e0e50fca\QM5_41405\20260911_160331\raw\run_01\report.htm,3aac5925c8740c8b321f14a8cc166a4f73b617ccdd72586bf5723db2665b0bfe,19643.62,20591.07,4.258530123981902,D:\QM\reports\work_items\20d9e4c8-2fb3-5499-bb1b-dc93e0e50fca\QM5_41405\20260911_160331\summary.json,b36abca2ac20befc3d028fe30bd1c47ef7734fc3ed7edc7070b6c96b3f13e084,59
WINSWEEP_QM5_41405_USDJPY_DWX_2019_2025:2019:c23,23,done,MEASURED,2019,212,-10529.329999999996,922.23,19665.45,-4612.280000000003,D:\QM\reports\work_items\ad4b8467-c8eb-54da-bb5c-8067690675ba\QM5_41405\20260911_160654\raw\run_01\report.htm,9f671088c2a06cea54ba2c6d1dd020d27510275757bec9c2e956704c00b17b1d,-19752.760000000002,-15141.61,-1.0044397661889253,D:\QM\reports\work_items\ad4b8467-c8eb-54da-bb5c-8067690675ba\QM5_41405\20260911_160654\summary.json,8e48ce2e69128a1581a6cb16674eb466d50a4556f33986e76456e43271d50809,215
WINSWEEP_QM5_41405_USDJPY_DWX_2019_2025:2020:c23,23,done,MEASURED,2020,231,27223.820000000003,872.6300000000001,7054.03,-4364.340000000003,D:\QM\reports\work_items\086a8dab-7bba-5e7d-b72b-abd9bbc9c69d\QM5_41405\20260911_160923\raw\run_01\report.htm,db9f4916bfa85f495b381928db9cd8a5a3d4e9b69a27a5ab40d9de73c5e747ec,18496.329999999998,22859.48,2.622094037025643,D:\QM\reports\work_items\086a8dab-7bba-5e7d-b72b-abd9bbc9c69d\QM5_41405\20260911_160923\summary.json,790e73763342fd90172f18b3c6bd01287afc4bd9e08e2e0b9973184fc5fcdcbc,231
WINSWEEP_QM5_41405_USDJPY_DWX_2019_2025:2021:c23,23,done,MEASURED,2021,236,16309.369999999992,1045.9600000000005,13697.78,-5230.899999999997,D:\QM\reports\work_items\291f93e4-f8a3-5e4c-9104-0c261ae9b1f6\QM5_41405\20260911_161230\raw\run_01\report.htm,32b2d920b0a1c1a9980b82ad29e769c7d652fd2460ee9cdae54fc63822c4ae96,5848.669999999996,11078.47,0.4269794083420814,D:\QM\reports\work_items\291f93e4-f8a3-5e4c-9104-0c261ae9b1f6\QM5_41405\20260911_161230\summary.json,6aceea5f8d290a33a21f3f34ddc62eaa6829ca1f98f76ad8b3c68503c522500a,237
WINSWEEP_QM5_41405_USDJPY_DWX_2019_2025:2022:c23,23,done,MEASURED,2022,226,31660.230000000018,569.3800000000001,10868.19,-2848.040000000003,D:\QM\reports\work_items\49585f7f-9fcf-5231-9fa5-35832a096ae6\QM5_41405\20260911_161441\raw\run_01\report.htm,9dad08df003fb7ed6c08ac8c82c99c891618bc064323d589d7bb0124f52abafc,25965.289999999997,28812.19,2.3891089500643616,D:\QM\reports\work_items\49585f7f-9fcf-5231-9fa5-35832a096ae6\QM5_41405\20260911_161441\summary.json,4982352b4e83f725f4d015eee887ec709fcb5fff3582bd741b352ce583dd0653,226
WINSWEEP_QM5_41405_USDJPY_DWX_2019_2025:2023:c23,23,done,MEASURED,2023,242,109.52999999999713,745.0400000000003,19728.5,-3726.400000000004,D:\QM\reports\work_items\f6cb19d7-97d6-5d85-9193-213c3f1516ae\QM5_41405\20260911_161736\raw\run_01\report.htm,53cd1da576750b44dbf19dfe46e3d7f53b99818e9816b60ad0ca86dc8277af4e,-7342.0700000000015,-3616.87,-0.3721555110626759,D:\QM\reports\work_items\f6cb19d7-97d6-5d85-9193-213c3f1516ae\QM5_41405\20260911_161736\summary.json,d8fcc14b8c474b8d520e0e9b634f08c5e7328070aa39be5915b11f73a8e54bf7,244
WINSWEEP_QM5_41405_USDJPY_DWX_2019_2025:2024:c23,23,done,MEASURED,2024,231,9375.479999999998,703.0100000000001,14844.03,-3516.200000000006,D:\QM\reports\work_items\572cfeb1-3a5d-53ef-9411-1161331f0875\QM5_41405\20260911_162130\raw\run_01\report.htm,dde033520301f9bce7fa6b1de2c9fe0ac0718bded31554233487f374a86319a7,2357.689999999999,5872.74,0.15883085658005267,D:\QM\reports\work_items\572cfeb1-3a5d-53ef-9411-1161331f0875\QM5_41405\20260911_162130\summary.json,521a68521d6fdc65d63a168e42f6cae95a8b4fae036f2108a704cde7ac30f2de,233
WINSWEEP_QM5_41405_USDJPY_DWX_2019_2025:2025:c23,23,done,MEASURED,2025,229,29029.360000000008,549.8900000000004,7841.51,-2750.6600000000026,D:\QM\reports\work_items\6c7a0a55-1dd0-528e-8fe9-6ee5ed3f6340\QM5_41405\20260911_162412\raw\run_01\report.htm,6ef76394f2a6d9068785a63ebcd91c8576ccde0a2f160652a4ec2575d2f869c9,23529.25,26278.7,3.000601924884365,D:\QM\reports\work_items\6c7a0a55-1dd0-528e-8fe9-6ee5ed3f6340\QM5_41405\20260911_162412\summary.json,f747cd60510a2419235e89486b900f4b23167782df262acf14711c576acbf9bc,229
WINSWEEP_QM5_41405_USDJPY_DWX_2019_2025:2019:c24,24,done,MEASURED,2019,97,-7298.199999999999,585.1299999999999,15988.69,-2926.2000000000003,D:\QM\reports\work_items\115c026d-0b36-5cfe-8a80-fbce5aa01be8\QM5_41405\20260911_162741\raw\run_01\report.htm,6d7fc5dd15fcf3168de51cd20a43aeb201473552b37207d0279878fb45dd0378,-13150.05,-10224.4,-0.8224595010598116,D:\QM\reports\work_items\115c026d-0b36-5cfe-8a80-fbce5aa01be8\QM5_41405\20260911_162741\summary.json,0146d199d13189c573f6996aaeb3b7e29ba36171ca4784de1b792d6fc79ea5dd,98
WINSWEEP_QM5_41405_USDJPY_DWX_2019_2025:2020:c24,24,done,MEASURED,2020,81,21942.549999999985,455.6200000000001,4876.15,-2278.4400000000005,D:\QM\reports\work_items\8b8e2068-fbfa-571b-9c00-6fce55dd6aa9\QM5_41405\20260911_162948\raw\run_01\report.htm,51a118c8876eea89a98ac40008d831069b7363936ceb14604187ffe976e688ce,17386.010000000002,19664.11,3.5655199286322206,D:\QM\reports\work_items\8b8e2068-fbfa-571b-9c00-6fce55dd6aa9\QM5_41405\20260911_162948\summary.json,c6fbed13f9fe38a544f6e0a361b7744016d316b68cd52310eab5f6f865343063,81
WINSWEEP_QM5_41405_USDJPY_DWX_2019_2025:2021:c24,24,done,MEASURED,2021,67,20696.950000000004,420.27,6976.31,-2101.7200000000016,D:\QM\reports\work_items\e7c23e54-4f6b-575e-a078-8a906a726707\QM5_41405\20260911_163231\raw\run_01\report.htm,1e8fe7d0aaa08e0846d881c142e62644b9706a33bff3c78d78a953a1389e380a,16493.88,18595.23,2.364269936399042,D:\QM\reports\work_items\e7c23e54-4f6b-575e-a078-8a906a726707\QM5_41405\20260911_163231\summary.json,6ad669d031cbde45b994ed6a5d5d98f92e53212b3bf31af41756073c5f0ede49,67
WINSWEEP_QM5_41405_USDJPY_DWX_2019_2025:2022:c24,24,done,MEASURED,2022,53,15921.850000000002,209.59000000000003,8564.59,-1048.259999999999,D:\QM\reports\work_items\c73f8149-4c25-58e0-a94e-b81a338d6d85\QM5_41405\20260911_163441\raw\run_01\report.htm,94eb9b3c87d818b57f5baa7ffa26844ae3711278823c3322f45c824cd46f0d4e,13825.64,14873.59,1.6142792591355803,D:\QM\reports\work_items\c73f8149-4c25-58e0-a94e-b81a338d6d85\QM5_41405\20260911_163441\summary.json,42aa823fac0e919e92fa1637543bc66473f3a164bd82ea3965f06c02c5836d43,53
WINSWEEP_QM5_41405_USDJPY_DWX_2019_2025:2023:c24,24,done,MEASURED,2023,84,14717.930000000004,384.64,7901.68,-1923.6200000000003,D:\QM\reports\work_items\d8b2830b-9eb3-5fd2-96f8-6d0e504e04a7\QM5_41405\20260911_163706\raw\run_01\report.htm,0be95eb63159fbc8d743adaa02f93f9d24d1178fb4b04ec62e6d971aeff8f251,10871.11,12794.31,1.37579729880228,D:\QM\reports\work_items\d8b2830b-9eb3-5fd2-96f8-6d0e504e04a7\QM5_41405\20260911_163706\summary.json,7be31cd2c0fa3e5a7bfaa42bb61487fedaa047219a27d305ad9c8381770afc10,84
WINSWEEP_QM5_41405_USDJPY_DWX_2019_2025:2024:c24,24,done,MEASURED,2024,60,7860.0599999999995,279.1099999999999,10191.57,-1395.7999999999997,D:\QM\reports\work_items\7d2ee8fd-2cde-5708-9e59-343c0053e8a5\QM5_41405\20260911_163945\raw\run_01\report.htm,59beda350d0507b9c4c6195e68c7a36714647f7aa094a7506ee45f9a3fd95ea2,5068.710000000001,6464.26,0.4973433926274363,D:\QM\reports\work_items\7d2ee8fd-2cde-5708-9e59-343c0053e8a5\QM5_41405\20260911_163945\summary.json,7894e3521e2b9caf67426720feaa12bc5c88fbfb922fa732c6bf3a326642121e,61
WINSWEEP_QM5_41405_USDJPY_DWX_2019_2025:2025:c24,24,done,MEASURED,2025,59,22117.63,199.02999999999994,5176.22,-995.4199999999995,D:\QM\reports\work_items\edeea41d-9695-5c61-9f9c-eaaef30cb106\QM5_41405\20260911_164235\raw\run_01\report.htm,7b68d3c9001f1c6ebe42662ae6ba7b147a761bac9ac1549875ffddd6ac185183,20127.059999999998,21122.21,3.888370277924817,D:\QM\reports\work_items\edeea41d-9695-5c61-9f9c-eaaef30cb106\QM5_41405\20260911_164235\summary.json,2909020ddc1980ea7c671daf9d220f26d3c680b1fc544d2e1168b3c6c3bfa6f5,59
WINSWEEP_QM5_41405_USDJPY_DWX_2019_2025:2019:c25,25,done,MEASURED,2019,219,-7711.659999999999,1056.4200000000005,17778.97,-5283.36,D:\QM\reports\work_items\9175cc9b-21c8-5d1f-8fb3-c2e4f9001b74\QM5_41405\20260911_164453\raw\run_01\report.htm,023a4117294d2ca5d89a5a16e02c18b39c0ffcc5f412f1a0d536809462b3730c,-18277.120000000003,-12995.02,-1.0280190584718913,D:\QM\reports\work_items\9175cc9b-21c8-5d1f-8fb3-c2e4f9001b74\QM5_41405\20260911_164453\summary.json,f2179a2d73b39cffb391b440322a4184002c96ca1290199ccbc7745a8e8c52fd,221
WINSWEEP_QM5_41405_USDJPY_DWX_2019_2025:2020:c25,25,done,MEASURED,2020,237,35963.85999999999,979.2400000000005,5587.48,-4897.399999999999,D:\QM\reports\work_items\8d5098d5-4585-5c1c-ae4d-35a5258b58c8\QM5_41405\20260911_164847\raw\run_01\report.htm,fe2a608ddf83a523aa72974c21d24115ff41b26159996fd6253a040828c5037d,26170.259999999995,31066.46,4.6837322012785725,D:\QM\reports\work_items\8d5098d5-4585-5c1c-ae4d-35a5258b58c8\QM5_41405\20260911_164847\summary.json,199eb3f418a076d7cef2cc2e4b4596d19f8f5180882f12fb15e3d3a3be2b0aad,237
WINSWEEP_QM5_41405_USDJPY_DWX_2019_2025:2021:c25,25,done,MEASURED,2021,242,20964.639999999996,1170.8000000000006,10167.5,-5855.280000000005,D:\QM\reports\work_items\1a815d01-dde5-5bae-b65c-b4c927e3cd11\QM5_41405\20260911_165218\raw\run_01\report.htm,806732fd8005c1724159a95242f9d62f1e7003495b226436b298316c7c1ff0c2,9255.359999999997,15109.36,0.9102886648635354,D:\QM\reports\work_items\1a815d01-dde5-5bae-b65c-b4c927e3cd11\QM5_41405\20260911_165218\summary.json,420e537b37a952ef62d0533cdd6af57e3782b0804806c494e7bc2ffeac982f66,243
WINSWEEP_QM5_41405_USDJPY_DWX_2019_2025:2022:c25,25,done,MEASURED,2022,232,35023.319999999985,613.6600000000002,11208.78,-3069.440000000002,D:\QM\reports\work_items\1821cf5b-e6c9-5401-b8d5-47d5cf6a227c\QM5_41405\20260911_165500\raw\run_01\report.htm,dae1df5e1107a0dc965cb64ebadf71a78144684c915ba1afe9ae5a34fca54503,28885.58,31953.88,2.577049420186675,D:\QM\reports\work_items\1821cf5b-e6c9-5401-b8d5-47d5cf6a227c\QM5_41405\20260911_165500\summary.json,1daa34ae7e4b476126fd678be3d64c02804570761f3c2d1a59ef66acdd53cdd7,232
WINSWEEP_QM5_41405_USDJPY_DWX_2019_2025:2023:c25,25,done,MEASURED,2023,242,8060.55,787.57,15802.32,-3939.1600000000008,D:\QM\reports\work_items\f3ea8989-1420-5e8e-8cc5-2460841d36ab\QM5_41405\20260911_165707\raw\run_01\report.htm,513d8b929753e99099e0fee76a1309722b853e4e1dd35cd937700e4168926d5d,183.53999999999996,4121.39,0.011614750239205381,D:\QM\reports\work_items\f3ea8989-1420-5e8e-8cc5-2460841d36ab\QM5_41405\20260911_165707\summary.json,9d6432dffb787a57346f028571139aca644d42ad69dba8b12f2667a479ffb374,244
WINSWEEP_QM5_41405_USDJPY_DWX_2019_2025:2024:c25,25,done,MEASURED,2024,234,7187.699999999999,756.7999999999997,15687.56,-3785.12,D:\QM\reports\work_items\dd1db7c2-dfe5-520e-bb95-dd4c5327519f\QM5_41405\20260911_165930\raw\run_01\report.htm,ac8af0ace7635f2e457b351a2ddec9c9fb9da98b937383a91c06c2f21fbc130a,-367.46999999999844,3416.53,-0.02342429287919845,D:\QM\reports\work_items\dd1db7c2-dfe5-520e-bb95-dd4c5327519f\QM5_41405\20260911_165930\summary.json,403c3639387d6f3a9c20a7b9cc6d0a614f02b984a951f045d1092d83168d6c9e,236
WINSWEEP_QM5_41405_USDJPY_DWX_2019_2025:2025:c25,25,done,MEASURED,2025,229,30578.37999999999,571.3700000000001,7370.62,-2857.9000000000015,D:\QM\reports\work_items\fc424ead-fdef-5644-8146-b05102850dfa\QM5_41405\20260911_170335\raw\run_01\report.htm,fc118f2d6c7e0a7844e0cc2e61ff3907325a91d7cd4d70ba237b296ca3e59333,24863.629999999997,27720.48,3.373343083756861,D:\QM\reports\work_items\fc424ead-fdef-5644-8146-b05102850dfa\QM5_41405\20260911_170335\summary.json,1b98c4c80a35952a6cf2bfc855afd82c6c35260f1d5d7b5fbe0da233e25d8af2,229
WINSWEEP_QM5_41405_USDJPY_DWX_2019_2025:2019:c26,26,done,MEASURED,2019,94,-7823.790000000004,507.4300000000001,15190.94,-2537.640000000002,D:\QM\reports\work_items\99fa6718-642f-5683-a7d6-c49f361c77a2\QM5_41405\20260911_170657\raw\run_01\report.htm,99c29ce06fab8bb4b0c4c6fc6953502c3e0fa31fe6663df9fc7a8958c3ca74a2,-12898.580000000002,-10361.43,-0.8490968959129588,D:\QM\reports\work_items\99fa6718-642f-5683-a7d6-c49f361c77a2\QM5_41405\20260911_170657\summary.json,b17ebf7b6952878d957423873b3ce763d99560e96cf69aabffb1ed37225d6042,96
WINSWEEP_QM5_41405_USDJPY_DWX_2019_2025:2020:c26,26,done,MEASURED,2020,79,12667.830000000004,397.1800000000001,5041.62,-1986.3200000000008,D:\QM\reports\work_items\8c7646f4-775d-5504-b201-654d5a1344d3\QM5_41405\20260911_171021\raw\run_01\report.htm,c8a6a7220bdce4980640a259d00d741a3bcb8fe8fcc8d2a8ed4268ccad56437d,8695.61,10681.51,1.7247650556765486,D:\QM\reports\work_items\8c7646f4-775d-5504-b201-654d5a1344d3\QM5_41405\20260911_171021\summary.json,ca8fc0c91611a201c1705c4ab2ebbeec6171ce825612fb1192ae4ca6e6738259,79
WINSWEEP_QM5_41405_USDJPY_DWX_2019_2025:2021:c26,26,done,MEASURED,2021,66,18761.030000000006,369.24999999999994,7259.12,-1846.56,D:\QM\reports\work_items\e9b46ddf-0bcc-52cd-9e1b-fd72b8d3c5b4\QM5_41405\20260911_171227\raw\run_01\report.htm,7398a203eb6389e553772f9469427a56ee40eda9d0c2da43acb584c43cafa36a,15068.220000000001,16914.47,2.0757640044523304,D:\QM\reports\work_items\e9b46ddf-0bcc-52cd-9e1b-fd72b8d3c5b4\QM5_41405\20260911_171227\summary.json,97fb38467c0d7ec934402d89fbf83640eaffe57280e47eec74195fd47f6b543c,66
WINSWEEP_QM5_41405_USDJPY_DWX_2019_2025:2022:c26,26,done,MEASURED,2022,53,13163.659999999996,195.12,8902.33,-975.9199999999998,D:\QM\reports\work_items\892461fc-142b-5d41-bc52-75c451a65626\QM5_41405\20260911_171437\raw\run_01\report.htm,900a2286ca6525d696aef9f23c14f62c03f535f32b9983dd96e2a79decc4afe7,11212.14,12187.74,1.259461287101242,D:\QM\reports\work_items\892461fc-142b-5d41-bc52-75c451a65626\QM5_41405\20260911_171437\summary.json,50b7de723c72de6f1eebc1d630a7a31d8600c1b6f1ea110a4c9420691f8d432a,53
WINSWEEP_QM5_41405_USDJPY_DWX_2019_2025:2023:c26,26,done,MEASURED,2023,84,7405.829999999997,358.18,9492.04,-1791.3400000000004,D:\QM\reports\work_items\f7ee33fa-2e2e-5274-9469-aa17f3479e01\QM5_41405\20260911_171813\raw\run_01\report.htm,0b51dd591b82539eb20b9989650fff19a9e64536e09d28276a16b1d7702a7c3c,3823.5899999999997,5614.49,0.40282067922174786,D:\QM\reports\work_items\f7ee33fa-2e2e-5274-9469-aa17f3479e01\QM5_41405\20260911_171813\summary.json,01a081f3828acacb348d3bacad2b7b71c621644631c76d5084ad587d8b5d04bd,84
WINSWEEP_QM5_41405_USDJPY_DWX_2019_2025:2024:c26,26,done,MEASURED,2024,59,9106.710000000001,254.80000000000004,10069.59,-1274.3000000000006,D:\QM\reports\work_items\41fe29f8-0181-5598-a594-a5b8921c1530\QM5_41405\20260911_172116\raw\run_01\report.htm,ecc1902d9669cdcc514e044fc93cc62bb003a07d674950cecfe4412203d6f13c,6558.41,7832.41,0.6513085438433938,D:\QM\reports\work_items\41fe29f8-0181-5598-a594-a5b8921c1530\QM5_41405\20260911_172116\summary.json,0654e74f935447a42be8af05cc3447f539c03f59540b3289197c4d3dafe2e8b4,60
WINSWEEP_QM5_41405_USDJPY_DWX_2019_2025:2025:c26,26,done,MEASURED,2025,59,21538.81,189.48999999999992,4612.77,-947.7399999999997,D:\QM\reports\work_items\9577ae2a-62f5-5851-bc77-a7c38715cc5a\QM5_41405\20260911_172433\raw\run_01\report.htm,31a5cb68c4eff6c6ebeb0ca5cad8d4cc8c9fceab6ac2c1c1149d6417f01c7e3e,19643.62,20591.07,4.258530123981902,D:\QM\reports\work_items\9577ae2a-62f5-5851-bc77-a7c38715cc5a\QM5_41405\20260911_172433\summary.json,32039f285f634da892ea1074f1ee07efa4488305b535d68492672a010486b888,59
WINSWEEP_QM5_41405_USDJPY_DWX_2019_2025:2019:c27,27,done,MEASURED,2019,212,-10529.329999999996,922.23,19665.45,-4612.280000000003,D:\QM\reports\work_items\5257d0fa-cd7a-53b3-bcde-fba8e3ccdfd2\QM5_41405\20260911_172722\raw\run_01\report.htm,1bce39439a0eb309d2f0b6475131196a3612de31d8f08667baa97cb4614e944e,-19752.760000000002,-15141.61,-1.0044397661889253,D:\QM\reports\work_items\5257d0fa-cd7a-53b3-bcde-fba8e3ccdfd2\QM5_41405\20260911_172722\summary.json,75455bfb31e03beb7e647b698ff3a0c6a9e5a15697592c801b34687bdc3ef5df,215
WINSWEEP_QM5_41405_USDJPY_DWX_2019_2025:2020:c27,27,done,MEASURED,2020,231,27223.820000000003,872.6300000000001,7054.03,-4364.340000000003,D:\QM\reports\work_items\a6d041b1-61b3-5d2c-9153-09acfe9cacb4\QM5_41405\20260911_173126\raw\run_01\report.htm,491a3bc1524de45e27c564ab051fd720af0d093fdb97abcc6dc3fd22226e04db,18496.329999999998,22859.48,2.622094037025643,D:\QM\reports\work_items\a6d041b1-61b3-5d2c-9153-09acfe9cacb4\QM5_41405\20260911_173126\summary.json,174e6a9aacf21b059bd1eede5b012a77db2b9685d88bb2a5b78ff6ac02c2fc66,231
WINSWEEP_QM5_41405_USDJPY_DWX_2019_2025:2021:c27,27,done,MEASURED,2021,236,16309.369999999992,1045.9600000000005,13697.78,-5230.899999999997,D:\QM\reports\work_items\746e2c57-168a-5db3-b811-ca3eb1798db0\QM5_41405\20260911_173409\raw\run_01\report.htm,3c1e992f86bcc17a70e963a82699288225f39306c1ae7519cd5044640bae8e25,5848.669999999996,11078.47,0.4269794083420814,D:\QM\reports\work_items\746e2c57-168a-5db3-b811-ca3eb1798db0\QM5_41405\20260911_173409\summary.json,90107118d821bb8682d2f3b1a5c7757b5923ddf56769cbd38ef2a24f54ce059e,237
WINSWEEP_QM5_41405_USDJPY_DWX_2019_2025:2022:c27,27,done,MEASURED,2022,226,31660.230000000018,569.3800000000001,10868.19,-2848.040000000003,D:\QM\reports\work_items\6d7ad87d-f5e8-57b5-86c0-922f0509ee2c\QM5_41405\20260911_173615\raw\run_01\report.htm,ad7f695f805debe567afc58500a67d3240d3e35149eaae57b5391bbed5d275d1,25965.289999999997,28812.19,2.3891089500643616,D:\QM\reports\work_items\6d7ad87d-f5e8-57b5-86c0-922f0509ee2c\QM5_41405\20260911_173615\summary.json,f6b4a3b88f3b94550b27321a9c672bd9370f4cf59e58b9c8504b2d6f637b5f9a,226
WINSWEEP_QM5_41405_USDJPY_DWX_2019_2025:2023:c27,27,done,MEASURED,2023,242,109.52999999999713,745.0400000000003,19728.5,-3726.400000000004,D:\QM\reports\work_items\fdb3fb25-f1a8-50a2-bd42-ea2503fc8418\QM5_41405\20260911_173932\raw\run_01\report.htm,89154638f4d756e178fedaf322ad8afaedf9b44a43c94f50c4fa124acadf30a0,-7342.0700000000015,-3616.87,-0.3721555110626759,D:\QM\reports\work_items\fdb3fb25-f1a8-50a2-bd42-ea2503fc8418\QM5_41405\20260911_173932\summary.json,7a4fd9897920ce12a7a3ec2a1193abd40228f2ddbdb0103720072a74fc52e832,244
WINSWEEP_QM5_41405_USDJPY_DWX_2019_2025:2024:c27,27,done,MEASURED,2024,231,9375.479999999998,703.0100000000001,14844.03,-3516.200000000006,D:\QM\reports\work_items\213798b9-10fe-551b-bc53-23b3fd395fd6\QM5_41405\20260911_174207\raw\run_01\report.htm,3ef002839d46165903e5b13e2a3c8192fad465c5be722c2d82c52b267216defc,2357.689999999999,5872.74,0.15883085658005267,D:\QM\reports\work_items\213798b9-10fe-551b-bc53-23b3fd395fd6\QM5_41405\20260911_174207\summary.json,a31c00f85d43166f04ead8ced5bf838544bb1c7162114513dc4af852089a0f23,233
WINSWEEP_QM5_41405_USDJPY_DWX_2019_2025:2025:c27,27,done,MEASURED,2025,229,29029.360000000008,549.8900000000004,7841.51,-2750.6600000000026,D:\QM\reports\work_items\ad1acd60-6d3c-5803-93bc-f2e94eda766b\QM5_41405\20260911_174441\raw\run_01\report.htm,74f4e2bdd3d797469008f18a5e527764e1219d899cf2d31344dbb512fe1391a4,23529.25,26278.7,3.000601924884365,D:\QM\reports\work_items\ad1acd60-6d3c-5803-93bc-f2e94eda766b\QM5_41405\20260911_174441\summary.json,d316c8ed0610a1e7230cee1582932f6d3bfafc862eaa01808263c63db6aa2da9,229
WINSWEEP_QM5_41405_USDJPY_DWX_2019_2025:2019:c28,28,done,MEASURED,2019,97,-7298.199999999999,585.1299999999999,15988.69,-2926.2000000000003,D:\QM\reports\work_items\cc81bfff-e8ae-5572-bf80-238bd24f8d5e\QM5_41405\20260911_174747\raw\run_01\report.htm,f93d6082f84058f0bcb1404ec5d356d75bfa4387c97d85361a3f204d70ec6ab0,-13150.05,-10224.4,-0.8224595010598116,D:\QM\reports\work_items\cc81bfff-e8ae-5572-bf80-238bd24f8d5e\QM5_41405\20260911_174747\summary.json,fdbfede873535bac1890e60b0e29b84a52b4b22a0fa56fd9302055cd83cbca77,98
WINSWEEP_QM5_41405_USDJPY_DWX_2019_2025:2020:c28,28,done,MEASURED,2020,80,21431.109999999986,450.92000000000013,4876.15,-2254.94,D:\QM\reports\work_items\9c1e4ba1-600a-57e1-9a71-68fd6a5249d9\QM5_41405\20260911_174942\raw\run_01\report.htm,41de3d5cc4464dfdee7091aa54d89fa84cafe1c610fb06f01d070f56876bba9e,16921.569999999996,19176.17,3.470272653630425,D:\QM\reports\work_items\9c1e4ba1-600a-57e1-9a71-68fd6a5249d9\QM5_41405\20260911_174942\summary.json,0288463139a3df79ef95428c8f664540226c16a39fa9fc1fdd82d23b7605b2f6,80
WINSWEEP_QM5_41405_USDJPY_DWX_2019_2025:2021:c28,28,done,MEASURED,2021,67,20696.950000000004,420.27,6976.31,-2101.7200000000016,D:\QM\reports\work_items\8a8ef9fa-d377-528b-9bd8-6c46f47b321a\QM5_41405\20260911_175220\raw\run_01\report.htm,6138799b9ff628a28c118ac239fbc4dc70b1a3526f24309e893c604a3a5cb2ec,16493.88,18595.23,2.364269936399042,D:\QM\reports\work_items\8a8ef9fa-d377-528b-9bd8-6c46f47b321a\QM5_41405\20260911_175220\summary.json,e1721b8c69c7634706f18ea4d93309895d7fa279704db79d61178a4ae4f727c3,67
WINSWEEP_QM5_41405_USDJPY_DWX_2019_2025:2022:c28,28,done,MEASURED,2022,53,15921.850000000002,209.59000000000003,8564.59,-1048.259999999999,D:\QM\reports\work_items\fbf27daa-33df-5814-b08c-90044f969bb7\QM5_41405\20260911_175452\raw\run_01\report.htm,e9abe0ff3636e585f73ed24b25bd15683e042dc68782acbad2a6102d66179dc6,13825.64,14873.59,1.6142792591355803,D:\QM\reports\work_items\fbf27daa-33df-5814-b08c-90044f969bb7\QM5_41405\20260911_175452\summary.json,9340c454d06930ee853057b881c88ba32f11265d54000a196230162291bec2b5,53
WINSWEEP_QM5_41405_USDJPY_DWX_2019_2025:2023:c28,28,done,MEASURED,2023,82,13543.41,372.60999999999996,9052.32,-1863.4800000000007,D:\QM\reports\work_items\337c0970-22a8-5f26-9d4a-625459fe5654\QM5_41405\20260911_175715\raw\run_01\report.htm,71bdcc6c1efce3b0173bbf804144e4482a8abc3f510f30d8d8861b7b447e2fef,9816.880000000001,11679.93,1.0844601163016776,D:\QM\reports\work_items\337c0970-22a8-5f26-9d4a-625459fe5654\QM5_41405\20260911_175715\summary.json,d5cc9d7e77ca9dcae62edf6c4a299743b672f02df6d2568f32073c58dbb58182,82
WINSWEEP_QM5_41405_USDJPY_DWX_2019_2025:2024:c28,28,done,MEASURED,2024,59,1362.6299999999987,268.56999999999994,13710.38,-1343.1,D:\QM\reports\work_items\e66c00ad-41d4-5efb-85a4-2ca9df8977c3\QM5_41405\20260911_175939\raw\run_01\report.htm,b87e49f88e0023a520966c93c534fc1106ee45e6574a5682d42df6a2f13155b6,-1323.3199999999997,19.53,-0.09651957130291063,D:\QM\reports\work_items\e66c00ad-41d4-5efb-85a4-2ca9df8977c3\QM5_41405\20260911_175939\summary.json,fbec7cfa093691ad76b0662c8ffbe6193c469ef394f3b290e7835c51a9b5ee5d,60
WINSWEEP_QM5_41405_USDJPY_DWX_2019_2025:2025:c28,28,done,MEASURED,2025,59,22115.44,199.04999999999993,5178.51,-995.5199999999995,D:\QM\reports\work_items\98f05aec-a629-5192-9b0c-09895139d425\QM5_41405\20260911_180222\raw\run_01\report.htm,bc11c054f2df31a6e1c149a9a95d59b829e2fd0387f67a7a9e382a46d833bb1b,20124.67,21119.92,3.8861892706589343,D:\QM\reports\work_items\98f05aec-a629-5192-9b0c-09895139d425\QM5_41405\20260911_180222\summary.json,4abfa915131c1eda7b593ec5583a23b386c7f42e7e712bb36c2cb5f591365dbb,59
WINSWEEP_QM5_41405_USDJPY_DWX_2019_2025:2019:c29,29,done,MEASURED,2019,218,-7982.119999999998,1052.1500000000005,17778.97,-5261.999999999999,D:\QM\reports\work_items\42d20283-be06-5d05-9152-75357fc6789b\QM5_41405\20260911_180451\raw\run_01\report.htm,bb8e3fcb8953e7bd01843726a55136ba9f1e1d141d4e40ed2a4cded9ec08f72c,-18504.870000000003,-13244.12,-1.040829136896007,D:\QM\reports\work_items\42d20283-be06-5d05-9152-75357fc6789b\QM5_41405\20260911_180451\summary.json,a362fc433697c349ff4ab8a74783bf4238986966c0705d1dc26726029332114d,220
WINSWEEP_QM5_41405_USDJPY_DWX_2019_2025:2020:c29,29,done,MEASURED,2020,236,35452.42,974.5400000000004,5593.52,-4873.9,D:\QM\reports\work_items\c7f23005-ed44-5a22-bc23-07de7a5efee9\QM5_41405\20260911_180715\raw\run_01\report.htm,85af8f8d89c0608b39d6bfcad8031e89173b64d014cd552c5b8c598016019ac6,25705.82,30578.52,4.595642815257655,D:\QM\reports\work_items\c7f23005-ed44-5a22-bc23-07de7a5efee9\QM5_41405\20260911_180715\summary.json,6299886cf0eba02adc8a8d70fe816e1550a807f14dc69a44f3867e8fbc354af0,236
WINSWEEP_QM5_41405_USDJPY_DWX_2019_2025:2021:c29,29,done,MEASURED,2021,241,21172.780000000002,1166.8900000000006,10167.5,-5835.720000000006,D:\QM\reports\work_items\b3cef56c-d34d-519a-a013-6fb2d26c3b39\QM5_41405\20260911_180958\raw\run_01\report.htm,a71d0340147f1b5f436501b3ef8ea73b35d4aa3250ba74a8747eef5358b22202,9502.609999999997,15337.06,0.9346063437423159,D:\QM\reports\work_items\b3cef56c-d34d-519a-a013-6fb2d26c3b39\QM5_41405\20260911_180958\summary.json,8536e1c4903dcc73791c21f58edcd7cd0a7621e588ad6bf1cbfc8eb3394128a3,242
WINSWEEP_QM5_41405_USDJPY_DWX_2019_2025:2022:c29,29,done,MEASURED,2022,231,34909.92999999998,611.2900000000002,11310.31,-3057.580000000002,D:\QM\reports\work_items\e11dfaed-2615-5cfd-8d90-34c8183201ec\QM5_41405\20260911_181226\raw\run_01\report.htm,13cb0cc5c256e9ce5ce5384371324460a689753234ee2a97459a2563b7980ccb,28795.899999999998,31852.35,2.5459868031910706,D:\QM\reports\work_items\e11dfaed-2615-5cfd-8d90-34c8183201ec\QM5_41405\20260911_181226\summary.json,a97a83641d71e0415df46e6374e7224458b6ee835e48fb1698458039b02e1113,231
WINSWEEP_QM5_41405_USDJPY_DWX_2019_2025:2023:c29,29,done,MEASURED,2023,237,6199.950000000001,761.25,16907.96,-3807.540000000001,D:\QM\reports\work_items\a8bf0f99-4713-5684-be34-93fd8e0d3c4c\QM5_41405\20260911_181504\raw\run_01\report.htm,fb287c4cf8340a2a60ffcbe099973e3104fa8b909c62a40893a7fce9ad3f95d4,-1413.8400000000001,2392.41,-0.08361978618354907,D:\QM\reports\work_items\a8bf0f99-4713-5684-be34-93fd8e0d3c4c\QM5_41405\20260911_181504\summary.json,8634975adcb5ef49854a3a3c598aed0b0f11deebc1cc5325db377614ade14181,239
WINSWEEP_QM5_41405_USDJPY_DWX_2019_2025:2024:c29,29,done,MEASURED,2024,231,-212.49000000000183,742.1199999999998,22306.38,-3711.7200000000003,D:\QM\reports\work_items\1e37e84a-648d-5311-b20c-04b9d722293e\QM5_41405\20260911_181734\raw\run_01\report.htm,c839b479d1df3e8d0b878dc1f574c1994e07c6cf2923ed5914724d196b6d6ed6,-7620.859999999999,-3910.26,-0.341644856762953,D:\QM\reports\work_items\1e37e84a-648d-5311-b20c-04b9d722293e\QM5_41405\20260911_181734\summary.json,14d63ea274a8be9474287c445c0861cf8d7b28200af3885e85c72df7510d7064,233
WINSWEEP_QM5_41405_USDJPY_DWX_2019_2025:2025:c29,29,done,MEASURED,2025,228,30563.51999999999,569.2700000000002,7370.62,-2847.400000000002,D:\QM\reports\work_items\42b1d3cb-3405-5c87-9b28-f8ad1fff3192\QM5_41405\20260911_182007\raw\run_01\report.htm,bfefb183cc4e59020e808a3a405528ca5c4d5673ca87be63d3d88b231e898181,24869.769999999997,27716.12,3.3741761208690715,D:\QM\reports\work_items\42b1d3cb-3405-5c87-9b28-f8ad1fff3192\QM5_41405\20260911_182007\summary.json,a0354d97096018da79e36e16b5d9ee2facbd42ac55eb5fb257de1c8c5fc89d4e,228
WINSWEEP_QM5_41405_USDJPY_DWX_2019_2025:2019:c30,30,done,MEASURED,2019,94,-7823.790000000004,507.4300000000001,15190.94,-2537.640000000002,D:\QM\reports\work_items\5acf16d1-7ea3-592b-9895-b9f586d98e40\QM5_41405\20260911_182254\raw\run_01\report.htm,f299e42fc029a3b81e11d23717acf92aa319e44b2be4b2b434832b419585f444,-12898.580000000002,-10361.43,-0.8490968959129588,D:\QM\reports\work_items\5acf16d1-7ea3-592b-9895-b9f586d98e40\QM5_41405\20260911_182254\summary.json,420e7b341a7faa25abaa7e67900030371446e2d46665056f7bf1a4638a9b6ec4,96
WINSWEEP_QM5_41405_USDJPY_DWX_2019_2025:2020:c30,30,done,MEASURED,2020,79,12667.830000000004,397.1800000000001,5041.62,-1986.3200000000008,D:\QM\reports\work_items\975dd904-4667-5b6a-8d5f-67e40cedef8a\QM5_41405\20260911_182500\raw\run_01\report.htm,876657ca28758f7a83138dd06c51d6f55b0acd0ab3d5d2d4498abc50d433735e,8695.61,10681.51,1.7247650556765486,D:\QM\reports\work_items\975dd904-4667-5b6a-8d5f-67e40cedef8a\QM5_41405\20260911_182500\summary.json,96de6d67ddddcfc9f97cb1657a0190488aaedde7ce93980d10dc60f594899666,79
WINSWEEP_QM5_41405_USDJPY_DWX_2019_2025:2021:c30,30,done,MEASURED,2021,66,18761.030000000006,369.24999999999994,7259.12,-1846.56,D:\QM\reports\work_items\50cf69d0-f823-5db2-b5e3-57995f925eae\QM5_41405\20260911_182728\raw\run_01\report.htm,d5b388eb47a97520341a2389e68a3240f5d2327619d8e4bd3f3fe36b2649a58b,15068.220000000001,16914.47,2.0757640044523304,D:\QM\reports\work_items\50cf69d0-f823-5db2-b5e3-57995f925eae\QM5_41405\20260911_182728\summary.json,43917e463d4b7932cda019a18389f31dcf942e79873ca0861e35cf1b5389e3aa,66
WINSWEEP_QM5_41405_USDJPY_DWX_2019_2025:2022:c30,30,done,MEASURED,2022,53,13163.659999999996,195.12,8902.33,-975.9199999999998,D:\QM\reports\work_items\03b13350-8fea-5b25-a6dc-ebce4631a91b\QM5_41405\20260911_182938\raw\run_01\report.htm,89a747e3ad8baa9afb5118702d4a89a714070fbeb376e51df3c629d266cf50ea,11212.14,12187.74,1.259461287101242,D:\QM\reports\work_items\03b13350-8fea-5b25-a6dc-ebce4631a91b\QM5_41405\20260911_182938\summary.json,8b2cb3424375b35c1f87bc760d3c726291ce5c9ee797842c856c7b0b21eff3a0,53
WINSWEEP_QM5_41405_USDJPY_DWX_2019_2025:2023:c30,30,done,MEASURED,2023,84,7405.829999999997,358.18,9492.04,-1791.3400000000004,D:\QM\reports\work_items\bafefe28-3d53-5ca1-b633-ea381a4f8c66\QM5_41405\20260911_183203\raw\run_01\report.htm,3fd1b3ef797554e73553c383c18228dadf5d4b282c950c6ae2de188abcde13df,3823.5899999999997,5614.49,0.40282067922174786,D:\QM\reports\work_items\bafefe28-3d53-5ca1-b633-ea381a4f8c66\QM5_41405\20260911_183203\summary.json,d7810fdf4f73f8f4ac9e052147cde81fe146cf0d3cda669f14f3fd9af06a9bc5,84
WINSWEEP_QM5_41405_USDJPY_DWX_2019_2025:2024:c30,30,done,MEASURED,2024,59,9106.710000000001,254.80000000000004,10069.59,-1274.3000000000006,D:\QM\reports\work_items\93ebdb08-d5f3-5e72-950e-15fe9203af23\QM5_41405\20260911_183416\raw\run_01\report.htm,92cbb1e492680a263aa8431afcb01a48beaedb737a18b910e9d198e23eee179d,6558.41,7832.41,0.6513085438433938,D:\QM\reports\work_items\93ebdb08-d5f3-5e72-950e-15fe9203af23\QM5_41405\20260911_183416\summary.json,ea55ff025ff92f96e7020116bef96fc744f989616c990b25bc8adf9bcb2b1956,60
WINSWEEP_QM5_41405_USDJPY_DWX_2019_2025:2025:c30,30,done,MEASURED,2025,59,21538.81,189.48999999999992,4612.77,-947.7399999999997,D:\QM\reports\work_items\c76b6f2a-b777-5722-8a9d-6e05998e1570\QM5_41405\20260911_183617\raw\run_01\report.htm,4cca65d0f94e2137ccc288efbb88ab577e244992ca7d3078e9c9989d5078d809,19643.62,20591.07,4.258530123981902,D:\QM\reports\work_items\c76b6f2a-b777-5722-8a9d-6e05998e1570\QM5_41405\20260911_183617\summary.json,07815f47db1af22999fc0e03acb392d4422e0c7fecfb1a6e3ded19269ae352d1,59
WINSWEEP_QM5_41405_USDJPY_DWX_2019_2025:2019:c31,31,done,MEASURED,2019,212,-10529.329999999996,922.23,19665.45,-4612.280000000003,D:\QM\reports\work_items\adda4f5d-2893-5c9b-bf9b-483756d80e07\QM5_41405\20260911_183929\raw\run_01\report.htm,6db9ae100b993bd31d6fd7a9978ba4b0a4c041745fe45e17b02de42542f00c09,-19752.760000000002,-15141.61,-1.0044397661889253,D:\QM\reports\work_items\adda4f5d-2893-5c9b-bf9b-483756d80e07\QM5_41405\20260911_183929\summary.json,092cee7a0acc5804290500cae6142bcecf6dc1be03ff4abc5efc840a85237849,215
WINSWEEP_QM5_41405_USDJPY_DWX_2019_2025:2020:c31,31,done,MEASURED,2020,231,27223.820000000003,872.6300000000001,7054.03,-4364.340000000003,D:\QM\reports\work_items\8b29ddfc-53aa-58ac-afa8-8cc603f48dcc\QM5_41405\20260911_184142\raw\run_01\report.htm,3863f5bceef7fcdf769ed93b8e1197260fdbd5d3b38862997403ed0b4e38fe47,18496.329999999998,22859.48,2.622094037025643,D:\QM\reports\work_items\8b29ddfc-53aa-58ac-afa8-8cc603f48dcc\QM5_41405\20260911_184142\summary.json,8cf0d15972ed19cc5f5c0c354aef9669766968be89c07e9093fe8b4ab8f3e607,231
WINSWEEP_QM5_41405_USDJPY_DWX_2019_2025:2021:c31,31,done,MEASURED,2021,236,16309.369999999992,1045.9600000000005,13697.78,-5230.899999999997,D:\QM\reports\work_items\43ca51ae-afa5-58a7-8e10-4aa401be7242\QM5_41405\20260911_184356\raw\run_01\report.htm,6a826dfba1df979be578344de16ee48f3e8710ba487257784471af8294510483,5848.669999999996,11078.47,0.4269794083420814,D:\QM\reports\work_items\43ca51ae-afa5-58a7-8e10-4aa401be7242\QM5_41405\20260911_184356\summary.json,d673e48e65e3979d420bbb06f66fbf818e33dccf9c9e39e5942bb6814058859a,237
WINSWEEP_QM5_41405_USDJPY_DWX_2019_2025:2022:c31,31,done,MEASURED,2022,226,31660.230000000018,569.3800000000001,10868.19,-2848.040000000003,D:\QM\reports\work_items\b253003b-8dba-5a22-a036-7e82135d1587\QM5_41405\20260911_184605\raw\run_01\report.htm,1c62e8f15b33dc3cada8e352ed098d4a0398a30dca0f432eabffe2950ac01030,25965.289999999997,28812.19,2.3891089500643616,D:\QM\reports\work_items\b253003b-8dba-5a22-a036-7e82135d1587\QM5_41405\20260911_184605\summary.json,8f570cf6752bac0692092d6d9c5d77338d92e4d4dd2a6c110540608d80f9f1fa,226
WINSWEEP_QM5_41405_USDJPY_DWX_2019_2025:2023:c31,31,done,MEASURED,2023,242,109.52999999999713,745.0400000000003,19728.5,-3726.400000000004,D:\QM\reports\work_items\692483a1-6b9e-5208-a911-ea4860b0af3d\QM5_41405\20260911_184830\raw\run_01\report.htm,b882317a4ef3f85097e3542204d3c092bd37879990ec627e524b9d5e7c653414,-7342.0700000000015,-3616.87,-0.3721555110626759,D:\QM\reports\work_items\692483a1-6b9e-5208-a911-ea4860b0af3d\QM5_41405\20260911_184830\summary.json,c584bc3afe692dd92050ac903fcde9100e8296314e8dbd98d6372cbbcfdd918c,244
WINSWEEP_QM5_41405_USDJPY_DWX_2019_2025:2024:c31,31,done,MEASURED,2024,231,9375.479999999998,703.0100000000001,14844.03,-3516.200000000006,D:\QM\reports\work_items\a66d7737-2901-5c75-b8fa-ed068f0bed81\QM5_41405\20260911_185105\raw\run_01\report.htm,cef9d3feb1728ca9f09701688c3b48d06c8e696ba937f29712fb835a2200d9af,2357.689999999999,5872.74,0.15883085658005267,D:\QM\reports\work_items\a66d7737-2901-5c75-b8fa-ed068f0bed81\QM5_41405\20260911_185105\summary.json,766a68901f1f1737a17457225fb6796fe584498490b254690d0600ecc9fd12a8,233
WINSWEEP_QM5_41405_USDJPY_DWX_2019_2025:2025:c31,31,done,MEASURED,2025,229,29029.360000000008,549.8900000000004,7841.51,-2750.6600000000026,D:\QM\reports\work_items\bb69f173-2120-5525-b3df-7b6665dd8e39\QM5_41405\20260911_185327\raw\run_01\report.htm,4f8f9fbdf3d2b2d380c8d53f04059a1c6b6d2cb30934642853385ec34a9867e6,23529.25,26278.7,3.000601924884365,D:\QM\reports\work_items\bb69f173-2120-5525-b3df-7b6665dd8e39\QM5_41405\20260911_185327\summary.json,801bb22848af76209735bfa81bdfbf37b6aa37a85225a178c6d623b1f70baec3,229
WINSWEEP_QM5_41405_USDJPY_DWX_2019_2025:2019:c32,32,done,MEASURED,2019,81,-6563.21,506.88999999999993,13038.52,-2534.939999999999,D:\QM\reports\work_items\c914fc13-50b8-5c7a-9c84-be6f0ab331b8\QM5_41405\20260911_185557\raw\run_01\report.htm,bef20283353a81f23b0621a560061f2e719cef4ce2634eceb3a04923d8bc40d7,-11632.599999999999,-9098.15,-0.8921718109110541,D:\QM\reports\work_items\c914fc13-50b8-5c7a-9c84-be6f0ab331b8\QM5_41405\20260911_185557\summary.json,f6de52d3fe11fa837e6c0c4833b15d3f898abd91f63cbd94eab8d16cdbfbedd2,82
WINSWEEP_QM5_41405_USDJPY_DWX_2019_2025:2020:c32,32,done,MEASURED,2020,65,18230.829999999998,388.83,7677.07,-1944.34,D:\QM\reports\work_items\953477ca-2718-576f-bf19-9437f5e8dc9c\QM5_41405\20260911_185850\raw\run_01\report.htm,8456a154b3062765db4b7a565c08bd10f2fc8042866fbe68bc4cfee417c2120a,14342.34,16286.49,1.8682049271401722,D:\QM\reports\work_items\953477ca-2718-576f-bf19-9437f5e8dc9c\QM5_41405\20260911_185850\summary.json,12c8961b2a242ea9d01dc66b27ce4a4553c0971c363c1092b3626d16fa00d26a,65
WINSWEEP_QM5_41405_USDJPY_DWX_2019_2025:2021:c32,32,done,MEASURED,2021,46,17058.950000000004,304.04,5003.36,-1520.4400000000005,D:\QM\reports\work_items\b81077a9-e797-5fbf-8220-5824963716f0\QM5_41405\20260911_190204\raw\run_01\report.htm,b10933cda58a7195c07eba09279be1f60ea89262253b0ea97e1d2b5277f01c50,14018.31,15538.51,2.80177920437466,D:\QM\reports\work_items\b81077a9-e797-5fbf-8220-5824963716f0\QM5_41405\20260911_190204\summary.json,0ecbc1392b8f86eb091963a24e7af6330e340c00e677be9d6de03cd4da1ddd5e,46
WINSWEEP_QM5_41405_USDJPY_DWX_2019_2025:2022:c32,32,done,MEASURED,2022,46,16226.52,186.80999999999997,7595.08,-934.3000000000004,D:\QM\reports\work_items\5f2e2fe9-9460-50a8-9567-c8e57372568c\QM5_41405\20260911_190450\raw\run_01\report.htm,58eac9ba143c3cec9362d31b043a9935823cbe36871e87522c3f5786753b51a8,14358.17,15292.22,1.8904567167166113,D:\QM\reports\work_items\5f2e2fe9-9460-50a8-9567-c8e57372568c\QM5_41405\20260911_190450\summary.json,b9e5733e76dc1b0386e812536b338d740b2525f9ad6b45b9824068b9000cc327,46
WINSWEEP_QM5_41405_USDJPY_DWX_2019_2025:2023:c32,32,done,MEASURED,2023,52,-2796.2200000000003,248.26999999999998,12298.24,-1241.5999999999997,D:\QM\reports\work_items\df943a53-bc5a-527e-aa83-0ff6b3baf1c0\QM5_41405\20260911_190832\raw\run_01\report.htm,591bce9043d7b0798306b7fe648d641def64082cb74fd9ab142c96f6832d1124,-5279.17,-4037.82,-0.42926223589716905,D:\QM\reports\work_items\df943a53-bc5a-527e-aa83-0ff6b3baf1c0\QM5_41405\20260911_190832\summary.json,32f4ad0279877691fd1cdb002bfda8c1043dc9506982288c2734359df18ca9d6,52
WINSWEEP_QM5_41405_USDJPY_DWX_2019_2025:2024:c32,32,done,MEASURED,2024,47,13373.94,240.74999999999997,9639.97,-1203.9800000000002,D:\QM\reports\work_items\6db80819-0b27-53ff-bb6e-0fb2cc52d9eb\QM5_41405\20260911_191214\raw\run_01\report.htm,0f6bc9cc47294aebd95aeb8cf723c82aa3dac3918cd20e9a595e1cad3eb1d035,10966.21,12169.96,1.1375771916302644,D:\QM\reports\work_items\6db80819-0b27-53ff-bb6e-0fb2cc52d9eb\QM5_41405\20260911_191214\summary.json,ebd5f10199ab06cfa217ba7da1151fd6b627b0ede2fda001efd8fd2597f25c49,49
WINSWEEP_QM5_41405_USDJPY_DWX_2019_2025:2025:c32,32,done,MEASURED,2025,41,11747.56,140.23,3514.04,-701.3200000000002,D:\QM\reports\work_items\e5d64886-6b22-5b4c-8241-106f1eda716d\QM5_41405\20260911_191450\raw\run_01\report.htm,85d7bb264295148a4d84baaf531710336646f535ddba8d2f0511c5288a9a416a,10345.09,11046.24,2.943930632548292,D:\QM\reports\work_items\e5d64886-6b22-5b4c-8241-106f1eda716d\QM5_41405\20260911_191450\summary.json,3d824016162be5194c1e60241db165b097febe9975c9c6931220512ab21addb8,41
WINSWEEP_QM5_41405_USDJPY_DWX_2019_2025:2019:c33,33,done,MEASURED,2019,233,-2872.9300000000007,1114.5700000000004,16672.86,-5574.219999999998,D:\QM\reports\work_items\ba1dce34-19a9-53f9-9f41-3adfaf8db0fd\QM5_41405\20260911_191801\raw\run_01\report.htm,47fcdb0eddcd3c3f92178d8c128570d07c3c56415332c37de9c6a2522b2fbd5c,-14020.000000000002,-8447.15,-0.840887526195266,D:\QM\reports\work_items\ba1dce34-19a9-53f9-9f41-3adfaf8db0fd\QM5_41405\20260911_191801\summary.json,c5e994b58977f2d5a0fbaab75ae34e329bcd39dc71934813a75f405970598d7a,235
WINSWEEP_QM5_41405_USDJPY_DWX_2019_2025:2020:c33,33,done,MEASURED,2020,244,29331.559999999998,1016.5999999999999,6829.97,-5084.139999999996,D:\QM\reports\work_items\350ea7c4-2822-57e9-b6c8-01298796bb4c\QM5_41405\20260911_192115\raw\run_01\report.htm,b4bb495d7e904d4ef6fb4cec7264e7e920745f0846ec584dc35a021916bbbe6e,19164.42,24247.42,2.8059303335153736,D:\QM\reports\work_items\350ea7c4-2822-57e9-b6c8-01298796bb4c\QM5_41405\20260911_192115\summary.json,7a36de6b21f102657ab23703e8f85e07f42da485d7b18e494d9ff73f31268455,244
WINSWEEP_QM5_41405_USDJPY_DWX_2019_2025:2021:c33,33,done,MEASURED,2021,240,16645.400000000005,1158.3599999999997,10422.4,-5793.04,D:\QM\reports\work_items\ce48169f-ba69-54cc-9f84-a92b61008d4b\QM5_41405\20260911_192510\raw\run_01\report.htm,d28927a10af1a83972a5f74304647b9159b3fc0e5411346f44b17ff107a49d20,5060.560000000002,10852.36,0.4855465151980352,D:\QM\reports\work_items\ce48169f-ba69-54cc-9f84-a92b61008d4b\QM5_41405\20260911_192510\summary.json,bd5e2ae2c4a1a7bd5a1f7abd233b9a3b7786c1d1ed7197c707c820073d88cc00,241
WINSWEEP_QM5_41405_USDJPY_DWX_2019_2025:2022:c33,33,done,MEASURED,2022,233,35227.94000000002,610.5500000000004,13576.25,-3053.9600000000037,D:\QM\reports\work_items\4ceb7900-2c11-5427-929f-65d4d93d0b83\QM5_41405\20260911_192802\raw\run_01\report.htm,add7c3c1a02931d6cd60a4d2e94c910a0c1fb882404001771fa0d77d959ec3b0,29121.229999999996,32173.98,2.1450127980848905,D:\QM\reports\work_items\4ceb7900-2c11-5427-929f-65d4d93d0b83\QM5_41405\20260911_192802\summary.json,962bff595e866a583140170474c44490b5da431aeae614aeafdaed208867a2bb,233
WINSWEEP_QM5_41405_USDJPY_DWX_2019_2025:2023:c33,33,done,MEASURED,2023,240,-10324.37999999999,750.6199999999998,19409.63,-3754.2600000000048,D:\QM\reports\work_items\785a8524-00b6-5618-b26e-51417f69ce4d\QM5_41405\20260911_193223\raw\run_01\report.htm,41bd842f0c18a542b2e2ccf8ab69085cda4e94d977efd3797948c4f1836f9947,-17831.739999999998,-14078.64,-0.9187058176791622,D:\QM\reports\work_items\785a8524-00b6-5618-b26e-51417f69ce4d\QM5_41405\20260911_193223\summary.json,187953770ec2af2e60f03bb66f4c8bccd45340ba6ecad8e88f4819e689097d90,242
WINSWEEP_QM5_41405_USDJPY_DWX_2019_2025:2024:c33,33,done,MEASURED,2024,239,5900.07,751.86,20347.94,-3760.5800000000036,D:\QM\reports\work_items\b9f58f32-5981-577e-9045-f11ba8f1d9b1\QM5_41405\20260911_193540\raw\run_01\report.htm,558d54e8285720fdc2b2447e26454dfffea48d1d476817dc98b94cbd094bbe66,-1605.8600000000001,2153.44,-0.07892002826821783,D:\QM\reports\work_items\b9f58f32-5981-577e-9045-f11ba8f1d9b1\QM5_41405\20260911_193540\summary.json,728c2b3b34c42275a5fa8020d6e40db31c230637ffcae66d6862e66427b2da89,243
WINSWEEP_QM5_41405_USDJPY_DWX_2019_2025:2025:c33,33,done,MEASURED,2025,228,30423.92000000001,549.2199999999998,8358.71,-2747.1400000000035,D:\QM\reports\work_items\e58004bc-bcd6-534f-abd2-0f311fcdaeed\QM5_41405\20260911_193934\raw\run_01\report.htm,9d3dee157d473a5d02dd3ab3f1dc10c3c73c78dee9ada51fd12369c4fb90d957,24969.920000000002,27716.02,2.987293493852521,D:\QM\reports\work_items\e58004bc-bcd6-534f-abd2-0f311fcdaeed\QM5_41405\20260911_193934\summary.json,bdd6c13dec9ee62b8c7640eb3f54253abc3e4c64f842a649412d859eff607d8b,228
WINSWEEP_QM5_41405_USDJPY_DWX_2019_2025:2019:c34,34,done,MEASURED,2019,79,-8050.22,431.82000000000005,12946.06,-2159.3800000000015,D:\QM\reports\work_items\1efa471d-291b-5c7a-a2d4-4b471215e786\QM5_41405\20260911_194250\raw\run_01\report.htm,c31f554797833f51c886f0e9a1df58de28efbef99f0a240ed5ffcce5792697d4,-12368.7,-10209.6,-0.9554026476008918,D:\QM\reports\work_items\1efa471d-291b-5c7a-a2d4-4b471215e786\QM5_41405\20260911_194250\summary.json,58ede0f800740e8f532c2e1306350c300b85464115eff37b3d884c32cbccb770,80
WINSWEEP_QM5_41405_USDJPY_DWX_2019_2025:2020:c34,34,done,MEASURED,2020,63,13594.579999999996,330.81999999999994,6936.91,-1654.4200000000005,D:\QM\reports\work_items\ef9fa5a8-fdf4-5862-9836-1d9b9d2a6ec6\QM5_41405\20260911_195212\raw\run_01\report.htm,dd10c71df1ade48237f33994862ba66b3936dbc6776ef7315f1eecfba2274619,10286.06,11940.16,1.4828014202288915,D:\QM\reports\work_items\ef9fa5a8-fdf4-5862-9836-1d9b9d2a6ec6\QM5_41405\20260911_195212\summary.json,672bc020c4700bbffba8e4df0c1e8cebebd2e0db719be3bf4bdd7e931d3c7de5,63
WINSWEEP_QM5_41405_USDJPY_DWX_2019_2025:2021:c34,34,done,MEASURED,2021,46,18443.94,269.02000000000004,4619.52,-1345.3399999999997,D:\QM\reports\work_items\fee82ec1-3aad-5c10-85c9-80c24758eefc\QM5_41405\20260911_195438\raw\run_01\report.htm,804d7510cf513be56c3251e8b6a71a11c313b57bd602b8d349155779be95175d,15753.499999999998,17098.6,3.41020279163203,D:\QM\reports\work_items\fee82ec1-3aad-5c10-85c9-80c24758eefc\QM5_41405\20260911_195438\summary.json,4a126b009fc6d6fec05ae01d0932109ac5fef936ce09a79dc53614cad77401dc,46
WINSWEEP_QM5_41405_USDJPY_DWX_2019_2025:2022:c34,34,done,MEASURED,2022,47,15853.730000000001,176.92999999999998,7768.2,-884.9199999999998,D:\QM\reports\work_items\298b5522-2161-5a32-ad0c-363da36a264e\QM5_41405\20260911_195910\raw\run_01\report.htm,b7218219ed19a5a80b31793b8db43c60f1c36736da67c0e1a37a02f49edc9170,14084.16,14968.81,1.8130532169614584,D:\QM\reports\work_items\298b5522-2161-5a32-ad0c-363da36a264e\QM5_41405\20260911_195910\summary.json,e15d8719e2d2187e4baf4e265b1a5cc95c104d8afc68a09c7e57a3c689381823,47
WINSWEEP_QM5_41405_USDJPY_DWX_2019_2025:2023:c34,34,done,MEASURED,2023,52,-6066.179999999998,230.26000000000002,12492.2,-1151.5799999999997,D:\QM\reports\work_items\0baf7d6a-3b59-57c5-a089-45caa914f2d9\QM5_41405\20260911_200259\raw\run_01\report.htm,434bfe7d9173baec762df631924b7b90afece603febdcb7263fbcb04caeaec8f,-8369.060000000001,-7217.76,-0.6699428443348651,D:\QM\reports\work_items\0baf7d6a-3b59-57c5-a089-45caa914f2d9\QM5_41405\20260911_200259\summary.json,2121010426962c6f93e0d4aedc9981a50c3f0f24166174f7fa45ca43ab5b59da,52
WINSWEEP_QM5_41405_USDJPY_DWX_2019_2025:2024:c34,34,done,MEASURED,2024,47,13582.869999999999,222.85000000000005,8350.54,-1114.46,D:\QM\reports\work_items\1187182a-21e9-5577-9be2-454ecc5b7713\QM5_41405\20260911_200602\raw\run_01\report.htm,b911803d49099a324a15e77b3409dd85bbfa16f424802696571887ec7af2a101,11354.16,12468.41,1.3596917085601647,D:\QM\reports\work_items\1187182a-21e9-5577-9be2-454ecc5b7713\QM5_41405\20260911_200602\summary.json,84a04a984f7e75b0c3939955d79b358f849fe196caf6c758022808e3a4639fa9,49
WINSWEEP_QM5_41405_USDJPY_DWX_2019_2025:2025:c34,34,done,MEASURED,2025,41,12484.949999999999,133.42999999999998,3296.13,-667.3800000000003,D:\QM\reports\work_items\47230f7f-06a2-573f-9907-8a72f40cd087\QM5_41405\20260911_200844\raw\run_01\report.htm,b6bda0709d86d475808271005df5afe56c7a5980fd2f7de89bf8ec343919e272,11150.42,11817.57,3.3828823499073155,D:\QM\reports\work_items\47230f7f-06a2-573f-9907-8a72f40cd087\QM5_41405\20260911_200844\summary.json,b813b6aac1250d2da76d7f4d863cc3b7281e4b47df725f99fe9fede9964c0919,41
WINSWEEP_QM5_41405_USDJPY_DWX_2019_2025:2019:c35,35,done,MEASURED,2019,223,-7007.1100000000015,969.1399999999993,15715.2,-4846.820000000003,D:\QM\reports\work_items\0846d0a6-9ff6-5417-8bc8-919bbeaf0009\QM5_41405\20260911_201220\raw\run_01\report.htm,6046da87d84bfe10ab0c58bc164c7b1970341676adc4b96ea2f645934d511907,-16699.629999999997,-11853.93,-1.0626419008348602,D:\QM\reports\work_items\0846d0a6-9ff6-5417-8bc8-919bbeaf0009\QM5_41405\20260911_201220\summary.json,35a54c48f9b6a5c3cff8ba4423c729d3e674a1e896c2eb2e54c710e03cf6ac47,226
WINSWEEP_QM5_41405_USDJPY_DWX_2019_2025:2020:c35,35,done,MEASURED,2020,236,27231.28999999999,888.69,7338.42,-4444.680000000001,D:\QM\reports\work_items\39203aa4-c782-59b7-936c-7729e987d32c\QM5_41405\20260911_201539\raw\run_01\report.htm,ebe16cb45ba064c8b55a989d4bb063e6fbaaff82f82fd2c7153ba71bdb2a62eb,18343.16,22786.61,2.499606182257216,D:\QM\reports\work_items\39203aa4-c782-59b7-936c-7729e987d32c\QM5_41405\20260911_201539\summary.json,353d2c2cd3bdd2bcda0e45e03123972eb1e519ec9380bfa97f87cdefe50a66fe,236
WINSWEEP_QM5_41405_USDJPY_DWX_2019_2025:2021:c35,35,done,MEASURED,2021,238,14251.239999999993,1050.6900000000003,12679.12,-5254.5999999999985,D:\QM\reports\work_items\1f3cc9fb-4cd9-5999-b5e4-cd0eca3a9f76\QM5_41405\20260911_201921\raw\run_01\report.htm,0cf85a8fbdaeac8ae91260b4e8a484b1277753c4589271d9f930d5239ce66804,3743.189999999998,8996.64,0.295224747458814,D:\QM\reports\work_items\1f3cc9fb-4cd9-5999-b5e4-cd0eca3a9f76\QM5_41405\20260911_201921\summary.json,f7e6e360e7bc40b62baaee06b05d452e05aa9444e087fc54cf919649b9a33709,239
WINSWEEP_QM5_41405_USDJPY_DWX_2019_2025:2022:c35,35,done,MEASURED,2022,233,35567.70000000002,585.13,13250.34,-2926.7400000000034,D:\QM\reports\work_items\acd7328b-4058-57eb-b2ea-8fe0c8339cbd\QM5_41405\20260911_202233\raw\run_01\report.htm,500b4d7ab7a38765a6fd4ce01ea237f31b4d3bcbfa194f99807de80a713d9842,29715.309999999998,32640.96,2.242607359509265,D:\QM\reports\work_items\acd7328b-4058-57eb-b2ea-8fe0c8339cbd\QM5_41405\20260911_202233\summary.json,2461eb3f5a81429b40ef2e9ef03029ac2e5020f58cf0e4439ef64929673fa7f7,233
WINSWEEP_QM5_41405_USDJPY_DWX_2019_2025:2023:c35,35,done,MEASURED,2023,240,-14966.720000000008,712.14,23595.96,-3561.8800000000037,D:\QM\reports\work_items\de11444d-b3fb-51e2-94eb-0f0736a8f452\QM5_41405\20260911_202618\raw\run_01\report.htm,d212c46daf15d5b8b11a41e1bd8b68366672e404549fb89157c8a3fb49db72b6,-22089.3,-18528.6,-0.9361475439015832,D:\QM\reports\work_items\de11444d-b3fb-51e2-94eb-0f0736a8f452\QM5_41405\20260911_202618\summary.json,522f027b9fe5def3278b34eb8260efd73a2dc0d687f32fed4e6bcfd997a899d0,242
WINSWEEP_QM5_41405_USDJPY_DWX_2019_2025:2024:c35,35,done,MEASURED,2024,235,1336.6800000000017,701.6000000000005,20145.02,-3509.200000000004,D:\QM\reports\work_items\8c00bdc1-c57a-5885-8285-aa29e8fed43b\QM5_41405\20260911_203050\raw\run_01\report.htm,315d2d71d30c2d72953587e3887678918cdc1ce7ff4dabeaa0ffddb129c2a9e0,-5667.060000000002,-2159.06,-0.28131319800129273,D:\QM\reports\work_items\8c00bdc1-c57a-5885-8285-aa29e8fed43b\QM5_41405\20260911_203050\summary.json,7bc5a71f224e26f2d771e05513c39bd9355207157608889c6cfc6360c77bc495,239
WINSWEEP_QM5_41405_USDJPY_DWX_2019_2025:2025:c35,35,done,MEASURED,2025,228,26740.47,529.7900000000001,9467.25,-2650.2200000000003,D:\QM\reports\work_items\a2be205b-ec1c-59ae-a536-e4eb24efc7b1\QM5_41405\20260911_203355\raw\run_01\report.htm,c80a658f108fce584bf8f395888376ff026ffaa6d73d0ce4ceda5cf22b52ae43,21479.59,24128.54,2.268830969922628,D:\QM\reports\work_items\a2be205b-ec1c-59ae-a536-e4eb24efc7b1\QM5_41405\20260911_203355\summary.json,bb14b4af9885925b2e10b634fce14a7a8102702a0408bd6db63d00b395d7893b,228
WINSWEEP_QM5_41405_USDJPY_DWX_2019_2025:2019:c36,36,done,MEASURED,2019,80,-5563.830000000003,501.94,12014.38,-2510.1799999999994,D:\QM\reports\work_items\97e0c7b4-4603-56b9-b301-e3254415d0cf\QM5_41405\20260911_202758\raw\run_01\report.htm,a7789bb0b9b5e2f82eb1c044c6b20b6c338f303840ab562c12e6362cc17dc9e9,-10583.71,-8074.01,-0.8809201972969058,D:\QM\reports\work_items\97e0c7b4-4603-56b9-b301-e3254415d0cf\QM5_41405\20260911_202758\summary.json,ca0c7e5117612dedbe6de43dfec2c2dc1910aabb75ce9589b5b8f902f9480862,81
WINSWEEP_QM5_41405_USDJPY_DWX_2019_2025:2020:c36,36,done,MEASURED,2020,65,18230.829999999998,388.83,7677.07,-1944.34,D:\QM\reports\work_items\6ff39c5b-4db9-5889-8587-297d6b2f2101\QM5_41405\20260911_203212\raw\run_01\report.htm,c7f0d30cf5e1d4582959385cc19c980f567515b932c9b363cb58079e194e582d,14342.34,16286.49,1.8682049271401722,D:\QM\reports\work_items\6ff39c5b-4db9-5889-8587-297d6b2f2101\QM5_41405\20260911_203212\summary.json,7e5502e8a05d338f38472b5b179877a7de6c2a587989dd8543a90a396110c144,65
WINSWEEP_QM5_41405_USDJPY_DWX_2019_2025:2021:c36,36,done,MEASURED,2021,46,17058.950000000004,304.04,5003.36,-1520.4400000000005,D:\QM\reports\work_items\8ae8e89f-1d02-5679-b66d-56f33bb19a2d\QM5_41405\20260911_203526\raw\run_01\report.htm,2a97f99760f84b5fd8eb5dfced99e403ed7e5eff5b8a4be4ff3c0a22ef8ad935,14018.31,15538.51,2.80177920437466,D:\QM\reports\work_items\8ae8e89f-1d02-5679-b66d-56f33bb19a2d\QM5_41405\20260911_203526\summary.json,b6dc2d911cfaac513a5a4b6cb30148e4eac2e13a8da9e5da5176f8d8521179c1,46
WINSWEEP_QM5_41405_USDJPY_DWX_2019_2025:2022:c36,36,done,MEASURED,2022,46,16226.52,186.80999999999997,7595.08,-934.3000000000004,D:\QM\reports\work_items\f58cc334-9b0f-5a05-81ee-98383ed6399f\QM5_41405\20260911_203826\raw\run_01\report.htm,79813f08ae0df0a2756f4ff3a9c1de06cd9d16e4480255a835db6217f1bdad5b,14358.17,15292.22,1.8904567167166113,D:\QM\reports\work_items\f58cc334-9b0f-5a05-81ee-98383ed6399f\QM5_41405\20260911_203826\summary.json,5901f8b2c4001df200ddafe52ea3590ff4af6dffc201e95751c13252a588a647,46
WINSWEEP_QM5_41405_USDJPY_DWX_2019_2025:2023:c36,36,done,MEASURED,2023,52,-2796.2200000000003,248.26999999999998,12298.24,-1241.5999999999997,D:\QM\reports\work_items\dea0d00c-849d-5429-b0ec-0fcc83886e4a\QM5_41405\20260911_204307\raw\run_01\report.htm,3e4aca71b2d30e044becdef406836d4d011652ab39cd1f99f1b40a8affd581a7,-5279.17,-4037.82,-0.42926223589716905,D:\QM\reports\work_items\dea0d00c-849d-5429-b0ec-0fcc83886e4a\QM5_41405\20260911_204307\summary.json,ce6be9f1ddcb446e4e1f0ec8826ae7af2ebe2d54edeb06fffaafdc903256eb19,52
WINSWEEP_QM5_41405_USDJPY_DWX_2019_2025:2024:c36,36,done,MEASURED,2024,47,13373.94,240.74999999999997,9639.97,-1203.9800000000002,D:\QM\reports\work_items\04835ca7-ab49-5bc3-86aa-b99eb6b98442\QM5_41405\20260911_204626\raw\run_01\report.htm,6215377a0b7b4f210253f412a2ed93a4c27d21b41bd5b4c5727a16eb31f06fb9,10966.21,12169.96,1.1375771916302644,D:\QM\reports\work_items\04835ca7-ab49-5bc3-86aa-b99eb6b98442\QM5_41405\20260911_204626\summary.json,ea37764746c99e5280c3fc1a967bb595af375670585860d6da790a0681b70e94,49
WINSWEEP_QM5_41405_USDJPY_DWX_2019_2025:2025:c36,36,done,MEASURED,2025,40,12904.92,135.89999999999998,3514.04,-679.6600000000001,D:\QM\reports\work_items\f56d6808-3be0-5228-a42e-7bf88aa540a5\QM5_41405\20260911_204948\raw\run_01\report.htm,7890cb9b566b7c628998765f960155a51c78298f45e29fc32501edce716f7b4c,11545.76,12225.26,3.2856085872670775,D:\QM\reports\work_items\f56d6808-3be0-5228-a42e-7bf88aa540a5\QM5_41405\20260911_204948\summary.json,e63640e145431621f1ccbb4137ab0ed3250851c8c86f74cdffc473bcb4fd2d92,40
WINSWEEP_QM5_41405_USDJPY_DWX_2019_2025:2019:c37,37,done,MEASURED,2019,231,-3553.610000000002,1105.3400000000001,16347.8,-5528.059999999999,D:\QM\reports\work_items\d7d3d2f4-1a6b-58e7-8fc7-e6c6c6fd0d99\QM5_41405\20260911_203716\raw\run_01\report.htm,28cb25c564e7fad59956ad6799318e9e1ff69dd69a21880b29f6af12d39360e9,-14608.37,-9081.67,-0.8935985270189262,D:\QM\reports\work_items\d7d3d2f4-1a6b-58e7-8fc7-e6c6c6fd0d99\QM5_41405\20260911_203716\summary.json,97f797185f9561d19a11ad54be03863a26f31570288d3ff7a5cc34d04d073eb2,233
WINSWEEP_QM5_41405_USDJPY_DWX_2019_2025:2020:c37,37,done,MEASURED,2020,242,31362.79,1008.2799999999999,6829.97,-5042.519999999998,D:\QM\reports\work_items\081bde23-ce94-5aa3-a7d3-e3292e2d6b24\QM5_41405\20260911_204049\raw\run_01\report.htm,bfdca257a4c82fd377cc961b4755e49edbc1a275d47d112f848adf72035daf1e,21278.870000000003,26320.27,3.1155144166079793,D:\QM\reports\work_items\081bde23-ce94-5aa3-a7d3-e3292e2d6b24\QM5_41405\20260911_204049\summary.json,a8369e6dd69d62671a957092769fe7e65c915f2c405f5866566aeb6e40bc0f94,242
WINSWEEP_QM5_41405_USDJPY_DWX_2019_2025:2021:c37,37,done,MEASURED,2021,239,16185.570000000003,1150.8899999999996,10422.4,-5755.679999999999,D:\QM\reports\work_items\2332a1d0-4181-53e3-ba12-28d75c96af45\QM5_41405\20260911_204416\raw\run_01\report.htm,12c80ca617b25de43cf665df8750ae363dc2a3a70507ac0f4df78c4791a9f61b,4675.440000000001,10429.89,0.44859533312864613,D:\QM\reports\work_items\2332a1d0-4181-53e3-ba12-28d75c96af45\QM5_41405\20260911_204416\summary.json,66be763ea211bb03d050548eedc8b4c42d107b87bc4908cf43eb5337f5e05790,240
WINSWEEP_QM5_41405_USDJPY_DWX_2019_2025:2022:c37,37,done,MEASURED,2022,233,35227.94000000002,610.5500000000004,13576.25,-3053.9600000000037,D:\QM\reports\work_items\94720207-958a-5296-82a3-d12e16151837\QM5_41405\20260911_204756\raw\run_01\report.htm,bbf66ba2275cd5ed74cf7410d302cd39cd090eba00bb46a820709cdc8738ed27,29121.229999999996,32173.98,2.1450127980848905,D:\QM\reports\work_items\94720207-958a-5296-82a3-d12e16151837\QM5_41405\20260911_204756\summary.json,32c7d75d53558f3f5890a6e33c0cce250e27d59c7980c88c63f3defacdc7b491,233
WINSWEEP_QM5_41405_USDJPY_DWX_2019_2025:2023:c37,37,done,MEASURED,2023,240,-10324.37999999999,750.6199999999998,19409.63,-3754.2600000000048,D:\QM\reports\work_items\1a43c751-efa1-5dd5-9db7-337928c73a90\QM5_41405\20260911_205302\raw\run_01\report.htm,2ad30c5b0686a62c0777b9b8e6a876d77d3a4fbeeed09a3a36f64e5cf7f21545,-17831.739999999998,-14078.64,-0.9187058176791622,D:\QM\reports\work_items\1a43c751-efa1-5dd5-9db7-337928c73a90\QM5_41405\20260911_205302\summary.json,5bc079e5b98eafca123fb9625d8f77d4e5e94502866f0bd39c414fb07691bd91,242
WINSWEEP_QM5_41405_USDJPY_DWX_2019_2025:2024:c37,37,done,MEASURED,2024,238,4576.799999999997,749.74,20347.94,-3749.9800000000037,D:\QM\reports\work_items\14c30cd0-26b0-5d79-b1ad-51a52e32f16a\QM5_41405\20260911_205613\raw\run_01\report.htm,4c4eb49652937839c4d103691ec57852343f9c1865230ab7fd4c7f1797528271,-2907.93,840.77,-0.14291028969025857,D:\QM\reports\work_items\14c30cd0-26b0-5d79-b1ad-51a52e32f16a\QM5_41405\20260911_205613\summary.json,724bf82af7428b4a2f23ebebdb2927e70436f81571c964783f0c092a4d5d04ee,242
WINSWEEP_QM5_41405_USDJPY_DWX_2019_2025:2025:c37,37,done,MEASURED,2025,226,31250.690000000006,540.1199999999999,8358.71,-2701.620000000003,D:\QM\reports\work_items\8962ea52-2e7f-50c0-9bc2-63df6bc17d9d\QM5_41405\20260911_205920\raw\run_01\report.htm,155444663b9d9b50383632788eaa53a897cc6e890cdb75d203a0a9e0b7d397ed,25887.710000000003,28588.31,3.097093929565687,D:\QM\reports\work_items\8962ea52-2e7f-50c0-9bc2-63df6bc17d9d\QM5_41405\20260911_205920\summary.json,3d0ce97a8196bc211576728066e22572f19715f8286b0825dfbdd7de83e27777,226
WINSWEEP_QM5_41405_USDJPY_DWX_2019_2025:2019:c38,38,done,MEASURED,2019,79,-8050.22,431.82000000000005,12946.06,-2159.3800000000015,D:\QM\reports\work_items\4dfc93b4-4613-5d7a-a2cb-e412b3de91a1\QM5_41405\20260911_205637\raw\run_01\report.htm,544ef3916f0c879f776eae46fce8fc39f0d3e6d483c533f250d6f7f8bf4d376c,-12368.7,-10209.6,-0.9554026476008918,D:\QM\reports\work_items\4dfc93b4-4613-5d7a-a2cb-e412b3de91a1\QM5_41405\20260911_205637\summary.json,04e1a756f6d11c39fb300bd5b1a5db15c649634179be7766a550efccc84cbead,80
WINSWEEP_QM5_41405_USDJPY_DWX_2019_2025:2020:c38,38,done,MEASURED,2020,63,13594.579999999996,330.81999999999994,6936.91,-1654.4200000000005,D:\QM\reports\work_items\41e6f7fe-7743-5c7d-a3bc-95058629a2d9\QM5_41405\20260911_210049\raw\run_01\report.htm,8cdc52d0efa5f46c1b6cb3a9bb2138d872e27593bd88262e64ab79038b03a82a,10286.06,11940.16,1.4828014202288915,D:\QM\reports\work_items\41e6f7fe-7743-5c7d-a3bc-95058629a2d9\QM5_41405\20260911_210049\summary.json,be37f53d653db5e5cdab4814326a73d28b082fd20cfd8c699ddedafb9184403e,63
WINSWEEP_QM5_41405_USDJPY_DWX_2019_2025:2021:c38,38,done,MEASURED,2021,46,18443.94,269.02000000000004,4619.52,-1345.3399999999997,D:\QM\reports\work_items\bde861a9-af41-54e9-a311-3870bf68eabd\QM5_41405\20260911_210357\raw\run_01\report.htm,4a9e9dfa33a86a0386a6c42ef3865713fdc1871e58ca13113d8a9a393dc12829,15753.499999999998,17098.6,3.41020279163203,D:\QM\reports\work_items\bde861a9-af41-54e9-a311-3870bf68eabd\QM5_41405\20260911_210357\summary.json,b2e560dd4f9587e651daa9110076a29ce0a472b75b1c779ae896c15964a7bae8,46
WINSWEEP_QM5_41405_USDJPY_DWX_2019_2025:2022:c38,38,done,MEASURED,2022,47,15853.730000000001,176.92999999999998,7768.2,-884.9199999999998,D:\QM\reports\work_items\80bd82d9-d28b-5a22-b01c-b88e26cc4cb2\QM5_41405\20260911_210656\raw\run_01\report.htm,bb9d6dae023ae3fa40986c1f5c2c026028238cf4d05516e8cb786bd2bfe37b91,14084.16,14968.81,1.8130532169614584,D:\QM\reports\work_items\80bd82d9-d28b-5a22-b01c-b88e26cc4cb2\QM5_41405\20260911_210656\summary.json,9e3cd5a650025c95901e1f6ded4eb3605609d8a432b8d774faff78ac276e7ce5,47
WINSWEEP_QM5_41405_USDJPY_DWX_2019_2025:2023:c38,38,done,MEASURED,2023,52,-6066.179999999998,230.26000000000002,12492.2,-1151.5799999999997,D:\QM\reports\work_items\8c8c4a93-5140-52a1-b011-e07273711348\QM5_41405\20260911_211110\raw\run_01\report.htm,46629703a09ff0e1fba5bd2bd053498863cbba1fd6adc382337853c1aaa2b4df,-8369.060000000001,-7217.76,-0.6699428443348651,D:\QM\reports\work_items\8c8c4a93-5140-52a1-b011-e07273711348\QM5_41405\20260911_211110\summary.json,5e55e094076ad6cb28f47409202010136af3af9942cf70d493c5d0ec9d08f4da,52
WINSWEEP_QM5_41405_USDJPY_DWX_2019_2025:2024:c38,38,done,MEASURED,2024,47,13582.869999999999,222.85000000000005,8350.54,-1114.46,D:\QM\reports\work_items\01bebe21-f822-5ec6-a8b4-dc072d54a149\QM5_41405\20260911_211418\raw\run_01\report.htm,50cdf9ea9a22fe9809eab79907457721a119d6d209b368ef68ae9c3c30907a1b,11354.16,12468.41,1.3596917085601647,D:\QM\reports\work_items\01bebe21-f822-5ec6-a8b4-dc072d54a149\QM5_41405\20260911_211418\summary.json,4080ebd4ee0678e3ff6fe0ceff00bf2ea3bf269a230e3f29d9b7225150046552,49
WINSWEEP_QM5_41405_USDJPY_DWX_2019_2025:2025:c38,38,done,MEASURED,2025,41,12484.949999999999,133.42999999999998,3296.13,-667.3800000000003,D:\QM\reports\work_items\2c175048-0994-5783-a6ba-379726e41e12\QM5_41405\20260911_211728\raw\run_01\report.htm,d91383d0ca22b3993a4de32bb927e5cda8df5ae651c3c57b474438e19e04abeb,11150.42,11817.57,3.3828823499073155,D:\QM\reports\work_items\2c175048-0994-5783-a6ba-379726e41e12\QM5_41405\20260911_211728\summary.json,17cb439656e5115bde258a87b600e7f088ac8b8a22ea633ba42a3b52fa72eb92,41
WINSWEEP_QM5_41405_USDJPY_DWX_2019_2025:2019:c39,39,done,MEASURED,2019,222,-8492.320000000002,965.1699999999993,16359.08,-4826.960000000003,D:\QM\reports\work_items\410b79b5-50be-5582-8e30-304cea7d1212\QM5_41405\20260911_210334\raw\run_01\report.htm,5f857278354f981d8ba178f0feb443fe7a1bb84f6f6c155815ba8b845029bacc,-18145.129999999997,-13319.28,-1.1091778999797053,D:\QM\reports\work_items\410b79b5-50be-5582-8e30-304cea7d1212\QM5_41405\20260911_210334\summary.json,ff05568b134eb41253f07452ac5f6208516c7cd2d1d287b44dad49a0503e84dc,225
WINSWEEP_QM5_41405_USDJPY_DWX_2019_2025:2020:c39,39,done,MEASURED,2020,235,28261.80999999999,885.08,7338.42,-4426.620000000001,D:\QM\reports\work_items\d236a5f0-1c7b-5ee2-9b0d-1af9cb4dbce6\QM5_41405\20260911_210637\raw\run_01\report.htm,b4d4c5add3f8fca3f3940dbd8a96f677332d34ded4380dd3ec0ef87c4dc0c338,19409.789999999997,23835.19,2.6449549085497965,D:\QM\reports\work_items\d236a5f0-1c7b-5ee2-9b0d-1af9cb4dbce6\QM5_41405\20260911_210637\summary.json,0dbf99668d5b890081e6af7bd6fa59d1e09050cc4a31c089e10941c77d8936f4,235
WINSWEEP_QM5_41405_USDJPY_DWX_2019_2025:2021:c39,39,done,MEASURED,2021,238,14251.239999999993,1050.6900000000003,12679.12,-5254.5999999999985,D:\QM\reports\work_items\4f4d2441-d863-5d00-b7d1-8ae46bde87f0\QM5_41405\20260911_211048\raw\run_01\report.htm,5bdce5bf5e555cc665629c04546d404e8755e013cda9500f6206f57e0755e590,3743.189999999998,8996.64,0.295224747458814,D:\QM\reports\work_items\4f4d2441-d863-5d00-b7d1-8ae46bde87f0\QM5_41405\20260911_211048\summary.json,1a7fc3af7f1e0ba8b535a5f70312c4413eaf2bc0b490d8f422ee760c5d572fef,239
WINSWEEP_QM5_41405_USDJPY_DWX_2019_2025:2022:c39,39,done,MEASURED,2022,233,35567.70000000002,585.13,13250.34,-2926.7400000000034,D:\QM\reports\work_items\da3648d0-16b4-5f05-b256-201f39878cb9\QM5_41405\20260911_211359\raw\run_01\report.htm,e82b6c4ff928a8b0e04b74ba72eeccfbd0cd388c25bff20f3260058e80295550,29715.309999999998,32640.96,2.242607359509265,D:\QM\reports\work_items\da3648d0-16b4-5f05-b256-201f39878cb9\QM5_41405\20260911_211359\summary.json,f9f7a09ee7515039032b869581f546b5693d4d86e87f5f39a4c3b0d761c220d0,233
WINSWEEP_QM5_41405_USDJPY_DWX_2019_2025:2023:c39,39,done,MEASURED,2023,240,-14966.720000000008,712.14,23595.96,-3561.8800000000037,D:\QM\reports\work_items\08308b3d-3514-5859-8325-2fc59f0482f4\QM5_41405\20260911_211818\raw\run_01\report.htm,bfec54b0cfa49541e260b31de9347396b435d2c338d70c23a45318cf560a22e9,-22089.3,-18528.6,-0.9361475439015832,D:\QM\reports\work_items\08308b3d-3514-5859-8325-2fc59f0482f4\QM5_41405\20260911_211818\summary.json,34d1ac3e9307ad571f8994b8150f1441e9b9f52c909a5fc9d353bfa2734fa536,242
WINSWEEP_QM5_41405_USDJPY_DWX_2019_2025:2024:c39,39,done,MEASURED,2024,235,1336.6800000000017,701.6000000000005,20145.02,-3509.200000000004,D:\QM\reports\work_items\e2cfdc1f-3e93-5576-bfc6-2877a6915c85\QM5_41405\20260911_212229\raw\run_01\report.htm,f35aa0257d291885342f39e8ec80e2206b62f31d6e1a8fe4c6872913f0f3c461,-5667.060000000002,-2159.06,-0.28131319800129273,D:\QM\reports\work_items\e2cfdc1f-3e93-5576-bfc6-2877a6915c85\QM5_41405\20260911_212229\summary.json,943ab5f1639687318aaf4474ae92ac72d1bf0b8dd0223129541fa7e257403484,239
WINSWEEP_QM5_41405_USDJPY_DWX_2019_2025:2025:c39,39,done,MEASURED,2025,228,26740.47,529.7900000000001,9467.25,-2650.2200000000003,D:\QM\reports\work_items\1efac390-e76e-53ef-a53a-dd28ab14126f\QM5_41405\20260911_212539\raw\run_01\report.htm,f89e806c15b0becee3d1054e1a93b526a589708f9a8d354c04966208cdc58dcd,21479.59,24128.54,2.268830969922628,D:\QM\reports\work_items\1efac390-e76e-53ef-a53a-dd28ab14126f\QM5_41405\20260911_212539\summary.json,315348cd139c261cea6f0b799d6a99e6a3c30ea2edd54ff4a6ef561731ef1216,228
WINSWEEP_QM5_41405_USDJPY_DWX_2019_2025:2019:c40,40,done,MEASURED,2019,81,-6562.21,506.8299999999999,13037.22,-2534.639999999999,D:\QM\reports\work_items\56061771-3018-5d5f-8607-cb70bd954281\QM5_41405\20260911_212127\raw\run_01\report.htm,36cec3fa73f7bbec82595e59ff29ed7d97fe1c4fb7456587f7b1a05c22ac5cb7,-11631.0,-9096.85,-0.8921380478353514,D:\QM\reports\work_items\56061771-3018-5d5f-8607-cb70bd954281\QM5_41405\20260911_212127\summary.json,b9f71a62cbb18437c60b26836274d4d423469c13c95b33e3240fe68be8959b10,82
WINSWEEP_QM5_41405_USDJPY_DWX_2019_2025:2020:c40,40,done,MEASURED,2020,65,18230.829999999998,388.83,7677.07,-1944.34,D:\QM\reports\work_items\71eecb1a-8484-5d4e-bfe3-ef67f0aa3b6a\QM5_41405\20260911_212437\raw\run_01\report.htm,3943384d3ed06ebcbf2dd7f4c2c0068e8951d4bafab864d286f65abea965d6f9,14342.34,16286.49,1.8682049271401722,D:\QM\reports\work_items\71eecb1a-8484-5d4e-bfe3-ef67f0aa3b6a\QM5_41405\20260911_212437\summary.json,e9f27c1aaf75bdd79bd30d98dd2110fd816a716eb36daeb3bdbca247ed0230cc,65
WINSWEEP_QM5_41405_USDJPY_DWX_2019_2025:2021:c40,40,done,MEASURED,2021,46,17058.950000000004,304.04,5003.36,-1520.4400000000005,D:\QM\reports\work_items\5c9e83ae-9208-545e-9e36-4b9e978af102\QM5_41405\20260911_212800\raw\run_01\report.htm,9b3e5f9599207450c046f017dd9ecff951b8865061d7daadc253d067a7199851,14018.31,15538.51,2.80177920437466,D:\QM\reports\work_items\5c9e83ae-9208-545e-9e36-4b9e978af102\QM5_41405\20260911_212800\summary.json,b4ce4a6a5363d5a2ff83f9047b9191f2ff0ec9a11ed9590514f10716470e0048,46
WINSWEEP_QM5_41405_USDJPY_DWX_2019_2025:2022:c40,40,done,MEASURED,2022,47,19777.99,190.65999999999997,7308.44,-953.5600000000004,D:\QM\reports\work_items\7a7e1b91-6c30-5dbb-b232-6bc844a9b84b\QM5_41405\20260911_213148\raw\run_01\report.htm,43afcad64641273856d2f7e921ea72cef852eb316d43c7fc784d434591538f2c,17871.13,18824.43,2.445272862608163,D:\QM\reports\work_items\7a7e1b91-6c30-5dbb-b232-6bc844a9b84b\QM5_41405\20260911_213148\summary.json,ef1164858b12d90890c5f4671ceca90eb00147d90afed81c1aa1f9b3f114166a,47
WINSWEEP_QM5_41405_USDJPY_DWX_2019_2025:2023:c40,40,done,MEASURED,2023,52,-2796.2200000000003,248.26999999999998,12298.24,-1241.5999999999997,D:\QM\reports\work_items\f2bb96b2-f68f-5915-868f-cb5a6694cf36\QM5_41405\20260911_213525\raw\run_01\report.htm,2d0dae8d4837c69d9ba17d69ed56324461ddc9772fae7ab53a987585cbb81589,-5279.17,-4037.82,-0.42926223589716905,D:\QM\reports\work_items\f2bb96b2-f68f-5915-868f-cb5a6694cf36\QM5_41405\20260911_213525\summary.json,3eef4278cc4b152118f150141a0597595bb5517d1996b52b3728128c14b298f6,52
WINSWEEP_QM5_41405_USDJPY_DWX_2019_2025:2024:c40,40,done,MEASURED,2024,47,13373.94,240.74999999999997,9639.97,-1203.9800000000002,D:\QM\reports\work_items\8bf848d0-dc10-59fd-9468-6d0387a53db5\QM5_41405\20260911_213818\raw\run_01\report.htm,a7b9441fe6b384982beefdea2d6b33b2b49be3dff7f34a8bfa8e4cbc21c1ffef,10966.21,12169.96,1.1375771916302644,D:\QM\reports\work_items\8bf848d0-dc10-59fd-9468-6d0387a53db5\QM5_41405\20260911_213818\summary.json,26a77ed431c7a85a48e0a7a0a7c5545442f3bfa07f5ef2a7578e98c243b0b28d,49
WINSWEEP_QM5_41405_USDJPY_DWX_2019_2025:2025:c40,40,done,MEASURED,2025,41,11877.89,140.14999999999998,3514.04,-700.9200000000001,D:\QM\reports\work_items\3e07a57e-4ff2-5aff-83e6-b4332f67665b\QM5_41405\20260911_214226\raw\run_01\report.htm,3393e313eac3b714230fe15a9d263ded0fecac129cfcc0339f4dbc141e5718b7,10476.22,11176.97,2.9812466562702755,D:\QM\reports\work_items\3e07a57e-4ff2-5aff-83e6-b4332f67665b\QM5_41405\20260911_214226\summary.json,19cfe427b96494171ddd5e7e5bdfa48ba556cec041ef2f6d7543ceae346cf62a,41
WINSWEEP_QM5_41405_USDJPY_DWX_2019_2025:2019:c41,41,done,MEASURED,2019,232,-4551.990000000002,1110.2300000000002,16671.56,-5552.519999999999,D:\QM\reports\work_items\538a88e7-9d48-5f50-bf51-8ed618c35afe\QM5_41405\20260911_212923\raw\run_01\report.htm,beede4d9625a8d5211e8e39fc9554b044e676fd8daaba176ced22d174a96be1d,-15655.660000000002,-10104.51,-0.9390638908416489,D:\QM\reports\work_items\538a88e7-9d48-5f50-bf51-8ed618c35afe\QM5_41405\20260911_212923\summary.json,e8070bb03995ded83a1e384a680f16220ad0fd8d78d4d0c87d2b7a0d4cc1af69,234
WINSWEEP_QM5_41405_USDJPY_DWX_2019_2025:2020:c41,41,done,MEASURED,2020,243,30364.569999999996,1012.6599999999999,6829.97,-5064.419999999996,D:\QM\reports\work_items\dcd737c9-0220-554f-95af-d1db39afca58\QM5_41405\20260911_213325\raw\run_01\report.htm,a1fc151d656536e7eb4263a9d7d88b739a38138193c3fee23c794b4255a8fe7a,20236.850000000002,25300.15,2.9629485927463812,D:\QM\reports\work_items\dcd737c9-0220-554f-95af-d1db39afca58\QM5_41405\20260911_213325\summary.json,dfd98aa1eb15342be29dfea5be6f987cc98f301ff887401f0c946915cd0fa647,243
WINSWEEP_QM5_41405_USDJPY_DWX_2019_2025:2021:c41,41,done,MEASURED,2021,244,15271.160000000007,1176.31,10972.87,-5882.8,D:\QM\reports\work_items\21f37bef-2a16-5d42-8813-c2ee60798bd8\QM5_41405\20260911_213944\raw\run_01\report.htm,24b48fa9ac970226c498ab5e240295843b56f113a5519bb02093a0cafa87687a,3506.8100000000013,9388.36,0.31958913210490975,D:\QM\reports\work_items\21f37bef-2a16-5d42-8813-c2ee60798bd8\QM5_41405\20260911_213944\summary.json,fe9e4355a67710344d30dd3d0cc1ba6d9a506a2574dac5ec6073ee464644185d,245
WINSWEEP_QM5_41405_USDJPY_DWX_2019_2025:2022:c41,41,done,MEASURED,2022,235,40620.19999999998,620.2300000000006,12309.51,-3102.380000000004,D:\QM\reports\work_items\4d7ee121-1850-5098-bb59-16f8b43e040e\QM5_41405\20260911_214246\raw\run_01\report.htm,2b0d3b2a1728d9f0387fb68d3fd14a0030c3f443915d92aefc70c2e281e9972d,34416.67,37517.82,2.7959415118879627,D:\QM\reports\work_items\4d7ee121-1850-5098-bb59-16f8b43e040e\QM5_41405\20260911_214246\summary.json,47dd172f35832c45d55ff897a32fdf5a59a6167e69608de81d9e3c36ac238076,235
WINSWEEP_QM5_41405_USDJPY_DWX_2019_2025:2023:c41,41,done,MEASURED,2023,241,-9912.95999999999,753.3799999999998,19012.01,-3768.060000000005,D:\QM\reports\work_items\f1a16c1d-8b6f-525b-88a8-7a4e91a5f76a\QM5_41405\20260911_214655\raw\run_01\report.htm,3db1f255839b4bec4f7ee19ca7e6933ed411776bb1ab2f0b64c62ed4419f062d,-17447.92,-13681.02,-0.9177314760511908,D:\QM\reports\work_items\f1a16c1d-8b6f-525b-88a8-7a4e91a5f76a\QM5_41405\20260911_214655\summary.json,430d6bab9513e129730bbd9fedf890c042b5cc50e140392005f837b53d590fa2,243
WINSWEEP_QM5_41405_USDJPY_DWX_2019_2025:2024:c41,41,done,MEASURED,2024,239,3578.879999999999,751.8,20347.94,-3760.2800000000034,D:\QM\reports\work_items\57d158da-a2d5-5361-9778-f97abe667df2\QM5_41405\20260911_214955\raw\run_01\report.htm,9bc237aa2b3e3e1f8a9ffb44bb55a135c478ecdd10b26bb25b3d8775ac95c5d9,-3926.45,-167.45,-0.19296547955222987,D:\QM\reports\work_items\57d158da-a2d5-5361-9778-f97abe667df2\QM5_41405\20260911_214955\summary.json,7f647c1756358d2eb124987c9555722ce5be46da0c271cd63c98713b08246120,243
WINSWEEP_QM5_41405_USDJPY_DWX_2019_2025:2025:c41,41,done,MEASURED,2025,230,29941.39999999999,552.2999999999998,9161.92,-2762.5400000000036,D:\QM\reports\work_items\848e33d1-92f9-5730-8c63-733ef74a801e\QM5_41405\20260911_215310\raw\run_01\report.htm,9d93b37e7dac00c93674a21331d31c69aa5d9c5e6642ddadf55e0392aeb43994,24456.6,27218.1,2.6693749781705143,D:\QM\reports\work_items\848e33d1-92f9-5730-8c63-733ef74a801e\QM5_41405\20260911_215310\summary.json,4a6d90639b6e32aac3681d9a0496f5107395096863bbf00d289733842dd97718,230
WINSWEEP_QM5_41405_USDJPY_DWX_2019_2025:2019:c42,42,done,MEASURED,2019,79,-8050.22,431.82000000000005,12946.06,-2159.3800000000015,D:\QM\reports\work_items\a445dbd0-13e2-5929-bfba-5f87a4b28652\QM5_41405\20260911_215352\raw\run_01\report.htm,ecdbfde5bde2ed46b7c4d4c9cdf14a20b971ca2b8a38237249bfb0df5c609df2,-12368.7,-10209.6,-0.9554026476008918,D:\QM\reports\work_items\a445dbd0-13e2-5929-bfba-5f87a4b28652\QM5_41405\20260911_215352\summary.json,179434ca97ad08ed0dd8507251010be6f87ebf4bfa66efbe05f2d22471275365,80
WINSWEEP_QM5_41405_USDJPY_DWX_2019_2025:2020:c42,42,done,MEASURED,2020,63,13594.579999999996,330.81999999999994,6936.91,-1654.4200000000005,D:\QM\reports\work_items\8c052961-c832-59b3-87c5-8104afd95ccc\QM5_41405\20260911_215712\raw\run_01\report.htm,948695d5f8313543a5b032a04affd9d653f26d3c0a35c72e84f0ef3176d58630,10286.06,11940.16,1.4828014202288915,D:\QM\reports\work_items\8c052961-c832-59b3-87c5-8104afd95ccc\QM5_41405\20260911_215712\summary.json,1e4bbcccc0d1f96d9d28e2966ad1cf46ee4a74145689b1d2f34c44ab16e5cffc,63
WINSWEEP_QM5_41405_USDJPY_DWX_2019_2025:2021:c42,42,done,MEASURED,2021,46,18443.94,269.02000000000004,4619.52,-1345.3399999999997,D:\QM\reports\work_items\11baa462-e13a-5f76-8581-b84600d2d483\QM5_41405\20260911_215957\raw\run_01\report.htm,4c41ed18f706e552c665d75e518788c9ddaabf07008fc5b3133642cd73997f82,15753.499999999998,17098.6,3.41020279163203,D:\QM\reports\work_items\11baa462-e13a-5f76-8581-b84600d2d483\QM5_41405\20260911_215957\summary.json,5f258ad3a2f0b91e70cdfe2993507b61804b57b283cf49a2f7938c8e99189c91,46
WINSWEEP_QM5_41405_USDJPY_DWX_2019_2025:2022:c42,42,done,MEASURED,2022,47,15853.730000000001,176.92999999999998,7768.2,-884.9199999999998,D:\QM\reports\work_items\a799582f-4379-56dc-b0c8-6a641cd60da7\QM5_41405\20260911_220310\raw\run_01\report.htm,de3ff97fa82e44e4c15b24b112faab8ff5519a6277844986bf9358e11e5de268,14084.16,14968.81,1.8130532169614584,D:\QM\reports\work_items\a799582f-4379-56dc-b0c8-6a641cd60da7\QM5_41405\20260911_220310\summary.json,1e82561f8014162baaabd02b2e118fb90cb3459d1dee2adeebec9a2b4f195004,47
WINSWEEP_QM5_41405_USDJPY_DWX_2019_2025:2023:c42,42,done,MEASURED,2023,52,-6066.179999999998,230.26000000000002,12492.2,-1151.5799999999997,D:\QM\reports\work_items\e6849f77-7793-5766-bf05-442f422334fe\QM5_41405\20260911_220723\raw\run_01\report.htm,65cc4a413c6b2e824b19ebb9a6f2dafca901a846142d4fed99ed231b45287465,-8369.060000000001,-7217.76,-0.6699428443348651,D:\QM\reports\work_items\e6849f77-7793-5766-bf05-442f422334fe\QM5_41405\20260911_220723\summary.json,8850d10665a80fbb5b3865b10617967c6fd7434483dcf3687223ccbf58ed9ab5,52
WINSWEEP_QM5_41405_USDJPY_DWX_2019_2025:2024:c42,42,done,MEASURED,2024,47,13582.869999999999,222.85000000000005,8350.54,-1114.46,D:\QM\reports\work_items\708519b3-9841-5a16-a01a-6fbf318ffa43\QM5_41405\20260911_221048\raw\run_01\report.htm,43b91fd8f301cea9077454c9f7f5e279c5f7a8ba9ca4f150a1a98e1a48a19f92,11354.16,12468.41,1.3596917085601647,D:\QM\reports\work_items\708519b3-9841-5a16-a01a-6fbf318ffa43\QM5_41405\20260911_221048\summary.json,45ca07c75a5e93a90ecdfe4fc9ec39207a0fb0e45e1c1f238857788117b68b64,49
WINSWEEP_QM5_41405_USDJPY_DWX_2019_2025:2025:c42,42,done,MEASURED,2025,41,12484.949999999999,133.42999999999998,3296.13,-667.3800000000003,D:\QM\reports\work_items\2e0920e9-d645-56a5-888d-216b85086e53\QM5_41405\20260911_221335\raw\run_01\report.htm,d3d220ecc3730972cb228df8f42ecb8bb6ea40f7af8b4b89bb9b96a0ea7313b8,11150.42,11817.57,3.3828823499073155,D:\QM\reports\work_items\2e0920e9-d645-56a5-888d-216b85086e53\QM5_41405\20260911_221335\summary.json,bb0b595625efaba9de5c2e9a18fe5532ffc1a22e80ddb0434b69e8ebd5c3dbc9,41
WINSWEEP_QM5_41405_USDJPY_DWX_2019_2025:2019:c43,43,done,MEASURED,2019,222,-8492.320000000002,965.1699999999993,16359.08,-4826.960000000003,D:\QM\reports\work_items\f3cf66ae-d28f-5b5d-a4e7-48b0840af163\QM5_41405\20260911_215637\raw\run_01\report.htm,a01ac5017848f7a34c27ea27b9e96e02d100d48b5a3058bb534988e691132287,-18145.129999999997,-13319.28,-1.1091778999797053,D:\QM\reports\work_items\f3cf66ae-d28f-5b5d-a4e7-48b0840af163\QM5_41405\20260911_215637\summary.json,9ef01c6b3b0b17525b18b3453daf7a377186259d37f2b9928bbc69d0fc0189d5,225
WINSWEEP_QM5_41405_USDJPY_DWX_2019_2025:2020:c43,43,done,MEASURED,2020,235,28261.80999999999,885.08,7338.42,-4426.620000000001,D:\QM\reports\work_items\4dc95a2f-a673-593f-b390-ac1aa9987882\QM5_41405\20260911_220111\raw\run_01\report.htm,26539da6be257698018f7fe1ba95d6b9959d4aade127d656496f89942dd0f7fd,19409.789999999997,23835.19,2.6449549085497965,D:\QM\reports\work_items\4dc95a2f-a673-593f-b390-ac1aa9987882\QM5_41405\20260911_220111\summary.json,9957c554f15946bdda5150f246b4de1b370b27a0a323a9d75bc08f62165645ba,235
WINSWEEP_QM5_41405_USDJPY_DWX_2019_2025:2021:c43,43,done,MEASURED,2021,238,14251.239999999993,1050.6900000000003,12679.12,-5254.5999999999985,D:\QM\reports\work_items\983c1936-2ad2-5517-87d4-0663d2dc15e2\QM5_41405\20260911_220632\raw\run_01\report.htm,c3644697af8d75e975a5ff753edc917a1bc588b05d9824a930fea8cc8e28cb53,3743.189999999998,8996.64,0.295224747458814,D:\QM\reports\work_items\983c1936-2ad2-5517-87d4-0663d2dc15e2\QM5_41405\20260911_220632\summary.json,1f9a91f36287c4c8ff0b5e6132974b9c020863f7d7efaad192f7970906506404,239
WINSWEEP_QM5_41405_USDJPY_DWX_2019_2025:2022:c43,43,done,MEASURED,2022,233,35567.70000000002,585.13,13250.34,-2926.7400000000034,D:\QM\reports\work_items\5d6d6384-ea01-5182-afe7-33c8ee2491f7\QM5_41405\20260911_221016\raw\run_01\report.htm,c1351d2acc7c622d47da4555726800bfdc82df877a0755e7ecd317ced09b6115,29715.309999999998,32640.96,2.242607359509265,D:\QM\reports\work_items\5d6d6384-ea01-5182-afe7-33c8ee2491f7\QM5_41405\20260911_221016\summary.json,33ef4c0ec7a88f423fa848c77d0508700dee0fe6c423816b379f179ad18f2a39,233
WINSWEEP_QM5_41405_USDJPY_DWX_2019_2025:2023:c43,43,done,MEASURED,2023,240,-14966.720000000008,712.14,23595.96,-3561.8800000000037,D:\QM\reports\work_items\41bf78e5-4abc-50fb-81fb-1f9ffd7cfc7f\QM5_41405\20260911_221429\raw\run_01\report.htm,af3adb0f7a6b642146f2c4b79ae248c0ca226e7db827e2783584be44ee1cd9e9,-22089.3,-18528.6,-0.9361475439015832,D:\QM\reports\work_items\41bf78e5-4abc-50fb-81fb-1f9ffd7cfc7f\QM5_41405\20260911_221429\summary.json,e985c9868b15a329982daf45f9d4c0794fd3b0836f6aae7b6e6ea702fb0e6ddd,242
WINSWEEP_QM5_41405_USDJPY_DWX_2019_2025:2024:c43,43,done,MEASURED,2024,235,1336.6800000000017,701.6000000000005,20145.02,-3509.200000000004,D:\QM\reports\work_items\a441bc22-9f27-5e7f-beb5-40efae7c81a6\QM5_41405\20260911_221824\raw\run_01\report.htm,0733c2d36cb3c9d8f0a3f091e766092b79afc9d0465fdf085c712ec78d6927fe,-5667.060000000002,-2159.06,-0.28131319800129273,D:\QM\reports\work_items\a441bc22-9f27-5e7f-beb5-40efae7c81a6\QM5_41405\20260911_221824\summary.json,764c623579378d80ae3ab5a5933cacd1e7a7923bb8559b5b473015fe167de8c2,239
WINSWEEP_QM5_41405_USDJPY_DWX_2019_2025:2025:c43,43,done,MEASURED,2025,228,26740.47,529.7900000000001,9467.25,-2650.2200000000003,D:\QM\reports\work_items\259f15c2-7a3e-55be-ba8d-0d3d10e7a557\QM5_41405\20260911_222133\raw\run_01\report.htm,6ea330721216342f12994de81e1abc8612f8e1ae5999754173f6524b50a5e7bb,21479.59,24128.54,2.268830969922628,D:\QM\reports\work_items\259f15c2-7a3e-55be-ba8d-0d3d10e7a557\QM5_41405\20260911_222133\summary.json,e3081ee94c20a7b61229ce79a6bb74096bede08914941dd231f0798d9d1aa37c,228
WINSWEEP_QM5_41405_USDJPY_DWX_2019_2025:2019:c44,44,done,MEASURED,2019,81,-6563.21,506.88999999999993,13038.52,-2534.939999999999,D:\QM\reports\work_items\973fb872-455e-5595-b86a-220adbb386b0\QM5_41405\20260911_221717\raw\run_01\report.htm,95cf848cccb6b0fe4225f11bab75b3edc5acdff1a7fa6f1a67e84c6c4256ec3a,-11632.599999999999,-9098.15,-0.8921718109110541,D:\QM\reports\work_items\973fb872-455e-5595-b86a-220adbb386b0\QM5_41405\20260911_221717\summary.json,b9680358f9ad8d7690754508eee9b6e83a0855a89f09a81a02806555bc037347,82
WINSWEEP_QM5_41405_USDJPY_DWX_2019_2025:2020:c44,44,done,MEASURED,2020,65,18230.829999999998,388.83,7677.07,-1944.34,D:\QM\reports\work_items\7d864348-f1f6-5054-a308-3526848f47e0\QM5_41405\20260911_222053\raw\run_01\report.htm,fdd24077b371e08bc098dad93a08c7dca6de3b65ad4b60ef81a5ebfca282f10b,14342.34,16286.49,1.8682049271401722,D:\QM\reports\work_items\7d864348-f1f6-5054-a308-3526848f47e0\QM5_41405\20260911_222053\summary.json,43dd9da1a64064670116c69db80fc6bb7fd17869de5f1bbfb2a0a6b71459b815,65
WINSWEEP_QM5_41405_USDJPY_DWX_2019_2025:2021:c44,44,done,MEASURED,2021,46,17058.950000000004,304.04,5003.36,-1520.4400000000005,D:\QM\reports\work_items\8003b8cd-b7a7-57e6-b4d6-360e3ac302a2\QM5_41405\20260911_222439\raw\run_01\report.htm,ffcf5ef9349cbfa88a6487631d6878bec3ebfef106abea2d38cb70953adddbb0,14018.31,15538.51,2.80177920437466,D:\QM\reports\work_items\8003b8cd-b7a7-57e6-b4d6-360e3ac302a2\QM5_41405\20260911_222439\summary.json,111b7289ebcc8b57a5da7237751f2c7dd2274bf35a9eb4edd3b300816eb534d1,46
WINSWEEP_QM5_41405_USDJPY_DWX_2019_2025:2022:c44,44,done,MEASURED,2022,46,16226.52,186.80999999999997,7595.08,-934.3000000000004,D:\QM\reports\work_items\6910d652-9753-508b-94e7-192f4899efdf\QM5_41405\20260911_222741\raw\run_01\report.htm,69afc0ca79ce2dc5e6e83c118fcfe115058d0baca565f32e7e7ac6fb40ae4e28,14358.17,15292.22,1.8904567167166113,D:\QM\reports\work_items\6910d652-9753-508b-94e7-192f4899efdf\QM5_41405\20260911_222741\summary.json,dea8002386a580d2b760ad313b9390f633506bf9dccdf855efc9d0a7a8a15165,46
WINSWEEP_QM5_41405_USDJPY_DWX_2019_2025:2023:c44,44,done,MEASURED,2023,52,-2796.2200000000003,248.26999999999998,12298.24,-1241.5999999999997,D:\QM\reports\work_items\93723a49-944d-5818-94ae-a3d132b5ad1b\QM5_41405\20260911_223123\raw\run_01\report.htm,35b28078b73d4bd61441cc24946f0be4af2ca431eb02e37924d01cd8087cfd96,-5279.17,-4037.82,-0.42926223589716905,D:\QM\reports\work_items\93723a49-944d-5818-94ae-a3d132b5ad1b\QM5_41405\20260911_223123\summary.json,c8b23747e2844bd59f1679305490064d9dc87f1cc32630e24a3e8d1f5f0505dc,52
WINSWEEP_QM5_41405_USDJPY_DWX_2019_2025:2024:c44,44,done,MEASURED,2024,47,13373.94,240.74999999999997,9639.97,-1203.9800000000002,D:\QM\reports\work_items\65473773-f218-5551-87aa-e1a5ea8c81d9\QM5_41405\20260911_223510\raw\run_01\report.htm,a0173112f5d8964a48dc1f63985d87286c706b522d76dfda9c7cccea1538f1c0,10966.21,12169.96,1.1375771916302644,D:\QM\reports\work_items\65473773-f218-5551-87aa-e1a5ea8c81d9\QM5_41405\20260911_223510\summary.json,f9e08cb929c865211304e4484d786feee5d820fc0c72daf0945933492c300739,49
WINSWEEP_QM5_41405_USDJPY_DWX_2019_2025:2025:c44,44,done,MEASURED,2025,41,11747.56,140.23,3514.04,-701.3200000000002,D:\QM\reports\work_items\80772308-30f5-53ae-ad81-36816ff81e5e\QM5_41405\20260911_223906\raw\run_01\report.htm,6602f1b1a39cd1e0ddb31a773be9828757e100811b2c9c43c0f06b5f39c1d79c,10345.09,11046.24,2.943930632548292,D:\QM\reports\work_items\80772308-30f5-53ae-ad81-36816ff81e5e\QM5_41405\20260911_223906\summary.json,93a8c2c365ff6595f3b8fe3cc22b848bc133bf48a2abbb8ec398a8777a572aae,41
WINSWEEP_QM5_41405_USDJPY_DWX_2019_2025:2019:c45,45,done,MEASURED,2019,232,-4552.990000000002,1110.2900000000004,16672.86,-5552.819999999999,D:\QM\reports\work_items\b384d826-a98b-526a-9679-129ccf5a712c\QM5_41405\20260911_222500\raw\run_01\report.htm,af693686a9bffc89a1cf3e3740ed4803b67d579199f191d45515c32a60a06682,-15657.260000000002,-10105.81,-0.9390866354062831,D:\QM\reports\work_items\b384d826-a98b-526a-9679-129ccf5a712c\QM5_41405\20260911_222500\summary.json,865fd3d0c8487cfa489d77da1c6e7655912d9c622a7f0c7eb09c375c670d3ed1,234
WINSWEEP_QM5_41405_USDJPY_DWX_2019_2025:2020:c45,45,done,MEASURED,2020,243,30363.140000000003,1012.7299999999999,6829.97,-5064.779999999996,D:\QM\reports\work_items\76b4d5db-ebd1-5b1a-b7f1-d63da9715c49\QM5_41405\20260911_222802\raw\run_01\report.htm,6d0ee6116fc44debc0751f5d23628722c89a0ec6872fdbe99828f80093c920c6,20234.71,25298.36,2.962635267797662,D:\QM\reports\work_items\76b4d5db-ebd1-5b1a-b7f1-d63da9715c49\QM5_41405\20260911_222802\summary.json,58aff6faff84de0a16a07d636c2e694f74fe67ef8d4bcb426a929273dcff8a17,243
WINSWEEP_QM5_41405_USDJPY_DWX_2019_2025:2021:c45,45,done,MEASURED,2021,240,16645.400000000005,1158.3599999999997,10422.4,-5793.04,D:\QM\reports\work_items\37223b20-a9e3-51cf-804c-9a7ef7fdc62a\QM5_41405\20260911_223210\raw\run_01\report.htm,e2979dcf17e242ea75c552e19511f51543cf0c312c00aec54785fac96185bdea,5060.560000000002,10852.36,0.4855465151980352,D:\QM\reports\work_items\37223b20-a9e3-51cf-804c-9a7ef7fdc62a\QM5_41405\20260911_223210\summary.json,aa33ff354c4ee8787ed652b91521c80d1e2abf03d9055eeddf3755201887dafb,241
WINSWEEP_QM5_41405_USDJPY_DWX_2019_2025:2022:c45,45,done,MEASURED,2022,233,35227.94000000002,610.5500000000004,13576.25,-3053.9600000000037,D:\QM\reports\work_items\4bb819d9-0c22-5477-b08e-fdb1585914ae\QM5_41405\20260911_223543\raw\run_01\report.htm,4b39decaf3ad2d5eba56d7009c8ad4e6771db29297d5aef31387c522cb749943,29121.229999999996,32173.98,2.1450127980848905,D:\QM\reports\work_items\4bb819d9-0c22-5477-b08e-fdb1585914ae\QM5_41405\20260911_223543\summary.json,2bef6f207a333909ac194e2066c5c95d3feef6a638874250484d6cc222735475,233
WINSWEEP_QM5_41405_USDJPY_DWX_2019_2025:2023:c45,45,done,MEASURED,2023,240,-10324.37999999999,750.6199999999998,19409.63,-3754.2600000000048,D:\QM\reports\work_items\90cee82e-31be-5f96-a86a-12d9cedaed78\QM5_41405\20260911_224110\raw\run_01\report.htm,899f423d417aab1d578ee59e2195398d3e9b50a99c11b21d7fc29ae8413ed110,-17831.739999999998,-14078.64,-0.9187058176791622,D:\QM\reports\work_items\90cee82e-31be-5f96-a86a-12d9cedaed78\QM5_41405\20260911_224110\summary.json,c13fe0ea3bc63a5506049c2f9e24e4ac6391be0c8614c7f845d0609672daeacf,242
WINSWEEP_QM5_41405_USDJPY_DWX_2019_2025:2024:c45,45,done,MEASURED,2024,239,5900.07,751.86,20347.94,-3760.5800000000036,D:\QM\reports\work_items\216c1b84-566d-5d09-9f21-12822146aef5\QM5_41405\20260911_224446\raw\run_01\report.htm,d69bd15acfb9a20dd17d3818182e4fdd551d56c2a758b4959e624fe70f156e4a,-1605.8600000000001,2153.44,-0.07892002826821783,D:\QM\reports\work_items\216c1b84-566d-5d09-9f21-12822146aef5\QM5_41405\20260911_224446\summary.json,e7f3a80d8d97c62a1d3d70d09e03b9bd06bcbbf608862b8b6120fb377d9f2ff6,243
WINSWEEP_QM5_41405_USDJPY_DWX_2019_2025:2025:c45,45,done,MEASURED,2025,228,30423.92000000001,549.2199999999998,8358.71,-2747.1400000000035,D:\QM\reports\work_items\d03eb103-4819-5294-96a1-8b2095477626\QM5_41405\20260911_224823\raw\run_01\report.htm,b11e33303142e767c11076d6b277878e69124f320aa26205ec0670802f8b67b1,24969.920000000002,27716.02,2.987293493852521,D:\QM\reports\work_items\d03eb103-4819-5294-96a1-8b2095477626\QM5_41405\20260911_224823\summary.json,4886a24d49eafa0d9c41d160422e4145c085ded2f4e4089df4978e1cc62b9598,228
WINSWEEP_QM5_41405_USDJPY_DWX_2019_2025:2019:c46,46,done,MEASURED,2019,79,-8050.22,431.82000000000005,12946.06,-2159.3800000000015,D:\QM\reports\work_items\2027e0e0-6068-587b-873b-d97cebfa532e\QM5_41405\20260911_224332\raw\run_01\report.htm,5f538f888965e6545c625ad937cf8cdf0701282e8099552275c635417054290e,-12368.7,-10209.6,-0.9554026476008918,D:\QM\reports\work_items\2027e0e0-6068-587b-873b-d97cebfa532e\QM5_41405\20260911_224332\summary.json,9f392932ddeb3d82ba6e61aa66d6f57a7326968b504390952591ec50d90c8874,80
WINSWEEP_QM5_41405_USDJPY_DWX_2019_2025:2020:c46,46,done,MEASURED,2020,63,13594.579999999996,330.81999999999994,6936.91,-1654.4200000000005,D:\QM\reports\work_items\a742b4bc-17b3-5ef6-a5d4-e3c05466435d\QM5_41405\20260911_224704\raw\run_01\report.htm,607941311d9ea778cce3cdf74aa62825c31b963d0fccef3723762194f85964b3,10286.06,11940.16,1.4828014202288915,D:\QM\reports\work_items\a742b4bc-17b3-5ef6-a5d4-e3c05466435d\QM5_41405\20260911_224704\summary.json,d87086faf8f41d49af89e29d9117cc9557b3e1778b20ffe388b4ea4e864a7846,63
WINSWEEP_QM5_41405_USDJPY_DWX_2019_2025:2021:c46,46,done,MEASURED,2021,46,18443.94,269.02000000000004,4619.52,-1345.3399999999997,D:\QM\reports\work_items\d43acb17-3a30-514f-9085-b422d1f95179\QM5_41405\20260911_224957\raw\run_01\report.htm,a9c065db58ede6436164e03667d8856e9fe61b8289c1d88753e626fae70d17cc,15753.499999999998,17098.6,3.41020279163203,D:\QM\reports\work_items\d43acb17-3a30-514f-9085-b422d1f95179\QM5_41405\20260911_224957\summary.json,8d52c53c45ae474acc3e58d772f5e27bc50b71539700c2a7fe9655e03125915a,46
WINSWEEP_QM5_41405_USDJPY_DWX_2019_2025:2022:c46,46,done,MEASURED,2022,47,15853.730000000001,176.92999999999998,7768.2,-884.9199999999998,D:\QM\reports\work_items\0409de75-b528-5bb8-b2df-9e24da2f305a\QM5_41405\20260911_225251\raw\run_01\report.htm,b27a5e952253ba7974261a31bd70b77eb2e973eb4ef849a2e85bbac20668aed3,14084.16,14968.81,1.8130532169614584,D:\QM\reports\work_items\0409de75-b528-5bb8-b2df-9e24da2f305a\QM5_41405\20260911_225251\summary.json,2b10026169c46cf7ee553b0750b88887cb80d84e835eb6e15cbaafea8231ceff,47
WINSWEEP_QM5_41405_USDJPY_DWX_2019_2025:2023:c46,46,done,MEASURED,2023,52,-6066.179999999998,230.26000000000002,12492.2,-1151.5799999999997,D:\QM\reports\work_items\c6fe8034-c0f4-5fe1-b6cd-461851bb8992\QM5_41405\20260911_225653\raw\run_01\report.htm,3d336283b4d85e756c0daa0c6ded59c311681b7b26362ec0fee17190520354f9,-8369.060000000001,-7217.76,-0.6699428443348651,D:\QM\reports\work_items\c6fe8034-c0f4-5fe1-b6cd-461851bb8992\QM5_41405\20260911_225653\summary.json,55895704b990edbd870effbebb2d6ae513a21891ea93bfdbe0af28b46bdfd596,52
WINSWEEP_QM5_41405_USDJPY_DWX_2019_2025:2024:c46,46,done,MEASURED,2024,47,13582.869999999999,222.85000000000005,8350.54,-1114.46,D:\QM\reports\work_items\d2c15fc8-35fd-56f1-8ad0-d1793b034b7c\QM5_41405\20260911_225957\raw\run_01\report.htm,c81d233fb937d3872d3c145e50b2a6f4683e5854c9781d242cb6e0b214ff1a76,11354.16,12468.41,1.3596917085601647,D:\QM\reports\work_items\d2c15fc8-35fd-56f1-8ad0-d1793b034b7c\QM5_41405\20260911_225957\summary.json,dd31cc5f82e11c0d70eb5c996ef277ada07c646978d044e49dbd087ce741736c,49
WINSWEEP_QM5_41405_USDJPY_DWX_2019_2025:2025:c46,46,done,MEASURED,2025,41,12484.949999999999,133.42999999999998,3296.13,-667.3800000000003,D:\QM\reports\work_items\2f0b04a4-a2ff-525f-b726-5352358279d2\QM5_41405\20260911_230301\raw\run_01\report.htm,52a60f8acc6ea22ddbc2a9fa181e28ecd3ef6c99cb2b803ef8f57bbfac52745c,11150.42,11817.57,3.3828823499073155,D:\QM\reports\work_items\2f0b04a4-a2ff-525f-b726-5352358279d2\QM5_41405\20260911_230301\summary.json,5d1968b7b5aa15f4572819fac1d91dca57d13524882793b228d91b168e8f2b73,41
WINSWEEP_QM5_41405_USDJPY_DWX_2019_2025:2019:c47,47,done,MEASURED,2019,222,-8492.320000000002,965.1699999999993,16359.08,-4826.960000000003,D:\QM\reports\work_items\202f8267-4f2c-59b3-8465-c2d3b153c23d\QM5_41405\20260911_225309\raw\run_01\report.htm,b86bc074a9fc0143e1098fcfbd2264e7351bdba073c4870b986caba73afd4f51,-18145.129999999997,-13319.28,-1.1091778999797053,D:\QM\reports\work_items\202f8267-4f2c-59b3-8465-c2d3b153c23d\QM5_41405\20260911_225309\summary.json,365640a74e06169df300cb6f17f34c4148f0957c7a5244d27a8905218dbda471,225
WINSWEEP_QM5_41405_USDJPY_DWX_2019_2025:2020:c47,47,done,MEASURED,2020,235,28261.80999999999,885.08,7338.42,-4426.620000000001,D:\QM\reports\work_items\4c1a76ff-d0f2-5c03-aa53-0811bcb34046\QM5_41405\20260911_225625\raw\run_01\report.htm,5e60817ee82fd2268152d2f6c96013bd769d5a8809efebc742a76cd93fd6b500,19409.789999999997,23835.19,2.6449549085497965,D:\QM\reports\work_items\4c1a76ff-d0f2-5c03-aa53-0811bcb34046\QM5_41405\20260911_225625\summary.json,b7f613c26f1d0e4c434151c89f02e305418c98b654cea24722a39d36b42ace89,235
WINSWEEP_QM5_41405_USDJPY_DWX_2019_2025:2021:c47,47,done,MEASURED,2021,238,14251.239999999993,1050.6900000000003,12679.12,-5254.5999999999985,D:\QM\reports\work_items\ddebe090-ff40-5d85-8fe9-2660360d4a6e\QM5_41405\20260911_230024\raw\run_01\report.htm,170681a0d74fd000030082f7e4bf9cf345570ec6c3b331c4df32a7d19742c5b6,3743.189999999998,8996.64,0.295224747458814,D:\QM\reports\work_items\ddebe090-ff40-5d85-8fe9-2660360d4a6e\QM5_41405\20260911_230024\summary.json,1e6a8461080a5db7d78fff73bde4b16d5106b61c13290ff9e8ef87ba3727ad73,239
WINSWEEP_QM5_41405_USDJPY_DWX_2019_2025:2022:c47,47,done,MEASURED,2022,233,35567.70000000002,585.13,13250.34,-2926.7400000000034,D:\QM\reports\work_items\e4fd3123-7a5a-5415-bb08-3be155960b91\QM5_41405\20260911_230341\raw\run_01\report.htm,25c6b3684cd9d186df52d1706985617a4ee2a33cd24c4250fe7e93f5d7412f47,29715.309999999998,32640.96,2.242607359509265,D:\QM\reports\work_items\e4fd3123-7a5a-5415-bb08-3be155960b91\QM5_41405\20260911_230341\summary.json,480a5f68190ad487c6db6e5e755805bc0ca74fe5f821151bd5cd2b69376430ec,233
WINSWEEP_QM5_41405_USDJPY_DWX_2019_2025:2023:c47,47,done,MEASURED,2023,240,-14966.720000000008,712.14,23595.96,-3561.8800000000037,D:\QM\reports\work_items\6efd0849-d183-5130-a5bc-a5344f229c03\QM5_41405\20260911_230937\raw\run_01\report.htm,b5c8bb7e6445f54a1fd8fbe5815cde6b3e32c3ba396efee7207b05af8e3ac4d6,-22089.3,-18528.6,-0.9361475439015832,D:\QM\reports\work_items\6efd0849-d183-5130-a5bc-a5344f229c03\QM5_41405\20260911_230937\summary.json,a71402fbddaf2d9e9de7ea98be52a5f7c9646238a41e6f8563f1a524cc673f6c,242
WINSWEEP_QM5_41405_USDJPY_DWX_2019_2025:2024:c47,47,done,MEASURED,2024,235,1336.6800000000017,701.6000000000005,20145.02,-3509.200000000004,D:\QM\reports\work_items\bc8190f8-bb10-5185-974b-0576f0045696\QM5_41405\20260911_231307\raw\run_01\report.htm,a4631248cdc02dcbaecd6211816256f43d02a00a3df6e2626fe5630b5fd61502,-5667.060000000002,-2159.06,-0.28131319800129273,D:\QM\reports\work_items\bc8190f8-bb10-5185-974b-0576f0045696\QM5_41405\20260911_231307\summary.json,c08fe159dc8202d8af6a7b33aa03c87b53def9cfc4029640e09c9fc53d24924d,239
WINSWEEP_QM5_41405_USDJPY_DWX_2019_2025:2025:c47,47,done,MEASURED,2025,228,26740.47,529.7900000000001,9467.25,-2650.2200000000003,D:\QM\reports\work_items\ee645bce-de84-57b0-b549-e9e837c18195\QM5_41405\20260911_231631\raw\run_01\report.htm,1e77139a7b0ae3f4d4892762cf9d3f7fcff4146a70126020a18edb9799d4780f,21479.59,24128.54,2.268830969922628,D:\QM\reports\work_items\ee645bce-de84-57b0-b549-e9e837c18195\QM5_41405\20260911_231631\summary.json,2924080c171a00e1eb03a163d6e11ad2d2d7516363035870408a425e440cc38f,228
WINSWEEP_QM5_41405_USDJPY_DWX_2019_2025:2019:c48,48,done,MEASURED,2019,225,-5499.369999999996,1090.0000000000002,17001.75,-5451.339999999993,D:\QM\reports\work_items\8326a941-8072-5f12-b4cc-fd1d325230cf\QM5_41405\20260911_230713\raw\run_01\report.htm,03260ea0d2d9711058e6264a8a5a99b1fcd5e2d398febb74b01034c92ab9543b,-16400.71,-10950.71,-0.9646483450233063,D:\QM\reports\work_items\8326a941-8072-5f12-b4cc-fd1d325230cf\QM5_41405\20260911_230713\summary.json,7bd9ecff5d229f69cd944fe31df338df033b88f62ffbaead24a35bd26fe349cd,227
WINSWEEP_QM5_41405_USDJPY_DWX_2019_2025:2020:c48,48,done,MEASURED,2020,243,38713.23,1008.5100000000001,7237.14,-5043.76,D:\QM\reports\work_items\8bd40ab5-bf82-5c6c-8792-496d0b974920\QM5_41405\20260911_231652\raw\run_01\report.htm,7919412759b3700c27a0b0a0f822405a2fd89e68e53fe5637eb49e072c2f900f,28626.920000000002,33669.47,3.9555570294342792,D:\QM\reports\work_items\8bd40ab5-bf82-5c6c-8792-496d0b974920\QM5_41405\20260911_231652\summary.json,4f8eb1055312cc5f3cc2dcdb242a1364073e1a211a34cb1f410185019c3b624e,243
WINSWEEP_QM5_41405_USDJPY_DWX_2019_2025:2021:c48,48,done,MEASURED,2021,242,26776.470000000005,1184.9400000000007,8902.54,-5925.980000000005,D:\QM\reports\work_items\81533f79-ac7b-5ca7-9c34-a1d6d67e7fac\QM5_41405\20260911_231941\raw\run_01\report.htm,b3b0b429140df34dd8a99c753c7d18bd919250606cf361f66522e4b66e21fb6d,14925.789999999997,20850.49,1.6765765725287385,D:\QM\reports\work_items\81533f79-ac7b-5ca7-9c34-a1d6d67e7fac\QM5_41405\20260911_231941\summary.json,29570a84fa09e77749017222e6b084488ad7dfe6c7e0de295308563cc08f5522,243
WINSWEEP_QM5_41405_USDJPY_DWX_2019_2025:2022:c48,48,done,MEASURED,2022,238,44486.04999999995,639.6300000000007,8861.92,-3199.320000000004,D:\QM\reports\work_items\910067bf-d196-5a32-ae78-aa6ffd4003af\QM5_41405\20260911_232209\raw\run_01\report.htm,4b56a1376a0da2c3179cefb8630a07ff562f7251aff249c73ab7a64eb72df974,38088.58,41286.73,4.298005398378681,D:\QM\reports\work_items\910067bf-d196-5a32-ae78-aa6ffd4003af\QM5_41405\20260911_232209\summary.json,7092ed407d094cbe6ac68972e085abd7a368612985dfc7eee95bcd543b0641b2,238
WINSWEEP_QM5_41405_USDJPY_DWX_2019_2025:2023:c48,48,done,MEASURED,2023,238,10846.389999999998,782.8000000000002,12831.7,-3915.200000000005,D:\QM\reports\work_items\dd741969-95fa-579a-8881-e7ff9bbeccd2\QM5_41405\20260911_232531\raw\run_01\report.htm,a403740cf1ea15719e8cc171bcc951a1976b681d5787632edc3e88b583ae5bad,3017.1899999999987,6931.19,0.23513564063997744,D:\QM\reports\work_items\dd741969-95fa-579a-8881-e7ff9bbeccd2\QM5_41405\20260911_232531\summary.json,5e0c96fb5b6fb7f3153bc351e388ae4449f39a1ebe72a9c97504de00c09b596b,240
WINSWEEP_QM5_41405_USDJPY_DWX_2019_2025:2024:c48,48,done,MEASURED,2024,231,7252.0899999999965,753.2499999999999,15745.17,-3767.24,D:\QM\reports\work_items\a1fb5401-3ef7-5291-96fc-4bdc2f6d11a7\QM5_41405\20260911_232837\raw\run_01\report.htm,b5651cc0eceda1ddb46c5d55df4130ce6a5354e46efa4e37566dd8b51f11fe57,-267.44999999999936,3498.8,-0.01698616147046995,D:\QM\reports\work_items\a1fb5401-3ef7-5291-96fc-4bdc2f6d11a7\QM5_41405\20260911_232837\summary.json,841ecb6c0288499158723755b3afee17c09243f4e6e8191d0bb19c1b0cd4b022,234
WINSWEEP_QM5_41405_USDJPY_DWX_2019_2025:2025:c48,48,done,MEASURED,2025,222,35999.51,565.8100000000001,8646.5,-2830.160000000003,D:\QM\reports\work_items\12f95b61-5079-54e7-a391-f6a53ded46e1\QM5_41405\20260911_233237\raw\run_01\report.htm,f9998df40fcb8b91c739c1b7ef2ef7715316b01954a0f876c379664cc19a1cfd,30340.3,33169.35,3.5089689469727636,D:\QM\reports\work_items\12f95b61-5079-54e7-a391-f6a53ded46e1\QM5_41405\20260911_233237\summary.json,8acae52e8776c9803145d6be8c6f2cd634cd7e34c49fdd206a4364ce9cbd5061,222
WINSWEEP_QM5_41405_USDJPY_DWX_2019_2025:2019:c49,49,done,MEASURED,2019,219,-8853.369999999999,956.55,19601.77,-4783.879999999998,D:\QM\reports\work_items\54be980a-aa6f-5cf3-8d61-1f1fdc3ad103\QM5_41405\20260911_232009\raw\run_01\report.htm,303ad28b466051a25707498663b7a870dc1cc3b57178d949233bc34fab6bf0c3,-18420.0,-13637.25,-0.9397110567055934,D:\QM\reports\work_items\54be980a-aa6f-5cf3-8d61-1f1fdc3ad103\QM5_41405\20260911_232009\summary.json,ee3f17c8decc8201d0fa3747b5ed6eee01e6ecda4bfd0d627f9bb6012cdb783b,222
WINSWEEP_QM5_41405_USDJPY_DWX_2019_2025:2020:c49,49,done,MEASURED,2020,238,31561.479999999992,906.5200000000001,6316.19,-4533.800000000005,D:\QM\reports\work_items\2ac1d8ed-90dc-58c5-936a-80ea0be2b03a\QM5_41405\20260911_232252\raw\run_01\report.htm,f3829df6ada7f22f64905d689a7ca431830d4ff02aa5f38e7e152ba7049b12b2,22495.08,27027.68,3.561495141849755,D:\QM\reports\work_items\2ac1d8ed-90dc-58c5-936a-80ea0be2b03a\QM5_41405\20260911_232252\summary.json,3f21b422717ea7fab30cd7bb343b00015e68d2b96cdf58a667cdf98a2433b009,238
WINSWEEP_QM5_41405_USDJPY_DWX_2019_2025:2021:c49,49,done,MEASURED,2021,238,21004.359999999997,1068.2300000000005,10908.19,-5342.239999999996,D:\QM\reports\work_items\419de150-3758-55f3-81f9-bd15a5cb6414\QM5_41405\20260911_232646\raw\run_01\report.htm,5905dbaf77d69e3874442b3b85871b5b61dc96fbe5d45c572bce86892887190a,10320.969999999998,15662.12,0.9461670542959003,D:\QM\reports\work_items\419de150-3758-55f3-81f9-bd15a5cb6414\QM5_41405\20260911_232646\summary.json,ee2332984f28761b2a36f890838b235b8d47ba718b2ac4d0673839d5a7a5df62,239
WINSWEEP_QM5_41405_USDJPY_DWX_2019_2025:2022:c49,49,done,MEASURED,2022,232,41879.86000000001,590.77,8281.53,-2955.020000000003,D:\QM\reports\work_items\5754b6f8-f70e-5c28-99f9-07b293d1caf9\QM5_41405\20260911_232952\raw\run_01\report.htm,bdd0d3c7a853f2788baf7841d654fe83e6cad669df39bf66b48eeadc05b91776,35970.99,38924.84,4.343519856838047,D:\QM\reports\work_items\5754b6f8-f70e-5c28-99f9-07b293d1caf9\QM5_41405\20260911_232952\summary.json,bb7f5fb9bf646750c00000bb0fb9ee11b1cae25cb6b21a1c37617325d45a57c0,232
WINSWEEP_QM5_41405_USDJPY_DWX_2019_2025:2023:c49,49,done,MEASURED,2023,240,5058.490000000001,748.4900000000005,17155.78,-3743.6200000000026,D:\QM\reports\work_items\2422de41-ba84-58b8-b145-074fc7b67065\QM5_41405\20260911_233454\raw\run_01\report.htm,1e829be666c4b62a4a9256048cbe4945818ef223af94e4f6ca2993082e2ecc92,-2427.5800000000027,1314.87,-0.14150216428515655,D:\QM\reports\work_items\2422de41-ba84-58b8-b145-074fc7b67065\QM5_41405\20260911_233454\summary.json,20fd49b72f12ff37d143ccab54fb92bcae2018be9d841c7ced8655bfb315faea,242
WINSWEEP_QM5_41405_USDJPY_DWX_2019_2025:2024:c49,49,done,MEASURED,2024,229,15295.519999999999,703.6100000000004,10317.91,-3519.2600000000057,D:\QM\reports\work_items\c1102e19-3144-59cd-804b-91bb21c32892\QM5_41405\20260911_233704\raw\run_01\report.htm,20cadf9d19d822f7a8dd3d146d30aa62cdd7778c8961cc106c81fd649211ad6e,8271.669999999998,11789.72,0.8016807667444278,D:\QM\reports\work_items\c1102e19-3144-59cd-804b-91bb21c32892\QM5_41405\20260911_233704\summary.json,3953b29f3d56fd051ead64567e0842eae6aff03d870ca804d804ea4afb7e6b08,232
WINSWEEP_QM5_41405_USDJPY_DWX_2019_2025:2025:c49,49,done,MEASURED,2025,225,31184.659999999993,549.9100000000003,8955.02,-2750.7200000000025,D:\QM\reports\work_items\5becac14-76f3-53d0-b67f-ee403ca2243a\QM5_41405\20260911_233941\raw\run_01\report.htm,0d88918c6c3bf7c5bea2411a04f6939b0a80bc1ab5a51c060d1cb2459c4b9da3,25684.389999999996,28433.94,2.868155515007224,D:\QM\reports\work_items\5becac14-76f3-53d0-b67f-ee403ca2243a\QM5_41405\20260911_233941\summary.json,a4cc71f72535025623130f2375fcfed82b7db172639f1241423b924b5f109f22,225
