line,date,side,accepted,price,sl,range_high,range_low,bid,ask,outside_high,outside_low,invalid_price,broker_time,utc_time,season,broker_hour,utc_hour,strategy_hour,log,source
62470,2018-07-02,buy,True,111.061,110.704,111.061,110.704,111.016,111.020,False,False,False,2018-07-02T06:00:00,2018-07-02T03:00:00Z,summer_US_DST,6,3,6,CS	0	15:59:11.071	Trade	2018.07.02 06:00:00   buy stop 3.1 USDJPY.DWX at 111.061 sl: 110.704 (111.016 / 111.020),D:\QM\reports\work_items\2fc84747-27db-5e88-9568-3fdda6c30769\QM5_41398\20260909_135814\raw\run_01\20260909.log
62471,2018-07-02,sell,True,110.704,111.061,111.061,110.704,111.016,111.020,False,False,False,2018-07-02T06:00:00,2018-07-02T03:00:00Z,summer_US_DST,6,3,6,CS	0	15:59:11.071	Trade	2018.07.02 06:00:00   sell stop 3.11 USDJPY.DWX at 110.704 sl: 111.061 (111.016 / 111.020),D:\QM\reports\work_items\2fc84747-27db-5e88-9568-3fdda6c30769\QM5_41398\20260909_135814\raw\run_01\20260909.log
62481,2018-07-04,buy,True,110.449,110.278,110.449,110.278,110.411,110.416,False,False,False,2018-07-04T06:00:00,2018-07-04T03:00:00Z,summer_US_DST,6,3,6,CS	0	15:59:11.418	Trade	2018.07.04 06:00:00   buy stop 6.44 USDJPY.DWX at 110.449 sl: 110.278 (110.411 / 110.416),D:\QM\reports\work_items\2fc84747-27db-5e88-9568-3fdda6c30769\QM5_41398\20260909_135814\raw\run_01\20260909.log
62482,2018-07-04,sell,True,110.278,110.449,110.449,110.278,110.411,110.416,False,False,False,2018-07-04T06:00:00,2018-07-04T03:00:00Z,summer_US_DST,6,3,6,CS	0	15:59:11.418	Trade	2018.07.04 06:00:00   sell stop 6.45 USDJPY.DWX at 110.278 sl: 110.449 (110.411 / 110.416),D:\QM\reports\work_items\2fc84747-27db-5e88-9568-3fdda6c30769\QM5_41398\20260909_135814\raw\run_01\20260909.log
62492,2018-07-06,buy,True,110.756,110.526,110.756,110.526,110.683,110.686,False,False,False,2018-07-06T06:00:00,2018-07-06T03:00:00Z,summer_US_DST,6,3,6,CS	0	15:59:11.704	Trade	2018.07.06 06:00:00   buy stop 4.8 USDJPY.DWX at 110.756 sl: 110.526 (110.683 / 110.686),D:\QM\reports\work_items\2fc84747-27db-5e88-9568-3fdda6c30769\QM5_41398\20260909_135814\raw\run_01\20260909.log
62493,2018-07-06,sell,True,110.526,110.756,110.756,110.526,110.683,110.686,False,False,False,2018-07-06T06:00:00,2018-07-06T03:00:00Z,summer_US_DST,6,3,6,CS	0	15:59:11.705	Trade	2018.07.06 06:00:00   sell stop 4.81 USDJPY.DWX at 110.526 sl: 110.756 (110.683 / 110.686),D:\QM\reports\work_items\2fc84747-27db-5e88-9568-3fdda6c30769\QM5_41398\20260909_135814\raw\run_01\20260909.log
62503,2018-07-09,buy,True,110.529,110.350,110.529,110.350,110.453,110.457,False,False,False,2018-07-09T06:00:00,2018-07-09T03:00:00Z,summer_US_DST,6,3,6,CS	0	15:59:11.845	Trade	2018.07.09 06:00:00   buy stop 6.16 USDJPY.DWX at 110.529 sl: 110.350 (110.453 / 110.457),D:\QM\reports\work_items\2fc84747-27db-5e88-9568-3fdda6c30769\QM5_41398\20260909_135814\raw\run_01\20260909.log
62504,2018-07-09,sell,True,110.350,110.529,110.529,110.350,110.453,110.457,False,False,False,2018-07-09T06:00:00,2018-07-09T03:00:00Z,summer_US_DST,6,3,6,CS	0	15:59:11.845	Trade	2018.07.09 06:00:00   sell stop 6.17 USDJPY.DWX at 110.350 sl: 110.529 (110.453 / 110.457),D:\QM\reports\work_items\2fc84747-27db-5e88-9568-3fdda6c30769\QM5_41398\20260909_135814\raw\run_01\20260909.log
62516,2018-07-10,buy,True,111.052,110.922,111.052,110.922,111.028,111.032,False,False,False,2018-07-10T06:00:01,2018-07-10T03:00:01Z,summer_US_DST,6,3,6,CS	0	15:59:11.987	Trade	2018.07.10 06:00:01   buy stop 8.53 USDJPY.DWX at 111.052 sl: 110.922 (111.028 / 111.032),D:\QM\reports\work_items\2fc84747-27db-5e88-9568-3fdda6c30769\QM5_41398\20260909_135814\raw\run_01\20260909.log
62517,2018-07-10,sell,True,110.922,111.052,111.052,110.922,111.028,111.032,False,False,False,2018-07-10T06:00:01,2018-07-10T03:00:01Z,summer_US_DST,6,3,6,CS	0	15:59:11.988	Trade	2018.07.10 06:00:01   sell stop 8.54 USDJPY.DWX at 110.922 sl: 111.052 (111.028 / 111.032),D:\QM\reports\work_items\2fc84747-27db-5e88-9568-3fdda6c30769\QM5_41398\20260909_135814\raw\run_01\20260909.log
62529,2018-07-11,buy,True,111.143,110.765,111.143,110.765,111.076,111.081,False,False,False,2018-07-11T06:00:00,2018-07-11T03:00:00Z,summer_US_DST,6,3,6,CS	0	15:59:12.144	Trade	2018.07.11 06:00:00   buy stop 2.93 USDJPY.DWX at 111.143 sl: 110.765 (111.076 / 111.081),D:\QM\reports\work_items\2fc84747-27db-5e88-9568-3fdda6c30769\QM5_41398\20260909_135814\raw\run_01\20260909.log
62530,2018-07-11,sell,True,110.765,111.143,111.143,110.765,111.076,111.081,False,False,False,2018-07-11T06:00:00,2018-07-11T03:00:00Z,summer_US_DST,6,3,6,CS	0	15:59:12.144	Trade	2018.07.11 06:00:00   sell stop 2.94 USDJPY.DWX at 110.765 sl: 111.143 (111.076 / 111.081),D:\QM\reports\work_items\2fc84747-27db-5e88-9568-3fdda6c30769\QM5_41398\20260909_135814\raw\run_01\20260909.log
62541,2018-07-12,buy,True,112.340,111.963,112.340,111.963,112.258,112.261,False,False,False,2018-07-12T06:00:05,2018-07-12T03:00:05Z,summer_US_DST,6,3,6,CS	0	15:59:12.313	Trade	2018.07.12 06:00:05   buy stop 2.96 USDJPY.DWX at 112.340 sl: 111.963 (112.258 / 112.261),D:\QM\reports\work_items\2fc84747-27db-5e88-9568-3fdda6c30769\QM5_41398\20260909_135814\raw\run_01\20260909.log
62542,2018-07-12,sell,True,111.963,112.340,112.340,111.963,112.258,112.261,False,False,False,2018-07-12T06:00:05,2018-07-12T03:00:05Z,summer_US_DST,6,3,6,CS	0	15:59:12.313	Trade	2018.07.12 06:00:05   sell stop 2.97 USDJPY.DWX at 111.963 sl: 112.340 (112.258 / 112.261),D:\QM\reports\work_items\2fc84747-27db-5e88-9568-3fdda6c30769\QM5_41398\20260909_135814\raw\run_01\20260909.log
62552,2018-07-13,buy,True,112.768,112.575,112.768,112.575,112.596,112.601,False,False,False,2018-07-13T06:00:01,2018-07-13T03:00:01Z,summer_US_DST,6,3,6,CS	0	15:59:12.473	Trade	2018.07.13 06:00:01   buy stop 5.83 USDJPY.DWX at 112.768 sl: 112.575 (112.596 / 112.601),D:\QM\reports\work_items\2fc84747-27db-5e88-9568-3fdda6c30769\QM5_41398\20260909_135814\raw\run_01\20260909.log
62553,2018-07-13,sell,True,112.575,112.768,112.768,112.575,112.596,112.601,False,False,False,2018-07-13T06:00:01,2018-07-13T03:00:01Z,summer_US_DST,6,3,6,CS	0	15:59:12.474	Trade	2018.07.13 06:00:01   sell stop 5.84 USDJPY.DWX at 112.575 sl: 112.768 (112.596 / 112.601),D:\QM\reports\work_items\2fc84747-27db-5e88-9568-3fdda6c30769\QM5_41398\20260909_135814\raw\run_01\20260909.log
62563,2018-07-16,buy,True,112.561,112.395,112.561,112.395,112.487,112.490,False,False,False,2018-07-16T06:00:03,2018-07-16T03:00:03Z,summer_US_DST,6,3,6,CS	0	15:59:12.586	Trade	2018.07.16 06:00:03   buy stop 6.77 USDJPY.DWX at 112.561 sl: 112.395 (112.487 / 112.490),D:\QM\reports\work_items\2fc84747-27db-5e88-9568-3fdda6c30769\QM5_41398\20260909_135814\raw\run_01\20260909.log
62564,2018-07-16,sell,True,112.395,112.561,112.561,112.395,112.487,112.490,False,False,False,2018-07-16T06:00:03,2018-07-16T03:00:03Z,summer_US_DST,6,3,6,CS	0	15:59:12.586	Trade	2018.07.16 06:00:03   sell stop 6.78 USDJPY.DWX at 112.395 sl: 112.561 (112.487 / 112.490),D:\QM\reports\work_items\2fc84747-27db-5e88-9568-3fdda6c30769\QM5_41398\20260909_135814\raw\run_01\20260909.log
62574,2018-07-17,buy,True,112.570,112.349,112.570,112.349,112.420,112.424,False,False,False,2018-07-17T06:00:00,2018-07-17T03:00:00Z,summer_US_DST,6,3,6,CS	0	15:59:12.730	Trade	2018.07.17 06:00:00   buy stop 5.08 USDJPY.DWX at 112.570 sl: 112.349 (112.420 / 112.424),D:\QM\reports\work_items\2fc84747-27db-5e88-9568-3fdda6c30769\QM5_41398\20260909_135814\raw\run_01\20260909.log
62575,2018-07-17,sell,True,112.349,112.570,112.570,112.349,112.420,112.424,False,False,False,2018-07-17T06:00:00,2018-07-17T03:00:00Z,summer_US_DST,6,3,6,CS	0	15:59:12.731	Trade	2018.07.17 06:00:00   sell stop 5.09 USDJPY.DWX at 112.349 sl: 112.570 (112.420 / 112.424),D:\QM\reports\work_items\2fc84747-27db-5e88-9568-3fdda6c30769\QM5_41398\20260909_135814\raw\run_01\20260909.log
62585,2018-07-18,buy,True,113.059,112.877,113.059,112.877,112.925,112.930,False,False,False,2018-07-18T06:00:00,2018-07-18T03:00:00Z,summer_US_DST,6,3,6,CS	0	15:59:12.890	Trade	2018.07.18 06:00:00   buy stop 6.2 USDJPY.DWX at 113.059 sl: 112.877 (112.925 / 112.930),D:\QM\reports\work_items\2fc84747-27db-5e88-9568-3fdda6c30769\QM5_41398\20260909_135814\raw\run_01\20260909.log
62586,2018-07-18,sell,True,112.877,113.059,113.059,112.877,112.925,112.930,False,False,False,2018-07-18T06:00:00,2018-07-18T03:00:00Z,summer_US_DST,6,3,6,CS	0	15:59:12.890	Trade	2018.07.18 06:00:00   sell stop 6.21 USDJPY.DWX at 112.877 sl: 113.059 (112.925 / 112.930),D:\QM\reports\work_items\2fc84747-27db-5e88-9568-3fdda6c30769\QM5_41398\20260909_135814\raw\run_01\20260909.log
62596,2018-07-19,buy,True,112.826,112.649,112.826,112.649,112.745,112.748,False,False,False,2018-07-19T06:00:00,2018-07-19T03:00:00Z,summer_US_DST,6,3,6,CS	0	15:59:13.021	Trade	2018.07.19 06:00:00   buy stop 6.36 USDJPY.DWX at 112.826 sl: 112.649 (112.745 / 112.748),D:\QM\reports\work_items\2fc84747-27db-5e88-9568-3fdda6c30769\QM5_41398\20260909_135814\raw\run_01\20260909.log
62597,2018-07-19,sell,True,112.649,112.826,112.826,112.649,112.745,112.748,False,False,False,2018-07-19T06:00:00,2018-07-19T03:00:00Z,summer_US_DST,6,3,6,CS	0	15:59:13.021	Trade	2018.07.19 06:00:00   sell stop 6.37 USDJPY.DWX at 112.649 sl: 112.826 (112.745 / 112.748),D:\QM\reports\work_items\2fc84747-27db-5e88-9568-3fdda6c30769\QM5_41398\20260909_135814\raw\run_01\20260909.log
62612,2018-07-20,buy,True,112.621,112.273,112.621,112.273,112.408,112.412,False,False,False,2018-07-20T06:00:00,2018-07-20T03:00:00Z,summer_US_DST,6,3,6,CS	0	15:59:13.209	Trade	2018.07.20 06:00:00   buy stop 3.22 USDJPY.DWX at 112.621 sl: 112.273 (112.408 / 112.412),D:\QM\reports\work_items\2fc84747-27db-5e88-9568-3fdda6c30769\QM5_41398\20260909_135814\raw\run_01\20260909.log
62613,2018-07-20,sell,True,112.273,112.621,112.621,112.273,112.408,112.412,False,False,False,2018-07-20T06:00:00,2018-07-20T03:00:00Z,summer_US_DST,6,3,6,CS	0	15:59:13.210	Trade	2018.07.20 06:00:00   sell stop 3.23 USDJPY.DWX at 112.273 sl: 112.621 (112.408 / 112.412),D:\QM\reports\work_items\2fc84747-27db-5e88-9568-3fdda6c30769\QM5_41398\20260909_135814\raw\run_01\20260909.log
62626,2018-07-23,buy,True,111.169,110.750,111.169,110.750,110.946,110.949,False,False,False,2018-07-23T06:00:00,2018-07-23T03:00:00Z,summer_US_DST,6,3,6,CS	0	15:59:13.426	Trade	2018.07.23 06:00:00   buy stop 2.64 USDJPY.DWX at 111.169 sl: 110.750 (110.946 / 110.949),D:\QM\reports\work_items\2fc84747-27db-5e88-9568-3fdda6c30769\QM5_41398\20260909_135814\raw\run_01\20260909.log
62627,2018-07-23,sell,True,110.750,111.169,111.169,110.750,110.946,110.949,False,False,False,2018-07-23T06:00:00,2018-07-23T03:00:00Z,summer_US_DST,6,3,6,CS	0	15:59:13.426	Trade	2018.07.23 06:00:00   sell stop 2.65 USDJPY.DWX at 110.750 sl: 111.169 (110.946 / 110.949),D:\QM\reports\work_items\2fc84747-27db-5e88-9568-3fdda6c30769\QM5_41398\20260909_135814\raw\run_01\20260909.log
62637,2018-07-25,buy,True,111.383,111.150,111.383,111.150,111.297,111.301,False,False,False,2018-07-25T06:00:00,2018-07-25T03:00:00Z,summer_US_DST,6,3,6,CS	0	15:59:13.717	Trade	2018.07.25 06:00:00   buy stop 4.77 USDJPY.DWX at 111.383 sl: 111.150 (111.297 / 111.301),D:\QM\reports\work_items\2fc84747-27db-5e88-9568-3fdda6c30769\QM5_41398\20260909_135814\raw\run_01\20260909.log
62638,2018-07-25,sell,True,111.150,111.383,111.383,111.150,111.297,111.301,False,False,False,2018-07-25T06:00:00,2018-07-25T03:00:00Z,summer_US_DST,6,3,6,CS	0	15:59:13.718	Trade	2018.07.25 06:00:00   sell stop 4.78 USDJPY.DWX at 111.150 sl: 111.383 (111.297 / 111.301),D:\QM\reports\work_items\2fc84747-27db-5e88-9568-3fdda6c30769\QM5_41398\20260909_135814\raw\run_01\20260909.log
62648,2018-07-26,buy,True,110.885,110.709,110.885,110.709,110.768,110.771,False,False,False,2018-07-26T06:00:00,2018-07-26T03:00:00Z,summer_US_DST,6,3,6,CS	0	15:59:13.873	Trade	2018.07.26 06:00:00   buy stop 6.29 USDJPY.DWX at 110.885 sl: 110.709 (110.768 / 110.771),D:\QM\reports\work_items\2fc84747-27db-5e88-9568-3fdda6c30769\QM5_41398\20260909_135814\raw\run_01\20260909.log
62649,2018-07-26,sell,True,110.709,110.885,110.885,110.709,110.768,110.771,False,False,False,2018-07-26T06:00:00,2018-07-26T03:00:00Z,summer_US_DST,6,3,6,CS	0	15:59:13.873	Trade	2018.07.26 06:00:00   sell stop 6.3 USDJPY.DWX at 110.709 sl: 110.885 (110.768 / 110.771),D:\QM\reports\work_items\2fc84747-27db-5e88-9568-3fdda6c30769\QM5_41398\20260909_135814\raw\run_01\20260909.log
62659,2018-07-27,buy,True,111.193,110.950,111.193,110.950,110.980,110.985,False,False,False,2018-07-27T06:00:00,2018-07-27T03:00:00Z,summer_US_DST,6,3,6,CS	0	15:59:13.997	Trade	2018.07.27 06:00:00   buy stop 4.56 USDJPY.DWX at 111.193 sl: 110.950 (110.980 / 110.985),D:\QM\reports\work_items\2fc84747-27db-5e88-9568-3fdda6c30769\QM5_41398\20260909_135814\raw\run_01\20260909.log
62660,2018-07-27,sell,True,110.950,111.193,111.193,110.950,110.980,110.985,False,False,False,2018-07-27T06:00:00,2018-07-27T03:00:00Z,summer_US_DST,6,3,6,CS	0	15:59:13.997	Trade	2018.07.27 06:00:00   sell stop 4.57 USDJPY.DWX at 110.950 sl: 111.193 (110.980 / 110.985),D:\QM\reports\work_items\2fc84747-27db-5e88-9568-3fdda6c30769\QM5_41398\20260909_135814\raw\run_01\20260909.log
62670,2018-07-30,buy,True,111.146,110.890,111.146,110.890,111.081,111.086,False,False,False,2018-07-30T06:00:00,2018-07-30T03:00:00Z,summer_US_DST,6,3,6,CS	0	15:59:14.094	Trade	2018.07.30 06:00:00   buy stop 4.33 USDJPY.DWX at 111.146 sl: 110.890 (111.081 / 111.086),D:\QM\reports\work_items\2fc84747-27db-5e88-9568-3fdda6c30769\QM5_41398\20260909_135814\raw\run_01\20260909.log
62671,2018-07-30,sell,True,110.890,111.146,111.146,110.890,111.081,111.086,False,False,False,2018-07-30T06:00:00,2018-07-30T03:00:00Z,summer_US_DST,6,3,6,CS	0	15:59:14.094	Trade	2018.07.30 06:00:00   sell stop 4.34 USDJPY.DWX at 110.890 sl: 111.146 (111.081 / 111.086),D:\QM\reports\work_items\2fc84747-27db-5e88-9568-3fdda6c30769\QM5_41398\20260909_135814\raw\run_01\20260909.log
62681,2018-07-31,buy,True,111.107,110.905,111.107,110.905,111.026,111.033,False,False,False,2018-07-31T06:00:00,2018-07-31T03:00:00Z,summer_US_DST,6,3,6,CS	0	15:59:14.228	Trade	2018.07.31 06:00:00   buy stop 5.49 USDJPY.DWX at 111.107 sl: 110.905 (111.026 / 111.033),D:\QM\reports\work_items\2fc84747-27db-5e88-9568-3fdda6c30769\QM5_41398\20260909_135814\raw\run_01\20260909.log
62682,2018-07-31,sell,True,110.905,111.107,111.107,110.905,111.026,111.033,False,False,False,2018-07-31T06:00:00,2018-07-31T03:00:00Z,summer_US_DST,6,3,6,CS	0	15:59:14.228	Trade	2018.07.31 06:00:00   sell stop 5.5 USDJPY.DWX at 110.905 sl: 111.107 (111.026 / 111.033),D:\QM\reports\work_items\2fc84747-27db-5e88-9568-3fdda6c30769\QM5_41398\20260909_135814\raw\run_01\20260909.log
62692,2018-08-01,buy,True,111.900,111.739,111.900,111.739,111.895,111.900,False,False,False,2018-08-01T06:00:01,2018-08-01T03:00:01Z,summer_US_DST,6,3,6,CS	0	15:59:14.359	Trade	2018.08.01 06:00:01   buy stop 6.94 USDJPY.DWX at 111.900 sl: 111.739 (111.895 / 111.900),D:\QM\reports\work_items\2fc84747-27db-5e88-9568-3fdda6c30769\QM5_41398\20260909_135814\raw\run_01\20260909.log
62693,2018-08-01,sell,True,111.739,111.900,111.900,111.739,111.895,111.900,False,False,False,2018-08-01T06:00:01,2018-08-01T03:00:01Z,summer_US_DST,6,3,6,CS	0	15:59:14.360	Trade	2018.08.01 06:00:01   sell stop 6.95 USDJPY.DWX at 111.739 sl: 111.900 (111.895 / 111.900),D:\QM\reports\work_items\2fc84747-27db-5e88-9568-3fdda6c30769\QM5_41398\20260909_135814\raw\run_01\20260909.log
62704,2018-08-02,buy,True,111.710,111.540,111.710,111.540,111.636,111.639,False,False,False,2018-08-02T06:00:00,2018-08-02T03:00:00Z,summer_US_DST,6,3,6,CS	0	15:59:14.487	Trade	2018.08.02 06:00:00   buy stop 6.56 USDJPY.DWX at 111.710 sl: 111.540 (111.636 / 111.639),D:\QM\reports\work_items\2fc84747-27db-5e88-9568-3fdda6c30769\QM5_41398\20260909_135814\raw\run_01\20260909.log
62705,2018-08-02,sell,True,111.540,111.710,111.710,111.540,111.636,111.639,False,False,False,2018-08-02T06:00:00,2018-08-02T03:00:00Z,summer_US_DST,6,3,6,CS	0	15:59:14.487	Trade	2018.08.02 06:00:00   sell stop 6.57 USDJPY.DWX at 111.540 sl: 111.710 (111.636 / 111.639),D:\QM\reports\work_items\2fc84747-27db-5e88-9568-3fdda6c30769\QM5_41398\20260909_135814\raw\run_01\20260909.log
62715,2018-08-03,buy,True,111.783,111.632,111.783,111.632,111.643,111.647,False,False,False,2018-08-03T06:00:00,2018-08-03T03:00:00Z,summer_US_DST,6,3,6,CS	0	15:59:14.615	Trade	2018.08.03 06:00:00   buy stop 7.39 USDJPY.DWX at 111.783 sl: 111.632 (111.643 / 111.647),D:\QM\reports\work_items\2fc84747-27db-5e88-9568-3fdda6c30769\QM5_41398\20260909_135814\raw\run_01\20260909.log
62716,2018-08-03,sell,True,111.632,111.783,111.783,111.632,111.643,111.647,False,False,False,2018-08-03T06:00:00,2018-08-03T03:00:00Z,summer_US_DST,6,3,6,CS	0	15:59:14.615	Trade	2018.08.03 06:00:00   sell stop 7.4 USDJPY.DWX at 111.632 sl: 111.783 (111.643 / 111.647),D:\QM\reports\work_items\2fc84747-27db-5e88-9568-3fdda6c30769\QM5_41398\20260909_135814\raw\run_01\20260909.log
62726,2018-08-06,buy,True,111.362,111.168,111.362,111.168,111.331,111.335,False,False,False,2018-08-06T06:00:00,2018-08-06T03:00:00Z,summer_US_DST,6,3,6,CS	0	15:59:14.721	Trade	2018.08.06 06:00:00   buy stop 5.73 USDJPY.DWX at 111.362 sl: 111.168 (111.331 / 111.335),D:\QM\reports\work_items\2fc84747-27db-5e88-9568-3fdda6c30769\QM5_41398\20260909_135814\raw\run_01\20260909.log
62727,2018-08-06,sell,True,111.168,111.362,111.362,111.168,111.331,111.335,False,False,False,2018-08-06T06:00:00,2018-08-06T03:00:00Z,summer_US_DST,6,3,6,CS	0	15:59:14.721	Trade	2018.08.06 06:00:00   sell stop 5.74 USDJPY.DWX at 111.168 sl: 111.362 (111.331 / 111.335),D:\QM\reports\work_items\2fc84747-27db-5e88-9568-3fdda6c30769\QM5_41398\20260909_135814\raw\run_01\20260909.log
62737,2018-08-07,buy,True,111.363,111.233,111.363,111.233,111.316,111.319,False,False,False,2018-08-07T06:00:00,2018-08-07T03:00:00Z,summer_US_DST,6,3,6,CS	0	15:59:14.840	Trade	2018.08.07 06:00:00   buy stop 8.55 USDJPY.DWX at 111.363 sl: 111.233 (111.316 / 111.319),D:\QM\reports\work_items\2fc84747-27db-5e88-9568-3fdda6c30769\QM5_41398\20260909_135814\raw\run_01\20260909.log
62738,2018-08-07,sell,True,111.233,111.363,111.363,111.233,111.316,111.319,False,False,False,2018-08-07T06:00:00,2018-08-07T03:00:00Z,summer_US_DST,6,3,6,CS	0	15:59:14.841	Trade	2018.08.07 06:00:00   sell stop 8.56 USDJPY.DWX at 111.233 sl: 111.363 (111.316 / 111.319),D:\QM\reports\work_items\2fc84747-27db-5e88-9568-3fdda6c30769\QM5_41398\20260909_135814\raw\run_01\20260909.log
62748,2018-08-08,buy,True,111.437,111.301,111.437,111.301,111.366,111.369,False,False,False,2018-08-08T06:00:00,2018-08-08T03:00:00Z,summer_US_DST,6,3,6,CS	0	15:59:14.935	Trade	2018.08.08 06:00:00   buy stop 8.18 USDJPY.DWX at 111.437 sl: 111.301 (111.366 / 111.369),D:\QM\reports\work_items\2fc84747-27db-5e88-9568-3fdda6c30769\QM5_41398\20260909_135814\raw\run_01\20260909.log
62749,2018-08-08,sell,True,111.301,111.437,111.437,111.301,111.366,111.369,False,False,False,2018-08-08T06:00:00,2018-08-08T03:00:00Z,summer_US_DST,6,3,6,CS	0	15:59:14.936	Trade	2018.08.08 06:00:00   sell stop 8.19 USDJPY.DWX at 111.301 sl: 111.437 (111.366 / 111.369),D:\QM\reports\work_items\2fc84747-27db-5e88-9568-3fdda6c30769\QM5_41398\20260909_135814\raw\run_01\20260909.log
62764,2018-08-09,buy,True,110.907,110.706,110.907,110.706,110.782,110.785,False,False,False,2018-08-09T06:00:00,2018-08-09T03:00:00Z,summer_US_DST,6,3,6,CS	0	15:59:15.033	Trade	2018.08.09 06:00:00   buy stop 5.5 USDJPY.DWX at 110.907 sl: 110.706 (110.782 / 110.785),D:\QM\reports\work_items\2fc84747-27db-5e88-9568-3fdda6c30769\QM5_41398\20260909_135814\raw\run_01\20260909.log
62765,2018-08-09,sell,True,110.706,110.907,110.907,110.706,110.782,110.785,False,False,False,2018-08-09T06:00:00,2018-08-09T03:00:00Z,summer_US_DST,6,3,6,CS	0	15:59:15.033	Trade	2018.08.09 06:00:00   sell stop 5.51 USDJPY.DWX at 110.706 sl: 110.907 (110.782 / 110.785),D:\QM\reports\work_items\2fc84747-27db-5e88-9568-3fdda6c30769\QM5_41398\20260909_135814\raw\run_01\20260909.log
62779,2018-08-10,buy,True,111.098,110.846,111.098,110.846,110.930,110.933,False,False,False,2018-08-10T06:00:00,2018-08-10T03:00:00Z,summer_US_DST,6,3,6,CS	0	15:59:15.147	Trade	2018.08.10 06:00:00   buy stop 4.39 USDJPY.DWX at 111.098 sl: 110.846 (110.930 / 110.933),D:\QM\reports\work_items\2fc84747-27db-5e88-9568-3fdda6c30769\QM5_41398\20260909_135814\raw\run_01\20260909.log
62780,2018-08-10,sell,True,110.846,111.098,111.098,110.846,110.930,110.933,False,False,False,2018-08-10T06:00:00,2018-08-10T03:00:00Z,summer_US_DST,6,3,6,CS	0	15:59:15.148	Trade	2018.08.10 06:00:00   sell stop 4.4 USDJPY.DWX at 110.846 sl: 111.098 (110.930 / 110.933),D:\QM\reports\work_items\2fc84747-27db-5e88-9568-3fdda6c30769\QM5_41398\20260909_135814\raw\run_01\20260909.log
62790,2018-08-13,buy,True,110.712,110.138,110.712,110.138,110.155,110.160,False,False,False,2018-08-13T06:00:01,2018-08-13T03:00:01Z,summer_US_DST,6,3,6,CS	0	15:59:15.322	Trade	2018.08.13 06:00:01   buy stop 1.91 USDJPY.DWX at 110.712 sl: 110.138 (110.155 / 110.160),D:\QM\reports\work_items\2fc84747-27db-5e88-9568-3fdda6c30769\QM5_41398\20260909_135814\raw\run_01\20260909.log
62791,2018-08-13,sell,True,110.138,110.712,110.712,110.138,110.155,110.160,False,False,False,2018-08-13T06:00:01,2018-08-13T03:00:01Z,summer_US_DST,6,3,6,CS	0	15:59:15.322	Trade	2018.08.13 06:00:01   sell stop 1.92 USDJPY.DWX at 110.138 sl: 110.712 (110.155 / 110.160),D:\QM\reports\work_items\2fc84747-27db-5e88-9568-3fdda6c30769\QM5_41398\20260909_135814\raw\run_01\20260909.log
62801,2018-08-14,buy,True,110.866,110.587,110.866,110.587,110.770,110.774,False,False,False,2018-08-14T06:00:00,2018-08-14T03:00:00Z,summer_US_DST,6,3,6,CS	0	15:59:15.513	Trade	2018.08.14 06:00:00   buy stop 3.96 USDJPY.DWX at 110.866 sl: 110.587 (110.770 / 110.774),D:\QM\reports\work_items\2fc84747-27db-5e88-9568-3fdda6c30769\QM5_41398\20260909_135814\raw\run_01\20260909.log
62802,2018-08-14,sell,True,110.587,110.866,110.866,110.587,110.770,110.774,False,False,False,2018-08-14T06:00:00,2018-08-14T03:00:00Z,summer_US_DST,6,3,6,CS	0	15:59:15.513	Trade	2018.08.14 06:00:00   sell stop 3.97 USDJPY.DWX at 110.587 sl: 110.866 (110.770 / 110.774),D:\QM\reports\work_items\2fc84747-27db-5e88-9568-3fdda6c30769\QM5_41398\20260909_135814\raw\run_01\20260909.log
62815,2018-08-15,buy,True,111.430,111.253,111.430,111.253,111.327,111.331,False,False,False,2018-08-15T06:00:00,2018-08-15T03:00:00Z,summer_US_DST,6,3,6,CS	0	15:59:15.653	Trade	2018.08.15 06:00:00   buy stop 6.28 USDJPY.DWX at 111.430 sl: 111.253 (111.327 / 111.331),D:\QM\reports\work_items\2fc84747-27db-5e88-9568-3fdda6c30769\QM5_41398\20260909_135814\raw\run_01\20260909.log
62816,2018-08-15,sell,True,111.253,111.430,111.430,111.253,111.327,111.331,False,False,False,2018-08-15T06:00:00,2018-08-15T03:00:00Z,summer_US_DST,6,3,6,CS	0	15:59:15.654	Trade	2018.08.15 06:00:00   sell stop 6.29 USDJPY.DWX at 111.253 sl: 111.430 (111.327 / 111.331),D:\QM\reports\work_items\2fc84747-27db-5e88-9568-3fdda6c30769\QM5_41398\20260909_135814\raw\run_01\20260909.log
62828,2018-08-17,buy,True,111.050,110.810,111.050,110.810,110.883,110.887,False,False,False,2018-08-17T06:00:01,2018-08-17T03:00:01Z,summer_US_DST,6,3,6,CS	0	15:59:15.941	Trade	2018.08.17 06:00:01   buy stop 4.61 USDJPY.DWX at 111.050 sl: 110.810 (110.883 / 110.887),D:\QM\reports\work_items\2fc84747-27db-5e88-9568-3fdda6c30769\QM5_41398\20260909_135814\raw\run_01\20260909.log
62829,2018-08-17,sell,True,110.810,111.050,111.050,110.810,110.883,110.887,False,False,False,2018-08-17T06:00:01,2018-08-17T03:00:01Z,summer_US_DST,6,3,6,CS	0	15:59:15.941	Trade	2018.08.17 06:00:01   sell stop 4.62 USDJPY.DWX at 110.810 sl: 111.050 (110.883 / 110.887),D:\QM\reports\work_items\2fc84747-27db-5e88-9568-3fdda6c30769\QM5_41398\20260909_135814\raw\run_01\20260909.log
62843,2018-08-20,buy,True,110.581,110.413,110.581,110.413,110.544,110.547,False,False,False,2018-08-20T06:00:00,2018-08-20T03:00:00Z,summer_US_DST,6,3,6,CS	0	15:59:16.069	Trade	2018.08.20 06:00:00   buy stop 6.57 USDJPY.DWX at 110.581 sl: 110.413 (110.544 / 110.547),D:\QM\reports\work_items\2fc84747-27db-5e88-9568-3fdda6c30769\QM5_41398\20260909_135814\raw\run_01\20260909.log
62844,2018-08-20,sell,True,110.413,110.581,110.581,110.413,110.544,110.547,False,False,False,2018-08-20T06:00:00,2018-08-20T03:00:00Z,summer_US_DST,6,3,6,CS	0	15:59:16.070	Trade	2018.08.20 06:00:00   sell stop 6.58 USDJPY.DWX at 110.413 sl: 110.581 (110.544 / 110.547),D:\QM\reports\work_items\2fc84747-27db-5e88-9568-3fdda6c30769\QM5_41398\20260909_135814\raw\run_01\20260909.log
62854,2018-08-21,buy,True,110.055,109.775,110.055,109.775,110.000,110.003,False,False,False,2018-08-21T06:00:02,2018-08-21T03:00:02Z,summer_US_DST,6,3,6,CS	0	15:59:16.199	Trade	2018.08.21 06:00:02   buy stop 3.92 USDJPY.DWX at 110.055 sl: 109.775 (110.000 / 110.003),D:\QM\reports\work_items\2fc84747-27db-5e88-9568-3fdda6c30769\QM5_41398\20260909_135814\raw\run_01\20260909.log
62855,2018-08-21,sell,True,109.775,110.055,110.055,109.775,110.000,110.003,False,False,False,2018-08-21T06:00:02,2018-08-21T03:00:02Z,summer_US_DST,6,3,6,CS	0	15:59:16.199	Trade	2018.08.21 06:00:02   sell stop 3.93 USDJPY.DWX at 109.775 sl: 110.055 (110.000 / 110.003),D:\QM\reports\work_items\2fc84747-27db-5e88-9568-3fdda6c30769\QM5_41398\20260909_135814\raw\run_01\20260909.log
62867,2018-08-22,buy,True,110.383,110.027,110.383,110.027,110.371,110.376,False,False,False,2018-08-22T06:00:00,2018-08-22T03:00:00Z,summer_US_DST,6,3,6,CS	0	15:59:16.350	Trade	2018.08.22 06:00:00   buy stop 3.09 USDJPY.DWX at 110.383 sl: 110.027 (110.371 / 110.376),D:\QM\reports\work_items\2fc84747-27db-5e88-9568-3fdda6c30769\QM5_41398\20260909_135814\raw\run_01\20260909.log
62868,2018-08-22,sell,True,110.027,110.383,110.383,110.027,110.371,110.376,False,False,False,2018-08-22T06:00:00,2018-08-22T03:00:00Z,summer_US_DST,6,3,6,CS	0	15:59:16.350	Trade	2018.08.22 06:00:00   sell stop 3.1 USDJPY.DWX at 110.027 sl: 110.383 (110.371 / 110.376),D:\QM\reports\work_items\2fc84747-27db-5e88-9568-3fdda6c30769\QM5_41398\20260909_135814\raw\run_01\20260909.log
62878,2018-08-24,buy,True,111.463,111.318,111.463,111.318,111.370,111.373,False,False,False,2018-08-24T06:00:02,2018-08-24T03:00:02Z,summer_US_DST,6,3,6,CS	0	15:59:16.587	Trade	2018.08.24 06:00:02   buy stop 7.67 USDJPY.DWX at 111.463 sl: 111.318 (111.370 / 111.373),D:\QM\reports\work_items\2fc84747-27db-5e88-9568-3fdda6c30769\QM5_41398\20260909_135814\raw\run_01\20260909.log
62879,2018-08-24,sell,True,111.318,111.463,111.463,111.318,111.370,111.373,False,False,False,2018-08-24T06:00:02,2018-08-24T03:00:02Z,summer_US_DST,6,3,6,CS	0	15:59:16.588	Trade	2018.08.24 06:00:02   sell stop 7.68 USDJPY.DWX at 111.318 sl: 111.463 (111.370 / 111.373),D:\QM\reports\work_items\2fc84747-27db-5e88-9568-3fdda6c30769\QM5_41398\20260909_135814\raw\run_01\20260909.log
62889,2018-08-29,buy,True,111.316,111.133,111.316,111.133,111.281,111.284,False,False,False,2018-08-29T06:00:00,2018-08-29T03:00:00Z,summer_US_DST,6,3,6,CS	0	15:59:16.849	Trade	2018.08.29 06:00:00   buy stop 6.07 USDJPY.DWX at 111.316 sl: 111.133 (111.281 / 111.284),D:\QM\reports\work_items\2fc84747-27db-5e88-9568-3fdda6c30769\QM5_41398\20260909_135814\raw\run_01\20260909.log
62890,2018-08-29,sell,True,111.133,111.316,111.316,111.133,111.281,111.284,False,False,False,2018-08-29T06:00:00,2018-08-29T03:00:00Z,summer_US_DST,6,3,6,CS	0	15:59:16.849	Trade	2018.08.29 06:00:00   sell stop 6.08 USDJPY.DWX at 111.133 sl: 111.316 (111.281 / 111.284),D:\QM\reports\work_items\2fc84747-27db-5e88-9568-3fdda6c30769\QM5_41398\20260909_135814\raw\run_01\20260909.log
62900,2018-08-30,buy,True,111.753,111.515,111.753,111.515,111.624,111.627,False,False,False,2018-08-30T06:00:01,2018-08-30T03:00:01Z,summer_US_DST,6,3,6,CS	0	15:59:16.968	Trade	2018.08.30 06:00:01   buy stop 4.68 USDJPY.DWX at 111.753 sl: 111.515 (111.624 / 111.627),D:\QM\reports\work_items\2fc84747-27db-5e88-9568-3fdda6c30769\QM5_41398\20260909_135814\raw\run_01\20260909.log
62901,2018-08-30,sell,True,111.515,111.753,111.753,111.515,111.624,111.627,False,False,False,2018-08-30T06:00:01,2018-08-30T03:00:01Z,summer_US_DST,6,3,6,CS	0	15:59:16.968	Trade	2018.08.30 06:00:01   sell stop 4.69 USDJPY.DWX at 111.515 sl: 111.753 (111.624 / 111.627),D:\QM\reports\work_items\2fc84747-27db-5e88-9568-3fdda6c30769\QM5_41398\20260909_135814\raw\run_01\20260909.log
62911,2018-08-31,buy,True,111.069,110.884,111.069,110.884,111.047,111.051,False,False,False,2018-08-31T06:00:00,2018-08-31T03:00:00Z,summer_US_DST,6,3,6,CS	0	15:59:17.103	Trade	2018.08.31 06:00:00   buy stop 5.99 USDJPY.DWX at 111.069 sl: 110.884 (111.047 / 111.051),D:\QM\reports\work_items\2fc84747-27db-5e88-9568-3fdda6c30769\QM5_41398\20260909_135814\raw\run_01\20260909.log
62912,2018-08-31,sell,True,110.884,111.069,111.069,110.884,111.047,111.051,False,False,False,2018-08-31T06:00:00,2018-08-31T03:00:00Z,summer_US_DST,6,3,6,CS	0	15:59:17.104	Trade	2018.08.31 06:00:00   sell stop 6 USDJPY.DWX at 110.884 sl: 111.069 (111.047 / 111.051),D:\QM\reports\work_items\2fc84747-27db-5e88-9568-3fdda6c30769\QM5_41398\20260909_135814\raw\run_01\20260909.log
62922,2018-09-03,buy,True,111.150,110.882,111.150,110.882,110.904,110.907,False,False,False,2018-09-03T06:00:00,2018-09-03T03:00:00Z,summer_US_DST,6,3,6,CS	0	15:59:17.224	Trade	2018.09.03 06:00:00   buy stop 4.13 USDJPY.DWX at 111.150 sl: 110.882 (110.904 / 110.907),D:\QM\reports\work_items\2fc84747-27db-5e88-9568-3fdda6c30769\QM5_41398\20260909_135814\raw\run_01\20260909.log
62923,2018-09-03,sell,True,110.882,111.150,111.150,110.882,110.904,110.907,False,False,False,2018-09-03T06:00:00,2018-09-03T03:00:00Z,summer_US_DST,6,3,6,CS	0	15:59:17.224	Trade	2018.09.03 06:00:00   sell stop 4.14 USDJPY.DWX at 110.882 sl: 111.150 (110.904 / 110.907),D:\QM\reports\work_items\2fc84747-27db-5e88-9568-3fdda6c30769\QM5_41398\20260909_135814\raw\run_01\20260909.log
62933,2018-09-05,buy,True,111.710,111.400,111.710,111.400,111.503,111.505,False,False,False,2018-09-05T06:00:00,2018-09-05T03:00:00Z,summer_US_DST,6,3,6,CS	0	15:59:17.434	Trade	2018.09.05 06:00:00   buy stop 3.59 USDJPY.DWX at 111.710 sl: 111.400 (111.503 / 111.505),D:\QM\reports\work_items\2fc84747-27db-5e88-9568-3fdda6c30769\QM5_41398\20260909_135814\raw\run_01\20260909.log
62934,2018-09-05,sell,True,111.400,111.710,111.710,111.400,111.503,111.505,False,False,False,2018-09-05T06:00:00,2018-09-05T03:00:00Z,summer_US_DST,6,3,6,CS	0	15:59:17.435	Trade	2018.09.05 06:00:00   sell stop 3.6 USDJPY.DWX at 111.400 sl: 111.710 (111.503 / 111.505),D:\QM\reports\work_items\2fc84747-27db-5e88-9568-3fdda6c30769\QM5_41398\20260909_135814\raw\run_01\20260909.log
62944,2018-09-06,buy,True,111.454,111.169,111.454,111.169,111.287,111.290,False,False,False,2018-09-06T06:00:00,2018-09-06T03:00:00Z,summer_US_DST,6,3,6,CS	0	15:59:17.571	Trade	2018.09.06 06:00:00   buy stop 3.9 USDJPY.DWX at 111.454 sl: 111.169 (111.287 / 111.290),D:\QM\reports\work_items\2fc84747-27db-5e88-9568-3fdda6c30769\QM5_41398\20260909_135814\raw\run_01\20260909.log
62945,2018-09-06,sell,True,111.169,111.454,111.454,111.169,111.287,111.290,False,False,False,2018-09-06T06:00:00,2018-09-06T03:00:00Z,summer_US_DST,6,3,6,CS	0	15:59:17.571	Trade	2018.09.06 06:00:00   sell stop 3.91 USDJPY.DWX at 111.169 sl: 111.454 (111.287 / 111.290),D:\QM\reports\work_items\2fc84747-27db-5e88-9568-3fdda6c30769\QM5_41398\20260909_135814\raw\run_01\20260909.log
62955,2018-09-07,buy,True,110.636,110.379,110.636,110.379,110.578,110.582,False,False,False,2018-09-07T06:00:02,2018-09-07T03:00:02Z,summer_US_DST,6,3,6,CS	0	15:59:17.692	Trade	2018.09.07 06:00:02   buy stop 4.29 USDJPY.DWX at 110.636 sl: 110.379 (110.578 / 110.582),D:\QM\reports\work_items\2fc84747-27db-5e88-9568-3fdda6c30769\QM5_41398\20260909_135814\raw\run_01\20260909.log
62956,2018-09-07,sell,True,110.379,110.636,110.636,110.379,110.578,110.582,False,False,False,2018-09-07T06:00:02,2018-09-07T03:00:02Z,summer_US_DST,6,3,6,CS	0	15:59:17.692	Trade	2018.09.07 06:00:02   sell stop 4.3 USDJPY.DWX at 110.379 sl: 110.636 (110.578 / 110.582),D:\QM\reports\work_items\2fc84747-27db-5e88-9568-3fdda6c30769\QM5_41398\20260909_135814\raw\run_01\20260909.log
62970,2018-09-10,buy,True,111.057,110.849,111.057,110.849,111.019,111.023,False,False,False,2018-09-10T06:00:00,2018-09-10T03:00:00Z,summer_US_DST,6,3,6,CS	0	15:59:17.872	Trade	2018.09.10 06:00:00   buy stop 5.32 USDJPY.DWX at 111.057 sl: 110.849 (111.019 / 111.023),D:\QM\reports\work_items\2fc84747-27db-5e88-9568-3fdda6c30769\QM5_41398\20260909_135814\raw\run_01\20260909.log
62971,2018-09-10,sell,True,110.849,111.057,111.057,110.849,111.019,111.023,False,False,False,2018-09-10T06:00:00,2018-09-10T03:00:00Z,summer_US_DST,6,3,6,CS	0	15:59:17.872	Trade	2018.09.10 06:00:00   sell stop 5.33 USDJPY.DWX at 110.849 sl: 111.057 (111.019 / 111.023),D:\QM\reports\work_items\2fc84747-27db-5e88-9568-3fdda6c30769\QM5_41398\20260909_135814\raw\run_01\20260909.log
62981,2018-09-12,buy,True,111.633,111.454,111.633,111.454,111.495,111.500,False,False,False,2018-09-12T06:00:00,2018-09-12T03:00:00Z,summer_US_DST,6,3,6,CS	0	15:59:18.069	Trade	2018.09.12 06:00:00   buy stop 6.22 USDJPY.DWX at 111.633 sl: 111.454 (111.495 / 111.500),D:\QM\reports\work_items\2fc84747-27db-5e88-9568-3fdda6c30769\QM5_41398\20260909_135814\raw\run_01\20260909.log
62982,2018-09-12,sell,True,111.454,111.633,111.633,111.454,111.495,111.500,False,False,False,2018-09-12T06:00:00,2018-09-12T03:00:00Z,summer_US_DST,6,3,6,CS	0	15:59:18.070	Trade	2018.09.12 06:00:00   sell stop 6.23 USDJPY.DWX at 111.454 sl: 111.633 (111.495 / 111.500),D:\QM\reports\work_items\2fc84747-27db-5e88-9568-3fdda6c30769\QM5_41398\20260909_135814\raw\run_01\20260909.log
62994,2018-09-14,buy,True,112.077,111.829,112.077,111.829,111.868,111.871,False,False,False,2018-09-14T06:00:03,2018-09-14T03:00:03Z,summer_US_DST,6,3,6,CS	0	15:59:18.280	Trade	2018.09.14 06:00:03   buy stop 4.5 USDJPY.DWX at 112.077 sl: 111.829 (111.868 / 111.871),D:\QM\reports\work_items\2fc84747-27db-5e88-9568-3fdda6c30769\QM5_41398\20260909_135814\raw\run_01\20260909.log
62995,2018-09-14,sell,True,111.829,112.077,112.077,111.829,111.868,111.871,False,False,False,2018-09-14T06:00:03,2018-09-14T03:00:03Z,summer_US_DST,6,3,6,CS	0	15:59:18.281	Trade	2018.09.14 06:00:03   sell stop 4.51 USDJPY.DWX at 111.829 sl: 112.077 (111.868 / 111.871),D:\QM\reports\work_items\2fc84747-27db-5e88-9568-3fdda6c30769\QM5_41398\20260909_135814\raw\run_01\20260909.log
63005,2018-09-17,buy,True,112.121,111.944,112.121,111.944,111.996,111.999,False,False,False,2018-09-17T06:00:01,2018-09-17T03:00:01Z,summer_US_DST,6,3,6,CS	0	15:59:18.391	Trade	2018.09.17 06:00:01   buy stop 6.32 USDJPY.DWX at 112.121 sl: 111.944 (111.996 / 111.999),D:\QM\reports\work_items\2fc84747-27db-5e88-9568-3fdda6c30769\QM5_41398\20260909_135814\raw\run_01\20260909.log
63006,2018-09-17,sell,True,111.944,112.121,112.121,111.944,111.996,111.999,False,False,False,2018-09-17T06:00:01,2018-09-17T03:00:01Z,summer_US_DST,6,3,6,CS	0	15:59:18.391	Trade	2018.09.17 06:00:01   sell stop 6.33 USDJPY.DWX at 111.944 sl: 112.121 (111.996 / 111.999),D:\QM\reports\work_items\2fc84747-27db-5e88-9568-3fdda6c30769\QM5_41398\20260909_135814\raw\run_01\20260909.log
63016,2018-09-20,buy,True,112.338,112.087,112.338,112.087,112.146,112.150,False,False,False,2018-09-20T06:00:00,2018-09-20T03:00:00Z,summer_US_DST,6,3,6,CS	0	15:59:18.708	Trade	2018.09.20 06:00:00   buy stop 4.46 USDJPY.DWX at 112.338 sl: 112.087 (112.146 / 112.150),D:\QM\reports\work_items\2fc84747-27db-5e88-9568-3fdda6c30769\QM5_41398\20260909_135814\raw\run_01\20260909.log
63017,2018-09-20,sell,True,112.087,112.338,112.338,112.087,112.146,112.150,False,False,False,2018-09-20T06:00:00,2018-09-20T03:00:00Z,summer_US_DST,6,3,6,CS	0	15:59:18.709	Trade	2018.09.20 06:00:00   sell stop 4.47 USDJPY.DWX at 112.087 sl: 112.338 (112.146 / 112.150),D:\QM\reports\work_items\2fc84747-27db-5e88-9568-3fdda6c30769\QM5_41398\20260909_135814\raw\run_01\20260909.log
63027,2018-09-21,buy,False,112.698,112.461,112.698,112.461,,,,,True,2018-09-21T06:00:01,2018-09-21T03:00:01Z,summer_US_DST,6,3,6,CS	2	15:59:18.844	Trades	2018.09.21 06:00:01   failed buy stop 4.74 USDJPY.DWX at 112.698 sl: 112.461 [Invalid price],D:\QM\reports\work_items\2fc84747-27db-5e88-9568-3fdda6c30769\QM5_41398\20260909_135814\raw\run_01\20260909.log
63028,2018-09-21,sell,True,112.461,112.698,112.698,112.461,112.696,112.699,True,False,False,2018-09-21T06:00:01,2018-09-21T03:00:01Z,summer_US_DST,6,3,6,CS	0	15:59:18.844	Trade	2018.09.21 06:00:01   sell stop 4.75 USDJPY.DWX at 112.461 sl: 112.698 (112.696 / 112.699),D:\QM\reports\work_items\2fc84747-27db-5e88-9568-3fdda6c30769\QM5_41398\20260909_135814\raw\run_01\20260909.log
63030,2018-09-24,buy,True,112.632,112.525,112.632,112.525,112.602,112.603,False,False,False,2018-09-24T06:00:00,2018-09-24T03:00:00Z,summer_US_DST,6,3,6,CS	0	15:59:18.937	Trade	2018.09.24 06:00:00   buy stop 10.51 USDJPY.DWX at 112.632 sl: 112.525 (112.602 / 112.603),D:\QM\reports\work_items\2fc84747-27db-5e88-9568-3fdda6c30769\QM5_41398\20260909_135814\raw\run_01\20260909.log
63031,2018-09-24,sell,True,112.525,112.632,112.632,112.525,112.602,112.603,False,False,False,2018-09-24T06:00:00,2018-09-24T03:00:00Z,summer_US_DST,6,3,6,CS	0	15:59:18.937	Trade	2018.09.24 06:00:00   sell stop 10.52 USDJPY.DWX at 112.525 sl: 112.632 (112.602 / 112.603),D:\QM\reports\work_items\2fc84747-27db-5e88-9568-3fdda6c30769\QM5_41398\20260909_135814\raw\run_01\20260909.log
63041,2018-09-25,buy,True,112.985,112.756,112.985,112.756,112.835,112.838,False,False,False,2018-09-25T06:00:01,2018-09-25T03:00:01Z,summer_US_DST,6,3,6,CS	0	15:59:19.151	Trade	2018.09.25 06:00:01   buy stop 4.92 USDJPY.DWX at 112.985 sl: 112.756 (112.835 / 112.838),D:\QM\reports\work_items\2fc84747-27db-5e88-9568-3fdda6c30769\QM5_41398\20260909_135814\raw\run_01\20260909.log
63042,2018-09-25,sell,True,112.756,112.985,112.985,112.756,112.835,112.838,False,False,False,2018-09-25T06:00:01,2018-09-25T03:00:01Z,summer_US_DST,6,3,6,CS	0	15:59:19.151	Trade	2018.09.25 06:00:01   sell stop 4.93 USDJPY.DWX at 112.756 sl: 112.985 (112.835 / 112.838),D:\QM\reports\work_items\2fc84747-27db-5e88-9568-3fdda6c30769\QM5_41398\20260909_135814\raw\run_01\20260909.log
63052,2018-09-26,buy,True,113.027,112.892,113.027,112.892,112.918,112.920,False,False,False,2018-09-26T06:00:00,2018-09-26T03:00:00Z,summer_US_DST,6,3,6,CS	0	15:59:19.345	Trade	2018.09.26 06:00:00   buy stop 8.36 USDJPY.DWX at 113.027 sl: 112.892 (112.918 / 112.920),D:\QM\reports\work_items\2fc84747-27db-5e88-9568-3fdda6c30769\QM5_41398\20260909_135814\raw\run_01\20260909.log
63053,2018-09-26,sell,True,112.892,113.027,113.027,112.892,112.918,112.920,False,False,False,2018-09-26T06:00:00,2018-09-26T03:00:00Z,summer_US_DST,6,3,6,CS	0	15:59:19.346	Trade	2018.09.26 06:00:00   sell stop 8.37 USDJPY.DWX at 112.892 sl: 113.027 (112.918 / 112.920),D:\QM\reports\work_items\2fc84747-27db-5e88-9568-3fdda6c30769\QM5_41398\20260909_135814\raw\run_01\20260909.log
63066,2018-09-27,buy,True,112.901,112.682,112.901,112.682,112.807,112.809,False,False,False,2018-09-27T06:00:02,2018-09-27T03:00:02Z,summer_US_DST,6,3,6,CS	0	15:59:19.547	Trade	2018.09.27 06:00:02   buy stop 5.14 USDJPY.DWX at 112.901 sl: 112.682 (112.807 / 112.809),D:\QM\reports\work_items\2fc84747-27db-5e88-9568-3fdda6c30769\QM5_41398\20260909_135814\raw\run_01\20260909.log
63067,2018-09-27,sell,True,112.682,112.901,112.901,112.682,112.807,112.809,False,False,False,2018-09-27T06:00:02,2018-09-27T03:00:02Z,summer_US_DST,6,3,6,CS	0	15:59:19.548	Trade	2018.09.27 06:00:02   sell stop 5.15 USDJPY.DWX at 112.682 sl: 112.901 (112.807 / 112.809),D:\QM\reports\work_items\2fc84747-27db-5e88-9568-3fdda6c30769\QM5_41398\20260909_135814\raw\run_01\20260909.log
63077,2018-10-01,buy,True,113.962,113.726,113.962,113.726,113.921,113.925,False,False,False,2018-10-01T06:00:00,2018-10-01T03:00:00Z,summer_US_DST,6,3,6,CS	0	15:59:20.071	Trade	2018.10.01 06:00:00   buy stop 4.81 USDJPY.DWX at 113.962 sl: 113.726 (113.921 / 113.925),D:\QM\reports\work_items\2fc84747-27db-5e88-9568-3fdda6c30769\QM5_41398\20260909_135814\raw\run_01\20260909.log
63078,2018-10-01,sell,True,113.726,113.962,113.962,113.726,113.921,113.925,False,False,False,2018-10-01T06:00:00,2018-10-01T03:00:00Z,summer_US_DST,6,3,6,CS	0	15:59:20.071	Trade	2018.10.01 06:00:00   sell stop 4.82 USDJPY.DWX at 113.726 sl: 113.962 (113.921 / 113.925),D:\QM\reports\work_items\2fc84747-27db-5e88-9568-3fdda6c30769\QM5_41398\20260909_135814\raw\run_01\20260909.log
63088,2018-10-02,buy,True,114.011,113.823,114.011,113.823,113.918,113.921,False,False,False,2018-10-02T06:00:00,2018-10-02T03:00:00Z,summer_US_DST,6,3,6,CS	0	15:59:20.186	Trade	2018.10.02 06:00:00   buy stop 6.05 USDJPY.DWX at 114.011 sl: 113.823 (113.918 / 113.921),D:\QM\reports\work_items\2fc84747-27db-5e88-9568-3fdda6c30769\QM5_41398\20260909_135814\raw\run_01\20260909.log
63089,2018-10-02,sell,True,113.823,114.011,114.011,113.823,113.918,113.921,False,False,False,2018-10-02T06:00:00,2018-10-02T03:00:00Z,summer_US_DST,6,3,6,CS	0	15:59:20.187	Trade	2018.10.02 06:00:00   sell stop 6.06 USDJPY.DWX at 113.823 sl: 114.011 (113.918 / 113.921),D:\QM\reports\work_items\2fc84747-27db-5e88-9568-3fdda6c30769\QM5_41398\20260909_135814\raw\run_01\20260909.log
63102,2018-10-04,buy,True,114.521,114.273,114.521,114.273,114.361,114.363,False,False,False,2018-10-04T06:00:01,2018-10-04T03:00:01Z,summer_US_DST,6,3,6,CS	0	15:59:20.427	Trade	2018.10.04 06:00:01   buy stop 4.6 USDJPY.DWX at 114.521 sl: 114.273 (114.361 / 114.363),D:\QM\reports\work_items\2fc84747-27db-5e88-9568-3fdda6c30769\QM5_41398\20260909_135814\raw\run_01\20260909.log
63103,2018-10-04,sell,True,114.273,114.521,114.521,114.273,114.361,114.363,False,False,False,2018-10-04T06:00:01,2018-10-04T03:00:01Z,summer_US_DST,6,3,6,CS	0	15:59:20.427	Trade	2018.10.04 06:00:01   sell stop 4.61 USDJPY.DWX at 114.273 sl: 114.521 (114.361 / 114.363),D:\QM\reports\work_items\2fc84747-27db-5e88-9568-3fdda6c30769\QM5_41398\20260909_135814\raw\run_01\20260909.log
63115,2018-10-05,buy,True,114.100,113.843,114.100,113.843,113.892,113.896,False,False,False,2018-10-05T06:00:00,2018-10-05T03:00:00Z,summer_US_DST,6,3,6,CS	0	15:59:20.602	Trade	2018.10.05 06:00:00   buy stop 4.42 USDJPY.DWX at 114.100 sl: 113.843 (113.892 / 113.896),D:\QM\reports\work_items\2fc84747-27db-5e88-9568-3fdda6c30769\QM5_41398\20260909_135814\raw\run_01\20260909.log
63116,2018-10-05,sell,True,113.843,114.100,114.100,113.843,113.892,113.896,False,False,False,2018-10-05T06:00:00,2018-10-05T03:00:00Z,summer_US_DST,6,3,6,CS	0	15:59:20.602	Trade	2018.10.05 06:00:00   sell stop 4.43 USDJPY.DWX at 113.843 sl: 114.100 (113.892 / 113.896),D:\QM\reports\work_items\2fc84747-27db-5e88-9568-3fdda6c30769\QM5_41398\20260909_135814\raw\run_01\20260909.log
63126,2018-10-08,buy,True,113.941,113.697,113.941,113.697,113.845,113.848,False,False,False,2018-10-08T06:00:00,2018-10-08T03:00:00Z,summer_US_DST,6,3,6,CS	0	15:59:20.751	Trade	2018.10.08 06:00:00   buy stop 4.65 USDJPY.DWX at 113.941 sl: 113.697 (113.845 / 113.848),D:\QM\reports\work_items\2fc84747-27db-5e88-9568-3fdda6c30769\QM5_41398\20260909_135814\raw\run_01\20260909.log
63127,2018-10-08,sell,True,113.697,113.941,113.941,113.697,113.845,113.848,False,False,False,2018-10-08T06:00:00,2018-10-08T03:00:00Z,summer_US_DST,6,3,6,CS	0	15:59:20.751	Trade	2018.10.08 06:00:00   sell stop 4.66 USDJPY.DWX at 113.697 sl: 113.941 (113.845 / 113.848),D:\QM\reports\work_items\2fc84747-27db-5e88-9568-3fdda6c30769\QM5_41398\20260909_135814\raw\run_01\20260909.log
63141,2018-10-09,buy,True,113.221,112.931,113.221,112.931,113.144,113.147,False,False,False,2018-10-09T06:00:00,2018-10-09T03:00:00Z,summer_US_DST,6,3,6,CS	0	15:59:20.889	Trade	2018.10.09 06:00:00   buy stop 3.89 USDJPY.DWX at 113.221 sl: 112.931 (113.144 / 113.147),D:\QM\reports\work_items\2fc84747-27db-5e88-9568-3fdda6c30769\QM5_41398\20260909_135814\raw\run_01\20260909.log
63142,2018-10-09,sell,True,112.931,113.221,113.221,112.931,113.144,113.147,False,False,False,2018-10-09T06:00:00,2018-10-09T03:00:00Z,summer_US_DST,6,3,6,CS	0	15:59:20.890	Trade	2018.10.09 06:00:00   sell stop 3.9 USDJPY.DWX at 112.931 sl: 113.221 (113.144 / 113.147),D:\QM\reports\work_items\2fc84747-27db-5e88-9568-3fdda6c30769\QM5_41398\20260909_135814\raw\run_01\20260909.log
63152,2018-10-10,buy,True,113.107,112.925,113.107,112.925,113.006,113.008,False,False,False,2018-10-10T06:00:00,2018-10-10T03:00:00Z,summer_US_DST,6,3,6,CS	0	15:59:21.086	Trade	2018.10.10 06:00:00   buy stop 6.2 USDJPY.DWX at 113.107 sl: 112.925 (113.006 / 113.008),D:\QM\reports\work_items\2fc84747-27db-5e88-9568-3fdda6c30769\QM5_41398\20260909_135814\raw\run_01\20260909.log
63153,2018-10-10,sell,True,112.925,113.107,113.107,112.925,113.006,113.008,False,False,False,2018-10-10T06:00:00,2018-10-10T03:00:00Z,summer_US_DST,6,3,6,CS	0	15:59:21.086	Trade	2018.10.10 06:00:00   sell stop 6.21 USDJPY.DWX at 112.925 sl: 113.107 (113.006 / 113.008),D:\QM\reports\work_items\2fc84747-27db-5e88-9568-3fdda6c30769\QM5_41398\20260909_135814\raw\run_01\20260909.log
63163,2018-10-11,buy,True,112.311,111.969,112.311,111.969,112.113,112.117,False,False,False,2018-10-11T06:00:00,2018-10-11T03:00:00Z,summer_US_DST,6,3,6,CS	0	15:59:21.289	Trade	2018.10.11 06:00:00   buy stop 3.27 USDJPY.DWX at 112.311 sl: 111.969 (112.113 / 112.117),D:\QM\reports\work_items\2fc84747-27db-5e88-9568-3fdda6c30769\QM5_41398\20260909_135814\raw\run_01\20260909.log
63164,2018-10-11,sell,True,111.969,112.311,112.311,111.969,112.113,112.117,False,False,False,2018-10-11T06:00:00,2018-10-11T03:00:00Z,summer_US_DST,6,3,6,CS	0	15:59:21.289	Trade	2018.10.11 06:00:00   sell stop 3.28 USDJPY.DWX at 111.969 sl: 112.311 (112.113 / 112.117),D:\QM\reports\work_items\2fc84747-27db-5e88-9568-3fdda6c30769\QM5_41398\20260909_135814\raw\run_01\20260909.log
63174,2018-10-12,buy,True,112.316,112.049,112.316,112.049,112.248,112.253,False,False,False,2018-10-12T06:00:00,2018-10-12T03:00:00Z,summer_US_DST,6,3,6,CS	0	15:59:21.571	Trade	2018.10.12 06:00:00   buy stop 4.19 USDJPY.DWX at 112.316 sl: 112.049 (112.248 / 112.253),D:\QM\reports\work_items\2fc84747-27db-5e88-9568-3fdda6c30769\QM5_41398\20260909_135814\raw\run_01\20260909.log
63175,2018-10-12,sell,True,112.049,112.316,112.316,112.049,112.248,112.253,False,False,False,2018-10-12T06:00:00,2018-10-12T03:00:00Z,summer_US_DST,6,3,6,CS	0	15:59:21.572	Trade	2018.10.12 06:00:00   sell stop 4.2 USDJPY.DWX at 112.049 sl: 112.316 (112.248 / 112.253),D:\QM\reports\work_items\2fc84747-27db-5e88-9568-3fdda6c30769\QM5_41398\20260909_135814\raw\run_01\20260909.log
63185,2018-10-15,buy,True,112.223,111.935,112.223,111.935,112.113,112.117,False,False,False,2018-10-15T06:00:00,2018-10-15T03:00:00Z,summer_US_DST,6,3,6,CS	0	15:59:21.758	Trade	2018.10.15 06:00:00   buy stop 3.88 USDJPY.DWX at 112.223 sl: 111.935 (112.113 / 112.117),D:\QM\reports\work_items\2fc84747-27db-5e88-9568-3fdda6c30769\QM5_41398\20260909_135814\raw\run_01\20260909.log
63186,2018-10-15,sell,True,111.935,112.223,112.223,111.935,112.113,112.117,False,False,False,2018-10-15T06:00:00,2018-10-15T03:00:00Z,summer_US_DST,6,3,6,CS	0	15:59:21.759	Trade	2018.10.15 06:00:00   sell stop 3.89 USDJPY.DWX at 111.935 sl: 112.223 (112.113 / 112.117),D:\QM\reports\work_items\2fc84747-27db-5e88-9568-3fdda6c30769\QM5_41398\20260909_135814\raw\run_01\20260909.log
63199,2018-10-16,buy,True,112.049,111.808,112.049,111.808,112.012,112.017,False,False,False,2018-10-16T06:00:00,2018-10-16T03:00:00Z,summer_US_DST,6,3,6,CS	0	15:59:21.931	Trade	2018.10.16 06:00:00   buy stop 4.63 USDJPY.DWX at 112.049 sl: 111.808 (112.012 / 112.017),D:\QM\reports\work_items\2fc84747-27db-5e88-9568-3fdda6c30769\QM5_41398\20260909_135814\raw\run_01\20260909.log
63200,2018-10-16,sell,True,111.808,112.049,112.049,111.808,112.012,112.017,False,False,False,2018-10-16T06:00:00,2018-10-16T03:00:00Z,summer_US_DST,6,3,6,CS	0	15:59:21.932	Trade	2018.10.16 06:00:00   sell stop 4.64 USDJPY.DWX at 111.808 sl: 112.049 (112.012 / 112.017),D:\QM\reports\work_items\2fc84747-27db-5e88-9568-3fdda6c30769\QM5_41398\20260909_135814\raw\run_01\20260909.log
63210,2018-10-17,buy,True,112.417,112.306,112.417,112.306,112.376,112.381,False,False,False,2018-10-17T06:00:00,2018-10-17T03:00:00Z,summer_US_DST,6,3,6,CS	0	15:59:22.084	Trade	2018.10.17 06:00:00   buy stop 10.11 USDJPY.DWX at 112.417 sl: 112.306 (112.376 / 112.381),D:\QM\reports\work_items\2fc84747-27db-5e88-9568-3fdda6c30769\QM5_41398\20260909_135814\raw\run_01\20260909.log
63211,2018-10-17,sell,True,112.306,112.417,112.417,112.306,112.376,112.381,False,False,False,2018-10-17T06:00:00,2018-10-17T03:00:00Z,summer_US_DST,6,3,6,CS	0	15:59:22.084	Trade	2018.10.17 06:00:00   sell stop 10.12 USDJPY.DWX at 112.306 sl: 112.417 (112.376 / 112.381),D:\QM\reports\work_items\2fc84747-27db-5e88-9568-3fdda6c30769\QM5_41398\20260909_135814\raw\run_01\20260909.log
63224,2018-10-18,buy,True,112.727,112.497,112.727,112.497,112.511,112.514,False,False,False,2018-10-18T06:00:01,2018-10-18T03:00:01Z,summer_US_DST,6,3,6,CS	0	15:59:22.229	Trade	2018.10.18 06:00:01   buy stop 4.89 USDJPY.DWX at 112.727 sl: 112.497 (112.511 / 112.514),D:\QM\reports\work_items\2fc84747-27db-5e88-9568-3fdda6c30769\QM5_41398\20260909_135814\raw\run_01\20260909.log
63225,2018-10-18,sell,True,112.497,112.727,112.727,112.497,112.511,112.514,False,False,False,2018-10-18T06:00:01,2018-10-18T03:00:01Z,summer_US_DST,6,3,6,CS	0	15:59:22.229	Trade	2018.10.18 06:00:01   sell stop 4.9 USDJPY.DWX at 112.497 sl: 112.727 (112.511 / 112.514),D:\QM\reports\work_items\2fc84747-27db-5e88-9568-3fdda6c30769\QM5_41398\20260909_135814\raw\run_01\20260909.log
63235,2018-10-19,buy,True,112.436,112.191,112.436,112.191,112.409,112.413,False,False,False,2018-10-19T06:00:00,2018-10-19T03:00:00Z,summer_US_DST,6,3,6,CS	0	15:59:22.431	Trade	2018.10.19 06:00:00   buy stop 4.57 USDJPY.DWX at 112.436 sl: 112.191 (112.409 / 112.413),D:\QM\reports\work_items\2fc84747-27db-5e88-9568-3fdda6c30769\QM5_41398\20260909_135814\raw\run_01\20260909.log
63236,2018-10-19,sell,True,112.191,112.436,112.436,112.191,112.409,112.413,False,False,False,2018-10-19T06:00:00,2018-10-19T03:00:00Z,summer_US_DST,6,3,6,CS	0	15:59:22.431	Trade	2018.10.19 06:00:00   sell stop 4.58 USDJPY.DWX at 112.191 sl: 112.436 (112.409 / 112.413),D:\QM\reports\work_items\2fc84747-27db-5e88-9568-3fdda6c30769\QM5_41398\20260909_135814\raw\run_01\20260909.log
63246,2018-10-22,buy,False,112.616,112.350,112.616,112.350,,,,,True,2018-10-22T06:00:01,2018-10-22T03:00:01Z,summer_US_DST,6,3,6,CS	2	15:59:22.584	Trades	2018.10.22 06:00:01   failed buy stop 4.22 USDJPY.DWX at 112.616 sl: 112.350 [Invalid price],D:\QM\reports\work_items\2fc84747-27db-5e88-9568-3fdda6c30769\QM5_41398\20260909_135814\raw\run_01\20260909.log
63247,2018-10-22,sell,True,112.350,112.616,112.616,112.350,112.612,112.617,True,False,False,2018-10-22T06:00:01,2018-10-22T03:00:01Z,summer_US_DST,6,3,6,CS	0	15:59:22.584	Trade	2018.10.22 06:00:01   sell stop 4.23 USDJPY.DWX at 112.350 sl: 112.616 (112.612 / 112.617),D:\QM\reports\work_items\2fc84747-27db-5e88-9568-3fdda6c30769\QM5_41398\20260909_135814\raw\run_01\20260909.log
63249,2018-10-23,buy,True,112.796,112.555,112.796,112.555,112.594,112.597,False,False,False,2018-10-23T06:00:04,2018-10-23T03:00:04Z,summer_US_DST,6,3,6,CS	0	15:59:22.726	Trade	2018.10.23 06:00:04   buy stop 4.67 USDJPY.DWX at 112.796 sl: 112.555 (112.594 / 112.597),D:\QM\reports\work_items\2fc84747-27db-5e88-9568-3fdda6c30769\QM5_41398\20260909_135814\raw\run_01\20260909.log
63250,2018-10-23,sell,True,112.555,112.796,112.796,112.555,112.594,112.597,False,False,False,2018-10-23T06:00:04,2018-10-23T03:00:04Z,summer_US_DST,6,3,6,CS	0	15:59:22.727	Trade	2018.10.23 06:00:04   sell stop 4.68 USDJPY.DWX at 112.555 sl: 112.796 (112.594 / 112.597),D:\QM\reports\work_items\2fc84747-27db-5e88-9568-3fdda6c30769\QM5_41398\20260909_135814\raw\run_01\20260909.log
63264,2018-10-24,buy,True,112.551,112.319,112.551,112.319,112.535,112.539,False,False,False,2018-10-24T06:00:02,2018-10-24T03:00:02Z,summer_US_DST,6,3,6,CS	0	15:59:22.923	Trade	2018.10.24 06:00:02   buy stop 4.84 USDJPY.DWX at 112.551 sl: 112.319 (112.535 / 112.539),D:\QM\reports\work_items\2fc84747-27db-5e88-9568-3fdda6c30769\QM5_41398\20260909_135814\raw\run_01\20260909.log
63265,2018-10-24,sell,True,112.319,112.551,112.551,112.319,112.535,112.539,False,False,False,2018-10-24T06:00:02,2018-10-24T03:00:02Z,summer_US_DST,6,3,6,CS	0	15:59:22.924	Trade	2018.10.24 06:00:02   sell stop 4.85 USDJPY.DWX at 112.319 sl: 112.551 (112.535 / 112.539),D:\QM\reports\work_items\2fc84747-27db-5e88-9568-3fdda6c30769\QM5_41398\20260909_135814\raw\run_01\20260909.log
63275,2018-10-25,buy,True,112.162,111.820,112.162,111.820,112.115,112.119,False,False,False,2018-10-25T06:00:00,2018-10-25T03:00:00Z,summer_US_DST,6,3,6,CS	0	15:59:23.171	Trade	2018.10.25 06:00:00   buy stop 3.26 USDJPY.DWX at 112.162 sl: 111.820 (112.115 / 112.119),D:\QM\reports\work_items\2fc84747-27db-5e88-9568-3fdda6c30769\QM5_41398\20260909_135814\raw\run_01\20260909.log
63276,2018-10-25,sell,True,111.820,112.162,112.162,111.820,112.115,112.119,False,False,False,2018-10-25T06:00:00,2018-10-25T03:00:00Z,summer_US_DST,6,3,6,CS	0	15:59:23.171	Trade	2018.10.25 06:00:00   sell stop 3.27 USDJPY.DWX at 111.820 sl: 112.162 (112.115 / 112.119),D:\QM\reports\work_items\2fc84747-27db-5e88-9568-3fdda6c30769\QM5_41398\20260909_135814\raw\run_01\20260909.log
63287,2018-10-26,buy,True,112.442,112.236,112.442,112.236,112.241,112.245,False,False,False,2018-10-26T06:00:00,2018-10-26T03:00:00Z,summer_US_DST,6,3,6,CS	0	15:59:23.385	Trade	2018.10.26 06:00:00   buy stop 5.44 USDJPY.DWX at 112.442 sl: 112.236 (112.241 / 112.245),D:\QM\reports\work_items\2fc84747-27db-5e88-9568-3fdda6c30769\QM5_41398\20260909_135814\raw\run_01\20260909.log
63288,2018-10-26,sell,True,112.236,112.442,112.442,112.236,112.241,112.245,False,False,False,2018-10-26T06:00:00,2018-10-26T03:00:00Z,summer_US_DST,6,3,6,CS	0	15:59:23.385	Trade	2018.10.26 06:00:00   sell stop 5.45 USDJPY.DWX at 112.236 sl: 112.442 (112.241 / 112.245),D:\QM\reports\work_items\2fc84747-27db-5e88-9568-3fdda6c30769\QM5_41398\20260909_135814\raw\run_01\20260909.log
63303,2018-10-29,buy,True,112.043,111.776,112.043,111.776,111.866,111.870,False,False,False,2018-10-29T06:00:00,2018-10-29T03:00:00Z,summer_US_DST,6,3,6,CS	0	15:59:23.615	Trade	2018.10.29 06:00:00   buy stop 4.18 USDJPY.DWX at 112.043 sl: 111.776 (111.866 / 111.870),D:\QM\reports\work_items\2fc84747-27db-5e88-9568-3fdda6c30769\QM5_41398\20260909_135814\raw\run_01\20260909.log
63304,2018-10-29,sell,True,111.776,112.043,112.043,111.776,111.866,111.870,False,False,False,2018-10-29T06:00:00,2018-10-29T03:00:00Z,summer_US_DST,6,3,6,CS	0	15:59:23.616	Trade	2018.10.29 06:00:00   sell stop 4.19 USDJPY.DWX at 111.776 sl: 112.043 (111.866 / 111.870),D:\QM\reports\work_items\2fc84747-27db-5e88-9568-3fdda6c30769\QM5_41398\20260909_135814\raw\run_01\20260909.log
63319,2018-11-01,buy,True,112.960,112.721,112.960,112.721,112.845,112.849,False,False,False,2018-11-01T06:00:00,2018-11-01T03:00:00Z,summer_US_DST,6,3,6,CS	0	15:59:24.081	Trade	2018.11.01 06:00:00   buy stop 4.71 USDJPY.DWX at 112.960 sl: 112.721 (112.845 / 112.849),D:\QM\reports\work_items\2fc84747-27db-5e88-9568-3fdda6c30769\QM5_41398\20260909_135814\raw\run_01\20260909.log
63320,2018-11-01,sell,True,112.721,112.960,112.960,112.721,112.845,112.849,False,False,False,2018-11-01T06:00:00,2018-11-01T03:00:00Z,summer_US_DST,6,3,6,CS	0	15:59:24.082	Trade	2018.11.01 06:00:00   sell stop 4.72 USDJPY.DWX at 112.721 sl: 112.960 (112.845 / 112.849),D:\QM\reports\work_items\2fc84747-27db-5e88-9568-3fdda6c30769\QM5_41398\20260909_135814\raw\run_01\20260909.log
63330,2018-11-02,buy,True,112.846,112.708,112.846,112.708,112.748,112.752,False,False,False,2018-11-02T06:00:00,2018-11-02T03:00:00Z,summer_US_DST,6,3,6,CS	0	15:59:24.216	Trade	2018.11.02 06:00:00   buy stop 8.16 USDJPY.DWX at 112.846 sl: 112.708 (112.748 / 112.752),D:\QM\reports\work_items\2fc84747-27db-5e88-9568-3fdda6c30769\QM5_41398\20260909_135814\raw\run_01\20260909.log
63331,2018-11-02,sell,True,112.708,112.846,112.846,112.708,112.748,112.752,False,False,False,2018-11-02T06:00:00,2018-11-02T03:00:00Z,summer_US_DST,6,3,6,CS	0	15:59:24.216	Trade	2018.11.02 06:00:00   sell stop 8.17 USDJPY.DWX at 112.708 sl: 112.846 (112.748 / 112.752),D:\QM\reports\work_items\2fc84747-27db-5e88-9568-3fdda6c30769\QM5_41398\20260909_135814\raw\run_01\20260909.log
63341,2018-11-05,buy,True,113.242,113.107,113.242,113.107,113.195,113.199,False,False,False,2018-11-05T05:00:00,2018-11-05T03:00:00Z,winter_US_standard,5,3,6,CS	0	15:59:24.349	Trade	2018.11.05 05:00:00   buy stop 8.37 USDJPY.DWX at 113.242 sl: 113.107 (113.195 / 113.199),D:\QM\reports\work_items\2fc84747-27db-5e88-9568-3fdda6c30769\QM5_41398\20260909_135814\raw\run_01\20260909.log
63342,2018-11-05,sell,True,113.107,113.242,113.242,113.107,113.195,113.199,False,False,False,2018-11-05T05:00:00,2018-11-05T03:00:00Z,winter_US_standard,5,3,6,CS	0	15:59:24.350	Trade	2018.11.05 05:00:00   sell stop 8.38 USDJPY.DWX at 113.107 sl: 113.242 (113.195 / 113.199),D:\QM\reports\work_items\2fc84747-27db-5e88-9568-3fdda6c30769\QM5_41398\20260909_135814\raw\run_01\20260909.log
63352,2018-11-06,buy,True,113.315,113.231,113.315,113.231,113.288,113.293,False,False,False,2018-11-06T05:00:00,2018-11-06T03:00:00Z,winter_US_standard,5,3,6,CS	0	15:59:24.456	Trade	2018.11.06 05:00:00   buy stop 13.48 USDJPY.DWX at 113.315 sl: 113.231 (113.288 / 113.293),D:\QM\reports\work_items\2fc84747-27db-5e88-9568-3fdda6c30769\QM5_41398\20260909_135814\raw\run_01\20260909.log
63353,2018-11-06,sell,True,113.231,113.315,113.315,113.231,113.288,113.293,False,False,False,2018-11-06T05:00:00,2018-11-06T03:00:00Z,winter_US_standard,5,3,6,CS	0	15:59:24.456	Trade	2018.11.06 05:00:00   sell stop 13.48 USDJPY.DWX at 113.231 sl: 113.315 (113.288 / 113.293),D:\QM\reports\work_items\2fc84747-27db-5e88-9568-3fdda6c30769\QM5_41398\20260909_135814\raw\run_01\20260909.log
63366,2018-11-08,buy,True,113.686,113.545,113.686,113.545,113.661,113.666,False,False,False,2018-11-08T05:00:00,2018-11-08T03:00:00Z,winter_US_standard,5,3,6,CS	0	15:59:24.728	Trade	2018.11.08 05:00:00   buy stop 8.05 USDJPY.DWX at 113.686 sl: 113.545 (113.661 / 113.666),D:\QM\reports\work_items\2fc84747-27db-5e88-9568-3fdda6c30769\QM5_41398\20260909_135814\raw\run_01\20260909.log
63367,2018-11-08,sell,True,113.545,113.686,113.686,113.545,113.661,113.666,False,False,False,2018-11-08T05:00:00,2018-11-08T03:00:00Z,winter_US_standard,5,3,6,CS	0	15:59:24.728	Trade	2018.11.08 05:00:00   sell stop 8.06 USDJPY.DWX at 113.545 sl: 113.686 (113.661 / 113.666),D:\QM\reports\work_items\2fc84747-27db-5e88-9568-3fdda6c30769\QM5_41398\20260909_135814\raw\run_01\20260909.log
63377,2018-11-09,buy,True,114.010,113.830,114.010,113.830,113.838,113.843,False,False,False,2018-11-09T05:00:00,2018-11-09T03:00:00Z,winter_US_standard,5,3,6,CS	0	15:59:24.863	Trade	2018.11.09 05:00:00   buy stop 6.32 USDJPY.DWX at 114.010 sl: 113.830 (113.838 / 113.843),D:\QM\reports\work_items\2fc84747-27db-5e88-9568-3fdda6c30769\QM5_41398\20260909_135814\raw\run_01\20260909.log
63378,2018-11-09,sell,True,113.830,114.010,114.010,113.830,113.838,113.843,False,False,False,2018-11-09T05:00:00,2018-11-09T03:00:00Z,winter_US_standard,5,3,6,CS	0	15:59:24.863	Trade	2018.11.09 05:00:00   sell stop 6.33 USDJPY.DWX at 113.830 sl: 114.010 (113.838 / 113.843),D:\QM\reports\work_items\2fc84747-27db-5e88-9568-3fdda6c30769\QM5_41398\20260909_135814\raw\run_01\20260909.log
63388,2018-11-12,buy,True,114.010,113.835,114.010,113.835,113.980,113.984,False,False,False,2018-11-12T05:00:00,2018-11-12T03:00:00Z,winter_US_standard,5,3,6,CS	0	15:59:25.002	Trade	2018.11.12 05:00:00   buy stop 6.5 USDJPY.DWX at 114.010 sl: 113.835 (113.980 / 113.984),D:\QM\reports\work_items\2fc84747-27db-5e88-9568-3fdda6c30769\QM5_41398\20260909_135814\raw\run_01\20260909.log
63389,2018-11-12,sell,True,113.835,114.010,114.010,113.835,113.980,113.984,False,False,False,2018-11-12T05:00:00,2018-11-12T03:00:00Z,winter_US_standard,5,3,6,CS	0	15:59:25.002	Trade	2018.11.12 05:00:00   sell stop 6.51 USDJPY.DWX at 113.835 sl: 114.010 (113.980 / 113.984),D:\QM\reports\work_items\2fc84747-27db-5e88-9568-3fdda6c30769\QM5_41398\20260909_135814\raw\run_01\20260909.log
63402,2018-11-13,buy,True,113.789,113.579,113.789,113.579,113.718,113.722,False,False,False,2018-11-13T05:00:00,2018-11-13T03:00:00Z,winter_US_standard,5,3,6,CS	0	15:59:25.135	Trade	2018.11.13 05:00:00   buy stop 5.4 USDJPY.DWX at 113.789 sl: 113.579 (113.718 / 113.722),D:\QM\reports\work_items\2fc84747-27db-5e88-9568-3fdda6c30769\QM5_41398\20260909_135814\raw\run_01\20260909.log
63403,2018-11-13,sell,True,113.579,113.789,113.789,113.579,113.718,113.722,False,False,False,2018-11-13T05:00:00,2018-11-13T03:00:00Z,winter_US_standard,5,3,6,CS	0	15:59:25.135	Trade	2018.11.13 05:00:00   sell stop 5.41 USDJPY.DWX at 113.579 sl: 113.789 (113.718 / 113.722),D:\QM\reports\work_items\2fc84747-27db-5e88-9568-3fdda6c30769\QM5_41398\20260909_135814\raw\run_01\20260909.log
63416,2018-11-14,buy,True,113.987,113.756,113.987,113.756,113.884,113.888,False,False,False,2018-11-14T05:00:00,2018-11-14T03:00:00Z,winter_US_standard,5,3,6,CS	0	15:59:25.263	Trade	2018.11.14 05:00:00   buy stop 4.92 USDJPY.DWX at 113.987 sl: 113.756 (113.884 / 113.888),D:\QM\reports\work_items\2fc84747-27db-5e88-9568-3fdda6c30769\QM5_41398\20260909_135814\raw\run_01\20260909.log
63417,2018-11-14,sell,True,113.756,113.987,113.987,113.756,113.884,113.888,False,False,False,2018-11-14T05:00:00,2018-11-14T03:00:00Z,winter_US_standard,5,3,6,CS	0	15:59:25.263	Trade	2018.11.14 05:00:00   sell stop 4.93 USDJPY.DWX at 113.756 sl: 113.987 (113.884 / 113.888),D:\QM\reports\work_items\2fc84747-27db-5e88-9568-3fdda6c30769\QM5_41398\20260909_135814\raw\run_01\20260909.log
63427,2018-11-15,buy,True,113.657,113.455,113.657,113.455,113.512,113.516,False,False,False,2018-11-15T05:00:00,2018-11-15T03:00:00Z,winter_US_standard,5,3,6,CS	0	15:59:25.394	Trade	2018.11.15 05:00:00   buy stop 5.61 USDJPY.DWX at 113.657 sl: 113.455 (113.512 / 113.516),D:\QM\reports\work_items\2fc84747-27db-5e88-9568-3fdda6c30769\QM5_41398\20260909_135814\raw\run_01\20260909.log
63428,2018-11-15,sell,True,113.455,113.657,113.657,113.455,113.512,113.516,False,False,False,2018-11-15T05:00:00,2018-11-15T03:00:00Z,winter_US_standard,5,3,6,CS	0	15:59:25.395	Trade	2018.11.15 05:00:00   sell stop 5.62 USDJPY.DWX at 113.455 sl: 113.657 (113.512 / 113.516),D:\QM\reports\work_items\2fc84747-27db-5e88-9568-3fdda6c30769\QM5_41398\20260909_135814\raw\run_01\20260909.log
63439,2018-11-16,buy,True,113.609,113.338,113.609,113.338,113.342,113.346,False,False,False,2018-11-16T05:00:00,2018-11-16T03:00:00Z,winter_US_standard,5,3,6,CS	0	15:59:25.561	Trade	2018.11.16 05:00:00   buy stop 4.18 USDJPY.DWX at 113.609 sl: 113.338 (113.342 / 113.346),D:\QM\reports\work_items\2fc84747-27db-5e88-9568-3fdda6c30769\QM5_41398\20260909_135814\raw\run_01\20260909.log
63440,2018-11-16,sell,True,113.338,113.609,113.609,113.338,113.342,113.346,False,False,False,2018-11-16T05:00:00,2018-11-16T03:00:00Z,winter_US_standard,5,3,6,CS	0	15:59:25.562	Trade	2018.11.16 05:00:00   sell stop 4.19 USDJPY.DWX at 113.338 sl: 113.609 (113.342 / 113.346),D:\QM\reports\work_items\2fc84747-27db-5e88-9568-3fdda6c30769\QM5_41398\20260909_135814\raw\run_01\20260909.log
63452,2018-11-19,buy,True,112.812,112.629,112.812,112.629,112.682,112.687,False,False,False,2018-11-19T05:00:02,2018-11-19T03:00:02Z,winter_US_standard,5,3,6,CS	0	15:59:25.716	Trade	2018.11.19 05:00:02   buy stop 6.15 USDJPY.DWX at 112.812 sl: 112.629 (112.682 / 112.687),D:\QM\reports\work_items\2fc84747-27db-5e88-9568-3fdda6c30769\QM5_41398\20260909_135814\raw\run_01\20260909.log
63453,2018-11-19,sell,True,112.629,112.812,112.812,112.629,112.682,112.687,False,False,False,2018-11-19T05:00:02,2018-11-19T03:00:02Z,winter_US_standard,5,3,6,CS	0	15:59:25.717	Trade	2018.11.19 05:00:02   sell stop 6.16 USDJPY.DWX at 112.629 sl: 112.812 (112.682 / 112.687),D:\QM\reports\work_items\2fc84747-27db-5e88-9568-3fdda6c30769\QM5_41398\20260909_135814\raw\run_01\20260909.log
63463,2018-11-20,buy,True,112.661,112.430,112.661,112.430,112.591,112.595,False,False,False,2018-11-20T05:00:00,2018-11-20T03:00:00Z,winter_US_standard,5,3,6,CS	0	15:59:25.861	Trade	2018.11.20 05:00:00   buy stop 4.86 USDJPY.DWX at 112.661 sl: 112.430 (112.591 / 112.595),D:\QM\reports\work_items\2fc84747-27db-5e88-9568-3fdda6c30769\QM5_41398\20260909_135814\raw\run_01\20260909.log
63464,2018-11-20,sell,True,112.430,112.661,112.661,112.430,112.591,112.595,False,False,False,2018-11-20T05:00:00,2018-11-20T03:00:00Z,winter_US_standard,5,3,6,CS	0	15:59:25.861	Trade	2018.11.20 05:00:00   sell stop 4.87 USDJPY.DWX at 112.430 sl: 112.661 (112.591 / 112.595),D:\QM\reports\work_items\2fc84747-27db-5e88-9568-3fdda6c30769\QM5_41398\20260909_135814\raw\run_01\20260909.log
63474,2018-11-21,buy,True,112.924,112.696,112.924,112.696,112.893,112.898,False,False,False,2018-11-21T05:00:02,2018-11-21T03:00:02Z,winter_US_standard,5,3,6,CS	0	15:59:26.020	Trade	2018.11.21 05:00:02   buy stop 4.94 USDJPY.DWX at 112.924 sl: 112.696 (112.893 / 112.898),D:\QM\reports\work_items\2fc84747-27db-5e88-9568-3fdda6c30769\QM5_41398\20260909_135814\raw\run_01\20260909.log
63475,2018-11-21,sell,True,112.696,112.924,112.924,112.696,112.893,112.898,False,False,False,2018-11-21T05:00:02,2018-11-21T03:00:02Z,winter_US_standard,5,3,6,CS	0	15:59:26.021	Trade	2018.11.21 05:00:02   sell stop 4.95 USDJPY.DWX at 112.696 sl: 112.924 (112.893 / 112.898),D:\QM\reports\work_items\2fc84747-27db-5e88-9568-3fdda6c30769\QM5_41398\20260909_135814\raw\run_01\20260909.log
63485,2018-11-22,buy,True,113.131,112.956,113.131,112.956,112.992,112.996,False,False,False,2018-11-22T05:00:01,2018-11-22T03:00:01Z,winter_US_standard,5,3,6,CS	0	15:59:26.182	Trade	2018.11.22 05:00:01   buy stop 6.45 USDJPY.DWX at 113.131 sl: 112.956 (112.992 / 112.996),D:\QM\reports\work_items\2fc84747-27db-5e88-9568-3fdda6c30769\QM5_41398\20260909_135814\raw\run_01\20260909.log
63486,2018-11-22,sell,True,112.956,113.131,113.131,112.956,112.992,112.996,False,False,False,2018-11-22T05:00:01,2018-11-22T03:00:01Z,winter_US_standard,5,3,6,CS	0	15:59:26.183	Trade	2018.11.22 05:00:01   sell stop 6.46 USDJPY.DWX at 112.956 sl: 113.131 (112.992 / 112.996),D:\QM\reports\work_items\2fc84747-27db-5e88-9568-3fdda6c30769\QM5_41398\20260909_135814\raw\run_01\20260909.log
63496,2018-11-23,buy,True,113.009,112.919,113.009,112.919,112.950,112.955,False,False,False,2018-11-23T05:00:07,2018-11-23T03:00:07Z,winter_US_standard,5,3,6,CS	0	15:59:26.282	Trade	2018.11.23 05:00:07   buy stop 12.54 USDJPY.DWX at 113.009 sl: 112.919 (112.950 / 112.955),D:\QM\reports\work_items\2fc84747-27db-5e88-9568-3fdda6c30769\QM5_41398\20260909_135814\raw\run_01\20260909.log
63497,2018-11-23,sell,True,112.919,113.009,113.009,112.919,112.950,112.955,False,False,False,2018-11-23T05:00:07,2018-11-23T03:00:07Z,winter_US_standard,5,3,6,CS	0	15:59:26.282	Trade	2018.11.23 05:00:07   sell stop 12.55 USDJPY.DWX at 112.919 sl: 113.009 (112.950 / 112.955),D:\QM\reports\work_items\2fc84747-27db-5e88-9568-3fdda6c30769\QM5_41398\20260909_135814\raw\run_01\20260909.log
63511,2018-11-27,buy,True,113.524,113.414,113.524,113.414,113.455,113.459,False,False,False,2018-11-27T05:00:00,2018-11-27T03:00:00Z,winter_US_standard,5,3,6,CS	0	15:59:26.520	Trade	2018.11.27 05:00:00   buy stop 10.31 USDJPY.DWX at 113.524 sl: 113.414 (113.455 / 113.459),D:\QM\reports\work_items\2fc84747-27db-5e88-9568-3fdda6c30769\QM5_41398\20260909_135814\raw\run_01\20260909.log
63512,2018-11-27,sell,True,113.414,113.524,113.524,113.414,113.455,113.459,False,False,False,2018-11-27T05:00:00,2018-11-27T03:00:00Z,winter_US_standard,5,3,6,CS	0	15:59:26.520	Trade	2018.11.27 05:00:00   sell stop 10.31 USDJPY.DWX at 113.414 sl: 113.524 (113.455 / 113.459),D:\QM\reports\work_items\2fc84747-27db-5e88-9568-3fdda6c30769\QM5_41398\20260909_135814\raw\run_01\20260909.log
63526,2018-11-28,buy,True,113.851,113.753,113.851,113.753,113.800,113.803,False,False,False,2018-11-28T05:00:00,2018-11-28T03:00:00Z,winter_US_standard,5,3,6,CS	0	15:59:26.651	Trade	2018.11.28 05:00:00   buy stop 11.6 USDJPY.DWX at 113.851 sl: 113.753 (113.800 / 113.803),D:\QM\reports\work_items\2fc84747-27db-5e88-9568-3fdda6c30769\QM5_41398\20260909_135814\raw\run_01\20260909.log
63527,2018-11-28,sell,True,113.753,113.851,113.851,113.753,113.800,113.803,False,False,False,2018-11-28T05:00:00,2018-11-28T03:00:00Z,winter_US_standard,5,3,6,CS	0	15:59:26.651	Trade	2018.11.28 05:00:00   sell stop 11.61 USDJPY.DWX at 113.753 sl: 113.851 (113.800 / 113.803),D:\QM\reports\work_items\2fc84747-27db-5e88-9568-3fdda6c30769\QM5_41398\20260909_135814\raw\run_01\20260909.log
63537,2018-11-29,buy,True,113.611,113.416,113.611,113.416,113.429,113.432,False,False,False,2018-11-29T05:00:01,2018-11-29T03:00:01Z,winter_US_standard,5,3,6,CS	0	15:59:26.768	Trade	2018.11.29 05:00:01   buy stop 5.81 USDJPY.DWX at 113.611 sl: 113.416 (113.429 / 113.432),D:\QM\reports\work_items\2fc84747-27db-5e88-9568-3fdda6c30769\QM5_41398\20260909_135814\raw\run_01\20260909.log
63538,2018-11-29,sell,True,113.416,113.611,113.611,113.416,113.429,113.432,False,False,False,2018-11-29T05:00:01,2018-11-29T03:00:01Z,winter_US_standard,5,3,6,CS	0	15:59:26.768	Trade	2018.11.29 05:00:01   sell stop 5.82 USDJPY.DWX at 113.416 sl: 113.611 (113.429 / 113.432),D:\QM\reports\work_items\2fc84747-27db-5e88-9568-3fdda6c30769\QM5_41398\20260909_135814\raw\run_01\20260909.log
63550,2018-11-30,buy,True,113.457,113.345,113.457,113.345,113.360,113.364,False,False,False,2018-11-30T05:00:00,2018-11-30T03:00:00Z,winter_US_standard,5,3,6,CS	0	15:59:26.889	Trade	2018.11.30 05:00:00   buy stop 10.12 USDJPY.DWX at 113.457 sl: 113.345 (113.360 / 113.364),D:\QM\reports\work_items\2fc84747-27db-5e88-9568-3fdda6c30769\QM5_41398\20260909_135814\raw\run_01\20260909.log
63551,2018-11-30,sell,True,113.345,113.457,113.457,113.345,113.360,113.364,False,False,False,2018-11-30T05:00:00,2018-11-30T03:00:00Z,winter_US_standard,5,3,6,CS	0	15:59:26.889	Trade	2018.11.30 05:00:00   sell stop 10.12 USDJPY.DWX at 113.345 sl: 113.457 (113.360 / 113.364),D:\QM\reports\work_items\2fc84747-27db-5e88-9568-3fdda6c30769\QM5_41398\20260909_135814\raw\run_01\20260909.log
63561,2018-12-03,buy,True,113.776,113.544,113.776,113.544,113.593,113.597,False,False,False,2018-12-03T05:00:00,2018-12-03T03:00:00Z,winter_US_standard,5,3,6,CS	0	15:59:27.003	Trade	2018.12.03 05:00:00   buy stop 4.89 USDJPY.DWX at 113.776 sl: 113.544 (113.593 / 113.597),D:\QM\reports\work_items\2fc84747-27db-5e88-9568-3fdda6c30769\QM5_41398\20260909_135814\raw\run_01\20260909.log
63562,2018-12-03,sell,True,113.544,113.776,113.776,113.544,113.593,113.597,False,False,False,2018-12-03T05:00:00,2018-12-03T03:00:00Z,winter_US_standard,5,3,6,CS	0	15:59:27.003	Trade	2018.12.03 05:00:00   sell stop 4.9 USDJPY.DWX at 113.544 sl: 113.776 (113.593 / 113.597),D:\QM\reports\work_items\2fc84747-27db-5e88-9568-3fdda6c30769\QM5_41398\20260909_135814\raw\run_01\20260909.log
63572,2018-12-05,buy,True,113.012,112.673,113.012,112.673,112.952,112.957,False,False,False,2018-12-05T05:00:01,2018-12-05T03:00:01Z,winter_US_standard,5,3,6,CS	0	15:59:27.273	Trade	2018.12.05 05:00:01   buy stop 3.32 USDJPY.DWX at 113.012 sl: 112.673 (112.952 / 112.957),D:\QM\reports\work_items\2fc84747-27db-5e88-9568-3fdda6c30769\QM5_41398\20260909_135814\raw\run_01\20260909.log
63573,2018-12-05,sell,True,112.673,113.012,113.012,112.673,112.952,112.957,False,False,False,2018-12-05T05:00:01,2018-12-05T03:00:01Z,winter_US_standard,5,3,6,CS	0	15:59:27.274	Trade	2018.12.05 05:00:01   sell stop 3.33 USDJPY.DWX at 112.673 sl: 113.012 (112.952 / 112.957),D:\QM\reports\work_items\2fc84747-27db-5e88-9568-3fdda6c30769\QM5_41398\20260909_135814\raw\run_01\20260909.log
63583,2018-12-07,buy,True,112.754,112.651,112.754,112.651,112.746,112.749,False,False,False,2018-12-07T05:00:02,2018-12-07T03:00:02Z,winter_US_standard,5,3,6,CS	0	15:59:27.935	Trade	2018.12.07 05:00:02   buy stop 10.93 USDJPY.DWX at 112.754 sl: 112.651 (112.746 / 112.749),D:\QM\reports\work_items\2fc84747-27db-5e88-9568-3fdda6c30769\QM5_41398\20260909_135814\raw\run_01\20260909.log
63584,2018-12-07,sell,True,112.651,112.754,112.754,112.651,112.746,112.749,False,False,False,2018-12-07T05:00:02,2018-12-07T03:00:02Z,winter_US_standard,5,3,6,CS	0	15:59:27.935	Trade	2018.12.07 05:00:02   sell stop 10.94 USDJPY.DWX at 112.651 sl: 112.754 (112.746 / 112.749),D:\QM\reports\work_items\2fc84747-27db-5e88-9568-3fdda6c30769\QM5_41398\20260909_135814\raw\run_01\20260909.log
63597,2018-12-10,buy,True,112.602,112.239,112.602,112.239,112.316,112.321,False,False,False,2018-12-10T05:00:02,2018-12-10T03:00:02Z,winter_US_standard,5,3,6,CS	0	15:59:28.422	Trade	2018.12.10 05:00:02   buy stop 3.09 USDJPY.DWX at 112.602 sl: 112.239 (112.316 / 112.321),D:\QM\reports\work_items\2fc84747-27db-5e88-9568-3fdda6c30769\QM5_41398\20260909_135814\raw\run_01\20260909.log
63598,2018-12-10,sell,True,112.239,112.602,112.602,112.239,112.316,112.321,False,False,False,2018-12-10T05:00:02,2018-12-10T03:00:02Z,winter_US_standard,5,3,6,CS	0	15:59:28.422	Trade	2018.12.10 05:00:02   sell stop 3.1 USDJPY.DWX at 112.239 sl: 112.602 (112.316 / 112.321),D:\QM\reports\work_items\2fc84747-27db-5e88-9568-3fdda6c30769\QM5_41398\20260909_135814\raw\run_01\20260909.log
63610,2018-12-11,buy,True,113.239,113.006,113.239,113.006,113.017,113.022,False,False,False,2018-12-11T05:00:00,2018-12-11T03:00:00Z,winter_US_standard,5,3,6,CS	0	15:59:29.022	Trade	2018.12.11 05:00:00   buy stop 4.85 USDJPY.DWX at 113.239 sl: 113.006 (113.017 / 113.022),D:\QM\reports\work_items\2fc84747-27db-5e88-9568-3fdda6c30769\QM5_41398\20260909_135814\raw\run_01\20260909.log
63611,2018-12-11,sell,True,113.006,113.239,113.239,113.006,113.017,113.022,False,False,False,2018-12-11T05:00:00,2018-12-11T03:00:00Z,winter_US_standard,5,3,6,CS	0	15:59:29.022	Trade	2018.12.11 05:00:00   sell stop 4.86 USDJPY.DWX at 113.006 sl: 113.239 (113.017 / 113.022),D:\QM\reports\work_items\2fc84747-27db-5e88-9568-3fdda6c30769\QM5_41398\20260909_135814\raw\run_01\20260909.log
63621,2018-12-12,buy,True,113.515,113.308,113.515,113.308,113.443,113.446,False,False,False,2018-12-12T05:00:00,2018-12-12T03:00:00Z,winter_US_standard,5,3,6,CS	0	15:59:29.418	Trade	2018.12.12 05:00:00   buy stop 5.47 USDJPY.DWX at 113.515 sl: 113.308 (113.443 / 113.446),D:\QM\reports\work_items\2fc84747-27db-5e88-9568-3fdda6c30769\QM5_41398\20260909_135814\raw\run_01\20260909.log
63622,2018-12-12,sell,True,113.308,113.515,113.515,113.308,113.443,113.446,False,False,False,2018-12-12T05:00:00,2018-12-12T03:00:00Z,winter_US_standard,5,3,6,CS	0	15:59:29.419	Trade	2018.12.12 05:00:00   sell stop 5.48 USDJPY.DWX at 113.308 sl: 113.515 (113.443 / 113.446),D:\QM\reports\work_items\2fc84747-27db-5e88-9568-3fdda6c30769\QM5_41398\20260909_135814\raw\run_01\20260909.log
63632,2018-12-13,buy,True,113.497,113.283,113.497,113.283,113.467,113.470,False,False,False,2018-12-13T05:00:02,2018-12-13T03:00:02Z,winter_US_standard,5,3,6,CS	0	15:59:29.912	Trade	2018.12.13 05:00:02   buy stop 5.29 USDJPY.DWX at 113.497 sl: 113.283 (113.467 / 113.470),D:\QM\reports\work_items\2fc84747-27db-5e88-9568-3fdda6c30769\QM5_41398\20260909_135814\raw\run_01\20260909.log
63633,2018-12-13,sell,True,113.283,113.497,113.497,113.283,113.467,113.470,False,False,False,2018-12-13T05:00:02,2018-12-13T03:00:02Z,winter_US_standard,5,3,6,CS	0	15:59:29.912	Trade	2018.12.13 05:00:02   sell stop 5.3 USDJPY.DWX at 113.283 sl: 113.497 (113.467 / 113.470),D:\QM\reports\work_items\2fc84747-27db-5e88-9568-3fdda6c30769\QM5_41398\20260909_135814\raw\run_01\20260909.log
63643,2018-12-14,buy,True,113.651,113.422,113.651,113.422,113.480,113.485,False,False,False,2018-12-14T05:00:00,2018-12-14T03:00:00Z,winter_US_standard,5,3,6,CS	0	15:59:30.432	Trade	2018.12.14 05:00:00   buy stop 4.95 USDJPY.DWX at 113.651 sl: 113.422 (113.480 / 113.485),D:\QM\reports\work_items\2fc84747-27db-5e88-9568-3fdda6c30769\QM5_41398\20260909_135814\raw\run_01\20260909.log
63644,2018-12-14,sell,True,113.422,113.651,113.651,113.422,113.480,113.485,False,False,False,2018-12-14T05:00:00,2018-12-14T03:00:00Z,winter_US_standard,5,3,6,CS	0	15:59:30.433	Trade	2018.12.14 05:00:00   sell stop 4.96 USDJPY.DWX at 113.422 sl: 113.651 (113.480 / 113.485),D:\QM\reports\work_items\2fc84747-27db-5e88-9568-3fdda6c30769\QM5_41398\20260909_135814\raw\run_01\20260909.log
63654,2018-12-17,buy,True,113.500,113.338,113.500,113.338,113.493,113.498,False,False,False,2018-12-17T05:00:01,2018-12-17T03:00:01Z,winter_US_standard,5,3,6,CS	0	15:59:30.777	Trade	2018.12.17 05:00:01   buy stop 6.99 USDJPY.DWX at 113.500 sl: 113.338 (113.493 / 113.498),D:\QM\reports\work_items\2fc84747-27db-5e88-9568-3fdda6c30769\QM5_41398\20260909_135814\raw\run_01\20260909.log
63655,2018-12-17,sell,True,113.338,113.500,113.500,113.338,113.493,113.498,False,False,False,2018-12-17T05:00:01,2018-12-17T03:00:01Z,winter_US_standard,5,3,6,CS	0	15:59:30.777	Trade	2018.12.17 05:00:01   sell stop 7 USDJPY.DWX at 113.338 sl: 113.500 (113.493 / 113.498),D:\QM\reports\work_items\2fc84747-27db-5e88-9568-3fdda6c30769\QM5_41398\20260909_135814\raw\run_01\20260909.log
63665,2018-12-18,buy,True,112.837,112.650,112.837,112.650,112.650,112.651,False,False,False,2018-12-18T05:00:00,2018-12-18T03:00:00Z,winter_US_standard,5,3,6,CS	0	15:59:31.182	Trade	2018.12.18 05:00:00   buy stop 6.02 USDJPY.DWX at 112.837 sl: 112.650 (112.650 / 112.651),D:\QM\reports\work_items\2fc84747-27db-5e88-9568-3fdda6c30769\QM5_41398\20260909_135814\raw\run_01\20260909.log
63666,2018-12-18,sell,True,112.650,112.837,112.837,112.650,112.650,112.651,False,False,False,2018-12-18T05:00:00,2018-12-18T03:00:00Z,winter_US_standard,5,3,6,CS	0	15:59:31.183	Trade	2018.12.18 05:00:00   sell stop 6.03 USDJPY.DWX at 112.650 sl: 112.837 (112.650 / 112.651),D:\QM\reports\work_items\2fc84747-27db-5e88-9568-3fdda6c30769\QM5_41398\20260909_135814\raw\run_01\20260909.log
63680,2018-12-21,buy,True,111.326,111.087,111.326,111.087,111.247,111.251,False,False,False,2018-12-21T05:00:00,2018-12-21T03:00:00Z,winter_US_standard,5,3,6,CS	0	15:59:32.679	Trade	2018.12.21 05:00:00   buy stop 4.64 USDJPY.DWX at 111.326 sl: 111.087 (111.247 / 111.251),D:\QM\reports\work_items\2fc84747-27db-5e88-9568-3fdda6c30769\QM5_41398\20260909_135814\raw\run_01\20260909.log
63681,2018-12-21,sell,True,111.087,111.326,111.326,111.087,111.247,111.251,False,False,False,2018-12-21T05:00:00,2018-12-21T03:00:00Z,winter_US_standard,5,3,6,CS	0	15:59:32.679	Trade	2018.12.21 05:00:00   sell stop 4.65 USDJPY.DWX at 111.087 sl: 111.326 (111.247 / 111.251),D:\QM\reports\work_items\2fc84747-27db-5e88-9568-3fdda6c30769\QM5_41398\20260909_135814\raw\run_01\20260909.log
63691,2018-12-24,buy,True,111.124,110.999,111.124,110.999,111.066,111.071,False,False,False,2018-12-24T05:00:00,2018-12-24T03:00:00Z,winter_US_standard,5,3,6,CS	0	15:59:33.328	Trade	2018.12.24 05:00:00   buy stop 8.88 USDJPY.DWX at 111.124 sl: 110.999 (111.066 / 111.071),D:\QM\reports\work_items\2fc84747-27db-5e88-9568-3fdda6c30769\QM5_41398\20260909_135814\raw\run_01\20260909.log
63692,2018-12-24,sell,True,110.999,111.124,111.124,110.999,111.066,111.071,False,False,False,2018-12-24T05:00:00,2018-12-24T03:00:00Z,winter_US_standard,5,3,6,CS	0	15:59:33.328	Trade	2018.12.24 05:00:00   sell stop 8.88 USDJPY.DWX at 110.999 sl: 111.124 (111.066 / 111.071),D:\QM\reports\work_items\2fc84747-27db-5e88-9568-3fdda6c30769\QM5_41398\20260909_135814\raw\run_01\20260909.log
63702,2018-12-26,buy,True,110.673,110.337,110.673,110.337,110.451,110.457,False,False,False,2018-12-26T05:00:03,2018-12-26T03:00:03Z,winter_US_standard,5,3,6,CS	0	15:59:33.912	Trade	2018.12.26 05:00:03   buy stop 3.28 USDJPY.DWX at 110.673 sl: 110.337 (110.451 / 110.457),D:\QM\reports\work_items\2fc84747-27db-5e88-9568-3fdda6c30769\QM5_41398\20260909_135814\raw\run_01\20260909.log
63703,2018-12-26,sell,True,110.337,110.673,110.673,110.337,110.451,110.457,False,False,False,2018-12-26T05:00:03,2018-12-26T03:00:03Z,winter_US_standard,5,3,6,CS	0	15:59:33.912	Trade	2018.12.26 05:00:03   sell stop 3.29 USDJPY.DWX at 110.337 sl: 110.673 (110.451 / 110.457),D:\QM\reports\work_items\2fc84747-27db-5e88-9568-3fdda6c30769\QM5_41398\20260909_135814\raw\run_01\20260909.log
63713,2018-12-27,buy,True,111.231,110.901,111.231,110.901,110.961,110.965,False,False,False,2018-12-27T05:00:00,2018-12-27T03:00:00Z,winter_US_standard,5,3,6,CS	0	15:59:34.407	Trade	2018.12.27 05:00:00   buy stop 3.36 USDJPY.DWX at 111.231 sl: 110.901 (110.961 / 110.965),D:\QM\reports\work_items\2fc84747-27db-5e88-9568-3fdda6c30769\QM5_41398\20260909_135814\raw\run_01\20260909.log
63714,2018-12-27,sell,True,110.901,111.231,111.231,110.901,110.961,110.965,False,False,False,2018-12-27T05:00:00,2018-12-27T03:00:00Z,winter_US_standard,5,3,6,CS	0	15:59:34.407	Trade	2018.12.27 05:00:00   sell stop 3.37 USDJPY.DWX at 110.901 sl: 111.231 (110.961 / 110.965),D:\QM\reports\work_items\2fc84747-27db-5e88-9568-3fdda6c30769\QM5_41398\20260909_135814\raw\run_01\20260909.log
63724,2018-12-28,buy,True,110.941,110.520,110.941,110.520,110.596,110.600,False,False,False,2018-12-28T05:00:00,2018-12-28T03:00:00Z,winter_US_standard,5,3,6,CS	0	15:59:35.029	Trade	2018.12.28 05:00:00   buy stop 2.62 USDJPY.DWX at 110.941 sl: 110.520 (110.596 / 110.600),D:\QM\reports\work_items\2fc84747-27db-5e88-9568-3fdda6c30769\QM5_41398\20260909_135814\raw\run_01\20260909.log
63725,2018-12-28,sell,True,110.520,110.941,110.941,110.520,110.596,110.600,False,False,False,2018-12-28T05:00:00,2018-12-28T03:00:00Z,winter_US_standard,5,3,6,CS	0	15:59:35.030	Trade	2018.12.28 05:00:00   sell stop 2.63 USDJPY.DWX at 110.520 sl: 110.941 (110.596 / 110.600),D:\QM\reports\work_items\2fc84747-27db-5e88-9568-3fdda6c30769\QM5_41398\20260909_135814\raw\run_01\20260909.log
63735,2018-12-31,buy,True,110.473,110.308,110.473,110.308,110.452,110.457,False,False,False,2018-12-31T05:00:00,2018-12-31T03:00:00Z,winter_US_standard,5,3,6,CS	0	15:59:35.587	Trade	2018.12.31 05:00:00   buy stop 6.68 USDJPY.DWX at 110.473 sl: 110.308 (110.452 / 110.457),D:\QM\reports\work_items\2fc84747-27db-5e88-9568-3fdda6c30769\QM5_41398\20260909_135814\raw\run_01\20260909.log
63736,2018-12-31,sell,True,110.308,110.473,110.473,110.308,110.452,110.457,False,False,False,2018-12-31T05:00:00,2018-12-31T03:00:00Z,winter_US_standard,5,3,6,CS	0	15:59:35.587	Trade	2018.12.31 05:00:00   sell stop 6.69 USDJPY.DWX at 110.308 sl: 110.473 (110.452 / 110.457),D:\QM\reports\work_items\2fc84747-27db-5e88-9568-3fdda6c30769\QM5_41398\20260909_135814\raw\run_01\20260909.log
63753,2019-01-03,buy,True,107.853,107.072,107.853,107.072,107.134,107.138,False,False,False,2019-01-03T05:00:00,2019-01-03T03:00:00Z,winter_US_standard,5,3,6,CS	0	15:59:36.585	Trade	2019.01.03 05:00:00   buy stop 1.37 USDJPY.DWX at 107.853 sl: 107.072 (107.134 / 107.138),D:\QM\reports\work_items\2fc84747-27db-5e88-9568-3fdda6c30769\QM5_41398\20260909_135814\raw\run_01\20260909.log
63754,2019-01-03,sell,True,107.072,107.853,107.853,107.072,107.134,107.138,False,False,False,2019-01-03T05:00:00,2019-01-03T03:00:00Z,winter_US_standard,5,3,6,CS	0	15:59:36.585	Trade	2019.01.03 05:00:00   sell stop 1.38 USDJPY.DWX at 107.072 sl: 107.853 (107.134 / 107.138),D:\QM\reports\work_items\2fc84747-27db-5e88-9568-3fdda6c30769\QM5_41398\20260909_135814\raw\run_01\20260909.log
63764,2019-01-04,buy,True,108.193,107.512,108.193,107.512,108.110,108.118,False,False,False,2019-01-04T05:00:00,2019-01-04T03:00:00Z,winter_US_standard,5,3,6,CS	0	15:59:37.544	Trade	2019.01.04 05:00:00   buy stop 1.57 USDJPY.DWX at 108.193 sl: 107.512 (108.110 / 108.118),D:\QM\reports\work_items\2fc84747-27db-5e88-9568-3fdda6c30769\QM5_41398\20260909_135814\raw\run_01\20260909.log
63765,2019-01-04,sell,True,107.512,108.193,108.193,107.512,108.110,108.118,False,False,False,2019-01-04T05:00:00,2019-01-04T03:00:00Z,winter_US_standard,5,3,6,CS	0	15:59:37.544	Trade	2019.01.04 05:00:00   sell stop 1.58 USDJPY.DWX at 107.512 sl: 108.193 (108.110 / 108.118),D:\QM\reports\work_items\2fc84747-27db-5e88-9568-3fdda6c30769\QM5_41398\20260909_135814\raw\run_01\20260909.log
63775,2019-01-07,buy,True,108.605,108.234,108.605,108.234,108.235,108.239,False,False,False,2019-01-07T05:00:00,2019-01-07T03:00:00Z,winter_US_standard,5,3,6,CS	0	15:59:38.318	Trade	2019.01.07 05:00:00   buy stop 2.91 USDJPY.DWX at 108.605 sl: 108.234 (108.235 / 108.239),D:\QM\reports\work_items\2fc84747-27db-5e88-9568-3fdda6c30769\QM5_41398\20260909_135814\raw\run_01\20260909.log
63776,2019-01-07,sell,True,108.234,108.605,108.605,108.234,108.235,108.239,False,False,False,2019-01-07T05:00:00,2019-01-07T03:00:00Z,winter_US_standard,5,3,6,CS	0	15:59:38.319	Trade	2019.01.07 05:00:00   sell stop 2.92 USDJPY.DWX at 108.234 sl: 108.605 (108.235 / 108.239),D:\QM\reports\work_items\2fc84747-27db-5e88-9568-3fdda6c30769\QM5_41398\20260909_135814\raw\run_01\20260909.log
63786,2019-01-08,buy,True,108.773,108.512,108.773,108.512,108.712,108.715,False,False,False,2019-01-08T05:00:00,2019-01-08T03:00:00Z,winter_US_standard,5,3,6,CS	0	15:59:38.841	Trade	2019.01.08 05:00:00   buy stop 4.15 USDJPY.DWX at 108.773 sl: 108.512 (108.712 / 108.715),D:\QM\reports\work_items\2fc84747-27db-5e88-9568-3fdda6c30769\QM5_41398\20260909_135814\raw\run_01\20260909.log
63787,2019-01-08,sell,True,108.512,108.773,108.773,108.512,108.712,108.715,False,False,False,2019-01-08T05:00:00,2019-01-08T03:00:00Z,winter_US_standard,5,3,6,CS	0	15:59:38.841	Trade	2019.01.08 05:00:00   sell stop 4.16 USDJPY.DWX at 108.512 sl: 108.773 (108.712 / 108.715),D:\QM\reports\work_items\2fc84747-27db-5e88-9568-3fdda6c30769\QM5_41398\20260909_135814\raw\run_01\20260909.log
63799,2019-01-09,buy,True,109.003,108.680,109.003,108.680,108.907,108.913,False,False,False,2019-01-09T05:00:00,2019-01-09T03:00:00Z,winter_US_standard,5,3,6,CS	0	15:59:39.254	Trade	2019.01.09 05:00:00   buy stop 3.36 USDJPY.DWX at 109.003 sl: 108.680 (108.907 / 108.913),D:\QM\reports\work_items\2fc84747-27db-5e88-9568-3fdda6c30769\QM5_41398\20260909_135814\raw\run_01\20260909.log
63800,2019-01-09,sell,True,108.680,109.003,109.003,108.680,108.907,108.913,False,False,False,2019-01-09T05:00:00,2019-01-09T03:00:00Z,winter_US_standard,5,3,6,CS	0	15:59:39.254	Trade	2019.01.09 05:00:00   sell stop 3.37 USDJPY.DWX at 108.680 sl: 109.003 (108.907 / 108.913),D:\QM\reports\work_items\2fc84747-27db-5e88-9568-3fdda6c30769\QM5_41398\20260909_135814\raw\run_01\20260909.log
63810,2019-01-10,buy,True,108.257,107.843,108.257,107.843,107.970,107.975,False,False,False,2019-01-10T05:00:00,2019-01-10T03:00:00Z,winter_US_standard,5,3,6,CS	0	15:59:39.642	Trade	2019.01.10 05:00:00   buy stop 2.6 USDJPY.DWX at 108.257 sl: 107.843 (107.970 / 107.975),D:\QM\reports\work_items\2fc84747-27db-5e88-9568-3fdda6c30769\QM5_41398\20260909_135814\raw\run_01\20260909.log
63811,2019-01-10,sell,True,107.843,108.257,108.257,107.843,107.970,107.975,False,False,False,2019-01-10T05:00:00,2019-01-10T03:00:00Z,winter_US_standard,5,3,6,CS	0	15:59:39.642	Trade	2019.01.10 05:00:00   sell stop 2.61 USDJPY.DWX at 107.843 sl: 108.257 (107.970 / 107.975),D:\QM\reports\work_items\2fc84747-27db-5e88-9568-3fdda6c30769\QM5_41398\20260909_135814\raw\run_01\20260909.log
63821,2019-01-11,buy,True,108.472,108.250,108.472,108.250,108.308,108.312,False,False,False,2019-01-11T05:00:01,2019-01-11T03:00:01Z,winter_US_standard,5,3,6,CS	0	15:59:40.094	Trade	2019.01.11 05:00:01   buy stop 4.87 USDJPY.DWX at 108.472 sl: 108.250 (108.308 / 108.312),D:\QM\reports\work_items\2fc84747-27db-5e88-9568-3fdda6c30769\QM5_41398\20260909_135814\raw\run_01\20260909.log
63822,2019-01-11,sell,True,108.250,108.472,108.472,108.250,108.308,108.312,False,False,False,2019-01-11T05:00:01,2019-01-11T03:00:01Z,winter_US_standard,5,3,6,CS	0	15:59:40.095	Trade	2019.01.11 05:00:01   sell stop 4.88 USDJPY.DWX at 108.250 sl: 108.472 (108.308 / 108.312),D:\QM\reports\work_items\2fc84747-27db-5e88-9568-3fdda6c30769\QM5_41398\20260909_135814\raw\run_01\20260909.log
63832,2019-01-14,buy,True,108.481,108.166,108.481,108.166,108.228,108.232,False,False,False,2019-01-14T05:00:00,2019-01-14T03:00:00Z,winter_US_standard,5,3,6,CS	0	15:59:40.377	Trade	2019.01.14 05:00:00   buy stop 3.43 USDJPY.DWX at 108.481 sl: 108.166 (108.228 / 108.232),D:\QM\reports\work_items\2fc84747-27db-5e88-9568-3fdda6c30769\QM5_41398\20260909_135814\raw\run_01\20260909.log
63833,2019-01-14,sell,True,108.166,108.481,108.481,108.166,108.228,108.232,False,False,False,2019-01-14T05:00:00,2019-01-14T03:00:00Z,winter_US_standard,5,3,6,CS	0	15:59:40.377	Trade	2019.01.14 05:00:00   sell stop 3.44 USDJPY.DWX at 108.166 sl: 108.481 (108.228 / 108.232),D:\QM\reports\work_items\2fc84747-27db-5e88-9568-3fdda6c30769\QM5_41398\20260909_135814\raw\run_01\20260909.log
63843,2019-01-15,buy,True,108.470,108.195,108.470,108.195,108.461,108.465,False,False,False,2019-01-15T05:00:00,2019-01-15T03:00:00Z,winter_US_standard,5,3,6,CS	0	15:59:40.721	Trade	2019.01.15 05:00:00   buy stop 3.93 USDJPY.DWX at 108.470 sl: 108.195 (108.461 / 108.465),D:\QM\reports\work_items\2fc84747-27db-5e88-9568-3fdda6c30769\QM5_41398\20260909_135814\raw\run_01\20260909.log
63844,2019-01-15,sell,True,108.195,108.470,108.470,108.195,108.461,108.465,False,False,False,2019-01-15T05:00:00,2019-01-15T03:00:00Z,winter_US_standard,5,3,6,CS	0	15:59:40.721	Trade	2019.01.15 05:00:00   sell stop 3.94 USDJPY.DWX at 108.195 sl: 108.470 (108.461 / 108.465),D:\QM\reports\work_items\2fc84747-27db-5e88-9568-3fdda6c30769\QM5_41398\20260909_135814\raw\run_01\20260909.log
63858,2019-01-16,buy,True,108.670,108.370,108.670,108.370,108.499,108.503,False,False,False,2019-01-16T05:00:02,2019-01-16T03:00:02Z,winter_US_standard,5,3,6,CS	0	15:59:41.114	Trade	2019.01.16 05:00:02   buy stop 3.61 USDJPY.DWX at 108.670 sl: 108.370 (108.499 / 108.503),D:\QM\reports\work_items\2fc84747-27db-5e88-9568-3fdda6c30769\QM5_41398\20260909_135814\raw\run_01\20260909.log
63859,2019-01-16,sell,True,108.370,108.670,108.670,108.370,108.499,108.503,False,False,False,2019-01-16T05:00:02,2019-01-16T03:00:02Z,winter_US_standard,5,3,6,CS	0	15:59:41.115	Trade	2019.01.16 05:00:02   sell stop 3.62 USDJPY.DWX at 108.370 sl: 108.670 (108.499 / 108.503),D:\QM\reports\work_items\2fc84747-27db-5e88-9568-3fdda6c30769\QM5_41398\20260909_135814\raw\run_01\20260909.log
63869,2019-01-18,buy,True,109.397,109.129,109.397,109.129,109.340,109.344,False,False,False,2019-01-18T05:00:00,2019-01-18T03:00:00Z,winter_US_standard,5,3,6,CS	0	15:59:41.793	Trade	2019.01.18 05:00:00   buy stop 4.07 USDJPY.DWX at 109.397 sl: 109.129 (109.340 / 109.344),D:\QM\reports\work_items\2fc84747-27db-5e88-9568-3fdda6c30769\QM5_41398\20260909_135814\raw\run_01\20260909.log
63870,2019-01-18,sell,True,109.129,109.397,109.397,109.129,109.340,109.344,False,False,False,2019-01-18T05:00:00,2019-01-18T03:00:00Z,winter_US_standard,5,3,6,CS	0	15:59:41.793	Trade	2019.01.18 05:00:00   sell stop 4.08 USDJPY.DWX at 109.129 sl: 109.397 (109.340 / 109.344),D:\QM\reports\work_items\2fc84747-27db-5e88-9568-3fdda6c30769\QM5_41398\20260909_135814\raw\run_01\20260909.log
63880,2019-01-21,buy,True,109.720,109.474,109.720,109.474,109.702,109.707,False,False,False,2019-01-21T05:00:00,2019-01-21T03:00:00Z,winter_US_standard,5,3,6,CS	0	15:59:42.203	Trade	2019.01.21 05:00:00   buy stop 4.45 USDJPY.DWX at 109.720 sl: 109.474 (109.702 / 109.707),D:\QM\reports\work_items\2fc84747-27db-5e88-9568-3fdda6c30769\QM5_41398\20260909_135814\raw\run_01\20260909.log
63881,2019-01-21,sell,True,109.474,109.720,109.720,109.474,109.702,109.707,False,False,False,2019-01-21T05:00:00,2019-01-21T03:00:00Z,winter_US_standard,5,3,6,CS	0	15:59:42.203	Trade	2019.01.21 05:00:00   sell stop 4.46 USDJPY.DWX at 109.474 sl: 109.720 (109.702 / 109.707),D:\QM\reports\work_items\2fc84747-27db-5e88-9568-3fdda6c30769\QM5_41398\20260909_135814\raw\run_01\20260909.log
63884,2019-01-24,buy,True,109.640,109.434,109.640,109.434,109.528,109.532,False,False,False,2019-01-24T05:00:00,2019-01-24T03:00:00Z,winter_US_standard,5,3,6,CS	0	15:59:42.912	Trade	2019.01.24 05:00:00   buy stop 5.31 USDJPY.DWX at 109.640 sl: 109.434 (109.528 / 109.532),D:\QM\reports\work_items\2fc84747-27db-5e88-9568-3fdda6c30769\QM5_41398\20260909_135814\raw\run_01\20260909.log
63885,2019-01-24,sell,True,109.434,109.640,109.640,109.434,109.528,109.532,False,False,False,2019-01-24T05:00:00,2019-01-24T03:00:00Z,winter_US_standard,5,3,6,CS	0	15:59:42.912	Trade	2019.01.24 05:00:00   sell stop 5.32 USDJPY.DWX at 109.434 sl: 109.640 (109.528 / 109.532),D:\QM\reports\work_items\2fc84747-27db-5e88-9568-3fdda6c30769\QM5_41398\20260909_135814\raw\run_01\20260909.log
63895,2019-01-25,buy,True,109.793,109.583,109.793,109.583,109.703,109.706,False,False,False,2019-01-25T05:00:01,2019-01-25T03:00:01Z,winter_US_standard,5,3,6,CS	0	15:59:43.319	Trade	2019.01.25 05:00:01   buy stop 5.21 USDJPY.DWX at 109.793 sl: 109.583 (109.703 / 109.706),D:\QM\reports\work_items\2fc84747-27db-5e88-9568-3fdda6c30769\QM5_41398\20260909_135814\raw\run_01\20260909.log
63896,2019-01-25,sell,True,109.583,109.793,109.793,109.583,109.703,109.706,False,False,False,2019-01-25T05:00:01,2019-01-25T03:00:01Z,winter_US_standard,5,3,6,CS	0	15:59:43.320	Trade	2019.01.25 05:00:01   sell stop 5.22 USDJPY.DWX at 109.583 sl: 109.793 (109.703 / 109.706),D:\QM\reports\work_items\2fc84747-27db-5e88-9568-3fdda6c30769\QM5_41398\20260909_135814\raw\run_01\20260909.log
63906,2019-01-28,buy,True,109.448,109.264,109.448,109.264,109.321,109.326,False,False,False,2019-01-28T05:00:00,2019-01-28T03:00:00Z,winter_US_standard,5,3,6,CS	0	15:59:43.667	Trade	2019.01.28 05:00:00   buy stop 5.93 USDJPY.DWX at 109.448 sl: 109.264 (109.321 / 109.326),D:\QM\reports\work_items\2fc84747-27db-5e88-9568-3fdda6c30769\QM5_41398\20260909_135814\raw\run_01\20260909.log
63907,2019-01-28,sell,True,109.264,109.448,109.448,109.264,109.321,109.326,False,False,False,2019-01-28T05:00:00,2019-01-28T03:00:00Z,winter_US_standard,5,3,6,CS	0	15:59:43.668	Trade	2019.01.28 05:00:00   sell stop 5.94 USDJPY.DWX at 109.264 sl: 109.448 (109.321 / 109.326),D:\QM\reports\work_items\2fc84747-27db-5e88-9568-3fdda6c30769\QM5_41398\20260909_135814\raw\run_01\20260909.log
63917,2019-01-29,buy,True,109.306,109.129,109.306,109.129,109.200,109.204,False,False,False,2019-01-29T05:00:00,2019-01-29T03:00:00Z,winter_US_standard,5,3,6,CS	0	15:59:43.997	Trade	2019.01.29 05:00:00   buy stop 6.16 USDJPY.DWX at 109.306 sl: 109.129 (109.200 / 109.204),D:\QM\reports\work_items\2fc84747-27db-5e88-9568-3fdda6c30769\QM5_41398\20260909_135814\raw\run_01\20260909.log
63918,2019-01-29,sell,True,109.129,109.306,109.306,109.129,109.200,109.204,False,False,False,2019-01-29T05:00:00,2019-01-29T03:00:00Z,winter_US_standard,5,3,6,CS	0	15:59:43.998	Trade	2019.01.29 05:00:00   sell stop 6.17 USDJPY.DWX at 109.129 sl: 109.306 (109.200 / 109.204),D:\QM\reports\work_items\2fc84747-27db-5e88-9568-3fdda6c30769\QM5_41398\20260909_135814\raw\run_01\20260909.log
63930,2019-01-30,buy,True,109.428,109.211,109.428,109.211,109.273,109.277,False,False,False,2019-01-30T05:00:00,2019-01-30T03:00:00Z,winter_US_standard,5,3,6,CS	0	15:59:44.285	Trade	2019.01.30 05:00:00   buy stop 5.03 USDJPY.DWX at 109.428 sl: 109.211 (109.273 / 109.277),D:\QM\reports\work_items\2fc84747-27db-5e88-9568-3fdda6c30769\QM5_41398\20260909_135814\raw\run_01\20260909.log
63931,2019-01-30,sell,True,109.211,109.428,109.428,109.211,109.273,109.277,False,False,False,2019-01-30T05:00:00,2019-01-30T03:00:00Z,winter_US_standard,5,3,6,CS	0	15:59:44.286	Trade	2019.01.30 05:00:00   sell stop 5.04 USDJPY.DWX at 109.211 sl: 109.428 (109.273 / 109.277),D:\QM\reports\work_items\2fc84747-27db-5e88-9568-3fdda6c30769\QM5_41398\20260909_135814\raw\run_01\20260909.log
63943,2019-01-31,buy,True,109.002,108.840,109.002,108.840,108.867,108.869,False,False,False,2019-01-31T05:00:01,2019-01-31T03:00:01Z,winter_US_standard,5,3,6,CS	0	15:59:44.513	Trade	2019.01.31 05:00:01   buy stop 6.71 USDJPY.DWX at 109.002 sl: 108.840 (108.867 / 108.869),D:\QM\reports\work_items\2fc84747-27db-5e88-9568-3fdda6c30769\QM5_41398\20260909_135814\raw\run_01\20260909.log
63944,2019-01-31,sell,True,108.840,109.002,109.002,108.840,108.867,108.869,False,False,False,2019-01-31T05:00:01,2019-01-31T03:00:01Z,winter_US_standard,5,3,6,CS	0	15:59:44.514	Trade	2019.01.31 05:00:01   sell stop 6.72 USDJPY.DWX at 108.840 sl: 109.002 (108.867 / 108.869),D:\QM\reports\work_items\2fc84747-27db-5e88-9568-3fdda6c30769\QM5_41398\20260909_135814\raw\run_01\20260909.log
63957,2019-02-01,buy,True,108.967,108.725,108.967,108.725,108.917,108.921,False,False,False,2019-02-01T05:00:00,2019-02-01T03:00:00Z,winter_US_standard,5,3,6,CS	0	15:59:44.800	Trade	2019.02.01 05:00:00   buy stop 4.49 USDJPY.DWX at 108.967 sl: 108.725 (108.917 / 108.921),D:\QM\reports\work_items\2fc84747-27db-5e88-9568-3fdda6c30769\QM5_41398\20260909_135814\raw\run_01\20260909.log
63958,2019-02-01,sell,True,108.725,108.967,108.967,108.725,108.917,108.921,False,False,False,2019-02-01T05:00:00,2019-02-01T03:00:00Z,winter_US_standard,5,3,6,CS	0	15:59:44.800	Trade	2019.02.01 05:00:00   sell stop 4.5 USDJPY.DWX at 108.725 sl: 108.967 (108.917 / 108.921),D:\QM\reports\work_items\2fc84747-27db-5e88-9568-3fdda6c30769\QM5_41398\20260909_135814\raw\run_01\20260909.log
63969,2019-02-04,buy,True,109.603,109.440,109.603,109.440,109.564,109.567,False,False,False,2019-02-04T05:00:01,2019-02-04T03:00:01Z,winter_US_standard,5,3,6,CS	0	15:59:45.045	Trade	2019.02.04 05:00:01   buy stop 6.71 USDJPY.DWX at 109.603 sl: 109.440 (109.564 / 109.567),D:\QM\reports\work_items\2fc84747-27db-5e88-9568-3fdda6c30769\QM5_41398\20260909_135814\raw\run_01\20260909.log
63970,2019-02-04,sell,True,109.440,109.603,109.603,109.440,109.564,109.567,False,False,False,2019-02-04T05:00:01,2019-02-04T03:00:01Z,winter_US_standard,5,3,6,CS	0	15:59:45.045	Trade	2019.02.04 05:00:01   sell stop 6.72 USDJPY.DWX at 109.440 sl: 109.603 (109.564 / 109.567),D:\QM\reports\work_items\2fc84747-27db-5e88-9568-3fdda6c30769\QM5_41398\20260909_135814\raw\run_01\20260909.log
63988,2019-02-05,buy,True,110.040,109.931,110.040,109.931,109.974,109.978,False,False,False,2019-02-05T05:00:00,2019-02-05T03:00:00Z,winter_US_standard,5,3,6,CS	0	15:59:45.303	Trade	2019.02.05 05:00:00   buy stop 10.08 USDJPY.DWX at 110.040 sl: 109.931 (109.974 / 109.978),D:\QM\reports\work_items\2fc84747-27db-5e88-9568-3fdda6c30769\QM5_41398\20260909_135814\raw\run_01\20260909.log
63989,2019-02-05,sell,True,109.931,110.040,110.040,109.931,109.974,109.978,False,False,False,2019-02-05T05:00:00,2019-02-05T03:00:00Z,winter_US_standard,5,3,6,CS	0	15:59:45.304	Trade	2019.02.05 05:00:00   sell stop 10.09 USDJPY.DWX at 109.931 sl: 110.040 (109.974 / 109.978),D:\QM\reports\work_items\2fc84747-27db-5e88-9568-3fdda6c30769\QM5_41398\20260909_135814\raw\run_01\20260909.log
64002,2019-02-08,buy,True,109.841,109.647,109.841,109.647,109.762,109.766,False,False,False,2019-02-08T05:00:00,2019-02-08T03:00:00Z,winter_US_standard,5,3,6,CS	0	15:59:45.864	Trade	2019.02.08 05:00:00   buy stop 5.65 USDJPY.DWX at 109.841 sl: 109.647 (109.762 / 109.766),D:\QM\reports\work_items\2fc84747-27db-5e88-9568-3fdda6c30769\QM5_41398\20260909_135814\raw\run_01\20260909.log
64003,2019-02-08,sell,True,109.647,109.841,109.841,109.647,109.762,109.766,False,False,False,2019-02-08T05:00:00,2019-02-08T03:00:00Z,winter_US_standard,5,3,6,CS	0	15:59:45.864	Trade	2019.02.08 05:00:00   sell stop 5.66 USDJPY.DWX at 109.647 sl: 109.841 (109.762 / 109.766),D:\QM\reports\work_items\2fc84747-27db-5e88-9568-3fdda6c30769\QM5_41398\20260909_135814\raw\run_01\20260909.log
64013,2019-02-11,buy,False,109.899,109.773,109.899,109.773,,,,,True,2019-02-11T05:00:00,2019-02-11T03:00:00Z,winter_US_standard,5,3,6,CS	2	15:59:46.086	Trades	2019.02.11 05:00:00   failed buy stop 8.71 USDJPY.DWX at 109.899 sl: 109.773 [Invalid price],D:\QM\reports\work_items\2fc84747-27db-5e88-9568-3fdda6c30769\QM5_41398\20260909_135814\raw\run_01\20260909.log
64014,2019-02-11,sell,True,109.773,109.899,109.899,109.773,109.895,109.900,True,False,False,2019-02-11T05:00:00,2019-02-11T03:00:00Z,winter_US_standard,5,3,6,CS	0	15:59:46.086	Trade	2019.02.11 05:00:00   sell stop 8.72 USDJPY.DWX at 109.773 sl: 109.899 (109.895 / 109.900),D:\QM\reports\work_items\2fc84747-27db-5e88-9568-3fdda6c30769\QM5_41398\20260909_135814\raw\run_01\20260909.log
64016,2019-02-12,buy,True,110.541,110.346,110.541,110.346,110.477,110.480,False,False,False,2019-02-12T05:00:00,2019-02-12T03:00:00Z,winter_US_standard,5,3,6,CS	0	15:59:46.364	Trade	2019.02.12 05:00:00   buy stop 5.65 USDJPY.DWX at 110.541 sl: 110.346 (110.477 / 110.480),D:\QM\reports\work_items\2fc84747-27db-5e88-9568-3fdda6c30769\QM5_41398\20260909_135814\raw\run_01\20260909.log
64017,2019-02-12,sell,True,110.346,110.541,110.541,110.346,110.477,110.480,False,False,False,2019-02-12T05:00:00,2019-02-12T03:00:00Z,winter_US_standard,5,3,6,CS	0	15:59:46.364	Trade	2019.02.12 05:00:00   sell stop 5.66 USDJPY.DWX at 110.346 sl: 110.541 (110.477 / 110.480),D:\QM\reports\work_items\2fc84747-27db-5e88-9568-3fdda6c30769\QM5_41398\20260909_135814\raw\run_01\20260909.log
64027,2019-02-13,buy,True,110.640,110.496,110.640,110.496,110.617,110.621,False,False,False,2019-02-13T05:00:00,2019-02-13T03:00:00Z,winter_US_standard,5,3,6,CS	0	15:59:46.632	Trade	2019.02.13 05:00:00   buy stop 7.67 USDJPY.DWX at 110.640 sl: 110.496 (110.617 / 110.621),D:\QM\reports\work_items\2fc84747-27db-5e88-9568-3fdda6c30769\QM5_41398\20260909_135814\raw\run_01\20260909.log
64028,2019-02-13,sell,True,110.496,110.640,110.640,110.496,110.617,110.621,False,False,False,2019-02-13T05:00:00,2019-02-13T03:00:00Z,winter_US_standard,5,3,6,CS	0	15:59:46.632	Trade	2019.02.13 05:00:00   sell stop 7.68 USDJPY.DWX at 110.496 sl: 110.640 (110.617 / 110.621),D:\QM\reports\work_items\2fc84747-27db-5e88-9568-3fdda6c30769\QM5_41398\20260909_135814\raw\run_01\20260909.log
64039,2019-02-14,buy,True,111.056,110.864,111.056,110.864,110.963,110.968,False,False,False,2019-02-14T05:00:00,2019-02-14T03:00:00Z,winter_US_standard,5,3,6,CS	0	15:59:46.896	Trade	2019.02.14 05:00:00   buy stop 5.77 USDJPY.DWX at 111.056 sl: 110.864 (110.963 / 110.968),D:\QM\reports\work_items\2fc84747-27db-5e88-9568-3fdda6c30769\QM5_41398\20260909_135814\raw\run_01\20260909.log
64040,2019-02-14,sell,True,110.864,111.056,111.056,110.864,110.963,110.968,False,False,False,2019-02-14T05:00:00,2019-02-14T03:00:00Z,winter_US_standard,5,3,6,CS	0	15:59:46.896	Trade	2019.02.14 05:00:00   sell stop 5.78 USDJPY.DWX at 110.864 sl: 111.056 (110.963 / 110.968),D:\QM\reports\work_items\2fc84747-27db-5e88-9568-3fdda6c30769\QM5_41398\20260909_135814\raw\run_01\20260909.log
64050,2019-02-15,buy,True,110.546,110.270,110.546,110.270,110.271,110.275,False,False,False,2019-02-15T05:00:00,2019-02-15T03:00:00Z,winter_US_standard,5,3,6,CS	0	15:59:47.269	Trade	2019.02.15 05:00:00   buy stop 3.99 USDJPY.DWX at 110.546 sl: 110.270 (110.271 / 110.275),D:\QM\reports\work_items\2fc84747-27db-5e88-9568-3fdda6c30769\QM5_41398\20260909_135814\raw\run_01\20260909.log
64051,2019-02-15,sell,True,110.270,110.546,110.546,110.270,110.271,110.275,False,False,False,2019-02-15T05:00:00,2019-02-15T03:00:00Z,winter_US_standard,5,3,6,CS	0	15:59:47.269	Trade	2019.02.15 05:00:00   sell stop 4 USDJPY.DWX at 110.270 sl: 110.546 (110.271 / 110.275),D:\QM\reports\work_items\2fc84747-27db-5e88-9568-3fdda6c30769\QM5_41398\20260909_135814\raw\run_01\20260909.log
64061,2019-02-18,buy,True,110.571,110.455,110.571,110.455,110.531,110.534,False,False,False,2019-02-18T05:00:00,2019-02-18T03:00:00Z,winter_US_standard,5,3,6,CS	0	15:59:47.585	Trade	2019.02.18 05:00:00   buy stop 9.52 USDJPY.DWX at 110.571 sl: 110.455 (110.531 / 110.534),D:\QM\reports\work_items\2fc84747-27db-5e88-9568-3fdda6c30769\QM5_41398\20260909_135814\raw\run_01\20260909.log
64062,2019-02-18,sell,True,110.455,110.571,110.571,110.455,110.531,110.534,False,False,False,2019-02-18T05:00:00,2019-02-18T03:00:00Z,winter_US_standard,5,3,6,CS	0	15:59:47.585	Trade	2019.02.18 05:00:00   sell stop 9.53 USDJPY.DWX at 110.455 sl: 110.571 (110.531 / 110.534),D:\QM\reports\work_items\2fc84747-27db-5e88-9568-3fdda6c30769\QM5_41398\20260909_135814\raw\run_01\20260909.log
64072,2019-02-21,buy,True,110.852,110.590,110.852,110.590,110.848,110.852,False,False,False,2019-02-21T05:00:00,2019-02-21T03:00:00Z,winter_US_standard,5,3,6,CS	0	15:59:48.231	Trade	2019.02.21 05:00:00   buy stop 4.22 USDJPY.DWX at 110.852 sl: 110.590 (110.848 / 110.852),D:\QM\reports\work_items\2fc84747-27db-5e88-9568-3fdda6c30769\QM5_41398\20260909_135814\raw\run_01\20260909.log
64073,2019-02-21,sell,True,110.590,110.852,110.852,110.590,110.848,110.852,False,False,False,2019-02-21T05:00:00,2019-02-21T03:00:00Z,winter_US_standard,5,3,6,CS	0	15:59:48.231	Trade	2019.02.21 05:00:00   sell stop 4.23 USDJPY.DWX at 110.590 sl: 110.852 (110.848 / 110.852),D:\QM\reports\work_items\2fc84747-27db-5e88-9568-3fdda6c30769\QM5_41398\20260909_135814\raw\run_01\20260909.log
64083,2019-02-22,buy,True,110.766,110.626,110.766,110.626,110.744,110.747,False,False,False,2019-02-22T05:00:01,2019-02-22T03:00:01Z,winter_US_standard,5,3,6,CS	0	15:59:48.531	Trade	2019.02.22 05:00:01   buy stop 7.9 USDJPY.DWX at 110.766 sl: 110.626 (110.744 / 110.747),D:\QM\reports\work_items\2fc84747-27db-5e88-9568-3fdda6c30769\QM5_41398\20260909_135814\raw\run_01\20260909.log
64084,2019-02-22,sell,True,110.626,110.766,110.766,110.626,110.744,110.747,False,False,False,2019-02-22T05:00:01,2019-02-22T03:00:01Z,winter_US_standard,5,3,6,CS	0	15:59:48.532	Trade	2019.02.22 05:00:01   sell stop 7.91 USDJPY.DWX at 110.626 sl: 110.766 (110.744 / 110.747),D:\QM\reports\work_items\2fc84747-27db-5e88-9568-3fdda6c30769\QM5_41398\20260909_135814\raw\run_01\20260909.log
64094,2019-02-25,buy,True,110.860,110.581,110.860,110.581,110.610,110.616,False,False,False,2019-02-25T05:00:00,2019-02-25T03:00:00Z,winter_US_standard,5,3,6,CS	0	15:59:48.791	Trade	2019.02.25 05:00:00   buy stop 3.96 USDJPY.DWX at 110.860 sl: 110.581 (110.610 / 110.616),D:\QM\reports\work_items\2fc84747-27db-5e88-9568-3fdda6c30769\QM5_41398\20260909_135814\raw\run_01\20260909.log
64095,2019-02-25,sell,True,110.581,110.860,110.860,110.581,110.610,110.616,False,False,False,2019-02-25T05:00:00,2019-02-25T03:00:00Z,winter_US_standard,5,3,6,CS	0	15:59:48.791	Trade	2019.02.25 05:00:00   sell stop 3.97 USDJPY.DWX at 110.581 sl: 110.860 (110.610 / 110.616),D:\QM\reports\work_items\2fc84747-27db-5e88-9568-3fdda6c30769\QM5_41398\20260909_135814\raw\run_01\20260909.log
64105,2019-02-27,buy,True,110.618,110.513,110.618,110.513,110.576,110.580,False,False,False,2019-02-27T05:00:04,2019-02-27T03:00:04Z,winter_US_standard,5,3,6,CS	0	15:59:49.225	Trade	2019.02.27 05:00:04   buy stop 10.52 USDJPY.DWX at 110.618 sl: 110.513 (110.576 / 110.580),D:\QM\reports\work_items\2fc84747-27db-5e88-9568-3fdda6c30769\QM5_41398\20260909_135814\raw\run_01\20260909.log
64106,2019-02-27,sell,True,110.513,110.618,110.618,110.513,110.576,110.580,False,False,False,2019-02-27T05:00:04,2019-02-27T03:00:04Z,winter_US_standard,5,3,6,CS	0	15:59:49.226	Trade	2019.02.27 05:00:04   sell stop 10.53 USDJPY.DWX at 110.513 sl: 110.618 (110.576 / 110.580),D:\QM\reports\work_items\2fc84747-27db-5e88-9568-3fdda6c30769\QM5_41398\20260909_135814\raw\run_01\20260909.log
64116,2019-02-28,buy,True,110.939,110.817,110.939,110.817,110.871,110.875,False,False,False,2019-02-28T05:00:00,2019-02-28T03:00:00Z,winter_US_standard,5,3,6,CS	0	15:59:49.411	Trade	2019.02.28 05:00:00   buy stop 9.08 USDJPY.DWX at 110.939 sl: 110.817 (110.871 / 110.875),D:\QM\reports\work_items\2fc84747-27db-5e88-9568-3fdda6c30769\QM5_41398\20260909_135814\raw\run_01\20260909.log
64117,2019-02-28,sell,True,110.817,110.939,110.939,110.817,110.871,110.875,False,False,False,2019-02-28T05:00:00,2019-02-28T03:00:00Z,winter_US_standard,5,3,6,CS	0	15:59:49.411	Trade	2019.02.28 05:00:00   sell stop 9.09 USDJPY.DWX at 110.817 sl: 110.939 (110.871 / 110.875),D:\QM\reports\work_items\2fc84747-27db-5e88-9568-3fdda6c30769\QM5_41398\20260909_135814\raw\run_01\20260909.log
64127,2019-03-04,buy,True,112.013,111.911,112.013,111.911,111.984,111.987,False,False,False,2019-03-04T05:00:04,2019-03-04T03:00:04Z,winter_US_standard,5,3,6,CS	0	15:59:49.757	Trade	2019.03.04 05:00:04   buy stop 10.97 USDJPY.DWX at 112.013 sl: 111.911 (111.984 / 111.987),D:\QM\reports\work_items\2fc84747-27db-5e88-9568-3fdda6c30769\QM5_41398\20260909_135814\raw\run_01\20260909.log
64128,2019-03-04,sell,True,111.911,112.013,112.013,111.911,111.984,111.987,False,False,False,2019-03-04T05:00:04,2019-03-04T03:00:04Z,winter_US_standard,5,3,6,CS	0	15:59:49.757	Trade	2019.03.04 05:00:04   sell stop 10.98 USDJPY.DWX at 111.911 sl: 112.013 (111.984 / 111.987),D:\QM\reports\work_items\2fc84747-27db-5e88-9568-3fdda6c30769\QM5_41398\20260909_135814\raw\run_01\20260909.log
64138,2019-03-05,buy,True,111.937,111.761,111.937,111.761,111.886,111.891,False,False,False,2019-03-05T05:00:03,2019-03-05T03:00:03Z,winter_US_standard,5,3,6,CS	0	15:59:50.025	Trade	2019.03.05 05:00:03   buy stop 6.35 USDJPY.DWX at 111.937 sl: 111.761 (111.886 / 111.891),D:\QM\reports\work_items\2fc84747-27db-5e88-9568-3fdda6c30769\QM5_41398\20260909_135814\raw\run_01\20260909.log
64139,2019-03-05,sell,True,111.761,111.937,111.937,111.761,111.886,111.891,False,False,False,2019-03-05T05:00:03,2019-03-05T03:00:03Z,winter_US_standard,5,3,6,CS	0	15:59:50.025	Trade	2019.03.05 05:00:03   sell stop 6.36 USDJPY.DWX at 111.761 sl: 111.937 (111.886 / 111.891),D:\QM\reports\work_items\2fc84747-27db-5e88-9568-3fdda6c30769\QM5_41398\20260909_135814\raw\run_01\20260909.log
64149,2019-03-06,buy,True,111.873,111.725,111.873,111.725,111.786,111.787,False,False,False,2019-03-06T05:00:05,2019-03-06T03:00:05Z,winter_US_standard,5,3,6,CS	0	15:59:50.253	Trade	2019.03.06 05:00:05   buy stop 7.54 USDJPY.DWX at 111.873 sl: 111.725 (111.786 / 111.787),D:\QM\reports\work_items\2fc84747-27db-5e88-9568-3fdda6c30769\QM5_41398\20260909_135814\raw\run_01\20260909.log
64150,2019-03-06,sell,True,111.725,111.873,111.873,111.725,111.786,111.787,False,False,False,2019-03-06T05:00:05,2019-03-06T03:00:05Z,winter_US_standard,5,3,6,CS	0	15:59:50.254	Trade	2019.03.06 05:00:05   sell stop 7.55 USDJPY.DWX at 111.725 sl: 111.873 (111.786 / 111.787),D:\QM\reports\work_items\2fc84747-27db-5e88-9568-3fdda6c30769\QM5_41398\20260909_135814\raw\run_01\20260909.log
64160,2019-03-07,buy,True,111.688,111.574,111.688,111.574,111.663,111.668,False,False,False,2019-03-07T05:00:01,2019-03-07T03:00:01Z,winter_US_standard,5,3,6,CS	0	15:59:50.468	Trade	2019.03.07 05:00:01   buy stop 9.78 USDJPY.DWX at 111.688 sl: 111.574 (111.663 / 111.668),D:\QM\reports\work_items\2fc84747-27db-5e88-9568-3fdda6c30769\QM5_41398\20260909_135814\raw\run_01\20260909.log
64161,2019-03-07,sell,True,111.574,111.688,111.688,111.574,111.663,111.668,False,False,False,2019-03-07T05:00:01,2019-03-07T03:00:01Z,winter_US_standard,5,3,6,CS	0	15:59:50.468	Trade	2019.03.07 05:00:01   sell stop 9.79 USDJPY.DWX at 111.574 sl: 111.688 (111.663 / 111.668),D:\QM\reports\work_items\2fc84747-27db-5e88-9568-3fdda6c30769\QM5_41398\20260909_135814\raw\run_01\20260909.log
64173,2019-03-08,buy,True,111.648,111.446,111.648,111.446,111.496,111.501,False,False,False,2019-03-08T05:00:00,2019-03-08T03:00:00Z,winter_US_standard,5,3,6,CS	0	15:59:50.743	Trade	2019.03.08 05:00:00   buy stop 5.51 USDJPY.DWX at 111.648 sl: 111.446 (111.496 / 111.501),D:\QM\reports\work_items\2fc84747-27db-5e88-9568-3fdda6c30769\QM5_41398\20260909_135814\raw\run_01\20260909.log
64174,2019-03-08,sell,True,111.446,111.648,111.648,111.446,111.496,111.501,False,False,False,2019-03-08T05:00:00,2019-03-08T03:00:00Z,winter_US_standard,5,3,6,CS	0	15:59:50.743	Trade	2019.03.08 05:00:00   sell stop 5.52 USDJPY.DWX at 111.446 sl: 111.648 (111.496 / 111.501),D:\QM\reports\work_items\2fc84747-27db-5e88-9568-3fdda6c30769\QM5_41398\20260909_135814\raw\run_01\20260909.log
64190,2019-03-11,buy,True,111.124,110.880,111.124,110.880,111.096,111.099,False,False,False,2019-03-11T06:00:00,2019-03-11T03:00:00Z,summer_US_DST,6,3,6,CS	0	15:59:51.058	Trade	2019.03.11 06:00:00   buy stop 4.54 USDJPY.DWX at 111.124 sl: 110.880 (111.096 / 111.099),D:\QM\reports\work_items\2fc84747-27db-5e88-9568-3fdda6c30769\QM5_41398\20260909_135814\raw\run_01\20260909.log
64191,2019-03-11,sell,True,110.880,111.124,111.124,110.880,111.096,111.099,False,False,False,2019-03-11T06:00:00,2019-03-11T03:00:00Z,summer_US_DST,6,3,6,CS	0	15:59:51.059	Trade	2019.03.11 06:00:00   sell stop 4.55 USDJPY.DWX at 110.880 sl: 111.124 (111.096 / 111.099),D:\QM\reports\work_items\2fc84747-27db-5e88-9568-3fdda6c30769\QM5_41398\20260909_135814\raw\run_01\20260909.log
64201,2019-03-12,buy,True,111.453,111.296,111.453,111.296,111.364,111.369,False,False,False,2019-03-12T06:00:00,2019-03-12T03:00:00Z,summer_US_DST,6,3,6,CS	0	15:59:51.323	Trade	2019.03.12 06:00:00   buy stop 7.08 USDJPY.DWX at 111.453 sl: 111.296 (111.364 / 111.369),D:\QM\reports\work_items\2fc84747-27db-5e88-9568-3fdda6c30769\QM5_41398\20260909_135814\raw\run_01\20260909.log
64202,2019-03-12,sell,True,111.296,111.453,111.453,111.296,111.364,111.369,False,False,False,2019-03-12T06:00:00,2019-03-12T03:00:00Z,summer_US_DST,6,3,6,CS	0	15:59:51.323	Trade	2019.03.12 06:00:00   sell stop 7.09 USDJPY.DWX at 111.296 sl: 111.453 (111.364 / 111.369),D:\QM\reports\work_items\2fc84747-27db-5e88-9568-3fdda6c30769\QM5_41398\20260909_135814\raw\run_01\20260909.log
64212,2019-03-13,buy,True,111.379,111.142,111.379,111.142,111.195,111.197,False,False,False,2019-03-13T06:00:00,2019-03-13T03:00:00Z,summer_US_DST,6,3,6,CS	0	15:59:51.534	Trade	2019.03.13 06:00:00   buy stop 4.68 USDJPY.DWX at 111.379 sl: 111.142 (111.195 / 111.197),D:\QM\reports\work_items\2fc84747-27db-5e88-9568-3fdda6c30769\QM5_41398\20260909_135814\raw\run_01\20260909.log
64213,2019-03-13,sell,True,111.142,111.379,111.379,111.142,111.195,111.197,False,False,False,2019-03-13T06:00:00,2019-03-13T03:00:00Z,summer_US_DST,6,3,6,CS	0	15:59:51.535	Trade	2019.03.13 06:00:00   sell stop 4.69 USDJPY.DWX at 111.142 sl: 111.379 (111.195 / 111.197),D:\QM\reports\work_items\2fc84747-27db-5e88-9568-3fdda6c30769\QM5_41398\20260909_135814\raw\run_01\20260909.log
64223,2019-03-18,buy,True,111.628,111.503,111.628,111.503,111.599,111.602,False,False,False,2019-03-18T06:00:00,2019-03-18T03:00:00Z,summer_US_DST,6,3,6,CS	0	15:59:52.219	Trade	2019.03.18 06:00:00   buy stop 8.92 USDJPY.DWX at 111.628 sl: 111.503 (111.599 / 111.602),D:\QM\reports\work_items\2fc84747-27db-5e88-9568-3fdda6c30769\QM5_41398\20260909_135814\raw\run_01\20260909.log
64224,2019-03-18,sell,True,111.503,111.628,111.628,111.503,111.599,111.602,False,False,False,2019-03-18T06:00:00,2019-03-18T03:00:00Z,summer_US_DST,6,3,6,CS	0	15:59:52.219	Trade	2019.03.18 06:00:00   sell stop 8.93 USDJPY.DWX at 111.503 sl: 111.628 (111.599 / 111.602),D:\QM\reports\work_items\2fc84747-27db-5e88-9568-3fdda6c30769\QM5_41398\20260909_135814\raw\run_01\20260909.log
64234,2019-03-21,buy,True,110.739,110.545,110.739,110.545,110.554,110.557,False,False,False,2019-03-21T06:00:00,2019-03-21T03:00:00Z,summer_US_DST,6,3,6,CS	0	15:59:52.763	Trade	2019.03.21 06:00:00   buy stop 5.69 USDJPY.DWX at 110.739 sl: 110.545 (110.554 / 110.557),D:\QM\reports\work_items\2fc84747-27db-5e88-9568-3fdda6c30769\QM5_41398\20260909_135814\raw\run_01\20260909.log
64235,2019-03-21,sell,True,110.545,110.739,110.739,110.545,110.554,110.557,False,False,False,2019-03-21T06:00:00,2019-03-21T03:00:00Z,summer_US_DST,6,3,6,CS	0	15:59:52.764	Trade	2019.03.21 06:00:00   sell stop 5.7 USDJPY.DWX at 110.545 sl: 110.739 (110.554 / 110.557),D:\QM\reports\work_items\2fc84747-27db-5e88-9568-3fdda6c30769\QM5_41398\20260909_135814\raw\run_01\20260909.log
64247,2019-03-22,buy,True,110.897,110.651,110.897,110.651,110.738,110.741,False,False,False,2019-03-22T06:00:00,2019-03-22T03:00:00Z,summer_US_DST,6,3,6,CS	0	15:59:53.072	Trade	2019.03.22 06:00:00   buy stop 4.49 USDJPY.DWX at 110.897 sl: 110.651 (110.738 / 110.741),D:\QM\reports\work_items\2fc84747-27db-5e88-9568-3fdda6c30769\QM5_41398\20260909_135814\raw\run_01\20260909.log
64248,2019-03-22,sell,True,110.651,110.897,110.897,110.651,110.738,110.741,False,False,False,2019-03-22T06:00:00,2019-03-22T03:00:00Z,summer_US_DST,6,3,6,CS	0	15:59:53.072	Trade	2019.03.22 06:00:00   sell stop 4.5 USDJPY.DWX at 110.651 sl: 110.897 (110.738 / 110.741),D:\QM\reports\work_items\2fc84747-27db-5e88-9568-3fdda6c30769\QM5_41398\20260909_135814\raw\run_01\20260909.log
64263,2019-03-25,buy,True,110.135,109.705,110.135,109.705,109.784,109.790,False,False,False,2019-03-25T06:00:00,2019-03-25T03:00:00Z,summer_US_DST,6,3,6,CS	0	15:59:53.665	Trade	2019.03.25 06:00:00   buy stop 2.55 USDJPY.DWX at 110.135 sl: 109.705 (109.784 / 109.790),D:\QM\reports\work_items\2fc84747-27db-5e88-9568-3fdda6c30769\QM5_41398\20260909_135814\raw\run_01\20260909.log
64264,2019-03-25,sell,True,109.705,110.135,110.135,109.705,109.784,109.790,False,False,False,2019-03-25T06:00:00,2019-03-25T03:00:00Z,summer_US_DST,6,3,6,CS	0	15:59:53.665	Trade	2019.03.25 06:00:00   sell stop 2.56 USDJPY.DWX at 109.705 sl: 110.135 (109.784 / 109.790),D:\QM\reports\work_items\2fc84747-27db-5e88-9568-3fdda6c30769\QM5_41398\20260909_135814\raw\run_01\20260909.log
64274,2019-03-26,buy,True,110.244,110.032,110.244,110.032,110.037,110.040,False,False,False,2019-03-26T06:00:00,2019-03-26T03:00:00Z,summer_US_DST,6,3,6,CS	0	15:59:54.145	Trade	2019.03.26 06:00:00   buy stop 5.19 USDJPY.DWX at 110.244 sl: 110.032 (110.037 / 110.040),D:\QM\reports\work_items\2fc84747-27db-5e88-9568-3fdda6c30769\QM5_41398\20260909_135814\raw\run_01\20260909.log
64275,2019-03-26,sell,True,110.032,110.244,110.244,110.032,110.037,110.040,False,False,False,2019-03-26T06:00:00,2019-03-26T03:00:00Z,summer_US_DST,6,3,6,CS	0	15:59:54.145	Trade	2019.03.26 06:00:00   sell stop 5.2 USDJPY.DWX at 110.032 sl: 110.244 (110.037 / 110.040),D:\QM\reports\work_items\2fc84747-27db-5e88-9568-3fdda6c30769\QM5_41398\20260909_135814\raw\run_01\20260909.log
64285,2019-03-27,buy,True,110.581,110.407,110.581,110.407,110.541,110.545,False,False,False,2019-03-27T06:00:00,2019-03-27T03:00:00Z,summer_US_DST,6,3,6,CS	0	15:59:54.529	Trade	2019.03.27 06:00:00   buy stop 6.34 USDJPY.DWX at 110.581 sl: 110.407 (110.541 / 110.545),D:\QM\reports\work_items\2fc84747-27db-5e88-9568-3fdda6c30769\QM5_41398\20260909_135814\raw\run_01\20260909.log
64286,2019-03-27,sell,True,110.407,110.581,110.581,110.407,110.541,110.545,False,False,False,2019-03-27T06:00:00,2019-03-27T03:00:00Z,summer_US_DST,6,3,6,CS	0	15:59:54.529	Trade	2019.03.27 06:00:00   sell stop 6.35 USDJPY.DWX at 110.407 sl: 110.581 (110.541 / 110.545),D:\QM\reports\work_items\2fc84747-27db-5e88-9568-3fdda6c30769\QM5_41398\20260909_135814\raw\run_01\20260909.log
64296,2019-04-01,buy,True,111.184,110.960,111.184,110.960,111.123,111.127,False,False,False,2019-04-01T06:00:00,2019-04-01T03:00:00Z,summer_US_DST,6,3,6,CS	0	15:59:55.540	Trade	2019.04.01 06:00:00   buy stop 4.95 USDJPY.DWX at 111.184 sl: 110.960 (111.123 / 111.127),D:\QM\reports\work_items\2fc84747-27db-5e88-9568-3fdda6c30769\QM5_41398\20260909_135814\raw\run_01\20260909.log
64297,2019-04-01,sell,True,110.960,111.184,111.184,110.960,111.123,111.127,False,False,False,2019-04-01T06:00:00,2019-04-01T03:00:00Z,summer_US_DST,6,3,6,CS	0	15:59:55.540	Trade	2019.04.01 06:00:00   sell stop 4.96 USDJPY.DWX at 110.960 sl: 111.184 (111.123 / 111.127),D:\QM\reports\work_items\2fc84747-27db-5e88-9568-3fdda6c30769\QM5_41398\20260909_135814\raw\run_01\20260909.log
64307,2019-04-02,buy,True,111.449,111.289,111.449,111.289,111.334,111.336,False,False,False,2019-04-02T06:00:00,2019-04-02T03:00:00Z,summer_US_DST,6,3,6,CS	0	15:59:55.832	Trade	2019.04.02 06:00:00   buy stop 6.95 USDJPY.DWX at 111.449 sl: 111.289 (111.334 / 111.336),D:\QM\reports\work_items\2fc84747-27db-5e88-9568-3fdda6c30769\QM5_41398\20260909_135814\raw\run_01\20260909.log
64308,2019-04-02,sell,True,111.289,111.449,111.449,111.289,111.334,111.336,False,False,False,2019-04-02T06:00:00,2019-04-02T03:00:00Z,summer_US_DST,6,3,6,CS	0	15:59:55.832	Trade	2019.04.02 06:00:00   sell stop 6.96 USDJPY.DWX at 111.289 sl: 111.449 (111.334 / 111.336),D:\QM\reports\work_items\2fc84747-27db-5e88-9568-3fdda6c30769\QM5_41398\20260909_135814\raw\run_01\20260909.log
64318,2019-04-04,buy,True,111.521,111.354,111.521,111.354,111.430,111.431,False,False,False,2019-04-04T06:00:01,2019-04-04T03:00:01Z,summer_US_DST,6,3,6,CS	0	15:59:56.346	Trade	2019.04.04 06:00:01   buy stop 6.66 USDJPY.DWX at 111.521 sl: 111.354 (111.430 / 111.431),D:\QM\reports\work_items\2fc84747-27db-5e88-9568-3fdda6c30769\QM5_41398\20260909_135814\raw\run_01\20260909.log
64319,2019-04-04,sell,True,111.354,111.521,111.521,111.354,111.430,111.431,False,False,False,2019-04-04T06:00:01,2019-04-04T03:00:01Z,summer_US_DST,6,3,6,CS	0	15:59:56.346	Trade	2019.04.04 06:00:01   sell stop 6.67 USDJPY.DWX at 111.354 sl: 111.521 (111.430 / 111.431),D:\QM\reports\work_items\2fc84747-27db-5e88-9568-3fdda6c30769\QM5_41398\20260909_135814\raw\run_01\20260909.log
64329,2019-04-05,buy,True,111.801,111.645,111.801,111.645,111.717,111.721,False,False,False,2019-04-05T06:00:04,2019-04-05T03:00:04Z,summer_US_DST,6,3,6,CS	0	15:59:56.617	Trade	2019.04.05 06:00:04   buy stop 7.15 USDJPY.DWX at 111.801 sl: 111.645 (111.717 / 111.721),D:\QM\reports\work_items\2fc84747-27db-5e88-9568-3fdda6c30769\QM5_41398\20260909_135814\raw\run_01\20260909.log
64330,2019-04-05,sell,True,111.645,111.801,111.801,111.645,111.717,111.721,False,False,False,2019-04-05T06:00:04,2019-04-05T03:00:04Z,summer_US_DST,6,3,6,CS	0	15:59:56.617	Trade	2019.04.05 06:00:04   sell stop 7.16 USDJPY.DWX at 111.645 sl: 111.801 (111.717 / 111.721),D:\QM\reports\work_items\2fc84747-27db-5e88-9568-3fdda6c30769\QM5_41398\20260909_135814\raw\run_01\20260909.log
64340,2019-04-10,buy,True,111.230,111.075,111.230,111.075,111.174,111.175,False,False,False,2019-04-10T06:00:00,2019-04-10T03:00:00Z,summer_US_DST,6,3,6,CS	0	15:59:57.282	Trade	2019.04.10 06:00:00   buy stop 7.16 USDJPY.DWX at 111.230 sl: 111.075 (111.174 / 111.175),D:\QM\reports\work_items\2fc84747-27db-5e88-9568-3fdda6c30769\QM5_41398\20260909_135814\raw\run_01\20260909.log
64341,2019-04-10,sell,True,111.075,111.230,111.230,111.075,111.174,111.175,False,False,False,2019-04-10T06:00:00,2019-04-10T03:00:00Z,summer_US_DST,6,3,6,CS	0	15:59:57.282	Trade	2019.04.10 06:00:00   sell stop 7.17 USDJPY.DWX at 111.075 sl: 111.230 (111.174 / 111.175),D:\QM\reports\work_items\2fc84747-27db-5e88-9568-3fdda6c30769\QM5_41398\20260909_135814\raw\run_01\20260909.log
64351,2019-04-11,buy,True,111.131,110.986,111.131,110.986,111.055,111.057,False,False,False,2019-04-11T06:00:07,2019-04-11T03:00:07Z,summer_US_DST,6,3,6,CS	0	15:59:57.533	Trade	2019.04.11 06:00:07   buy stop 7.65 USDJPY.DWX at 111.131 sl: 110.986 (111.055 / 111.057),D:\QM\reports\work_items\2fc84747-27db-5e88-9568-3fdda6c30769\QM5_41398\20260909_135814\raw\run_01\20260909.log
64352,2019-04-11,sell,True,110.986,111.131,111.131,110.986,111.055,111.057,False,False,False,2019-04-11T06:00:07,2019-04-11T03:00:07Z,summer_US_DST,6,3,6,CS	0	15:59:57.533	Trade	2019.04.11 06:00:07   sell stop 7.66 USDJPY.DWX at 110.986 sl: 111.131 (111.055 / 111.057),D:\QM\reports\work_items\2fc84747-27db-5e88-9568-3fdda6c30769\QM5_41398\20260909_135814\raw\run_01\20260909.log
64364,2019-04-12,buy,True,111.816,111.637,111.816,111.637,111.716,111.721,False,False,False,2019-04-12T06:00:00,2019-04-12T03:00:00Z,summer_US_DST,6,3,6,CS	0	15:59:57.772	Trade	2019.04.12 06:00:00   buy stop 6.23 USDJPY.DWX at 111.816 sl: 111.637 (111.716 / 111.721),D:\QM\reports\work_items\2fc84747-27db-5e88-9568-3fdda6c30769\QM5_41398\20260909_135814\raw\run_01\20260909.log
64365,2019-04-12,sell,True,111.637,111.816,111.816,111.637,111.716,111.721,False,False,False,2019-04-12T06:00:00,2019-04-12T03:00:00Z,summer_US_DST,6,3,6,CS	0	15:59:57.772	Trade	2019.04.12 06:00:00   sell stop 6.24 USDJPY.DWX at 111.637 sl: 111.816 (111.716 / 111.721),D:\QM\reports\work_items\2fc84747-27db-5e88-9568-3fdda6c30769\QM5_41398\20260909_135814\raw\run_01\20260909.log
64375,2019-04-15,buy,True,112.095,111.942,112.095,111.942,111.995,111.995,False,False,False,2019-04-15T06:00:02,2019-04-15T03:00:02Z,summer_US_DST,6,3,6,CS	0	15:59:58.041	Trade	2019.04.15 06:00:02   buy stop 7.31 USDJPY.DWX at 112.095 sl: 111.942 (111.995 / 111.995),D:\QM\reports\work_items\2fc84747-27db-5e88-9568-3fdda6c30769\QM5_41398\20260909_135814\raw\run_01\20260909.log
64376,2019-04-15,sell,True,111.942,112.095,112.095,111.942,111.995,111.995,False,False,False,2019-04-15T06:00:02,2019-04-15T03:00:02Z,summer_US_DST,6,3,6,CS	0	15:59:58.041	Trade	2019.04.15 06:00:02   sell stop 7.32 USDJPY.DWX at 111.942 sl: 112.095 (111.995 / 111.995),D:\QM\reports\work_items\2fc84747-27db-5e88-9568-3fdda6c30769\QM5_41398\20260909_135814\raw\run_01\20260909.log
64386,2019-04-16,buy,True,112.044,111.889,112.044,111.889,111.960,111.961,False,False,False,2019-04-16T06:00:02,2019-04-16T03:00:02Z,summer_US_DST,6,3,6,CS	0	15:59:58.237	Trade	2019.04.16 06:00:02   buy stop 7.21 USDJPY.DWX at 112.044 sl: 111.889 (111.960 / 111.961),D:\QM\reports\work_items\2fc84747-27db-5e88-9568-3fdda6c30769\QM5_41398\20260909_135814\raw\run_01\20260909.log
64387,2019-04-16,sell,True,111.889,112.044,112.044,111.889,111.960,111.961,False,False,False,2019-04-16T06:00:02,2019-04-16T03:00:02Z,summer_US_DST,6,3,6,CS	0	15:59:58.237	Trade	2019.04.16 06:00:02   sell stop 7.22 USDJPY.DWX at 111.889 sl: 112.044 (111.960 / 111.961),D:\QM\reports\work_items\2fc84747-27db-5e88-9568-3fdda6c30769\QM5_41398\20260909_135814\raw\run_01\20260909.log
64397,2019-04-18,buy,True,112.046,111.898,112.046,111.898,111.953,111.955,False,False,False,2019-04-18T06:00:00,2019-04-18T03:00:00Z,summer_US_DST,6,3,6,CS	0	15:59:58.683	Trade	2019.04.18 06:00:00   buy stop 7.56 USDJPY.DWX at 112.046 sl: 111.898 (111.953 / 111.955),D:\QM\reports\work_items\2fc84747-27db-5e88-9568-3fdda6c30769\QM5_41398\20260909_135814\raw\run_01\20260909.log
64398,2019-04-18,sell,True,111.898,112.046,112.046,111.898,111.953,111.955,False,False,False,2019-04-18T06:00:00,2019-04-18T03:00:00Z,summer_US_DST,6,3,6,CS	0	15:59:58.683	Trade	2019.04.18 06:00:00   sell stop 7.57 USDJPY.DWX at 111.898 sl: 112.046 (111.953 / 111.955),D:\QM\reports\work_items\2fc84747-27db-5e88-9568-3fdda6c30769\QM5_41398\20260909_135814\raw\run_01\20260909.log
64408,2019-04-19,buy,True,112.006,111.893,112.006,111.893,111.920,111.924,False,False,False,2019-04-19T06:00:17,2019-04-19T03:00:17Z,summer_US_DST,6,3,6,CS	0	15:59:58.992	Trade	2019.04.19 06:00:17   buy stop 9.9 USDJPY.DWX at 112.006 sl: 111.893 (111.920 / 111.924),D:\QM\reports\work_items\2fc84747-27db-5e88-9568-3fdda6c30769\QM5_41398\20260909_135814\raw\run_01\20260909.log
64409,2019-04-19,sell,True,111.893,112.006,112.006,111.893,111.920,111.924,False,False,False,2019-04-19T06:00:17,2019-04-19T03:00:17Z,summer_US_DST,6,3,6,CS	0	15:59:58.993	Trade	2019.04.19 06:00:17   sell stop 9.91 USDJPY.DWX at 111.893 sl: 112.006 (111.920 / 111.924),D:\QM\reports\work_items\2fc84747-27db-5e88-9568-3fdda6c30769\QM5_41398\20260909_135814\raw\run_01\20260909.log
64412,2019-04-24,buy,True,111.982,111.811,111.982,111.811,111.888,111.891,False,False,False,2019-04-24T06:00:03,2019-04-24T03:00:03Z,summer_US_DST,6,3,6,CS	0	15:59:59.530	Trade	2019.04.24 06:00:03   buy stop 6.53 USDJPY.DWX at 111.982 sl: 111.811 (111.888 / 111.891),D:\QM\reports\work_items\2fc84747-27db-5e88-9568-3fdda6c30769\QM5_41398\20260909_135814\raw\run_01\20260909.log
64413,2019-04-24,sell,True,111.811,111.982,111.982,111.811,111.888,111.891,False,False,False,2019-04-24T06:00:03,2019-04-24T03:00:03Z,summer_US_DST,6,3,6,CS	0	15:59:59.531	Trade	2019.04.24 06:00:03   sell stop 6.54 USDJPY.DWX at 111.811 sl: 111.982 (111.888 / 111.891),D:\QM\reports\work_items\2fc84747-27db-5e88-9568-3fdda6c30769\QM5_41398\20260909_135814\raw\run_01\20260909.log
64423,2019-04-29,buy,True,111.640,111.576,111.640,111.576,111.592,111.596,False,False,False,2019-04-29T06:00:02,2019-04-29T03:00:02Z,summer_US_DST,6,3,6,CS	0	16:00:00.100	Trade	2019.04.29 06:00:02   buy stop 17.43 USDJPY.DWX at 111.640 sl: 111.576 (111.592 / 111.596),D:\QM\reports\work_items\2fc84747-27db-5e88-9568-3fdda6c30769\QM5_41398\20260909_135814\raw\run_01\20260909.log
64424,2019-04-29,sell,True,111.576,111.640,111.640,111.576,111.592,111.596,False,False,False,2019-04-29T06:00:02,2019-04-29T03:00:02Z,summer_US_DST,6,3,6,CS	0	16:00:00.100	Trade	2019.04.29 06:00:02   sell stop 17.44 USDJPY.DWX at 111.576 sl: 111.640 (111.592 / 111.596),D:\QM\reports\work_items\2fc84747-27db-5e88-9568-3fdda6c30769\QM5_41398\20260909_135814\raw\run_01\20260909.log
64439,2019-04-30,buy,True,111.687,111.553,111.687,111.553,111.597,111.601,False,False,False,2019-04-30T06:00:00,2019-04-30T03:00:00Z,summer_US_DST,6,3,6,CS	0	16:00:00.284	Trade	2019.04.30 06:00:00   buy stop 8.32 USDJPY.DWX at 111.687 sl: 111.553 (111.597 / 111.601),D:\QM\reports\work_items\2fc84747-27db-5e88-9568-3fdda6c30769\QM5_41398\20260909_135814\raw\run_01\20260909.log
64440,2019-04-30,sell,True,111.553,111.687,111.687,111.553,111.597,111.601,False,False,False,2019-04-30T06:00:00,2019-04-30T03:00:00Z,summer_US_DST,6,3,6,CS	0	16:00:00.284	Trade	2019.04.30 06:00:00   sell stop 8.33 USDJPY.DWX at 111.553 sl: 111.687 (111.597 / 111.601),D:\QM\reports\work_items\2fc84747-27db-5e88-9568-3fdda6c30769\QM5_41398\20260909_135814\raw\run_01\20260909.log
64454,2019-05-01,buy,True,111.458,111.389,111.458,111.389,111.442,111.448,False,False,False,2019-05-01T06:00:01,2019-05-01T03:00:01Z,summer_US_DST,6,3,6,CS	0	16:00:00.466	Trade	2019.05.01 06:00:01   buy stop 16.14 USDJPY.DWX at 111.458 sl: 111.389 (111.442 / 111.448),D:\QM\reports\work_items\2fc84747-27db-5e88-9568-3fdda6c30769\QM5_41398\20260909_135814\raw\run_01\20260909.log
64455,2019-05-01,sell,True,111.389,111.458,111.458,111.389,111.442,111.448,False,False,False,2019-05-01T06:00:01,2019-05-01T03:00:01Z,summer_US_DST,6,3,6,CS	0	16:00:00.466	Trade	2019.05.01 06:00:01   sell stop 16.15 USDJPY.DWX at 111.389 sl: 111.458 (111.442 / 111.448),D:\QM\reports\work_items\2fc84747-27db-5e88-9568-3fdda6c30769\QM5_41398\20260909_135814\raw\run_01\20260909.log
64466,2019-05-02,buy,False,111.662,111.444,111.662,111.444,,,,,True,2019-05-02T06:00:00,2019-05-02T03:00:00Z,summer_US_DST,6,3,6,CS	2	16:00:00.579	Trades	2019.05.02 06:00:00   failed buy stop 5.11 USDJPY.DWX at 111.662 sl: 111.444 [Invalid price],D:\QM\reports\work_items\2fc84747-27db-5e88-9568-3fdda6c30769\QM5_41398\20260909_135814\raw\run_01\20260909.log
64467,2019-05-02,sell,True,111.444,111.662,111.662,111.444,111.659,111.663,True,False,False,2019-05-02T06:00:00,2019-05-02T03:00:00Z,summer_US_DST,6,3,6,CS	0	16:00:00.579	Trade	2019.05.02 06:00:00   sell stop 5.12 USDJPY.DWX at 111.444 sl: 111.662 (111.659 / 111.663),D:\QM\reports\work_items\2fc84747-27db-5e88-9568-3fdda6c30769\QM5_41398\20260909_135814\raw\run_01\20260909.log
64469,2019-05-03,buy,True,111.497,111.406,111.497,111.406,111.467,111.471,False,False,False,2019-05-03T06:00:00,2019-05-03T03:00:00Z,summer_US_DST,6,3,6,CS	0	16:00:00.839	Trade	2019.05.03 06:00:00   buy stop 12.24 USDJPY.DWX at 111.497 sl: 111.406 (111.467 / 111.471),D:\QM\reports\work_items\2fc84747-27db-5e88-9568-3fdda6c30769\QM5_41398\20260909_135814\raw\run_01\20260909.log
64470,2019-05-03,sell,True,111.406,111.497,111.497,111.406,111.467,111.471,False,False,False,2019-05-03T06:00:00,2019-05-03T03:00:00Z,summer_US_DST,6,3,6,CS	0	16:00:00.840	Trade	2019.05.03 06:00:00   sell stop 12.25 USDJPY.DWX at 111.406 sl: 111.497 (111.467 / 111.471),D:\QM\reports\work_items\2fc84747-27db-5e88-9568-3fdda6c30769\QM5_41398\20260909_135814\raw\run_01\20260909.log
64480,2019-05-06,buy,True,110.712,110.280,110.712,110.280,110.560,110.563,False,False,False,2019-05-06T06:00:01,2019-05-06T03:00:01Z,summer_US_DST,6,3,6,CS	0	16:00:01.036	Trade	2019.05.06 06:00:01   buy stop 2.55 USDJPY.DWX at 110.712 sl: 110.280 (110.560 / 110.563),D:\QM\reports\work_items\2fc84747-27db-5e88-9568-3fdda6c30769\QM5_41398\20260909_135814\raw\run_01\20260909.log
64481,2019-05-06,sell,True,110.280,110.712,110.712,110.280,110.560,110.563,False,False,False,2019-05-06T06:00:01,2019-05-06T03:00:01Z,summer_US_DST,6,3,6,CS	0	16:00:01.037	Trade	2019.05.06 06:00:01   sell stop 2.56 USDJPY.DWX at 110.280 sl: 110.712 (110.560 / 110.563),D:\QM\reports\work_items\2fc84747-27db-5e88-9568-3fdda6c30769\QM5_41398\20260909_135814\raw\run_01\20260909.log
64491,2019-05-07,buy,True,110.852,110.629,110.852,110.629,110.734,110.739,False,False,False,2019-05-07T06:00:00,2019-05-07T03:00:00Z,summer_US_DST,6,3,6,CS	0	16:00:01.399	Trade	2019.05.07 06:00:00   buy stop 4.96 USDJPY.DWX at 110.852 sl: 110.629 (110.734 / 110.739),D:\QM\reports\work_items\2fc84747-27db-5e88-9568-3fdda6c30769\QM5_41398\20260909_135814\raw\run_01\20260909.log
64492,2019-05-07,sell,True,110.629,110.852,110.852,110.629,110.734,110.739,False,False,False,2019-05-07T06:00:00,2019-05-07T03:00:00Z,summer_US_DST,6,3,6,CS	0	16:00:01.399	Trade	2019.05.07 06:00:00   sell stop 4.97 USDJPY.DWX at 110.629 sl: 110.852 (110.734 / 110.739),D:\QM\reports\work_items\2fc84747-27db-5e88-9568-3fdda6c30769\QM5_41398\20260909_135814\raw\run_01\20260909.log
64504,2019-05-09,buy,True,110.083,109.830,110.083,109.830,109.921,109.922,False,False,False,2019-05-09T06:00:00,2019-05-09T03:00:00Z,summer_US_DST,6,3,6,CS	0	16:00:02.332	Trade	2019.05.09 06:00:00   buy stop 4.34 USDJPY.DWX at 110.083 sl: 109.830 (109.921 / 109.922),D:\QM\reports\work_items\2fc84747-27db-5e88-9568-3fdda6c30769\QM5_41398\20260909_135814\raw\run_01\20260909.log
64505,2019-05-09,sell,True,109.830,110.083,110.083,109.830,109.921,109.922,False,False,False,2019-05-09T06:00:00,2019-05-09T03:00:00Z,summer_US_DST,6,3,6,CS	0	16:00:02.333	Trade	2019.05.09 06:00:00   sell stop 4.35 USDJPY.DWX at 109.830 sl: 110.083 (109.921 / 109.922),D:\QM\reports\work_items\2fc84747-27db-5e88-9568-3fdda6c30769\QM5_41398\20260909_135814\raw\run_01\20260909.log
64518,2019-05-10,buy,True,110.049,109.746,110.049,109.746,109.845,109.849,False,False,False,2019-05-10T06:00:00,2019-05-10T03:00:00Z,summer_US_DST,6,3,6,CS	0	16:00:02.979	Trade	2019.05.10 06:00:00   buy stop 3.62 USDJPY.DWX at 110.049 sl: 109.746 (109.845 / 109.849),D:\QM\reports\work_items\2fc84747-27db-5e88-9568-3fdda6c30769\QM5_41398\20260909_135814\raw\run_01\20260909.log
64519,2019-05-10,sell,True,109.746,110.049,110.049,109.746,109.845,109.849,False,False,False,2019-05-10T06:00:00,2019-05-10T03:00:00Z,summer_US_DST,6,3,6,CS	0	16:00:02.979	Trade	2019.05.10 06:00:00   sell stop 3.63 USDJPY.DWX at 109.746 sl: 110.049 (109.845 / 109.849),D:\QM\reports\work_items\2fc84747-27db-5e88-9568-3fdda6c30769\QM5_41398\20260909_135814\raw\run_01\20260909.log
64529,2019-05-13,buy,True,109.806,109.596,109.806,109.596,109.748,109.750,False,False,False,2019-05-13T06:00:08,2019-05-13T03:00:08Z,summer_US_DST,6,3,6,CS	0	16:00:03.733	Trade	2019.05.13 06:00:08   buy stop 5.21 USDJPY.DWX at 109.806 sl: 109.596 (109.748 / 109.750),D:\QM\reports\work_items\2fc84747-27db-5e88-9568-3fdda6c30769\QM5_41398\20260909_135814\raw\run_01\20260909.log
64530,2019-05-13,sell,True,109.596,109.806,109.806,109.596,109.748,109.750,False,False,False,2019-05-13T06:00:08,2019-05-13T03:00:08Z,summer_US_DST,6,3,6,CS	0	16:00:03.733	Trade	2019.05.13 06:00:08   sell stop 5.22 USDJPY.DWX at 109.596 sl: 109.806 (109.748 / 109.750),D:\QM\reports\work_items\2fc84747-27db-5e88-9568-3fdda6c30769\QM5_41398\20260909_135814\raw\run_01\20260909.log
64543,2019-05-15,buy,True,109.690,109.523,109.690,109.523,109.649,109.654,False,False,False,2019-05-15T06:00:00,2019-05-15T03:00:00Z,summer_US_DST,6,3,6,CS	0	16:00:04.426	Trade	2019.05.15 06:00:00   buy stop 6.55 USDJPY.DWX at 109.690 sl: 109.523 (109.649 / 109.654),D:\QM\reports\work_items\2fc84747-27db-5e88-9568-3fdda6c30769\QM5_41398\20260909_135814\raw\run_01\20260909.log
64544,2019-05-15,sell,True,109.523,109.690,109.690,109.523,109.649,109.654,False,False,False,2019-05-15T06:00:00,2019-05-15T03:00:00Z,summer_US_DST,6,3,6,CS	0	16:00:04.426	Trade	2019.05.15 06:00:00   sell stop 6.56 USDJPY.DWX at 109.523 sl: 109.690 (109.649 / 109.654),D:\QM\reports\work_items\2fc84747-27db-5e88-9568-3fdda6c30769\QM5_41398\20260909_135814\raw\run_01\20260909.log
64554,2019-05-16,buy,True,109.536,109.334,109.536,109.334,109.477,109.483,False,False,False,2019-05-16T06:00:02,2019-05-16T03:00:02Z,summer_US_DST,6,3,6,CS	0	16:00:04.662	Trade	2019.05.16 06:00:02   buy stop 5.41 USDJPY.DWX at 109.536 sl: 109.334 (109.477 / 109.483),D:\QM\reports\work_items\2fc84747-27db-5e88-9568-3fdda6c30769\QM5_41398\20260909_135814\raw\run_01\20260909.log
64555,2019-05-16,sell,True,109.334,109.536,109.536,109.334,109.477,109.483,False,False,False,2019-05-16T06:00:02,2019-05-16T03:00:02Z,summer_US_DST,6,3,6,CS	0	16:00:04.662	Trade	2019.05.16 06:00:02   sell stop 5.42 USDJPY.DWX at 109.334 sl: 109.536 (109.477 / 109.483),D:\QM\reports\work_items\2fc84747-27db-5e88-9568-3fdda6c30769\QM5_41398\20260909_135814\raw\run_01\20260909.log
64569,2019-05-17,buy,True,110.033,109.815,110.033,109.815,109.852,109.855,False,False,False,2019-05-17T06:00:00,2019-05-17T03:00:00Z,summer_US_DST,6,3,6,CS	0	16:00:04.954	Trade	2019.05.17 06:00:00   buy stop 5.03 USDJPY.DWX at 110.033 sl: 109.815 (109.852 / 109.855),D:\QM\reports\work_items\2fc84747-27db-5e88-9568-3fdda6c30769\QM5_41398\20260909_135814\raw\run_01\20260909.log
64570,2019-05-17,sell,True,109.815,110.033,110.033,109.815,109.852,109.855,False,False,False,2019-05-17T06:00:00,2019-05-17T03:00:00Z,summer_US_DST,6,3,6,CS	0	16:00:04.954	Trade	2019.05.17 06:00:00   sell stop 5.04 USDJPY.DWX at 109.815 sl: 110.033 (109.852 / 109.855),D:\QM\reports\work_items\2fc84747-27db-5e88-9568-3fdda6c30769\QM5_41398\20260909_135814\raw\run_01\20260909.log
64582,2019-05-20,buy,True,110.318,110.147,110.318,110.147,110.234,110.237,False,False,False,2019-05-20T06:00:00,2019-05-20T03:00:00Z,summer_US_DST,6,3,6,CS	0	16:00:05.272	Trade	2019.05.20 06:00:00   buy stop 6.44 USDJPY.DWX at 110.318 sl: 110.147 (110.234 / 110.237),D:\QM\reports\work_items\2fc84747-27db-5e88-9568-3fdda6c30769\QM5_41398\20260909_135814\raw\run_01\20260909.log
64583,2019-05-20,sell,True,110.147,110.318,110.318,110.147,110.234,110.237,False,False,False,2019-05-20T06:00:00,2019-05-20T03:00:00Z,summer_US_DST,6,3,6,CS	0	16:00:05.273	Trade	2019.05.20 06:00:00   sell stop 6.45 USDJPY.DWX at 110.147 sl: 110.318 (110.234 / 110.237),D:\QM\reports\work_items\2fc84747-27db-5e88-9568-3fdda6c30769\QM5_41398\20260909_135814\raw\run_01\20260909.log
64597,2019-05-21,buy,True,110.212,110.042,110.212,110.042,110.189,110.193,False,False,False,2019-05-21T06:00:00,2019-05-21T03:00:00Z,summer_US_DST,6,3,6,CS	0	16:00:05.577	Trade	2019.05.21 06:00:00   buy stop 6.47 USDJPY.DWX at 110.212 sl: 110.042 (110.189 / 110.193),D:\QM\reports\work_items\2fc84747-27db-5e88-9568-3fdda6c30769\QM5_41398\20260909_135814\raw\run_01\20260909.log
64598,2019-05-21,sell,True,110.042,110.212,110.212,110.042,110.189,110.193,False,False,False,2019-05-21T06:00:00,2019-05-21T03:00:00Z,summer_US_DST,6,3,6,CS	0	16:00:05.578	Trade	2019.05.21 06:00:00   sell stop 6.48 USDJPY.DWX at 110.042 sl: 110.212 (110.189 / 110.193),D:\QM\reports\work_items\2fc84747-27db-5e88-9568-3fdda6c30769\QM5_41398\20260909_135814\raw\run_01\20260909.log
64613,2019-05-22,buy,True,110.625,110.467,110.625,110.467,110.536,110.538,False,False,False,2019-05-22T06:00:04,2019-05-22T03:00:04Z,summer_US_DST,6,3,6,CS	0	16:00:05.874	Trade	2019.05.22 06:00:04   buy stop 6.99 USDJPY.DWX at 110.625 sl: 110.467 (110.536 / 110.538),D:\QM\reports\work_items\2fc84747-27db-5e88-9568-3fdda6c30769\QM5_41398\20260909_135814\raw\run_01\20260909.log
64614,2019-05-22,sell,True,110.467,110.625,110.625,110.467,110.536,110.538,False,False,False,2019-05-22T06:00:04,2019-05-22T03:00:04Z,summer_US_DST,6,3,6,CS	0	16:00:05.874	Trade	2019.05.22 06:00:04   sell stop 7 USDJPY.DWX at 110.467 sl: 110.625 (110.536 / 110.538),D:\QM\reports\work_items\2fc84747-27db-5e88-9568-3fdda6c30769\QM5_41398\20260909_135814\raw\run_01\20260909.log
64627,2019-05-23,buy,True,110.298,110.125,110.298,110.125,110.271,110.274,False,False,False,2019-05-23T06:00:00,2019-05-23T03:00:00Z,summer_US_DST,6,3,6,CS	0	16:00:06.154	Trade	2019.05.23 06:00:00   buy stop 6.36 USDJPY.DWX at 110.298 sl: 110.125 (110.271 / 110.274),D:\QM\reports\work_items\2fc84747-27db-5e88-9568-3fdda6c30769\QM5_41398\20260909_135814\raw\run_01\20260909.log
64628,2019-05-23,sell,True,110.125,110.298,110.298,110.125,110.271,110.274,False,False,False,2019-05-23T06:00:00,2019-05-23T03:00:00Z,summer_US_DST,6,3,6,CS	0	16:00:06.154	Trade	2019.05.23 06:00:00   sell stop 6.37 USDJPY.DWX at 110.125 sl: 110.298 (110.271 / 110.274),D:\QM\reports\work_items\2fc84747-27db-5e88-9568-3fdda6c30769\QM5_41398\20260909_135814\raw\run_01\20260909.log
64638,2019-05-24,buy,True,109.744,109.551,109.744,109.551,109.612,109.614,False,False,False,2019-05-24T06:00:01,2019-05-24T03:00:01Z,summer_US_DST,6,3,6,CS	0	16:00:06.439	Trade	2019.05.24 06:00:01   buy stop 5.67 USDJPY.DWX at 109.744 sl: 109.551 (109.612 / 109.614),D:\QM\reports\work_items\2fc84747-27db-5e88-9568-3fdda6c30769\QM5_41398\20260909_135814\raw\run_01\20260909.log
64639,2019-05-24,sell,True,109.551,109.744,109.744,109.551,109.612,109.614,False,False,False,2019-05-24T06:00:01,2019-05-24T03:00:01Z,summer_US_DST,6,3,6,CS	0	16:00:06.440	Trade	2019.05.24 06:00:01   sell stop 5.68 USDJPY.DWX at 109.551 sl: 109.744 (109.612 / 109.614),D:\QM\reports\work_items\2fc84747-27db-5e88-9568-3fdda6c30769\QM5_41398\20260909_135814\raw\run_01\20260909.log
64650,2019-05-30,buy,True,109.640,109.475,109.640,109.475,109.569,109.572,False,False,False,2019-05-30T06:00:00,2019-05-30T03:00:00Z,summer_US_DST,6,3,6,CS	0	16:00:07.521	Trade	2019.05.30 06:00:00   buy stop 6.63 USDJPY.DWX at 109.640 sl: 109.475 (109.569 / 109.572),D:\QM\reports\work_items\2fc84747-27db-5e88-9568-3fdda6c30769\QM5_41398\20260909_135814\raw\run_01\20260909.log
64651,2019-05-30,sell,True,109.475,109.640,109.640,109.475,109.569,109.572,False,False,False,2019-05-30T06:00:00,2019-05-30T03:00:00Z,summer_US_DST,6,3,6,CS	0	16:00:07.522	Trade	2019.05.30 06:00:00   sell stop 6.64 USDJPY.DWX at 109.475 sl: 109.640 (109.569 / 109.572),D:\QM\reports\work_items\2fc84747-27db-5e88-9568-3fdda6c30769\QM5_41398\20260909_135814\raw\run_01\20260909.log
64664,2019-05-31,buy,True,109.398,109.125,109.398,109.125,109.268,109.271,False,False,False,2019-05-31T06:00:00,2019-05-31T03:00:00Z,summer_US_DST,6,3,6,CS	0	16:00:07.770	Trade	2019.05.31 06:00:00   buy stop 3.99 USDJPY.DWX at 109.398 sl: 109.125 (109.268 / 109.271),D:\QM\reports\work_items\2fc84747-27db-5e88-9568-3fdda6c30769\QM5_41398\20260909_135814\raw\run_01\20260909.log
64665,2019-05-31,sell,True,109.125,109.398,109.398,109.125,109.268,109.271,False,False,False,2019-05-31T06:00:00,2019-05-31T03:00:00Z,summer_US_DST,6,3,6,CS	0	16:00:07.771	Trade	2019.05.31 06:00:00   sell stop 4 USDJPY.DWX at 109.125 sl: 109.398 (109.268 / 109.271),D:\QM\reports\work_items\2fc84747-27db-5e88-9568-3fdda6c30769\QM5_41398\20260909_135814\raw\run_01\20260909.log
64680,2019-06-03,buy,True,108.319,108.118,108.319,108.118,108.121,108.125,False,False,False,2019-06-03T06:00:00,2019-06-03T03:00:00Z,summer_US_DST,6,3,6,CS	0	16:00:08.290	Trade	2019.06.03 06:00:00   buy stop 5.37 USDJPY.DWX at 108.319 sl: 108.118 (108.121 / 108.125),D:\QM\reports\work_items\2fc84747-27db-5e88-9568-3fdda6c30769\QM5_41398\20260909_135814\raw\run_01\20260909.log
64681,2019-06-03,sell,True,108.118,108.319,108.319,108.118,108.121,108.125,False,False,False,2019-06-03T06:00:00,2019-06-03T03:00:00Z,summer_US_DST,6,3,6,CS	0	16:00:08.290	Trade	2019.06.03 06:00:00   sell stop 5.38 USDJPY.DWX at 108.118 sl: 108.319 (108.121 / 108.125),D:\QM\reports\work_items\2fc84747-27db-5e88-9568-3fdda6c30769\QM5_41398\20260909_135814\raw\run_01\20260909.log
64691,2019-06-04,buy,True,108.065,107.856,108.065,107.856,107.984,107.989,False,False,False,2019-06-04T06:00:00,2019-06-04T03:00:00Z,summer_US_DST,6,3,6,CS	0	16:00:08.633	Trade	2019.06.04 06:00:00   buy stop 5.16 USDJPY.DWX at 108.065 sl: 107.856 (107.984 / 107.989),D:\QM\reports\work_items\2fc84747-27db-5e88-9568-3fdda6c30769\QM5_41398\20260909_135814\raw\run_01\20260909.log
64692,2019-06-04,sell,True,107.856,108.065,108.065,107.856,107.984,107.989,False,False,False,2019-06-04T06:00:00,2019-06-04T03:00:00Z,summer_US_DST,6,3,6,CS	0	16:00:08.634	Trade	2019.06.04 06:00:00   sell stop 5.17 USDJPY.DWX at 107.856 sl: 108.065 (107.984 / 107.989),D:\QM\reports\work_items\2fc84747-27db-5e88-9568-3fdda6c30769\QM5_41398\20260909_135814\raw\run_01\20260909.log
64702,2019-06-05,buy,True,108.258,108.028,108.258,108.028,108.058,108.061,False,False,False,2019-06-05T06:00:00,2019-06-05T03:00:00Z,summer_US_DST,6,3,6,CS	0	16:00:08.881	Trade	2019.06.05 06:00:00   buy stop 4.69 USDJPY.DWX at 108.258 sl: 108.028 (108.058 / 108.061),D:\QM\reports\work_items\2fc84747-27db-5e88-9568-3fdda6c30769\QM5_41398\20260909_135814\raw\run_01\20260909.log
64703,2019-06-05,sell,True,108.028,108.258,108.258,108.028,108.058,108.061,False,False,False,2019-06-05T06:00:00,2019-06-05T03:00:00Z,summer_US_DST,6,3,6,CS	0	16:00:08.881	Trade	2019.06.05 06:00:00   sell stop 4.7 USDJPY.DWX at 108.028 sl: 108.258 (108.058 / 108.061),D:\QM\reports\work_items\2fc84747-27db-5e88-9568-3fdda6c30769\QM5_41398\20260909_135814\raw\run_01\20260909.log
64713,2019-06-06,buy,True,108.407,108.240,108.407,108.240,108.263,108.267,False,False,False,2019-06-06T06:00:00,2019-06-06T03:00:00Z,summer_US_DST,6,3,6,CS	0	16:00:09.126	Trade	2019.06.06 06:00:00   buy stop 6.48 USDJPY.DWX at 108.407 sl: 108.240 (108.263 / 108.267),D:\QM\reports\work_items\2fc84747-27db-5e88-9568-3fdda6c30769\QM5_41398\20260909_135814\raw\run_01\20260909.log
64714,2019-06-06,sell,True,108.240,108.407,108.407,108.240,108.263,108.267,False,False,False,2019-06-06T06:00:00,2019-06-06T03:00:00Z,summer_US_DST,6,3,6,CS	0	16:00:09.127	Trade	2019.06.06 06:00:00   sell stop 6.49 USDJPY.DWX at 108.240 sl: 108.407 (108.263 / 108.267),D:\QM\reports\work_items\2fc84747-27db-5e88-9568-3fdda6c30769\QM5_41398\20260909_135814\raw\run_01\20260909.log
64726,2019-06-07,buy,True,108.533,108.389,108.533,108.389,108.478,108.481,False,False,False,2019-06-07T06:00:00,2019-06-07T03:00:00Z,summer_US_DST,6,3,6,CS	0	16:00:09.391	Trade	2019.06.07 06:00:00   buy stop 7.52 USDJPY.DWX at 108.533 sl: 108.389 (108.478 / 108.481),D:\QM\reports\work_items\2fc84747-27db-5e88-9568-3fdda6c30769\QM5_41398\20260909_135814\raw\run_01\20260909.log
64727,2019-06-07,sell,True,108.389,108.533,108.533,108.389,108.478,108.481,False,False,False,2019-06-07T06:00:00,2019-06-07T03:00:00Z,summer_US_DST,6,3,6,CS	0	16:00:09.392	Trade	2019.06.07 06:00:00   sell stop 7.53 USDJPY.DWX at 108.389 sl: 108.533 (108.478 / 108.481),D:\QM\reports\work_items\2fc84747-27db-5e88-9568-3fdda6c30769\QM5_41398\20260909_135814\raw\run_01\20260909.log
64737,2019-06-10,buy,True,108.543,108.367,108.543,108.367,108.484,108.489,False,False,False,2019-06-10T06:00:01,2019-06-10T03:00:01Z,summer_US_DST,6,3,6,CS	0	16:00:09.665	Trade	2019.06.10 06:00:01   buy stop 6.15 USDJPY.DWX at 108.543 sl: 108.367 (108.484 / 108.489),D:\QM\reports\work_items\2fc84747-27db-5e88-9568-3fdda6c30769\QM5_41398\20260909_135814\raw\run_01\20260909.log
64738,2019-06-10,sell,True,108.367,108.543,108.543,108.367,108.484,108.489,False,False,False,2019-06-10T06:00:01,2019-06-10T03:00:01Z,summer_US_DST,6,3,6,CS	0	16:00:09.665	Trade	2019.06.10 06:00:01   sell stop 6.16 USDJPY.DWX at 108.367 sl: 108.543 (108.484 / 108.489),D:\QM\reports\work_items\2fc84747-27db-5e88-9568-3fdda6c30769\QM5_41398\20260909_135814\raw\run_01\20260909.log
64748,2019-06-12,buy,True,108.562,108.439,108.562,108.439,108.492,108.495,False,False,False,2019-06-12T06:00:00,2019-06-12T03:00:00Z,summer_US_DST,6,3,6,CS	0	16:00:10.168	Trade	2019.06.12 06:00:00   buy stop 8.81 USDJPY.DWX at 108.562 sl: 108.439 (108.492 / 108.495),D:\QM\reports\work_items\2fc84747-27db-5e88-9568-3fdda6c30769\QM5_41398\20260909_135814\raw\run_01\20260909.log
64749,2019-06-12,sell,True,108.439,108.562,108.562,108.439,108.492,108.495,False,False,False,2019-06-12T06:00:00,2019-06-12T03:00:00Z,summer_US_DST,6,3,6,CS	0	16:00:10.168	Trade	2019.06.12 06:00:00   sell stop 8.82 USDJPY.DWX at 108.439 sl: 108.562 (108.492 / 108.495),D:\QM\reports\work_items\2fc84747-27db-5e88-9568-3fdda6c30769\QM5_41398\20260909_135814\raw\run_01\20260909.log
64764,2019-06-14,buy,True,108.396,108.267,108.396,108.267,108.303,108.307,False,False,False,2019-06-14T06:00:00,2019-06-14T03:00:00Z,summer_US_DST,6,3,6,CS	0	16:00:10.643	Trade	2019.06.14 06:00:00   buy stop 8.39 USDJPY.DWX at 108.396 sl: 108.267 (108.303 / 108.307),D:\QM\reports\work_items\2fc84747-27db-5e88-9568-3fdda6c30769\QM5_41398\20260909_135814\raw\run_01\20260909.log
64765,2019-06-14,sell,True,108.267,108.396,108.396,108.267,108.303,108.307,False,False,False,2019-06-14T06:00:00,2019-06-14T03:00:00Z,summer_US_DST,6,3,6,CS	0	16:00:10.644	Trade	2019.06.14 06:00:00   sell stop 8.4 USDJPY.DWX at 108.267 sl: 108.396 (108.303 / 108.307),D:\QM\reports\work_items\2fc84747-27db-5e88-9568-3fdda6c30769\QM5_41398\20260909_135814\raw\run_01\20260909.log
64775,2019-06-17,buy,True,108.703,108.554,108.703,108.554,108.616,108.619,False,False,False,2019-06-17T06:00:04,2019-06-17T03:00:04Z,summer_US_DST,6,3,6,CS	0	16:00:10.825	Trade	2019.06.17 06:00:04   buy stop 7.28 USDJPY.DWX at 108.703 sl: 108.554 (108.616 / 108.619),D:\QM\reports\work_items\2fc84747-27db-5e88-9568-3fdda6c30769\QM5_41398\20260909_135814\raw\run_01\20260909.log
64776,2019-06-17,sell,True,108.554,108.703,108.703,108.554,108.616,108.619,False,False,False,2019-06-17T06:00:04,2019-06-17T03:00:04Z,summer_US_DST,6,3,6,CS	0	16:00:10.825	Trade	2019.06.17 06:00:04   sell stop 7.29 USDJPY.DWX at 108.554 sl: 108.703 (108.616 / 108.619),D:\QM\reports\work_items\2fc84747-27db-5e88-9568-3fdda6c30769\QM5_41398\20260909_135814\raw\run_01\20260909.log
64786,2019-06-19,buy,True,108.616,108.434,108.616,108.434,108.450,108.454,False,False,False,2019-06-19T06:00:00,2019-06-19T03:00:00Z,summer_US_DST,6,3,6,CS	0	16:00:11.364	Trade	2019.06.19 06:00:00   buy stop 5.95 USDJPY.DWX at 108.616 sl: 108.434 (108.450 / 108.454),D:\QM\reports\work_items\2fc84747-27db-5e88-9568-3fdda6c30769\QM5_41398\20260909_135814\raw\run_01\20260909.log
64787,2019-06-19,sell,True,108.434,108.616,108.616,108.434,108.450,108.454,False,False,False,2019-06-19T06:00:00,2019-06-19T03:00:00Z,summer_US_DST,6,3,6,CS	0	16:00:11.364	Trade	2019.06.19 06:00:00   sell stop 5.96 USDJPY.DWX at 108.434 sl: 108.616 (108.450 / 108.454),D:\QM\reports\work_items\2fc84747-27db-5e88-9568-3fdda6c30769\QM5_41398\20260909_135814\raw\run_01\20260909.log
64798,2019-06-21,buy,True,107.372,107.059,107.372,107.059,107.091,107.094,False,False,False,2019-06-21T06:00:00,2019-06-21T03:00:00Z,summer_US_DST,6,3,6,CS	0	16:00:11.953	Trade	2019.06.21 06:00:00   buy stop 3.42 USDJPY.DWX at 107.372 sl: 107.059 (107.091 / 107.094),D:\QM\reports\work_items\2fc84747-27db-5e88-9568-3fdda6c30769\QM5_41398\20260909_135814\raw\run_01\20260909.log
64799,2019-06-21,sell,True,107.059,107.372,107.372,107.059,107.091,107.094,False,False,False,2019-06-21T06:00:00,2019-06-21T03:00:00Z,summer_US_DST,6,3,6,CS	0	16:00:11.953	Trade	2019.06.21 06:00:00   sell stop 3.43 USDJPY.DWX at 107.059 sl: 107.372 (107.091 / 107.094),D:\QM\reports\work_items\2fc84747-27db-5e88-9568-3fdda6c30769\QM5_41398\20260909_135814\raw\run_01\20260909.log
64809,2019-06-24,buy,True,107.432,107.265,107.432,107.265,107.354,107.356,False,False,False,2019-06-24T06:00:01,2019-06-24T03:00:01Z,summer_US_DST,6,3,6,CS	0	16:00:12.299	Trade	2019.06.24 06:00:01   buy stop 6.42 USDJPY.DWX at 107.432 sl: 107.265 (107.354 / 107.356),D:\QM\reports\work_items\2fc84747-27db-5e88-9568-3fdda6c30769\QM5_41398\20260909_135814\raw\run_01\20260909.log
64810,2019-06-24,sell,True,107.265,107.432,107.432,107.265,107.354,107.356,False,False,False,2019-06-24T06:00:01,2019-06-24T03:00:01Z,summer_US_DST,6,3,6,CS	0	16:00:12.300	Trade	2019.06.24 06:00:01   sell stop 6.43 USDJPY.DWX at 107.265 sl: 107.432 (107.354 / 107.356),D:\QM\reports\work_items\2fc84747-27db-5e88-9568-3fdda6c30769\QM5_41398\20260909_135814\raw\run_01\20260909.log
64820,2019-06-26,buy,True,107.499,107.161,107.499,107.161,107.446,107.451,False,False,False,2019-06-26T06:00:00,2019-06-26T03:00:00Z,summer_US_DST,6,3,6,CS	0	16:00:12.776	Trade	2019.06.26 06:00:00   buy stop 3.17 USDJPY.DWX at 107.499 sl: 107.161 (107.446 / 107.451),D:\QM\reports\work_items\2fc84747-27db-5e88-9568-3fdda6c30769\QM5_41398\20260909_135814\raw\run_01\20260909.log
64821,2019-06-26,sell,True,107.161,107.499,107.499,107.161,107.446,107.451,False,False,False,2019-06-26T06:00:00,2019-06-26T03:00:00Z,summer_US_DST,6,3,6,CS	0	16:00:12.777	Trade	2019.06.26 06:00:00   sell stop 3.18 USDJPY.DWX at 107.161 sl: 107.499 (107.446 / 107.451),D:\QM\reports\work_items\2fc84747-27db-5e88-9568-3fdda6c30769\QM5_41398\20260909_135814\raw\run_01\20260909.log
64831,2019-06-28,buy,True,107.789,107.560,107.789,107.560,107.632,107.636,False,False,False,2019-06-28T06:00:01,2019-06-28T03:00:01Z,summer_US_DST,6,3,6,CS	0	16:00:13.320	Trade	2019.06.28 06:00:01   buy stop 4.69 USDJPY.DWX at 107.789 sl: 107.560 (107.632 / 107.636),D:\QM\reports\work_items\2fc84747-27db-5e88-9568-3fdda6c30769\QM5_41398\20260909_135814\raw\run_01\20260909.log
64832,2019-06-28,sell,True,107.560,107.789,107.789,107.560,107.632,107.636,False,False,False,2019-06-28T06:00:01,2019-06-28T03:00:01Z,summer_US_DST,6,3,6,CS	0	16:00:13.321	Trade	2019.06.28 06:00:01   sell stop 4.7 USDJPY.DWX at 107.560 sl: 107.789 (107.632 / 107.636),D:\QM\reports\work_items\2fc84747-27db-5e88-9568-3fdda6c30769\QM5_41398\20260909_135814\raw\run_01\20260909.log
64842,2019-07-01,buy,True,108.379,108.102,108.379,108.102,108.231,108.235,False,False,False,2019-07-01T06:00:02,2019-07-01T03:00:02Z,summer_US_DST,6,3,6,CS	0	16:00:13.579	Trade	2019.07.01 06:00:02   buy stop 3.9 USDJPY.DWX at 108.379 sl: 108.102 (108.231 / 108.235),D:\QM\reports\work_items\2fc84747-27db-5e88-9568-3fdda6c30769\QM5_41398\20260909_135814\raw\run_01\20260909.log
64843,2019-07-01,sell,True,108.102,108.379,108.379,108.102,108.231,108.235,False,False,False,2019-07-01T06:00:02,2019-07-01T03:00:02Z,summer_US_DST,6,3,6,CS	0	16:00:13.579	Trade	2019.07.01 06:00:02   sell stop 3.91 USDJPY.DWX at 108.102 sl: 108.379 (108.231 / 108.235),D:\QM\reports\work_items\2fc84747-27db-5e88-9568-3fdda6c30769\QM5_41398\20260909_135814\raw\run_01\20260909.log
64853,2019-07-02,buy,True,108.473,108.339,108.473,108.339,108.419,108.423,False,False,False,2019-07-02T06:00:10,2019-07-02T03:00:10Z,summer_US_DST,6,3,6,CS	0	16:00:13.836	Trade	2019.07.02 06:00:10   buy stop 8.08 USDJPY.DWX at 108.473 sl: 108.339 (108.419 / 108.423),D:\QM\reports\work_items\2fc84747-27db-5e88-9568-3fdda6c30769\QM5_41398\20260909_135814\raw\run_01\20260909.log
64854,2019-07-02,sell,True,108.339,108.473,108.473,108.339,108.419,108.423,False,False,False,2019-07-02T06:00:10,2019-07-02T03:00:10Z,summer_US_DST,6,3,6,CS	0	16:00:13.836	Trade	2019.07.02 06:00:10   sell stop 8.09 USDJPY.DWX at 108.339 sl: 108.473 (108.419 / 108.423),D:\QM\reports\work_items\2fc84747-27db-5e88-9568-3fdda6c30769\QM5_41398\20260909_135814\raw\run_01\20260909.log
64867,2019-07-03,buy,True,107.838,107.533,107.838,107.533,107.582,107.585,False,False,False,2019-07-03T06:00:00,2019-07-03T03:00:00Z,summer_US_DST,6,3,6,CS	0	16:00:14.042	Trade	2019.07.03 06:00:00   buy stop 3.52 USDJPY.DWX at 107.838 sl: 107.533 (107.582 / 107.585),D:\QM\reports\work_items\2fc84747-27db-5e88-9568-3fdda6c30769\QM5_41398\20260909_135814\raw\run_01\20260909.log
64868,2019-07-03,sell,True,107.533,107.838,107.838,107.533,107.582,107.585,False,False,False,2019-07-03T06:00:00,2019-07-03T03:00:00Z,summer_US_DST,6,3,6,CS	0	16:00:14.043	Trade	2019.07.03 06:00:00   sell stop 3.53 USDJPY.DWX at 107.533 sl: 107.838 (107.582 / 107.585),D:\QM\reports\work_items\2fc84747-27db-5e88-9568-3fdda6c30769\QM5_41398\20260909_135814\raw\run_01\20260909.log
64871,2019-07-04,buy,True,107.803,107.707,107.803,107.707,107.758,107.761,False,False,False,2019-07-04T06:00:00,2019-07-04T03:00:00Z,summer_US_DST,6,3,6,CS	0	16:00:14.223	Trade	2019.07.04 06:00:00   buy stop 11.21 USDJPY.DWX at 107.803 sl: 107.707 (107.758 / 107.761),D:\QM\reports\work_items\2fc84747-27db-5e88-9568-3fdda6c30769\QM5_41398\20260909_135814\raw\run_01\20260909.log
64872,2019-07-04,sell,True,107.707,107.803,107.803,107.707,107.758,107.761,False,False,False,2019-07-04T06:00:00,2019-07-04T03:00:00Z,summer_US_DST,6,3,6,CS	0	16:00:14.224	Trade	2019.07.04 06:00:00   sell stop 11.22 USDJPY.DWX at 107.707 sl: 107.803 (107.758 / 107.761),D:\QM\reports\work_items\2fc84747-27db-5e88-9568-3fdda6c30769\QM5_41398\20260909_135814\raw\run_01\20260909.log
64882,2019-07-05,buy,True,107.882,107.803,107.882,107.803,107.851,107.855,False,False,False,2019-07-05T06:00:03,2019-07-05T03:00:03Z,summer_US_DST,6,3,6,CS	0	16:00:14.333	Trade	2019.07.05 06:00:03   buy stop 13.64 USDJPY.DWX at 107.882 sl: 107.803 (107.851 / 107.855),D:\QM\reports\work_items\2fc84747-27db-5e88-9568-3fdda6c30769\QM5_41398\20260909_135814\raw\run_01\20260909.log
64883,2019-07-05,sell,True,107.803,107.882,107.882,107.803,107.851,107.855,False,False,False,2019-07-05T06:00:03,2019-07-05T03:00:03Z,summer_US_DST,6,3,6,CS	0	16:00:14.333	Trade	2019.07.05 06:00:03   sell stop 13.65 USDJPY.DWX at 107.803 sl: 107.882 (107.851 / 107.855),D:\QM\reports\work_items\2fc84747-27db-5e88-9568-3fdda6c30769\QM5_41398\20260909_135814\raw\run_01\20260909.log
64902,2019-07-08,buy,True,108.564,108.393,108.564,108.393,108.397,108.402,False,False,False,2019-07-08T06:00:06,2019-07-08T03:00:06Z,summer_US_DST,6,3,6,CS	0	16:00:14.576	Trade	2019.07.08 06:00:06   buy stop 6.33 USDJPY.DWX at 108.564 sl: 108.393 (108.397 / 108.402),D:\QM\reports\work_items\2fc84747-27db-5e88-9568-3fdda6c30769\QM5_41398\20260909_135814\raw\run_01\20260909.log
64903,2019-07-08,sell,True,108.393,108.564,108.564,108.393,108.397,108.402,False,False,False,2019-07-08T06:00:06,2019-07-08T03:00:06Z,summer_US_DST,6,3,6,CS	0	16:00:14.576	Trade	2019.07.08 06:00:06   sell stop 6.34 USDJPY.DWX at 108.393 sl: 108.564 (108.397 / 108.402),D:\QM\reports\work_items\2fc84747-27db-5e88-9568-3fdda6c30769\QM5_41398\20260909_135814\raw\run_01\20260909.log
64913,2019-07-09,buy,True,108.894,108.724,108.894,108.724,108.832,108.835,False,False,False,2019-07-09T06:00:03,2019-07-09T03:00:03Z,summer_US_DST,6,3,6,CS	0	16:00:14.736	Trade	2019.07.09 06:00:03   buy stop 6.39 USDJPY.DWX at 108.894 sl: 108.724 (108.832 / 108.835),D:\QM\reports\work_items\2fc84747-27db-5e88-9568-3fdda6c30769\QM5_41398\20260909_135814\raw\run_01\20260909.log
64914,2019-07-09,sell,True,108.724,108.894,108.894,108.724,108.832,108.835,False,False,False,2019-07-09T06:00:03,2019-07-09T03:00:03Z,summer_US_DST,6,3,6,CS	0	16:00:14.736	Trade	2019.07.09 06:00:03   sell stop 6.4 USDJPY.DWX at 108.724 sl: 108.894 (108.832 / 108.835),D:\QM\reports\work_items\2fc84747-27db-5e88-9568-3fdda6c30769\QM5_41398\20260909_135814\raw\run_01\20260909.log
64924,2019-07-10,buy,True,108.990,108.879,108.990,108.879,108.896,108.900,False,False,False,2019-07-10T06:00:00,2019-07-10T03:00:00Z,summer_US_DST,6,3,6,CS	0	16:00:14.869	Trade	2019.07.10 06:00:00   buy stop 9.8 USDJPY.DWX at 108.990 sl: 108.879 (108.896 / 108.900),D:\QM\reports\work_items\2fc84747-27db-5e88-9568-3fdda6c30769\QM5_41398\20260909_135814\raw\run_01\20260909.log
64925,2019-07-10,sell,True,108.879,108.990,108.990,108.879,108.896,108.900,False,False,False,2019-07-10T06:00:00,2019-07-10T03:00:00Z,summer_US_DST,6,3,6,CS	0	16:00:14.870	Trade	2019.07.10 06:00:00   sell stop 9.81 USDJPY.DWX at 108.879 sl: 108.990 (108.896 / 108.900),D:\QM\reports\work_items\2fc84747-27db-5e88-9568-3fdda6c30769\QM5_41398\20260909_135814\raw\run_01\20260909.log
64937,2019-07-15,buy,True,108.082,107.808,108.082,107.808,108.058,108.063,False,False,False,2019-07-15T06:00:00,2019-07-15T03:00:00Z,summer_US_DST,6,3,6,CS	0	16:00:15.524	Trade	2019.07.15 06:00:00   buy stop 3.93 USDJPY.DWX at 108.082 sl: 107.808 (108.058 / 108.063),D:\QM\reports\work_items\2fc84747-27db-5e88-9568-3fdda6c30769\QM5_41398\20260909_135814\raw\run_01\20260909.log
64938,2019-07-15,sell,True,107.808,108.082,108.082,107.808,108.058,108.063,False,False,False,2019-07-15T06:00:00,2019-07-15T03:00:00Z,summer_US_DST,6,3,6,CS	0	16:00:15.525	Trade	2019.07.15 06:00:00   sell stop 3.94 USDJPY.DWX at 107.808 sl: 108.082 (108.058 / 108.063),D:\QM\reports\work_items\2fc84747-27db-5e88-9568-3fdda6c30769\QM5_41398\20260909_135814\raw\run_01\20260909.log
64948,2019-07-17,buy,True,108.326,108.111,108.326,108.111,108.173,108.177,False,False,False,2019-07-17T06:00:01,2019-07-17T03:00:01Z,summer_US_DST,6,3,6,CS	0	16:00:15.855	Trade	2019.07.17 06:00:01   buy stop 5.02 USDJPY.DWX at 108.326 sl: 108.111 (108.173 / 108.177),D:\QM\reports\work_items\2fc84747-27db-5e88-9568-3fdda6c30769\QM5_41398\20260909_135814\raw\run_01\20260909.log
64949,2019-07-17,sell,True,108.111,108.326,108.326,108.111,108.173,108.177,False,False,False,2019-07-17T06:00:01,2019-07-17T03:00:01Z,summer_US_DST,6,3,6,CS	0	16:00:15.855	Trade	2019.07.17 06:00:01   sell stop 5.03 USDJPY.DWX at 108.111 sl: 108.326 (108.173 / 108.177),D:\QM\reports\work_items\2fc84747-27db-5e88-9568-3fdda6c30769\QM5_41398\20260909_135814\raw\run_01\20260909.log
64959,2019-07-19,buy,True,107.594,107.329,107.594,107.329,107.524,107.527,False,False,False,2019-07-19T06:00:00,2019-07-19T03:00:00Z,summer_US_DST,6,3,6,CS	0	16:00:16.225	Trade	2019.07.19 06:00:00   buy stop 4.05 USDJPY.DWX at 107.594 sl: 107.329 (107.524 / 107.527),D:\QM\reports\work_items\2fc84747-27db-5e88-9568-3fdda6c30769\QM5_41398\20260909_135814\raw\run_01\20260909.log
64960,2019-07-19,sell,True,107.329,107.594,107.594,107.329,107.524,107.527,False,False,False,2019-07-19T06:00:00,2019-07-19T03:00:00Z,summer_US_DST,6,3,6,CS	0	16:00:16.225	Trade	2019.07.19 06:00:00   sell stop 4.06 USDJPY.DWX at 107.329 sl: 107.594 (107.524 / 107.527),D:\QM\reports\work_items\2fc84747-27db-5e88-9568-3fdda6c30769\QM5_41398\20260909_135814\raw\run_01\20260909.log
64970,2019-07-24,buy,True,108.275,108.119,108.275,108.119,108.183,108.186,False,False,False,2019-07-24T06:00:02,2019-07-24T03:00:02Z,summer_US_DST,6,3,6,CS	0	16:00:16.804	Trade	2019.07.24 06:00:02   buy stop 6.93 USDJPY.DWX at 108.275 sl: 108.119 (108.183 / 108.186),D:\QM\reports\work_items\2fc84747-27db-5e88-9568-3fdda6c30769\QM5_41398\20260909_135814\raw\run_01\20260909.log
64971,2019-07-24,sell,True,108.119,108.275,108.275,108.119,108.183,108.186,False,False,False,2019-07-24T06:00:02,2019-07-24T03:00:02Z,summer_US_DST,6,3,6,CS	0	16:00:16.805	Trade	2019.07.24 06:00:02   sell stop 6.94 USDJPY.DWX at 108.119 sl: 108.275 (108.183 / 108.186),D:\QM\reports\work_items\2fc84747-27db-5e88-9568-3fdda6c30769\QM5_41398\20260909_135814\raw\run_01\20260909.log
64983,2019-07-25,buy,True,108.240,108.120,108.240,108.120,108.153,108.158,False,False,False,2019-07-25T06:00:06,2019-07-25T03:00:06Z,summer_US_DST,6,3,6,CS	0	16:00:17.002	Trade	2019.07.25 06:00:06   buy stop 9 USDJPY.DWX at 108.240 sl: 108.120 (108.153 / 108.158),D:\QM\reports\work_items\2fc84747-27db-5e88-9568-3fdda6c30769\QM5_41398\20260909_135814\raw\run_01\20260909.log
64984,2019-07-25,sell,True,108.120,108.240,108.240,108.120,108.153,108.158,False,False,False,2019-07-25T06:00:06,2019-07-25T03:00:06Z,summer_US_DST,6,3,6,CS	0	16:00:17.003	Trade	2019.07.25 06:00:06   sell stop 9.02 USDJPY.DWX at 108.120 sl: 108.240 (108.153 / 108.158),D:\QM\reports\work_items\2fc84747-27db-5e88-9568-3fdda6c30769\QM5_41398\20260909_135814\raw\run_01\20260909.log
64994,2019-07-26,buy,True,108.741,108.569,108.741,108.569,108.573,108.576,False,False,False,2019-07-26T06:00:00,2019-07-26T03:00:00Z,summer_US_DST,6,3,6,CS	0	16:00:17.238	Trade	2019.07.26 06:00:00   buy stop 6.31 USDJPY.DWX at 108.741 sl: 108.569 (108.573 / 108.576),D:\QM\reports\work_items\2fc84747-27db-5e88-9568-3fdda6c30769\QM5_41398\20260909_135814\raw\run_01\20260909.log
64995,2019-07-26,sell,True,108.569,108.741,108.741,108.569,108.573,108.576,False,False,False,2019-07-26T06:00:00,2019-07-26T03:00:00Z,summer_US_DST,6,3,6,CS	0	16:00:17.238	Trade	2019.07.26 06:00:00   sell stop 6.32 USDJPY.DWX at 108.569 sl: 108.741 (108.573 / 108.576),D:\QM\reports\work_items\2fc84747-27db-5e88-9568-3fdda6c30769\QM5_41398\20260909_135814\raw\run_01\20260909.log
65005,2019-07-31,buy,True,108.651,108.499,108.651,108.499,108.555,108.558,False,False,False,2019-07-31T06:00:00,2019-07-31T03:00:00Z,summer_US_DST,6,3,6,CS	0	16:00:17.663	Trade	2019.07.31 06:00:00   buy stop 7.13 USDJPY.DWX at 108.651 sl: 108.499 (108.555 / 108.558),D:\QM\reports\work_items\2fc84747-27db-5e88-9568-3fdda6c30769\QM5_41398\20260909_135814\raw\run_01\20260909.log
65006,2019-07-31,sell,True,108.499,108.651,108.651,108.499,108.555,108.558,False,False,False,2019-07-31T06:00:00,2019-07-31T03:00:00Z,summer_US_DST,6,3,6,CS	0	16:00:17.663	Trade	2019.07.31 06:00:00   sell stop 7.14 USDJPY.DWX at 108.499 sl: 108.651 (108.555 / 108.558),D:\QM\reports\work_items\2fc84747-27db-5e88-9568-3fdda6c30769\QM5_41398\20260909_135814\raw\run_01\20260909.log
65016,2019-08-02,buy,True,107.495,106.850,107.495,106.850,107.064,107.067,False,False,False,2019-08-02T06:00:00,2019-08-02T03:00:00Z,summer_US_DST,6,3,6,CS	0	16:00:18.379	Trade	2019.08.02 06:00:00   buy stop 1.65 USDJPY.DWX at 107.495 sl: 106.850 (107.064 / 107.067),D:\QM\reports\work_items\2fc84747-27db-5e88-9568-3fdda6c30769\QM5_41398\20260909_135814\raw\run_01\20260909.log
65017,2019-08-02,sell,True,106.850,107.495,107.495,106.850,107.064,107.067,False,False,False,2019-08-02T06:00:00,2019-08-02T03:00:00Z,summer_US_DST,6,3,6,CS	0	16:00:18.379	Trade	2019.08.02 06:00:00   sell stop 1.66 USDJPY.DWX at 106.850 sl: 107.495 (107.064 / 107.067),D:\QM\reports\work_items\2fc84747-27db-5e88-9568-3fdda6c30769\QM5_41398\20260909_135814\raw\run_01\20260909.log
65027,2019-08-07,buy,True,106.375,105.996,106.375,105.996,106.104,106.107,False,False,False,2019-08-07T06:00:00,2019-08-07T03:00:00Z,summer_US_DST,6,3,6,CS	0	16:00:20.493	Trade	2019.08.07 06:00:00   buy stop 2.79 USDJPY.DWX at 106.375 sl: 105.996 (106.104 / 106.107),D:\QM\reports\work_items\2fc84747-27db-5e88-9568-3fdda6c30769\QM5_41398\20260909_135814\raw\run_01\20260909.log
65028,2019-08-07,sell,True,105.996,106.375,106.375,105.996,106.104,106.107,False,False,False,2019-08-07T06:00:00,2019-08-07T03:00:00Z,summer_US_DST,6,3,6,CS	0	16:00:20.494	Trade	2019.08.07 06:00:00   sell stop 2.8 USDJPY.DWX at 105.996 sl: 106.375 (106.104 / 106.107),D:\QM\reports\work_items\2fc84747-27db-5e88-9568-3fdda6c30769\QM5_41398\20260909_135814\raw\run_01\20260909.log
65038,2019-08-08,buy,True,106.303,105.997,106.303,105.997,106.146,106.149,False,False,False,2019-08-08T06:00:00,2019-08-08T03:00:00Z,summer_US_DST,6,3,6,CS	0	16:00:21.350	Trade	2019.08.08 06:00:00   buy stop 3.46 USDJPY.DWX at 106.303 sl: 105.997 (106.146 / 106.149),D:\QM\reports\work_items\2fc84747-27db-5e88-9568-3fdda6c30769\QM5_41398\20260909_135814\raw\run_01\20260909.log
65039,2019-08-08,sell,True,105.997,106.303,106.303,105.997,106.146,106.149,False,False,False,2019-08-08T06:00:00,2019-08-08T03:00:00Z,summer_US_DST,6,3,6,CS	0	16:00:21.350	Trade	2019.08.08 06:00:00   sell stop 3.47 USDJPY.DWX at 105.997 sl: 106.303 (106.146 / 106.149),D:\QM\reports\work_items\2fc84747-27db-5e88-9568-3fdda6c30769\QM5_41398\20260909_135814\raw\run_01\20260909.log
65049,2019-08-09,buy,True,106.079,105.863,106.079,105.863,106.011,106.014,False,False,False,2019-08-09T06:00:00,2019-08-09T03:00:00Z,summer_US_DST,6,3,6,CS	0	16:00:21.899	Trade	2019.08.09 06:00:00   buy stop 4.9 USDJPY.DWX at 106.079 sl: 105.863 (106.011 / 106.014),D:\QM\reports\work_items\2fc84747-27db-5e88-9568-3fdda6c30769\QM5_41398\20260909_135814\raw\run_01\20260909.log
65050,2019-08-09,sell,True,105.863,106.079,106.079,105.863,106.011,106.014,False,False,False,2019-08-09T06:00:00,2019-08-09T03:00:00Z,summer_US_DST,6,3,6,CS	0	16:00:21.899	Trade	2019.08.09 06:00:00   sell stop 4.91 USDJPY.DWX at 105.863 sl: 106.079 (106.011 / 106.014),D:\QM\reports\work_items\2fc84747-27db-5e88-9568-3fdda6c30769\QM5_41398\20260909_135814\raw\run_01\20260909.log
65062,2019-08-12,buy,True,105.564,105.365,105.564,105.365,105.463,105.466,False,False,False,2019-08-12T06:00:01,2019-08-12T03:00:01Z,summer_US_DST,6,3,6,CS	0	16:00:22.328	Trade	2019.08.12 06:00:01   buy stop 5.29 USDJPY.DWX at 105.564 sl: 105.365 (105.463 / 105.466),D:\QM\reports\work_items\2fc84747-27db-5e88-9568-3fdda6c30769\QM5_41398\20260909_135814\raw\run_01\20260909.log
65063,2019-08-12,sell,True,105.365,105.564,105.564,105.365,105.463,105.466,False,False,False,2019-08-12T06:00:01,2019-08-12T03:00:01Z,summer_US_DST,6,3,6,CS	0	16:00:22.329	Trade	2019.08.12 06:00:01   sell stop 5.3 USDJPY.DWX at 105.365 sl: 105.564 (105.463 / 105.466),D:\QM\reports\work_items\2fc84747-27db-5e88-9568-3fdda6c30769\QM5_41398\20260909_135814\raw\run_01\20260909.log
65073,2019-08-13,buy,True,105.584,105.312,105.584,105.312,105.513,105.517,False,False,False,2019-08-13T06:00:00,2019-08-13T03:00:00Z,summer_US_DST,6,3,6,CS	0	16:00:22.713	Trade	2019.08.13 06:00:00   buy stop 3.87 USDJPY.DWX at 105.584 sl: 105.312 (105.513 / 105.517),D:\QM\reports\work_items\2fc84747-27db-5e88-9568-3fdda6c30769\QM5_41398\20260909_135814\raw\run_01\20260909.log
65074,2019-08-13,sell,True,105.312,105.584,105.584,105.312,105.513,105.517,False,False,False,2019-08-13T06:00:00,2019-08-13T03:00:00Z,summer_US_DST,6,3,6,CS	0	16:00:22.713	Trade	2019.08.13 06:00:00   sell stop 3.88 USDJPY.DWX at 105.312 sl: 105.584 (105.513 / 105.517),D:\QM\reports\work_items\2fc84747-27db-5e88-9568-3fdda6c30769\QM5_41398\20260909_135814\raw\run_01\20260909.log
65084,2019-08-14,buy,True,106.610,106.237,106.610,106.237,106.289,106.292,False,False,False,2019-08-14T06:00:09,2019-08-14T03:00:09Z,summer_US_DST,6,3,6,CS	0	16:00:23.342	Trade	2019.08.14 06:00:09   buy stop 2.84 USDJPY.DWX at 106.610 sl: 106.237 (106.289 / 106.292),D:\QM\reports\work_items\2fc84747-27db-5e88-9568-3fdda6c30769\QM5_41398\20260909_135814\raw\run_01\20260909.log
65085,2019-08-14,sell,True,106.237,106.610,106.610,106.237,106.289,106.292,False,False,False,2019-08-14T06:00:09,2019-08-14T03:00:09Z,summer_US_DST,6,3,6,CS	0	16:00:23.342	Trade	2019.08.14 06:00:09   sell stop 2.85 USDJPY.DWX at 106.237 sl: 106.610 (106.289 / 106.292),D:\QM\reports\work_items\2fc84747-27db-5e88-9568-3fdda6c30769\QM5_41398\20260909_135814\raw\run_01\20260909.log
65095,2019-08-15,buy,True,106.032,105.812,106.032,105.812,105.917,105.920,False,False,False,2019-08-15T06:00:00,2019-08-15T03:00:00Z,summer_US_DST,6,3,6,CS	0	16:00:23.917	Trade	2019.08.15 06:00:00   buy stop 4.8 USDJPY.DWX at 106.032 sl: 105.812 (105.917 / 105.920),D:\QM\reports\work_items\2fc84747-27db-5e88-9568-3fdda6c30769\QM5_41398\20260909_135814\raw\run_01\20260909.log
65096,2019-08-15,sell,True,105.812,106.032,106.032,105.812,105.917,105.920,False,False,False,2019-08-15T06:00:00,2019-08-15T03:00:00Z,summer_US_DST,6,3,6,CS	0	16:00:23.918	Trade	2019.08.15 06:00:00   sell stop 4.81 USDJPY.DWX at 105.812 sl: 106.032 (105.917 / 105.920),D:\QM\reports\work_items\2fc84747-27db-5e88-9568-3fdda6c30769\QM5_41398\20260909_135814\raw\run_01\20260909.log
65109,2019-08-16,buy,True,106.272,106.024,106.272,106.024,106.188,106.188,False,False,False,2019-08-16T06:00:00,2019-08-16T03:00:00Z,summer_US_DST,6,3,6,CS	0	16:00:24.555	Trade	2019.08.16 06:00:00   buy stop 4.27 USDJPY.DWX at 106.272 sl: 106.024 (106.188 / 106.188),D:\QM\reports\work_items\2fc84747-27db-5e88-9568-3fdda6c30769\QM5_41398\20260909_135814\raw\run_01\20260909.log
65110,2019-08-16,sell,True,106.024,106.272,106.272,106.024,106.188,106.188,False,False,False,2019-08-16T06:00:00,2019-08-16T03:00:00Z,summer_US_DST,6,3,6,CS	0	16:00:24.555	Trade	2019.08.16 06:00:00   sell stop 4.28 USDJPY.DWX at 106.024 sl: 106.272 (106.188 / 106.188),D:\QM\reports\work_items\2fc84747-27db-5e88-9568-3fdda6c30769\QM5_41398\20260909_135814\raw\run_01\20260909.log
65120,2019-08-19,buy,True,106.433,106.246,106.433,106.246,106.320,106.323,False,False,False,2019-08-19T06:00:00,2019-08-19T03:00:00Z,summer_US_DST,6,3,6,CS	0	16:00:24.969	Trade	2019.08.19 06:00:00   buy stop 5.68 USDJPY.DWX at 106.433 sl: 106.246 (106.320 / 106.323),D:\QM\reports\work_items\2fc84747-27db-5e88-9568-3fdda6c30769\QM5_41398\20260909_135814\raw\run_01\20260909.log
65121,2019-08-19,sell,True,106.246,106.433,106.433,106.246,106.320,106.323,False,False,False,2019-08-19T06:00:00,2019-08-19T03:00:00Z,summer_US_DST,6,3,6,CS	0	16:00:24.969	Trade	2019.08.19 06:00:00   sell stop 5.69 USDJPY.DWX at 106.246 sl: 106.433 (106.320 / 106.323),D:\QM\reports\work_items\2fc84747-27db-5e88-9568-3fdda6c30769\QM5_41398\20260909_135814\raw\run_01\20260909.log
65135,2019-08-20,buy,True,106.691,106.511,106.691,106.511,106.569,106.573,False,False,False,2019-08-20T06:00:00,2019-08-20T03:00:00Z,summer_US_DST,6,3,6,CS	0	16:00:25.302	Trade	2019.08.20 06:00:00   buy stop 5.91 USDJPY.DWX at 106.691 sl: 106.511 (106.569 / 106.573),D:\QM\reports\work_items\2fc84747-27db-5e88-9568-3fdda6c30769\QM5_41398\20260909_135814\raw\run_01\20260909.log
65136,2019-08-20,sell,True,106.511,106.691,106.691,106.511,106.569,106.573,False,False,False,2019-08-20T06:00:00,2019-08-20T03:00:00Z,summer_US_DST,6,3,6,CS	0	16:00:25.302	Trade	2019.08.20 06:00:00   sell stop 5.92 USDJPY.DWX at 106.511 sl: 106.691 (106.569 / 106.573),D:\QM\reports\work_items\2fc84747-27db-5e88-9568-3fdda6c30769\QM5_41398\20260909_135814\raw\run_01\20260909.log
65150,2019-08-21,buy,True,106.503,106.273,106.503,106.273,106.488,106.492,False,False,False,2019-08-21T06:00:00,2019-08-21T03:00:00Z,summer_US_DST,6,3,6,CS	0	16:00:25.601	Trade	2019.08.21 06:00:00   buy stop 4.62 USDJPY.DWX at 106.503 sl: 106.273 (106.488 / 106.492),D:\QM\reports\work_items\2fc84747-27db-5e88-9568-3fdda6c30769\QM5_41398\20260909_135814\raw\run_01\20260909.log
65151,2019-08-21,sell,True,106.273,106.503,106.503,106.273,106.488,106.492,False,False,False,2019-08-21T06:00:00,2019-08-21T03:00:00Z,summer_US_DST,6,3,6,CS	0	16:00:25.601	Trade	2019.08.21 06:00:00   sell stop 4.63 USDJPY.DWX at 106.273 sl: 106.503 (106.488 / 106.492),D:\QM\reports\work_items\2fc84747-27db-5e88-9568-3fdda6c30769\QM5_41398\20260909_135814\raw\run_01\20260909.log
65161,2019-08-22,buy,True,106.652,106.420,106.652,106.420,106.421,106.423,False,False,False,2019-08-22T06:00:00,2019-08-22T03:00:00Z,summer_US_DST,6,3,6,CS	0	16:00:25.837	Trade	2019.08.22 06:00:00   buy stop 4.58 USDJPY.DWX at 106.652 sl: 106.420 (106.421 / 106.423),D:\QM\reports\work_items\2fc84747-27db-5e88-9568-3fdda6c30769\QM5_41398\20260909_135814\raw\run_01\20260909.log
65162,2019-08-22,sell,True,106.420,106.652,106.652,106.420,106.421,106.423,False,False,False,2019-08-22T06:00:00,2019-08-22T03:00:00Z,summer_US_DST,6,3,6,CS	0	16:00:25.837	Trade	2019.08.22 06:00:00   sell stop 4.59 USDJPY.DWX at 106.420 sl: 106.652 (106.421 / 106.423),D:\QM\reports\work_items\2fc84747-27db-5e88-9568-3fdda6c30769\QM5_41398\20260909_135814\raw\run_01\20260909.log
65172,2019-08-23,buy,True,106.621,106.468,106.621,106.468,106.555,106.558,False,False,False,2019-08-23T06:00:01,2019-08-23T03:00:01Z,summer_US_DST,6,3,6,CS	0	16:00:26.238	Trade	2019.08.23 06:00:01   buy stop 6.95 USDJPY.DWX at 106.621 sl: 106.468 (106.555 / 106.558),D:\QM\reports\work_items\2fc84747-27db-5e88-9568-3fdda6c30769\QM5_41398\20260909_135814\raw\run_01\20260909.log
65173,2019-08-23,sell,True,106.468,106.621,106.621,106.468,106.555,106.558,False,False,False,2019-08-23T06:00:01,2019-08-23T03:00:01Z,summer_US_DST,6,3,6,CS	0	16:00:26.238	Trade	2019.08.23 06:00:01   sell stop 6.96 USDJPY.DWX at 106.468 sl: 106.621 (106.555 / 106.558),D:\QM\reports\work_items\2fc84747-27db-5e88-9568-3fdda6c30769\QM5_41398\20260909_135814\raw\run_01\20260909.log
65183,2019-08-27,buy,True,106.002,105.680,106.002,105.680,105.744,105.747,False,False,False,2019-08-27T06:00:01,2019-08-27T03:00:01Z,summer_US_DST,6,3,6,CS	0	16:00:27.455	Trade	2019.08.27 06:00:01   buy stop 3.28 USDJPY.DWX at 106.002 sl: 105.680 (105.744 / 105.747),D:\QM\reports\work_items\2fc84747-27db-5e88-9568-3fdda6c30769\QM5_41398\20260909_135814\raw\run_01\20260909.log
65184,2019-08-27,sell,True,105.680,106.002,106.002,105.680,105.744,105.747,False,False,False,2019-08-27T06:00:01,2019-08-27T03:00:01Z,summer_US_DST,6,3,6,CS	0	16:00:27.455	Trade	2019.08.27 06:00:01   sell stop 3.29 USDJPY.DWX at 105.680 sl: 106.002 (105.744 / 105.747),D:\QM\reports\work_items\2fc84747-27db-5e88-9568-3fdda6c30769\QM5_41398\20260909_135814\raw\run_01\20260909.log
65194,2019-08-28,buy,True,105.889,105.651,105.889,105.651,105.828,105.832,False,False,False,2019-08-28T06:00:00,2019-08-28T03:00:00Z,summer_US_DST,6,3,6,CS	0	16:00:27.931	Trade	2019.08.28 06:00:00   buy stop 4.43 USDJPY.DWX at 105.889 sl: 105.651 (105.828 / 105.832),D:\QM\reports\work_items\2fc84747-27db-5e88-9568-3fdda6c30769\QM5_41398\20260909_135814\raw\run_01\20260909.log
65195,2019-08-28,sell,True,105.651,105.889,105.889,105.651,105.828,105.832,False,False,False,2019-08-28T06:00:00,2019-08-28T03:00:00Z,summer_US_DST,6,3,6,CS	0	16:00:27.931	Trade	2019.08.28 06:00:00   sell stop 4.44 USDJPY.DWX at 105.651 sl: 105.889 (105.828 / 105.832),D:\QM\reports\work_items\2fc84747-27db-5e88-9568-3fdda6c30769\QM5_41398\20260909_135814\raw\run_01\20260909.log
65205,2019-08-29,buy,True,106.123,105.827,106.123,105.827,105.909,105.912,False,False,False,2019-08-29T06:00:00,2019-08-29T03:00:00Z,summer_US_DST,6,3,6,CS	0	16:00:28.380	Trade	2019.08.29 06:00:00   buy stop 3.57 USDJPY.DWX at 106.123 sl: 105.827 (105.909 / 105.912),D:\QM\reports\work_items\2fc84747-27db-5e88-9568-3fdda6c30769\QM5_41398\20260909_135814\raw\run_01\20260909.log
65206,2019-08-29,sell,True,105.827,106.123,106.123,105.827,105.909,105.912,False,False,False,2019-08-29T06:00:00,2019-08-29T03:00:00Z,summer_US_DST,6,3,6,CS	0	16:00:28.380	Trade	2019.08.29 06:00:00   sell stop 3.58 USDJPY.DWX at 105.827 sl: 106.123 (105.909 / 105.912),D:\QM\reports\work_items\2fc84747-27db-5e88-9568-3fdda6c30769\QM5_41398\20260909_135814\raw\run_01\20260909.log
65218,2019-08-30,buy,True,106.544,106.379,106.544,106.379,106.509,106.513,False,False,False,2019-08-30T06:00:00,2019-08-30T03:00:00Z,summer_US_DST,6,3,6,CS	0	16:00:28.842	Trade	2019.08.30 06:00:00   buy stop 6.44 USDJPY.DWX at 106.544 sl: 106.379 (106.509 / 106.513),D:\QM\reports\work_items\2fc84747-27db-5e88-9568-3fdda6c30769\QM5_41398\20260909_135814\raw\run_01\20260909.log
65219,2019-08-30,sell,True,106.379,106.544,106.544,106.379,106.509,106.513,False,False,False,2019-08-30T06:00:00,2019-08-30T03:00:00Z,summer_US_DST,6,3,6,CS	0	16:00:28.842	Trade	2019.08.30 06:00:00   sell stop 6.45 USDJPY.DWX at 106.379 sl: 106.544 (106.509 / 106.513),D:\QM\reports\work_items\2fc84747-27db-5e88-9568-3fdda6c30769\QM5_41398\20260909_135814\raw\run_01\20260909.log
65233,2019-09-02,buy,True,106.241,106.076,106.241,106.076,106.176,106.180,False,False,False,2019-09-02T06:00:00,2019-09-02T03:00:00Z,summer_US_DST,6,3,6,CS	0	16:00:29.317	Trade	2019.09.02 06:00:00   buy stop 6.42 USDJPY.DWX at 106.241 sl: 106.076 (106.176 / 106.180),D:\QM\reports\work_items\2fc84747-27db-5e88-9568-3fdda6c30769\QM5_41398\20260909_135814\raw\run_01\20260909.log
65234,2019-09-02,sell,True,106.076,106.241,106.241,106.076,106.176,106.180,False,False,False,2019-09-02T06:00:00,2019-09-02T03:00:00Z,summer_US_DST,6,3,6,CS	0	16:00:29.318	Trade	2019.09.02 06:00:00   sell stop 6.43 USDJPY.DWX at 106.076 sl: 106.241 (106.176 / 106.180),D:\QM\reports\work_items\2fc84747-27db-5e88-9568-3fdda6c30769\QM5_41398\20260909_135814\raw\run_01\20260909.log
65244,2019-09-03,buy,True,106.385,106.196,106.385,106.196,106.379,106.382,False,False,False,2019-09-03T06:00:00,2019-09-03T03:00:00Z,summer_US_DST,6,3,6,CS	0	16:00:29.566	Trade	2019.09.03 06:00:00   buy stop 5.61 USDJPY.DWX at 106.385 sl: 106.196 (106.379 / 106.382),D:\QM\reports\work_items\2fc84747-27db-5e88-9568-3fdda6c30769\QM5_41398\20260909_135814\raw\run_01\20260909.log
65245,2019-09-03,sell,True,106.196,106.385,106.385,106.196,106.379,106.382,False,False,False,2019-09-03T06:00:00,2019-09-03T03:00:00Z,summer_US_DST,6,3,6,CS	0	16:00:29.567	Trade	2019.09.03 06:00:00   sell stop 5.62 USDJPY.DWX at 106.196 sl: 106.385 (106.379 / 106.382),D:\QM\reports\work_items\2fc84747-27db-5e88-9568-3fdda6c30769\QM5_41398\20260909_135814\raw\run_01\20260909.log
65258,2019-09-04,buy,True,106.069,105.827,106.069,105.827,105.986,105.990,False,False,False,2019-09-04T06:00:00,2019-09-04T03:00:00Z,summer_US_DST,6,3,6,CS	0	16:00:29.907	Trade	2019.09.04 06:00:00   buy stop 4.37 USDJPY.DWX at 106.069 sl: 105.827 (105.986 / 105.990),D:\QM\reports\work_items\2fc84747-27db-5e88-9568-3fdda6c30769\QM5_41398\20260909_135814\raw\run_01\20260909.log
65259,2019-09-04,sell,True,105.827,106.069,106.069,105.827,105.986,105.990,False,False,False,2019-09-04T06:00:00,2019-09-04T03:00:00Z,summer_US_DST,6,3,6,CS	0	16:00:29.907	Trade	2019.09.04 06:00:00   sell stop 4.38 USDJPY.DWX at 105.827 sl: 106.069 (105.986 / 105.990),D:\QM\reports\work_items\2fc84747-27db-5e88-9568-3fdda6c30769\QM5_41398\20260909_135814\raw\run_01\20260909.log
65269,2019-09-06,buy,True,107.101,106.915,107.101,106.915,107.063,107.068,False,False,False,2019-09-06T06:00:02,2019-09-06T03:00:02Z,summer_US_DST,6,3,6,CS	0	16:00:30.562	Trade	2019.09.06 06:00:02   buy stop 5.74 USDJPY.DWX at 107.101 sl: 106.915 (107.063 / 107.068),D:\QM\reports\work_items\2fc84747-27db-5e88-9568-3fdda6c30769\QM5_41398\20260909_135814\raw\run_01\20260909.log
65270,2019-09-06,sell,True,106.915,107.101,107.101,106.915,107.063,107.068,False,False,False,2019-09-06T06:00:02,2019-09-06T03:00:02Z,summer_US_DST,6,3,6,CS	0	16:00:30.562	Trade	2019.09.06 06:00:02   sell stop 5.75 USDJPY.DWX at 106.915 sl: 107.101 (107.063 / 107.068),D:\QM\reports\work_items\2fc84747-27db-5e88-9568-3fdda6c30769\QM5_41398\20260909_135814\raw\run_01\20260909.log
65282,2019-09-09,buy,True,107.022,106.760,107.022,106.760,106.905,106.909,False,False,False,2019-09-09T06:00:02,2019-09-09T03:00:02Z,summer_US_DST,6,3,6,CS	0	16:00:30.866	Trade	2019.09.09 06:00:02   buy stop 4.07 USDJPY.DWX at 107.022 sl: 106.760 (106.905 / 106.909),D:\QM\reports\work_items\2fc84747-27db-5e88-9568-3fdda6c30769\QM5_41398\20260909_135814\raw\run_01\20260909.log
65283,2019-09-09,sell,True,106.760,107.022,107.022,106.760,106.905,106.909,False,False,False,2019-09-09T06:00:02,2019-09-09T03:00:02Z,summer_US_DST,6,3,6,CS	0	16:00:30.866	Trade	2019.09.09 06:00:02   sell stop 4.08 USDJPY.DWX at 106.760 sl: 107.022 (106.905 / 106.909),D:\QM\reports\work_items\2fc84747-27db-5e88-9568-3fdda6c30769\QM5_41398\20260909_135814\raw\run_01\20260909.log
65293,2019-09-10,buy,True,107.497,107.288,107.497,107.288,107.378,107.383,False,False,False,2019-09-10T06:00:00,2019-09-10T03:00:00Z,summer_US_DST,6,3,6,CS	0	16:00:31.124	Trade	2019.09.10 06:00:00   buy stop 5.13 USDJPY.DWX at 107.497 sl: 107.288 (107.378 / 107.383),D:\QM\reports\work_items\2fc84747-27db-5e88-9568-3fdda6c30769\QM5_41398\20260909_135814\raw\run_01\20260909.log
65294,2019-09-10,sell,True,107.288,107.497,107.497,107.288,107.378,107.383,False,False,False,2019-09-10T06:00:00,2019-09-10T03:00:00Z,summer_US_DST,6,3,6,CS	0	16:00:31.125	Trade	2019.09.10 06:00:00   sell stop 5.14 USDJPY.DWX at 107.288 sl: 107.497 (107.378 / 107.383),D:\QM\reports\work_items\2fc84747-27db-5e88-9568-3fdda6c30769\QM5_41398\20260909_135814\raw\run_01\20260909.log
65304,2019-09-11,buy,True,107.693,107.546,107.693,107.546,107.683,107.686,False,False,False,2019-09-11T06:00:00,2019-09-11T03:00:00Z,summer_US_DST,6,3,6,CS	0	16:00:31.461	Trade	2019.09.11 06:00:00   buy stop 7.31 USDJPY.DWX at 107.693 sl: 107.546 (107.683 / 107.686),D:\QM\reports\work_items\2fc84747-27db-5e88-9568-3fdda6c30769\QM5_41398\20260909_135814\raw\run_01\20260909.log
65305,2019-09-11,sell,True,107.546,107.693,107.693,107.546,107.683,107.686,False,False,False,2019-09-11T06:00:00,2019-09-11T03:00:00Z,summer_US_DST,6,3,6,CS	0	16:00:31.462	Trade	2019.09.11 06:00:00   sell stop 7.32 USDJPY.DWX at 107.546 sl: 107.693 (107.683 / 107.686),D:\QM\reports\work_items\2fc84747-27db-5e88-9568-3fdda6c30769\QM5_41398\20260909_135814\raw\run_01\20260909.log
65318,2019-09-12,buy,True,108.102,107.948,108.102,107.948,108.039,108.043,False,False,False,2019-09-12T06:00:00,2019-09-12T03:00:00Z,summer_US_DST,6,3,6,CS	0	16:00:31.757	Trade	2019.09.12 06:00:00   buy stop 7 USDJPY.DWX at 108.102 sl: 107.948 (108.039 / 108.043),D:\QM\reports\work_items\2fc84747-27db-5e88-9568-3fdda6c30769\QM5_41398\20260909_135814\raw\run_01\20260909.log
65319,2019-09-12,sell,True,107.948,108.102,108.102,107.948,108.039,108.043,False,False,False,2019-09-12T06:00:00,2019-09-12T03:00:00Z,summer_US_DST,6,3,6,CS	0	16:00:31.757	Trade	2019.09.12 06:00:00   sell stop 7.01 USDJPY.DWX at 107.948 sl: 108.102 (108.039 / 108.043),D:\QM\reports\work_items\2fc84747-27db-5e88-9568-3fdda6c30769\QM5_41398\20260909_135814\raw\run_01\20260909.log
65329,2019-09-13,buy,True,108.259,108.106,108.259,108.106,108.181,108.184,False,False,False,2019-09-13T06:00:00,2019-09-13T03:00:00Z,summer_US_DST,6,3,6,CS	0	16:00:32.318	Trade	2019.09.13 06:00:00   buy stop 7.06 USDJPY.DWX at 108.259 sl: 108.106 (108.181 / 108.184),D:\QM\reports\work_items\2fc84747-27db-5e88-9568-3fdda6c30769\QM5_41398\20260909_135814\raw\run_01\20260909.log
65330,2019-09-13,sell,True,108.106,108.259,108.259,108.106,108.181,108.184,False,False,False,2019-09-13T06:00:00,2019-09-13T03:00:00Z,summer_US_DST,6,3,6,CS	0	16:00:32.318	Trade	2019.09.13 06:00:00   sell stop 7.07 USDJPY.DWX at 108.106 sl: 108.259 (108.181 / 108.184),D:\QM\reports\work_items\2fc84747-27db-5e88-9568-3fdda6c30769\QM5_41398\20260909_135814\raw\run_01\20260909.log
65343,2019-09-16,buy,True,107.795,107.497,107.795,107.497,107.792,107.793,False,False,False,2019-09-16T06:00:00,2019-09-16T03:00:00Z,summer_US_DST,6,3,6,CS	0	16:00:32.645	Trade	2019.09.16 06:00:00   buy stop 3.6 USDJPY.DWX at 107.795 sl: 107.497 (107.792 / 107.793),D:\QM\reports\work_items\2fc84747-27db-5e88-9568-3fdda6c30769\QM5_41398\20260909_135814\raw\run_01\20260909.log
65344,2019-09-16,sell,True,107.497,107.795,107.795,107.497,107.792,107.793,False,False,False,2019-09-16T06:00:00,2019-09-16T03:00:00Z,summer_US_DST,6,3,6,CS	0	16:00:32.645	Trade	2019.09.16 06:00:00   sell stop 3.61 USDJPY.DWX at 107.497 sl: 107.795 (107.792 / 107.793),D:\QM\reports\work_items\2fc84747-27db-5e88-9568-3fdda6c30769\QM5_41398\20260909_135814\raw\run_01\20260909.log
65354,2019-09-18,buy,True,108.265,108.095,108.265,108.095,108.261,108.264,False,False,False,2019-09-18T06:00:10,2019-09-18T03:00:10Z,summer_US_DST,6,3,6,CS	0	16:00:33.346	Trade	2019.09.18 06:00:10   buy stop 6.35 USDJPY.DWX at 108.265 sl: 108.095 (108.261 / 108.264),D:\QM\reports\work_items\2fc84747-27db-5e88-9568-3fdda6c30769\QM5_41398\20260909_135814\raw\run_01\20260909.log
65355,2019-09-18,sell,True,108.095,108.265,108.265,108.095,108.261,108.264,False,False,False,2019-09-18T06:00:10,2019-09-18T03:00:10Z,summer_US_DST,6,3,6,CS	0	16:00:33.346	Trade	2019.09.18 06:00:10   sell stop 6.36 USDJPY.DWX at 108.095 sl: 108.265 (108.261 / 108.264),D:\QM\reports\work_items\2fc84747-27db-5e88-9568-3fdda6c30769\QM5_41398\20260909_135814\raw\run_01\20260909.log
65365,2019-09-20,buy,True,108.085,107.897,108.085,107.897,107.921,107.927,False,False,False,2019-09-20T06:00:02,2019-09-20T03:00:02Z,summer_US_DST,6,3,6,CS	0	16:00:33.921	Trade	2019.09.20 06:00:02   buy stop 5.73 USDJPY.DWX at 108.085 sl: 107.897 (107.921 / 107.927),D:\QM\reports\work_items\2fc84747-27db-5e88-9568-3fdda6c30769\QM5_41398\20260909_135814\raw\run_01\20260909.log
65366,2019-09-20,sell,True,107.897,108.085,108.085,107.897,107.921,107.927,False,False,False,2019-09-20T06:00:02,2019-09-20T03:00:02Z,summer_US_DST,6,3,6,CS	0	16:00:33.922	Trade	2019.09.20 06:00:02   sell stop 5.74 USDJPY.DWX at 107.897 sl: 108.085 (107.921 / 107.927),D:\QM\reports\work_items\2fc84747-27db-5e88-9568-3fdda6c30769\QM5_41398\20260909_135814\raw\run_01\20260909.log
65376,2019-09-23,buy,True,107.754,107.631,107.754,107.631,107.691,107.696,False,False,False,2019-09-23T06:00:00,2019-09-23T03:00:00Z,summer_US_DST,6,3,6,CS	0	16:00:34.233	Trade	2019.09.23 06:00:00   buy stop 8.75 USDJPY.DWX at 107.754 sl: 107.631 (107.691 / 107.696),D:\QM\reports\work_items\2fc84747-27db-5e88-9568-3fdda6c30769\QM5_41398\20260909_135814\raw\run_01\20260909.log
65377,2019-09-23,sell,True,107.631,107.754,107.754,107.631,107.691,107.696,False,False,False,2019-09-23T06:00:00,2019-09-23T03:00:00Z,summer_US_DST,6,3,6,CS	0	16:00:34.234	Trade	2019.09.23 06:00:00   sell stop 8.76 USDJPY.DWX at 107.631 sl: 107.754 (107.691 / 107.696),D:\QM\reports\work_items\2fc84747-27db-5e88-9568-3fdda6c30769\QM5_41398\20260909_135814\raw\run_01\20260909.log
65387,2019-09-24,buy,True,107.686,107.523,107.686,107.523,107.533,107.539,False,False,False,2019-09-24T06:00:00,2019-09-24T03:00:00Z,summer_US_DST,6,3,6,CS	0	16:00:34.544	Trade	2019.09.24 06:00:00   buy stop 6.59 USDJPY.DWX at 107.686 sl: 107.523 (107.533 / 107.539),D:\QM\reports\work_items\2fc84747-27db-5e88-9568-3fdda6c30769\QM5_41398\20260909_135814\raw\run_01\20260909.log
65388,2019-09-24,sell,True,107.523,107.686,107.686,107.523,107.533,107.539,False,False,False,2019-09-24T06:00:00,2019-09-24T03:00:00Z,summer_US_DST,6,3,6,CS	0	16:00:34.545	Trade	2019.09.24 06:00:00   sell stop 6.6 USDJPY.DWX at 107.523 sl: 107.686 (107.533 / 107.539),D:\QM\reports\work_items\2fc84747-27db-5e88-9568-3fdda6c30769\QM5_41398\20260909_135814\raw\run_01\20260909.log
65398,2019-09-25,buy,True,107.426,106.999,107.426,106.999,107.340,107.345,False,False,False,2019-09-25T06:00:01,2019-09-25T03:00:01Z,summer_US_DST,6,3,6,CS	0	16:00:34.974	Trade	2019.09.25 06:00:01   buy stop 2.5 USDJPY.DWX at 107.426 sl: 106.999 (107.340 / 107.345),D:\QM\reports\work_items\2fc84747-27db-5e88-9568-3fdda6c30769\QM5_41398\20260909_135814\raw\run_01\20260909.log
65399,2019-09-25,sell,True,106.999,107.426,107.426,106.999,107.340,107.345,False,False,False,2019-09-25T06:00:01,2019-09-25T03:00:01Z,summer_US_DST,6,3,6,CS	0	16:00:34.974	Trade	2019.09.25 06:00:01   sell stop 2.51 USDJPY.DWX at 106.999 sl: 107.426 (107.340 / 107.345),D:\QM\reports\work_items\2fc84747-27db-5e88-9568-3fdda6c30769\QM5_41398\20260909_135814\raw\run_01\20260909.log
65409,2019-09-26,buy,True,107.729,107.603,107.729,107.603,107.667,107.673,False,False,False,2019-09-26T06:00:00,2019-09-26T03:00:00Z,summer_US_DST,6,3,6,CS	0	16:00:35.451	Trade	2019.09.26 06:00:00   buy stop 8.53 USDJPY.DWX at 107.729 sl: 107.603 (107.667 / 107.673),D:\QM\reports\work_items\2fc84747-27db-5e88-9568-3fdda6c30769\QM5_41398\20260909_135814\raw\run_01\20260909.log
65410,2019-09-26,sell,True,107.603,107.729,107.729,107.603,107.667,107.673,False,False,False,2019-09-26T06:00:00,2019-09-26T03:00:00Z,summer_US_DST,6,3,6,CS	0	16:00:35.451	Trade	2019.09.26 06:00:00   sell stop 8.54 USDJPY.DWX at 107.603 sl: 107.729 (107.667 / 107.673),D:\QM\reports\work_items\2fc84747-27db-5e88-9568-3fdda6c30769\QM5_41398\20260909_135814\raw\run_01\20260909.log
65420,2019-09-27,buy,True,107.805,107.667,107.805,107.667,107.724,107.728,False,False,False,2019-09-27T06:00:00,2019-09-27T03:00:00Z,summer_US_DST,6,3,6,CS	0	16:00:35.754	Trade	2019.09.27 06:00:00   buy stop 7.8 USDJPY.DWX at 107.805 sl: 107.667 (107.724 / 107.728),D:\QM\reports\work_items\2fc84747-27db-5e88-9568-3fdda6c30769\QM5_41398\20260909_135814\raw\run_01\20260909.log
65421,2019-09-27,sell,True,107.667,107.805,107.805,107.667,107.724,107.728,False,False,False,2019-09-27T06:00:00,2019-09-27T03:00:00Z,summer_US_DST,6,3,6,CS	0	16:00:35.755	Trade	2019.09.27 06:00:00   sell stop 7.81 USDJPY.DWX at 107.667 sl: 107.805 (107.724 / 107.728),D:\QM\reports\work_items\2fc84747-27db-5e88-9568-3fdda6c30769\QM5_41398\20260909_135814\raw\run_01\20260909.log
65431,2019-09-30,buy,True,108.011,107.876,108.011,107.876,107.951,107.957,False,False,False,2019-09-30T06:00:00,2019-09-30T03:00:00Z,summer_US_DST,6,3,6,CS	0	16:00:36.111	Trade	2019.09.30 06:00:00   buy stop 7.99 USDJPY.DWX at 108.011 sl: 107.876 (107.951 / 107.957),D:\QM\reports\work_items\2fc84747-27db-5e88-9568-3fdda6c30769\QM5_41398\20260909_135814\raw\run_01\20260909.log
65432,2019-09-30,sell,True,107.876,108.011,108.011,107.876,107.951,107.957,False,False,False,2019-09-30T06:00:00,2019-09-30T03:00:00Z,summer_US_DST,6,3,6,CS	0	16:00:36.112	Trade	2019.09.30 06:00:00   sell stop 8 USDJPY.DWX at 107.876 sl: 108.011 (107.951 / 107.957),D:\QM\reports\work_items\2fc84747-27db-5e88-9568-3fdda6c30769\QM5_41398\20260909_135814\raw\run_01\20260909.log
65442,2019-10-01,buy,True,108.226,108.041,108.226,108.041,108.217,108.222,False,False,False,2019-10-01T06:00:00,2019-10-01T03:00:00Z,summer_US_DST,6,3,6,CS	0	16:00:36.477	Trade	2019.10.01 06:00:00   buy stop 5.84 USDJPY.DWX at 108.226 sl: 108.041 (108.217 / 108.222),D:\QM\reports\work_items\2fc84747-27db-5e88-9568-3fdda6c30769\QM5_41398\20260909_135814\raw\run_01\20260909.log
65443,2019-10-01,sell,True,108.041,108.226,108.226,108.041,108.217,108.222,False,False,False,2019-10-01T06:00:00,2019-10-01T03:00:00Z,summer_US_DST,6,3,6,CS	0	16:00:36.477	Trade	2019.10.01 06:00:00   sell stop 5.85 USDJPY.DWX at 108.041 sl: 108.226 (108.217 / 108.222),D:\QM\reports\work_items\2fc84747-27db-5e88-9568-3fdda6c30769\QM5_41398\20260909_135814\raw\run_01\20260909.log
65456,2019-10-02,buy,True,107.787,107.643,107.787,107.643,107.776,107.782,False,False,False,2019-10-02T06:00:00,2019-10-02T03:00:00Z,summer_US_DST,6,3,6,CS	0	16:00:36.890	Trade	2019.10.02 06:00:00   buy stop 7.47 USDJPY.DWX at 107.787 sl: 107.643 (107.776 / 107.782),D:\QM\reports\work_items\2fc84747-27db-5e88-9568-3fdda6c30769\QM5_41398\20260909_135814\raw\run_01\20260909.log
65457,2019-10-02,sell,True,107.643,107.787,107.787,107.643,107.776,107.782,False,False,False,2019-10-02T06:00:00,2019-10-02T03:00:00Z,summer_US_DST,6,3,6,CS	0	16:00:36.891	Trade	2019.10.02 06:00:00   sell stop 7.48 USDJPY.DWX at 107.643 sl: 107.787 (107.776 / 107.782),D:\QM\reports\work_items\2fc84747-27db-5e88-9568-3fdda6c30769\QM5_41398\20260909_135814\raw\run_01\20260909.log
65467,2019-10-03,buy,True,107.172,106.964,107.172,106.964,107.107,107.113,False,False,False,2019-10-03T06:00:00,2019-10-03T03:00:00Z,summer_US_DST,6,3,6,CS	0	16:00:37.333	Trade	2019.10.03 06:00:00   buy stop 5.14 USDJPY.DWX at 107.172 sl: 106.964 (107.107 / 107.113),D:\QM\reports\work_items\2fc84747-27db-5e88-9568-3fdda6c30769\QM5_41398\20260909_135814\raw\run_01\20260909.log
65468,2019-10-03,sell,True,106.964,107.172,107.172,106.964,107.107,107.113,False,False,False,2019-10-03T06:00:00,2019-10-03T03:00:00Z,summer_US_DST,6,3,6,CS	0	16:00:37.334	Trade	2019.10.03 06:00:00   sell stop 5.15 USDJPY.DWX at 106.964 sl: 107.172 (107.107 / 107.113),D:\QM\reports\work_items\2fc84747-27db-5e88-9568-3fdda6c30769\QM5_41398\20260909_135814\raw\run_01\20260909.log
65478,2019-10-04,buy,True,106.911,106.744,106.911,106.744,106.760,106.765,False,False,False,2019-10-04T06:00:00,2019-10-04T03:00:00Z,summer_US_DST,6,3,6,CS	0	16:00:37.825	Trade	2019.10.04 06:00:00   buy stop 6.39 USDJPY.DWX at 106.911 sl: 106.744 (106.760 / 106.765),D:\QM\reports\work_items\2fc84747-27db-5e88-9568-3fdda6c30769\QM5_41398\20260909_135814\raw\run_01\20260909.log
65479,2019-10-04,sell,True,106.744,106.911,106.911,106.744,106.760,106.765,False,False,False,2019-10-04T06:00:00,2019-10-04T03:00:00Z,summer_US_DST,6,3,6,CS	0	16:00:37.826	Trade	2019.10.04 06:00:00   sell stop 6.4 USDJPY.DWX at 106.744 sl: 106.911 (106.760 / 106.765),D:\QM\reports\work_items\2fc84747-27db-5e88-9568-3fdda6c30769\QM5_41398\20260909_135814\raw\run_01\20260909.log
65489,2019-10-07,buy,True,106.834,106.689,106.834,106.689,106.795,106.800,False,False,False,2019-10-07T06:00:00,2019-10-07T03:00:00Z,summer_US_DST,6,3,6,CS	0	16:00:38.266	Trade	2019.10.07 06:00:00   buy stop 7.35 USDJPY.DWX at 106.834 sl: 106.689 (106.795 / 106.800),D:\QM\reports\work_items\2fc84747-27db-5e88-9568-3fdda6c30769\QM5_41398\20260909_135814\raw\run_01\20260909.log
65490,2019-10-07,sell,True,106.689,106.834,106.834,106.689,106.795,106.800,False,False,False,2019-10-07T06:00:00,2019-10-07T03:00:00Z,summer_US_DST,6,3,6,CS	0	16:00:38.267	Trade	2019.10.07 06:00:00   sell stop 7.36 USDJPY.DWX at 106.689 sl: 106.834 (106.795 / 106.800),D:\QM\reports\work_items\2fc84747-27db-5e88-9568-3fdda6c30769\QM5_41398\20260909_135814\raw\run_01\20260909.log
65502,2019-10-08,buy,True,107.410,107.242,107.410,107.242,107.373,107.377,False,False,False,2019-10-08T06:00:00,2019-10-08T03:00:00Z,summer_US_DST,6,3,6,CS	0	16:00:38.644	Trade	2019.10.08 06:00:00   buy stop 6.38 USDJPY.DWX at 107.410 sl: 107.242 (107.373 / 107.377),D:\QM\reports\work_items\2fc84747-27db-5e88-9568-3fdda6c30769\QM5_41398\20260909_135814\raw\run_01\20260909.log
65503,2019-10-08,sell,True,107.242,107.410,107.410,107.242,107.373,107.377,False,False,False,2019-10-08T06:00:00,2019-10-08T03:00:00Z,summer_US_DST,6,3,6,CS	0	16:00:38.645	Trade	2019.10.08 06:00:00   sell stop 6.39 USDJPY.DWX at 107.242 sl: 107.410 (107.373 / 107.377),D:\QM\reports\work_items\2fc84747-27db-5e88-9568-3fdda6c30769\QM5_41398\20260909_135814\raw\run_01\20260909.log
65513,2019-10-09,buy,True,107.205,106.942,107.205,106.942,107.176,107.182,False,False,False,2019-10-09T06:00:00,2019-10-09T03:00:00Z,summer_US_DST,6,3,6,CS	0	16:00:39.052	Trade	2019.10.09 06:00:00   buy stop 4.06 USDJPY.DWX at 107.205 sl: 106.942 (107.176 / 107.182),D:\QM\reports\work_items\2fc84747-27db-5e88-9568-3fdda6c30769\QM5_41398\20260909_135814\raw\run_01\20260909.log
65514,2019-10-09,sell,True,106.942,107.205,107.205,106.942,107.176,107.182,False,False,False,2019-10-09T06:00:00,2019-10-09T03:00:00Z,summer_US_DST,6,3,6,CS	0	16:00:39.052	Trade	2019.10.09 06:00:00   sell stop 4.07 USDJPY.DWX at 106.942 sl: 107.205 (107.176 / 107.182),D:\QM\reports\work_items\2fc84747-27db-5e88-9568-3fdda6c30769\QM5_41398\20260909_135814\raw\run_01\20260909.log
65524,2019-10-11,buy,True,108.132,107.848,108.132,107.848,107.955,107.959,False,False,False,2019-10-11T06:00:00,2019-10-11T03:00:00Z,summer_US_DST,6,3,6,CS	0	16:00:40.130	Trade	2019.10.11 06:00:00   buy stop 3.79 USDJPY.DWX at 108.132 sl: 107.848 (107.955 / 107.959),D:\QM\reports\work_items\2fc84747-27db-5e88-9568-3fdda6c30769\QM5_41398\20260909_135814\raw\run_01\20260909.log
65525,2019-10-11,sell,True,107.848,108.132,108.132,107.848,107.955,107.959,False,False,False,2019-10-11T06:00:00,2019-10-11T03:00:00Z,summer_US_DST,6,3,6,CS	0	16:00:40.130	Trade	2019.10.11 06:00:00   sell stop 3.8 USDJPY.DWX at 107.848 sl: 108.132 (107.955 / 107.959),D:\QM\reports\work_items\2fc84747-27db-5e88-9568-3fdda6c30769\QM5_41398\20260909_135814\raw\run_01\20260909.log
65540,2019-10-14,buy,True,108.478,108.196,108.478,108.196,108.306,108.311,False,False,False,2019-10-14T06:00:00,2019-10-14T03:00:00Z,summer_US_DST,6,3,6,CS	0	16:00:40.704	Trade	2019.10.14 06:00:00   buy stop 3.83 USDJPY.DWX at 108.478 sl: 108.196 (108.306 / 108.311),D:\QM\reports\work_items\2fc84747-27db-5e88-9568-3fdda6c30769\QM5_41398\20260909_135814\raw\run_01\20260909.log
65541,2019-10-14,sell,True,108.196,108.478,108.478,108.196,108.306,108.311,False,False,False,2019-10-14T06:00:00,2019-10-14T03:00:00Z,summer_US_DST,6,3,6,CS	0	16:00:40.705	Trade	2019.10.14 06:00:00   sell stop 3.84 USDJPY.DWX at 108.196 sl: 108.478 (108.306 / 108.311),D:\QM\reports\work_items\2fc84747-27db-5e88-9568-3fdda6c30769\QM5_41398\20260909_135814\raw\run_01\20260909.log
65551,2019-10-15,buy,True,108.452,108.300,108.452,108.300,108.338,108.343,False,False,False,2019-10-15T06:00:00,2019-10-15T03:00:00Z,summer_US_DST,6,3,6,CS	0	16:00:41.036	Trade	2019.10.15 06:00:00   buy stop 7.12 USDJPY.DWX at 108.452 sl: 108.300 (108.338 / 108.343),D:\QM\reports\work_items\2fc84747-27db-5e88-9568-3fdda6c30769\QM5_41398\20260909_135814\raw\run_01\20260909.log
65552,2019-10-15,sell,True,108.300,108.452,108.452,108.300,108.338,108.343,False,False,False,2019-10-15T06:00:00,2019-10-15T03:00:00Z,summer_US_DST,6,3,6,CS	0	16:00:41.036	Trade	2019.10.15 06:00:00   sell stop 7.13 USDJPY.DWX at 108.300 sl: 108.452 (108.338 / 108.343),D:\QM\reports\work_items\2fc84747-27db-5e88-9568-3fdda6c30769\QM5_41398\20260909_135814\raw\run_01\20260909.log
65562,2019-10-16,buy,True,108.850,108.601,108.850,108.601,108.683,108.688,False,False,False,2019-10-16T06:00:00,2019-10-16T03:00:00Z,summer_US_DST,6,3,6,CS	0	16:00:41.480	Trade	2019.10.16 06:00:00   buy stop 4.36 USDJPY.DWX at 108.850 sl: 108.601 (108.683 / 108.688),D:\QM\reports\work_items\2fc84747-27db-5e88-9568-3fdda6c30769\QM5_41398\20260909_135814\raw\run_01\20260909.log
65563,2019-10-16,sell,True,108.601,108.850,108.850,108.601,108.683,108.688,False,False,False,2019-10-16T06:00:00,2019-10-16T03:00:00Z,summer_US_DST,6,3,6,CS	0	16:00:41.481	Trade	2019.10.16 06:00:00   sell stop 4.37 USDJPY.DWX at 108.601 sl: 108.850 (108.683 / 108.688),D:\QM\reports\work_items\2fc84747-27db-5e88-9568-3fdda6c30769\QM5_41398\20260909_135814\raw\run_01\20260909.log
65573,2019-10-17,buy,True,108.827,108.642,108.827,108.642,108.780,108.784,False,False,False,2019-10-17T06:00:01,2019-10-17T03:00:01Z,summer_US_DST,6,3,6,CS	0	16:00:41.976	Trade	2019.10.17 06:00:01   buy stop 5.87 USDJPY.DWX at 108.827 sl: 108.642 (108.780 / 108.784),D:\QM\reports\work_items\2fc84747-27db-5e88-9568-3fdda6c30769\QM5_41398\20260909_135814\raw\run_01\20260909.log
65574,2019-10-17,sell,True,108.642,108.827,108.827,108.642,108.780,108.784,False,False,False,2019-10-17T06:00:01,2019-10-17T03:00:01Z,summer_US_DST,6,3,6,CS	0	16:00:41.976	Trade	2019.10.17 06:00:01   sell stop 5.88 USDJPY.DWX at 108.642 sl: 108.827 (108.780 / 108.784),D:\QM\reports\work_items\2fc84747-27db-5e88-9568-3fdda6c30769\QM5_41398\20260909_135814\raw\run_01\20260909.log
65584,2019-10-18,buy,True,108.686,108.540,108.686,108.540,108.565,108.571,False,False,False,2019-10-18T06:00:02,2019-10-18T03:00:02Z,summer_US_DST,6,3,6,CS	0	16:00:42.430	Trade	2019.10.18 06:00:02   buy stop 7.43 USDJPY.DWX at 108.686 sl: 108.540 (108.565 / 108.571),D:\QM\reports\work_items\2fc84747-27db-5e88-9568-3fdda6c30769\QM5_41398\20260909_135814\raw\run_01\20260909.log
65585,2019-10-18,sell,True,108.540,108.686,108.686,108.540,108.565,108.571,False,False,False,2019-10-18T06:00:02,2019-10-18T03:00:02Z,summer_US_DST,6,3,6,CS	0	16:00:42.431	Trade	2019.10.18 06:00:02   sell stop 7.44 USDJPY.DWX at 108.540 sl: 108.686 (108.565 / 108.571),D:\QM\reports\work_items\2fc84747-27db-5e88-9568-3fdda6c30769\QM5_41398\20260909_135814\raw\run_01\20260909.log
65595,2019-10-21,buy,True,108.515,108.371,108.515,108.371,108.489,108.493,False,False,False,2019-10-21T06:00:02,2019-10-21T03:00:02Z,summer_US_DST,6,3,6,CS	0	16:00:42.703	Trade	2019.10.21 06:00:02   buy stop 7.52 USDJPY.DWX at 108.515 sl: 108.371 (108.489 / 108.493),D:\QM\reports\work_items\2fc84747-27db-5e88-9568-3fdda6c30769\QM5_41398\20260909_135814\raw\run_01\20260909.log
65596,2019-10-21,sell,True,108.371,108.515,108.515,108.371,108.489,108.493,False,False,False,2019-10-21T06:00:02,2019-10-21T03:00:02Z,summer_US_DST,6,3,6,CS	0	16:00:42.703	Trade	2019.10.21 06:00:02   sell stop 7.53 USDJPY.DWX at 108.371 sl: 108.515 (108.489 / 108.493),D:\QM\reports\work_items\2fc84747-27db-5e88-9568-3fdda6c30769\QM5_41398\20260909_135814\raw\run_01\20260909.log
65609,2019-10-22,buy,True,108.727,108.587,108.727,108.587,108.642,108.646,False,False,False,2019-10-22T06:00:01,2019-10-22T03:00:01Z,summer_US_DST,6,3,6,CS	0	16:00:43.021	Trade	2019.10.22 06:00:01   buy stop 7.75 USDJPY.DWX at 108.727 sl: 108.587 (108.642 / 108.646),D:\QM\reports\work_items\2fc84747-27db-5e88-9568-3fdda6c30769\QM5_41398\20260909_135814\raw\run_01\20260909.log
65610,2019-10-22,sell,True,108.587,108.727,108.727,108.587,108.642,108.646,False,False,False,2019-10-22T06:00:01,2019-10-22T03:00:01Z,summer_US_DST,6,3,6,CS	0	16:00:43.021	Trade	2019.10.22 06:00:01   sell stop 7.76 USDJPY.DWX at 108.587 sl: 108.727 (108.642 / 108.646),D:\QM\reports\work_items\2fc84747-27db-5e88-9568-3fdda6c30769\QM5_41398\20260909_135814\raw\run_01\20260909.log
65620,2019-10-24,buy,True,108.653,108.579,108.653,108.579,108.601,108.605,False,False,False,2019-10-24T06:00:00,2019-10-24T03:00:00Z,summer_US_DST,6,3,6,CS	0	16:00:43.626	Trade	2019.10.24 06:00:00   buy stop 14.67 USDJPY.DWX at 108.653 sl: 108.579 (108.601 / 108.605),D:\QM\reports\work_items\2fc84747-27db-5e88-9568-3fdda6c30769\QM5_41398\20260909_135814\raw\run_01\20260909.log
65621,2019-10-24,sell,True,108.579,108.653,108.653,108.579,108.601,108.605,False,False,False,2019-10-24T06:00:00,2019-10-24T03:00:00Z,summer_US_DST,6,3,6,CS	0	16:00:43.626	Trade	2019.10.24 06:00:00   sell stop 14.68 USDJPY.DWX at 108.579 sl: 108.653 (108.601 / 108.605),D:\QM\reports\work_items\2fc84747-27db-5e88-9568-3fdda6c30769\QM5_41398\20260909_135814\raw\run_01\20260909.log
65631,2019-10-25,buy,True,108.706,108.591,108.706,108.591,108.638,108.642,False,False,False,2019-10-25T06:00:02,2019-10-25T03:00:02Z,summer_US_DST,6,3,6,CS	0	16:00:43.934	Trade	2019.10.25 06:00:02   buy stop 9.44 USDJPY.DWX at 108.706 sl: 108.591 (108.638 / 108.642),D:\QM\reports\work_items\2fc84747-27db-5e88-9568-3fdda6c30769\QM5_41398\20260909_135814\raw\run_01\20260909.log
65632,2019-10-25,sell,True,108.591,108.706,108.706,108.591,108.638,108.642,False,False,False,2019-10-25T06:00:02,2019-10-25T03:00:02Z,summer_US_DST,6,3,6,CS	0	16:00:43.934	Trade	2019.10.25 06:00:02   sell stop 9.45 USDJPY.DWX at 108.591 sl: 108.706 (108.638 / 108.642),D:\QM\reports\work_items\2fc84747-27db-5e88-9568-3fdda6c30769\QM5_41398\20260909_135814\raw\run_01\20260909.log
65642,2019-10-28,buy,True,108.792,108.706,108.792,108.706,108.763,108.769,False,False,False,2019-10-28T06:00:09,2019-10-28T03:00:09Z,summer_US_DST,6,3,6,CS	0	16:00:44.173	Trade	2019.10.28 06:00:09   buy stop 12.64 USDJPY.DWX at 108.792 sl: 108.706 (108.763 / 108.769),D:\QM\reports\work_items\2fc84747-27db-5e88-9568-3fdda6c30769\QM5_41398\20260909_135814\raw\run_01\20260909.log
65643,2019-10-28,sell,True,108.706,108.792,108.792,108.706,108.763,108.769,False,False,False,2019-10-28T06:00:09,2019-10-28T03:00:09Z,summer_US_DST,6,3,6,CS	0	16:00:44.173	Trade	2019.10.28 06:00:09   sell stop 12.65 USDJPY.DWX at 108.706 sl: 108.792 (108.763 / 108.769),D:\QM\reports\work_items\2fc84747-27db-5e88-9568-3fdda6c30769\QM5_41398\20260909_135814\raw\run_01\20260909.log
65653,2019-10-29,buy,True,109.068,108.957,109.068,108.957,108.986,108.989,False,False,False,2019-10-29T06:00:00,2019-10-29T03:00:00Z,summer_US_DST,6,3,6,CS	0	16:00:44.365	Trade	2019.10.29 06:00:00   buy stop 9.81 USDJPY.DWX at 109.068 sl: 108.957 (108.986 / 108.989),D:\QM\reports\work_items\2fc84747-27db-5e88-9568-3fdda6c30769\QM5_41398\20260909_135814\raw\run_01\20260909.log
65654,2019-10-29,sell,True,108.957,109.068,109.068,108.957,108.986,108.989,False,False,False,2019-10-29T06:00:00,2019-10-29T03:00:00Z,summer_US_DST,6,3,6,CS	0	16:00:44.365	Trade	2019.10.29 06:00:00   sell stop 9.82 USDJPY.DWX at 108.957 sl: 109.068 (108.986 / 108.989),D:\QM\reports\work_items\2fc84747-27db-5e88-9568-3fdda6c30769\QM5_41398\20260909_135814\raw\run_01\20260909.log
65667,2019-10-30,buy,True,108.888,108.811,108.888,108.811,108.859,108.863,False,False,False,2019-10-30T06:00:14,2019-10-30T03:00:14Z,summer_US_DST,6,3,6,CS	0	16:00:44.566	Trade	2019.10.30 06:00:14   buy stop 14.13 USDJPY.DWX at 108.888 sl: 108.811 (108.859 / 108.863),D:\QM\reports\work_items\2fc84747-27db-5e88-9568-3fdda6c30769\QM5_41398\20260909_135814\raw\run_01\20260909.log
65668,2019-10-30,sell,True,108.811,108.888,108.888,108.811,108.859,108.863,False,False,False,2019-10-30T06:00:14,2019-10-30T03:00:14Z,summer_US_DST,6,3,6,CS	0	16:00:44.566	Trade	2019.10.30 06:00:14   sell stop 14.14 USDJPY.DWX at 108.811 sl: 108.888 (108.859 / 108.863),D:\QM\reports\work_items\2fc84747-27db-5e88-9568-3fdda6c30769\QM5_41398\20260909_135814\raw\run_01\20260909.log
65678,2019-10-31,buy,True,108.862,108.585,108.862,108.585,108.668,108.674,False,False,False,2019-10-31T06:00:00,2019-10-31T03:00:00Z,summer_US_DST,6,3,6,CS	0	16:00:44.799	Trade	2019.10.31 06:00:00   buy stop 3.92 USDJPY.DWX at 108.862 sl: 108.585 (108.668 / 108.674),D:\QM\reports\work_items\2fc84747-27db-5e88-9568-3fdda6c30769\QM5_41398\20260909_135814\raw\run_01\20260909.log
65679,2019-10-31,sell,True,108.585,108.862,108.862,108.585,108.668,108.674,False,False,False,2019-10-31T06:00:00,2019-10-31T03:00:00Z,summer_US_DST,6,3,6,CS	0	16:00:44.801	Trade	2019.10.31 06:00:00   sell stop 3.93 USDJPY.DWX at 108.585 sl: 108.862 (108.668 / 108.674),D:\QM\reports\work_items\2fc84747-27db-5e88-9568-3fdda6c30769\QM5_41398\20260909_135814\raw\run_01\20260909.log
65694,2019-11-01,buy,True,108.057,107.885,108.057,107.885,108.053,108.057,False,False,False,2019-11-01T06:00:04,2019-11-01T03:00:04Z,summer_US_DST,6,3,6,CS	0	16:00:45.191	Trade	2019.11.01 06:00:04   buy stop 6.27 USDJPY.DWX at 108.057 sl: 107.885 (108.053 / 108.057),D:\QM\reports\work_items\2fc84747-27db-5e88-9568-3fdda6c30769\QM5_41398\20260909_135814\raw\run_01\20260909.log
65695,2019-11-01,sell,True,107.885,108.057,108.057,107.885,108.053,108.057,False,False,False,2019-11-01T06:00:04,2019-11-01T03:00:04Z,summer_US_DST,6,3,6,CS	0	16:00:45.192	Trade	2019.11.01 06:00:04   sell stop 6.28 USDJPY.DWX at 107.885 sl: 108.057 (108.053 / 108.057),D:\QM\reports\work_items\2fc84747-27db-5e88-9568-3fdda6c30769\QM5_41398\20260909_135814\raw\run_01\20260909.log
65705,2019-11-05,buy,True,108.781,108.646,108.781,108.646,108.764,108.768,False,False,False,2019-11-05T05:00:00,2019-11-05T03:00:00Z,winter_US_standard,5,3,6,CS	0	16:00:45.606	Trade	2019.11.05 05:00:00   buy stop 8.04 USDJPY.DWX at 108.781 sl: 108.646 (108.764 / 108.768),D:\QM\reports\work_items\2fc84747-27db-5e88-9568-3fdda6c30769\QM5_41398\20260909_135814\raw\run_01\20260909.log
65706,2019-11-05,sell,True,108.646,108.781,108.781,108.646,108.764,108.768,False,False,False,2019-11-05T05:00:00,2019-11-05T03:00:00Z,winter_US_standard,5,3,6,CS	0	16:00:45.606	Trade	2019.11.05 05:00:00   sell stop 8.05 USDJPY.DWX at 108.646 sl: 108.781 (108.764 / 108.768),D:\QM\reports\work_items\2fc84747-27db-5e88-9568-3fdda6c30769\QM5_41398\20260909_135814\raw\run_01\20260909.log
65718,2019-11-06,buy,True,109.182,109.005,109.182,109.005,109.052,109.056,False,False,False,2019-11-06T05:00:00,2019-11-06T03:00:00Z,winter_US_standard,5,3,6,CS	0	16:00:45.894	Trade	2019.11.06 05:00:00   buy stop 6.15 USDJPY.DWX at 109.182 sl: 109.005 (109.052 / 109.056),D:\QM\reports\work_items\2fc84747-27db-5e88-9568-3fdda6c30769\QM5_41398\20260909_135814\raw\run_01\20260909.log
65719,2019-11-06,sell,True,109.005,109.182,109.182,109.005,109.052,109.056,False,False,False,2019-11-06T05:00:00,2019-11-06T03:00:00Z,winter_US_standard,5,3,6,CS	0	16:00:45.894	Trade	2019.11.06 05:00:00   sell stop 6.16 USDJPY.DWX at 109.005 sl: 109.182 (109.052 / 109.056),D:\QM\reports\work_items\2fc84747-27db-5e88-9568-3fdda6c30769\QM5_41398\20260909_135814\raw\run_01\20260909.log
65729,2019-11-07,buy,True,108.921,108.717,108.921,108.717,108.730,108.735,False,False,False,2019-11-07T05:00:00,2019-11-07T03:00:00Z,winter_US_standard,5,3,6,CS	0	16:00:46.146	Trade	2019.11.07 05:00:00   buy stop 5.32 USDJPY.DWX at 108.921 sl: 108.717 (108.730 / 108.735),D:\QM\reports\work_items\2fc84747-27db-5e88-9568-3fdda6c30769\QM5_41398\20260909_135814\raw\run_01\20260909.log
65730,2019-11-07,sell,True,108.717,108.921,108.921,108.717,108.730,108.735,False,False,False,2019-11-07T05:00:00,2019-11-07T03:00:00Z,winter_US_standard,5,3,6,CS	0	16:00:46.147	Trade	2019.11.07 05:00:00   sell stop 5.33 USDJPY.DWX at 108.717 sl: 108.921 (108.730 / 108.735),D:\QM\reports\work_items\2fc84747-27db-5e88-9568-3fdda6c30769\QM5_41398\20260909_135814\raw\run_01\20260909.log
65740,2019-11-08,buy,True,109.407,109.147,109.407,109.147,109.224,109.228,False,False,False,2019-11-08T05:00:00,2019-11-08T03:00:00Z,winter_US_standard,5,3,6,CS	0	16:00:46.523	Trade	2019.11.08 05:00:00   buy stop 4.19 USDJPY.DWX at 109.407 sl: 109.147 (109.224 / 109.228),D:\QM\reports\work_items\2fc84747-27db-5e88-9568-3fdda6c30769\QM5_41398\20260909_135814\raw\run_01\20260909.log
65741,2019-11-08,sell,True,109.147,109.407,109.407,109.147,109.224,109.228,False,False,False,2019-11-08T05:00:00,2019-11-08T03:00:00Z,winter_US_standard,5,3,6,CS	0	16:00:46.523	Trade	2019.11.08 05:00:00   sell stop 4.2 USDJPY.DWX at 109.147 sl: 109.407 (109.224 / 109.228),D:\QM\reports\work_items\2fc84747-27db-5e88-9568-3fdda6c30769\QM5_41398\20260909_135814\raw\run_01\20260909.log
65751,2019-11-11,buy,True,109.244,109.009,109.244,109.009,109.020,109.026,False,False,False,2019-11-11T05:00:01,2019-11-11T03:00:01Z,winter_US_standard,5,3,6,CS	0	16:00:46.789	Trade	2019.11.11 05:00:01   buy stop 4.63 USDJPY.DWX at 109.244 sl: 109.009 (109.020 / 109.026),D:\QM\reports\work_items\2fc84747-27db-5e88-9568-3fdda6c30769\QM5_41398\20260909_135814\raw\run_01\20260909.log
65752,2019-11-11,sell,True,109.009,109.244,109.244,109.009,109.020,109.026,False,False,False,2019-11-11T05:00:01,2019-11-11T03:00:01Z,winter_US_standard,5,3,6,CS	0	16:00:46.790	Trade	2019.11.11 05:00:01   sell stop 4.64 USDJPY.DWX at 109.009 sl: 109.244 (109.020 / 109.026),D:\QM\reports\work_items\2fc84747-27db-5e88-9568-3fdda6c30769\QM5_41398\20260909_135814\raw\run_01\20260909.log
65762,2019-11-13,buy,True,109.080,108.869,109.080,108.869,109.035,109.040,False,False,False,2019-11-13T05:00:00,2019-11-13T03:00:00Z,winter_US_standard,5,3,6,CS	0	16:00:47.167	Trade	2019.11.13 05:00:00   buy stop 5.15 USDJPY.DWX at 109.080 sl: 108.869 (109.035 / 109.040),D:\QM\reports\work_items\2fc84747-27db-5e88-9568-3fdda6c30769\QM5_41398\20260909_135814\raw\run_01\20260909.log
65763,2019-11-13,sell,True,108.869,109.080,109.080,108.869,109.035,109.040,False,False,False,2019-11-13T05:00:00,2019-11-13T03:00:00Z,winter_US_standard,5,3,6,CS	0	16:00:47.168	Trade	2019.11.13 05:00:00   sell stop 5.16 USDJPY.DWX at 108.869 sl: 109.080 (109.035 / 109.040),D:\QM\reports\work_items\2fc84747-27db-5e88-9568-3fdda6c30769\QM5_41398\20260909_135814\raw\run_01\20260909.log
65773,2019-11-14,buy,True,108.863,108.702,108.863,108.702,108.758,108.763,False,False,False,2019-11-14T05:00:01,2019-11-14T03:00:01Z,winter_US_standard,5,3,6,CS	0	16:00:47.396	Trade	2019.11.14 05:00:01   buy stop 6.75 USDJPY.DWX at 108.863 sl: 108.702 (108.758 / 108.763),D:\QM\reports\work_items\2fc84747-27db-5e88-9568-3fdda6c30769\QM5_41398\20260909_135814\raw\run_01\20260909.log
65774,2019-11-14,sell,True,108.702,108.863,108.863,108.702,108.758,108.763,False,False,False,2019-11-14T05:00:01,2019-11-14T03:00:01Z,winter_US_standard,5,3,6,CS	0	16:00:47.397	Trade	2019.11.14 05:00:01   sell stop 6.76 USDJPY.DWX at 108.702 sl: 108.863 (108.758 / 108.763),D:\QM\reports\work_items\2fc84747-27db-5e88-9568-3fdda6c30769\QM5_41398\20260909_135814\raw\run_01\20260909.log
65784,2019-11-15,buy,True,108.627,108.451,108.627,108.451,108.616,108.621,False,False,False,2019-11-15T05:00:00,2019-11-15T03:00:00Z,winter_US_standard,5,3,6,CS	0	16:00:47.682	Trade	2019.11.15 05:00:00   buy stop 6.16 USDJPY.DWX at 108.627 sl: 108.451 (108.616 / 108.621),D:\QM\reports\work_items\2fc84747-27db-5e88-9568-3fdda6c30769\QM5_41398\20260909_135814\raw\run_01\20260909.log
65785,2019-11-15,sell,True,108.451,108.627,108.627,108.451,108.616,108.621,False,False,False,2019-11-15T05:00:00,2019-11-15T03:00:00Z,winter_US_standard,5,3,6,CS	0	16:00:47.682	Trade	2019.11.15 05:00:00   sell stop 6.17 USDJPY.DWX at 108.451 sl: 108.627 (108.616 / 108.621),D:\QM\reports\work_items\2fc84747-27db-5e88-9568-3fdda6c30769\QM5_41398\20260909_135814\raw\run_01\20260909.log
65795,2019-11-18,buy,True,108.855,108.688,108.855,108.688,108.812,108.818,False,False,False,2019-11-18T05:00:01,2019-11-18T03:00:01Z,winter_US_standard,5,3,6,CS	0	16:00:47.885	Trade	2019.11.18 05:00:01   buy stop 6.5 USDJPY.DWX at 108.855 sl: 108.688 (108.812 / 108.818),D:\QM\reports\work_items\2fc84747-27db-5e88-9568-3fdda6c30769\QM5_41398\20260909_135814\raw\run_01\20260909.log
65796,2019-11-18,sell,True,108.688,108.855,108.855,108.688,108.812,108.818,False,False,False,2019-11-18T05:00:01,2019-11-18T03:00:01Z,winter_US_standard,5,3,6,CS	0	16:00:47.885	Trade	2019.11.18 05:00:01   sell stop 6.51 USDJPY.DWX at 108.688 sl: 108.855 (108.812 / 108.818),D:\QM\reports\work_items\2fc84747-27db-5e88-9568-3fdda6c30769\QM5_41398\20260909_135814\raw\run_01\20260909.log
65810,2019-11-19,buy,True,108.700,108.460,108.700,108.460,108.633,108.639,False,False,False,2019-11-19T05:00:10,2019-11-19T03:00:10Z,winter_US_standard,5,3,6,CS	0	16:00:48.149	Trade	2019.11.19 05:00:10   buy stop 4.51 USDJPY.DWX at 108.700 sl: 108.460 (108.633 / 108.639),D:\QM\reports\work_items\2fc84747-27db-5e88-9568-3fdda6c30769\QM5_41398\20260909_135814\raw\run_01\20260909.log
65811,2019-11-19,sell,True,108.460,108.700,108.700,108.460,108.633,108.639,False,False,False,2019-11-19T05:00:10,2019-11-19T03:00:10Z,winter_US_standard,5,3,6,CS	0	16:00:48.150	Trade	2019.11.19 05:00:10   sell stop 4.52 USDJPY.DWX at 108.460 sl: 108.700 (108.633 / 108.639),D:\QM\reports\work_items\2fc84747-27db-5e88-9568-3fdda6c30769\QM5_41398\20260909_135814\raw\run_01\20260909.log
65821,2019-11-20,buy,True,108.585,108.356,108.585,108.356,108.490,108.496,False,False,False,2019-11-20T05:00:03,2019-11-20T03:00:03Z,winter_US_standard,5,3,6,CS	0	16:00:48.407	Trade	2019.11.20 05:00:03   buy stop 4.73 USDJPY.DWX at 108.585 sl: 108.356 (108.490 / 108.496),D:\QM\reports\work_items\2fc84747-27db-5e88-9568-3fdda6c30769\QM5_41398\20260909_135814\raw\run_01\20260909.log
65822,2019-11-20,sell,True,108.356,108.585,108.585,108.356,108.490,108.496,False,False,False,2019-11-20T05:00:03,2019-11-20T03:00:03Z,winter_US_standard,5,3,6,CS	0	16:00:48.408	Trade	2019.11.20 05:00:03   sell stop 4.74 USDJPY.DWX at 108.356 sl: 108.585 (108.490 / 108.496),D:\QM\reports\work_items\2fc84747-27db-5e88-9568-3fdda6c30769\QM5_41398\20260909_135814\raw\run_01\20260909.log
65832,2019-11-21,buy,True,108.555,108.277,108.555,108.277,108.489,108.493,False,False,False,2019-11-21T05:00:00,2019-11-21T03:00:00Z,winter_US_standard,5,3,6,CS	0	16:00:48.793	Trade	2019.11.21 05:00:00   buy stop 3.89 USDJPY.DWX at 108.555 sl: 108.277 (108.489 / 108.493),D:\QM\reports\work_items\2fc84747-27db-5e88-9568-3fdda6c30769\QM5_41398\20260909_135814\raw\run_01\20260909.log
65833,2019-11-21,sell,True,108.277,108.555,108.555,108.277,108.489,108.493,False,False,False,2019-11-21T05:00:00,2019-11-21T03:00:00Z,winter_US_standard,5,3,6,CS	0	16:00:48.793	Trade	2019.11.21 05:00:00   sell stop 3.9 USDJPY.DWX at 108.277 sl: 108.555 (108.489 / 108.493),D:\QM\reports\work_items\2fc84747-27db-5e88-9568-3fdda6c30769\QM5_41398\20260909_135814\raw\run_01\20260909.log
65843,2019-11-22,buy,True,108.708,108.566,108.708,108.566,108.628,108.631,False,False,False,2019-11-22T05:00:02,2019-11-22T03:00:02Z,winter_US_standard,5,3,6,CS	0	16:00:49.153	Trade	2019.11.22 05:00:02   buy stop 7.64 USDJPY.DWX at 108.708 sl: 108.566 (108.628 / 108.631),D:\QM\reports\work_items\2fc84747-27db-5e88-9568-3fdda6c30769\QM5_41398\20260909_135814\raw\run_01\20260909.log
65844,2019-11-22,sell,True,108.566,108.708,108.708,108.566,108.628,108.631,False,False,False,2019-11-22T05:00:02,2019-11-22T03:00:02Z,winter_US_standard,5,3,6,CS	0	16:00:49.153	Trade	2019.11.22 05:00:02   sell stop 7.65 USDJPY.DWX at 108.566 sl: 108.708 (108.628 / 108.631),D:\QM\reports\work_items\2fc84747-27db-5e88-9568-3fdda6c30769\QM5_41398\20260909_135814\raw\run_01\20260909.log
65854,2019-11-25,buy,True,108.801,108.690,108.801,108.690,108.779,108.783,False,False,False,2019-11-25T05:00:02,2019-11-25T03:00:02Z,winter_US_standard,5,3,6,CS	0	16:00:49.410	Trade	2019.11.25 05:00:02   buy stop 9.79 USDJPY.DWX at 108.801 sl: 108.690 (108.779 / 108.783),D:\QM\reports\work_items\2fc84747-27db-5e88-9568-3fdda6c30769\QM5_41398\20260909_135814\raw\run_01\20260909.log
65855,2019-11-25,sell,True,108.690,108.801,108.801,108.690,108.779,108.783,False,False,False,2019-11-25T05:00:02,2019-11-25T03:00:02Z,winter_US_standard,5,3,6,CS	0	16:00:49.410	Trade	2019.11.25 05:00:02   sell stop 9.8 USDJPY.DWX at 108.690 sl: 108.801 (108.779 / 108.783),D:\QM\reports\work_items\2fc84747-27db-5e88-9568-3fdda6c30769\QM5_41398\20260909_135814\raw\run_01\20260909.log
65867,2019-11-27,buy,True,109.151,109.066,109.151,109.066,109.114,109.119,False,False,False,2019-11-27T05:00:00,2019-11-27T03:00:00Z,winter_US_standard,5,3,6,CS	0	16:00:49.766	Trade	2019.11.27 05:00:00   buy stop 12.83 USDJPY.DWX at 109.151 sl: 109.066 (109.114 / 109.119),D:\QM\reports\work_items\2fc84747-27db-5e88-9568-3fdda6c30769\QM5_41398\20260909_135814\raw\run_01\20260909.log
65868,2019-11-27,sell,True,109.066,109.151,109.151,109.066,109.114,109.119,False,False,False,2019-11-27T05:00:00,2019-11-27T03:00:00Z,winter_US_standard,5,3,6,CS	0	16:00:49.767	Trade	2019.11.27 05:00:00   sell stop 12.84 USDJPY.DWX at 109.066 sl: 109.151 (109.114 / 109.119),D:\QM\reports\work_items\2fc84747-27db-5e88-9568-3fdda6c30769\QM5_41398\20260909_135814\raw\run_01\20260909.log
65881,2019-11-28,buy,True,109.486,109.336,109.486,109.336,109.466,109.469,False,False,False,2019-11-28T05:00:00,2019-11-28T03:00:00Z,winter_US_standard,5,3,6,CS	0	16:00:49.965	Trade	2019.11.28 05:00:00   buy stop 7.28 USDJPY.DWX at 109.486 sl: 109.336 (109.466 / 109.469),D:\QM\reports\work_items\2fc84747-27db-5e88-9568-3fdda6c30769\QM5_41398\20260909_135814\raw\run_01\20260909.log
65882,2019-11-28,sell,True,109.336,109.486,109.486,109.336,109.466,109.469,False,False,False,2019-11-28T05:00:00,2019-11-28T03:00:00Z,winter_US_standard,5,3,6,CS	0	16:00:49.965	Trade	2019.11.28 05:00:00   sell stop 7.29 USDJPY.DWX at 109.336 sl: 109.486 (109.466 / 109.469),D:\QM\reports\work_items\2fc84747-27db-5e88-9568-3fdda6c30769\QM5_41398\20260909_135814\raw\run_01\20260909.log
65892,2019-12-02,buy,True,109.727,109.528,109.727,109.528,109.694,109.697,False,False,False,2019-12-02T05:00:00,2019-12-02T03:00:00Z,winter_US_standard,5,3,6,CS	0	16:00:50.211	Trade	2019.12.02 05:00:00   buy stop 5.5 USDJPY.DWX at 109.727 sl: 109.528 (109.694 / 109.697),D:\QM\reports\work_items\2fc84747-27db-5e88-9568-3fdda6c30769\QM5_41398\20260909_135814\raw\run_01\20260909.log
65893,2019-12-02,sell,True,109.528,109.727,109.727,109.528,109.694,109.697,False,False,False,2019-12-02T05:00:00,2019-12-02T03:00:00Z,winter_US_standard,5,3,6,CS	0	16:00:50.211	Trade	2019.12.02 05:00:00   sell stop 5.51 USDJPY.DWX at 109.528 sl: 109.727 (109.694 / 109.697),D:\QM\reports\work_items\2fc84747-27db-5e88-9568-3fdda6c30769\QM5_41398\20260909_135814\raw\run_01\20260909.log
65904,2019-12-03,buy,True,109.164,108.951,109.164,108.951,109.145,109.148,False,False,False,2019-12-03T05:00:01,2019-12-03T03:00:01Z,winter_US_standard,5,3,6,CS	0	16:00:50.446	Trade	2019.12.03 05:00:01   buy stop 5.11 USDJPY.DWX at 109.164 sl: 108.951 (109.145 / 109.148),D:\QM\reports\work_items\2fc84747-27db-5e88-9568-3fdda6c30769\QM5_41398\20260909_135814\raw\run_01\20260909.log
65905,2019-12-03,sell,True,108.951,109.164,109.164,108.951,109.145,109.148,False,False,False,2019-12-03T05:00:01,2019-12-03T03:00:01Z,winter_US_standard,5,3,6,CS	0	16:00:50.446	Trade	2019.12.03 05:00:01   sell stop 5.12 USDJPY.DWX at 108.951 sl: 109.164 (109.145 / 109.148),D:\QM\reports\work_items\2fc84747-27db-5e88-9568-3fdda6c30769\QM5_41398\20260909_135814\raw\run_01\20260909.log
65915,2019-12-04,buy,True,108.678,108.485,108.678,108.485,108.520,108.523,False,False,False,2019-12-04T05:00:00,2019-12-04T03:00:00Z,winter_US_standard,5,3,6,CS	0	16:00:50.799	Trade	2019.12.04 05:00:00   buy stop 5.62 USDJPY.DWX at 108.678 sl: 108.485 (108.520 / 108.523),D:\QM\reports\work_items\2fc84747-27db-5e88-9568-3fdda6c30769\QM5_41398\20260909_135814\raw\run_01\20260909.log
65916,2019-12-04,sell,True,108.485,108.678,108.678,108.485,108.520,108.523,False,False,False,2019-12-04T05:00:00,2019-12-04T03:00:00Z,winter_US_standard,5,3,6,CS	0	16:00:50.800	Trade	2019.12.04 05:00:00   sell stop 5.63 USDJPY.DWX at 108.485 sl: 108.678 (108.520 / 108.523),D:\QM\reports\work_items\2fc84747-27db-5e88-9568-3fdda6c30769\QM5_41398\20260909_135814\raw\run_01\20260909.log
65926,2019-12-05,buy,True,108.932,108.802,108.932,108.802,108.881,108.884,False,False,False,2019-12-05T05:00:00,2019-12-05T03:00:00Z,winter_US_standard,5,3,6,CS	0	16:00:51.054	Trade	2019.12.05 05:00:00   buy stop 8.36 USDJPY.DWX at 108.932 sl: 108.802 (108.881 / 108.884),D:\QM\reports\work_items\2fc84747-27db-5e88-9568-3fdda6c30769\QM5_41398\20260909_135814\raw\run_01\20260909.log
65927,2019-12-05,sell,True,108.802,108.932,108.932,108.802,108.881,108.884,False,False,False,2019-12-05T05:00:00,2019-12-05T03:00:00Z,winter_US_standard,5,3,6,CS	0	16:00:51.055	Trade	2019.12.05 05:00:00   sell stop 8.37 USDJPY.DWX at 108.802 sl: 108.932 (108.881 / 108.884),D:\QM\reports\work_items\2fc84747-27db-5e88-9568-3fdda6c30769\QM5_41398\20260909_135814\raw\run_01\20260909.log
65937,2019-12-06,buy,True,108.783,108.663,108.783,108.663,108.676,108.680,False,False,False,2019-12-06T05:00:04,2019-12-06T03:00:04Z,winter_US_standard,5,3,6,CS	0	16:00:51.250	Trade	2019.12.06 05:00:04   buy stop 9.05 USDJPY.DWX at 108.783 sl: 108.663 (108.676 / 108.680),D:\QM\reports\work_items\2fc84747-27db-5e88-9568-3fdda6c30769\QM5_41398\20260909_135814\raw\run_01\20260909.log
65938,2019-12-06,sell,True,108.663,108.783,108.783,108.663,108.676,108.680,False,False,False,2019-12-06T05:00:04,2019-12-06T03:00:04Z,winter_US_standard,5,3,6,CS	0	16:00:51.251	Trade	2019.12.06 05:00:04   sell stop 9.06 USDJPY.DWX at 108.663 sl: 108.783 (108.676 / 108.680),D:\QM\reports\work_items\2fc84747-27db-5e88-9568-3fdda6c30769\QM5_41398\20260909_135814\raw\run_01\20260909.log
65949,2019-12-09,buy,True,108.640,108.541,108.640,108.541,108.602,108.605,False,False,False,2019-12-09T05:00:01,2019-12-09T03:00:01Z,winter_US_standard,5,3,6,CS	0	16:00:51.483	Trade	2019.12.09 05:00:01   buy stop 10.96 USDJPY.DWX at 108.640 sl: 108.541 (108.602 / 108.605),D:\QM\reports\work_items\2fc84747-27db-5e88-9568-3fdda6c30769\QM5_41398\20260909_135814\raw\run_01\20260909.log
65950,2019-12-09,sell,True,108.541,108.640,108.640,108.541,108.602,108.605,False,False,False,2019-12-09T05:00:01,2019-12-09T03:00:01Z,winter_US_standard,5,3,6,CS	0	16:00:51.483	Trade	2019.12.09 05:00:01   sell stop 10.97 USDJPY.DWX at 108.541 sl: 108.640 (108.602 / 108.605),D:\QM\reports\work_items\2fc84747-27db-5e88-9568-3fdda6c30769\QM5_41398\20260909_135814\raw\run_01\20260909.log
65964,2019-12-10,buy,True,108.661,108.559,108.661,108.559,108.632,108.636,False,False,False,2019-12-10T05:00:01,2019-12-10T03:00:01Z,winter_US_standard,5,3,6,CS	0	16:00:51.627	Trade	2019.12.10 05:00:01   buy stop 10.64 USDJPY.DWX at 108.661 sl: 108.559 (108.632 / 108.636),D:\QM\reports\work_items\2fc84747-27db-5e88-9568-3fdda6c30769\QM5_41398\20260909_135814\raw\run_01\20260909.log
65965,2019-12-10,sell,True,108.559,108.661,108.661,108.559,108.632,108.636,False,False,False,2019-12-10T05:00:01,2019-12-10T03:00:01Z,winter_US_standard,5,3,6,CS	0	16:00:51.628	Trade	2019.12.10 05:00:01   sell stop 10.65 USDJPY.DWX at 108.559 sl: 108.661 (108.632 / 108.636),D:\QM\reports\work_items\2fc84747-27db-5e88-9568-3fdda6c30769\QM5_41398\20260909_135814\raw\run_01\20260909.log
65975,2019-12-11,buy,True,108.794,108.665,108.794,108.665,108.741,108.744,False,False,False,2019-12-11T05:00:01,2019-12-11T03:00:01Z,winter_US_standard,5,3,6,CS	0	16:00:51.842	Trade	2019.12.11 05:00:01   buy stop 8.42 USDJPY.DWX at 108.794 sl: 108.665 (108.741 / 108.744),D:\QM\reports\work_items\2fc84747-27db-5e88-9568-3fdda6c30769\QM5_41398\20260909_135814\raw\run_01\20260909.log
65976,2019-12-11,sell,True,108.665,108.794,108.794,108.665,108.741,108.744,False,False,False,2019-12-11T05:00:01,2019-12-11T03:00:01Z,winter_US_standard,5,3,6,CS	0	16:00:51.843	Trade	2019.12.11 05:00:01   sell stop 8.43 USDJPY.DWX at 108.665 sl: 108.794 (108.741 / 108.744),D:\QM\reports\work_items\2fc84747-27db-5e88-9568-3fdda6c30769\QM5_41398\20260909_135814\raw\run_01\20260909.log
65986,2019-12-12,buy,True,108.582,108.456,108.582,108.456,108.578,108.582,False,False,False,2019-12-12T05:00:00,2019-12-12T03:00:00Z,winter_US_standard,5,3,6,CS	0	16:00:51.989	Trade	2019.12.12 05:00:00   buy stop 8.6 USDJPY.DWX at 108.582 sl: 108.456 (108.578 / 108.582),D:\QM\reports\work_items\2fc84747-27db-5e88-9568-3fdda6c30769\QM5_41398\20260909_135814\raw\run_01\20260909.log
65987,2019-12-12,sell,True,108.456,108.582,108.582,108.456,108.578,108.582,False,False,False,2019-12-12T05:00:00,2019-12-12T03:00:00Z,winter_US_standard,5,3,6,CS	0	16:00:51.989	Trade	2019.12.12 05:00:00   sell stop 8.61 USDJPY.DWX at 108.456 sl: 108.582 (108.578 / 108.582),D:\QM\reports\work_items\2fc84747-27db-5e88-9568-3fdda6c30769\QM5_41398\20260909_135814\raw\run_01\20260909.log
65998,2019-12-13,buy,True,109.567,109.349,109.567,109.349,109.549,109.553,False,False,False,2019-12-13T05:00:00,2019-12-13T03:00:00Z,winter_US_standard,5,3,6,CS	0	16:00:52.420	Trade	2019.12.13 05:00:00   buy stop 5.01 USDJPY.DWX at 109.567 sl: 109.349 (109.549 / 109.553),D:\QM\reports\work_items\2fc84747-27db-5e88-9568-3fdda6c30769\QM5_41398\20260909_135814\raw\run_01\20260909.log
65999,2019-12-13,sell,True,109.349,109.567,109.567,109.349,109.549,109.553,False,False,False,2019-12-13T05:00:00,2019-12-13T03:00:00Z,winter_US_standard,5,3,6,CS	0	16:00:52.420	Trade	2019.12.13 05:00:00   sell stop 5.02 USDJPY.DWX at 109.349 sl: 109.567 (109.549 / 109.553),D:\QM\reports\work_items\2fc84747-27db-5e88-9568-3fdda6c30769\QM5_41398\20260909_135814\raw\run_01\20260909.log
66009,2019-12-16,buy,True,109.416,109.354,109.416,109.354,109.386,109.390,False,False,False,2019-12-16T05:00:00,2019-12-16T03:00:00Z,winter_US_standard,5,3,6,CS	0	16:00:52.731	Trade	2019.12.16 05:00:00   buy stop 17.63 USDJPY.DWX at 109.416 sl: 109.354 (109.386 / 109.390),D:\QM\reports\work_items\2fc84747-27db-5e88-9568-3fdda6c30769\QM5_41398\20260909_135814\raw\run_01\20260909.log
66010,2019-12-16,sell,True,109.354,109.416,109.416,109.354,109.386,109.390,False,False,False,2019-12-16T05:00:00,2019-12-16T03:00:00Z,winter_US_standard,5,3,6,CS	0	16:00:52.731	Trade	2019.12.16 05:00:00   sell stop 17.64 USDJPY.DWX at 109.354 sl: 109.416 (109.386 / 109.390),D:\QM\reports\work_items\2fc84747-27db-5e88-9568-3fdda6c30769\QM5_41398\20260909_135814\raw\run_01\20260909.log
66023,2019-12-17,buy,True,109.586,109.490,109.586,109.490,109.545,109.549,False,False,False,2019-12-17T05:00:01,2019-12-17T03:00:01Z,winter_US_standard,5,3,6,CS	0	16:00:52.870	Trade	2019.12.17 05:00:01   buy stop 11.4 USDJPY.DWX at 109.586 sl: 109.490 (109.545 / 109.549),D:\QM\reports\work_items\2fc84747-27db-5e88-9568-3fdda6c30769\QM5_41398\20260909_135814\raw\run_01\20260909.log
66024,2019-12-17,sell,True,109.490,109.586,109.586,109.490,109.545,109.549,False,False,False,2019-12-17T05:00:01,2019-12-17T03:00:01Z,winter_US_standard,5,3,6,CS	0	16:00:52.870	Trade	2019.12.17 05:00:01   sell stop 11.41 USDJPY.DWX at 109.490 sl: 109.586 (109.545 / 109.549),D:\QM\reports\work_items\2fc84747-27db-5e88-9568-3fdda6c30769\QM5_41398\20260909_135814\raw\run_01\20260909.log
66034,2019-12-18,buy,True,109.566,109.412,109.566,109.412,109.439,109.442,False,False,False,2019-12-18T05:00:01,2019-12-18T03:00:01Z,winter_US_standard,5,3,6,CS	0	16:00:53.006	Trade	2019.12.18 05:00:01   buy stop 7.1 USDJPY.DWX at 109.566 sl: 109.412 (109.439 / 109.442),D:\QM\reports\work_items\2fc84747-27db-5e88-9568-3fdda6c30769\QM5_41398\20260909_135814\raw\run_01\20260909.log
66035,2019-12-18,sell,True,109.412,109.566,109.566,109.412,109.439,109.442,False,False,False,2019-12-18T05:00:01,2019-12-18T03:00:01Z,winter_US_standard,5,3,6,CS	0	16:00:53.007	Trade	2019.12.18 05:00:01   sell stop 7.11 USDJPY.DWX at 109.412 sl: 109.566 (109.439 / 109.442),D:\QM\reports\work_items\2fc84747-27db-5e88-9568-3fdda6c30769\QM5_41398\20260909_135814\raw\run_01\20260909.log
66045,2019-12-20,buy,True,109.403,109.301,109.403,109.301,109.330,109.332,False,False,False,2019-12-20T05:00:11,2019-12-20T03:00:11Z,winter_US_standard,5,3,6,CS	0	16:00:53.264	Trade	2019.12.20 05:00:11   buy stop 10.71 USDJPY.DWX at 109.403 sl: 109.301 (109.330 / 109.332),D:\QM\reports\work_items\2fc84747-27db-5e88-9568-3fdda6c30769\QM5_41398\20260909_135814\raw\run_01\20260909.log
66046,2019-12-20,sell,True,109.301,109.403,109.403,109.301,109.330,109.332,False,False,False,2019-12-20T05:00:11,2019-12-20T03:00:11Z,winter_US_standard,5,3,6,CS	0	16:00:53.264	Trade	2019.12.20 05:00:11   sell stop 10.72 USDJPY.DWX at 109.301 sl: 109.403 (109.330 / 109.332),D:\QM\reports\work_items\2fc84747-27db-5e88-9568-3fdda6c30769\QM5_41398\20260909_135814\raw\run_01\20260909.log
66056,2019-12-23,buy,True,109.502,109.396,109.502,109.396,109.403,109.406,False,False,False,2019-12-23T05:00:11,2019-12-23T03:00:11Z,winter_US_standard,5,3,6,CS	0	16:00:53.386	Trade	2019.12.23 05:00:11   buy stop 10.31 USDJPY.DWX at 109.502 sl: 109.396 (109.403 / 109.406),D:\QM\reports\work_items\2fc84747-27db-5e88-9568-3fdda6c30769\QM5_41398\20260909_135814\raw\run_01\20260909.log
66057,2019-12-23,sell,True,109.396,109.502,109.502,109.396,109.403,109.406,False,False,False,2019-12-23T05:00:11,2019-12-23T03:00:11Z,winter_US_standard,5,3,6,CS	0	16:00:53.386	Trade	2019.12.23 05:00:11   sell stop 10.33 USDJPY.DWX at 109.396 sl: 109.502 (109.403 / 109.406),D:\QM\reports\work_items\2fc84747-27db-5e88-9568-3fdda6c30769\QM5_41398\20260909_135814\raw\run_01\20260909.log
66067,2019-12-24,buy,True,109.443,109.360,109.443,109.360,109.396,109.399,False,False,False,2019-12-24T05:00:00,2019-12-24T03:00:00Z,winter_US_standard,5,3,6,CS	0	16:00:53.521	Trade	2019.12.24 05:00:00   buy stop 13.17 USDJPY.DWX at 109.443 sl: 109.360 (109.396 / 109.399),D:\QM\reports\work_items\2fc84747-27db-5e88-9568-3fdda6c30769\QM5_41398\20260909_135814\raw\run_01\20260909.log
66068,2019-12-24,sell,True,109.360,109.443,109.443,109.360,109.396,109.399,False,False,False,2019-12-24T05:00:00,2019-12-24T03:00:00Z,winter_US_standard,5,3,6,CS	0	16:00:53.521	Trade	2019.12.24 05:00:00   sell stop 13.18 USDJPY.DWX at 109.360 sl: 109.443 (109.396 / 109.399),D:\QM\reports\work_items\2fc84747-27db-5e88-9568-3fdda6c30769\QM5_41398\20260909_135814\raw\run_01\20260909.log
66071,2019-12-27,buy,True,109.548,109.431,109.548,109.431,109.488,109.490,False,False,False,2019-12-27T05:00:00,2019-12-27T03:00:00Z,winter_US_standard,5,3,6,CS	0	16:00:53.771	Trade	2019.12.27 05:00:00   buy stop 9.35 USDJPY.DWX at 109.548 sl: 109.431 (109.488 / 109.490),D:\QM\reports\work_items\2fc84747-27db-5e88-9568-3fdda6c30769\QM5_41398\20260909_135814\raw\run_01\20260909.log
66072,2019-12-27,sell,True,109.431,109.548,109.548,109.431,109.488,109.490,False,False,False,2019-12-27T05:00:00,2019-12-27T03:00:00Z,winter_US_standard,5,3,6,CS	0	16:00:53.771	Trade	2019.12.27 05:00:00   sell stop 9.36 USDJPY.DWX at 109.431 sl: 109.548 (109.488 / 109.490),D:\QM\reports\work_items\2fc84747-27db-5e88-9568-3fdda6c30769\QM5_41398\20260909_135814\raw\run_01\20260909.log
66082,2019-12-31,buy,True,108.877,108.624,108.877,108.624,108.651,108.654,False,False,False,2019-12-31T05:00:02,2019-12-31T03:00:02Z,winter_US_standard,5,3,6,CS	0	16:00:54.052	Trade	2019.12.31 05:00:02   buy stop 4.29 USDJPY.DWX at 108.877 sl: 108.624 (108.651 / 108.654),D:\QM\reports\work_items\2fc84747-27db-5e88-9568-3fdda6c30769\QM5_41398\20260909_135814\raw\run_01\20260909.log
66083,2019-12-31,sell,True,108.624,108.877,108.877,108.624,108.651,108.654,False,False,False,2019-12-31T05:00:02,2019-12-31T03:00:02Z,winter_US_standard,5,3,6,CS	0	16:00:54.053	Trade	2019.12.31 05:00:02   sell stop 4.3 USDJPY.DWX at 108.624 sl: 108.877 (108.651 / 108.654),D:\QM\reports\work_items\2fc84747-27db-5e88-9568-3fdda6c30769\QM5_41398\20260909_135814\raw\run_01\20260909.log
66093,2020-01-02,buy,True,108.735,108.637,108.735,108.637,108.677,108.681,False,False,False,2020-01-02T05:00:02,2020-01-02T03:00:02Z,winter_US_standard,5,3,6,CS	0	16:00:54.214	Trade	2020.01.02 05:00:02   buy stop 11.08 USDJPY.DWX at 108.735 sl: 108.637 (108.677 / 108.681),D:\QM\reports\work_items\2fc84747-27db-5e88-9568-3fdda6c30769\QM5_41398\20260909_135814\raw\run_01\20260909.log
66094,2020-01-02,sell,True,108.637,108.735,108.735,108.637,108.677,108.681,False,False,False,2020-01-02T05:00:02,2020-01-02T03:00:02Z,winter_US_standard,5,3,6,CS	0	16:00:54.214	Trade	2020.01.02 05:00:02   sell stop 11.09 USDJPY.DWX at 108.637 sl: 108.735 (108.677 / 108.681),D:\QM\reports\work_items\2fc84747-27db-5e88-9568-3fdda6c30769\QM5_41398\20260909_135814\raw\run_01\20260909.log
66107,2020-01-06,buy,True,108.122,107.914,108.122,107.914,108.030,108.034,False,False,False,2020-01-06T05:00:00,2020-01-06T03:00:00Z,winter_US_standard,5,3,6,CS	0	16:00:54.653	Trade	2020.01.06 05:00:00   buy stop 5.18 USDJPY.DWX at 108.122 sl: 107.914 (108.030 / 108.034),D:\QM\reports\work_items\2fc84747-27db-5e88-9568-3fdda6c30769\QM5_41398\20260909_135814\raw\run_01\20260909.log
66108,2020-01-06,sell,True,107.914,108.122,108.122,107.914,108.030,108.034,False,False,False,2020-01-06T05:00:00,2020-01-06T03:00:00Z,winter_US_standard,5,3,6,CS	0	16:00:54.653	Trade	2020.01.06 05:00:00   sell stop 5.19 USDJPY.DWX at 107.914 sl: 108.122 (108.030 / 108.034),D:\QM\reports\work_items\2fc84747-27db-5e88-9568-3fdda6c30769\QM5_41398\20260909_135814\raw\run_01\20260909.log
66118,2020-01-07,buy,True,108.482,108.375,108.482,108.375,108.474,108.477,False,False,False,2020-01-07T05:00:19,2020-01-07T03:00:19Z,winter_US_standard,5,3,6,CS	0	16:00:54.881	Trade	2020.01.07 05:00:19   buy stop 10.12 USDJPY.DWX at 108.482 sl: 108.375 (108.474 / 108.477),D:\QM\reports\work_items\2fc84747-27db-5e88-9568-3fdda6c30769\QM5_41398\20260909_135814\raw\run_01\20260909.log
66119,2020-01-07,sell,True,108.375,108.482,108.482,108.375,108.474,108.477,False,False,False,2020-01-07T05:00:19,2020-01-07T03:00:19Z,winter_US_standard,5,3,6,CS	0	16:00:54.882	Trade	2020.01.07 05:00:19   sell stop 10.13 USDJPY.DWX at 108.375 sl: 108.482 (108.474 / 108.477),D:\QM\reports\work_items\2fc84747-27db-5e88-9568-3fdda6c30769\QM5_41398\20260909_135814\raw\run_01\20260909.log
66129,2020-01-09,buy,True,109.254,109.031,109.254,109.031,109.196,109.201,False,False,False,2020-01-09T05:00:02,2020-01-09T03:00:02Z,winter_US_standard,5,3,6,CS	0	16:00:55.497	Trade	2020.01.09 05:00:02   buy stop 4.88 USDJPY.DWX at 109.254 sl: 109.031 (109.196 / 109.201),D:\QM\reports\work_items\2fc84747-27db-5e88-9568-3fdda6c30769\QM5_41398\20260909_135814\raw\run_01\20260909.log
66130,2020-01-09,sell,True,109.031,109.254,109.254,109.031,109.196,109.201,False,False,False,2020-01-09T05:00:02,2020-01-09T03:00:02Z,winter_US_standard,5,3,6,CS	0	16:00:55.497	Trade	2020.01.09 05:00:02   sell stop 4.89 USDJPY.DWX at 109.031 sl: 109.254 (109.196 / 109.201),D:\QM\reports\work_items\2fc84747-27db-5e88-9568-3fdda6c30769\QM5_41398\20260909_135814\raw\run_01\20260909.log
66142,2020-01-10,buy,True,109.581,109.458,109.581,109.458,109.538,109.543,False,False,False,2020-01-10T05:00:00,2020-01-10T03:00:00Z,winter_US_standard,5,3,6,CS	0	16:00:55.668	Trade	2020.01.10 05:00:00   buy stop 8.89 USDJPY.DWX at 109.581 sl: 109.458 (109.538 / 109.543),D:\QM\reports\work_items\2fc84747-27db-5e88-9568-3fdda6c30769\QM5_41398\20260909_135814\raw\run_01\20260909.log
66143,2020-01-10,sell,True,109.458,109.581,109.581,109.458,109.538,109.543,False,False,False,2020-01-10T05:00:00,2020-01-10T03:00:00Z,winter_US_standard,5,3,6,CS	0	16:00:55.668	Trade	2020.01.10 05:00:00   sell stop 8.9 USDJPY.DWX at 109.458 sl: 109.581 (109.538 / 109.543),D:\QM\reports\work_items\2fc84747-27db-5e88-9568-3fdda6c30769\QM5_41398\20260909_135814\raw\run_01\20260909.log
66153,2020-01-13,buy,True,109.636,109.533,109.636,109.533,109.627,109.631,False,False,False,2020-01-13T05:00:00,2020-01-13T03:00:00Z,winter_US_standard,5,3,6,CS	0	16:00:55.811	Trade	2020.01.13 05:00:00   buy stop 10.63 USDJPY.DWX at 109.636 sl: 109.533 (109.627 / 109.631),D:\QM\reports\work_items\2fc84747-27db-5e88-9568-3fdda6c30769\QM5_41398\20260909_135814\raw\run_01\20260909.log
66154,2020-01-13,sell,True,109.533,109.636,109.636,109.533,109.627,109.631,False,False,False,2020-01-13T05:00:00,2020-01-13T03:00:00Z,winter_US_standard,5,3,6,CS	0	16:00:55.812	Trade	2020.01.13 05:00:00   sell stop 10.64 USDJPY.DWX at 109.533 sl: 109.636 (109.627 / 109.631),D:\QM\reports\work_items\2fc84747-27db-5e88-9568-3fdda6c30769\QM5_41398\20260909_135814\raw\run_01\20260909.log
66167,2020-01-15,buy,True,109.972,109.848,109.972,109.848,109.933,109.936,False,False,False,2020-01-15T05:00:01,2020-01-15T03:00:01Z,winter_US_standard,5,3,6,CS	0	16:00:56.087	Trade	2020.01.15 05:00:01   buy stop 8.85 USDJPY.DWX at 109.972 sl: 109.848 (109.933 / 109.936),D:\QM\reports\work_items\2fc84747-27db-5e88-9568-3fdda6c30769\QM5_41398\20260909_135814\raw\run_01\20260909.log
66168,2020-01-15,sell,True,109.848,109.972,109.972,109.848,109.933,109.936,False,False,False,2020-01-15T05:00:01,2020-01-15T03:00:01Z,winter_US_standard,5,3,6,CS	0	16:00:56.087	Trade	2020.01.15 05:00:01   sell stop 8.86 USDJPY.DWX at 109.848 sl: 109.972 (109.933 / 109.936),D:\QM\reports\work_items\2fc84747-27db-5e88-9568-3fdda6c30769\QM5_41398\20260909_135814\raw\run_01\20260909.log
66178,2020-01-16,buy,True,109.990,109.872,109.990,109.872,109.933,109.936,False,False,False,2020-01-16T05:00:57,2020-01-16T03:00:57Z,winter_US_standard,5,3,6,CS	0	16:00:56.216	Trade	2020.01.16 05:00:57   buy stop 9.31 USDJPY.DWX at 109.990 sl: 109.872 (109.933 / 109.936),D:\QM\reports\work_items\2fc84747-27db-5e88-9568-3fdda6c30769\QM5_41398\20260909_135814\raw\run_01\20260909.log
66179,2020-01-16,sell,True,109.872,109.990,109.990,109.872,109.933,109.936,False,False,False,2020-01-16T05:00:57,2020-01-16T03:00:57Z,winter_US_standard,5,3,6,CS	0	16:00:56.216	Trade	2020.01.16 05:00:57   sell stop 9.32 USDJPY.DWX at 109.872 sl: 109.990 (109.933 / 109.936),D:\QM\reports\work_items\2fc84747-27db-5e88-9568-3fdda6c30769\QM5_41398\20260909_135814\raw\run_01\20260909.log
66191,2020-01-17,buy,True,110.290,110.153,110.290,110.153,110.205,110.208,False,False,False,2020-01-17T05:00:00,2020-01-17T03:00:00Z,winter_US_standard,5,3,6,CS	0	16:00:56.357	Trade	2020.01.17 05:00:00   buy stop 8.04 USDJPY.DWX at 110.290 sl: 110.153 (110.205 / 110.208),D:\QM\reports\work_items\2fc84747-27db-5e88-9568-3fdda6c30769\QM5_41398\20260909_135814\raw\run_01\20260909.log
66192,2020-01-17,sell,True,110.153,110.290,110.290,110.153,110.205,110.208,False,False,False,2020-01-17T05:00:00,2020-01-17T03:00:00Z,winter_US_standard,5,3,6,CS	0	16:00:56.358	Trade	2020.01.17 05:00:00   sell stop 8.05 USDJPY.DWX at 110.153 sl: 110.290 (110.205 / 110.208),D:\QM\reports\work_items\2fc84747-27db-5e88-9568-3fdda6c30769\QM5_41398\20260909_135814\raw\run_01\20260909.log
66202,2020-01-20,buy,True,110.217,110.152,110.217,110.152,110.183,110.187,False,False,False,2020-01-20T05:00:12,2020-01-20T03:00:12Z,winter_US_standard,5,3,6,CS	0	16:00:56.473	Trade	2020.01.20 05:00:12   buy stop 16.94 USDJPY.DWX at 110.217 sl: 110.152 (110.183 / 110.187),D:\QM\reports\work_items\2fc84747-27db-5e88-9568-3fdda6c30769\QM5_41398\20260909_135814\raw\run_01\20260909.log
66203,2020-01-20,sell,True,110.152,110.217,110.217,110.152,110.183,110.187,False,False,False,2020-01-20T05:00:12,2020-01-20T03:00:12Z,winter_US_standard,5,3,6,CS	0	16:00:56.474	Trade	2020.01.20 05:00:12   sell stop 16.95 USDJPY.DWX at 110.152 sl: 110.217 (110.183 / 110.187),D:\QM\reports\work_items\2fc84747-27db-5e88-9568-3fdda6c30769\QM5_41398\20260909_135814\raw\run_01\20260909.log
66213,2020-01-22,buy,True,110.101,109.865,110.101,109.865,110.053,110.058,False,False,False,2020-01-22T05:00:00,2020-01-22T03:00:00Z,winter_US_standard,5,3,6,CS	0	16:00:56.728	Trade	2020.01.22 05:00:00   buy stop 4.65 USDJPY.DWX at 110.101 sl: 109.865 (110.053 / 110.058),D:\QM\reports\work_items\2fc84747-27db-5e88-9568-3fdda6c30769\QM5_41398\20260909_135814\raw\run_01\20260909.log
66214,2020-01-22,sell,True,109.865,110.101,110.101,109.865,110.053,110.058,False,False,False,2020-01-22T05:00:00,2020-01-22T03:00:00Z,winter_US_standard,5,3,6,CS	0	16:00:56.729	Trade	2020.01.22 05:00:00   sell stop 4.66 USDJPY.DWX at 109.865 sl: 110.101 (110.053 / 110.058),D:\QM\reports\work_items\2fc84747-27db-5e88-9568-3fdda6c30769\QM5_41398\20260909_135814\raw\run_01\20260909.log
66224,2020-01-23,buy,True,109.764,109.593,109.764,109.593,109.658,109.663,False,False,False,2020-01-23T05:00:01,2020-01-23T03:00:01Z,winter_US_standard,5,3,6,CS	0	16:00:56.861	Trade	2020.01.23 05:00:01   buy stop 6.4 USDJPY.DWX at 109.764 sl: 109.593 (109.658 / 109.663),D:\QM\reports\work_items\2fc84747-27db-5e88-9568-3fdda6c30769\QM5_41398\20260909_135814\raw\run_01\20260909.log
66225,2020-01-23,sell,True,109.593,109.764,109.764,109.593,109.658,109.663,False,False,False,2020-01-23T05:00:01,2020-01-23T03:00:01Z,winter_US_standard,5,3,6,CS	0	16:00:56.862	Trade	2020.01.23 05:00:01   sell stop 6.41 USDJPY.DWX at 109.593 sl: 109.764 (109.658 / 109.663),D:\QM\reports\work_items\2fc84747-27db-5e88-9568-3fdda6c30769\QM5_41398\20260909_135814\raw\run_01\20260909.log
66237,2020-01-24,buy,True,109.578,109.438,109.578,109.438,109.456,109.459,False,False,False,2020-01-24T05:00:12,2020-01-24T03:00:12Z,winter_US_standard,5,3,6,CS	0	16:00:57.088	Trade	2020.01.24 05:00:12   buy stop 7.81 USDJPY.DWX at 109.578 sl: 109.438 (109.456 / 109.459),D:\QM\reports\work_items\2fc84747-27db-5e88-9568-3fdda6c30769\QM5_41398\20260909_135814\raw\run_01\20260909.log
66238,2020-01-24,sell,True,109.438,109.578,109.578,109.438,109.456,109.459,False,False,False,2020-01-24T05:00:12,2020-01-24T03:00:12Z,winter_US_standard,5,3,6,CS	0	16:00:57.088	Trade	2020.01.24 05:00:12   sell stop 7.82 USDJPY.DWX at 109.438 sl: 109.578 (109.456 / 109.459),D:\QM\reports\work_items\2fc84747-27db-5e88-9568-3fdda6c30769\QM5_41398\20260909_135814\raw\run_01\20260909.log
66248,2020-01-27,buy,True,109.034,108.793,109.034,108.793,108.937,108.940,False,False,False,2020-01-27T05:00:00,2020-01-27T03:00:00Z,winter_US_standard,5,3,6,CS	0	16:00:57.326	Trade	2020.01.27 05:00:00   buy stop 4.51 USDJPY.DWX at 109.034 sl: 108.793 (108.937 / 108.940),D:\QM\reports\work_items\2fc84747-27db-5e88-9568-3fdda6c30769\QM5_41398\20260909_135814\raw\run_01\20260909.log
66249,2020-01-27,sell,True,108.793,109.034,109.034,108.793,108.937,108.940,False,False,False,2020-01-27T05:00:00,2020-01-27T03:00:00Z,winter_US_standard,5,3,6,CS	0	16:00:57.326	Trade	2020.01.27 05:00:00   sell stop 4.52 USDJPY.DWX at 108.793 sl: 109.034 (108.937 / 108.940),D:\QM\reports\work_items\2fc84747-27db-5e88-9568-3fdda6c30769\QM5_41398\20260909_135814\raw\run_01\20260909.log
66259,2020-01-28,buy,True,109.047,108.818,109.047,108.818,109.002,109.005,False,False,False,2020-01-28T05:00:01,2020-01-28T03:00:01Z,winter_US_standard,5,3,6,CS	0	16:00:57.640	Trade	2020.01.28 05:00:01   buy stop 4.75 USDJPY.DWX at 109.047 sl: 108.818 (109.002 / 109.005),D:\QM\reports\work_items\2fc84747-27db-5e88-9568-3fdda6c30769\QM5_41398\20260909_135814\raw\run_01\20260909.log
66260,2020-01-28,sell,True,108.818,109.047,109.047,108.818,109.002,109.005,False,False,False,2020-01-28T05:00:01,2020-01-28T03:00:01Z,winter_US_standard,5,3,6,CS	0	16:00:57.640	Trade	2020.01.28 05:00:01   sell stop 4.76 USDJPY.DWX at 108.818 sl: 109.047 (109.002 / 109.005),D:\QM\reports\work_items\2fc84747-27db-5e88-9568-3fdda6c30769\QM5_41398\20260909_135814\raw\run_01\20260909.log
66270,2020-01-29,buy,True,109.235,109.073,109.235,109.073,109.187,109.190,False,False,False,2020-01-29T05:00:06,2020-01-29T03:00:06Z,winter_US_standard,5,3,6,CS	0	16:00:57.830	Trade	2020.01.29 05:00:06   buy stop 6.73 USDJPY.DWX at 109.235 sl: 109.073 (109.187 / 109.190),D:\QM\reports\work_items\2fc84747-27db-5e88-9568-3fdda6c30769\QM5_41398\20260909_135814\raw\run_01\20260909.log
66271,2020-01-29,sell,True,109.073,109.235,109.235,109.073,109.187,109.190,False,False,False,2020-01-29T05:00:06,2020-01-29T03:00:06Z,winter_US_standard,5,3,6,CS	0	16:00:57.830	Trade	2020.01.29 05:00:06   sell stop 6.74 USDJPY.DWX at 109.073 sl: 109.235 (109.187 / 109.190),D:\QM\reports\work_items\2fc84747-27db-5e88-9568-3fdda6c30769\QM5_41398\20260909_135814\raw\run_01\20260909.log
66281,2020-01-30,buy,True,109.046,108.869,109.046,108.869,108.897,108.898,False,False,False,2020-01-30T05:00:00,2020-01-30T03:00:00Z,winter_US_standard,5,3,6,CS	0	16:00:57.999	Trade	2020.01.30 05:00:00   buy stop 6.15 USDJPY.DWX at 109.046 sl: 108.869 (108.897 / 108.898),D:\QM\reports\work_items\2fc84747-27db-5e88-9568-3fdda6c30769\QM5_41398\20260909_135814\raw\run_01\20260909.log
66282,2020-01-30,sell,True,108.869,109.046,109.046,108.869,108.897,108.898,False,False,False,2020-01-30T05:00:00,2020-01-30T03:00:00Z,winter_US_standard,5,3,6,CS	0	16:00:57.999	Trade	2020.01.30 05:00:00   sell stop 6.16 USDJPY.DWX at 108.869 sl: 109.046 (108.897 / 108.898),D:\QM\reports\work_items\2fc84747-27db-5e88-9568-3fdda6c30769\QM5_41398\20260909_135814\raw\run_01\20260909.log
66292,2020-01-31,buy,True,109.135,108.889,109.135,108.889,109.059,109.062,False,False,False,2020-01-31T05:00:00,2020-01-31T03:00:00Z,winter_US_standard,5,3,6,CS	0	16:00:58.350	Trade	2020.01.31 05:00:00   buy stop 4.42 USDJPY.DWX at 109.135 sl: 108.889 (109.059 / 109.062),D:\QM\reports\work_items\2fc84747-27db-5e88-9568-3fdda6c30769\QM5_41398\20260909_135814\raw\run_01\20260909.log
66293,2020-01-31,sell,True,108.889,109.135,109.135,108.889,109.059,109.062,False,False,False,2020-01-31T05:00:00,2020-01-31T03:00:00Z,winter_US_standard,5,3,6,CS	0	16:00:58.350	Trade	2020.01.31 05:00:00   sell stop 4.43 USDJPY.DWX at 108.889 sl: 109.135 (109.059 / 109.062),D:\QM\reports\work_items\2fc84747-27db-5e88-9568-3fdda6c30769\QM5_41398\20260909_135814\raw\run_01\20260909.log
66303,2020-02-03,buy,True,108.580,108.364,108.580,108.364,108.482,108.484,False,False,False,2020-02-03T05:00:00,2020-02-03T03:00:00Z,winter_US_standard,5,3,6,CS	0	16:00:58.697	Trade	2020.02.03 05:00:00   buy stop 5.01 USDJPY.DWX at 108.580 sl: 108.364 (108.482 / 108.484),D:\QM\reports\work_items\2fc84747-27db-5e88-9568-3fdda6c30769\QM5_41398\20260909_135814\raw\run_01\20260909.log
66304,2020-02-03,sell,True,108.364,108.580,108.580,108.364,108.482,108.484,False,False,False,2020-02-03T05:00:00,2020-02-03T03:00:00Z,winter_US_standard,5,3,6,CS	0	16:00:58.697	Trade	2020.02.03 05:00:00   sell stop 5.02 USDJPY.DWX at 108.364 sl: 108.580 (108.482 / 108.484),D:\QM\reports\work_items\2fc84747-27db-5e88-9568-3fdda6c30769\QM5_41398\20260909_135814\raw\run_01\20260909.log
66314,2020-02-04,buy,True,108.714,108.548,108.714,108.548,108.664,108.666,False,False,False,2020-02-04T05:00:02,2020-02-04T03:00:02Z,winter_US_standard,5,3,6,CS	0	16:00:58.982	Trade	2020.02.04 05:00:02   buy stop 6.53 USDJPY.DWX at 108.714 sl: 108.548 (108.664 / 108.666),D:\QM\reports\work_items\2fc84747-27db-5e88-9568-3fdda6c30769\QM5_41398\20260909_135814\raw\run_01\20260909.log
66315,2020-02-04,sell,True,108.548,108.714,108.714,108.548,108.664,108.666,False,False,False,2020-02-04T05:00:02,2020-02-04T03:00:02Z,winter_US_standard,5,3,6,CS	0	16:00:58.982	Trade	2020.02.04 05:00:02   sell stop 6.54 USDJPY.DWX at 108.548 sl: 108.714 (108.664 / 108.666),D:\QM\reports\work_items\2fc84747-27db-5e88-9568-3fdda6c30769\QM5_41398\20260909_135814\raw\run_01\20260909.log
66331,2020-02-05,buy,True,109.492,109.366,109.492,109.366,109.458,109.460,False,False,False,2020-02-05T05:00:00,2020-02-05T03:00:00Z,winter_US_standard,5,3,6,CS	0	16:00:59.235	Trade	2020.02.05 05:00:00   buy stop 8.67 USDJPY.DWX at 109.492 sl: 109.366 (109.458 / 109.460),D:\QM\reports\work_items\2fc84747-27db-5e88-9568-3fdda6c30769\QM5_41398\20260909_135814\raw\run_01\20260909.log
66332,2020-02-05,sell,True,109.366,109.492,109.492,109.366,109.458,109.460,False,False,False,2020-02-05T05:00:00,2020-02-05T03:00:00Z,winter_US_standard,5,3,6,CS	0	16:00:59.235	Trade	2020.02.05 05:00:00   sell stop 8.68 USDJPY.DWX at 109.366 sl: 109.492 (109.458 / 109.460),D:\QM\reports\work_items\2fc84747-27db-5e88-9568-3fdda6c30769\QM5_41398\20260909_135814\raw\run_01\20260909.log
66342,2020-02-06,buy,True,109.906,109.801,109.906,109.801,109.882,109.884,False,False,False,2020-02-06T05:00:01,2020-02-06T03:00:01Z,winter_US_standard,5,3,6,CS	0	16:00:59.441	Trade	2020.02.06 05:00:01   buy stop 10.45 USDJPY.DWX at 109.906 sl: 109.801 (109.882 / 109.884),D:\QM\reports\work_items\2fc84747-27db-5e88-9568-3fdda6c30769\QM5_41398\20260909_135814\raw\run_01\20260909.log
66343,2020-02-06,sell,True,109.801,109.906,109.906,109.801,109.882,109.884,False,False,False,2020-02-06T05:00:01,2020-02-06T03:00:01Z,winter_US_standard,5,3,6,CS	0	16:00:59.441	Trade	2020.02.06 05:00:01   sell stop 10.46 USDJPY.DWX at 109.801 sl: 109.906 (109.882 / 109.884),D:\QM\reports\work_items\2fc84747-27db-5e88-9568-3fdda6c30769\QM5_41398\20260909_135814\raw\run_01\20260909.log
66353,2020-02-07,buy,True,109.989,109.812,109.989,109.812,109.901,109.903,False,False,False,2020-02-07T05:00:01,2020-02-07T03:00:01Z,winter_US_standard,5,3,6,CS	0	16:00:59.611	Trade	2020.02.07 05:00:01   buy stop 6.2 USDJPY.DWX at 109.989 sl: 109.812 (109.901 / 109.903),D:\QM\reports\work_items\2fc84747-27db-5e88-9568-3fdda6c30769\QM5_41398\20260909_135814\raw\run_01\20260909.log
66354,2020-02-07,sell,True,109.812,109.989,109.989,109.812,109.901,109.903,False,False,False,2020-02-07T05:00:01,2020-02-07T03:00:01Z,winter_US_standard,5,3,6,CS	0	16:00:59.611	Trade	2020.02.07 05:00:01   sell stop 6.21 USDJPY.DWX at 109.812 sl: 109.989 (109.901 / 109.903),D:\QM\reports\work_items\2fc84747-27db-5e88-9568-3fdda6c30769\QM5_41398\20260909_135814\raw\run_01\20260909.log
66364,2020-02-10,buy,True,109.878,109.607,109.878,109.607,109.833,109.835,False,False,False,2020-02-10T05:00:00,2020-02-10T03:00:00Z,winter_US_standard,5,3,6,CS	0	16:00:59.857	Trade	2020.02.10 05:00:00   buy stop 4.04 USDJPY.DWX at 109.878 sl: 109.607 (109.833 / 109.835),D:\QM\reports\work_items\2fc84747-27db-5e88-9568-3fdda6c30769\QM5_41398\20260909_135814\raw\run_01\20260909.log
66365,2020-02-10,sell,True,109.607,109.878,109.878,109.607,109.833,109.835,False,False,False,2020-02-10T05:00:00,2020-02-10T03:00:00Z,winter_US_standard,5,3,6,CS	0	16:00:59.857	Trade	2020.02.10 05:00:00   sell stop 4.05 USDJPY.DWX at 109.607 sl: 109.878 (109.833 / 109.835),D:\QM\reports\work_items\2fc84747-27db-5e88-9568-3fdda6c30769\QM5_41398\20260909_135814\raw\run_01\20260909.log
66368,2020-02-11,buy,True,109.899,109.739,109.899,109.739,109.876,109.878,False,False,False,2020-02-11T05:00:03,2020-02-11T03:00:03Z,winter_US_standard,5,3,6,CS	0	16:00:59.998	Trade	2020.02.11 05:00:03   buy stop 6.85 USDJPY.DWX at 109.899 sl: 109.739 (109.876 / 109.878),D:\QM\reports\work_items\2fc84747-27db-5e88-9568-3fdda6c30769\QM5_41398\20260909_135814\raw\run_01\20260909.log
66369,2020-02-11,sell,True,109.739,109.899,109.899,109.739,109.876,109.878,False,False,False,2020-02-11T05:00:03,2020-02-11T03:00:03Z,winter_US_standard,5,3,6,CS	0	16:00:59.998	Trade	2020.02.11 05:00:03   sell stop 6.86 USDJPY.DWX at 109.739 sl: 109.899 (109.876 / 109.878),D:\QM\reports\work_items\2fc84747-27db-5e88-9568-3fdda6c30769\QM5_41398\20260909_135814\raw\run_01\20260909.log
66379,2020-02-12,buy,True,109.891,109.799,109.891,109.799,109.878,109.880,False,False,False,2020-02-12T05:00:05,2020-02-12T03:00:05Z,winter_US_standard,5,3,6,CS	0	16:01:00.145	Trade	2020.02.12 05:00:05   buy stop 11.93 USDJPY.DWX at 109.891 sl: 109.799 (109.878 / 109.880),D:\QM\reports\work_items\2fc84747-27db-5e88-9568-3fdda6c30769\QM5_41398\20260909_135814\raw\run_01\20260909.log
66380,2020-02-12,sell,True,109.799,109.891,109.891,109.799,109.878,109.880,False,False,False,2020-02-12T05:00:05,2020-02-12T03:00:05Z,winter_US_standard,5,3,6,CS	0	16:01:00.145	Trade	2020.02.12 05:00:05   sell stop 11.94 USDJPY.DWX at 109.799 sl: 109.891 (109.878 / 109.880),D:\QM\reports\work_items\2fc84747-27db-5e88-9568-3fdda6c30769\QM5_41398\20260909_135814\raw\run_01\20260909.log
66394,2020-02-13,buy,True,109.986,109.850,109.986,109.850,109.925,109.927,False,False,False,2020-02-13T05:00:00,2020-02-13T03:00:00Z,winter_US_standard,5,3,6,CS	0	16:01:00.319	Trade	2020.02.13 05:00:00   buy stop 8.07 USDJPY.DWX at 109.986 sl: 109.850 (109.925 / 109.927),D:\QM\reports\work_items\2fc84747-27db-5e88-9568-3fdda6c30769\QM5_41398\20260909_135814\raw\run_01\20260909.log
66395,2020-02-13,sell,True,109.850,109.986,109.986,109.850,109.925,109.927,False,False,False,2020-02-13T05:00:00,2020-02-13T03:00:00Z,winter_US_standard,5,3,6,CS	0	16:01:00.319	Trade	2020.02.13 05:00:00   sell stop 8.08 USDJPY.DWX at 109.850 sl: 109.986 (109.925 / 109.927),D:\QM\reports\work_items\2fc84747-27db-5e88-9568-3fdda6c30769\QM5_41398\20260909_135814\raw\run_01\20260909.log
66407,2020-02-14,buy,True,109.872,109.751,109.872,109.751,109.865,109.868,False,False,False,2020-02-14T05:00:01,2020-02-14T03:00:01Z,winter_US_standard,5,3,6,CS	0	16:01:00.513	Trade	2020.02.14 05:00:01   buy stop 9.07 USDJPY.DWX at 109.872 sl: 109.751 (109.865 / 109.868),D:\QM\reports\work_items\2fc84747-27db-5e88-9568-3fdda6c30769\QM5_41398\20260909_135814\raw\run_01\20260909.log
66408,2020-02-14,sell,True,109.751,109.872,109.872,109.751,109.865,109.868,False,False,False,2020-02-14T05:00:01,2020-02-14T03:00:01Z,winter_US_standard,5,3,6,CS	0	16:01:00.513	Trade	2020.02.14 05:00:01   sell stop 9.08 USDJPY.DWX at 109.751 sl: 109.872 (109.865 / 109.868),D:\QM\reports\work_items\2fc84747-27db-5e88-9568-3fdda6c30769\QM5_41398\20260909_135814\raw\run_01\20260909.log
66418,2020-02-17,buy,True,109.852,109.718,109.852,109.718,109.834,109.835,False,False,False,2020-02-17T05:00:00,2020-02-17T03:00:00Z,winter_US_standard,5,3,6,CS	0	16:01:00.612	Trade	2020.02.17 05:00:00   buy stop 8.18 USDJPY.DWX at 109.852 sl: 109.718 (109.834 / 109.835),D:\QM\reports\work_items\2fc84747-27db-5e88-9568-3fdda6c30769\QM5_41398\20260909_135814\raw\run_01\20260909.log
66419,2020-02-17,sell,True,109.718,109.852,109.852,109.718,109.834,109.835,False,False,False,2020-02-17T05:00:00,2020-02-17T03:00:00Z,winter_US_standard,5,3,6,CS	0	16:01:00.613	Trade	2020.02.17 05:00:00   sell stop 8.19 USDJPY.DWX at 109.718 sl: 109.852 (109.834 / 109.835),D:\QM\reports\work_items\2fc84747-27db-5e88-9568-3fdda6c30769\QM5_41398\20260909_135814\raw\run_01\20260909.log
66429,2020-02-20,buy,True,111.344,111.110,111.344,111.110,111.338,111.341,False,False,False,2020-02-20T05:00:00,2020-02-20T03:00:00Z,winter_US_standard,5,3,6,CS	0	16:01:01.079	Trade	2020.02.20 05:00:00   buy stop 4.74 USDJPY.DWX at 111.344 sl: 111.110 (111.338 / 111.341),D:\QM\reports\work_items\2fc84747-27db-5e88-9568-3fdda6c30769\QM5_41398\20260909_135814\raw\run_01\20260909.log
66430,2020-02-20,sell,True,111.110,111.344,111.344,111.110,111.338,111.341,False,False,False,2020-02-20T05:00:00,2020-02-20T03:00:00Z,winter_US_standard,5,3,6,CS	0	16:01:01.079	Trade	2020.02.20 05:00:00   sell stop 4.75 USDJPY.DWX at 111.110 sl: 111.344 (111.338 / 111.341),D:\QM\reports\work_items\2fc84747-27db-5e88-9568-3fdda6c30769\QM5_41398\20260909_135814\raw\run_01\20260909.log
66448,2020-02-21,buy,True,112.186,111.923,112.186,111.923,112.010,112.014,False,False,False,2020-02-21T05:00:00,2020-02-21T03:00:00Z,winter_US_standard,5,3,6,CS	0	16:01:01.561	Trade	2020.02.21 05:00:00   buy stop 4.25 USDJPY.DWX at 112.186 sl: 111.923 (112.010 / 112.014),D:\QM\reports\work_items\2fc84747-27db-5e88-9568-3fdda6c30769\QM5_41398\20260909_135814\raw\run_01\20260909.log
66449,2020-02-21,sell,True,111.923,112.186,112.186,111.923,112.010,112.014,False,False,False,2020-02-21T05:00:00,2020-02-21T03:00:00Z,winter_US_standard,5,3,6,CS	0	16:01:01.561	Trade	2020.02.21 05:00:00   sell stop 4.26 USDJPY.DWX at 111.923 sl: 112.186 (112.010 / 112.014),D:\QM\reports\work_items\2fc84747-27db-5e88-9568-3fdda6c30769\QM5_41398\20260909_135814\raw\run_01\20260909.log
66461,2020-02-24,buy,True,111.682,111.448,111.682,111.448,111.457,111.461,False,False,False,2020-02-24T05:00:00,2020-02-24T03:00:00Z,winter_US_standard,5,3,6,CS	0	16:01:01.910	Trade	2020.02.24 05:00:00   buy stop 4.76 USDJPY.DWX at 111.682 sl: 111.448 (111.457 / 111.461),D:\QM\reports\work_items\2fc84747-27db-5e88-9568-3fdda6c30769\QM5_41398\20260909_135814\raw\run_01\20260909.log
66462,2020-02-24,sell,True,111.448,111.682,111.682,111.448,111.457,111.461,False,False,False,2020-02-24T05:00:00,2020-02-24T03:00:00Z,winter_US_standard,5,3,6,CS	0	16:01:01.910	Trade	2020.02.24 05:00:00   sell stop 4.77 USDJPY.DWX at 111.448 sl: 111.682 (111.457 / 111.461),D:\QM\reports\work_items\2fc84747-27db-5e88-9568-3fdda6c30769\QM5_41398\20260909_135814\raw\run_01\20260909.log
66474,2020-02-25,buy,True,111.040,110.805,111.040,110.805,110.887,110.888,False,False,False,2020-02-25T05:00:02,2020-02-25T03:00:02Z,winter_US_standard,5,3,6,CS	0	16:01:02.501	Trade	2020.02.25 05:00:02   buy stop 4.71 USDJPY.DWX at 111.040 sl: 110.805 (110.887 / 110.888),D:\QM\reports\work_items\2fc84747-27db-5e88-9568-3fdda6c30769\QM5_41398\20260909_135814\raw\run_01\20260909.log
66475,2020-02-25,sell,True,110.805,111.040,111.040,110.805,110.887,110.888,False,False,False,2020-02-25T05:00:02,2020-02-25T03:00:02Z,winter_US_standard,5,3,6,CS	0	16:01:02.501	Trade	2020.02.25 05:00:02   sell stop 4.72 USDJPY.DWX at 110.805 sl: 111.040 (110.887 / 110.888),D:\QM\reports\work_items\2fc84747-27db-5e88-9568-3fdda6c30769\QM5_41398\20260909_135814\raw\run_01\20260909.log
66489,2020-02-26,buy,True,110.509,110.133,110.509,110.133,110.461,110.465,False,False,False,2020-02-26T05:00:00,2020-02-26T03:00:00Z,winter_US_standard,5,3,6,CS	0	16:01:03.184	Trade	2020.02.26 05:00:00   buy stop 2.92 USDJPY.DWX at 110.509 sl: 110.133 (110.461 / 110.465),D:\QM\reports\work_items\2fc84747-27db-5e88-9568-3fdda6c30769\QM5_41398\20260909_135814\raw\run_01\20260909.log
66490,2020-02-26,sell,True,110.133,110.509,110.509,110.133,110.461,110.465,False,False,False,2020-02-26T05:00:00,2020-02-26T03:00:00Z,winter_US_standard,5,3,6,CS	0	16:01:03.184	Trade	2020.02.26 05:00:00   sell stop 2.93 USDJPY.DWX at 110.133 sl: 110.509 (110.461 / 110.465),D:\QM\reports\work_items\2fc84747-27db-5e88-9568-3fdda6c30769\QM5_41398\20260909_135814\raw\run_01\20260909.log
66500,2020-02-27,buy,True,110.404,110.186,110.404,110.186,110.240,110.242,False,False,False,2020-02-27T05:00:00,2020-02-27T03:00:00Z,winter_US_standard,5,3,6,CS	0	16:01:03.905	Trade	2020.02.27 05:00:00   buy stop 5.05 USDJPY.DWX at 110.404 sl: 110.186 (110.240 / 110.242),D:\QM\reports\work_items\2fc84747-27db-5e88-9568-3fdda6c30769\QM5_41398\20260909_135814\raw\run_01\20260909.log
66501,2020-02-27,sell,True,110.186,110.404,110.404,110.186,110.240,110.242,False,False,False,2020-02-27T05:00:00,2020-02-27T03:00:00Z,winter_US_standard,5,3,6,CS	0	16:01:03.905	Trade	2020.02.27 05:00:00   sell stop 5.06 USDJPY.DWX at 110.186 sl: 110.404 (110.240 / 110.242),D:\QM\reports\work_items\2fc84747-27db-5e88-9568-3fdda6c30769\QM5_41398\20260909_135814\raw\run_01\20260909.log
66512,2020-02-28,buy,True,109.667,109.259,109.667,109.259,109.302,109.304,False,False,False,2020-02-28T05:00:00,2020-02-28T03:00:00Z,winter_US_standard,5,3,6,CS	0	16:01:04.853	Trade	2020.02.28 05:00:00   buy stop 2.67 USDJPY.DWX at 109.667 sl: 109.259 (109.302 / 109.304),D:\QM\reports\work_items\2fc84747-27db-5e88-9568-3fdda6c30769\QM5_41398\20260909_135814\raw\run_01\20260909.log
66513,2020-02-28,sell,True,109.259,109.667,109.667,109.259,109.302,109.304,False,False,False,2020-02-28T05:00:00,2020-02-28T03:00:00Z,winter_US_standard,5,3,6,CS	0	16:01:04.854	Trade	2020.02.28 05:00:00   sell stop 2.68 USDJPY.DWX at 109.259 sl: 109.667 (109.302 / 109.304),D:\QM\reports\work_items\2fc84747-27db-5e88-9568-3fdda6c30769\QM5_41398\20260909_135814\raw\run_01\20260909.log
66526,2020-03-02,buy,True,108.266,107.535,108.266,107.535,108.158,108.161,False,False,False,2020-03-02T05:00:00,2020-03-02T03:00:00Z,winter_US_standard,5,3,6,CS	0	16:01:05.998	Trade	2020.03.02 05:00:00   buy stop 1.47 USDJPY.DWX at 108.266 sl: 107.535 (108.158 / 108.161),D:\QM\reports\work_items\2fc84747-27db-5e88-9568-3fdda6c30769\QM5_41398\20260909_135814\raw\run_01\20260909.log
66527,2020-03-02,sell,True,107.535,108.266,108.266,107.535,108.158,108.161,False,False,False,2020-03-02T05:00:00,2020-03-02T03:00:00Z,winter_US_standard,5,3,6,CS	0	16:01:05.998	Trade	2020.03.02 05:00:00   sell stop 1.48 USDJPY.DWX at 107.535 sl: 108.266 (108.158 / 108.161),D:\QM\reports\work_items\2fc84747-27db-5e88-9568-3fdda6c30769\QM5_41398\20260909_135814\raw\run_01\20260909.log
66537,2020-03-03,buy,True,108.527,107.932,108.527,107.932,107.954,107.958,False,False,False,2020-03-03T05:00:00,2020-03-03T03:00:00Z,winter_US_standard,5,3,6,CS	0	16:01:06.898	Trade	2020.03.03 05:00:00   buy stop 1.81 USDJPY.DWX at 108.527 sl: 107.932 (107.954 / 107.958),D:\QM\reports\work_items\2fc84747-27db-5e88-9568-3fdda6c30769\QM5_41398\20260909_135814\raw\run_01\20260909.log
66538,2020-03-03,sell,True,107.932,108.527,108.527,107.932,107.954,107.958,False,False,False,2020-03-03T05:00:00,2020-03-03T03:00:00Z,winter_US_standard,5,3,6,CS	0	16:01:06.898	Trade	2020.03.03 05:00:00   sell stop 1.82 USDJPY.DWX at 107.932 sl: 108.527 (107.954 / 107.958),D:\QM\reports\work_items\2fc84747-27db-5e88-9568-3fdda6c30769\QM5_41398\20260909_135814\raw\run_01\20260909.log
66549,2020-03-04,buy,True,107.517,107.032,107.517,107.032,107.339,107.343,False,False,False,2020-03-04T05:00:01,2020-03-04T03:00:01Z,winter_US_standard,5,3,6,CS	0	16:01:07.875	Trade	2020.03.04 05:00:01   buy stop 2.2 USDJPY.DWX at 107.517 sl: 107.032 (107.339 / 107.343),D:\QM\reports\work_items\2fc84747-27db-5e88-9568-3fdda6c30769\QM5_41398\20260909_135814\raw\run_01\20260909.log
66550,2020-03-04,sell,True,107.032,107.517,107.517,107.032,107.339,107.343,False,False,False,2020-03-04T05:00:01,2020-03-04T03:00:01Z,winter_US_standard,5,3,6,CS	0	16:01:07.876	Trade	2020.03.04 05:00:01   sell stop 2.21 USDJPY.DWX at 107.032 sl: 107.517 (107.339 / 107.343),D:\QM\reports\work_items\2fc84747-27db-5e88-9568-3fdda6c30769\QM5_41398\20260909_135814\raw\run_01\20260909.log
66560,2020-03-05,buy,True,107.717,107.263,107.717,107.263,107.307,107.310,False,False,False,2020-03-05T05:00:00,2020-03-05T03:00:00Z,winter_US_standard,5,3,6,CS	0	16:01:08.574	Trade	2020.03.05 05:00:00   buy stop 2.36 USDJPY.DWX at 107.717 sl: 107.263 (107.307 / 107.310),D:\QM\reports\work_items\2fc84747-27db-5e88-9568-3fdda6c30769\QM5_41398\20260909_135814\raw\run_01\20260909.log
66561,2020-03-05,sell,True,107.263,107.717,107.717,107.263,107.307,107.310,False,False,False,2020-03-05T05:00:00,2020-03-05T03:00:00Z,winter_US_standard,5,3,6,CS	0	16:01:08.575	Trade	2020.03.05 05:00:00   sell stop 2.37 USDJPY.DWX at 107.263 sl: 107.717 (107.307 / 107.310),D:\QM\reports\work_items\2fc84747-27db-5e88-9568-3fdda6c30769\QM5_41398\20260909_135814\raw\run_01\20260909.log
66575,2020-03-06,buy,True,106.342,105.831,106.342,105.831,105.922,105.924,False,False,False,2020-03-06T05:00:00,2020-03-06T03:00:00Z,winter_US_standard,5,3,6,CS	0	16:01:09.273	Trade	2020.03.06 05:00:00   buy stop 2.07 USDJPY.DWX at 106.342 sl: 105.831 (105.922 / 105.924),D:\QM\reports\work_items\2fc84747-27db-5e88-9568-3fdda6c30769\QM5_41398\20260909_135814\raw\run_01\20260909.log
66576,2020-03-06,sell,True,105.831,106.342,106.342,105.831,105.922,105.924,False,False,False,2020-03-06T05:00:00,2020-03-06T03:00:00Z,winter_US_standard,5,3,6,CS	0	16:01:09.273	Trade	2020.03.06 05:00:00   sell stop 2.08 USDJPY.DWX at 105.831 sl: 106.342 (105.922 / 105.924),D:\QM\reports\work_items\2fc84747-27db-5e88-9568-3fdda6c30769\QM5_41398\20260909_135814\raw\run_01\20260909.log
66591,2020-03-10,buy,True,103.678,102.702,103.678,102.702,103.239,103.243,False,False,False,2020-03-10T06:00:00,2020-03-10T03:00:00Z,summer_US_DST,6,3,6,CS	0	16:01:12.304	Trade	2020.03.10 06:00:00   buy stop 1.05 USDJPY.DWX at 103.678 sl: 102.702 (103.239 / 103.243),D:\QM\reports\work_items\2fc84747-27db-5e88-9568-3fdda6c30769\QM5_41398\20260909_135814\raw\run_01\20260909.log
66592,2020-03-10,sell,True,102.702,103.678,103.678,102.702,103.239,103.243,False,False,False,2020-03-10T06:00:00,2020-03-10T03:00:00Z,summer_US_DST,6,3,6,CS	0	16:01:12.304	Trade	2020.03.10 06:00:00   sell stop 1.06 USDJPY.DWX at 102.702 sl: 103.678 (103.239 / 103.243),D:\QM\reports\work_items\2fc84747-27db-5e88-9568-3fdda6c30769\QM5_41398\20260909_135814\raw\run_01\20260909.log
66605,2020-03-11,buy,True,105.252,104.658,105.252,104.658,104.860,104.862,False,False,False,2020-03-11T06:00:00,2020-03-11T03:00:00Z,summer_US_DST,6,3,6,CS	0	16:01:13.919	Trade	2020.03.11 06:00:00   buy stop 1.76 USDJPY.DWX at 105.252 sl: 104.658 (104.860 / 104.862),D:\QM\reports\work_items\2fc84747-27db-5e88-9568-3fdda6c30769\QM5_41398\20260909_135814\raw\run_01\20260909.log
66606,2020-03-11,sell,True,104.658,105.252,105.252,104.658,104.860,104.862,False,False,False,2020-03-11T06:00:00,2020-03-11T03:00:00Z,summer_US_DST,6,3,6,CS	0	16:01:13.920	Trade	2020.03.11 06:00:00   sell stop 1.77 USDJPY.DWX at 104.658 sl: 105.252 (104.860 / 104.862),D:\QM\reports\work_items\2fc84747-27db-5e88-9568-3fdda6c30769\QM5_41398\20260909_135814\raw\run_01\20260909.log
66616,2020-03-13,buy,True,105.280,104.653,105.280,104.653,105.019,105.026,False,False,False,2020-03-13T06:00:00,2020-03-13T03:00:00Z,summer_US_DST,6,3,6,CS	0	16:01:16.681	Trade	2020.03.13 06:00:00   buy stop 1.66 USDJPY.DWX at 105.280 sl: 104.653 (105.019 / 105.026),D:\QM\reports\work_items\2fc84747-27db-5e88-9568-3fdda6c30769\QM5_41398\20260909_135814\raw\run_01\20260909.log
66617,2020-03-13,sell,True,104.653,105.280,105.280,104.653,105.019,105.026,False,False,False,2020-03-13T06:00:00,2020-03-13T03:00:00Z,summer_US_DST,6,3,6,CS	0	16:01:16.681	Trade	2020.03.13 06:00:00   sell stop 1.67 USDJPY.DWX at 104.653 sl: 105.280 (105.019 / 105.026),D:\QM\reports\work_items\2fc84747-27db-5e88-9568-3fdda6c30769\QM5_41398\20260909_135814\raw\run_01\20260909.log
66634,2020-03-16,buy,True,107.571,106.293,107.571,106.293,107.153,107.162,False,False,False,2020-03-16T06:00:00,2020-03-16T03:00:00Z,summer_US_DST,6,3,6,CS	0	16:01:18.629	Trade	2020.03.16 06:00:00   buy stop 0.83 USDJPY.DWX at 107.571 sl: 106.293 (107.153 / 107.162),D:\QM\reports\work_items\2fc84747-27db-5e88-9568-3fdda6c30769\QM5_41398\20260909_135814\raw\run_01\20260909.log
66635,2020-03-16,sell,True,106.293,107.571,107.571,106.293,107.153,107.162,False,False,False,2020-03-16T06:00:00,2020-03-16T03:00:00Z,summer_US_DST,6,3,6,CS	0	16:01:18.630	Trade	2020.03.16 06:00:00   sell stop 0.84 USDJPY.DWX at 106.293 sl: 107.571 (107.153 / 107.162),D:\QM\reports\work_items\2fc84747-27db-5e88-9568-3fdda6c30769\QM5_41398\20260909_135814\raw\run_01\20260909.log
66645,2020-03-17,buy,True,107.189,106.073,107.189,106.073,106.337,106.340,False,False,False,2020-03-17T06:00:00,2020-03-17T03:00:00Z,summer_US_DST,6,3,6,CS	0	16:01:20.747	Trade	2020.03.17 06:00:00   buy stop 0.95 USDJPY.DWX at 107.189 sl: 106.073 (106.337 / 106.340),D:\QM\reports\work_items\2fc84747-27db-5e88-9568-3fdda6c30769\QM5_41398\20260909_135814\raw\run_01\20260909.log
66646,2020-03-17,sell,True,106.073,107.189,107.189,106.073,106.337,106.340,False,False,False,2020-03-17T06:00:00,2020-03-17T03:00:00Z,summer_US_DST,6,3,6,CS	0	16:01:20.747	Trade	2020.03.17 06:00:00   sell stop 0.96 USDJPY.DWX at 106.073 sl: 107.189 (106.337 / 106.340),D:\QM\reports\work_items\2fc84747-27db-5e88-9568-3fdda6c30769\QM5_41398\20260909_135814\raw\run_01\20260909.log
66656,2020-03-18,buy,True,107.571,107.092,107.571,107.092,107.254,107.257,False,False,False,2020-03-18T06:00:00,2020-03-18T03:00:00Z,summer_US_DST,6,3,6,CS	0	16:01:22.973	Trade	2020.03.18 06:00:00   buy stop 2.23 USDJPY.DWX at 107.571 sl: 107.092 (107.254 / 107.257),D:\QM\reports\work_items\2fc84747-27db-5e88-9568-3fdda6c30769\QM5_41398\20260909_135814\raw\run_01\20260909.log
66657,2020-03-18,sell,True,107.092,107.571,107.571,107.092,107.254,107.257,False,False,False,2020-03-18T06:00:00,2020-03-18T03:00:00Z,summer_US_DST,6,3,6,CS	0	16:01:22.974	Trade	2020.03.18 06:00:00   sell stop 2.24 USDJPY.DWX at 107.092 sl: 107.571 (107.254 / 107.257),D:\QM\reports\work_items\2fc84747-27db-5e88-9568-3fdda6c30769\QM5_41398\20260909_135814\raw\run_01\20260909.log
66667,2020-03-23,buy,True,110.780,109.994,110.780,109.994,110.075,110.080,False,False,False,2020-03-23T06:00:00,2020-03-23T03:00:00Z,summer_US_DST,6,3,6,CS	0	16:01:28.736	Trade	2020.03.23 06:00:00   buy stop 1.39 USDJPY.DWX at 110.780 sl: 109.994 (110.075 / 110.080),D:\QM\reports\work_items\2fc84747-27db-5e88-9568-3fdda6c30769\QM5_41398\20260909_135814\raw\run_01\20260909.log
66668,2020-03-23,sell,True,109.994,110.780,110.780,109.994,110.075,110.080,False,False,False,2020-03-23T06:00:00,2020-03-23T03:00:00Z,summer_US_DST,6,3,6,CS	0	16:01:28.737	Trade	2020.03.23 06:00:00   sell stop 1.4 USDJPY.DWX at 109.994 sl: 110.780 (110.075 / 110.080),D:\QM\reports\work_items\2fc84747-27db-5e88-9568-3fdda6c30769\QM5_41398\20260909_135814\raw\run_01\20260909.log
66678,2020-03-24,buy,True,110.979,110.079,110.979,110.079,110.355,110.361,False,False,False,2020-03-24T06:00:00,2020-03-24T03:00:00Z,summer_US_DST,6,3,6,CS	0	16:01:30.463	Trade	2020.03.24 06:00:00   buy stop 1.22 USDJPY.DWX at 110.979 sl: 110.079 (110.355 / 110.361),D:\QM\reports\work_items\2fc84747-27db-5e88-9568-3fdda6c30769\QM5_41398\20260909_135814\raw\run_01\20260909.log
66679,2020-03-24,sell,True,110.079,110.979,110.979,110.079,110.355,110.361,False,False,False,2020-03-24T06:00:00,2020-03-24T03:00:00Z,summer_US_DST,6,3,6,CS	0	16:01:30.464	Trade	2020.03.24 06:00:00   sell stop 1.23 USDJPY.DWX at 110.079 sl: 110.979 (110.355 / 110.361),D:\QM\reports\work_items\2fc84747-27db-5e88-9568-3fdda6c30769\QM5_41398\20260909_135814\raw\run_01\20260909.log
66689,2020-03-25,buy,True,111.275,110.753,111.275,110.753,110.869,110.874,False,False,False,2020-03-25T06:00:00,2020-03-25T03:00:00Z,summer_US_DST,6,3,6,CS	0	16:01:31.646	Trade	2020.03.25 06:00:00   buy stop 2.12 USDJPY.DWX at 111.275 sl: 110.753 (110.869 / 110.874),D:\QM\reports\work_items\2fc84747-27db-5e88-9568-3fdda6c30769\QM5_41398\20260909_135814\raw\run_01\20260909.log
66690,2020-03-25,sell,True,110.753,111.275,111.275,110.753,110.869,110.874,False,False,False,2020-03-25T06:00:00,2020-03-25T03:00:00Z,summer_US_DST,6,3,6,CS	0	16:01:31.646	Trade	2020.03.25 06:00:00   sell stop 2.13 USDJPY.DWX at 110.753 sl: 111.275 (110.869 / 110.874),D:\QM\reports\work_items\2fc84747-27db-5e88-9568-3fdda6c30769\QM5_41398\20260909_135814\raw\run_01\20260909.log
66700,2020-03-26,buy,True,110.953,110.454,110.953,110.454,110.721,110.726,False,False,False,2020-03-26T06:00:00,2020-03-26T03:00:00Z,summer_US_DST,6,3,6,CS	0	16:01:33.428	Trade	2020.03.26 06:00:00   buy stop 2.21 USDJPY.DWX at 110.953 sl: 110.454 (110.721 / 110.726),D:\QM\reports\work_items\2fc84747-27db-5e88-9568-3fdda6c30769\QM5_41398\20260909_135814\raw\run_01\20260909.log
66701,2020-03-26,sell,True,110.454,110.953,110.953,110.454,110.721,110.726,False,False,False,2020-03-26T06:00:00,2020-03-26T03:00:00Z,summer_US_DST,6,3,6,CS	0	16:01:33.429	Trade	2020.03.26 06:00:00   sell stop 2.22 USDJPY.DWX at 110.454 sl: 110.953 (110.721 / 110.726),D:\QM\reports\work_items\2fc84747-27db-5e88-9568-3fdda6c30769\QM5_41398\20260909_135814\raw\run_01\20260909.log
66714,2020-03-30,buy,True,107.777,107.121,107.777,107.121,107.315,107.319,False,False,False,2020-03-30T06:00:00,2020-03-30T03:00:00Z,summer_US_DST,6,3,6,CS	0	16:01:35.373	Trade	2020.03.30 06:00:00   buy stop 1.63 USDJPY.DWX at 107.777 sl: 107.121 (107.315 / 107.319),D:\QM\reports\work_items\2fc84747-27db-5e88-9568-3fdda6c30769\QM5_41398\20260909_135814\raw\run_01\20260909.log
66715,2020-03-30,sell,True,107.121,107.777,107.777,107.121,107.315,107.319,False,False,False,2020-03-30T06:00:00,2020-03-30T03:00:00Z,summer_US_DST,6,3,6,CS	0	16:01:35.373	Trade	2020.03.30 06:00:00   sell stop 1.64 USDJPY.DWX at 107.121 sl: 107.777 (107.315 / 107.319),D:\QM\reports\work_items\2fc84747-27db-5e88-9568-3fdda6c30769\QM5_41398\20260909_135814\raw\run_01\20260909.log
66725,2020-04-01,buy,True,107.939,107.254,107.939,107.254,107.692,107.697,False,False,False,2020-04-01T06:00:00,2020-04-01T03:00:00Z,summer_US_DST,6,3,6,CS	0	16:01:37.107	Trade	2020.04.01 06:00:00   buy stop 1.56 USDJPY.DWX at 107.939 sl: 107.254 (107.692 / 107.697),D:\QM\reports\work_items\2fc84747-27db-5e88-9568-3fdda6c30769\QM5_41398\20260909_135814\raw\run_01\20260909.log
66726,2020-04-01,sell,True,107.254,107.939,107.939,107.254,107.692,107.697,False,False,False,2020-04-01T06:00:00,2020-04-01T03:00:00Z,summer_US_DST,6,3,6,CS	0	16:01:37.108	Trade	2020.04.01 06:00:00   sell stop 1.57 USDJPY.DWX at 107.254 sl: 107.939 (107.692 / 107.697),D:\QM\reports\work_items\2fc84747-27db-5e88-9568-3fdda6c30769\QM5_41398\20260909_135814\raw\run_01\20260909.log
66736,2020-04-02,buy,True,107.570,107.142,107.570,107.142,107.486,107.490,False,False,False,2020-04-02T06:00:01,2020-04-02T03:00:01Z,summer_US_DST,6,3,6,CS	0	16:01:37.696	Trade	2020.04.02 06:00:01   buy stop 2.5 USDJPY.DWX at 107.570 sl: 107.142 (107.486 / 107.490),D:\QM\reports\work_items\2fc84747-27db-5e88-9568-3fdda6c30769\QM5_41398\20260909_135814\raw\run_01\20260909.log
66737,2020-04-02,sell,True,107.142,107.570,107.570,107.142,107.486,107.490,False,False,False,2020-04-02T06:00:01,2020-04-02T03:00:01Z,summer_US_DST,6,3,6,CS	0	16:01:37.697	Trade	2020.04.02 06:00:01   sell stop 2.51 USDJPY.DWX at 107.142 sl: 107.570 (107.486 / 107.490),D:\QM\reports\work_items\2fc84747-27db-5e88-9568-3fdda6c30769\QM5_41398\20260909_135814\raw\run_01\20260909.log
66747,2020-04-03,buy,True,108.142,107.799,108.142,107.799,107.910,107.915,False,False,False,2020-04-03T06:00:00,2020-04-03T03:00:00Z,summer_US_DST,6,3,6,CS	0	16:01:38.366	Trade	2020.04.03 06:00:00   buy stop 3.14 USDJPY.DWX at 108.142 sl: 107.799 (107.910 / 107.915),D:\QM\reports\work_items\2fc84747-27db-5e88-9568-3fdda6c30769\QM5_41398\20260909_135814\raw\run_01\20260909.log
66748,2020-04-03,sell,True,107.799,108.142,108.142,107.799,107.910,107.915,False,False,False,2020-04-03T06:00:00,2020-04-03T03:00:00Z,summer_US_DST,6,3,6,CS	0	16:01:38.366	Trade	2020.04.03 06:00:00   sell stop 3.15 USDJPY.DWX at 107.799 sl: 108.142 (107.910 / 107.915),D:\QM\reports\work_items\2fc84747-27db-5e88-9568-3fdda6c30769\QM5_41398\20260909_135814\raw\run_01\20260909.log
66761,2020-04-06,buy,True,109.087,108.671,109.087,108.671,108.934,108.938,False,False,False,2020-04-06T06:00:01,2020-04-06T03:00:01Z,summer_US_DST,6,3,6,CS	0	16:01:38.976	Trade	2020.04.06 06:00:01   buy stop 2.61 USDJPY.DWX at 109.087 sl: 108.671 (108.934 / 108.938),D:\QM\reports\work_items\2fc84747-27db-5e88-9568-3fdda6c30769\QM5_41398\20260909_135814\raw\run_01\20260909.log
66762,2020-04-06,sell,True,108.671,109.087,109.087,108.671,108.934,108.938,False,False,False,2020-04-06T06:00:01,2020-04-06T03:00:01Z,summer_US_DST,6,3,6,CS	0	16:01:38.976	Trade	2020.04.06 06:00:01   sell stop 2.62 USDJPY.DWX at 108.671 sl: 109.087 (108.934 / 108.938),D:\QM\reports\work_items\2fc84747-27db-5e88-9568-3fdda6c30769\QM5_41398\20260909_135814\raw\run_01\20260909.log
66772,2020-04-08,buy,True,108.872,108.503,108.872,108.503,108.832,108.835,False,False,False,2020-04-08T06:00:01,2020-04-08T03:00:01Z,summer_US_DST,6,3,6,CS	0	16:01:40.280	Trade	2020.04.08 06:00:01   buy stop 2.94 USDJPY.DWX at 108.872 sl: 108.503 (108.832 / 108.835),D:\QM\reports\work_items\2fc84747-27db-5e88-9568-3fdda6c30769\QM5_41398\20260909_135814\raw\run_01\20260909.log
66773,2020-04-08,sell,True,108.503,108.872,108.872,108.503,108.832,108.835,False,False,False,2020-04-08T06:00:01,2020-04-08T03:00:01Z,summer_US_DST,6,3,6,CS	0	16:01:40.281	Trade	2020.04.08 06:00:01   sell stop 2.95 USDJPY.DWX at 108.503 sl: 108.872 (108.832 / 108.835),D:\QM\reports\work_items\2fc84747-27db-5e88-9568-3fdda6c30769\QM5_41398\20260909_135814\raw\run_01\20260909.log
66783,2020-04-09,buy,True,109.063,108.832,109.063,108.832,108.929,108.932,False,False,False,2020-04-09T06:00:00,2020-04-09T03:00:00Z,summer_US_DST,6,3,6,CS	0	16:01:40.810	Trade	2020.04.09 06:00:00   buy stop 4.71 USDJPY.DWX at 109.063 sl: 108.832 (108.929 / 108.932),D:\QM\reports\work_items\2fc84747-27db-5e88-9568-3fdda6c30769\QM5_41398\20260909_135814\raw\run_01\20260909.log
66784,2020-04-09,sell,True,108.832,109.063,109.063,108.832,108.929,108.932,False,False,False,2020-04-09T06:00:00,2020-04-09T03:00:00Z,summer_US_DST,6,3,6,CS	0	16:01:40.810	Trade	2020.04.09 06:00:00   sell stop 4.72 USDJPY.DWX at 108.832 sl: 109.063 (108.929 / 108.932),D:\QM\reports\work_items\2fc84747-27db-5e88-9568-3fdda6c30769\QM5_41398\20260909_135814\raw\run_01\20260909.log
66795,2020-04-10,buy,True,108.586,108.394,108.586,108.394,108.486,108.493,False,False,False,2020-04-10T06:00:00,2020-04-10T03:00:00Z,summer_US_DST,6,3,6,CS	0	16:01:41.252	Trade	2020.04.10 06:00:00   buy stop 5.64 USDJPY.DWX at 108.586 sl: 108.394 (108.486 / 108.493),D:\QM\reports\work_items\2fc84747-27db-5e88-9568-3fdda6c30769\QM5_41398\20260909_135814\raw\run_01\20260909.log
66796,2020-04-10,sell,True,108.394,108.586,108.586,108.394,108.486,108.493,False,False,False,2020-04-10T06:00:00,2020-04-10T03:00:00Z,summer_US_DST,6,3,6,CS	0	16:01:41.252	Trade	2020.04.10 06:00:00   sell stop 5.65 USDJPY.DWX at 108.394 sl: 108.586 (108.486 / 108.493),D:\QM\reports\work_items\2fc84747-27db-5e88-9568-3fdda6c30769\QM5_41398\20260909_135814\raw\run_01\20260909.log
66806,2020-04-14,buy,True,107.677,107.536,107.677,107.536,107.670,107.675,False,False,False,2020-04-14T06:00:00,2020-04-14T03:00:00Z,summer_US_DST,6,3,6,CS	0	16:01:41.682	Trade	2020.04.14 06:00:00   buy stop 7.62 USDJPY.DWX at 107.677 sl: 107.536 (107.670 / 107.675),D:\QM\reports\work_items\2fc84747-27db-5e88-9568-3fdda6c30769\QM5_41398\20260909_135814\raw\run_01\20260909.log
66807,2020-04-14,sell,True,107.536,107.677,107.677,107.536,107.670,107.675,False,False,False,2020-04-14T06:00:00,2020-04-14T03:00:00Z,summer_US_DST,6,3,6,CS	0	16:01:41.683	Trade	2020.04.14 06:00:00   sell stop 7.63 USDJPY.DWX at 107.536 sl: 107.677 (107.670 / 107.675),D:\QM\reports\work_items\2fc84747-27db-5e88-9568-3fdda6c30769\QM5_41398\20260909_135814\raw\run_01\20260909.log
66817,2020-04-15,buy,True,107.202,106.926,107.202,106.926,107.117,107.119,False,False,False,2020-04-15T06:00:00,2020-04-15T03:00:00Z,summer_US_DST,6,3,6,CS	0	16:01:41.962	Trade	2020.04.15 06:00:00   buy stop 3.87 USDJPY.DWX at 107.202 sl: 106.926 (107.117 / 107.119),D:\QM\reports\work_items\2fc84747-27db-5e88-9568-3fdda6c30769\QM5_41398\20260909_135814\raw\run_01\20260909.log
66818,2020-04-15,sell,True,106.926,107.202,107.202,106.926,107.117,107.119,False,False,False,2020-04-15T06:00:00,2020-04-15T03:00:00Z,summer_US_DST,6,3,6,CS	0	16:01:41.962	Trade	2020.04.15 06:00:00   sell stop 3.88 USDJPY.DWX at 106.926 sl: 107.202 (107.117 / 107.119),D:\QM\reports\work_items\2fc84747-27db-5e88-9568-3fdda6c30769\QM5_41398\20260909_135814\raw\run_01\20260909.log
66833,2020-04-16,buy,True,107.914,107.590,107.914,107.590,107.840,107.844,False,False,False,2020-04-16T06:00:00,2020-04-16T03:00:00Z,summer_US_DST,6,3,6,CS	0	16:01:42.304	Trade	2020.04.16 06:00:00   buy stop 3.32 USDJPY.DWX at 107.914 sl: 107.590 (107.840 / 107.844),D:\QM\reports\work_items\2fc84747-27db-5e88-9568-3fdda6c30769\QM5_41398\20260909_135814\raw\run_01\20260909.log
66834,2020-04-16,sell,True,107.590,107.914,107.914,107.590,107.840,107.844,False,False,False,2020-04-16T06:00:00,2020-04-16T03:00:00Z,summer_US_DST,6,3,6,CS	0	16:01:42.304	Trade	2020.04.16 06:00:00   sell stop 3.33 USDJPY.DWX at 107.590 sl: 107.914 (107.840 / 107.844),D:\QM\reports\work_items\2fc84747-27db-5e88-9568-3fdda6c30769\QM5_41398\20260909_135814\raw\run_01\20260909.log
66844,2020-04-17,buy,True,107.951,107.648,107.951,107.648,107.704,107.707,False,False,False,2020-04-17T06:00:01,2020-04-17T03:00:01Z,summer_US_DST,6,3,6,CS	0	16:01:42.770	Trade	2020.04.17 06:00:01   buy stop 3.55 USDJPY.DWX at 107.951 sl: 107.648 (107.704 / 107.707),D:\QM\reports\work_items\2fc84747-27db-5e88-9568-3fdda6c30769\QM5_41398\20260909_135814\raw\run_01\20260909.log
66845,2020-04-17,sell,True,107.648,107.951,107.951,107.648,107.704,107.707,False,False,False,2020-04-17T06:00:01,2020-04-17T03:00:01Z,summer_US_DST,6,3,6,CS	0	16:01:42.770	Trade	2020.04.17 06:00:01   sell stop 3.56 USDJPY.DWX at 107.648 sl: 107.951 (107.704 / 107.707),D:\QM\reports\work_items\2fc84747-27db-5e88-9568-3fdda6c30769\QM5_41398\20260909_135814\raw\run_01\20260909.log
66858,2020-04-20,buy,True,107.890,107.672,107.890,107.672,107.869,107.872,False,False,False,2020-04-20T06:00:00,2020-04-20T03:00:00Z,summer_US_DST,6,3,6,CS	0	16:01:43.173	Trade	2020.04.20 06:00:00   buy stop 4.93 USDJPY.DWX at 107.890 sl: 107.672 (107.869 / 107.872),D:\QM\reports\work_items\2fc84747-27db-5e88-9568-3fdda6c30769\QM5_41398\20260909_135814\raw\run_01\20260909.log
66859,2020-04-20,sell,True,107.672,107.890,107.890,107.672,107.869,107.872,False,False,False,2020-04-20T06:00:00,2020-04-20T03:00:00Z,summer_US_DST,6,3,6,CS	0	16:01:43.173	Trade	2020.04.20 06:00:00   sell stop 4.94 USDJPY.DWX at 107.672 sl: 107.890 (107.869 / 107.872),D:\QM\reports\work_items\2fc84747-27db-5e88-9568-3fdda6c30769\QM5_41398\20260909_135814\raw\run_01\20260909.log
66869,2020-04-21,buy,True,107.793,107.504,107.793,107.504,107.584,107.589,False,False,False,2020-04-21T06:00:00,2020-04-21T03:00:00Z,summer_US_DST,6,3,6,CS	0	16:01:43.453	Trade	2020.04.21 06:00:00   buy stop 3.71 USDJPY.DWX at 107.793 sl: 107.504 (107.584 / 107.589),D:\QM\reports\work_items\2fc84747-27db-5e88-9568-3fdda6c30769\QM5_41398\20260909_135814\raw\run_01\20260909.log
66870,2020-04-21,sell,True,107.504,107.793,107.793,107.504,107.584,107.589,False,False,False,2020-04-21T06:00:00,2020-04-21T03:00:00Z,summer_US_DST,6,3,6,CS	0	16:01:43.454	Trade	2020.04.21 06:00:00   sell stop 3.72 USDJPY.DWX at 107.504 sl: 107.793 (107.584 / 107.589),D:\QM\reports\work_items\2fc84747-27db-5e88-9568-3fdda6c30769\QM5_41398\20260909_135814\raw\run_01\20260909.log
66880,2020-04-22,buy,True,107.868,107.690,107.868,107.690,107.753,107.756,False,False,False,2020-04-22T06:00:00,2020-04-22T03:00:00Z,summer_US_DST,6,3,6,CS	0	16:01:43.844	Trade	2020.04.22 06:00:00   buy stop 6.04 USDJPY.DWX at 107.868 sl: 107.690 (107.753 / 107.756),D:\QM\reports\work_items\2fc84747-27db-5e88-9568-3fdda6c30769\QM5_41398\20260909_135814\raw\run_01\20260909.log
66881,2020-04-22,sell,True,107.690,107.868,107.868,107.690,107.753,107.756,False,False,False,2020-04-22T06:00:00,2020-04-22T03:00:00Z,summer_US_DST,6,3,6,CS	0	16:01:43.844	Trade	2020.04.22 06:00:00   sell stop 6.05 USDJPY.DWX at 107.690 sl: 107.868 (107.753 / 107.756),D:\QM\reports\work_items\2fc84747-27db-5e88-9568-3fdda6c30769\QM5_41398\20260909_135814\raw\run_01\20260909.log
66891,2020-04-23,buy,True,107.865,107.706,107.865,107.706,107.740,107.744,False,False,False,2020-04-23T06:00:00,2020-04-23T03:00:00Z,summer_US_DST,6,3,6,CS	0	16:01:44.085	Trade	2020.04.23 06:00:00   buy stop 6.77 USDJPY.DWX at 107.865 sl: 107.706 (107.740 / 107.744),D:\QM\reports\work_items\2fc84747-27db-5e88-9568-3fdda6c30769\QM5_41398\20260909_135814\raw\run_01\20260909.log
66892,2020-04-23,sell,True,107.706,107.865,107.865,107.706,107.740,107.744,False,False,False,2020-04-23T06:00:00,2020-04-23T03:00:00Z,summer_US_DST,6,3,6,CS	0	16:01:44.085	Trade	2020.04.23 06:00:00   sell stop 6.78 USDJPY.DWX at 107.706 sl: 107.865 (107.740 / 107.744),D:\QM\reports\work_items\2fc84747-27db-5e88-9568-3fdda6c30769\QM5_41398\20260909_135814\raw\run_01\20260909.log
66905,2020-04-24,buy,True,107.760,107.568,107.760,107.568,107.676,107.680,False,False,False,2020-04-24T06:00:00,2020-04-24T03:00:00Z,summer_US_DST,6,3,6,CS	0	16:01:44.277	Trade	2020.04.24 06:00:00   buy stop 5.6 USDJPY.DWX at 107.760 sl: 107.568 (107.676 / 107.680),D:\QM\reports\work_items\2fc84747-27db-5e88-9568-3fdda6c30769\QM5_41398\20260909_135814\raw\run_01\20260909.log
66906,2020-04-24,sell,True,107.568,107.760,107.760,107.568,107.676,107.680,False,False,False,2020-04-24T06:00:00,2020-04-24T03:00:00Z,summer_US_DST,6,3,6,CS	0	16:01:44.277	Trade	2020.04.24 06:00:00   sell stop 5.61 USDJPY.DWX at 107.568 sl: 107.760 (107.676 / 107.680),D:\QM\reports\work_items\2fc84747-27db-5e88-9568-3fdda6c30769\QM5_41398\20260909_135814\raw\run_01\20260909.log
66916,2020-04-28,buy,True,107.338,107.190,107.338,107.190,107.313,107.317,False,False,False,2020-04-28T06:00:00,2020-04-28T03:00:00Z,summer_US_DST,6,3,6,CS	0	16:01:44.595	Trade	2020.04.28 06:00:00   buy stop 7.24 USDJPY.DWX at 107.338 sl: 107.190 (107.313 / 107.317),D:\QM\reports\work_items\2fc84747-27db-5e88-9568-3fdda6c30769\QM5_41398\20260909_135814\raw\run_01\20260909.log
66917,2020-04-28,sell,True,107.190,107.338,107.338,107.190,107.313,107.317,False,False,False,2020-04-28T06:00:00,2020-04-28T03:00:00Z,summer_US_DST,6,3,6,CS	0	16:01:44.595	Trade	2020.04.28 06:00:00   sell stop 7.25 USDJPY.DWX at 107.190 sl: 107.338 (107.313 / 107.317),D:\QM\reports\work_items\2fc84747-27db-5e88-9568-3fdda6c30769\QM5_41398\20260909_135814\raw\run_01\20260909.log
66932,2020-04-29,buy,True,106.772,106.509,106.772,106.509,106.533,106.537,False,False,False,2020-04-29T06:00:01,2020-04-29T03:00:01Z,summer_US_DST,6,3,6,CS	0	16:01:44.849	Trade	2020.04.29 06:00:01   buy stop 4.04 USDJPY.DWX at 106.772 sl: 106.509 (106.533 / 106.537),D:\QM\reports\work_items\2fc84747-27db-5e88-9568-3fdda6c30769\QM5_41398\20260909_135814\raw\run_01\20260909.log
66933,2020-04-29,sell,True,106.509,106.772,106.772,106.509,106.533,106.537,False,False,False,2020-04-29T06:00:01,2020-04-29T03:00:01Z,summer_US_DST,6,3,6,CS	0	16:01:44.849	Trade	2020.04.29 06:00:01   sell stop 4.05 USDJPY.DWX at 106.509 sl: 106.772 (106.533 / 106.537),D:\QM\reports\work_items\2fc84747-27db-5e88-9568-3fdda6c30769\QM5_41398\20260909_135814\raw\run_01\20260909.log
66943,2020-04-30,buy,True,106.876,106.576,106.876,106.576,106.684,106.689,False,False,False,2020-04-30T06:00:10,2020-04-30T03:00:10Z,summer_US_DST,6,3,6,CS	0	16:01:45.078	Trade	2020.04.30 06:00:10   buy stop 3.55 USDJPY.DWX at 106.876 sl: 106.576 (106.684 / 106.689),D:\QM\reports\work_items\2fc84747-27db-5e88-9568-3fdda6c30769\QM5_41398\20260909_135814\raw\run_01\20260909.log
66944,2020-04-30,sell,True,106.576,106.876,106.876,106.576,106.684,106.689,False,False,False,2020-04-30T06:00:10,2020-04-30T03:00:10Z,summer_US_DST,6,3,6,CS	0	16:01:45.078	Trade	2020.04.30 06:00:10   sell stop 3.56 USDJPY.DWX at 106.576 sl: 106.876 (106.684 / 106.689),D:\QM\reports\work_items\2fc84747-27db-5e88-9568-3fdda6c30769\QM5_41398\20260909_135814\raw\run_01\20260909.log
66954,2020-05-01,buy,True,107.404,107.081,107.404,107.081,107.134,107.136,False,False,False,2020-05-01T06:00:00,2020-05-01T03:00:00Z,summer_US_DST,6,3,6,CS	0	16:01:45.376	Trade	2020.05.01 06:00:00   buy stop 3.31 USDJPY.DWX at 107.404 sl: 107.081 (107.134 / 107.136),D:\QM\reports\work_items\2fc84747-27db-5e88-9568-3fdda6c30769\QM5_41398\20260909_135814\raw\run_01\20260909.log
66955,2020-05-01,sell,True,107.081,107.404,107.404,107.081,107.134,107.136,False,False,False,2020-05-01T06:00:00,2020-05-01T03:00:00Z,summer_US_DST,6,3,6,CS	0	16:01:45.376	Trade	2020.05.01 06:00:00   sell stop 3.32 USDJPY.DWX at 107.081 sl: 107.404 (107.134 / 107.136),D:\QM\reports\work_items\2fc84747-27db-5e88-9568-3fdda6c30769\QM5_41398\20260909_135814\raw\run_01\20260909.log
66969,2020-05-04,buy,True,106.795,106.667,106.795,106.667,106.701,106.704,False,False,False,2020-05-04T06:00:00,2020-05-04T03:00:00Z,summer_US_DST,6,3,6,CS	0	16:01:45.593	Trade	2020.05.04 06:00:00   buy stop 8.33 USDJPY.DWX at 106.795 sl: 106.667 (106.701 / 106.704),D:\QM\reports\work_items\2fc84747-27db-5e88-9568-3fdda6c30769\QM5_41398\20260909_135814\raw\run_01\20260909.log
66970,2020-05-04,sell,True,106.667,106.795,106.795,106.667,106.701,106.704,False,False,False,2020-05-04T06:00:00,2020-05-04T03:00:00Z,summer_US_DST,6,3,6,CS	0	16:01:45.593	Trade	2020.05.04 06:00:00   sell stop 8.34 USDJPY.DWX at 106.667 sl: 106.795 (106.701 / 106.704),D:\QM\reports\work_items\2fc84747-27db-5e88-9568-3fdda6c30769\QM5_41398\20260909_135814\raw\run_01\20260909.log
66982,2020-05-05,buy,True,106.696,106.507,106.696,106.507,106.596,106.602,False,False,False,2020-05-05T06:00:02,2020-05-05T03:00:02Z,summer_US_DST,6,3,6,CS	0	16:01:45.787	Trade	2020.05.05 06:00:02   buy stop 5.63 USDJPY.DWX at 106.696 sl: 106.507 (106.596 / 106.602),D:\QM\reports\work_items\2fc84747-27db-5e88-9568-3fdda6c30769\QM5_41398\20260909_135814\raw\run_01\20260909.log
66983,2020-05-05,sell,True,106.507,106.696,106.696,106.507,106.596,106.602,False,False,False,2020-05-05T06:00:02,2020-05-05T03:00:02Z,summer_US_DST,6,3,6,CS	0	16:01:45.787	Trade	2020.05.05 06:00:02   sell stop 5.64 USDJPY.DWX at 106.507 sl: 106.696 (106.596 / 106.602),D:\QM\reports\work_items\2fc84747-27db-5e88-9568-3fdda6c30769\QM5_41398\20260909_135814\raw\run_01\20260909.log
66995,2020-05-06,buy,True,106.450,106.204,106.450,106.204,106.299,106.302,False,False,False,2020-05-06T06:00:03,2020-05-06T03:00:03Z,summer_US_DST,6,3,6,CS	0	16:01:45.990	Trade	2020.05.06 06:00:03   buy stop 4.31 USDJPY.DWX at 106.450 sl: 106.204 (106.299 / 106.302),D:\QM\reports\work_items\2fc84747-27db-5e88-9568-3fdda6c30769\QM5_41398\20260909_135814\raw\run_01\20260909.log
66996,2020-05-06,sell,True,106.204,106.450,106.450,106.204,106.299,106.302,False,False,False,2020-05-06T06:00:03,2020-05-06T03:00:03Z,summer_US_DST,6,3,6,CS	0	16:01:45.990	Trade	2020.05.06 06:00:03   sell stop 4.32 USDJPY.DWX at 106.204 sl: 106.450 (106.299 / 106.302),D:\QM\reports\work_items\2fc84747-27db-5e88-9568-3fdda6c30769\QM5_41398\20260909_135814\raw\run_01\20260909.log
67006,2020-05-07,buy,True,106.296,106.143,106.296,106.143,106.165,106.170,False,False,False,2020-05-07T06:00:00,2020-05-07T03:00:00Z,summer_US_DST,6,3,6,CS	0	16:01:46.203	Trade	2020.05.07 06:00:00   buy stop 6.93 USDJPY.DWX at 106.296 sl: 106.143 (106.165 / 106.170),D:\QM\reports\work_items\2fc84747-27db-5e88-9568-3fdda6c30769\QM5_41398\20260909_135814\raw\run_01\20260909.log
67007,2020-05-07,sell,True,106.143,106.296,106.296,106.143,106.165,106.170,False,False,False,2020-05-07T06:00:00,2020-05-07T03:00:00Z,summer_US_DST,6,3,6,CS	0	16:01:46.204	Trade	2020.05.07 06:00:00   sell stop 6.94 USDJPY.DWX at 106.143 sl: 106.296 (106.165 / 106.170),D:\QM\reports\work_items\2fc84747-27db-5e88-9568-3fdda6c30769\QM5_41398\20260909_135814\raw\run_01\20260909.log
67017,2020-05-08,buy,True,106.457,106.221,106.457,106.221,106.327,106.331,False,False,False,2020-05-08T06:00:00,2020-05-08T03:00:00Z,summer_US_DST,6,3,6,CS	0	16:01:46.381	Trade	2020.05.08 06:00:00   buy stop 4.5 USDJPY.DWX at 106.457 sl: 106.221 (106.327 / 106.331),D:\QM\reports\work_items\2fc84747-27db-5e88-9568-3fdda6c30769\QM5_41398\20260909_135814\raw\run_01\20260909.log
67018,2020-05-08,sell,True,106.221,106.457,106.457,106.221,106.327,106.331,False,False,False,2020-05-08T06:00:00,2020-05-08T03:00:00Z,summer_US_DST,6,3,6,CS	0	16:01:46.381	Trade	2020.05.08 06:00:00   sell stop 4.51 USDJPY.DWX at 106.221 sl: 106.457 (106.327 / 106.331),D:\QM\reports\work_items\2fc84747-27db-5e88-9568-3fdda6c30769\QM5_41398\20260909_135814\raw\run_01\20260909.log
67029,2020-05-11,buy,True,107.012,106.776,107.012,106.776,106.790,106.795,False,False,False,2020-05-11T06:00:00,2020-05-11T03:00:00Z,summer_US_DST,6,3,6,CS	0	16:01:46.550	Trade	2020.05.11 06:00:00   buy stop 4.52 USDJPY.DWX at 107.012 sl: 106.776 (106.790 / 106.795),D:\QM\reports\work_items\2fc84747-27db-5e88-9568-3fdda6c30769\QM5_41398\20260909_135814\raw\run_01\20260909.log
67030,2020-05-11,sell,True,106.776,107.012,107.012,106.776,106.790,106.795,False,False,False,2020-05-11T06:00:00,2020-05-11T03:00:00Z,summer_US_DST,6,3,6,CS	0	16:01:46.550	Trade	2020.05.11 06:00:00   sell stop 4.53 USDJPY.DWX at 106.776 sl: 107.012 (106.790 / 106.795),D:\QM\reports\work_items\2fc84747-27db-5e88-9568-3fdda6c30769\QM5_41398\20260909_135814\raw\run_01\20260909.log
67040,2020-05-12,buy,True,107.684,107.407,107.684,107.407,107.413,107.416,False,False,False,2020-05-12T06:00:00,2020-05-12T03:00:00Z,summer_US_DST,6,3,6,CS	0	16:01:46.727	Trade	2020.05.12 06:00:00   buy stop 3.87 USDJPY.DWX at 107.684 sl: 107.407 (107.413 / 107.416),D:\QM\reports\work_items\2fc84747-27db-5e88-9568-3fdda6c30769\QM5_41398\20260909_135814\raw\run_01\20260909.log
67041,2020-05-12,sell,True,107.407,107.684,107.684,107.407,107.413,107.416,False,False,False,2020-05-12T06:00:00,2020-05-12T03:00:00Z,summer_US_DST,6,3,6,CS	0	16:01:46.728	Trade	2020.05.12 06:00:00   sell stop 3.88 USDJPY.DWX at 107.407 sl: 107.684 (107.413 / 107.416),D:\QM\reports\work_items\2fc84747-27db-5e88-9568-3fdda6c30769\QM5_41398\20260909_135814\raw\run_01\20260909.log
67051,2020-05-13,buy,True,107.266,107.088,107.266,107.088,107.201,107.204,False,False,False,2020-05-13T06:00:00,2020-05-13T03:00:00Z,summer_US_DST,6,3,6,CS	0	16:01:46.898	Trade	2020.05.13 06:00:00   buy stop 6.01 USDJPY.DWX at 107.266 sl: 107.088 (107.201 / 107.204),D:\QM\reports\work_items\2fc84747-27db-5e88-9568-3fdda6c30769\QM5_41398\20260909_135814\raw\run_01\20260909.log
67052,2020-05-13,sell,True,107.088,107.266,107.266,107.088,107.201,107.204,False,False,False,2020-05-13T06:00:00,2020-05-13T03:00:00Z,summer_US_DST,6,3,6,CS	0	16:01:46.898	Trade	2020.05.13 06:00:00   sell stop 6.02 USDJPY.DWX at 107.088 sl: 107.266 (107.201 / 107.204),D:\QM\reports\work_items\2fc84747-27db-5e88-9568-3fdda6c30769\QM5_41398\20260909_135814\raw\run_01\20260909.log
67064,2020-05-14,buy,True,106.950,106.820,106.950,106.820,106.887,106.890,False,False,False,2020-05-14T06:00:00,2020-05-14T03:00:00Z,summer_US_DST,6,3,6,CS	0	16:01:47.063	Trade	2020.05.14 06:00:00   buy stop 8.21 USDJPY.DWX at 106.950 sl: 106.820 (106.887 / 106.890),D:\QM\reports\work_items\2fc84747-27db-5e88-9568-3fdda6c30769\QM5_41398\20260909_135814\raw\run_01\20260909.log
67065,2020-05-14,sell,True,106.820,106.950,106.950,106.820,106.887,106.890,False,False,False,2020-05-14T06:00:00,2020-05-14T03:00:00Z,summer_US_DST,6,3,6,CS	0	16:01:47.064	Trade	2020.05.14 06:00:00   sell stop 8.22 USDJPY.DWX at 106.820 sl: 106.950 (106.887 / 106.890),D:\QM\reports\work_items\2fc84747-27db-5e88-9568-3fdda6c30769\QM5_41398\20260909_135814\raw\run_01\20260909.log
67075,2020-05-15,buy,True,107.432,107.241,107.432,107.241,107.317,107.320,False,False,False,2020-05-15T06:00:13,2020-05-15T03:00:13Z,summer_US_DST,6,3,6,CS	0	16:01:47.183	Trade	2020.05.15 06:00:13   buy stop 5.61 USDJPY.DWX at 107.432 sl: 107.241 (107.317 / 107.320),D:\QM\reports\work_items\2fc84747-27db-5e88-9568-3fdda6c30769\QM5_41398\20260909_135814\raw\run_01\20260909.log
67076,2020-05-15,sell,True,107.241,107.432,107.432,107.241,107.317,107.320,False,False,False,2020-05-15T06:00:13,2020-05-15T03:00:13Z,summer_US_DST,6,3,6,CS	0	16:01:47.184	Trade	2020.05.15 06:00:13   sell stop 5.62 USDJPY.DWX at 107.241 sl: 107.432 (107.317 / 107.320),D:\QM\reports\work_items\2fc84747-27db-5e88-9568-3fdda6c30769\QM5_41398\20260909_135814\raw\run_01\20260909.log
67092,2020-05-18,buy,True,107.272,107.067,107.272,107.067,107.107,107.112,False,False,False,2020-05-18T06:00:00,2020-05-18T03:00:00Z,summer_US_DST,6,3,6,CS	0	16:01:47.373	Trade	2020.05.18 06:00:00   buy stop 5.22 USDJPY.DWX at 107.272 sl: 107.067 (107.107 / 107.112),D:\QM\reports\work_items\2fc84747-27db-5e88-9568-3fdda6c30769\QM5_41398\20260909_135814\raw\run_01\20260909.log
67093,2020-05-18,sell,True,107.067,107.272,107.272,107.067,107.107,107.112,False,False,False,2020-05-18T06:00:00,2020-05-18T03:00:00Z,summer_US_DST,6,3,6,CS	0	16:01:47.373	Trade	2020.05.18 06:00:00   sell stop 5.23 USDJPY.DWX at 107.067 sl: 107.272 (107.107 / 107.112),D:\QM\reports\work_items\2fc84747-27db-5e88-9568-3fdda6c30769\QM5_41398\20260909_135814\raw\run_01\20260909.log
67106,2020-05-19,buy,True,107.455,107.303,107.455,107.303,107.417,107.422,False,False,False,2020-05-19T06:00:00,2020-05-19T03:00:00Z,summer_US_DST,6,3,6,CS	0	16:01:47.535	Trade	2020.05.19 06:00:00   buy stop 7.05 USDJPY.DWX at 107.455 sl: 107.303 (107.417 / 107.422),D:\QM\reports\work_items\2fc84747-27db-5e88-9568-3fdda6c30769\QM5_41398\20260909_135814\raw\run_01\20260909.log
67107,2020-05-19,sell,True,107.303,107.455,107.455,107.303,107.417,107.422,False,False,False,2020-05-19T06:00:00,2020-05-19T03:00:00Z,summer_US_DST,6,3,6,CS	0	16:01:47.535	Trade	2020.05.19 06:00:00   sell stop 7.06 USDJPY.DWX at 107.303 sl: 107.455 (107.417 / 107.422),D:\QM\reports\work_items\2fc84747-27db-5e88-9568-3fdda6c30769\QM5_41398\20260909_135814\raw\run_01\20260909.log
67122,2020-05-20,buy,True,107.983,107.752,107.983,107.752,107.755,107.759,False,False,False,2020-05-20T06:00:00,2020-05-20T03:00:00Z,summer_US_DST,6,3,6,CS	0	16:01:47.729	Trade	2020.05.20 06:00:00   buy stop 4.66 USDJPY.DWX at 107.983 sl: 107.752 (107.755 / 107.759),D:\QM\reports\work_items\2fc84747-27db-5e88-9568-3fdda6c30769\QM5_41398\20260909_135814\raw\run_01\20260909.log
67123,2020-05-20,sell,True,107.752,107.983,107.983,107.752,107.755,107.759,False,False,False,2020-05-20T06:00:00,2020-05-20T03:00:00Z,summer_US_DST,6,3,6,CS	0	16:01:47.730	Trade	2020.05.20 06:00:00   sell stop 4.67 USDJPY.DWX at 107.752 sl: 107.983 (107.755 / 107.759),D:\QM\reports\work_items\2fc84747-27db-5e88-9568-3fdda6c30769\QM5_41398\20260909_135814\raw\run_01\20260909.log
67135,2020-05-21,buy,True,107.754,107.571,107.754,107.571,107.646,107.650,False,False,False,2020-05-21T06:00:16,2020-05-21T03:00:16Z,summer_US_DST,6,3,6,CS	0	16:01:47.912	Trade	2020.05.21 06:00:16   buy stop 5.87 USDJPY.DWX at 107.754 sl: 107.571 (107.646 / 107.650),D:\QM\reports\work_items\2fc84747-27db-5e88-9568-3fdda6c30769\QM5_41398\20260909_135814\raw\run_01\20260909.log
67136,2020-05-21,sell,True,107.571,107.754,107.754,107.571,107.646,107.650,False,False,False,2020-05-21T06:00:16,2020-05-21T03:00:16Z,summer_US_DST,6,3,6,CS	0	16:01:47.912	Trade	2020.05.21 06:00:16   sell stop 5.88 USDJPY.DWX at 107.571 sl: 107.754 (107.646 / 107.650),D:\QM\reports\work_items\2fc84747-27db-5e88-9568-3fdda6c30769\QM5_41398\20260909_135814\raw\run_01\20260909.log
67146,2020-05-22,buy,True,107.762,107.552,107.762,107.552,107.591,107.596,False,False,False,2020-05-22T06:00:00,2020-05-22T03:00:00Z,summer_US_DST,6,3,6,CS	0	16:01:48.052	Trade	2020.05.22 06:00:00   buy stop 5.12 USDJPY.DWX at 107.762 sl: 107.552 (107.591 / 107.596),D:\QM\reports\work_items\2fc84747-27db-5e88-9568-3fdda6c30769\QM5_41398\20260909_135814\raw\run_01\20260909.log
67147,2020-05-22,sell,True,107.552,107.762,107.762,107.552,107.591,107.596,False,False,False,2020-05-22T06:00:00,2020-05-22T03:00:00Z,summer_US_DST,6,3,6,CS	0	16:01:48.052	Trade	2020.05.22 06:00:00   sell stop 5.13 USDJPY.DWX at 107.552 sl: 107.762 (107.591 / 107.596),D:\QM\reports\work_items\2fc84747-27db-5e88-9568-3fdda6c30769\QM5_41398\20260909_135814\raw\run_01\20260909.log
67158,2020-05-25,buy,True,107.779,107.626,107.779,107.626,107.697,107.702,False,False,False,2020-05-25T06:00:00,2020-05-25T03:00:00Z,summer_US_DST,6,3,6,CS	0	16:01:48.199	Trade	2020.05.25 06:00:00   buy stop 7.03 USDJPY.DWX at 107.779 sl: 107.626 (107.697 / 107.702),D:\QM\reports\work_items\2fc84747-27db-5e88-9568-3fdda6c30769\QM5_41398\20260909_135814\raw\run_01\20260909.log
67159,2020-05-25,sell,True,107.626,107.779,107.779,107.626,107.697,107.702,False,False,False,2020-05-25T06:00:00,2020-05-25T03:00:00Z,summer_US_DST,6,3,6,CS	0	16:01:48.200	Trade	2020.05.25 06:00:00   sell stop 7.04 USDJPY.DWX at 107.626 sl: 107.779 (107.697 / 107.702),D:\QM\reports\work_items\2fc84747-27db-5e88-9568-3fdda6c30769\QM5_41398\20260909_135814\raw\run_01\20260909.log
67162,2020-05-27,buy,True,107.615,107.365,107.615,107.365,107.505,107.510,False,False,False,2020-05-27T06:00:01,2020-05-27T03:00:01Z,summer_US_DST,6,3,6,CS	0	16:01:48.436	Trade	2020.05.27 06:00:01   buy stop 4.29 USDJPY.DWX at 107.615 sl: 107.365 (107.505 / 107.510),D:\QM\reports\work_items\2fc84747-27db-5e88-9568-3fdda6c30769\QM5_41398\20260909_135814\raw\run_01\20260909.log
67163,2020-05-27,sell,True,107.365,107.615,107.615,107.365,107.505,107.510,False,False,False,2020-05-27T06:00:01,2020-05-27T03:00:01Z,summer_US_DST,6,3,6,CS	0	16:01:48.436	Trade	2020.05.27 06:00:01   sell stop 4.3 USDJPY.DWX at 107.365 sl: 107.615 (107.505 / 107.510),D:\QM\reports\work_items\2fc84747-27db-5e88-9568-3fdda6c30769\QM5_41398\20260909_135814\raw\run_01\20260909.log
67176,2020-05-28,buy,True,107.900,107.757,107.900,107.757,107.850,107.854,False,False,False,2020-05-28T06:00:00,2020-05-28T03:00:00Z,summer_US_DST,6,3,6,CS	0	16:01:48.708	Trade	2020.05.28 06:00:00   buy stop 7.53 USDJPY.DWX at 107.900 sl: 107.757 (107.850 / 107.854),D:\QM\reports\work_items\2fc84747-27db-5e88-9568-3fdda6c30769\QM5_41398\20260909_135814\raw\run_01\20260909.log
67177,2020-05-28,sell,True,107.757,107.900,107.900,107.757,107.850,107.854,False,False,False,2020-05-28T06:00:00,2020-05-28T03:00:00Z,summer_US_DST,6,3,6,CS	0	16:01:48.708	Trade	2020.05.28 06:00:00   sell stop 7.54 USDJPY.DWX at 107.757 sl: 107.900 (107.850 / 107.854),D:\QM\reports\work_items\2fc84747-27db-5e88-9568-3fdda6c30769\QM5_41398\20260909_135814\raw\run_01\20260909.log
67189,2020-06-01,buy,True,107.855,107.634,107.855,107.634,107.676,107.681,False,False,False,2020-06-01T06:00:00,2020-06-01T03:00:00Z,summer_US_DST,6,3,6,CS	0	16:01:49.167	Trade	2020.06.01 06:00:00   buy stop 4.87 USDJPY.DWX at 107.855 sl: 107.634 (107.676 / 107.681),D:\QM\reports\work_items\2fc84747-27db-5e88-9568-3fdda6c30769\QM5_41398\20260909_135814\raw\run_01\20260909.log
67190,2020-06-01,sell,True,107.634,107.855,107.855,107.634,107.676,107.681,False,False,False,2020-06-01T06:00:00,2020-06-01T03:00:00Z,summer_US_DST,6,3,6,CS	0	16:01:49.167	Trade	2020.06.01 06:00:00   sell stop 4.88 USDJPY.DWX at 107.634 sl: 107.855 (107.676 / 107.681),D:\QM\reports\work_items\2fc84747-27db-5e88-9568-3fdda6c30769\QM5_41398\20260909_135814\raw\run_01\20260909.log
67203,2020-06-02,buy,True,107.697,107.518,107.697,107.518,107.690,107.695,False,False,False,2020-06-02T06:00:00,2020-06-02T03:00:00Z,summer_US_DST,6,3,6,CS	0	16:01:49.383	Trade	2020.06.02 06:00:00   buy stop 6 USDJPY.DWX at 107.697 sl: 107.518 (107.690 / 107.695),D:\QM\reports\work_items\2fc84747-27db-5e88-9568-3fdda6c30769\QM5_41398\20260909_135814\raw\run_01\20260909.log
67204,2020-06-02,sell,True,107.518,107.697,107.697,107.518,107.690,107.695,False,False,False,2020-06-02T06:00:00,2020-06-02T03:00:00Z,summer_US_DST,6,3,6,CS	0	16:01:49.383	Trade	2020.06.02 06:00:00   sell stop 6.01 USDJPY.DWX at 107.518 sl: 107.697 (107.690 / 107.695),D:\QM\reports\work_items\2fc84747-27db-5e88-9568-3fdda6c30769\QM5_41398\20260909_135814\raw\run_01\20260909.log
67219,2020-06-04,buy,True,109.000,108.802,109.000,108.802,108.835,108.838,False,False,False,2020-06-04T06:00:00,2020-06-04T03:00:00Z,summer_US_DST,6,3,6,CS	0	16:01:49.995	Trade	2020.06.04 06:00:00   buy stop 5.49 USDJPY.DWX at 109.000 sl: 108.802 (108.835 / 108.838),D:\QM\reports\work_items\2fc84747-27db-5e88-9568-3fdda6c30769\QM5_41398\20260909_135814\raw\run_01\20260909.log
67220,2020-06-04,sell,True,108.802,109.000,109.000,108.802,108.835,108.838,False,False,False,2020-06-04T06:00:00,2020-06-04T03:00:00Z,summer_US_DST,6,3,6,CS	0	16:01:49.996	Trade	2020.06.04 06:00:00   sell stop 5.5 USDJPY.DWX at 108.802 sl: 109.000 (108.835 / 108.838),D:\QM\reports\work_items\2fc84747-27db-5e88-9568-3fdda6c30769\QM5_41398\20260909_135814\raw\run_01\20260909.log
67230,2020-06-05,buy,True,109.238,109.044,109.238,109.044,109.114,109.118,False,False,False,2020-06-05T06:00:00,2020-06-05T03:00:00Z,summer_US_DST,6,3,6,CS	0	16:01:50.391	Trade	2020.06.05 06:00:00   buy stop 5.62 USDJPY.DWX at 109.238 sl: 109.044 (109.114 / 109.118),D:\QM\reports\work_items\2fc84747-27db-5e88-9568-3fdda6c30769\QM5_41398\20260909_135814\raw\run_01\20260909.log
67231,2020-06-05,sell,True,109.044,109.238,109.238,109.044,109.114,109.118,False,False,False,2020-06-05T06:00:00,2020-06-05T03:00:00Z,summer_US_DST,6,3,6,CS	0	16:01:50.391	Trade	2020.06.05 06:00:00   sell stop 5.63 USDJPY.DWX at 109.044 sl: 109.238 (109.114 / 109.118),D:\QM\reports\work_items\2fc84747-27db-5e88-9568-3fdda6c30769\QM5_41398\20260909_135814\raw\run_01\20260909.log
67243,2020-06-08,buy,True,109.624,109.377,109.624,109.377,109.544,109.547,False,False,False,2020-06-08T06:00:00,2020-06-08T03:00:00Z,summer_US_DST,6,3,6,CS	0	16:01:50.901	Trade	2020.06.08 06:00:00   buy stop 4.42 USDJPY.DWX at 109.624 sl: 109.377 (109.544 / 109.547),D:\QM\reports\work_items\2fc84747-27db-5e88-9568-3fdda6c30769\QM5_41398\20260909_135814\raw\run_01\20260909.log
67244,2020-06-08,sell,True,109.377,109.624,109.624,109.377,109.544,109.547,False,False,False,2020-06-08T06:00:00,2020-06-08T03:00:00Z,summer_US_DST,6,3,6,CS	0	16:01:50.901	Trade	2020.06.08 06:00:00   sell stop 4.43 USDJPY.DWX at 109.377 sl: 109.624 (109.544 / 109.547),D:\QM\reports\work_items\2fc84747-27db-5e88-9568-3fdda6c30769\QM5_41398\20260909_135814\raw\run_01\20260909.log
67257,2020-06-09,buy,True,108.419,107.917,108.419,107.917,108.172,108.176,False,False,False,2020-06-09T06:00:00,2020-06-09T03:00:00Z,summer_US_DST,6,3,6,CS	0	16:01:51.255	Trade	2020.06.09 06:00:00   buy stop 2.14 USDJPY.DWX at 108.419 sl: 107.917 (108.172 / 108.176),D:\QM\reports\work_items\2fc84747-27db-5e88-9568-3fdda6c30769\QM5_41398\20260909_135814\raw\run_01\20260909.log
67258,2020-06-09,sell,True,107.917,108.419,108.419,107.917,108.172,108.176,False,False,False,2020-06-09T06:00:00,2020-06-09T03:00:00Z,summer_US_DST,6,3,6,CS	0	16:01:51.256	Trade	2020.06.09 06:00:00   sell stop 2.15 USDJPY.DWX at 107.917 sl: 108.419 (108.172 / 108.176),D:\QM\reports\work_items\2fc84747-27db-5e88-9568-3fdda6c30769\QM5_41398\20260909_135814\raw\run_01\20260909.log
67268,2020-06-10,buy,True,107.873,107.656,107.873,107.656,107.667,107.672,False,False,False,2020-06-10T06:00:02,2020-06-10T03:00:02Z,summer_US_DST,6,3,6,CS	0	16:01:51.754	Trade	2020.06.10 06:00:02   buy stop 4.96 USDJPY.DWX at 107.873 sl: 107.656 (107.667 / 107.672),D:\QM\reports\work_items\2fc84747-27db-5e88-9568-3fdda6c30769\QM5_41398\20260909_135814\raw\run_01\20260909.log
67269,2020-06-10,sell,True,107.656,107.873,107.873,107.656,107.667,107.672,False,False,False,2020-06-10T06:00:02,2020-06-10T03:00:02Z,summer_US_DST,6,3,6,CS	0	16:01:51.754	Trade	2020.06.10 06:00:02   sell stop 4.97 USDJPY.DWX at 107.656 sl: 107.873 (107.667 / 107.672),D:\QM\reports\work_items\2fc84747-27db-5e88-9568-3fdda6c30769\QM5_41398\20260909_135814\raw\run_01\20260909.log
67285,2020-06-11,buy,True,107.098,106.910,107.098,106.910,106.937,106.943,False,False,False,2020-06-11T06:00:00,2020-06-11T03:00:00Z,summer_US_DST,6,3,6,CS	0	16:01:52.125	Trade	2020.06.11 06:00:00   buy stop 5.68 USDJPY.DWX at 107.098 sl: 106.910 (106.937 / 106.943),D:\QM\reports\work_items\2fc84747-27db-5e88-9568-3fdda6c30769\QM5_41398\20260909_135814\raw\run_01\20260909.log
67286,2020-06-11,sell,True,106.910,107.098,107.098,106.910,106.937,106.943,False,False,False,2020-06-11T06:00:00,2020-06-11T03:00:00Z,summer_US_DST,6,3,6,CS	0	16:01:52.126	Trade	2020.06.11 06:00:00   sell stop 5.69 USDJPY.DWX at 106.910 sl: 107.098 (106.937 / 106.943),D:\QM\reports\work_items\2fc84747-27db-5e88-9568-3fdda6c30769\QM5_41398\20260909_135814\raw\run_01\20260909.log
67296,2020-06-12,buy,True,106.868,106.583,106.868,106.583,106.840,106.844,False,False,False,2020-06-12T06:00:00,2020-06-12T03:00:00Z,summer_US_DST,6,3,6,CS	0	16:01:52.551	Trade	2020.06.12 06:00:00   buy stop 3.73 USDJPY.DWX at 106.868 sl: 106.583 (106.840 / 106.844),D:\QM\reports\work_items\2fc84747-27db-5e88-9568-3fdda6c30769\QM5_41398\20260909_135814\raw\run_01\20260909.log
67297,2020-06-12,sell,True,106.583,106.868,106.868,106.583,106.840,106.844,False,False,False,2020-06-12T06:00:00,2020-06-12T03:00:00Z,summer_US_DST,6,3,6,CS	0	16:01:52.552	Trade	2020.06.12 06:00:00   sell stop 3.74 USDJPY.DWX at 106.583 sl: 106.868 (106.840 / 106.844),D:\QM\reports\work_items\2fc84747-27db-5e88-9568-3fdda6c30769\QM5_41398\20260909_135814\raw\run_01\20260909.log
67310,2020-06-15,buy,True,107.342,107.145,107.342,107.145,107.179,107.183,False,False,False,2020-06-15T06:00:00,2020-06-15T03:00:00Z,summer_US_DST,6,3,6,CS	0	16:01:52.943	Trade	2020.06.15 06:00:00   buy stop 5.43 USDJPY.DWX at 107.342 sl: 107.145 (107.179 / 107.183),D:\QM\reports\work_items\2fc84747-27db-5e88-9568-3fdda6c30769\QM5_41398\20260909_135814\raw\run_01\20260909.log
67311,2020-06-15,sell,True,107.145,107.342,107.342,107.145,107.179,107.183,False,False,False,2020-06-15T06:00:00,2020-06-15T03:00:00Z,summer_US_DST,6,3,6,CS	0	16:01:52.944	Trade	2020.06.15 06:00:00   sell stop 5.44 USDJPY.DWX at 107.145 sl: 107.342 (107.179 / 107.183),D:\QM\reports\work_items\2fc84747-27db-5e88-9568-3fdda6c30769\QM5_41398\20260909_135814\raw\run_01\20260909.log
67321,2020-06-17,buy,True,107.404,107.163,107.404,107.163,107.228,107.233,False,False,False,2020-06-17T06:00:00,2020-06-17T03:00:00Z,summer_US_DST,6,3,6,CS	0	16:01:53.590	Trade	2020.06.17 06:00:00   buy stop 4.44 USDJPY.DWX at 107.404 sl: 107.163 (107.228 / 107.233),D:\QM\reports\work_items\2fc84747-27db-5e88-9568-3fdda6c30769\QM5_41398\20260909_135814\raw\run_01\20260909.log
67322,2020-06-17,sell,True,107.163,107.404,107.404,107.163,107.228,107.233,False,False,False,2020-06-17T06:00:00,2020-06-17T03:00:00Z,summer_US_DST,6,3,6,CS	0	16:01:53.591	Trade	2020.06.17 06:00:00   sell stop 4.45 USDJPY.DWX at 107.163 sl: 107.404 (107.228 / 107.233),D:\QM\reports\work_items\2fc84747-27db-5e88-9568-3fdda6c30769\QM5_41398\20260909_135814\raw\run_01\20260909.log
67332,2020-06-18,buy,True,106.896,106.701,106.896,106.701,106.889,106.893,False,False,False,2020-06-18T06:00:00,2020-06-18T03:00:00Z,summer_US_DST,6,3,6,CS	0	16:01:53.967	Trade	2020.06.18 06:00:00   buy stop 5.47 USDJPY.DWX at 106.896 sl: 106.701 (106.889 / 106.893),D:\QM\reports\work_items\2fc84747-27db-5e88-9568-3fdda6c30769\QM5_41398\20260909_135814\raw\run_01\20260909.log
67333,2020-06-18,sell,True,106.701,106.896,106.896,106.701,106.889,106.893,False,False,False,2020-06-18T06:00:00,2020-06-18T03:00:00Z,summer_US_DST,6,3,6,CS	0	16:01:53.967	Trade	2020.06.18 06:00:00   sell stop 5.48 USDJPY.DWX at 106.701 sl: 106.896 (106.889 / 106.893),D:\QM\reports\work_items\2fc84747-27db-5e88-9568-3fdda6c30769\QM5_41398\20260909_135814\raw\run_01\20260909.log
67344,2020-06-19,buy,True,107.006,106.865,107.006,106.865,106.930,106.931,False,False,False,2020-06-19T06:00:00,2020-06-19T03:00:00Z,summer_US_DST,6,3,6,CS	0	16:01:54.352	Trade	2020.06.19 06:00:00   buy stop 7.57 USDJPY.DWX at 107.006 sl: 106.865 (106.930 / 106.931),D:\QM\reports\work_items\2fc84747-27db-5e88-9568-3fdda6c30769\QM5_41398\20260909_135814\raw\run_01\20260909.log
67345,2020-06-19,sell,True,106.865,107.006,107.006,106.865,106.930,106.931,False,False,False,2020-06-19T06:00:00,2020-06-19T03:00:00Z,summer_US_DST,6,3,6,CS	0	16:01:54.353	Trade	2020.06.19 06:00:00   sell stop 7.58 USDJPY.DWX at 106.865 sl: 107.006 (106.930 / 106.931),D:\QM\reports\work_items\2fc84747-27db-5e88-9568-3fdda6c30769\QM5_41398\20260909_135814\raw\run_01\20260909.log
67355,2020-06-22,buy,True,106.944,106.765,106.944,106.765,106.887,106.893,False,False,False,2020-06-22T06:00:06,2020-06-22T03:00:06Z,summer_US_DST,6,3,6,CS	0	16:01:54.615	Trade	2020.06.22 06:00:06   buy stop 5.96 USDJPY.DWX at 106.944 sl: 106.765 (106.887 / 106.893),D:\QM\reports\work_items\2fc84747-27db-5e88-9568-3fdda6c30769\QM5_41398\20260909_135814\raw\run_01\20260909.log
67356,2020-06-22,sell,True,106.765,106.944,106.944,106.765,106.887,106.893,False,False,False,2020-06-22T06:00:06,2020-06-22T03:00:06Z,summer_US_DST,6,3,6,CS	0	16:01:54.616	Trade	2020.06.22 06:00:06   sell stop 5.97 USDJPY.DWX at 106.765 sl: 106.944 (106.887 / 106.893),D:\QM\reports\work_items\2fc84747-27db-5e88-9568-3fdda6c30769\QM5_41398\20260909_135814\raw\run_01\20260909.log
67366,2020-06-24,buy,True,106.637,106.382,106.637,106.382,106.530,106.535,False,False,False,2020-06-24T06:00:00,2020-06-24T03:00:00Z,summer_US_DST,6,3,6,CS	0	16:01:55.175	Trade	2020.06.24 06:00:00   buy stop 4.17 USDJPY.DWX at 106.637 sl: 106.382 (106.530 / 106.535),D:\QM\reports\work_items\2fc84747-27db-5e88-9568-3fdda6c30769\QM5_41398\20260909_135814\raw\run_01\20260909.log
67367,2020-06-24,sell,True,106.382,106.637,106.637,106.382,106.530,106.535,False,False,False,2020-06-24T06:00:00,2020-06-24T03:00:00Z,summer_US_DST,6,3,6,CS	0	16:01:55.176	Trade	2020.06.24 06:00:00   sell stop 4.18 USDJPY.DWX at 106.382 sl: 106.637 (106.530 / 106.535),D:\QM\reports\work_items\2fc84747-27db-5e88-9568-3fdda6c30769\QM5_41398\20260909_135814\raw\run_01\20260909.log
67380,2020-06-25,buy,True,107.259,107.018,107.259,107.018,107.194,107.201,False,False,False,2020-06-25T06:00:00,2020-06-25T03:00:00Z,summer_US_DST,6,3,6,CS	0	16:01:55.557	Trade	2020.06.25 06:00:00   buy stop 4.44 USDJPY.DWX at 107.259 sl: 107.018 (107.194 / 107.201),D:\QM\reports\work_items\2fc84747-27db-5e88-9568-3fdda6c30769\QM5_41398\20260909_135814\raw\run_01\20260909.log
67381,2020-06-25,sell,True,107.018,107.259,107.259,107.018,107.194,107.201,False,False,False,2020-06-25T06:00:00,2020-06-25T03:00:00Z,summer_US_DST,6,3,6,CS	0	16:01:55.557	Trade	2020.06.25 06:00:00   sell stop 4.45 USDJPY.DWX at 107.018 sl: 107.259 (107.194 / 107.201),D:\QM\reports\work_items\2fc84747-27db-5e88-9568-3fdda6c30769\QM5_41398\20260909_135814\raw\run_01\20260909.log
67391,2020-06-26,buy,True,107.229,107.084,107.229,107.084,107.157,107.161,False,False,False,2020-06-26T06:00:00,2020-06-26T03:00:00Z,summer_US_DST,6,3,6,CS	0	16:01:55.884	Trade	2020.06.26 06:00:00   buy stop 7.38 USDJPY.DWX at 107.229 sl: 107.084 (107.157 / 107.161),D:\QM\reports\work_items\2fc84747-27db-5e88-9568-3fdda6c30769\QM5_41398\20260909_135814\raw\run_01\20260909.log
67392,2020-06-26,sell,True,107.084,107.229,107.229,107.084,107.157,107.161,False,False,False,2020-06-26T06:00:00,2020-06-26T03:00:00Z,summer_US_DST,6,3,6,CS	0	16:01:55.885	Trade	2020.06.26 06:00:00   sell stop 7.39 USDJPY.DWX at 107.084 sl: 107.229 (107.157 / 107.161),D:\QM\reports\work_items\2fc84747-27db-5e88-9568-3fdda6c30769\QM5_41398\20260909_135814\raw\run_01\20260909.log
67406,2020-06-29,buy,True,107.373,107.155,107.373,107.155,107.168,107.172,False,False,False,2020-06-29T06:00:03,2020-06-29T03:00:03Z,summer_US_DST,6,3,6,CS	0	16:01:56.116	Trade	2020.06.29 06:00:03   buy stop 4.91 USDJPY.DWX at 107.373 sl: 107.155 (107.168 / 107.172),D:\QM\reports\work_items\2fc84747-27db-5e88-9568-3fdda6c30769\QM5_41398\20260909_135814\raw\run_01\20260909.log
67407,2020-06-29,sell,True,107.155,107.373,107.373,107.155,107.168,107.172,False,False,False,2020-06-29T06:00:03,2020-06-29T03:00:03Z,summer_US_DST,6,3,6,CS	0	16:01:56.116	Trade	2020.06.29 06:00:03   sell stop 4.92 USDJPY.DWX at 107.155 sl: 107.373 (107.168 / 107.172),D:\QM\reports\work_items\2fc84747-27db-5e88-9568-3fdda6c30769\QM5_41398\20260909_135814\raw\run_01\20260909.log
67417,2020-06-30,buy,True,107.788,107.540,107.788,107.540,107.781,107.786,False,False,False,2020-06-30T06:00:00,2020-06-30T03:00:00Z,summer_US_DST,6,3,6,CS	0	16:01:56.351	Trade	2020.06.30 06:00:00   buy stop 4.33 USDJPY.DWX at 107.788 sl: 107.540 (107.781 / 107.786),D:\QM\reports\work_items\2fc84747-27db-5e88-9568-3fdda6c30769\QM5_41398\20260909_135814\raw\run_01\20260909.log
67418,2020-06-30,sell,True,107.540,107.788,107.788,107.540,107.781,107.786,False,False,False,2020-06-30T06:00:00,2020-06-30T03:00:00Z,summer_US_DST,6,3,6,CS	0	16:01:56.352	Trade	2020.06.30 06:00:00   sell stop 4.34 USDJPY.DWX at 107.540 sl: 107.788 (107.781 / 107.786),D:\QM\reports\work_items\2fc84747-27db-5e88-9568-3fdda6c30769\QM5_41398\20260909_135814\raw\run_01\20260909.log
67428,2020-07-02,buy,True,107.556,107.331,107.556,107.331,107.544,107.548,False,False,False,2020-07-02T06:00:00,2020-07-02T03:00:00Z,summer_US_DST,6,3,6,CS	0	16:01:56.780	Trade	2020.07.02 06:00:00   buy stop 4.77 USDJPY.DWX at 107.556 sl: 107.331 (107.544 / 107.548),D:\QM\reports\work_items\2fc84747-27db-5e88-9568-3fdda6c30769\QM5_41398\20260909_135814\raw\run_01\20260909.log
67429,2020-07-02,sell,True,107.331,107.556,107.556,107.331,107.544,107.548,False,False,False,2020-07-02T06:00:00,2020-07-02T03:00:00Z,summer_US_DST,6,3,6,CS	0	16:01:56.780	Trade	2020.07.02 06:00:00   sell stop 4.78 USDJPY.DWX at 107.331 sl: 107.556 (107.544 / 107.548),D:\QM\reports\work_items\2fc84747-27db-5e88-9568-3fdda6c30769\QM5_41398\20260909_135814\raw\run_01\20260909.log
67439,2020-07-03,buy,True,107.567,107.434,107.567,107.434,107.516,107.521,False,False,False,2020-07-03T06:00:00,2020-07-03T03:00:00Z,summer_US_DST,6,3,6,CS	0	16:01:57.012	Trade	2020.07.03 06:00:00   buy stop 8.07 USDJPY.DWX at 107.567 sl: 107.434 (107.516 / 107.521),D:\QM\reports\work_items\2fc84747-27db-5e88-9568-3fdda6c30769\QM5_41398\20260909_135814\raw\run_01\20260909.log
67440,2020-07-03,sell,True,107.434,107.567,107.567,107.434,107.516,107.521,False,False,False,2020-07-03T06:00:00,2020-07-03T03:00:00Z,summer_US_DST,6,3,6,CS	0	16:01:57.013	Trade	2020.07.03 06:00:00   sell stop 8.08 USDJPY.DWX at 107.434 sl: 107.567 (107.516 / 107.521),D:\QM\reports\work_items\2fc84747-27db-5e88-9568-3fdda6c30769\QM5_41398\20260909_135814\raw\run_01\20260909.log
67443,2020-07-07,buy,True,107.408,107.245,107.408,107.245,107.393,107.396,False,False,False,2020-07-07T06:00:00,2020-07-07T03:00:00Z,summer_US_DST,6,3,6,CS	0	16:01:57.196	Trade	2020.07.07 06:00:00   buy stop 6.57 USDJPY.DWX at 107.408 sl: 107.245 (107.393 / 107.396),D:\QM\reports\work_items\2fc84747-27db-5e88-9568-3fdda6c30769\QM5_41398\20260909_135814\raw\run_01\20260909.log
67444,2020-07-07,sell,True,107.245,107.408,107.408,107.245,107.393,107.396,False,False,False,2020-07-07T06:00:00,2020-07-07T03:00:00Z,summer_US_DST,6,3,6,CS	0	16:01:57.196	Trade	2020.07.07 06:00:00   sell stop 6.58 USDJPY.DWX at 107.245 sl: 107.408 (107.393 / 107.396),D:\QM\reports\work_items\2fc84747-27db-5e88-9568-3fdda6c30769\QM5_41398\20260909_135814\raw\run_01\20260909.log
67460,2020-07-08,buy,True,107.710,107.570,107.710,107.570,107.628,107.632,False,False,False,2020-07-08T06:00:07,2020-07-08T03:00:07Z,summer_US_DST,6,3,6,CS	0	16:01:57.368	Trade	2020.07.08 06:00:07   buy stop 7.68 USDJPY.DWX at 107.710 sl: 107.570 (107.628 / 107.632),D:\QM\reports\work_items\2fc84747-27db-5e88-9568-3fdda6c30769\QM5_41398\20260909_135814\raw\run_01\20260909.log
67461,2020-07-08,sell,True,107.570,107.710,107.710,107.570,107.628,107.632,False,False,False,2020-07-08T06:00:07,2020-07-08T03:00:07Z,summer_US_DST,6,3,6,CS	0	16:01:57.369	Trade	2020.07.08 06:00:07   sell stop 7.69 USDJPY.DWX at 107.570 sl: 107.710 (107.628 / 107.632),D:\QM\reports\work_items\2fc84747-27db-5e88-9568-3fdda6c30769\QM5_41398\20260909_135814\raw\run_01\20260909.log
67473,2020-07-09,buy,True,107.363,107.181,107.363,107.181,107.310,107.313,False,False,False,2020-07-09T06:00:00,2020-07-09T03:00:00Z,summer_US_DST,6,3,6,CS	0	16:01:57.541	Trade	2020.07.09 06:00:00   buy stop 5.88 USDJPY.DWX at 107.363 sl: 107.181 (107.310 / 107.313),D:\QM\reports\work_items\2fc84747-27db-5e88-9568-3fdda6c30769\QM5_41398\20260909_135814\raw\run_01\20260909.log
67474,2020-07-09,sell,True,107.181,107.363,107.363,107.181,107.310,107.313,False,False,False,2020-07-09T06:00:00,2020-07-09T03:00:00Z,summer_US_DST,6,3,6,CS	0	16:01:57.541	Trade	2020.07.09 06:00:00   sell stop 5.89 USDJPY.DWX at 107.181 sl: 107.363 (107.310 / 107.313),D:\QM\reports\work_items\2fc84747-27db-5e88-9568-3fdda6c30769\QM5_41398\20260909_135814\raw\run_01\20260909.log
67484,2020-07-13,buy,True,106.943,106.790,106.943,106.790,106.796,106.801,False,False,False,2020-07-13T06:00:00,2020-07-13T03:00:00Z,summer_US_DST,6,3,6,CS	0	16:01:57.896	Trade	2020.07.13 06:00:00   buy stop 6.97 USDJPY.DWX at 106.943 sl: 106.790 (106.796 / 106.801),D:\QM\reports\work_items\2fc84747-27db-5e88-9568-3fdda6c30769\QM5_41398\20260909_135814\raw\run_01\20260909.log
67485,2020-07-13,sell,True,106.790,106.943,106.943,106.790,106.796,106.801,False,False,False,2020-07-13T06:00:00,2020-07-13T03:00:00Z,summer_US_DST,6,3,6,CS	0	16:01:57.896	Trade	2020.07.13 06:00:00   sell stop 6.98 USDJPY.DWX at 106.790 sl: 106.943 (106.796 / 106.801),D:\QM\reports\work_items\2fc84747-27db-5e88-9568-3fdda6c30769\QM5_41398\20260909_135814\raw\run_01\20260909.log
67495,2020-07-16,buy,True,107.032,106.831,107.032,106.831,106.955,106.958,False,False,False,2020-07-16T06:00:00,2020-07-16T03:00:00Z,summer_US_DST,6,3,6,CS	0	16:01:58.255	Trade	2020.07.16 06:00:00   buy stop 5.31 USDJPY.DWX at 107.032 sl: 106.831 (106.955 / 106.958),D:\QM\reports\work_items\2fc84747-27db-5e88-9568-3fdda6c30769\QM5_41398\20260909_135814\raw\run_01\20260909.log
67496,2020-07-16,sell,True,106.831,107.032,107.032,106.831,106.955,106.958,False,False,False,2020-07-16T06:00:00,2020-07-16T03:00:00Z,summer_US_DST,6,3,6,CS	0	16:01:58.255	Trade	2020.07.16 06:00:00   sell stop 5.32 USDJPY.DWX at 106.831 sl: 107.032 (106.955 / 106.958),D:\QM\reports\work_items\2fc84747-27db-5e88-9568-3fdda6c30769\QM5_41398\20260909_135814\raw\run_01\20260909.log
67506,2020-07-17,buy,True,107.360,107.224,107.360,107.224,107.249,107.253,False,False,False,2020-07-17T06:00:00,2020-07-17T03:00:00Z,summer_US_DST,6,3,6,CS	0	16:01:58.468	Trade	2020.07.17 06:00:00   buy stop 7.88 USDJPY.DWX at 107.360 sl: 107.224 (107.249 / 107.253),D:\QM\reports\work_items\2fc84747-27db-5e88-9568-3fdda6c30769\QM5_41398\20260909_135814\raw\run_01\20260909.log
67507,2020-07-17,sell,True,107.224,107.360,107.360,107.224,107.249,107.253,False,False,False,2020-07-17T06:00:00,2020-07-17T03:00:00Z,summer_US_DST,6,3,6,CS	0	16:01:58.468	Trade	2020.07.17 06:00:00   sell stop 7.89 USDJPY.DWX at 107.224 sl: 107.360 (107.249 / 107.253),D:\QM\reports\work_items\2fc84747-27db-5e88-9568-3fdda6c30769\QM5_41398\20260909_135814\raw\run_01\20260909.log
67519,2020-07-21,buy,True,107.239,107.126,107.239,107.126,107.204,107.204,False,False,False,2020-07-21T06:00:04,2020-07-21T03:00:04Z,summer_US_DST,6,3,6,CS	0	16:01:58.761	Trade	2020.07.21 06:00:04   buy stop 9.48 USDJPY.DWX at 107.239 sl: 107.126 (107.204 / 107.204),D:\QM\reports\work_items\2fc84747-27db-5e88-9568-3fdda6c30769\QM5_41398\20260909_135814\raw\run_01\20260909.log
67520,2020-07-21,sell,True,107.126,107.239,107.239,107.126,107.204,107.204,False,False,False,2020-07-21T06:00:04,2020-07-21T03:00:04Z,summer_US_DST,6,3,6,CS	0	16:01:58.762	Trade	2020.07.21 06:00:04   sell stop 9.49 USDJPY.DWX at 107.126 sl: 107.239 (107.204 / 107.204),D:\QM\reports\work_items\2fc84747-27db-5e88-9568-3fdda6c30769\QM5_41398\20260909_135814\raw\run_01\20260909.log
67533,2020-07-22,buy,True,106.892,106.709,106.892,106.709,106.755,106.757,False,False,False,2020-07-22T06:00:01,2020-07-22T03:00:01Z,summer_US_DST,6,3,6,CS	0	16:01:58.937	Trade	2020.07.22 06:00:01   buy stop 5.83 USDJPY.DWX at 106.892 sl: 106.709 (106.755 / 106.757),D:\QM\reports\work_items\2fc84747-27db-5e88-9568-3fdda6c30769\QM5_41398\20260909_135814\raw\run_01\20260909.log
67534,2020-07-22,sell,True,106.709,106.892,106.892,106.709,106.755,106.757,False,False,False,2020-07-22T06:00:01,2020-07-22T03:00:01Z,summer_US_DST,6,3,6,CS	0	16:01:58.937	Trade	2020.07.22 06:00:01   sell stop 5.84 USDJPY.DWX at 106.709 sl: 106.892 (106.755 / 106.757),D:\QM\reports\work_items\2fc84747-27db-5e88-9568-3fdda6c30769\QM5_41398\20260909_135814\raw\run_01\20260909.log
67547,2020-07-23,buy,True,107.189,107.105,107.189,107.105,107.152,107.155,False,False,False,2020-07-23T06:00:38,2020-07-23T03:00:38Z,summer_US_DST,6,3,6,CS	0	16:01:59.157	Trade	2020.07.23 06:00:38   buy stop 12.75 USDJPY.DWX at 107.189 sl: 107.105 (107.152 / 107.155),D:\QM\reports\work_items\2fc84747-27db-5e88-9568-3fdda6c30769\QM5_41398\20260909_135814\raw\run_01\20260909.log
67548,2020-07-23,sell,True,107.105,107.189,107.189,107.105,107.152,107.155,False,False,False,2020-07-23T06:00:38,2020-07-23T03:00:38Z,summer_US_DST,6,3,6,CS	0	16:01:59.157	Trade	2020.07.23 06:00:38   sell stop 12.75 USDJPY.DWX at 107.105 sl: 107.189 (107.152 / 107.155),D:\QM\reports\work_items\2fc84747-27db-5e88-9568-3fdda6c30769\QM5_41398\20260909_135814\raw\run_01\20260909.log
67558,2020-07-28,buy,True,105.475,105.218,105.475,105.218,105.453,105.458,False,False,False,2020-07-28T06:00:00,2020-07-28T03:00:00Z,summer_US_DST,6,3,6,CS	0	16:01:59.677	Trade	2020.07.28 06:00:00   buy stop 4.09 USDJPY.DWX at 105.475 sl: 105.218 (105.453 / 105.458),D:\QM\reports\work_items\2fc84747-27db-5e88-9568-3fdda6c30769\QM5_41398\20260909_135814\raw\run_01\20260909.log
67559,2020-07-28,sell,True,105.218,105.475,105.475,105.218,105.453,105.458,False,False,False,2020-07-28T06:00:00,2020-07-28T03:00:00Z,summer_US_DST,6,3,6,CS	0	16:01:59.678	Trade	2020.07.28 06:00:00   sell stop 4.1 USDJPY.DWX at 105.218 sl: 105.475 (105.453 / 105.458),D:\QM\reports\work_items\2fc84747-27db-5e88-9568-3fdda6c30769\QM5_41398\20260909_135814\raw\run_01\20260909.log
67569,2020-07-29,buy,True,105.241,104.955,105.241,104.955,105.048,105.051,False,False,False,2020-07-29T06:00:00,2020-07-29T03:00:00Z,summer_US_DST,6,3,6,CS	0	16:01:59.921	Trade	2020.07.29 06:00:00   buy stop 3.66 USDJPY.DWX at 105.241 sl: 104.955 (105.048 / 105.051),D:\QM\reports\work_items\2fc84747-27db-5e88-9568-3fdda6c30769\QM5_41398\20260909_135814\raw\run_01\20260909.log
67570,2020-07-29,sell,True,104.955,105.241,105.241,104.955,105.048,105.051,False,False,False,2020-07-29T06:00:00,2020-07-29T03:00:00Z,summer_US_DST,6,3,6,CS	0	16:01:59.921	Trade	2020.07.29 06:00:00   sell stop 3.67 USDJPY.DWX at 104.955 sl: 105.241 (105.048 / 105.051),D:\QM\reports\work_items\2fc84747-27db-5e88-9568-3fdda6c30769\QM5_41398\20260909_135814\raw\run_01\20260909.log
67580,2020-07-30,buy,True,105.153,104.981,105.153,104.981,105.067,105.067,False,False,False,2020-07-30T06:00:00,2020-07-30T03:00:00Z,summer_US_DST,6,3,6,CS	0	16:02:00.153	Trade	2020.07.30 06:00:00   buy stop 6.1 USDJPY.DWX at 105.153 sl: 104.981 (105.067 / 105.067),D:\QM\reports\work_items\2fc84747-27db-5e88-9568-3fdda6c30769\QM5_41398\20260909_135814\raw\run_01\20260909.log
67581,2020-07-30,sell,True,104.981,105.153,105.153,104.981,105.067,105.067,False,False,False,2020-07-30T06:00:00,2020-07-30T03:00:00Z,summer_US_DST,6,3,6,CS	0	16:02:00.153	Trade	2020.07.30 06:00:00   sell stop 6.11 USDJPY.DWX at 104.981 sl: 105.153 (105.067 / 105.067),D:\QM\reports\work_items\2fc84747-27db-5e88-9568-3fdda6c30769\QM5_41398\20260909_135814\raw\run_01\20260909.log
67591,2020-08-04,buy,True,106.191,106.015,106.191,106.015,106.096,106.100,False,False,False,2020-08-04T06:00:00,2020-08-04T03:00:00Z,summer_US_DST,6,3,6,CS	0	16:02:01.159	Trade	2020.08.04 06:00:00   buy stop 6.02 USDJPY.DWX at 106.191 sl: 106.015 (106.096 / 106.100),D:\QM\reports\work_items\2fc84747-27db-5e88-9568-3fdda6c30769\QM5_41398\20260909_135814\raw\run_01\20260909.log
67592,2020-08-04,sell,True,106.015,106.191,106.191,106.015,106.096,106.100,False,False,False,2020-08-04T06:00:00,2020-08-04T03:00:00Z,summer_US_DST,6,3,6,CS	0	16:02:01.159	Trade	2020.08.04 06:00:00   sell stop 6.03 USDJPY.DWX at 106.015 sl: 106.191 (106.096 / 106.100),D:\QM\reports\work_items\2fc84747-27db-5e88-9568-3fdda6c30769\QM5_41398\20260909_135814\raw\run_01\20260909.log
67605,2020-08-05,buy,True,105.782,105.511,105.782,105.511,105.574,105.577,False,False,False,2020-08-05T06:00:05,2020-08-05T03:00:05Z,summer_US_DST,6,3,6,CS	0	16:02:01.426	Trade	2020.08.05 06:00:05   buy stop 3.89 USDJPY.DWX at 105.782 sl: 105.511 (105.574 / 105.577),D:\QM\reports\work_items\2fc84747-27db-5e88-9568-3fdda6c30769\QM5_41398\20260909_135814\raw\run_01\20260909.log
67606,2020-08-05,sell,True,105.511,105.782,105.782,105.511,105.574,105.577,False,False,False,2020-08-05T06:00:05,2020-08-05T03:00:05Z,summer_US_DST,6,3,6,CS	0	16:02:01.427	Trade	2020.08.05 06:00:05   sell stop 3.9 USDJPY.DWX at 105.511 sl: 105.782 (105.574 / 105.577),D:\QM\reports\work_items\2fc84747-27db-5e88-9568-3fdda6c30769\QM5_41398\20260909_135814\raw\run_01\20260909.log
67616,2020-08-06,buy,True,105.611,105.458,105.611,105.458,105.531,105.534,False,False,False,2020-08-06T06:00:00,2020-08-06T03:00:00Z,summer_US_DST,6,3,6,CS	0	16:02:01.695	Trade	2020.08.06 06:00:00   buy stop 6.89 USDJPY.DWX at 105.611 sl: 105.458 (105.531 / 105.534),D:\QM\reports\work_items\2fc84747-27db-5e88-9568-3fdda6c30769\QM5_41398\20260909_135814\raw\run_01\20260909.log
67617,2020-08-06,sell,True,105.458,105.611,105.611,105.458,105.531,105.534,False,False,False,2020-08-06T06:00:00,2020-08-06T03:00:00Z,summer_US_DST,6,3,6,CS	0	16:02:01.695	Trade	2020.08.06 06:00:00   sell stop 6.9 USDJPY.DWX at 105.458 sl: 105.611 (105.531 / 105.534),D:\QM\reports\work_items\2fc84747-27db-5e88-9568-3fdda6c30769\QM5_41398\20260909_135814\raw\run_01\20260909.log
67627,2020-08-07,buy,True,105.595,105.519,105.595,105.519,105.581,105.583,False,False,False,2020-08-07T06:00:00,2020-08-07T03:00:00Z,summer_US_DST,6,3,6,CS	0	16:02:01.960	Trade	2020.08.07 06:00:00   buy stop 13.88 USDJPY.DWX at 105.595 sl: 105.519 (105.581 / 105.583),D:\QM\reports\work_items\2fc84747-27db-5e88-9568-3fdda6c30769\QM5_41398\20260909_135814\raw\run_01\20260909.log
67628,2020-08-07,sell,True,105.519,105.595,105.595,105.519,105.581,105.583,False,False,False,2020-08-07T06:00:00,2020-08-07T03:00:00Z,summer_US_DST,6,3,6,CS	0	16:02:01.961	Trade	2020.08.07 06:00:00   sell stop 13.89 USDJPY.DWX at 105.519 sl: 105.595 (105.581 / 105.583),D:\QM\reports\work_items\2fc84747-27db-5e88-9568-3fdda6c30769\QM5_41398\20260909_135814\raw\run_01\20260909.log
67638,2020-08-10,buy,True,105.870,105.722,105.870,105.722,105.786,105.790,False,False,False,2020-08-10T06:00:00,2020-08-10T03:00:00Z,summer_US_DST,6,3,6,CS	0	16:02:02.213	Trade	2020.08.10 06:00:00   buy stop 7.14 USDJPY.DWX at 105.870 sl: 105.722 (105.786 / 105.790),D:\QM\reports\work_items\2fc84747-27db-5e88-9568-3fdda6c30769\QM5_41398\20260909_135814\raw\run_01\20260909.log
67639,2020-08-10,sell,True,105.722,105.870,105.870,105.722,105.786,105.790,False,False,False,2020-08-10T06:00:00,2020-08-10T03:00:00Z,summer_US_DST,6,3,6,CS	0	16:02:02.214	Trade	2020.08.10 06:00:00   sell stop 7.15 USDJPY.DWX at 105.722 sl: 105.870 (105.786 / 105.790),D:\QM\reports\work_items\2fc84747-27db-5e88-9568-3fdda6c30769\QM5_41398\20260909_135814\raw\run_01\20260909.log
67655,2020-08-11,buy,True,106.175,105.973,106.175,105.973,106.051,106.053,False,False,False,2020-08-11T06:00:01,2020-08-11T03:00:01Z,summer_US_DST,6,3,6,CS	0	16:02:02.442	Trade	2020.08.11 06:00:01   buy stop 5.24 USDJPY.DWX at 106.175 sl: 105.973 (106.051 / 106.053),D:\QM\reports\work_items\2fc84747-27db-5e88-9568-3fdda6c30769\QM5_41398\20260909_135814\raw\run_01\20260909.log
67656,2020-08-11,sell,True,105.973,106.175,106.175,105.973,106.051,106.053,False,False,False,2020-08-11T06:00:01,2020-08-11T03:00:01Z,summer_US_DST,6,3,6,CS	0	16:02:02.443	Trade	2020.08.11 06:00:01   sell stop 5.25 USDJPY.DWX at 105.973 sl: 106.175 (106.051 / 106.053),D:\QM\reports\work_items\2fc84747-27db-5e88-9568-3fdda6c30769\QM5_41398\20260909_135814\raw\run_01\20260909.log
67666,2020-08-12,buy,True,106.736,106.456,106.736,106.456,106.713,106.717,False,False,False,2020-08-12T06:00:00,2020-08-12T03:00:00Z,summer_US_DST,6,3,6,CS	0	16:02:02.835	Trade	2020.08.12 06:00:00   buy stop 3.8 USDJPY.DWX at 106.736 sl: 106.456 (106.713 / 106.717),D:\QM\reports\work_items\2fc84747-27db-5e88-9568-3fdda6c30769\QM5_41398\20260909_135814\raw\run_01\20260909.log
67667,2020-08-12,sell,True,106.456,106.736,106.736,106.456,106.713,106.717,False,False,False,2020-08-12T06:00:00,2020-08-12T03:00:00Z,summer_US_DST,6,3,6,CS	0	16:02:02.835	Trade	2020.08.12 06:00:00   sell stop 3.81 USDJPY.DWX at 106.456 sl: 106.736 (106.713 / 106.717),D:\QM\reports\work_items\2fc84747-27db-5e88-9568-3fdda6c30769\QM5_41398\20260909_135814\raw\run_01\20260909.log
67677,2020-08-13,buy,True,106.841,106.602,106.841,106.602,106.715,106.719,False,False,False,2020-08-13T06:00:02,2020-08-13T03:00:02Z,summer_US_DST,6,3,6,CS	0	16:02:03.221	Trade	2020.08.13 06:00:02   buy stop 4.46 USDJPY.DWX at 106.841 sl: 106.602 (106.715 / 106.719),D:\QM\reports\work_items\2fc84747-27db-5e88-9568-3fdda6c30769\QM5_41398\20260909_135814\raw\run_01\20260909.log
67678,2020-08-13,sell,True,106.602,106.841,106.841,106.602,106.715,106.719,False,False,False,2020-08-13T06:00:02,2020-08-13T03:00:02Z,summer_US_DST,6,3,6,CS	0	16:02:03.221	Trade	2020.08.13 06:00:02   sell stop 4.47 USDJPY.DWX at 106.602 sl: 106.841 (106.715 / 106.719),D:\QM\reports\work_items\2fc84747-27db-5e88-9568-3fdda6c30769\QM5_41398\20260909_135814\raw\run_01\20260909.log
67688,2020-08-14,buy,True,107.037,106.919,107.037,106.919,106.945,106.948,False,False,False,2020-08-14T06:00:00,2020-08-14T03:00:00Z,summer_US_DST,6,3,6,CS	0	16:02:03.500	Trade	2020.08.14 06:00:00   buy stop 9.06 USDJPY.DWX at 107.037 sl: 106.919 (106.945 / 106.948),D:\QM\reports\work_items\2fc84747-27db-5e88-9568-3fdda6c30769\QM5_41398\20260909_135814\raw\run_01\20260909.log
67689,2020-08-14,sell,True,106.919,107.037,107.037,106.919,106.945,106.948,False,False,False,2020-08-14T06:00:00,2020-08-14T03:00:00Z,summer_US_DST,6,3,6,CS	0	16:02:03.501	Trade	2020.08.14 06:00:00   sell stop 9.07 USDJPY.DWX at 106.919 sl: 107.037 (106.945 / 106.948),D:\QM\reports\work_items\2fc84747-27db-5e88-9568-3fdda6c30769\QM5_41398\20260909_135814\raw\run_01\20260909.log
67709,2020-08-17,buy,True,106.654,106.457,106.654,106.457,106.547,106.550,False,False,False,2020-08-17T06:00:00,2020-08-17T03:00:00Z,summer_US_DST,6,3,6,CS	0	16:02:03.776	Trade	2020.08.17 06:00:00   buy stop 5.4 USDJPY.DWX at 106.654 sl: 106.457 (106.547 / 106.550),D:\QM\reports\work_items\2fc84747-27db-5e88-9568-3fdda6c30769\QM5_41398\20260909_135814\raw\run_01\20260909.log
67710,2020-08-17,sell,True,106.457,106.654,106.654,106.457,106.547,106.550,False,False,False,2020-08-17T06:00:00,2020-08-17T03:00:00Z,summer_US_DST,6,3,6,CS	0	16:02:03.776	Trade	2020.08.17 06:00:00   sell stop 5.41 USDJPY.DWX at 106.457 sl: 106.654 (106.547 / 106.550),D:\QM\reports\work_items\2fc84747-27db-5e88-9568-3fdda6c30769\QM5_41398\20260909_135814\raw\run_01\20260909.log
67723,2020-08-20,buy,True,106.216,106.019,106.216,106.019,106.083,106.086,False,False,False,2020-08-20T06:00:00,2020-08-20T03:00:00Z,summer_US_DST,6,3,6,CS	0	16:02:04.605	Trade	2020.08.20 06:00:00   buy stop 5.38 USDJPY.DWX at 106.216 sl: 106.019 (106.083 / 106.086),D:\QM\reports\work_items\2fc84747-27db-5e88-9568-3fdda6c30769\QM5_41398\20260909_135814\raw\run_01\20260909.log
67724,2020-08-20,sell,True,106.019,106.216,106.216,106.019,106.083,106.086,False,False,False,2020-08-20T06:00:00,2020-08-20T03:00:00Z,summer_US_DST,6,3,6,CS	0	16:02:04.606	Trade	2020.08.20 06:00:00   sell stop 5.39 USDJPY.DWX at 106.019 sl: 106.216 (106.083 / 106.086),D:\QM\reports\work_items\2fc84747-27db-5e88-9568-3fdda6c30769\QM5_41398\20260909_135814\raw\run_01\20260909.log
67736,2020-08-21,buy,True,105.755,105.622,105.755,105.622,105.657,105.660,False,False,False,2020-08-21T06:00:00,2020-08-21T03:00:00Z,summer_US_DST,6,3,6,CS	0	16:02:04.989	Trade	2020.08.21 06:00:00   buy stop 7.94 USDJPY.DWX at 105.755 sl: 105.622 (105.657 / 105.660),D:\QM\reports\work_items\2fc84747-27db-5e88-9568-3fdda6c30769\QM5_41398\20260909_135814\raw\run_01\20260909.log
67737,2020-08-21,sell,True,105.622,105.755,105.755,105.622,105.657,105.660,False,False,False,2020-08-21T06:00:00,2020-08-21T03:00:00Z,summer_US_DST,6,3,6,CS	0	16:02:04.989	Trade	2020.08.21 06:00:00   sell stop 7.95 USDJPY.DWX at 105.622 sl: 105.755 (105.657 / 105.660),D:\QM\reports\work_items\2fc84747-27db-5e88-9568-3fdda6c30769\QM5_41398\20260909_135814\raw\run_01\20260909.log
67750,2020-08-24,buy,True,105.941,105.687,105.941,105.687,105.810,105.812,False,False,False,2020-08-24T06:00:00,2020-08-24T03:00:00Z,summer_US_DST,6,3,6,CS	0	16:02:05.274	Trade	2020.08.24 06:00:00   buy stop 4.16 USDJPY.DWX at 105.941 sl: 105.687 (105.810 / 105.812),D:\QM\reports\work_items\2fc84747-27db-5e88-9568-3fdda6c30769\QM5_41398\20260909_135814\raw\run_01\20260909.log
67751,2020-08-24,sell,True,105.687,105.941,105.941,105.687,105.810,105.812,False,False,False,2020-08-24T06:00:00,2020-08-24T03:00:00Z,summer_US_DST,6,3,6,CS	0	16:02:05.275	Trade	2020.08.24 06:00:00   sell stop 4.17 USDJPY.DWX at 105.687 sl: 105.941 (105.810 / 105.812),D:\QM\reports\work_items\2fc84747-27db-5e88-9568-3fdda6c30769\QM5_41398\20260909_135814\raw\run_01\20260909.log
67754,2020-08-26,buy,True,106.556,106.390,106.556,106.390,106.476,106.480,False,False,False,2020-08-26T06:00:00,2020-08-26T03:00:00Z,summer_US_DST,6,3,6,CS	0	16:02:05.721	Trade	2020.08.26 06:00:00   buy stop 6.4 USDJPY.DWX at 106.556 sl: 106.390 (106.476 / 106.480),D:\QM\reports\work_items\2fc84747-27db-5e88-9568-3fdda6c30769\QM5_41398\20260909_135814\raw\run_01\20260909.log
67755,2020-08-26,sell,True,106.390,106.556,106.556,106.390,106.476,106.480,False,False,False,2020-08-26T06:00:00,2020-08-26T03:00:00Z,summer_US_DST,6,3,6,CS	0	16:02:05.722	Trade	2020.08.26 06:00:00   sell stop 6.41 USDJPY.DWX at 106.390 sl: 106.556 (106.476 / 106.480),D:\QM\reports\work_items\2fc84747-27db-5e88-9568-3fdda6c30769\QM5_41398\20260909_135814\raw\run_01\20260909.log
67768,2020-08-27,buy,True,106.075,105.802,106.075,105.802,106.005,106.008,False,False,False,2020-08-27T06:00:02,2020-08-27T03:00:02Z,summer_US_DST,6,3,6,CS	0	16:02:06.021	Trade	2020.08.27 06:00:02   buy stop 3.87 USDJPY.DWX at 106.075 sl: 105.802 (106.005 / 106.008),D:\QM\reports\work_items\2fc84747-27db-5e88-9568-3fdda6c30769\QM5_41398\20260909_135814\raw\run_01\20260909.log
67769,2020-08-27,sell,True,105.802,106.075,106.075,105.802,106.005,106.008,False,False,False,2020-08-27T06:00:02,2020-08-27T03:00:02Z,summer_US_DST,6,3,6,CS	0	16:02:06.021	Trade	2020.08.27 06:00:02   sell stop 3.88 USDJPY.DWX at 105.802 sl: 106.075 (106.005 / 106.008),D:\QM\reports\work_items\2fc84747-27db-5e88-9568-3fdda6c30769\QM5_41398\20260909_135814\raw\run_01\20260909.log
67779,2020-08-28,buy,True,106.837,106.604,106.837,106.604,106.796,106.799,False,False,False,2020-08-28T06:00:00,2020-08-28T03:00:00Z,summer_US_DST,6,3,6,CS	0	16:02:06.333	Trade	2020.08.28 06:00:00   buy stop 4.57 USDJPY.DWX at 106.837 sl: 106.604 (106.796 / 106.799),D:\QM\reports\work_items\2fc84747-27db-5e88-9568-3fdda6c30769\QM5_41398\20260909_135814\raw\run_01\20260909.log
67780,2020-08-28,sell,True,106.604,106.837,106.837,106.604,106.796,106.799,False,False,False,2020-08-28T06:00:00,2020-08-28T03:00:00Z,summer_US_DST,6,3,6,CS	0	16:02:06.333	Trade	2020.08.28 06:00:00   sell stop 4.58 USDJPY.DWX at 106.604 sl: 106.837 (106.796 / 106.799),D:\QM\reports\work_items\2fc84747-27db-5e88-9568-3fdda6c30769\QM5_41398\20260909_135814\raw\run_01\20260909.log
67790,2020-08-31,buy,True,105.611,105.290,105.611,105.290,105.513,105.515,False,False,False,2020-08-31T06:00:00,2020-08-31T03:00:00Z,summer_US_DST,6,3,6,CS	0	16:02:06.801	Trade	2020.08.31 06:00:00   buy stop 3.28 USDJPY.DWX at 105.611 sl: 105.290 (105.513 / 105.515),D:\QM\reports\work_items\2fc84747-27db-5e88-9568-3fdda6c30769\QM5_41398\20260909_135814\raw\run_01\20260909.log
67791,2020-08-31,sell,True,105.290,105.611,105.611,105.290,105.513,105.515,False,False,False,2020-08-31T06:00:00,2020-08-31T03:00:00Z,summer_US_DST,6,3,6,CS	0	16:02:06.802	Trade	2020.08.31 06:00:00   sell stop 3.29 USDJPY.DWX at 105.290 sl: 105.611 (105.513 / 105.515),D:\QM\reports\work_items\2fc84747-27db-5e88-9568-3fdda6c30769\QM5_41398\20260909_135814\raw\run_01\20260909.log
67807,2020-09-02,buy,True,106.129,105.852,106.129,105.852,106.035,106.038,False,False,False,2020-09-02T06:00:00,2020-09-02T03:00:00Z,summer_US_DST,6,3,6,CS	0	16:02:07.474	Trade	2020.09.02 06:00:00   buy stop 3.82 USDJPY.DWX at 106.129 sl: 105.852 (106.035 / 106.038),D:\QM\reports\work_items\2fc84747-27db-5e88-9568-3fdda6c30769\QM5_41398\20260909_135814\raw\run_01\20260909.log
67808,2020-09-02,sell,True,105.852,106.129,106.129,105.852,106.035,106.038,False,False,False,2020-09-02T06:00:00,2020-09-02T03:00:00Z,summer_US_DST,6,3,6,CS	0	16:02:07.474	Trade	2020.09.02 06:00:00   sell stop 3.83 USDJPY.DWX at 105.852 sl: 106.129 (106.035 / 106.038),D:\QM\reports\work_items\2fc84747-27db-5e88-9568-3fdda6c30769\QM5_41398\20260909_135814\raw\run_01\20260909.log
67818,2020-09-03,buy,True,106.264,106.181,106.264,106.181,106.234,106.237,False,False,False,2020-09-03T06:00:15,2020-09-03T03:00:15Z,summer_US_DST,6,3,6,CS	0	16:02:07.758	Trade	2020.09.03 06:00:15   buy stop 12.79 USDJPY.DWX at 106.264 sl: 106.181 (106.234 / 106.237),D:\QM\reports\work_items\2fc84747-27db-5e88-9568-3fdda6c30769\QM5_41398\20260909_135814\raw\run_01\20260909.log
67819,2020-09-03,sell,True,106.181,106.264,106.264,106.181,106.234,106.237,False,False,False,2020-09-03T06:00:15,2020-09-03T03:00:15Z,summer_US_DST,6,3,6,CS	0	16:02:07.759	Trade	2020.09.03 06:00:15   sell stop 12.8 USDJPY.DWX at 106.181 sl: 106.264 (106.234 / 106.237),D:\QM\reports\work_items\2fc84747-27db-5e88-9568-3fdda6c30769\QM5_41398\20260909_135814\raw\run_01\20260909.log
67829,2020-09-04,buy,False,106.221,106.063,106.221,106.063,,,,,True,2020-09-04T06:00:00,2020-09-04T03:00:00Z,summer_US_DST,6,3,6,CS	2	16:02:08.055	Trades	2020.09.04 06:00:00   failed buy stop 6.71 USDJPY.DWX at 106.221 sl: 106.063 [Invalid price],D:\QM\reports\work_items\2fc84747-27db-5e88-9568-3fdda6c30769\QM5_41398\20260909_135814\raw\run_01\20260909.log
67830,2020-09-04,sell,True,106.063,106.221,106.221,106.063,106.217,106.222,True,False,False,2020-09-04T06:00:00,2020-09-04T03:00:00Z,summer_US_DST,6,3,6,CS	0	16:02:08.056	Trade	2020.09.04 06:00:00   sell stop 6.72 USDJPY.DWX at 106.063 sl: 106.221 (106.217 / 106.222),D:\QM\reports\work_items\2fc84747-27db-5e88-9568-3fdda6c30769\QM5_41398\20260909_135814\raw\run_01\20260909.log
67832,2020-09-07,buy,True,106.385,106.216,106.385,106.216,106.270,106.275,False,False,False,2020-09-07T06:00:00,2020-09-07T03:00:00Z,summer_US_DST,6,3,6,CS	0	16:02:08.290	Trade	2020.09.07 06:00:00   buy stop 6.28 USDJPY.DWX at 106.385 sl: 106.216 (106.270 / 106.275),D:\QM\reports\work_items\2fc84747-27db-5e88-9568-3fdda6c30769\QM5_41398\20260909_135814\raw\run_01\20260909.log
67833,2020-09-07,sell,True,106.216,106.385,106.385,106.216,106.270,106.275,False,False,False,2020-09-07T06:00:00,2020-09-07T03:00:00Z,summer_US_DST,6,3,6,CS	0	16:02:08.290	Trade	2020.09.07 06:00:00   sell stop 6.29 USDJPY.DWX at 106.216 sl: 106.385 (106.270 / 106.275),D:\QM\reports\work_items\2fc84747-27db-5e88-9568-3fdda6c30769\QM5_41398\20260909_135814\raw\run_01\20260909.log
67843,2020-09-08,buy,True,106.314,106.240,106.314,106.240,106.271,106.274,False,False,False,2020-09-08T06:00:00,2020-09-08T03:00:00Z,summer_US_DST,6,3,6,CS	0	16:02:08.444	Trade	2020.09.08 06:00:00   buy stop 14.35 USDJPY.DWX at 106.314 sl: 106.240 (106.271 / 106.274),D:\QM\reports\work_items\2fc84747-27db-5e88-9568-3fdda6c30769\QM5_41398\20260909_135814\raw\run_01\20260909.log
67844,2020-09-08,sell,True,106.240,106.314,106.314,106.240,106.271,106.274,False,False,False,2020-09-08T06:00:00,2020-09-08T03:00:00Z,summer_US_DST,6,3,6,CS	0	16:02:08.444	Trade	2020.09.08 06:00:00   sell stop 14.36 USDJPY.DWX at 106.240 sl: 106.314 (106.271 / 106.274),D:\QM\reports\work_items\2fc84747-27db-5e88-9568-3fdda6c30769\QM5_41398\20260909_135814\raw\run_01\20260909.log
67854,2020-09-09,buy,True,105.991,105.868,105.991,105.868,105.938,105.943,False,False,False,2020-09-09T06:00:07,2020-09-09T03:00:07Z,summer_US_DST,6,3,6,CS	0	16:02:08.733	Trade	2020.09.09 06:00:07   buy stop 8.6 USDJPY.DWX at 105.991 sl: 105.868 (105.938 / 105.943),D:\QM\reports\work_items\2fc84747-27db-5e88-9568-3fdda6c30769\QM5_41398\20260909_135814\raw\run_01\20260909.log
67855,2020-09-09,sell,True,105.868,105.991,105.991,105.868,105.938,105.943,False,False,False,2020-09-09T06:00:07,2020-09-09T03:00:07Z,summer_US_DST,6,3,6,CS	0	16:02:08.734	Trade	2020.09.09 06:00:07   sell stop 8.61 USDJPY.DWX at 105.868 sl: 105.991 (105.938 / 105.943),D:\QM\reports\work_items\2fc84747-27db-5e88-9568-3fdda6c30769\QM5_41398\20260909_135814\raw\run_01\20260909.log
67865,2020-09-10,buy,True,106.302,106.134,106.302,106.134,106.135,106.140,False,False,False,2020-09-10T06:00:04,2020-09-10T03:00:04Z,summer_US_DST,6,3,6,CS	0	16:02:08.958	Trade	2020.09.10 06:00:04   buy stop 6.31 USDJPY.DWX at 106.302 sl: 106.134 (106.135 / 106.140),D:\QM\reports\work_items\2fc84747-27db-5e88-9568-3fdda6c30769\QM5_41398\20260909_135814\raw\run_01\20260909.log
67866,2020-09-10,sell,True,106.134,106.302,106.302,106.134,106.135,106.140,False,False,False,2020-09-10T06:00:04,2020-09-10T03:00:04Z,summer_US_DST,6,3,6,CS	0	16:02:08.958	Trade	2020.09.10 06:00:04   sell stop 6.32 USDJPY.DWX at 106.134 sl: 106.302 (106.135 / 106.140),D:\QM\reports\work_items\2fc84747-27db-5e88-9568-3fdda6c30769\QM5_41398\20260909_135814\raw\run_01\20260909.log
67876,2020-09-11,buy,True,106.206,106.078,106.206,106.078,106.190,106.192,False,False,False,2020-09-11T06:00:00,2020-09-11T03:00:00Z,summer_US_DST,6,3,6,CS	0	16:02:09.280	Trade	2020.09.11 06:00:00   buy stop 8.28 USDJPY.DWX at 106.206 sl: 106.078 (106.190 / 106.192),D:\QM\reports\work_items\2fc84747-27db-5e88-9568-3fdda6c30769\QM5_41398\20260909_135814\raw\run_01\20260909.log
67877,2020-09-11,sell,True,106.078,106.206,106.206,106.078,106.190,106.192,False,False,False,2020-09-11T06:00:00,2020-09-11T03:00:00Z,summer_US_DST,6,3,6,CS	0	16:02:09.281	Trade	2020.09.11 06:00:00   sell stop 8.29 USDJPY.DWX at 106.078 sl: 106.206 (106.190 / 106.192),D:\QM\reports\work_items\2fc84747-27db-5e88-9568-3fdda6c30769\QM5_41398\20260909_135814\raw\run_01\20260909.log
67887,2020-09-14,buy,True,106.165,106.096,106.165,106.096,106.102,106.107,False,False,False,2020-09-14T06:00:00,2020-09-14T03:00:00Z,summer_US_DST,6,3,6,CS	0	16:02:09.487	Trade	2020.09.14 06:00:00   buy stop 15.37 USDJPY.DWX at 106.165 sl: 106.096 (106.102 / 106.107),D:\QM\reports\work_items\2fc84747-27db-5e88-9568-3fdda6c30769\QM5_41398\20260909_135814\raw\run_01\20260909.log
67888,2020-09-14,sell,True,106.096,106.165,106.165,106.096,106.102,106.107,False,False,False,2020-09-14T06:00:00,2020-09-14T03:00:00Z,summer_US_DST,6,3,6,CS	0	16:02:09.487	Trade	2020.09.14 06:00:00   sell stop 15.38 USDJPY.DWX at 106.096 sl: 106.165 (106.102 / 106.107),D:\QM\reports\work_items\2fc84747-27db-5e88-9568-3fdda6c30769\QM5_41398\20260909_135814\raw\run_01\20260909.log
67901,2020-09-15,buy,True,105.748,105.606,105.748,105.606,105.679,105.683,False,False,False,2020-09-15T06:00:00,2020-09-15T03:00:00Z,summer_US_DST,6,3,6,CS	0	16:02:09.664	Trade	2020.09.15 06:00:00   buy stop 7.43 USDJPY.DWX at 105.748 sl: 105.606 (105.679 / 105.683),D:\QM\reports\work_items\2fc84747-27db-5e88-9568-3fdda6c30769\QM5_41398\20260909_135814\raw\run_01\20260909.log
67902,2020-09-15,sell,True,105.606,105.748,105.748,105.606,105.679,105.683,False,False,False,2020-09-15T06:00:00,2020-09-15T03:00:00Z,summer_US_DST,6,3,6,CS	0	16:02:09.664	Trade	2020.09.15 06:00:00   sell stop 7.44 USDJPY.DWX at 105.606 sl: 105.748 (105.679 / 105.683),D:\QM\reports\work_items\2fc84747-27db-5e88-9568-3fdda6c30769\QM5_41398\20260909_135814\raw\run_01\20260909.log
67912,2020-09-16,buy,True,105.402,105.255,105.402,105.255,105.287,105.291,False,False,False,2020-09-16T06:00:02,2020-09-16T03:00:02Z,summer_US_DST,6,3,6,CS	0	16:02:09.846	Trade	2020.09.16 06:00:02   buy stop 7.16 USDJPY.DWX at 105.402 sl: 105.255 (105.287 / 105.291),D:\QM\reports\work_items\2fc84747-27db-5e88-9568-3fdda6c30769\QM5_41398\20260909_135814\raw\run_01\20260909.log
67913,2020-09-16,sell,True,105.255,105.402,105.402,105.255,105.287,105.291,False,False,False,2020-09-16T06:00:02,2020-09-16T03:00:02Z,summer_US_DST,6,3,6,CS	0	16:02:09.846	Trade	2020.09.16 06:00:02   sell stop 7.17 USDJPY.DWX at 105.255 sl: 105.402 (105.287 / 105.291),D:\QM\reports\work_items\2fc84747-27db-5e88-9568-3fdda6c30769\QM5_41398\20260909_135814\raw\run_01\20260909.log
67923,2020-09-18,buy,True,104.870,104.674,104.870,104.674,104.855,104.857,False,False,False,2020-09-18T06:00:00,2020-09-18T03:00:00Z,summer_US_DST,6,3,6,CS	0	16:02:10.242	Trade	2020.09.18 06:00:00   buy stop 5.34 USDJPY.DWX at 104.870 sl: 104.674 (104.855 / 104.857),D:\QM\reports\work_items\2fc84747-27db-5e88-9568-3fdda6c30769\QM5_41398\20260909_135814\raw\run_01\20260909.log
67924,2020-09-18,sell,True,104.674,104.870,104.870,104.674,104.855,104.857,False,False,False,2020-09-18T06:00:00,2020-09-18T03:00:00Z,summer_US_DST,6,3,6,CS	0	16:02:10.242	Trade	2020.09.18 06:00:00   sell stop 5.35 USDJPY.DWX at 104.674 sl: 104.870 (104.855 / 104.857),D:\QM\reports\work_items\2fc84747-27db-5e88-9568-3fdda6c30769\QM5_41398\20260909_135814\raw\run_01\20260909.log
67939,2020-09-22,buy,True,104.751,104.460,104.751,104.460,104.514,104.517,False,False,False,2020-09-22T06:00:00,2020-09-22T03:00:00Z,summer_US_DST,6,3,6,CS	0	16:02:10.668	Trade	2020.09.22 06:00:00   buy stop 3.58 USDJPY.DWX at 104.751 sl: 104.460 (104.514 / 104.517),D:\QM\reports\work_items\2fc84747-27db-5e88-9568-3fdda6c30769\QM5_41398\20260909_135814\raw\run_01\20260909.log
67940,2020-09-22,sell,True,104.460,104.751,104.751,104.460,104.514,104.517,False,False,False,2020-09-22T06:00:00,2020-09-22T03:00:00Z,summer_US_DST,6,3,6,CS	0	16:02:10.669	Trade	2020.09.22 06:00:00   sell stop 3.59 USDJPY.DWX at 104.460 sl: 104.751 (104.514 / 104.517),D:\QM\reports\work_items\2fc84747-27db-5e88-9568-3fdda6c30769\QM5_41398\20260909_135814\raw\run_01\20260909.log
67950,2020-09-23,buy,True,105.197,105.010,105.197,105.010,105.082,105.084,False,False,False,2020-09-23T06:00:00,2020-09-23T03:00:00Z,summer_US_DST,6,3,6,CS	0	16:02:10.886	Trade	2020.09.23 06:00:00   buy stop 5.61 USDJPY.DWX at 105.197 sl: 105.010 (105.082 / 105.084),D:\QM\reports\work_items\2fc84747-27db-5e88-9568-3fdda6c30769\QM5_41398\20260909_135814\raw\run_01\20260909.log
67951,2020-09-23,sell,True,105.010,105.197,105.197,105.010,105.082,105.084,False,False,False,2020-09-23T06:00:00,2020-09-23T03:00:00Z,summer_US_DST,6,3,6,CS	0	16:02:10.886	Trade	2020.09.23 06:00:00   sell stop 5.62 USDJPY.DWX at 105.010 sl: 105.197 (105.082 / 105.084),D:\QM\reports\work_items\2fc84747-27db-5e88-9568-3fdda6c30769\QM5_41398\20260909_135814\raw\run_01\20260909.log
67961,2020-09-24,buy,True,105.476,105.294,105.476,105.294,105.414,105.417,False,False,False,2020-09-24T06:00:00,2020-09-24T03:00:00Z,summer_US_DST,6,3,6,CS	0	16:02:11.108	Trade	2020.09.24 06:00:00   buy stop 5.78 USDJPY.DWX at 105.476 sl: 105.294 (105.414 / 105.417),D:\QM\reports\work_items\2fc84747-27db-5e88-9568-3fdda6c30769\QM5_41398\20260909_135814\raw\run_01\20260909.log
67962,2020-09-24,sell,True,105.294,105.476,105.476,105.294,105.414,105.417,False,False,False,2020-09-24T06:00:00,2020-09-24T03:00:00Z,summer_US_DST,6,3,6,CS	0	16:02:11.108	Trade	2020.09.24 06:00:00   sell stop 5.79 USDJPY.DWX at 105.294 sl: 105.476 (105.414 / 105.417),D:\QM\reports\work_items\2fc84747-27db-5e88-9568-3fdda6c30769\QM5_41398\20260909_135814\raw\run_01\20260909.log
67972,2020-09-25,buy,True,105.543,105.435,105.543,105.435,105.462,105.464,False,False,False,2020-09-25T06:00:00,2020-09-25T03:00:00Z,summer_US_DST,6,3,6,CS	0	16:02:11.354	Trade	2020.09.25 06:00:00   buy stop 9.76 USDJPY.DWX at 105.543 sl: 105.435 (105.462 / 105.464),D:\QM\reports\work_items\2fc84747-27db-5e88-9568-3fdda6c30769\QM5_41398\20260909_135814\raw\run_01\20260909.log
67973,2020-09-25,sell,True,105.435,105.543,105.543,105.435,105.462,105.464,False,False,False,2020-09-25T06:00:00,2020-09-25T03:00:00Z,summer_US_DST,6,3,6,CS	0	16:02:11.354	Trade	2020.09.25 06:00:00   sell stop 9.77 USDJPY.DWX at 105.435 sl: 105.543 (105.462 / 105.464),D:\QM\reports\work_items\2fc84747-27db-5e88-9568-3fdda6c30769\QM5_41398\20260909_135814\raw\run_01\20260909.log
67986,2020-09-28,buy,True,105.592,105.321,105.592,105.321,105.332,105.333,False,False,False,2020-09-28T06:00:00,2020-09-28T03:00:00Z,summer_US_DST,6,3,6,CS	0	16:02:11.581	Trade	2020.09.28 06:00:00   buy stop 3.88 USDJPY.DWX at 105.592 sl: 105.321 (105.332 / 105.333),D:\QM\reports\work_items\2fc84747-27db-5e88-9568-3fdda6c30769\QM5_41398\20260909_135814\raw\run_01\20260909.log
67987,2020-09-28,sell,True,105.321,105.592,105.592,105.321,105.332,105.333,False,False,False,2020-09-28T06:00:00,2020-09-28T03:00:00Z,summer_US_DST,6,3,6,CS	0	16:02:11.581	Trade	2020.09.28 06:00:00   sell stop 3.89 USDJPY.DWX at 105.321 sl: 105.592 (105.332 / 105.333),D:\QM\reports\work_items\2fc84747-27db-5e88-9568-3fdda6c30769\QM5_41398\20260909_135814\raw\run_01\20260909.log
67997,2020-09-29,buy,True,105.546,105.342,105.546,105.342,105.516,105.519,False,False,False,2020-09-29T06:00:00,2020-09-29T03:00:00Z,summer_US_DST,6,3,6,CS	0	16:02:11.797	Trade	2020.09.29 06:00:00   buy stop 5.16 USDJPY.DWX at 105.546 sl: 105.342 (105.516 / 105.519),D:\QM\reports\work_items\2fc84747-27db-5e88-9568-3fdda6c30769\QM5_41398\20260909_135814\raw\run_01\20260909.log
67998,2020-09-29,sell,True,105.342,105.546,105.546,105.342,105.516,105.519,False,False,False,2020-09-29T06:00:00,2020-09-29T03:00:00Z,summer_US_DST,6,3,6,CS	0	16:02:11.797	Trade	2020.09.29 06:00:00   sell stop 5.17 USDJPY.DWX at 105.342 sl: 105.546 (105.516 / 105.519),D:\QM\reports\work_items\2fc84747-27db-5e88-9568-3fdda6c30769\QM5_41398\20260909_135814\raw\run_01\20260909.log
68008,2020-10-01,buy,True,105.550,105.440,105.550,105.440,105.460,105.464,False,False,False,2020-10-01T06:00:00,2020-10-01T03:00:00Z,summer_US_DST,6,3,6,CS	0	16:02:12.332	Trade	2020.10.01 06:00:00   buy stop 9.58 USDJPY.DWX at 105.550 sl: 105.440 (105.460 / 105.464),D:\QM\reports\work_items\2fc84747-27db-5e88-9568-3fdda6c30769\QM5_41398\20260909_135814\raw\run_01\20260909.log
68009,2020-10-01,sell,True,105.440,105.550,105.550,105.440,105.460,105.464,False,False,False,2020-10-01T06:00:00,2020-10-01T03:00:00Z,summer_US_DST,6,3,6,CS	0	16:02:12.333	Trade	2020.10.01 06:00:00   sell stop 9.59 USDJPY.DWX at 105.440 sl: 105.550 (105.460 / 105.464),D:\QM\reports\work_items\2fc84747-27db-5e88-9568-3fdda6c30769\QM5_41398\20260909_135814\raw\run_01\20260909.log
68019,2020-10-02,buy,True,105.633,105.513,105.633,105.513,105.626,105.629,False,False,False,2020-10-02T06:00:00,2020-10-02T03:00:00Z,summer_US_DST,6,3,6,CS	0	16:02:12.606	Trade	2020.10.02 06:00:00   buy stop 8.79 USDJPY.DWX at 105.633 sl: 105.513 (105.626 / 105.629),D:\QM\reports\work_items\2fc84747-27db-5e88-9568-3fdda6c30769\QM5_41398\20260909_135814\raw\run_01\20260909.log
68020,2020-10-02,sell,True,105.513,105.633,105.633,105.513,105.626,105.629,False,False,False,2020-10-02T06:00:00,2020-10-02T03:00:00Z,summer_US_DST,6,3,6,CS	0	16:02:12.606	Trade	2020.10.02 06:00:00   sell stop 8.8 USDJPY.DWX at 105.513 sl: 105.633 (105.626 / 105.629),D:\QM\reports\work_items\2fc84747-27db-5e88-9568-3fdda6c30769\QM5_41398\20260909_135814\raw\run_01\20260909.log
68030,2020-10-05,buy,True,105.605,105.494,105.605,105.494,105.553,105.555,False,False,False,2020-10-05T06:00:00,2020-10-05T03:00:00Z,summer_US_DST,6,3,6,CS	0	16:02:12.949	Trade	2020.10.05 06:00:00   buy stop 9.5 USDJPY.DWX at 105.605 sl: 105.494 (105.553 / 105.555),D:\QM\reports\work_items\2fc84747-27db-5e88-9568-3fdda6c30769\QM5_41398\20260909_135814\raw\run_01\20260909.log
68031,2020-10-05,sell,True,105.494,105.605,105.605,105.494,105.553,105.555,False,False,False,2020-10-05T06:00:00,2020-10-05T03:00:00Z,summer_US_DST,6,3,6,CS	0	16:02:12.949	Trade	2020.10.05 06:00:00   sell stop 9.51 USDJPY.DWX at 105.494 sl: 105.605 (105.553 / 105.555),D:\QM\reports\work_items\2fc84747-27db-5e88-9568-3fdda6c30769\QM5_41398\20260909_135814\raw\run_01\20260909.log
68041,2020-10-06,buy,True,105.744,105.613,105.744,105.613,105.677,105.681,False,False,False,2020-10-06T06:00:00,2020-10-06T03:00:00Z,summer_US_DST,6,3,6,CS	0	16:02:13.232	Trade	2020.10.06 06:00:00   buy stop 8.06 USDJPY.DWX at 105.744 sl: 105.613 (105.677 / 105.681),D:\QM\reports\work_items\2fc84747-27db-5e88-9568-3fdda6c30769\QM5_41398\20260909_135814\raw\run_01\20260909.log
68042,2020-10-06,sell,True,105.613,105.744,105.744,105.613,105.677,105.681,False,False,False,2020-10-06T06:00:00,2020-10-06T03:00:00Z,summer_US_DST,6,3,6,CS	0	16:02:13.233	Trade	2020.10.06 06:00:00   sell stop 8.07 USDJPY.DWX at 105.613 sl: 105.744 (105.677 / 105.681),D:\QM\reports\work_items\2fc84747-27db-5e88-9568-3fdda6c30769\QM5_41398\20260909_135814\raw\run_01\20260909.log
68052,2020-10-07,buy,True,105.695,105.628,105.695,105.628,105.656,105.659,False,False,False,2020-10-07T06:00:00,2020-10-07T03:00:00Z,summer_US_DST,6,3,6,CS	0	16:02:13.555	Trade	2020.10.07 06:00:00   buy stop 15.76 USDJPY.DWX at 105.695 sl: 105.628 (105.656 / 105.659),D:\QM\reports\work_items\2fc84747-27db-5e88-9568-3fdda6c30769\QM5_41398\20260909_135814\raw\run_01\20260909.log
68053,2020-10-07,sell,True,105.628,105.695,105.695,105.628,105.656,105.659,False,False,False,2020-10-07T06:00:00,2020-10-07T03:00:00Z,summer_US_DST,6,3,6,CS	0	16:02:13.555	Trade	2020.10.07 06:00:00   sell stop 15.77 USDJPY.DWX at 105.628 sl: 105.695 (105.656 / 105.659),D:\QM\reports\work_items\2fc84747-27db-5e88-9568-3fdda6c30769\QM5_41398\20260909_135814\raw\run_01\20260909.log
68070,2020-10-08,buy,True,106.109,105.949,106.109,105.949,105.993,105.995,False,False,False,2020-10-08T06:00:00,2020-10-08T03:00:00Z,summer_US_DST,6,3,6,CS	0	16:02:13.910	Trade	2020.10.08 06:00:00   buy stop 6.62 USDJPY.DWX at 106.109 sl: 105.949 (105.993 / 105.995),D:\QM\reports\work_items\2fc84747-27db-5e88-9568-3fdda6c30769\QM5_41398\20260909_135814\raw\run_01\20260909.log
68071,2020-10-08,sell,True,105.949,106.109,106.109,105.949,105.993,105.995,False,False,False,2020-10-08T06:00:00,2020-10-08T03:00:00Z,summer_US_DST,6,3,6,CS	0	16:02:13.910	Trade	2020.10.08 06:00:00   sell stop 6.63 USDJPY.DWX at 105.949 sl: 106.109 (105.993 / 105.995),D:\QM\reports\work_items\2fc84747-27db-5e88-9568-3fdda6c30769\QM5_41398\20260909_135814\raw\run_01\20260909.log
68081,2020-10-12,buy,True,105.658,105.529,105.658,105.529,105.534,105.538,False,False,False,2020-10-12T06:00:00,2020-10-12T03:00:00Z,summer_US_DST,6,3,6,CS	0	16:02:14.424	Trade	2020.10.12 06:00:00   buy stop 8.18 USDJPY.DWX at 105.658 sl: 105.529 (105.534 / 105.538),D:\QM\reports\work_items\2fc84747-27db-5e88-9568-3fdda6c30769\QM5_41398\20260909_135814\raw\run_01\20260909.log
68082,2020-10-12,sell,True,105.529,105.658,105.658,105.529,105.534,105.538,False,False,False,2020-10-12T06:00:00,2020-10-12T03:00:00Z,summer_US_DST,6,3,6,CS	0	16:02:14.424	Trade	2020.10.12 06:00:00   sell stop 8.19 USDJPY.DWX at 105.529 sl: 105.658 (105.534 / 105.538),D:\QM\reports\work_items\2fc84747-27db-5e88-9568-3fdda6c30769\QM5_41398\20260909_135814\raw\run_01\20260909.log
68096,2020-10-13,buy,True,105.404,105.281,105.404,105.281,105.370,105.372,False,False,False,2020-10-13T06:00:05,2020-10-13T03:00:05Z,summer_US_DST,6,3,6,CS	0	16:02:14.707	Trade	2020.10.13 06:00:05   buy stop 8.55 USDJPY.DWX at 105.404 sl: 105.281 (105.370 / 105.372),D:\QM\reports\work_items\2fc84747-27db-5e88-9568-3fdda6c30769\QM5_41398\20260909_135814\raw\run_01\20260909.log
68097,2020-10-13,sell,True,105.281,105.404,105.404,105.281,105.370,105.372,False,False,False,2020-10-13T06:00:05,2020-10-13T03:00:05Z,summer_US_DST,6,3,6,CS	0	16:02:14.707	Trade	2020.10.13 06:00:05   sell stop 8.56 USDJPY.DWX at 105.281 sl: 105.404 (105.370 / 105.372),D:\QM\reports\work_items\2fc84747-27db-5e88-9568-3fdda6c30769\QM5_41398\20260909_135814\raw\run_01\20260909.log
68109,2020-10-15,buy,True,105.298,105.118,105.298,105.118,105.267,105.269,False,False,False,2020-10-15T06:00:00,2020-10-15T03:00:00Z,summer_US_DST,6,3,6,CS	0	16:02:15.261	Trade	2020.10.15 06:00:00   buy stop 5.83 USDJPY.DWX at 105.298 sl: 105.118 (105.267 / 105.269),D:\QM\reports\work_items\2fc84747-27db-5e88-9568-3fdda6c30769\QM5_41398\20260909_135814\raw\run_01\20260909.log
68110,2020-10-15,sell,True,105.118,105.298,105.298,105.118,105.267,105.269,False,False,False,2020-10-15T06:00:00,2020-10-15T03:00:00Z,summer_US_DST,6,3,6,CS	0	16:02:15.261	Trade	2020.10.15 06:00:00   sell stop 5.85 USDJPY.DWX at 105.118 sl: 105.298 (105.267 / 105.269),D:\QM\reports\work_items\2fc84747-27db-5e88-9568-3fdda6c30769\QM5_41398\20260909_135814\raw\run_01\20260909.log
68120,2020-10-16,buy,True,105.429,105.241,105.429,105.241,105.277,105.280,False,False,False,2020-10-16T06:00:00,2020-10-16T03:00:00Z,summer_US_DST,6,3,6,CS	0	16:02:15.597	Trade	2020.10.16 06:00:00   buy stop 5.59 USDJPY.DWX at 105.429 sl: 105.241 (105.277 / 105.280),D:\QM\reports\work_items\2fc84747-27db-5e88-9568-3fdda6c30769\QM5_41398\20260909_135814\raw\run_01\20260909.log
68121,2020-10-16,sell,True,105.241,105.429,105.429,105.241,105.277,105.280,False,False,False,2020-10-16T06:00:00,2020-10-16T03:00:00Z,summer_US_DST,6,3,6,CS	0	16:02:15.597	Trade	2020.10.16 06:00:00   sell stop 5.6 USDJPY.DWX at 105.241 sl: 105.429 (105.277 / 105.280),D:\QM\reports\work_items\2fc84747-27db-5e88-9568-3fdda6c30769\QM5_41398\20260909_135814\raw\run_01\20260909.log
68131,2020-10-19,buy,True,105.501,105.352,105.501,105.352,105.388,105.390,False,False,False,2020-10-19T06:00:01,2020-10-19T03:00:01Z,summer_US_DST,6,3,6,CS	0	16:02:15.917	Trade	2020.10.19 06:00:01   buy stop 7.07 USDJPY.DWX at 105.501 sl: 105.352 (105.388 / 105.390),D:\QM\reports\work_items\2fc84747-27db-5e88-9568-3fdda6c30769\QM5_41398\20260909_135814\raw\run_01\20260909.log
68132,2020-10-19,sell,True,105.352,105.501,105.501,105.352,105.388,105.390,False,False,False,2020-10-19T06:00:01,2020-10-19T03:00:01Z,summer_US_DST,6,3,6,CS	0	16:02:15.918	Trade	2020.10.19 06:00:01   sell stop 7.08 USDJPY.DWX at 105.352 sl: 105.501 (105.388 / 105.390),D:\QM\reports\work_items\2fc84747-27db-5e88-9568-3fdda6c30769\QM5_41398\20260909_135814\raw\run_01\20260909.log
68142,2020-10-20,buy,True,105.616,105.450,105.616,105.450,105.518,105.521,False,False,False,2020-10-20T06:00:00,2020-10-20T03:00:00Z,summer_US_DST,6,3,6,CS	0	16:02:16.162	Trade	2020.10.20 06:00:00   buy stop 6.35 USDJPY.DWX at 105.616 sl: 105.450 (105.518 / 105.521),D:\QM\reports\work_items\2fc84747-27db-5e88-9568-3fdda6c30769\QM5_41398\20260909_135814\raw\run_01\20260909.log
68143,2020-10-20,sell,True,105.450,105.616,105.616,105.450,105.518,105.521,False,False,False,2020-10-20T06:00:00,2020-10-20T03:00:00Z,summer_US_DST,6,3,6,CS	0	16:02:16.162	Trade	2020.10.20 06:00:00   sell stop 6.36 USDJPY.DWX at 105.450 sl: 105.616 (105.518 / 105.521),D:\QM\reports\work_items\2fc84747-27db-5e88-9568-3fdda6c30769\QM5_41398\20260909_135814\raw\run_01\20260909.log
68153,2020-10-21,buy,True,105.489,105.351,105.489,105.351,105.377,105.381,False,False,False,2020-10-21T06:00:00,2020-10-21T03:00:00Z,summer_US_DST,6,3,6,CS	0	16:02:16.422	Trade	2020.10.21 06:00:00   buy stop 7.63 USDJPY.DWX at 105.489 sl: 105.351 (105.377 / 105.381),D:\QM\reports\work_items\2fc84747-27db-5e88-9568-3fdda6c30769\QM5_41398\20260909_135814\raw\run_01\20260909.log
68154,2020-10-21,sell,True,105.351,105.489,105.489,105.351,105.377,105.381,False,False,False,2020-10-21T06:00:00,2020-10-21T03:00:00Z,summer_US_DST,6,3,6,CS	0	16:02:16.422	Trade	2020.10.21 06:00:00   sell stop 7.64 USDJPY.DWX at 105.351 sl: 105.489 (105.377 / 105.381),D:\QM\reports\work_items\2fc84747-27db-5e88-9568-3fdda6c30769\QM5_41398\20260909_135814\raw\run_01\20260909.log
68171,2020-10-22,buy,True,104.752,104.591,104.752,104.591,104.740,104.743,False,False,False,2020-10-22T06:00:00,2020-10-22T03:00:00Z,summer_US_DST,6,3,6,CS	0	16:02:16.762	Trade	2020.10.22 06:00:00   buy stop 6.49 USDJPY.DWX at 104.752 sl: 104.591 (104.740 / 104.743),D:\QM\reports\work_items\2fc84747-27db-5e88-9568-3fdda6c30769\QM5_41398\20260909_135814\raw\run_01\20260909.log
68172,2020-10-22,sell,True,104.591,104.752,104.752,104.591,104.740,104.743,False,False,False,2020-10-22T06:00:00,2020-10-22T03:00:00Z,summer_US_DST,6,3,6,CS	0	16:02:16.763	Trade	2020.10.22 06:00:00   sell stop 6.5 USDJPY.DWX at 104.591 sl: 104.752 (104.740 / 104.743),D:\QM\reports\work_items\2fc84747-27db-5e88-9568-3fdda6c30769\QM5_41398\20260909_135814\raw\run_01\20260909.log
68182,2020-10-27,buy,True,104.838,104.697,104.838,104.697,104.711,104.715,False,False,False,2020-10-27T06:00:00,2020-10-27T03:00:00Z,summer_US_DST,6,3,6,CS	0	16:02:17.341	Trade	2020.10.27 06:00:00   buy stop 7.42 USDJPY.DWX at 104.838 sl: 104.697 (104.711 / 104.715),D:\QM\reports\work_items\2fc84747-27db-5e88-9568-3fdda6c30769\QM5_41398\20260909_135814\raw\run_01\20260909.log
68183,2020-10-27,sell,True,104.697,104.838,104.838,104.697,104.711,104.715,False,False,False,2020-10-27T06:00:00,2020-10-27T03:00:00Z,summer_US_DST,6,3,6,CS	0	16:02:17.341	Trade	2020.10.27 06:00:00   sell stop 7.43 USDJPY.DWX at 104.697 sl: 104.838 (104.711 / 104.715),D:\QM\reports\work_items\2fc84747-27db-5e88-9568-3fdda6c30769\QM5_41398\20260909_135814\raw\run_01\20260909.log
68193,2020-10-30,buy,True,104.615,104.434,104.615,104.434,104.459,104.461,False,False,False,2020-10-30T06:00:01,2020-10-30T03:00:01Z,summer_US_DST,6,3,6,CS	0	16:02:17.838	Trade	2020.10.30 06:00:01   buy stop 5.76 USDJPY.DWX at 104.615 sl: 104.434 (104.459 / 104.461),D:\QM\reports\work_items\2fc84747-27db-5e88-9568-3fdda6c30769\QM5_41398\20260909_135814\raw\run_01\20260909.log
68194,2020-10-30,sell,True,104.434,104.615,104.615,104.434,104.459,104.461,False,False,False,2020-10-30T06:00:01,2020-10-30T03:00:01Z,summer_US_DST,6,3,6,CS	0	16:02:17.839	Trade	2020.10.30 06:00:01   sell stop 5.77 USDJPY.DWX at 104.434 sl: 104.615 (104.459 / 104.461),D:\QM\reports\work_items\2fc84747-27db-5e88-9568-3fdda6c30769\QM5_41398\20260909_135814\raw\run_01\20260909.log
68207,2020-11-02,buy,True,104.764,104.580,104.764,104.580,104.661,104.664,False,False,False,2020-11-02T05:00:00,2020-11-02T03:00:00Z,winter_US_standard,5,3,6,CS	0	16:02:18.042	Trade	2020.11.02 05:00:00   buy stop 5.68 USDJPY.DWX at 104.764 sl: 104.580 (104.661 / 104.664),D:\QM\reports\work_items\2fc84747-27db-5e88-9568-3fdda6c30769\QM5_41398\20260909_135814\raw\run_01\20260909.log
68208,2020-11-02,sell,True,104.580,104.764,104.764,104.580,104.661,104.664,False,False,False,2020-11-02T05:00:00,2020-11-02T03:00:00Z,winter_US_standard,5,3,6,CS	0	16:02:18.043	Trade	2020.11.02 05:00:00   sell stop 5.69 USDJPY.DWX at 104.580 sl: 104.764 (104.661 / 104.664),D:\QM\reports\work_items\2fc84747-27db-5e88-9568-3fdda6c30769\QM5_41398\20260909_135814\raw\run_01\20260909.log
68221,2020-11-03,buy,True,104.800,104.677,104.800,104.677,104.715,104.718,False,False,False,2020-11-03T05:00:02,2020-11-03T03:00:02Z,winter_US_standard,5,3,6,CS	0	16:02:18.200	Trade	2020.11.03 05:00:02   buy stop 8.51 USDJPY.DWX at 104.800 sl: 104.677 (104.715 / 104.718),D:\QM\reports\work_items\2fc84747-27db-5e88-9568-3fdda6c30769\QM5_41398\20260909_135814\raw\run_01\20260909.log
68222,2020-11-03,sell,True,104.677,104.800,104.800,104.677,104.715,104.718,False,False,False,2020-11-03T05:00:02,2020-11-03T03:00:02Z,winter_US_standard,5,3,6,CS	0	16:02:18.200	Trade	2020.11.03 05:00:02   sell stop 8.52 USDJPY.DWX at 104.677 sl: 104.800 (104.715 / 104.718),D:\QM\reports\work_items\2fc84747-27db-5e88-9568-3fdda6c30769\QM5_41398\20260909_135814\raw\run_01\20260909.log
68235,2020-11-05,buy,True,104.449,104.218,104.449,104.218,104.256,104.260,False,False,False,2020-11-05T05:00:01,2020-11-05T03:00:01Z,winter_US_standard,5,3,6,CS	0	16:02:18.983	Trade	2020.11.05 05:00:01   buy stop 4.51 USDJPY.DWX at 104.449 sl: 104.218 (104.256 / 104.260),D:\QM\reports\work_items\2fc84747-27db-5e88-9568-3fdda6c30769\QM5_41398\20260909_135814\raw\run_01\20260909.log
68236,2020-11-05,sell,True,104.218,104.449,104.449,104.218,104.256,104.260,False,False,False,2020-11-05T05:00:01,2020-11-05T03:00:01Z,winter_US_standard,5,3,6,CS	0	16:02:18.983	Trade	2020.11.05 05:00:01   sell stop 4.52 USDJPY.DWX at 104.218 sl: 104.449 (104.256 / 104.260),D:\QM\reports\work_items\2fc84747-27db-5e88-9568-3fdda6c30769\QM5_41398\20260909_135814\raw\run_01\20260909.log
68246,2020-11-06,buy,True,103.759,103.491,103.759,103.491,103.535,103.538,False,False,False,2020-11-06T05:00:00,2020-11-06T03:00:00Z,winter_US_standard,5,3,6,CS	0	16:02:19.364	Trade	2020.11.06 05:00:00   buy stop 3.86 USDJPY.DWX at 103.759 sl: 103.491 (103.535 / 103.538),D:\QM\reports\work_items\2fc84747-27db-5e88-9568-3fdda6c30769\QM5_41398\20260909_135814\raw\run_01\20260909.log
68247,2020-11-06,sell,True,103.491,103.759,103.759,103.491,103.535,103.538,False,False,False,2020-11-06T05:00:00,2020-11-06T03:00:00Z,winter_US_standard,5,3,6,CS	0	16:02:19.365	Trade	2020.11.06 05:00:00   sell stop 3.87 USDJPY.DWX at 103.491 sl: 103.759 (103.535 / 103.538),D:\QM\reports\work_items\2fc84747-27db-5e88-9568-3fdda6c30769\QM5_41398\20260909_135814\raw\run_01\20260909.log
68260,2020-11-09,buy,True,103.409,103.238,103.409,103.238,103.390,103.392,False,False,False,2020-11-09T05:00:00,2020-11-09T03:00:00Z,winter_US_standard,5,3,6,CS	0	16:02:19.796	Trade	2020.11.09 05:00:00   buy stop 6.03 USDJPY.DWX at 103.409 sl: 103.238 (103.390 / 103.392),D:\QM\reports\work_items\2fc84747-27db-5e88-9568-3fdda6c30769\QM5_41398\20260909_135814\raw\run_01\20260909.log
68261,2020-11-09,sell,True,103.238,103.409,103.409,103.238,103.390,103.392,False,False,False,2020-11-09T05:00:00,2020-11-09T03:00:00Z,winter_US_standard,5,3,6,CS	0	16:02:19.796	Trade	2020.11.09 05:00:00   sell stop 6.04 USDJPY.DWX at 103.238 sl: 103.409 (103.390 / 103.392),D:\QM\reports\work_items\2fc84747-27db-5e88-9568-3fdda6c30769\QM5_41398\20260909_135814\raw\run_01\20260909.log
68276,2020-11-10,buy,True,105.262,104.838,105.262,104.838,104.910,104.912,False,False,False,2020-11-10T05:00:00,2020-11-10T03:00:00Z,winter_US_standard,5,3,6,CS	0	16:02:20.390	Trade	2020.11.10 05:00:00   buy stop 2.47 USDJPY.DWX at 105.262 sl: 104.838 (104.910 / 104.912),D:\QM\reports\work_items\2fc84747-27db-5e88-9568-3fdda6c30769\QM5_41398\20260909_135814\raw\run_01\20260909.log
68277,2020-11-10,sell,True,104.838,105.262,105.262,104.838,104.910,104.912,False,False,False,2020-11-10T05:00:00,2020-11-10T03:00:00Z,winter_US_standard,5,3,6,CS	0	16:02:20.391	Trade	2020.11.10 05:00:00   sell stop 2.48 USDJPY.DWX at 104.838 sl: 105.262 (104.910 / 104.912),D:\QM\reports\work_items\2fc84747-27db-5e88-9568-3fdda6c30769\QM5_41398\20260909_135814\raw\run_01\20260909.log
68287,2020-11-11,buy,True,105.281,105.005,105.281,105.005,105.146,105.147,False,False,False,2020-11-11T05:00:00,2020-11-11T03:00:00Z,winter_US_standard,5,3,6,CS	0	16:02:20.695	Trade	2020.11.11 05:00:00   buy stop 3.8 USDJPY.DWX at 105.281 sl: 105.005 (105.146 / 105.147),D:\QM\reports\work_items\2fc84747-27db-5e88-9568-3fdda6c30769\QM5_41398\20260909_135814\raw\run_01\20260909.log
68288,2020-11-11,sell,True,105.005,105.281,105.281,105.005,105.146,105.147,False,False,False,2020-11-11T05:00:00,2020-11-11T03:00:00Z,winter_US_standard,5,3,6,CS	0	16:02:20.695	Trade	2020.11.11 05:00:00   sell stop 3.81 USDJPY.DWX at 105.005 sl: 105.281 (105.146 / 105.147),D:\QM\reports\work_items\2fc84747-27db-5e88-9568-3fdda6c30769\QM5_41398\20260909_135814\raw\run_01\20260909.log
68298,2020-11-13,buy,True,105.118,104.856,105.118,104.856,104.900,104.903,False,False,False,2020-11-13T05:00:00,2020-11-13T03:00:00Z,winter_US_standard,5,3,6,CS	0	16:02:21.142	Trade	2020.11.13 05:00:00   buy stop 4 USDJPY.DWX at 105.118 sl: 104.856 (104.900 / 104.903),D:\QM\reports\work_items\2fc84747-27db-5e88-9568-3fdda6c30769\QM5_41398\20260909_135814\raw\run_01\20260909.log
68299,2020-11-13,sell,True,104.856,105.118,105.118,104.856,104.900,104.903,False,False,False,2020-11-13T05:00:00,2020-11-13T03:00:00Z,winter_US_standard,5,3,6,CS	0	16:02:21.142	Trade	2020.11.13 05:00:00   sell stop 4.01 USDJPY.DWX at 104.856 sl: 105.118 (104.900 / 104.903),D:\QM\reports\work_items\2fc84747-27db-5e88-9568-3fdda6c30769\QM5_41398\20260909_135814\raw\run_01\20260909.log
68309,2020-11-16,buy,True,104.721,104.500,104.721,104.500,104.531,104.534,False,False,False,2020-11-16T05:00:00,2020-11-16T03:00:00Z,winter_US_standard,5,3,6,CS	0	16:02:21.309	Trade	2020.11.16 05:00:00   buy stop 4.72 USDJPY.DWX at 104.721 sl: 104.500 (104.531 / 104.534),D:\QM\reports\work_items\2fc84747-27db-5e88-9568-3fdda6c30769\QM5_41398\20260909_135814\raw\run_01\20260909.log
68310,2020-11-16,sell,True,104.500,104.721,104.721,104.500,104.531,104.534,False,False,False,2020-11-16T05:00:00,2020-11-16T03:00:00Z,winter_US_standard,5,3,6,CS	0	16:02:21.309	Trade	2020.11.16 05:00:00   sell stop 4.73 USDJPY.DWX at 104.500 sl: 104.721 (104.531 / 104.534),D:\QM\reports\work_items\2fc84747-27db-5e88-9568-3fdda6c30769\QM5_41398\20260909_135814\raw\run_01\20260909.log
68320,2020-11-17,buy,True,104.550,104.421,104.550,104.421,104.494,104.496,False,False,False,2020-11-17T05:00:02,2020-11-17T03:00:02Z,winter_US_standard,5,3,6,CS	0	16:02:21.600	Trade	2020.11.17 05:00:02   buy stop 8.09 USDJPY.DWX at 104.550 sl: 104.421 (104.494 / 104.496),D:\QM\reports\work_items\2fc84747-27db-5e88-9568-3fdda6c30769\QM5_41398\20260909_135814\raw\run_01\20260909.log
68321,2020-11-17,sell,True,104.421,104.550,104.550,104.421,104.494,104.496,False,False,False,2020-11-17T05:00:02,2020-11-17T03:00:02Z,winter_US_standard,5,3,6,CS	0	16:02:21.600	Trade	2020.11.17 05:00:02   sell stop 8.1 USDJPY.DWX at 104.421 sl: 104.550 (104.494 / 104.496),D:\QM\reports\work_items\2fc84747-27db-5e88-9568-3fdda6c30769\QM5_41398\20260909_135814\raw\run_01\20260909.log
68331,2020-11-18,buy,True,104.175,104.037,104.175,104.037,104.105,104.108,False,False,False,2020-11-18T05:00:03,2020-11-18T03:00:03Z,winter_US_standard,5,3,6,CS	0	16:02:21.786	Trade	2020.11.18 05:00:03   buy stop 7.53 USDJPY.DWX at 104.175 sl: 104.037 (104.105 / 104.108),D:\QM\reports\work_items\2fc84747-27db-5e88-9568-3fdda6c30769\QM5_41398\20260909_135814\raw\run_01\20260909.log
68332,2020-11-18,sell,True,104.037,104.175,104.175,104.037,104.105,104.108,False,False,False,2020-11-18T05:00:03,2020-11-18T03:00:03Z,winter_US_standard,5,3,6,CS	0	16:02:21.786	Trade	2020.11.18 05:00:03   sell stop 7.54 USDJPY.DWX at 104.037 sl: 104.175 (104.105 / 104.108),D:\QM\reports\work_items\2fc84747-27db-5e88-9568-3fdda6c30769\QM5_41398\20260909_135814\raw\run_01\20260909.log
68347,2020-11-19,buy,True,103.983,103.776,103.983,103.776,103.781,103.785,False,False,False,2020-11-19T05:00:02,2020-11-19T03:00:02Z,winter_US_standard,5,3,6,CS	0	16:02:22.065	Trade	2020.11.19 05:00:02   buy stop 5.01 USDJPY.DWX at 103.983 sl: 103.776 (103.781 / 103.785),D:\QM\reports\work_items\2fc84747-27db-5e88-9568-3fdda6c30769\QM5_41398\20260909_135814\raw\run_01\20260909.log
68348,2020-11-19,sell,True,103.776,103.983,103.983,103.776,103.781,103.785,False,False,False,2020-11-19T05:00:02,2020-11-19T03:00:02Z,winter_US_standard,5,3,6,CS	0	16:02:22.065	Trade	2020.11.19 05:00:02   sell stop 5.02 USDJPY.DWX at 103.776 sl: 103.983 (103.781 / 103.785),D:\QM\reports\work_items\2fc84747-27db-5e88-9568-3fdda6c30769\QM5_41398\20260909_135814\raw\run_01\20260909.log
68358,2020-11-20,buy,True,103.910,103.768,103.910,103.768,103.830,103.832,False,False,False,2020-11-20T05:00:00,2020-11-20T03:00:00Z,winter_US_standard,5,3,6,CS	0	16:02:22.300	Trade	2020.11.20 05:00:00   buy stop 7.3 USDJPY.DWX at 103.910 sl: 103.768 (103.830 / 103.832),D:\QM\reports\work_items\2fc84747-27db-5e88-9568-3fdda6c30769\QM5_41398\20260909_135814\raw\run_01\20260909.log
68359,2020-11-20,sell,True,103.768,103.910,103.910,103.768,103.830,103.832,False,False,False,2020-11-20T05:00:00,2020-11-20T03:00:00Z,winter_US_standard,5,3,6,CS	0	16:02:22.301	Trade	2020.11.20 05:00:00   sell stop 7.31 USDJPY.DWX at 103.768 sl: 103.910 (103.830 / 103.832),D:\QM\reports\work_items\2fc84747-27db-5e88-9568-3fdda6c30769\QM5_41398\20260909_135814\raw\run_01\20260909.log
68369,2020-11-23,buy,True,103.852,103.716,103.852,103.716,103.738,103.741,False,False,False,2020-11-23T05:00:00,2020-11-23T03:00:00Z,winter_US_standard,5,3,6,CS	0	16:02:22.481	Trade	2020.11.23 05:00:00   buy stop 7.62 USDJPY.DWX at 103.852 sl: 103.716 (103.738 / 103.741),D:\QM\reports\work_items\2fc84747-27db-5e88-9568-3fdda6c30769\QM5_41398\20260909_135814\raw\run_01\20260909.log
68370,2020-11-23,sell,True,103.716,103.852,103.852,103.716,103.738,103.741,False,False,False,2020-11-23T05:00:00,2020-11-23T03:00:00Z,winter_US_standard,5,3,6,CS	0	16:02:22.481	Trade	2020.11.23 05:00:00   sell stop 7.63 USDJPY.DWX at 103.716 sl: 103.852 (103.738 / 103.741),D:\QM\reports\work_items\2fc84747-27db-5e88-9568-3fdda6c30769\QM5_41398\20260909_135814\raw\run_01\20260909.log
68380,2020-11-24,buy,True,104.646,104.497,104.646,104.497,104.558,104.559,False,False,False,2020-11-24T05:00:00,2020-11-24T03:00:00Z,winter_US_standard,5,3,6,CS	0	16:02:22.704	Trade	2020.11.24 05:00:00   buy stop 7.01 USDJPY.DWX at 104.646 sl: 104.497 (104.558 / 104.559),D:\QM\reports\work_items\2fc84747-27db-5e88-9568-3fdda6c30769\QM5_41398\20260909_135814\raw\run_01\20260909.log
68381,2020-11-24,sell,True,104.497,104.646,104.646,104.497,104.558,104.559,False,False,False,2020-11-24T05:00:00,2020-11-24T03:00:00Z,winter_US_standard,5,3,6,CS	0	16:02:22.704	Trade	2020.11.24 05:00:00   sell stop 7.02 USDJPY.DWX at 104.497 sl: 104.646 (104.558 / 104.559),D:\QM\reports\work_items\2fc84747-27db-5e88-9568-3fdda6c30769\QM5_41398\20260909_135814\raw\run_01\20260909.log
68394,2020-11-25,buy,True,104.598,104.454,104.598,104.454,104.526,104.528,False,False,False,2020-11-25T05:00:00,2020-11-25T03:00:00Z,winter_US_standard,5,3,6,CS	0	16:02:22.941	Trade	2020.11.25 05:00:00   buy stop 7.25 USDJPY.DWX at 104.598 sl: 104.454 (104.526 / 104.528),D:\QM\reports\work_items\2fc84747-27db-5e88-9568-3fdda6c30769\QM5_41398\20260909_135814\raw\run_01\20260909.log
68395,2020-11-25,sell,True,104.454,104.598,104.598,104.454,104.526,104.528,False,False,False,2020-11-25T05:00:00,2020-11-25T03:00:00Z,winter_US_standard,5,3,6,CS	0	16:02:22.941	Trade	2020.11.25 05:00:00   sell stop 7.26 USDJPY.DWX at 104.454 sl: 104.598 (104.526 / 104.528),D:\QM\reports\work_items\2fc84747-27db-5e88-9568-3fdda6c30769\QM5_41398\20260909_135814\raw\run_01\20260909.log
68405,2020-11-26,buy,True,104.404,104.256,104.404,104.256,104.267,104.270,False,False,False,2020-11-26T05:00:00,2020-11-26T03:00:00Z,winter_US_standard,5,3,6,CS	0	16:02:23.164	Trade	2020.11.26 05:00:00   buy stop 7.04 USDJPY.DWX at 104.404 sl: 104.256 (104.267 / 104.270),D:\QM\reports\work_items\2fc84747-27db-5e88-9568-3fdda6c30769\QM5_41398\20260909_135814\raw\run_01\20260909.log
68406,2020-11-26,sell,True,104.256,104.404,104.404,104.256,104.267,104.270,False,False,False,2020-11-26T05:00:00,2020-11-26T03:00:00Z,winter_US_standard,5,3,6,CS	0	16:02:23.165	Trade	2020.11.26 05:00:00   sell stop 7.05 USDJPY.DWX at 104.256 sl: 104.404 (104.267 / 104.270),D:\QM\reports\work_items\2fc84747-27db-5e88-9568-3fdda6c30769\QM5_41398\20260909_135814\raw\run_01\20260909.log
68416,2020-12-01,buy,True,104.378,104.244,104.378,104.244,104.352,104.354,False,False,False,2020-12-01T05:00:03,2020-12-01T03:00:03Z,winter_US_standard,5,3,6,CS	0	16:02:23.633	Trade	2020.12.01 05:00:03   buy stop 7.77 USDJPY.DWX at 104.378 sl: 104.244 (104.352 / 104.354),D:\QM\reports\work_items\2fc84747-27db-5e88-9568-3fdda6c30769\QM5_41398\20260909_135814\raw\run_01\20260909.log
68417,2020-12-01,sell,True,104.244,104.378,104.378,104.244,104.352,104.354,False,False,False,2020-12-01T05:00:03,2020-12-01T03:00:03Z,winter_US_standard,5,3,6,CS	0	16:02:23.633	Trade	2020.12.01 05:00:03   sell stop 7.78 USDJPY.DWX at 104.244 sl: 104.378 (104.352 / 104.354),D:\QM\reports\work_items\2fc84747-27db-5e88-9568-3fdda6c30769\QM5_41398\20260909_135814\raw\run_01\20260909.log
68427,2020-12-02,buy,True,104.457,104.224,104.457,104.224,104.425,104.429,False,False,False,2020-12-02T05:00:00,2020-12-02T03:00:00Z,winter_US_standard,5,3,6,CS	0	16:02:23.842	Trade	2020.12.02 05:00:00   buy stop 4.47 USDJPY.DWX at 104.457 sl: 104.224 (104.425 / 104.429),D:\QM\reports\work_items\2fc84747-27db-5e88-9568-3fdda6c30769\QM5_41398\20260909_135814\raw\run_01\20260909.log
68428,2020-12-02,sell,True,104.224,104.457,104.457,104.224,104.425,104.429,False,False,False,2020-12-02T05:00:00,2020-12-02T03:00:00Z,winter_US_standard,5,3,6,CS	0	16:02:23.842	Trade	2020.12.02 05:00:00   sell stop 4.48 USDJPY.DWX at 104.224 sl: 104.457 (104.425 / 104.429),D:\QM\reports\work_items\2fc84747-27db-5e88-9568-3fdda6c30769\QM5_41398\20260909_135814\raw\run_01\20260909.log
68442,2020-12-03,buy,True,104.535,104.416,104.535,104.416,104.445,104.449,False,False,False,2020-12-03T05:00:00,2020-12-03T03:00:00Z,winter_US_standard,5,3,6,CS	0	16:02:24.095	Trade	2020.12.03 05:00:00   buy stop 8.77 USDJPY.DWX at 104.535 sl: 104.416 (104.445 / 104.449),D:\QM\reports\work_items\2fc84747-27db-5e88-9568-3fdda6c30769\QM5_41398\20260909_135814\raw\run_01\20260909.log
68443,2020-12-03,sell,True,104.416,104.535,104.535,104.416,104.445,104.449,False,False,False,2020-12-03T05:00:00,2020-12-03T03:00:00Z,winter_US_standard,5,3,6,CS	0	16:02:24.095	Trade	2020.12.03 05:00:00   sell stop 8.78 USDJPY.DWX at 104.416 sl: 104.535 (104.445 / 104.449),D:\QM\reports\work_items\2fc84747-27db-5e88-9568-3fdda6c30769\QM5_41398\20260909_135814\raw\run_01\20260909.log
68457,2020-12-04,buy,True,103.881,103.737,103.881,103.737,103.875,103.877,False,False,False,2020-12-04T05:00:00,2020-12-04T03:00:00Z,winter_US_standard,5,3,6,CS	0	16:02:24.325	Trade	2020.12.04 05:00:00   buy stop 7.2 USDJPY.DWX at 103.881 sl: 103.737 (103.875 / 103.877),D:\QM\reports\work_items\2fc84747-27db-5e88-9568-3fdda6c30769\QM5_41398\20260909_135814\raw\run_01\20260909.log
68458,2020-12-04,sell,True,103.737,103.881,103.881,103.737,103.875,103.877,False,False,False,2020-12-04T05:00:00,2020-12-04T03:00:00Z,winter_US_standard,5,3,6,CS	0	16:02:24.325	Trade	2020.12.04 05:00:00   sell stop 7.21 USDJPY.DWX at 103.737 sl: 103.881 (103.875 / 103.877),D:\QM\reports\work_items\2fc84747-27db-5e88-9568-3fdda6c30769\QM5_41398\20260909_135814\raw\run_01\20260909.log
68472,2020-12-07,buy,True,104.208,103.963,104.208,103.963,104.006,104.010,False,False,False,2020-12-07T05:00:00,2020-12-07T03:00:00Z,winter_US_standard,5,3,6,CS	0	16:02:24.579	Trade	2020.12.07 05:00:00   buy stop 4.24 USDJPY.DWX at 104.208 sl: 103.963 (104.006 / 104.010),D:\QM\reports\work_items\2fc84747-27db-5e88-9568-3fdda6c30769\QM5_41398\20260909_135814\raw\run_01\20260909.log
68473,2020-12-07,sell,True,103.963,104.208,104.208,103.963,104.006,104.010,False,False,False,2020-12-07T05:00:00,2020-12-07T03:00:00Z,winter_US_standard,5,3,6,CS	0	16:02:24.579	Trade	2020.12.07 05:00:00   sell stop 4.25 USDJPY.DWX at 103.963 sl: 104.208 (104.006 / 104.010),D:\QM\reports\work_items\2fc84747-27db-5e88-9568-3fdda6c30769\QM5_41398\20260909_135814\raw\run_01\20260909.log
68483,2020-12-08,buy,True,104.090,103.955,104.090,103.955,104.045,104.047,False,False,False,2020-12-08T05:00:00,2020-12-08T03:00:00Z,winter_US_standard,5,3,6,CS	0	16:02:24.807	Trade	2020.12.08 05:00:00   buy stop 7.7 USDJPY.DWX at 104.090 sl: 103.955 (104.045 / 104.047),D:\QM\reports\work_items\2fc84747-27db-5e88-9568-3fdda6c30769\QM5_41398\20260909_135814\raw\run_01\20260909.log
68484,2020-12-08,sell,True,103.955,104.090,104.090,103.955,104.045,104.047,False,False,False,2020-12-08T05:00:00,2020-12-08T03:00:00Z,winter_US_standard,5,3,6,CS	0	16:02:24.807	Trade	2020.12.08 05:00:00   sell stop 7.71 USDJPY.DWX at 103.955 sl: 104.090 (104.045 / 104.047),D:\QM\reports\work_items\2fc84747-27db-5e88-9568-3fdda6c30769\QM5_41398\20260909_135814\raw\run_01\20260909.log
68494,2020-12-09,buy,True,104.172,104.104,104.172,104.104,104.144,104.146,False,False,False,2020-12-09T05:00:00,2020-12-09T03:00:00Z,winter_US_standard,5,3,6,CS	0	16:02:25.026	Trade	2020.12.09 05:00:00   buy stop 15.3 USDJPY.DWX at 104.172 sl: 104.104 (104.144 / 104.146),D:\QM\reports\work_items\2fc84747-27db-5e88-9568-3fdda6c30769\QM5_41398\20260909_135814\raw\run_01\20260909.log
68495,2020-12-09,sell,True,104.104,104.172,104.172,104.104,104.144,104.146,False,False,False,2020-12-09T05:00:00,2020-12-09T03:00:00Z,winter_US_standard,5,3,6,CS	0	16:02:25.026	Trade	2020.12.09 05:00:00   sell stop 15.31 USDJPY.DWX at 104.104 sl: 104.172 (104.144 / 104.146),D:\QM\reports\work_items\2fc84747-27db-5e88-9568-3fdda6c30769\QM5_41398\20260909_135814\raw\run_01\20260909.log
68507,2020-12-10,buy,True,104.456,104.242,104.456,104.242,104.426,104.427,False,False,False,2020-12-10T05:00:00,2020-12-10T03:00:00Z,winter_US_standard,5,3,6,CS	0	16:02:25.187	Trade	2020.12.10 05:00:00   buy stop 4.87 USDJPY.DWX at 104.456 sl: 104.242 (104.426 / 104.427),D:\QM\reports\work_items\2fc84747-27db-5e88-9568-3fdda6c30769\QM5_41398\20260909_135814\raw\run_01\20260909.log
68508,2020-12-10,sell,True,104.242,104.456,104.456,104.242,104.426,104.427,False,False,False,2020-12-10T05:00:00,2020-12-10T03:00:00Z,winter_US_standard,5,3,6,CS	0	16:02:25.187	Trade	2020.12.10 05:00:00   sell stop 4.88 USDJPY.DWX at 104.242 sl: 104.456 (104.426 / 104.427),D:\QM\reports\work_items\2fc84747-27db-5e88-9568-3fdda6c30769\QM5_41398\20260909_135814\raw\run_01\20260909.log
68518,2020-12-11,buy,True,104.180,103.928,104.180,103.928,103.951,103.952,False,False,False,2020-12-11T05:00:00,2020-12-11T03:00:00Z,winter_US_standard,5,3,6,CS	0	16:02:25.415	Trade	2020.12.11 05:00:00   buy stop 4.12 USDJPY.DWX at 104.180 sl: 103.928 (103.951 / 103.952),D:\QM\reports\work_items\2fc84747-27db-5e88-9568-3fdda6c30769\QM5_41398\20260909_135814\raw\run_01\20260909.log
68519,2020-12-11,sell,True,103.928,104.180,104.180,103.928,103.951,103.952,False,False,False,2020-12-11T05:00:00,2020-12-11T03:00:00Z,winter_US_standard,5,3,6,CS	0	16:02:25.415	Trade	2020.12.11 05:00:00   sell stop 4.13 USDJPY.DWX at 103.928 sl: 104.180 (103.951 / 103.952),D:\QM\reports\work_items\2fc84747-27db-5e88-9568-3fdda6c30769\QM5_41398\20260909_135814\raw\run_01\20260909.log
68522,2020-12-14,buy,True,104.061,103.890,104.061,103.890,103.979,103.981,False,False,False,2020-12-14T05:00:00,2020-12-14T03:00:00Z,winter_US_standard,5,3,6,CS	0	16:02:25.587	Trade	2020.12.14 05:00:00   buy stop 6.07 USDJPY.DWX at 104.061 sl: 103.890 (103.979 / 103.981),D:\QM\reports\work_items\2fc84747-27db-5e88-9568-3fdda6c30769\QM5_41398\20260909_135814\raw\run_01\20260909.log
68523,2020-12-14,sell,True,103.890,104.061,104.061,103.890,103.979,103.981,False,False,False,2020-12-14T05:00:00,2020-12-14T03:00:00Z,winter_US_standard,5,3,6,CS	0	16:02:25.587	Trade	2020.12.14 05:00:00   sell stop 6.08 USDJPY.DWX at 103.890 sl: 104.061 (103.979 / 103.981),D:\QM\reports\work_items\2fc84747-27db-5e88-9568-3fdda6c30769\QM5_41398\20260909_135814\raw\run_01\20260909.log
68538,2020-12-15,buy,True,104.131,103.989,104.131,103.989,104.087,104.090,False,False,False,2020-12-15T05:00:00,2020-12-15T03:00:00Z,winter_US_standard,5,3,6,CS	0	16:02:25.844	Trade	2020.12.15 05:00:00   buy stop 7.32 USDJPY.DWX at 104.131 sl: 103.989 (104.087 / 104.090),D:\QM\reports\work_items\2fc84747-27db-5e88-9568-3fdda6c30769\QM5_41398\20260909_135814\raw\run_01\20260909.log
68539,2020-12-15,sell,True,103.989,104.131,104.131,103.989,104.087,104.090,False,False,False,2020-12-15T05:00:00,2020-12-15T03:00:00Z,winter_US_standard,5,3,6,CS	0	16:02:25.844	Trade	2020.12.15 05:00:00   sell stop 7.33 USDJPY.DWX at 103.989 sl: 104.131 (104.087 / 104.090),D:\QM\reports\work_items\2fc84747-27db-5e88-9568-3fdda6c30769\QM5_41398\20260909_135814\raw\run_01\20260909.log
68549,2020-12-16,buy,True,103.722,103.574,103.722,103.574,103.626,103.630,False,False,False,2020-12-16T05:00:00,2020-12-16T03:00:00Z,winter_US_standard,5,3,6,CS	0	16:02:26.017	Trade	2020.12.16 05:00:00   buy stop 6.99 USDJPY.DWX at 103.722 sl: 103.574 (103.626 / 103.630),D:\QM\reports\work_items\2fc84747-27db-5e88-9568-3fdda6c30769\QM5_41398\20260909_135814\raw\run_01\20260909.log
68550,2020-12-16,sell,True,103.574,103.722,103.722,103.574,103.626,103.630,False,False,False,2020-12-16T05:00:00,2020-12-16T03:00:00Z,winter_US_standard,5,3,6,CS	0	16:02:26.017	Trade	2020.12.16 05:00:00   sell stop 7 USDJPY.DWX at 103.574 sl: 103.722 (103.626 / 103.630),D:\QM\reports\work_items\2fc84747-27db-5e88-9568-3fdda6c30769\QM5_41398\20260909_135814\raw\run_01\20260909.log
68563,2020-12-17,buy,True,103.560,103.294,103.560,103.294,103.312,103.315,False,False,False,2020-12-17T05:00:00,2020-12-17T03:00:00Z,winter_US_standard,5,3,6,CS	0	16:02:26.168	Trade	2020.12.17 05:00:00   buy stop 3.88 USDJPY.DWX at 103.560 sl: 103.294 (103.312 / 103.315),D:\QM\reports\work_items\2fc84747-27db-5e88-9568-3fdda6c30769\QM5_41398\20260909_135814\raw\run_01\20260909.log
68564,2020-12-17,sell,True,103.294,103.560,103.560,103.294,103.312,103.315,False,False,False,2020-12-17T05:00:00,2020-12-17T03:00:00Z,winter_US_standard,5,3,6,CS	0	16:02:26.169	Trade	2020.12.17 05:00:00   sell stop 3.89 USDJPY.DWX at 103.294 sl: 103.560 (103.312 / 103.315),D:\QM\reports\work_items\2fc84747-27db-5e88-9568-3fdda6c30769\QM5_41398\20260909_135814\raw\run_01\20260909.log
68576,2020-12-21,buy,True,103.496,103.251,103.496,103.251,103.346,103.350,False,False,False,2020-12-21T05:00:00,2020-12-21T03:00:00Z,winter_US_standard,5,3,6,CS	0	16:02:26.600	Trade	2020.12.21 05:00:00   buy stop 4.21 USDJPY.DWX at 103.496 sl: 103.251 (103.346 / 103.350),D:\QM\reports\work_items\2fc84747-27db-5e88-9568-3fdda6c30769\QM5_41398\20260909_135814\raw\run_01\20260909.log
68577,2020-12-21,sell,True,103.251,103.496,103.496,103.251,103.346,103.350,False,False,False,2020-12-21T05:00:00,2020-12-21T03:00:00Z,winter_US_standard,5,3,6,CS	0	16:02:26.600	Trade	2020.12.21 05:00:00   sell stop 4.22 USDJPY.DWX at 103.251 sl: 103.496 (103.346 / 103.350),D:\QM\reports\work_items\2fc84747-27db-5e88-9568-3fdda6c30769\QM5_41398\20260909_135814\raw\run_01\20260909.log
68591,2020-12-22,buy,True,103.465,103.279,103.465,103.279,103.351,103.354,False,False,False,2020-12-22T05:00:00,2020-12-22T03:00:00Z,winter_US_standard,5,3,6,CS	0	16:02:26.902	Trade	2020.12.22 05:00:00   buy stop 5.55 USDJPY.DWX at 103.465 sl: 103.279 (103.351 / 103.354),D:\QM\reports\work_items\2fc84747-27db-5e88-9568-3fdda6c30769\QM5_41398\20260909_135814\raw\run_01\20260909.log
68592,2020-12-22,sell,True,103.279,103.465,103.465,103.279,103.351,103.354,False,False,False,2020-12-22T05:00:00,2020-12-22T03:00:00Z,winter_US_standard,5,3,6,CS	0	16:02:26.903	Trade	2020.12.22 05:00:00   sell stop 5.56 USDJPY.DWX at 103.279 sl: 103.465 (103.351 / 103.354),D:\QM\reports\work_items\2fc84747-27db-5e88-9568-3fdda6c30769\QM5_41398\20260909_135814\raw\run_01\20260909.log
68602,2020-12-23,buy,True,103.637,103.496,103.637,103.496,103.504,103.509,False,False,False,2020-12-23T05:00:00,2020-12-23T03:00:00Z,winter_US_standard,5,3,6,CS	0	16:02:27.125	Trade	2020.12.23 05:00:00   buy stop 7.33 USDJPY.DWX at 103.637 sl: 103.496 (103.504 / 103.509),D:\QM\reports\work_items\2fc84747-27db-5e88-9568-3fdda6c30769\QM5_41398\20260909_135814\raw\run_01\20260909.log
68603,2020-12-23,sell,True,103.496,103.637,103.637,103.496,103.504,103.509,False,False,False,2020-12-23T05:00:00,2020-12-23T03:00:00Z,winter_US_standard,5,3,6,CS	0	16:02:27.126	Trade	2020.12.23 05:00:00   sell stop 7.35 USDJPY.DWX at 103.496 sl: 103.637 (103.504 / 103.509),D:\QM\reports\work_items\2fc84747-27db-5e88-9568-3fdda6c30769\QM5_41398\20260909_135814\raw\run_01\20260909.log
68613,2020-12-24,buy,True,103.620,103.508,103.620,103.508,103.533,103.535,False,False,False,2020-12-24T05:00:00,2020-12-24T03:00:00Z,winter_US_standard,5,3,6,CS	0	16:02:27.397	Trade	2020.12.24 05:00:00   buy stop 9.24 USDJPY.DWX at 103.620 sl: 103.508 (103.533 / 103.535),D:\QM\reports\work_items\2fc84747-27db-5e88-9568-3fdda6c30769\QM5_41398\20260909_135814\raw\run_01\20260909.log
68614,2020-12-24,sell,True,103.508,103.620,103.620,103.508,103.533,103.535,False,False,False,2020-12-24T05:00:00,2020-12-24T03:00:00Z,winter_US_standard,5,3,6,CS	0	16:02:27.397	Trade	2020.12.24 05:00:00   sell stop 9.25 USDJPY.DWX at 103.508 sl: 103.620 (103.533 / 103.535),D:\QM\reports\work_items\2fc84747-27db-5e88-9568-3fdda6c30769\QM5_41398\20260909_135814\raw\run_01\20260909.log
68624,2020-12-28,buy,True,103.635,103.452,103.635,103.452,103.585,103.587,False,False,False,2020-12-28T05:00:00,2020-12-28T03:00:00Z,winter_US_standard,5,3,6,CS	0	16:02:27.548	Trade	2020.12.28 05:00:00   buy stop 5.65 USDJPY.DWX at 103.635 sl: 103.452 (103.585 / 103.587),D:\QM\reports\work_items\2fc84747-27db-5e88-9568-3fdda6c30769\QM5_41398\20260909_135814\raw\run_01\20260909.log
68625,2020-12-28,sell,True,103.452,103.635,103.635,103.452,103.585,103.587,False,False,False,2020-12-28T05:00:00,2020-12-28T03:00:00Z,winter_US_standard,5,3,6,CS	0	16:02:27.548	Trade	2020.12.28 05:00:00   sell stop 5.66 USDJPY.DWX at 103.452 sl: 103.635 (103.585 / 103.587),D:\QM\reports\work_items\2fc84747-27db-5e88-9568-3fdda6c30769\QM5_41398\20260909_135814\raw\run_01\20260909.log
68635,2020-12-29,buy,True,103.805,103.690,103.805,103.690,103.733,103.736,False,False,False,2020-12-29T05:00:00,2020-12-29T03:00:00Z,winter_US_standard,5,3,6,CS	0	16:02:27.743	Trade	2020.12.29 05:00:00   buy stop 9.01 USDJPY.DWX at 103.805 sl: 103.690 (103.733 / 103.736),D:\QM\reports\work_items\2fc84747-27db-5e88-9568-3fdda6c30769\QM5_41398\20260909_135814\raw\run_01\20260909.log
68636,2020-12-29,sell,True,103.690,103.805,103.805,103.690,103.733,103.736,False,False,False,2020-12-29T05:00:00,2020-12-29T03:00:00Z,winter_US_standard,5,3,6,CS	0	16:02:27.743	Trade	2020.12.29 05:00:00   sell stop 9.02 USDJPY.DWX at 103.690 sl: 103.805 (103.733 / 103.736),D:\QM\reports\work_items\2fc84747-27db-5e88-9568-3fdda6c30769\QM5_41398\20260909_135814\raw\run_01\20260909.log
68647,2020-12-31,buy,True,103.208,103.078,103.208,103.078,103.177,103.180,False,False,False,2020-12-31T05:00:00,2020-12-31T03:00:00Z,winter_US_standard,5,3,6,CS	0	16:02:28.027	Trade	2020.12.31 05:00:00   buy stop 7.92 USDJPY.DWX at 103.208 sl: 103.078 (103.177 / 103.180),D:\QM\reports\work_items\2fc84747-27db-5e88-9568-3fdda6c30769\QM5_41398\20260909_135814\raw\run_01\20260909.log
68648,2020-12-31,sell,True,103.078,103.208,103.208,103.078,103.177,103.180,False,False,False,2020-12-31T05:00:00,2020-12-31T03:00:00Z,winter_US_standard,5,3,6,CS	0	16:02:28.027	Trade	2020.12.31 05:00:00   sell stop 7.93 USDJPY.DWX at 103.078 sl: 103.208 (103.177 / 103.180),D:\QM\reports\work_items\2fc84747-27db-5e88-9568-3fdda6c30769\QM5_41398\20260909_135814\raw\run_01\20260909.log
68658,2021-01-05,buy,True,103.190,103.077,103.190,103.077,103.111,103.113,False,False,False,2021-01-05T05:00:00,2021-01-05T03:00:00Z,winter_US_standard,5,3,6,CS	0	16:02:28.553	Trade	2021.01.05 05:00:00   buy stop 9.12 USDJPY.DWX at 103.190 sl: 103.077 (103.111 / 103.113),D:\QM\reports\work_items\2fc84747-27db-5e88-9568-3fdda6c30769\QM5_41398\20260909_135814\raw\run_01\20260909.log
68659,2021-01-05,sell,True,103.077,103.190,103.190,103.077,103.111,103.113,False,False,False,2021-01-05T05:00:00,2021-01-05T03:00:00Z,winter_US_standard,5,3,6,CS	0	16:02:28.553	Trade	2021.01.05 05:00:00   sell stop 9.13 USDJPY.DWX at 103.077 sl: 103.190 (103.111 / 103.113),D:\QM\reports\work_items\2fc84747-27db-5e88-9568-3fdda6c30769\QM5_41398\20260909_135814\raw\run_01\20260909.log
68672,2021-01-07,buy,True,103.247,102.949,103.247,102.949,103.185,103.188,False,False,False,2021-01-07T05:00:00,2021-01-07T03:00:00Z,winter_US_standard,5,3,6,CS	0	16:02:29.236	Trade	2021.01.07 05:00:00   buy stop 3.45 USDJPY.DWX at 103.247 sl: 102.949 (103.185 / 103.188),D:\QM\reports\work_items\2fc84747-27db-5e88-9568-3fdda6c30769\QM5_41398\20260909_135814\raw\run_01\20260909.log
68673,2021-01-07,sell,True,102.949,103.247,103.247,102.949,103.185,103.188,False,False,False,2021-01-07T05:00:00,2021-01-07T03:00:00Z,winter_US_standard,5,3,6,CS	0	16:02:29.236	Trade	2021.01.07 05:00:00   sell stop 3.46 USDJPY.DWX at 102.949 sl: 103.247 (103.185 / 103.188),D:\QM\reports\work_items\2fc84747-27db-5e88-9568-3fdda6c30769\QM5_41398\20260909_135814\raw\run_01\20260909.log
68688,2021-01-08,buy,True,103.998,103.770,103.998,103.770,103.815,103.819,False,False,False,2021-01-08T05:00:00,2021-01-08T03:00:00Z,winter_US_standard,5,3,6,CS	0	16:02:29.678	Trade	2021.01.08 05:00:00   buy stop 4.55 USDJPY.DWX at 103.998 sl: 103.770 (103.815 / 103.819),D:\QM\reports\work_items\2fc84747-27db-5e88-9568-3fdda6c30769\QM5_41398\20260909_135814\raw\run_01\20260909.log
68689,2021-01-08,sell,True,103.770,103.998,103.998,103.770,103.815,103.819,False,False,False,2021-01-08T05:00:00,2021-01-08T03:00:00Z,winter_US_standard,5,3,6,CS	0	16:02:29.679	Trade	2021.01.08 05:00:00   sell stop 4.56 USDJPY.DWX at 103.770 sl: 103.998 (103.815 / 103.819),D:\QM\reports\work_items\2fc84747-27db-5e88-9568-3fdda6c30769\QM5_41398\20260909_135814\raw\run_01\20260909.log
68699,2021-01-11,buy,True,104.203,104.031,104.203,104.031,104.126,104.128,False,False,False,2021-01-11T05:00:00,2021-01-11T03:00:00Z,winter_US_standard,5,3,6,CS	0	16:02:30.136	Trade	2021.01.11 05:00:00   buy stop 6.04 USDJPY.DWX at 104.203 sl: 104.031 (104.126 / 104.128),D:\QM\reports\work_items\2fc84747-27db-5e88-9568-3fdda6c30769\QM5_41398\20260909_135814\raw\run_01\20260909.log
68700,2021-01-11,sell,True,104.031,104.203,104.203,104.031,104.126,104.128,False,False,False,2021-01-11T05:00:00,2021-01-11T03:00:00Z,winter_US_standard,5,3,6,CS	0	16:02:30.137	Trade	2021.01.11 05:00:00   sell stop 6.05 USDJPY.DWX at 104.031 sl: 104.203 (104.126 / 104.128),D:\QM\reports\work_items\2fc84747-27db-5e88-9568-3fdda6c30769\QM5_41398\20260909_135814\raw\run_01\20260909.log
68712,2021-01-12,buy,True,104.313,104.099,104.313,104.099,104.304,104.306,False,False,False,2021-01-12T05:00:00,2021-01-12T03:00:00Z,winter_US_standard,5,3,6,CS	0	16:02:30.487	Trade	2021.01.12 05:00:00   buy stop 4.86 USDJPY.DWX at 104.313 sl: 104.099 (104.304 / 104.306),D:\QM\reports\work_items\2fc84747-27db-5e88-9568-3fdda6c30769\QM5_41398\20260909_135814\raw\run_01\20260909.log
68713,2021-01-12,sell,True,104.099,104.313,104.313,104.099,104.304,104.306,False,False,False,2021-01-12T05:00:00,2021-01-12T03:00:00Z,winter_US_standard,5,3,6,CS	0	16:02:30.487	Trade	2021.01.12 05:00:00   sell stop 4.87 USDJPY.DWX at 104.099 sl: 104.313 (104.304 / 104.306),D:\QM\reports\work_items\2fc84747-27db-5e88-9568-3fdda6c30769\QM5_41398\20260909_135814\raw\run_01\20260909.log
68723,2021-01-13,buy,True,103.750,103.525,103.750,103.525,103.595,103.597,False,False,False,2021-01-13T05:00:00,2021-01-13T03:00:00Z,winter_US_standard,5,3,6,CS	0	16:02:30.822	Trade	2021.01.13 05:00:00   buy stop 4.6 USDJPY.DWX at 103.750 sl: 103.525 (103.595 / 103.597),D:\QM\reports\work_items\2fc84747-27db-5e88-9568-3fdda6c30769\QM5_41398\20260909_135814\raw\run_01\20260909.log
68724,2021-01-13,sell,True,103.525,103.750,103.750,103.525,103.595,103.597,False,False,False,2021-01-13T05:00:00,2021-01-13T03:00:00Z,winter_US_standard,5,3,6,CS	0	16:02:30.822	Trade	2021.01.13 05:00:00   sell stop 4.61 USDJPY.DWX at 103.525 sl: 103.750 (103.595 / 103.597),D:\QM\reports\work_items\2fc84747-27db-5e88-9568-3fdda6c30769\QM5_41398\20260909_135814\raw\run_01\20260909.log
68736,2021-01-15,buy,True,103.853,103.699,103.853,103.699,103.762,103.766,False,False,False,2021-01-15T05:00:00,2021-01-15T03:00:00Z,winter_US_standard,5,3,6,CS	0	16:02:31.376	Trade	2021.01.15 05:00:00   buy stop 6.73 USDJPY.DWX at 103.853 sl: 103.699 (103.762 / 103.766),D:\QM\reports\work_items\2fc84747-27db-5e88-9568-3fdda6c30769\QM5_41398\20260909_135814\raw\run_01\20260909.log
68737,2021-01-15,sell,True,103.699,103.853,103.853,103.699,103.762,103.766,False,False,False,2021-01-15T05:00:00,2021-01-15T03:00:00Z,winter_US_standard,5,3,6,CS	0	16:02:31.376	Trade	2021.01.15 05:00:00   sell stop 6.74 USDJPY.DWX at 103.699 sl: 103.853 (103.762 / 103.766),D:\QM\reports\work_items\2fc84747-27db-5e88-9568-3fdda6c30769\QM5_41398\20260909_135814\raw\run_01\20260909.log
68747,2021-01-20,buy,True,103.928,103.745,103.928,103.745,103.762,103.764,False,False,False,2021-01-20T05:00:00,2021-01-20T03:00:00Z,winter_US_standard,5,3,6,CS	0	16:02:32.078	Trade	2021.01.20 05:00:00   buy stop 5.66 USDJPY.DWX at 103.928 sl: 103.745 (103.762 / 103.764),D:\QM\reports\work_items\2fc84747-27db-5e88-9568-3fdda6c30769\QM5_41398\20260909_135814\raw\run_01\20260909.log
68748,2021-01-20,sell,True,103.745,103.928,103.928,103.745,103.762,103.764,False,False,False,2021-01-20T05:00:00,2021-01-20T03:00:00Z,winter_US_standard,5,3,6,CS	0	16:02:32.078	Trade	2021.01.20 05:00:00   sell stop 5.67 USDJPY.DWX at 103.745 sl: 103.928 (103.762 / 103.764),D:\QM\reports\work_items\2fc84747-27db-5e88-9568-3fdda6c30769\QM5_41398\20260909_135814\raw\run_01\20260909.log
68758,2021-01-22,buy,True,103.611,103.493,103.611,103.493,103.534,103.538,False,False,False,2021-01-22T05:00:00,2021-01-22T03:00:00Z,winter_US_standard,5,3,6,CS	0	16:02:32.557	Trade	2021.01.22 05:00:00   buy stop 8.77 USDJPY.DWX at 103.611 sl: 103.493 (103.534 / 103.538),D:\QM\reports\work_items\2fc84747-27db-5e88-9568-3fdda6c30769\QM5_41398\20260909_135814\raw\run_01\20260909.log
68759,2021-01-22,sell,True,103.493,103.611,103.611,103.493,103.534,103.538,False,False,False,2021-01-22T05:00:00,2021-01-22T03:00:00Z,winter_US_standard,5,3,6,CS	0	16:02:32.557	Trade	2021.01.22 05:00:00   sell stop 8.78 USDJPY.DWX at 103.493 sl: 103.611 (103.534 / 103.538),D:\QM\reports\work_items\2fc84747-27db-5e88-9568-3fdda6c30769\QM5_41398\20260909_135814\raw\run_01\20260909.log
68772,2021-01-25,buy,True,103.889,103.746,103.889,103.746,103.776,103.779,False,False,False,2021-01-25T05:00:09,2021-01-25T03:00:09Z,winter_US_standard,5,3,6,CS	0	16:02:32.780	Trade	2021.01.25 05:00:09   buy stop 7.25 USDJPY.DWX at 103.889 sl: 103.746 (103.776 / 103.779),D:\QM\reports\work_items\2fc84747-27db-5e88-9568-3fdda6c30769\QM5_41398\20260909_135814\raw\run_01\20260909.log
68773,2021-01-25,sell,True,103.746,103.889,103.889,103.746,103.776,103.779,False,False,False,2021-01-25T05:00:09,2021-01-25T03:00:09Z,winter_US_standard,5,3,6,CS	0	16:02:32.781	Trade	2021.01.25 05:00:09   sell stop 7.26 USDJPY.DWX at 103.746 sl: 103.889 (103.776 / 103.779),D:\QM\reports\work_items\2fc84747-27db-5e88-9568-3fdda6c30769\QM5_41398\20260909_135814\raw\run_01\20260909.log
68783,2021-01-26,buy,True,103.798,103.659,103.798,103.659,103.694,103.697,False,False,False,2021-01-26T05:00:01,2021-01-26T03:00:01Z,winter_US_standard,5,3,6,CS	0	16:02:32.952	Trade	2021.01.26 05:00:01   buy stop 7.45 USDJPY.DWX at 103.798 sl: 103.659 (103.694 / 103.697),D:\QM\reports\work_items\2fc84747-27db-5e88-9568-3fdda6c30769\QM5_41398\20260909_135814\raw\run_01\20260909.log
68784,2021-01-26,sell,True,103.659,103.798,103.798,103.659,103.694,103.697,False,False,False,2021-01-26T05:00:01,2021-01-26T03:00:01Z,winter_US_standard,5,3,6,CS	0	16:02:32.952	Trade	2021.01.26 05:00:01   sell stop 7.46 USDJPY.DWX at 103.659 sl: 103.798 (103.694 / 103.697),D:\QM\reports\work_items\2fc84747-27db-5e88-9568-3fdda6c30769\QM5_41398\20260909_135814\raw\run_01\20260909.log
68794,2021-01-27,buy,True,103.720,103.586,103.720,103.586,103.705,103.708,False,False,False,2021-01-27T05:00:00,2021-01-27T03:00:00Z,winter_US_standard,5,3,6,CS	0	16:02:33.119	Trade	2021.01.27 05:00:00   buy stop 7.73 USDJPY.DWX at 103.720 sl: 103.586 (103.705 / 103.708),D:\QM\reports\work_items\2fc84747-27db-5e88-9568-3fdda6c30769\QM5_41398\20260909_135814\raw\run_01\20260909.log
68795,2021-01-27,sell,True,103.586,103.720,103.720,103.586,103.705,103.708,False,False,False,2021-01-27T05:00:00,2021-01-27T03:00:00Z,winter_US_standard,5,3,6,CS	0	16:02:33.120	Trade	2021.01.27 05:00:00   sell stop 7.74 USDJPY.DWX at 103.586 sl: 103.720 (103.705 / 103.708),D:\QM\reports\work_items\2fc84747-27db-5e88-9568-3fdda6c30769\QM5_41398\20260909_135814\raw\run_01\20260909.log
68809,2021-01-28,buy,True,104.348,104.134,104.348,104.134,104.320,104.324,False,False,False,2021-01-28T05:00:06,2021-01-28T03:00:06Z,winter_US_standard,5,3,6,CS	0	16:02:33.383	Trade	2021.01.28 05:00:06   buy stop 4.86 USDJPY.DWX at 104.348 sl: 104.134 (104.320 / 104.324),D:\QM\reports\work_items\2fc84747-27db-5e88-9568-3fdda6c30769\QM5_41398\20260909_135814\raw\run_01\20260909.log
68810,2021-01-28,sell,True,104.134,104.348,104.348,104.134,104.320,104.324,False,False,False,2021-01-28T05:00:06,2021-01-28T03:00:06Z,winter_US_standard,5,3,6,CS	0	16:02:33.383	Trade	2021.01.28 05:00:06   sell stop 4.87 USDJPY.DWX at 104.134 sl: 104.348 (104.320 / 104.324),D:\QM\reports\work_items\2fc84747-27db-5e88-9568-3fdda6c30769\QM5_41398\20260909_135814\raw\run_01\20260909.log
68820,2021-02-01,buy,True,104.754,104.607,104.754,104.607,104.721,104.723,False,False,False,2021-02-01T05:00:01,2021-02-01T03:00:01Z,winter_US_standard,5,3,6,CS	0	16:02:33.865	Trade	2021.02.01 05:00:01   buy stop 7.11 USDJPY.DWX at 104.754 sl: 104.607 (104.721 / 104.723),D:\QM\reports\work_items\2fc84747-27db-5e88-9568-3fdda6c30769\QM5_41398\20260909_135814\raw\run_01\20260909.log
68821,2021-02-01,sell,True,104.607,104.754,104.754,104.607,104.721,104.723,False,False,False,2021-02-01T05:00:01,2021-02-01T03:00:01Z,winter_US_standard,5,3,6,CS	0	16:02:33.866	Trade	2021.02.01 05:00:01   sell stop 7.12 USDJPY.DWX at 104.607 sl: 104.754 (104.721 / 104.723),D:\QM\reports\work_items\2fc84747-27db-5e88-9568-3fdda6c30769\QM5_41398\20260909_135814\raw\run_01\20260909.log
68834,2021-02-02,buy,True,104.933,104.827,104.933,104.827,104.900,104.900,False,False,False,2021-02-02T05:00:14,2021-02-02T03:00:14Z,winter_US_standard,5,3,6,CS	0	16:02:34.028	Trade	2021.02.02 05:00:14   buy stop 9.88 USDJPY.DWX at 104.933 sl: 104.827 (104.900 / 104.900),D:\QM\reports\work_items\2fc84747-27db-5e88-9568-3fdda6c30769\QM5_41398\20260909_135814\raw\run_01\20260909.log
68835,2021-02-02,sell,True,104.827,104.933,104.933,104.827,104.900,104.900,False,False,False,2021-02-02T05:00:14,2021-02-02T03:00:14Z,winter_US_standard,5,3,6,CS	0	16:02:34.028	Trade	2021.02.02 05:00:14   sell stop 9.89 USDJPY.DWX at 104.827 sl: 104.933 (104.900 / 104.900),D:\QM\reports\work_items\2fc84747-27db-5e88-9568-3fdda6c30769\QM5_41398\20260909_135814\raw\run_01\20260909.log
68849,2021-02-03,buy,True,105.047,104.920,105.047,104.920,104.970,104.972,False,False,False,2021-02-03T05:00:01,2021-02-03T03:00:01Z,winter_US_standard,5,3,6,CS	0	16:02:34.244	Trade	2021.02.03 05:00:01   buy stop 8.26 USDJPY.DWX at 105.047 sl: 104.920 (104.970 / 104.972),D:\QM\reports\work_items\2fc84747-27db-5e88-9568-3fdda6c30769\QM5_41398\20260909_135814\raw\run_01\20260909.log
68850,2021-02-03,sell,True,104.920,105.047,105.047,104.920,104.970,104.972,False,False,False,2021-02-03T05:00:01,2021-02-03T03:00:01Z,winter_US_standard,5,3,6,CS	0	16:02:34.244	Trade	2021.02.03 05:00:01   sell stop 8.27 USDJPY.DWX at 104.920 sl: 105.047 (104.970 / 104.972),D:\QM\reports\work_items\2fc84747-27db-5e88-9568-3fdda6c30769\QM5_41398\20260909_135814\raw\run_01\20260909.log
68860,2021-02-04,buy,True,105.077,104.974,105.077,104.974,105.058,105.060,False,False,False,2021-02-04T05:00:00,2021-02-04T03:00:00Z,winter_US_standard,5,3,6,CS	0	16:02:34.373	Trade	2021.02.04 05:00:00   buy stop 10.19 USDJPY.DWX at 105.077 sl: 104.974 (105.058 / 105.060),D:\QM\reports\work_items\2fc84747-27db-5e88-9568-3fdda6c30769\QM5_41398\20260909_135814\raw\run_01\20260909.log
68861,2021-02-04,sell,True,104.974,105.077,105.077,104.974,105.058,105.060,False,False,False,2021-02-04T05:00:00,2021-02-04T03:00:00Z,winter_US_standard,5,3,6,CS	0	16:02:34.373	Trade	2021.02.04 05:00:00   sell stop 10.2 USDJPY.DWX at 104.974 sl: 105.077 (105.058 / 105.060),D:\QM\reports\work_items\2fc84747-27db-5e88-9568-3fdda6c30769\QM5_41398\20260909_135814\raw\run_01\20260909.log
68875,2021-02-05,buy,True,105.639,105.460,105.639,105.460,105.550,105.550,False,False,False,2021-02-05T05:00:00,2021-02-05T03:00:00Z,winter_US_standard,5,3,6,CS	0	16:02:34.527	Trade	2021.02.05 05:00:00   buy stop 5.89 USDJPY.DWX at 105.639 sl: 105.460 (105.550 / 105.550),D:\QM\reports\work_items\2fc84747-27db-5e88-9568-3fdda6c30769\QM5_41398\20260909_135814\raw\run_01\20260909.log
68876,2021-02-05,sell,True,105.460,105.639,105.639,105.460,105.550,105.550,False,False,False,2021-02-05T05:00:00,2021-02-05T03:00:00Z,winter_US_standard,5,3,6,CS	0	16:02:34.528	Trade	2021.02.05 05:00:00   sell stop 5.9 USDJPY.DWX at 105.460 sl: 105.639 (105.550 / 105.550),D:\QM\reports\work_items\2fc84747-27db-5e88-9568-3fdda6c30769\QM5_41398\20260909_135814\raw\run_01\20260909.log
68886,2021-02-08,buy,True,105.546,105.345,105.546,105.345,105.458,105.462,False,False,False,2021-02-08T05:00:00,2021-02-08T03:00:00Z,winter_US_standard,5,3,6,CS	0	16:02:34.764	Trade	2021.02.08 05:00:00   buy stop 5.24 USDJPY.DWX at 105.546 sl: 105.345 (105.458 / 105.462),D:\QM\reports\work_items\2fc84747-27db-5e88-9568-3fdda6c30769\QM5_41398\20260909_135814\raw\run_01\20260909.log
68887,2021-02-08,sell,True,105.345,105.546,105.546,105.345,105.458,105.462,False,False,False,2021-02-08T05:00:00,2021-02-08T03:00:00Z,winter_US_standard,5,3,6,CS	0	16:02:34.764	Trade	2021.02.08 05:00:00   sell stop 5.25 USDJPY.DWX at 105.345 sl: 105.546 (105.458 / 105.462),D:\QM\reports\work_items\2fc84747-27db-5e88-9568-3fdda6c30769\QM5_41398\20260909_135814\raw\run_01\20260909.log
68897,2021-02-10,buy,True,104.712,104.513,104.712,104.513,104.611,104.615,False,False,False,2021-02-10T05:00:00,2021-02-10T03:00:00Z,winter_US_standard,5,3,6,CS	0	16:02:35.175	Trade	2021.02.10 05:00:00   buy stop 5.25 USDJPY.DWX at 104.712 sl: 104.513 (104.611 / 104.615),D:\QM\reports\work_items\2fc84747-27db-5e88-9568-3fdda6c30769\QM5_41398\20260909_135814\raw\run_01\20260909.log
68898,2021-02-10,sell,True,104.513,104.712,104.712,104.513,104.611,104.615,False,False,False,2021-02-10T05:00:00,2021-02-10T03:00:00Z,winter_US_standard,5,3,6,CS	0	16:02:35.176	Trade	2021.02.10 05:00:00   sell stop 5.26 USDJPY.DWX at 104.513 sl: 104.712 (104.611 / 104.615),D:\QM\reports\work_items\2fc84747-27db-5e88-9568-3fdda6c30769\QM5_41398\20260909_135814\raw\run_01\20260909.log
68908,2021-02-11,buy,True,104.644,104.564,104.644,104.564,104.604,104.607,False,False,False,2021-02-11T05:00:00,2021-02-11T03:00:00Z,winter_US_standard,5,3,6,CS	0	16:02:35.290	Trade	2021.02.11 05:00:00   buy stop 13.07 USDJPY.DWX at 104.644 sl: 104.564 (104.604 / 104.607),D:\QM\reports\work_items\2fc84747-27db-5e88-9568-3fdda6c30769\QM5_41398\20260909_135814\raw\run_01\20260909.log
68909,2021-02-11,sell,True,104.564,104.644,104.644,104.564,104.604,104.607,False,False,False,2021-02-11T05:00:00,2021-02-11T03:00:00Z,winter_US_standard,5,3,6,CS	0	16:02:35.290	Trade	2021.02.11 05:00:00   sell stop 13.08 USDJPY.DWX at 104.564 sl: 104.644 (104.604 / 104.607),D:\QM\reports\work_items\2fc84747-27db-5e88-9568-3fdda6c30769\QM5_41398\20260909_135814\raw\run_01\20260909.log
68919,2021-02-12,buy,True,104.841,104.736,104.841,104.736,104.826,104.829,False,False,False,2021-02-12T05:00:01,2021-02-12T03:00:01Z,winter_US_standard,5,3,6,CS	0	16:02:35.445	Trade	2021.02.12 05:00:01   buy stop 9.97 USDJPY.DWX at 104.841 sl: 104.736 (104.826 / 104.829),D:\QM\reports\work_items\2fc84747-27db-5e88-9568-3fdda6c30769\QM5_41398\20260909_135814\raw\run_01\20260909.log
68920,2021-02-12,sell,True,104.736,104.841,104.841,104.736,104.826,104.829,False,False,False,2021-02-12T05:00:01,2021-02-12T03:00:01Z,winter_US_standard,5,3,6,CS	0	16:02:35.445	Trade	2021.02.12 05:00:01   sell stop 9.98 USDJPY.DWX at 104.736 sl: 104.841 (104.826 / 104.829),D:\QM\reports\work_items\2fc84747-27db-5e88-9568-3fdda6c30769\QM5_41398\20260909_135814\raw\run_01\20260909.log
68936,2021-02-15,buy,True,105.142,104.977,105.142,104.977,105.011,105.013,False,False,False,2021-02-15T05:00:00,2021-02-15T03:00:00Z,winter_US_standard,5,3,6,CS	0	16:02:35.637	Trade	2021.02.15 05:00:00   buy stop 6.36 USDJPY.DWX at 105.142 sl: 104.977 (105.011 / 105.013),D:\QM\reports\work_items\2fc84747-27db-5e88-9568-3fdda6c30769\QM5_41398\20260909_135814\raw\run_01\20260909.log
68937,2021-02-15,sell,True,104.977,105.142,105.142,104.977,105.011,105.013,False,False,False,2021-02-15T05:00:00,2021-02-15T03:00:00Z,winter_US_standard,5,3,6,CS	0	16:02:35.637	Trade	2021.02.15 05:00:00   sell stop 6.37 USDJPY.DWX at 104.977 sl: 105.142 (105.011 / 105.013),D:\QM\reports\work_items\2fc84747-27db-5e88-9568-3fdda6c30769\QM5_41398\20260909_135814\raw\run_01\20260909.log
68951,2021-02-17,buy,True,106.189,105.903,106.189,105.903,105.962,105.965,False,False,False,2021-02-17T05:00:00,2021-02-17T03:00:00Z,winter_US_standard,5,3,6,CS	0	16:02:36.009	Trade	2021.02.17 05:00:00   buy stop 3.7 USDJPY.DWX at 106.189 sl: 105.903 (105.962 / 105.965),D:\QM\reports\work_items\2fc84747-27db-5e88-9568-3fdda6c30769\QM5_41398\20260909_135814\raw\run_01\20260909.log
68952,2021-02-17,sell,True,105.903,106.189,106.189,105.903,105.962,105.965,False,False,False,2021-02-17T05:00:00,2021-02-17T03:00:00Z,winter_US_standard,5,3,6,CS	0	16:02:36.009	Trade	2021.02.17 05:00:00   sell stop 3.71 USDJPY.DWX at 105.903 sl: 106.189 (105.962 / 105.965),D:\QM\reports\work_items\2fc84747-27db-5e88-9568-3fdda6c30769\QM5_41398\20260909_135814\raw\run_01\20260909.log
68962,2021-02-18,buy,True,105.912,105.696,105.912,105.696,105.846,105.849,False,False,False,2021-02-18T05:00:00,2021-02-18T03:00:00Z,winter_US_standard,5,3,6,CS	0	16:02:36.208	Trade	2021.02.18 05:00:00   buy stop 4.89 USDJPY.DWX at 105.912 sl: 105.696 (105.846 / 105.849),D:\QM\reports\work_items\2fc84747-27db-5e88-9568-3fdda6c30769\QM5_41398\20260909_135814\raw\run_01\20260909.log
68963,2021-02-18,sell,True,105.696,105.912,105.912,105.696,105.846,105.849,False,False,False,2021-02-18T05:00:00,2021-02-18T03:00:00Z,winter_US_standard,5,3,6,CS	0	16:02:36.208	Trade	2021.02.18 05:00:00   sell stop 4.9 USDJPY.DWX at 105.696 sl: 105.912 (105.846 / 105.849),D:\QM\reports\work_items\2fc84747-27db-5e88-9568-3fdda6c30769\QM5_41398\20260909_135814\raw\run_01\20260909.log
68973,2021-02-19,buy,True,105.742,105.632,105.742,105.632,105.671,105.674,False,False,False,2021-02-19T05:00:00,2021-02-19T03:00:00Z,winter_US_standard,5,3,6,CS	0	16:02:36.368	Trade	2021.02.19 05:00:00   buy stop 9.6 USDJPY.DWX at 105.742 sl: 105.632 (105.671 / 105.674),D:\QM\reports\work_items\2fc84747-27db-5e88-9568-3fdda6c30769\QM5_41398\20260909_135814\raw\run_01\20260909.log
68974,2021-02-19,sell,True,105.632,105.742,105.742,105.632,105.671,105.674,False,False,False,2021-02-19T05:00:00,2021-02-19T03:00:00Z,winter_US_standard,5,3,6,CS	0	16:02:36.368	Trade	2021.02.19 05:00:00   sell stop 9.61 USDJPY.DWX at 105.632 sl: 105.742 (105.671 / 105.674),D:\QM\reports\work_items\2fc84747-27db-5e88-9568-3fdda6c30769\QM5_41398\20260909_135814\raw\run_01\20260909.log
68987,2021-02-22,buy,True,105.736,105.426,105.736,105.426,105.616,105.618,False,False,False,2021-02-22T05:00:03,2021-02-22T03:00:03Z,winter_US_standard,5,3,6,CS	0	16:02:36.558	Trade	2021.02.22 05:00:03   buy stop 3.4 USDJPY.DWX at 105.736 sl: 105.426 (105.616 / 105.618),D:\QM\reports\work_items\2fc84747-27db-5e88-9568-3fdda6c30769\QM5_41398\20260909_135814\raw\run_01\20260909.log
68988,2021-02-22,sell,True,105.426,105.736,105.736,105.426,105.616,105.618,False,False,False,2021-02-22T05:00:03,2021-02-22T03:00:03Z,winter_US_standard,5,3,6,CS	0	16:02:36.559	Trade	2021.02.22 05:00:03   sell stop 3.41 USDJPY.DWX at 105.426 sl: 105.736 (105.616 / 105.618),D:\QM\reports\work_items\2fc84747-27db-5e88-9568-3fdda6c30769\QM5_41398\20260909_135814\raw\run_01\20260909.log
68998,2021-02-23,buy,True,105.031,104.921,105.031,104.921,104.999,105.003,False,False,False,2021-02-23T05:00:28,2021-02-23T03:00:28Z,winter_US_standard,5,3,6,CS	0	16:02:36.854	Trade	2021.02.23 05:00:28   buy stop 9.53 USDJPY.DWX at 105.031 sl: 104.921 (104.999 / 105.003),D:\QM\reports\work_items\2fc84747-27db-5e88-9568-3fdda6c30769\QM5_41398\20260909_135814\raw\run_01\20260909.log
68999,2021-02-23,sell,True,104.921,105.031,105.031,104.921,104.999,105.003,False,False,False,2021-02-23T05:00:28,2021-02-23T03:00:28Z,winter_US_standard,5,3,6,CS	0	16:02:36.855	Trade	2021.02.23 05:00:28   sell stop 9.54 USDJPY.DWX at 104.921 sl: 105.031 (104.999 / 105.003),D:\QM\reports\work_items\2fc84747-27db-5e88-9568-3fdda6c30769\QM5_41398\20260909_135814\raw\run_01\20260909.log
69014,2021-02-24,buy,True,105.499,105.267,105.499,105.267,105.495,105.498,False,False,False,2021-02-24T05:00:02,2021-02-24T03:00:02Z,winter_US_standard,5,3,6,CS	0	16:02:37.089	Trade	2021.02.24 05:00:02   buy stop 4.53 USDJPY.DWX at 105.499 sl: 105.267 (105.495 / 105.498),D:\QM\reports\work_items\2fc84747-27db-5e88-9568-3fdda6c30769\QM5_41398\20260909_135814\raw\run_01\20260909.log
69015,2021-02-24,sell,True,105.267,105.499,105.499,105.267,105.495,105.498,False,False,False,2021-02-24T05:00:02,2021-02-24T03:00:02Z,winter_US_standard,5,3,6,CS	0	16:02:37.089	Trade	2021.02.24 05:00:02   sell stop 4.54 USDJPY.DWX at 105.267 sl: 105.499 (105.495 / 105.498),D:\QM\reports\work_items\2fc84747-27db-5e88-9568-3fdda6c30769\QM5_41398\20260909_135814\raw\run_01\20260909.log
69031,2021-02-25,buy,True,106.138,105.926,106.138,105.926,106.034,106.036,False,False,False,2021-02-25T05:00:00,2021-02-25T03:00:00Z,winter_US_standard,5,3,6,CS	0	16:02:37.451	Trade	2021.02.25 05:00:00   buy stop 4.99 USDJPY.DWX at 106.138 sl: 105.926 (106.034 / 106.036),D:\QM\reports\work_items\2fc84747-27db-5e88-9568-3fdda6c30769\QM5_41398\20260909_135814\raw\run_01\20260909.log
69032,2021-02-25,sell,True,105.926,106.138,106.138,105.926,106.034,106.036,False,False,False,2021-02-25T05:00:00,2021-02-25T03:00:00Z,winter_US_standard,5,3,6,CS	0	16:02:37.451	Trade	2021.02.25 05:00:00   sell stop 5 USDJPY.DWX at 105.926 sl: 106.138 (106.034 / 106.036),D:\QM\reports\work_items\2fc84747-27db-5e88-9568-3fdda6c30769\QM5_41398\20260909_135814\raw\run_01\20260909.log
69042,2021-03-02,buy,True,106.925,106.733,106.925,106.733,106.745,106.747,False,False,False,2021-03-02T05:00:00,2021-03-02T03:00:00Z,winter_US_standard,5,3,6,CS	0	16:02:38.260	Trade	2021.03.02 05:00:00   buy stop 5.55 USDJPY.DWX at 106.925 sl: 106.733 (106.745 / 106.747),D:\QM\reports\work_items\2fc84747-27db-5e88-9568-3fdda6c30769\QM5_41398\20260909_135814\raw\run_01\20260909.log
69043,2021-03-02,sell,True,106.733,106.925,106.925,106.733,106.745,106.747,False,False,False,2021-03-02T05:00:00,2021-03-02T03:00:00Z,winter_US_standard,5,3,6,CS	0	16:02:38.261	Trade	2021.03.02 05:00:00   sell stop 5.56 USDJPY.DWX at 106.733 sl: 106.925 (106.745 / 106.747),D:\QM\reports\work_items\2fc84747-27db-5e88-9568-3fdda6c30769\QM5_41398\20260909_135814\raw\run_01\20260909.log
69053,2021-03-03,buy,True,106.857,106.697,106.857,106.697,106.846,106.848,False,False,False,2021-03-03T05:00:09,2021-03-03T03:00:09Z,winter_US_standard,5,3,6,CS	0	16:02:38.446	Trade	2021.03.03 05:00:09   buy stop 6.66 USDJPY.DWX at 106.857 sl: 106.697 (106.846 / 106.848),D:\QM\reports\work_items\2fc84747-27db-5e88-9568-3fdda6c30769\QM5_41398\20260909_135814\raw\run_01\20260909.log
69054,2021-03-03,sell,True,106.697,106.857,106.857,106.697,106.846,106.848,False,False,False,2021-03-03T05:00:09,2021-03-03T03:00:09Z,winter_US_standard,5,3,6,CS	0	16:02:38.446	Trade	2021.03.03 05:00:09   sell stop 6.67 USDJPY.DWX at 106.697 sl: 106.857 (106.846 / 106.848),D:\QM\reports\work_items\2fc84747-27db-5e88-9568-3fdda6c30769\QM5_41398\20260909_135814\raw\run_01\20260909.log
69066,2021-03-04,buy,True,107.107,106.967,107.107,106.967,107.071,107.073,False,False,False,2021-03-04T05:00:04,2021-03-04T03:00:04Z,winter_US_standard,5,3,6,CS	0	16:02:38.644	Trade	2021.03.04 05:00:04   buy stop 7.64 USDJPY.DWX at 107.107 sl: 106.967 (107.071 / 107.073),D:\QM\reports\work_items\2fc84747-27db-5e88-9568-3fdda6c30769\QM5_41398\20260909_135814\raw\run_01\20260909.log
69067,2021-03-04,sell,True,106.967,107.107,107.107,106.967,107.071,107.073,False,False,False,2021-03-04T05:00:04,2021-03-04T03:00:04Z,winter_US_standard,5,3,6,CS	0	16:02:38.644	Trade	2021.03.04 05:00:04   sell stop 7.65 USDJPY.DWX at 106.967 sl: 107.107 (107.071 / 107.073),D:\QM\reports\work_items\2fc84747-27db-5e88-9568-3fdda6c30769\QM5_41398\20260909_135814\raw\run_01\20260909.log
69085,2021-03-05,buy,True,107.968,107.819,107.968,107.819,107.902,107.903,False,False,False,2021-03-05T05:00:00,2021-03-05T03:00:00Z,winter_US_standard,5,3,6,CS	0	16:02:38.868	Trade	2021.03.05 05:00:00   buy stop 7.23 USDJPY.DWX at 107.968 sl: 107.819 (107.902 / 107.903),D:\QM\reports\work_items\2fc84747-27db-5e88-9568-3fdda6c30769\QM5_41398\20260909_135814\raw\run_01\20260909.log
69086,2021-03-05,sell,True,107.819,107.968,107.968,107.819,107.902,107.903,False,False,False,2021-03-05T05:00:00,2021-03-05T03:00:00Z,winter_US_standard,5,3,6,CS	0	16:02:38.868	Trade	2021.03.05 05:00:00   sell stop 7.24 USDJPY.DWX at 107.819 sl: 107.968 (107.902 / 107.903),D:\QM\reports\work_items\2fc84747-27db-5e88-9568-3fdda6c30769\QM5_41398\20260909_135814\raw\run_01\20260909.log
69103,2021-03-08,buy,True,108.489,108.308,108.489,108.308,108.440,108.442,False,False,False,2021-03-08T05:00:00,2021-03-08T03:00:00Z,winter_US_standard,5,3,6,CS	0	16:02:39.247	Trade	2021.03.08 05:00:00   buy stop 5.98 USDJPY.DWX at 108.489 sl: 108.308 (108.440 / 108.442),D:\QM\reports\work_items\2fc84747-27db-5e88-9568-3fdda6c30769\QM5_41398\20260909_135814\raw\run_01\20260909.log
69104,2021-03-08,sell,True,108.308,108.489,108.489,108.308,108.440,108.442,False,False,False,2021-03-08T05:00:00,2021-03-08T03:00:00Z,winter_US_standard,5,3,6,CS	0	16:02:39.247	Trade	2021.03.08 05:00:00   sell stop 5.99 USDJPY.DWX at 108.308 sl: 108.489 (108.440 / 108.442),D:\QM\reports\work_items\2fc84747-27db-5e88-9568-3fdda6c30769\QM5_41398\20260909_135814\raw\run_01\20260909.log
69117,2021-03-10,buy,True,108.834,108.517,108.834,108.517,108.816,108.818,False,False,False,2021-03-10T05:00:00,2021-03-10T03:00:00Z,winter_US_standard,5,3,6,CS	0	16:02:39.816	Trade	2021.03.10 05:00:00   buy stop 3.42 USDJPY.DWX at 108.834 sl: 108.517 (108.816 / 108.818),D:\QM\reports\work_items\2fc84747-27db-5e88-9568-3fdda6c30769\QM5_41398\20260909_135814\raw\run_01\20260909.log
69118,2021-03-10,sell,True,108.517,108.834,108.834,108.517,108.816,108.818,False,False,False,2021-03-10T05:00:00,2021-03-10T03:00:00Z,winter_US_standard,5,3,6,CS	0	16:02:39.816	Trade	2021.03.10 05:00:00   sell stop 3.43 USDJPY.DWX at 108.517 sl: 108.834 (108.816 / 108.818),D:\QM\reports\work_items\2fc84747-27db-5e88-9568-3fdda6c30769\QM5_41398\20260909_135814\raw\run_01\20260909.log
69128,2021-03-11,buy,True,108.585,108.356,108.585,108.356,108.555,108.556,False,False,False,2021-03-11T05:00:00,2021-03-11T03:00:00Z,winter_US_standard,5,3,6,CS	0	16:02:40.026	Trade	2021.03.11 05:00:00   buy stop 4.73 USDJPY.DWX at 108.585 sl: 108.356 (108.555 / 108.556),D:\QM\reports\work_items\2fc84747-27db-5e88-9568-3fdda6c30769\QM5_41398\20260909_135814\raw\run_01\20260909.log
69129,2021-03-11,sell,True,108.356,108.585,108.585,108.356,108.555,108.556,False,False,False,2021-03-11T05:00:00,2021-03-11T03:00:00Z,winter_US_standard,5,3,6,CS	0	16:02:40.027	Trade	2021.03.11 05:00:00   sell stop 4.74 USDJPY.DWX at 108.356 sl: 108.585 (108.555 / 108.556),D:\QM\reports\work_items\2fc84747-27db-5e88-9568-3fdda6c30769\QM5_41398\20260909_135814\raw\run_01\20260909.log
69139,2021-03-12,buy,True,108.783,108.515,108.783,108.515,108.773,108.773,False,False,False,2021-03-12T05:00:00,2021-03-12T03:00:00Z,winter_US_standard,5,3,6,CS	0	16:02:40.333	Trade	2021.03.12 05:00:00   buy stop 4.04 USDJPY.DWX at 108.783 sl: 108.515 (108.773 / 108.773),D:\QM\reports\work_items\2fc84747-27db-5e88-9568-3fdda6c30769\QM5_41398\20260909_135814\raw\run_01\20260909.log
69140,2021-03-12,sell,True,108.515,108.783,108.783,108.515,108.773,108.773,False,False,False,2021-03-12T05:00:00,2021-03-12T03:00:00Z,winter_US_standard,5,3,6,CS	0	16:02:40.334	Trade	2021.03.12 05:00:00   sell stop 4.05 USDJPY.DWX at 108.515 sl: 108.783 (108.773 / 108.773),D:\QM\reports\work_items\2fc84747-27db-5e88-9568-3fdda6c30769\QM5_41398\20260909_135814\raw\run_01\20260909.log
69154,2021-03-15,buy,True,109.197,108.912,109.197,108.912,109.136,109.140,False,False,False,2021-03-15T06:00:00,2021-03-15T03:00:00Z,summer_US_DST,6,3,6,CS	0	16:02:40.621	Trade	2021.03.15 06:00:00   buy stop 3.82 USDJPY.DWX at 109.197 sl: 108.912 (109.136 / 109.140),D:\QM\reports\work_items\2fc84747-27db-5e88-9568-3fdda6c30769\QM5_41398\20260909_135814\raw\run_01\20260909.log
69155,2021-03-15,sell,True,108.912,109.197,109.197,108.912,109.136,109.140,False,False,False,2021-03-15T06:00:00,2021-03-15T03:00:00Z,summer_US_DST,6,3,6,CS	0	16:02:40.621	Trade	2021.03.15 06:00:00   sell stop 3.83 USDJPY.DWX at 108.912 sl: 109.197 (109.136 / 109.140),D:\QM\reports\work_items\2fc84747-27db-5e88-9568-3fdda6c30769\QM5_41398\20260909_135814\raw\run_01\20260909.log
69165,2021-03-16,buy,True,109.245,109.118,109.245,109.118,109.219,109.220,False,False,False,2021-03-16T06:00:00,2021-03-16T03:00:00Z,summer_US_DST,6,3,6,CS	0	16:02:40.854	Trade	2021.03.16 06:00:00   buy stop 8.59 USDJPY.DWX at 109.245 sl: 109.118 (109.219 / 109.220),D:\QM\reports\work_items\2fc84747-27db-5e88-9568-3fdda6c30769\QM5_41398\20260909_135814\raw\run_01\20260909.log
69166,2021-03-16,sell,True,109.118,109.245,109.245,109.118,109.219,109.220,False,False,False,2021-03-16T06:00:00,2021-03-16T03:00:00Z,summer_US_DST,6,3,6,CS	0	16:02:40.854	Trade	2021.03.16 06:00:00   sell stop 8.6 USDJPY.DWX at 109.118 sl: 109.245 (109.219 / 109.220),D:\QM\reports\work_items\2fc84747-27db-5e88-9568-3fdda6c30769\QM5_41398\20260909_135814\raw\run_01\20260909.log
69176,2021-03-17,buy,True,109.169,109.010,109.169,109.010,109.096,109.097,False,False,False,2021-03-17T06:00:01,2021-03-17T03:00:01Z,summer_US_DST,6,3,6,CS	0	16:02:41.041	Trade	2021.03.17 06:00:01   buy stop 6.85 USDJPY.DWX at 109.169 sl: 109.010 (109.096 / 109.097),D:\QM\reports\work_items\2fc84747-27db-5e88-9568-3fdda6c30769\QM5_41398\20260909_135814\raw\run_01\20260909.log
69177,2021-03-17,sell,True,109.010,109.169,109.169,109.010,109.096,109.097,False,False,False,2021-03-17T06:00:01,2021-03-17T03:00:01Z,summer_US_DST,6,3,6,CS	0	16:02:41.041	Trade	2021.03.17 06:00:01   sell stop 6.86 USDJPY.DWX at 109.010 sl: 109.169 (109.096 / 109.097),D:\QM\reports\work_items\2fc84747-27db-5e88-9568-3fdda6c30769\QM5_41398\20260909_135814\raw\run_01\20260909.log
69187,2021-03-18,buy,True,109.125,108.897,109.125,108.897,109.072,109.075,False,False,False,2021-03-18T06:00:02,2021-03-18T03:00:02Z,summer_US_DST,6,3,6,CS	0	16:02:41.228	Trade	2021.03.18 06:00:02   buy stop 4.77 USDJPY.DWX at 109.125 sl: 108.897 (109.072 / 109.075),D:\QM\reports\work_items\2fc84747-27db-5e88-9568-3fdda6c30769\QM5_41398\20260909_135814\raw\run_01\20260909.log
69188,2021-03-18,sell,True,108.897,109.125,109.125,108.897,109.072,109.075,False,False,False,2021-03-18T06:00:02,2021-03-18T03:00:02Z,summer_US_DST,6,3,6,CS	0	16:02:41.228	Trade	2021.03.18 06:00:02   sell stop 4.78 USDJPY.DWX at 108.897 sl: 109.125 (109.072 / 109.075),D:\QM\reports\work_items\2fc84747-27db-5e88-9568-3fdda6c30769\QM5_41398\20260909_135814\raw\run_01\20260909.log
69198,2021-03-19,buy,True,109.106,108.930,109.106,108.930,108.980,108.984,False,False,False,2021-03-19T06:00:00,2021-03-19T03:00:00Z,summer_US_DST,6,3,6,CS	0	16:02:41.529	Trade	2021.03.19 06:00:00   buy stop 6.18 USDJPY.DWX at 109.106 sl: 108.930 (108.980 / 108.984),D:\QM\reports\work_items\2fc84747-27db-5e88-9568-3fdda6c30769\QM5_41398\20260909_135814\raw\run_01\20260909.log
69199,2021-03-19,sell,True,108.930,109.106,109.106,108.930,108.980,108.984,False,False,False,2021-03-19T06:00:00,2021-03-19T03:00:00Z,summer_US_DST,6,3,6,CS	0	16:02:41.529	Trade	2021.03.19 06:00:00   sell stop 6.19 USDJPY.DWX at 108.930 sl: 109.106 (108.980 / 108.984),D:\QM\reports\work_items\2fc84747-27db-5e88-9568-3fdda6c30769\QM5_41398\20260909_135814\raw\run_01\20260909.log
69209,2021-03-22,buy,True,108.956,108.772,108.956,108.772,108.776,108.779,False,False,False,2021-03-22T06:00:00,2021-03-22T03:00:00Z,summer_US_DST,6,3,6,CS	0	16:02:41.735	Trade	2021.03.22 06:00:00   buy stop 5.91 USDJPY.DWX at 108.956 sl: 108.772 (108.776 / 108.779),D:\QM\reports\work_items\2fc84747-27db-5e88-9568-3fdda6c30769\QM5_41398\20260909_135814\raw\run_01\20260909.log
69210,2021-03-22,sell,True,108.772,108.956,108.956,108.772,108.776,108.779,False,False,False,2021-03-22T06:00:00,2021-03-22T03:00:00Z,summer_US_DST,6,3,6,CS	0	16:02:41.735	Trade	2021.03.22 06:00:00   sell stop 5.92 USDJPY.DWX at 108.772 sl: 108.956 (108.776 / 108.779),D:\QM\reports\work_items\2fc84747-27db-5e88-9568-3fdda6c30769\QM5_41398\20260909_135814\raw\run_01\20260909.log
69220,2021-03-24,buy,True,108.642,108.450,108.642,108.450,108.506,108.508,False,False,False,2021-03-24T06:00:00,2021-03-24T03:00:00Z,summer_US_DST,6,3,6,CS	0	16:02:42.074	Trade	2021.03.24 06:00:00   buy stop 5.64 USDJPY.DWX at 108.642 sl: 108.450 (108.506 / 108.508),D:\QM\reports\work_items\2fc84747-27db-5e88-9568-3fdda6c30769\QM5_41398\20260909_135814\raw\run_01\20260909.log
69221,2021-03-24,sell,True,108.450,108.642,108.642,108.450,108.506,108.508,False,False,False,2021-03-24T06:00:00,2021-03-24T03:00:00Z,summer_US_DST,6,3,6,CS	0	16:02:42.075	Trade	2021.03.24 06:00:00   sell stop 5.65 USDJPY.DWX at 108.450 sl: 108.642 (108.506 / 108.508),D:\QM\reports\work_items\2fc84747-27db-5e88-9568-3fdda6c30769\QM5_41398\20260909_135814\raw\run_01\20260909.log
69233,2021-03-25,buy,True,108.991,108.788,108.991,108.788,108.910,108.914,False,False,False,2021-03-25T06:00:00,2021-03-25T03:00:00Z,summer_US_DST,6,3,6,CS	0	16:02:42.285	Trade	2021.03.25 06:00:00   buy stop 5.35 USDJPY.DWX at 108.991 sl: 108.788 (108.910 / 108.914),D:\QM\reports\work_items\2fc84747-27db-5e88-9568-3fdda6c30769\QM5_41398\20260909_135814\raw\run_01\20260909.log
69234,2021-03-25,sell,True,108.788,108.991,108.991,108.788,108.910,108.914,False,False,False,2021-03-25T06:00:00,2021-03-25T03:00:00Z,summer_US_DST,6,3,6,CS	0	16:02:42.286	Trade	2021.03.25 06:00:00   sell stop 5.36 USDJPY.DWX at 108.788 sl: 108.991 (108.910 / 108.914),D:\QM\reports\work_items\2fc84747-27db-5e88-9568-3fdda6c30769\QM5_41398\20260909_135814\raw\run_01\20260909.log
69244,2021-03-26,buy,True,109.314,109.130,109.314,109.130,109.232,109.236,False,False,False,2021-03-26T06:00:03,2021-03-26T03:00:03Z,summer_US_DST,6,3,6,CS	0	16:02:42.421	Trade	2021.03.26 06:00:03   buy stop 5.93 USDJPY.DWX at 109.314 sl: 109.130 (109.232 / 109.236),D:\QM\reports\work_items\2fc84747-27db-5e88-9568-3fdda6c30769\QM5_41398\20260909_135814\raw\run_01\20260909.log
69245,2021-03-26,sell,True,109.130,109.314,109.314,109.130,109.232,109.236,False,False,False,2021-03-26T06:00:03,2021-03-26T03:00:03Z,summer_US_DST,6,3,6,CS	0	16:02:42.421	Trade	2021.03.26 06:00:03   sell stop 5.94 USDJPY.DWX at 109.130 sl: 109.314 (109.232 / 109.236),D:\QM\reports\work_items\2fc84747-27db-5e88-9568-3fdda6c30769\QM5_41398\20260909_135814\raw\run_01\20260909.log
69261,2021-03-30,buy,True,109.973,109.786,109.973,109.786,109.961,109.964,False,False,False,2021-03-30T06:00:01,2021-03-30T03:00:01Z,summer_US_DST,6,3,6,CS	0	16:02:42.745	Trade	2021.03.30 06:00:01   buy stop 5.87 USDJPY.DWX at 109.973 sl: 109.786 (109.961 / 109.964),D:\QM\reports\work_items\2fc84747-27db-5e88-9568-3fdda6c30769\QM5_41398\20260909_135814\raw\run_01\20260909.log
69262,2021-03-30,sell,True,109.786,109.973,109.973,109.786,109.961,109.964,False,False,False,2021-03-30T06:00:01,2021-03-30T03:00:01Z,summer_US_DST,6,3,6,CS	0	16:02:42.745	Trade	2021.03.30 06:00:01   sell stop 5.88 USDJPY.DWX at 109.786 sl: 109.973 (109.961 / 109.964),D:\QM\reports\work_items\2fc84747-27db-5e88-9568-3fdda6c30769\QM5_41398\20260909_135814\raw\run_01\20260909.log
69279,2021-04-01,buy,True,110.824,110.615,110.824,110.615,110.636,110.639,False,False,False,2021-04-01T06:00:00,2021-04-01T03:00:00Z,summer_US_DST,6,3,6,CS	0	16:02:43.267	Trade	2021.04.01 06:00:00   buy stop 5.29 USDJPY.DWX at 110.824 sl: 110.615 (110.636 / 110.639),D:\QM\reports\work_items\2fc84747-27db-5e88-9568-3fdda6c30769\QM5_41398\20260909_135814\raw\run_01\20260909.log
69280,2021-04-01,sell,True,110.615,110.824,110.824,110.615,110.636,110.639,False,False,False,2021-04-01T06:00:00,2021-04-01T03:00:00Z,summer_US_DST,6,3,6,CS	0	16:02:43.267	Trade	2021.04.01 06:00:00   sell stop 5.3 USDJPY.DWX at 110.615 sl: 110.824 (110.636 / 110.639),D:\QM\reports\work_items\2fc84747-27db-5e88-9568-3fdda6c30769\QM5_41398\20260909_135814\raw\run_01\20260909.log
69290,2021-04-02,buy,True,110.668,110.521,110.668,110.521,110.623,110.628,False,False,False,2021-04-02T06:00:00,2021-04-02T03:00:00Z,summer_US_DST,6,3,6,CS	0	16:02:43.483	Trade	2021.04.02 06:00:00   buy stop 7.51 USDJPY.DWX at 110.668 sl: 110.521 (110.623 / 110.628),D:\QM\reports\work_items\2fc84747-27db-5e88-9568-3fdda6c30769\QM5_41398\20260909_135814\raw\run_01\20260909.log
69291,2021-04-02,sell,True,110.521,110.668,110.668,110.521,110.623,110.628,False,False,False,2021-04-02T06:00:00,2021-04-02T03:00:00Z,summer_US_DST,6,3,6,CS	0	16:02:43.484	Trade	2021.04.02 06:00:00   sell stop 7.52 USDJPY.DWX at 110.521 sl: 110.668 (110.623 / 110.628),D:\QM\reports\work_items\2fc84747-27db-5e88-9568-3fdda6c30769\QM5_41398\20260909_135814\raw\run_01\20260909.log
69301,2021-04-05,buy,True,110.719,110.542,110.719,110.542,110.567,110.571,False,False,False,2021-04-05T06:00:00,2021-04-05T03:00:00Z,summer_US_DST,6,3,6,CS	0	16:02:43.602	Trade	2021.04.05 06:00:00   buy stop 6.24 USDJPY.DWX at 110.719 sl: 110.542 (110.567 / 110.571),D:\QM\reports\work_items\2fc84747-27db-5e88-9568-3fdda6c30769\QM5_41398\20260909_135814\raw\run_01\20260909.log
69302,2021-04-05,sell,True,110.542,110.719,110.719,110.542,110.567,110.571,False,False,False,2021-04-05T06:00:00,2021-04-05T03:00:00Z,summer_US_DST,6,3,6,CS	0	16:02:43.603	Trade	2021.04.05 06:00:00   sell stop 6.25 USDJPY.DWX at 110.542 sl: 110.719 (110.567 / 110.571),D:\QM\reports\work_items\2fc84747-27db-5e88-9568-3fdda6c30769\QM5_41398\20260909_135814\raw\run_01\20260909.log
69315,2021-04-06,buy,True,110.357,110.127,110.357,110.127,110.345,110.348,False,False,False,2021-04-06T06:00:28,2021-04-06T03:00:28Z,summer_US_DST,6,3,6,CS	0	16:02:43.818	Trade	2021.04.06 06:00:28   buy stop 4.78 USDJPY.DWX at 110.357 sl: 110.127 (110.345 / 110.348),D:\QM\reports\work_items\2fc84747-27db-5e88-9568-3fdda6c30769\QM5_41398\20260909_135814\raw\run_01\20260909.log
69316,2021-04-06,sell,True,110.127,110.357,110.357,110.127,110.345,110.348,False,False,False,2021-04-06T06:00:28,2021-04-06T03:00:28Z,summer_US_DST,6,3,6,CS	0	16:02:43.818	Trade	2021.04.06 06:00:28   sell stop 4.79 USDJPY.DWX at 110.127 sl: 110.357 (110.345 / 110.348),D:\QM\reports\work_items\2fc84747-27db-5e88-9568-3fdda6c30769\QM5_41398\20260909_135814\raw\run_01\20260909.log
69326,2021-04-08,buy,True,109.903,109.712,109.903,109.712,109.741,109.744,False,False,False,2021-04-08T06:00:00,2021-04-08T03:00:00Z,summer_US_DST,6,3,6,CS	0	16:02:44.372	Trade	2021.04.08 06:00:00   buy stop 5.74 USDJPY.DWX at 109.903 sl: 109.712 (109.741 / 109.744),D:\QM\reports\work_items\2fc84747-27db-5e88-9568-3fdda6c30769\QM5_41398\20260909_135814\raw\run_01\20260909.log
69327,2021-04-08,sell,True,109.712,109.903,109.903,109.712,109.741,109.744,False,False,False,2021-04-08T06:00:00,2021-04-08T03:00:00Z,summer_US_DST,6,3,6,CS	0	16:02:44.372	Trade	2021.04.08 06:00:00   sell stop 5.75 USDJPY.DWX at 109.712 sl: 109.903 (109.741 / 109.744),D:\QM\reports\work_items\2fc84747-27db-5e88-9568-3fdda6c30769\QM5_41398\20260909_135814\raw\run_01\20260909.log
69340,2021-04-09,buy,True,109.376,109.212,109.376,109.212,109.275,109.277,False,False,False,2021-04-09T06:00:00,2021-04-09T03:00:00Z,summer_US_DST,6,3,6,CS	0	16:02:44.660	Trade	2021.04.09 06:00:00   buy stop 6.65 USDJPY.DWX at 109.376 sl: 109.212 (109.275 / 109.277),D:\QM\reports\work_items\2fc84747-27db-5e88-9568-3fdda6c30769\QM5_41398\20260909_135814\raw\run_01\20260909.log
69341,2021-04-09,sell,True,109.212,109.376,109.376,109.212,109.275,109.277,False,False,False,2021-04-09T06:00:00,2021-04-09T03:00:00Z,summer_US_DST,6,3,6,CS	0	16:02:44.660	Trade	2021.04.09 06:00:00   sell stop 6.66 USDJPY.DWX at 109.212 sl: 109.376 (109.275 / 109.277),D:\QM\reports\work_items\2fc84747-27db-5e88-9568-3fdda6c30769\QM5_41398\20260909_135814\raw\run_01\20260909.log
69356,2021-04-14,buy,True,108.941,108.750,108.941,108.750,108.854,108.857,False,False,False,2021-04-14T06:00:00,2021-04-14T03:00:00Z,summer_US_DST,6,3,6,CS	0	16:02:45.348	Trade	2021.04.14 06:00:00   buy stop 5.69 USDJPY.DWX at 108.941 sl: 108.750 (108.854 / 108.857),D:\QM\reports\work_items\2fc84747-27db-5e88-9568-3fdda6c30769\QM5_41398\20260909_135814\raw\run_01\20260909.log
69357,2021-04-14,sell,True,108.750,108.941,108.941,108.750,108.854,108.857,False,False,False,2021-04-14T06:00:00,2021-04-14T03:00:00Z,summer_US_DST,6,3,6,CS	0	16:02:45.349	Trade	2021.04.14 06:00:00   sell stop 5.7 USDJPY.DWX at 108.750 sl: 108.941 (108.854 / 108.857),D:\QM\reports\work_items\2fc84747-27db-5e88-9568-3fdda6c30769\QM5_41398\20260909_135814\raw\run_01\20260909.log
69367,2021-04-15,buy,True,108.931,108.804,108.931,108.804,108.922,108.925,False,False,False,2021-04-15T06:00:00,2021-04-15T03:00:00Z,summer_US_DST,6,3,6,CS	0	16:02:45.618	Trade	2021.04.15 06:00:00   buy stop 8.56 USDJPY.DWX at 108.931 sl: 108.804 (108.922 / 108.925),D:\QM\reports\work_items\2fc84747-27db-5e88-9568-3fdda6c30769\QM5_41398\20260909_135814\raw\run_01\20260909.log
69368,2021-04-15,sell,True,108.804,108.931,108.931,108.804,108.922,108.925,False,False,False,2021-04-15T06:00:00,2021-04-15T03:00:00Z,summer_US_DST,6,3,6,CS	0	16:02:45.618	Trade	2021.04.15 06:00:00   sell stop 8.57 USDJPY.DWX at 108.804 sl: 108.931 (108.922 / 108.925),D:\QM\reports\work_items\2fc84747-27db-5e88-9568-3fdda6c30769\QM5_41398\20260909_135814\raw\run_01\20260909.log
69378,2021-04-21,buy,True,108.143,107.874,108.143,107.874,107.945,107.948,False,False,False,2021-04-21T06:00:06,2021-04-21T03:00:06Z,summer_US_DST,6,3,6,CS	0	16:02:46.433	Trade	2021.04.21 06:00:06   buy stop 4.01 USDJPY.DWX at 108.143 sl: 107.874 (107.945 / 107.948),D:\QM\reports\work_items\2fc84747-27db-5e88-9568-3fdda6c30769\QM5_41398\20260909_135814\raw\run_01\20260909.log
69379,2021-04-21,sell,True,107.874,108.143,108.143,107.874,107.945,107.948,False,False,False,2021-04-21T06:00:06,2021-04-21T03:00:06Z,summer_US_DST,6,3,6,CS	0	16:02:46.433	Trade	2021.04.21 06:00:06   sell stop 4.02 USDJPY.DWX at 107.874 sl: 108.143 (107.945 / 107.948),D:\QM\reports\work_items\2fc84747-27db-5e88-9568-3fdda6c30769\QM5_41398\20260909_135814\raw\run_01\20260909.log
69389,2021-04-22,buy,True,108.140,107.950,108.140,107.950,107.999,108.002,False,False,False,2021-04-22T06:00:00,2021-04-22T03:00:00Z,summer_US_DST,6,3,6,CS	0	16:02:46.653	Trade	2021.04.22 06:00:00   buy stop 5.68 USDJPY.DWX at 108.140 sl: 107.950 (107.999 / 108.002),D:\QM\reports\work_items\2fc84747-27db-5e88-9568-3fdda6c30769\QM5_41398\20260909_135814\raw\run_01\20260909.log
69390,2021-04-22,sell,True,107.950,108.140,108.140,107.950,107.999,108.002,False,False,False,2021-04-22T06:00:00,2021-04-22T03:00:00Z,summer_US_DST,6,3,6,CS	0	16:02:46.654	Trade	2021.04.22 06:00:00   sell stop 5.69 USDJPY.DWX at 107.950 sl: 108.140 (107.999 / 108.002),D:\QM\reports\work_items\2fc84747-27db-5e88-9568-3fdda6c30769\QM5_41398\20260909_135814\raw\run_01\20260909.log
69400,2021-04-23,buy,True,107.990,107.801,107.990,107.801,107.955,107.957,False,False,False,2021-04-23T06:00:00,2021-04-23T03:00:00Z,summer_US_DST,6,3,6,CS	0	16:02:46.890	Trade	2021.04.23 06:00:00   buy stop 5.7 USDJPY.DWX at 107.990 sl: 107.801 (107.955 / 107.957),D:\QM\reports\work_items\2fc84747-27db-5e88-9568-3fdda6c30769\QM5_41398\20260909_135814\raw\run_01\20260909.log
69401,2021-04-23,sell,True,107.801,107.990,107.990,107.801,107.955,107.957,False,False,False,2021-04-23T06:00:00,2021-04-23T03:00:00Z,summer_US_DST,6,3,6,CS	0	16:02:46.890	Trade	2021.04.23 06:00:00   sell stop 5.71 USDJPY.DWX at 107.801 sl: 107.990 (107.955 / 107.957),D:\QM\reports\work_items\2fc84747-27db-5e88-9568-3fdda6c30769\QM5_41398\20260909_135814\raw\run_01\20260909.log
69413,2021-04-26,buy,True,107.939,107.707,107.939,107.707,107.726,107.729,False,False,False,2021-04-26T06:00:00,2021-04-26T03:00:00Z,summer_US_DST,6,3,6,CS	0	16:02:47.131	Trade	2021.04.26 06:00:00   buy stop 4.64 USDJPY.DWX at 107.939 sl: 107.707 (107.726 / 107.729),D:\QM\reports\work_items\2fc84747-27db-5e88-9568-3fdda6c30769\QM5_41398\20260909_135814\raw\run_01\20260909.log
69414,2021-04-26,sell,True,107.707,107.939,107.939,107.707,107.726,107.729,False,False,False,2021-04-26T06:00:00,2021-04-26T03:00:00Z,summer_US_DST,6,3,6,CS	0	16:02:47.132	Trade	2021.04.26 06:00:00   sell stop 4.65 USDJPY.DWX at 107.707 sl: 107.939 (107.726 / 107.729),D:\QM\reports\work_items\2fc84747-27db-5e88-9568-3fdda6c30769\QM5_41398\20260909_135814\raw\run_01\20260909.log
69424,2021-04-28,buy,True,108.946,108.724,108.946,108.724,108.870,108.873,False,False,False,2021-04-28T06:00:00,2021-04-28T03:00:00Z,summer_US_DST,6,3,6,CS	0	16:02:47.602	Trade	2021.04.28 06:00:00   buy stop 4.89 USDJPY.DWX at 108.946 sl: 108.724 (108.870 / 108.873),D:\QM\reports\work_items\2fc84747-27db-5e88-9568-3fdda6c30769\QM5_41398\20260909_135814\raw\run_01\20260909.log
69425,2021-04-28,sell,True,108.724,108.946,108.946,108.724,108.870,108.873,False,False,False,2021-04-28T06:00:00,2021-04-28T03:00:00Z,summer_US_DST,6,3,6,CS	0	16:02:47.603	Trade	2021.04.28 06:00:00   sell stop 4.9 USDJPY.DWX at 108.724 sl: 108.946 (108.870 / 108.873),D:\QM\reports\work_items\2fc84747-27db-5e88-9568-3fdda6c30769\QM5_41398\20260909_135814\raw\run_01\20260909.log
69435,2021-04-29,buy,True,108.607,108.435,108.607,108.435,108.596,108.599,False,False,False,2021-04-29T06:00:03,2021-04-29T03:00:03Z,summer_US_DST,6,3,6,CS	0	16:02:47.853	Trade	2021.04.29 06:00:03   buy stop 6.3 USDJPY.DWX at 108.607 sl: 108.435 (108.596 / 108.599),D:\QM\reports\work_items\2fc84747-27db-5e88-9568-3fdda6c30769\QM5_41398\20260909_135814\raw\run_01\20260909.log
69436,2021-04-29,sell,True,108.435,108.607,108.607,108.435,108.596,108.599,False,False,False,2021-04-29T06:00:03,2021-04-29T03:00:03Z,summer_US_DST,6,3,6,CS	0	16:02:47.854	Trade	2021.04.29 06:00:03   sell stop 6.31 USDJPY.DWX at 108.435 sl: 108.607 (108.596 / 108.599),D:\QM\reports\work_items\2fc84747-27db-5e88-9568-3fdda6c30769\QM5_41398\20260909_135814\raw\run_01\20260909.log
69451,2021-05-03,buy,True,109.511,109.285,109.511,109.285,109.495,109.499,False,False,False,2021-05-03T06:00:00,2021-05-03T03:00:00Z,summer_US_DST,6,3,6,CS	0	16:02:48.280	Trade	2021.05.03 06:00:00   buy stop 4.83 USDJPY.DWX at 109.511 sl: 109.285 (109.495 / 109.499),D:\QM\reports\work_items\2fc84747-27db-5e88-9568-3fdda6c30769\QM5_41398\20260909_135814\raw\run_01\20260909.log
69452,2021-05-03,sell,True,109.285,109.511,109.511,109.285,109.495,109.499,False,False,False,2021-05-03T06:00:00,2021-05-03T03:00:00Z,summer_US_DST,6,3,6,CS	0	16:02:48.281	Trade	2021.05.03 06:00:00   sell stop 4.84 USDJPY.DWX at 109.285 sl: 109.511 (109.495 / 109.499),D:\QM\reports\work_items\2fc84747-27db-5e88-9568-3fdda6c30769\QM5_41398\20260909_135814\raw\run_01\20260909.log
69462,2021-05-04,buy,True,109.262,109.060,109.262,109.060,109.225,109.230,False,False,False,2021-05-04T06:00:00,2021-05-04T03:00:00Z,summer_US_DST,6,3,6,CS	0	16:02:48.504	Trade	2021.05.04 06:00:00   buy stop 5.39 USDJPY.DWX at 109.262 sl: 109.060 (109.225 / 109.230),D:\QM\reports\work_items\2fc84747-27db-5e88-9568-3fdda6c30769\QM5_41398\20260909_135814\raw\run_01\20260909.log
69463,2021-05-04,sell,True,109.060,109.262,109.262,109.060,109.225,109.230,False,False,False,2021-05-04T06:00:00,2021-05-04T03:00:00Z,summer_US_DST,6,3,6,CS	0	16:02:48.504	Trade	2021.05.04 06:00:00   sell stop 5.4 USDJPY.DWX at 109.060 sl: 109.262 (109.225 / 109.230),D:\QM\reports\work_items\2fc84747-27db-5e88-9568-3fdda6c30769\QM5_41398\20260909_135814\raw\run_01\20260909.log
69477,2021-05-05,buy,True,109.375,109.195,109.375,109.195,109.243,109.247,False,False,False,2021-05-05T06:00:00,2021-05-05T03:00:00Z,summer_US_DST,6,3,6,CS	0	16:02:48.795	Trade	2021.05.05 06:00:00   buy stop 6.06 USDJPY.DWX at 109.375 sl: 109.195 (109.243 / 109.247),D:\QM\reports\work_items\2fc84747-27db-5e88-9568-3fdda6c30769\QM5_41398\20260909_135814\raw\run_01\20260909.log
69478,2021-05-05,sell,True,109.195,109.375,109.375,109.195,109.243,109.247,False,False,False,2021-05-05T06:00:00,2021-05-05T03:00:00Z,summer_US_DST,6,3,6,CS	0	16:02:48.796	Trade	2021.05.05 06:00:00   sell stop 6.07 USDJPY.DWX at 109.195 sl: 109.375 (109.243 / 109.247),D:\QM\reports\work_items\2fc84747-27db-5e88-9568-3fdda6c30769\QM5_41398\20260909_135814\raw\run_01\20260909.log
69488,2021-05-07,buy,True,109.187,108.936,109.187,108.936,109.159,109.161,False,False,False,2021-05-07T06:00:00,2021-05-07T03:00:00Z,summer_US_DST,6,3,6,CS	0	16:02:49.242	Trade	2021.05.07 06:00:00   buy stop 4.34 USDJPY.DWX at 109.187 sl: 108.936 (109.159 / 109.161),D:\QM\reports\work_items\2fc84747-27db-5e88-9568-3fdda6c30769\QM5_41398\20260909_135814\raw\run_01\20260909.log
69489,2021-05-07,sell,True,108.936,109.187,109.187,108.936,109.159,109.161,False,False,False,2021-05-07T06:00:00,2021-05-07T03:00:00Z,summer_US_DST,6,3,6,CS	0	16:02:49.243	Trade	2021.05.07 06:00:00   sell stop 4.35 USDJPY.DWX at 108.936 sl: 109.187 (109.159 / 109.161),D:\QM\reports\work_items\2fc84747-27db-5e88-9568-3fdda6c30769\QM5_41398\20260909_135814\raw\run_01\20260909.log
69499,2021-05-10,buy,True,108.915,108.557,108.915,108.557,108.870,108.874,False,False,False,2021-05-10T06:00:00,2021-05-10T03:00:00Z,summer_US_DST,6,3,6,CS	0	16:02:49.550	Trade	2021.05.10 06:00:00   buy stop 3.03 USDJPY.DWX at 108.915 sl: 108.557 (108.870 / 108.874),D:\QM\reports\work_items\2fc84747-27db-5e88-9568-3fdda6c30769\QM5_41398\20260909_135814\raw\run_01\20260909.log
69500,2021-05-10,sell,True,108.557,108.915,108.915,108.557,108.870,108.874,False,False,False,2021-05-10T06:00:00,2021-05-10T03:00:00Z,summer_US_DST,6,3,6,CS	0	16:02:49.550	Trade	2021.05.10 06:00:00   sell stop 3.04 USDJPY.DWX at 108.557 sl: 108.915 (108.870 / 108.874),D:\QM\reports\work_items\2fc84747-27db-5e88-9568-3fdda6c30769\QM5_41398\20260909_135814\raw\run_01\20260909.log
69510,2021-05-11,buy,True,108.982,108.789,108.982,108.789,108.887,108.890,False,False,False,2021-05-11T06:00:00,2021-05-11T03:00:00Z,summer_US_DST,6,3,6,CS	0	16:02:49.901	Trade	2021.05.11 06:00:00   buy stop 5.63 USDJPY.DWX at 108.982 sl: 108.789 (108.887 / 108.890),D:\QM\reports\work_items\2fc84747-27db-5e88-9568-3fdda6c30769\QM5_41398\20260909_135814\raw\run_01\20260909.log
69511,2021-05-11,sell,True,108.789,108.982,108.982,108.789,108.887,108.890,False,False,False,2021-05-11T06:00:00,2021-05-11T03:00:00Z,summer_US_DST,6,3,6,CS	0	16:02:49.901	Trade	2021.05.11 06:00:00   sell stop 5.64 USDJPY.DWX at 108.789 sl: 108.982 (108.887 / 108.890),D:\QM\reports\work_items\2fc84747-27db-5e88-9568-3fdda6c30769\QM5_41398\20260909_135814\raw\run_01\20260909.log
69525,2021-05-12,buy,True,108.899,108.673,108.899,108.673,108.895,108.899,False,False,False,2021-05-12T06:00:02,2021-05-12T03:00:02Z,summer_US_DST,6,3,6,CS	0	16:02:50.195	Trade	2021.05.12 06:00:02   buy stop 4.8 USDJPY.DWX at 108.899 sl: 108.673 (108.895 / 108.899),D:\QM\reports\work_items\2fc84747-27db-5e88-9568-3fdda6c30769\QM5_41398\20260909_135814\raw\run_01\20260909.log
69526,2021-05-12,sell,True,108.673,108.899,108.899,108.673,108.895,108.899,False,False,False,2021-05-12T06:00:02,2021-05-12T03:00:02Z,summer_US_DST,6,3,6,CS	0	16:02:50.195	Trade	2021.05.12 06:00:02   sell stop 4.81 USDJPY.DWX at 108.673 sl: 108.899 (108.895 / 108.899),D:\QM\reports\work_items\2fc84747-27db-5e88-9568-3fdda6c30769\QM5_41398\20260909_135814\raw\run_01\20260909.log
69536,2021-05-13,buy,True,109.786,109.482,109.786,109.482,109.623,109.626,False,False,False,2021-05-13T06:00:15,2021-05-13T03:00:15Z,summer_US_DST,6,3,6,CS	0	16:02:50.486	Trade	2021.05.13 06:00:15   buy stop 3.6 USDJPY.DWX at 109.786 sl: 109.482 (109.623 / 109.626),D:\QM\reports\work_items\2fc84747-27db-5e88-9568-3fdda6c30769\QM5_41398\20260909_135814\raw\run_01\20260909.log
69537,2021-05-13,sell,True,109.482,109.786,109.786,109.482,109.623,109.626,False,False,False,2021-05-13T06:00:15,2021-05-13T03:00:15Z,summer_US_DST,6,3,6,CS	0	16:02:50.487	Trade	2021.05.13 06:00:15   sell stop 3.61 USDJPY.DWX at 109.482 sl: 109.786 (109.623 / 109.626),D:\QM\reports\work_items\2fc84747-27db-5e88-9568-3fdda6c30769\QM5_41398\20260909_135814\raw\run_01\20260909.log
69547,2021-05-14,buy,True,109.655,109.509,109.655,109.509,109.605,109.608,False,False,False,2021-05-14T06:00:00,2021-05-14T03:00:00Z,summer_US_DST,6,3,6,CS	0	16:02:50.819	Trade	2021.05.14 06:00:00   buy stop 7.5 USDJPY.DWX at 109.655 sl: 109.509 (109.605 / 109.608),D:\QM\reports\work_items\2fc84747-27db-5e88-9568-3fdda6c30769\QM5_41398\20260909_135814\raw\run_01\20260909.log
69548,2021-05-14,sell,True,109.509,109.655,109.655,109.509,109.605,109.608,False,False,False,2021-05-14T06:00:00,2021-05-14T03:00:00Z,summer_US_DST,6,3,6,CS	0	16:02:50.819	Trade	2021.05.14 06:00:00   sell stop 7.51 USDJPY.DWX at 109.509 sl: 109.655 (109.605 / 109.608),D:\QM\reports\work_items\2fc84747-27db-5e88-9568-3fdda6c30769\QM5_41398\20260909_135814\raw\run_01\20260909.log
69563,2021-05-17,buy,True,109.502,109.318,109.502,109.318,109.335,109.338,False,False,False,2021-05-17T06:00:00,2021-05-17T03:00:00Z,summer_US_DST,6,3,6,CS	0	16:02:51.072	Trade	2021.05.17 06:00:00   buy stop 5.94 USDJPY.DWX at 109.502 sl: 109.318 (109.335 / 109.338),D:\QM\reports\work_items\2fc84747-27db-5e88-9568-3fdda6c30769\QM5_41398\20260909_135814\raw\run_01\20260909.log
69564,2021-05-17,sell,True,109.318,109.502,109.502,109.318,109.335,109.338,False,False,False,2021-05-17T06:00:00,2021-05-17T03:00:00Z,summer_US_DST,6,3,6,CS	0	16:02:51.072	Trade	2021.05.17 06:00:00   sell stop 5.95 USDJPY.DWX at 109.318 sl: 109.502 (109.335 / 109.338),D:\QM\reports\work_items\2fc84747-27db-5e88-9568-3fdda6c30769\QM5_41398\20260909_135814\raw\run_01\20260909.log
69577,2021-05-18,buy,True,109.283,109.104,109.283,109.104,109.196,109.199,False,False,False,2021-05-18T06:00:00,2021-05-18T03:00:00Z,summer_US_DST,6,3,6,CS	0	16:02:51.303	Trade	2021.05.18 06:00:00   buy stop 6.09 USDJPY.DWX at 109.283 sl: 109.104 (109.196 / 109.199),D:\QM\reports\work_items\2fc84747-27db-5e88-9568-3fdda6c30769\QM5_41398\20260909_135814\raw\run_01\20260909.log
69578,2021-05-18,sell,True,109.104,109.283,109.283,109.104,109.196,109.199,False,False,False,2021-05-18T06:00:00,2021-05-18T03:00:00Z,summer_US_DST,6,3,6,CS	0	16:02:51.303	Trade	2021.05.18 06:00:00   sell stop 6.1 USDJPY.DWX at 109.104 sl: 109.283 (109.196 / 109.199),D:\QM\reports\work_items\2fc84747-27db-5e88-9568-3fdda6c30769\QM5_41398\20260909_135814\raw\run_01\20260909.log
69591,2021-05-20,buy,True,109.295,109.091,109.295,109.091,109.146,109.151,False,False,False,2021-05-20T06:00:00,2021-05-20T03:00:00Z,summer_US_DST,6,3,6,CS	0	16:02:51.791	Trade	2021.05.20 06:00:00   buy stop 5.34 USDJPY.DWX at 109.295 sl: 109.091 (109.146 / 109.151),D:\QM\reports\work_items\2fc84747-27db-5e88-9568-3fdda6c30769\QM5_41398\20260909_135814\raw\run_01\20260909.log
69592,2021-05-20,sell,True,109.091,109.295,109.295,109.091,109.146,109.151,False,False,False,2021-05-20T06:00:00,2021-05-20T03:00:00Z,summer_US_DST,6,3,6,CS	0	16:02:51.791	Trade	2021.05.20 06:00:00   sell stop 5.35 USDJPY.DWX at 109.091 sl: 109.295 (109.146 / 109.151),D:\QM\reports\work_items\2fc84747-27db-5e88-9568-3fdda6c30769\QM5_41398\20260909_135814\raw\run_01\20260909.log
69605,2021-05-21,buy,True,108.897,108.790,108.897,108.790,108.856,108.860,False,False,False,2021-05-21T06:00:00,2021-05-21T03:00:00Z,summer_US_DST,6,3,6,CS	0	16:02:52.057	Trade	2021.05.21 06:00:00   buy stop 10.16 USDJPY.DWX at 108.897 sl: 108.790 (108.856 / 108.860),D:\QM\reports\work_items\2fc84747-27db-5e88-9568-3fdda6c30769\QM5_41398\20260909_135814\raw\run_01\20260909.log
69606,2021-05-21,sell,True,108.790,108.897,108.897,108.790,108.856,108.860,False,False,False,2021-05-21T06:00:00,2021-05-21T03:00:00Z,summer_US_DST,6,3,6,CS	0	16:02:52.057	Trade	2021.05.21 06:00:00   sell stop 10.17 USDJPY.DWX at 108.790 sl: 108.897 (108.856 / 108.860),D:\QM\reports\work_items\2fc84747-27db-5e88-9568-3fdda6c30769\QM5_41398\20260909_135814\raw\run_01\20260909.log
69619,2021-05-24,buy,True,108.990,108.871,108.990,108.871,108.874,108.877,False,False,False,2021-05-24T06:00:00,2021-05-24T03:00:00Z,summer_US_DST,6,3,6,CS	0	16:02:52.308	Trade	2021.05.24 06:00:00   buy stop 9.14 USDJPY.DWX at 108.990 sl: 108.871 (108.874 / 108.877),D:\QM\reports\work_items\2fc84747-27db-5e88-9568-3fdda6c30769\QM5_41398\20260909_135814\raw\run_01\20260909.log
69620,2021-05-24,sell,True,108.871,108.990,108.990,108.871,108.874,108.877,False,False,False,2021-05-24T06:00:00,2021-05-24T03:00:00Z,summer_US_DST,6,3,6,CS	0	16:02:52.308	Trade	2021.05.24 06:00:00   sell stop 9.15 USDJPY.DWX at 108.871 sl: 108.990 (108.874 / 108.877),D:\QM\reports\work_items\2fc84747-27db-5e88-9568-3fdda6c30769\QM5_41398\20260909_135814\raw\run_01\20260909.log
69633,2021-05-25,buy,True,108.850,108.681,108.850,108.681,108.722,108.724,False,False,False,2021-05-25T06:00:00,2021-05-25T03:00:00Z,summer_US_DST,6,3,6,CS	0	16:02:52.573	Trade	2021.05.25 06:00:00   buy stop 6.43 USDJPY.DWX at 108.850 sl: 108.681 (108.722 / 108.724),D:\QM\reports\work_items\2fc84747-27db-5e88-9568-3fdda6c30769\QM5_41398\20260909_135814\raw\run_01\20260909.log
69634,2021-05-25,sell,True,108.681,108.850,108.850,108.681,108.722,108.724,False,False,False,2021-05-25T06:00:00,2021-05-25T03:00:00Z,summer_US_DST,6,3,6,CS	0	16:02:52.574	Trade	2021.05.25 06:00:00   sell stop 6.44 USDJPY.DWX at 108.681 sl: 108.850 (108.722 / 108.724),D:\QM\reports\work_items\2fc84747-27db-5e88-9568-3fdda6c30769\QM5_41398\20260909_135814\raw\run_01\20260909.log
69644,2021-05-26,buy,True,108.827,108.722,108.827,108.722,108.765,108.768,False,False,False,2021-05-26T06:00:00,2021-05-26T03:00:00Z,summer_US_DST,6,3,6,CS	0	16:02:52.876	Trade	2021.05.26 06:00:00   buy stop 10.35 USDJPY.DWX at 108.827 sl: 108.722 (108.765 / 108.768),D:\QM\reports\work_items\2fc84747-27db-5e88-9568-3fdda6c30769\QM5_41398\20260909_135814\raw\run_01\20260909.log
69645,2021-05-26,sell,True,108.722,108.827,108.827,108.722,108.765,108.768,False,False,False,2021-05-26T06:00:00,2021-05-26T03:00:00Z,summer_US_DST,6,3,6,CS	0	16:02:52.876	Trade	2021.05.26 06:00:00   sell stop 10.36 USDJPY.DWX at 108.722 sl: 108.827 (108.765 / 108.768),D:\QM\reports\work_items\2fc84747-27db-5e88-9568-3fdda6c30769\QM5_41398\20260909_135814\raw\run_01\20260909.log
69657,2021-05-27,buy,True,109.208,109.048,109.208,109.048,109.074,109.077,False,False,False,2021-05-27T06:00:01,2021-05-27T03:00:01Z,summer_US_DST,6,3,6,CS	0	16:02:53.112	Trade	2021.05.27 06:00:01   buy stop 6.81 USDJPY.DWX at 109.208 sl: 109.048 (109.074 / 109.077),D:\QM\reports\work_items\2fc84747-27db-5e88-9568-3fdda6c30769\QM5_41398\20260909_135814\raw\run_01\20260909.log
69658,2021-05-27,sell,True,109.048,109.208,109.208,109.048,109.074,109.077,False,False,False,2021-05-27T06:00:01,2021-05-27T03:00:01Z,summer_US_DST,6,3,6,CS	0	16:02:53.113	Trade	2021.05.27 06:00:01   sell stop 6.82 USDJPY.DWX at 109.048 sl: 109.208 (109.074 / 109.077),D:\QM\reports\work_items\2fc84747-27db-5e88-9568-3fdda6c30769\QM5_41398\20260909_135814\raw\run_01\20260909.log
69668,2021-05-28,buy,True,109.957,109.808,109.957,109.808,109.866,109.868,False,False,False,2021-05-28T06:00:00,2021-05-28T03:00:00Z,summer_US_DST,6,3,6,CS	0	16:02:53.383	Trade	2021.05.28 06:00:00   buy stop 7.36 USDJPY.DWX at 109.957 sl: 109.808 (109.866 / 109.868),D:\QM\reports\work_items\2fc84747-27db-5e88-9568-3fdda6c30769\QM5_41398\20260909_135814\raw\run_01\20260909.log
69669,2021-05-28,sell,True,109.808,109.957,109.957,109.808,109.866,109.868,False,False,False,2021-05-28T06:00:00,2021-05-28T03:00:00Z,summer_US_DST,6,3,6,CS	0	16:02:53.383	Trade	2021.05.28 06:00:00   sell stop 7.37 USDJPY.DWX at 109.808 sl: 109.957 (109.866 / 109.868),D:\QM\reports\work_items\2fc84747-27db-5e88-9568-3fdda6c30769\QM5_41398\20260909_135814\raw\run_01\20260909.log
69679,2021-06-01,buy,True,109.543,109.329,109.543,109.329,109.391,109.394,False,False,False,2021-06-01T06:00:00,2021-06-01T03:00:00Z,summer_US_DST,6,3,6,CS	0	16:02:53.837	Trade	2021.06.01 06:00:00   buy stop 5.1 USDJPY.DWX at 109.543 sl: 109.329 (109.391 / 109.394),D:\QM\reports\work_items\2fc84747-27db-5e88-9568-3fdda6c30769\QM5_41398\20260909_135814\raw\run_01\20260909.log
69680,2021-06-01,sell,True,109.329,109.543,109.543,109.329,109.391,109.394,False,False,False,2021-06-01T06:00:00,2021-06-01T03:00:00Z,summer_US_DST,6,3,6,CS	0	16:02:53.838	Trade	2021.06.01 06:00:00   sell stop 5.11 USDJPY.DWX at 109.329 sl: 109.543 (109.391 / 109.394),D:\QM\reports\work_items\2fc84747-27db-5e88-9568-3fdda6c30769\QM5_41398\20260909_135814\raw\run_01\20260909.log
69690,2021-06-02,buy,True,109.656,109.480,109.656,109.480,109.606,109.608,False,False,False,2021-06-02T06:00:00,2021-06-02T03:00:00Z,summer_US_DST,6,3,6,CS	0	16:02:54.089	Trade	2021.06.02 06:00:00   buy stop 6.22 USDJPY.DWX at 109.656 sl: 109.480 (109.606 / 109.608),D:\QM\reports\work_items\2fc84747-27db-5e88-9568-3fdda6c30769\QM5_41398\20260909_135814\raw\run_01\20260909.log
69691,2021-06-02,sell,True,109.480,109.656,109.656,109.480,109.606,109.608,False,False,False,2021-06-02T06:00:00,2021-06-02T03:00:00Z,summer_US_DST,6,3,6,CS	0	16:02:54.090	Trade	2021.06.02 06:00:00   sell stop 6.23 USDJPY.DWX at 109.480 sl: 109.656 (109.606 / 109.608),D:\QM\reports\work_items\2fc84747-27db-5e88-9568-3fdda6c30769\QM5_41398\20260909_135814\raw\run_01\20260909.log
69704,2021-06-03,buy,True,109.691,109.566,109.691,109.566,109.680,109.681,False,False,False,2021-06-03T06:00:04,2021-06-03T03:00:04Z,summer_US_DST,6,3,6,CS	0	16:02:54.332	Trade	2021.06.03 06:00:04   buy stop 8.76 USDJPY.DWX at 109.691 sl: 109.566 (109.680 / 109.681),D:\QM\reports\work_items\2fc84747-27db-5e88-9568-3fdda6c30769\QM5_41398\20260909_135814\raw\run_01\20260909.log
69705,2021-06-03,sell,True,109.566,109.691,109.691,109.566,109.680,109.681,False,False,False,2021-06-03T06:00:04,2021-06-03T03:00:04Z,summer_US_DST,6,3,6,CS	0	16:02:54.332	Trade	2021.06.03 06:00:04   sell stop 8.77 USDJPY.DWX at 109.566 sl: 109.691 (109.680 / 109.681),D:\QM\reports\work_items\2fc84747-27db-5e88-9568-3fdda6c30769\QM5_41398\20260909_135814\raw\run_01\20260909.log
69718,2021-06-04,buy,True,110.328,110.141,110.328,110.141,110.167,110.169,False,False,False,2021-06-04T06:00:02,2021-06-04T03:00:02Z,summer_US_DST,6,3,6,CS	0	16:02:54.561	Trade	2021.06.04 06:00:02   buy stop 5.88 USDJPY.DWX at 110.328 sl: 110.141 (110.167 / 110.169),D:\QM\reports\work_items\2fc84747-27db-5e88-9568-3fdda6c30769\QM5_41398\20260909_135814\raw\run_01\20260909.log
69719,2021-06-04,sell,True,110.141,110.328,110.328,110.141,110.167,110.169,False,False,False,2021-06-04T06:00:02,2021-06-04T03:00:02Z,summer_US_DST,6,3,6,CS	0	16:02:54.562	Trade	2021.06.04 06:00:02   sell stop 5.9 USDJPY.DWX at 110.141 sl: 110.328 (110.167 / 110.169),D:\QM\reports\work_items\2fc84747-27db-5e88-9568-3fdda6c30769\QM5_41398\20260909_135814\raw\run_01\20260909.log
69732,2021-06-07,buy,True,109.636,109.469,109.636,109.469,109.574,109.578,False,False,False,2021-06-07T06:00:01,2021-06-07T03:00:01Z,summer_US_DST,6,3,6,CS	0	16:02:54.877	Trade	2021.06.07 06:00:01   buy stop 6.55 USDJPY.DWX at 109.636 sl: 109.469 (109.574 / 109.578),D:\QM\reports\work_items\2fc84747-27db-5e88-9568-3fdda6c30769\QM5_41398\20260909_135814\raw\run_01\20260909.log
69733,2021-06-07,sell,True,109.469,109.636,109.636,109.469,109.574,109.578,False,False,False,2021-06-07T06:00:01,2021-06-07T03:00:01Z,summer_US_DST,6,3,6,CS	0	16:02:54.877	Trade	2021.06.07 06:00:01   sell stop 6.56 USDJPY.DWX at 109.469 sl: 109.636 (109.574 / 109.578),D:\QM\reports\work_items\2fc84747-27db-5e88-9568-3fdda6c30769\QM5_41398\20260909_135814\raw\run_01\20260909.log
69747,2021-06-09,buy,True,109.489,109.403,109.489,109.403,109.437,109.441,False,False,False,2021-06-09T06:00:00,2021-06-09T03:00:00Z,summer_US_DST,6,3,6,CS	0	16:02:55.361	Trade	2021.06.09 06:00:00   buy stop 12.72 USDJPY.DWX at 109.489 sl: 109.403 (109.437 / 109.441),D:\QM\reports\work_items\2fc84747-27db-5e88-9568-3fdda6c30769\QM5_41398\20260909_135814\raw\run_01\20260909.log
69748,2021-06-09,sell,True,109.403,109.489,109.489,109.403,109.437,109.441,False,False,False,2021-06-09T06:00:00,2021-06-09T03:00:00Z,summer_US_DST,6,3,6,CS	0	16:02:55.362	Trade	2021.06.09 06:00:00   sell stop 12.73 USDJPY.DWX at 109.403 sl: 109.489 (109.437 / 109.441),D:\QM\reports\work_items\2fc84747-27db-5e88-9568-3fdda6c30769\QM5_41398\20260909_135814\raw\run_01\20260909.log
69758,2021-06-10,buy,True,109.678,109.517,109.678,109.517,109.567,109.570,False,False,False,2021-06-10T06:00:00,2021-06-10T03:00:00Z,summer_US_DST,6,3,6,CS	0	16:02:55.581	Trade	2021.06.10 06:00:00   buy stop 6.8 USDJPY.DWX at 109.678 sl: 109.517 (109.567 / 109.570),D:\QM\reports\work_items\2fc84747-27db-5e88-9568-3fdda6c30769\QM5_41398\20260909_135814\raw\run_01\20260909.log
69759,2021-06-10,sell,True,109.517,109.678,109.678,109.517,109.567,109.570,False,False,False,2021-06-10T06:00:00,2021-06-10T03:00:00Z,summer_US_DST,6,3,6,CS	0	16:02:55.581	Trade	2021.06.10 06:00:00   sell stop 6.81 USDJPY.DWX at 109.517 sl: 109.678 (109.567 / 109.570),D:\QM\reports\work_items\2fc84747-27db-5e88-9568-3fdda6c30769\QM5_41398\20260909_135814\raw\run_01\20260909.log
69769,2021-06-11,buy,True,109.453,109.346,109.453,109.346,109.392,109.397,False,False,False,2021-06-11T06:00:00,2021-06-11T03:00:00Z,summer_US_DST,6,3,6,CS	0	16:02:55.914	Trade	2021.06.11 06:00:00   buy stop 10.21 USDJPY.DWX at 109.453 sl: 109.346 (109.392 / 109.397),D:\QM\reports\work_items\2fc84747-27db-5e88-9568-3fdda6c30769\QM5_41398\20260909_135814\raw\run_01\20260909.log
69770,2021-06-11,sell,True,109.346,109.453,109.453,109.346,109.392,109.397,False,False,False,2021-06-11T06:00:00,2021-06-11T03:00:00Z,summer_US_DST,6,3,6,CS	0	16:02:55.914	Trade	2021.06.11 06:00:00   sell stop 10.22 USDJPY.DWX at 109.346 sl: 109.453 (109.392 / 109.397),D:\QM\reports\work_items\2fc84747-27db-5e88-9568-3fdda6c30769\QM5_41398\20260909_135814\raw\run_01\20260909.log
69780,2021-06-14,buy,True,109.831,109.690,109.831,109.690,109.783,109.786,False,False,False,2021-06-14T06:00:00,2021-06-14T03:00:00Z,summer_US_DST,6,3,6,CS	0	16:02:56.138	Trade	2021.06.14 06:00:00   buy stop 7.77 USDJPY.DWX at 109.831 sl: 109.690 (109.783 / 109.786),D:\QM\reports\work_items\2fc84747-27db-5e88-9568-3fdda6c30769\QM5_41398\20260909_135814\raw\run_01\20260909.log
69781,2021-06-14,sell,True,109.690,109.831,109.831,109.690,109.783,109.786,False,False,False,2021-06-14T06:00:00,2021-06-14T03:00:00Z,summer_US_DST,6,3,6,CS	0	16:02:56.138	Trade	2021.06.14 06:00:00   sell stop 7.78 USDJPY.DWX at 109.690 sl: 109.831 (109.783 / 109.786),D:\QM\reports\work_items\2fc84747-27db-5e88-9568-3fdda6c30769\QM5_41398\20260909_135814\raw\run_01\20260909.log
69791,2021-06-15,buy,True,110.152,110.026,110.152,110.026,110.111,110.113,False,False,False,2021-06-15T06:00:05,2021-06-15T03:00:05Z,summer_US_DST,6,3,6,CS	0	16:02:56.382	Trade	2021.06.15 06:00:05   buy stop 8.73 USDJPY.DWX at 110.152 sl: 110.026 (110.111 / 110.113),D:\QM\reports\work_items\2fc84747-27db-5e88-9568-3fdda6c30769\QM5_41398\20260909_135814\raw\run_01\20260909.log
69792,2021-06-15,sell,True,110.026,110.152,110.152,110.026,110.111,110.113,False,False,False,2021-06-15T06:00:05,2021-06-15T03:00:05Z,summer_US_DST,6,3,6,CS	0	16:02:56.382	Trade	2021.06.15 06:00:05   sell stop 8.74 USDJPY.DWX at 110.026 sl: 110.152 (110.111 / 110.113),D:\QM\reports\work_items\2fc84747-27db-5e88-9568-3fdda6c30769\QM5_41398\20260909_135814\raw\run_01\20260909.log
69802,2021-06-16,buy,True,110.140,110.068,110.140,110.068,110.093,110.096,False,False,False,2021-06-16T06:00:00,2021-06-16T03:00:00Z,summer_US_DST,6,3,6,CS	0	16:02:56.552	Trade	2021.06.16 06:00:00   buy stop 15.28 USDJPY.DWX at 110.140 sl: 110.068 (110.093 / 110.096),D:\QM\reports\work_items\2fc84747-27db-5e88-9568-3fdda6c30769\QM5_41398\20260909_135814\raw\run_01\20260909.log
69803,2021-06-16,sell,True,110.068,110.140,110.140,110.068,110.093,110.096,False,False,False,2021-06-16T06:00:00,2021-06-16T03:00:00Z,summer_US_DST,6,3,6,CS	0	16:02:56.552	Trade	2021.06.16 06:00:00   sell stop 15.29 USDJPY.DWX at 110.068 sl: 110.140 (110.093 / 110.096),D:\QM\reports\work_items\2fc84747-27db-5e88-9568-3fdda6c30769\QM5_41398\20260909_135814\raw\run_01\20260909.log
69816,2021-06-17,buy,True,110.823,110.608,110.823,110.608,110.618,110.620,False,False,False,2021-06-17T06:00:01,2021-06-17T03:00:01Z,summer_US_DST,6,3,6,CS	0	16:02:56.788	Trade	2021.06.17 06:00:01   buy stop 5.14 USDJPY.DWX at 110.823 sl: 110.608 (110.618 / 110.620),D:\QM\reports\work_items\2fc84747-27db-5e88-9568-3fdda6c30769\QM5_41398\20260909_135814\raw\run_01\20260909.log
69817,2021-06-17,sell,True,110.608,110.823,110.823,110.608,110.618,110.620,False,False,False,2021-06-17T06:00:01,2021-06-17T03:00:01Z,summer_US_DST,6,3,6,CS	0	16:02:56.789	Trade	2021.06.17 06:00:01   sell stop 5.15 USDJPY.DWX at 110.608 sl: 110.823 (110.618 / 110.620),D:\QM\reports\work_items\2fc84747-27db-5e88-9568-3fdda6c30769\QM5_41398\20260909_135814\raw\run_01\20260909.log
69830,2021-06-21,buy,True,110.255,109.935,110.255,109.935,110.034,110.037,False,False,False,2021-06-21T06:00:00,2021-06-21T03:00:00Z,summer_US_DST,6,3,6,CS	0	16:02:57.593	Trade	2021.06.21 06:00:00   buy stop 3.43 USDJPY.DWX at 110.255 sl: 109.935 (110.034 / 110.037),D:\QM\reports\work_items\2fc84747-27db-5e88-9568-3fdda6c30769\QM5_41398\20260909_135814\raw\run_01\20260909.log
69831,2021-06-21,sell,True,109.935,110.255,110.255,109.935,110.034,110.037,False,False,False,2021-06-21T06:00:00,2021-06-21T03:00:00Z,summer_US_DST,6,3,6,CS	0	16:02:57.593	Trade	2021.06.21 06:00:00   sell stop 3.44 USDJPY.DWX at 109.935 sl: 110.255 (110.034 / 110.037),D:\QM\reports\work_items\2fc84747-27db-5e88-9568-3fdda6c30769\QM5_41398\20260909_135814\raw\run_01\20260909.log
69841,2021-06-22,buy,True,110.471,110.210,110.471,110.210,110.355,110.360,False,False,False,2021-06-22T06:00:00,2021-06-22T03:00:00Z,summer_US_DST,6,3,6,CS	0	16:02:57.882	Trade	2021.06.22 06:00:00   buy stop 4.22 USDJPY.DWX at 110.471 sl: 110.210 (110.355 / 110.360),D:\QM\reports\work_items\2fc84747-27db-5e88-9568-3fdda6c30769\QM5_41398\20260909_135814\raw\run_01\20260909.log
69842,2021-06-22,sell,True,110.210,110.471,110.471,110.210,110.355,110.360,False,False,False,2021-06-22T06:00:00,2021-06-22T03:00:00Z,summer_US_DST,6,3,6,CS	0	16:02:57.883	Trade	2021.06.22 06:00:00   sell stop 4.23 USDJPY.DWX at 110.210 sl: 110.471 (110.355 / 110.360),D:\QM\reports\work_items\2fc84747-27db-5e88-9568-3fdda6c30769\QM5_41398\20260909_135814\raw\run_01\20260909.log
69854,2021-06-23,buy,True,110.852,110.646,110.852,110.646,110.747,110.751,False,False,False,2021-06-23T06:00:00,2021-06-23T03:00:00Z,summer_US_DST,6,3,6,CS	0	16:02:58.071	Trade	2021.06.23 06:00:00   buy stop 5.37 USDJPY.DWX at 110.852 sl: 110.646 (110.747 / 110.751),D:\QM\reports\work_items\2fc84747-27db-5e88-9568-3fdda6c30769\QM5_41398\20260909_135814\raw\run_01\20260909.log
69855,2021-06-23,sell,True,110.646,110.852,110.852,110.646,110.747,110.751,False,False,False,2021-06-23T06:00:00,2021-06-23T03:00:00Z,summer_US_DST,6,3,6,CS	0	16:02:58.072	Trade	2021.06.23 06:00:00   sell stop 5.38 USDJPY.DWX at 110.646 sl: 110.852 (110.747 / 110.751),D:\QM\reports\work_items\2fc84747-27db-5e88-9568-3fdda6c30769\QM5_41398\20260909_135814\raw\run_01\20260909.log
69867,2021-06-24,buy,True,111.114,110.958,111.114,110.958,111.020,111.024,False,False,False,2021-06-24T06:00:01,2021-06-24T03:00:01Z,summer_US_DST,6,3,6,CS	0	16:02:58.348	Trade	2021.06.24 06:00:01   buy stop 7.11 USDJPY.DWX at 111.114 sl: 110.958 (111.020 / 111.024),D:\QM\reports\work_items\2fc84747-27db-5e88-9568-3fdda6c30769\QM5_41398\20260909_135814\raw\run_01\20260909.log
69868,2021-06-24,sell,True,110.958,111.114,111.114,110.958,111.020,111.024,False,False,False,2021-06-24T06:00:01,2021-06-24T03:00:01Z,summer_US_DST,6,3,6,CS	0	16:02:58.348	Trade	2021.06.24 06:00:01   sell stop 7.12 USDJPY.DWX at 110.958 sl: 111.114 (111.020 / 111.024),D:\QM\reports\work_items\2fc84747-27db-5e88-9568-3fdda6c30769\QM5_41398\20260909_135814\raw\run_01\20260909.log
69881,2021-06-25,buy,True,110.983,110.844,110.983,110.844,110.871,110.873,False,False,False,2021-06-25T06:00:00,2021-06-25T03:00:00Z,summer_US_DST,6,3,6,CS	0	16:02:58.519	Trade	2021.06.25 06:00:00   buy stop 7.97 USDJPY.DWX at 110.983 sl: 110.844 (110.871 / 110.873),D:\QM\reports\work_items\2fc84747-27db-5e88-9568-3fdda6c30769\QM5_41398\20260909_135814\raw\run_01\20260909.log
69882,2021-06-25,sell,True,110.844,110.983,110.983,110.844,110.871,110.873,False,False,False,2021-06-25T06:00:00,2021-06-25T03:00:00Z,summer_US_DST,6,3,6,CS	0	16:02:58.519	Trade	2021.06.25 06:00:00   sell stop 7.98 USDJPY.DWX at 110.844 sl: 110.983 (110.871 / 110.873),D:\QM\reports\work_items\2fc84747-27db-5e88-9568-3fdda6c30769\QM5_41398\20260909_135814\raw\run_01\20260909.log
69912,2021-06-28,buy,True,110.838,110.651,110.838,110.651,110.707,110.711,False,False,False,2021-06-28T06:00:00,2021-06-28T03:00:00Z,summer_US_DST,6,3,6,CS	0	16:02:58.798	Trade	2021.06.28 06:00:00   buy stop 5.91 USDJPY.DWX at 110.838 sl: 110.651 (110.707 / 110.711),D:\QM\reports\work_items\2fc84747-27db-5e88-9568-3fdda6c30769\QM5_41398\20260909_135814\raw\run_01\20260909.log
69913,2021-06-28,sell,True,110.651,110.838,110.838,110.651,110.707,110.711,False,False,False,2021-06-28T06:00:00,2021-06-28T03:00:00Z,summer_US_DST,6,3,6,CS	0	16:02:58.798	Trade	2021.06.28 06:00:00   sell stop 5.92 USDJPY.DWX at 110.651 sl: 110.838 (110.707 / 110.711),D:\QM\reports\work_items\2fc84747-27db-5e88-9568-3fdda6c30769\QM5_41398\20260909_135814\raw\run_01\20260909.log
69923,2021-06-29,buy,True,110.640,110.451,110.640,110.451,110.512,110.514,False,False,False,2021-06-29T06:00:06,2021-06-29T03:00:06Z,summer_US_DST,6,3,6,CS	0	16:02:59.095	Trade	2021.06.29 06:00:06   buy stop 5.84 USDJPY.DWX at 110.640 sl: 110.451 (110.512 / 110.514),D:\QM\reports\work_items\2fc84747-27db-5e88-9568-3fdda6c30769\QM5_41398\20260909_135814\raw\run_01\20260909.log
69924,2021-06-29,sell,True,110.451,110.640,110.640,110.451,110.512,110.514,False,False,False,2021-06-29T06:00:06,2021-06-29T03:00:06Z,summer_US_DST,6,3,6,CS	0	16:02:59.095	Trade	2021.06.29 06:00:06   sell stop 5.85 USDJPY.DWX at 110.451 sl: 110.640 (110.512 / 110.514),D:\QM\reports\work_items\2fc84747-27db-5e88-9568-3fdda6c30769\QM5_41398\20260909_135814\raw\run_01\20260909.log
69934,2021-06-30,buy,True,110.596,110.441,110.596,110.441,110.504,110.507,False,False,False,2021-06-30T06:00:00,2021-06-30T03:00:00Z,summer_US_DST,6,3,6,CS	0	16:02:59.437	Trade	2021.06.30 06:00:00   buy stop 7.12 USDJPY.DWX at 110.596 sl: 110.441 (110.504 / 110.507),D:\QM\reports\work_items\2fc84747-27db-5e88-9568-3fdda6c30769\QM5_41398\20260909_135814\raw\run_01\20260909.log
69935,2021-06-30,sell,True,110.441,110.596,110.596,110.441,110.504,110.507,False,False,False,2021-06-30T06:00:00,2021-06-30T03:00:00Z,summer_US_DST,6,3,6,CS	0	16:02:59.437	Trade	2021.06.30 06:00:00   sell stop 7.13 USDJPY.DWX at 110.441 sl: 110.596 (110.504 / 110.507),D:\QM\reports\work_items\2fc84747-27db-5e88-9568-3fdda6c30769\QM5_41398\20260909_135814\raw\run_01\20260909.log
69945,2021-07-01,buy,True,111.163,111.026,111.163,111.026,111.063,111.068,False,False,False,2021-07-01T06:00:00,2021-07-01T03:00:00Z,summer_US_DST,6,3,6,CS	0	16:02:59.777	Trade	2021.07.01 06:00:00   buy stop 8.1 USDJPY.DWX at 111.163 sl: 111.026 (111.063 / 111.068),D:\QM\reports\work_items\2fc84747-27db-5e88-9568-3fdda6c30769\QM5_41398\20260909_135814\raw\run_01\20260909.log
69946,2021-07-01,sell,True,111.026,111.163,111.163,111.026,111.063,111.068,False,False,False,2021-07-01T06:00:00,2021-07-01T03:00:00Z,summer_US_DST,6,3,6,CS	0	16:02:59.778	Trade	2021.07.01 06:00:00   sell stop 8.11 USDJPY.DWX at 111.026 sl: 111.163 (111.063 / 111.068),D:\QM\reports\work_items\2fc84747-27db-5e88-9568-3fdda6c30769\QM5_41398\20260909_135814\raw\run_01\20260909.log
69960,2021-07-02,buy,True,111.658,111.550,111.658,111.550,111.581,111.585,False,False,False,2021-07-02T06:00:00,2021-07-02T03:00:00Z,summer_US_DST,6,3,6,CS	0	16:03:00.076	Trade	2021.07.02 06:00:00   buy stop 10.32 USDJPY.DWX at 111.658 sl: 111.550 (111.581 / 111.585),D:\QM\reports\work_items\2fc84747-27db-5e88-9568-3fdda6c30769\QM5_41398\20260909_135814\raw\run_01\20260909.log
69961,2021-07-02,sell,True,111.550,111.658,111.658,111.550,111.581,111.585,False,False,False,2021-07-02T06:00:00,2021-07-02T03:00:00Z,summer_US_DST,6,3,6,CS	0	16:03:00.076	Trade	2021.07.02 06:00:00   sell stop 10.33 USDJPY.DWX at 111.550 sl: 111.658 (111.581 / 111.585),D:\QM\reports\work_items\2fc84747-27db-5e88-9568-3fdda6c30769\QM5_41398\20260909_135814\raw\run_01\20260909.log
69971,2021-07-05,buy,True,111.190,111.050,111.190,111.050,111.091,111.093,False,False,False,2021-07-05T06:00:00,2021-07-05T03:00:00Z,summer_US_DST,6,3,6,CS	0	16:03:00.359	Trade	2021.07.05 06:00:00   buy stop 7.93 USDJPY.DWX at 111.190 sl: 111.050 (111.091 / 111.093),D:\QM\reports\work_items\2fc84747-27db-5e88-9568-3fdda6c30769\QM5_41398\20260909_135814\raw\run_01\20260909.log
69972,2021-07-05,sell,True,111.050,111.190,111.190,111.050,111.091,111.093,False,False,False,2021-07-05T06:00:00,2021-07-05T03:00:00Z,summer_US_DST,6,3,6,CS	0	16:03:00.359	Trade	2021.07.05 06:00:00   sell stop 7.94 USDJPY.DWX at 111.050 sl: 111.190 (111.091 / 111.093),D:\QM\reports\work_items\2fc84747-27db-5e88-9568-3fdda6c30769\QM5_41398\20260909_135814\raw\run_01\20260909.log
69987,2021-07-06,buy,True,110.930,110.786,110.930,110.786,110.852,110.856,False,False,False,2021-07-06T06:00:00,2021-07-06T03:00:00Z,summer_US_DST,6,3,6,CS	0	16:03:00.606	Trade	2021.07.06 06:00:00   buy stop 7.69 USDJPY.DWX at 110.930 sl: 110.786 (110.852 / 110.856),D:\QM\reports\work_items\2fc84747-27db-5e88-9568-3fdda6c30769\QM5_41398\20260909_135814\raw\run_01\20260909.log
69988,2021-07-06,sell,True,110.786,110.930,110.930,110.786,110.852,110.856,False,False,False,2021-07-06T06:00:00,2021-07-06T03:00:00Z,summer_US_DST,6,3,6,CS	0	16:03:00.606	Trade	2021.07.06 06:00:00   sell stop 7.7 USDJPY.DWX at 110.786 sl: 110.930 (110.852 / 110.856),D:\QM\reports\work_items\2fc84747-27db-5e88-9568-3fdda6c30769\QM5_41398\20260909_135814\raw\run_01\20260909.log
70001,2021-07-07,buy,True,110.608,110.394,110.608,110.394,110.545,110.548,False,False,False,2021-07-07T06:00:02,2021-07-07T03:00:02Z,summer_US_DST,6,3,6,CS	0	16:03:00.874	Trade	2021.07.07 06:00:02   buy stop 5.15 USDJPY.DWX at 110.608 sl: 110.394 (110.545 / 110.548),D:\QM\reports\work_items\2fc84747-27db-5e88-9568-3fdda6c30769\QM5_41398\20260909_135814\raw\run_01\20260909.log
70002,2021-07-07,sell,True,110.394,110.608,110.608,110.394,110.545,110.548,False,False,False,2021-07-07T06:00:02,2021-07-07T03:00:02Z,summer_US_DST,6,3,6,CS	0	16:03:00.874	Trade	2021.07.07 06:00:02   sell stop 5.16 USDJPY.DWX at 110.394 sl: 110.608 (110.545 / 110.548),D:\QM\reports\work_items\2fc84747-27db-5e88-9568-3fdda6c30769\QM5_41398\20260909_135814\raw\run_01\20260909.log
70012,2021-07-08,buy,True,110.648,110.423,110.648,110.423,110.583,110.586,False,False,False,2021-07-08T06:00:02,2021-07-08T03:00:02Z,summer_US_DST,6,3,6,CS	0	16:03:01.236	Trade	2021.07.08 06:00:02   buy stop 4.9 USDJPY.DWX at 110.648 sl: 110.423 (110.583 / 110.586),D:\QM\reports\work_items\2fc84747-27db-5e88-9568-3fdda6c30769\QM5_41398\20260909_135814\raw\run_01\20260909.log
70013,2021-07-08,sell,True,110.423,110.648,110.648,110.423,110.583,110.586,False,False,False,2021-07-08T06:00:02,2021-07-08T03:00:02Z,summer_US_DST,6,3,6,CS	0	16:03:01.236	Trade	2021.07.08 06:00:02   sell stop 4.91 USDJPY.DWX at 110.423 sl: 110.648 (110.583 / 110.586),D:\QM\reports\work_items\2fc84747-27db-5e88-9568-3fdda6c30769\QM5_41398\20260909_135814\raw\run_01\20260909.log
70032,2021-07-09,buy,True,109.936,109.762,109.936,109.762,109.916,109.920,False,False,False,2021-07-09T06:00:00,2021-07-09T03:00:00Z,summer_US_DST,6,3,6,CS	0	16:03:01.697	Trade	2021.07.09 06:00:00   buy stop 6.3 USDJPY.DWX at 109.936 sl: 109.762 (109.916 / 109.920),D:\QM\reports\work_items\2fc84747-27db-5e88-9568-3fdda6c30769\QM5_41398\20260909_135814\raw\run_01\20260909.log
70033,2021-07-09,sell,True,109.762,109.936,109.936,109.762,109.916,109.920,False,False,False,2021-07-09T06:00:00,2021-07-09T03:00:00Z,summer_US_DST,6,3,6,CS	0	16:03:01.698	Trade	2021.07.09 06:00:00   sell stop 6.31 USDJPY.DWX at 109.762 sl: 109.936 (109.916 / 109.920),D:\QM\reports\work_items\2fc84747-27db-5e88-9568-3fdda6c30769\QM5_41398\20260909_135814\raw\run_01\20260909.log
70047,2021-07-12,buy,True,110.251,110.010,110.251,110.010,110.174,110.177,False,False,False,2021-07-12T06:00:00,2021-07-12T03:00:00Z,summer_US_DST,6,3,6,CS	0	16:03:02.020	Trade	2021.07.12 06:00:00   buy stop 4.56 USDJPY.DWX at 110.251 sl: 110.010 (110.174 / 110.177),D:\QM\reports\work_items\2fc84747-27db-5e88-9568-3fdda6c30769\QM5_41398\20260909_135814\raw\run_01\20260909.log
70048,2021-07-12,sell,True,110.010,110.251,110.251,110.010,110.174,110.177,False,False,False,2021-07-12T06:00:00,2021-07-12T03:00:00Z,summer_US_DST,6,3,6,CS	0	16:03:02.021	Trade	2021.07.12 06:00:00   sell stop 4.57 USDJPY.DWX at 110.010 sl: 110.251 (110.174 / 110.177),D:\QM\reports\work_items\2fc84747-27db-5e88-9568-3fdda6c30769\QM5_41398\20260909_135814\raw\run_01\20260909.log
70058,2021-07-13,buy,True,110.442,110.287,110.442,110.287,110.364,110.367,False,False,False,2021-07-13T06:00:00,2021-07-13T03:00:00Z,summer_US_DST,6,3,6,CS	0	16:03:02.212	Trade	2021.07.13 06:00:00   buy stop 7.11 USDJPY.DWX at 110.442 sl: 110.287 (110.364 / 110.367),D:\QM\reports\work_items\2fc84747-27db-5e88-9568-3fdda6c30769\QM5_41398\20260909_135814\raw\run_01\20260909.log
70059,2021-07-13,sell,True,110.287,110.442,110.442,110.287,110.364,110.367,False,False,False,2021-07-13T06:00:00,2021-07-13T03:00:00Z,summer_US_DST,6,3,6,CS	0	16:03:02.212	Trade	2021.07.13 06:00:00   sell stop 7.12 USDJPY.DWX at 110.287 sl: 110.442 (110.364 / 110.367),D:\QM\reports\work_items\2fc84747-27db-5e88-9568-3fdda6c30769\QM5_41398\20260909_135814\raw\run_01\20260909.log
70069,2021-07-14,buy,True,110.698,110.463,110.698,110.463,110.511,110.514,False,False,False,2021-07-14T06:00:00,2021-07-14T03:00:00Z,summer_US_DST,6,3,6,CS	0	16:03:02.449	Trade	2021.07.14 06:00:00   buy stop 4.7 USDJPY.DWX at 110.698 sl: 110.463 (110.511 / 110.514),D:\QM\reports\work_items\2fc84747-27db-5e88-9568-3fdda6c30769\QM5_41398\20260909_135814\raw\run_01\20260909.log
70070,2021-07-14,sell,True,110.463,110.698,110.698,110.463,110.511,110.514,False,False,False,2021-07-14T06:00:00,2021-07-14T03:00:00Z,summer_US_DST,6,3,6,CS	0	16:03:02.450	Trade	2021.07.14 06:00:00   sell stop 4.71 USDJPY.DWX at 110.463 sl: 110.698 (110.511 / 110.514),D:\QM\reports\work_items\2fc84747-27db-5e88-9568-3fdda6c30769\QM5_41398\20260909_135814\raw\run_01\20260909.log
70084,2021-07-15,buy,True,110.013,109.818,110.013,109.818,109.880,109.883,False,False,False,2021-07-15T06:00:00,2021-07-15T03:00:00Z,summer_US_DST,6,3,6,CS	0	16:03:02.876	Trade	2021.07.15 06:00:00   buy stop 5.63 USDJPY.DWX at 110.013 sl: 109.818 (109.880 / 109.883),D:\QM\reports\work_items\2fc84747-27db-5e88-9568-3fdda6c30769\QM5_41398\20260909_135814\raw\run_01\20260909.log
70085,2021-07-15,sell,True,109.818,110.013,110.013,109.818,109.880,109.883,False,False,False,2021-07-15T06:00:00,2021-07-15T03:00:00Z,summer_US_DST,6,3,6,CS	0	16:03:02.876	Trade	2021.07.15 06:00:00   sell stop 5.64 USDJPY.DWX at 109.818 sl: 110.013 (109.880 / 109.883),D:\QM\reports\work_items\2fc84747-27db-5e88-9568-3fdda6c30769\QM5_41398\20260909_135814\raw\run_01\20260909.log
70095,2021-07-19,buy,True,109.946,109.850,109.946,109.850,109.925,109.927,False,False,False,2021-07-19T06:00:00,2021-07-19T03:00:00Z,summer_US_DST,6,3,6,CS	0	16:03:03.456	Trade	2021.07.19 06:00:00   buy stop 11.44 USDJPY.DWX at 109.946 sl: 109.850 (109.925 / 109.927),D:\QM\reports\work_items\2fc84747-27db-5e88-9568-3fdda6c30769\QM5_41398\20260909_135814\raw\run_01\20260909.log
70096,2021-07-19,sell,True,109.850,109.946,109.946,109.850,109.925,109.927,False,False,False,2021-07-19T06:00:00,2021-07-19T03:00:00Z,summer_US_DST,6,3,6,CS	0	16:03:03.456	Trade	2021.07.19 06:00:00   sell stop 11.45 USDJPY.DWX at 109.850 sl: 109.946 (109.925 / 109.927),D:\QM\reports\work_items\2fc84747-27db-5e88-9568-3fdda6c30769\QM5_41398\20260909_135814\raw\run_01\20260909.log
70106,2021-07-20,buy,True,109.571,109.475,109.571,109.475,109.553,109.555,False,False,False,2021-07-20T06:00:05,2021-07-20T03:00:05Z,summer_US_DST,6,3,6,CS	0	16:03:03.850	Trade	2021.07.20 06:00:05   buy stop 11.4 USDJPY.DWX at 109.571 sl: 109.475 (109.553 / 109.555),D:\QM\reports\work_items\2fc84747-27db-5e88-9568-3fdda6c30769\QM5_41398\20260909_135814\raw\run_01\20260909.log
70107,2021-07-20,sell,True,109.475,109.571,109.571,109.475,109.553,109.555,False,False,False,2021-07-20T06:00:05,2021-07-20T03:00:05Z,summer_US_DST,6,3,6,CS	0	16:03:03.851	Trade	2021.07.20 06:00:05   sell stop 11.41 USDJPY.DWX at 109.475 sl: 109.571 (109.553 / 109.555),D:\QM\reports\work_items\2fc84747-27db-5e88-9568-3fdda6c30769\QM5_41398\20260909_135814\raw\run_01\20260909.log
70117,2021-07-21,buy,True,109.980,109.854,109.980,109.854,109.896,109.900,False,False,False,2021-07-21T06:00:01,2021-07-21T03:00:01Z,summer_US_DST,6,3,6,CS	0	16:03:04.244	Trade	2021.07.21 06:00:01   buy stop 8.71 USDJPY.DWX at 109.980 sl: 109.854 (109.896 / 109.900),D:\QM\reports\work_items\2fc84747-27db-5e88-9568-3fdda6c30769\QM5_41398\20260909_135814\raw\run_01\20260909.log
70118,2021-07-21,sell,True,109.854,109.980,109.980,109.854,109.896,109.900,False,False,False,2021-07-21T06:00:01,2021-07-21T03:00:01Z,summer_US_DST,6,3,6,CS	0	16:03:04.244	Trade	2021.07.21 06:00:01   sell stop 8.72 USDJPY.DWX at 109.854 sl: 109.980 (109.896 / 109.900),D:\QM\reports\work_items\2fc84747-27db-5e88-9568-3fdda6c30769\QM5_41398\20260909_135814\raw\run_01\20260909.log
70128,2021-07-22,buy,True,110.259,110.082,110.259,110.082,110.147,110.151,False,False,False,2021-07-22T06:00:10,2021-07-22T03:00:10Z,summer_US_DST,6,3,6,CS	0	16:03:04.519	Trade	2021.07.22 06:00:10   buy stop 6.21 USDJPY.DWX at 110.259 sl: 110.082 (110.147 / 110.151),D:\QM\reports\work_items\2fc84747-27db-5e88-9568-3fdda6c30769\QM5_41398\20260909_135814\raw\run_01\20260909.log
70129,2021-07-22,sell,True,110.082,110.259,110.259,110.082,110.147,110.151,False,False,False,2021-07-22T06:00:10,2021-07-22T03:00:10Z,summer_US_DST,6,3,6,CS	0	16:03:04.519	Trade	2021.07.22 06:00:10   sell stop 6.22 USDJPY.DWX at 110.082 sl: 110.259 (110.147 / 110.151),D:\QM\reports\work_items\2fc84747-27db-5e88-9568-3fdda6c30769\QM5_41398\20260909_135814\raw\run_01\20260909.log
70139,2021-07-23,buy,True,110.283,110.113,110.283,110.113,110.242,110.245,False,False,False,2021-07-23T06:00:00,2021-07-23T03:00:00Z,summer_US_DST,6,3,6,CS	0	16:03:04.790	Trade	2021.07.23 06:00:00   buy stop 6.47 USDJPY.DWX at 110.283 sl: 110.113 (110.242 / 110.245),D:\QM\reports\work_items\2fc84747-27db-5e88-9568-3fdda6c30769\QM5_41398\20260909_135814\raw\run_01\20260909.log
70140,2021-07-23,sell,True,110.113,110.283,110.283,110.113,110.242,110.245,False,False,False,2021-07-23T06:00:00,2021-07-23T03:00:00Z,summer_US_DST,6,3,6,CS	0	16:03:04.790	Trade	2021.07.23 06:00:00   sell stop 6.48 USDJPY.DWX at 110.113 sl: 110.283 (110.242 / 110.245),D:\QM\reports\work_items\2fc84747-27db-5e88-9568-3fdda6c30769\QM5_41398\20260909_135814\raw\run_01\20260909.log
70155,2021-07-27,buy,True,110.328,110.191,110.328,110.191,110.214,110.217,False,False,False,2021-07-27T06:00:00,2021-07-27T03:00:00Z,summer_US_DST,6,3,6,CS	0	16:03:05.276	Trade	2021.07.27 06:00:00   buy stop 8.04 USDJPY.DWX at 110.328 sl: 110.191 (110.214 / 110.217),D:\QM\reports\work_items\2fc84747-27db-5e88-9568-3fdda6c30769\QM5_41398\20260909_135814\raw\run_01\20260909.log
70156,2021-07-27,sell,True,110.191,110.328,110.328,110.191,110.214,110.217,False,False,False,2021-07-27T06:00:00,2021-07-27T03:00:00Z,summer_US_DST,6,3,6,CS	0	16:03:05.276	Trade	2021.07.27 06:00:00   sell stop 8.05 USDJPY.DWX at 110.191 sl: 110.328 (110.214 / 110.217),D:\QM\reports\work_items\2fc84747-27db-5e88-9568-3fdda6c30769\QM5_41398\20260909_135814\raw\run_01\20260909.log
70169,2021-07-28,buy,True,109.911,109.756,109.911,109.756,109.801,109.803,False,False,False,2021-07-28T06:00:00,2021-07-28T03:00:00Z,summer_US_DST,6,3,6,CS	0	16:03:05.541	Trade	2021.07.28 06:00:00   buy stop 7.08 USDJPY.DWX at 109.911 sl: 109.756 (109.801 / 109.803),D:\QM\reports\work_items\2fc84747-27db-5e88-9568-3fdda6c30769\QM5_41398\20260909_135814\raw\run_01\20260909.log
70170,2021-07-28,sell,True,109.756,109.911,109.911,109.756,109.801,109.803,False,False,False,2021-07-28T06:00:00,2021-07-28T03:00:00Z,summer_US_DST,6,3,6,CS	0	16:03:05.542	Trade	2021.07.28 06:00:00   sell stop 7.09 USDJPY.DWX at 109.756 sl: 109.911 (109.801 / 109.803),D:\QM\reports\work_items\2fc84747-27db-5e88-9568-3fdda6c30769\QM5_41398\20260909_135814\raw\run_01\20260909.log
70180,2021-07-29,buy,True,109.889,109.684,109.889,109.684,109.802,109.807,False,False,False,2021-07-29T06:00:00,2021-07-29T03:00:00Z,summer_US_DST,6,3,6,CS	0	16:03:05.818	Trade	2021.07.29 06:00:00   buy stop 5.35 USDJPY.DWX at 109.889 sl: 109.684 (109.802 / 109.807),D:\QM\reports\work_items\2fc84747-27db-5e88-9568-3fdda6c30769\QM5_41398\20260909_135814\raw\run_01\20260909.log
70181,2021-07-29,sell,True,109.684,109.889,109.889,109.684,109.802,109.807,False,False,False,2021-07-29T06:00:00,2021-07-29T03:00:00Z,summer_US_DST,6,3,6,CS	0	16:03:05.819	Trade	2021.07.29 06:00:00   sell stop 5.36 USDJPY.DWX at 109.684 sl: 109.889 (109.802 / 109.807),D:\QM\reports\work_items\2fc84747-27db-5e88-9568-3fdda6c30769\QM5_41398\20260909_135814\raw\run_01\20260909.log
70191,2021-07-30,buy,True,109.606,109.360,109.606,109.360,109.530,109.534,False,False,False,2021-07-30T06:00:00,2021-07-30T03:00:00Z,summer_US_DST,6,3,6,CS	0	16:03:06.041	Trade	2021.07.30 06:00:00   buy stop 4.44 USDJPY.DWX at 109.606 sl: 109.360 (109.530 / 109.534),D:\QM\reports\work_items\2fc84747-27db-5e88-9568-3fdda6c30769\QM5_41398\20260909_135814\raw\run_01\20260909.log
70192,2021-07-30,sell,True,109.360,109.606,109.606,109.360,109.530,109.534,False,False,False,2021-07-30T06:00:00,2021-07-30T03:00:00Z,summer_US_DST,6,3,6,CS	0	16:03:06.041	Trade	2021.07.30 06:00:00   sell stop 4.45 USDJPY.DWX at 109.360 sl: 109.606 (109.530 / 109.534),D:\QM\reports\work_items\2fc84747-27db-5e88-9568-3fdda6c30769\QM5_41398\20260909_135814\raw\run_01\20260909.log
70202,2021-08-02,buy,True,109.741,109.600,109.741,109.600,109.682,109.685,False,False,False,2021-08-02T06:00:00,2021-08-02T03:00:00Z,summer_US_DST,6,3,6,CS	0	16:03:06.333	Trade	2021.08.02 06:00:00   buy stop 7.77 USDJPY.DWX at 109.741 sl: 109.600 (109.682 / 109.685),D:\QM\reports\work_items\2fc84747-27db-5e88-9568-3fdda6c30769\QM5_41398\20260909_135814\raw\run_01\20260909.log
70203,2021-08-02,sell,True,109.600,109.741,109.741,109.600,109.682,109.685,False,False,False,2021-08-02T06:00:00,2021-08-02T03:00:00Z,summer_US_DST,6,3,6,CS	0	16:03:06.333	Trade	2021.08.02 06:00:00   sell stop 7.78 USDJPY.DWX at 109.600 sl: 109.741 (109.682 / 109.685),D:\QM\reports\work_items\2fc84747-27db-5e88-9568-3fdda6c30769\QM5_41398\20260909_135814\raw\run_01\20260909.log
70213,2021-08-03,buy,True,109.333,109.190,109.333,109.190,109.217,109.220,False,False,False,2021-08-03T06:00:03,2021-08-03T03:00:03Z,summer_US_DST,6,3,6,CS	0	16:03:06.546	Trade	2021.08.03 06:00:03   buy stop 7.63 USDJPY.DWX at 109.333 sl: 109.190 (109.217 / 109.220),D:\QM\reports\work_items\2fc84747-27db-5e88-9568-3fdda6c30769\QM5_41398\20260909_135814\raw\run_01\20260909.log
70214,2021-08-03,sell,True,109.190,109.333,109.333,109.190,109.217,109.220,False,False,False,2021-08-03T06:00:03,2021-08-03T03:00:03Z,summer_US_DST,6,3,6,CS	0	16:03:06.546	Trade	2021.08.03 06:00:03   sell stop 7.64 USDJPY.DWX at 109.190 sl: 109.333 (109.217 / 109.220),D:\QM\reports\work_items\2fc84747-27db-5e88-9568-3fdda6c30769\QM5_41398\20260909_135814\raw\run_01\20260909.log
70227,2021-08-04,buy,True,109.109,108.925,109.109,108.925,109.038,109.041,False,False,False,2021-08-04T06:00:00,2021-08-04T03:00:00Z,summer_US_DST,6,3,6,CS	0	16:03:06.837	Trade	2021.08.04 06:00:00   buy stop 5.91 USDJPY.DWX at 109.109 sl: 108.925 (109.038 / 109.041),D:\QM\reports\work_items\2fc84747-27db-5e88-9568-3fdda6c30769\QM5_41398\20260909_135814\raw\run_01\20260909.log
70228,2021-08-04,sell,True,108.925,109.109,109.109,108.925,109.038,109.041,False,False,False,2021-08-04T06:00:00,2021-08-04T03:00:00Z,summer_US_DST,6,3,6,CS	0	16:03:06.837	Trade	2021.08.04 06:00:00   sell stop 5.92 USDJPY.DWX at 108.925 sl: 109.109 (109.038 / 109.041),D:\QM\reports\work_items\2fc84747-27db-5e88-9568-3fdda6c30769\QM5_41398\20260909_135814\raw\run_01\20260909.log
70238,2021-08-05,buy,True,109.717,109.513,109.717,109.513,109.672,109.675,False,False,False,2021-08-05T06:00:13,2021-08-05T03:00:13Z,summer_US_DST,6,3,6,CS	0	16:03:07.064	Trade	2021.08.05 06:00:13   buy stop 5.36 USDJPY.DWX at 109.717 sl: 109.513 (109.672 / 109.675),D:\QM\reports\work_items\2fc84747-27db-5e88-9568-3fdda6c30769\QM5_41398\20260909_135814\raw\run_01\20260909.log
70239,2021-08-05,sell,True,109.513,109.717,109.717,109.513,109.672,109.675,False,False,False,2021-08-05T06:00:13,2021-08-05T03:00:13Z,summer_US_DST,6,3,6,CS	0	16:03:07.064	Trade	2021.08.05 06:00:13   sell stop 5.37 USDJPY.DWX at 109.513 sl: 109.717 (109.672 / 109.675),D:\QM\reports\work_items\2fc84747-27db-5e88-9568-3fdda6c30769\QM5_41398\20260909_135814\raw\run_01\20260909.log
70249,2021-08-06,buy,True,109.886,109.742,109.886,109.742,109.861,109.863,False,False,False,2021-08-06T06:00:04,2021-08-06T03:00:04Z,summer_US_DST,6,3,6,CS	0	16:03:07.310	Trade	2021.08.06 06:00:04   buy stop 7.62 USDJPY.DWX at 109.886 sl: 109.742 (109.861 / 109.863),D:\QM\reports\work_items\2fc84747-27db-5e88-9568-3fdda6c30769\QM5_41398\20260909_135814\raw\run_01\20260909.log
70250,2021-08-06,sell,True,109.742,109.886,109.886,109.742,109.861,109.863,False,False,False,2021-08-06T06:00:04,2021-08-06T03:00:04Z,summer_US_DST,6,3,6,CS	0	16:03:07.310	Trade	2021.08.06 06:00:04   sell stop 7.63 USDJPY.DWX at 109.742 sl: 109.886 (109.861 / 109.863),D:\QM\reports\work_items\2fc84747-27db-5e88-9568-3fdda6c30769\QM5_41398\20260909_135814\raw\run_01\20260909.log
70260,2021-08-09,buy,True,110.315,110.188,110.315,110.188,110.206,110.209,False,False,False,2021-08-09T06:00:04,2021-08-09T03:00:04Z,summer_US_DST,6,3,6,CS	0	16:03:07.627	Trade	2021.08.09 06:00:04   buy stop 8.67 USDJPY.DWX at 110.315 sl: 110.188 (110.206 / 110.209),D:\QM\reports\work_items\2fc84747-27db-5e88-9568-3fdda6c30769\QM5_41398\20260909_135814\raw\run_01\20260909.log
70261,2021-08-09,sell,True,110.188,110.315,110.315,110.188,110.206,110.209,False,False,False,2021-08-09T06:00:04,2021-08-09T03:00:04Z,summer_US_DST,6,3,6,CS	0	16:03:07.627	Trade	2021.08.09 06:00:04   sell stop 8.68 USDJPY.DWX at 110.188 sl: 110.315 (110.206 / 110.209),D:\QM\reports\work_items\2fc84747-27db-5e88-9568-3fdda6c30769\QM5_41398\20260909_135814\raw\run_01\20260909.log
70274,2021-08-10,buy,True,110.405,110.300,110.405,110.300,110.344,110.348,False,False,False,2021-08-10T06:00:00,2021-08-10T03:00:00Z,summer_US_DST,6,3,6,CS	0	16:03:07.882	Trade	2021.08.10 06:00:00   buy stop 10.5 USDJPY.DWX at 110.405 sl: 110.300 (110.344 / 110.348),D:\QM\reports\work_items\2fc84747-27db-5e88-9568-3fdda6c30769\QM5_41398\20260909_135814\raw\run_01\20260909.log
70275,2021-08-10,sell,True,110.300,110.405,110.405,110.300,110.344,110.348,False,False,False,2021-08-10T06:00:00,2021-08-10T03:00:00Z,summer_US_DST,6,3,6,CS	0	16:03:07.882	Trade	2021.08.10 06:00:00   sell stop 10.51 USDJPY.DWX at 110.300 sl: 110.405 (110.344 / 110.348),D:\QM\reports\work_items\2fc84747-27db-5e88-9568-3fdda6c30769\QM5_41398\20260909_135814\raw\run_01\20260909.log
70287,2021-08-11,buy,True,110.686,110.584,110.686,110.584,110.644,110.646,False,False,False,2021-08-11T06:00:19,2021-08-11T03:00:19Z,summer_US_DST,6,3,6,CS	0	16:03:08.092	Trade	2021.08.11 06:00:19   buy stop 10.84 USDJPY.DWX at 110.686 sl: 110.584 (110.644 / 110.646),D:\QM\reports\work_items\2fc84747-27db-5e88-9568-3fdda6c30769\QM5_41398\20260909_135814\raw\run_01\20260909.log
70288,2021-08-11,sell,True,110.584,110.686,110.686,110.584,110.644,110.646,False,False,False,2021-08-11T06:00:19,2021-08-11T03:00:19Z,summer_US_DST,6,3,6,CS	0	16:03:08.092	Trade	2021.08.11 06:00:19   sell stop 10.85 USDJPY.DWX at 110.584 sl: 110.686 (110.644 / 110.646),D:\QM\reports\work_items\2fc84747-27db-5e88-9568-3fdda6c30769\QM5_41398\20260909_135814\raw\run_01\20260909.log
70301,2021-08-12,buy,True,110.431,110.316,110.431,110.316,110.401,110.403,False,False,False,2021-08-12T06:00:01,2021-08-12T03:00:01Z,summer_US_DST,6,3,6,CS	0	16:03:08.281	Trade	2021.08.12 06:00:01   buy stop 9.59 USDJPY.DWX at 110.431 sl: 110.316 (110.401 / 110.403),D:\QM\reports\work_items\2fc84747-27db-5e88-9568-3fdda6c30769\QM5_41398\20260909_135814\raw\run_01\20260909.log
70302,2021-08-12,sell,True,110.316,110.431,110.431,110.316,110.401,110.403,False,False,False,2021-08-12T06:00:01,2021-08-12T03:00:01Z,summer_US_DST,6,3,6,CS	0	16:03:08.281	Trade	2021.08.12 06:00:01   sell stop 9.6 USDJPY.DWX at 110.316 sl: 110.431 (110.401 / 110.403),D:\QM\reports\work_items\2fc84747-27db-5e88-9568-3fdda6c30769\QM5_41398\20260909_135814\raw\run_01\20260909.log
70312,2021-08-13,buy,True,110.458,110.369,110.458,110.369,110.392,110.396,False,False,False,2021-08-13T06:00:00,2021-08-13T03:00:00Z,summer_US_DST,6,3,6,CS	0	16:03:08.481	Trade	2021.08.13 06:00:00   buy stop 12.4 USDJPY.DWX at 110.458 sl: 110.369 (110.392 / 110.396),D:\QM\reports\work_items\2fc84747-27db-5e88-9568-3fdda6c30769\QM5_41398\20260909_135814\raw\run_01\20260909.log
70313,2021-08-13,sell,True,110.369,110.458,110.458,110.369,110.392,110.396,False,False,False,2021-08-13T06:00:00,2021-08-13T03:00:00Z,summer_US_DST,6,3,6,CS	0	16:03:08.481	Trade	2021.08.13 06:00:00   sell stop 12.41 USDJPY.DWX at 110.369 sl: 110.458 (110.392 / 110.396),D:\QM\reports\work_items\2fc84747-27db-5e88-9568-3fdda6c30769\QM5_41398\20260909_135814\raw\run_01\20260909.log
70330,2021-08-17,buy,True,109.339,109.202,109.339,109.202,109.270,109.274,False,False,False,2021-08-17T06:00:00,2021-08-17T03:00:00Z,summer_US_DST,6,3,6,CS	0	16:03:08.971	Trade	2021.08.17 06:00:00   buy stop 7.97 USDJPY.DWX at 109.339 sl: 109.202 (109.270 / 109.274),D:\QM\reports\work_items\2fc84747-27db-5e88-9568-3fdda6c30769\QM5_41398\20260909_135814\raw\run_01\20260909.log
70331,2021-08-17,sell,True,109.202,109.339,109.339,109.202,109.270,109.274,False,False,False,2021-08-17T06:00:00,2021-08-17T03:00:00Z,summer_US_DST,6,3,6,CS	0	16:03:08.971	Trade	2021.08.17 06:00:00   sell stop 7.98 USDJPY.DWX at 109.202 sl: 109.339 (109.270 / 109.274),D:\QM\reports\work_items\2fc84747-27db-5e88-9568-3fdda6c30769\QM5_41398\20260909_135814\raw\run_01\20260909.log
70341,2021-08-18,buy,True,109.591,109.478,109.591,109.478,109.565,109.568,False,False,False,2021-08-18T06:00:00,2021-08-18T03:00:00Z,summer_US_DST,6,3,6,CS	0	16:03:09.272	Trade	2021.08.18 06:00:00   buy stop 9.68 USDJPY.DWX at 109.591 sl: 109.478 (109.565 / 109.568),D:\QM\reports\work_items\2fc84747-27db-5e88-9568-3fdda6c30769\QM5_41398\20260909_135814\raw\run_01\20260909.log
70342,2021-08-18,sell,True,109.478,109.591,109.591,109.478,109.565,109.568,False,False,False,2021-08-18T06:00:00,2021-08-18T03:00:00Z,summer_US_DST,6,3,6,CS	0	16:03:09.273	Trade	2021.08.18 06:00:00   sell stop 9.69 USDJPY.DWX at 109.478 sl: 109.591 (109.565 / 109.568),D:\QM\reports\work_items\2fc84747-27db-5e88-9568-3fdda6c30769\QM5_41398\20260909_135814\raw\run_01\20260909.log
70357,2021-08-23,buy,True,109.933,109.815,109.933,109.815,109.817,109.821,False,False,False,2021-08-23T06:00:00,2021-08-23T03:00:00Z,summer_US_DST,6,3,6,CS	0	16:03:10.276	Trade	2021.08.23 06:00:00   buy stop 9.3 USDJPY.DWX at 109.933 sl: 109.815 (109.817 / 109.821),D:\QM\reports\work_items\2fc84747-27db-5e88-9568-3fdda6c30769\QM5_41398\20260909_135814\raw\run_01\20260909.log
70358,2021-08-23,sell,True,109.815,109.933,109.933,109.815,109.817,109.821,False,False,False,2021-08-23T06:00:00,2021-08-23T03:00:00Z,summer_US_DST,6,3,6,CS	0	16:03:10.276	Trade	2021.08.23 06:00:00   sell stop 9.31 USDJPY.DWX at 109.815 sl: 109.933 (109.817 / 109.821),D:\QM\reports\work_items\2fc84747-27db-5e88-9568-3fdda6c30769\QM5_41398\20260909_135814\raw\run_01\20260909.log
70368,2021-08-24,buy,True,109.775,109.640,109.775,109.640,109.729,109.732,False,False,False,2021-08-24T06:00:00,2021-08-24T03:00:00Z,summer_US_DST,6,3,6,CS	0	16:03:10.543	Trade	2021.08.24 06:00:00   buy stop 8.12 USDJPY.DWX at 109.775 sl: 109.640 (109.729 / 109.732),D:\QM\reports\work_items\2fc84747-27db-5e88-9568-3fdda6c30769\QM5_41398\20260909_135814\raw\run_01\20260909.log
70369,2021-08-24,sell,True,109.640,109.775,109.775,109.640,109.729,109.732,False,False,False,2021-08-24T06:00:00,2021-08-24T03:00:00Z,summer_US_DST,6,3,6,CS	0	16:03:10.543	Trade	2021.08.24 06:00:00   sell stop 8.13 USDJPY.DWX at 109.640 sl: 109.775 (109.729 / 109.732),D:\QM\reports\work_items\2fc84747-27db-5e88-9568-3fdda6c30769\QM5_41398\20260909_135814\raw\run_01\20260909.log
70379,2021-08-25,buy,True,109.867,109.723,109.867,109.723,109.795,109.799,False,False,False,2021-08-25T06:00:00,2021-08-25T03:00:00Z,summer_US_DST,6,3,6,CS	0	16:03:10.834	Trade	2021.08.25 06:00:00   buy stop 7.61 USDJPY.DWX at 109.867 sl: 109.723 (109.795 / 109.799),D:\QM\reports\work_items\2fc84747-27db-5e88-9568-3fdda6c30769\QM5_41398\20260909_135814\raw\run_01\20260909.log
70380,2021-08-25,sell,True,109.723,109.867,109.867,109.723,109.795,109.799,False,False,False,2021-08-25T06:00:00,2021-08-25T03:00:00Z,summer_US_DST,6,3,6,CS	0	16:03:10.835	Trade	2021.08.25 06:00:00   sell stop 7.62 USDJPY.DWX at 109.723 sl: 109.867 (109.795 / 109.799),D:\QM\reports\work_items\2fc84747-27db-5e88-9568-3fdda6c30769\QM5_41398\20260909_135814\raw\run_01\20260909.log
70390,2021-08-26,buy,True,110.113,109.964,110.113,109.964,109.989,109.993,False,False,False,2021-08-26T06:00:16,2021-08-26T03:00:16Z,summer_US_DST,6,3,6,CS	0	16:03:11.137	Trade	2021.08.26 06:00:16   buy stop 7.38 USDJPY.DWX at 110.113 sl: 109.964 (109.989 / 109.993),D:\QM\reports\work_items\2fc84747-27db-5e88-9568-3fdda6c30769\QM5_41398\20260909_135814\raw\run_01\20260909.log
70391,2021-08-26,sell,True,109.964,110.113,110.113,109.964,109.989,109.993,False,False,False,2021-08-26T06:00:16,2021-08-26T03:00:16Z,summer_US_DST,6,3,6,CS	0	16:03:11.137	Trade	2021.08.26 06:00:16   sell stop 7.38 USDJPY.DWX at 109.964 sl: 110.113 (109.989 / 109.993),D:\QM\reports\work_items\2fc84747-27db-5e88-9568-3fdda6c30769\QM5_41398\20260909_135814\raw\run_01\20260909.log
70401,2021-08-27,buy,True,110.084,109.955,110.084,109.955,110.002,110.004,False,False,False,2021-08-27T06:00:02,2021-08-27T03:00:02Z,summer_US_DST,6,3,6,CS	0	16:03:11.382	Trade	2021.08.27 06:00:02   buy stop 8.52 USDJPY.DWX at 110.084 sl: 109.955 (110.002 / 110.004),D:\QM\reports\work_items\2fc84747-27db-5e88-9568-3fdda6c30769\QM5_41398\20260909_135814\raw\run_01\20260909.log
70402,2021-08-27,sell,True,109.955,110.084,110.084,109.955,110.002,110.004,False,False,False,2021-08-27T06:00:02,2021-08-27T03:00:02Z,summer_US_DST,6,3,6,CS	0	16:03:11.383	Trade	2021.08.27 06:00:02   sell stop 8.53 USDJPY.DWX at 109.955 sl: 110.084 (110.002 / 110.004),D:\QM\reports\work_items\2fc84747-27db-5e88-9568-3fdda6c30769\QM5_41398\20260909_135814\raw\run_01\20260909.log
70412,2021-08-30,buy,True,109.877,109.702,109.877,109.702,109.794,109.797,False,False,False,2021-08-30T06:00:00,2021-08-30T03:00:00Z,summer_US_DST,6,3,6,CS	0	16:03:11.638	Trade	2021.08.30 06:00:00   buy stop 6.26 USDJPY.DWX at 109.877 sl: 109.702 (109.794 / 109.797),D:\QM\reports\work_items\2fc84747-27db-5e88-9568-3fdda6c30769\QM5_41398\20260909_135814\raw\run_01\20260909.log
70413,2021-08-30,sell,True,109.702,109.877,109.877,109.702,109.794,109.797,False,False,False,2021-08-30T06:00:00,2021-08-30T03:00:00Z,summer_US_DST,6,3,6,CS	0	16:03:11.639	Trade	2021.08.30 06:00:00   sell stop 6.27 USDJPY.DWX at 109.702 sl: 109.877 (109.794 / 109.797),D:\QM\reports\work_items\2fc84747-27db-5e88-9568-3fdda6c30769\QM5_41398\20260909_135814\raw\run_01\20260909.log
70423,2021-08-31,buy,True,109.963,109.833,109.963,109.833,109.855,109.857,False,False,False,2021-08-31T06:00:00,2021-08-31T03:00:00Z,summer_US_DST,6,3,6,CS	0	16:03:11.840	Trade	2021.08.31 06:00:00   buy stop 8.44 USDJPY.DWX at 109.963 sl: 109.833 (109.855 / 109.857),D:\QM\reports\work_items\2fc84747-27db-5e88-9568-3fdda6c30769\QM5_41398\20260909_135814\raw\run_01\20260909.log
70424,2021-08-31,sell,True,109.833,109.963,109.963,109.833,109.855,109.857,False,False,False,2021-08-31T06:00:00,2021-08-31T03:00:00Z,summer_US_DST,6,3,6,CS	0	16:03:11.841	Trade	2021.08.31 06:00:00   sell stop 8.45 USDJPY.DWX at 109.833 sl: 109.963 (109.855 / 109.857),D:\QM\reports\work_items\2fc84747-27db-5e88-9568-3fdda6c30769\QM5_41398\20260909_135814\raw\run_01\20260909.log
70437,2021-09-01,buy,True,110.235,110.053,110.235,110.053,110.216,110.220,False,False,False,2021-09-01T06:00:00,2021-09-01T03:00:00Z,summer_US_DST,6,3,6,CS	0	16:03:12.280	Trade	2021.09.01 06:00:00   buy stop 6.04 USDJPY.DWX at 110.235 sl: 110.053 (110.216 / 110.220),D:\QM\reports\work_items\2fc84747-27db-5e88-9568-3fdda6c30769\QM5_41398\20260909_135814\raw\run_01\20260909.log
70438,2021-09-01,sell,True,110.053,110.235,110.235,110.053,110.216,110.220,False,False,False,2021-09-01T06:00:00,2021-09-01T03:00:00Z,summer_US_DST,6,3,6,CS	0	16:03:12.280	Trade	2021.09.01 06:00:00   sell stop 6.05 USDJPY.DWX at 110.053 sl: 110.235 (110.216 / 110.220),D:\QM\reports\work_items\2fc84747-27db-5e88-9568-3fdda6c30769\QM5_41398\20260909_135814\raw\run_01\20260909.log
70451,2021-09-02,buy,True,110.121,109.916,110.121,109.916,109.966,109.970,False,False,False,2021-09-02T06:00:00,2021-09-02T03:00:00Z,summer_US_DST,6,3,6,CS	0	16:03:12.533	Trade	2021.09.02 06:00:00   buy stop 5.36 USDJPY.DWX at 110.121 sl: 109.916 (109.966 / 109.970),D:\QM\reports\work_items\2fc84747-27db-5e88-9568-3fdda6c30769\QM5_41398\20260909_135814\raw\run_01\20260909.log
70452,2021-09-02,sell,True,109.916,110.121,110.121,109.916,109.966,109.970,False,False,False,2021-09-02T06:00:00,2021-09-02T03:00:00Z,summer_US_DST,6,3,6,CS	0	16:03:12.533	Trade	2021.09.02 06:00:00   sell stop 5.37 USDJPY.DWX at 109.916 sl: 110.121 (109.966 / 109.970),D:\QM\reports\work_items\2fc84747-27db-5e88-9568-3fdda6c30769\QM5_41398\20260909_135814\raw\run_01\20260909.log
70455,2021-09-06,buy,True,109.837,109.746,109.837,109.746,109.787,109.789,False,False,False,2021-09-06T06:00:09,2021-09-06T03:00:09Z,summer_US_DST,6,3,6,CS	0	16:03:13.009	Trade	2021.09.06 06:00:09   buy stop 12.05 USDJPY.DWX at 109.837 sl: 109.746 (109.787 / 109.789),D:\QM\reports\work_items\2fc84747-27db-5e88-9568-3fdda6c30769\QM5_41398\20260909_135814\raw\run_01\20260909.log
70456,2021-09-06,sell,True,109.746,109.837,109.837,109.746,109.787,109.789,False,False,False,2021-09-06T06:00:09,2021-09-06T03:00:09Z,summer_US_DST,6,3,6,CS	0	16:03:13.009	Trade	2021.09.06 06:00:09   sell stop 12.07 USDJPY.DWX at 109.746 sl: 109.837 (109.787 / 109.789),D:\QM\reports\work_items\2fc84747-27db-5e88-9568-3fdda6c30769\QM5_41398\20260909_135814\raw\run_01\20260909.log
70470,2021-09-08,buy,True,110.333,110.254,110.333,110.254,110.274,110.277,False,False,False,2021-09-08T06:00:00,2021-09-08T03:00:00Z,summer_US_DST,6,3,6,CS	0	16:03:13.474	Trade	2021.09.08 06:00:00   buy stop 13.95 USDJPY.DWX at 110.333 sl: 110.254 (110.274 / 110.277),D:\QM\reports\work_items\2fc84747-27db-5e88-9568-3fdda6c30769\QM5_41398\20260909_135814\raw\run_01\20260909.log
70471,2021-09-08,sell,True,110.254,110.333,110.333,110.254,110.274,110.277,False,False,False,2021-09-08T06:00:00,2021-09-08T03:00:00Z,summer_US_DST,6,3,6,CS	0	16:03:13.475	Trade	2021.09.08 06:00:00   sell stop 13.96 USDJPY.DWX at 110.254 sl: 110.333 (110.274 / 110.277),D:\QM\reports\work_items\2fc84747-27db-5e88-9568-3fdda6c30769\QM5_41398\20260909_135814\raw\run_01\20260909.log
70484,2021-09-10,buy,True,109.796,109.697,109.796,109.697,109.772,109.774,False,False,False,2021-09-10T06:00:00,2021-09-10T03:00:00Z,summer_US_DST,6,3,6,CS	0	16:03:14.082	Trade	2021.09.10 06:00:00   buy stop 11.08 USDJPY.DWX at 109.796 sl: 109.697 (109.772 / 109.774),D:\QM\reports\work_items\2fc84747-27db-5e88-9568-3fdda6c30769\QM5_41398\20260909_135814\raw\run_01\20260909.log
70485,2021-09-10,sell,True,109.697,109.796,109.796,109.697,109.772,109.774,False,False,False,2021-09-10T06:00:00,2021-09-10T03:00:00Z,summer_US_DST,6,3,6,CS	0	16:03:14.082	Trade	2021.09.10 06:00:00   sell stop 11.09 USDJPY.DWX at 109.697 sl: 109.796 (109.772 / 109.774),D:\QM\reports\work_items\2fc84747-27db-5e88-9568-3fdda6c30769\QM5_41398\20260909_135814\raw\run_01\20260909.log
70498,2021-09-13,buy,True,109.977,109.889,109.977,109.889,109.945,109.949,False,False,False,2021-09-13T06:00:00,2021-09-13T03:00:00Z,summer_US_DST,6,3,6,CS	0	16:03:14.341	Trade	2021.09.13 06:00:00   buy stop 12.48 USDJPY.DWX at 109.977 sl: 109.889 (109.945 / 109.949),D:\QM\reports\work_items\2fc84747-27db-5e88-9568-3fdda6c30769\QM5_41398\20260909_135814\raw\run_01\20260909.log
70499,2021-09-13,sell,True,109.889,109.977,109.977,109.889,109.945,109.949,False,False,False,2021-09-13T06:00:00,2021-09-13T03:00:00Z,summer_US_DST,6,3,6,CS	0	16:03:14.341	Trade	2021.09.13 06:00:00   sell stop 12.49 USDJPY.DWX at 109.889 sl: 109.977 (109.945 / 109.949),D:\QM\reports\work_items\2fc84747-27db-5e88-9568-3fdda6c30769\QM5_41398\20260909_135814\raw\run_01\20260909.log
70515,2021-09-14,buy,True,110.090,109.962,110.090,109.962,110.070,110.074,False,False,False,2021-09-14T06:00:01,2021-09-14T03:00:01Z,summer_US_DST,6,3,6,CS	0	16:03:14.612	Trade	2021.09.14 06:00:01   buy stop 8.59 USDJPY.DWX at 110.090 sl: 109.962 (110.070 / 110.074),D:\QM\reports\work_items\2fc84747-27db-5e88-9568-3fdda6c30769\QM5_41398\20260909_135814\raw\run_01\20260909.log
70516,2021-09-14,sell,True,109.962,110.090,110.090,109.962,110.070,110.074,False,False,False,2021-09-14T06:00:01,2021-09-14T03:00:01Z,summer_US_DST,6,3,6,CS	0	16:03:14.612	Trade	2021.09.14 06:00:01   sell stop 8.6 USDJPY.DWX at 109.962 sl: 110.090 (110.070 / 110.074),D:\QM\reports\work_items\2fc84747-27db-5e88-9568-3fdda6c30769\QM5_41398\20260909_135814\raw\run_01\20260909.log
70526,2021-09-15,buy,True,109.742,109.545,109.742,109.545,109.625,109.628,False,False,False,2021-09-15T06:00:00,2021-09-15T03:00:00Z,summer_US_DST,6,3,6,CS	0	16:03:14.902	Trade	2021.09.15 06:00:00   buy stop 5.56 USDJPY.DWX at 109.742 sl: 109.545 (109.625 / 109.628),D:\QM\reports\work_items\2fc84747-27db-5e88-9568-3fdda6c30769\QM5_41398\20260909_135814\raw\run_01\20260909.log
70527,2021-09-15,sell,True,109.545,109.742,109.742,109.545,109.625,109.628,False,False,False,2021-09-15T06:00:00,2021-09-15T03:00:00Z,summer_US_DST,6,3,6,CS	0	16:03:14.902	Trade	2021.09.15 06:00:00   sell stop 5.57 USDJPY.DWX at 109.545 sl: 109.742 (109.625 / 109.628),D:\QM\reports\work_items\2fc84747-27db-5e88-9568-3fdda6c30769\QM5_41398\20260909_135814\raw\run_01\20260909.log
70542,2021-09-20,buy,True,110.036,109.856,110.036,109.856,109.878,109.881,False,False,False,2021-09-20T06:00:00,2021-09-20T03:00:00Z,summer_US_DST,6,3,6,CS	0	16:03:15.642	Trade	2021.09.20 06:00:00   buy stop 6.1 USDJPY.DWX at 110.036 sl: 109.856 (109.878 / 109.881),D:\QM\reports\work_items\2fc84747-27db-5e88-9568-3fdda6c30769\QM5_41398\20260909_135814\raw\run_01\20260909.log
70543,2021-09-20,sell,True,109.856,110.036,110.036,109.856,109.878,109.881,False,False,False,2021-09-20T06:00:00,2021-09-20T03:00:00Z,summer_US_DST,6,3,6,CS	0	16:03:15.642	Trade	2021.09.20 06:00:00   sell stop 6.11 USDJPY.DWX at 109.856 sl: 110.036 (109.878 / 109.881),D:\QM\reports\work_items\2fc84747-27db-5e88-9568-3fdda6c30769\QM5_41398\20260909_135814\raw\run_01\20260909.log
70559,2021-09-21,buy,True,109.600,109.398,109.600,109.398,109.584,109.588,False,False,False,2021-09-21T06:00:00,2021-09-21T03:00:00Z,summer_US_DST,6,3,6,CS	0	16:03:16.026	Trade	2021.09.21 06:00:00   buy stop 5.41 USDJPY.DWX at 109.600 sl: 109.398 (109.584 / 109.588),D:\QM\reports\work_items\2fc84747-27db-5e88-9568-3fdda6c30769\QM5_41398\20260909_135814\raw\run_01\20260909.log
70560,2021-09-21,sell,True,109.398,109.600,109.600,109.398,109.584,109.588,False,False,False,2021-09-21T06:00:00,2021-09-21T03:00:00Z,summer_US_DST,6,3,6,CS	0	16:03:16.026	Trade	2021.09.21 06:00:00   sell stop 5.42 USDJPY.DWX at 109.398 sl: 109.600 (109.584 / 109.588),D:\QM\reports\work_items\2fc84747-27db-5e88-9568-3fdda6c30769\QM5_41398\20260909_135814\raw\run_01\20260909.log
70570,2021-09-23,buy,True,109.923,109.804,109.923,109.804,109.868,109.872,False,False,False,2021-09-23T06:00:02,2021-09-23T03:00:02Z,summer_US_DST,6,3,6,CS	0	16:03:16.589	Trade	2021.09.23 06:00:02   buy stop 9.22 USDJPY.DWX at 109.923 sl: 109.804 (109.868 / 109.872),D:\QM\reports\work_items\2fc84747-27db-5e88-9568-3fdda6c30769\QM5_41398\20260909_135814\raw\run_01\20260909.log
70571,2021-09-23,sell,True,109.804,109.923,109.923,109.804,109.868,109.872,False,False,False,2021-09-23T06:00:02,2021-09-23T03:00:02Z,summer_US_DST,6,3,6,CS	0	16:03:16.589	Trade	2021.09.23 06:00:02   sell stop 9.23 USDJPY.DWX at 109.804 sl: 109.923 (109.868 / 109.872),D:\QM\reports\work_items\2fc84747-27db-5e88-9568-3fdda6c30769\QM5_41398\20260909_135814\raw\run_01\20260909.log
70581,2021-09-24,buy,True,110.418,110.310,110.418,110.310,110.394,110.396,False,False,False,2021-09-24T06:00:00,2021-09-24T03:00:00Z,summer_US_DST,6,3,6,CS	0	16:03:16.895	Trade	2021.09.24 06:00:00   buy stop 10.21 USDJPY.DWX at 110.418 sl: 110.310 (110.394 / 110.396),D:\QM\reports\work_items\2fc84747-27db-5e88-9568-3fdda6c30769\QM5_41398\20260909_135814\raw\run_01\20260909.log
70582,2021-09-24,sell,True,110.310,110.418,110.418,110.310,110.394,110.396,False,False,False,2021-09-24T06:00:00,2021-09-24T03:00:00Z,summer_US_DST,6,3,6,CS	0	16:03:16.896	Trade	2021.09.24 06:00:00   sell stop 10.22 USDJPY.DWX at 110.310 sl: 110.418 (110.394 / 110.396),D:\QM\reports\work_items\2fc84747-27db-5e88-9568-3fdda6c30769\QM5_41398\20260909_135814\raw\run_01\20260909.log
70595,2021-09-27,buy,True,110.805,110.609,110.805,110.609,110.626,110.629,False,False,False,2021-09-27T06:00:03,2021-09-27T03:00:03Z,summer_US_DST,6,3,6,CS	0	16:03:17.121	Trade	2021.09.27 06:00:03   buy stop 5.64 USDJPY.DWX at 110.805 sl: 110.609 (110.626 / 110.629),D:\QM\reports\work_items\2fc84747-27db-5e88-9568-3fdda6c30769\QM5_41398\20260909_135814\raw\run_01\20260909.log
70596,2021-09-27,sell,True,110.609,110.805,110.805,110.609,110.626,110.629,False,False,False,2021-09-27T06:00:03,2021-09-27T03:00:03Z,summer_US_DST,6,3,6,CS	0	16:03:17.122	Trade	2021.09.27 06:00:03   sell stop 5.65 USDJPY.DWX at 110.609 sl: 110.805 (110.626 / 110.629),D:\QM\reports\work_items\2fc84747-27db-5e88-9568-3fdda6c30769\QM5_41398\20260909_135814\raw\run_01\20260909.log
70606,2021-09-29,buy,True,111.681,111.411,111.681,111.411,111.413,111.417,False,False,False,2021-09-29T06:00:00,2021-09-29T03:00:00Z,summer_US_DST,6,3,6,CS	0	16:03:17.547	Trade	2021.09.29 06:00:00   buy stop 4.12 USDJPY.DWX at 111.681 sl: 111.411 (111.413 / 111.417),D:\QM\reports\work_items\2fc84747-27db-5e88-9568-3fdda6c30769\QM5_41398\20260909_135814\raw\run_01\20260909.log
70607,2021-09-29,sell,True,111.411,111.681,111.681,111.411,111.413,111.417,False,False,False,2021-09-29T06:00:00,2021-09-29T03:00:00Z,summer_US_DST,6,3,6,CS	0	16:03:17.548	Trade	2021.09.29 06:00:00   sell stop 4.13 USDJPY.DWX at 111.411 sl: 111.681 (111.413 / 111.417),D:\QM\reports\work_items\2fc84747-27db-5e88-9568-3fdda6c30769\QM5_41398\20260909_135814\raw\run_01\20260909.log
70617,2021-09-30,buy,True,111.944,111.795,111.944,111.795,111.851,111.855,False,False,False,2021-09-30T06:00:00,2021-09-30T03:00:00Z,summer_US_DST,6,3,6,CS	0	16:03:17.965	Trade	2021.09.30 06:00:00   buy stop 7.5 USDJPY.DWX at 111.944 sl: 111.795 (111.851 / 111.855),D:\QM\reports\work_items\2fc84747-27db-5e88-9568-3fdda6c30769\QM5_41398\20260909_135814\raw\run_01\20260909.log
70618,2021-09-30,sell,True,111.795,111.944,111.944,111.795,111.851,111.855,False,False,False,2021-09-30T06:00:00,2021-09-30T03:00:00Z,summer_US_DST,6,3,6,CS	0	16:03:17.965	Trade	2021.09.30 06:00:00   sell stop 7.51 USDJPY.DWX at 111.795 sl: 111.944 (111.851 / 111.855),D:\QM\reports\work_items\2fc84747-27db-5e88-9568-3fdda6c30769\QM5_41398\20260909_135814\raw\run_01\20260909.log
70628,2021-10-01,buy,True,111.487,111.230,111.487,111.230,111.261,111.264,False,False,False,2021-10-01T06:00:00,2021-10-01T03:00:00Z,summer_US_DST,6,3,6,CS	0	16:03:18.180	Trade	2021.10.01 06:00:00   buy stop 4.32 USDJPY.DWX at 111.487 sl: 111.230 (111.261 / 111.264),D:\QM\reports\work_items\2fc84747-27db-5e88-9568-3fdda6c30769\QM5_41398\20260909_135814\raw\run_01\20260909.log
70629,2021-10-01,sell,True,111.230,111.487,111.487,111.230,111.261,111.264,False,False,False,2021-10-01T06:00:00,2021-10-01T03:00:00Z,summer_US_DST,6,3,6,CS	0	16:03:18.180	Trade	2021.10.01 06:00:00   sell stop 4.33 USDJPY.DWX at 111.230 sl: 111.487 (111.261 / 111.264),D:\QM\reports\work_items\2fc84747-27db-5e88-9568-3fdda6c30769\QM5_41398\20260909_135814\raw\run_01\20260909.log
70641,2021-10-04,buy,True,111.101,110.883,111.101,110.883,111.081,111.085,False,False,False,2021-10-04T06:00:00,2021-10-04T03:00:00Z,summer_US_DST,6,3,6,CS	0	16:03:18.648	Trade	2021.10.04 06:00:00   buy stop 5.08 USDJPY.DWX at 111.101 sl: 110.883 (111.081 / 111.085),D:\QM\reports\work_items\2fc84747-27db-5e88-9568-3fdda6c30769\QM5_41398\20260909_135814\raw\run_01\20260909.log
70642,2021-10-04,sell,True,110.883,111.101,111.101,110.883,111.081,111.085,False,False,False,2021-10-04T06:00:00,2021-10-04T03:00:00Z,summer_US_DST,6,3,6,CS	0	16:03:18.649	Trade	2021.10.04 06:00:00   sell stop 5.09 USDJPY.DWX at 110.883 sl: 111.101 (111.081 / 111.085),D:\QM\reports\work_items\2fc84747-27db-5e88-9568-3fdda6c30769\QM5_41398\20260909_135814\raw\run_01\20260909.log
70652,2021-10-05,buy,True,111.119,110.869,111.119,110.869,111.108,111.111,False,False,False,2021-10-05T06:00:00,2021-10-05T03:00:00Z,summer_US_DST,6,3,6,CS	0	16:03:19.057	Trade	2021.10.05 06:00:00   buy stop 4.43 USDJPY.DWX at 111.119 sl: 110.869 (111.108 / 111.111),D:\QM\reports\work_items\2fc84747-27db-5e88-9568-3fdda6c30769\QM5_41398\20260909_135814\raw\run_01\20260909.log
70653,2021-10-05,sell,True,110.869,111.119,111.119,110.869,111.108,111.111,False,False,False,2021-10-05T06:00:00,2021-10-05T03:00:00Z,summer_US_DST,6,3,6,CS	0	16:03:19.057	Trade	2021.10.05 06:00:00   sell stop 4.44 USDJPY.DWX at 110.869 sl: 111.119 (111.108 / 111.111),D:\QM\reports\work_items\2fc84747-27db-5e88-9568-3fdda6c30769\QM5_41398\20260909_135814\raw\run_01\20260909.log
70665,2021-10-06,buy,True,111.646,111.487,111.646,111.487,111.610,111.614,False,False,False,2021-10-06T06:00:00,2021-10-06T03:00:00Z,summer_US_DST,6,3,6,CS	0	16:03:19.357	Trade	2021.10.06 06:00:00   buy stop 7.01 USDJPY.DWX at 111.646 sl: 111.487 (111.610 / 111.614),D:\QM\reports\work_items\2fc84747-27db-5e88-9568-3fdda6c30769\QM5_41398\20260909_135814\raw\run_01\20260909.log
70666,2021-10-06,sell,True,111.487,111.646,111.646,111.487,111.610,111.614,False,False,False,2021-10-06T06:00:00,2021-10-06T03:00:00Z,summer_US_DST,6,3,6,CS	0	16:03:19.358	Trade	2021.10.06 06:00:00   sell stop 7.02 USDJPY.DWX at 111.487 sl: 111.646 (111.610 / 111.614),D:\QM\reports\work_items\2fc84747-27db-5e88-9568-3fdda6c30769\QM5_41398\20260909_135814\raw\run_01\20260909.log
70676,2021-10-07,buy,True,111.508,111.311,111.508,111.311,111.484,111.486,False,False,False,2021-10-07T06:00:04,2021-10-07T03:00:04Z,summer_US_DST,6,3,6,CS	0	16:03:19.669	Trade	2021.10.07 06:00:04   buy stop 5.65 USDJPY.DWX at 111.508 sl: 111.311 (111.484 / 111.486),D:\QM\reports\work_items\2fc84747-27db-5e88-9568-3fdda6c30769\QM5_41398\20260909_135814\raw\run_01\20260909.log
70677,2021-10-07,sell,True,111.311,111.508,111.508,111.311,111.484,111.486,False,False,False,2021-10-07T06:00:04,2021-10-07T03:00:04Z,summer_US_DST,6,3,6,CS	0	16:03:19.669	Trade	2021.10.07 06:00:04   sell stop 5.66 USDJPY.DWX at 111.311 sl: 111.508 (111.484 / 111.486),D:\QM\reports\work_items\2fc84747-27db-5e88-9568-3fdda6c30769\QM5_41398\20260909_135814\raw\run_01\20260909.log
70687,2021-10-12,buy,True,113.486,113.245,113.486,113.245,113.266,113.271,False,False,False,2021-10-12T06:00:05,2021-10-12T03:00:05Z,summer_US_DST,6,3,6,CS	0	16:03:20.377	Trade	2021.10.12 06:00:05   buy stop 4.69 USDJPY.DWX at 113.486 sl: 113.245 (113.266 / 113.271),D:\QM\reports\work_items\2fc84747-27db-5e88-9568-3fdda6c30769\QM5_41398\20260909_135814\raw\run_01\20260909.log
70688,2021-10-12,sell,True,113.245,113.486,113.486,113.245,113.266,113.271,False,False,False,2021-10-12T06:00:05,2021-10-12T03:00:05Z,summer_US_DST,6,3,6,CS	0	16:03:20.377	Trade	2021.10.12 06:00:05   sell stop 4.7 USDJPY.DWX at 113.245 sl: 113.486 (113.266 / 113.271),D:\QM\reports\work_items\2fc84747-27db-5e88-9568-3fdda6c30769\QM5_41398\20260909_135814\raw\run_01\20260909.log
70698,2021-10-13,buy,True,113.586,113.347,113.586,113.347,113.398,113.401,False,False,False,2021-10-13T06:00:00,2021-10-13T03:00:00Z,summer_US_DST,6,3,6,CS	0	16:03:20.713	Trade	2021.10.13 06:00:00   buy stop 4.74 USDJPY.DWX at 113.586 sl: 113.347 (113.398 / 113.401),D:\QM\reports\work_items\2fc84747-27db-5e88-9568-3fdda6c30769\QM5_41398\20260909_135814\raw\run_01\20260909.log
70699,2021-10-13,sell,True,113.347,113.586,113.586,113.347,113.398,113.401,False,False,False,2021-10-13T06:00:00,2021-10-13T03:00:00Z,summer_US_DST,6,3,6,CS	0	16:03:20.714	Trade	2021.10.13 06:00:00   sell stop 4.75 USDJPY.DWX at 113.347 sl: 113.586 (113.398 / 113.401),D:\QM\reports\work_items\2fc84747-27db-5e88-9568-3fdda6c30769\QM5_41398\20260909_135814\raw\run_01\20260909.log
70709,2021-10-14,buy,True,113.542,113.276,113.542,113.276,113.486,113.489,False,False,False,2021-10-14T06:00:27,2021-10-14T03:00:27Z,summer_US_DST,6,3,6,CS	0	16:03:20.958	Trade	2021.10.14 06:00:27   buy stop 4.25 USDJPY.DWX at 113.542 sl: 113.276 (113.486 / 113.489),D:\QM\reports\work_items\2fc84747-27db-5e88-9568-3fdda6c30769\QM5_41398\20260909_135814\raw\run_01\20260909.log
70710,2021-10-14,sell,True,113.276,113.542,113.542,113.276,113.486,113.489,False,False,False,2021-10-14T06:00:27,2021-10-14T03:00:27Z,summer_US_DST,6,3,6,CS	0	16:03:20.959	Trade	2021.10.14 06:00:27   sell stop 4.26 USDJPY.DWX at 113.276 sl: 113.542 (113.486 / 113.489),D:\QM\reports\work_items\2fc84747-27db-5e88-9568-3fdda6c30769\QM5_41398\20260909_135814\raw\run_01\20260909.log
70720,2021-10-15,buy,True,113.947,113.811,113.947,113.811,113.915,113.918,False,False,False,2021-10-15T06:00:00,2021-10-15T03:00:00Z,summer_US_DST,6,3,6,CS	0	16:03:21.267	Trade	2021.10.15 06:00:00   buy stop 8.36 USDJPY.DWX at 113.947 sl: 113.811 (113.915 / 113.918),D:\QM\reports\work_items\2fc84747-27db-5e88-9568-3fdda6c30769\QM5_41398\20260909_135814\raw\run_01\20260909.log
70721,2021-10-15,sell,True,113.811,113.947,113.947,113.811,113.915,113.918,False,False,False,2021-10-15T06:00:00,2021-10-15T03:00:00Z,summer_US_DST,6,3,6,CS	0	16:03:21.267	Trade	2021.10.15 06:00:00   sell stop 8.37 USDJPY.DWX at 113.811 sl: 113.947 (113.915 / 113.918),D:\QM\reports\work_items\2fc84747-27db-5e88-9568-3fdda6c30769\QM5_41398\20260909_135814\raw\run_01\20260909.log
70739,2021-10-18,buy,True,114.339,114.013,114.339,114.013,114.152,114.155,False,False,False,2021-10-18T06:00:01,2021-10-18T03:00:01Z,summer_US_DST,6,3,6,CS	0	16:03:21.722	Trade	2021.10.18 06:00:01   buy stop 3.49 USDJPY.DWX at 114.339 sl: 114.013 (114.152 / 114.155),D:\QM\reports\work_items\2fc84747-27db-5e88-9568-3fdda6c30769\QM5_41398\20260909_135814\raw\run_01\20260909.log
70740,2021-10-18,sell,True,114.013,114.339,114.339,114.013,114.152,114.155,False,False,False,2021-10-18T06:00:01,2021-10-18T03:00:01Z,summer_US_DST,6,3,6,CS	0	16:03:21.722	Trade	2021.10.18 06:00:01   sell stop 3.5 USDJPY.DWX at 114.013 sl: 114.339 (114.152 / 114.155),D:\QM\reports\work_items\2fc84747-27db-5e88-9568-3fdda6c30769\QM5_41398\20260909_135814\raw\run_01\20260909.log
70750,2021-10-21,buy,True,114.408,114.223,114.408,114.223,114.309,114.312,False,False,False,2021-10-21T06:00:03,2021-10-21T03:00:03Z,summer_US_DST,6,3,6,CS	0	16:03:22.725	Trade	2021.10.21 06:00:03   buy stop 6.17 USDJPY.DWX at 114.408 sl: 114.223 (114.309 / 114.312),D:\QM\reports\work_items\2fc84747-27db-5e88-9568-3fdda6c30769\QM5_41398\20260909_135814\raw\run_01\20260909.log
70751,2021-10-21,sell,True,114.223,114.408,114.408,114.223,114.309,114.312,False,False,False,2021-10-21T06:00:03,2021-10-21T03:00:03Z,summer_US_DST,6,3,6,CS	0	16:03:22.726	Trade	2021.10.21 06:00:03   sell stop 6.18 USDJPY.DWX at 114.223 sl: 114.408 (114.309 / 114.312),D:\QM\reports\work_items\2fc84747-27db-5e88-9568-3fdda6c30769\QM5_41398\20260909_135814\raw\run_01\20260909.log
70765,2021-10-22,buy,True,114.206,113.839,114.206,113.839,114.050,114.052,False,False,False,2021-10-22T06:00:02,2021-10-22T03:00:02Z,summer_US_DST,6,3,6,CS	0	16:03:23.134	Trade	2021.10.22 06:00:02   buy stop 3.1 USDJPY.DWX at 114.206 sl: 113.839 (114.050 / 114.052),D:\QM\reports\work_items\2fc84747-27db-5e88-9568-3fdda6c30769\QM5_41398\20260909_135814\raw\run_01\20260909.log
70766,2021-10-22,sell,True,113.839,114.206,114.206,113.839,114.050,114.052,False,False,False,2021-10-22T06:00:02,2021-10-22T03:00:02Z,summer_US_DST,6,3,6,CS	0	16:03:23.134	Trade	2021.10.22 06:00:02   sell stop 3.11 USDJPY.DWX at 113.839 sl: 114.206 (114.050 / 114.052),D:\QM\reports\work_items\2fc84747-27db-5e88-9568-3fdda6c30769\QM5_41398\20260909_135814\raw\run_01\20260909.log
70776,2021-10-25,buy,True,113.828,113.534,113.828,113.534,113.760,113.764,False,False,False,2021-10-25T06:00:00,2021-10-25T03:00:00Z,summer_US_DST,6,3,6,CS	0	16:03:23.519	Trade	2021.10.25 06:00:00   buy stop 3.86 USDJPY.DWX at 113.828 sl: 113.534 (113.760 / 113.764),D:\QM\reports\work_items\2fc84747-27db-5e88-9568-3fdda6c30769\QM5_41398\20260909_135814\raw\run_01\20260909.log
70777,2021-10-25,sell,True,113.534,113.828,113.828,113.534,113.760,113.764,False,False,False,2021-10-25T06:00:00,2021-10-25T03:00:00Z,summer_US_DST,6,3,6,CS	0	16:03:23.519	Trade	2021.10.25 06:00:00   sell stop 3.87 USDJPY.DWX at 113.534 sl: 113.828 (113.760 / 113.764),D:\QM\reports\work_items\2fc84747-27db-5e88-9568-3fdda6c30769\QM5_41398\20260909_135814\raw\run_01\20260909.log
70787,2021-10-26,buy,True,113.941,113.718,113.941,113.718,113.924,113.928,False,False,False,2021-10-26T06:00:00,2021-10-26T03:00:00Z,summer_US_DST,6,3,6,CS	0	16:03:23.868	Trade	2021.10.26 06:00:00   buy stop 5.09 USDJPY.DWX at 113.941 sl: 113.718 (113.924 / 113.928),D:\QM\reports\work_items\2fc84747-27db-5e88-9568-3fdda6c30769\QM5_41398\20260909_135814\raw\run_01\20260909.log
70788,2021-10-26,sell,True,113.718,113.941,113.941,113.718,113.924,113.928,False,False,False,2021-10-26T06:00:00,2021-10-26T03:00:00Z,summer_US_DST,6,3,6,CS	0	16:03:23.868	Trade	2021.10.26 06:00:00   sell stop 5.1 USDJPY.DWX at 113.718 sl: 113.941 (113.924 / 113.928),D:\QM\reports\work_items\2fc84747-27db-5e88-9568-3fdda6c30769\QM5_41398\20260909_135814\raw\run_01\20260909.log
70801,2021-10-27,buy,True,114.220,114.022,114.220,114.022,114.027,114.029,False,False,False,2021-10-27T06:00:04,2021-10-27T03:00:04Z,summer_US_DST,6,3,6,CS	0	16:03:24.271	Trade	2021.10.27 06:00:04   buy stop 5.75 USDJPY.DWX at 114.220 sl: 114.022 (114.027 / 114.029),D:\QM\reports\work_items\2fc84747-27db-5e88-9568-3fdda6c30769\QM5_41398\20260909_135814\raw\run_01\20260909.log
70802,2021-10-27,sell,True,114.022,114.220,114.220,114.022,114.027,114.029,False,False,False,2021-10-27T06:00:04,2021-10-27T03:00:04Z,summer_US_DST,6,3,6,CS	0	16:03:24.272	Trade	2021.10.27 06:00:04   sell stop 5.76 USDJPY.DWX at 114.022 sl: 114.220 (114.027 / 114.029),D:\QM\reports\work_items\2fc84747-27db-5e88-9568-3fdda6c30769\QM5_41398\20260909_135814\raw\run_01\20260909.log
70815,2021-11-01,buy,True,114.246,114.024,114.246,114.024,114.092,114.097,False,False,False,2021-11-01T06:00:00,2021-11-01T03:00:00Z,summer_US_DST,6,3,6,CS	0	16:03:25.403	Trade	2021.11.01 06:00:00   buy stop 5.13 USDJPY.DWX at 114.246 sl: 114.024 (114.092 / 114.097),D:\QM\reports\work_items\2fc84747-27db-5e88-9568-3fdda6c30769\QM5_41398\20260909_135814\raw\run_01\20260909.log
70816,2021-11-01,sell,True,114.024,114.246,114.246,114.024,114.092,114.097,False,False,False,2021-11-01T06:00:00,2021-11-01T03:00:00Z,summer_US_DST,6,3,6,CS	0	16:03:25.404	Trade	2021.11.01 06:00:00   sell stop 5.14 USDJPY.DWX at 114.024 sl: 114.246 (114.092 / 114.097),D:\QM\reports\work_items\2fc84747-27db-5e88-9568-3fdda6c30769\QM5_41398\20260909_135814\raw\run_01\20260909.log
70826,2021-11-02,buy,True,114.133,113.919,114.133,113.919,113.937,113.939,False,False,False,2021-11-02T06:00:00,2021-11-02T03:00:00Z,summer_US_DST,6,3,6,CS	0	16:03:25.724	Trade	2021.11.02 06:00:00   buy stop 5.32 USDJPY.DWX at 114.133 sl: 113.919 (113.937 / 113.939),D:\QM\reports\work_items\2fc84747-27db-5e88-9568-3fdda6c30769\QM5_41398\20260909_135814\raw\run_01\20260909.log
70827,2021-11-02,sell,True,113.919,114.133,114.133,113.919,113.937,113.939,False,False,False,2021-11-02T06:00:00,2021-11-02T03:00:00Z,summer_US_DST,6,3,6,CS	0	16:03:25.725	Trade	2021.11.02 06:00:00   sell stop 5.33 USDJPY.DWX at 113.919 sl: 114.133 (113.937 / 113.939),D:\QM\reports\work_items\2fc84747-27db-5e88-9568-3fdda6c30769\QM5_41398\20260909_135814\raw\run_01\20260909.log
70841,2021-11-03,buy,True,113.970,113.843,113.970,113.843,113.854,113.857,False,False,False,2021-11-03T06:00:00,2021-11-03T03:00:00Z,summer_US_DST,6,3,6,CS	0	16:03:26.051	Trade	2021.11.03 06:00:00   buy stop 8.96 USDJPY.DWX at 113.970 sl: 113.843 (113.854 / 113.857),D:\QM\reports\work_items\2fc84747-27db-5e88-9568-3fdda6c30769\QM5_41398\20260909_135814\raw\run_01\20260909.log
70842,2021-11-03,sell,True,113.843,113.970,113.970,113.843,113.854,113.857,False,False,False,2021-11-03T06:00:00,2021-11-03T03:00:00Z,summer_US_DST,6,3,6,CS	0	16:03:26.051	Trade	2021.11.03 06:00:00   sell stop 8.97 USDJPY.DWX at 113.843 sl: 113.970 (113.854 / 113.857),D:\QM\reports\work_items\2fc84747-27db-5e88-9568-3fdda6c30769\QM5_41398\20260909_135814\raw\run_01\20260909.log
70852,2021-11-04,buy,True,114.243,114.035,114.243,114.035,114.163,114.166,False,False,False,2021-11-04T06:00:01,2021-11-04T03:00:01Z,summer_US_DST,6,3,6,CS	0	16:03:26.264	Trade	2021.11.04 06:00:01   buy stop 5.48 USDJPY.DWX at 114.243 sl: 114.035 (114.163 / 114.166),D:\QM\reports\work_items\2fc84747-27db-5e88-9568-3fdda6c30769\QM5_41398\20260909_135814\raw\run_01\20260909.log
70853,2021-11-04,sell,True,114.035,114.243,114.243,114.035,114.163,114.166,False,False,False,2021-11-04T06:00:01,2021-11-04T03:00:01Z,summer_US_DST,6,3,6,CS	0	16:03:26.264	Trade	2021.11.04 06:00:01   sell stop 5.49 USDJPY.DWX at 114.035 sl: 114.243 (114.163 / 114.166),D:\QM\reports\work_items\2fc84747-27db-5e88-9568-3fdda6c30769\QM5_41398\20260909_135814\raw\run_01\20260909.log
70863,2021-11-05,buy,True,113.837,113.555,113.837,113.555,113.706,113.709,False,False,False,2021-11-05T06:00:00,2021-11-05T03:00:00Z,summer_US_DST,6,3,6,CS	0	16:03:26.552	Trade	2021.11.05 06:00:00   buy stop 4.02 USDJPY.DWX at 113.837 sl: 113.555 (113.706 / 113.709),D:\QM\reports\work_items\2fc84747-27db-5e88-9568-3fdda6c30769\QM5_41398\20260909_135814\raw\run_01\20260909.log
70864,2021-11-05,sell,True,113.555,113.837,113.837,113.555,113.706,113.709,False,False,False,2021-11-05T06:00:00,2021-11-05T03:00:00Z,summer_US_DST,6,3,6,CS	0	16:03:26.552	Trade	2021.11.05 06:00:00   sell stop 4.03 USDJPY.DWX at 113.555 sl: 113.837 (113.706 / 113.709),D:\QM\reports\work_items\2fc84747-27db-5e88-9568-3fdda6c30769\QM5_41398\20260909_135814\raw\run_01\20260909.log
70874,2021-11-08,buy,True,113.636,113.434,113.636,113.434,113.611,113.613,False,False,False,2021-11-08T05:00:00,2021-11-08T03:00:00Z,winter_US_standard,5,3,6,CS	0	16:03:26.868	Trade	2021.11.08 05:00:00   buy stop 5.61 USDJPY.DWX at 113.636 sl: 113.434 (113.611 / 113.613),D:\QM\reports\work_items\2fc84747-27db-5e88-9568-3fdda6c30769\QM5_41398\20260909_135814\raw\run_01\20260909.log
70875,2021-11-08,sell,True,113.434,113.636,113.636,113.434,113.611,113.613,False,False,False,2021-11-08T05:00:00,2021-11-08T03:00:00Z,winter_US_standard,5,3,6,CS	0	16:03:26.868	Trade	2021.11.08 05:00:00   sell stop 5.62 USDJPY.DWX at 113.434 sl: 113.636 (113.611 / 113.613),D:\QM\reports\work_items\2fc84747-27db-5e88-9568-3fdda6c30769\QM5_41398\20260909_135814\raw\run_01\20260909.log
70885,2021-11-10,buy,True,112.953,112.806,112.953,112.806,112.853,112.857,False,False,False,2021-11-10T05:00:00,2021-11-10T03:00:00Z,winter_US_standard,5,3,6,CS	0	16:03:27.235	Trade	2021.11.10 05:00:00   buy stop 7.67 USDJPY.DWX at 112.953 sl: 112.806 (112.853 / 112.857),D:\QM\reports\work_items\2fc84747-27db-5e88-9568-3fdda6c30769\QM5_41398\20260909_135814\raw\run_01\20260909.log
70886,2021-11-10,sell,True,112.806,112.953,112.953,112.806,112.853,112.857,False,False,False,2021-11-10T05:00:00,2021-11-10T03:00:00Z,winter_US_standard,5,3,6,CS	0	16:03:27.235	Trade	2021.11.10 05:00:00   sell stop 7.68 USDJPY.DWX at 112.806 sl: 112.953 (112.853 / 112.857),D:\QM\reports\work_items\2fc84747-27db-5e88-9568-3fdda6c30769\QM5_41398\20260909_135814\raw\run_01\20260909.log
70896,2021-11-11,buy,True,114.155,113.903,114.155,113.903,114.091,114.095,False,False,False,2021-11-11T05:00:00,2021-11-11T03:00:00Z,winter_US_standard,5,3,6,CS	0	16:03:27.573	Trade	2021.11.11 05:00:00   buy stop 4.51 USDJPY.DWX at 114.155 sl: 113.903 (114.091 / 114.095),D:\QM\reports\work_items\2fc84747-27db-5e88-9568-3fdda6c30769\QM5_41398\20260909_135814\raw\run_01\20260909.log
70897,2021-11-11,sell,True,113.903,114.155,114.155,113.903,114.091,114.095,False,False,False,2021-11-11T05:00:00,2021-11-11T03:00:00Z,winter_US_standard,5,3,6,CS	0	16:03:27.574	Trade	2021.11.11 05:00:00   sell stop 4.53 USDJPY.DWX at 113.903 sl: 114.155 (114.091 / 114.095),D:\QM\reports\work_items\2fc84747-27db-5e88-9568-3fdda6c30769\QM5_41398\20260909_135814\raw\run_01\20260909.log
70907,2021-11-15,buy,True,114.007,113.750,114.007,113.750,113.841,113.844,False,False,False,2021-11-15T05:00:00,2021-11-15T03:00:00Z,winter_US_standard,5,3,6,CS	0	16:03:28.003	Trade	2021.11.15 05:00:00   buy stop 4.42 USDJPY.DWX at 114.007 sl: 113.750 (113.841 / 113.844),D:\QM\reports\work_items\2fc84747-27db-5e88-9568-3fdda6c30769\QM5_41398\20260909_135814\raw\run_01\20260909.log
70908,2021-11-15,sell,True,113.750,114.007,114.007,113.750,113.841,113.844,False,False,False,2021-11-15T05:00:00,2021-11-15T03:00:00Z,winter_US_standard,5,3,6,CS	0	16:03:28.003	Trade	2021.11.15 05:00:00   sell stop 4.43 USDJPY.DWX at 113.750 sl: 114.007 (113.841 / 113.844),D:\QM\reports\work_items\2fc84747-27db-5e88-9568-3fdda6c30769\QM5_41398\20260909_135814\raw\run_01\20260909.log
70918,2021-11-16,buy,True,114.313,114.114,114.313,114.114,114.151,114.155,False,False,False,2021-11-16T05:00:00,2021-11-16T03:00:00Z,winter_US_standard,5,3,6,CS	0	16:03:28.270	Trade	2021.11.16 05:00:00   buy stop 5.73 USDJPY.DWX at 114.313 sl: 114.114 (114.151 / 114.155),D:\QM\reports\work_items\2fc84747-27db-5e88-9568-3fdda6c30769\QM5_41398\20260909_135814\raw\run_01\20260909.log
70919,2021-11-16,sell,True,114.114,114.313,114.313,114.114,114.151,114.155,False,False,False,2021-11-16T05:00:00,2021-11-16T03:00:00Z,winter_US_standard,5,3,6,CS	0	16:03:28.270	Trade	2021.11.16 05:00:00   sell stop 5.74 USDJPY.DWX at 114.114 sl: 114.313 (114.151 / 114.155),D:\QM\reports\work_items\2fc84747-27db-5e88-9568-3fdda6c30769\QM5_41398\20260909_135814\raw\run_01\20260909.log
70929,2021-11-17,buy,True,114.935,114.698,114.935,114.698,114.800,114.803,False,False,False,2021-11-17T05:00:06,2021-11-17T03:00:06Z,winter_US_standard,5,3,6,CS	0	16:03:28.481	Trade	2021.11.17 05:00:06   buy stop 4.83 USDJPY.DWX at 114.935 sl: 114.698 (114.800 / 114.803),D:\QM\reports\work_items\2fc84747-27db-5e88-9568-3fdda6c30769\QM5_41398\20260909_135814\raw\run_01\20260909.log
70930,2021-11-17,sell,True,114.698,114.935,114.935,114.698,114.800,114.803,False,False,False,2021-11-17T05:00:06,2021-11-17T03:00:06Z,winter_US_standard,5,3,6,CS	0	16:03:28.482	Trade	2021.11.17 05:00:06   sell stop 4.84 USDJPY.DWX at 114.698 sl: 114.935 (114.800 / 114.803),D:\QM\reports\work_items\2fc84747-27db-5e88-9568-3fdda6c30769\QM5_41398\20260909_135814\raw\run_01\20260909.log
70940,2021-11-18,buy,True,114.239,113.876,114.239,113.876,114.044,114.048,False,False,False,2021-11-18T05:00:00,2021-11-18T03:00:00Z,winter_US_standard,5,3,6,CS	0	16:03:28.746	Trade	2021.11.18 05:00:00   buy stop 3.13 USDJPY.DWX at 114.239 sl: 113.876 (114.044 / 114.048),D:\QM\reports\work_items\2fc84747-27db-5e88-9568-3fdda6c30769\QM5_41398\20260909_135814\raw\run_01\20260909.log
70941,2021-11-18,sell,True,113.876,114.239,114.239,113.876,114.044,114.048,False,False,False,2021-11-18T05:00:00,2021-11-18T03:00:00Z,winter_US_standard,5,3,6,CS	0	16:03:28.747	Trade	2021.11.18 05:00:00   sell stop 3.14 USDJPY.DWX at 113.876 sl: 114.239 (114.044 / 114.048),D:\QM\reports\work_items\2fc84747-27db-5e88-9568-3fdda6c30769\QM5_41398\20260909_135814\raw\run_01\20260909.log
70951,2021-11-19,buy,True,114.374,114.244,114.374,114.244,114.368,114.372,False,False,False,2021-11-19T05:00:00,2021-11-19T03:00:00Z,winter_US_standard,5,3,6,CS	0	16:03:28.979	Trade	2021.11.19 05:00:00   buy stop 8.78 USDJPY.DWX at 114.374 sl: 114.244 (114.368 / 114.372),D:\QM\reports\work_items\2fc84747-27db-5e88-9568-3fdda6c30769\QM5_41398\20260909_135814\raw\run_01\20260909.log
70952,2021-11-19,sell,True,114.244,114.374,114.374,114.244,114.368,114.372,False,False,False,2021-11-19T05:00:00,2021-11-19T03:00:00Z,winter_US_standard,5,3,6,CS	0	16:03:28.979	Trade	2021.11.19 05:00:00   sell stop 8.79 USDJPY.DWX at 114.244 sl: 114.374 (114.368 / 114.372),D:\QM\reports\work_items\2fc84747-27db-5e88-9568-3fdda6c30769\QM5_41398\20260909_135814\raw\run_01\20260909.log
70963,2021-11-22,buy,True,114.213,114.020,114.213,114.020,114.134,114.136,False,False,False,2021-11-22T05:00:03,2021-11-22T03:00:03Z,winter_US_standard,5,3,6,CS	0	16:03:29.373	Trade	2021.11.22 05:00:03   buy stop 5.9 USDJPY.DWX at 114.213 sl: 114.020 (114.134 / 114.136),D:\QM\reports\work_items\2fc84747-27db-5e88-9568-3fdda6c30769\QM5_41398\20260909_135814\raw\run_01\20260909.log
70964,2021-11-22,sell,True,114.020,114.213,114.213,114.020,114.134,114.136,False,False,False,2021-11-22T05:00:03,2021-11-22T03:00:03Z,winter_US_standard,5,3,6,CS	0	16:03:29.373	Trade	2021.11.22 05:00:03   sell stop 5.91 USDJPY.DWX at 114.020 sl: 114.213 (114.134 / 114.136),D:\QM\reports\work_items\2fc84747-27db-5e88-9568-3fdda6c30769\QM5_41398\20260909_135814\raw\run_01\20260909.log
70975,2021-11-23,buy,True,115.099,114.736,115.099,114.736,115.083,115.087,False,False,False,2021-11-23T05:00:00,2021-11-23T03:00:00Z,winter_US_standard,5,3,6,CS	0	16:03:29.763	Trade	2021.11.23 05:00:00   buy stop 3.16 USDJPY.DWX at 115.099 sl: 114.736 (115.083 / 115.087),D:\QM\reports\work_items\2fc84747-27db-5e88-9568-3fdda6c30769\QM5_41398\20260909_135814\raw\run_01\20260909.log
70976,2021-11-23,sell,True,114.736,115.099,115.099,114.736,115.083,115.087,False,False,False,2021-11-23T05:00:00,2021-11-23T03:00:00Z,winter_US_standard,5,3,6,CS	0	16:03:29.763	Trade	2021.11.23 05:00:00   sell stop 3.17 USDJPY.DWX at 114.736 sl: 115.099 (115.083 / 115.087),D:\QM\reports\work_items\2fc84747-27db-5e88-9568-3fdda6c30769\QM5_41398\20260909_135814\raw\run_01\20260909.log
70986,2021-11-24,buy,True,115.235,115.005,115.235,115.005,115.068,115.070,False,False,False,2021-11-24T05:00:02,2021-11-24T03:00:02Z,winter_US_standard,5,3,6,CS	0	16:03:30.171	Trade	2021.11.24 05:00:02   buy stop 5 USDJPY.DWX at 115.235 sl: 115.005 (115.068 / 115.070),D:\QM\reports\work_items\2fc84747-27db-5e88-9568-3fdda6c30769\QM5_41398\20260909_135814\raw\run_01\20260909.log
70987,2021-11-24,sell,True,115.005,115.235,115.235,115.005,115.068,115.070,False,False,False,2021-11-24T05:00:02,2021-11-24T03:00:02Z,winter_US_standard,5,3,6,CS	0	16:03:30.171	Trade	2021.11.24 05:00:02   sell stop 5.01 USDJPY.DWX at 115.005 sl: 115.235 (115.068 / 115.070),D:\QM\reports\work_items\2fc84747-27db-5e88-9568-3fdda6c30769\QM5_41398\20260909_135814\raw\run_01\20260909.log
70997,2021-11-25,buy,True,115.445,115.302,115.445,115.302,115.371,115.377,False,False,False,2021-11-25T05:00:00,2021-11-25T03:00:00Z,winter_US_standard,5,3,6,CS	0	16:03:30.488	Trade	2021.11.25 05:00:00   buy stop 8.06 USDJPY.DWX at 115.445 sl: 115.302 (115.371 / 115.377),D:\QM\reports\work_items\2fc84747-27db-5e88-9568-3fdda6c30769\QM5_41398\20260909_135814\raw\run_01\20260909.log
70998,2021-11-25,sell,True,115.302,115.445,115.445,115.302,115.371,115.377,False,False,False,2021-11-25T05:00:00,2021-11-25T03:00:00Z,winter_US_standard,5,3,6,CS	0	16:03:30.488	Trade	2021.11.25 05:00:00   sell stop 8.07 USDJPY.DWX at 115.302 sl: 115.445 (115.371 / 115.377),D:\QM\reports\work_items\2fc84747-27db-5e88-9568-3fdda6c30769\QM5_41398\20260909_135814\raw\run_01\20260909.log
71008,2021-11-29,buy,True,113.876,113.430,113.876,113.430,113.481,113.486,False,False,False,2021-11-29T05:00:00,2021-11-29T03:00:00Z,winter_US_standard,5,3,6,CS	0	16:03:31.549	Trade	2021.11.29 05:00:00   buy stop 2.54 USDJPY.DWX at 113.876 sl: 113.430 (113.481 / 113.486),D:\QM\reports\work_items\2fc84747-27db-5e88-9568-3fdda6c30769\QM5_41398\20260909_135814\raw\run_01\20260909.log
71009,2021-11-29,sell,True,113.430,113.876,113.876,113.430,113.481,113.486,False,False,False,2021-11-29T05:00:00,2021-11-29T03:00:00Z,winter_US_standard,5,3,6,CS	0	16:03:31.550	Trade	2021.11.29 05:00:00   sell stop 2.55 USDJPY.DWX at 113.430 sl: 113.876 (113.481 / 113.486),D:\QM\reports\work_items\2fc84747-27db-5e88-9568-3fdda6c30769\QM5_41398\20260909_135814\raw\run_01\20260909.log
71019,2021-11-30,buy,True,113.891,113.623,113.891,113.623,113.731,113.733,False,False,False,2021-11-30T05:00:00,2021-11-30T03:00:00Z,winter_US_standard,5,3,6,CS	0	16:03:32.089	Trade	2021.11.30 05:00:00   buy stop 4.23 USDJPY.DWX at 113.891 sl: 113.623 (113.731 / 113.733),D:\QM\reports\work_items\2fc84747-27db-5e88-9568-3fdda6c30769\QM5_41398\20260909_135814\raw\run_01\20260909.log
71020,2021-11-30,sell,True,113.623,113.891,113.891,113.623,113.731,113.733,False,False,False,2021-11-30T05:00:00,2021-11-30T03:00:00Z,winter_US_standard,5,3,6,CS	0	16:03:32.090	Trade	2021.11.30 05:00:00   sell stop 4.24 USDJPY.DWX at 113.623 sl: 113.891 (113.731 / 113.733),D:\QM\reports\work_items\2fc84747-27db-5e88-9568-3fdda6c30769\QM5_41398\20260909_135814\raw\run_01\20260909.log
71036,2021-12-01,buy,True,113.551,113.101,113.551,113.101,113.465,113.469,False,False,False,2021-12-01T05:00:00,2021-12-01T03:00:00Z,winter_US_standard,5,3,6,CS	0	16:03:32.772	Trade	2021.12.01 05:00:00   buy stop 2.51 USDJPY.DWX at 113.551 sl: 113.101 (113.465 / 113.469),D:\QM\reports\work_items\2fc84747-27db-5e88-9568-3fdda6c30769\QM5_41398\20260909_135814\raw\run_01\20260909.log
71037,2021-12-01,sell,True,113.101,113.551,113.551,113.101,113.465,113.469,False,False,False,2021-12-01T05:00:00,2021-12-01T03:00:00Z,winter_US_standard,5,3,6,CS	0	16:03:32.772	Trade	2021.12.01 05:00:00   sell stop 2.52 USDJPY.DWX at 113.101 sl: 113.551 (113.465 / 113.469),D:\QM\reports\work_items\2fc84747-27db-5e88-9568-3fdda6c30769\QM5_41398\20260909_135814\raw\run_01\20260909.log
71047,2021-12-02,buy,True,113.101,112.816,113.101,112.816,113.064,113.068,False,False,False,2021-12-02T05:00:00,2021-12-02T03:00:00Z,winter_US_standard,5,3,6,CS	0	16:03:33.330	Trade	2021.12.02 05:00:00   buy stop 3.95 USDJPY.DWX at 113.101 sl: 112.816 (113.064 / 113.068),D:\QM\reports\work_items\2fc84747-27db-5e88-9568-3fdda6c30769\QM5_41398\20260909_135814\raw\run_01\20260909.log
71048,2021-12-02,sell,True,112.816,113.101,113.101,112.816,113.064,113.068,False,False,False,2021-12-02T05:00:00,2021-12-02T03:00:00Z,winter_US_standard,5,3,6,CS	0	16:03:33.330	Trade	2021.12.02 05:00:00   sell stop 3.96 USDJPY.DWX at 112.816 sl: 113.101 (113.064 / 113.068),D:\QM\reports\work_items\2fc84747-27db-5e88-9568-3fdda6c30769\QM5_41398\20260909_135814\raw\run_01\20260909.log
71058,2021-12-03,buy,True,113.211,112.956,113.211,112.956,113.117,113.121,False,False,False,2021-12-03T05:00:01,2021-12-03T03:00:01Z,winter_US_standard,5,3,6,CS	0	16:03:33.923	Trade	2021.12.03 05:00:01   buy stop 4.42 USDJPY.DWX at 113.211 sl: 112.956 (113.117 / 113.121),D:\QM\reports\work_items\2fc84747-27db-5e88-9568-3fdda6c30769\QM5_41398\20260909_135814\raw\run_01\20260909.log
71059,2021-12-03,sell,True,112.956,113.211,113.211,112.956,113.117,113.121,False,False,False,2021-12-03T05:00:01,2021-12-03T03:00:01Z,winter_US_standard,5,3,6,CS	0	16:03:33.924	Trade	2021.12.03 05:00:01   sell stop 4.43 USDJPY.DWX at 112.956 sl: 113.211 (113.117 / 113.121),D:\QM\reports\work_items\2fc84747-27db-5e88-9568-3fdda6c30769\QM5_41398\20260909_135814\raw\run_01\20260909.log
71072,2021-12-06,buy,True,113.070,112.848,113.070,112.848,112.991,112.994,False,False,False,2021-12-06T05:00:00,2021-12-06T03:00:00Z,winter_US_standard,5,3,6,CS	0	16:03:34.336	Trade	2021.12.06 05:00:00   buy stop 5.08 USDJPY.DWX at 113.070 sl: 112.848 (112.991 / 112.994),D:\QM\reports\work_items\2fc84747-27db-5e88-9568-3fdda6c30769\QM5_41398\20260909_135814\raw\run_01\20260909.log
71073,2021-12-06,sell,True,112.848,113.070,113.070,112.848,112.991,112.994,False,False,False,2021-12-06T05:00:00,2021-12-06T03:00:00Z,winter_US_standard,5,3,6,CS	0	16:03:34.337	Trade	2021.12.06 05:00:00   sell stop 5.09 USDJPY.DWX at 112.848 sl: 113.070 (112.991 / 112.994),D:\QM\reports\work_items\2fc84747-27db-5e88-9568-3fdda6c30769\QM5_41398\20260909_135814\raw\run_01\20260909.log
71086,2021-12-07,buy,True,113.588,113.398,113.588,113.398,113.479,113.482,False,False,False,2021-12-07T05:00:00,2021-12-07T03:00:00Z,winter_US_standard,5,3,6,CS	0	16:03:34.793	Trade	2021.12.07 05:00:00   buy stop 5.96 USDJPY.DWX at 113.588 sl: 113.398 (113.479 / 113.482),D:\QM\reports\work_items\2fc84747-27db-5e88-9568-3fdda6c30769\QM5_41398\20260909_135814\raw\run_01\20260909.log
71087,2021-12-07,sell,True,113.398,113.588,113.588,113.398,113.479,113.482,False,False,False,2021-12-07T05:00:00,2021-12-07T03:00:00Z,winter_US_standard,5,3,6,CS	0	16:03:34.793	Trade	2021.12.07 05:00:00   sell stop 5.97 USDJPY.DWX at 113.398 sl: 113.588 (113.479 / 113.482),D:\QM\reports\work_items\2fc84747-27db-5e88-9568-3fdda6c30769\QM5_41398\20260909_135814\raw\run_01\20260909.log
71098,2021-12-08,buy,True,113.573,113.356,113.573,113.356,113.514,113.515,False,False,False,2021-12-08T05:00:00,2021-12-08T03:00:00Z,winter_US_standard,5,3,6,CS	0	16:03:35.225	Trade	2021.12.08 05:00:00   buy stop 5.22 USDJPY.DWX at 113.573 sl: 113.356 (113.514 / 113.515),D:\QM\reports\work_items\2fc84747-27db-5e88-9568-3fdda6c30769\QM5_41398\20260909_135814\raw\run_01\20260909.log
71099,2021-12-08,sell,True,113.356,113.573,113.573,113.356,113.514,113.515,False,False,False,2021-12-08T05:00:00,2021-12-08T03:00:00Z,winter_US_standard,5,3,6,CS	0	16:03:35.226	Trade	2021.12.08 05:00:00   sell stop 5.23 USDJPY.DWX at 113.356 sl: 113.573 (113.514 / 113.515),D:\QM\reports\work_items\2fc84747-27db-5e88-9568-3fdda6c30769\QM5_41398\20260909_135814\raw\run_01\20260909.log
71109,2021-12-09,buy,True,113.810,113.682,113.810,113.682,113.729,113.731,False,False,False,2021-12-09T05:00:00,2021-12-09T03:00:00Z,winter_US_standard,5,3,6,CS	0	16:03:35.660	Trade	2021.12.09 05:00:00   buy stop 8.88 USDJPY.DWX at 113.810 sl: 113.682 (113.729 / 113.731),D:\QM\reports\work_items\2fc84747-27db-5e88-9568-3fdda6c30769\QM5_41398\20260909_135814\raw\run_01\20260909.log
71110,2021-12-09,sell,True,113.682,113.810,113.810,113.682,113.729,113.731,False,False,False,2021-12-09T05:00:00,2021-12-09T03:00:00Z,winter_US_standard,5,3,6,CS	0	16:03:35.660	Trade	2021.12.09 05:00:00   sell stop 8.89 USDJPY.DWX at 113.682 sl: 113.810 (113.729 / 113.731),D:\QM\reports\work_items\2fc84747-27db-5e88-9568-3fdda6c30769\QM5_41398\20260909_135814\raw\run_01\20260909.log
71127,2021-12-10,buy,True,113.518,113.331,113.518,113.331,113.483,113.486,False,False,False,2021-12-10T05:00:01,2021-12-10T03:00:01Z,winter_US_standard,5,3,6,CS	0	16:03:36.125	Trade	2021.12.10 05:00:01   buy stop 6.06 USDJPY.DWX at 113.518 sl: 113.331 (113.483 / 113.486),D:\QM\reports\work_items\2fc84747-27db-5e88-9568-3fdda6c30769\QM5_41398\20260909_135814\raw\run_01\20260909.log
71128,2021-12-10,sell,True,113.331,113.518,113.518,113.331,113.483,113.486,False,False,False,2021-12-10T05:00:01,2021-12-10T03:00:01Z,winter_US_standard,5,3,6,CS	0	16:03:36.125	Trade	2021.12.10 05:00:01   sell stop 6.07 USDJPY.DWX at 113.331 sl: 113.518 (113.483 / 113.486),D:\QM\reports\work_items\2fc84747-27db-5e88-9568-3fdda6c30769\QM5_41398\20260909_135814\raw\run_01\20260909.log
71142,2021-12-13,buy,True,113.564,113.481,113.564,113.481,113.549,113.553,False,False,False,2021-12-13T05:00:00,2021-12-13T03:00:00Z,winter_US_standard,5,3,6,CS	0	16:03:36.560	Trade	2021.12.13 05:00:00   buy stop 13.67 USDJPY.DWX at 113.564 sl: 113.481 (113.549 / 113.553),D:\QM\reports\work_items\2fc84747-27db-5e88-9568-3fdda6c30769\QM5_41398\20260909_135814\raw\run_01\20260909.log
71143,2021-12-13,sell,True,113.481,113.564,113.564,113.481,113.549,113.553,False,False,False,2021-12-13T05:00:00,2021-12-13T03:00:00Z,winter_US_standard,5,3,6,CS	0	16:03:36.560	Trade	2021.12.13 05:00:00   sell stop 13.68 USDJPY.DWX at 113.481 sl: 113.564 (113.549 / 113.553),D:\QM\reports\work_items\2fc84747-27db-5e88-9568-3fdda6c30769\QM5_41398\20260909_135814\raw\run_01\20260909.log
71153,2021-12-14,buy,True,113.665,113.525,113.665,113.525,113.643,113.644,False,False,False,2021-12-14T05:00:00,2021-12-14T03:00:00Z,winter_US_standard,5,3,6,CS	0	16:03:36.896	Trade	2021.12.14 05:00:00   buy stop 8.1 USDJPY.DWX at 113.665 sl: 113.525 (113.643 / 113.644),D:\QM\reports\work_items\2fc84747-27db-5e88-9568-3fdda6c30769\QM5_41398\20260909_135814\raw\run_01\20260909.log
71154,2021-12-14,sell,True,113.525,113.665,113.665,113.525,113.643,113.644,False,False,False,2021-12-14T05:00:00,2021-12-14T03:00:00Z,winter_US_standard,5,3,6,CS	0	16:03:36.896	Trade	2021.12.14 05:00:00   sell stop 8.11 USDJPY.DWX at 113.525 sl: 113.665 (113.643 / 113.644),D:\QM\reports\work_items\2fc84747-27db-5e88-9568-3fdda6c30769\QM5_41398\20260909_135814\raw\run_01\20260909.log
71164,2021-12-15,buy,True,113.799,113.677,113.799,113.677,113.725,113.727,False,False,False,2021-12-15T05:00:00,2021-12-15T03:00:00Z,winter_US_standard,5,3,6,CS	0	16:03:37.184	Trade	2021.12.15 05:00:00   buy stop 9.31 USDJPY.DWX at 113.799 sl: 113.677 (113.725 / 113.727),D:\QM\reports\work_items\2fc84747-27db-5e88-9568-3fdda6c30769\QM5_41398\20260909_135814\raw\run_01\20260909.log
71165,2021-12-15,sell,True,113.677,113.799,113.799,113.677,113.725,113.727,False,False,False,2021-12-15T05:00:00,2021-12-15T03:00:00Z,winter_US_standard,5,3,6,CS	0	16:03:37.185	Trade	2021.12.15 05:00:00   sell stop 9.32 USDJPY.DWX at 113.677 sl: 113.799 (113.725 / 113.727),D:\QM\reports\work_items\2fc84747-27db-5e88-9568-3fdda6c30769\QM5_41398\20260909_135814\raw\run_01\20260909.log
71175,2021-12-16,buy,True,114.245,114.035,114.245,114.035,114.123,114.127,False,False,False,2021-12-16T05:00:02,2021-12-16T03:00:02Z,winter_US_standard,5,3,6,CS	0	16:03:37.471	Trade	2021.12.16 05:00:02   buy stop 5.43 USDJPY.DWX at 114.245 sl: 114.035 (114.123 / 114.127),D:\QM\reports\work_items\2fc84747-27db-5e88-9568-3fdda6c30769\QM5_41398\20260909_135814\raw\run_01\20260909.log
71176,2021-12-16,sell,True,114.035,114.245,114.245,114.035,114.123,114.127,False,False,False,2021-12-16T05:00:02,2021-12-16T03:00:02Z,winter_US_standard,5,3,6,CS	0	16:03:37.471	Trade	2021.12.16 05:00:02   sell stop 5.44 USDJPY.DWX at 114.035 sl: 114.245 (114.123 / 114.127),D:\QM\reports\work_items\2fc84747-27db-5e88-9568-3fdda6c30769\QM5_41398\20260909_135814\raw\run_01\20260909.log
71188,2021-12-20,buy,True,113.708,113.462,113.708,113.462,113.591,113.596,False,False,False,2021-12-20T05:00:00,2021-12-20T03:00:00Z,winter_US_standard,5,3,6,CS	0	16:03:38.369	Trade	2021.12.20 05:00:00   buy stop 4.61 USDJPY.DWX at 113.708 sl: 113.462 (113.591 / 113.596),D:\QM\reports\work_items\2fc84747-27db-5e88-9568-3fdda6c30769\QM5_41398\20260909_135814\raw\run_01\20260909.log
71189,2021-12-20,sell,True,113.462,113.708,113.708,113.462,113.591,113.596,False,False,False,2021-12-20T05:00:00,2021-12-20T03:00:00Z,winter_US_standard,5,3,6,CS	0	16:03:38.369	Trade	2021.12.20 05:00:00   sell stop 4.62 USDJPY.DWX at 113.462 sl: 113.708 (113.591 / 113.596),D:\QM\reports\work_items\2fc84747-27db-5e88-9568-3fdda6c30769\QM5_41398\20260909_135814\raw\run_01\20260909.log
71199,2021-12-21,buy,True,113.706,113.553,113.706,113.553,113.651,113.655,False,False,False,2021-12-21T05:00:01,2021-12-21T03:00:01Z,winter_US_standard,5,3,6,CS	0	16:03:38.954	Trade	2021.12.21 05:00:01   buy stop 7.42 USDJPY.DWX at 113.706 sl: 113.553 (113.651 / 113.655),D:\QM\reports\work_items\2fc84747-27db-5e88-9568-3fdda6c30769\QM5_41398\20260909_135814\raw\run_01\20260909.log
71200,2021-12-21,sell,True,113.553,113.706,113.706,113.553,113.651,113.655,False,False,False,2021-12-21T05:00:01,2021-12-21T03:00:01Z,winter_US_standard,5,3,6,CS	0	16:03:38.954	Trade	2021.12.21 05:00:01   sell stop 7.43 USDJPY.DWX at 113.553 sl: 113.706 (113.651 / 113.655),D:\QM\reports\work_items\2fc84747-27db-5e88-9568-3fdda6c30769\QM5_41398\20260909_135814\raw\run_01\20260909.log
71210,2021-12-22,buy,True,114.177,113.991,114.177,113.991,114.073,114.077,False,False,False,2021-12-22T05:00:03,2021-12-22T03:00:03Z,winter_US_standard,5,3,6,CS	0	16:03:39.240	Trade	2021.12.22 05:00:03   buy stop 6.12 USDJPY.DWX at 114.177 sl: 113.991 (114.073 / 114.077),D:\QM\reports\work_items\2fc84747-27db-5e88-9568-3fdda6c30769\QM5_41398\20260909_135814\raw\run_01\20260909.log
71211,2021-12-22,sell,True,113.991,114.177,114.177,113.991,114.073,114.077,False,False,False,2021-12-22T05:00:03,2021-12-22T03:00:03Z,winter_US_standard,5,3,6,CS	0	16:03:39.240	Trade	2021.12.22 05:00:03   sell stop 6.13 USDJPY.DWX at 113.991 sl: 114.177 (114.073 / 114.077),D:\QM\reports\work_items\2fc84747-27db-5e88-9568-3fdda6c30769\QM5_41398\20260909_135814\raw\run_01\20260909.log
71221,2021-12-23,buy,True,114.210,114.110,114.210,114.110,114.131,114.136,False,False,False,2021-12-23T05:00:00,2021-12-23T03:00:00Z,winter_US_standard,5,3,6,CS	0	16:03:39.510	Trade	2021.12.23 05:00:00   buy stop 11.41 USDJPY.DWX at 114.210 sl: 114.110 (114.131 / 114.136),D:\QM\reports\work_items\2fc84747-27db-5e88-9568-3fdda6c30769\QM5_41398\20260909_135814\raw\run_01\20260909.log
71222,2021-12-23,sell,True,114.110,114.210,114.210,114.110,114.131,114.136,False,False,False,2021-12-23T05:00:00,2021-12-23T03:00:00Z,winter_US_standard,5,3,6,CS	0	16:03:39.511	Trade	2021.12.23 05:00:00   sell stop 11.42 USDJPY.DWX at 114.110 sl: 114.210 (114.131 / 114.136),D:\QM\reports\work_items\2fc84747-27db-5e88-9568-3fdda6c30769\QM5_41398\20260909_135814\raw\run_01\20260909.log
71232,2021-12-24,buy,True,114.513,114.338,114.513,114.338,114.379,114.385,False,False,False,2021-12-24T05:00:00,2021-12-24T03:00:00Z,winter_US_standard,5,3,6,CS	0	16:03:39.753	Trade	2021.12.24 05:00:00   buy stop 6.53 USDJPY.DWX at 114.513 sl: 114.338 (114.379 / 114.385),D:\QM\reports\work_items\2fc84747-27db-5e88-9568-3fdda6c30769\QM5_41398\20260909_135814\raw\run_01\20260909.log
71233,2021-12-24,sell,True,114.338,114.513,114.513,114.338,114.379,114.385,False,False,False,2021-12-24T05:00:00,2021-12-24T03:00:00Z,winter_US_standard,5,3,6,CS	0	16:03:39.753	Trade	2021.12.24 05:00:00   sell stop 6.54 USDJPY.DWX at 114.338 sl: 114.513 (114.379 / 114.385),D:\QM\reports\work_items\2fc84747-27db-5e88-9568-3fdda6c30769\QM5_41398\20260909_135814\raw\run_01\20260909.log
71243,2021-12-27,buy,True,114.428,114.317,114.428,114.317,114.400,114.405,False,False,False,2021-12-27T05:00:00,2021-12-27T03:00:00Z,winter_US_standard,5,3,6,CS	0	16:03:40.067	Trade	2021.12.27 05:00:00   buy stop 10.29 USDJPY.DWX at 114.428 sl: 114.317 (114.400 / 114.405),D:\QM\reports\work_items\2fc84747-27db-5e88-9568-3fdda6c30769\QM5_41398\20260909_135814\raw\run_01\20260909.log
71244,2021-12-27,sell,True,114.317,114.428,114.428,114.317,114.400,114.405,False,False,False,2021-12-27T05:00:00,2021-12-27T03:00:00Z,winter_US_standard,5,3,6,CS	0	16:03:40.068	Trade	2021.12.27 05:00:00   sell stop 10.3 USDJPY.DWX at 114.317 sl: 114.428 (114.400 / 114.405),D:\QM\reports\work_items\2fc84747-27db-5e88-9568-3fdda6c30769\QM5_41398\20260909_135814\raw\run_01\20260909.log
71262,2021-12-28,buy,True,114.948,114.760,114.948,114.760,114.855,114.860,False,False,False,2021-12-28T05:00:00,2021-12-28T03:00:00Z,winter_US_standard,5,3,6,CS	0	16:03:40.288	Trade	2021.12.28 05:00:00   buy stop 6.1 USDJPY.DWX at 114.948 sl: 114.760 (114.855 / 114.860),D:\QM\reports\work_items\2fc84747-27db-5e88-9568-3fdda6c30769\QM5_41398\20260909_135814\raw\run_01\20260909.log
71263,2021-12-28,sell,True,114.760,114.948,114.948,114.760,114.855,114.860,False,False,False,2021-12-28T05:00:00,2021-12-28T03:00:00Z,winter_US_standard,5,3,6,CS	0	16:03:40.288	Trade	2021.12.28 05:00:00   sell stop 6.11 USDJPY.DWX at 114.760 sl: 114.948 (114.855 / 114.860),D:\QM\reports\work_items\2fc84747-27db-5e88-9568-3fdda6c30769\QM5_41398\20260909_135814\raw\run_01\20260909.log
71273,2021-12-29,buy,True,114.858,114.746,114.858,114.746,114.816,114.818,False,False,False,2021-12-29T05:00:03,2021-12-29T03:00:03Z,winter_US_standard,5,3,6,CS	0	16:03:40.526	Trade	2021.12.29 05:00:03   buy stop 10.24 USDJPY.DWX at 114.858 sl: 114.746 (114.816 / 114.818),D:\QM\reports\work_items\2fc84747-27db-5e88-9568-3fdda6c30769\QM5_41398\20260909_135814\raw\run_01\20260909.log
71274,2021-12-29,sell,True,114.746,114.858,114.858,114.746,114.816,114.818,False,False,False,2021-12-29T05:00:03,2021-12-29T03:00:03Z,winter_US_standard,5,3,6,CS	0	16:03:40.526	Trade	2021.12.29 05:00:03   sell stop 10.25 USDJPY.DWX at 114.746 sl: 114.858 (114.816 / 114.818),D:\QM\reports\work_items\2fc84747-27db-5e88-9568-3fdda6c30769\QM5_41398\20260909_135814\raw\run_01\20260909.log
71288,2021-12-30,buy,True,115.061,114.944,115.061,114.944,115.030,115.035,False,False,False,2021-12-30T05:00:00,2021-12-30T03:00:00Z,winter_US_standard,5,3,6,CS	0	16:03:40.790	Trade	2021.12.30 05:00:00   buy stop 9.82 USDJPY.DWX at 115.061 sl: 114.944 (115.030 / 115.035),D:\QM\reports\work_items\2fc84747-27db-5e88-9568-3fdda6c30769\QM5_41398\20260909_135814\raw\run_01\20260909.log
71289,2021-12-30,sell,True,114.944,115.061,115.061,114.944,115.030,115.035,False,False,False,2021-12-30T05:00:00,2021-12-30T03:00:00Z,winter_US_standard,5,3,6,CS	0	16:03:40.790	Trade	2021.12.30 05:00:00   sell stop 9.83 USDJPY.DWX at 114.944 sl: 115.061 (115.030 / 115.035),D:\QM\reports\work_items\2fc84747-27db-5e88-9568-3fdda6c30769\QM5_41398\20260909_135814\raw\run_01\20260909.log
71305,2021-12-31,buy,True,115.097,115.023,115.097,115.023,115.069,115.072,False,False,False,2021-12-31T05:00:00,2021-12-31T03:00:00Z,winter_US_standard,5,3,6,CS	0	16:03:41.041	Trade	2021.12.31 05:00:00   buy stop 15.54 USDJPY.DWX at 115.097 sl: 115.023 (115.069 / 115.072),D:\QM\reports\work_items\2fc84747-27db-5e88-9568-3fdda6c30769\QM5_41398\20260909_135814\raw\run_01\20260909.log
71306,2021-12-31,sell,True,115.023,115.097,115.097,115.023,115.069,115.072,False,False,False,2021-12-31T05:00:00,2021-12-31T03:00:00Z,winter_US_standard,5,3,6,CS	0	16:03:41.042	Trade	2021.12.31 05:00:00   sell stop 15.55 USDJPY.DWX at 115.023 sl: 115.097 (115.069 / 115.072),D:\QM\reports\work_items\2fc84747-27db-5e88-9568-3fdda6c30769\QM5_41398\20260909_135814\raw\run_01\20260909.log
71316,2022-01-03,buy,True,115.292,115.121,115.292,115.121,115.275,115.279,False,False,False,2022-01-03T05:00:00,2022-01-03T03:00:00Z,winter_US_standard,5,3,6,CS	0	16:03:41.228	Trade	2022.01.03 05:00:00   buy stop 6.73 USDJPY.DWX at 115.292 sl: 115.121 (115.275 / 115.279),D:\QM\reports\work_items\2fc84747-27db-5e88-9568-3fdda6c30769\QM5_41398\20260909_135814\raw\run_01\20260909.log
71317,2022-01-03,sell,True,115.121,115.292,115.292,115.121,115.275,115.279,False,False,False,2022-01-03T05:00:00,2022-01-03T03:00:00Z,winter_US_standard,5,3,6,CS	0	16:03:41.229	Trade	2022.01.03 05:00:00   sell stop 6.74 USDJPY.DWX at 115.121 sl: 115.292 (115.275 / 115.279),D:\QM\reports\work_items\2fc84747-27db-5e88-9568-3fdda6c30769\QM5_41398\20260909_135814\raw\run_01\20260909.log
71327,2022-01-07,buy,True,116.047,115.830,116.047,115.830,115.873,115.876,False,False,False,2022-01-07T05:00:02,2022-01-07T03:00:02Z,winter_US_standard,5,3,6,CS	0	16:03:42.320	Trade	2022.01.07 05:00:02   buy stop 5.33 USDJPY.DWX at 116.047 sl: 115.830 (115.873 / 115.876),D:\QM\reports\work_items\2fc84747-27db-5e88-9568-3fdda6c30769\QM5_41398\20260909_135814\raw\run_01\20260909.log
71328,2022-01-07,sell,True,115.830,116.047,116.047,115.830,115.873,115.876,False,False,False,2022-01-07T05:00:02,2022-01-07T03:00:02Z,winter_US_standard,5,3,6,CS	0	16:03:42.321	Trade	2022.01.07 05:00:02   sell stop 5.34 USDJPY.DWX at 115.830 sl: 116.047 (115.873 / 115.876),D:\QM\reports\work_items\2fc84747-27db-5e88-9568-3fdda6c30769\QM5_41398\20260909_135814\raw\run_01\20260909.log
71338,2022-01-10,buy,True,115.788,115.545,115.788,115.545,115.776,115.779,False,False,False,2022-01-10T05:00:00,2022-01-10T03:00:00Z,winter_US_standard,5,3,6,CS	0	16:03:42.650	Trade	2022.01.10 05:00:00   buy stop 4.75 USDJPY.DWX at 115.788 sl: 115.545 (115.776 / 115.779),D:\QM\reports\work_items\2fc84747-27db-5e88-9568-3fdda6c30769\QM5_41398\20260909_135814\raw\run_01\20260909.log
71339,2022-01-10,sell,True,115.545,115.788,115.788,115.545,115.776,115.779,False,False,False,2022-01-10T05:00:00,2022-01-10T03:00:00Z,winter_US_standard,5,3,6,CS	0	16:03:42.650	Trade	2022.01.10 05:00:00   sell stop 4.76 USDJPY.DWX at 115.545 sl: 115.788 (115.776 / 115.779),D:\QM\reports\work_items\2fc84747-27db-5e88-9568-3fdda6c30769\QM5_41398\20260909_135814\raw\run_01\20260909.log
71349,2022-01-11,buy,True,115.386,115.171,115.386,115.171,115.348,115.350,False,False,False,2022-01-11T05:00:03,2022-01-11T03:00:03Z,winter_US_standard,5,3,6,CS	0	16:03:42.971	Trade	2022.01.11 05:00:03   buy stop 5.35 USDJPY.DWX at 115.386 sl: 115.171 (115.348 / 115.350),D:\QM\reports\work_items\2fc84747-27db-5e88-9568-3fdda6c30769\QM5_41398\20260909_135814\raw\run_01\20260909.log
71350,2022-01-11,sell,True,115.171,115.386,115.386,115.171,115.348,115.350,False,False,False,2022-01-11T05:00:03,2022-01-11T03:00:03Z,winter_US_standard,5,3,6,CS	0	16:03:42.971	Trade	2022.01.11 05:00:03   sell stop 5.36 USDJPY.DWX at 115.171 sl: 115.386 (115.348 / 115.350),D:\QM\reports\work_items\2fc84747-27db-5e88-9568-3fdda6c30769\QM5_41398\20260909_135814\raw\run_01\20260909.log
71360,2022-01-12,buy,True,115.399,115.229,115.399,115.229,115.349,115.352,False,False,False,2022-01-12T05:00:00,2022-01-12T03:00:00Z,winter_US_standard,5,3,6,CS	0	16:03:43.170	Trade	2022.01.12 05:00:00   buy stop 6.77 USDJPY.DWX at 115.399 sl: 115.229 (115.349 / 115.352),D:\QM\reports\work_items\2fc84747-27db-5e88-9568-3fdda6c30769\QM5_41398\20260909_135814\raw\run_01\20260909.log
71361,2022-01-12,sell,True,115.229,115.399,115.399,115.229,115.349,115.352,False,False,False,2022-01-12T05:00:00,2022-01-12T03:00:00Z,winter_US_standard,5,3,6,CS	0	16:03:43.170	Trade	2022.01.12 05:00:00   sell stop 6.78 USDJPY.DWX at 115.229 sl: 115.399 (115.349 / 115.352),D:\QM\reports\work_items\2fc84747-27db-5e88-9568-3fdda6c30769\QM5_41398\20260909_135814\raw\run_01\20260909.log
71371,2022-01-13,buy,True,114.700,114.496,114.700,114.496,114.636,114.640,False,False,False,2022-01-13T05:00:00,2022-01-13T03:00:00Z,winter_US_standard,5,3,6,CS	0	16:03:43.431	Trade	2022.01.13 05:00:00   buy stop 5.61 USDJPY.DWX at 114.700 sl: 114.496 (114.636 / 114.640),D:\QM\reports\work_items\2fc84747-27db-5e88-9568-3fdda6c30769\QM5_41398\20260909_135814\raw\run_01\20260909.log
71372,2022-01-13,sell,True,114.496,114.700,114.700,114.496,114.636,114.640,False,False,False,2022-01-13T05:00:00,2022-01-13T03:00:00Z,winter_US_standard,5,3,6,CS	0	16:03:43.431	Trade	2022.01.13 05:00:00   sell stop 5.62 USDJPY.DWX at 114.496 sl: 114.700 (114.636 / 114.640),D:\QM\reports\work_items\2fc84747-27db-5e88-9568-3fdda6c30769\QM5_41398\20260909_135814\raw\run_01\20260909.log
71384,2022-01-17,buy,True,114.515,114.276,114.515,114.276,114.413,114.415,False,False,False,2022-01-17T05:00:02,2022-01-17T03:00:02Z,winter_US_standard,5,3,6,CS	0	16:03:43.883	Trade	2022.01.17 05:00:02   buy stop 4.78 USDJPY.DWX at 114.515 sl: 114.276 (114.413 / 114.415),D:\QM\reports\work_items\2fc84747-27db-5e88-9568-3fdda6c30769\QM5_41398\20260909_135814\raw\run_01\20260909.log
71385,2022-01-17,sell,True,114.276,114.515,114.515,114.276,114.413,114.415,False,False,False,2022-01-17T05:00:02,2022-01-17T03:00:02Z,winter_US_standard,5,3,6,CS	0	16:03:43.883	Trade	2022.01.17 05:00:02   sell stop 4.79 USDJPY.DWX at 114.276 sl: 114.515 (114.413 / 114.415),D:\QM\reports\work_items\2fc84747-27db-5e88-9568-3fdda6c30769\QM5_41398\20260909_135814\raw\run_01\20260909.log
71395,2022-01-19,buy,True,114.788,114.539,114.788,114.539,114.647,114.649,False,False,False,2022-01-19T05:00:08,2022-01-19T03:00:08Z,winter_US_standard,5,3,6,CS	0	16:03:44.412	Trade	2022.01.19 05:00:08   buy stop 4.6 USDJPY.DWX at 114.788 sl: 114.539 (114.647 / 114.649),D:\QM\reports\work_items\2fc84747-27db-5e88-9568-3fdda6c30769\QM5_41398\20260909_135814\raw\run_01\20260909.log
71396,2022-01-19,sell,True,114.539,114.788,114.788,114.539,114.647,114.649,False,False,False,2022-01-19T05:00:08,2022-01-19T03:00:08Z,winter_US_standard,5,3,6,CS	0	16:03:44.413	Trade	2022.01.19 05:00:08   sell stop 4.6 USDJPY.DWX at 114.539 sl: 114.788 (114.647 / 114.649),D:\QM\reports\work_items\2fc84747-27db-5e88-9568-3fdda6c30769\QM5_41398\20260909_135814\raw\run_01\20260909.log
71409,2022-01-21,buy,True,113.998,113.642,113.998,113.642,113.656,113.660,False,False,False,2022-01-21T05:00:00,2022-01-21T03:00:00Z,winter_US_standard,5,3,6,CS	0	16:03:45.055	Trade	2022.01.21 05:00:00   buy stop 3.19 USDJPY.DWX at 113.998 sl: 113.642 (113.656 / 113.660),D:\QM\reports\work_items\2fc84747-27db-5e88-9568-3fdda6c30769\QM5_41398\20260909_135814\raw\run_01\20260909.log
71410,2022-01-21,sell,True,113.642,113.998,113.998,113.642,113.656,113.660,False,False,False,2022-01-21T05:00:00,2022-01-21T03:00:00Z,winter_US_standard,5,3,6,CS	0	16:03:45.055	Trade	2022.01.21 05:00:00   sell stop 3.2 USDJPY.DWX at 113.642 sl: 113.998 (113.656 / 113.660),D:\QM\reports\work_items\2fc84747-27db-5e88-9568-3fdda6c30769\QM5_41398\20260909_135814\raw\run_01\20260909.log
71420,2022-01-24,buy,True,113.945,113.713,113.945,113.713,113.820,113.824,False,False,False,2022-01-24T05:00:00,2022-01-24T03:00:00Z,winter_US_standard,5,3,6,CS	0	16:03:45.397	Trade	2022.01.24 05:00:00   buy stop 4.9 USDJPY.DWX at 113.945 sl: 113.713 (113.820 / 113.824),D:\QM\reports\work_items\2fc84747-27db-5e88-9568-3fdda6c30769\QM5_41398\20260909_135814\raw\run_01\20260909.log
71421,2022-01-24,sell,True,113.713,113.945,113.945,113.713,113.820,113.824,False,False,False,2022-01-24T05:00:00,2022-01-24T03:00:00Z,winter_US_standard,5,3,6,CS	0	16:03:45.397	Trade	2022.01.24 05:00:00   sell stop 4.91 USDJPY.DWX at 113.713 sl: 113.945 (113.820 / 113.824),D:\QM\reports\work_items\2fc84747-27db-5e88-9568-3fdda6c30769\QM5_41398\20260909_135814\raw\run_01\20260909.log
71431,2022-01-25,buy,True,114.049,113.751,114.049,113.751,113.807,113.810,False,False,False,2022-01-25T05:00:00,2022-01-25T03:00:00Z,winter_US_standard,5,3,6,CS	0	16:03:45.891	Trade	2022.01.25 05:00:00   buy stop 3.81 USDJPY.DWX at 114.049 sl: 113.751 (113.807 / 113.810),D:\QM\reports\work_items\2fc84747-27db-5e88-9568-3fdda6c30769\QM5_41398\20260909_135814\raw\run_01\20260909.log
71432,2022-01-25,sell,True,113.751,114.049,114.049,113.751,113.807,113.810,False,False,False,2022-01-25T05:00:00,2022-01-25T03:00:00Z,winter_US_standard,5,3,6,CS	0	16:03:45.891	Trade	2022.01.25 05:00:00   sell stop 3.82 USDJPY.DWX at 113.751 sl: 114.049 (113.807 / 113.810),D:\QM\reports\work_items\2fc84747-27db-5e88-9568-3fdda6c30769\QM5_41398\20260909_135814\raw\run_01\20260909.log
71442,2022-01-26,buy,True,113.898,113.777,113.898,113.777,113.861,113.864,False,False,False,2022-01-26T05:00:01,2022-01-26T03:00:01Z,winter_US_standard,5,3,6,CS	0	16:03:46.257	Trade	2022.01.26 05:00:01   buy stop 9.4 USDJPY.DWX at 113.898 sl: 113.777 (113.861 / 113.864),D:\QM\reports\work_items\2fc84747-27db-5e88-9568-3fdda6c30769\QM5_41398\20260909_135814\raw\run_01\20260909.log
71443,2022-01-26,sell,True,113.777,113.898,113.898,113.777,113.861,113.864,False,False,False,2022-01-26T05:00:01,2022-01-26T03:00:01Z,winter_US_standard,5,3,6,CS	0	16:03:46.257	Trade	2022.01.26 05:00:01   sell stop 9.41 USDJPY.DWX at 113.777 sl: 113.898 (113.861 / 113.864),D:\QM\reports\work_items\2fc84747-27db-5e88-9568-3fdda6c30769\QM5_41398\20260909_135814\raw\run_01\20260909.log
71459,2022-01-27,buy,True,114.786,114.473,114.786,114.473,114.552,114.555,False,False,False,2022-01-27T05:00:00,2022-01-27T03:00:00Z,winter_US_standard,5,3,6,CS	0	16:03:46.614	Trade	2022.01.27 05:00:00   buy stop 3.65 USDJPY.DWX at 114.786 sl: 114.473 (114.552 / 114.555),D:\QM\reports\work_items\2fc84747-27db-5e88-9568-3fdda6c30769\QM5_41398\20260909_135814\raw\run_01\20260909.log
71460,2022-01-27,sell,True,114.473,114.786,114.786,114.473,114.552,114.555,False,False,False,2022-01-27T05:00:00,2022-01-27T03:00:00Z,winter_US_standard,5,3,6,CS	0	16:03:46.614	Trade	2022.01.27 05:00:00   sell stop 3.66 USDJPY.DWX at 114.473 sl: 114.786 (114.552 / 114.555),D:\QM\reports\work_items\2fc84747-27db-5e88-9568-3fdda6c30769\QM5_41398\20260909_135814\raw\run_01\20260909.log
71474,2022-01-28,buy,True,115.476,115.345,115.476,115.345,115.440,115.443,False,False,False,2022-01-28T05:00:00,2022-01-28T03:00:00Z,winter_US_standard,5,3,6,CS	0	16:03:47.090	Trade	2022.01.28 05:00:00   buy stop 8.8 USDJPY.DWX at 115.476 sl: 115.345 (115.440 / 115.443),D:\QM\reports\work_items\2fc84747-27db-5e88-9568-3fdda6c30769\QM5_41398\20260909_135814\raw\run_01\20260909.log
71475,2022-01-28,sell,True,115.345,115.476,115.476,115.345,115.440,115.443,False,False,False,2022-01-28T05:00:00,2022-01-28T03:00:00Z,winter_US_standard,5,3,6,CS	0	16:03:47.090	Trade	2022.01.28 05:00:00   sell stop 8.81 USDJPY.DWX at 115.345 sl: 115.476 (115.440 / 115.443),D:\QM\reports\work_items\2fc84747-27db-5e88-9568-3fdda6c30769\QM5_41398\20260909_135814\raw\run_01\20260909.log
71485,2022-01-31,buy,True,115.592,115.222,115.592,115.222,115.579,115.582,False,False,False,2022-01-31T05:00:00,2022-01-31T03:00:00Z,winter_US_standard,5,3,6,CS	0	16:03:47.464	Trade	2022.01.31 05:00:00   buy stop 3.11 USDJPY.DWX at 115.592 sl: 115.222 (115.579 / 115.582),D:\QM\reports\work_items\2fc84747-27db-5e88-9568-3fdda6c30769\QM5_41398\20260909_135814\raw\run_01\20260909.log
71486,2022-01-31,sell,True,115.222,115.592,115.592,115.222,115.579,115.582,False,False,False,2022-01-31T05:00:00,2022-01-31T03:00:00Z,winter_US_standard,5,3,6,CS	0	16:03:47.464	Trade	2022.01.31 05:00:00   sell stop 3.12 USDJPY.DWX at 115.222 sl: 115.592 (115.579 / 115.582),D:\QM\reports\work_items\2fc84747-27db-5e88-9568-3fdda6c30769\QM5_41398\20260909_135814\raw\run_01\20260909.log
71496,2022-02-01,buy,True,115.192,115.005,115.192,115.005,115.055,115.059,False,False,False,2022-02-01T05:00:05,2022-02-01T03:00:05Z,winter_US_standard,5,3,6,CS	0	16:03:47.896	Trade	2022.02.01 05:00:05   buy stop 6.15 USDJPY.DWX at 115.192 sl: 115.005 (115.055 / 115.059),D:\QM\reports\work_items\2fc84747-27db-5e88-9568-3fdda6c30769\QM5_41398\20260909_135814\raw\run_01\20260909.log
71497,2022-02-01,sell,True,115.005,115.192,115.192,115.005,115.055,115.059,False,False,False,2022-02-01T05:00:05,2022-02-01T03:00:05Z,winter_US_standard,5,3,6,CS	0	16:03:47.896	Trade	2022.02.01 05:00:05   sell stop 6.15 USDJPY.DWX at 115.005 sl: 115.192 (115.055 / 115.059),D:\QM\reports\work_items\2fc84747-27db-5e88-9568-3fdda6c30769\QM5_41398\20260909_135814\raw\run_01\20260909.log
71511,2022-02-02,buy,True,114.786,114.646,114.786,114.646,114.712,114.716,False,False,False,2022-02-02T05:00:00,2022-02-02T03:00:00Z,winter_US_standard,5,3,6,CS	0	16:03:48.298	Trade	2022.02.02 05:00:00   buy stop 8.18 USDJPY.DWX at 114.786 sl: 114.646 (114.712 / 114.716),D:\QM\reports\work_items\2fc84747-27db-5e88-9568-3fdda6c30769\QM5_41398\20260909_135814\raw\run_01\20260909.log
71512,2022-02-02,sell,True,114.646,114.786,114.786,114.646,114.712,114.716,False,False,False,2022-02-02T05:00:00,2022-02-02T03:00:00Z,winter_US_standard,5,3,6,CS	0	16:03:48.299	Trade	2022.02.02 05:00:00   sell stop 8.19 USDJPY.DWX at 114.646 sl: 114.786 (114.712 / 114.716),D:\QM\reports\work_items\2fc84747-27db-5e88-9568-3fdda6c30769\QM5_41398\20260909_135814\raw\run_01\20260909.log
71522,2022-02-03,buy,True,114.472,114.325,114.472,114.325,114.441,114.444,False,False,False,2022-02-03T05:00:00,2022-02-03T03:00:00Z,winter_US_standard,5,3,6,CS	0	16:03:48.544	Trade	2022.02.03 05:00:00   buy stop 7.77 USDJPY.DWX at 114.472 sl: 114.325 (114.441 / 114.444),D:\QM\reports\work_items\2fc84747-27db-5e88-9568-3fdda6c30769\QM5_41398\20260909_135814\raw\run_01\20260909.log
71523,2022-02-03,sell,True,114.325,114.472,114.472,114.325,114.441,114.444,False,False,False,2022-02-03T05:00:00,2022-02-03T03:00:00Z,winter_US_standard,5,3,6,CS	0	16:03:48.545	Trade	2022.02.03 05:00:00   sell stop 7.78 USDJPY.DWX at 114.325 sl: 114.472 (114.441 / 114.444),D:\QM\reports\work_items\2fc84747-27db-5e88-9568-3fdda6c30769\QM5_41398\20260909_135814\raw\run_01\20260909.log
71539,2022-02-04,buy,True,115.050,114.814,115.050,114.814,114.934,114.936,False,False,False,2022-02-04T05:00:00,2022-02-04T03:00:00Z,winter_US_standard,5,3,6,CS	0	16:03:49.011	Trade	2022.02.04 05:00:00   buy stop 4.86 USDJPY.DWX at 115.050 sl: 114.814 (114.934 / 114.936),D:\QM\reports\work_items\2fc84747-27db-5e88-9568-3fdda6c30769\QM5_41398\20260909_135814\raw\run_01\20260909.log
71540,2022-02-04,sell,True,114.814,115.050,115.050,114.814,114.934,114.936,False,False,False,2022-02-04T05:00:00,2022-02-04T03:00:00Z,winter_US_standard,5,3,6,CS	0	16:03:49.011	Trade	2022.02.04 05:00:00   sell stop 4.87 USDJPY.DWX at 114.814 sl: 115.050 (114.934 / 114.936),D:\QM\reports\work_items\2fc84747-27db-5e88-9568-3fdda6c30769\QM5_41398\20260909_135814\raw\run_01\20260909.log
71550,2022-02-07,buy,True,115.343,115.135,115.343,115.135,115.294,115.297,False,False,False,2022-02-07T05:00:00,2022-02-07T03:00:00Z,winter_US_standard,5,3,6,CS	0	16:03:49.416	Trade	2022.02.07 05:00:00   buy stop 5.53 USDJPY.DWX at 115.343 sl: 115.135 (115.294 / 115.297),D:\QM\reports\work_items\2fc84747-27db-5e88-9568-3fdda6c30769\QM5_41398\20260909_135814\raw\run_01\20260909.log
71551,2022-02-07,sell,True,115.135,115.343,115.343,115.135,115.294,115.297,False,False,False,2022-02-07T05:00:00,2022-02-07T03:00:00Z,winter_US_standard,5,3,6,CS	0	16:03:49.416	Trade	2022.02.07 05:00:00   sell stop 5.54 USDJPY.DWX at 115.135 sl: 115.343 (115.294 / 115.297),D:\QM\reports\work_items\2fc84747-27db-5e88-9568-3fdda6c30769\QM5_41398\20260909_135814\raw\run_01\20260909.log
71561,2022-02-10,buy,True,115.633,115.481,115.633,115.481,115.503,115.507,False,False,False,2022-02-10T05:00:02,2022-02-10T03:00:02Z,winter_US_standard,5,3,6,CS	0	16:03:50.155	Trade	2022.02.10 05:00:02   buy stop 7.59 USDJPY.DWX at 115.633 sl: 115.481 (115.503 / 115.507),D:\QM\reports\work_items\2fc84747-27db-5e88-9568-3fdda6c30769\QM5_41398\20260909_135814\raw\run_01\20260909.log
71562,2022-02-10,sell,True,115.481,115.633,115.633,115.481,115.503,115.507,False,False,False,2022-02-10T05:00:02,2022-02-10T03:00:02Z,winter_US_standard,5,3,6,CS	0	16:03:50.155	Trade	2022.02.10 05:00:02   sell stop 7.6 USDJPY.DWX at 115.481 sl: 115.633 (115.503 / 115.507),D:\QM\reports\work_items\2fc84747-27db-5e88-9568-3fdda6c30769\QM5_41398\20260909_135814\raw\run_01\20260909.log
71575,2022-02-11,buy,True,116.175,115.956,116.175,115.956,116.050,116.056,False,False,False,2022-02-11T05:00:02,2022-02-11T03:00:02Z,winter_US_standard,5,3,6,CS	0	16:03:50.518	Trade	2022.02.11 05:00:02   buy stop 5.29 USDJPY.DWX at 116.175 sl: 115.956 (116.050 / 116.056),D:\QM\reports\work_items\2fc84747-27db-5e88-9568-3fdda6c30769\QM5_41398\20260909_135814\raw\run_01\20260909.log
71576,2022-02-11,sell,True,115.956,116.175,116.175,115.956,116.050,116.056,False,False,False,2022-02-11T05:00:02,2022-02-11T03:00:02Z,winter_US_standard,5,3,6,CS	0	16:03:50.518	Trade	2022.02.11 05:00:02   sell stop 5.3 USDJPY.DWX at 115.956 sl: 116.175 (116.050 / 116.056),D:\QM\reports\work_items\2fc84747-27db-5e88-9568-3fdda6c30769\QM5_41398\20260909_135814\raw\run_01\20260909.log
71586,2022-02-14,buy,True,115.595,115.282,115.595,115.282,115.472,115.475,False,False,False,2022-02-14T05:00:00,2022-02-14T03:00:00Z,winter_US_standard,5,3,6,CS	0	16:03:50.947	Trade	2022.02.14 05:00:00   buy stop 3.68 USDJPY.DWX at 115.595 sl: 115.282 (115.472 / 115.475),D:\QM\reports\work_items\2fc84747-27db-5e88-9568-3fdda6c30769\QM5_41398\20260909_135814\raw\run_01\20260909.log
71587,2022-02-14,sell,True,115.282,115.595,115.595,115.282,115.472,115.475,False,False,False,2022-02-14T05:00:00,2022-02-14T03:00:00Z,winter_US_standard,5,3,6,CS	0	16:03:50.947	Trade	2022.02.14 05:00:00   sell stop 3.69 USDJPY.DWX at 115.282 sl: 115.595 (115.472 / 115.475),D:\QM\reports\work_items\2fc84747-27db-5e88-9568-3fdda6c30769\QM5_41398\20260909_135814\raw\run_01\20260909.log
71597,2022-02-15,buy,True,115.556,115.305,115.556,115.305,115.402,115.407,False,False,False,2022-02-15T05:00:00,2022-02-15T03:00:00Z,winter_US_standard,5,3,6,CS	0	16:03:51.385	Trade	2022.02.15 05:00:00   buy stop 4.59 USDJPY.DWX at 115.556 sl: 115.305 (115.402 / 115.407),D:\QM\reports\work_items\2fc84747-27db-5e88-9568-3fdda6c30769\QM5_41398\20260909_135814\raw\run_01\20260909.log
71598,2022-02-15,sell,True,115.305,115.556,115.556,115.305,115.402,115.407,False,False,False,2022-02-15T05:00:00,2022-02-15T03:00:00Z,winter_US_standard,5,3,6,CS	0	16:03:51.385	Trade	2022.02.15 05:00:00   sell stop 4.6 USDJPY.DWX at 115.305 sl: 115.556 (115.402 / 115.407),D:\QM\reports\work_items\2fc84747-27db-5e88-9568-3fdda6c30769\QM5_41398\20260909_135814\raw\run_01\20260909.log
71608,2022-02-16,buy,True,115.741,115.619,115.741,115.619,115.691,115.693,False,False,False,2022-02-16T05:00:06,2022-02-16T03:00:06Z,winter_US_standard,5,3,6,CS	0	16:03:51.680	Trade	2022.02.16 05:00:06   buy stop 9.47 USDJPY.DWX at 115.741 sl: 115.619 (115.691 / 115.693),D:\QM\reports\work_items\2fc84747-27db-5e88-9568-3fdda6c30769\QM5_41398\20260909_135814\raw\run_01\20260909.log
71609,2022-02-16,sell,True,115.619,115.741,115.741,115.619,115.691,115.693,False,False,False,2022-02-16T05:00:06,2022-02-16T03:00:06Z,winter_US_standard,5,3,6,CS	0	16:03:51.681	Trade	2022.02.16 05:00:06   sell stop 9.48 USDJPY.DWX at 115.619 sl: 115.741 (115.691 / 115.693),D:\QM\reports\work_items\2fc84747-27db-5e88-9568-3fdda6c30769\QM5_41398\20260909_135814\raw\run_01\20260909.log
71619,2022-02-17,buy,True,115.536,115.328,115.536,115.328,115.469,115.472,False,False,False,2022-02-17T05:00:00,2022-02-17T03:00:00Z,winter_US_standard,5,3,6,CS	0	16:03:51.954	Trade	2022.02.17 05:00:00   buy stop 5.54 USDJPY.DWX at 115.536 sl: 115.328 (115.469 / 115.472),D:\QM\reports\work_items\2fc84747-27db-5e88-9568-3fdda6c30769\QM5_41398\20260909_135814\raw\run_01\20260909.log
71620,2022-02-17,sell,True,115.328,115.536,115.536,115.328,115.469,115.472,False,False,False,2022-02-17T05:00:00,2022-02-17T03:00:00Z,winter_US_standard,5,3,6,CS	0	16:03:51.954	Trade	2022.02.17 05:00:00   sell stop 5.55 USDJPY.DWX at 115.328 sl: 115.536 (115.469 / 115.472),D:\QM\reports\work_items\2fc84747-27db-5e88-9568-3fdda6c30769\QM5_41398\20260909_135814\raw\run_01\20260909.log
71634,2022-02-21,buy,True,115.127,114.875,115.127,114.875,114.976,114.979,False,False,False,2022-02-21T05:00:01,2022-02-21T03:00:01Z,winter_US_standard,5,3,6,CS	0	16:03:52.800	Trade	2022.02.21 05:00:01   buy stop 4.55 USDJPY.DWX at 115.127 sl: 114.875 (114.976 / 114.979),D:\QM\reports\work_items\2fc84747-27db-5e88-9568-3fdda6c30769\QM5_41398\20260909_135814\raw\run_01\20260909.log
71635,2022-02-21,sell,True,114.875,115.127,115.127,114.875,114.976,114.979,False,False,False,2022-02-21T05:00:01,2022-02-21T03:00:01Z,winter_US_standard,5,3,6,CS	0	16:03:52.800	Trade	2022.02.21 05:00:01   sell stop 4.56 USDJPY.DWX at 114.875 sl: 115.127 (114.976 / 114.979),D:\QM\reports\work_items\2fc84747-27db-5e88-9568-3fdda6c30769\QM5_41398\20260909_135814\raw\run_01\20260909.log
71645,2022-02-23,buy,True,115.126,114.987,115.126,114.987,115.076,115.081,False,False,False,2022-02-23T05:00:03,2022-02-23T03:00:03Z,winter_US_standard,5,3,6,CS	0	16:03:53.438	Trade	2022.02.23 05:00:03   buy stop 8.27 USDJPY.DWX at 115.126 sl: 114.987 (115.076 / 115.081),D:\QM\reports\work_items\2fc84747-27db-5e88-9568-3fdda6c30769\QM5_41398\20260909_135814\raw\run_01\20260909.log
71646,2022-02-23,sell,True,114.987,115.126,115.126,114.987,115.076,115.081,False,False,False,2022-02-23T05:00:03,2022-02-23T03:00:03Z,winter_US_standard,5,3,6,CS	0	16:03:53.438	Trade	2022.02.23 05:00:03   sell stop 8.28 USDJPY.DWX at 114.987 sl: 115.126 (115.076 / 115.081),D:\QM\reports\work_items\2fc84747-27db-5e88-9568-3fdda6c30769\QM5_41398\20260909_135814\raw\run_01\20260909.log
71656,2022-02-24,buy,True,115.117,114.827,115.117,114.827,115.019,115.023,False,False,False,2022-02-24T05:00:00,2022-02-24T03:00:00Z,winter_US_standard,5,3,6,CS	0	16:03:53.757	Trade	2022.02.24 05:00:00   buy stop 3.95 USDJPY.DWX at 115.117 sl: 114.827 (115.019 / 115.023),D:\QM\reports\work_items\2fc84747-27db-5e88-9568-3fdda6c30769\QM5_41398\20260909_135814\raw\run_01\20260909.log
71657,2022-02-24,sell,True,114.827,115.117,115.117,114.827,115.019,115.023,False,False,False,2022-02-24T05:00:00,2022-02-24T03:00:00Z,winter_US_standard,5,3,6,CS	0	16:03:53.757	Trade	2022.02.24 05:00:00   sell stop 3.96 USDJPY.DWX at 114.827 sl: 115.117 (115.019 / 115.023),D:\QM\reports\work_items\2fc84747-27db-5e88-9568-3fdda6c30769\QM5_41398\20260909_135814\raw\run_01\20260909.log
71672,2022-02-25,buy,True,115.625,115.255,115.625,115.255,115.270,115.275,False,False,False,2022-02-25T05:00:00,2022-02-25T03:00:00Z,winter_US_standard,5,3,6,CS	0	16:03:54.523	Trade	2022.02.25 05:00:00   buy stop 3.11 USDJPY.DWX at 115.625 sl: 115.255 (115.270 / 115.275),D:\QM\reports\work_items\2fc84747-27db-5e88-9568-3fdda6c30769\QM5_41398\20260909_135814\raw\run_01\20260909.log
71673,2022-02-25,sell,True,115.255,115.625,115.625,115.255,115.270,115.275,False,False,False,2022-02-25T05:00:00,2022-02-25T03:00:00Z,winter_US_standard,5,3,6,CS	0	16:03:54.524	Trade	2022.02.25 05:00:00   sell stop 3.12 USDJPY.DWX at 115.255 sl: 115.625 (115.270 / 115.275),D:\QM\reports\work_items\2fc84747-27db-5e88-9568-3fdda6c30769\QM5_41398\20260909_135814\raw\run_01\20260909.log
71683,2022-02-28,buy,True,115.666,115.443,115.666,115.443,115.494,115.497,False,False,False,2022-02-28T05:00:00,2022-02-28T03:00:00Z,winter_US_standard,5,3,6,CS	0	16:03:55.091	Trade	2022.02.28 05:00:00   buy stop 5.17 USDJPY.DWX at 115.666 sl: 115.443 (115.494 / 115.497),D:\QM\reports\work_items\2fc84747-27db-5e88-9568-3fdda6c30769\QM5_41398\20260909_135814\raw\run_01\20260909.log
71684,2022-02-28,sell,True,115.443,115.666,115.666,115.443,115.494,115.497,False,False,False,2022-02-28T05:00:00,2022-02-28T03:00:00Z,winter_US_standard,5,3,6,CS	0	16:03:55.091	Trade	2022.02.28 05:00:00   sell stop 5.18 USDJPY.DWX at 115.443 sl: 115.666 (115.494 / 115.497),D:\QM\reports\work_items\2fc84747-27db-5e88-9568-3fdda6c30769\QM5_41398\20260909_135814\raw\run_01\20260909.log
71694,2022-03-01,buy,True,115.289,114.993,115.289,114.993,115.183,115.189,False,False,False,2022-03-01T05:00:00,2022-03-01T03:00:00Z,winter_US_standard,5,3,6,CS	0	16:03:55.598	Trade	2022.03.01 05:00:00   buy stop 3.88 USDJPY.DWX at 115.289 sl: 114.993 (115.183 / 115.189),D:\QM\reports\work_items\2fc84747-27db-5e88-9568-3fdda6c30769\QM5_41398\20260909_135814\raw\run_01\20260909.log
71695,2022-03-01,sell,True,114.993,115.289,115.289,114.993,115.183,115.189,False,False,False,2022-03-01T05:00:00,2022-03-01T03:00:00Z,winter_US_standard,5,3,6,CS	0	16:03:55.599	Trade	2022.03.01 05:00:00   sell stop 3.89 USDJPY.DWX at 114.993 sl: 115.289 (115.183 / 115.189),D:\QM\reports\work_items\2fc84747-27db-5e88-9568-3fdda6c30769\QM5_41398\20260909_135814\raw\run_01\20260909.log
71705,2022-03-02,buy,True,115.081,114.789,115.081,114.789,114.994,114.997,False,False,False,2022-03-02T05:00:01,2022-03-02T03:00:01Z,winter_US_standard,5,3,6,CS	0	16:03:55.990	Trade	2022.03.02 05:00:01   buy stop 3.93 USDJPY.DWX at 115.081 sl: 114.789 (114.994 / 114.997),D:\QM\reports\work_items\2fc84747-27db-5e88-9568-3fdda6c30769\QM5_41398\20260909_135814\raw\run_01\20260909.log
71706,2022-03-02,sell,True,114.789,115.081,115.081,114.789,114.994,114.997,False,False,False,2022-03-02T05:00:01,2022-03-02T03:00:01Z,winter_US_standard,5,3,6,CS	0	16:03:55.991	Trade	2022.03.02 05:00:01   sell stop 3.94 USDJPY.DWX at 114.789 sl: 115.081 (114.994 / 114.997),D:\QM\reports\work_items\2fc84747-27db-5e88-9568-3fdda6c30769\QM5_41398\20260909_135814\raw\run_01\20260909.log
71718,2022-03-03,buy,True,115.667,115.492,115.667,115.492,115.633,115.636,False,False,False,2022-03-03T05:00:00,2022-03-03T03:00:00Z,winter_US_standard,5,3,6,CS	0	16:03:56.439	Trade	2022.03.03 05:00:00   buy stop 6.59 USDJPY.DWX at 115.667 sl: 115.492 (115.633 / 115.636),D:\QM\reports\work_items\2fc84747-27db-5e88-9568-3fdda6c30769\QM5_41398\20260909_135814\raw\run_01\20260909.log
71719,2022-03-03,sell,True,115.492,115.667,115.667,115.492,115.633,115.636,False,False,False,2022-03-03T05:00:00,2022-03-03T03:00:00Z,winter_US_standard,5,3,6,CS	0	16:03:56.440	Trade	2022.03.03 05:00:00   sell stop 6.6 USDJPY.DWX at 115.492 sl: 115.667 (115.633 / 115.636),D:\QM\reports\work_items\2fc84747-27db-5e88-9568-3fdda6c30769\QM5_41398\20260909_135814\raw\run_01\20260909.log
71729,2022-03-07,buy,True,115.064,114.830,115.064,114.830,114.925,114.931,False,False,False,2022-03-07T05:00:00,2022-03-07T03:00:00Z,winter_US_standard,5,3,6,CS	0	16:03:57.354	Trade	2022.03.07 05:00:00   buy stop 4.9 USDJPY.DWX at 115.064 sl: 114.830 (114.925 / 114.931),D:\QM\reports\work_items\2fc84747-27db-5e88-9568-3fdda6c30769\QM5_41398\20260909_135814\raw\run_01\20260909.log
71730,2022-03-07,sell,True,114.830,115.064,115.064,114.830,114.925,114.931,False,False,False,2022-03-07T05:00:00,2022-03-07T03:00:00Z,winter_US_standard,5,3,6,CS	0	16:03:57.355	Trade	2022.03.07 05:00:00   sell stop 4.91 USDJPY.DWX at 114.830 sl: 115.064 (114.925 / 114.931),D:\QM\reports\work_items\2fc84747-27db-5e88-9568-3fdda6c30769\QM5_41398\20260909_135814\raw\run_01\20260909.log
71743,2022-03-08,buy,True,115.514,115.321,115.514,115.321,115.385,115.385,False,False,False,2022-03-08T05:00:00,2022-03-08T03:00:00Z,winter_US_standard,5,3,6,CS	0	16:03:58.004	Trade	2022.03.08 05:00:00   buy stop 5.97 USDJPY.DWX at 115.514 sl: 115.321 (115.385 / 115.385),D:\QM\reports\work_items\2fc84747-27db-5e88-9568-3fdda6c30769\QM5_41398\20260909_135814\raw\run_01\20260909.log
71744,2022-03-08,sell,True,115.321,115.514,115.514,115.321,115.385,115.385,False,False,False,2022-03-08T05:00:00,2022-03-08T03:00:00Z,winter_US_standard,5,3,6,CS	0	16:03:58.004	Trade	2022.03.08 05:00:00   sell stop 5.98 USDJPY.DWX at 115.321 sl: 115.514 (115.385 / 115.385),D:\QM\reports\work_items\2fc84747-27db-5e88-9568-3fdda6c30769\QM5_41398\20260909_135814\raw\run_01\20260909.log
71757,2022-03-09,buy,True,115.923,115.725,115.923,115.725,115.853,115.856,False,False,False,2022-03-09T05:00:01,2022-03-09T03:00:01Z,winter_US_standard,5,3,6,CS	0	16:03:58.603	Trade	2022.03.09 05:00:01   buy stop 5.84 USDJPY.DWX at 115.923 sl: 115.725 (115.853 / 115.856),D:\QM\reports\work_items\2fc84747-27db-5e88-9568-3fdda6c30769\QM5_41398\20260909_135814\raw\run_01\20260909.log
71758,2022-03-09,sell,True,115.725,115.923,115.923,115.725,115.853,115.856,False,False,False,2022-03-09T05:00:01,2022-03-09T03:00:01Z,winter_US_standard,5,3,6,CS	0	16:03:58.603	Trade	2022.03.09 05:00:01   sell stop 5.85 USDJPY.DWX at 115.725 sl: 115.923 (115.853 / 115.856),D:\QM\reports\work_items\2fc84747-27db-5e88-9568-3fdda6c30769\QM5_41398\20260909_135814\raw\run_01\20260909.log
71768,2022-03-10,buy,True,116.113,115.881,116.113,115.881,116.073,116.076,False,False,False,2022-03-10T05:00:02,2022-03-10T03:00:02Z,winter_US_standard,5,3,6,CS	0	16:03:59.008	Trade	2022.03.10 05:00:02   buy stop 4.99 USDJPY.DWX at 116.113 sl: 115.881 (116.073 / 116.076),D:\QM\reports\work_items\2fc84747-27db-5e88-9568-3fdda6c30769\QM5_41398\20260909_135814\raw\run_01\20260909.log
71769,2022-03-10,sell,True,115.881,116.113,116.113,115.881,116.073,116.076,False,False,False,2022-03-10T05:00:02,2022-03-10T03:00:02Z,winter_US_standard,5,3,6,CS	0	16:03:59.008	Trade	2022.03.10 05:00:02   sell stop 5 USDJPY.DWX at 115.881 sl: 116.113 (116.073 / 116.076),D:\QM\reports\work_items\2fc84747-27db-5e88-9568-3fdda6c30769\QM5_41398\20260909_135814\raw\run_01\20260909.log
71779,2022-03-11,buy,True,116.379,116.142,116.379,116.142,116.258,116.261,False,False,False,2022-03-11T05:00:00,2022-03-11T03:00:00Z,winter_US_standard,5,3,6,CS	0	16:03:59.356	Trade	2022.03.11 05:00:00   buy stop 4.9 USDJPY.DWX at 116.379 sl: 116.142 (116.258 / 116.261),D:\QM\reports\work_items\2fc84747-27db-5e88-9568-3fdda6c30769\QM5_41398\20260909_135814\raw\run_01\20260909.log
71780,2022-03-11,sell,True,116.142,116.379,116.379,116.142,116.258,116.261,False,False,False,2022-03-11T05:00:00,2022-03-11T03:00:00Z,winter_US_standard,5,3,6,CS	0	16:03:59.356	Trade	2022.03.11 05:00:00   sell stop 4.91 USDJPY.DWX at 116.142 sl: 116.379 (116.258 / 116.261),D:\QM\reports\work_items\2fc84747-27db-5e88-9568-3fdda6c30769\QM5_41398\20260909_135814\raw\run_01\20260909.log
71800,2022-03-16,buy,True,118.427,118.202,118.427,118.202,118.228,118.232,False,False,False,2022-03-16T06:00:01,2022-03-16T03:00:01Z,summer_US_DST,6,3,6,CS	0	16:04:00.643	Trade	2022.03.16 06:00:01   buy stop 5.25 USDJPY.DWX at 118.427 sl: 118.202 (118.228 / 118.232),D:\QM\reports\work_items\2fc84747-27db-5e88-9568-3fdda6c30769\QM5_41398\20260909_135814\raw\run_01\20260909.log
71801,2022-03-16,sell,True,118.202,118.427,118.427,118.202,118.228,118.232,False,False,False,2022-03-16T06:00:01,2022-03-16T03:00:01Z,summer_US_DST,6,3,6,CS	0	16:04:00.643	Trade	2022.03.16 06:00:01   sell stop 5.26 USDJPY.DWX at 118.202 sl: 118.427 (118.228 / 118.232),D:\QM\reports\work_items\2fc84747-27db-5e88-9568-3fdda6c30769\QM5_41398\20260909_135814\raw\run_01\20260909.log
71811,2022-03-17,buy,True,119.026,118.701,119.026,118.701,118.740,118.744,False,False,False,2022-03-17T06:00:00,2022-03-17T03:00:00Z,summer_US_DST,6,3,6,CS	0	16:04:01.123	Trade	2022.03.17 06:00:00   buy stop 3.65 USDJPY.DWX at 119.026 sl: 118.701 (118.740 / 118.744),D:\QM\reports\work_items\2fc84747-27db-5e88-9568-3fdda6c30769\QM5_41398\20260909_135814\raw\run_01\20260909.log
71812,2022-03-17,sell,True,118.701,119.026,119.026,118.701,118.740,118.744,False,False,False,2022-03-17T06:00:00,2022-03-17T03:00:00Z,summer_US_DST,6,3,6,CS	0	16:04:01.124	Trade	2022.03.17 06:00:00   sell stop 3.66 USDJPY.DWX at 118.701 sl: 119.026 (118.740 / 118.744),D:\QM\reports\work_items\2fc84747-27db-5e88-9568-3fdda6c30769\QM5_41398\20260909_135814\raw\run_01\20260909.log
71822,2022-03-21,buy,True,119.283,119.134,119.283,119.134,119.163,119.170,False,False,False,2022-03-21T06:00:04,2022-03-21T03:00:04Z,summer_US_DST,6,3,6,CS	0	16:04:01.813	Trade	2022.03.21 06:00:04   buy stop 7.99 USDJPY.DWX at 119.283 sl: 119.134 (119.163 / 119.170),D:\QM\reports\work_items\2fc84747-27db-5e88-9568-3fdda6c30769\QM5_41398\20260909_135814\raw\run_01\20260909.log
71823,2022-03-21,sell,True,119.134,119.283,119.283,119.134,119.163,119.170,False,False,False,2022-03-21T06:00:04,2022-03-21T03:00:04Z,summer_US_DST,6,3,6,CS	0	16:04:01.813	Trade	2022.03.21 06:00:04   sell stop 8 USDJPY.DWX at 119.134 sl: 119.283 (119.163 / 119.170),D:\QM\reports\work_items\2fc84747-27db-5e88-9568-3fdda6c30769\QM5_41398\20260909_135814\raw\run_01\20260909.log
71833,2022-03-24,buy,True,121.303,120.949,121.303,120.949,121.211,121.216,False,False,False,2022-03-24T06:00:00,2022-03-24T03:00:00Z,summer_US_DST,6,3,6,CS	0	16:04:03.057	Trade	2022.03.24 06:00:00   buy stop 3.41 USDJPY.DWX at 121.303 sl: 120.949 (121.211 / 121.216),D:\QM\reports\work_items\2fc84747-27db-5e88-9568-3fdda6c30769\QM5_41398\20260909_135814\raw\run_01\20260909.log
71834,2022-03-24,sell,True,120.949,121.303,121.303,120.949,121.211,121.216,False,False,False,2022-03-24T06:00:00,2022-03-24T03:00:00Z,summer_US_DST,6,3,6,CS	0	16:04:03.057	Trade	2022.03.24 06:00:00   sell stop 3.42 USDJPY.DWX at 120.949 sl: 121.303 (121.211 / 121.216),D:\QM\reports\work_items\2fc84747-27db-5e88-9568-3fdda6c30769\QM5_41398\20260909_135814\raw\run_01\20260909.log
71848,2022-03-31,buy,True,122.454,121.900,122.454,121.900,122.173,122.179,False,False,False,2022-03-31T06:00:00,2022-03-31T03:00:00Z,summer_US_DST,6,3,6,CS	0	16:04:06.853	Trade	2022.03.31 06:00:00   buy stop 2.2 USDJPY.DWX at 122.454 sl: 121.900 (122.173 / 122.179),D:\QM\reports\work_items\2fc84747-27db-5e88-9568-3fdda6c30769\QM5_41398\20260909_135814\raw\run_01\20260909.log
71849,2022-03-31,sell,True,121.900,122.454,122.454,121.900,122.173,122.179,False,False,False,2022-03-31T06:00:00,2022-03-31T03:00:00Z,summer_US_DST,6,3,6,CS	0	16:04:06.854	Trade	2022.03.31 06:00:00   sell stop 2.21 USDJPY.DWX at 121.900 sl: 122.454 (122.173 / 122.179),D:\QM\reports\work_items\2fc84747-27db-5e88-9568-3fdda6c30769\QM5_41398\20260909_135814\raw\run_01\20260909.log
71861,2022-04-04,buy,True,122.703,122.263,122.703,122.263,122.651,122.659,False,False,False,2022-04-04T06:00:00,2022-04-04T03:00:00Z,summer_US_DST,6,3,6,CS	0	16:04:08.412	Trade	2022.04.04 06:00:00   buy stop 2.77 USDJPY.DWX at 122.703 sl: 122.263 (122.651 / 122.659),D:\QM\reports\work_items\2fc84747-27db-5e88-9568-3fdda6c30769\QM5_41398\20260909_135814\raw\run_01\20260909.log
71862,2022-04-04,sell,True,122.263,122.703,122.703,122.263,122.651,122.659,False,False,False,2022-04-04T06:00:00,2022-04-04T03:00:00Z,summer_US_DST,6,3,6,CS	0	16:04:08.412	Trade	2022.04.04 06:00:00   sell stop 2.78 USDJPY.DWX at 122.263 sl: 122.703 (122.651 / 122.659),D:\QM\reports\work_items\2fc84747-27db-5e88-9568-3fdda6c30769\QM5_41398\20260909_135814\raw\run_01\20260909.log
71872,2022-04-06,buy,True,124.050,123.574,124.050,123.574,123.891,123.894,False,False,False,2022-04-06T06:00:00,2022-04-06T03:00:00Z,summer_US_DST,6,3,6,CS	0	16:04:09.622	Trade	2022.04.06 06:00:00   buy stop 2.59 USDJPY.DWX at 124.050 sl: 123.574 (123.891 / 123.894),D:\QM\reports\work_items\2fc84747-27db-5e88-9568-3fdda6c30769\QM5_41398\20260909_135814\raw\run_01\20260909.log
71873,2022-04-06,sell,True,123.574,124.050,124.050,123.574,123.891,123.894,False,False,False,2022-04-06T06:00:00,2022-04-06T03:00:00Z,summer_US_DST,6,3,6,CS	0	16:04:09.622	Trade	2022.04.06 06:00:00   sell stop 2.6 USDJPY.DWX at 123.574 sl: 124.050 (123.891 / 123.894),D:\QM\reports\work_items\2fc84747-27db-5e88-9568-3fdda6c30769\QM5_41398\20260909_135814\raw\run_01\20260909.log
71876,2022-04-07,buy,True,123.743,123.467,123.743,123.467,123.674,123.681,False,False,False,2022-04-07T06:00:01,2022-04-07T03:00:01Z,summer_US_DST,6,3,6,CS	0	16:04:10.275	Trade	2022.04.07 06:00:01   buy stop 4.47 USDJPY.DWX at 123.743 sl: 123.467 (123.674 / 123.681),D:\QM\reports\work_items\2fc84747-27db-5e88-9568-3fdda6c30769\QM5_41398\20260909_135814\raw\run_01\20260909.log
71877,2022-04-07,sell,True,123.467,123.743,123.743,123.467,123.674,123.681,False,False,False,2022-04-07T06:00:01,2022-04-07T03:00:01Z,summer_US_DST,6,3,6,CS	0	16:04:10.276	Trade	2022.04.07 06:00:01   sell stop 4.48 USDJPY.DWX at 123.467 sl: 123.743 (123.674 / 123.681),D:\QM\reports\work_items\2fc84747-27db-5e88-9568-3fdda6c30769\QM5_41398\20260909_135814\raw\run_01\20260909.log
71887,2022-04-13,buy,True,125.650,125.346,125.650,125.346,125.581,125.585,False,False,False,2022-04-13T06:00:00,2022-04-13T03:00:00Z,summer_US_DST,6,3,6,CS	0	16:04:12.424	Trade	2022.04.13 06:00:00   buy stop 4.12 USDJPY.DWX at 125.650 sl: 125.346 (125.581 / 125.585),D:\QM\reports\work_items\2fc84747-27db-5e88-9568-3fdda6c30769\QM5_41398\20260909_135814\raw\run_01\20260909.log
71888,2022-04-13,sell,True,125.346,125.650,125.650,125.346,125.581,125.585,False,False,False,2022-04-13T06:00:00,2022-04-13T03:00:00Z,summer_US_DST,6,3,6,CS	0	16:04:12.425	Trade	2022.04.13 06:00:00   sell stop 4.13 USDJPY.DWX at 125.346 sl: 125.650 (125.581 / 125.585),D:\QM\reports\work_items\2fc84747-27db-5e88-9568-3fdda6c30769\QM5_41398\20260909_135814\raw\run_01\20260909.log
71902,2022-04-14,buy,True,125.593,125.209,125.593,125.209,125.340,125.344,False,False,False,2022-04-14T06:00:00,2022-04-14T03:00:00Z,summer_US_DST,6,3,6,CS	0	16:04:13.062	Trade	2022.04.14 06:00:00   buy stop 3.26 USDJPY.DWX at 125.593 sl: 125.209 (125.340 / 125.344),D:\QM\reports\work_items\2fc84747-27db-5e88-9568-3fdda6c30769\QM5_41398\20260909_135814\raw\run_01\20260909.log
71903,2022-04-14,sell,True,125.209,125.593,125.593,125.209,125.340,125.344,False,False,False,2022-04-14T06:00:00,2022-04-14T03:00:00Z,summer_US_DST,6,3,6,CS	0	16:04:13.062	Trade	2022.04.14 06:00:00   sell stop 3.27 USDJPY.DWX at 125.209 sl: 125.593 (125.340 / 125.344),D:\QM\reports\work_items\2fc84747-27db-5e88-9568-3fdda6c30769\QM5_41398\20260909_135814\raw\run_01\20260909.log
71913,2022-04-21,buy,False,128.614,127.961,128.614,127.961,,,,,True,2022-04-21T06:00:00,2022-04-21T03:00:00Z,summer_US_DST,6,3,6,CS	2	16:04:16.422	Trades	2022.04.21 06:00:00   failed buy stop 1.95 USDJPY.DWX at 128.614 sl: 127.961 [Invalid price],D:\QM\reports\work_items\2fc84747-27db-5e88-9568-3fdda6c30769\QM5_41398\20260909_135814\raw\run_01\20260909.log
71914,2022-04-21,sell,True,127.961,128.614,128.614,127.961,128.609,128.617,True,False,False,2022-04-21T06:00:00,2022-04-21T03:00:00Z,summer_US_DST,6,3,6,CS	0	16:04:16.422	Trade	2022.04.21 06:00:00   sell stop 1.96 USDJPY.DWX at 127.961 sl: 128.614 (128.609 / 128.617),D:\QM\reports\work_items\2fc84747-27db-5e88-9568-3fdda6c30769\QM5_41398\20260909_135814\raw\run_01\20260909.log
71923,2022-04-22,buy,True,128.690,128.371,128.690,128.371,128.604,128.608,False,False,False,2022-04-22T06:00:00,2022-04-22T03:00:00Z,summer_US_DST,6,3,6,CS	0	16:04:17.184	Trade	2022.04.22 06:00:00   buy stop 4.02 USDJPY.DWX at 128.690 sl: 128.371 (128.604 / 128.608),D:\QM\reports\work_items\2fc84747-27db-5e88-9568-3fdda6c30769\QM5_41398\20260909_135814\raw\run_01\20260909.log
71924,2022-04-22,sell,True,128.371,128.690,128.690,128.371,128.604,128.608,False,False,False,2022-04-22T06:00:00,2022-04-22T03:00:00Z,summer_US_DST,6,3,6,CS	0	16:04:17.184	Trade	2022.04.22 06:00:00   sell stop 4.03 USDJPY.DWX at 128.371 sl: 128.690 (128.604 / 128.608),D:\QM\reports\work_items\2fc84747-27db-5e88-9568-3fdda6c30769\QM5_41398\20260909_135814\raw\run_01\20260909.log
71938,2022-04-25,buy,True,128.865,128.235,128.865,128.235,128.316,128.323,False,False,False,2022-04-25T06:00:00,2022-04-25T03:00:00Z,summer_US_DST,6,3,6,CS	0	16:04:18.007	Trade	2022.04.25 06:00:00   buy stop 2.03 USDJPY.DWX at 128.865 sl: 128.235 (128.316 / 128.323),D:\QM\reports\work_items\2fc84747-27db-5e88-9568-3fdda6c30769\QM5_41398\20260909_135814\raw\run_01\20260909.log
71939,2022-04-25,sell,True,128.235,128.865,128.865,128.235,128.316,128.323,False,False,False,2022-04-25T06:00:00,2022-04-25T03:00:00Z,summer_US_DST,6,3,6,CS	0	16:04:18.007	Trade	2022.04.25 06:00:00   sell stop 2.04 USDJPY.DWX at 128.235 sl: 128.865 (128.316 / 128.323),D:\QM\reports\work_items\2fc84747-27db-5e88-9568-3fdda6c30769\QM5_41398\20260909_135814\raw\run_01\20260909.log
71949,2022-04-26,buy,True,127.824,127.342,127.824,127.342,127.804,127.810,False,False,False,2022-04-26T06:00:00,2022-04-26T03:00:00Z,summer_US_DST,6,3,6,CS	0	16:04:18.944	Trade	2022.04.26 06:00:00   buy stop 2.64 USDJPY.DWX at 127.824 sl: 127.342 (127.804 / 127.810),D:\QM\reports\work_items\2fc84747-27db-5e88-9568-3fdda6c30769\QM5_41398\20260909_135814\raw\run_01\20260909.log
71950,2022-04-26,sell,True,127.342,127.824,127.824,127.342,127.804,127.810,False,False,False,2022-04-26T06:00:00,2022-04-26T03:00:00Z,summer_US_DST,6,3,6,CS	0	16:04:18.944	Trade	2022.04.26 06:00:00   sell stop 2.65 USDJPY.DWX at 127.342 sl: 127.824 (127.804 / 127.810),D:\QM\reports\work_items\2fc84747-27db-5e88-9568-3fdda6c30769\QM5_41398\20260909_135814\raw\run_01\20260909.log
71960,2022-04-27,buy,False,127.789,127.243,127.789,127.243,,,,,True,2022-04-27T06:00:00,2022-04-27T03:00:00Z,summer_US_DST,6,3,6,CS	2	16:04:19.838	Trades	2022.04.27 06:00:00   failed buy stop 2.33 USDJPY.DWX at 127.789 sl: 127.243 [Invalid price],D:\QM\reports\work_items\2fc84747-27db-5e88-9568-3fdda6c30769\QM5_41398\20260909_135814\raw\run_01\20260909.log
71961,2022-04-27,sell,True,127.243,127.789,127.789,127.243,127.789,127.794,True,False,False,2022-04-27T06:00:00,2022-04-27T03:00:00Z,summer_US_DST,6,3,6,CS	0	16:04:19.839	Trade	2022.04.27 06:00:00   sell stop 2.34 USDJPY.DWX at 127.243 sl: 127.789 (127.789 / 127.794),D:\QM\reports\work_items\2fc84747-27db-5e88-9568-3fdda6c30769\QM5_41398\20260909_135814\raw\run_01\20260909.log
71963,2022-04-29,buy,True,130.821,130.367,130.821,130.367,130.744,130.744,False,False,False,2022-04-29T06:00:00,2022-04-29T03:00:00Z,summer_US_DST,6,3,6,CS	0	16:04:21.008	Trade	2022.04.29 06:00:00   buy stop 2.87 USDJPY.DWX at 130.821 sl: 130.367 (130.744 / 130.744),D:\QM\reports\work_items\2fc84747-27db-5e88-9568-3fdda6c30769\QM5_41398\20260909_135814\raw\run_01\20260909.log
71964,2022-04-29,sell,True,130.367,130.821,130.821,130.367,130.744,130.744,False,False,False,2022-04-29T06:00:00,2022-04-29T03:00:00Z,summer_US_DST,6,3,6,CS	0	16:04:21.008	Trade	2022.04.29 06:00:00   sell stop 2.88 USDJPY.DWX at 130.367 sl: 130.821 (130.744 / 130.744),D:\QM\reports\work_items\2fc84747-27db-5e88-9568-3fdda6c30769\QM5_41398\20260909_135814\raw\run_01\20260909.log
71976,2022-05-02,buy,True,130.236,129.610,130.236,129.610,130.146,130.151,False,False,False,2022-05-02T06:00:00,2022-05-02T03:00:00Z,summer_US_DST,6,3,6,CS	0	16:04:21.875	Trade	2022.05.02 06:00:00   buy stop 2.07 USDJPY.DWX at 130.236 sl: 129.610 (130.146 / 130.151),D:\QM\reports\work_items\2fc84747-27db-5e88-9568-3fdda6c30769\QM5_41398\20260909_135814\raw\run_01\20260909.log
71977,2022-05-02,sell,True,129.610,130.236,130.236,129.610,130.146,130.151,False,False,False,2022-05-02T06:00:00,2022-05-02T03:00:00Z,summer_US_DST,6,3,6,CS	0	16:04:21.875	Trade	2022.05.02 06:00:00   sell stop 2.08 USDJPY.DWX at 129.610 sl: 130.236 (130.146 / 130.151),D:\QM\reports\work_items\2fc84747-27db-5e88-9568-3fdda6c30769\QM5_41398\20260909_135814\raw\run_01\20260909.log
71987,2022-05-03,buy,True,130.100,129.851,130.100,129.851,129.994,130.001,False,False,False,2022-05-03T06:00:00,2022-05-03T03:00:00Z,summer_US_DST,6,3,6,CS	0	16:04:22.522	Trade	2022.05.03 06:00:00   buy stop 5.21 USDJPY.DWX at 130.100 sl: 129.851 (129.994 / 130.001),D:\QM\reports\work_items\2fc84747-27db-5e88-9568-3fdda6c30769\QM5_41398\20260909_135814\raw\run_01\20260909.log
71988,2022-05-03,sell,True,129.851,130.100,130.100,129.851,129.994,130.001,False,False,False,2022-05-03T06:00:00,2022-05-03T03:00:00Z,summer_US_DST,6,3,6,CS	0	16:04:22.522	Trade	2022.05.03 06:00:00   sell stop 5.22 USDJPY.DWX at 129.851 sl: 130.100 (129.994 / 130.001),D:\QM\reports\work_items\2fc84747-27db-5e88-9568-3fdda6c30769\QM5_41398\20260909_135814\raw\run_01\20260909.log
71998,2022-05-04,buy,True,130.207,130.069,130.207,130.069,130.103,130.106,False,False,False,2022-05-04T06:00:00,2022-05-04T03:00:00Z,summer_US_DST,6,3,6,CS	0	16:04:23.054	Trade	2022.05.04 06:00:00   buy stop 9.42 USDJPY.DWX at 130.207 sl: 130.069 (130.103 / 130.106),D:\QM\reports\work_items\2fc84747-27db-5e88-9568-3fdda6c30769\QM5_41398\20260909_135814\raw\run_01\20260909.log
71999,2022-05-04,sell,True,130.069,130.207,130.207,130.069,130.103,130.106,False,False,False,2022-05-04T06:00:00,2022-05-04T03:00:00Z,summer_US_DST,6,3,6,CS	0	16:04:23.054	Trade	2022.05.04 06:00:00   sell stop 9.43 USDJPY.DWX at 130.069 sl: 130.207 (130.103 / 130.106),D:\QM\reports\work_items\2fc84747-27db-5e88-9568-3fdda6c30769\QM5_41398\20260909_135814\raw\run_01\20260909.log
72011,2022-05-05,buy,True,129.303,128.752,129.303,128.752,129.064,129.073,False,False,False,2022-05-05T06:00:00,2022-05-05T03:00:00Z,summer_US_DST,6,3,6,CS	0	16:04:23.629	Trade	2022.05.05 06:00:00   buy stop 2.33 USDJPY.DWX at 129.303 sl: 128.752 (129.064 / 129.073),D:\QM\reports\work_items\2fc84747-27db-5e88-9568-3fdda6c30769\QM5_41398\20260909_135814\raw\run_01\20260909.log
72012,2022-05-05,sell,True,128.752,129.303,129.303,128.752,129.064,129.073,False,False,False,2022-05-05T06:00:00,2022-05-05T03:00:00Z,summer_US_DST,6,3,6,CS	0	16:04:23.630	Trade	2022.05.05 06:00:00   sell stop 2.34 USDJPY.DWX at 128.752 sl: 129.303 (129.064 / 129.073),D:\QM\reports\work_items\2fc84747-27db-5e88-9568-3fdda6c30769\QM5_41398\20260909_135814\raw\run_01\20260909.log
72026,2022-05-06,buy,True,130.807,130.214,130.807,130.214,130.636,130.637,False,False,False,2022-05-06T06:00:00,2022-05-06T03:00:00Z,summer_US_DST,6,3,6,CS	0	16:04:24.656	Trade	2022.05.06 06:00:00   buy stop 2.19 USDJPY.DWX at 130.807 sl: 130.214 (130.636 / 130.637),D:\QM\reports\work_items\2fc84747-27db-5e88-9568-3fdda6c30769\QM5_41398\20260909_135814\raw\run_01\20260909.log
72027,2022-05-06,sell,True,130.214,130.807,130.807,130.214,130.636,130.637,False,False,False,2022-05-06T06:00:00,2022-05-06T03:00:00Z,summer_US_DST,6,3,6,CS	0	16:04:24.657	Trade	2022.05.06 06:00:00   sell stop 2.2 USDJPY.DWX at 130.214 sl: 130.807 (130.636 / 130.637),D:\QM\reports\work_items\2fc84747-27db-5e88-9568-3fdda6c30769\QM5_41398\20260909_135814\raw\run_01\20260909.log
72037,2022-05-09,buy,True,130.957,130.675,130.957,130.675,130.862,130.869,False,False,False,2022-05-09T06:00:00,2022-05-09T03:00:00Z,summer_US_DST,6,3,6,CS	0	16:04:25.392	Trade	2022.05.09 06:00:00   buy stop 4.63 USDJPY.DWX at 130.957 sl: 130.675 (130.862 / 130.869),D:\QM\reports\work_items\2fc84747-27db-5e88-9568-3fdda6c30769\QM5_41398\20260909_135814\raw\run_01\20260909.log
72038,2022-05-09,sell,True,130.675,130.957,130.957,130.675,130.862,130.869,False,False,False,2022-05-09T06:00:00,2022-05-09T03:00:00Z,summer_US_DST,6,3,6,CS	0	16:04:25.392	Trade	2022.05.09 06:00:00   sell stop 4.64 USDJPY.DWX at 130.675 sl: 130.957 (130.862 / 130.869),D:\QM\reports\work_items\2fc84747-27db-5e88-9568-3fdda6c30769\QM5_41398\20260909_135814\raw\run_01\20260909.log
72053,2022-05-11,buy,True,130.468,130.227,130.468,130.227,130.352,130.357,False,False,False,2022-05-11T06:00:00,2022-05-11T03:00:00Z,summer_US_DST,6,3,6,CS	0	16:04:27.137	Trade	2022.05.11 06:00:00   buy stop 5.4 USDJPY.DWX at 130.468 sl: 130.227 (130.352 / 130.357),D:\QM\reports\work_items\2fc84747-27db-5e88-9568-3fdda6c30769\QM5_41398\20260909_135814\raw\run_01\20260909.log
72054,2022-05-11,sell,True,130.227,130.468,130.468,130.227,130.352,130.357,False,False,False,2022-05-11T06:00:00,2022-05-11T03:00:00Z,summer_US_DST,6,3,6,CS	0	16:04:27.137	Trade	2022.05.11 06:00:00   sell stop 5.41 USDJPY.DWX at 130.227 sl: 130.468 (130.352 / 130.357),D:\QM\reports\work_items\2fc84747-27db-5e88-9568-3fdda6c30769\QM5_41398\20260909_135814\raw\run_01\20260909.log
72064,2022-05-12,buy,True,129.907,129.503,129.907,129.503,129.784,129.791,False,False,False,2022-05-12T06:00:00,2022-05-12T03:00:00Z,summer_US_DST,6,3,6,CS	0	16:04:27.963	Trade	2022.05.12 06:00:00   buy stop 3.2 USDJPY.DWX at 129.907 sl: 129.503 (129.784 / 129.791),D:\QM\reports\work_items\2fc84747-27db-5e88-9568-3fdda6c30769\QM5_41398\20260909_135814\raw\run_01\20260909.log
72065,2022-05-12,sell,True,129.503,129.907,129.907,129.503,129.784,129.791,False,False,False,2022-05-12T06:00:00,2022-05-12T03:00:00Z,summer_US_DST,6,3,6,CS	0	16:04:27.964	Trade	2022.05.12 06:00:00   sell stop 3.21 USDJPY.DWX at 129.503 sl: 129.907 (129.784 / 129.791),D:\QM\reports\work_items\2fc84747-27db-5e88-9568-3fdda6c30769\QM5_41398\20260909_135814\raw\run_01\20260909.log
72082,2022-05-18,buy,True,129.461,129.081,129.461,129.081,129.172,129.174,False,False,False,2022-05-18T06:00:01,2022-05-18T03:00:01Z,summer_US_DST,6,3,6,CS	0	16:04:31.536	Trade	2022.05.18 06:00:01   buy stop 3.39 USDJPY.DWX at 129.461 sl: 129.081 (129.172 / 129.174),D:\QM\reports\work_items\2fc84747-27db-5e88-9568-3fdda6c30769\QM5_41398\20260909_135814\raw\run_01\20260909.log
72083,2022-05-18,sell,True,129.081,129.461,129.461,129.081,129.172,129.174,False,False,False,2022-05-18T06:00:01,2022-05-18T03:00:01Z,summer_US_DST,6,3,6,CS	0	16:04:31.536	Trade	2022.05.18 06:00:01   sell stop 3.4 USDJPY.DWX at 129.081 sl: 129.461 (129.172 / 129.174),D:\QM\reports\work_items\2fc84747-27db-5e88-9568-3fdda6c30769\QM5_41398\20260909_135814\raw\run_01\20260909.log
72096,2022-05-20,buy,True,128.214,127.663,128.214,127.663,128.060,128.062,False,False,False,2022-05-20T06:00:00,2022-05-20T03:00:00Z,summer_US_DST,6,3,6,CS	0	16:04:33.957	Trade	2022.05.20 06:00:00   buy stop 2.31 USDJPY.DWX at 128.214 sl: 127.663 (128.060 / 128.062),D:\QM\reports\work_items\2fc84747-27db-5e88-9568-3fdda6c30769\QM5_41398\20260909_135814\raw\run_01\20260909.log
72097,2022-05-20,sell,True,127.663,128.214,128.214,127.663,128.060,128.062,False,False,False,2022-05-20T06:00:00,2022-05-20T03:00:00Z,summer_US_DST,6,3,6,CS	0	16:04:33.957	Trade	2022.05.20 06:00:00   sell stop 2.32 USDJPY.DWX at 127.663 sl: 128.214 (128.060 / 128.062),D:\QM\reports\work_items\2fc84747-27db-5e88-9568-3fdda6c30769\QM5_41398\20260909_135814\raw\run_01\20260909.log
72107,2022-05-24,buy,True,128.085,127.628,128.085,127.628,127.779,127.783,False,False,False,2022-05-24T06:00:01,2022-05-24T03:00:01Z,summer_US_DST,6,3,6,CS	0	16:04:35.207	Trade	2022.05.24 06:00:01   buy stop 2.79 USDJPY.DWX at 128.085 sl: 127.628 (127.779 / 127.783),D:\QM\reports\work_items\2fc84747-27db-5e88-9568-3fdda6c30769\QM5_41398\20260909_135814\raw\run_01\20260909.log
72108,2022-05-24,sell,True,127.628,128.085,128.085,127.628,127.779,127.783,False,False,False,2022-05-24T06:00:01,2022-05-24T03:00:01Z,summer_US_DST,6,3,6,CS	0	16:04:35.208	Trade	2022.05.24 06:00:01   sell stop 2.8 USDJPY.DWX at 127.628 sl: 128.085 (127.779 / 127.783),D:\QM\reports\work_items\2fc84747-27db-5e88-9568-3fdda6c30769\QM5_41398\20260909_135814\raw\run_01\20260909.log
72120,2022-05-25,buy,True,127.060,126.650,127.060,126.650,127.027,127.029,False,False,False,2022-05-25T06:00:01,2022-05-25T03:00:01Z,summer_US_DST,6,3,6,CS	0	16:04:35.603	Trade	2022.05.25 06:00:01   buy stop 3.08 USDJPY.DWX at 127.060 sl: 126.650 (127.027 / 127.029),D:\QM\reports\work_items\2fc84747-27db-5e88-9568-3fdda6c30769\QM5_41398\20260909_135814\raw\run_01\20260909.log
72121,2022-05-25,sell,True,126.650,127.060,127.060,126.650,127.027,127.029,False,False,False,2022-05-25T06:00:01,2022-05-25T03:00:01Z,summer_US_DST,6,3,6,CS	0	16:04:35.604	Trade	2022.05.25 06:00:01   sell stop 3.09 USDJPY.DWX at 126.650 sl: 127.060 (127.027 / 127.029),D:\QM\reports\work_items\2fc84747-27db-5e88-9568-3fdda6c30769\QM5_41398\20260909_135814\raw\run_01\20260909.log
72131,2022-05-26,buy,True,127.581,127.127,127.581,127.127,127.373,127.375,False,False,False,2022-05-26T06:00:01,2022-05-26T03:00:01Z,summer_US_DST,6,3,6,CS	0	16:04:35.955	Trade	2022.05.26 06:00:01   buy stop 2.8 USDJPY.DWX at 127.581 sl: 127.127 (127.373 / 127.375),D:\QM\reports\work_items\2fc84747-27db-5e88-9568-3fdda6c30769\QM5_41398\20260909_135814\raw\run_01\20260909.log
72132,2022-05-26,sell,True,127.127,127.581,127.581,127.127,127.373,127.375,False,False,False,2022-05-26T06:00:01,2022-05-26T03:00:01Z,summer_US_DST,6,3,6,CS	0	16:04:35.955	Trade	2022.05.26 06:00:01   sell stop 2.81 USDJPY.DWX at 127.127 sl: 127.581 (127.373 / 127.375),D:\QM\reports\work_items\2fc84747-27db-5e88-9568-3fdda6c30769\QM5_41398\20260909_135814\raw\run_01\20260909.log
72146,2022-06-02,buy,True,130.217,129.883,130.217,129.883,130.136,130.140,False,False,False,2022-06-02T06:00:00,2022-06-02T03:00:00Z,summer_US_DST,6,3,6,CS	0	16:04:37.273	Trade	2022.06.02 06:00:00   buy stop 3.88 USDJPY.DWX at 130.217 sl: 129.883 (130.136 / 130.140),D:\QM\reports\work_items\2fc84747-27db-5e88-9568-3fdda6c30769\QM5_41398\20260909_135814\raw\run_01\20260909.log
72147,2022-06-02,sell,True,129.883,130.217,130.217,129.883,130.136,130.140,False,False,False,2022-06-02T06:00:00,2022-06-02T03:00:00Z,summer_US_DST,6,3,6,CS	0	16:04:37.274	Trade	2022.06.02 06:00:00   sell stop 3.89 USDJPY.DWX at 129.883 sl: 130.217 (130.136 / 130.140),D:\QM\reports\work_items\2fc84747-27db-5e88-9568-3fdda6c30769\QM5_41398\20260909_135814\raw\run_01\20260909.log
72157,2022-06-06,buy,True,130.840,130.531,130.840,130.531,130.603,130.605,False,False,False,2022-06-06T06:00:00,2022-06-06T03:00:00Z,summer_US_DST,6,3,6,CS	0	16:04:37.754	Trade	2022.06.06 06:00:00   buy stop 4.22 USDJPY.DWX at 130.840 sl: 130.531 (130.603 / 130.605),D:\QM\reports\work_items\2fc84747-27db-5e88-9568-3fdda6c30769\QM5_41398\20260909_135814\raw\run_01\20260909.log
72158,2022-06-06,sell,True,130.531,130.840,130.840,130.531,130.603,130.605,False,False,False,2022-06-06T06:00:00,2022-06-06T03:00:00Z,summer_US_DST,6,3,6,CS	0	16:04:37.755	Trade	2022.06.06 06:00:00   sell stop 4.23 USDJPY.DWX at 130.531 sl: 130.840 (130.603 / 130.605),D:\QM\reports\work_items\2fc84747-27db-5e88-9568-3fdda6c30769\QM5_41398\20260909_135814\raw\run_01\20260909.log
72168,2022-06-08,buy,True,133.214,132.721,133.214,132.721,133.016,133.021,False,False,False,2022-06-08T06:00:03,2022-06-08T03:00:03Z,summer_US_DST,6,3,6,CS	0	16:04:38.416	Trade	2022.06.08 06:00:03   buy stop 2.69 USDJPY.DWX at 133.214 sl: 132.721 (133.016 / 133.021),D:\QM\reports\work_items\2fc84747-27db-5e88-9568-3fdda6c30769\QM5_41398\20260909_135814\raw\run_01\20260909.log
72169,2022-06-08,sell,True,132.721,133.214,133.214,132.721,133.016,133.021,False,False,False,2022-06-08T06:00:03,2022-06-08T03:00:03Z,summer_US_DST,6,3,6,CS	0	16:04:38.416	Trade	2022.06.08 06:00:03   sell stop 2.7 USDJPY.DWX at 132.721 sl: 133.214 (133.016 / 133.021),D:\QM\reports\work_items\2fc84747-27db-5e88-9568-3fdda6c30769\QM5_41398\20260909_135814\raw\run_01\20260909.log
72186,2022-06-09,buy,True,134.556,134.121,134.556,134.121,134.273,134.276,False,False,False,2022-06-09T06:00:00,2022-06-09T03:00:00Z,summer_US_DST,6,3,6,CS	0	16:04:38.910	Trade	2022.06.09 06:00:00   buy stop 3.08 USDJPY.DWX at 134.556 sl: 134.121 (134.273 / 134.276),D:\QM\reports\work_items\2fc84747-27db-5e88-9568-3fdda6c30769\QM5_41398\20260909_135814\raw\run_01\20260909.log
72187,2022-06-09,sell,True,134.121,134.556,134.556,134.121,134.273,134.276,False,False,False,2022-06-09T06:00:00,2022-06-09T03:00:00Z,summer_US_DST,6,3,6,CS	0	16:04:38.910	Trade	2022.06.09 06:00:00   sell stop 3.09 USDJPY.DWX at 134.121 sl: 134.556 (134.273 / 134.276),D:\QM\reports\work_items\2fc84747-27db-5e88-9568-3fdda6c30769\QM5_41398\20260909_135814\raw\run_01\20260909.log
72204,2022-06-10,buy,True,134.393,133.917,134.393,133.917,134.074,134.077,False,False,False,2022-06-10T06:00:00,2022-06-10T03:00:00Z,summer_US_DST,6,3,6,CS	0	16:04:39.414	Trade	2022.06.10 06:00:00   buy stop 2.81 USDJPY.DWX at 134.393 sl: 133.917 (134.074 / 134.077),D:\QM\reports\work_items\2fc84747-27db-5e88-9568-3fdda6c30769\QM5_41398\20260909_135814\raw\run_01\20260909.log
72205,2022-06-10,sell,True,133.917,134.393,134.393,133.917,134.074,134.077,False,False,False,2022-06-10T06:00:00,2022-06-10T03:00:00Z,summer_US_DST,6,3,6,CS	0	16:04:39.415	Trade	2022.06.10 06:00:00   sell stop 2.82 USDJPY.DWX at 133.917 sl: 134.393 (134.074 / 134.077),D:\QM\reports\work_items\2fc84747-27db-5e88-9568-3fdda6c30769\QM5_41398\20260909_135814\raw\run_01\20260909.log
72218,2022-06-13,buy,True,135.001,134.666,135.001,134.666,134.823,134.827,False,False,False,2022-06-13T06:00:01,2022-06-13T03:00:01Z,summer_US_DST,6,3,6,CS	0	16:04:39.829	Trade	2022.06.13 06:00:01   buy stop 4.01 USDJPY.DWX at 135.001 sl: 134.666 (134.823 / 134.827),D:\QM\reports\work_items\2fc84747-27db-5e88-9568-3fdda6c30769\QM5_41398\20260909_135814\raw\run_01\20260909.log
72219,2022-06-13,sell,True,134.666,135.001,135.001,134.666,134.823,134.827,False,False,False,2022-06-13T06:00:01,2022-06-13T03:00:01Z,summer_US_DST,6,3,6,CS	0	16:04:39.830	Trade	2022.06.13 06:00:01   sell stop 4.02 USDJPY.DWX at 134.666 sl: 135.001 (134.823 / 134.827),D:\QM\reports\work_items\2fc84747-27db-5e88-9568-3fdda6c30769\QM5_41398\20260909_135814\raw\run_01\20260909.log
72229,2022-06-14,buy,True,134.448,133.872,134.448,133.872,134.272,134.277,False,False,False,2022-06-14T06:00:00,2022-06-14T03:00:00Z,summer_US_DST,6,3,6,CS	0	16:04:40.325	Trade	2022.06.14 06:00:00   buy stop 2.32 USDJPY.DWX at 134.448 sl: 133.872 (134.272 / 134.277),D:\QM\reports\work_items\2fc84747-27db-5e88-9568-3fdda6c30769\QM5_41398\20260909_135814\raw\run_01\20260909.log
72230,2022-06-14,sell,True,133.872,134.448,134.448,133.872,134.272,134.277,False,False,False,2022-06-14T06:00:00,2022-06-14T03:00:00Z,summer_US_DST,6,3,6,CS	0	16:04:40.326	Trade	2022.06.14 06:00:00   sell stop 2.33 USDJPY.DWX at 133.872 sl: 134.448 (134.272 / 134.277),D:\QM\reports\work_items\2fc84747-27db-5e88-9568-3fdda6c30769\QM5_41398\20260909_135814\raw\run_01\20260909.log
72240,2022-06-15,buy,True,135.306,134.865,135.306,134.865,135.125,135.127,False,False,False,2022-06-15T06:00:00,2022-06-15T03:00:00Z,summer_US_DST,6,3,6,CS	0	16:04:40.981	Trade	2022.06.15 06:00:00   buy stop 3.05 USDJPY.DWX at 135.306 sl: 134.865 (135.125 / 135.127),D:\QM\reports\work_items\2fc84747-27db-5e88-9568-3fdda6c30769\QM5_41398\20260909_135814\raw\run_01\20260909.log
72241,2022-06-15,sell,True,134.865,135.306,135.306,134.865,135.125,135.127,False,False,False,2022-06-15T06:00:00,2022-06-15T03:00:00Z,summer_US_DST,6,3,6,CS	0	16:04:40.982	Trade	2022.06.15 06:00:00   sell stop 3.06 USDJPY.DWX at 134.865 sl: 135.306 (135.125 / 135.127),D:\QM\reports\work_items\2fc84747-27db-5e88-9568-3fdda6c30769\QM5_41398\20260909_135814\raw\run_01\20260909.log
72254,2022-06-16,buy,True,134.678,133.945,134.678,133.945,134.481,134.483,False,False,False,2022-06-16T06:00:00,2022-06-16T03:00:00Z,summer_US_DST,6,3,6,CS	0	16:04:41.437	Trade	2022.06.16 06:00:00   buy stop 1.82 USDJPY.DWX at 134.678 sl: 133.945 (134.481 / 134.483),D:\QM\reports\work_items\2fc84747-27db-5e88-9568-3fdda6c30769\QM5_41398\20260909_135814\raw\run_01\20260909.log
72255,2022-06-16,sell,True,133.945,134.678,134.678,133.945,134.481,134.483,False,False,False,2022-06-16T06:00:00,2022-06-16T03:00:00Z,summer_US_DST,6,3,6,CS	0	16:04:41.438	Trade	2022.06.16 06:00:00   sell stop 1.83 USDJPY.DWX at 133.945 sl: 134.678 (134.481 / 134.483),D:\QM\reports\work_items\2fc84747-27db-5e88-9568-3fdda6c30769\QM5_41398\20260909_135814\raw\run_01\20260909.log
72272,2022-06-21,buy,True,135.214,134.923,135.214,134.923,135.040,135.040,False,False,False,2022-06-21T06:00:02,2022-06-21T03:00:02Z,summer_US_DST,6,3,6,CS	0	16:04:42.904	Trade	2022.06.21 06:00:02   buy stop 4.63 USDJPY.DWX at 135.214 sl: 134.923 (135.040 / 135.040),D:\QM\reports\work_items\2fc84747-27db-5e88-9568-3fdda6c30769\QM5_41398\20260909_135814\raw\run_01\20260909.log
72273,2022-06-21,sell,True,134.923,135.214,135.214,134.923,135.040,135.040,False,False,False,2022-06-21T06:00:02,2022-06-21T03:00:02Z,summer_US_DST,6,3,6,CS	0	16:04:42.904	Trade	2022.06.21 06:00:02   sell stop 4.64 USDJPY.DWX at 134.923 sl: 135.214 (135.040 / 135.040),D:\QM\reports\work_items\2fc84747-27db-5e88-9568-3fdda6c30769\QM5_41398\20260909_135814\raw\run_01\20260909.log
72291,2022-06-22,buy,True,136.508,136.073,136.508,136.073,136.105,136.109,False,False,False,2022-06-22T06:00:00,2022-06-22T03:00:00Z,summer_US_DST,6,3,6,CS	0	16:04:43.494	Trade	2022.06.22 06:00:00   buy stop 3.12 USDJPY.DWX at 136.508 sl: 136.073 (136.105 / 136.109),D:\QM\reports\work_items\2fc84747-27db-5e88-9568-3fdda6c30769\QM5_41398\20260909_135814\raw\run_01\20260909.log
72292,2022-06-22,sell,True,136.073,136.508,136.508,136.073,136.105,136.109,False,False,False,2022-06-22T06:00:00,2022-06-22T03:00:00Z,summer_US_DST,6,3,6,CS	0	16:04:43.494	Trade	2022.06.22 06:00:00   sell stop 3.13 USDJPY.DWX at 136.073 sl: 136.508 (136.105 / 136.109),D:\QM\reports\work_items\2fc84747-27db-5e88-9568-3fdda6c30769\QM5_41398\20260909_135814\raw\run_01\20260909.log
72302,2022-06-24,buy,True,135.226,134.654,135.226,134.654,134.821,134.823,False,False,False,2022-06-24T06:00:00,2022-06-24T03:00:00Z,summer_US_DST,6,3,6,CS	0	16:04:44.530	Trade	2022.06.24 06:00:00   buy stop 2.35 USDJPY.DWX at 135.226 sl: 134.654 (134.821 / 134.823),D:\QM\reports\work_items\2fc84747-27db-5e88-9568-3fdda6c30769\QM5_41398\20260909_135814\raw\run_01\20260909.log
72303,2022-06-24,sell,True,134.654,135.226,135.226,134.654,134.821,134.823,False,False,False,2022-06-24T06:00:00,2022-06-24T03:00:00Z,summer_US_DST,6,3,6,CS	0	16:04:44.531	Trade	2022.06.24 06:00:00   sell stop 2.36 USDJPY.DWX at 134.654 sl: 135.226 (134.821 / 134.823),D:\QM\reports\work_items\2fc84747-27db-5e88-9568-3fdda6c30769\QM5_41398\20260909_135814\raw\run_01\20260909.log
72313,2022-06-27,buy,True,135.104,134.523,135.104,134.523,134.913,134.915,False,False,False,2022-06-27T06:00:00,2022-06-27T03:00:00Z,summer_US_DST,6,3,6,CS	0	16:04:45.085	Trade	2022.06.27 06:00:00   buy stop 2.31 USDJPY.DWX at 135.104 sl: 134.523 (134.913 / 134.915),D:\QM\reports\work_items\2fc84747-27db-5e88-9568-3fdda6c30769\QM5_41398\20260909_135814\raw\run_01\20260909.log
72314,2022-06-27,sell,True,134.523,135.104,135.104,134.523,134.913,134.915,False,False,False,2022-06-27T06:00:00,2022-06-27T03:00:00Z,summer_US_DST,6,3,6,CS	0	16:04:45.085	Trade	2022.06.27 06:00:00   sell stop 2.32 USDJPY.DWX at 134.523 sl: 135.104 (134.913 / 134.915),D:\QM\reports\work_items\2fc84747-27db-5e88-9568-3fdda6c30769\QM5_41398\20260909_135814\raw\run_01\20260909.log
72324,2022-06-29,buy,True,136.198,135.893,136.198,135.893,136.104,136.105,False,False,False,2022-06-29T06:00:00,2022-06-29T03:00:00Z,summer_US_DST,6,3,6,CS	0	16:04:46.062	Trade	2022.06.29 06:00:00   buy stop 4.45 USDJPY.DWX at 136.198 sl: 135.893 (136.104 / 136.105),D:\QM\reports\work_items\2fc84747-27db-5e88-9568-3fdda6c30769\QM5_41398\20260909_135814\raw\run_01\20260909.log
72325,2022-06-29,sell,True,135.893,136.198,136.198,135.893,136.104,136.105,False,False,False,2022-06-29T06:00:00,2022-06-29T03:00:00Z,summer_US_DST,6,3,6,CS	0	16:04:46.062	Trade	2022.06.29 06:00:00   sell stop 4.46 USDJPY.DWX at 135.893 sl: 136.198 (136.104 / 136.105),D:\QM\reports\work_items\2fc84747-27db-5e88-9568-3fdda6c30769\QM5_41398\20260909_135814\raw\run_01\20260909.log
72335,2022-06-30,buy,True,136.810,136.476,136.810,136.476,136.594,136.599,False,False,False,2022-06-30T06:00:00,2022-06-30T03:00:00Z,summer_US_DST,6,3,6,CS	0	16:04:46.603	Trade	2022.06.30 06:00:00   buy stop 4.08 USDJPY.DWX at 136.810 sl: 136.476 (136.594 / 136.599),D:\QM\reports\work_items\2fc84747-27db-5e88-9568-3fdda6c30769\QM5_41398\20260909_135814\raw\run_01\20260909.log
72336,2022-06-30,sell,True,136.476,136.810,136.810,136.476,136.594,136.599,False,False,False,2022-06-30T06:00:00,2022-06-30T03:00:00Z,summer_US_DST,6,3,6,CS	0	16:04:46.603	Trade	2022.06.30 06:00:00   sell stop 4.09 USDJPY.DWX at 136.476 sl: 136.810 (136.594 / 136.599),D:\QM\reports\work_items\2fc84747-27db-5e88-9568-3fdda6c30769\QM5_41398\20260909_135814\raw\run_01\20260909.log
72350,2022-07-04,buy,True,135.135,134.781,135.135,134.781,135.013,135.018,False,False,False,2022-07-04T06:00:00,2022-07-04T03:00:00Z,summer_US_DST,6,3,6,CS	0	16:04:47.926	Trade	2022.07.04 06:00:00   buy stop 3.8 USDJPY.DWX at 135.135 sl: 134.781 (135.013 / 135.018),D:\QM\reports\work_items\2fc84747-27db-5e88-9568-3fdda6c30769\QM5_41398\20260909_135814\raw\run_01\20260909.log
72351,2022-07-04,sell,True,134.781,135.135,135.135,134.781,135.013,135.018,False,False,False,2022-07-04T06:00:00,2022-07-04T03:00:00Z,summer_US_DST,6,3,6,CS	0	16:04:47.927	Trade	2022.07.04 06:00:00   sell stop 3.81 USDJPY.DWX at 134.781 sl: 135.135 (135.013 / 135.018),D:\QM\reports\work_items\2fc84747-27db-5e88-9568-3fdda6c30769\QM5_41398\20260909_135814\raw\run_01\20260909.log
72364,2022-07-06,buy,True,135.768,135.135,135.768,135.135,135.173,135.178,False,False,False,2022-07-06T06:00:00,2022-07-06T03:00:00Z,summer_US_DST,6,3,6,CS	0	16:04:49.085	Trade	2022.07.06 06:00:00   buy stop 2.13 USDJPY.DWX at 135.768 sl: 135.135 (135.173 / 135.178),D:\QM\reports\work_items\2fc84747-27db-5e88-9568-3fdda6c30769\QM5_41398\20260909_135814\raw\run_01\20260909.log
72365,2022-07-06,sell,True,135.135,135.768,135.768,135.135,135.173,135.178,False,False,False,2022-07-06T06:00:00,2022-07-06T03:00:00Z,summer_US_DST,6,3,6,CS	0	16:04:49.086	Trade	2022.07.06 06:00:00   sell stop 2.14 USDJPY.DWX at 135.135 sl: 135.768 (135.173 / 135.178),D:\QM\reports\work_items\2fc84747-27db-5e88-9568-3fdda6c30769\QM5_41398\20260909_135814\raw\run_01\20260909.log
72375,2022-07-07,buy,True,136.066,135.550,136.066,135.550,135.760,135.763,False,False,False,2022-07-07T06:00:00,2022-07-07T03:00:00Z,summer_US_DST,6,3,6,CS	0	16:04:49.906	Trade	2022.07.07 06:00:00   buy stop 2.62 USDJPY.DWX at 136.066 sl: 135.550 (135.760 / 135.763),D:\QM\reports\work_items\2fc84747-27db-5e88-9568-3fdda6c30769\QM5_41398\20260909_135814\raw\run_01\20260909.log
72376,2022-07-07,sell,True,135.550,136.066,136.066,135.550,135.760,135.763,False,False,False,2022-07-07T06:00:00,2022-07-07T03:00:00Z,summer_US_DST,6,3,6,CS	0	16:04:49.906	Trade	2022.07.07 06:00:00   sell stop 2.63 USDJPY.DWX at 135.550 sl: 136.066 (135.760 / 135.763),D:\QM\reports\work_items\2fc84747-27db-5e88-9568-3fdda6c30769\QM5_41398\20260909_135814\raw\run_01\20260909.log
72386,2022-07-12,buy,True,137.449,137.030,137.449,137.030,137.136,137.138,False,False,False,2022-07-12T06:00:00,2022-07-12T03:00:00Z,summer_US_DST,6,3,6,CS	0	16:04:51.663	Trade	2022.07.12 06:00:00   buy stop 3.27 USDJPY.DWX at 137.449 sl: 137.030 (137.136 / 137.138),D:\QM\reports\work_items\2fc84747-27db-5e88-9568-3fdda6c30769\QM5_41398\20260909_135814\raw\run_01\20260909.log
72387,2022-07-12,sell,True,137.030,137.449,137.449,137.030,137.136,137.138,False,False,False,2022-07-12T06:00:00,2022-07-12T03:00:00Z,summer_US_DST,6,3,6,CS	0	16:04:51.664	Trade	2022.07.12 06:00:00   sell stop 3.28 USDJPY.DWX at 137.030 sl: 137.449 (137.136 / 137.138),D:\QM\reports\work_items\2fc84747-27db-5e88-9568-3fdda6c30769\QM5_41398\20260909_135814\raw\run_01\20260909.log
72397,2022-07-14,buy,True,138.124,137.588,138.124,137.588,138.016,138.021,False,False,False,2022-07-14T06:00:00,2022-07-14T03:00:00Z,summer_US_DST,6,3,6,CS	0	16:04:52.926	Trade	2022.07.14 06:00:00   buy stop 2.56 USDJPY.DWX at 138.124 sl: 137.588 (138.016 / 138.021),D:\QM\reports\work_items\2fc84747-27db-5e88-9568-3fdda6c30769\QM5_41398\20260909_135814\raw\run_01\20260909.log
72398,2022-07-14,sell,True,137.588,138.124,138.124,137.588,138.016,138.021,False,False,False,2022-07-14T06:00:00,2022-07-14T03:00:00Z,summer_US_DST,6,3,6,CS	0	16:04:52.926	Trade	2022.07.14 06:00:00   sell stop 2.57 USDJPY.DWX at 137.588 sl: 138.124 (138.016 / 138.021),D:\QM\reports\work_items\2fc84747-27db-5e88-9568-3fdda6c30769\QM5_41398\20260909_135814\raw\run_01\20260909.log
72412,2022-07-15,buy,True,139.076,138.765,139.076,138.765,138.905,138.908,False,False,False,2022-07-15T06:00:01,2022-07-15T03:00:01Z,summer_US_DST,6,3,6,CS	0	16:04:53.668	Trade	2022.07.15 06:00:01   buy stop 4.46 USDJPY.DWX at 139.076 sl: 138.765 (138.905 / 138.908),D:\QM\reports\work_items\2fc84747-27db-5e88-9568-3fdda6c30769\QM5_41398\20260909_135814\raw\run_01\20260909.log
72413,2022-07-15,sell,True,138.765,139.076,139.076,138.765,138.905,138.908,False,False,False,2022-07-15T06:00:01,2022-07-15T03:00:01Z,summer_US_DST,6,3,6,CS	0	16:04:53.668	Trade	2022.07.15 06:00:01   sell stop 4.47 USDJPY.DWX at 138.765 sl: 139.076 (138.905 / 138.908),D:\QM\reports\work_items\2fc84747-27db-5e88-9568-3fdda6c30769\QM5_41398\20260909_135814\raw\run_01\20260909.log
72423,2022-07-18,buy,True,138.332,138.027,138.332,138.027,138.188,138.191,False,False,False,2022-07-18T06:00:00,2022-07-18T03:00:00Z,summer_US_DST,6,3,6,CS	0	16:04:54.108	Trade	2022.07.18 06:00:00   buy stop 4.52 USDJPY.DWX at 138.332 sl: 138.027 (138.188 / 138.191),D:\QM\reports\work_items\2fc84747-27db-5e88-9568-3fdda6c30769\QM5_41398\20260909_135814\raw\run_01\20260909.log
72424,2022-07-18,sell,True,138.027,138.332,138.332,138.027,138.188,138.191,False,False,False,2022-07-18T06:00:00,2022-07-18T03:00:00Z,summer_US_DST,6,3,6,CS	0	16:04:54.109	Trade	2022.07.18 06:00:00   sell stop 4.53 USDJPY.DWX at 138.027 sl: 138.332 (138.188 / 138.191),D:\QM\reports\work_items\2fc84747-27db-5e88-9568-3fdda6c30769\QM5_41398\20260909_135814\raw\run_01\20260909.log
72434,2022-07-19,buy,True,138.391,138.151,138.391,138.151,138.194,138.199,False,False,False,2022-07-19T06:00:01,2022-07-19T03:00:01Z,summer_US_DST,6,3,6,CS	0	16:04:54.674	Trade	2022.07.19 06:00:01   buy stop 5.75 USDJPY.DWX at 138.391 sl: 138.151 (138.194 / 138.199),D:\QM\reports\work_items\2fc84747-27db-5e88-9568-3fdda6c30769\QM5_41398\20260909_135814\raw\run_01\20260909.log
72435,2022-07-19,sell,True,138.151,138.391,138.391,138.151,138.194,138.199,False,False,False,2022-07-19T06:00:01,2022-07-19T03:00:01Z,summer_US_DST,6,3,6,CS	0	16:04:54.674	Trade	2022.07.19 06:00:01   sell stop 5.76 USDJPY.DWX at 138.151 sl: 138.391 (138.194 / 138.199),D:\QM\reports\work_items\2fc84747-27db-5e88-9568-3fdda6c30769\QM5_41398\20260909_135814\raw\run_01\20260909.log
72451,2022-07-22,buy,True,137.594,137.033,137.594,137.033,137.551,137.554,False,False,False,2022-07-22T06:00:01,2022-07-22T03:00:01Z,summer_US_DST,6,3,6,CS	0	16:04:56.304	Trade	2022.07.22 06:00:01   buy stop 2.44 USDJPY.DWX at 137.594 sl: 137.033 (137.551 / 137.554),D:\QM\reports\work_items\2fc84747-27db-5e88-9568-3fdda6c30769\QM5_41398\20260909_135814\raw\run_01\20260909.log
72452,2022-07-22,sell,True,137.033,137.594,137.594,137.033,137.551,137.554,False,False,False,2022-07-22T06:00:01,2022-07-22T03:00:01Z,summer_US_DST,6,3,6,CS	0	16:04:56.304	Trade	2022.07.22 06:00:01   sell stop 2.45 USDJPY.DWX at 137.033 sl: 137.594 (137.551 / 137.554),D:\QM\reports\work_items\2fc84747-27db-5e88-9568-3fdda6c30769\QM5_41398\20260909_135814\raw\run_01\20260909.log
72462,2022-07-25,buy,True,136.615,135.887,136.615,135.887,136.160,136.164,False,False,False,2022-07-25T06:00:00,2022-07-25T03:00:00Z,summer_US_DST,6,3,6,CS	0	16:04:56.914	Trade	2022.07.25 06:00:00   buy stop 1.86 USDJPY.DWX at 136.615 sl: 135.887 (136.160 / 136.164),D:\QM\reports\work_items\2fc84747-27db-5e88-9568-3fdda6c30769\QM5_41398\20260909_135814\raw\run_01\20260909.log
72463,2022-07-25,sell,True,135.887,136.615,136.615,135.887,136.160,136.164,False,False,False,2022-07-25T06:00:00,2022-07-25T03:00:00Z,summer_US_DST,6,3,6,CS	0	16:04:56.915	Trade	2022.07.25 06:00:00   sell stop 1.87 USDJPY.DWX at 135.887 sl: 136.615 (136.160 / 136.164),D:\QM\reports\work_items\2fc84747-27db-5e88-9568-3fdda6c30769\QM5_41398\20260909_135814\raw\run_01\20260909.log
72473,2022-07-26,buy,True,136.535,136.271,136.535,136.271,136.465,136.470,False,False,False,2022-07-26T06:00:00,2022-07-26T03:00:00Z,summer_US_DST,6,3,6,CS	0	16:04:57.382	Trade	2022.07.26 06:00:00   buy stop 5.16 USDJPY.DWX at 136.535 sl: 136.271 (136.465 / 136.470),D:\QM\reports\work_items\2fc84747-27db-5e88-9568-3fdda6c30769\QM5_41398\20260909_135814\raw\run_01\20260909.log
72474,2022-07-26,sell,True,136.271,136.535,136.535,136.271,136.465,136.470,False,False,False,2022-07-26T06:00:00,2022-07-26T03:00:00Z,summer_US_DST,6,3,6,CS	0	16:04:57.383	Trade	2022.07.26 06:00:00   sell stop 5.17 USDJPY.DWX at 136.271 sl: 136.535 (136.465 / 136.470),D:\QM\reports\work_items\2fc84747-27db-5e88-9568-3fdda6c30769\QM5_41398\20260909_135814\raw\run_01\20260909.log
72487,2022-07-27,buy,True,137.142,136.801,137.142,136.801,137.001,137.005,False,False,False,2022-07-27T06:00:00,2022-07-27T03:00:00Z,summer_US_DST,6,3,6,CS	0	16:04:57.841	Trade	2022.07.27 06:00:00   buy stop 4.01 USDJPY.DWX at 137.142 sl: 136.801 (137.001 / 137.005),D:\QM\reports\work_items\2fc84747-27db-5e88-9568-3fdda6c30769\QM5_41398\20260909_135814\raw\run_01\20260909.log
72488,2022-07-27,sell,True,136.801,137.142,137.142,136.801,137.001,137.005,False,False,False,2022-07-27T06:00:00,2022-07-27T03:00:00Z,summer_US_DST,6,3,6,CS	0	16:04:57.841	Trade	2022.07.27 06:00:00   sell stop 4.02 USDJPY.DWX at 136.801 sl: 137.142 (137.001 / 137.005),D:\QM\reports\work_items\2fc84747-27db-5e88-9568-3fdda6c30769\QM5_41398\20260909_135814\raw\run_01\20260909.log
72498,2022-07-29,buy,True,134.675,134.239,134.675,134.239,134.289,134.295,False,False,False,2022-07-29T06:00:00,2022-07-29T03:00:00Z,summer_US_DST,6,3,6,CS	0	16:04:58.785	Trade	2022.07.29 06:00:00   buy stop 3.07 USDJPY.DWX at 134.675 sl: 134.239 (134.289 / 134.295),D:\QM\reports\work_items\2fc84747-27db-5e88-9568-3fdda6c30769\QM5_41398\20260909_135814\raw\run_01\20260909.log
72499,2022-07-29,sell,True,134.239,134.675,134.675,134.239,134.289,134.295,False,False,False,2022-07-29T06:00:00,2022-07-29T03:00:00Z,summer_US_DST,6,3,6,CS	0	16:04:58.786	Trade	2022.07.29 06:00:00   sell stop 3.08 USDJPY.DWX at 134.239 sl: 134.675 (134.289 / 134.295),D:\QM\reports\work_items\2fc84747-27db-5e88-9568-3fdda6c30769\QM5_41398\20260909_135814\raw\run_01\20260909.log
72516,2022-08-03,buy,True,133.899,133.029,133.899,133.029,133.137,133.145,False,False,False,2022-08-03T06:00:00,2022-08-03T03:00:00Z,summer_US_DST,6,3,6,CS	0	16:05:00.673	Trade	2022.08.03 06:00:00   buy stop 1.52 USDJPY.DWX at 133.899 sl: 133.029 (133.137 / 133.145),D:\QM\reports\work_items\2fc84747-27db-5e88-9568-3fdda6c30769\QM5_41398\20260909_135814\raw\run_01\20260909.log
72517,2022-08-03,sell,True,133.029,133.899,133.899,133.029,133.137,133.145,False,False,False,2022-08-03T06:00:00,2022-08-03T03:00:00Z,summer_US_DST,6,3,6,CS	0	16:05:00.673	Trade	2022.08.03 06:00:00   sell stop 1.53 USDJPY.DWX at 133.029 sl: 133.899 (133.137 / 133.145),D:\QM\reports\work_items\2fc84747-27db-5e88-9568-3fdda6c30769\QM5_41398\20260909_135814\raw\run_01\20260909.log
72527,2022-08-04,buy,True,133.961,133.421,133.961,133.421,133.811,133.818,False,False,False,2022-08-04T06:00:00,2022-08-04T03:00:00Z,summer_US_DST,6,3,6,CS	0	16:05:01.483	Trade	2022.08.04 06:00:00   buy stop 2.47 USDJPY.DWX at 133.961 sl: 133.421 (133.811 / 133.818),D:\QM\reports\work_items\2fc84747-27db-5e88-9568-3fdda6c30769\QM5_41398\20260909_135814\raw\run_01\20260909.log
72528,2022-08-04,sell,True,133.421,133.961,133.961,133.421,133.811,133.818,False,False,False,2022-08-04T06:00:00,2022-08-04T03:00:00Z,summer_US_DST,6,3,6,CS	0	16:05:01.484	Trade	2022.08.04 06:00:00   sell stop 2.48 USDJPY.DWX at 133.421 sl: 133.961 (133.811 / 133.818),D:\QM\reports\work_items\2fc84747-27db-5e88-9568-3fdda6c30769\QM5_41398\20260909_135814\raw\run_01\20260909.log
72538,2022-08-08,buy,True,135.580,135.031,135.580,135.031,135.237,135.237,False,False,False,2022-08-08T06:00:00,2022-08-08T03:00:00Z,summer_US_DST,6,3,6,CS	0	16:05:02.755	Trade	2022.08.08 06:00:00   buy stop 2.45 USDJPY.DWX at 135.580 sl: 135.031 (135.237 / 135.237),D:\QM\reports\work_items\2fc84747-27db-5e88-9568-3fdda6c30769\QM5_41398\20260909_135814\raw\run_01\20260909.log
72539,2022-08-08,sell,True,135.031,135.580,135.580,135.031,135.237,135.237,False,False,False,2022-08-08T06:00:00,2022-08-08T03:00:00Z,summer_US_DST,6,3,6,CS	0	16:05:02.756	Trade	2022.08.08 06:00:00   sell stop 2.46 USDJPY.DWX at 135.031 sl: 135.580 (135.237 / 135.237),D:\QM\reports\work_items\2fc84747-27db-5e88-9568-3fdda6c30769\QM5_41398\20260909_135814\raw\run_01\20260909.log
72551,2022-08-09,buy,True,135.034,134.666,135.034,134.666,134.864,134.869,False,False,False,2022-08-09T06:00:00,2022-08-09T03:00:00Z,summer_US_DST,6,3,6,CS	0	16:05:03.554	Trade	2022.08.09 06:00:00   buy stop 3.65 USDJPY.DWX at 135.034 sl: 134.666 (134.864 / 134.869),D:\QM\reports\work_items\2fc84747-27db-5e88-9568-3fdda6c30769\QM5_41398\20260909_135814\raw\run_01\20260909.log
72552,2022-08-09,sell,True,134.666,135.034,135.034,134.666,134.864,134.869,False,False,False,2022-08-09T06:00:00,2022-08-09T03:00:00Z,summer_US_DST,6,3,6,CS	0	16:05:03.554	Trade	2022.08.09 06:00:00   sell stop 3.66 USDJPY.DWX at 134.666 sl: 135.034 (134.864 / 134.869),D:\QM\reports\work_items\2fc84747-27db-5e88-9568-3fdda6c30769\QM5_41398\20260909_135814\raw\run_01\20260909.log
72562,2022-08-10,buy,True,135.301,134.976,135.301,134.976,134.996,135.001,False,False,False,2022-08-10T06:00:00,2022-08-10T03:00:00Z,summer_US_DST,6,3,6,CS	0	16:05:04.309	Trade	2022.08.10 06:00:00   buy stop 4.15 USDJPY.DWX at 135.301 sl: 134.976 (134.996 / 135.001),D:\QM\reports\work_items\2fc84747-27db-5e88-9568-3fdda6c30769\QM5_41398\20260909_135814\raw\run_01\20260909.log
72563,2022-08-10,sell,True,134.976,135.301,135.301,134.976,134.996,135.001,False,False,False,2022-08-10T06:00:00,2022-08-10T03:00:00Z,summer_US_DST,6,3,6,CS	0	16:05:04.310	Trade	2022.08.10 06:00:00   sell stop 4.16 USDJPY.DWX at 134.976 sl: 135.301 (134.996 / 135.001),D:\QM\reports\work_items\2fc84747-27db-5e88-9568-3fdda6c30769\QM5_41398\20260909_135814\raw\run_01\20260909.log
72575,2022-08-11,buy,True,133.312,132.604,133.312,132.604,133.248,133.253,False,False,False,2022-08-11T06:00:00,2022-08-11T03:00:00Z,summer_US_DST,6,3,6,CS	0	16:05:05.006	Trade	2022.08.11 06:00:00   buy stop 1.87 USDJPY.DWX at 133.312 sl: 132.604 (133.248 / 133.253),D:\QM\reports\work_items\2fc84747-27db-5e88-9568-3fdda6c30769\QM5_41398\20260909_135814\raw\run_01\20260909.log
72576,2022-08-11,sell,True,132.604,133.312,133.312,132.604,133.248,133.253,False,False,False,2022-08-11T06:00:00,2022-08-11T03:00:00Z,summer_US_DST,6,3,6,CS	0	16:05:05.006	Trade	2022.08.11 06:00:00   sell stop 1.88 USDJPY.DWX at 132.604 sl: 133.312 (133.248 / 133.253),D:\QM\reports\work_items\2fc84747-27db-5e88-9568-3fdda6c30769\QM5_41398\20260909_135814\raw\run_01\20260909.log
72586,2022-08-12,buy,True,133.494,132.897,133.494,132.897,133.442,133.447,False,False,False,2022-08-12T06:00:00,2022-08-12T03:00:00Z,summer_US_DST,6,3,6,CS	0	16:05:05.767	Trade	2022.08.12 06:00:00   buy stop 2.22 USDJPY.DWX at 133.494 sl: 132.897 (133.442 / 133.447),D:\QM\reports\work_items\2fc84747-27db-5e88-9568-3fdda6c30769\QM5_41398\20260909_135814\raw\run_01\20260909.log
72587,2022-08-12,sell,True,132.897,133.494,133.494,132.897,133.442,133.447,False,False,False,2022-08-12T06:00:00,2022-08-12T03:00:00Z,summer_US_DST,6,3,6,CS	0	16:05:05.768	Trade	2022.08.12 06:00:00   sell stop 2.23 USDJPY.DWX at 132.897 sl: 133.494 (133.442 / 133.447),D:\QM\reports\work_items\2fc84747-27db-5e88-9568-3fdda6c30769\QM5_41398\20260909_135814\raw\run_01\20260909.log
72597,2022-08-15,buy,True,133.397,132.914,133.397,132.914,133.303,133.308,False,False,False,2022-08-15T06:00:00,2022-08-15T03:00:00Z,summer_US_DST,6,3,6,CS	0	16:05:06.455	Trade	2022.08.15 06:00:00   buy stop 2.75 USDJPY.DWX at 133.397 sl: 132.914 (133.303 / 133.308),D:\QM\reports\work_items\2fc84747-27db-5e88-9568-3fdda6c30769\QM5_41398\20260909_135814\raw\run_01\20260909.log
72598,2022-08-15,sell,True,132.914,133.397,133.397,132.914,133.303,133.308,False,False,False,2022-08-15T06:00:00,2022-08-15T03:00:00Z,summer_US_DST,6,3,6,CS	0	16:05:06.455	Trade	2022.08.15 06:00:00   sell stop 2.76 USDJPY.DWX at 132.914 sl: 133.397 (133.303 / 133.308),D:\QM\reports\work_items\2fc84747-27db-5e88-9568-3fdda6c30769\QM5_41398\20260909_135814\raw\run_01\20260909.log
72608,2022-08-18,buy,True,135.026,134.734,135.026,134.734,134.868,134.873,False,False,False,2022-08-18T06:00:00,2022-08-18T03:00:00Z,summer_US_DST,6,3,6,CS	0	16:05:08.250	Trade	2022.08.18 06:00:00   buy stop 4.61 USDJPY.DWX at 135.026 sl: 134.734 (134.868 / 134.873),D:\QM\reports\work_items\2fc84747-27db-5e88-9568-3fdda6c30769\QM5_41398\20260909_135814\raw\run_01\20260909.log
72609,2022-08-18,sell,True,134.734,135.026,135.026,134.734,134.868,134.873,False,False,False,2022-08-18T06:00:00,2022-08-18T03:00:00Z,summer_US_DST,6,3,6,CS	0	16:05:08.250	Trade	2022.08.18 06:00:00   sell stop 4.62 USDJPY.DWX at 134.734 sl: 135.026 (134.868 / 134.873),D:\QM\reports\work_items\2fc84747-27db-5e88-9568-3fdda6c30769\QM5_41398\20260909_135814\raw\run_01\20260909.log
72621,2022-08-22,buy,True,137.436,136.947,137.436,136.947,137.308,137.313,False,False,False,2022-08-22T06:00:00,2022-08-22T03:00:00Z,summer_US_DST,6,3,6,CS	0	16:05:09.496	Trade	2022.08.22 06:00:00   buy stop 2.8 USDJPY.DWX at 137.436 sl: 136.947 (137.308 / 137.313),D:\QM\reports\work_items\2fc84747-27db-5e88-9568-3fdda6c30769\QM5_41398\20260909_135814\raw\run_01\20260909.log
72622,2022-08-22,sell,True,136.947,137.436,137.436,136.947,137.308,137.313,False,False,False,2022-08-22T06:00:00,2022-08-22T03:00:00Z,summer_US_DST,6,3,6,CS	0	16:05:09.496	Trade	2022.08.22 06:00:00   sell stop 2.81 USDJPY.DWX at 136.947 sl: 137.436 (137.308 / 137.313),D:\QM\reports\work_items\2fc84747-27db-5e88-9568-3fdda6c30769\QM5_41398\20260909_135814\raw\run_01\20260909.log
72632,2022-08-24,buy,True,137.043,136.646,137.043,136.646,136.899,136.909,False,False,False,2022-08-24T06:00:00,2022-08-24T03:00:00Z,summer_US_DST,6,3,6,CS	0	16:05:10.800	Trade	2022.08.24 06:00:00   buy stop 3.44 USDJPY.DWX at 137.043 sl: 136.646 (136.899 / 136.909),D:\QM\reports\work_items\2fc84747-27db-5e88-9568-3fdda6c30769\QM5_41398\20260909_135814\raw\run_01\20260909.log
72633,2022-08-24,sell,True,136.646,137.043,137.043,136.646,136.899,136.909,False,False,False,2022-08-24T06:00:00,2022-08-24T03:00:00Z,summer_US_DST,6,3,6,CS	0	16:05:10.800	Trade	2022.08.24 06:00:00   sell stop 3.45 USDJPY.DWX at 136.646 sl: 137.043 (136.899 / 136.909),D:\QM\reports\work_items\2fc84747-27db-5e88-9568-3fdda6c30769\QM5_41398\20260909_135814\raw\run_01\20260909.log
72645,2022-08-26,buy,True,136.790,136.490,136.790,136.490,136.722,136.727,False,False,False,2022-08-26T06:00:00,2022-08-26T03:00:00Z,summer_US_DST,6,3,6,CS	0	16:05:11.776	Trade	2022.08.26 06:00:00   buy stop 4.54 USDJPY.DWX at 136.790 sl: 136.490 (136.722 / 136.727),D:\QM\reports\work_items\2fc84747-27db-5e88-9568-3fdda6c30769\QM5_41398\20260909_135814\raw\run_01\20260909.log
72646,2022-08-26,sell,True,136.490,136.790,136.790,136.490,136.722,136.727,False,False,False,2022-08-26T06:00:00,2022-08-26T03:00:00Z,summer_US_DST,6,3,6,CS	0	16:05:11.777	Trade	2022.08.26 06:00:00   sell stop 4.55 USDJPY.DWX at 136.490 sl: 136.790 (136.722 / 136.727),D:\QM\reports\work_items\2fc84747-27db-5e88-9568-3fdda6c30769\QM5_41398\20260909_135814\raw\run_01\20260909.log
72659,2022-08-29,buy,True,138.661,138.081,138.661,138.081,138.460,138.465,False,False,False,2022-08-29T06:00:00,2022-08-29T03:00:00Z,summer_US_DST,6,3,6,CS	0	16:05:12.208	Trade	2022.08.29 06:00:00   buy stop 2.38 USDJPY.DWX at 138.661 sl: 138.081 (138.460 / 138.465),D:\QM\reports\work_items\2fc84747-27db-5e88-9568-3fdda6c30769\QM5_41398\20260909_135814\raw\run_01\20260909.log
72660,2022-08-29,sell,True,138.081,138.661,138.661,138.081,138.460,138.465,False,False,False,2022-08-29T06:00:00,2022-08-29T03:00:00Z,summer_US_DST,6,3,6,CS	0	16:05:12.209	Trade	2022.08.29 06:00:00   sell stop 2.39 USDJPY.DWX at 138.081 sl: 138.661 (138.460 / 138.465),D:\QM\reports\work_items\2fc84747-27db-5e88-9568-3fdda6c30769\QM5_41398\20260909_135814\raw\run_01\20260909.log
72670,2022-08-30,buy,True,138.678,138.380,138.678,138.380,138.575,138.580,False,False,False,2022-08-30T06:00:01,2022-08-30T03:00:01Z,summer_US_DST,6,3,6,CS	0	16:05:12.849	Trade	2022.08.30 06:00:01   buy stop 4.64 USDJPY.DWX at 138.678 sl: 138.380 (138.575 / 138.580),D:\QM\reports\work_items\2fc84747-27db-5e88-9568-3fdda6c30769\QM5_41398\20260909_135814\raw\run_01\20260909.log
72671,2022-08-30,sell,True,138.380,138.678,138.678,138.380,138.575,138.580,False,False,False,2022-08-30T06:00:01,2022-08-30T03:00:01Z,summer_US_DST,6,3,6,CS	0	16:05:12.850	Trade	2022.08.30 06:00:01   sell stop 4.65 USDJPY.DWX at 138.380 sl: 138.678 (138.575 / 138.580),D:\QM\reports\work_items\2fc84747-27db-5e88-9568-3fdda6c30769\QM5_41398\20260909_135814\raw\run_01\20260909.log
72683,2022-08-31,buy,True,138.796,138.416,138.796,138.416,138.520,138.525,False,False,False,2022-08-31T06:00:00,2022-08-31T03:00:00Z,summer_US_DST,6,3,6,CS	0	16:05:13.440	Trade	2022.08.31 06:00:00   buy stop 3.64 USDJPY.DWX at 138.796 sl: 138.416 (138.520 / 138.525),D:\QM\reports\work_items\2fc84747-27db-5e88-9568-3fdda6c30769\QM5_41398\20260909_135814\raw\run_01\20260909.log
72684,2022-08-31,sell,True,138.416,138.796,138.796,138.416,138.520,138.525,False,False,False,2022-08-31T06:00:00,2022-08-31T03:00:00Z,summer_US_DST,6,3,6,CS	0	16:05:13.440	Trade	2022.08.31 06:00:00   sell stop 3.65 USDJPY.DWX at 138.416 sl: 138.796 (138.520 / 138.525),D:\QM\reports\work_items\2fc84747-27db-5e88-9568-3fdda6c30769\QM5_41398\20260909_135814\raw\run_01\20260909.log
72694,2022-09-01,buy,True,139.682,139.285,139.682,139.285,139.488,139.490,False,False,False,2022-09-01T06:00:00,2022-09-01T03:00:00Z,summer_US_DST,6,3,6,CS	0	16:05:14.049	Trade	2022.09.01 06:00:00   buy stop 3.5 USDJPY.DWX at 139.682 sl: 139.285 (139.488 / 139.490),D:\QM\reports\work_items\2fc84747-27db-5e88-9568-3fdda6c30769\QM5_41398\20260909_135814\raw\run_01\20260909.log
72695,2022-09-01,sell,True,139.285,139.682,139.682,139.285,139.488,139.490,False,False,False,2022-09-01T06:00:00,2022-09-01T03:00:00Z,summer_US_DST,6,3,6,CS	0	16:05:14.049	Trade	2022.09.01 06:00:00   sell stop 3.51 USDJPY.DWX at 139.285 sl: 139.682 (139.488 / 139.490),D:\QM\reports\work_items\2fc84747-27db-5e88-9568-3fdda6c30769\QM5_41398\20260909_135814\raw\run_01\20260909.log
72705,2022-09-02,buy,True,140.204,139.871,140.204,139.871,140.134,140.139,False,False,False,2022-09-02T06:00:00,2022-09-02T03:00:00Z,summer_US_DST,6,3,6,CS	0	16:05:14.596	Trade	2022.09.02 06:00:00   buy stop 4.2 USDJPY.DWX at 140.204 sl: 139.871 (140.134 / 140.139),D:\QM\reports\work_items\2fc84747-27db-5e88-9568-3fdda6c30769\QM5_41398\20260909_135814\raw\run_01\20260909.log
72706,2022-09-02,sell,True,139.871,140.204,140.204,139.871,140.134,140.139,False,False,False,2022-09-02T06:00:00,2022-09-02T03:00:00Z,summer_US_DST,6,3,6,CS	0	16:05:14.596	Trade	2022.09.02 06:00:00   sell stop 4.21 USDJPY.DWX at 139.871 sl: 140.204 (140.134 / 140.139),D:\QM\reports\work_items\2fc84747-27db-5e88-9568-3fdda6c30769\QM5_41398\20260909_135814\raw\run_01\20260909.log
72717,2022-09-05,buy,True,140.556,140.117,140.556,140.117,140.292,140.297,False,False,False,2022-09-05T06:00:00,2022-09-05T03:00:00Z,summer_US_DST,6,3,6,CS	0	16:05:15.223	Trade	2022.09.05 06:00:00   buy stop 3.19 USDJPY.DWX at 140.556 sl: 140.117 (140.292 / 140.297),D:\QM\reports\work_items\2fc84747-27db-5e88-9568-3fdda6c30769\QM5_41398\20260909_135814\raw\run_01\20260909.log
72718,2022-09-05,sell,True,140.117,140.556,140.556,140.117,140.292,140.297,False,False,False,2022-09-05T06:00:00,2022-09-05T03:00:00Z,summer_US_DST,6,3,6,CS	0	16:05:15.223	Trade	2022.09.05 06:00:00   sell stop 3.2 USDJPY.DWX at 140.117 sl: 140.556 (140.292 / 140.297),D:\QM\reports\work_items\2fc84747-27db-5e88-9568-3fdda6c30769\QM5_41398\20260909_135814\raw\run_01\20260909.log
72728,2022-09-08,buy,True,144.557,143.929,144.557,143.929,144.207,144.212,False,False,False,2022-09-08T06:00:00,2022-09-08T03:00:00Z,summer_US_DST,6,3,6,CS	0	16:05:17.075	Trade	2022.09.08 06:00:00   buy stop 2.29 USDJPY.DWX at 144.557 sl: 143.929 (144.207 / 144.212),D:\QM\reports\work_items\2fc84747-27db-5e88-9568-3fdda6c30769\QM5_41398\20260909_135814\raw\run_01\20260909.log
72729,2022-09-08,sell,True,143.929,144.557,144.557,143.929,144.207,144.212,False,False,False,2022-09-08T06:00:00,2022-09-08T03:00:00Z,summer_US_DST,6,3,6,CS	0	16:05:17.075	Trade	2022.09.08 06:00:00   sell stop 2.3 USDJPY.DWX at 143.929 sl: 144.557 (144.207 / 144.212),D:\QM\reports\work_items\2fc84747-27db-5e88-9568-3fdda6c30769\QM5_41398\20260909_135814\raw\run_01\20260909.log
72739,2022-09-09,buy,True,143.958,143.513,143.958,143.513,143.708,143.713,False,False,False,2022-09-09T06:00:00,2022-09-09T03:00:00Z,summer_US_DST,6,3,6,CS	0	16:05:17.884	Trade	2022.09.09 06:00:00   buy stop 3.22 USDJPY.DWX at 143.958 sl: 143.513 (143.708 / 143.713),D:\QM\reports\work_items\2fc84747-27db-5e88-9568-3fdda6c30769\QM5_41398\20260909_135814\raw\run_01\20260909.log
72740,2022-09-09,sell,True,143.513,143.958,143.958,143.513,143.708,143.713,False,False,False,2022-09-09T06:00:00,2022-09-09T03:00:00Z,summer_US_DST,6,3,6,CS	0	16:05:17.885	Trade	2022.09.09 06:00:00   sell stop 3.23 USDJPY.DWX at 143.513 sl: 143.958 (143.708 / 143.713),D:\QM\reports\work_items\2fc84747-27db-5e88-9568-3fdda6c30769\QM5_41398\20260909_135814\raw\run_01\20260909.log
72758,2022-09-12,buy,True,142.958,142.327,142.958,142.327,142.831,142.836,False,False,False,2022-09-12T06:00:00,2022-09-12T03:00:00Z,summer_US_DST,6,3,6,CS	0	16:05:18.751	Trade	2022.09.12 06:00:00   buy stop 2.25 USDJPY.DWX at 142.958 sl: 142.327 (142.831 / 142.836),D:\QM\reports\work_items\2fc84747-27db-5e88-9568-3fdda6c30769\QM5_41398\20260909_135814\raw\run_01\20260909.log
72759,2022-09-12,sell,True,142.327,142.958,142.958,142.327,142.831,142.836,False,False,False,2022-09-12T06:00:00,2022-09-12T03:00:00Z,summer_US_DST,6,3,6,CS	0	16:05:18.751	Trade	2022.09.12 06:00:00   sell stop 2.26 USDJPY.DWX at 142.327 sl: 142.958 (142.831 / 142.836),D:\QM\reports\work_items\2fc84747-27db-5e88-9568-3fdda6c30769\QM5_41398\20260909_135814\raw\run_01\20260909.log
72769,2022-09-13,buy,True,142.738,142.321,142.738,142.321,142.572,142.577,False,False,False,2022-09-13T06:00:00,2022-09-13T03:00:00Z,summer_US_DST,6,3,6,CS	0	16:05:19.470	Trade	2022.09.13 06:00:00   buy stop 3.41 USDJPY.DWX at 142.738 sl: 142.321 (142.572 / 142.577),D:\QM\reports\work_items\2fc84747-27db-5e88-9568-3fdda6c30769\QM5_41398\20260909_135814\raw\run_01\20260909.log
72770,2022-09-13,sell,True,142.321,142.738,142.738,142.321,142.572,142.577,False,False,False,2022-09-13T06:00:00,2022-09-13T03:00:00Z,summer_US_DST,6,3,6,CS	0	16:05:19.471	Trade	2022.09.13 06:00:00   sell stop 3.42 USDJPY.DWX at 142.321 sl: 142.738 (142.572 / 142.577),D:\QM\reports\work_items\2fc84747-27db-5e88-9568-3fdda6c30769\QM5_41398\20260909_135814\raw\run_01\20260909.log
72780,2022-09-14,buy,True,144.848,144.068,144.848,144.068,144.379,144.383,False,False,False,2022-09-14T06:00:00,2022-09-14T03:00:00Z,summer_US_DST,6,3,6,CS	0	16:05:20.207	Trade	2022.09.14 06:00:00   buy stop 1.84 USDJPY.DWX at 144.848 sl: 144.068 (144.379 / 144.383),D:\QM\reports\work_items\2fc84747-27db-5e88-9568-3fdda6c30769\QM5_41398\20260909_135814\raw\run_01\20260909.log
72781,2022-09-14,sell,True,144.068,144.848,144.848,144.068,144.379,144.383,False,False,False,2022-09-14T06:00:00,2022-09-14T03:00:00Z,summer_US_DST,6,3,6,CS	0	16:05:20.208	Trade	2022.09.14 06:00:00   sell stop 1.85 USDJPY.DWX at 144.068 sl: 144.848 (144.379 / 144.383),D:\QM\reports\work_items\2fc84747-27db-5e88-9568-3fdda6c30769\QM5_41398\20260909_135814\raw\run_01\20260909.log
72794,2022-09-15,buy,True,143.433,142.907,143.433,142.907,143.298,143.303,False,False,False,2022-09-15T06:00:01,2022-09-15T03:00:01Z,summer_US_DST,6,3,6,CS	0	16:05:20.991	Trade	2022.09.15 06:00:01   buy stop 2.71 USDJPY.DWX at 143.433 sl: 142.907 (143.298 / 143.303),D:\QM\reports\work_items\2fc84747-27db-5e88-9568-3fdda6c30769\QM5_41398\20260909_135814\raw\run_01\20260909.log
72795,2022-09-15,sell,True,142.907,143.433,143.433,142.907,143.298,143.303,False,False,False,2022-09-15T06:00:01,2022-09-15T03:00:01Z,summer_US_DST,6,3,6,CS	0	16:05:20.992	Trade	2022.09.15 06:00:01   sell stop 2.72 USDJPY.DWX at 142.907 sl: 143.433 (143.298 / 143.303),D:\QM\reports\work_items\2fc84747-27db-5e88-9568-3fdda6c30769\QM5_41398\20260909_135814\raw\run_01\20260909.log
72805,2022-09-20,buy,True,143.295,142.931,143.295,142.931,143.083,143.093,False,False,False,2022-09-20T06:00:00,2022-09-20T03:00:00Z,summer_US_DST,6,3,6,CS	0	16:05:22.313	Trade	2022.09.20 06:00:00   buy stop 3.92 USDJPY.DWX at 143.295 sl: 142.931 (143.083 / 143.093),D:\QM\reports\work_items\2fc84747-27db-5e88-9568-3fdda6c30769\QM5_41398\20260909_135814\raw\run_01\20260909.log
72806,2022-09-20,sell,True,142.931,143.295,143.295,142.931,143.083,143.093,False,False,False,2022-09-20T06:00:00,2022-09-20T03:00:00Z,summer_US_DST,6,3,6,CS	0	16:05:22.313	Trade	2022.09.20 06:00:00   sell stop 3.93 USDJPY.DWX at 142.931 sl: 143.295 (143.083 / 143.093),D:\QM\reports\work_items\2fc84747-27db-5e88-9568-3fdda6c30769\QM5_41398\20260909_135814\raw\run_01\20260909.log
72820,2022-09-21,buy,True,143.835,143.475,143.835,143.475,143.763,143.770,False,False,False,2022-09-21T06:00:00,2022-09-21T03:00:00Z,summer_US_DST,6,3,6,CS	0	16:05:22.806	Trade	2022.09.21 06:00:00   buy stop 3.98 USDJPY.DWX at 143.835 sl: 143.475 (143.763 / 143.770),D:\QM\reports\work_items\2fc84747-27db-5e88-9568-3fdda6c30769\QM5_41398\20260909_135814\raw\run_01\20260909.log
72821,2022-09-21,sell,True,143.475,143.835,143.835,143.475,143.763,143.770,False,False,False,2022-09-21T06:00:00,2022-09-21T03:00:00Z,summer_US_DST,6,3,6,CS	0	16:05:22.806	Trade	2022.09.21 06:00:00   sell stop 3.99 USDJPY.DWX at 143.475 sl: 143.835 (143.763 / 143.770),D:\QM\reports\work_items\2fc84747-27db-5e88-9568-3fdda6c30769\QM5_41398\20260909_135814\raw\run_01\20260909.log
72831,2022-09-23,buy,True,142.442,141.758,142.442,141.758,142.011,142.023,False,False,False,2022-09-23T06:00:00,2022-09-23T03:00:00Z,summer_US_DST,6,3,6,CS	0	16:05:23.895	Trade	2022.09.23 06:00:00   buy stop 2.07 USDJPY.DWX at 142.442 sl: 141.758 (142.011 / 142.023),D:\QM\reports\work_items\2fc84747-27db-5e88-9568-3fdda6c30769\QM5_41398\20260909_135814\raw\run_01\20260909.log
72832,2022-09-23,sell,True,141.758,142.442,142.442,141.758,142.011,142.023,False,False,False,2022-09-23T06:00:00,2022-09-23T03:00:00Z,summer_US_DST,6,3,6,CS	0	16:05:23.896	Trade	2022.09.23 06:00:00   sell stop 2.08 USDJPY.DWX at 141.758 sl: 142.442 (142.011 / 142.023),D:\QM\reports\work_items\2fc84747-27db-5e88-9568-3fdda6c30769\QM5_41398\20260909_135814\raw\run_01\20260909.log
72847,2022-09-26,buy,True,144.078,143.415,144.078,143.415,143.957,143.968,False,False,False,2022-09-26T06:00:00,2022-09-26T03:00:00Z,summer_US_DST,6,3,6,CS	0	16:05:24.519	Trade	2022.09.26 06:00:00   buy stop 2.16 USDJPY.DWX at 144.078 sl: 143.415 (143.957 / 143.968),D:\QM\reports\work_items\2fc84747-27db-5e88-9568-3fdda6c30769\QM5_41398\20260909_135814\raw\run_01\20260909.log
72848,2022-09-26,sell,True,143.415,144.078,144.078,143.415,143.957,143.968,False,False,False,2022-09-26T06:00:00,2022-09-26T03:00:00Z,summer_US_DST,6,3,6,CS	0	16:05:24.519	Trade	2022.09.26 06:00:00   sell stop 2.17 USDJPY.DWX at 143.415 sl: 144.078 (143.957 / 143.968),D:\QM\reports\work_items\2fc84747-27db-5e88-9568-3fdda6c30769\QM5_41398\20260909_135814\raw\run_01\20260909.log
72858,2022-09-27,buy,True,144.637,144.264,144.637,144.264,144.492,144.501,False,False,False,2022-09-27T06:00:00,2022-09-27T03:00:00Z,summer_US_DST,6,3,6,CS	0	16:05:25.143	Trade	2022.09.27 06:00:00   buy stop 3.86 USDJPY.DWX at 144.637 sl: 144.264 (144.492 / 144.501),D:\QM\reports\work_items\2fc84747-27db-5e88-9568-3fdda6c30769\QM5_41398\20260909_135814\raw\run_01\20260909.log
72859,2022-09-27,sell,True,144.264,144.637,144.637,144.264,144.492,144.501,False,False,False,2022-09-27T06:00:00,2022-09-27T03:00:00Z,summer_US_DST,6,3,6,CS	0	16:05:25.143	Trade	2022.09.27 06:00:00   sell stop 3.87 USDJPY.DWX at 144.264 sl: 144.637 (144.492 / 144.501),D:\QM\reports\work_items\2fc84747-27db-5e88-9568-3fdda6c30769\QM5_41398\20260909_135814\raw\run_01\20260909.log
72869,2022-09-28,buy,True,144.846,144.386,144.846,144.386,144.628,144.638,False,False,False,2022-09-28T06:00:00,2022-09-28T03:00:00Z,summer_US_DST,6,3,6,CS	0	16:05:25.616	Trade	2022.09.28 06:00:00   buy stop 3.13 USDJPY.DWX at 144.846 sl: 144.386 (144.628 / 144.638),D:\QM\reports\work_items\2fc84747-27db-5e88-9568-3fdda6c30769\QM5_41398\20260909_135814\raw\run_01\20260909.log
72870,2022-09-28,sell,True,144.386,144.846,144.846,144.386,144.628,144.638,False,False,False,2022-09-28T06:00:00,2022-09-28T03:00:00Z,summer_US_DST,6,3,6,CS	0	16:05:25.616	Trade	2022.09.28 06:00:00   sell stop 3.14 USDJPY.DWX at 144.386 sl: 144.846 (144.628 / 144.638),D:\QM\reports\work_items\2fc84747-27db-5e88-9568-3fdda6c30769\QM5_41398\20260909_135814\raw\run_01\20260909.log
72880,2022-09-29,buy,True,144.454,144.202,144.454,144.202,144.329,144.339,False,False,False,2022-09-29T06:00:01,2022-09-29T03:00:01Z,summer_US_DST,6,3,6,CS	0	16:05:26.026	Trade	2022.09.29 06:00:01   buy stop 5.72 USDJPY.DWX at 144.454 sl: 144.202 (144.329 / 144.339),D:\QM\reports\work_items\2fc84747-27db-5e88-9568-3fdda6c30769\QM5_41398\20260909_135814\raw\run_01\20260909.log
72881,2022-09-29,sell,True,144.202,144.454,144.454,144.202,144.329,144.339,False,False,False,2022-09-29T06:00:01,2022-09-29T03:00:01Z,summer_US_DST,6,3,6,CS	0	16:05:26.026	Trade	2022.09.29 06:00:01   sell stop 5.73 USDJPY.DWX at 144.202 sl: 144.454 (144.329 / 144.339),D:\QM\reports\work_items\2fc84747-27db-5e88-9568-3fdda6c30769\QM5_41398\20260909_135814\raw\run_01\20260909.log
72896,2022-09-30,buy,True,144.769,144.391,144.769,144.391,144.676,144.687,False,False,False,2022-09-30T06:00:00,2022-09-30T03:00:00Z,summer_US_DST,6,3,6,CS	0	16:05:26.454	Trade	2022.09.30 06:00:00   buy stop 3.81 USDJPY.DWX at 144.769 sl: 144.391 (144.676 / 144.687),D:\QM\reports\work_items\2fc84747-27db-5e88-9568-3fdda6c30769\QM5_41398\20260909_135814\raw\run_01\20260909.log
72897,2022-09-30,sell,True,144.391,144.769,144.769,144.391,144.676,144.687,False,False,False,2022-09-30T06:00:00,2022-09-30T03:00:00Z,summer_US_DST,6,3,6,CS	0	16:05:26.454	Trade	2022.09.30 06:00:00   sell stop 3.82 USDJPY.DWX at 144.391 sl: 144.769 (144.676 / 144.687),D:\QM\reports\work_items\2fc84747-27db-5e88-9568-3fdda6c30769\QM5_41398\20260909_135814\raw\run_01\20260909.log
72907,2022-10-03,buy,True,144.859,144.495,144.859,144.495,144.800,144.810,False,False,False,2022-10-03T06:00:00,2022-10-03T03:00:00Z,summer_US_DST,6,3,6,CS	0	16:05:26.820	Trade	2022.10.03 06:00:00   buy stop 3.96 USDJPY.DWX at 144.859 sl: 144.495 (144.800 / 144.810),D:\QM\reports\work_items\2fc84747-27db-5e88-9568-3fdda6c30769\QM5_41398\20260909_135814\raw\run_01\20260909.log
72908,2022-10-03,sell,True,144.495,144.859,144.859,144.495,144.800,144.810,False,False,False,2022-10-03T06:00:00,2022-10-03T03:00:00Z,summer_US_DST,6,3,6,CS	0	16:05:26.820	Trade	2022.10.03 06:00:00   sell stop 3.97 USDJPY.DWX at 144.495 sl: 144.859 (144.800 / 144.810),D:\QM\reports\work_items\2fc84747-27db-5e88-9568-3fdda6c30769\QM5_41398\20260909_135814\raw\run_01\20260909.log
72919,2022-10-04,buy,True,144.912,144.411,144.912,144.411,144.857,144.867,False,False,False,2022-10-04T06:00:00,2022-10-04T03:00:00Z,summer_US_DST,6,3,6,CS	0	16:05:27.175	Trade	2022.10.04 06:00:00   buy stop 2.88 USDJPY.DWX at 144.912 sl: 144.411 (144.857 / 144.867),D:\QM\reports\work_items\2fc84747-27db-5e88-9568-3fdda6c30769\QM5_41398\20260909_135814\raw\run_01\20260909.log
72920,2022-10-04,sell,True,144.411,144.912,144.912,144.411,144.857,144.867,False,False,False,2022-10-04T06:00:00,2022-10-04T03:00:00Z,summer_US_DST,6,3,6,CS	0	16:05:27.175	Trade	2022.10.04 06:00:00   sell stop 2.89 USDJPY.DWX at 144.411 sl: 144.912 (144.857 / 144.867),D:\QM\reports\work_items\2fc84747-27db-5e88-9568-3fdda6c30769\QM5_41398\20260909_135814\raw\run_01\20260909.log
72930,2022-10-06,buy,True,144.698,144.382,144.698,144.382,144.601,144.609,False,False,False,2022-10-06T06:00:00,2022-10-06T03:00:00Z,summer_US_DST,6,3,6,CS	0	16:05:27.863	Trade	2022.10.06 06:00:00   buy stop 4.56 USDJPY.DWX at 144.698 sl: 144.382 (144.601 / 144.609),D:\QM\reports\work_items\2fc84747-27db-5e88-9568-3fdda6c30769\QM5_41398\20260909_135814\raw\run_01\20260909.log
72931,2022-10-06,sell,True,144.382,144.698,144.698,144.382,144.601,144.609,False,False,False,2022-10-06T06:00:00,2022-10-06T03:00:00Z,summer_US_DST,6,3,6,CS	0	16:05:27.863	Trade	2022.10.06 06:00:00   sell stop 4.57 USDJPY.DWX at 144.382 sl: 144.698 (144.601 / 144.609),D:\QM\reports\work_items\2fc84747-27db-5e88-9568-3fdda6c30769\QM5_41398\20260909_135814\raw\run_01\20260909.log
72941,2022-10-07,buy,True,145.103,144.845,145.103,144.845,144.937,144.946,False,False,False,2022-10-07T06:00:00,2022-10-07T03:00:00Z,summer_US_DST,6,3,6,CS	0	16:05:28.227	Trade	2022.10.07 06:00:00   buy stop 5.61 USDJPY.DWX at 145.103 sl: 144.845 (144.937 / 144.946),D:\QM\reports\work_items\2fc84747-27db-5e88-9568-3fdda6c30769\QM5_41398\20260909_135814\raw\run_01\20260909.log
72942,2022-10-07,sell,True,144.845,145.103,145.103,144.845,144.937,144.946,False,False,False,2022-10-07T06:00:00,2022-10-07T03:00:00Z,summer_US_DST,6,3,6,CS	0	16:05:28.228	Trade	2022.10.07 06:00:00   sell stop 5.62 USDJPY.DWX at 144.845 sl: 145.103 (144.937 / 144.946),D:\QM\reports\work_items\2fc84747-27db-5e88-9568-3fdda6c30769\QM5_41398\20260909_135814\raw\run_01\20260909.log
72952,2022-10-10,buy,True,145.665,145.335,145.665,145.335,145.416,145.428,False,False,False,2022-10-10T06:00:00,2022-10-10T03:00:00Z,summer_US_DST,6,3,6,CS	0	16:05:28.549	Trade	2022.10.10 06:00:00   buy stop 4.4 USDJPY.DWX at 145.665 sl: 145.335 (145.416 / 145.428),D:\QM\reports\work_items\2fc84747-27db-5e88-9568-3fdda6c30769\QM5_41398\20260909_135814\raw\run_01\20260909.log
72953,2022-10-10,sell,True,145.335,145.665,145.665,145.335,145.416,145.428,False,False,False,2022-10-10T06:00:00,2022-10-10T03:00:00Z,summer_US_DST,6,3,6,CS	0	16:05:28.550	Trade	2022.10.10 06:00:00   sell stop 4.41 USDJPY.DWX at 145.335 sl: 145.665 (145.416 / 145.428),D:\QM\reports\work_items\2fc84747-27db-5e88-9568-3fdda6c30769\QM5_41398\20260909_135814\raw\run_01\20260909.log
72963,2022-10-11,buy,True,145.773,145.544,145.773,145.544,145.703,145.713,False,False,False,2022-10-11T06:00:00,2022-10-11T03:00:00Z,summer_US_DST,6,3,6,CS	0	16:05:28.860	Trade	2022.10.11 06:00:00   buy stop 6.35 USDJPY.DWX at 145.773 sl: 145.544 (145.703 / 145.713),D:\QM\reports\work_items\2fc84747-27db-5e88-9568-3fdda6c30769\QM5_41398\20260909_135814\raw\run_01\20260909.log
72964,2022-10-11,sell,True,145.544,145.773,145.773,145.544,145.703,145.713,False,False,False,2022-10-11T06:00:00,2022-10-11T03:00:00Z,summer_US_DST,6,3,6,CS	0	16:05:28.860	Trade	2022.10.11 06:00:00   sell stop 6.36 USDJPY.DWX at 145.544 sl: 145.773 (145.703 / 145.713),D:\QM\reports\work_items\2fc84747-27db-5e88-9568-3fdda6c30769\QM5_41398\20260909_135814\raw\run_01\20260909.log
72974,2022-10-13,buy,True,146.881,146.706,146.881,146.706,146.847,146.857,False,False,False,2022-10-13T06:00:00,2022-10-13T03:00:00Z,summer_US_DST,6,3,6,CS	0	16:05:29.498	Trade	2022.10.13 06:00:00   buy stop 8.38 USDJPY.DWX at 146.881 sl: 146.706 (146.847 / 146.857),D:\QM\reports\work_items\2fc84747-27db-5e88-9568-3fdda6c30769\QM5_41398\20260909_135814\raw\run_01\20260909.log
72975,2022-10-13,sell,True,146.706,146.881,146.881,146.706,146.847,146.857,False,False,False,2022-10-13T06:00:00,2022-10-13T03:00:00Z,summer_US_DST,6,3,6,CS	0	16:05:29.499	Trade	2022.10.13 06:00:00   sell stop 8.39 USDJPY.DWX at 146.706 sl: 146.881 (146.847 / 146.857),D:\QM\reports\work_items\2fc84747-27db-5e88-9568-3fdda6c30769\QM5_41398\20260909_135814\raw\run_01\20260909.log
72985,2022-10-14,buy,True,147.451,147.086,147.451,147.086,147.317,147.326,False,False,False,2022-10-14T06:00:00,2022-10-14T03:00:00Z,summer_US_DST,6,3,6,CS	0	16:05:29.866	Trade	2022.10.14 06:00:00   buy stop 4.02 USDJPY.DWX at 147.451 sl: 147.086 (147.317 / 147.326),D:\QM\reports\work_items\2fc84747-27db-5e88-9568-3fdda6c30769\QM5_41398\20260909_135814\raw\run_01\20260909.log
72986,2022-10-14,sell,True,147.086,147.451,147.451,147.086,147.317,147.326,False,False,False,2022-10-14T06:00:00,2022-10-14T03:00:00Z,summer_US_DST,6,3,6,CS	0	16:05:29.866	Trade	2022.10.14 06:00:00   sell stop 4.03 USDJPY.DWX at 147.086 sl: 147.451 (147.317 / 147.326),D:\QM\reports\work_items\2fc84747-27db-5e88-9568-3fdda6c30769\QM5_41398\20260909_135814\raw\run_01\20260909.log
73000,2022-10-17,buy,True,148.678,148.424,148.678,148.424,148.616,148.625,False,False,False,2022-10-17T06:00:02,2022-10-17T03:00:02Z,summer_US_DST,6,3,6,CS	0	16:05:30.281	Trade	2022.10.17 06:00:02   buy stop 5.84 USDJPY.DWX at 148.678 sl: 148.424 (148.616 / 148.625),D:\QM\reports\work_items\2fc84747-27db-5e88-9568-3fdda6c30769\QM5_41398\20260909_135814\raw\run_01\20260909.log
73001,2022-10-17,sell,True,148.424,148.678,148.678,148.424,148.616,148.625,False,False,False,2022-10-17T06:00:02,2022-10-17T03:00:02Z,summer_US_DST,6,3,6,CS	0	16:05:30.281	Trade	2022.10.17 06:00:02   sell stop 5.85 USDJPY.DWX at 148.424 sl: 148.678 (148.616 / 148.625),D:\QM\reports\work_items\2fc84747-27db-5e88-9568-3fdda6c30769\QM5_41398\20260909_135814\raw\run_01\20260909.log
73011,2022-10-18,buy,True,148.968,148.669,148.968,148.669,148.935,148.944,False,False,False,2022-10-18T06:00:07,2022-10-18T03:00:07Z,summer_US_DST,6,3,6,CS	0	16:05:30.624	Trade	2022.10.18 06:00:07   buy stop 4.97 USDJPY.DWX at 148.968 sl: 148.669 (148.935 / 148.944),D:\QM\reports\work_items\2fc84747-27db-5e88-9568-3fdda6c30769\QM5_41398\20260909_135814\raw\run_01\20260909.log
73012,2022-10-18,sell,True,148.669,148.968,148.968,148.669,148.935,148.944,False,False,False,2022-10-18T06:00:07,2022-10-18T03:00:07Z,summer_US_DST,6,3,6,CS	0	16:05:30.624	Trade	2022.10.18 06:00:07   sell stop 4.98 USDJPY.DWX at 148.669 sl: 148.968 (148.935 / 148.944),D:\QM\reports\work_items\2fc84747-27db-5e88-9568-3fdda6c30769\QM5_41398\20260909_135814\raw\run_01\20260909.log
73024,2022-10-19,buy,True,149.260,149.097,149.260,149.097,149.169,149.179,False,False,False,2022-10-19T06:00:00,2022-10-19T03:00:00Z,summer_US_DST,6,3,6,CS	0	16:05:30.958	Trade	2022.10.19 06:00:00   buy stop 9.14 USDJPY.DWX at 149.260 sl: 149.097 (149.169 / 149.179),D:\QM\reports\work_items\2fc84747-27db-5e88-9568-3fdda6c30769\QM5_41398\20260909_135814\raw\run_01\20260909.log
73025,2022-10-19,sell,True,149.097,149.260,149.260,149.097,149.169,149.179,False,False,False,2022-10-19T06:00:00,2022-10-19T03:00:00Z,summer_US_DST,6,3,6,CS	0	16:05:30.959	Trade	2022.10.19 06:00:00   sell stop 9.15 USDJPY.DWX at 149.097 sl: 149.260 (149.169 / 149.179),D:\QM\reports\work_items\2fc84747-27db-5e88-9568-3fdda6c30769\QM5_41398\20260909_135814\raw\run_01\20260909.log
73043,2022-10-20,buy,True,149.956,149.801,149.956,149.801,149.915,149.923,False,False,False,2022-10-20T06:00:00,2022-10-20T03:00:00Z,summer_US_DST,6,3,6,CS	0	16:05:31.282	Trade	2022.10.20 06:00:00   buy stop 9.66 USDJPY.DWX at 149.956 sl: 149.801 (149.915 / 149.923),D:\QM\reports\work_items\2fc84747-27db-5e88-9568-3fdda6c30769\QM5_41398\20260909_135814\raw\run_01\20260909.log
73044,2022-10-20,sell,True,149.801,149.956,149.956,149.801,149.915,149.923,False,False,False,2022-10-20T06:00:00,2022-10-20T03:00:00Z,summer_US_DST,6,3,6,CS	0	16:05:31.282	Trade	2022.10.20 06:00:00   sell stop 9.67 USDJPY.DWX at 149.801 sl: 149.956 (149.915 / 149.923),D:\QM\reports\work_items\2fc84747-27db-5e88-9568-3fdda6c30769\QM5_41398\20260909_135814\raw\run_01\20260909.log
73054,2022-10-21,buy,True,150.281,150.132,150.281,150.132,150.257,150.265,False,False,False,2022-10-21T06:00:00,2022-10-21T03:00:00Z,summer_US_DST,6,3,6,CS	0	16:05:31.504	Trade	2022.10.21 06:00:00   buy stop 10.07 USDJPY.DWX at 150.281 sl: 150.132 (150.257 / 150.265),D:\QM\reports\work_items\2fc84747-27db-5e88-9568-3fdda6c30769\QM5_41398\20260909_135814\raw\run_01\20260909.log
73055,2022-10-21,sell,True,150.132,150.281,150.281,150.132,150.257,150.265,False,False,False,2022-10-21T06:00:00,2022-10-21T03:00:00Z,summer_US_DST,6,3,6,CS	0	16:05:31.505	Trade	2022.10.21 06:00:00   sell stop 10.08 USDJPY.DWX at 150.132 sl: 150.281 (150.257 / 150.265),D:\QM\reports\work_items\2fc84747-27db-5e88-9568-3fdda6c30769\QM5_41398\20260909_135814\raw\run_01\20260909.log
73071,2022-10-24,buy,True,149.038,147.320,149.038,147.320,148.856,148.866,False,False,False,2022-10-24T06:00:00,2022-10-24T03:00:00Z,summer_US_DST,6,3,6,CS	0	16:05:32.179	Trade	2022.10.24 06:00:00   buy stop 0.85 USDJPY.DWX at 149.038 sl: 147.320 (148.856 / 148.866),D:\QM\reports\work_items\2fc84747-27db-5e88-9568-3fdda6c30769\QM5_41398\20260909_135814\raw\run_01\20260909.log
73072,2022-10-24,sell,True,147.320,149.038,149.038,147.320,148.856,148.866,False,False,False,2022-10-24T06:00:00,2022-10-24T03:00:00Z,summer_US_DST,6,3,6,CS	0	16:05:32.179	Trade	2022.10.24 06:00:00   sell stop 0.86 USDJPY.DWX at 147.320 sl: 149.038 (148.856 / 148.866),D:\QM\reports\work_items\2fc84747-27db-5e88-9568-3fdda6c30769\QM5_41398\20260909_135814\raw\run_01\20260909.log
73082,2022-10-25,buy,True,149.058,148.497,149.058,148.497,148.894,148.897,False,False,False,2022-10-25T06:00:00,2022-10-25T03:00:00Z,summer_US_DST,6,3,6,CS	0	16:05:32.799	Trade	2022.10.25 06:00:00   buy stop 2.64 USDJPY.DWX at 149.058 sl: 148.497 (148.894 / 148.897),D:\QM\reports\work_items\2fc84747-27db-5e88-9568-3fdda6c30769\QM5_41398\20260909_135814\raw\run_01\20260909.log
73083,2022-10-25,sell,True,148.497,149.058,149.058,148.497,148.894,148.897,False,False,False,2022-10-25T06:00:00,2022-10-25T03:00:00Z,summer_US_DST,6,3,6,CS	0	16:05:32.800	Trade	2022.10.25 06:00:00   sell stop 2.65 USDJPY.DWX at 148.497 sl: 149.058 (148.894 / 148.897),D:\QM\reports\work_items\2fc84747-27db-5e88-9568-3fdda6c30769\QM5_41398\20260909_135814\raw\run_01\20260909.log
73095,2022-10-26,buy,True,148.413,147.880,148.413,147.880,148.315,148.320,False,False,False,2022-10-26T06:00:00,2022-10-26T03:00:00Z,summer_US_DST,6,3,6,CS	0	16:05:33.349	Trade	2022.10.26 06:00:00   buy stop 2.77 USDJPY.DWX at 148.413 sl: 147.880 (148.315 / 148.320),D:\QM\reports\work_items\2fc84747-27db-5e88-9568-3fdda6c30769\QM5_41398\20260909_135814\raw\run_01\20260909.log
73096,2022-10-26,sell,True,147.880,148.413,148.413,147.880,148.315,148.320,False,False,False,2022-10-26T06:00:00,2022-10-26T03:00:00Z,summer_US_DST,6,3,6,CS	0	16:05:33.349	Trade	2022.10.26 06:00:00   sell stop 2.78 USDJPY.DWX at 147.880 sl: 148.413 (148.315 / 148.320),D:\QM\reports\work_items\2fc84747-27db-5e88-9568-3fdda6c30769\QM5_41398\20260909_135814\raw\run_01\20260909.log
73110,2022-10-27,buy,True,146.394,145.911,146.394,145.911,146.255,146.259,False,False,False,2022-10-27T06:00:00,2022-10-27T03:00:00Z,summer_US_DST,6,3,6,CS	0	16:05:33.967	Trade	2022.10.27 06:00:00   buy stop 3.02 USDJPY.DWX at 146.394 sl: 145.911 (146.255 / 146.259),D:\QM\reports\work_items\2fc84747-27db-5e88-9568-3fdda6c30769\QM5_41398\20260909_135814\raw\run_01\20260909.log
73111,2022-10-27,sell,True,145.911,146.394,146.394,145.911,146.255,146.259,False,False,False,2022-10-27T06:00:00,2022-10-27T03:00:00Z,summer_US_DST,6,3,6,CS	0	16:05:33.968	Trade	2022.10.27 06:00:00   sell stop 3.03 USDJPY.DWX at 145.911 sl: 146.394 (146.255 / 146.259),D:\QM\reports\work_items\2fc84747-27db-5e88-9568-3fdda6c30769\QM5_41398\20260909_135814\raw\run_01\20260909.log
73124,2022-10-31,buy,True,148.278,147.753,148.278,147.753,148.044,148.049,False,False,False,2022-10-31T06:00:00,2022-10-31T03:00:00Z,summer_US_DST,6,3,6,CS	0	16:05:34.793	Trade	2022.10.31 06:00:00   buy stop 2.81 USDJPY.DWX at 148.278 sl: 147.753 (148.044 / 148.049),D:\QM\reports\work_items\2fc84747-27db-5e88-9568-3fdda6c30769\QM5_41398\20260909_135814\raw\run_01\20260909.log
73125,2022-10-31,sell,True,147.753,148.278,148.278,147.753,148.044,148.049,False,False,False,2022-10-31T06:00:00,2022-10-31T03:00:00Z,summer_US_DST,6,3,6,CS	0	16:05:34.793	Trade	2022.10.31 06:00:00   sell stop 2.82 USDJPY.DWX at 147.753 sl: 148.278 (148.044 / 148.049),D:\QM\reports\work_items\2fc84747-27db-5e88-9568-3fdda6c30769\QM5_41398\20260909_135814\raw\run_01\20260909.log
73135,2022-11-03,buy,True,147.912,147.108,147.912,147.108,147.360,147.364,False,False,False,2022-11-03T06:00:00,2022-11-03T03:00:00Z,summer_US_DST,6,3,6,CS	0	16:05:36.171	Trade	2022.11.03 06:00:00   buy stop 1.82 USDJPY.DWX at 147.912 sl: 147.108 (147.360 / 147.364),D:\QM\reports\work_items\2fc84747-27db-5e88-9568-3fdda6c30769\QM5_41398\20260909_135814\raw\run_01\20260909.log
73136,2022-11-03,sell,True,147.108,147.912,147.912,147.108,147.360,147.364,False,False,False,2022-11-03T06:00:00,2022-11-03T03:00:00Z,summer_US_DST,6,3,6,CS	0	16:05:36.171	Trade	2022.11.03 06:00:00   sell stop 1.83 USDJPY.DWX at 147.108 sl: 147.912 (147.360 / 147.364),D:\QM\reports\work_items\2fc84747-27db-5e88-9568-3fdda6c30769\QM5_41398\20260909_135814\raw\run_01\20260909.log
73146,2022-11-04,buy,True,148.403,148.006,148.403,148.006,148.088,148.093,False,False,False,2022-11-04T06:00:00,2022-11-04T03:00:00Z,summer_US_DST,6,3,6,CS	0	16:05:36.754	Trade	2022.11.04 06:00:00   buy stop 3.72 USDJPY.DWX at 148.403 sl: 148.006 (148.088 / 148.093),D:\QM\reports\work_items\2fc84747-27db-5e88-9568-3fdda6c30769\QM5_41398\20260909_135814\raw\run_01\20260909.log
73147,2022-11-04,sell,True,148.006,148.403,148.403,148.006,148.088,148.093,False,False,False,2022-11-04T06:00:00,2022-11-04T03:00:00Z,summer_US_DST,6,3,6,CS	0	16:05:36.754	Trade	2022.11.04 06:00:00   sell stop 3.73 USDJPY.DWX at 148.006 sl: 148.403 (148.088 / 148.093),D:\QM\reports\work_items\2fc84747-27db-5e88-9568-3fdda6c30769\QM5_41398\20260909_135814\raw\run_01\20260909.log
73160,2022-11-07,buy,True,147.240,146.699,147.240,146.699,147.198,147.203,False,False,False,2022-11-07T05:00:00,2022-11-07T03:00:00Z,winter_US_standard,5,3,6,CS	0	16:05:37.399	Trade	2022.11.07 05:00:00   buy stop 2.71 USDJPY.DWX at 147.240 sl: 146.699 (147.198 / 147.203),D:\QM\reports\work_items\2fc84747-27db-5e88-9568-3fdda6c30769\QM5_41398\20260909_135814\raw\run_01\20260909.log
73161,2022-11-07,sell,True,146.699,147.240,147.240,146.699,147.198,147.203,False,False,False,2022-11-07T05:00:00,2022-11-07T03:00:00Z,winter_US_standard,5,3,6,CS	0	16:05:37.399	Trade	2022.11.07 05:00:00   sell stop 2.72 USDJPY.DWX at 146.699 sl: 147.240 (147.198 / 147.203),D:\QM\reports\work_items\2fc84747-27db-5e88-9568-3fdda6c30769\QM5_41398\20260909_135814\raw\run_01\20260909.log
73171,2022-11-08,buy,True,146.784,146.311,146.784,146.311,146.739,146.744,False,False,False,2022-11-08T05:00:00,2022-11-08T03:00:00Z,winter_US_standard,5,3,6,CS	0	16:05:37.904	Trade	2022.11.08 05:00:00   buy stop 3.09 USDJPY.DWX at 146.784 sl: 146.311 (146.739 / 146.744),D:\QM\reports\work_items\2fc84747-27db-5e88-9568-3fdda6c30769\QM5_41398\20260909_135814\raw\run_01\20260909.log
73172,2022-11-08,sell,True,146.311,146.784,146.784,146.311,146.739,146.744,False,False,False,2022-11-08T05:00:00,2022-11-08T03:00:00Z,winter_US_standard,5,3,6,CS	0	16:05:37.904	Trade	2022.11.08 05:00:00   sell stop 3.1 USDJPY.DWX at 146.311 sl: 146.784 (146.739 / 146.744),D:\QM\reports\work_items\2fc84747-27db-5e88-9568-3fdda6c30769\QM5_41398\20260909_135814\raw\run_01\20260909.log
73182,2022-11-09,buy,True,145.859,145.239,145.859,145.239,145.361,145.364,False,False,False,2022-11-09T05:00:01,2022-11-09T03:00:01Z,winter_US_standard,5,3,6,CS	0	16:05:38.341	Trade	2022.11.09 05:00:01   buy stop 2.34 USDJPY.DWX at 145.859 sl: 145.239 (145.361 / 145.364),D:\QM\reports\work_items\2fc84747-27db-5e88-9568-3fdda6c30769\QM5_41398\20260909_135814\raw\run_01\20260909.log
73183,2022-11-09,sell,True,145.239,145.859,145.859,145.239,145.361,145.364,False,False,False,2022-11-09T05:00:01,2022-11-09T03:00:01Z,winter_US_standard,5,3,6,CS	0	16:05:38.342	Trade	2022.11.09 05:00:01   sell stop 2.35 USDJPY.DWX at 145.239 sl: 145.859 (145.361 / 145.364),D:\QM\reports\work_items\2fc84747-27db-5e88-9568-3fdda6c30769\QM5_41398\20260909_135814\raw\run_01\20260909.log
73193,2022-11-10,buy,True,146.362,146.105,146.362,146.105,146.208,146.210,False,False,False,2022-11-10T05:00:00,2022-11-10T03:00:00Z,winter_US_standard,5,3,6,CS	0	16:05:38.672	Trade	2022.11.10 05:00:00   buy stop 5.68 USDJPY.DWX at 146.362 sl: 146.105 (146.208 / 146.210),D:\QM\reports\work_items\2fc84747-27db-5e88-9568-3fdda6c30769\QM5_41398\20260909_135814\raw\run_01\20260909.log
73194,2022-11-10,sell,True,146.105,146.362,146.362,146.105,146.208,146.210,False,False,False,2022-11-10T05:00:00,2022-11-10T03:00:00Z,winter_US_standard,5,3,6,CS	0	16:05:38.672	Trade	2022.11.10 05:00:00   sell stop 5.69 USDJPY.DWX at 146.105 sl: 146.362 (146.208 / 146.210),D:\QM\reports\work_items\2fc84747-27db-5e88-9568-3fdda6c30769\QM5_41398\20260909_135814\raw\run_01\20260909.log
73204,2022-11-11,buy,True,142.482,141.352,142.482,141.352,141.898,141.911,False,False,False,2022-11-11T05:00:00,2022-11-11T03:00:00Z,winter_US_standard,5,3,6,CS	0	16:05:39.009	Trade	2022.11.11 05:00:00   buy stop 1.25 USDJPY.DWX at 142.482 sl: 141.352 (141.898 / 141.911),D:\QM\reports\work_items\2fc84747-27db-5e88-9568-3fdda6c30769\QM5_41398\20260909_135814\raw\run_01\20260909.log
73205,2022-11-11,sell,True,141.352,142.482,142.482,141.352,141.898,141.911,False,False,False,2022-11-11T05:00:00,2022-11-11T03:00:00Z,winter_US_standard,5,3,6,CS	0	16:05:39.009	Trade	2022.11.11 05:00:00   sell stop 1.26 USDJPY.DWX at 141.352 sl: 142.482 (141.898 / 141.911),D:\QM\reports\work_items\2fc84747-27db-5e88-9568-3fdda6c30769\QM5_41398\20260909_135814\raw\run_01\20260909.log
73221,2022-11-14,buy,True,139.742,138.798,139.742,138.798,139.118,139.123,False,False,False,2022-11-14T05:00:00,2022-11-14T03:00:00Z,winter_US_standard,5,3,6,CS	0	16:05:39.677	Trade	2022.11.14 05:00:00   buy stop 1.47 USDJPY.DWX at 139.742 sl: 138.798 (139.118 / 139.123),D:\QM\reports\work_items\2fc84747-27db-5e88-9568-3fdda6c30769\QM5_41398\20260909_135814\raw\run_01\20260909.log
73222,2022-11-14,sell,True,138.798,139.742,139.742,138.798,139.118,139.123,False,False,False,2022-11-14T05:00:00,2022-11-14T03:00:00Z,winter_US_standard,5,3,6,CS	0	16:05:39.678	Trade	2022.11.14 05:00:00   sell stop 1.48 USDJPY.DWX at 138.798 sl: 139.742 (139.118 / 139.123),D:\QM\reports\work_items\2fc84747-27db-5e88-9568-3fdda6c30769\QM5_41398\20260909_135814\raw\run_01\20260909.log
73235,2022-11-15,buy,True,140.506,139.985,140.506,139.985,140.360,140.365,False,False,False,2022-11-15T05:00:00,2022-11-15T03:00:00Z,winter_US_standard,5,3,6,CS	0	16:05:40.281	Trade	2022.11.15 05:00:00   buy stop 2.68 USDJPY.DWX at 140.506 sl: 139.985 (140.360 / 140.365),D:\QM\reports\work_items\2fc84747-27db-5e88-9568-3fdda6c30769\QM5_41398\20260909_135814\raw\run_01\20260909.log
73236,2022-11-15,sell,True,139.985,140.506,140.506,139.985,140.360,140.365,False,False,False,2022-11-15T05:00:00,2022-11-15T03:00:00Z,winter_US_standard,5,3,6,CS	0	16:05:40.281	Trade	2022.11.15 05:00:00   sell stop 2.69 USDJPY.DWX at 139.985 sl: 140.506 (140.360 / 140.365),D:\QM\reports\work_items\2fc84747-27db-5e88-9568-3fdda6c30769\QM5_41398\20260909_135814\raw\run_01\20260909.log
73246,2022-11-16,buy,True,140.013,138.870,140.013,138.870,139.847,139.852,False,False,False,2022-11-16T05:00:00,2022-11-16T03:00:00Z,winter_US_standard,5,3,6,CS	0	16:05:40.961	Trade	2022.11.16 05:00:00   buy stop 1.21 USDJPY.DWX at 140.013 sl: 138.870 (139.847 / 139.852),D:\QM\reports\work_items\2fc84747-27db-5e88-9568-3fdda6c30769\QM5_41398\20260909_135814\raw\run_01\20260909.log
73247,2022-11-16,sell,True,138.870,140.013,140.013,138.870,139.847,139.852,False,False,False,2022-11-16T05:00:00,2022-11-16T03:00:00Z,winter_US_standard,5,3,6,CS	0	16:05:40.961	Trade	2022.11.16 05:00:00   sell stop 1.22 USDJPY.DWX at 138.870 sl: 140.013 (139.847 / 139.852),D:\QM\reports\work_items\2fc84747-27db-5e88-9568-3fdda6c30769\QM5_41398\20260909_135814\raw\run_01\20260909.log
73257,2022-11-17,buy,True,139.652,139.216,139.652,139.216,139.566,139.571,False,False,False,2022-11-17T05:00:00,2022-11-17T03:00:00Z,winter_US_standard,5,3,6,CS	0	16:05:41.688	Trade	2022.11.17 05:00:00   buy stop 3.19 USDJPY.DWX at 139.652 sl: 139.216 (139.566 / 139.571),D:\QM\reports\work_items\2fc84747-27db-5e88-9568-3fdda6c30769\QM5_41398\20260909_135814\raw\run_01\20260909.log
73258,2022-11-17,sell,True,139.216,139.652,139.652,139.216,139.566,139.571,False,False,False,2022-11-17T05:00:00,2022-11-17T03:00:00Z,winter_US_standard,5,3,6,CS	0	16:05:41.688	Trade	2022.11.17 05:00:00   sell stop 3.2 USDJPY.DWX at 139.216 sl: 139.652 (139.566 / 139.571),D:\QM\reports\work_items\2fc84747-27db-5e88-9568-3fdda6c30769\QM5_41398\20260909_135814\raw\run_01\20260909.log
73268,2022-11-18,buy,True,140.501,139.803,140.501,139.803,139.937,139.942,False,False,False,2022-11-18T05:00:00,2022-11-18T03:00:00Z,winter_US_standard,5,3,6,CS	0	16:05:42.209	Trade	2022.11.18 05:00:00   buy stop 2 USDJPY.DWX at 140.501 sl: 139.803 (139.937 / 139.942),D:\QM\reports\work_items\2fc84747-27db-5e88-9568-3fdda6c30769\QM5_41398\20260909_135814\raw\run_01\20260909.log
73269,2022-11-18,sell,True,139.803,140.501,140.501,139.803,139.937,139.942,False,False,False,2022-11-18T05:00:00,2022-11-18T03:00:00Z,winter_US_standard,5,3,6,CS	0	16:05:42.210	Trade	2022.11.18 05:00:00   sell stop 2.01 USDJPY.DWX at 139.803 sl: 140.501 (139.937 / 139.942),D:\QM\reports\work_items\2fc84747-27db-5e88-9568-3fdda6c30769\QM5_41398\20260909_135814\raw\run_01\20260909.log
73279,2022-11-21,buy,True,140.498,140.193,140.498,140.193,140.410,140.415,False,False,False,2022-11-21T05:00:00,2022-11-21T03:00:00Z,winter_US_standard,5,3,6,CS	0	16:05:42.877	Trade	2022.11.21 05:00:00   buy stop 4.59 USDJPY.DWX at 140.498 sl: 140.193 (140.410 / 140.415),D:\QM\reports\work_items\2fc84747-27db-5e88-9568-3fdda6c30769\QM5_41398\20260909_135814\raw\run_01\20260909.log
73280,2022-11-21,sell,True,140.193,140.498,140.498,140.193,140.410,140.415,False,False,False,2022-11-21T05:00:00,2022-11-21T03:00:00Z,winter_US_standard,5,3,6,CS	0	16:05:42.877	Trade	2022.11.21 05:00:00   sell stop 4.6 USDJPY.DWX at 140.193 sl: 140.498 (140.410 / 140.415),D:\QM\reports\work_items\2fc84747-27db-5e88-9568-3fdda6c30769\QM5_41398\20260909_135814\raw\run_01\20260909.log
73298,2022-11-22,buy,True,142.240,141.637,142.240,141.637,141.696,141.699,False,False,False,2022-11-22T05:00:02,2022-11-22T03:00:02Z,winter_US_standard,5,3,6,CS	0	16:05:43.507	Trade	2022.11.22 05:00:02   buy stop 2.34 USDJPY.DWX at 142.240 sl: 141.637 (141.696 / 141.699),D:\QM\reports\work_items\2fc84747-27db-5e88-9568-3fdda6c30769\QM5_41398\20260909_135814\raw\run_01\20260909.log
73299,2022-11-22,sell,True,141.637,142.240,142.240,141.637,141.696,141.699,False,False,False,2022-11-22T05:00:02,2022-11-22T03:00:02Z,winter_US_standard,5,3,6,CS	0	16:05:43.508	Trade	2022.11.22 05:00:02   sell stop 2.35 USDJPY.DWX at 141.637 sl: 142.240 (141.696 / 141.699),D:\QM\reports\work_items\2fc84747-27db-5e88-9568-3fdda6c30769\QM5_41398\20260909_135814\raw\run_01\20260909.log
73309,2022-11-24,buy,True,139.494,138.719,139.494,138.719,138.878,138.883,False,False,False,2022-11-24T05:00:00,2022-11-24T03:00:00Z,winter_US_standard,5,3,6,CS	0	16:05:44.492	Trade	2022.11.24 05:00:00   buy stop 1.78 USDJPY.DWX at 139.494 sl: 138.719 (138.878 / 138.883),D:\QM\reports\work_items\2fc84747-27db-5e88-9568-3fdda6c30769\QM5_41398\20260909_135814\raw\run_01\20260909.log
73310,2022-11-24,sell,True,138.719,139.494,139.494,138.719,138.878,138.883,False,False,False,2022-11-24T05:00:00,2022-11-24T03:00:00Z,winter_US_standard,5,3,6,CS	0	16:05:44.492	Trade	2022.11.24 05:00:00   sell stop 1.79 USDJPY.DWX at 138.719 sl: 139.494 (138.878 / 138.883),D:\QM\reports\work_items\2fc84747-27db-5e88-9568-3fdda6c30769\QM5_41398\20260909_135814\raw\run_01\20260909.log
73320,2022-11-30,buy,True,138.942,138.440,138.942,138.440,138.676,138.681,False,False,False,2022-11-30T05:00:00,2022-11-30T03:00:00Z,winter_US_standard,5,3,6,CS	0	16:05:46.395	Trade	2022.11.30 05:00:00   buy stop 2.75 USDJPY.DWX at 138.942 sl: 138.440 (138.676 / 138.681),D:\QM\reports\work_items\2fc84747-27db-5e88-9568-3fdda6c30769\QM5_41398\20260909_135814\raw\run_01\20260909.log
73321,2022-11-30,sell,True,138.440,138.942,138.942,138.440,138.676,138.681,False,False,False,2022-11-30T05:00:00,2022-11-30T03:00:00Z,winter_US_standard,5,3,6,CS	0	16:05:46.395	Trade	2022.11.30 05:00:00   sell stop 2.76 USDJPY.DWX at 138.440 sl: 138.942 (138.676 / 138.681),D:\QM\reports\work_items\2fc84747-27db-5e88-9568-3fdda6c30769\QM5_41398\20260909_135814\raw\run_01\20260909.log
73331,2022-12-01,buy,True,137.535,136.494,137.535,136.494,136.727,136.738,False,False,False,2022-12-01T05:00:00,2022-12-01T03:00:00Z,winter_US_standard,5,3,6,CS	0	16:05:46.741	Trade	2022.12.01 05:00:00   buy stop 1.31 USDJPY.DWX at 137.535 sl: 136.494 (136.727 / 136.738),D:\QM\reports\work_items\2fc84747-27db-5e88-9568-3fdda6c30769\QM5_41398\20260909_135814\raw\run_01\20260909.log
73332,2022-12-01,sell,True,136.494,137.535,137.535,136.494,136.727,136.738,False,False,False,2022-12-01T05:00:00,2022-12-01T03:00:00Z,winter_US_standard,5,3,6,CS	0	16:05:46.741	Trade	2022.12.01 05:00:00   sell stop 1.32 USDJPY.DWX at 136.494 sl: 137.535 (136.727 / 136.738),D:\QM\reports\work_items\2fc84747-27db-5e88-9568-3fdda6c30769\QM5_41398\20260909_135814\raw\run_01\20260909.log
73342,2022-12-02,buy,True,135.593,135.007,135.593,135.007,135.223,135.228,False,False,False,2022-12-02T05:00:01,2022-12-02T03:00:01Z,winter_US_standard,5,3,6,CS	0	16:05:47.437	Trade	2022.12.02 05:00:01   buy stop 2.3 USDJPY.DWX at 135.593 sl: 135.007 (135.223 / 135.228),D:\QM\reports\work_items\2fc84747-27db-5e88-9568-3fdda6c30769\QM5_41398\20260909_135814\raw\run_01\20260909.log
73343,2022-12-02,sell,True,135.007,135.593,135.593,135.007,135.223,135.228,False,False,False,2022-12-02T05:00:01,2022-12-02T03:00:01Z,winter_US_standard,5,3,6,CS	0	16:05:47.437	Trade	2022.12.02 05:00:01   sell stop 2.31 USDJPY.DWX at 135.007 sl: 135.593 (135.223 / 135.228),D:\QM\reports\work_items\2fc84747-27db-5e88-9568-3fdda6c30769\QM5_41398\20260909_135814\raw\run_01\20260909.log
73358,2022-12-05,buy,True,134.767,134.127,134.767,134.127,134.377,134.386,False,False,False,2022-12-05T05:00:00,2022-12-05T03:00:00Z,winter_US_standard,5,3,6,CS	0	16:05:47.949	Trade	2022.12.05 05:00:00   buy stop 2.09 USDJPY.DWX at 134.767 sl: 134.127 (134.377 / 134.386),D:\QM\reports\work_items\2fc84747-27db-5e88-9568-3fdda6c30769\QM5_41398\20260909_135814\raw\run_01\20260909.log
73359,2022-12-05,sell,True,134.127,134.767,134.767,134.127,134.377,134.386,False,False,False,2022-12-05T05:00:00,2022-12-05T03:00:00Z,winter_US_standard,5,3,6,CS	0	16:05:47.950	Trade	2022.12.05 05:00:00   sell stop 2.1 USDJPY.DWX at 134.127 sl: 134.767 (134.377 / 134.386),D:\QM\reports\work_items\2fc84747-27db-5e88-9568-3fdda6c30769\QM5_41398\20260909_135814\raw\run_01\20260909.log
73373,2022-12-07,buy,True,137.360,136.791,137.360,136.791,137.014,137.022,False,False,False,2022-12-07T05:00:00,2022-12-07T03:00:00Z,winter_US_standard,5,3,6,CS	0	16:05:48.721	Trade	2022.12.07 05:00:00   buy stop 2.4 USDJPY.DWX at 137.360 sl: 136.791 (137.014 / 137.022),D:\QM\reports\work_items\2fc84747-27db-5e88-9568-3fdda6c30769\QM5_41398\20260909_135814\raw\run_01\20260909.log
73374,2022-12-07,sell,True,136.791,137.360,137.360,136.791,137.014,137.022,False,False,False,2022-12-07T05:00:00,2022-12-07T03:00:00Z,winter_US_standard,5,3,6,CS	0	16:05:48.721	Trade	2022.12.07 05:00:00   sell stop 2.41 USDJPY.DWX at 136.791 sl: 137.360 (137.014 / 137.022),D:\QM\reports\work_items\2fc84747-27db-5e88-9568-3fdda6c30769\QM5_41398\20260909_135814\raw\run_01\20260909.log
73384,2022-12-08,buy,True,137.036,136.269,137.036,136.269,136.968,136.973,False,False,False,2022-12-08T05:00:01,2022-12-08T03:00:01Z,winter_US_standard,5,3,6,CS	0	16:05:49.268	Trade	2022.12.08 05:00:01   buy stop 1.77 USDJPY.DWX at 137.036 sl: 136.269 (136.968 / 136.973),D:\QM\reports\work_items\2fc84747-27db-5e88-9568-3fdda6c30769\QM5_41398\20260909_135814\raw\run_01\20260909.log
73385,2022-12-08,sell,True,136.269,137.036,137.036,136.269,136.968,136.973,False,False,False,2022-12-08T05:00:01,2022-12-08T03:00:01Z,winter_US_standard,5,3,6,CS	0	16:05:49.268	Trade	2022.12.08 05:00:01   sell stop 1.78 USDJPY.DWX at 136.269 sl: 137.036 (136.968 / 136.973),D:\QM\reports\work_items\2fc84747-27db-5e88-9568-3fdda6c30769\QM5_41398\20260909_135814\raw\run_01\20260909.log
73395,2022-12-12,buy,True,137.093,136.689,137.093,136.689,136.894,136.899,False,False,False,2022-12-12T05:00:00,2022-12-12T03:00:00Z,winter_US_standard,5,3,6,CS	0	16:05:49.936	Trade	2022.12.12 05:00:00   buy stop 3.38 USDJPY.DWX at 137.093 sl: 136.689 (136.894 / 136.899),D:\QM\reports\work_items\2fc84747-27db-5e88-9568-3fdda6c30769\QM5_41398\20260909_135814\raw\run_01\20260909.log
73396,2022-12-12,sell,True,136.689,137.093,137.093,136.689,136.894,136.899,False,False,False,2022-12-12T05:00:00,2022-12-12T03:00:00Z,winter_US_standard,5,3,6,CS	0	16:05:49.937	Trade	2022.12.12 05:00:00   sell stop 3.39 USDJPY.DWX at 136.689 sl: 137.093 (136.894 / 136.899),D:\QM\reports\work_items\2fc84747-27db-5e88-9568-3fdda6c30769\QM5_41398\20260909_135814\raw\run_01\20260909.log
73406,2022-12-13,buy,True,137.895,137.483,137.895,137.483,137.633,137.643,False,False,False,2022-12-13T05:00:00,2022-12-13T03:00:00Z,winter_US_standard,5,3,6,CS	0	16:05:50.220	Trade	2022.12.13 05:00:00   buy stop 3.33 USDJPY.DWX at 137.895 sl: 137.483 (137.633 / 137.643),D:\QM\reports\work_items\2fc84747-27db-5e88-9568-3fdda6c30769\QM5_41398\20260909_135814\raw\run_01\20260909.log
73407,2022-12-13,sell,True,137.483,137.895,137.895,137.483,137.633,137.643,False,False,False,2022-12-13T05:00:00,2022-12-13T03:00:00Z,winter_US_standard,5,3,6,CS	0	16:05:50.221	Trade	2022.12.13 05:00:00   sell stop 3.34 USDJPY.DWX at 137.483 sl: 137.895 (137.633 / 137.643),D:\QM\reports\work_items\2fc84747-27db-5e88-9568-3fdda6c30769\QM5_41398\20260909_135814\raw\run_01\20260909.log
73417,2022-12-14,buy,True,135.691,135.284,135.691,135.284,135.513,135.518,False,False,False,2022-12-14T05:00:00,2022-12-14T03:00:00Z,winter_US_standard,5,3,6,CS	0	16:05:50.565	Trade	2022.12.14 05:00:00   buy stop 3.32 USDJPY.DWX at 135.691 sl: 135.284 (135.513 / 135.518),D:\QM\reports\work_items\2fc84747-27db-5e88-9568-3fdda6c30769\QM5_41398\20260909_135814\raw\run_01\20260909.log
73418,2022-12-14,sell,True,135.284,135.691,135.691,135.284,135.513,135.518,False,False,False,2022-12-14T05:00:00,2022-12-14T03:00:00Z,winter_US_standard,5,3,6,CS	0	16:05:50.565	Trade	2022.12.14 05:00:00   sell stop 3.33 USDJPY.DWX at 135.284 sl: 135.691 (135.513 / 135.518),D:\QM\reports\work_items\2fc84747-27db-5e88-9568-3fdda6c30769\QM5_41398\20260909_135814\raw\run_01\20260909.log
73432,2022-12-15,buy,True,135.625,135.287,135.625,135.287,135.536,135.541,False,False,False,2022-12-15T05:00:00,2022-12-15T03:00:00Z,winter_US_standard,5,3,6,CS	0	16:05:50.935	Trade	2022.12.15 05:00:00   buy stop 4 USDJPY.DWX at 135.625 sl: 135.287 (135.536 / 135.541),D:\QM\reports\work_items\2fc84747-27db-5e88-9568-3fdda6c30769\QM5_41398\20260909_135814\raw\run_01\20260909.log
73433,2022-12-15,sell,True,135.287,135.625,135.625,135.287,135.536,135.541,False,False,False,2022-12-15T05:00:00,2022-12-15T03:00:00Z,winter_US_standard,5,3,6,CS	0	16:05:50.936	Trade	2022.12.15 05:00:00   sell stop 4.01 USDJPY.DWX at 135.287 sl: 135.625 (135.536 / 135.541),D:\QM\reports\work_items\2fc84747-27db-5e88-9568-3fdda6c30769\QM5_41398\20260909_135814\raw\run_01\20260909.log
73448,2022-12-16,buy,True,137.784,136.950,137.784,136.950,137.171,137.176,False,False,False,2022-12-16T05:00:00,2022-12-16T03:00:00Z,winter_US_standard,5,3,6,CS	0	16:05:51.331	Trade	2022.12.16 05:00:00   buy stop 1.64 USDJPY.DWX at 137.784 sl: 136.950 (137.171 / 137.176),D:\QM\reports\work_items\2fc84747-27db-5e88-9568-3fdda6c30769\QM5_41398\20260909_135814\raw\run_01\20260909.log
73449,2022-12-16,sell,True,136.950,137.784,137.784,136.950,137.171,137.176,False,False,False,2022-12-16T05:00:00,2022-12-16T03:00:00Z,winter_US_standard,5,3,6,CS	0	16:05:51.331	Trade	2022.12.16 05:00:00   sell stop 1.65 USDJPY.DWX at 136.950 sl: 137.784 (137.171 / 137.176),D:\QM\reports\work_items\2fc84747-27db-5e88-9568-3fdda6c30769\QM5_41398\20260909_135814\raw\run_01\20260909.log
73459,2022-12-19,buy,True,136.595,135.765,136.595,135.765,136.295,136.308,False,False,False,2022-12-19T05:00:00,2022-12-19T03:00:00Z,winter_US_standard,5,3,6,CS	0	16:05:51.712	Trade	2022.12.19 05:00:00   buy stop 1.63 USDJPY.DWX at 136.595 sl: 135.765 (136.295 / 136.308),D:\QM\reports\work_items\2fc84747-27db-5e88-9568-3fdda6c30769\QM5_41398\20260909_135814\raw\run_01\20260909.log
73460,2022-12-19,sell,True,135.765,136.595,136.595,135.765,136.295,136.308,False,False,False,2022-12-19T05:00:00,2022-12-19T03:00:00Z,winter_US_standard,5,3,6,CS	0	16:05:51.712	Trade	2022.12.19 05:00:00   sell stop 1.64 USDJPY.DWX at 135.765 sl: 136.595 (136.295 / 136.308),D:\QM\reports\work_items\2fc84747-27db-5e88-9568-3fdda6c30769\QM5_41398\20260909_135814\raw\run_01\20260909.log
73470,2022-12-21,buy,True,132.314,131.489,132.314,131.489,132.016,132.022,False,False,False,2022-12-21T05:00:00,2022-12-21T03:00:00Z,winter_US_standard,5,3,6,CS	0	16:05:52.680	Trade	2022.12.21 05:00:00   buy stop 1.59 USDJPY.DWX at 132.314 sl: 131.489 (132.016 / 132.022),D:\QM\reports\work_items\2fc84747-27db-5e88-9568-3fdda6c30769\QM5_41398\20260909_135814\raw\run_01\20260909.log
73471,2022-12-21,sell,True,131.489,132.314,132.314,131.489,132.016,132.022,False,False,False,2022-12-21T05:00:00,2022-12-21T03:00:00Z,winter_US_standard,5,3,6,CS	0	16:05:52.680	Trade	2022.12.21 05:00:00   sell stop 1.6 USDJPY.DWX at 131.489 sl: 132.314 (132.016 / 132.022),D:\QM\reports\work_items\2fc84747-27db-5e88-9568-3fdda6c30769\QM5_41398\20260909_135814\raw\run_01\20260909.log
73481,2022-12-23,buy,True,132.811,132.293,132.811,132.293,132.655,132.663,False,False,False,2022-12-23T05:00:00,2022-12-23T03:00:00Z,winter_US_standard,5,3,6,CS	0	16:05:53.285	Trade	2022.12.23 05:00:00   buy stop 2.55 USDJPY.DWX at 132.811 sl: 132.293 (132.655 / 132.663),D:\QM\reports\work_items\2fc84747-27db-5e88-9568-3fdda6c30769\QM5_41398\20260909_135814\raw\run_01\20260909.log
73482,2022-12-23,sell,True,132.293,132.811,132.811,132.293,132.655,132.663,False,False,False,2022-12-23T05:00:00,2022-12-23T03:00:00Z,winter_US_standard,5,3,6,CS	0	16:05:53.285	Trade	2022.12.23 05:00:00   sell stop 2.56 USDJPY.DWX at 132.293 sl: 132.811 (132.655 / 132.663),D:\QM\reports\work_items\2fc84747-27db-5e88-9568-3fdda6c30769\QM5_41398\20260909_135814\raw\run_01\20260909.log
73492,2022-12-30,buy,True,132.959,132.382,132.959,132.382,132.562,132.571,False,False,False,2022-12-30T05:00:00,2022-12-30T03:00:00Z,winter_US_standard,5,3,6,CS	0	16:05:54.442	Trade	2022.12.30 05:00:00   buy stop 2.29 USDJPY.DWX at 132.959 sl: 132.382 (132.562 / 132.571),D:\QM\reports\work_items\2fc84747-27db-5e88-9568-3fdda6c30769\QM5_41398\20260909_135814\raw\run_01\20260909.log
73493,2022-12-30,sell,True,132.382,132.959,132.959,132.382,132.562,132.571,False,False,False,2022-12-30T05:00:00,2022-12-30T03:00:00Z,winter_US_standard,5,3,6,CS	0	16:05:54.442	Trade	2022.12.30 05:00:00   sell stop 2.3 USDJPY.DWX at 132.382 sl: 132.959 (132.562 / 132.571),D:\QM\reports\work_items\2fc84747-27db-5e88-9568-3fdda6c30769\QM5_41398\20260909_135814\raw\run_01\20260909.log
