seq,handler,tick_no,timer_no,sim_iso,sim_epoch,wall_ms,host_b0_open,host_b1_open,sec_b0_open,sec_b1_open,sec_close1,la_forming,la_closed
1,TIMER,0,1,2018.01.02 00:00:00,1514851200,282,2018.01.01 23:00,2018.01.01 22:00,2017.12.29 23:00,2017.12.29 22:00,1303.310,0,0
2,TIMER,0,2,2018.01.02 00:00:00,1514851200,282,2018.01.01 23:00,2018.01.01 22:00,2017.12.29 23:00,2017.12.29 22:00,1303.310,0,0
3,TIMER,0,3,2018.01.02 00:00:00,1514851200,282,2018.01.01 23:00,2018.01.01 22:00,2017.12.29 23:00,2017.12.29 22:00,1303.310,0,0
4,TIMER,0,4,2018.01.02 00:00:00,1514851200,282,2018.01.01 23:00,2018.01.01 22:00,2017.12.29 23:00,2017.12.29 22:00,1303.310,0,0
5,TIMER,0,5,2018.01.02 00:00:00,1514851200,282,2018.01.01 23:00,2018.01.01 22:00,2017.12.29 23:00,2017.12.29 22:00,1303.310,0,0
6,TIMER,0,6,2018.01.02 00:00:00,1514851200,282,2018.01.01 23:00,2018.01.01 22:00,2017.12.29 23:00,2017.12.29 22:00,1303.310,0,0
7,TIMER,0,7,2018.01.02 00:00:00,1514851200,282,2018.01.01 23:00,2018.01.01 22:00,2017.12.29 23:00,2017.12.29 22:00,1303.310,0,0
8,TIMER,0,8,2018.01.02 00:00:00,1514851200,282,2018.01.01 23:00,2018.01.01 22:00,2017.12.29 23:00,2017.12.29 22:00,1303.310,0,0
9,TIMER,0,9,2018.01.02 00:00:00,1514851200,282,2018.01.01 23:00,2018.01.01 22:00,2017.12.29 23:00,2017.12.29 22:00,1303.310,0,0
10,TIMER,0,10,2018.01.02 00:00:00,1514851200,282,2018.01.01 23:00,2018.01.01 22:00,2017.12.29 23:00,2017.12.29 22:00,1303.310,0,0
11,TIMER,0,11,2018.01.02 00:00:00,1514851200,282,2018.01.01 23:00,2018.01.01 22:00,2017.12.29 23:00,2017.12.29 22:00,1303.310,0,0
12,TIMER,0,12,2018.01.02 00:00:00,1514851200,282,2018.01.01 23:00,2018.01.01 22:00,2017.12.29 23:00,2017.12.29 22:00,1303.310,0,0
13,TIMER,0,13,2018.01.02 00:00:00,1514851200,282,2018.01.01 23:00,2018.01.01 22:00,2017.12.29 23:00,2017.12.29 22:00,1303.310,0,0
14,TIMER,0,14,2018.01.02 00:00:00,1514851200,282,2018.01.01 23:00,2018.01.01 22:00,2017.12.29 23:00,2017.12.29 22:00,1303.310,0,0
15,TIMER,0,15,2018.01.02 00:00:00,1514851200,282,2018.01.01 23:00,2018.01.01 22:00,2017.12.29 23:00,2017.12.29 22:00,1303.310,0,0
16,TIMER,0,16,2018.01.02 00:00:00,1514851200,282,2018.01.01 23:00,2018.01.01 22:00,2017.12.29 23:00,2017.12.29 22:00,1303.310,0,0
17,TIMER,0,17,2018.01.02 00:00:00,1514851200,282,2018.01.01 23:00,2018.01.01 22:00,2017.12.29 23:00,2017.12.29 22:00,1303.310,0,0
18,TIMER,0,18,2018.01.02 00:00:00,1514851200,282,2018.01.01 23:00,2018.01.01 22:00,2017.12.29 23:00,2017.12.29 22:00,1303.310,0,0
19,TIMER,0,19,2018.01.02 00:00:00,1514851200,282,2018.01.01 23:00,2018.01.01 22:00,2017.12.29 23:00,2017.12.29 22:00,1303.310,0,0
20,TIMER,0,20,2018.01.02 00:00:00,1514851200,282,2018.01.01 23:00,2018.01.01 22:00,2017.12.29 23:00,2017.12.29 22:00,1303.310,0,0
21,TIMER,0,21,2018.01.02 00:00:00,1514851200,282,2018.01.01 23:00,2018.01.01 22:00,2017.12.29 23:00,2017.12.29 22:00,1303.310,0,0
22,TIMER,0,22,2018.01.02 00:00:00,1514851200,282,2018.01.01 23:00,2018.01.01 22:00,2017.12.29 23:00,2017.12.29 22:00,1303.310,0,0
23,TIMER,0,23,2018.01.02 00:00:00,1514851200,282,2018.01.01 23:00,2018.01.01 22:00,2017.12.29 23:00,2017.12.29 22:00,1303.310,0,0
24,TIMER,0,24,2018.01.02 00:00:00,1514851200,282,2018.01.01 23:00,2018.01.01 22:00,2017.12.29 23:00,2017.12.29 22:00,1303.310,0,0
25,TIMER,0,25,2018.01.02 00:00:00,1514851200,282,2018.01.01 23:00,2018.01.01 22:00,2017.12.29 23:00,2017.12.29 22:00,1303.310,0,0
26,TIMER,0,26,2018.01.02 00:00:00,1514851200,282,2018.01.01 23:00,2018.01.01 22:00,2017.12.29 23:00,2017.12.29 22:00,1303.310,0,0
27,TIMER,0,27,2018.01.02 00:00:00,1514851200,282,2018.01.01 23:00,2018.01.01 22:00,2017.12.29 23:00,2017.12.29 22:00,1303.310,0,0
28,TIMER,0,28,2018.01.02 00:00:00,1514851200,282,2018.01.01 23:00,2018.01.01 22:00,2017.12.29 23:00,2017.12.29 22:00,1303.310,0,0
29,TIMER,0,29,2018.01.02 00:00:00,1514851200,282,2018.01.01 23:00,2018.01.01 22:00,2017.12.29 23:00,2017.12.29 22:00,1303.310,0,0
30,TIMER,0,30,2018.01.02 00:00:00,1514851200,282,2018.01.01 23:00,2018.01.01 22:00,2017.12.29 23:00,2017.12.29 22:00,1303.310,0,0
31,TIMER,0,31,2018.01.02 00:00:00,1514851200,282,2018.01.01 23:00,2018.01.01 22:00,2017.12.29 23:00,2017.12.29 22:00,1303.310,0,0
32,TIMER,0,32,2018.01.02 00:00:00,1514851200,282,2018.01.01 23:00,2018.01.01 22:00,2017.12.29 23:00,2017.12.29 22:00,1303.310,0,0
33,TIMER,0,33,2018.01.02 00:00:00,1514851200,282,2018.01.01 23:00,2018.01.01 22:00,2017.12.29 23:00,2017.12.29 22:00,1303.310,0,0
34,TIMER,0,34,2018.01.02 00:00:00,1514851200,282,2018.01.01 23:00,2018.01.01 22:00,2017.12.29 23:00,2017.12.29 22:00,1303.310,0,0
35,TIMER,0,35,2018.01.02 00:00:00,1514851200,282,2018.01.01 23:00,2018.01.01 22:00,2017.12.29 23:00,2017.12.29 22:00,1303.310,0,0
36,TIMER,0,36,2018.01.02 00:00:00,1514851200,282,2018.01.01 23:00,2018.01.01 22:00,2017.12.29 23:00,2017.12.29 22:00,1303.310,0,0
37,TIMER,0,37,2018.01.02 00:00:00,1514851200,282,2018.01.01 23:00,2018.01.01 22:00,2017.12.29 23:00,2017.12.29 22:00,1303.310,0,0
38,TIMER,0,38,2018.01.02 00:00:00,1514851200,282,2018.01.01 23:00,2018.01.01 22:00,2017.12.29 23:00,2017.12.29 22:00,1303.310,0,0
39,TIMER,0,39,2018.01.02 00:00:00,1514851200,282,2018.01.01 23:00,2018.01.01 22:00,2017.12.29 23:00,2017.12.29 22:00,1303.310,0,0
40,TIMER,0,40,2018.01.02 00:00:00,1514851200,282,2018.01.01 23:00,2018.01.01 22:00,2017.12.29 23:00,2017.12.29 22:00,1303.310,0,0
41,TIMER,0,41,2018.01.02 00:00:00,1514851200,282,2018.01.01 23:00,2018.01.01 22:00,2017.12.29 23:00,2017.12.29 22:00,1303.310,0,0
42,TIMER,0,42,2018.01.02 00:00:00,1514851200,282,2018.01.01 23:00,2018.01.01 22:00,2017.12.29 23:00,2017.12.29 22:00,1303.310,0,0
43,TIMER,0,43,2018.01.02 00:00:00,1514851200,282,2018.01.01 23:00,2018.01.01 22:00,2017.12.29 23:00,2017.12.29 22:00,1303.310,0,0
44,TIMER,0,44,2018.01.02 00:00:00,1514851200,282,2018.01.01 23:00,2018.01.01 22:00,2017.12.29 23:00,2017.12.29 22:00,1303.310,0,0
45,TIMER,0,45,2018.01.02 00:00:00,1514851200,282,2018.01.01 23:00,2018.01.01 22:00,2017.12.29 23:00,2017.12.29 22:00,1303.310,0,0
46,TIMER,0,46,2018.01.02 00:00:00,1514851200,282,2018.01.01 23:00,2018.01.01 22:00,2017.12.29 23:00,2017.12.29 22:00,1303.310,0,0
47,TIMER,0,47,2018.01.02 00:00:00,1514851200,282,2018.01.01 23:00,2018.01.01 22:00,2017.12.29 23:00,2017.12.29 22:00,1303.310,0,0
48,TIMER,0,48,2018.01.02 00:00:00,1514851200,282,2018.01.01 23:00,2018.01.01 22:00,2017.12.29 23:00,2017.12.29 22:00,1303.310,0,0
49,TIMER,0,49,2018.01.02 00:00:00,1514851200,282,2018.01.01 23:00,2018.01.01 22:00,2017.12.29 23:00,2017.12.29 22:00,1303.310,0,0
50,TIMER,0,50,2018.01.02 00:00:00,1514851200,282,2018.01.01 23:00,2018.01.01 22:00,2017.12.29 23:00,2017.12.29 22:00,1303.310,0,0
51,TIMER,0,51,2018.01.02 00:00:00,1514851200,282,2018.01.01 23:00,2018.01.01 22:00,2017.12.29 23:00,2017.12.29 22:00,1303.310,0,0
52,TIMER,0,52,2018.01.02 00:00:00,1514851200,282,2018.01.01 23:00,2018.01.01 22:00,2017.12.29 23:00,2017.12.29 22:00,1303.310,0,0
53,TIMER,0,53,2018.01.02 00:00:00,1514851200,282,2018.01.01 23:00,2018.01.01 22:00,2017.12.29 23:00,2017.12.29 22:00,1303.310,0,0
54,TIMER,0,54,2018.01.02 00:00:00,1514851200,282,2018.01.01 23:00,2018.01.01 22:00,2017.12.29 23:00,2017.12.29 22:00,1303.310,0,0
55,TIMER,0,55,2018.01.02 00:00:00,1514851200,282,2018.01.01 23:00,2018.01.01 22:00,2017.12.29 23:00,2017.12.29 22:00,1303.310,0,0
56,TIMER,0,56,2018.01.02 00:00:00,1514851200,282,2018.01.01 23:00,2018.01.01 22:00,2017.12.29 23:00,2017.12.29 22:00,1303.310,0,0
57,TIMER,0,57,2018.01.02 00:00:00,1514851200,282,2018.01.01 23:00,2018.01.01 22:00,2017.12.29 23:00,2017.12.29 22:00,1303.310,0,0
58,TIMER,0,58,2018.01.02 00:00:00,1514851200,282,2018.01.01 23:00,2018.01.01 22:00,2017.12.29 23:00,2017.12.29 22:00,1303.310,0,0
59,TIMER,0,59,2018.01.02 00:00:00,1514851200,282,2018.01.01 23:00,2018.01.01 22:00,2017.12.29 23:00,2017.12.29 22:00,1303.310,0,0
60,TIMER,0,60,2018.01.02 00:00:00,1514851200,282,2018.01.01 23:00,2018.01.01 22:00,2017.12.29 23:00,2017.12.29 22:00,1303.310,0,0
61,TIMER,0,61,2018.01.02 00:00:00,1514851200,282,2018.01.01 23:00,2018.01.01 22:00,2017.12.29 23:00,2017.12.29 22:00,1303.310,0,0
62,TIMER,0,62,2018.01.02 00:00:00,1514851200,282,2018.01.01 23:00,2018.01.01 22:00,2017.12.29 23:00,2017.12.29 22:00,1303.310,0,0
63,TIMER,0,63,2018.01.02 00:00:00,1514851200,282,2018.01.01 23:00,2018.01.01 22:00,2017.12.29 23:00,2017.12.29 22:00,1303.310,0,0
64,TIMER,0,64,2018.01.02 00:00:00,1514851200,282,2018.01.01 23:00,2018.01.01 22:00,2017.12.29 23:00,2017.12.29 22:00,1303.310,0,0
65,TIMER,0,65,2018.01.02 00:00:00,1514851200,282,2018.01.01 23:00,2018.01.01 22:00,2017.12.29 23:00,2017.12.29 22:00,1303.310,0,0
66,TIMER,0,66,2018.01.02 00:00:00,1514851200,282,2018.01.01 23:00,2018.01.01 22:00,2017.12.29 23:00,2017.12.29 22:00,1303.310,0,0
67,TIMER,0,67,2018.01.02 00:00:00,1514851200,282,2018.01.01 23:00,2018.01.01 22:00,2017.12.29 23:00,2017.12.29 22:00,1303.310,0,0
68,TIMER,0,68,2018.01.02 00:00:00,1514851200,282,2018.01.01 23:00,2018.01.01 22:00,2017.12.29 23:00,2017.12.29 22:00,1303.310,0,0
69,TIMER,0,69,2018.01.02 00:00:00,1514851200,282,2018.01.01 23:00,2018.01.01 22:00,2017.12.29 23:00,2017.12.29 22:00,1303.310,0,0
70,TIMER,0,70,2018.01.02 00:00:00,1514851200,282,2018.01.01 23:00,2018.01.01 22:00,2017.12.29 23:00,2017.12.29 22:00,1303.310,0,0
71,TIMER,0,71,2018.01.02 00:00:00,1514851200,282,2018.01.01 23:00,2018.01.01 22:00,2017.12.29 23:00,2017.12.29 22:00,1303.310,0,0
72,TIMER,0,72,2018.01.02 00:00:00,1514851200,282,2018.01.01 23:00,2018.01.01 22:00,2017.12.29 23:00,2017.12.29 22:00,1303.310,0,0
73,TIMER,0,73,2018.01.02 00:00:00,1514851200,282,2018.01.01 23:00,2018.01.01 22:00,2017.12.29 23:00,2017.12.29 22:00,1303.310,0,0
74,TIMER,0,74,2018.01.02 00:00:00,1514851200,282,2018.01.01 23:00,2018.01.01 22:00,2017.12.29 23:00,2017.12.29 22:00,1303.310,0,0
75,TIMER,0,75,2018.01.02 00:00:00,1514851200,282,2018.01.01 23:00,2018.01.01 22:00,2017.12.29 23:00,2017.12.29 22:00,1303.310,0,0
76,TIMER,0,76,2018.01.02 00:00:00,1514851200,282,2018.01.01 23:00,2018.01.01 22:00,2017.12.29 23:00,2017.12.29 22:00,1303.310,0,0
77,TIMER,0,77,2018.01.02 00:00:00,1514851200,282,2018.01.01 23:00,2018.01.01 22:00,2017.12.29 23:00,2017.12.29 22:00,1303.310,0,0
78,TIMER,0,78,2018.01.02 00:00:00,1514851200,282,2018.01.01 23:00,2018.01.01 22:00,2017.12.29 23:00,2017.12.29 22:00,1303.310,0,0
79,TIMER,0,79,2018.01.02 00:00:00,1514851200,282,2018.01.01 23:00,2018.01.01 22:00,2017.12.29 23:00,2017.12.29 22:00,1303.310,0,0
80,TIMER,0,80,2018.01.02 00:00:00,1514851200,282,2018.01.01 23:00,2018.01.01 22:00,2017.12.29 23:00,2017.12.29 22:00,1303.310,0,0
81,TIMER,0,81,2018.01.02 00:00:00,1514851200,282,2018.01.01 23:00,2018.01.01 22:00,2017.12.29 23:00,2017.12.29 22:00,1303.310,0,0
82,TIMER,0,82,2018.01.02 00:00:00,1514851200,282,2018.01.01 23:00,2018.01.01 22:00,2017.12.29 23:00,2017.12.29 22:00,1303.310,0,0
83,TIMER,0,83,2018.01.02 00:00:00,1514851200,282,2018.01.01 23:00,2018.01.01 22:00,2017.12.29 23:00,2017.12.29 22:00,1303.310,0,0
84,TIMER,0,84,2018.01.02 00:00:00,1514851200,282,2018.01.01 23:00,2018.01.01 22:00,2017.12.29 23:00,2017.12.29 22:00,1303.310,0,0
85,TIMER,0,85,2018.01.02 00:00:00,1514851200,282,2018.01.01 23:00,2018.01.01 22:00,2017.12.29 23:00,2017.12.29 22:00,1303.310,0,0
86,TIMER,0,86,2018.01.02 00:00:00,1514851200,282,2018.01.01 23:00,2018.01.01 22:00,2017.12.29 23:00,2017.12.29 22:00,1303.310,0,0
87,TIMER,0,87,2018.01.02 00:00:00,1514851200,282,2018.01.01 23:00,2018.01.01 22:00,2017.12.29 23:00,2017.12.29 22:00,1303.310,0,0
88,TIMER,0,88,2018.01.02 00:00:00,1514851200,282,2018.01.01 23:00,2018.01.01 22:00,2017.12.29 23:00,2017.12.29 22:00,1303.310,0,0
89,TIMER,0,89,2018.01.02 00:00:00,1514851200,282,2018.01.01 23:00,2018.01.01 22:00,2017.12.29 23:00,2017.12.29 22:00,1303.310,0,0
90,TIMER,0,90,2018.01.02 00:00:00,1514851200,282,2018.01.01 23:00,2018.01.01 22:00,2017.12.29 23:00,2017.12.29 22:00,1303.310,0,0
91,TIMER,0,91,2018.01.02 00:00:00,1514851200,282,2018.01.01 23:00,2018.01.01 22:00,2017.12.29 23:00,2017.12.29 22:00,1303.310,0,0
92,TIMER,0,92,2018.01.02 00:00:00,1514851200,297,2018.01.01 23:00,2018.01.01 22:00,2017.12.29 23:00,2017.12.29 22:00,1303.310,0,0
93,TIMER,0,93,2018.01.02 00:00:00,1514851200,297,2018.01.01 23:00,2018.01.01 22:00,2017.12.29 23:00,2017.12.29 22:00,1303.310,0,0
94,TIMER,0,94,2018.01.02 00:00:00,1514851200,297,2018.01.01 23:00,2018.01.01 22:00,2017.12.29 23:00,2017.12.29 22:00,1303.310,0,0
95,TIMER,0,95,2018.01.02 00:00:00,1514851200,297,2018.01.01 23:00,2018.01.01 22:00,2017.12.29 23:00,2017.12.29 22:00,1303.310,0,0
96,TIMER,0,96,2018.01.02 00:00:00,1514851200,297,2018.01.01 23:00,2018.01.01 22:00,2017.12.29 23:00,2017.12.29 22:00,1303.310,0,0
97,TIMER,0,97,2018.01.02 00:00:00,1514851200,297,2018.01.01 23:00,2018.01.01 22:00,2017.12.29 23:00,2017.12.29 22:00,1303.310,0,0
98,TIMER,0,98,2018.01.02 00:00:00,1514851200,297,2018.01.01 23:00,2018.01.01 22:00,2017.12.29 23:00,2017.12.29 22:00,1303.310,0,0
99,TIMER,0,99,2018.01.02 00:00:00,1514851200,297,2018.01.01 23:00,2018.01.01 22:00,2017.12.29 23:00,2017.12.29 22:00,1303.310,0,0
100,TIMER,0,100,2018.01.02 00:00:00,1514851200,297,2018.01.01 23:00,2018.01.01 22:00,2017.12.29 23:00,2017.12.29 22:00,1303.310,0,0
101,TIMER,0,101,2018.01.02 00:00:00,1514851200,297,2018.01.01 23:00,2018.01.01 22:00,2017.12.29 23:00,2017.12.29 22:00,1303.310,0,0
102,TIMER,0,102,2018.01.02 00:00:00,1514851200,297,2018.01.01 23:00,2018.01.01 22:00,2017.12.29 23:00,2017.12.29 22:00,1303.310,0,0
103,TIMER,0,103,2018.01.02 00:00:00,1514851200,297,2018.01.01 23:00,2018.01.01 22:00,2017.12.29 23:00,2017.12.29 22:00,1303.310,0,0
104,TIMER,0,104,2018.01.02 00:00:00,1514851200,297,2018.01.01 23:00,2018.01.01 22:00,2017.12.29 23:00,2017.12.29 22:00,1303.310,0,0
105,TIMER,0,105,2018.01.02 00:00:00,1514851200,297,2018.01.01 23:00,2018.01.01 22:00,2017.12.29 23:00,2017.12.29 22:00,1303.310,0,0
106,TIMER,0,106,2018.01.02 00:00:00,1514851200,297,2018.01.01 23:00,2018.01.01 22:00,2017.12.29 23:00,2017.12.29 22:00,1303.310,0,0
107,TIMER,0,107,2018.01.02 00:00:00,1514851200,297,2018.01.01 23:00,2018.01.01 22:00,2017.12.29 23:00,2017.12.29 22:00,1303.310,0,0
108,TIMER,0,108,2018.01.02 00:00:00,1514851200,297,2018.01.01 23:00,2018.01.01 22:00,2017.12.29 23:00,2017.12.29 22:00,1303.310,0,0
109,TIMER,0,109,2018.01.02 00:00:00,1514851200,297,2018.01.01 23:00,2018.01.01 22:00,2017.12.29 23:00,2017.12.29 22:00,1303.310,0,0
110,TIMER,0,110,2018.01.02 00:00:00,1514851200,297,2018.01.01 23:00,2018.01.01 22:00,2017.12.29 23:00,2017.12.29 22:00,1303.310,0,0
111,TIMER,0,111,2018.01.02 00:00:00,1514851200,297,2018.01.01 23:00,2018.01.01 22:00,2017.12.29 23:00,2017.12.29 22:00,1303.310,0,0
112,TIMER,0,112,2018.01.02 00:00:00,1514851200,297,2018.01.01 23:00,2018.01.01 22:00,2017.12.29 23:00,2017.12.29 22:00,1303.310,0,0
113,TIMER,0,113,2018.01.02 00:00:00,1514851200,297,2018.01.01 23:00,2018.01.01 22:00,2017.12.29 23:00,2017.12.29 22:00,1303.310,0,0
114,TIMER,0,114,2018.01.02 00:00:00,1514851200,297,2018.01.01 23:00,2018.01.01 22:00,2017.12.29 23:00,2017.12.29 22:00,1303.310,0,0
115,TIMER,0,115,2018.01.02 00:00:00,1514851200,297,2018.01.01 23:00,2018.01.01 22:00,2017.12.29 23:00,2017.12.29 22:00,1303.310,0,0
116,TIMER,0,116,2018.01.02 00:00:00,1514851200,297,2018.01.01 23:00,2018.01.01 22:00,2017.12.29 23:00,2017.12.29 22:00,1303.310,0,0
117,TIMER,0,117,2018.01.02 00:00:00,1514851200,297,2018.01.01 23:00,2018.01.01 22:00,2017.12.29 23:00,2017.12.29 22:00,1303.310,0,0
118,TIMER,0,118,2018.01.02 00:00:00,1514851200,297,2018.01.01 23:00,2018.01.01 22:00,2017.12.29 23:00,2017.12.29 22:00,1303.310,0,0
119,TIMER,0,119,2018.01.02 00:00:00,1514851200,297,2018.01.01 23:00,2018.01.01 22:00,2017.12.29 23:00,2017.12.29 22:00,1303.310,0,0
120,TIMER,0,120,2018.01.02 00:00:00,1514851200,297,2018.01.01 23:00,2018.01.01 22:00,2017.12.29 23:00,2017.12.29 22:00,1303.310,0,0
121,TIMER,0,121,2018.01.02 00:00:00,1514851200,297,2018.01.01 23:00,2018.01.01 22:00,2017.12.29 23:00,2017.12.29 22:00,1303.310,0,0
122,TIMER,0,122,2018.01.02 00:00:00,1514851200,297,2018.01.01 23:00,2018.01.01 22:00,2017.12.29 23:00,2017.12.29 22:00,1303.310,0,0
123,TIMER,0,123,2018.01.02 00:00:00,1514851200,297,2018.01.01 23:00,2018.01.01 22:00,2017.12.29 23:00,2017.12.29 22:00,1303.310,0,0
124,TIMER,0,124,2018.01.02 00:00:00,1514851200,297,2018.01.01 23:00,2018.01.01 22:00,2017.12.29 23:00,2017.12.29 22:00,1303.310,0,0
125,TIMER,0,125,2018.01.02 00:00:00,1514851200,297,2018.01.01 23:00,2018.01.01 22:00,2017.12.29 23:00,2017.12.29 22:00,1303.310,0,0
126,TIMER,0,126,2018.01.02 00:00:00,1514851200,297,2018.01.01 23:00,2018.01.01 22:00,2017.12.29 23:00,2017.12.29 22:00,1303.310,0,0
127,TIMER,0,127,2018.01.02 00:00:00,1514851200,297,2018.01.01 23:00,2018.01.01 22:00,2017.12.29 23:00,2017.12.29 22:00,1303.310,0,0
128,TIMER,0,128,2018.01.02 00:00:00,1514851200,297,2018.01.01 23:00,2018.01.01 22:00,2017.12.29 23:00,2017.12.29 22:00,1303.310,0,0
129,TIMER,0,129,2018.01.02 00:00:00,1514851200,297,2018.01.01 23:00,2018.01.01 22:00,2017.12.29 23:00,2017.12.29 22:00,1303.310,0,0
130,TIMER,0,130,2018.01.02 00:00:00,1514851200,297,2018.01.01 23:00,2018.01.01 22:00,2017.12.29 23:00,2017.12.29 22:00,1303.310,0,0
131,TIMER,0,131,2018.01.02 00:00:00,1514851200,297,2018.01.01 23:00,2018.01.01 22:00,2017.12.29 23:00,2017.12.29 22:00,1303.310,0,0
132,TIMER,0,132,2018.01.02 00:00:00,1514851200,297,2018.01.01 23:00,2018.01.01 22:00,2017.12.29 23:00,2017.12.29 22:00,1303.310,0,0
133,TIMER,0,133,2018.01.02 00:00:00,1514851200,297,2018.01.01 23:00,2018.01.01 22:00,2017.12.29 23:00,2017.12.29 22:00,1303.310,0,0
134,TIMER,0,134,2018.01.02 00:00:00,1514851200,297,2018.01.01 23:00,2018.01.01 22:00,2017.12.29 23:00,2017.12.29 22:00,1303.310,0,0
135,TIMER,0,135,2018.01.02 00:00:00,1514851200,297,2018.01.01 23:00,2018.01.01 22:00,2017.12.29 23:00,2017.12.29 22:00,1303.310,0,0
136,TIMER,0,136,2018.01.02 00:00:00,1514851200,297,2018.01.01 23:00,2018.01.01 22:00,2017.12.29 23:00,2017.12.29 22:00,1303.310,0,0
137,TIMER,0,137,2018.01.02 00:00:00,1514851200,297,2018.01.01 23:00,2018.01.01 22:00,2017.12.29 23:00,2017.12.29 22:00,1303.310,0,0
138,TIMER,0,138,2018.01.02 00:00:00,1514851200,297,2018.01.01 23:00,2018.01.01 22:00,2017.12.29 23:00,2017.12.29 22:00,1303.310,0,0
139,TIMER,0,139,2018.01.02 00:00:00,1514851200,297,2018.01.01 23:00,2018.01.01 22:00,2017.12.29 23:00,2017.12.29 22:00,1303.310,0,0
140,TIMER,0,140,2018.01.02 00:00:00,1514851200,297,2018.01.01 23:00,2018.01.01 22:00,2017.12.29 23:00,2017.12.29 22:00,1303.310,0,0
141,TIMER,0,141,2018.01.02 00:00:00,1514851200,297,2018.01.01 23:00,2018.01.01 22:00,2017.12.29 23:00,2017.12.29 22:00,1303.310,0,0
142,TIMER,0,142,2018.01.02 00:00:00,1514851200,297,2018.01.01 23:00,2018.01.01 22:00,2017.12.29 23:00,2017.12.29 22:00,1303.310,0,0
143,TIMER,0,143,2018.01.02 00:00:00,1514851200,297,2018.01.01 23:00,2018.01.01 22:00,2017.12.29 23:00,2017.12.29 22:00,1303.310,0,0
144,TIMER,0,144,2018.01.02 00:00:00,1514851200,297,2018.01.01 23:00,2018.01.01 22:00,2017.12.29 23:00,2017.12.29 22:00,1303.310,0,0
145,TIMER,0,145,2018.01.02 00:00:00,1514851200,297,2018.01.01 23:00,2018.01.01 22:00,2017.12.29 23:00,2017.12.29 22:00,1303.310,0,0
146,TIMER,0,146,2018.01.02 00:00:00,1514851200,297,2018.01.01 23:00,2018.01.01 22:00,2017.12.29 23:00,2017.12.29 22:00,1303.310,0,0
147,TIMER,0,147,2018.01.02 00:00:00,1514851200,297,2018.01.01 23:00,2018.01.01 22:00,2017.12.29 23:00,2017.12.29 22:00,1303.310,0,0
148,TIMER,0,148,2018.01.02 00:00:00,1514851200,297,2018.01.01 23:00,2018.01.01 22:00,2017.12.29 23:00,2017.12.29 22:00,1303.310,0,0
149,TIMER,0,149,2018.01.02 00:00:00,1514851200,297,2018.01.01 23:00,2018.01.01 22:00,2017.12.29 23:00,2017.12.29 22:00,1303.310,0,0
150,TIMER,0,150,2018.01.02 00:00:00,1514851200,297,2018.01.01 23:00,2018.01.01 22:00,2017.12.29 23:00,2017.12.29 22:00,1303.310,0,0
151,TIMER,0,151,2018.01.02 00:00:00,1514851200,297,2018.01.01 23:00,2018.01.01 22:00,2017.12.29 23:00,2017.12.29 22:00,1303.310,0,0
152,TIMER,0,152,2018.01.02 00:00:00,1514851200,297,2018.01.01 23:00,2018.01.01 22:00,2017.12.29 23:00,2017.12.29 22:00,1303.310,0,0
153,TIMER,0,153,2018.01.02 00:00:00,1514851200,297,2018.01.01 23:00,2018.01.01 22:00,2017.12.29 23:00,2017.12.29 22:00,1303.310,0,0
154,TIMER,0,154,2018.01.02 00:00:00,1514851200,297,2018.01.01 23:00,2018.01.01 22:00,2017.12.29 23:00,2017.12.29 22:00,1303.310,0,0
155,TIMER,0,155,2018.01.02 00:00:00,1514851200,297,2018.01.01 23:00,2018.01.01 22:00,2017.12.29 23:00,2017.12.29 22:00,1303.310,0,0
156,TIMER,0,156,2018.01.02 00:00:00,1514851200,297,2018.01.01 23:00,2018.01.01 22:00,2017.12.29 23:00,2017.12.29 22:00,1303.310,0,0
157,TIMER,0,157,2018.01.02 00:00:00,1514851200,297,2018.01.01 23:00,2018.01.01 22:00,2017.12.29 23:00,2017.12.29 22:00,1303.310,0,0
158,TIMER,0,158,2018.01.02 00:00:00,1514851200,297,2018.01.01 23:00,2018.01.01 22:00,2017.12.29 23:00,2017.12.29 22:00,1303.310,0,0
159,TIMER,0,159,2018.01.02 00:00:00,1514851200,297,2018.01.01 23:00,2018.01.01 22:00,2017.12.29 23:00,2017.12.29 22:00,1303.310,0,0
160,TIMER,0,160,2018.01.02 00:00:00,1514851200,297,2018.01.01 23:00,2018.01.01 22:00,2017.12.29 23:00,2017.12.29 22:00,1303.310,0,0
161,TIMER,0,161,2018.01.02 00:00:00,1514851200,297,2018.01.01 23:00,2018.01.01 22:00,2017.12.29 23:00,2017.12.29 22:00,1303.310,0,0
162,TIMER,0,162,2018.01.02 00:00:00,1514851200,297,2018.01.01 23:00,2018.01.01 22:00,2017.12.29 23:00,2017.12.29 22:00,1303.310,0,0
163,TIMER,0,163,2018.01.02 00:00:00,1514851200,297,2018.01.01 23:00,2018.01.01 22:00,2017.12.29 23:00,2017.12.29 22:00,1303.310,0,0
164,TIMER,0,164,2018.01.02 00:00:00,1514851200,297,2018.01.01 23:00,2018.01.01 22:00,2017.12.29 23:00,2017.12.29 22:00,1303.310,0,0
165,TIMER,0,165,2018.01.02 00:00:00,1514851200,297,2018.01.01 23:00,2018.01.01 22:00,2017.12.29 23:00,2017.12.29 22:00,1303.310,0,0
166,TIMER,0,166,2018.01.02 00:00:00,1514851200,297,2018.01.01 23:00,2018.01.01 22:00,2017.12.29 23:00,2017.12.29 22:00,1303.310,0,0
167,TIMER,0,167,2018.01.02 00:00:00,1514851200,297,2018.01.01 23:00,2018.01.01 22:00,2017.12.29 23:00,2017.12.29 22:00,1303.310,0,0
168,TIMER,0,168,2018.01.02 00:00:00,1514851200,297,2018.01.01 23:00,2018.01.01 22:00,2017.12.29 23:00,2017.12.29 22:00,1303.310,0,0
169,TIMER,0,169,2018.01.02 00:00:00,1514851200,297,2018.01.01 23:00,2018.01.01 22:00,2017.12.29 23:00,2017.12.29 22:00,1303.310,0,0
170,TIMER,0,170,2018.01.02 00:00:00,1514851200,297,2018.01.01 23:00,2018.01.01 22:00,2017.12.29 23:00,2017.12.29 22:00,1303.310,0,0
171,TIMER,0,171,2018.01.02 00:00:00,1514851200,297,2018.01.01 23:00,2018.01.01 22:00,2017.12.29 23:00,2017.12.29 22:00,1303.310,0,0
172,TIMER,0,172,2018.01.02 00:00:00,1514851200,297,2018.01.01 23:00,2018.01.01 22:00,2017.12.29 23:00,2017.12.29 22:00,1303.310,0,0
173,TIMER,0,173,2018.01.02 00:00:00,1514851200,297,2018.01.01 23:00,2018.01.01 22:00,2017.12.29 23:00,2017.12.29 22:00,1303.310,0,0
174,TIMER,0,174,2018.01.02 00:00:00,1514851200,297,2018.01.01 23:00,2018.01.01 22:00,2017.12.29 23:00,2017.12.29 22:00,1303.310,0,0
175,TIMER,0,175,2018.01.02 00:00:00,1514851200,297,2018.01.01 23:00,2018.01.01 22:00,2017.12.29 23:00,2017.12.29 22:00,1303.310,0,0
176,TIMER,0,176,2018.01.02 00:00:00,1514851200,297,2018.01.01 23:00,2018.01.01 22:00,2017.12.29 23:00,2017.12.29 22:00,1303.310,0,0
177,TIMER,0,177,2018.01.02 00:00:00,1514851200,297,2018.01.01 23:00,2018.01.01 22:00,2017.12.29 23:00,2017.12.29 22:00,1303.310,0,0
178,TIMER,0,178,2018.01.02 00:00:00,1514851200,297,2018.01.01 23:00,2018.01.01 22:00,2017.12.29 23:00,2017.12.29 22:00,1303.310,0,0
179,TIMER,0,179,2018.01.02 00:00:00,1514851200,297,2018.01.01 23:00,2018.01.01 22:00,2017.12.29 23:00,2017.12.29 22:00,1303.310,0,0
180,TIMER,0,180,2018.01.02 00:00:00,1514851200,297,2018.01.01 23:00,2018.01.01 22:00,2017.12.29 23:00,2017.12.29 22:00,1303.310,0,0
181,TIMER,0,181,2018.01.02 00:00:00,1514851200,297,2018.01.01 23:00,2018.01.01 22:00,2017.12.29 23:00,2017.12.29 22:00,1303.310,0,0
182,TIMER,0,182,2018.01.02 00:00:00,1514851200,297,2018.01.01 23:00,2018.01.01 22:00,2017.12.29 23:00,2017.12.29 22:00,1303.310,0,0
183,TIMER,0,183,2018.01.02 00:00:00,1514851200,297,2018.01.01 23:00,2018.01.01 22:00,2017.12.29 23:00,2017.12.29 22:00,1303.310,0,0
184,TIMER,0,184,2018.01.02 00:00:00,1514851200,297,2018.01.01 23:00,2018.01.01 22:00,2017.12.29 23:00,2017.12.29 22:00,1303.310,0,0
185,TIMER,0,185,2018.01.02 00:00:00,1514851200,297,2018.01.01 23:00,2018.01.01 22:00,2017.12.29 23:00,2017.12.29 22:00,1303.310,0,0
186,TIMER,0,186,2018.01.02 00:00:00,1514851200,297,2018.01.01 23:00,2018.01.01 22:00,2017.12.29 23:00,2017.12.29 22:00,1303.310,0,0
187,TIMER,0,187,2018.01.02 00:00:00,1514851200,297,2018.01.01 23:00,2018.01.01 22:00,2017.12.29 23:00,2017.12.29 22:00,1303.310,0,0
188,TIMER,0,188,2018.01.02 00:00:00,1514851200,297,2018.01.01 23:00,2018.01.01 22:00,2017.12.29 23:00,2017.12.29 22:00,1303.310,0,0
189,TIMER,0,189,2018.01.02 00:00:00,1514851200,297,2018.01.01 23:00,2018.01.01 22:00,2017.12.29 23:00,2017.12.29 22:00,1303.310,0,0
190,TIMER,0,190,2018.01.02 00:00:00,1514851200,297,2018.01.01 23:00,2018.01.01 22:00,2017.12.29 23:00,2017.12.29 22:00,1303.310,0,0
191,TIMER,0,191,2018.01.02 00:00:00,1514851200,297,2018.01.01 23:00,2018.01.01 22:00,2017.12.29 23:00,2017.12.29 22:00,1303.310,0,0
192,TIMER,0,192,2018.01.02 00:00:00,1514851200,297,2018.01.01 23:00,2018.01.01 22:00,2017.12.29 23:00,2017.12.29 22:00,1303.310,0,0
193,TIMER,0,193,2018.01.02 00:00:00,1514851200,297,2018.01.01 23:00,2018.01.01 22:00,2017.12.29 23:00,2017.12.29 22:00,1303.310,0,0
194,TIMER,0,194,2018.01.02 00:00:00,1514851200,297,2018.01.01 23:00,2018.01.01 22:00,2017.12.29 23:00,2017.12.29 22:00,1303.310,0,0
195,TIMER,0,195,2018.01.02 00:00:00,1514851200,297,2018.01.01 23:00,2018.01.01 22:00,2017.12.29 23:00,2017.12.29 22:00,1303.310,0,0
196,TIMER,0,196,2018.01.02 00:00:00,1514851200,297,2018.01.01 23:00,2018.01.01 22:00,2017.12.29 23:00,2017.12.29 22:00,1303.310,0,0
197,TIMER,0,197,2018.01.02 00:00:00,1514851200,297,2018.01.01 23:00,2018.01.01 22:00,2017.12.29 23:00,2017.12.29 22:00,1303.310,0,0
198,TIMER,0,198,2018.01.02 00:00:00,1514851200,297,2018.01.01 23:00,2018.01.01 22:00,2017.12.29 23:00,2017.12.29 22:00,1303.310,0,0
199,TIMER,0,199,2018.01.02 00:00:00,1514851200,297,2018.01.01 23:00,2018.01.01 22:00,2017.12.29 23:00,2017.12.29 22:00,1303.310,0,0
200,TIMER,0,200,2018.01.02 00:00:00,1514851200,297,2018.01.01 23:00,2018.01.01 22:00,2017.12.29 23:00,2017.12.29 22:00,1303.310,0,0
201,TIMER,0,201,2018.01.02 00:00:00,1514851200,297,2018.01.01 23:00,2018.01.01 22:00,2017.12.29 23:00,2017.12.29 22:00,1303.310,0,0
202,TIMER,0,202,2018.01.02 00:00:00,1514851200,297,2018.01.01 23:00,2018.01.01 22:00,2017.12.29 23:00,2017.12.29 22:00,1303.310,0,0
203,TIMER,0,203,2018.01.02 00:00:00,1514851200,297,2018.01.01 23:00,2018.01.01 22:00,2017.12.29 23:00,2017.12.29 22:00,1303.310,0,0
204,TIMER,0,204,2018.01.02 00:00:00,1514851200,297,2018.01.01 23:00,2018.01.01 22:00,2017.12.29 23:00,2017.12.29 22:00,1303.310,0,0
205,TIMER,0,205,2018.01.02 00:00:00,1514851200,297,2018.01.01 23:00,2018.01.01 22:00,2017.12.29 23:00,2017.12.29 22:00,1303.310,0,0
206,TIMER,0,206,2018.01.02 00:00:00,1514851200,297,2018.01.01 23:00,2018.01.01 22:00,2017.12.29 23:00,2017.12.29 22:00,1303.310,0,0
207,TIMER,0,207,2018.01.02 00:00:00,1514851200,297,2018.01.01 23:00,2018.01.01 22:00,2017.12.29 23:00,2017.12.29 22:00,1303.310,0,0
208,TIMER,0,208,2018.01.02 00:00:00,1514851200,297,2018.01.01 23:00,2018.01.01 22:00,2017.12.29 23:00,2017.12.29 22:00,1303.310,0,0
209,TIMER,0,209,2018.01.02 00:00:00,1514851200,297,2018.01.01 23:00,2018.01.01 22:00,2017.12.29 23:00,2017.12.29 22:00,1303.310,0,0
210,TIMER,0,210,2018.01.02 00:00:00,1514851200,297,2018.01.01 23:00,2018.01.01 22:00,2017.12.29 23:00,2017.12.29 22:00,1303.310,0,0
211,TIMER,0,211,2018.01.02 00:00:00,1514851200,297,2018.01.01 23:00,2018.01.01 22:00,2017.12.29 23:00,2017.12.29 22:00,1303.310,0,0
212,TIMER,0,212,2018.01.02 00:00:00,1514851200,297,2018.01.01 23:00,2018.01.01 22:00,2017.12.29 23:00,2017.12.29 22:00,1303.310,0,0
213,TIMER,0,213,2018.01.02 00:00:00,1514851200,297,2018.01.01 23:00,2018.01.01 22:00,2017.12.29 23:00,2017.12.29 22:00,1303.310,0,0
214,TIMER,0,214,2018.01.02 00:00:00,1514851200,297,2018.01.01 23:00,2018.01.01 22:00,2017.12.29 23:00,2017.12.29 22:00,1303.310,0,0
215,TIMER,0,215,2018.01.02 00:00:00,1514851200,297,2018.01.01 23:00,2018.01.01 22:00,2017.12.29 23:00,2017.12.29 22:00,1303.310,0,0
216,TIMER,0,216,2018.01.02 00:00:00,1514851200,297,2018.01.01 23:00,2018.01.01 22:00,2017.12.29 23:00,2017.12.29 22:00,1303.310,0,0
217,TIMER,0,217,2018.01.02 00:00:00,1514851200,297,2018.01.01 23:00,2018.01.01 22:00,2017.12.29 23:00,2017.12.29 22:00,1303.310,0,0
218,TIMER,0,218,2018.01.02 00:00:00,1514851200,297,2018.01.01 23:00,2018.01.01 22:00,2017.12.29 23:00,2017.12.29 22:00,1303.310,0,0
219,TIMER,0,219,2018.01.02 00:00:00,1514851200,297,2018.01.01 23:00,2018.01.01 22:00,2017.12.29 23:00,2017.12.29 22:00,1303.310,0,0
220,TIMER,0,220,2018.01.02 00:00:00,1514851200,297,2018.01.01 23:00,2018.01.01 22:00,2017.12.29 23:00,2017.12.29 22:00,1303.310,0,0
221,TIMER,0,221,2018.01.02 00:00:00,1514851200,297,2018.01.01 23:00,2018.01.01 22:00,2017.12.29 23:00,2017.12.29 22:00,1303.310,0,0
222,TIMER,0,222,2018.01.02 00:00:00,1514851200,297,2018.01.01 23:00,2018.01.01 22:00,2017.12.29 23:00,2017.12.29 22:00,1303.310,0,0
223,TIMER,0,223,2018.01.02 00:00:00,1514851200,297,2018.01.01 23:00,2018.01.01 22:00,2017.12.29 23:00,2017.12.29 22:00,1303.310,0,0
224,TIMER,0,224,2018.01.02 00:00:00,1514851200,297,2018.01.01 23:00,2018.01.01 22:00,2017.12.29 23:00,2017.12.29 22:00,1303.310,0,0
225,TIMER,0,225,2018.01.02 00:00:00,1514851200,297,2018.01.01 23:00,2018.01.01 22:00,2017.12.29 23:00,2017.12.29 22:00,1303.310,0,0
226,TIMER,0,226,2018.01.02 00:00:00,1514851200,297,2018.01.01 23:00,2018.01.01 22:00,2017.12.29 23:00,2017.12.29 22:00,1303.310,0,0
227,TIMER,0,227,2018.01.02 00:00:00,1514851200,297,2018.01.01 23:00,2018.01.01 22:00,2017.12.29 23:00,2017.12.29 22:00,1303.310,0,0
228,TIMER,0,228,2018.01.02 00:00:00,1514851200,297,2018.01.01 23:00,2018.01.01 22:00,2017.12.29 23:00,2017.12.29 22:00,1303.310,0,0
229,TIMER,0,229,2018.01.02 00:00:00,1514851200,297,2018.01.01 23:00,2018.01.01 22:00,2017.12.29 23:00,2017.12.29 22:00,1303.310,0,0
230,TIMER,0,230,2018.01.02 00:00:00,1514851200,297,2018.01.01 23:00,2018.01.01 22:00,2017.12.29 23:00,2017.12.29 22:00,1303.310,0,0
231,TIMER,0,231,2018.01.02 00:00:00,1514851200,297,2018.01.01 23:00,2018.01.01 22:00,2017.12.29 23:00,2017.12.29 22:00,1303.310,0,0
232,TIMER,0,232,2018.01.02 00:00:00,1514851200,297,2018.01.01 23:00,2018.01.01 22:00,2017.12.29 23:00,2017.12.29 22:00,1303.310,0,0
233,TIMER,0,233,2018.01.02 00:00:00,1514851200,297,2018.01.01 23:00,2018.01.01 22:00,2017.12.29 23:00,2017.12.29 22:00,1303.310,0,0
234,TIMER,0,234,2018.01.02 00:00:00,1514851200,297,2018.01.01 23:00,2018.01.01 22:00,2017.12.29 23:00,2017.12.29 22:00,1303.310,0,0
235,TIMER,0,235,2018.01.02 00:00:00,1514851200,297,2018.01.01 23:00,2018.01.01 22:00,2017.12.29 23:00,2017.12.29 22:00,1303.310,0,0
236,TIMER,0,236,2018.01.02 00:00:00,1514851200,297,2018.01.01 23:00,2018.01.01 22:00,2017.12.29 23:00,2017.12.29 22:00,1303.310,0,0
237,TIMER,0,237,2018.01.02 00:00:00,1514851200,297,2018.01.01 23:00,2018.01.01 22:00,2017.12.29 23:00,2017.12.29 22:00,1303.310,0,0
238,TIMER,0,238,2018.01.02 00:00:00,1514851200,297,2018.01.01 23:00,2018.01.01 22:00,2017.12.29 23:00,2017.12.29 22:00,1303.310,0,0
239,TIMER,0,239,2018.01.02 00:00:00,1514851200,297,2018.01.01 23:00,2018.01.01 22:00,2017.12.29 23:00,2017.12.29 22:00,1303.310,0,0
240,TIMER,0,240,2018.01.02 00:00:00,1514851200,297,2018.01.01 23:00,2018.01.01 22:00,2017.12.29 23:00,2017.12.29 22:00,1303.310,0,0
241,TIMER,0,241,2018.01.02 00:00:00,1514851200,297,2018.01.01 23:00,2018.01.01 22:00,2017.12.29 23:00,2017.12.29 22:00,1303.310,0,0
242,TIMER,0,242,2018.01.02 00:00:00,1514851200,297,2018.01.01 23:00,2018.01.01 22:00,2017.12.29 23:00,2017.12.29 22:00,1303.310,0,0
243,TIMER,0,243,2018.01.02 00:00:00,1514851200,297,2018.01.01 23:00,2018.01.01 22:00,2017.12.29 23:00,2017.12.29 22:00,1303.310,0,0
244,TIMER,0,244,2018.01.02 00:00:00,1514851200,297,2018.01.01 23:00,2018.01.01 22:00,2017.12.29 23:00,2017.12.29 22:00,1303.310,0,0
245,TIMER,0,245,2018.01.02 00:00:00,1514851200,297,2018.01.01 23:00,2018.01.01 22:00,2017.12.29 23:00,2017.12.29 22:00,1303.310,0,0
246,TIMER,0,246,2018.01.02 00:00:00,1514851200,297,2018.01.01 23:00,2018.01.01 22:00,2017.12.29 23:00,2017.12.29 22:00,1303.310,0,0
247,TIMER,0,247,2018.01.02 00:00:00,1514851200,297,2018.01.01 23:00,2018.01.01 22:00,2017.12.29 23:00,2017.12.29 22:00,1303.310,0,0
248,TIMER,0,248,2018.01.02 00:00:00,1514851200,297,2018.01.01 23:00,2018.01.01 22:00,2017.12.29 23:00,2017.12.29 22:00,1303.310,0,0
249,TIMER,0,249,2018.01.02 00:00:00,1514851200,297,2018.01.01 23:00,2018.01.01 22:00,2017.12.29 23:00,2017.12.29 22:00,1303.310,0,0
250,TIMER,0,250,2018.01.02 00:00:00,1514851200,297,2018.01.01 23:00,2018.01.01 22:00,2017.12.29 23:00,2017.12.29 22:00,1303.310,0,0
251,TIMER,0,251,2018.01.02 00:00:00,1514851200,297,2018.01.01 23:00,2018.01.01 22:00,2017.12.29 23:00,2017.12.29 22:00,1303.310,0,0
252,TIMER,0,252,2018.01.02 00:00:00,1514851200,297,2018.01.01 23:00,2018.01.01 22:00,2017.12.29 23:00,2017.12.29 22:00,1303.310,0,0
253,TIMER,0,253,2018.01.02 00:00:00,1514851200,297,2018.01.01 23:00,2018.01.01 22:00,2017.12.29 23:00,2017.12.29 22:00,1303.310,0,0
254,TIMER,0,254,2018.01.02 00:00:00,1514851200,297,2018.01.01 23:00,2018.01.01 22:00,2017.12.29 23:00,2017.12.29 22:00,1303.310,0,0
255,TIMER,0,255,2018.01.02 00:00:00,1514851200,297,2018.01.01 23:00,2018.01.01 22:00,2017.12.29 23:00,2017.12.29 22:00,1303.310,0,0
256,TIMER,0,256,2018.01.02 00:00:00,1514851200,297,2018.01.01 23:00,2018.01.01 22:00,2017.12.29 23:00,2017.12.29 22:00,1303.310,0,0
257,TIMER,0,257,2018.01.02 00:00:00,1514851200,297,2018.01.01 23:00,2018.01.01 22:00,2017.12.29 23:00,2017.12.29 22:00,1303.310,0,0
258,TIMER,0,258,2018.01.02 00:00:00,1514851200,297,2018.01.01 23:00,2018.01.01 22:00,2017.12.29 23:00,2017.12.29 22:00,1303.310,0,0
259,TIMER,0,259,2018.01.02 00:00:00,1514851200,297,2018.01.01 23:00,2018.01.01 22:00,2017.12.29 23:00,2017.12.29 22:00,1303.310,0,0
260,TIMER,0,260,2018.01.02 00:00:00,1514851200,297,2018.01.01 23:00,2018.01.01 22:00,2017.12.29 23:00,2017.12.29 22:00,1303.310,0,0
261,TIMER,0,261,2018.01.02 00:00:00,1514851200,297,2018.01.01 23:00,2018.01.01 22:00,2017.12.29 23:00,2017.12.29 22:00,1303.310,0,0
262,TIMER,0,262,2018.01.02 00:00:00,1514851200,297,2018.01.01 23:00,2018.01.01 22:00,2017.12.29 23:00,2017.12.29 22:00,1303.310,0,0
263,TIMER,0,263,2018.01.02 00:00:00,1514851200,297,2018.01.01 23:00,2018.01.01 22:00,2017.12.29 23:00,2017.12.29 22:00,1303.310,0,0
264,TIMER,0,264,2018.01.02 00:00:00,1514851200,297,2018.01.01 23:00,2018.01.01 22:00,2017.12.29 23:00,2017.12.29 22:00,1303.310,0,0
265,TIMER,0,265,2018.01.02 00:00:00,1514851200,297,2018.01.01 23:00,2018.01.01 22:00,2017.12.29 23:00,2017.12.29 22:00,1303.310,0,0
266,TIMER,0,266,2018.01.02 00:00:00,1514851200,297,2018.01.01 23:00,2018.01.01 22:00,2017.12.29 23:00,2017.12.29 22:00,1303.310,0,0
267,TIMER,0,267,2018.01.02 00:00:00,1514851200,297,2018.01.01 23:00,2018.01.01 22:00,2017.12.29 23:00,2017.12.29 22:00,1303.310,0,0
268,TIMER,0,268,2018.01.02 00:00:00,1514851200,297,2018.01.01 23:00,2018.01.01 22:00,2017.12.29 23:00,2017.12.29 22:00,1303.310,0,0
269,TIMER,0,269,2018.01.02 00:00:00,1514851200,297,2018.01.01 23:00,2018.01.01 22:00,2017.12.29 23:00,2017.12.29 22:00,1303.310,0,0
270,TIMER,0,270,2018.01.02 00:00:00,1514851200,297,2018.01.01 23:00,2018.01.01 22:00,2017.12.29 23:00,2017.12.29 22:00,1303.310,0,0
271,TIMER,0,271,2018.01.02 00:00:00,1514851200,297,2018.01.01 23:00,2018.01.01 22:00,2017.12.29 23:00,2017.12.29 22:00,1303.310,0,0
272,TIMER,0,272,2018.01.02 00:00:00,1514851200,297,2018.01.01 23:00,2018.01.01 22:00,2017.12.29 23:00,2017.12.29 22:00,1303.310,0,0
273,TIMER,0,273,2018.01.02 00:00:00,1514851200,297,2018.01.01 23:00,2018.01.01 22:00,2017.12.29 23:00,2017.12.29 22:00,1303.310,0,0
274,TIMER,0,274,2018.01.02 00:00:00,1514851200,297,2018.01.01 23:00,2018.01.01 22:00,2017.12.29 23:00,2017.12.29 22:00,1303.310,0,0
275,TIMER,0,275,2018.01.02 00:00:00,1514851200,297,2018.01.01 23:00,2018.01.01 22:00,2017.12.29 23:00,2017.12.29 22:00,1303.310,0,0
276,TIMER,0,276,2018.01.02 00:00:00,1514851200,297,2018.01.01 23:00,2018.01.01 22:00,2017.12.29 23:00,2017.12.29 22:00,1303.310,0,0
277,TIMER,0,277,2018.01.02 00:00:00,1514851200,297,2018.01.01 23:00,2018.01.01 22:00,2017.12.29 23:00,2017.12.29 22:00,1303.310,0,0
278,TIMER,0,278,2018.01.02 00:00:00,1514851200,297,2018.01.01 23:00,2018.01.01 22:00,2017.12.29 23:00,2017.12.29 22:00,1303.310,0,0
279,TIMER,0,279,2018.01.02 00:00:00,1514851200,297,2018.01.01 23:00,2018.01.01 22:00,2017.12.29 23:00,2017.12.29 22:00,1303.310,0,0
280,TIMER,0,280,2018.01.02 00:00:00,1514851200,297,2018.01.01 23:00,2018.01.01 22:00,2017.12.29 23:00,2017.12.29 22:00,1303.310,0,0
281,TIMER,0,281,2018.01.02 00:00:00,1514851200,297,2018.01.01 23:00,2018.01.01 22:00,2017.12.29 23:00,2017.12.29 22:00,1303.310,0,0
282,TIMER,0,282,2018.01.02 00:00:00,1514851200,297,2018.01.01 23:00,2018.01.01 22:00,2017.12.29 23:00,2017.12.29 22:00,1303.310,0,0
283,TIMER,0,283,2018.01.02 00:00:00,1514851200,297,2018.01.01 23:00,2018.01.01 22:00,2017.12.29 23:00,2017.12.29 22:00,1303.310,0,0
284,TIMER,0,284,2018.01.02 00:00:00,1514851200,297,2018.01.01 23:00,2018.01.01 22:00,2017.12.29 23:00,2017.12.29 22:00,1303.310,0,0
285,TIMER,0,285,2018.01.02 00:00:00,1514851200,297,2018.01.01 23:00,2018.01.01 22:00,2017.12.29 23:00,2017.12.29 22:00,1303.310,0,0
286,TIMER,0,286,2018.01.02 00:00:00,1514851200,297,2018.01.01 23:00,2018.01.01 22:00,2017.12.29 23:00,2017.12.29 22:00,1303.310,0,0
287,TIMER,0,287,2018.01.02 00:00:00,1514851200,297,2018.01.01 23:00,2018.01.01 22:00,2017.12.29 23:00,2017.12.29 22:00,1303.310,0,0
288,TIMER,0,288,2018.01.02 00:00:00,1514851200,297,2018.01.01 23:00,2018.01.01 22:00,2017.12.29 23:00,2017.12.29 22:00,1303.310,0,0
289,TIMER,0,289,2018.01.02 00:00:00,1514851200,297,2018.01.01 23:00,2018.01.01 22:00,2017.12.29 23:00,2017.12.29 22:00,1303.310,0,0
290,TIMER,0,290,2018.01.02 00:00:00,1514851200,297,2018.01.01 23:00,2018.01.01 22:00,2017.12.29 23:00,2017.12.29 22:00,1303.310,0,0
291,TIMER,0,291,2018.01.02 00:00:00,1514851200,297,2018.01.01 23:00,2018.01.01 22:00,2017.12.29 23:00,2017.12.29 22:00,1303.310,0,0
292,TIMER,0,292,2018.01.02 00:00:00,1514851200,297,2018.01.01 23:00,2018.01.01 22:00,2017.12.29 23:00,2017.12.29 22:00,1303.310,0,0
293,TIMER,0,293,2018.01.02 00:00:00,1514851200,297,2018.01.01 23:00,2018.01.01 22:00,2017.12.29 23:00,2017.12.29 22:00,1303.310,0,0
294,TIMER,0,294,2018.01.02 00:00:00,1514851200,297,2018.01.01 23:00,2018.01.01 22:00,2017.12.29 23:00,2017.12.29 22:00,1303.310,0,0
295,TIMER,0,295,2018.01.02 00:00:00,1514851200,297,2018.01.01 23:00,2018.01.01 22:00,2017.12.29 23:00,2017.12.29 22:00,1303.310,0,0
296,TIMER,0,296,2018.01.02 00:00:00,1514851200,297,2018.01.01 23:00,2018.01.01 22:00,2017.12.29 23:00,2017.12.29 22:00,1303.310,0,0
297,TIMER,0,297,2018.01.02 00:00:00,1514851200,297,2018.01.01 23:00,2018.01.01 22:00,2017.12.29 23:00,2017.12.29 22:00,1303.310,0,0
298,TIMER,0,298,2018.01.02 00:00:00,1514851200,297,2018.01.01 23:00,2018.01.01 22:00,2017.12.29 23:00,2017.12.29 22:00,1303.310,0,0
299,TIMER,0,299,2018.01.02 00:00:00,1514851200,297,2018.01.01 23:00,2018.01.01 22:00,2017.12.29 23:00,2017.12.29 22:00,1303.310,0,0
300,TIMER,0,300,2018.01.02 00:00:00,1514851200,297,2018.01.01 23:00,2018.01.01 22:00,2017.12.29 23:00,2017.12.29 22:00,1303.310,0,0
611,TICK,1,610,2018.01.02 00:01:01,1514851261,297,2018.01.02 00:00,2018.01.01 23:00,2017.12.29 23:00,2017.12.29 22:00,1303.310,0,0
922,TICK,2,920,2018.01.02 00:01:32,1514851292,297,2018.01.02 00:00,2018.01.01 23:00,2017.12.29 23:00,2017.12.29 22:00,1303.310,0,0
923,TICK,3,920,2018.01.02 00:01:32,1514851292,297,2018.01.02 00:00,2018.01.01 23:00,2017.12.29 23:00,2017.12.29 22:00,1303.310,0,0
1003,TIMER,3,1000,2018.01.02 00:01:32,1514851292,297,2018.01.02 00:00,2018.01.01 23:00,2017.12.29 23:00,2017.12.29 22:00,1303.310,0,0
1113,TICK,4,1109,2018.01.02 00:01:50,1514851310,297,2018.01.02 00:00,2018.01.01 23:00,2017.12.29 23:00,2017.12.29 22:00,1303.310,0,0
1247,TICK,5,1242,2018.01.02 00:02:04,1514851324,297,2018.01.02 00:00,2018.01.01 23:00,2017.12.29 23:00,2017.12.29 22:00,1303.310,0,0
1615,TICK,6,1609,2018.01.02 00:02:40,1514851360,297,2018.01.02 00:00,2018.01.01 23:00,2017.12.29 23:00,2017.12.29 22:00,1303.310,0,0
1994,TICK,7,1987,2018.01.02 00:03:18,1514851398,297,2018.01.02 00:00,2018.01.01 23:00,2017.12.29 23:00,2017.12.29 22:00,1303.310,0,0
2007,TIMER,7,2000,2018.01.02 00:03:18,1514851398,297,2018.01.02 00:00,2018.01.01 23:00,2017.12.29 23:00,2017.12.29 22:00,1303.310,0,0
2283,TICK,8,2275,2018.01.02 00:03:47,1514851427,297,2018.01.02 00:00,2018.01.01 23:00,2017.12.29 23:00,2017.12.29 22:00,1303.310,0,0
2295,TICK,9,2286,2018.01.02 00:03:48,1514851428,297,2018.01.02 00:00,2018.01.01 23:00,2017.12.29 23:00,2017.12.29 22:00,1303.310,0,0
2297,TICK,10,2287,2018.01.02 00:03:48,1514851428,297,2018.01.02 00:00,2018.01.01 23:00,2017.12.29 23:00,2017.12.29 22:00,1303.310,0,0
2298,TICK,11,2287,2018.01.02 00:03:48,1514851428,297,2018.01.02 00:00,2018.01.01 23:00,2017.12.29 23:00,2017.12.29 22:00,1303.310,0,0
2319,TICK,12,2307,2018.01.02 00:03:50,1514851430,297,2018.01.02 00:00,2018.01.01 23:00,2017.12.29 23:00,2017.12.29 22:00,1303.310,0,0
2456,TICK,13,2443,2018.01.02 00:04:04,1514851444,297,2018.01.02 00:00,2018.01.01 23:00,2017.12.29 23:00,2017.12.29 22:00,1303.310,0,0
2459,TICK,14,2445,2018.01.02 00:04:04,1514851444,297,2018.01.02 00:00,2018.01.01 23:00,2017.12.29 23:00,2017.12.29 22:00,1303.310,0,0
2461,TICK,15,2446,2018.01.02 00:04:04,1514851444,297,2018.01.02 00:00,2018.01.01 23:00,2017.12.29 23:00,2017.12.29 22:00,1303.310,0,0
2462,TICK,16,2446,2018.01.02 00:04:04,1514851444,297,2018.01.02 00:00,2018.01.01 23:00,2017.12.29 23:00,2017.12.29 22:00,1303.310,0,0
2464,TICK,17,2447,2018.01.02 00:04:04,1514851444,297,2018.01.02 00:00,2018.01.01 23:00,2017.12.29 23:00,2017.12.29 22:00,1303.310,0,0
2465,TICK,18,2447,2018.01.02 00:04:04,1514851444,297,2018.01.02 00:00,2018.01.01 23:00,2017.12.29 23:00,2017.12.29 22:00,1303.310,0,0
2467,TICK,19,2448,2018.01.02 00:04:04,1514851444,297,2018.01.02 00:00,2018.01.01 23:00,2017.12.29 23:00,2017.12.29 22:00,1303.310,0,0
2469,TICK,20,2449,2018.01.02 00:04:04,1514851444,297,2018.01.02 00:00,2018.01.01 23:00,2017.12.29 23:00,2017.12.29 22:00,1303.310,0,0
2470,TICK,21,2449,2018.01.02 00:04:04,1514851444,297,2018.01.02 00:00,2018.01.01 23:00,2017.12.29 23:00,2017.12.29 22:00,1303.310,0,0
2472,TICK,22,2450,2018.01.02 00:04:05,1514851445,297,2018.01.02 00:00,2018.01.01 23:00,2017.12.29 23:00,2017.12.29 22:00,1303.310,0,0
2473,TICK,23,2450,2018.01.02 00:04:05,1514851445,297,2018.01.02 00:00,2018.01.01 23:00,2017.12.29 23:00,2017.12.29 22:00,1303.310,0,0
2782,TICK,24,2758,2018.01.02 00:04:35,1514851475,297,2018.01.02 00:00,2018.01.01 23:00,2017.12.29 23:00,2017.12.29 22:00,1303.310,0,0
2784,TICK,25,2759,2018.01.02 00:04:35,1514851475,297,2018.01.02 00:00,2018.01.01 23:00,2017.12.29 23:00,2017.12.29 22:00,1303.310,0,0
3025,TIMER,25,3000,2018.01.02 00:04:35,1514851475,297,2018.01.02 00:00,2018.01.01 23:00,2017.12.29 23:00,2017.12.29 22:00,1303.310,0,0
3143,TICK,26,3117,2018.01.02 00:05:11,1514851511,297,2018.01.02 00:00,2018.01.01 23:00,2017.12.29 23:00,2017.12.29 22:00,1303.310,0,0
3441,TICK,27,3414,2018.01.02 00:05:41,1514851541,297,2018.01.02 00:00,2018.01.01 23:00,2017.12.29 23:00,2017.12.29 22:00,1303.310,0,0
3451,TICK,28,3423,2018.01.02 00:05:42,1514851542,297,2018.01.02 00:00,2018.01.01 23:00,2017.12.29 23:00,2017.12.29 22:00,1303.310,0,0
3452,TICK,29,3423,2018.01.02 00:05:42,1514851542,297,2018.01.02 00:00,2018.01.01 23:00,2017.12.29 23:00,2017.12.29 22:00,1303.310,0,0
3463,TICK,30,3433,2018.01.02 00:05:43,1514851543,297,2018.01.02 00:00,2018.01.01 23:00,2017.12.29 23:00,2017.12.29 22:00,1303.310,0,0
3538,TICK,31,3507,2018.01.02 00:05:50,1514851550,297,2018.01.02 00:00,2018.01.01 23:00,2017.12.29 23:00,2017.12.29 22:00,1303.310,0,0
3558,TICK,32,3526,2018.01.02 00:05:52,1514851552,297,2018.01.02 00:00,2018.01.01 23:00,2017.12.29 23:00,2017.12.29 22:00,1303.310,0,0
3636,TICK,33,3603,2018.01.02 00:06:00,1514851560,297,2018.01.02 00:00,2018.01.01 23:00,2017.12.29 23:00,2017.12.29 22:00,1303.310,0,0
3638,TICK,34,3604,2018.01.02 00:06:00,1514851560,297,2018.01.02 00:00,2018.01.01 23:00,2017.12.29 23:00,2017.12.29 22:00,1303.310,0,0
3641,TICK,35,3606,2018.01.02 00:06:00,1514851560,297,2018.01.02 00:00,2018.01.01 23:00,2017.12.29 23:00,2017.12.29 22:00,1303.310,0,0
3643,TICK,36,3607,2018.01.02 00:06:00,1514851560,297,2018.01.02 00:00,2018.01.01 23:00,2017.12.29 23:00,2017.12.29 22:00,1303.310,0,0
3644,TICK,37,3607,2018.01.02 00:06:00,1514851560,297,2018.01.02 00:00,2018.01.01 23:00,2017.12.29 23:00,2017.12.29 22:00,1303.310,0,0
3646,TICK,38,3608,2018.01.02 00:06:00,1514851560,297,2018.01.02 00:00,2018.01.01 23:00,2017.12.29 23:00,2017.12.29 22:00,1303.310,0,0
3651,TICK,39,3612,2018.01.02 00:06:01,1514851561,297,2018.01.02 00:00,2018.01.01 23:00,2017.12.29 23:00,2017.12.29 22:00,1303.310,0,0
3652,TICK,40,3612,2018.01.02 00:06:01,1514851561,297,2018.01.02 00:00,2018.01.01 23:00,2017.12.29 23:00,2017.12.29 22:00,1303.310,0,0
3653,TICK,41,3612,2018.01.02 00:06:01,1514851561,297,2018.01.02 00:00,2018.01.01 23:00,2017.12.29 23:00,2017.12.29 22:00,1303.310,0,0
3654,TICK,42,3612,2018.01.02 00:06:01,1514851561,297,2018.01.02 00:00,2018.01.01 23:00,2017.12.29 23:00,2017.12.29 22:00,1303.310,0,0
3656,TICK,43,3613,2018.01.02 00:06:01,1514851561,297,2018.01.02 00:00,2018.01.01 23:00,2017.12.29 23:00,2017.12.29 22:00,1303.310,0,0
3666,TICK,44,3622,2018.01.02 00:06:02,1514851562,297,2018.01.02 00:00,2018.01.01 23:00,2017.12.29 23:00,2017.12.29 22:00,1303.310,0,0
3667,TICK,45,3622,2018.01.02 00:06:02,1514851562,297,2018.01.02 00:00,2018.01.01 23:00,2017.12.29 23:00,2017.12.29 22:00,1303.310,0,0
3668,TICK,46,3622,2018.01.02 00:06:02,1514851562,297,2018.01.02 00:00,2018.01.01 23:00,2017.12.29 23:00,2017.12.29 22:00,1303.310,0,0
3669,TICK,47,3622,2018.01.02 00:06:02,1514851562,297,2018.01.02 00:00,2018.01.01 23:00,2017.12.29 23:00,2017.12.29 22:00,1303.310,0,0
3670,TICK,48,3622,2018.01.02 00:06:02,1514851562,297,2018.01.02 00:00,2018.01.01 23:00,2017.12.29 23:00,2017.12.29 22:00,1303.310,0,0
3798,TICK,49,3749,2018.01.02 00:06:14,1514851574,297,2018.01.02 00:00,2018.01.01 23:00,2017.12.29 23:00,2017.12.29 22:00,1303.310,0,0
3799,TICK,50,3749,2018.01.02 00:06:14,1514851574,297,2018.01.02 00:00,2018.01.01 23:00,2017.12.29 23:00,2017.12.29 22:00,1303.310,0,0
3800,TICK,51,3749,2018.01.02 00:06:14,1514851574,297,2018.01.02 00:00,2018.01.01 23:00,2017.12.29 23:00,2017.12.29 22:00,1303.310,0,0
3801,TICK,52,3749,2018.01.02 00:06:14,1514851574,297,2018.01.02 00:00,2018.01.01 23:00,2017.12.29 23:00,2017.12.29 22:00,1303.310,0,0
3803,TICK,53,3750,2018.01.02 00:06:15,1514851575,297,2018.01.02 00:00,2018.01.01 23:00,2017.12.29 23:00,2017.12.29 22:00,1303.310,0,0
3804,TICK,54,3750,2018.01.02 00:06:15,1514851575,297,2018.01.02 00:00,2018.01.01 23:00,2017.12.29 23:00,2017.12.29 22:00,1303.310,0,0
3807,TICK,55,3752,2018.01.02 00:06:15,1514851575,297,2018.01.02 00:00,2018.01.01 23:00,2017.12.29 23:00,2017.12.29 22:00,1303.310,0,0
3815,TICK,56,3759,2018.01.02 00:06:15,1514851575,297,2018.01.02 00:00,2018.01.01 23:00,2017.12.29 23:00,2017.12.29 22:00,1303.310,0,0
3816,TICK,57,3759,2018.01.02 00:06:15,1514851575,297,2018.01.02 00:00,2018.01.01 23:00,2017.12.29 23:00,2017.12.29 22:00,1303.310,0,0
3818,TICK,58,3760,2018.01.02 00:06:16,1514851576,297,2018.01.02 00:00,2018.01.01 23:00,2017.12.29 23:00,2017.12.29 22:00,1303.310,0,0
3933,TICK,59,3874,2018.01.02 00:06:27,1514851587,297,2018.01.02 00:00,2018.01.01 23:00,2017.12.29 23:00,2017.12.29 22:00,1303.310,0,0
3934,TICK,60,3874,2018.01.02 00:06:27,1514851587,297,2018.01.02 00:00,2018.01.01 23:00,2017.12.29 23:00,2017.12.29 22:00,1303.310,0,0
3936,TICK,61,3875,2018.01.02 00:06:27,1514851587,297,2018.01.02 00:00,2018.01.01 23:00,2017.12.29 23:00,2017.12.29 22:00,1303.310,0,0
3937,TICK,62,3875,2018.01.02 00:06:27,1514851587,297,2018.01.02 00:00,2018.01.01 23:00,2017.12.29 23:00,2017.12.29 22:00,1303.310,0,0
3938,TICK,63,3875,2018.01.02 00:06:27,1514851587,297,2018.01.02 00:00,2018.01.01 23:00,2017.12.29 23:00,2017.12.29 22:00,1303.310,0,0
3939,TICK,64,3875,2018.01.02 00:06:27,1514851587,297,2018.01.02 00:00,2018.01.01 23:00,2017.12.29 23:00,2017.12.29 22:00,1303.310,0,0
4038,TICK,65,3973,2018.01.02 00:06:37,1514851597,297,2018.01.02 00:00,2018.01.01 23:00,2017.12.29 23:00,2017.12.29 22:00,1303.310,0,0
4040,TICK,66,3974,2018.01.02 00:06:37,1514851597,297,2018.01.02 00:00,2018.01.01 23:00,2017.12.29 23:00,2017.12.29 22:00,1303.310,0,0
4041,TICK,67,3974,2018.01.02 00:06:37,1514851597,297,2018.01.02 00:00,2018.01.01 23:00,2017.12.29 23:00,2017.12.29 22:00,1303.310,0,0
4042,TICK,68,3974,2018.01.02 00:06:37,1514851597,297,2018.01.02 00:00,2018.01.01 23:00,2017.12.29 23:00,2017.12.29 22:00,1303.310,0,0
4053,TICK,69,3984,2018.01.02 00:06:38,1514851598,297,2018.01.02 00:00,2018.01.01 23:00,2017.12.29 23:00,2017.12.29 22:00,1303.310,0,0
4054,TICK,70,3984,2018.01.02 00:06:38,1514851598,297,2018.01.02 00:00,2018.01.01 23:00,2017.12.29 23:00,2017.12.29 22:00,1303.310,0,0
4055,TICK,71,3984,2018.01.02 00:06:38,1514851598,297,2018.01.02 00:00,2018.01.01 23:00,2017.12.29 23:00,2017.12.29 22:00,1303.310,0,0
4071,TIMER,71,4000,2018.01.02 00:06:38,1514851598,297,2018.01.02 00:00,2018.01.01 23:00,2017.12.29 23:00,2017.12.29 22:00,1303.310,0,0
4090,TICK,72,4018,2018.01.02 00:06:41,1514851601,297,2018.01.02 00:00,2018.01.01 23:00,2017.12.29 23:00,2017.12.29 22:00,1303.310,0,0
4091,TICK,73,4018,2018.01.02 00:06:41,1514851601,297,2018.01.02 00:00,2018.01.01 23:00,2017.12.29 23:00,2017.12.29 22:00,1303.310,0,0
4093,TICK,74,4019,2018.01.02 00:06:41,1514851601,297,2018.01.02 00:00,2018.01.01 23:00,2017.12.29 23:00,2017.12.29 22:00,1303.310,0,0
4104,TICK,75,4029,2018.01.02 00:06:42,1514851602,297,2018.01.02 00:00,2018.01.01 23:00,2017.12.29 23:00,2017.12.29 22:00,1303.310,0,0
4105,TICK,76,4029,2018.01.02 00:06:42,1514851602,297,2018.01.02 00:00,2018.01.01 23:00,2017.12.29 23:00,2017.12.29 22:00,1303.310,0,0
4106,TICK,77,4029,2018.01.02 00:06:42,1514851602,297,2018.01.02 00:00,2018.01.01 23:00,2017.12.29 23:00,2017.12.29 22:00,1303.310,0,0
4107,TICK,78,4029,2018.01.02 00:06:42,1514851602,297,2018.01.02 00:00,2018.01.01 23:00,2017.12.29 23:00,2017.12.29 22:00,1303.310,0,0
4149,TICK,79,4070,2018.01.02 00:06:47,1514851607,297,2018.01.02 00:00,2018.01.01 23:00,2017.12.29 23:00,2017.12.29 22:00,1303.310,0,0
4150,TICK,80,4070,2018.01.02 00:06:47,1514851607,297,2018.01.02 00:00,2018.01.01 23:00,2017.12.29 23:00,2017.12.29 22:00,1303.310,0,0
4151,TICK,81,4070,2018.01.02 00:06:47,1514851607,297,2018.01.02 00:00,2018.01.01 23:00,2017.12.29 23:00,2017.12.29 22:00,1303.310,0,0
4153,TICK,82,4071,2018.01.02 00:06:47,1514851607,297,2018.01.02 00:00,2018.01.01 23:00,2017.12.29 23:00,2017.12.29 22:00,1303.310,0,0
4163,TICK,83,4080,2018.01.02 00:06:48,1514851608,297,2018.01.02 00:00,2018.01.01 23:00,2017.12.29 23:00,2017.12.29 22:00,1303.310,0,0
4164,TICK,84,4080,2018.01.02 00:06:48,1514851608,297,2018.01.02 00:00,2018.01.01 23:00,2017.12.29 23:00,2017.12.29 22:00,1303.310,0,0
4165,TICK,85,4080,2018.01.02 00:06:48,1514851608,297,2018.01.02 00:00,2018.01.01 23:00,2017.12.29 23:00,2017.12.29 22:00,1303.310,0,0
4217,TICK,86,4131,2018.01.02 00:06:53,1514851613,297,2018.01.02 00:00,2018.01.01 23:00,2017.12.29 23:00,2017.12.29 22:00,1303.310,0,0
4219,TICK,87,4132,2018.01.02 00:06:53,1514851613,297,2018.01.02 00:00,2018.01.01 23:00,2017.12.29 23:00,2017.12.29 22:00,1303.310,0,0
4221,TICK,88,4133,2018.01.02 00:06:53,1514851613,297,2018.01.02 00:00,2018.01.01 23:00,2017.12.29 23:00,2017.12.29 22:00,1303.310,0,0
4250,TICK,89,4161,2018.01.02 00:06:56,1514851616,297,2018.01.02 00:00,2018.01.01 23:00,2017.12.29 23:00,2017.12.29 22:00,1303.310,0,0
4252,TICK,90,4162,2018.01.02 00:06:56,1514851616,297,2018.01.02 00:00,2018.01.01 23:00,2017.12.29 23:00,2017.12.29 22:00,1303.310,0,0
4253,TICK,91,4162,2018.01.02 00:06:56,1514851616,297,2018.01.02 00:00,2018.01.01 23:00,2017.12.29 23:00,2017.12.29 22:00,1303.310,0,0
4255,TICK,92,4163,2018.01.02 00:06:56,1514851616,297,2018.01.02 00:00,2018.01.01 23:00,2017.12.29 23:00,2017.12.29 22:00,1303.310,0,0
4258,TICK,93,4165,2018.01.02 00:06:56,1514851616,297,2018.01.02 00:00,2018.01.01 23:00,2017.12.29 23:00,2017.12.29 22:00,1303.310,0,0
4259,TICK,94,4165,2018.01.02 00:06:56,1514851616,297,2018.01.02 00:00,2018.01.01 23:00,2017.12.29 23:00,2017.12.29 22:00,1303.310,0,0
4260,TICK,95,4165,2018.01.02 00:06:56,1514851616,297,2018.01.02 00:00,2018.01.01 23:00,2017.12.29 23:00,2017.12.29 22:00,1303.310,0,0
4325,TICK,96,4229,2018.01.02 00:07:02,1514851622,297,2018.01.02 00:00,2018.01.01 23:00,2017.12.29 23:00,2017.12.29 22:00,1303.310,0,0
4327,TICK,97,4230,2018.01.02 00:07:03,1514851623,297,2018.01.02 00:00,2018.01.01 23:00,2017.12.29 23:00,2017.12.29 22:00,1303.310,0,0
4338,TICK,98,4240,2018.01.02 00:07:04,1514851624,297,2018.01.02 00:00,2018.01.01 23:00,2017.12.29 23:00,2017.12.29 22:00,1303.310,0,0
4339,TICK,99,4240,2018.01.02 00:07:04,1514851624,297,2018.01.02 00:00,2018.01.01 23:00,2017.12.29 23:00,2017.12.29 22:00,1303.310,0,0
4428,TICK,100,4328,2018.01.02 00:07:12,1514851632,297,2018.01.02 00:00,2018.01.01 23:00,2017.12.29 23:00,2017.12.29 22:00,1303.310,0,0
4429,TICK,101,4328,2018.01.02 00:07:12,1514851632,297,2018.01.02 00:00,2018.01.01 23:00,2017.12.29 23:00,2017.12.29 22:00,1303.310,0,0
4677,TICK,102,4575,2018.01.02 00:07:37,1514851657,297,2018.01.02 00:00,2018.01.01 23:00,2017.12.29 23:00,2017.12.29 22:00,1303.310,0,0
4679,TICK,103,4576,2018.01.02 00:07:37,1514851657,297,2018.01.02 00:00,2018.01.01 23:00,2017.12.29 23:00,2017.12.29 22:00,1303.310,0,0
4680,TICK,104,4576,2018.01.02 00:07:37,1514851657,297,2018.01.02 00:00,2018.01.01 23:00,2017.12.29 23:00,2017.12.29 22:00,1303.310,0,0
4681,TICK,105,4576,2018.01.02 00:07:37,1514851657,297,2018.01.02 00:00,2018.01.01 23:00,2017.12.29 23:00,2017.12.29 22:00,1303.310,0,0
4683,TICK,106,4577,2018.01.02 00:07:37,1514851657,297,2018.01.02 00:00,2018.01.01 23:00,2017.12.29 23:00,2017.12.29 22:00,1303.310,0,0
4684,TICK,107,4577,2018.01.02 00:07:37,1514851657,297,2018.01.02 00:00,2018.01.01 23:00,2017.12.29 23:00,2017.12.29 22:00,1303.310,0,0
4685,TICK,108,4577,2018.01.02 00:07:37,1514851657,297,2018.01.02 00:00,2018.01.01 23:00,2017.12.29 23:00,2017.12.29 22:00,1303.310,0,0
4695,TICK,109,4586,2018.01.02 00:07:38,1514851658,297,2018.01.02 00:00,2018.01.01 23:00,2017.12.29 23:00,2017.12.29 22:00,1303.310,0,0
4696,TICK,110,4586,2018.01.02 00:07:38,1514851658,297,2018.01.02 00:00,2018.01.01 23:00,2017.12.29 23:00,2017.12.29 22:00,1303.310,0,0
4697,TICK,111,4586,2018.01.02 00:07:38,1514851658,297,2018.01.02 00:00,2018.01.01 23:00,2017.12.29 23:00,2017.12.29 22:00,1303.310,0,0
4718,TICK,112,4606,2018.01.02 00:07:40,1514851660,297,2018.01.02 00:00,2018.01.01 23:00,2017.12.29 23:00,2017.12.29 22:00,1303.310,0,0
4719,TICK,113,4606,2018.01.02 00:07:40,1514851660,297,2018.01.02 00:00,2018.01.01 23:00,2017.12.29 23:00,2017.12.29 22:00,1303.310,0,0
4720,TICK,114,4606,2018.01.02 00:07:40,1514851660,297,2018.01.02 00:00,2018.01.01 23:00,2017.12.29 23:00,2017.12.29 22:00,1303.310,0,0
4731,TICK,115,4616,2018.01.02 00:07:41,1514851661,297,2018.01.02 00:00,2018.01.01 23:00,2017.12.29 23:00,2017.12.29 22:00,1303.310,0,0
4732,TICK,116,4616,2018.01.02 00:07:41,1514851661,297,2018.01.02 00:00,2018.01.01 23:00,2017.12.29 23:00,2017.12.29 22:00,1303.310,0,0
4733,TICK,117,4616,2018.01.02 00:07:41,1514851661,297,2018.01.02 00:00,2018.01.01 23:00,2017.12.29 23:00,2017.12.29 22:00,1303.310,0,0
4801,TICK,118,4683,2018.01.02 00:07:48,1514851668,297,2018.01.02 00:00,2018.01.01 23:00,2017.12.29 23:00,2017.12.29 22:00,1303.310,0,0
4804,TICK,119,4685,2018.01.02 00:07:48,1514851668,297,2018.01.02 00:00,2018.01.01 23:00,2017.12.29 23:00,2017.12.29 22:00,1303.310,0,0
4805,TICK,120,4685,2018.01.02 00:07:48,1514851668,297,2018.01.02 00:00,2018.01.01 23:00,2017.12.29 23:00,2017.12.29 22:00,1303.310,0,0
4806,TICK,121,4685,2018.01.02 00:07:48,1514851668,297,2018.01.02 00:00,2018.01.01 23:00,2017.12.29 23:00,2017.12.29 22:00,1303.310,0,0
4816,TICK,122,4694,2018.01.02 00:07:49,1514851669,297,2018.01.02 00:00,2018.01.01 23:00,2017.12.29 23:00,2017.12.29 22:00,1303.310,0,0
5122,TIMER,122,5000,2018.01.02 00:07:49,1514851669,297,2018.01.02 00:00,2018.01.01 23:00,2017.12.29 23:00,2017.12.29 22:00,1303.310,0,0
5132,TICK,123,5009,2018.01.02 00:08:20,1514851700,297,2018.01.02 00:00,2018.01.01 23:00,2017.12.29 23:00,2017.12.29 22:00,1303.310,0,0
5133,TICK,124,5009,2018.01.02 00:08:20,1514851700,297,2018.01.02 00:00,2018.01.01 23:00,2017.12.29 23:00,2017.12.29 22:00,1303.310,0,0
5144,TICK,125,5019,2018.01.02 00:08:21,1514851701,297,2018.01.02 00:00,2018.01.01 23:00,2017.12.29 23:00,2017.12.29 22:00,1303.310,0,0
5145,TICK,126,5019,2018.01.02 00:08:21,1514851701,297,2018.01.02 00:00,2018.01.01 23:00,2017.12.29 23:00,2017.12.29 22:00,1303.310,0,0
5246,TICK,127,5119,2018.01.02 00:08:31,1514851711,297,2018.01.02 00:00,2018.01.01 23:00,2017.12.29 23:00,2017.12.29 22:00,1303.310,0,0
5392,TICK,128,5264,2018.01.02 00:08:46,1514851726,297,2018.01.02 00:00,2018.01.01 23:00,2017.12.29 23:00,2017.12.29 22:00,1303.310,0,0
5455,TICK,129,5326,2018.01.02 00:08:52,1514851732,297,2018.01.02 00:00,2018.01.01 23:00,2017.12.29 23:00,2017.12.29 22:00,1303.310,0,0
5456,TICK,130,5326,2018.01.02 00:08:52,1514851732,297,2018.01.02 00:00,2018.01.01 23:00,2017.12.29 23:00,2017.12.29 22:00,1303.310,0,0
5457,TICK,131,5326,2018.01.02 00:08:52,1514851732,297,2018.01.02 00:00,2018.01.01 23:00,2017.12.29 23:00,2017.12.29 22:00,1303.310,0,0
5459,TICK,132,5327,2018.01.02 00:08:52,1514851732,297,2018.01.02 00:00,2018.01.01 23:00,2017.12.29 23:00,2017.12.29 22:00,1303.310,0,0
5460,TICK,133,5327,2018.01.02 00:08:52,1514851732,297,2018.01.02 00:00,2018.01.01 23:00,2017.12.29 23:00,2017.12.29 22:00,1303.310,0,0
5472,TICK,134,5338,2018.01.02 00:08:53,1514851733,297,2018.01.02 00:00,2018.01.01 23:00,2017.12.29 23:00,2017.12.29 22:00,1303.310,0,0
5534,TICK,135,5399,2018.01.02 00:08:59,1514851739,297,2018.01.02 00:00,2018.01.01 23:00,2017.12.29 23:00,2017.12.29 22:00,1303.310,0,0
5536,TICK,136,5400,2018.01.02 00:09:00,1514851740,297,2018.01.02 00:00,2018.01.01 23:00,2017.12.29 23:00,2017.12.29 22:00,1303.310,0,0
5538,TICK,137,5401,2018.01.02 00:09:00,1514851740,297,2018.01.02 00:00,2018.01.01 23:00,2017.12.29 23:00,2017.12.29 22:00,1303.310,0,0
5548,TICK,138,5410,2018.01.02 00:09:01,1514851741,297,2018.01.02 00:00,2018.01.01 23:00,2017.12.29 23:00,2017.12.29 22:00,1303.310,0,0
5551,TICK,139,5412,2018.01.02 00:09:01,1514851741,297,2018.01.02 00:00,2018.01.01 23:00,2017.12.29 23:00,2017.12.29 22:00,1303.310,0,0
5654,TICK,140,5514,2018.01.02 00:09:11,1514851751,297,2018.01.02 00:00,2018.01.01 23:00,2017.12.29 23:00,2017.12.29 22:00,1303.310,0,0
5688,TICK,141,5547,2018.01.02 00:09:14,1514851754,297,2018.01.02 00:00,2018.01.01 23:00,2017.12.29 23:00,2017.12.29 22:00,1303.310,0,0
5699,TICK,142,5557,2018.01.02 00:09:15,1514851755,297,2018.01.02 00:00,2018.01.01 23:00,2017.12.29 23:00,2017.12.29 22:00,1303.310,0,0
5700,TICK,143,5557,2018.01.02 00:09:15,1514851755,297,2018.01.02 00:00,2018.01.01 23:00,2017.12.29 23:00,2017.12.29 22:00,1303.310,0,0
5701,TICK,144,5557,2018.01.02 00:09:15,1514851755,297,2018.01.02 00:00,2018.01.01 23:00,2017.12.29 23:00,2017.12.29 22:00,1303.310,0,0
5702,TICK,145,5557,2018.01.02 00:09:15,1514851755,297,2018.01.02 00:00,2018.01.01 23:00,2017.12.29 23:00,2017.12.29 22:00,1303.310,0,0
5703,TICK,146,5557,2018.01.02 00:09:15,1514851755,297,2018.01.02 00:00,2018.01.01 23:00,2017.12.29 23:00,2017.12.29 22:00,1303.310,0,0
5705,TICK,147,5558,2018.01.02 00:09:15,1514851755,297,2018.01.02 00:00,2018.01.01 23:00,2017.12.29 23:00,2017.12.29 22:00,1303.310,0,0
5706,TICK,148,5558,2018.01.02 00:09:15,1514851755,297,2018.01.02 00:00,2018.01.01 23:00,2017.12.29 23:00,2017.12.29 22:00,1303.310,0,0
5718,TICK,149,5569,2018.01.02 00:09:16,1514851756,297,2018.01.02 00:00,2018.01.01 23:00,2017.12.29 23:00,2017.12.29 22:00,1303.310,0,0
5719,TICK,150,5569,2018.01.02 00:09:16,1514851756,297,2018.01.02 00:00,2018.01.01 23:00,2017.12.29 23:00,2017.12.29 22:00,1303.310,0,0
5749,TICK,151,5598,2018.01.02 00:09:19,1514851759,297,2018.01.02 00:00,2018.01.01 23:00,2017.12.29 23:00,2017.12.29 22:00,1303.310,0,0
5750,TICK,152,5598,2018.01.02 00:09:19,1514851759,297,2018.01.02 00:00,2018.01.01 23:00,2017.12.29 23:00,2017.12.29 22:00,1303.310,0,0
5762,TICK,153,5609,2018.01.02 00:09:20,1514851760,297,2018.01.02 00:00,2018.01.01 23:00,2017.12.29 23:00,2017.12.29 22:00,1303.310,0,0
5763,TICK,154,5609,2018.01.02 00:09:20,1514851760,297,2018.01.02 00:00,2018.01.01 23:00,2017.12.29 23:00,2017.12.29 22:00,1303.310,0,0
5764,TICK,155,5609,2018.01.02 00:09:20,1514851760,297,2018.01.02 00:00,2018.01.01 23:00,2017.12.29 23:00,2017.12.29 22:00,1303.310,0,0
5808,TICK,156,5652,2018.01.02 00:09:25,1514851765,297,2018.01.02 00:00,2018.01.01 23:00,2017.12.29 23:00,2017.12.29 22:00,1303.310,0,0
5809,TICK,157,5652,2018.01.02 00:09:25,1514851765,297,2018.01.02 00:00,2018.01.01 23:00,2017.12.29 23:00,2017.12.29 22:00,1303.310,0,0
5811,TICK,158,5653,2018.01.02 00:09:25,1514851765,297,2018.01.02 00:00,2018.01.01 23:00,2017.12.29 23:00,2017.12.29 22:00,1303.310,0,0
5812,TICK,159,5653,2018.01.02 00:09:25,1514851765,297,2018.01.02 00:00,2018.01.01 23:00,2017.12.29 23:00,2017.12.29 22:00,1303.310,0,0
5813,TICK,160,5653,2018.01.02 00:09:25,1514851765,297,2018.01.02 00:00,2018.01.01 23:00,2017.12.29 23:00,2017.12.29 22:00,1303.310,0,0
5815,TICK,161,5654,2018.01.02 00:09:25,1514851765,297,2018.01.02 00:00,2018.01.01 23:00,2017.12.29 23:00,2017.12.29 22:00,1303.310,0,0
5819,TICK,162,5657,2018.01.02 00:09:25,1514851765,297,2018.01.02 00:00,2018.01.01 23:00,2017.12.29 23:00,2017.12.29 22:00,1303.310,0,0
5820,TICK,163,5657,2018.01.02 00:09:25,1514851765,297,2018.01.02 00:00,2018.01.01 23:00,2017.12.29 23:00,2017.12.29 22:00,1303.310,0,0
5826,TICK,164,5662,2018.01.02 00:09:26,1514851766,297,2018.01.02 00:00,2018.01.01 23:00,2017.12.29 23:00,2017.12.29 22:00,1303.310,0,0
5832,TICK,165,5667,2018.01.02 00:09:26,1514851766,297,2018.01.02 00:00,2018.01.01 23:00,2017.12.29 23:00,2017.12.29 22:00,1303.310,0,0
5848,TICK,166,5682,2018.01.02 00:09:28,1514851768,297,2018.01.02 00:00,2018.01.01 23:00,2017.12.29 23:00,2017.12.29 22:00,1303.310,0,0
5850,TICK,167,5683,2018.01.02 00:09:28,1514851768,297,2018.01.02 00:00,2018.01.01 23:00,2017.12.29 23:00,2017.12.29 22:00,1303.310,0,0
5851,TICK,168,5683,2018.01.02 00:09:28,1514851768,297,2018.01.02 00:00,2018.01.01 23:00,2017.12.29 23:00,2017.12.29 22:00,1303.310,0,0
5872,TICK,169,5703,2018.01.02 00:09:30,1514851770,297,2018.01.02 00:00,2018.01.01 23:00,2017.12.29 23:00,2017.12.29 22:00,1303.310,0,0
5873,TICK,170,5703,2018.01.02 00:09:30,1514851770,297,2018.01.02 00:00,2018.01.01 23:00,2017.12.29 23:00,2017.12.29 22:00,1303.310,0,0
5874,TICK,171,5703,2018.01.02 00:09:30,1514851770,297,2018.01.02 00:00,2018.01.01 23:00,2017.12.29 23:00,2017.12.29 22:00,1303.310,0,0
5875,TICK,172,5703,2018.01.02 00:09:30,1514851770,297,2018.01.02 00:00,2018.01.01 23:00,2017.12.29 23:00,2017.12.29 22:00,1303.310,0,0
5880,TICK,173,5707,2018.01.02 00:09:30,1514851770,297,2018.01.02 00:00,2018.01.01 23:00,2017.12.29 23:00,2017.12.29 22:00,1303.310,0,0
5882,TICK,174,5708,2018.01.02 00:09:30,1514851770,297,2018.01.02 00:00,2018.01.01 23:00,2017.12.29 23:00,2017.12.29 22:00,1303.310,0,0
5947,TICK,175,5772,2018.01.02 00:09:37,1514851777,297,2018.01.02 00:00,2018.01.01 23:00,2017.12.29 23:00,2017.12.29 22:00,1303.310,0,0
5998,TICK,176,5822,2018.01.02 00:09:42,1514851782,297,2018.01.02 00:00,2018.01.01 23:00,2017.12.29 23:00,2017.12.29 22:00,1303.310,0,0
5999,TICK,177,5822,2018.01.02 00:09:42,1514851782,297,2018.01.02 00:00,2018.01.01 23:00,2017.12.29 23:00,2017.12.29 22:00,1303.310,0,0
6000,TICK,178,5822,2018.01.02 00:09:42,1514851782,297,2018.01.02 00:00,2018.01.01 23:00,2017.12.29 23:00,2017.12.29 22:00,1303.310,0,0
6002,TICK,179,5823,2018.01.02 00:09:42,1514851782,297,2018.01.02 00:00,2018.01.01 23:00,2017.12.29 23:00,2017.12.29 22:00,1303.310,0,0
6014,TICK,180,5834,2018.01.02 00:09:43,1514851783,297,2018.01.02 00:00,2018.01.01 23:00,2017.12.29 23:00,2017.12.29 22:00,1303.310,0,0
6134,TICK,181,5953,2018.01.02 00:09:55,1514851795,297,2018.01.02 00:00,2018.01.01 23:00,2017.12.29 23:00,2017.12.29 22:00,1303.310,0,0
6181,TIMER,181,6000,2018.01.02 00:09:55,1514851795,297,2018.01.02 00:00,2018.01.01 23:00,2017.12.29 23:00,2017.12.29 22:00,1303.310,0,0
6208,TICK,182,6026,2018.01.02 00:10:02,1514851802,297,2018.01.02 00:00,2018.01.01 23:00,2017.12.29 23:00,2017.12.29 22:00,1303.310,0,0
6209,TICK,183,6026,2018.01.02 00:10:02,1514851802,297,2018.01.02 00:00,2018.01.01 23:00,2017.12.29 23:00,2017.12.29 22:00,1303.310,0,0
6215,TICK,184,6031,2018.01.02 00:10:03,1514851803,297,2018.01.02 00:00,2018.01.01 23:00,2017.12.29 23:00,2017.12.29 22:00,1303.310,0,0
6257,TICK,185,6072,2018.01.02 00:10:07,1514851807,297,2018.01.02 00:00,2018.01.01 23:00,2017.12.29 23:00,2017.12.29 22:00,1303.310,0,0
6258,TICK,186,6072,2018.01.02 00:10:07,1514851807,297,2018.01.02 00:00,2018.01.01 23:00,2017.12.29 23:00,2017.12.29 22:00,1303.310,0,0
6260,TICK,187,6073,2018.01.02 00:10:07,1514851807,297,2018.01.02 00:00,2018.01.01 23:00,2017.12.29 23:00,2017.12.29 22:00,1303.310,0,0
6271,TICK,188,6083,2018.01.02 00:10:08,1514851808,297,2018.01.02 00:00,2018.01.01 23:00,2017.12.29 23:00,2017.12.29 22:00,1303.310,0,0
6273,TICK,189,6084,2018.01.02 00:10:08,1514851808,297,2018.01.02 00:00,2018.01.01 23:00,2017.12.29 23:00,2017.12.29 22:00,1303.310,0,0
6291,TICK,190,6101,2018.01.02 00:10:10,1514851810,297,2018.01.02 00:00,2018.01.01 23:00,2017.12.29 23:00,2017.12.29 22:00,1303.310,0,0
6292,TICK,191,6101,2018.01.02 00:10:10,1514851810,297,2018.01.02 00:00,2018.01.01 23:00,2017.12.29 23:00,2017.12.29 22:00,1303.310,0,0
6333,TICK,192,6141,2018.01.02 00:10:14,1514851814,297,2018.01.02 00:00,2018.01.01 23:00,2017.12.29 23:00,2017.12.29 22:00,1303.310,0,0
6344,TICK,193,6151,2018.01.02 00:10:15,1514851815,297,2018.01.02 00:00,2018.01.01 23:00,2017.12.29 23:00,2017.12.29 22:00,1303.310,0,0
6345,TICK,194,6151,2018.01.02 00:10:15,1514851815,297,2018.01.02 00:00,2018.01.01 23:00,2017.12.29 23:00,2017.12.29 22:00,1303.310,0,0
6347,TICK,195,6152,2018.01.02 00:10:15,1514851815,297,2018.01.02 00:00,2018.01.01 23:00,2017.12.29 23:00,2017.12.29 22:00,1303.310,0,0
6350,TICK,196,6154,2018.01.02 00:10:15,1514851815,297,2018.01.02 00:00,2018.01.01 23:00,2017.12.29 23:00,2017.12.29 22:00,1303.310,0,0
6351,TICK,197,6154,2018.01.02 00:10:15,1514851815,297,2018.01.02 00:00,2018.01.01 23:00,2017.12.29 23:00,2017.12.29 22:00,1303.310,0,0
6459,TICK,198,6261,2018.01.02 00:10:26,1514851826,297,2018.01.02 00:00,2018.01.01 23:00,2017.12.29 23:00,2017.12.29 22:00,1303.310,0,0
6461,TICK,199,6262,2018.01.02 00:10:26,1514851826,297,2018.01.02 00:00,2018.01.01 23:00,2017.12.29 23:00,2017.12.29 22:00,1303.310,0,0
6520,TICK,200,6320,2018.01.02 00:10:32,1514851832,297,2018.01.02 00:00,2018.01.01 23:00,2017.12.29 23:00,2017.12.29 22:00,1303.310,0,0
6522,TICK,201,6321,2018.01.02 00:10:32,1514851832,297,2018.01.02 00:00,2018.01.01 23:00,2017.12.29 23:00,2017.12.29 22:00,1303.310,0,0
6532,TICK,202,6330,2018.01.02 00:10:33,1514851833,297,2018.01.02 00:00,2018.01.01 23:00,2017.12.29 23:00,2017.12.29 22:00,1303.310,0,0
6533,TICK,203,6330,2018.01.02 00:10:33,1514851833,297,2018.01.02 00:00,2018.01.01 23:00,2017.12.29 23:00,2017.12.29 22:00,1303.310,0,0
6535,TICK,204,6331,2018.01.02 00:10:33,1514851833,297,2018.01.02 00:00,2018.01.01 23:00,2017.12.29 23:00,2017.12.29 22:00,1303.310,0,0
6545,TICK,205,6340,2018.01.02 00:10:34,1514851834,297,2018.01.02 00:00,2018.01.01 23:00,2017.12.29 23:00,2017.12.29 22:00,1303.310,0,0
6547,TICK,206,6341,2018.01.02 00:10:34,1514851834,297,2018.01.02 00:00,2018.01.01 23:00,2017.12.29 23:00,2017.12.29 22:00,1303.310,0,0
6548,TICK,207,6341,2018.01.02 00:10:34,1514851834,297,2018.01.02 00:00,2018.01.01 23:00,2017.12.29 23:00,2017.12.29 22:00,1303.310,0,0
6550,TICK,208,6342,2018.01.02 00:10:34,1514851834,297,2018.01.02 00:00,2018.01.01 23:00,2017.12.29 23:00,2017.12.29 22:00,1303.310,0,0
6552,TICK,209,6343,2018.01.02 00:10:34,1514851834,297,2018.01.02 00:00,2018.01.01 23:00,2017.12.29 23:00,2017.12.29 22:00,1303.310,0,0
6554,TICK,210,6344,2018.01.02 00:10:34,1514851834,297,2018.01.02 00:00,2018.01.01 23:00,2017.12.29 23:00,2017.12.29 22:00,1303.310,0,0
6555,TICK,211,6344,2018.01.02 00:10:34,1514851834,297,2018.01.02 00:00,2018.01.01 23:00,2017.12.29 23:00,2017.12.29 22:00,1303.310,0,0
6557,TICK,212,6345,2018.01.02 00:10:34,1514851834,297,2018.01.02 00:00,2018.01.01 23:00,2017.12.29 23:00,2017.12.29 22:00,1303.310,0,0
6558,TICK,213,6345,2018.01.02 00:10:34,1514851834,297,2018.01.02 00:00,2018.01.01 23:00,2017.12.29 23:00,2017.12.29 22:00,1303.310,0,0
6560,TICK,214,6346,2018.01.02 00:10:34,1514851834,297,2018.01.02 00:00,2018.01.01 23:00,2017.12.29 23:00,2017.12.29 22:00,1303.310,0,0
6577,TICK,215,6362,2018.01.02 00:10:36,1514851836,297,2018.01.02 00:00,2018.01.01 23:00,2017.12.29 23:00,2017.12.29 22:00,1303.310,0,0
6649,TICK,216,6433,2018.01.02 00:10:43,1514851843,297,2018.01.02 00:00,2018.01.01 23:00,2017.12.29 23:00,2017.12.29 22:00,1303.310,0,0
6650,TICK,217,6433,2018.01.02 00:10:43,1514851843,297,2018.01.02 00:00,2018.01.01 23:00,2017.12.29 23:00,2017.12.29 22:00,1303.310,0,0
6713,TICK,218,6495,2018.01.02 00:10:49,1514851849,297,2018.01.02 00:00,2018.01.01 23:00,2017.12.29 23:00,2017.12.29 22:00,1303.310,0,0
6799,TICK,219,6580,2018.01.02 00:10:58,1514851858,297,2018.01.02 00:00,2018.01.01 23:00,2017.12.29 23:00,2017.12.29 22:00,1303.310,0,0
6934,TICK,220,6714,2018.01.02 00:11:11,1514851871,297,2018.01.02 00:00,2018.01.01 23:00,2017.12.29 23:00,2017.12.29 22:00,1303.310,0,0
6942,TICK,221,6721,2018.01.02 00:11:12,1514851872,297,2018.01.02 00:00,2018.01.01 23:00,2017.12.29 23:00,2017.12.29 22:00,1303.310,0,0
6944,TICK,222,6722,2018.01.02 00:11:12,1514851872,297,2018.01.02 00:00,2018.01.01 23:00,2017.12.29 23:00,2017.12.29 22:00,1303.310,0,0
6945,TICK,223,6722,2018.01.02 00:11:12,1514851872,297,2018.01.02 00:00,2018.01.01 23:00,2017.12.29 23:00,2017.12.29 22:00,1303.310,0,0
6946,TICK,224,6722,2018.01.02 00:11:12,1514851872,297,2018.01.02 00:00,2018.01.01 23:00,2017.12.29 23:00,2017.12.29 22:00,1303.310,0,0
6947,TICK,225,6722,2018.01.02 00:11:12,1514851872,297,2018.01.02 00:00,2018.01.01 23:00,2017.12.29 23:00,2017.12.29 22:00,1303.310,0,0
6949,TICK,226,6723,2018.01.02 00:11:12,1514851872,297,2018.01.02 00:00,2018.01.01 23:00,2017.12.29 23:00,2017.12.29 22:00,1303.310,0,0
6951,TICK,227,6724,2018.01.02 00:11:12,1514851872,297,2018.01.02 00:00,2018.01.01 23:00,2017.12.29 23:00,2017.12.29 22:00,1303.310,0,0
6952,TICK,228,6724,2018.01.02 00:11:12,1514851872,297,2018.01.02 00:00,2018.01.01 23:00,2017.12.29 23:00,2017.12.29 22:00,1303.310,0,0
6953,TICK,229,6724,2018.01.02 00:11:12,1514851872,297,2018.01.02 00:00,2018.01.01 23:00,2017.12.29 23:00,2017.12.29 22:00,1303.310,0,0
6954,TICK,230,6724,2018.01.02 00:11:12,1514851872,297,2018.01.02 00:00,2018.01.01 23:00,2017.12.29 23:00,2017.12.29 22:00,1303.310,0,0
6955,TICK,231,6724,2018.01.02 00:11:12,1514851872,297,2018.01.02 00:00,2018.01.01 23:00,2017.12.29 23:00,2017.12.29 22:00,1303.310,0,0
6956,TICK,232,6724,2018.01.02 00:11:12,1514851872,297,2018.01.02 00:00,2018.01.01 23:00,2017.12.29 23:00,2017.12.29 22:00,1303.310,0,0
6958,TICK,233,6725,2018.01.02 00:11:12,1514851872,297,2018.01.02 00:00,2018.01.01 23:00,2017.12.29 23:00,2017.12.29 22:00,1303.310,0,0
6959,TICK,234,6725,2018.01.02 00:11:12,1514851872,297,2018.01.02 00:00,2018.01.01 23:00,2017.12.29 23:00,2017.12.29 22:00,1303.310,0,0
6960,TICK,235,6725,2018.01.02 00:11:12,1514851872,297,2018.01.02 00:00,2018.01.01 23:00,2017.12.29 23:00,2017.12.29 22:00,1303.310,0,0
6961,TICK,236,6725,2018.01.02 00:11:12,1514851872,297,2018.01.02 00:00,2018.01.01 23:00,2017.12.29 23:00,2017.12.29 22:00,1303.310,0,0
6963,TICK,237,6726,2018.01.02 00:11:12,1514851872,297,2018.01.02 00:00,2018.01.01 23:00,2017.12.29 23:00,2017.12.29 22:00,1303.310,0,0
6964,TICK,238,6726,2018.01.02 00:11:12,1514851872,297,2018.01.02 00:00,2018.01.01 23:00,2017.12.29 23:00,2017.12.29 22:00,1303.310,0,0
6965,TICK,239,6726,2018.01.02 00:11:12,1514851872,297,2018.01.02 00:00,2018.01.01 23:00,2017.12.29 23:00,2017.12.29 22:00,1303.310,0,0
6966,TICK,240,6726,2018.01.02 00:11:12,1514851872,297,2018.01.02 00:00,2018.01.01 23:00,2017.12.29 23:00,2017.12.29 22:00,1303.310,0,0
6970,TICK,241,6729,2018.01.02 00:11:12,1514851872,297,2018.01.02 00:00,2018.01.01 23:00,2017.12.29 23:00,2017.12.29 22:00,1303.310,0,0
6971,TICK,242,6729,2018.01.02 00:11:12,1514851872,297,2018.01.02 00:00,2018.01.01 23:00,2017.12.29 23:00,2017.12.29 22:00,1303.310,0,0
7007,TICK,243,6764,2018.01.02 00:11:16,1514851876,297,2018.01.02 00:00,2018.01.01 23:00,2017.12.29 23:00,2017.12.29 22:00,1303.310,0,0
7089,TICK,244,6845,2018.01.02 00:11:24,1514851884,297,2018.01.02 00:00,2018.01.01 23:00,2017.12.29 23:00,2017.12.29 22:00,1303.310,0,0
7137,TICK,245,6892,2018.01.02 00:11:29,1514851889,297,2018.01.02 00:00,2018.01.01 23:00,2017.12.29 23:00,2017.12.29 22:00,1303.310,0,0
7138,TICK,246,6892,2018.01.02 00:11:29,1514851889,297,2018.01.02 00:00,2018.01.01 23:00,2017.12.29 23:00,2017.12.29 22:00,1303.310,0,0
7139,TICK,247,6892,2018.01.02 00:11:29,1514851889,297,2018.01.02 00:00,2018.01.01 23:00,2017.12.29 23:00,2017.12.29 22:00,1303.310,0,0
7247,TIMER,247,7000,2018.01.02 00:11:29,1514851889,297,2018.01.02 00:00,2018.01.01 23:00,2017.12.29 23:00,2017.12.29 22:00,1303.310,0,0
7271,TICK,248,7023,2018.01.02 00:11:42,1514851902,297,2018.01.02 00:00,2018.01.01 23:00,2017.12.29 23:00,2017.12.29 22:00,1303.310,0,0
7326,TICK,249,7077,2018.01.02 00:11:47,1514851907,297,2018.01.02 00:00,2018.01.01 23:00,2017.12.29 23:00,2017.12.29 22:00,1303.310,0,0
7343,TICK,250,7093,2018.01.02 00:11:49,1514851909,297,2018.01.02 00:00,2018.01.01 23:00,2017.12.29 23:00,2017.12.29 22:00,1303.310,0,0
7388,TICK,251,7137,2018.01.02 00:11:53,1514851913,297,2018.01.02 00:00,2018.01.01 23:00,2017.12.29 23:00,2017.12.29 22:00,1303.310,0,0
7389,TICK,252,7137,2018.01.02 00:11:53,1514851913,297,2018.01.02 00:00,2018.01.01 23:00,2017.12.29 23:00,2017.12.29 22:00,1303.310,0,0
7390,TICK,253,7137,2018.01.02 00:11:53,1514851913,297,2018.01.02 00:00,2018.01.01 23:00,2017.12.29 23:00,2017.12.29 22:00,1303.310,0,0
7392,TICK,254,7138,2018.01.02 00:11:53,1514851913,297,2018.01.02 00:00,2018.01.01 23:00,2017.12.29 23:00,2017.12.29 22:00,1303.310,0,0
7393,TICK,255,7138,2018.01.02 00:11:53,1514851913,297,2018.01.02 00:00,2018.01.01 23:00,2017.12.29 23:00,2017.12.29 22:00,1303.310,0,0
7395,TICK,256,7139,2018.01.02 00:11:53,1514851913,297,2018.01.02 00:00,2018.01.01 23:00,2017.12.29 23:00,2017.12.29 22:00,1303.310,0,0
7397,TICK,257,7140,2018.01.02 00:11:54,1514851914,297,2018.01.02 00:00,2018.01.01 23:00,2017.12.29 23:00,2017.12.29 22:00,1303.310,0,0
7398,TICK,258,7140,2018.01.02 00:11:54,1514851914,297,2018.01.02 00:00,2018.01.01 23:00,2017.12.29 23:00,2017.12.29 22:00,1303.310,0,0
7399,TICK,259,7140,2018.01.02 00:11:54,1514851914,297,2018.01.02 00:00,2018.01.01 23:00,2017.12.29 23:00,2017.12.29 22:00,1303.310,0,0
7402,TICK,260,7142,2018.01.02 00:11:54,1514851914,297,2018.01.02 00:00,2018.01.01 23:00,2017.12.29 23:00,2017.12.29 22:00,1303.310,0,0
7413,TICK,261,7152,2018.01.02 00:11:55,1514851915,297,2018.01.02 00:00,2018.01.01 23:00,2017.12.29 23:00,2017.12.29 22:00,1303.310,0,0
7496,TICK,262,7234,2018.01.02 00:12:03,1514851923,297,2018.01.02 00:00,2018.01.01 23:00,2017.12.29 23:00,2017.12.29 22:00,1303.310,0,0
7498,TICK,263,7235,2018.01.02 00:12:03,1514851923,297,2018.01.02 00:00,2018.01.01 23:00,2017.12.29 23:00,2017.12.29 22:00,1303.310,0,0
7499,TICK,264,7235,2018.01.02 00:12:03,1514851923,297,2018.01.02 00:00,2018.01.01 23:00,2017.12.29 23:00,2017.12.29 22:00,1303.310,0,0
7500,TICK,265,7235,2018.01.02 00:12:03,1514851923,297,2018.01.02 00:00,2018.01.01 23:00,2017.12.29 23:00,2017.12.29 22:00,1303.310,0,0
7503,TICK,266,7237,2018.01.02 00:12:03,1514851923,297,2018.01.02 00:00,2018.01.01 23:00,2017.12.29 23:00,2017.12.29 22:00,1303.310,0,0
7504,TICK,267,7237,2018.01.02 00:12:03,1514851923,297,2018.01.02 00:00,2018.01.01 23:00,2017.12.29 23:00,2017.12.29 22:00,1303.310,0,0
7506,TICK,268,7238,2018.01.02 00:12:03,1514851923,297,2018.01.02 00:00,2018.01.01 23:00,2017.12.29 23:00,2017.12.29 22:00,1303.310,0,0
7508,TICK,269,7239,2018.01.02 00:12:03,1514851923,297,2018.01.02 00:00,2018.01.01 23:00,2017.12.29 23:00,2017.12.29 22:00,1303.310,0,0
7510,TICK,270,7240,2018.01.02 00:12:04,1514851924,297,2018.01.02 00:00,2018.01.01 23:00,2017.12.29 23:00,2017.12.29 22:00,1303.310,0,0
7519,TICK,271,7248,2018.01.02 00:12:04,1514851924,297,2018.01.02 00:00,2018.01.01 23:00,2017.12.29 23:00,2017.12.29 22:00,1303.310,0,0
7521,TICK,272,7249,2018.01.02 00:12:04,1514851924,297,2018.01.02 00:00,2018.01.01 23:00,2017.12.29 23:00,2017.12.29 22:00,1303.310,0,0
7523,TICK,273,7250,2018.01.02 00:12:05,1514851925,297,2018.01.02 00:00,2018.01.01 23:00,2017.12.29 23:00,2017.12.29 22:00,1303.310,0,0
7526,TICK,274,7252,2018.01.02 00:12:05,1514851925,297,2018.01.02 00:00,2018.01.01 23:00,2017.12.29 23:00,2017.12.29 22:00,1303.310,0,0
7609,TICK,275,7334,2018.01.02 00:12:13,1514851933,297,2018.01.02 00:00,2018.01.01 23:00,2017.12.29 23:00,2017.12.29 22:00,1303.310,0,0
7611,TICK,276,7335,2018.01.02 00:12:13,1514851933,297,2018.01.02 00:00,2018.01.01 23:00,2017.12.29 23:00,2017.12.29 22:00,1303.310,0,0
7614,TICK,277,7337,2018.01.02 00:12:13,1514851933,297,2018.01.02 00:00,2018.01.01 23:00,2017.12.29 23:00,2017.12.29 22:00,1303.310,0,0
7616,TICK,278,7338,2018.01.02 00:12:13,1514851933,297,2018.01.02 00:00,2018.01.01 23:00,2017.12.29 23:00,2017.12.29 22:00,1303.310,0,0
7618,TICK,279,7339,2018.01.02 00:12:13,1514851933,297,2018.01.02 00:00,2018.01.01 23:00,2017.12.29 23:00,2017.12.29 22:00,1303.310,0,0
7619,TICK,280,7339,2018.01.02 00:12:13,1514851933,297,2018.01.02 00:00,2018.01.01 23:00,2017.12.29 23:00,2017.12.29 22:00,1303.310,0,0
7621,TICK,281,7340,2018.01.02 00:12:14,1514851934,297,2018.01.02 00:00,2018.01.01 23:00,2017.12.29 23:00,2017.12.29 22:00,1303.310,0,0
7630,TICK,282,7348,2018.01.02 00:12:14,1514851934,297,2018.01.02 00:00,2018.01.01 23:00,2017.12.29 23:00,2017.12.29 22:00,1303.310,0,0
7632,TICK,283,7349,2018.01.02 00:12:14,1514851934,297,2018.01.02 00:00,2018.01.01 23:00,2017.12.29 23:00,2017.12.29 22:00,1303.310,0,0
7634,TICK,284,7350,2018.01.02 00:12:15,1514851935,297,2018.01.02 00:00,2018.01.01 23:00,2017.12.29 23:00,2017.12.29 22:00,1303.310,0,0
7711,TICK,285,7426,2018.01.02 00:12:22,1514851942,297,2018.01.02 00:00,2018.01.01 23:00,2017.12.29 23:00,2017.12.29 22:00,1303.310,0,0
7720,TICK,286,7434,2018.01.02 00:12:23,1514851943,297,2018.01.02 00:00,2018.01.01 23:00,2017.12.29 23:00,2017.12.29 22:00,1303.310,0,0
7722,TICK,287,7435,2018.01.02 00:12:23,1514851943,297,2018.01.02 00:00,2018.01.01 23:00,2017.12.29 23:00,2017.12.29 22:00,1303.310,0,0
7727,TICK,288,7439,2018.01.02 00:12:23,1514851943,297,2018.01.02 00:00,2018.01.01 23:00,2017.12.29 23:00,2017.12.29 22:00,1303.310,0,0
7729,TICK,289,7440,2018.01.02 00:12:24,1514851944,297,2018.01.02 00:00,2018.01.01 23:00,2017.12.29 23:00,2017.12.29 22:00,1303.310,0,0
7736,TICK,290,7446,2018.01.02 00:12:24,1514851944,297,2018.01.02 00:00,2018.01.01 23:00,2017.12.29 23:00,2017.12.29 22:00,1303.310,0,0
7738,TICK,291,7447,2018.01.02 00:12:24,1514851944,297,2018.01.02 00:00,2018.01.01 23:00,2017.12.29 23:00,2017.12.29 22:00,1303.310,0,0
7742,TICK,292,7450,2018.01.02 00:12:25,1514851945,297,2018.01.02 00:00,2018.01.01 23:00,2017.12.29 23:00,2017.12.29 22:00,1303.310,0,0
7797,TICK,293,7504,2018.01.02 00:12:30,1514851950,297,2018.01.02 00:00,2018.01.01 23:00,2017.12.29 23:00,2017.12.29 22:00,1303.310,0,0
7855,TICK,294,7561,2018.01.02 00:12:36,1514851956,297,2018.01.02 00:00,2018.01.01 23:00,2017.12.29 23:00,2017.12.29 22:00,1303.310,0,0
7857,TICK,295,7562,2018.01.02 00:12:36,1514851956,297,2018.01.02 00:00,2018.01.01 23:00,2017.12.29 23:00,2017.12.29 22:00,1303.310,0,0
7949,TICK,296,7653,2018.01.02 00:12:45,1514851965,297,2018.01.02 00:00,2018.01.01 23:00,2017.12.29 23:00,2017.12.29 22:00,1303.310,0,0
7960,TICK,297,7663,2018.01.02 00:12:46,1514851966,297,2018.01.02 00:00,2018.01.01 23:00,2017.12.29 23:00,2017.12.29 22:00,1303.310,0,0
8006,TICK,298,7708,2018.01.02 00:12:50,1514851970,297,2018.01.02 00:00,2018.01.01 23:00,2017.12.29 23:00,2017.12.29 22:00,1303.310,0,0
8117,TICK,299,7818,2018.01.02 00:13:01,1514851981,297,2018.01.02 00:00,2018.01.01 23:00,2017.12.29 23:00,2017.12.29 22:00,1303.310,0,0
8118,TICK,300,7818,2018.01.02 00:13:01,1514851981,297,2018.01.02 00:00,2018.01.01 23:00,2017.12.29 23:00,2017.12.29 22:00,1303.310,0,0
8317,TIMER,317,8000,2018.01.02 00:13:14,1514851994,297,2018.01.02 00:00,2018.01.01 23:00,2017.12.29 23:00,2017.12.29 22:00,1303.310,0,0
9328,TIMER,328,9000,2018.01.02 00:14:54,1514852094,297,2018.01.02 00:00,2018.01.01 23:00,2017.12.29 23:00,2017.12.29 22:00,1303.310,0,0
10444,TIMER,444,10000,2018.01.02 00:16:20,1514852180,297,2018.01.02 00:00,2018.01.01 23:00,2017.12.29 23:00,2017.12.29 22:00,1303.310,0,0
11600,TIMER,600,11000,2018.01.02 00:18:19,1514852299,297,2018.01.02 00:00,2018.01.01 23:00,2017.12.29 23:00,2017.12.29 22:00,1303.310,0,0
12724,TIMER,724,12000,2018.01.02 00:19:29,1514852369,297,2018.01.02 00:00,2018.01.01 23:00,2017.12.29 23:00,2017.12.29 22:00,1303.310,0,0
13749,TIMER,749,13000,2018.01.02 00:21:22,1514852482,297,2018.01.02 00:00,2018.01.01 23:00,2017.12.29 23:00,2017.12.29 22:00,1303.310,0,0
14801,TIMER,801,14000,2018.01.02 00:23:19,1514852599,297,2018.01.02 00:00,2018.01.01 23:00,2017.12.29 23:00,2017.12.29 22:00,1303.310,0,0
15863,TIMER,863,15000,2018.01.02 00:24:54,1514852694,297,2018.01.02 00:00,2018.01.01 23:00,2017.12.29 23:00,2017.12.29 22:00,1303.310,0,0
16891,TICK,1000,15891,2018.01.02 00:26:29,1514852789,297,2018.01.02 00:00,2018.01.01 23:00,2017.12.29 23:00,2017.12.29 22:00,1303.310,0,0
17007,TIMER,1007,16000,2018.01.02 00:26:30,1514852790,297,2018.01.02 00:00,2018.01.01 23:00,2017.12.29 23:00,2017.12.29 22:00,1303.310,0,0
18286,TIMER,1286,17000,2018.01.02 00:28:18,1514852898,297,2018.01.02 00:00,2018.01.01 23:00,2017.12.29 23:00,2017.12.29 22:00,1303.310,0,0
19348,TIMER,1348,18000,2018.01.02 00:29:53,1514852993,297,2018.01.02 00:00,2018.01.01 23:00,2017.12.29 23:00,2017.12.29 22:00,1303.310,0,0
20381,TIMER,1381,19000,2018.01.02 00:31:35,1514853095,297,2018.01.02 00:00,2018.01.01 23:00,2017.12.29 23:00,2017.12.29 22:00,1303.310,0,0
21414,TIMER,1414,20000,2018.01.02 00:33:03,1514853183,297,2018.01.02 00:00,2018.01.01 23:00,2017.12.29 23:00,2017.12.29 22:00,1303.310,0,0
22483,TIMER,1483,21000,2018.01.02 00:34:52,1514853292,297,2018.01.02 00:00,2018.01.01 23:00,2017.12.29 23:00,2017.12.29 22:00,1303.310,0,0
23533,TIMER,1533,22000,2018.01.02 00:36:33,1514853393,297,2018.01.02 00:00,2018.01.01 23:00,2017.12.29 23:00,2017.12.29 22:00,1303.310,0,0
24552,TIMER,1552,23000,2018.01.02 00:38:19,1514853499,297,2018.01.02 00:00,2018.01.01 23:00,2017.12.29 23:00,2017.12.29 22:00,1303.310,0,0
25634,TIMER,1634,24000,2018.01.02 00:39:51,1514853591,297,2018.01.02 00:00,2018.01.01 23:00,2017.12.29 23:00,2017.12.29 22:00,1303.310,0,0
26654,TIMER,1654,25000,2018.01.02 00:41:13,1514853673,297,2018.01.02 00:00,2018.01.01 23:00,2017.12.29 23:00,2017.12.29 22:00,1303.310,0,0
27662,TIMER,1662,26000,2018.01.02 00:43:05,1514853785,297,2018.01.02 00:00,2018.01.01 23:00,2017.12.29 23:00,2017.12.29 22:00,1303.310,0,0
28674,TIMER,1674,27000,2018.01.02 00:44:57,1514853897,297,2018.01.02 00:00,2018.01.01 23:00,2017.12.29 23:00,2017.12.29 22:00,1303.310,0,0
29704,TIMER,1704,28000,2018.01.02 00:46:27,1514853987,297,2018.01.02 00:00,2018.01.01 23:00,2017.12.29 23:00,2017.12.29 22:00,1303.310,0,0
30818,TIMER,1818,29000,2018.01.02 00:48:13,1514854093,297,2018.01.02 00:00,2018.01.01 23:00,2017.12.29 23:00,2017.12.29 22:00,1303.310,0,0
31959,TIMER,1959,30000,2018.01.02 00:49:51,1514854191,297,2018.01.02 00:00,2018.01.01 23:00,2017.12.29 23:00,2017.12.29 22:00,1303.310,0,0
32830,TICK,2000,30830,2018.01.02 00:51:23,1514854283,297,2018.01.02 00:00,2018.01.01 23:00,2017.12.29 23:00,2017.12.29 22:00,1303.310,0,0
33011,TIMER,2011,31000,2018.01.02 00:51:39,1514854299,297,2018.01.02 00:00,2018.01.01 23:00,2017.12.29 23:00,2017.12.29 22:00,1303.310,0,0
34060,TIMER,2060,32000,2018.01.02 00:53:14,1514854394,297,2018.01.02 00:00,2018.01.01 23:00,2017.12.29 23:00,2017.12.29 22:00,1303.310,0,0
35064,TIMER,2064,33000,2018.01.02 00:54:44,1514854484,297,2018.01.02 00:00,2018.01.01 23:00,2017.12.29 23:00,2017.12.29 22:00,1303.310,0,0
36068,TIMER,2068,34000,2018.01.02 00:55:52,1514854552,297,2018.01.02 00:00,2018.01.01 23:00,2017.12.29 23:00,2017.12.29 22:00,1303.310,0,0
37074,TIMER,2074,35000,2018.01.02 00:58:02,1514854682,297,2018.01.02 00:00,2018.01.01 23:00,2017.12.29 23:00,2017.12.29 22:00,1303.310,0,0
38086,TIMER,2086,36000,2018.01.02 00:59:57,1514854797,297,2018.01.02 00:00,2018.01.01 23:00,2017.12.29 23:00,2017.12.29 22:00,1303.310,0,0
39542,TIMER,2542,37000,2018.01.02 01:01:39,1514854899,297,2018.01.02 01:00,2018.01.02 00:00,2018.01.02 01:00,2017.12.29 23:00,1302.670,0,0
40796,TIMER,2796,38000,2018.01.02 01:03:19,1514854999,297,2018.01.02 01:00,2018.01.02 00:00,2018.01.02 01:00,2017.12.29 23:00,1302.670,0,0
41272,TICK,3000,38272,2018.01.02 01:03:47,1514855027,297,2018.01.02 01:00,2018.01.02 00:00,2018.01.02 01:00,2017.12.29 23:00,1302.670,0,0
42615,TIMER,3615,39000,2018.01.02 01:04:59,1514855099,297,2018.01.02 01:00,2018.01.02 00:00,2018.01.02 01:00,2017.12.29 23:00,1302.670,0,0
43457,TICK,4000,39457,2018.01.02 01:05:45,1514855145,297,2018.01.02 01:00,2018.01.02 00:00,2018.01.02 01:00,2017.12.29 23:00,1302.670,0,0
44394,TIMER,4394,40000,2018.01.02 01:06:39,1514855199,297,2018.01.02 01:00,2018.01.02 00:00,2018.01.02 01:00,2017.12.29 23:00,1302.670,0,0
45726,TICK,5000,40726,2018.01.02 01:07:52,1514855272,297,2018.01.02 01:00,2018.01.02 00:00,2018.01.02 01:00,2017.12.29 23:00,1302.670,0,0
46259,TIMER,5259,41000,2018.01.02 01:08:19,1514855299,297,2018.01.02 01:00,2018.01.02 00:00,2018.01.02 01:00,2017.12.29 23:00,1302.670,0,0
47824,TIMER,5824,42000,2018.01.02 01:09:59,1514855399,297,2018.01.02 01:00,2018.01.02 00:00,2018.01.02 01:00,2017.12.29 23:00,1302.670,0,0
48629,TICK,6000,42629,2018.01.02 01:11:02,1514855462,297,2018.01.02 01:00,2018.01.02 00:00,2018.01.02 01:00,2017.12.29 23:00,1302.670,0,0
49220,TIMER,6220,43000,2018.01.02 01:11:38,1514855498,297,2018.01.02 01:00,2018.01.02 00:00,2018.01.02 01:00,2017.12.29 23:00,1302.670,0,0
50515,TIMER,6515,44000,2018.01.02 01:13:19,1514855599,297,2018.01.02 01:00,2018.01.02 00:00,2018.01.02 01:00,2017.12.29 23:00,1302.670,0,0
51613,TIMER,6613,45000,2018.01.02 01:14:59,1514855699,297,2018.01.02 01:00,2018.01.02 00:00,2018.01.02 01:00,2017.12.29 23:00,1302.670,0,0
52687,TIMER,6687,46000,2018.01.02 01:16:36,1514855796,297,2018.01.02 01:00,2018.01.02 00:00,2018.01.02 01:00,2017.12.29 23:00,1302.670,0,0
53978,TIMER,6978,47000,2018.01.02 01:18:19,1514855899,297,2018.01.02 01:00,2018.01.02 00:00,2018.01.02 01:00,2017.12.29 23:00,1302.670,0,0
54190,TICK,7000,47190,2018.01.02 01:18:39,1514855919,297,2018.01.02 01:00,2018.01.02 00:00,2018.01.02 01:00,2017.12.29 23:00,1302.670,0,0
55097,TIMER,7097,48000,2018.01.02 01:19:59,1514855999,297,2018.01.02 01:00,2018.01.02 00:00,2018.01.02 01:00,2017.12.29 23:00,1302.670,0,0
56291,TIMER,7291,49000,2018.01.02 01:21:39,1514856099,297,2018.01.02 01:00,2018.01.02 00:00,2018.01.02 01:00,2017.12.29 23:00,1302.670,0,0
57373,TIMER,7373,50000,2018.01.02 01:23:19,1514856199,297,2018.01.02 01:00,2018.01.02 00:00,2018.01.02 01:00,2017.12.29 23:00,1302.670,0,0
58530,TIMER,7530,51000,2018.01.02 01:24:59,1514856299,297,2018.01.02 01:00,2018.01.02 00:00,2018.01.02 01:00,2017.12.29 23:00,1302.670,0,0
59643,TIMER,7643,52000,2018.01.02 01:26:36,1514856396,297,2018.01.02 01:00,2018.01.02 00:00,2018.01.02 01:00,2017.12.29 23:00,1302.670,0,0
60777,TIMER,7777,53000,2018.01.02 01:28:19,1514856499,297,2018.01.02 01:00,2018.01.02 00:00,2018.01.02 01:00,2017.12.29 23:00,1302.670,0,0
61539,TICK,8000,53539,2018.01.02 01:29:13,1514856553,297,2018.01.02 01:00,2018.01.02 00:00,2018.01.02 01:00,2017.12.29 23:00,1302.670,0,0
62247,TIMER,8247,54000,2018.01.02 01:29:59,1514856599,297,2018.01.02 01:00,2018.01.02 00:00,2018.01.02 01:00,2017.12.29 23:00,1302.670,0,0
63694,TIMER,8694,55000,2018.01.02 01:31:36,1514856696,297,2018.01.02 01:00,2018.01.02 00:00,2018.01.02 01:00,2017.12.29 23:00,1302.670,0,0
64949,TIMER,8949,56000,2018.01.02 01:33:19,1514856799,297,2018.01.02 01:00,2018.01.02 00:00,2018.01.02 01:00,2017.12.29 23:00,1302.670,0,0
65162,TICK,9000,56162,2018.01.02 01:33:36,1514856816,297,2018.01.02 01:00,2018.01.02 00:00,2018.01.02 01:00,2017.12.29 23:00,1302.670,0,0
66622,TIMER,9622,57000,2018.01.02 01:34:59,1514856899,297,2018.01.02 01:00,2018.01.02 00:00,2018.01.02 01:00,2017.12.29 23:00,1302.670,0,0
67920,TIMER,9920,58000,2018.01.02 01:36:39,1514856999,297,2018.01.02 01:00,2018.01.02 00:00,2018.01.02 01:00,2017.12.29 23:00,1302.670,0,0
68303,TICK,10000,58303,2018.01.02 01:37:10,1514857030,297,2018.01.02 01:00,2018.01.02 00:00,2018.01.02 01:00,2017.12.29 23:00,1302.670,0,0
69383,TIMER,10383,59000,2018.01.02 01:38:19,1514857099,297,2018.01.02 01:00,2018.01.02 00:00,2018.01.02 01:00,2017.12.29 23:00,1302.670,0,0
70817,TICK,11000,59817,2018.01.02 01:39:41,1514857181,297,2018.01.02 01:00,2018.01.02 00:00,2018.01.02 01:00,2017.12.29 23:00,1302.670,0,0
71030,TIMER,11030,60000,2018.01.02 01:39:59,1514857199,297,2018.01.02 01:00,2018.01.02 00:00,2018.01.02 01:00,2017.12.29 23:00,1302.670,0,0
72396,TIMER,11396,61000,2018.01.02 01:41:39,1514857299,297,2018.01.02 01:00,2018.01.02 00:00,2018.01.02 01:00,2017.12.29 23:00,1302.670,0,0
73857,TIMER,11857,62000,2018.01.02 01:43:19,1514857399,297,2018.01.02 01:00,2018.01.02 00:00,2018.01.02 01:00,2017.12.29 23:00,1302.670,0,0
74135,TICK,12000,62135,2018.01.02 01:43:33,1514857413,297,2018.01.02 01:00,2018.01.02 00:00,2018.01.02 01:00,2017.12.29 23:00,1302.670,0,0
75335,TIMER,12335,63000,2018.01.02 01:44:58,1514857498,297,2018.01.02 01:00,2018.01.02 00:00,2018.01.02 01:00,2017.12.29 23:00,1302.670,0,0
76800,TIMER,12800,64000,2018.01.02 01:46:39,1514857599,297,2018.01.02 01:00,2018.01.02 00:00,2018.01.02 01:00,2017.12.29 23:00,1302.670,0,0
77718,TICK,13000,64718,2018.01.02 01:47:51,1514857671,297,2018.01.02 01:00,2018.01.02 00:00,2018.01.02 01:00,2017.12.29 23:00,1302.670,0,0
78051,TIMER,13051,65000,2018.01.02 01:48:15,1514857695,297,2018.01.02 01:00,2018.01.02 00:00,2018.01.02 01:00,2017.12.29 23:00,1302.670,0,0
79325,TIMER,13325,66000,2018.01.02 01:49:58,1514857798,297,2018.01.02 01:00,2018.01.02 00:00,2018.01.02 01:00,2017.12.29 23:00,1302.670,0,0
80742,TIMER,13742,67000,2018.01.02 01:51:39,1514857899,297,2018.01.02 01:00,2018.01.02 00:00,2018.01.02 01:00,2017.12.29 23:00,1302.670,0,0
81840,TIMER,13840,68000,2018.01.02 01:53:19,1514857999,297,2018.01.02 01:00,2018.01.02 00:00,2018.01.02 01:00,2017.12.29 23:00,1302.670,0,0
82908,TIMER,13908,69000,2018.01.02 01:54:57,1514858097,297,2018.01.02 01:00,2018.01.02 00:00,2018.01.02 01:00,2017.12.29 23:00,1302.670,0,0
83971,TIMER,13971,70000,2018.01.02 01:56:36,1514858196,297,2018.01.02 01:00,2018.01.02 00:00,2018.01.02 01:00,2017.12.29 23:00,1302.670,0,0
84300,TICK,14000,70300,2018.01.02 01:57:10,1514858230,297,2018.01.02 01:00,2018.01.02 00:00,2018.01.02 01:00,2017.12.29 23:00,1302.670,0,0
85377,TIMER,14377,71000,2018.01.02 01:58:19,1514858299,297,2018.01.02 01:00,2018.01.02 00:00,2018.01.02 01:00,2017.12.29 23:00,1302.670,0,0
86973,TIMER,14973,72000,2018.01.02 01:59:58,1514858398,297,2018.01.02 01:00,2018.01.02 00:00,2018.01.02 01:00,2017.12.29 23:00,1302.670,0,0
87011,TICK,15000,72011,2018.01.02 02:00:01,1514858401,297,2018.01.02 02:00,2018.01.02 01:00,2018.01.02 02:00,2018.01.02 01:00,1306.780,0,0
88195,TIMER,15195,73000,2018.01.02 02:01:37,1514858497,297,2018.01.02 02:00,2018.01.02 01:00,2018.01.02 02:00,2018.01.02 01:00,1306.780,0,0
89419,TIMER,15419,74000,2018.01.02 02:03:17,1514858597,297,2018.01.02 02:00,2018.01.02 01:00,2018.01.02 02:00,2018.01.02 01:00,1306.780,0,0
90486,TIMER,15486,75000,2018.01.02 02:04:53,1514858693,297,2018.01.02 02:00,2018.01.02 01:00,2018.01.02 02:00,2018.01.02 01:00,1306.780,0,0
91577,TIMER,15577,76000,2018.01.02 02:06:39,1514858799,297,2018.01.02 02:00,2018.01.02 01:00,2018.01.02 02:00,2018.01.02 01:00,1306.780,0,0
92783,TIMER,15783,77000,2018.01.02 02:08:19,1514858899,297,2018.01.02 02:00,2018.01.02 01:00,2018.01.02 02:00,2018.01.02 01:00,1306.780,0,0
93910,TIMER,15910,78000,2018.01.02 02:09:59,1514858999,297,2018.01.02 02:00,2018.01.02 01:00,2018.01.02 02:00,2018.01.02 01:00,1306.780,0,0
94615,TICK,16000,78615,2018.01.02 02:11:01,1514859061,297,2018.01.02 02:00,2018.01.02 01:00,2018.01.02 02:00,2018.01.02 01:00,1306.780,0,0
95070,TIMER,16070,79000,2018.01.02 02:11:39,1514859099,297,2018.01.02 02:00,2018.01.02 01:00,2018.01.02 02:00,2018.01.02 01:00,1306.780,0,0
96113,TIMER,16113,80000,2018.01.02 02:13:19,1514859199,297,2018.01.02 02:00,2018.01.02 01:00,2018.01.02 02:00,2018.01.02 01:00,1306.780,0,0
97169,TIMER,16169,81000,2018.01.02 02:14:59,1514859299,297,2018.01.02 02:00,2018.01.02 01:00,2018.01.02 02:00,2018.01.02 01:00,1306.780,0,0
98195,TIMER,16195,82000,2018.01.02 02:16:35,1514859395,297,2018.01.02 02:00,2018.01.02 01:00,2018.01.02 02:00,2018.01.02 01:00,1306.780,0,0
99267,TIMER,16267,83000,2018.01.02 02:18:18,1514859498,297,2018.01.02 02:00,2018.01.02 01:00,2018.01.02 02:00,2018.01.02 01:00,1306.780,0,0
100391,TIMER,16391,84000,2018.01.02 02:19:59,1514859599,297,2018.01.02 02:00,2018.01.02 01:00,2018.01.02 02:00,2018.01.02 01:00,1306.780,0,0
101557,TIMER,16557,85000,2018.01.02 02:21:35,1514859695,297,2018.01.02 02:00,2018.01.02 01:00,2018.01.02 02:00,2018.01.02 01:00,1306.780,0,0
102722,TIMER,16722,86000,2018.01.02 02:23:18,1514859798,297,2018.01.02 02:00,2018.01.02 01:00,2018.01.02 02:00,2018.01.02 01:00,1306.780,0,0
103853,TIMER,16853,87000,2018.01.02 02:24:59,1514859899,297,2018.01.02 02:00,2018.01.02 01:00,2018.01.02 02:00,2018.01.02 01:00,1306.780,0,0
104959,TIMER,16959,88000,2018.01.02 02:26:37,1514859997,297,2018.01.02 02:00,2018.01.02 01:00,2018.01.02 02:00,2018.01.02 01:00,1306.780,0,0
105285,TICK,17000,88285,2018.01.02 02:27:08,1514860028,297,2018.01.02 02:00,2018.01.02 01:00,2018.01.02 02:00,2018.01.02 01:00,1306.780,0,0
106023,TIMER,17023,89000,2018.01.02 02:28:19,1514860099,297,2018.01.02 02:00,2018.01.02 01:00,2018.01.02 02:00,2018.01.02 01:00,1306.780,0,0
107135,TIMER,17135,90000,2018.01.02 02:29:56,1514860196,297,2018.01.02 02:00,2018.01.02 01:00,2018.01.02 02:00,2018.01.02 01:00,1306.780,0,0
108255,TIMER,17255,91000,2018.01.02 02:31:34,1514860294,297,2018.01.02 02:00,2018.01.02 01:00,2018.01.02 02:00,2018.01.02 01:00,1306.780,0,0
109394,TIMER,17394,92000,2018.01.02 02:33:19,1514860399,297,2018.01.02 02:00,2018.01.02 01:00,2018.01.02 02:00,2018.01.02 01:00,1306.780,0,0
110521,TIMER,17521,93000,2018.01.02 02:34:58,1514860498,297,2018.01.02 02:00,2018.01.02 01:00,2018.01.02 02:00,2018.01.02 01:00,1306.780,0,0
111568,TIMER,17568,94000,2018.01.02 02:36:39,1514860599,297,2018.01.02 02:00,2018.01.02 01:00,2018.01.02 02:00,2018.01.02 01:00,1306.780,0,0
112652,TIMER,17652,95000,2018.01.02 02:38:18,1514860698,297,2018.01.02 02:00,2018.01.02 01:00,2018.01.02 02:00,2018.01.02 01:00,1306.780,0,0
113723,TIMER,17723,96000,2018.01.02 02:39:59,1514860799,297,2018.01.02 02:00,2018.01.02 01:00,2018.01.02 02:00,2018.01.02 01:00,1306.780,0,0
114837,TIMER,17837,97000,2018.01.02 02:41:38,1514860898,297,2018.01.02 02:00,2018.01.02 01:00,2018.01.02 02:00,2018.01.02 01:00,1306.780,0,0
115929,TIMER,17929,98000,2018.01.02 02:43:18,1514860998,297,2018.01.02 02:00,2018.01.02 01:00,2018.01.02 02:00,2018.01.02 01:00,1306.780,0,0
116317,TICK,18000,98317,2018.01.02 02:43:51,1514861031,297,2018.01.02 02:00,2018.01.02 01:00,2018.01.02 02:00,2018.01.02 01:00,1306.780,0,0
117056,TIMER,18056,99000,2018.01.02 02:44:59,1514861099,297,2018.01.02 02:00,2018.01.02 01:00,2018.01.02 02:00,2018.01.02 01:00,1306.780,0,0
118155,TIMER,18155,100000,2018.01.02 02:46:39,1514861199,297,2018.01.02 02:00,2018.01.02 01:00,2018.01.02 02:00,2018.01.02 01:00,1306.780,0,0
119239,TIMER,18239,101000,2018.01.02 02:48:19,1514861299,297,2018.01.02 02:00,2018.01.02 01:00,2018.01.02 02:00,2018.01.02 01:00,1306.780,0,0
120262,TIMER,18262,102000,2018.01.02 02:49:59,1514861399,297,2018.01.02 02:00,2018.01.02 01:00,2018.01.02 02:00,2018.01.02 01:00,1306.780,0,0
121560,TIMER,18560,103000,2018.01.02 02:51:39,1514861499,297,2018.01.02 02:00,2018.01.02 01:00,2018.01.02 02:00,2018.01.02 01:00,1306.780,0,0
122768,TIMER,18768,104000,2018.01.02 02:53:19,1514861599,297,2018.01.02 02:00,2018.01.02 01:00,2018.01.02 02:00,2018.01.02 01:00,1306.780,0,0
123976,TIMER,18976,105000,2018.01.02 02:54:59,1514861699,297,2018.01.02 02:00,2018.01.02 01:00,2018.01.02 02:00,2018.01.02 01:00,1306.780,0,0
124154,TICK,19000,105154,2018.01.02 02:55:15,1514861715,297,2018.01.02 02:00,2018.01.02 01:00,2018.01.02 02:00,2018.01.02 01:00,1306.780,0,0
125239,TIMER,19239,106000,2018.01.02 02:56:39,1514861799,297,2018.01.02 02:00,2018.01.02 01:00,2018.01.02 02:00,2018.01.02 01:00,1306.780,0,0
126591,TIMER,19591,107000,2018.01.02 02:58:19,1514861899,297,2018.01.02 02:00,2018.01.02 01:00,2018.01.02 02:00,2018.01.02 01:00,1306.780,0,0
127780,TIMER,19780,108000,2018.01.02 02:59:59,1514861999,297,2018.01.02 02:00,2018.01.02 01:00,2018.01.02 02:00,2018.01.02 01:00,1306.780,0,0
128624,TICK,20000,108624,2018.01.02 03:01:02,1514862062,297,2018.01.02 03:00,2018.01.02 02:00,2018.01.02 03:00,2018.01.02 02:00,1306.370,0,0
129147,TIMER,20147,109000,2018.01.02 03:01:39,1514862099,297,2018.01.02 03:00,2018.01.02 02:00,2018.01.02 03:00,2018.01.02 02:00,1306.370,0,0
130383,TIMER,20383,110000,2018.01.02 03:03:19,1514862199,297,2018.01.02 03:00,2018.01.02 02:00,2018.01.02 03:00,2018.01.02 02:00,1306.370,0,0
131514,TIMER,20514,111000,2018.01.02 03:04:59,1514862299,297,2018.01.02 03:00,2018.01.02 02:00,2018.01.02 03:00,2018.01.02 02:00,1306.370,0,0
132819,TIMER,20819,112000,2018.01.02 03:06:39,1514862399,297,2018.01.02 03:00,2018.01.02 02:00,2018.01.02 03:00,2018.01.02 02:00,1306.370,0,0
133943,TIMER,20943,113000,2018.01.02 03:08:19,1514862499,297,2018.01.02 03:00,2018.01.02 02:00,2018.01.02 03:00,2018.01.02 02:00,1306.370,0,0
134563,TICK,21000,113563,2018.01.02 03:09:16,1514862556,297,2018.01.02 03:00,2018.01.02 02:00,2018.01.02 03:00,2018.01.02 02:00,1306.370,0,0
135045,TIMER,21045,114000,2018.01.02 03:09:59,1514862599,297,2018.01.02 03:00,2018.01.02 02:00,2018.01.02 03:00,2018.01.02 02:00,1306.370,0,0
136379,TIMER,21379,115000,2018.01.02 03:11:39,1514862699,297,2018.01.02 03:00,2018.01.02 02:00,2018.01.02 03:00,2018.01.02 02:00,1306.370,0,0
137683,TIMER,21683,116000,2018.01.02 03:13:19,1514862799,297,2018.01.02 03:00,2018.01.02 02:00,2018.01.02 03:00,2018.01.02 02:00,1306.370,0,0
138888,TIMER,21888,117000,2018.01.02 03:14:53,1514862893,297,2018.01.02 03:00,2018.01.02 02:00,2018.01.02 03:00,2018.01.02 02:00,1306.370,0,0
139737,TICK,22000,117737,2018.01.02 03:16:13,1514862973,297,2018.01.02 03:00,2018.01.02 02:00,2018.01.02 03:00,2018.01.02 02:00,1306.370,0,0
140098,TIMER,22098,118000,2018.01.02 03:16:39,1514862999,297,2018.01.02 03:00,2018.01.02 02:00,2018.01.02 03:00,2018.01.02 02:00,1306.370,0,0
141597,TIMER,22597,119000,2018.01.02 03:18:19,1514863099,297,2018.01.02 03:00,2018.01.02 02:00,2018.01.02 03:00,2018.01.02 02:00,1306.370,0,0
142991,TIMER,22991,120000,2018.01.02 03:19:59,1514863199,297,2018.01.02 03:00,2018.01.02 02:00,2018.01.02 03:00,2018.01.02 02:00,1306.370,0,0
143017,TICK,23000,120017,2018.01.02 03:20:01,1514863201,297,2018.01.02 03:00,2018.01.02 02:00,2018.01.02 03:00,2018.01.02 02:00,1306.370,0,0
144285,TIMER,23285,121000,2018.01.02 03:21:39,1514863299,297,2018.01.02 03:00,2018.01.02 02:00,2018.01.02 03:00,2018.01.02 02:00,1306.370,0,0
145412,TIMER,23412,122000,2018.01.02 03:23:19,1514863399,297,2018.01.02 03:00,2018.01.02 02:00,2018.01.02 03:00,2018.01.02 02:00,1306.370,0,0
146531,TIMER,23531,123000,2018.01.02 03:24:54,1514863494,297,2018.01.02 03:00,2018.01.02 02:00,2018.01.02 03:00,2018.01.02 02:00,1306.370,0,0
147604,TIMER,23604,124000,2018.01.02 03:26:39,1514863599,297,2018.01.02 03:00,2018.01.02 02:00,2018.01.02 03:00,2018.01.02 02:00,1306.370,0,0
148631,TIMER,23631,125000,2018.01.02 03:28:18,1514863698,297,2018.01.02 03:00,2018.01.02 02:00,2018.01.02 03:00,2018.01.02 02:00,1306.370,0,0
149789,TIMER,23789,126000,2018.01.02 03:29:58,1514863798,297,2018.01.02 03:00,2018.01.02 02:00,2018.01.02 03:00,2018.01.02 02:00,1306.370,0,0
150940,TIMER,23940,127000,2018.01.02 03:31:38,1514863898,297,2018.01.02 03:00,2018.01.02 02:00,2018.01.02 03:00,2018.01.02 02:00,1306.370,0,0
151992,TIMER,23992,128000,2018.01.02 03:33:19,1514863999,297,2018.01.02 03:00,2018.01.02 02:00,2018.01.02 03:00,2018.01.02 02:00,1306.370,0,0
152034,TICK,24000,128034,2018.01.02 03:33:23,1514864003,297,2018.01.02 03:00,2018.01.02 02:00,2018.01.02 03:00,2018.01.02 02:00,1306.370,0,0
153141,TIMER,24141,129000,2018.01.02 03:34:59,1514864099,297,2018.01.02 03:00,2018.01.02 02:00,2018.01.02 03:00,2018.01.02 02:00,1306.370,0,0
154189,TIMER,24189,130000,2018.01.02 03:36:32,1514864192,297,2018.01.02 03:00,2018.01.02 02:00,2018.01.02 03:00,2018.01.02 02:00,1306.370,0,0
155231,TIMER,24231,131000,2018.01.02 03:38:18,1514864298,297,2018.01.02 03:00,2018.01.02 02:00,2018.01.02 03:00,2018.01.02 02:00,1306.370,0,0
156301,TIMER,24301,132000,2018.01.02 03:39:53,1514864393,297,2018.01.02 03:00,2018.01.02 02:00,2018.01.02 03:00,2018.01.02 02:00,1306.370,0,0
157404,TIMER,24404,133000,2018.01.02 03:41:39,1514864499,297,2018.01.02 03:00,2018.01.02 02:00,2018.01.02 03:00,2018.01.02 02:00,1306.370,0,0
158487,TIMER,24487,134000,2018.01.02 03:43:18,1514864598,297,2018.01.02 03:00,2018.01.02 02:00,2018.01.02 03:00,2018.01.02 02:00,1306.370,0,0
159566,TIMER,24566,135000,2018.01.02 03:44:58,1514864698,297,2018.01.02 03:00,2018.01.02 02:00,2018.01.02 03:00,2018.01.02 02:00,1306.370,0,0
160652,TIMER,24652,136000,2018.01.02 03:46:39,1514864799,297,2018.01.02 03:00,2018.01.02 02:00,2018.01.02 03:00,2018.01.02 02:00,1306.370,0,0
161827,TIMER,24827,137000,2018.01.02 03:48:16,1514864896,297,2018.01.02 03:00,2018.01.02 02:00,2018.01.02 03:00,2018.01.02 02:00,1306.370,0,0
162556,TICK,25000,137556,2018.01.02 03:49:15,1514864955,297,2018.01.02 03:00,2018.01.02 02:00,2018.01.02 03:00,2018.01.02 02:00,1306.370,0,0
163063,TIMER,25063,138000,2018.01.02 03:49:59,1514864999,297,2018.01.02 03:00,2018.01.02 02:00,2018.01.02 03:00,2018.01.02 02:00,1306.370,0,0
164153,TIMER,25153,139000,2018.01.02 03:51:35,1514865095,297,2018.01.02 03:00,2018.01.02 02:00,2018.01.02 03:00,2018.01.02 02:00,1306.370,0,0
165283,TIMER,25283,140000,2018.01.02 03:53:19,1514865199,297,2018.01.02 03:00,2018.01.02 02:00,2018.01.02 03:00,2018.01.02 02:00,1306.370,0,0
166489,TIMER,25489,141000,2018.01.02 03:54:59,1514865299,297,2018.01.02 03:00,2018.01.02 02:00,2018.01.02 03:00,2018.01.02 02:00,1306.370,0,0
167946,TIMER,25946,142000,2018.01.02 03:56:39,1514865399,297,2018.01.02 03:00,2018.01.02 02:00,2018.01.02 03:00,2018.01.02 02:00,1306.370,0,0
168194,TICK,26000,142194,2018.01.02 03:56:59,1514865419,297,2018.01.02 03:00,2018.01.02 02:00,2018.01.02 03:00,2018.01.02 02:00,1306.370,0,0
169159,TIMER,26159,143000,2018.01.02 03:58:19,1514865499,297,2018.01.02 03:00,2018.01.02 02:00,2018.01.02 03:00,2018.01.02 02:00,1306.370,0,0
170412,TIMER,26412,144000,2018.01.02 03:59:59,1514865599,297,2018.01.02 03:00,2018.01.02 02:00,2018.01.02 03:00,2018.01.02 02:00,1306.370,0,0
171578,TIMER,26578,145000,2018.01.02 04:01:39,1514865699,297,2018.01.02 04:00,2018.01.02 03:00,2018.01.02 04:00,2018.01.02 03:00,1306.210,0,0
172867,TIMER,26867,146000,2018.01.02 04:03:19,1514865799,297,2018.01.02 04:00,2018.01.02 03:00,2018.01.02 04:00,2018.01.02 03:00,1306.210,0,0
173323,TICK,27000,146323,2018.01.02 04:03:52,1514865832,297,2018.01.02 04:00,2018.01.02 03:00,2018.01.02 04:00,2018.01.02 03:00,1306.210,0,0
174213,TIMER,27213,147000,2018.01.02 04:04:59,1514865899,297,2018.01.02 04:00,2018.01.02 03:00,2018.01.02 04:00,2018.01.02 03:00,1306.210,0,0
175325,TIMER,27325,148000,2018.01.02 04:06:37,1514865997,297,2018.01.02 04:00,2018.01.02 03:00,2018.01.02 04:00,2018.01.02 03:00,1306.210,0,0
176413,TIMER,27413,149000,2018.01.02 04:08:18,1514866098,297,2018.01.02 04:00,2018.01.02 03:00,2018.01.02 04:00,2018.01.02 03:00,1306.210,0,0
177863,TIMER,27863,150000,2018.01.02 04:09:59,1514866199,297,2018.01.02 04:00,2018.01.02 03:00,2018.01.02 04:00,2018.01.02 03:00,1306.210,0,0
178355,TICK,28000,150355,2018.01.02 04:10:35,1514866235,297,2018.01.02 04:00,2018.01.02 03:00,2018.01.02 04:00,2018.01.02 03:00,1306.210,0,0
179196,TIMER,28196,151000,2018.01.02 04:11:39,1514866299,297,2018.01.02 04:00,2018.01.02 03:00,2018.01.02 04:00,2018.01.02 03:00,1306.210,0,0
180472,TIMER,28472,152000,2018.01.02 04:13:19,1514866399,297,2018.01.02 04:00,2018.01.02 03:00,2018.01.02 04:00,2018.01.02 03:00,1306.210,0,0
181661,TIMER,28661,153000,2018.01.02 04:14:59,1514866499,297,2018.01.02 04:00,2018.01.02 03:00,2018.01.02 04:00,2018.01.02 03:00,1306.210,0,0
182971,TIMER,28971,154000,2018.01.02 04:16:39,1514866599,297,2018.01.02 04:00,2018.01.02 03:00,2018.01.02 04:00,2018.01.02 03:00,1306.210,0,0
183242,TICK,29000,154242,2018.01.02 04:17:04,1514866624,297,2018.01.02 04:00,2018.01.02 03:00,2018.01.02 04:00,2018.01.02 03:00,1306.210,0,0
184068,TIMER,29068,155000,2018.01.02 04:18:13,1514866693,297,2018.01.02 04:00,2018.01.02 03:00,2018.01.02 04:00,2018.01.02 03:00,1306.210,0,0
185294,TIMER,29294,156000,2018.01.02 04:19:59,1514866799,297,2018.01.02 04:00,2018.01.02 03:00,2018.01.02 04:00,2018.01.02 03:00,1306.210,0,0
186369,TIMER,29369,157000,2018.01.02 04:21:38,1514866898,297,2018.01.02 04:00,2018.01.02 03:00,2018.01.02 04:00,2018.01.02 03:00,1306.210,0,0
187530,TIMER,29530,158000,2018.01.02 04:23:19,1514866999,297,2018.01.02 04:00,2018.01.02 03:00,2018.01.02 04:00,2018.01.02 03:00,1306.210,0,0
188648,TIMER,29648,159000,2018.01.02 04:24:53,1514867093,297,2018.01.02 04:00,2018.01.02 03:00,2018.01.02 04:00,2018.01.02 03:00,1306.210,0,0
189755,TIMER,29755,160000,2018.01.02 04:26:39,1514867199,297,2018.01.02 04:00,2018.01.02 03:00,2018.01.02 04:00,2018.01.02 03:00,1306.210,0,0
190779,TIMER,29779,161000,2018.01.02 04:28:11,1514867291,297,2018.01.02 04:00,2018.01.02 03:00,2018.01.02 04:00,2018.01.02 03:00,1306.210,0,0
191891,TIMER,29891,162000,2018.01.02 04:29:57,1514867397,297,2018.01.02 04:00,2018.01.02 03:00,2018.01.02 04:00,2018.01.02 03:00,1306.210,0,0
192626,TICK,30000,162626,2018.01.02 04:31:02,1514867462,297,2018.01.02 04:00,2018.01.02 03:00,2018.01.02 04:00,2018.01.02 03:00,1306.210,0,0
193025,TIMER,30025,163000,2018.01.02 04:31:39,1514867499,297,2018.01.02 04:00,2018.01.02 03:00,2018.01.02 04:00,2018.01.02 03:00,1306.210,0,0
194106,TIMER,30106,164000,2018.01.02 04:33:19,1514867599,297,2018.01.02 04:00,2018.01.02 03:00,2018.01.02 04:00,2018.01.02 03:00,1306.210,0,0
195139,TIMER,30139,165000,2018.01.02 04:34:59,1514867699,297,2018.01.02 04:00,2018.01.02 03:00,2018.01.02 04:00,2018.01.02 03:00,1306.210,0,0
196430,TIMER,30430,166000,2018.01.02 04:36:39,1514867799,297,2018.01.02 04:00,2018.01.02 03:00,2018.01.02 04:00,2018.01.02 03:00,1306.210,0,0
197823,TIMER,30823,167000,2018.01.02 04:38:19,1514867899,297,2018.01.02 04:00,2018.01.02 03:00,2018.01.02 04:00,2018.01.02 03:00,1306.210,0,0
198372,TICK,31000,167372,2018.01.02 04:38:57,1514867937,297,2018.01.02 04:00,2018.01.02 03:00,2018.01.02 04:00,2018.01.02 03:00,1306.210,0,0
199351,TIMER,31351,168000,2018.01.02 04:39:59,1514867999,297,2018.01.02 04:00,2018.01.02 03:00,2018.01.02 04:00,2018.01.02 03:00,1306.210,0,0
200769,TIMER,31769,169000,2018.01.02 04:41:39,1514868099,297,2018.01.02 04:00,2018.01.02 03:00,2018.01.02 04:00,2018.01.02 03:00,1306.210,0,0
201858,TICK,32000,169858,2018.01.02 04:43:05,1514868185,297,2018.01.02 04:00,2018.01.02 03:00,2018.01.02 04:00,2018.01.02 03:00,1306.210,0,0
202088,TIMER,32088,170000,2018.01.02 04:43:19,1514868199,297,2018.01.02 04:00,2018.01.02 03:00,2018.01.02 04:00,2018.01.02 03:00,1306.210,0,0
203562,TIMER,32562,171000,2018.01.02 04:44:59,1514868299,297,2018.01.02 04:00,2018.01.02 03:00,2018.01.02 04:00,2018.01.02 03:00,1306.210,0,0
204787,TIMER,32787,172000,2018.01.02 04:46:39,1514868399,297,2018.01.02 04:00,2018.01.02 03:00,2018.01.02 04:00,2018.01.02 03:00,1306.210,0,0
205864,TICK,33000,172864,2018.01.02 04:48:06,1514868486,297,2018.01.02 04:00,2018.01.02 03:00,2018.01.02 04:00,2018.01.02 03:00,1306.210,0,0
206059,TIMER,33059,173000,2018.01.02 04:48:19,1514868499,297,2018.01.02 04:00,2018.01.02 03:00,2018.01.02 04:00,2018.01.02 03:00,1306.210,0,0
207344,TIMER,33344,174000,2018.01.02 04:49:59,1514868599,297,2018.01.02 04:00,2018.01.02 03:00,2018.01.02 04:00,2018.01.02 03:00,1306.210,0,0
208657,TIMER,33657,175000,2018.01.02 04:51:39,1514868699,297,2018.01.02 04:00,2018.01.02 03:00,2018.01.02 04:00,2018.01.02 03:00,1306.210,0,0
209811,TIMER,33811,176000,2018.01.02 04:53:18,1514868798,297,2018.01.02 04:00,2018.01.02 03:00,2018.01.02 04:00,2018.01.02 03:00,1306.210,0,0
210934,TIMER,33934,177000,2018.01.02 04:54:59,1514868899,297,2018.01.02 04:00,2018.01.02 03:00,2018.01.02 04:00,2018.01.02 03:00,1306.210,0,0
211467,TICK,34000,177467,2018.01.02 04:55:46,1514868946,297,2018.01.02 04:00,2018.01.02 03:00,2018.01.02 04:00,2018.01.02 03:00,1306.210,0,0
212134,TIMER,34134,178000,2018.01.02 04:56:39,1514868999,297,2018.01.02 04:00,2018.01.02 03:00,2018.01.02 04:00,2018.01.02 03:00,1306.210,0,0
213436,TIMER,34436,179000,2018.01.02 04:58:17,1514869097,297,2018.01.02 04:00,2018.01.02 03:00,2018.01.02 04:00,2018.01.02 03:00,1306.210,0,0
214569,TIMER,34569,180000,2018.01.02 04:59:59,1514869199,297,2018.01.02 04:00,2018.01.02 03:00,2018.01.02 04:00,2018.01.02 03:00,1306.210,0,0
215808,TIMER,34808,181000,2018.01.02 05:01:39,1514869299,297,2018.01.02 05:00,2018.01.02 04:00,2018.01.02 05:00,2018.01.02 04:00,1306.020,0,0
216531,TICK,35000,181531,2018.01.02 05:02:33,1514869353,297,2018.01.02 05:00,2018.01.02 04:00,2018.01.02 05:00,2018.01.02 04:00,1306.020,0,0
217274,TIMER,35274,182000,2018.01.02 05:03:19,1514869399,297,2018.01.02 05:00,2018.01.02 04:00,2018.01.02 05:00,2018.01.02 04:00,1306.020,0,0
218461,TIMER,35461,183000,2018.01.02 05:04:58,1514869498,297,2018.01.02 05:00,2018.01.02 04:00,2018.01.02 05:00,2018.01.02 04:00,1306.020,0,0
219584,TIMER,35584,184000,2018.01.02 05:06:32,1514869592,297,2018.01.02 05:00,2018.01.02 04:00,2018.01.02 05:00,2018.01.02 04:00,1306.020,0,0
220922,TIMER,35922,185000,2018.01.02 05:08:17,1514869697,297,2018.01.02 05:00,2018.01.02 04:00,2018.01.02 05:00,2018.01.02 04:00,1306.020,0,0
221204,TICK,36000,185204,2018.01.02 05:08:40,1514869720,297,2018.01.02 05:00,2018.01.02 04:00,2018.01.02 05:00,2018.01.02 04:00,1306.020,0,0
222402,TIMER,36402,186000,2018.01.02 05:09:59,1514869799,297,2018.01.02 05:00,2018.01.02 04:00,2018.01.02 05:00,2018.01.02 04:00,1306.020,0,0
223677,TIMER,36677,187000,2018.01.02 05:11:39,1514869899,297,2018.01.02 05:00,2018.01.02 04:00,2018.01.02 05:00,2018.01.02 04:00,1306.020,0,0
224856,TIMER,36856,188000,2018.01.02 05:13:19,1514869999,297,2018.01.02 05:00,2018.01.02 04:00,2018.01.02 05:00,2018.01.02 04:00,1306.020,0,0
225989,TIMER,36989,189000,2018.01.02 05:14:59,1514870099,297,2018.01.02 05:00,2018.01.02 04:00,2018.01.02 05:00,2018.01.02 04:00,1306.020,0,0
226021,TICK,37000,189021,2018.01.02 05:15:02,1514870102,297,2018.01.02 05:00,2018.01.02 04:00,2018.01.02 05:00,2018.01.02 04:00,1306.020,0,0
227076,TIMER,37076,190000,2018.01.02 05:16:33,1514870193,297,2018.01.02 05:00,2018.01.02 04:00,2018.01.02 05:00,2018.01.02 04:00,1306.020,0,0
228184,TIMER,37184,191000,2018.01.02 05:18:19,1514870299,297,2018.01.02 05:00,2018.01.02 04:00,2018.01.02 05:00,2018.01.02 04:00,1306.020,0,0
229307,TIMER,37307,192000,2018.01.02 05:19:59,1514870399,297,2018.01.02 05:00,2018.01.02 04:00,2018.01.02 05:00,2018.01.02 04:00,1306.020,0,0
230407,TIMER,37407,193000,2018.01.02 05:21:39,1514870499,297,2018.01.02 05:00,2018.01.02 04:00,2018.01.02 05:00,2018.01.02 04:00,1306.020,0,0
231449,TIMER,37449,194000,2018.01.02 05:23:19,1514870599,297,2018.01.02 05:00,2018.01.02 04:00,2018.01.02 05:00,2018.01.02 04:00,1306.020,0,0
232516,TIMER,37516,195000,2018.01.02 05:24:59,1514870699,297,2018.01.02 05:00,2018.01.02 04:00,2018.01.02 05:00,2018.01.02 04:00,1306.020,0,0
233694,TIMER,37694,196000,2018.01.02 05:26:39,1514870799,297,2018.01.02 05:00,2018.01.02 04:00,2018.01.02 05:00,2018.01.02 04:00,1306.020,0,0
234752,TIMER,37752,197000,2018.01.02 05:28:18,1514870898,297,2018.01.02 05:00,2018.01.02 04:00,2018.01.02 05:00,2018.01.02 04:00,1306.020,0,0
235870,TIMER,37870,198000,2018.01.02 05:29:58,1514870998,297,2018.01.02 05:00,2018.01.02 04:00,2018.01.02 05:00,2018.01.02 04:00,1306.020,0,0
236969,TIMER,37969,199000,2018.01.02 05:31:38,1514871098,297,2018.01.02 05:00,2018.01.02 04:00,2018.01.02 05:00,2018.01.02 04:00,1306.020,0,0
237250,TICK,38000,199250,2018.01.02 05:32:05,1514871125,297,2018.01.02 05:00,2018.01.02 04:00,2018.01.02 05:00,2018.01.02 04:00,1306.020,0,0
238059,TIMER,38059,200000,2018.01.02 05:33:19,1514871199,297,2018.01.02 05:00,2018.01.02 04:00,2018.01.02 05:00,2018.01.02 04:00,1306.020,0,0
239167,TIMER,38167,201000,2018.01.02 05:34:59,1514871299,297,2018.01.02 05:00,2018.01.02 04:00,2018.01.02 05:00,2018.01.02 04:00,1306.020,0,0
240310,TIMER,38310,202000,2018.01.02 05:36:39,1514871399,297,2018.01.02 05:00,2018.01.02 04:00,2018.01.02 05:00,2018.01.02 04:00,1306.020,0,0
241598,TIMER,38598,203000,2018.01.02 05:38:19,1514871499,297,2018.01.02 05:00,2018.01.02 04:00,2018.01.02 05:00,2018.01.02 04:00,1306.020,0,0
242579,TICK,39000,203579,2018.01.02 05:39:17,1514871557,297,2018.01.02 05:00,2018.01.02 04:00,2018.01.02 05:00,2018.01.02 04:00,1306.020,0,0
243285,TIMER,39285,204000,2018.01.02 05:39:55,1514871595,297,2018.01.02 05:00,2018.01.02 04:00,2018.01.02 05:00,2018.01.02 04:00,1306.020,0,0
244540,TIMER,39540,205000,2018.01.02 05:41:36,1514871696,297,2018.01.02 05:00,2018.01.02 04:00,2018.01.02 05:00,2018.01.02 04:00,1306.020,0,0
245696,TIMER,39696,206000,2018.01.02 05:43:19,1514871799,297,2018.01.02 05:00,2018.01.02 04:00,2018.01.02 05:00,2018.01.02 04:00,1306.020,0,0
246801,TIMER,39801,207000,2018.01.02 05:44:58,1514871898,297,2018.01.02 05:00,2018.01.02 04:00,2018.01.02 05:00,2018.01.02 04:00,1306.020,0,0
247569,TICK,40000,207569,2018.01.02 05:45:56,1514871956,297,2018.01.02 05:00,2018.01.02 04:00,2018.01.02 05:00,2018.01.02 04:00,1306.020,0,0
248428,TIMER,40428,208000,2018.01.02 05:46:39,1514871999,297,2018.01.02 05:00,2018.01.02 04:00,2018.01.02 05:00,2018.01.02 04:00,1306.020,0,0
249890,TIMER,40890,209000,2018.01.02 05:48:19,1514872099,297,2018.01.02 05:00,2018.01.02 04:00,2018.01.02 05:00,2018.01.02 04:00,1306.020,0,0
250622,TICK,41000,209622,2018.01.02 05:49:22,1514872162,297,2018.01.02 05:00,2018.01.02 04:00,2018.01.02 05:00,2018.01.02 04:00,1306.020,0,0
251143,TIMER,41143,210000,2018.01.02 05:49:59,1514872199,297,2018.01.02 05:00,2018.01.02 04:00,2018.01.02 05:00,2018.01.02 04:00,1306.020,0,0
252200,TIMER,41200,211000,2018.01.02 05:51:32,1514872292,297,2018.01.02 05:00,2018.01.02 04:00,2018.01.02 05:00,2018.01.02 04:00,1306.020,0,0
253679,TIMER,41679,212000,2018.01.02 05:53:19,1514872399,297,2018.01.02 05:00,2018.01.02 04:00,2018.01.02 05:00,2018.01.02 04:00,1306.020,0,0
254307,TICK,42000,212307,2018.01.02 05:53:50,1514872430,297,2018.01.02 05:00,2018.01.02 04:00,2018.01.02 05:00,2018.01.02 04:00,1306.020,0,0
255529,TIMER,42529,213000,2018.01.02 05:54:56,1514872496,297,2018.01.02 05:00,2018.01.02 04:00,2018.01.02 05:00,2018.01.02 04:00,1306.020,0,0
256551,TICK,43000,213551,2018.01.02 05:55:55,1514872555,297,2018.01.02 05:00,2018.01.02 04:00,2018.01.02 05:00,2018.01.02 04:00,1306.020,0,0
257674,TIMER,43674,214000,2018.01.02 05:56:38,1514872598,297,2018.01.02 05:00,2018.01.02 04:00,2018.01.02 05:00,2018.01.02 04:00,1306.020,0,0
258665,TICK,44000,214665,2018.01.02 05:57:46,1514872666,297,2018.01.02 05:00,2018.01.02 04:00,2018.01.02 05:00,2018.01.02 04:00,1306.020,0,0
259231,TIMER,44231,215000,2018.01.02 05:58:19,1514872699,297,2018.01.02 05:00,2018.01.02 04:00,2018.01.02 05:00,2018.01.02 04:00,1306.020,0,0
260608,TIMER,44608,216000,2018.01.02 05:59:57,1514872797,297,2018.01.02 05:00,2018.01.02 04:00,2018.01.02 05:00,2018.01.02 04:00,1306.020,0,0
261934,TIMER,44934,217000,2018.01.02 06:01:38,1514872898,297,2018.01.02 06:00,2018.01.02 05:00,2018.01.02 06:00,2018.01.02 05:00,1306.480,0,0
262298,TICK,45000,217298,2018.01.02 06:02:09,1514872929,297,2018.01.02 06:00,2018.01.02 05:00,2018.01.02 06:00,2018.01.02 05:00,1306.480,0,0
263178,TIMER,45178,218000,2018.01.02 06:03:19,1514872999,297,2018.01.02 06:00,2018.01.02 05:00,2018.01.02 06:00,2018.01.02 05:00,1306.480,0,0
264919,TICK,46000,218919,2018.01.02 06:04:51,1514873091,297,2018.01.02 06:00,2018.01.02 05:00,2018.01.02 06:00,2018.01.02 05:00,1306.480,0,0
265015,TIMER,46015,219000,2018.01.02 06:04:59,1514873099,297,2018.01.02 06:00,2018.01.02 05:00,2018.01.02 06:00,2018.01.02 05:00,1306.480,0,0
266565,TIMER,46565,220000,2018.01.02 06:06:40,1514873200,297,2018.01.02 06:00,2018.01.02 05:00,2018.01.02 06:00,2018.01.02 05:00,1306.480,0,0
267447,TICK,47000,220447,2018.01.02 06:07:24,1514873244,297,2018.01.02 06:00,2018.01.02 05:00,2018.01.02 06:00,2018.01.02 05:00,1306.480,0,0
268581,TICK,48000,220581,2018.01.02 06:07:38,1514873258,313,2018.01.02 06:00,2018.01.02 05:00,2018.01.02 06:00,2018.01.02 05:00,1306.480,0,0
269901,TIMER,48901,221000,2018.01.02 06:08:13,1514873293,313,2018.01.02 06:00,2018.01.02 05:00,2018.01.02 06:00,2018.01.02 05:00,1306.480,0,0
270987,TIMER,48987,222000,2018.01.02 06:09:58,1514873398,313,2018.01.02 06:00,2018.01.02 05:00,2018.01.02 06:00,2018.01.02 05:00,1306.480,0,0
271647,TICK,49000,222647,2018.01.02 06:11:04,1514873464,313,2018.01.02 06:00,2018.01.02 05:00,2018.01.02 06:00,2018.01.02 05:00,1306.480,0,0
272077,TIMER,49077,223000,2018.01.02 06:11:36,1514873496,313,2018.01.02 06:00,2018.01.02 05:00,2018.01.02 06:00,2018.01.02 05:00,1306.480,0,0
273256,TIMER,49256,224000,2018.01.02 06:13:19,1514873599,313,2018.01.02 06:00,2018.01.02 05:00,2018.01.02 06:00,2018.01.02 05:00,1306.480,0,0
274665,TICK,50000,224665,2018.01.02 06:14:26,1514873666,313,2018.01.02 06:00,2018.01.02 05:00,2018.01.02 06:00,2018.01.02 05:00,1306.480,0,0
275508,TIMER,50508,225000,2018.01.02 06:14:59,1514873699,313,2018.01.02 06:00,2018.01.02 05:00,2018.01.02 06:00,2018.01.02 05:00,1306.480,0,0
276773,TIMER,50773,226000,2018.01.02 06:16:38,1514873798,313,2018.01.02 06:00,2018.01.02 05:00,2018.01.02 06:00,2018.01.02 05:00,1306.480,0,0
277879,TIMER,50879,227000,2018.01.02 06:18:17,1514873897,313,2018.01.02 06:00,2018.01.02 05:00,2018.01.02 06:00,2018.01.02 05:00,1306.480,0,0
278902,TIMER,50902,228000,2018.01.02 06:19:55,1514873995,313,2018.01.02 06:00,2018.01.02 05:00,2018.01.02 06:00,2018.01.02 05:00,1306.480,0,0
279626,TICK,51000,228626,2018.01.02 06:21:02,1514874062,313,2018.01.02 06:00,2018.01.02 05:00,2018.01.02 06:00,2018.01.02 05:00,1306.480,0,0
280218,TIMER,51218,229000,2018.01.02 06:21:39,1514874099,313,2018.01.02 06:00,2018.01.02 05:00,2018.01.02 06:00,2018.01.02 05:00,1306.480,0,0
281394,TIMER,51394,230000,2018.01.02 06:23:17,1514874197,313,2018.01.02 06:00,2018.01.02 05:00,2018.01.02 06:00,2018.01.02 05:00,1306.480,0,0
282465,TIMER,51465,231000,2018.01.02 06:24:59,1514874299,313,2018.01.02 06:00,2018.01.02 05:00,2018.01.02 06:00,2018.01.02 05:00,1306.480,0,0
283731,TIMER,51731,232000,2018.01.02 06:26:38,1514874398,313,2018.01.02 06:00,2018.01.02 05:00,2018.01.02 06:00,2018.01.02 05:00,1306.480,0,0
284862,TIMER,51862,233000,2018.01.02 06:28:19,1514874499,313,2018.01.02 06:00,2018.01.02 05:00,2018.01.02 06:00,2018.01.02 05:00,1306.480,0,0
285731,TICK,52000,233731,2018.01.02 06:29:33,1514874573,313,2018.01.02 06:00,2018.01.02 05:00,2018.01.02 06:00,2018.01.02 05:00,1306.480,0,0
286113,TIMER,52113,234000,2018.01.02 06:29:59,1514874599,313,2018.01.02 06:00,2018.01.02 05:00,2018.01.02 06:00,2018.01.02 05:00,1306.480,0,0
287366,TIMER,52366,235000,2018.01.02 06:31:37,1514874697,313,2018.01.02 06:00,2018.01.02 05:00,2018.01.02 06:00,2018.01.02 05:00,1306.480,0,0
288469,TIMER,52469,236000,2018.01.02 06:33:15,1514874795,313,2018.01.02 06:00,2018.01.02 05:00,2018.01.02 06:00,2018.01.02 05:00,1306.480,0,0
289571,TIMER,52571,237000,2018.01.02 06:34:58,1514874898,313,2018.01.02 06:00,2018.01.02 05:00,2018.01.02 06:00,2018.01.02 05:00,1306.480,0,0
290612,TIMER,52612,238000,2018.01.02 06:36:37,1514874997,313,2018.01.02 06:00,2018.01.02 05:00,2018.01.02 06:00,2018.01.02 05:00,1306.480,0,0
291784,TIMER,52784,239000,2018.01.02 06:38:19,1514875099,313,2018.01.02 06:00,2018.01.02 05:00,2018.01.02 06:00,2018.01.02 05:00,1306.480,0,0
292887,TIMER,52887,240000,2018.01.02 06:39:56,1514875196,313,2018.01.02 06:00,2018.01.02 05:00,2018.01.02 06:00,2018.01.02 05:00,1306.480,0,0
293686,TICK,53000,240686,2018.01.02 06:41:08,1514875268,313,2018.01.02 06:00,2018.01.02 05:00,2018.01.02 06:00,2018.01.02 05:00,1306.480,0,0
294040,TIMER,53040,241000,2018.01.02 06:41:39,1514875299,313,2018.01.02 06:00,2018.01.02 05:00,2018.01.02 06:00,2018.01.02 05:00,1306.480,0,0
295177,TIMER,53177,242000,2018.01.02 06:43:17,1514875397,313,2018.01.02 06:00,2018.01.02 05:00,2018.01.02 06:00,2018.01.02 05:00,1306.480,0,0
296329,TIMER,53329,243000,2018.01.02 06:44:59,1514875499,313,2018.01.02 06:00,2018.01.02 05:00,2018.01.02 06:00,2018.01.02 05:00,1306.480,0,0
297554,TIMER,53554,244000,2018.01.02 06:46:39,1514875599,313,2018.01.02 06:00,2018.01.02 05:00,2018.01.02 06:00,2018.01.02 05:00,1306.480,0,0
298731,TIMER,53731,245000,2018.01.02 06:48:17,1514875697,313,2018.01.02 06:00,2018.01.02 05:00,2018.01.02 06:00,2018.01.02 05:00,1306.480,0,0
299881,TIMER,53881,246000,2018.01.02 06:49:58,1514875798,313,2018.01.02 06:00,2018.01.02 05:00,2018.01.02 06:00,2018.01.02 05:00,1306.480,0,0
300474,TICK,54000,246474,2018.01.02 06:50:47,1514875847,313,2018.01.02 06:00,2018.01.02 05:00,2018.01.02 06:00,2018.01.02 05:00,1306.480,0,0
301122,TIMER,54122,247000,2018.01.02 06:51:39,1514875899,313,2018.01.02 06:00,2018.01.02 05:00,2018.01.02 06:00,2018.01.02 05:00,1306.480,0,0
302183,TIMER,54183,248000,2018.01.02 06:53:15,1514875995,313,2018.01.02 06:00,2018.01.02 05:00,2018.01.02 06:00,2018.01.02 05:00,1306.480,0,0
303432,TIMER,54432,249000,2018.01.02 06:54:59,1514876099,313,2018.01.02 06:00,2018.01.02 05:00,2018.01.02 06:00,2018.01.02 05:00,1306.480,0,0
304568,TIMER,54568,250000,2018.01.02 06:56:39,1514876199,313,2018.01.02 06:00,2018.01.02 05:00,2018.01.02 06:00,2018.01.02 05:00,1306.480,0,0
305784,TIMER,54784,251000,2018.01.02 06:58:19,1514876299,313,2018.01.02 06:00,2018.01.02 05:00,2018.01.02 06:00,2018.01.02 05:00,1306.480,0,0
306269,TICK,55000,251269,2018.01.02 06:58:46,1514876326,313,2018.01.02 06:00,2018.01.02 05:00,2018.01.02 06:00,2018.01.02 05:00,1306.480,0,0
307144,TIMER,55144,252000,2018.01.02 06:59:58,1514876398,313,2018.01.02 06:00,2018.01.02 05:00,2018.01.02 06:00,2018.01.02 05:00,1306.480,0,0
308207,TIMER,55207,253000,2018.01.02 07:01:32,1514876492,313,2018.01.02 07:00,2018.01.02 06:00,2018.01.02 07:00,2018.01.02 06:00,1307.230,0,0
309234,TIMER,55234,254000,2018.01.02 07:03:07,1514876587,313,2018.01.02 07:00,2018.01.02 06:00,2018.01.02 07:00,2018.01.02 06:00,1307.230,0,0
310284,TIMER,55284,255000,2018.01.02 07:04:59,1514876699,313,2018.01.02 07:00,2018.01.02 06:00,2018.01.02 07:00,2018.01.02 06:00,1307.230,0,0
311372,TIMER,55372,256000,2018.01.02 07:06:39,1514876799,313,2018.01.02 07:00,2018.01.02 06:00,2018.01.02 07:00,2018.01.02 06:00,1307.230,0,0
312423,TIMER,55423,257000,2018.01.02 07:08:17,1514876897,313,2018.01.02 07:00,2018.01.02 06:00,2018.01.02 07:00,2018.01.02 06:00,1307.230,0,0
313498,TIMER,55498,258000,2018.01.02 07:09:56,1514876996,313,2018.01.02 07:00,2018.01.02 06:00,2018.01.02 07:00,2018.01.02 06:00,1307.230,0,0
314588,TIMER,55588,259000,2018.01.02 07:11:36,1514877096,313,2018.01.02 07:00,2018.01.02 06:00,2018.01.02 07:00,2018.01.02 06:00,1307.230,0,0
315731,TIMER,55731,260000,2018.01.02 07:13:19,1514877199,313,2018.01.02 07:00,2018.01.02 06:00,2018.01.02 07:00,2018.01.02 06:00,1307.230,0,0
316976,TIMER,55976,261000,2018.01.02 07:14:58,1514877298,313,2018.01.02 07:00,2018.01.02 06:00,2018.01.02 07:00,2018.01.02 06:00,1307.230,0,0
317067,TICK,56000,261067,2018.01.02 07:15:06,1514877306,313,2018.01.02 07:00,2018.01.02 06:00,2018.01.02 07:00,2018.01.02 06:00,1307.230,0,0
318629,TIMER,56629,262000,2018.01.02 07:16:39,1514877399,313,2018.01.02 07:00,2018.01.02 06:00,2018.01.02 07:00,2018.01.02 06:00,1307.230,0,0
319398,TICK,57000,262398,2018.01.02 07:17:19,1514877439,313,2018.01.02 07:00,2018.01.02 06:00,2018.01.02 07:00,2018.01.02 06:00,1307.230,0,0
320227,TIMER,57227,263000,2018.01.02 07:18:18,1514877498,313,2018.01.02 07:00,2018.01.02 06:00,2018.01.02 07:00,2018.01.02 06:00,1307.230,0,0
321532,TIMER,57532,264000,2018.01.02 07:19:57,1514877597,313,2018.01.02 07:00,2018.01.02 06:00,2018.01.02 07:00,2018.01.02 06:00,1307.230,0,0
322663,TIMER,57663,265000,2018.01.02 07:21:38,1514877698,313,2018.01.02 07:00,2018.01.02 06:00,2018.01.02 07:00,2018.01.02 06:00,1307.230,0,0
323845,TIMER,57845,266000,2018.01.02 07:23:19,1514877799,313,2018.01.02 07:00,2018.01.02 06:00,2018.01.02 07:00,2018.01.02 06:00,1307.230,0,0
324977,TIMER,57977,267000,2018.01.02 07:24:56,1514877896,313,2018.01.02 07:00,2018.01.02 06:00,2018.01.02 07:00,2018.01.02 06:00,1307.230,0,0
325520,TICK,58000,267520,2018.01.02 07:25:52,1514877952,313,2018.01.02 07:00,2018.01.02 06:00,2018.01.02 07:00,2018.01.02 06:00,1307.230,0,0
326017,TIMER,58017,268000,2018.01.02 07:26:37,1514877997,313,2018.01.02 07:00,2018.01.02 06:00,2018.01.02 07:00,2018.01.02 06:00,1307.230,0,0
327178,TIMER,58178,269000,2018.01.02 07:28:19,1514878099,313,2018.01.02 07:00,2018.01.02 06:00,2018.01.02 07:00,2018.01.02 06:00,1307.230,0,0
328360,TIMER,58360,270000,2018.01.02 07:29:56,1514878196,313,2018.01.02 07:00,2018.01.02 06:00,2018.01.02 07:00,2018.01.02 06:00,1307.230,0,0
329512,TIMER,58512,271000,2018.01.02 07:31:39,1514878299,313,2018.01.02 07:00,2018.01.02 06:00,2018.01.02 07:00,2018.01.02 06:00,1307.230,0,0
330569,TIMER,58569,272000,2018.01.02 07:33:19,1514878399,313,2018.01.02 07:00,2018.01.02 06:00,2018.01.02 07:00,2018.01.02 06:00,1307.230,0,0
331645,TIMER,58645,273000,2018.01.02 07:34:59,1514878499,313,2018.01.02 07:00,2018.01.02 06:00,2018.01.02 07:00,2018.01.02 06:00,1307.230,0,0
332304,TICK,59000,273304,2018.01.02 07:35:30,1514878530,313,2018.01.02 07:00,2018.01.02 06:00,2018.01.02 07:00,2018.01.02 06:00,1307.230,0,0
333164,TIMER,59164,274000,2018.01.02 07:36:39,1514878599,313,2018.01.02 07:00,2018.01.02 06:00,2018.01.02 07:00,2018.01.02 06:00,1307.230,0,0
334277,TIMER,59277,275000,2018.01.02 07:38:19,1514878699,313,2018.01.02 07:00,2018.01.02 06:00,2018.01.02 07:00,2018.01.02 06:00,1307.230,0,0
335472,TIMER,59472,276000,2018.01.02 07:39:57,1514878797,313,2018.01.02 07:00,2018.01.02 06:00,2018.01.02 07:00,2018.01.02 06:00,1307.230,0,0
336880,TIMER,59880,277000,2018.01.02 07:41:38,1514878898,313,2018.01.02 07:00,2018.01.02 06:00,2018.01.02 07:00,2018.01.02 06:00,1307.230,0,0
337567,TICK,60000,277567,2018.01.02 07:42:36,1514878956,313,2018.01.02 07:00,2018.01.02 06:00,2018.01.02 07:00,2018.01.02 06:00,1307.230,0,0
338725,TIMER,60725,278000,2018.01.02 07:43:19,1514878999,313,2018.01.02 07:00,2018.01.02 06:00,2018.01.02 07:00,2018.01.02 06:00,1307.230,0,0
339074,TICK,61000,278074,2018.01.02 07:43:27,1514879007,313,2018.01.02 07:00,2018.01.02 06:00,2018.01.02 07:00,2018.01.02 06:00,1307.230,0,0
340306,TIMER,61306,279000,2018.01.02 07:44:59,1514879099,313,2018.01.02 07:00,2018.01.02 06:00,2018.01.02 07:00,2018.01.02 06:00,1307.230,0,0
341375,TIMER,61375,280000,2018.01.02 07:46:35,1514879195,313,2018.01.02 07:00,2018.01.02 06:00,2018.01.02 07:00,2018.01.02 06:00,1307.230,0,0
342525,TIMER,61525,281000,2018.01.02 07:48:19,1514879299,313,2018.01.02 07:00,2018.01.02 06:00,2018.01.02 07:00,2018.01.02 06:00,1307.230,0,0
343814,TIMER,61814,282000,2018.01.02 07:49:59,1514879399,313,2018.01.02 07:00,2018.01.02 06:00,2018.01.02 07:00,2018.01.02 06:00,1307.230,0,0
344829,TICK,62000,282829,2018.01.02 07:51:22,1514879482,313,2018.01.02 07:00,2018.01.02 06:00,2018.01.02 07:00,2018.01.02 06:00,1307.230,0,0
345019,TIMER,62019,283000,2018.01.02 07:51:39,1514879499,313,2018.01.02 07:00,2018.01.02 06:00,2018.01.02 07:00,2018.01.02 06:00,1307.230,0,0
346223,TIMER,62223,284000,2018.01.02 07:53:19,1514879599,313,2018.01.02 07:00,2018.01.02 06:00,2018.01.02 07:00,2018.01.02 06:00,1307.230,0,0
347489,TIMER,62489,285000,2018.01.02 07:54:59,1514879699,313,2018.01.02 07:00,2018.01.02 06:00,2018.01.02 07:00,2018.01.02 06:00,1307.230,0,0
348226,TICK,63000,285226,2018.01.02 07:55:22,1514879722,313,2018.01.02 07:00,2018.01.02 06:00,2018.01.02 07:00,2018.01.02 06:00,1307.230,0,0
349481,TIMER,63481,286000,2018.01.02 07:56:39,1514879799,313,2018.01.02 07:00,2018.01.02 06:00,2018.01.02 07:00,2018.01.02 06:00,1307.230,0,0
350865,TICK,64000,286865,2018.01.02 07:58:06,1514879886,313,2018.01.02 07:00,2018.01.02 06:00,2018.01.02 07:00,2018.01.02 06:00,1307.230,0,0
351135,TIMER,64135,287000,2018.01.02 07:58:19,1514879899,313,2018.01.02 07:00,2018.01.02 06:00,2018.01.02 07:00,2018.01.02 06:00,1307.230,0,0
352365,TIMER,64365,288000,2018.01.02 07:59:59,1514879999,313,2018.01.02 07:00,2018.01.02 06:00,2018.01.02 07:00,2018.01.02 06:00,1307.230,0,0
353743,TIMER,64743,289000,2018.01.02 08:01:39,1514880099,313,2018.01.02 08:00,2018.01.02 07:00,2018.01.02 08:00,2018.01.02 07:00,1307.450,0,0
354976,TICK,65000,289976,2018.01.02 08:03:17,1514880197,313,2018.01.02 08:00,2018.01.02 07:00,2018.01.02 08:00,2018.01.02 07:00,1307.450,0,0
355059,TIMER,65059,290000,2018.01.02 08:03:19,1514880199,313,2018.01.02 08:00,2018.01.02 07:00,2018.01.02 08:00,2018.01.02 07:00,1307.450,0,0
356634,TICK,66000,290634,2018.01.02 08:04:23,1514880263,313,2018.01.02 08:00,2018.01.02 07:00,2018.01.02 08:00,2018.01.02 07:00,1307.450,0,0
357246,TIMER,66246,291000,2018.01.02 08:04:59,1514880299,313,2018.01.02 08:00,2018.01.02 07:00,2018.01.02 08:00,2018.01.02 07:00,1307.450,0,0
358668,TIMER,66668,292000,2018.01.02 08:06:39,1514880399,313,2018.01.02 08:00,2018.01.02 07:00,2018.01.02 08:00,2018.01.02 07:00,1307.450,0,0
359337,TICK,67000,292337,2018.01.02 08:07:13,1514880433,313,2018.01.02 08:00,2018.01.02 07:00,2018.01.02 08:00,2018.01.02 07:00,1307.450,0,0
360541,TIMER,67541,293000,2018.01.02 08:08:19,1514880499,313,2018.01.02 08:00,2018.01.02 07:00,2018.01.02 08:00,2018.01.02 07:00,1307.450,0,0
361550,TICK,68000,293550,2018.01.02 08:09:15,1514880555,313,2018.01.02 08:00,2018.01.02 07:00,2018.01.02 08:00,2018.01.02 07:00,1307.450,0,0
362230,TIMER,68230,294000,2018.01.02 08:09:59,1514880599,313,2018.01.02 08:00,2018.01.02 07:00,2018.01.02 08:00,2018.01.02 07:00,1307.450,0,0
363921,TIMER,68921,295000,2018.01.02 08:11:39,1514880699,313,2018.01.02 08:00,2018.01.02 07:00,2018.01.02 08:00,2018.01.02 07:00,1307.450,0,0
364170,TICK,69000,295170,2018.01.02 08:11:57,1514880717,313,2018.01.02 08:00,2018.01.02 07:00,2018.01.02 08:00,2018.01.02 07:00,1307.450,0,0
365557,TIMER,69557,296000,2018.01.02 08:13:19,1514880799,313,2018.01.02 08:00,2018.01.02 07:00,2018.01.02 08:00,2018.01.02 07:00,1307.450,0,0
366739,TICK,70000,296739,2018.01.02 08:14:33,1514880873,313,2018.01.02 08:00,2018.01.02 07:00,2018.01.02 08:00,2018.01.02 07:00,1307.450,0,0
367167,TIMER,70167,297000,2018.01.02 08:14:59,1514880899,313,2018.01.02 08:00,2018.01.02 07:00,2018.01.02 08:00,2018.01.02 07:00,1307.450,0,0
368675,TIMER,70675,298000,2018.01.02 08:16:39,1514880999,313,2018.01.02 08:00,2018.01.02 07:00,2018.01.02 08:00,2018.01.02 07:00,1307.450,0,0
369979,TIMER,70979,299000,2018.01.02 08:18:19,1514881099,313,2018.01.02 08:00,2018.01.02 07:00,2018.01.02 08:00,2018.01.02 07:00,1307.450,0,0
370078,TICK,71000,299078,2018.01.02 08:18:27,1514881107,313,2018.01.02 08:00,2018.01.02 07:00,2018.01.02 08:00,2018.01.02 07:00,1307.450,0,0
371693,TIMER,71693,300000,2018.01.02 08:19:59,1514881199,313,2018.01.02 08:00,2018.01.02 07:00,2018.01.02 08:00,2018.01.02 07:00,1307.450,0,0
372673,TICK,72000,300673,2018.01.02 08:21:07,1514881267,313,2018.01.02 08:00,2018.01.02 07:00,2018.01.02 08:00,2018.01.02 07:00,1307.450,0,0
373216,TIMER,72216,301000,2018.01.02 08:21:39,1514881299,313,2018.01.02 08:00,2018.01.02 07:00,2018.01.02 08:00,2018.01.02 07:00,1307.450,0,0
374316,TIMER,72316,302000,2018.01.02 08:23:19,1514881399,313,2018.01.02 08:00,2018.01.02 07:00,2018.01.02 08:00,2018.01.02 07:00,1307.450,0,0
375436,TIMER,72436,303000,2018.01.02 08:24:59,1514881499,313,2018.01.02 08:00,2018.01.02 07:00,2018.01.02 08:00,2018.01.02 07:00,1307.450,0,0
376534,TIMER,72534,304000,2018.01.02 08:26:39,1514881599,313,2018.01.02 08:00,2018.01.02 07:00,2018.01.02 08:00,2018.01.02 07:00,1307.450,0,0
377701,TIMER,72701,305000,2018.01.02 08:28:19,1514881699,313,2018.01.02 08:00,2018.01.02 07:00,2018.01.02 08:00,2018.01.02 07:00,1307.450,0,0
378801,TIMER,72801,306000,2018.01.02 08:29:59,1514881799,313,2018.01.02 08:00,2018.01.02 07:00,2018.01.02 08:00,2018.01.02 07:00,1307.450,0,0
379896,TIMER,72896,307000,2018.01.02 08:31:38,1514881898,313,2018.01.02 08:00,2018.01.02 07:00,2018.01.02 08:00,2018.01.02 07:00,1307.450,0,0
380783,TICK,73000,307783,2018.01.02 08:32:58,1514881978,313,2018.01.02 08:00,2018.01.02 07:00,2018.01.02 08:00,2018.01.02 07:00,1307.450,0,0
381025,TIMER,73025,308000,2018.01.02 08:33:18,1514881998,313,2018.01.02 08:00,2018.01.02 07:00,2018.01.02 08:00,2018.01.02 07:00,1307.450,0,0
382104,TIMER,73104,309000,2018.01.02 08:34:59,1514882099,313,2018.01.02 08:00,2018.01.02 07:00,2018.01.02 08:00,2018.01.02 07:00,1307.450,0,0
383154,TIMER,73154,310000,2018.01.02 08:36:36,1514882196,313,2018.01.02 08:00,2018.01.02 07:00,2018.01.02 08:00,2018.01.02 07:00,1307.450,0,0
384306,TIMER,73306,311000,2018.01.02 08:38:19,1514882299,313,2018.01.02 08:00,2018.01.02 07:00,2018.01.02 08:00,2018.01.02 07:00,1307.450,0,0
385967,TIMER,73967,312000,2018.01.02 08:39:57,1514882397,313,2018.01.02 08:00,2018.01.02 07:00,2018.01.02 08:00,2018.01.02 07:00,1307.450,0,0
386293,TICK,74000,312293,2018.01.02 08:40:29,1514882429,313,2018.01.02 08:00,2018.01.02 07:00,2018.01.02 08:00,2018.01.02 07:00,1307.450,0,0
387283,TIMER,74283,313000,2018.01.02 08:41:39,1514882499,313,2018.01.02 08:00,2018.01.02 07:00,2018.01.02 08:00,2018.01.02 07:00,1307.450,0,0
388420,TIMER,74420,314000,2018.01.02 08:43:19,1514882599,313,2018.01.02 08:00,2018.01.02 07:00,2018.01.02 08:00,2018.01.02 07:00,1307.450,0,0
389473,TIMER,74473,315000,2018.01.02 08:44:59,1514882699,313,2018.01.02 08:00,2018.01.02 07:00,2018.01.02 08:00,2018.01.02 07:00,1307.450,0,0
390527,TIMER,74527,316000,2018.01.02 08:46:36,1514882796,313,2018.01.02 08:00,2018.01.02 07:00,2018.01.02 08:00,2018.01.02 07:00,1307.450,0,0
391683,TIMER,74683,317000,2018.01.02 08:48:19,1514882899,313,2018.01.02 08:00,2018.01.02 07:00,2018.01.02 08:00,2018.01.02 07:00,1307.450,0,0
392777,TIMER,74777,318000,2018.01.02 08:49:59,1514882999,313,2018.01.02 08:00,2018.01.02 07:00,2018.01.02 08:00,2018.01.02 07:00,1307.450,0,0
393909,TIMER,74909,319000,2018.01.02 08:51:39,1514883099,313,2018.01.02 08:00,2018.01.02 07:00,2018.01.02 08:00,2018.01.02 07:00,1307.450,0,0
394381,TICK,75000,319381,2018.01.02 08:52:18,1514883138,313,2018.01.02 08:00,2018.01.02 07:00,2018.01.02 08:00,2018.01.02 07:00,1307.450,0,0
395222,TIMER,75222,320000,2018.01.02 08:53:19,1514883199,313,2018.01.02 08:00,2018.01.02 07:00,2018.01.02 08:00,2018.01.02 07:00,1307.450,0,0
396361,TIMER,75361,321000,2018.01.02 08:54:59,1514883299,313,2018.01.02 08:00,2018.01.02 07:00,2018.01.02 08:00,2018.01.02 07:00,1307.450,0,0
397564,TIMER,75564,322000,2018.01.02 08:56:39,1514883399,313,2018.01.02 08:00,2018.01.02 07:00,2018.01.02 08:00,2018.01.02 07:00,1307.450,0,0
398935,TICK,76000,322935,2018.01.02 08:58:13,1514883493,313,2018.01.02 08:00,2018.01.02 07:00,2018.01.02 08:00,2018.01.02 07:00,1307.450,0,0
399012,TIMER,76012,323000,2018.01.02 08:58:19,1514883499,313,2018.01.02 08:00,2018.01.02 07:00,2018.01.02 08:00,2018.01.02 07:00,1307.450,0,0
400585,TIMER,76585,324000,2018.01.02 08:59:59,1514883599,313,2018.01.02 08:00,2018.01.02 07:00,2018.01.02 08:00,2018.01.02 07:00,1307.450,0,0
401868,TIMER,76868,325000,2018.01.02 09:01:39,1514883699,313,2018.01.02 09:00,2018.01.02 08:00,2018.01.02 09:00,2018.01.02 08:00,1309.990,0,0
402825,TICK,77000,325825,2018.01.02 09:03:02,1514883782,313,2018.01.02 09:00,2018.01.02 08:00,2018.01.02 09:00,2018.01.02 08:00,1309.990,0,0
403056,TIMER,77056,326000,2018.01.02 09:03:19,1514883799,313,2018.01.02 09:00,2018.01.02 08:00,2018.01.02 09:00,2018.01.02 08:00,1309.990,0,0
404789,TIMER,77789,327000,2018.01.02 09:04:59,1514883899,313,2018.01.02 09:00,2018.01.02 08:00,2018.01.02 09:00,2018.01.02 08:00,1309.990,0,0
405961,TIMER,77961,328000,2018.01.02 09:06:39,1514883999,313,2018.01.02 09:00,2018.01.02 08:00,2018.01.02 09:00,2018.01.02 08:00,1309.990,0,0
406099,TICK,78000,328099,2018.01.02 09:06:49,1514884009,313,2018.01.02 09:00,2018.01.02 08:00,2018.01.02 09:00,2018.01.02 08:00,1309.990,0,0
407343,TIMER,78343,329000,2018.01.02 09:08:19,1514884099,313,2018.01.02 09:00,2018.01.02 08:00,2018.01.02 09:00,2018.01.02 08:00,1309.990,0,0
408581,TIMER,78581,330000,2018.01.02 09:09:59,1514884199,313,2018.01.02 09:00,2018.01.02 08:00,2018.01.02 09:00,2018.01.02 08:00,1309.990,0,0
409852,TIMER,78852,331000,2018.01.02 09:11:39,1514884299,313,2018.01.02 09:00,2018.01.02 08:00,2018.01.02 09:00,2018.01.02 08:00,1309.990,0,0
410392,TICK,79000,331392,2018.01.02 09:12:19,1514884339,313,2018.01.02 09:00,2018.01.02 08:00,2018.01.02 09:00,2018.01.02 08:00,1309.990,0,0
411150,TIMER,79150,332000,2018.01.02 09:13:19,1514884399,313,2018.01.02 09:00,2018.01.02 08:00,2018.01.02 09:00,2018.01.02 08:00,1309.990,0,0
412375,TIMER,79375,333000,2018.01.02 09:14:59,1514884499,313,2018.01.02 09:00,2018.01.02 08:00,2018.01.02 09:00,2018.01.02 08:00,1309.990,0,0
413850,TIMER,79850,334000,2018.01.02 09:16:39,1514884599,313,2018.01.02 09:00,2018.01.02 08:00,2018.01.02 09:00,2018.01.02 08:00,1309.990,0,0
414695,TICK,80000,334695,2018.01.02 09:17:49,1514884669,313,2018.01.02 09:00,2018.01.02 08:00,2018.01.02 09:00,2018.01.02 08:00,1309.990,0,0
415070,TIMER,80070,335000,2018.01.02 09:18:19,1514884699,313,2018.01.02 09:00,2018.01.02 08:00,2018.01.02 09:00,2018.01.02 08:00,1309.990,0,0
416225,TIMER,80225,336000,2018.01.02 09:19:59,1514884799,313,2018.01.02 09:00,2018.01.02 08:00,2018.01.02 09:00,2018.01.02 08:00,1309.990,0,0
417575,TIMER,80575,337000,2018.01.02 09:21:39,1514884899,313,2018.01.02 09:00,2018.01.02 08:00,2018.01.02 09:00,2018.01.02 08:00,1309.990,0,0
418838,TIMER,80838,338000,2018.01.02 09:23:19,1514884999,313,2018.01.02 09:00,2018.01.02 08:00,2018.01.02 09:00,2018.01.02 08:00,1309.990,0,0
419846,TICK,81000,338846,2018.01.02 09:24:44,1514885084,313,2018.01.02 09:00,2018.01.02 08:00,2018.01.02 09:00,2018.01.02 08:00,1309.990,0,0
420044,TIMER,81044,339000,2018.01.02 09:24:59,1514885099,313,2018.01.02 09:00,2018.01.02 08:00,2018.01.02 09:00,2018.01.02 08:00,1309.990,0,0
421371,TIMER,81371,340000,2018.01.02 09:26:39,1514885199,313,2018.01.02 09:00,2018.01.02 08:00,2018.01.02 09:00,2018.01.02 08:00,1309.990,0,0
422684,TIMER,81684,341000,2018.01.02 09:28:19,1514885299,313,2018.01.02 09:00,2018.01.02 08:00,2018.01.02 09:00,2018.01.02 08:00,1309.990,0,0
423857,TIMER,81857,342000,2018.01.02 09:29:56,1514885396,313,2018.01.02 09:00,2018.01.02 08:00,2018.01.02 09:00,2018.01.02 08:00,1309.990,0,0
424501,TICK,82000,342501,2018.01.02 09:30:50,1514885450,313,2018.01.02 09:00,2018.01.02 08:00,2018.01.02 09:00,2018.01.02 08:00,1309.990,0,0
425129,TIMER,82129,343000,2018.01.02 09:31:39,1514885499,313,2018.01.02 09:00,2018.01.02 08:00,2018.01.02 09:00,2018.01.02 08:00,1309.990,0,0
426343,TIMER,82343,344000,2018.01.02 09:33:19,1514885599,313,2018.01.02 09:00,2018.01.02 08:00,2018.01.02 09:00,2018.01.02 08:00,1309.990,0,0
427540,TIMER,82540,345000,2018.01.02 09:34:57,1514885697,313,2018.01.02 09:00,2018.01.02 08:00,2018.01.02 09:00,2018.01.02 08:00,1309.990,0,0
428773,TIMER,82773,346000,2018.01.02 09:36:39,1514885799,313,2018.01.02 09:00,2018.01.02 08:00,2018.01.02 09:00,2018.01.02 08:00,1309.990,0,0
429936,TICK,83000,346936,2018.01.02 09:38:13,1514885893,313,2018.01.02 09:00,2018.01.02 08:00,2018.01.02 09:00,2018.01.02 08:00,1309.990,0,0
430019,TIMER,83019,347000,2018.01.02 09:38:19,1514885899,313,2018.01.02 09:00,2018.01.02 08:00,2018.01.02 09:00,2018.01.02 08:00,1309.990,0,0
431241,TIMER,83241,348000,2018.01.02 09:39:59,1514885999,313,2018.01.02 09:00,2018.01.02 08:00,2018.01.02 09:00,2018.01.02 08:00,1309.990,0,0
432479,TIMER,83479,349000,2018.01.02 09:41:39,1514886099,313,2018.01.02 09:00,2018.01.02 08:00,2018.01.02 09:00,2018.01.02 08:00,1309.990,0,0
433998,TICK,84000,349998,2018.01.02 09:43:19,1514886199,313,2018.01.02 09:00,2018.01.02 08:00,2018.01.02 09:00,2018.01.02 08:00,1309.990,0,0
434003,TIMER,84003,350000,2018.01.02 09:43:19,1514886199,313,2018.01.02 09:00,2018.01.02 08:00,2018.01.02 09:00,2018.01.02 08:00,1309.990,0,0
435284,TIMER,84284,351000,2018.01.02 09:44:59,1514886299,313,2018.01.02 09:00,2018.01.02 08:00,2018.01.02 09:00,2018.01.02 08:00,1309.990,0,0
436585,TIMER,84585,352000,2018.01.02 09:46:39,1514886399,313,2018.01.02 09:00,2018.01.02 08:00,2018.01.02 09:00,2018.01.02 08:00,1309.990,0,0
437850,TIMER,84850,353000,2018.01.02 09:48:19,1514886499,313,2018.01.02 09:00,2018.01.02 08:00,2018.01.02 09:00,2018.01.02 08:00,1309.990,0,0
438972,TIMER,84972,354000,2018.01.02 09:49:58,1514886598,313,2018.01.02 09:00,2018.01.02 08:00,2018.01.02 09:00,2018.01.02 08:00,1309.990,0,0
439361,TICK,85000,354361,2018.01.02 09:50:36,1514886636,313,2018.01.02 09:00,2018.01.02 08:00,2018.01.02 09:00,2018.01.02 08:00,1309.990,0,0
440144,TIMER,85144,355000,2018.01.02 09:51:39,1514886699,313,2018.01.02 09:00,2018.01.02 08:00,2018.01.02 09:00,2018.01.02 08:00,1309.990,0,0
441217,TIMER,85217,356000,2018.01.02 09:53:18,1514886798,313,2018.01.02 09:00,2018.01.02 08:00,2018.01.02 09:00,2018.01.02 08:00,1309.990,0,0
442398,TIMER,85398,357000,2018.01.02 09:54:53,1514886893,313,2018.01.02 09:00,2018.01.02 08:00,2018.01.02 09:00,2018.01.02 08:00,1309.990,0,0
443551,TIMER,85551,358000,2018.01.02 09:56:39,1514886999,313,2018.01.02 09:00,2018.01.02 08:00,2018.01.02 09:00,2018.01.02 08:00,1309.990,0,0
444739,TIMER,85739,359000,2018.01.02 09:58:18,1514887098,313,2018.01.02 09:00,2018.01.02 08:00,2018.01.02 09:00,2018.01.02 08:00,1309.990,0,0
445891,TIMER,85891,360000,2018.01.02 09:59:59,1514887199,313,2018.01.02 09:00,2018.01.02 08:00,2018.01.02 09:00,2018.01.02 08:00,1309.990,0,0
446351,TICK,86000,360351,2018.01.02 10:00:35,1514887235,313,2018.01.02 10:00,2018.01.02 09:00,2018.01.02 10:00,2018.01.02 09:00,1309.460,0,0
447202,TIMER,86202,361000,2018.01.02 10:01:39,1514887299,313,2018.01.02 10:00,2018.01.02 09:00,2018.01.02 10:00,2018.01.02 09:00,1309.460,0,0
448485,TIMER,86485,362000,2018.01.02 10:03:19,1514887399,313,2018.01.02 10:00,2018.01.02 09:00,2018.01.02 10:00,2018.01.02 09:00,1309.460,0,0
449845,TIMER,86845,363000,2018.01.02 10:04:59,1514887499,313,2018.01.02 10:00,2018.01.02 09:00,2018.01.02 10:00,2018.01.02 09:00,1309.460,0,0
450270,TICK,87000,363270,2018.01.02 10:05:27,1514887527,313,2018.01.02 10:00,2018.01.02 09:00,2018.01.02 10:00,2018.01.02 09:00,1309.460,0,0
451329,TIMER,87329,364000,2018.01.02 10:06:39,1514887599,313,2018.01.02 10:00,2018.01.02 09:00,2018.01.02 10:00,2018.01.02 09:00,1309.460,0,0
452902,TIMER,87902,365000,2018.01.02 10:08:18,1514887698,313,2018.01.02 10:00,2018.01.02 09:00,2018.01.02 10:00,2018.01.02 09:00,1309.460,0,0
453340,TICK,88000,365340,2018.01.02 10:08:54,1514887734,313,2018.01.02 10:00,2018.01.02 09:00,2018.01.02 10:00,2018.01.02 09:00,1309.460,0,0
454373,TIMER,88373,366000,2018.01.02 10:09:59,1514887799,313,2018.01.02 10:00,2018.01.02 09:00,2018.01.02 10:00,2018.01.02 09:00,1309.460,0,0
455698,TIMER,88698,367000,2018.01.02 10:11:39,1514887899,313,2018.01.02 10:00,2018.01.02 09:00,2018.01.02 10:00,2018.01.02 09:00,1309.460,0,0
456901,TICK,89000,367901,2018.01.02 10:13:10,1514887990,313,2018.01.02 10:00,2018.01.02 09:00,2018.01.02 10:00,2018.01.02 09:00,1309.460,0,0
457028,TIMER,89028,368000,2018.01.02 10:13:19,1514887999,313,2018.01.02 10:00,2018.01.02 09:00,2018.01.02 10:00,2018.01.02 09:00,1309.460,0,0
458369,TIMER,89369,369000,2018.01.02 10:14:59,1514888099,313,2018.01.02 10:00,2018.01.02 09:00,2018.01.02 10:00,2018.01.02 09:00,1309.460,0,0
459694,TIMER,89694,370000,2018.01.02 10:16:39,1514888199,313,2018.01.02 10:00,2018.01.02 09:00,2018.01.02 10:00,2018.01.02 09:00,1309.460,0,0
460811,TIMER,89811,371000,2018.01.02 10:18:19,1514888299,313,2018.01.02 10:00,2018.01.02 09:00,2018.01.02 10:00,2018.01.02 09:00,1309.460,0,0
461326,TICK,90000,371326,2018.01.02 10:18:52,1514888332,313,2018.01.02 10:00,2018.01.02 09:00,2018.01.02 10:00,2018.01.02 09:00,1309.460,0,0
462185,TIMER,90185,372000,2018.01.02 10:19:59,1514888399,313,2018.01.02 10:00,2018.01.02 09:00,2018.01.02 10:00,2018.01.02 09:00,1309.460,0,0
463529,TIMER,90529,373000,2018.01.02 10:21:39,1514888499,313,2018.01.02 10:00,2018.01.02 09:00,2018.01.02 10:00,2018.01.02 09:00,1309.460,0,0
464913,TICK,91000,373913,2018.01.02 10:23:11,1514888591,313,2018.01.02 10:00,2018.01.02 09:00,2018.01.02 10:00,2018.01.02 09:00,1309.460,0,0
465072,TIMER,91072,374000,2018.01.02 10:23:19,1514888599,313,2018.01.02 10:00,2018.01.02 09:00,2018.01.02 10:00,2018.01.02 09:00,1309.460,0,0
466805,TIMER,91805,375000,2018.01.02 10:24:59,1514888699,313,2018.01.02 10:00,2018.01.02 09:00,2018.01.02 10:00,2018.01.02 09:00,1309.460,0,0
467257,TICK,92000,375257,2018.01.02 10:25:25,1514888725,313,2018.01.02 10:00,2018.01.02 09:00,2018.01.02 10:00,2018.01.02 09:00,1309.460,0,0
468617,TIMER,92617,376000,2018.01.02 10:26:39,1514888799,313,2018.01.02 10:00,2018.01.02 09:00,2018.01.02 10:00,2018.01.02 09:00,1309.460,0,0
469816,TICK,93000,376816,2018.01.02 10:28:01,1514888881,313,2018.01.02 10:00,2018.01.02 09:00,2018.01.02 10:00,2018.01.02 09:00,1309.460,0,0
470240,TIMER,93240,377000,2018.01.02 10:28:19,1514888899,313,2018.01.02 10:00,2018.01.02 09:00,2018.01.02 10:00,2018.01.02 09:00,1309.460,0,0
471722,TIMER,93722,378000,2018.01.02 10:29:59,1514888999,313,2018.01.02 10:00,2018.01.02 09:00,2018.01.02 10:00,2018.01.02 09:00,1309.460,0,0
472278,TICK,94000,378278,2018.01.02 10:30:27,1514889027,313,2018.01.02 10:00,2018.01.02 09:00,2018.01.02 10:00,2018.01.02 09:00,1309.460,0,0
473305,TIMER,94305,379000,2018.01.02 10:31:39,1514889099,313,2018.01.02 10:00,2018.01.02 09:00,2018.01.02 10:00,2018.01.02 09:00,1309.460,0,0
474803,TICK,95000,379803,2018.01.02 10:33:00,1514889180,313,2018.01.02 10:00,2018.01.02 09:00,2018.01.02 10:00,2018.01.02 09:00,1309.460,0,0
475102,TIMER,95102,380000,2018.01.02 10:33:19,1514889199,329,2018.01.02 10:00,2018.01.02 09:00,2018.01.02 10:00,2018.01.02 09:00,1309.460,0,0
476585,TIMER,95585,381000,2018.01.02 10:34:58,1514889298,329,2018.01.02 10:00,2018.01.02 09:00,2018.01.02 10:00,2018.01.02 09:00,1309.460,0,0
477954,TIMER,95954,382000,2018.01.02 10:36:39,1514889399,329,2018.01.02 10:00,2018.01.02 09:00,2018.01.02 10:00,2018.01.02 09:00,1309.460,0,0
478133,TICK,96000,382133,2018.01.02 10:36:53,1514889413,329,2018.01.02 10:00,2018.01.02 09:00,2018.01.02 10:00,2018.01.02 09:00,1309.460,0,0
479442,TIMER,96442,383000,2018.01.02 10:38:19,1514889499,329,2018.01.02 10:00,2018.01.02 09:00,2018.01.02 10:00,2018.01.02 09:00,1309.460,0,0
480813,TIMER,96813,384000,2018.01.02 10:39:59,1514889599,329,2018.01.02 10:00,2018.01.02 09:00,2018.01.02 10:00,2018.01.02 09:00,1309.460,0,0
481471,TICK,97000,384471,2018.01.02 10:40:47,1514889647,329,2018.01.02 10:00,2018.01.02 09:00,2018.01.02 10:00,2018.01.02 09:00,1309.460,0,0
482314,TIMER,97314,385000,2018.01.02 10:41:39,1514889699,329,2018.01.02 10:00,2018.01.02 09:00,2018.01.02 10:00,2018.01.02 09:00,1309.460,0,0
483577,TIMER,97577,386000,2018.01.02 10:43:19,1514889799,329,2018.01.02 10:00,2018.01.02 09:00,2018.01.02 10:00,2018.01.02 09:00,1309.460,0,0
484601,TICK,98000,386601,2018.01.02 10:44:20,1514889860,329,2018.01.02 10:00,2018.01.02 09:00,2018.01.02 10:00,2018.01.02 09:00,1309.460,0,0
485128,TIMER,98128,387000,2018.01.02 10:44:59,1514889899,329,2018.01.02 10:00,2018.01.02 09:00,2018.01.02 10:00,2018.01.02 09:00,1309.460,0,0
486620,TIMER,98620,388000,2018.01.02 10:46:39,1514889999,329,2018.01.02 10:00,2018.01.02 09:00,2018.01.02 10:00,2018.01.02 09:00,1309.460,0,0
487786,TIMER,98786,389000,2018.01.02 10:48:19,1514890099,329,2018.01.02 10:00,2018.01.02 09:00,2018.01.02 10:00,2018.01.02 09:00,1309.460,0,0
488704,TICK,99000,389704,2018.01.02 10:49:30,1514890170,329,2018.01.02 10:00,2018.01.02 09:00,2018.01.02 10:00,2018.01.02 09:00,1309.460,0,0
489034,TIMER,99034,390000,2018.01.02 10:49:59,1514890199,329,2018.01.02 10:00,2018.01.02 09:00,2018.01.02 10:00,2018.01.02 09:00,1309.460,0,0
490371,TIMER,99371,391000,2018.01.02 10:51:37,1514890297,329,2018.01.02 10:00,2018.01.02 09:00,2018.01.02 10:00,2018.01.02 09:00,1309.460,0,0
491610,TIMER,99610,392000,2018.01.02 10:53:19,1514890399,329,2018.01.02 10:00,2018.01.02 09:00,2018.01.02 10:00,2018.01.02 09:00,1309.460,0,0
492760,TIMER,99760,393000,2018.01.02 10:54:59,1514890499,329,2018.01.02 10:00,2018.01.02 09:00,2018.01.02 10:00,2018.01.02 09:00,1309.460,0,0
493872,TICK,100000,393872,2018.01.02 10:56:27,1514890587,329,2018.01.02 10:00,2018.01.02 09:00,2018.01.02 10:00,2018.01.02 09:00,1309.460,0,0
494129,TIMER,100129,394000,2018.01.02 10:56:39,1514890599,329,2018.01.02 10:00,2018.01.02 09:00,2018.01.02 10:00,2018.01.02 09:00,1309.460,0,0
495389,TIMER,100389,395000,2018.01.02 10:58:19,1514890699,329,2018.01.02 10:00,2018.01.02 09:00,2018.01.02 10:00,2018.01.02 09:00,1309.460,0,0
496940,TIMER,100940,396000,2018.01.02 10:59:59,1514890799,329,2018.01.02 10:00,2018.01.02 09:00,2018.01.02 10:00,2018.01.02 09:00,1309.460,0,0
497066,TICK,101000,396066,2018.01.02 11:00:06,1514890806,329,2018.01.02 11:00,2018.01.02 10:00,2018.01.02 11:00,2018.01.02 10:00,1310.290,0,0
498556,TIMER,101556,397000,2018.01.02 11:01:39,1514890899,329,2018.01.02 11:00,2018.01.02 10:00,2018.01.02 11:00,2018.01.02 10:00,1310.290,0,0
499700,TICK,102000,397700,2018.01.02 11:02:50,1514890970,329,2018.01.02 11:00,2018.01.02 10:00,2018.01.02 11:00,2018.01.02 10:00,1310.290,0,0
500238,TIMER,102238,398000,2018.01.02 11:03:19,1514890999,329,2018.01.02 11:00,2018.01.02 10:00,2018.01.02 11:00,2018.01.02 10:00,1310.290,0,0
501586,TIMER,102586,399000,2018.01.02 11:04:59,1514891099,329,2018.01.02 11:00,2018.01.02 10:00,2018.01.02 11:00,2018.01.02 10:00,1310.290,0,0
502934,TIMER,102934,400000,2018.01.02 11:06:39,1514891199,329,2018.01.02 11:00,2018.01.02 10:00,2018.01.02 11:00,2018.01.02 10:00,1310.290,0,0
503211,TICK,103000,400211,2018.01.02 11:07:01,1514891221,329,2018.01.02 11:00,2018.01.02 10:00,2018.01.02 11:00,2018.01.02 10:00,1310.290,0,0
504312,TIMER,103312,401000,2018.01.02 11:08:19,1514891299,329,2018.01.02 11:00,2018.01.02 10:00,2018.01.02 11:00,2018.01.02 10:00,1310.290,0,0
505855,TIMER,103855,402000,2018.01.02 11:09:59,1514891399,329,2018.01.02 11:00,2018.01.02 10:00,2018.01.02 11:00,2018.01.02 10:00,1310.290,0,0
506310,TICK,104000,402310,2018.01.02 11:10:31,1514891431,329,2018.01.02 11:00,2018.01.02 10:00,2018.01.02 11:00,2018.01.02 10:00,1310.290,0,0
507165,TIMER,104165,403000,2018.01.02 11:11:39,1514891499,329,2018.01.02 11:00,2018.01.02 10:00,2018.01.02 11:00,2018.01.02 10:00,1310.290,0,0
508497,TIMER,104497,404000,2018.01.02 11:13:19,1514891599,329,2018.01.02 11:00,2018.01.02 10:00,2018.01.02 11:00,2018.01.02 10:00,1310.290,0,0
509808,TIMER,104808,405000,2018.01.02 11:14:59,1514891699,329,2018.01.02 11:00,2018.01.02 10:00,2018.01.02 11:00,2018.01.02 10:00,1310.290,0,0
510889,TIMER,104889,406000,2018.01.02 11:16:39,1514891799,329,2018.01.02 11:00,2018.01.02 10:00,2018.01.02 11:00,2018.01.02 10:00,1310.290,0,0
511668,TICK,105000,406668,2018.01.02 11:17:46,1514891866,329,2018.01.02 11:00,2018.01.02 10:00,2018.01.02 11:00,2018.01.02 10:00,1310.290,0,0
512038,TIMER,105038,407000,2018.01.02 11:18:19,1514891899,329,2018.01.02 11:00,2018.01.02 10:00,2018.01.02 11:00,2018.01.02 10:00,1310.290,0,0
513167,TIMER,105167,408000,2018.01.02 11:19:59,1514891999,329,2018.01.02 11:00,2018.01.02 10:00,2018.01.02 11:00,2018.01.02 10:00,1310.290,0,0
514252,TIMER,105252,409000,2018.01.02 11:21:39,1514892099,329,2018.01.02 11:00,2018.01.02 10:00,2018.01.02 11:00,2018.01.02 10:00,1310.290,0,0
515493,TIMER,105493,410000,2018.01.02 11:23:19,1514892199,329,2018.01.02 11:00,2018.01.02 10:00,2018.01.02 11:00,2018.01.02 10:00,1310.290,0,0
516750,TIMER,105750,411000,2018.01.02 11:24:59,1514892299,329,2018.01.02 11:00,2018.01.02 10:00,2018.01.02 11:00,2018.01.02 10:00,1310.290,0,0
517950,TIMER,105950,412000,2018.01.02 11:26:38,1514892398,329,2018.01.02 11:00,2018.01.02 10:00,2018.01.02 11:00,2018.01.02 10:00,1310.290,0,0
518276,TICK,106000,412276,2018.01.02 11:27:07,1514892427,329,2018.01.02 11:00,2018.01.02 10:00,2018.01.02 11:00,2018.01.02 10:00,1310.290,0,0
519216,TIMER,106216,413000,2018.01.02 11:28:19,1514892499,329,2018.01.02 11:00,2018.01.02 10:00,2018.01.02 11:00,2018.01.02 10:00,1310.290,0,0
520445,TIMER,106445,414000,2018.01.02 11:29:57,1514892597,329,2018.01.02 11:00,2018.01.02 10:00,2018.01.02 11:00,2018.01.02 10:00,1310.290,0,0
521718,TIMER,106718,415000,2018.01.02 11:31:39,1514892699,329,2018.01.02 11:00,2018.01.02 10:00,2018.01.02 11:00,2018.01.02 10:00,1310.290,0,0
522838,TICK,107000,415838,2018.01.02 11:33:03,1514892783,329,2018.01.02 11:00,2018.01.02 10:00,2018.01.02 11:00,2018.01.02 10:00,1310.290,0,0
523064,TIMER,107064,416000,2018.01.02 11:33:19,1514892799,329,2018.01.02 11:00,2018.01.02 10:00,2018.01.02 11:00,2018.01.02 10:00,1310.290,0,0
524353,TIMER,107353,417000,2018.01.02 11:34:59,1514892899,329,2018.01.02 11:00,2018.01.02 10:00,2018.01.02 11:00,2018.01.02 10:00,1310.290,0,0
525507,TICK,108000,417507,2018.01.02 11:35:50,1514892950,329,2018.01.02 11:00,2018.01.02 10:00,2018.01.02 11:00,2018.01.02 10:00,1310.290,0,0
526353,TIMER,108353,418000,2018.01.02 11:36:39,1514892999,329,2018.01.02 11:00,2018.01.02 10:00,2018.01.02 11:00,2018.01.02 10:00,1310.290,0,0
527735,TIMER,108735,419000,2018.01.02 11:38:19,1514893099,329,2018.01.02 11:00,2018.01.02 10:00,2018.01.02 11:00,2018.01.02 10:00,1310.290,0,0
528932,TIMER,108932,420000,2018.01.02 11:39:59,1514893199,329,2018.01.02 11:00,2018.01.02 10:00,2018.01.02 11:00,2018.01.02 10:00,1310.290,0,0
529507,TICK,109000,420507,2018.01.02 11:40:50,1514893250,329,2018.01.02 11:00,2018.01.02 10:00,2018.01.02 11:00,2018.01.02 10:00,1310.290,0,0
530242,TIMER,109242,421000,2018.01.02 11:41:39,1514893299,329,2018.01.02 11:00,2018.01.02 10:00,2018.01.02 11:00,2018.01.02 10:00,1310.290,0,0
531653,TIMER,109653,422000,2018.01.02 11:43:19,1514893399,329,2018.01.02 11:00,2018.01.02 10:00,2018.01.02 11:00,2018.01.02 10:00,1310.290,0,0
532752,TICK,110000,422752,2018.01.02 11:44:35,1514893475,329,2018.01.02 11:00,2018.01.02 10:00,2018.01.02 11:00,2018.01.02 10:00,1310.290,0,0
533076,TIMER,110076,423000,2018.01.02 11:44:58,1514893498,329,2018.01.02 11:00,2018.01.02 10:00,2018.01.02 11:00,2018.01.02 10:00,1310.290,0,0
534526,TIMER,110526,424000,2018.01.02 11:46:39,1514893599,329,2018.01.02 11:00,2018.01.02 10:00,2018.01.02 11:00,2018.01.02 10:00,1310.290,0,0
535249,TICK,111000,424249,2018.01.02 11:47:04,1514893624,329,2018.01.02 11:00,2018.01.02 10:00,2018.01.02 11:00,2018.01.02 10:00,1310.290,0,0
536400,TIMER,111400,425000,2018.01.02 11:48:19,1514893699,329,2018.01.02 11:00,2018.01.02 10:00,2018.01.02 11:00,2018.01.02 10:00,1310.290,0,0
537742,TICK,112000,425742,2018.01.02 11:49:34,1514893774,329,2018.01.02 11:00,2018.01.02 10:00,2018.01.02 11:00,2018.01.02 10:00,1310.290,0,0
538317,TIMER,112317,426000,2018.01.02 11:49:59,1514893799,329,2018.01.02 11:00,2018.01.02 10:00,2018.01.02 11:00,2018.01.02 10:00,1310.290,0,0
539702,TIMER,112702,427000,2018.01.02 11:51:39,1514893899,329,2018.01.02 11:00,2018.01.02 10:00,2018.01.02 11:00,2018.01.02 10:00,1310.290,0,0
540996,TICK,113000,427996,2018.01.02 11:53:19,1514893999,329,2018.01.02 11:00,2018.01.02 10:00,2018.01.02 11:00,2018.01.02 10:00,1310.290,0,0
541013,TIMER,113013,428000,2018.01.02 11:53:19,1514893999,329,2018.01.02 11:00,2018.01.02 10:00,2018.01.02 11:00,2018.01.02 10:00,1310.290,0,0
542610,TIMER,113610,429000,2018.01.02 11:54:59,1514894099,329,2018.01.02 11:00,2018.01.02 10:00,2018.01.02 11:00,2018.01.02 10:00,1310.290,0,0
543769,TIMER,113769,430000,2018.01.02 11:56:39,1514894199,329,2018.01.02 11:00,2018.01.02 10:00,2018.01.02 11:00,2018.01.02 10:00,1310.290,0,0
544841,TICK,114000,430841,2018.01.02 11:58:04,1514894284,329,2018.01.02 11:00,2018.01.02 10:00,2018.01.02 11:00,2018.01.02 10:00,1310.290,0,0
545037,TIMER,114037,431000,2018.01.02 11:58:19,1514894299,329,2018.01.02 11:00,2018.01.02 10:00,2018.01.02 11:00,2018.01.02 10:00,1310.290,0,0
546372,TIMER,114372,432000,2018.01.02 11:59:59,1514894399,329,2018.01.02 11:00,2018.01.02 10:00,2018.01.02 11:00,2018.01.02 10:00,1310.290,0,0
547744,TIMER,114744,433000,2018.01.02 12:01:39,1514894499,329,2018.01.02 12:00,2018.01.02 11:00,2018.01.02 12:00,2018.01.02 11:00,1312.270,0,0
548900,TIMER,114900,434000,2018.01.02 12:03:19,1514894599,329,2018.01.02 12:00,2018.01.02 11:00,2018.01.02 12:00,2018.01.02 11:00,1312.270,0,0
549382,TICK,115000,434382,2018.01.02 12:03:58,1514894638,329,2018.01.02 12:00,2018.01.02 11:00,2018.01.02 12:00,2018.01.02 11:00,1312.270,0,0
550417,TIMER,115417,435000,2018.01.02 12:04:59,1514894699,329,2018.01.02 12:00,2018.01.02 11:00,2018.01.02 12:00,2018.01.02 11:00,1312.270,0,0
551816,TIMER,115816,436000,2018.01.02 12:06:39,1514894799,329,2018.01.02 12:00,2018.01.02 11:00,2018.01.02 12:00,2018.01.02 11:00,1312.270,0,0
552581,TICK,116000,436581,2018.01.02 12:07:38,1514894858,329,2018.01.02 12:00,2018.01.02 11:00,2018.01.02 12:00,2018.01.02 11:00,1312.270,0,0
553056,TIMER,116056,437000,2018.01.02 12:08:19,1514894899,329,2018.01.02 12:00,2018.01.02 11:00,2018.01.02 12:00,2018.01.02 11:00,1312.270,0,0
554277,TIMER,116277,438000,2018.01.02 12:09:59,1514894999,329,2018.01.02 12:00,2018.01.02 11:00,2018.01.02 12:00,2018.01.02 11:00,1312.270,0,0
555669,TIMER,116669,439000,2018.01.02 12:11:39,1514895099,329,2018.01.02 12:00,2018.01.02 11:00,2018.01.02 12:00,2018.01.02 11:00,1312.270,0,0
556952,TIMER,116952,440000,2018.01.02 12:13:19,1514895199,329,2018.01.02 12:00,2018.01.02 11:00,2018.01.02 12:00,2018.01.02 11:00,1312.270,0,0
557162,TICK,117000,440162,2018.01.02 12:13:36,1514895216,329,2018.01.02 12:00,2018.01.02 11:00,2018.01.02 12:00,2018.01.02 11:00,1312.270,0,0
558286,TIMER,117286,441000,2018.01.02 12:14:59,1514895299,329,2018.01.02 12:00,2018.01.02 11:00,2018.01.02 12:00,2018.01.02 11:00,1312.270,0,0
559540,TIMER,117540,442000,2018.01.02 12:16:39,1514895399,329,2018.01.02 12:00,2018.01.02 11:00,2018.01.02 12:00,2018.01.02 11:00,1312.270,0,0
560696,TIMER,117696,443000,2018.01.02 12:18:19,1514895499,329,2018.01.02 12:00,2018.01.02 11:00,2018.01.02 12:00,2018.01.02 11:00,1312.270,0,0
561804,TIMER,117804,444000,2018.01.02 12:19:59,1514895599,329,2018.01.02 12:00,2018.01.02 11:00,2018.01.02 12:00,2018.01.02 11:00,1312.270,0,0
562907,TIMER,117907,445000,2018.01.02 12:21:39,1514895699,329,2018.01.02 12:00,2018.01.02 11:00,2018.01.02 12:00,2018.01.02 11:00,1312.270,0,0
563819,TICK,118000,445819,2018.01.02 12:23:01,1514895781,329,2018.01.02 12:00,2018.01.02 11:00,2018.01.02 12:00,2018.01.02 11:00,1312.270,0,0
564020,TIMER,118020,446000,2018.01.02 12:23:18,1514895798,329,2018.01.02 12:00,2018.01.02 11:00,2018.01.02 12:00,2018.01.02 11:00,1312.270,0,0
565387,TIMER,118387,447000,2018.01.02 12:24:59,1514895899,329,2018.01.02 12:00,2018.01.02 11:00,2018.01.02 12:00,2018.01.02 11:00,1312.270,0,0
566583,TIMER,118583,448000,2018.01.02 12:26:39,1514895999,329,2018.01.02 12:00,2018.01.02 11:00,2018.01.02 12:00,2018.01.02 11:00,1312.270,0,0
567712,TIMER,118712,449000,2018.01.02 12:28:18,1514896098,329,2018.01.02 12:00,2018.01.02 11:00,2018.01.02 12:00,2018.01.02 11:00,1312.270,0,0
568874,TIMER,118874,450000,2018.01.02 12:29:59,1514896199,329,2018.01.02 12:00,2018.01.02 11:00,2018.01.02 12:00,2018.01.02 11:00,1312.270,0,0
569201,TICK,119000,450201,2018.01.02 12:30:20,1514896220,329,2018.01.02 12:00,2018.01.02 11:00,2018.01.02 12:00,2018.01.02 11:00,1312.270,0,0
570653,TIMER,119653,451000,2018.01.02 12:31:39,1514896299,329,2018.01.02 12:00,2018.01.02 11:00,2018.01.02 12:00,2018.01.02 11:00,1312.270,0,0
571715,TICK,120000,451715,2018.01.02 12:32:51,1514896371,329,2018.01.02 12:00,2018.01.02 11:00,2018.01.02 12:00,2018.01.02 11:00,1312.270,0,0
572090,TIMER,120090,452000,2018.01.02 12:33:18,1514896398,329,2018.01.02 12:00,2018.01.02 11:00,2018.01.02 12:00,2018.01.02 11:00,1312.270,0,0
573501,TIMER,120501,453000,2018.01.02 12:34:59,1514896499,329,2018.01.02 12:00,2018.01.02 11:00,2018.01.02 12:00,2018.01.02 11:00,1312.270,0,0
574747,TIMER,120747,454000,2018.01.02 12:36:39,1514896599,329,2018.01.02 12:00,2018.01.02 11:00,2018.01.02 12:00,2018.01.02 11:00,1312.270,0,0
575889,TIMER,120889,455000,2018.01.02 12:38:17,1514896697,329,2018.01.02 12:00,2018.01.02 11:00,2018.01.02 12:00,2018.01.02 11:00,1312.270,0,0
576495,TICK,121000,455495,2018.01.02 12:39:09,1514896749,329,2018.01.02 12:00,2018.01.02 11:00,2018.01.02 12:00,2018.01.02 11:00,1312.270,0,0
577172,TIMER,121172,456000,2018.01.02 12:39:59,1514896799,329,2018.01.02 12:00,2018.01.02 11:00,2018.01.02 12:00,2018.01.02 11:00,1312.270,0,0
578407,TIMER,121407,457000,2018.01.02 12:41:38,1514896898,329,2018.01.02 12:00,2018.01.02 11:00,2018.01.02 12:00,2018.01.02 11:00,1312.270,0,0
579650,TIMER,121650,458000,2018.01.02 12:43:18,1514896998,329,2018.01.02 12:00,2018.01.02 11:00,2018.01.02 12:00,2018.01.02 11:00,1312.270,0,0
580947,TICK,122000,458947,2018.01.02 12:44:54,1514897094,329,2018.01.02 12:00,2018.01.02 11:00,2018.01.02 12:00,2018.01.02 11:00,1312.270,0,0
581014,TIMER,122014,459000,2018.01.02 12:44:59,1514897099,329,2018.01.02 12:00,2018.01.02 11:00,2018.01.02 12:00,2018.01.02 11:00,1312.270,0,0
582367,TIMER,122367,460000,2018.01.02 12:46:39,1514897199,329,2018.01.02 12:00,2018.01.02 11:00,2018.01.02 12:00,2018.01.02 11:00,1312.270,0,0
583770,TIMER,122770,461000,2018.01.02 12:48:19,1514897299,329,2018.01.02 12:00,2018.01.02 11:00,2018.01.02 12:00,2018.01.02 11:00,1312.270,0,0
584416,TICK,123000,461416,2018.01.02 12:49:01,1514897341,329,2018.01.02 12:00,2018.01.02 11:00,2018.01.02 12:00,2018.01.02 11:00,1312.270,0,0
585399,TIMER,123399,462000,2018.01.02 12:49:59,1514897399,329,2018.01.02 12:00,2018.01.02 11:00,2018.01.02 12:00,2018.01.02 11:00,1312.270,0,0
586709,TIMER,123709,463000,2018.01.02 12:51:37,1514897497,329,2018.01.02 12:00,2018.01.02 11:00,2018.01.02 12:00,2018.01.02 11:00,1312.270,0,0
587373,TICK,124000,463373,2018.01.02 12:52:17,1514897537,329,2018.01.02 12:00,2018.01.02 11:00,2018.01.02 12:00,2018.01.02 11:00,1312.270,0,0
588179,TIMER,124179,464000,2018.01.02 12:53:18,1514897598,329,2018.01.02 12:00,2018.01.02 11:00,2018.01.02 12:00,2018.01.02 11:00,1312.270,0,0
589364,TIMER,124364,465000,2018.01.02 12:54:59,1514897699,329,2018.01.02 12:00,2018.01.02 11:00,2018.01.02 12:00,2018.01.02 11:00,1312.270,0,0
590510,TIMER,124510,466000,2018.01.02 12:56:39,1514897799,329,2018.01.02 12:00,2018.01.02 11:00,2018.01.02 12:00,2018.01.02 11:00,1312.270,0,0
591644,TIMER,124644,467000,2018.01.02 12:58:19,1514897899,329,2018.01.02 12:00,2018.01.02 11:00,2018.01.02 12:00,2018.01.02 11:00,1312.270,0,0
592797,TIMER,124797,468000,2018.01.02 12:59:59,1514897999,329,2018.01.02 12:00,2018.01.02 11:00,2018.01.02 12:00,2018.01.02 11:00,1312.270,0,0
593565,TICK,125000,468565,2018.01.02 13:00:56,1514898056,329,2018.01.02 13:00,2018.01.02 12:00,2018.01.02 13:00,2018.01.02 12:00,1311.880,0,0
594214,TIMER,125214,469000,2018.01.02 13:01:39,1514898099,329,2018.01.02 13:00,2018.01.02 12:00,2018.01.02 13:00,2018.01.02 12:00,1311.880,0,0
595571,TIMER,125571,470000,2018.01.02 13:03:19,1514898199,329,2018.01.02 13:00,2018.01.02 12:00,2018.01.02 13:00,2018.01.02 12:00,1311.880,0,0
596667,TIMER,125667,471000,2018.01.02 13:04:59,1514898299,329,2018.01.02 13:00,2018.01.02 12:00,2018.01.02 13:00,2018.01.02 12:00,1311.880,0,0
597998,TIMER,125998,472000,2018.01.02 13:06:39,1514898399,329,2018.01.02 13:00,2018.01.02 12:00,2018.01.02 13:00,2018.01.02 12:00,1311.880,0,0
598028,TICK,126000,472028,2018.01.02 13:06:42,1514898402,329,2018.01.02 13:00,2018.01.02 12:00,2018.01.02 13:00,2018.01.02 12:00,1311.880,0,0
599312,TIMER,126312,473000,2018.01.02 13:08:19,1514898499,329,2018.01.02 13:00,2018.01.02 12:00,2018.01.02 13:00,2018.01.02 12:00,1311.880,0,0
600466,TIMER,126466,474000,2018.01.02 13:09:58,1514898598,329,2018.01.02 13:00,2018.01.02 12:00,2018.01.02 13:00,2018.01.02 12:00,1311.880,0,0
601517,TIMER,126517,475000,2018.01.02 13:11:39,1514898699,329,2018.01.02 13:00,2018.01.02 12:00,2018.01.02 13:00,2018.01.02 12:00,1311.880,0,0
602559,TIMER,126559,476000,2018.01.02 13:13:18,1514898798,329,2018.01.02 13:00,2018.01.02 12:00,2018.01.02 13:00,2018.01.02 12:00,1311.880,0,0
603676,TIMER,126676,477000,2018.01.02 13:14:56,1514898896,329,2018.01.02 13:00,2018.01.02 12:00,2018.01.02 13:00,2018.01.02 12:00,1311.880,0,0
604791,TIMER,126791,478000,2018.01.02 13:16:35,1514898995,329,2018.01.02 13:00,2018.01.02 12:00,2018.01.02 13:00,2018.01.02 12:00,1311.880,0,0
605956,TIMER,126956,479000,2018.01.02 13:18:15,1514899095,329,2018.01.02 13:00,2018.01.02 12:00,2018.01.02 13:00,2018.01.02 12:00,1311.880,0,0
606698,TICK,127000,479698,2018.01.02 13:19:29,1514899169,329,2018.01.02 13:00,2018.01.02 12:00,2018.01.02 13:00,2018.01.02 12:00,1311.880,0,0
607090,TIMER,127090,480000,2018.01.02 13:19:56,1514899196,329,2018.01.02 13:00,2018.01.02 12:00,2018.01.02 13:00,2018.01.02 12:00,1311.880,0,0
608220,TIMER,127220,481000,2018.01.02 13:21:37,1514899297,329,2018.01.02 13:00,2018.01.02 12:00,2018.01.02 13:00,2018.01.02 12:00,1311.880,0,0
609424,TIMER,127424,482000,2018.01.02 13:23:17,1514899397,329,2018.01.02 13:00,2018.01.02 12:00,2018.01.02 13:00,2018.01.02 12:00,1311.880,0,0
610538,TIMER,127538,483000,2018.01.02 13:24:59,1514899499,329,2018.01.02 13:00,2018.01.02 12:00,2018.01.02 13:00,2018.01.02 12:00,1311.880,0,0
611766,TIMER,127766,484000,2018.01.02 13:26:36,1514899596,329,2018.01.02 13:00,2018.01.02 12:00,2018.01.02 13:00,2018.01.02 12:00,1311.880,0,0
612867,TIMER,127867,485000,2018.01.02 13:28:19,1514899699,329,2018.01.02 13:00,2018.01.02 12:00,2018.01.02 13:00,2018.01.02 12:00,1311.880,0,0
613931,TIMER,127931,486000,2018.01.02 13:29:59,1514899799,329,2018.01.02 13:00,2018.01.02 12:00,2018.01.02 13:00,2018.01.02 12:00,1311.880,0,0
614393,TICK,128000,486393,2018.01.02 13:30:39,1514899839,329,2018.01.02 13:00,2018.01.02 12:00,2018.01.02 13:00,2018.01.02 12:00,1311.880,0,0
615147,TIMER,128147,487000,2018.01.02 13:31:38,1514899898,329,2018.01.02 13:00,2018.01.02 12:00,2018.01.02 13:00,2018.01.02 12:00,1311.880,0,0
616296,TIMER,128296,488000,2018.01.02 13:33:19,1514899999,329,2018.01.02 13:00,2018.01.02 12:00,2018.01.02 13:00,2018.01.02 12:00,1311.880,0,0
617452,TIMER,128452,489000,2018.01.02 13:34:59,1514900099,329,2018.01.02 13:00,2018.01.02 12:00,2018.01.02 13:00,2018.01.02 12:00,1311.880,0,0
618553,TIMER,128553,490000,2018.01.02 13:36:37,1514900197,329,2018.01.02 13:00,2018.01.02 12:00,2018.01.02 13:00,2018.01.02 12:00,1311.880,0,0
619758,TIMER,128758,491000,2018.01.02 13:38:19,1514900299,329,2018.01.02 13:00,2018.01.02 12:00,2018.01.02 13:00,2018.01.02 12:00,1311.880,0,0
620786,TIMER,128786,492000,2018.01.02 13:39:46,1514900386,329,2018.01.02 13:00,2018.01.02 12:00,2018.01.02 13:00,2018.01.02 12:00,1311.880,0,0
621826,TIMER,128826,493000,2018.01.02 13:41:39,1514900499,329,2018.01.02 13:00,2018.01.02 12:00,2018.01.02 13:00,2018.01.02 12:00,1311.880,0,0
622924,TIMER,128924,494000,2018.01.02 13:43:19,1514900599,329,2018.01.02 13:00,2018.01.02 12:00,2018.01.02 13:00,2018.01.02 12:00,1311.880,0,0
623588,TICK,129000,494588,2018.01.02 13:44:18,1514900658,329,2018.01.02 13:00,2018.01.02 12:00,2018.01.02 13:00,2018.01.02 12:00,1311.880,0,0
624068,TIMER,129068,495000,2018.01.02 13:44:59,1514900699,329,2018.01.02 13:00,2018.01.02 12:00,2018.01.02 13:00,2018.01.02 12:00,1311.880,0,0
625388,TIMER,129388,496000,2018.01.02 13:46:39,1514900799,329,2018.01.02 13:00,2018.01.02 12:00,2018.01.02 13:00,2018.01.02 12:00,1311.880,0,0
626645,TIMER,129645,497000,2018.01.02 13:48:18,1514900898,329,2018.01.02 13:00,2018.01.02 12:00,2018.01.02 13:00,2018.01.02 12:00,1311.880,0,0
627986,TIMER,129986,498000,2018.01.02 13:49:59,1514900999,329,2018.01.02 13:00,2018.01.02 12:00,2018.01.02 13:00,2018.01.02 12:00,1311.880,0,0
628010,TICK,130000,498010,2018.01.02 13:50:01,1514901001,329,2018.01.02 13:00,2018.01.02 12:00,2018.01.02 13:00,2018.01.02 12:00,1311.880,0,0
629222,TIMER,130222,499000,2018.01.02 13:51:39,1514901099,329,2018.01.02 13:00,2018.01.02 12:00,2018.01.02 13:00,2018.01.02 12:00,1311.880,0,0
630484,TIMER,130484,500000,2018.01.02 13:53:18,1514901198,329,2018.01.02 13:00,2018.01.02 12:00,2018.01.02 13:00,2018.01.02 12:00,1311.880,0,0
631609,TIMER,130609,501000,2018.01.02 13:54:59,1514901299,329,2018.01.02 13:00,2018.01.02 12:00,2018.01.02 13:00,2018.01.02 12:00,1311.880,0,0
632969,TIMER,130969,502000,2018.01.02 13:56:39,1514901399,329,2018.01.02 13:00,2018.01.02 12:00,2018.01.02 13:00,2018.01.02 12:00,1311.880,0,0
633154,TICK,131000,502154,2018.01.02 13:56:55,1514901415,329,2018.01.02 13:00,2018.01.02 12:00,2018.01.02 13:00,2018.01.02 12:00,1311.880,0,0
634261,TIMER,131261,503000,2018.01.02 13:58:19,1514901499,329,2018.01.02 13:00,2018.01.02 12:00,2018.01.02 13:00,2018.01.02 12:00,1311.880,0,0
635389,TIMER,131389,504000,2018.01.02 13:59:59,1514901599,329,2018.01.02 13:00,2018.01.02 12:00,2018.01.02 13:00,2018.01.02 12:00,1311.880,0,0
636780,TIMER,131780,505000,2018.01.02 14:01:39,1514901699,329,2018.01.02 14:00,2018.01.02 13:00,2018.01.02 14:00,2018.01.02 13:00,1310.200,0,0
637936,TIMER,131936,506000,2018.01.02 14:03:19,1514901799,329,2018.01.02 14:00,2018.01.02 13:00,2018.01.02 14:00,2018.01.02 13:00,1310.200,0,0
638090,TICK,132000,506090,2018.01.02 14:03:29,1514901809,329,2018.01.02 14:00,2018.01.02 13:00,2018.01.02 14:00,2018.01.02 13:00,1310.200,0,0
639381,TIMER,132381,507000,2018.01.02 14:04:59,1514901899,329,2018.01.02 14:00,2018.01.02 13:00,2018.01.02 14:00,2018.01.02 13:00,1310.200,0,0
640561,TIMER,132561,508000,2018.01.02 14:06:39,1514901999,329,2018.01.02 14:00,2018.01.02 13:00,2018.01.02 14:00,2018.01.02 13:00,1310.200,0,0
641813,TIMER,132813,509000,2018.01.02 14:08:19,1514902099,329,2018.01.02 14:00,2018.01.02 13:00,2018.01.02 14:00,2018.01.02 13:00,1310.200,0,0
642929,TIMER,132929,510000,2018.01.02 14:09:59,1514902199,329,2018.01.02 14:00,2018.01.02 13:00,2018.01.02 14:00,2018.01.02 13:00,1310.200,0,0
643843,TICK,133000,510843,2018.01.02 14:11:24,1514902284,329,2018.01.02 14:00,2018.01.02 13:00,2018.01.02 14:00,2018.01.02 13:00,1310.200,0,0
644040,TIMER,133040,511000,2018.01.02 14:11:39,1514902299,329,2018.01.02 14:00,2018.01.02 13:00,2018.01.02 14:00,2018.01.02 13:00,1310.200,0,0
645259,TIMER,133259,512000,2018.01.02 14:13:19,1514902399,329,2018.01.02 14:00,2018.01.02 13:00,2018.01.02 14:00,2018.01.02 13:00,1310.200,0,0
646887,TIMER,133887,513000,2018.01.02 14:14:59,1514902499,329,2018.01.02 14:00,2018.01.02 13:00,2018.01.02 14:00,2018.01.02 13:00,1310.200,0,0
647469,TICK,134000,513469,2018.01.02 14:15:46,1514902546,329,2018.01.02 14:00,2018.01.02 13:00,2018.01.02 14:00,2018.01.02 13:00,1310.200,0,0
648134,TIMER,134134,514000,2018.01.02 14:16:38,1514902598,329,2018.01.02 14:00,2018.01.02 13:00,2018.01.02 14:00,2018.01.02 13:00,1310.200,0,0
649445,TIMER,134445,515000,2018.01.02 14:18:17,1514902697,329,2018.01.02 14:00,2018.01.02 13:00,2018.01.02 14:00,2018.01.02 13:00,1310.200,0,0
650554,TIMER,134554,516000,2018.01.02 14:19:57,1514902797,329,2018.01.02 14:00,2018.01.02 13:00,2018.01.02 14:00,2018.01.02 13:00,1310.200,0,0
651645,TIMER,134645,517000,2018.01.02 14:21:39,1514902899,329,2018.01.02 14:00,2018.01.02 13:00,2018.01.02 14:00,2018.01.02 13:00,1310.200,0,0
652818,TIMER,134818,518000,2018.01.02 14:23:19,1514902999,329,2018.01.02 14:00,2018.01.02 13:00,2018.01.02 14:00,2018.01.02 13:00,1310.200,0,0
653949,TIMER,134949,519000,2018.01.02 14:24:59,1514903099,329,2018.01.02 14:00,2018.01.02 13:00,2018.01.02 14:00,2018.01.02 13:00,1310.200,0,0
654712,TICK,135000,519712,2018.01.02 14:26:11,1514903171,329,2018.01.02 14:00,2018.01.02 13:00,2018.01.02 14:00,2018.01.02 13:00,1310.200,0,0
655048,TIMER,135048,520000,2018.01.02 14:26:39,1514903199,329,2018.01.02 14:00,2018.01.02 13:00,2018.01.02 14:00,2018.01.02 13:00,1310.200,0,0
656123,TIMER,135123,521000,2018.01.02 14:28:18,1514903298,329,2018.01.02 14:00,2018.01.02 13:00,2018.01.02 14:00,2018.01.02 13:00,1310.200,0,0
657310,TIMER,135310,522000,2018.01.02 14:29:59,1514903399,329,2018.01.02 14:00,2018.01.02 13:00,2018.01.02 14:00,2018.01.02 13:00,1310.200,0,0
658589,TIMER,135589,523000,2018.01.02 14:31:39,1514903499,329,2018.01.02 14:00,2018.01.02 13:00,2018.01.02 14:00,2018.01.02 13:00,1310.200,0,0
659713,TIMER,135713,524000,2018.01.02 14:33:18,1514903598,329,2018.01.02 14:00,2018.01.02 13:00,2018.01.02 14:00,2018.01.02 13:00,1310.200,0,0
660782,TIMER,135782,525000,2018.01.02 14:34:57,1514903697,329,2018.01.02 14:00,2018.01.02 13:00,2018.01.02 14:00,2018.01.02 13:00,1310.200,0,0
661993,TIMER,135993,526000,2018.01.02 14:36:35,1514903795,329,2018.01.02 14:00,2018.01.02 13:00,2018.01.02 14:00,2018.01.02 13:00,1310.200,0,0
662285,TICK,136000,526285,2018.01.02 14:37:08,1514903828,329,2018.01.02 14:00,2018.01.02 13:00,2018.01.02 14:00,2018.01.02 13:00,1310.200,0,0
663399,TIMER,136399,527000,2018.01.02 14:38:18,1514903898,329,2018.01.02 14:00,2018.01.02 13:00,2018.01.02 14:00,2018.01.02 13:00,1310.200,0,0
664764,TIMER,136764,528000,2018.01.02 14:39:58,1514903998,329,2018.01.02 14:00,2018.01.02 13:00,2018.01.02 14:00,2018.01.02 13:00,1310.200,0,0
665558,TICK,137000,528558,2018.01.02 14:40:55,1514904055,329,2018.01.02 14:00,2018.01.02 13:00,2018.01.02 14:00,2018.01.02 13:00,1310.200,0,0
666157,TIMER,137157,529000,2018.01.02 14:41:39,1514904099,329,2018.01.02 14:00,2018.01.02 13:00,2018.01.02 14:00,2018.01.02 13:00,1310.200,0,0
667388,TIMER,137388,530000,2018.01.02 14:43:19,1514904199,329,2018.01.02 14:00,2018.01.02 13:00,2018.01.02 14:00,2018.01.02 13:00,1310.200,0,0
668560,TIMER,137560,531000,2018.01.02 14:44:59,1514904299,329,2018.01.02 14:00,2018.01.02 13:00,2018.01.02 14:00,2018.01.02 13:00,1310.200,0,0
669715,TICK,138000,531715,2018.01.02 14:46:11,1514904371,329,2018.01.02 14:00,2018.01.02 13:00,2018.01.02 14:00,2018.01.02 13:00,1310.200,0,0
670027,TIMER,138027,532000,2018.01.02 14:46:39,1514904399,329,2018.01.02 14:00,2018.01.02 13:00,2018.01.02 14:00,2018.01.02 13:00,1310.200,0,0
671694,TIMER,138694,533000,2018.01.02 14:48:19,1514904499,329,2018.01.02 14:00,2018.01.02 13:00,2018.01.02 14:00,2018.01.02 13:00,1310.200,0,0
672358,TICK,139000,533358,2018.01.02 14:48:55,1514904535,329,2018.01.02 14:00,2018.01.02 13:00,2018.01.02 14:00,2018.01.02 13:00,1310.200,0,0
673529,TIMER,139529,534000,2018.01.02 14:49:55,1514904595,329,2018.01.02 14:00,2018.01.02 13:00,2018.01.02 14:00,2018.01.02 13:00,1310.200,0,0
674767,TIMER,139767,535000,2018.01.02 14:51:39,1514904699,329,2018.01.02 14:00,2018.01.02 13:00,2018.01.02 14:00,2018.01.02 13:00,1310.200,0,0
675393,TICK,140000,535393,2018.01.02 14:52:19,1514904739,329,2018.01.02 14:00,2018.01.02 13:00,2018.01.02 14:00,2018.01.02 13:00,1310.200,0,0
676387,TIMER,140387,536000,2018.01.02 14:53:19,1514904799,329,2018.01.02 14:00,2018.01.02 13:00,2018.01.02 14:00,2018.01.02 13:00,1310.200,0,0
677689,TIMER,140689,537000,2018.01.02 14:54:59,1514904899,329,2018.01.02 14:00,2018.01.02 13:00,2018.01.02 14:00,2018.01.02 13:00,1310.200,0,0
678225,TICK,141000,537225,2018.01.02 14:55:22,1514904922,329,2018.01.02 14:00,2018.01.02 13:00,2018.01.02 14:00,2018.01.02 13:00,1310.200,0,0
679910,TIMER,141910,538000,2018.01.02 14:56:39,1514904999,329,2018.01.02 14:00,2018.01.02 13:00,2018.01.02 14:00,2018.01.02 13:00,1310.200,0,0
680116,TICK,142000,538116,2018.01.02 14:56:51,1514905011,329,2018.01.02 14:00,2018.01.02 13:00,2018.01.02 14:00,2018.01.02 13:00,1310.200,0,0
681609,TIMER,142609,539000,2018.01.02 14:58:19,1514905099,329,2018.01.02 14:00,2018.01.02 13:00,2018.01.02 14:00,2018.01.02 13:00,1310.200,0,0
682865,TIMER,142865,540000,2018.01.02 14:59:59,1514905199,329,2018.01.02 14:00,2018.01.02 13:00,2018.01.02 14:00,2018.01.02 13:00,1310.200,0,0
683590,TICK,143000,540590,2018.01.02 15:00:59,1514905259,329,2018.01.02 15:00,2018.01.02 14:00,2018.01.02 15:00,2018.01.02 14:00,1312.120,0,0
684051,TIMER,143051,541000,2018.01.02 15:01:38,1514905298,329,2018.01.02 15:00,2018.01.02 14:00,2018.01.02 15:00,2018.01.02 14:00,1312.120,0,0
685316,TIMER,143316,542000,2018.01.02 15:03:17,1514905397,329,2018.01.02 15:00,2018.01.02 14:00,2018.01.02 15:00,2018.01.02 14:00,1312.120,0,0
686528,TIMER,143528,543000,2018.01.02 15:04:59,1514905499,329,2018.01.02 15:00,2018.01.02 14:00,2018.01.02 15:00,2018.01.02 14:00,1312.120,0,0
687798,TIMER,143798,544000,2018.01.02 15:06:39,1514905599,329,2018.01.02 15:00,2018.01.02 14:00,2018.01.02 15:00,2018.01.02 14:00,1312.120,0,0
688246,TICK,144000,544246,2018.01.02 15:07:04,1514905624,329,2018.01.02 15:00,2018.01.02 14:00,2018.01.02 15:00,2018.01.02 14:00,1312.120,0,0
689313,TIMER,144313,545000,2018.01.02 15:08:19,1514905699,329,2018.01.02 15:00,2018.01.02 14:00,2018.01.02 15:00,2018.01.02 14:00,1312.120,0,0
690695,TICK,145000,545695,2018.01.02 15:09:29,1514905769,329,2018.01.02 15:00,2018.01.02 14:00,2018.01.02 15:00,2018.01.02 14:00,1312.120,0,0
691380,TIMER,145380,546000,2018.01.02 15:09:59,1514905799,329,2018.01.02 15:00,2018.01.02 14:00,2018.01.02 15:00,2018.01.02 14:00,1312.120,0,0
692942,TIMER,145942,547000,2018.01.02 15:11:39,1514905899,329,2018.01.02 15:00,2018.01.02 14:00,2018.01.02 15:00,2018.01.02 14:00,1312.120,0,0
693154,TICK,146000,547154,2018.01.02 15:11:55,1514905915,329,2018.01.02 15:00,2018.01.02 14:00,2018.01.02 15:00,2018.01.02 14:00,1312.120,0,0
694133,TIMER,146133,548000,2018.01.02 15:13:16,1514905996,329,2018.01.02 15:00,2018.01.02 14:00,2018.01.02 15:00,2018.01.02 14:00,1312.120,0,0
695324,TIMER,146324,549000,2018.01.02 15:14:59,1514906099,329,2018.01.02 15:00,2018.01.02 14:00,2018.01.02 15:00,2018.01.02 14:00,1312.120,0,0
696807,TIMER,146807,550000,2018.01.02 15:16:39,1514906199,329,2018.01.02 15:00,2018.01.02 14:00,2018.01.02 15:00,2018.01.02 14:00,1312.120,0,0
697660,TICK,147000,550660,2018.01.02 15:17:46,1514906266,329,2018.01.02 15:00,2018.01.02 14:00,2018.01.02 15:00,2018.01.02 14:00,1312.120,0,0
698092,TIMER,147092,551000,2018.01.02 15:18:19,1514906299,329,2018.01.02 15:00,2018.01.02 14:00,2018.01.02 15:00,2018.01.02 14:00,1312.120,0,0
699751,TIMER,147751,552000,2018.01.02 15:19:59,1514906399,329,2018.01.02 15:00,2018.01.02 14:00,2018.01.02 15:00,2018.01.02 14:00,1312.120,0,0
700192,TICK,148000,552192,2018.01.02 15:20:19,1514906419,329,2018.01.02 15:00,2018.01.02 14:00,2018.01.02 15:00,2018.01.02 14:00,1312.120,0,0
701320,TIMER,148320,553000,2018.01.02 15:21:39,1514906499,329,2018.01.02 15:00,2018.01.02 14:00,2018.01.02 15:00,2018.01.02 14:00,1312.120,0,0
702995,TIMER,148995,554000,2018.01.02 15:23:19,1514906599,329,2018.01.02 15:00,2018.01.02 14:00,2018.01.02 15:00,2018.01.02 14:00,1312.120,0,0
703011,TICK,149000,554011,2018.01.02 15:23:21,1514906601,329,2018.01.02 15:00,2018.01.02 14:00,2018.01.02 15:00,2018.01.02 14:00,1312.120,0,0
704456,TIMER,149456,555000,2018.01.02 15:24:59,1514906699,329,2018.01.02 15:00,2018.01.02 14:00,2018.01.02 15:00,2018.01.02 14:00,1312.120,0,0
705841,TICK,150000,555841,2018.01.02 15:26:24,1514906784,329,2018.01.02 15:00,2018.01.02 14:00,2018.01.02 15:00,2018.01.02 14:00,1312.120,0,0
706094,TIMER,150094,556000,2018.01.02 15:26:39,1514906799,329,2018.01.02 15:00,2018.01.02 14:00,2018.01.02 15:00,2018.01.02 14:00,1312.120,0,0
707570,TIMER,150570,557000,2018.01.02 15:28:19,1514906899,329,2018.01.02 15:00,2018.01.02 14:00,2018.01.02 15:00,2018.01.02 14:00,1312.120,0,0
708706,TIMER,150706,558000,2018.01.02 15:29:59,1514906999,329,2018.01.02 15:00,2018.01.02 14:00,2018.01.02 15:00,2018.01.02 14:00,1312.120,0,0
709992,TIMER,150992,559000,2018.01.02 15:31:39,1514907099,329,2018.01.02 15:00,2018.01.02 14:00,2018.01.02 15:00,2018.01.02 14:00,1312.120,0,0
710006,TICK,151000,559006,2018.01.02 15:31:40,1514907100,329,2018.01.02 15:00,2018.01.02 14:00,2018.01.02 15:00,2018.01.02 14:00,1312.120,0,0
711416,TIMER,151416,560000,2018.01.02 15:33:19,1514907199,329,2018.01.02 15:00,2018.01.02 14:00,2018.01.02 15:00,2018.01.02 14:00,1312.120,0,0
712689,TIMER,151689,561000,2018.01.02 15:34:59,1514907299,329,2018.01.02 15:00,2018.01.02 14:00,2018.01.02 15:00,2018.01.02 14:00,1312.120,0,0
713609,TICK,152000,561609,2018.01.02 15:36:00,1514907360,329,2018.01.02 15:00,2018.01.02 14:00,2018.01.02 15:00,2018.01.02 14:00,1312.120,0,0
714173,TIMER,152173,562000,2018.01.02 15:36:39,1514907399,344,2018.01.02 15:00,2018.01.02 14:00,2018.01.02 15:00,2018.01.02 14:00,1312.120,0,0
715624,TIMER,152624,563000,2018.01.02 15:38:19,1514907499,344,2018.01.02 15:00,2018.01.02 14:00,2018.01.02 15:00,2018.01.02 14:00,1312.120,0,0
716856,TICK,153000,563856,2018.01.02 15:39:45,1514907585,344,2018.01.02 15:00,2018.01.02 14:00,2018.01.02 15:00,2018.01.02 14:00,1312.120,0,0
717118,TIMER,153118,564000,2018.01.02 15:39:59,1514907599,344,2018.01.02 15:00,2018.01.02 14:00,2018.01.02 15:00,2018.01.02 14:00,1312.120,0,0
718545,TIMER,153545,565000,2018.01.02 15:41:39,1514907699,344,2018.01.02 15:00,2018.01.02 14:00,2018.01.02 15:00,2018.01.02 14:00,1312.120,0,0
719868,TIMER,153868,566000,2018.01.02 15:43:19,1514907799,344,2018.01.02 15:00,2018.01.02 14:00,2018.01.02 15:00,2018.01.02 14:00,1312.120,0,0
720333,TICK,154000,566333,2018.01.02 15:43:53,1514907833,344,2018.01.02 15:00,2018.01.02 14:00,2018.01.02 15:00,2018.01.02 14:00,1312.120,0,0
721241,TIMER,154241,567000,2018.01.02 15:44:59,1514907899,344,2018.01.02 15:00,2018.01.02 14:00,2018.01.02 15:00,2018.01.02 14:00,1312.120,0,0
722616,TIMER,154616,568000,2018.01.02 15:46:39,1514907999,344,2018.01.02 15:00,2018.01.02 14:00,2018.01.02 15:00,2018.01.02 14:00,1312.120,0,0
723609,TICK,155000,568609,2018.01.02 15:47:40,1514908060,344,2018.01.02 15:00,2018.01.02 14:00,2018.01.02 15:00,2018.01.02 14:00,1312.120,0,0
724155,TIMER,155155,569000,2018.01.02 15:48:19,1514908099,344,2018.01.02 15:00,2018.01.02 14:00,2018.01.02 15:00,2018.01.02 14:00,1312.120,0,0
725788,TIMER,155788,570000,2018.01.02 15:49:59,1514908199,344,2018.01.02 15:00,2018.01.02 14:00,2018.01.02 15:00,2018.01.02 14:00,1312.120,0,0
726646,TICK,156000,570646,2018.01.02 15:51:04,1514908264,344,2018.01.02 15:00,2018.01.02 14:00,2018.01.02 15:00,2018.01.02 14:00,1312.120,0,0
727074,TIMER,156074,571000,2018.01.02 15:51:39,1514908299,344,2018.01.02 15:00,2018.01.02 14:00,2018.01.02 15:00,2018.01.02 14:00,1312.120,0,0
728304,TIMER,156304,572000,2018.01.02 15:53:19,1514908399,344,2018.01.02 15:00,2018.01.02 14:00,2018.01.02 15:00,2018.01.02 14:00,1312.120,0,0
729529,TIMER,156529,573000,2018.01.02 15:54:59,1514908499,344,2018.01.02 15:00,2018.01.02 14:00,2018.01.02 15:00,2018.01.02 14:00,1312.120,0,0
730806,TIMER,156806,574000,2018.01.02 15:56:39,1514908599,344,2018.01.02 15:00,2018.01.02 14:00,2018.01.02 15:00,2018.01.02 14:00,1312.120,0,0
731918,TICK,157000,574918,2018.01.02 15:58:11,1514908691,344,2018.01.02 15:00,2018.01.02 14:00,2018.01.02 15:00,2018.01.02 14:00,1312.120,0,0
732046,TIMER,157046,575000,2018.01.02 15:58:19,1514908699,344,2018.01.02 15:00,2018.01.02 14:00,2018.01.02 15:00,2018.01.02 14:00,1312.120,0,0
733364,TIMER,157364,576000,2018.01.02 15:59:59,1514908799,344,2018.01.02 15:00,2018.01.02 14:00,2018.01.02 15:00,2018.01.02 14:00,1312.120,0,0
734780,TIMER,157780,577000,2018.01.02 16:01:39,1514908899,344,2018.01.02 16:00,2018.01.02 15:00,2018.01.02 16:00,2018.01.02 15:00,1313.940,0,0
735640,TICK,158000,577640,2018.01.02 16:02:44,1514908964,344,2018.01.02 16:00,2018.01.02 15:00,2018.01.02 16:00,2018.01.02 15:00,1313.940,0,0
736115,TIMER,158115,578000,2018.01.02 16:03:16,1514908996,344,2018.01.02 16:00,2018.01.02 15:00,2018.01.02 16:00,2018.01.02 15:00,1313.940,0,0
737582,TIMER,158582,579000,2018.01.02 16:04:58,1514909098,344,2018.01.02 16:00,2018.01.02 15:00,2018.01.02 16:00,2018.01.02 15:00,1313.940,0,0
738993,TICK,159000,579993,2018.01.02 16:06:39,1514909199,344,2018.01.02 16:00,2018.01.02 15:00,2018.01.02 16:00,2018.01.02 15:00,1313.940,0,0
739003,TIMER,159003,580000,2018.01.02 16:06:39,1514909199,344,2018.01.02 16:00,2018.01.02 15:00,2018.01.02 16:00,2018.01.02 15:00,1313.940,0,0
740288,TIMER,159288,581000,2018.01.02 16:08:19,1514909299,344,2018.01.02 16:00,2018.01.02 15:00,2018.01.02 16:00,2018.01.02 15:00,1313.940,0,0
741672,TIMER,159672,582000,2018.01.02 16:09:55,1514909395,344,2018.01.02 16:00,2018.01.02 15:00,2018.01.02 16:00,2018.01.02 15:00,1313.940,0,0
742972,TIMER,159972,583000,2018.01.02 16:11:39,1514909499,344,2018.01.02 16:00,2018.01.02 15:00,2018.01.02 16:00,2018.01.02 15:00,1313.940,0,0
743173,TICK,160000,583173,2018.01.02 16:11:57,1514909517,344,2018.01.02 16:00,2018.01.02 15:00,2018.01.02 16:00,2018.01.02 15:00,1313.940,0,0
744551,TIMER,160551,584000,2018.01.02 16:13:19,1514909599,344,2018.01.02 16:00,2018.01.02 15:00,2018.01.02 16:00,2018.01.02 15:00,1313.940,0,0
745682,TICK,161000,584682,2018.01.02 16:14:28,1514909668,344,2018.01.02 16:00,2018.01.02 15:00,2018.01.02 16:00,2018.01.02 15:00,1313.940,0,0
746262,TIMER,161262,585000,2018.01.02 16:14:59,1514909699,344,2018.01.02 16:00,2018.01.02 15:00,2018.01.02 16:00,2018.01.02 15:00,1313.940,0,0
747830,TIMER,161830,586000,2018.01.02 16:16:39,1514909799,344,2018.01.02 16:00,2018.01.02 15:00,2018.01.02 16:00,2018.01.02 15:00,1313.940,0,0
748104,TICK,162000,586104,2018.01.02 16:16:50,1514909810,344,2018.01.02 16:00,2018.01.02 15:00,2018.01.02 16:00,2018.01.02 15:00,1313.940,0,0
749837,TIMER,162837,587000,2018.01.02 16:18:19,1514909899,344,2018.01.02 16:00,2018.01.02 15:00,2018.01.02 16:00,2018.01.02 15:00,1313.940,0,0
750206,TICK,163000,587206,2018.01.02 16:18:40,1514909920,344,2018.01.02 16:00,2018.01.02 15:00,2018.01.02 16:00,2018.01.02 15:00,1313.940,0,0
751271,TIMER,163271,588000,2018.01.02 16:19:59,1514909999,344,2018.01.02 16:00,2018.01.02 15:00,2018.01.02 16:00,2018.01.02 15:00,1313.940,0,0
752723,TIMER,163723,589000,2018.01.02 16:21:39,1514910099,344,2018.01.02 16:00,2018.01.02 15:00,2018.01.02 16:00,2018.01.02 15:00,1313.940,0,0
753334,TICK,164000,589334,2018.01.02 16:22:13,1514910133,344,2018.01.02 16:00,2018.01.02 15:00,2018.01.02 16:00,2018.01.02 15:00,1313.940,0,0
754289,TIMER,164289,590000,2018.01.02 16:23:19,1514910199,344,2018.01.02 16:00,2018.01.02 15:00,2018.01.02 16:00,2018.01.02 15:00,1313.940,0,0
755438,TIMER,164438,591000,2018.01.02 16:24:59,1514910299,344,2018.01.02 16:00,2018.01.02 15:00,2018.01.02 16:00,2018.01.02 15:00,1313.940,0,0
756730,TIMER,164730,592000,2018.01.02 16:26:38,1514910398,344,2018.01.02 16:00,2018.01.02 15:00,2018.01.02 16:00,2018.01.02 15:00,1313.940,0,0
757777,TICK,165000,592777,2018.01.02 16:27:57,1514910477,344,2018.01.02 16:00,2018.01.02 15:00,2018.01.02 16:00,2018.01.02 15:00,1313.940,0,0
758032,TIMER,165032,593000,2018.01.02 16:28:19,1514910499,344,2018.01.02 16:00,2018.01.02 15:00,2018.01.02 16:00,2018.01.02 15:00,1313.940,0,0
759312,TIMER,165312,594000,2018.01.02 16:29:59,1514910599,344,2018.01.02 16:00,2018.01.02 15:00,2018.01.02 16:00,2018.01.02 15:00,1313.940,0,0
760777,TICK,166000,594777,2018.01.02 16:31:17,1514910677,344,2018.01.02 16:00,2018.01.02 15:00,2018.01.02 16:00,2018.01.02 15:00,1313.940,0,0
761123,TIMER,166123,595000,2018.01.02 16:31:39,1514910699,344,2018.01.02 16:00,2018.01.02 15:00,2018.01.02 16:00,2018.01.02 15:00,1313.940,0,0
762569,TIMER,166569,596000,2018.01.02 16:33:19,1514910799,344,2018.01.02 16:00,2018.01.02 15:00,2018.01.02 16:00,2018.01.02 15:00,1313.940,0,0
763811,TICK,167000,596811,2018.01.02 16:34:41,1514910881,344,2018.01.02 16:00,2018.01.02 15:00,2018.01.02 16:00,2018.01.02 15:00,1313.940,0,0
764059,TIMER,167059,597000,2018.01.02 16:34:58,1514910898,344,2018.01.02 16:00,2018.01.02 15:00,2018.01.02 16:00,2018.01.02 15:00,1313.940,0,0
765417,TIMER,167417,598000,2018.01.02 16:36:39,1514910999,344,2018.01.02 16:00,2018.01.02 15:00,2018.01.02 16:00,2018.01.02 15:00,1313.940,0,0
766846,TIMER,167846,599000,2018.01.02 16:38:19,1514911099,344,2018.01.02 16:00,2018.01.02 15:00,2018.01.02 16:00,2018.01.02 15:00,1313.940,0,0
767441,TICK,168000,599441,2018.01.02 16:39:04,1514911144,344,2018.01.02 16:00,2018.01.02 15:00,2018.01.02 16:00,2018.01.02 15:00,1313.940,0,0
768287,TIMER,168287,600000,2018.01.02 16:39:59,1514911199,344,2018.01.02 16:00,2018.01.02 15:00,2018.01.02 16:00,2018.01.02 15:00,1313.940,0,0
769855,TIMER,168855,601000,2018.01.02 16:41:39,1514911299,344,2018.01.02 16:00,2018.01.02 15:00,2018.01.02 16:00,2018.01.02 15:00,1313.940,0,0
770323,TICK,169000,601323,2018.01.02 16:42:12,1514911332,344,2018.01.02 16:00,2018.01.02 15:00,2018.01.02 16:00,2018.01.02 15:00,1313.940,0,0
771333,TIMER,169333,602000,2018.01.02 16:43:19,1514911399,344,2018.01.02 16:00,2018.01.02 15:00,2018.01.02 16:00,2018.01.02 15:00,1313.940,0,0
772719,TIMER,169719,603000,2018.01.02 16:44:59,1514911499,344,2018.01.02 16:00,2018.01.02 15:00,2018.01.02 16:00,2018.01.02 15:00,1313.940,0,0
773267,TICK,170000,603267,2018.01.02 16:45:26,1514911526,344,2018.01.02 16:00,2018.01.02 15:00,2018.01.02 16:00,2018.01.02 15:00,1313.940,0,0
774368,TIMER,170368,604000,2018.01.02 16:46:39,1514911599,344,2018.01.02 16:00,2018.01.02 15:00,2018.01.02 16:00,2018.01.02 15:00,1313.940,0,0
775772,TIMER,170772,605000,2018.01.02 16:48:19,1514911699,344,2018.01.02 16:00,2018.01.02 15:00,2018.01.02 16:00,2018.01.02 15:00,1313.940,0,0
776393,TICK,171000,605393,2018.01.02 16:48:59,1514911739,344,2018.01.02 16:00,2018.01.02 15:00,2018.01.02 16:00,2018.01.02 15:00,1313.940,0,0
777308,TIMER,171308,606000,2018.01.02 16:49:59,1514911799,344,2018.01.02 16:00,2018.01.02 15:00,2018.01.02 16:00,2018.01.02 15:00,1313.940,0,0
778889,TIMER,171889,607000,2018.01.02 16:51:39,1514911899,344,2018.01.02 16:00,2018.01.02 15:00,2018.01.02 16:00,2018.01.02 15:00,1313.940,0,0
779221,TICK,172000,607221,2018.01.02 16:52:02,1514911922,344,2018.01.02 16:00,2018.01.02 15:00,2018.01.02 16:00,2018.01.02 15:00,1313.940,0,0
780284,TIMER,172284,608000,2018.01.02 16:53:19,1514911999,344,2018.01.02 16:00,2018.01.02 15:00,2018.01.02 16:00,2018.01.02 15:00,1313.940,0,0
781877,TICK,173000,608877,2018.01.02 16:54:47,1514912087,344,2018.01.02 16:00,2018.01.02 15:00,2018.01.02 16:00,2018.01.02 15:00,1313.940,0,0
782102,TIMER,173102,609000,2018.01.02 16:54:59,1514912099,344,2018.01.02 16:00,2018.01.02 15:00,2018.01.02 16:00,2018.01.02 15:00,1313.940,0,0
783722,TIMER,173722,610000,2018.01.02 16:56:39,1514912199,344,2018.01.02 16:00,2018.01.02 15:00,2018.01.02 16:00,2018.01.02 15:00,1313.940,0,0
784501,TICK,174000,610501,2018.01.02 16:57:30,1514912250,344,2018.01.02 16:00,2018.01.02 15:00,2018.01.02 16:00,2018.01.02 15:00,1313.940,0,0
785171,TIMER,174171,611000,2018.01.02 16:58:19,1514912299,344,2018.01.02 16:00,2018.01.02 15:00,2018.01.02 16:00,2018.01.02 15:00,1313.940,0,0
786932,TIMER,174932,612000,2018.01.02 16:59:59,1514912399,344,2018.01.02 16:00,2018.01.02 15:00,2018.01.02 16:00,2018.01.02 15:00,1313.940,0,0
787061,TICK,175000,612061,2018.01.02 17:00:06,1514912406,344,2018.01.02 17:00,2018.01.02 16:00,2018.01.02 17:00,2018.01.02 16:00,1312.700,0,0
788951,TIMER,175951,613000,2018.01.02 17:01:39,1514912499,344,2018.01.02 17:00,2018.01.02 16:00,2018.01.02 17:00,2018.01.02 16:00,1312.700,0,0
789093,TICK,176000,613093,2018.01.02 17:01:49,1514912509,344,2018.01.02 17:00,2018.01.02 16:00,2018.01.02 17:00,2018.01.02 16:00,1312.700,0,0
790514,TIMER,176514,614000,2018.01.02 17:03:19,1514912599,344,2018.01.02 17:00,2018.01.02 16:00,2018.01.02 17:00,2018.01.02 16:00,1312.700,0,0
791680,TICK,177000,614680,2018.01.02 17:04:28,1514912668,344,2018.01.02 17:00,2018.01.02 16:00,2018.01.02 17:00,2018.01.02 16:00,1312.700,0,0
792153,TIMER,177153,615000,2018.01.02 17:04:59,1514912699,344,2018.01.02 17:00,2018.01.02 16:00,2018.01.02 17:00,2018.01.02 16:00,1312.700,0,0
793513,TIMER,177513,616000,2018.01.02 17:06:39,1514912799,344,2018.01.02 17:00,2018.01.02 16:00,2018.01.02 17:00,2018.01.02 16:00,1312.700,0,0
794927,TICK,178000,616927,2018.01.02 17:08:12,1514912892,344,2018.01.02 17:00,2018.01.02 16:00,2018.01.02 17:00,2018.01.02 16:00,1312.700,0,0
795042,TIMER,178042,617000,2018.01.02 17:08:19,1514912899,344,2018.01.02 17:00,2018.01.02 16:00,2018.01.02 17:00,2018.01.02 16:00,1312.700,0,0
796501,TIMER,178501,618000,2018.01.02 17:09:59,1514912999,344,2018.01.02 17:00,2018.01.02 16:00,2018.01.02 17:00,2018.01.02 16:00,1312.700,0,0
797970,TIMER,178970,619000,2018.01.02 17:11:39,1514913099,344,2018.01.02 17:00,2018.01.02 16:00,2018.01.02 17:00,2018.01.02 16:00,1312.700,0,0
798191,TICK,179000,619191,2018.01.02 17:11:59,1514913119,344,2018.01.02 17:00,2018.01.02 16:00,2018.01.02 17:00,2018.01.02 16:00,1312.700,0,0
799422,TIMER,179422,620000,2018.01.02 17:13:19,1514913199,344,2018.01.02 17:00,2018.01.02 16:00,2018.01.02 17:00,2018.01.02 16:00,1312.700,0,0
800955,TIMER,179955,621000,2018.01.02 17:14:59,1514913299,344,2018.01.02 17:00,2018.01.02 16:00,2018.01.02 17:00,2018.01.02 16:00,1312.700,0,0
801038,TICK,180000,621038,2018.01.02 17:15:03,1514913303,344,2018.01.02 17:00,2018.01.02 16:00,2018.01.02 17:00,2018.01.02 16:00,1312.700,0,0
802508,TIMER,180508,622000,2018.01.02 17:16:39,1514913399,344,2018.01.02 17:00,2018.01.02 16:00,2018.01.02 17:00,2018.01.02 16:00,1312.700,0,0
803896,TIMER,180896,623000,2018.01.02 17:18:19,1514913499,344,2018.01.02 17:00,2018.01.02 16:00,2018.01.02 17:00,2018.01.02 16:00,1312.700,0,0
804127,TICK,181000,623127,2018.01.02 17:18:32,1514913512,344,2018.01.02 17:00,2018.01.02 16:00,2018.01.02 17:00,2018.01.02 16:00,1312.700,0,0
805602,TIMER,181602,624000,2018.01.02 17:19:59,1514913599,344,2018.01.02 17:00,2018.01.02 16:00,2018.01.02 17:00,2018.01.02 16:00,1312.700,0,0
806445,TICK,182000,624445,2018.01.02 17:20:44,1514913644,344,2018.01.02 17:00,2018.01.02 16:00,2018.01.02 17:00,2018.01.02 16:00,1312.700,0,0
807338,TIMER,182338,625000,2018.01.02 17:21:39,1514913699,344,2018.01.02 17:00,2018.01.02 16:00,2018.01.02 17:00,2018.01.02 16:00,1312.700,0,0
808917,TICK,183000,625917,2018.01.02 17:23:11,1514913791,344,2018.01.02 17:00,2018.01.02 16:00,2018.01.02 17:00,2018.01.02 16:00,1312.700,0,0
809106,TIMER,183106,626000,2018.01.02 17:23:19,1514913799,344,2018.01.02 17:00,2018.01.02 16:00,2018.01.02 17:00,2018.01.02 16:00,1312.700,0,0
810539,TIMER,183539,627000,2018.01.02 17:24:59,1514913899,344,2018.01.02 17:00,2018.01.02 16:00,2018.01.02 17:00,2018.01.02 16:00,1312.700,0,0
811774,TIMER,183774,628000,2018.01.02 17:26:39,1514913999,344,2018.01.02 17:00,2018.01.02 16:00,2018.01.02 17:00,2018.01.02 16:00,1312.700,0,0
812640,TICK,184000,628640,2018.01.02 17:27:44,1514914064,344,2018.01.02 17:00,2018.01.02 16:00,2018.01.02 17:00,2018.01.02 16:00,1312.700,0,0
813189,TIMER,184189,629000,2018.01.02 17:28:19,1514914099,344,2018.01.02 17:00,2018.01.02 16:00,2018.01.02 17:00,2018.01.02 16:00,1312.700,0,0
814921,TIMER,184921,630000,2018.01.02 17:29:59,1514914199,344,2018.01.02 17:00,2018.01.02 16:00,2018.01.02 17:00,2018.01.02 16:00,1312.700,0,0
815044,TICK,185000,630044,2018.01.02 17:30:04,1514914204,344,2018.01.02 17:00,2018.01.02 16:00,2018.01.02 17:00,2018.01.02 16:00,1312.700,0,0
816999,TICK,186000,630999,2018.01.02 17:31:39,1514914299,344,2018.01.02 17:00,2018.01.02 16:00,2018.01.02 17:00,2018.01.02 16:00,1312.700,0,0
817002,TIMER,186002,631000,2018.01.02 17:31:39,1514914299,344,2018.01.02 17:00,2018.01.02 16:00,2018.01.02 17:00,2018.01.02 16:00,1312.700,0,0
818508,TIMER,186508,632000,2018.01.02 17:33:19,1514914399,344,2018.01.02 17:00,2018.01.02 16:00,2018.01.02 17:00,2018.01.02 16:00,1312.700,0,0
819939,TIMER,186939,633000,2018.01.02 17:34:59,1514914499,344,2018.01.02 17:00,2018.01.02 16:00,2018.01.02 17:00,2018.01.02 16:00,1312.700,0,0
820151,TICK,187000,633151,2018.01.02 17:35:15,1514914515,344,2018.01.02 17:00,2018.01.02 16:00,2018.01.02 17:00,2018.01.02 16:00,1312.700,0,0
821268,TIMER,187268,634000,2018.01.02 17:36:37,1514914597,344,2018.01.02 17:00,2018.01.02 16:00,2018.01.02 17:00,2018.01.02 16:00,1312.700,0,0
822683,TIMER,187683,635000,2018.01.02 17:38:19,1514914699,344,2018.01.02 17:00,2018.01.02 16:00,2018.01.02 17:00,2018.01.02 16:00,1312.700,0,0
823262,TICK,188000,635262,2018.01.02 17:38:46,1514914726,344,2018.01.02 17:00,2018.01.02 16:00,2018.01.02 17:00,2018.01.02 16:00,1312.700,0,0
824523,TIMER,188523,636000,2018.01.02 17:39:58,1514914798,344,2018.01.02 17:00,2018.01.02 16:00,2018.01.02 17:00,2018.01.02 16:00,1312.700,0,0
825602,TICK,189000,636602,2018.01.02 17:41:00,1514914860,344,2018.01.02 17:00,2018.01.02 16:00,2018.01.02 17:00,2018.01.02 16:00,1312.700,0,0
826186,TIMER,189186,637000,2018.01.02 17:41:39,1514914899,344,2018.01.02 17:00,2018.01.02 16:00,2018.01.02 17:00,2018.01.02 16:00,1312.700,0,0
827797,TIMER,189797,638000,2018.01.02 17:43:19,1514914999,344,2018.01.02 17:00,2018.01.02 16:00,2018.01.02 17:00,2018.01.02 16:00,1312.700,0,0
828328,TICK,190000,638328,2018.01.02 17:43:52,1514915032,344,2018.01.02 17:00,2018.01.02 16:00,2018.01.02 17:00,2018.01.02 16:00,1312.700,0,0
829171,TIMER,190171,639000,2018.01.02 17:44:59,1514915099,344,2018.01.02 17:00,2018.01.02 16:00,2018.01.02 17:00,2018.01.02 16:00,1312.700,0,0
830717,TIMER,190717,640000,2018.01.02 17:46:39,1514915199,344,2018.01.02 17:00,2018.01.02 16:00,2018.01.02 17:00,2018.01.02 16:00,1312.700,0,0
831480,TICK,191000,640480,2018.01.02 17:47:28,1514915248,344,2018.01.02 17:00,2018.01.02 16:00,2018.01.02 17:00,2018.01.02 16:00,1312.700,0,0
832183,TIMER,191183,641000,2018.01.02 17:48:19,1514915299,344,2018.01.02 17:00,2018.01.02 16:00,2018.01.02 17:00,2018.01.02 16:00,1312.700,0,0
833493,TIMER,191493,642000,2018.01.02 17:49:59,1514915399,344,2018.01.02 17:00,2018.01.02 16:00,2018.01.02 17:00,2018.01.02 16:00,1312.700,0,0
834839,TIMER,191839,643000,2018.01.02 17:51:39,1514915499,344,2018.01.02 17:00,2018.01.02 16:00,2018.01.02 17:00,2018.01.02 16:00,1312.700,0,0
835425,TICK,192000,643425,2018.01.02 17:52:22,1514915542,344,2018.01.02 17:00,2018.01.02 16:00,2018.01.02 17:00,2018.01.02 16:00,1312.700,0,0
836440,TIMER,192440,644000,2018.01.02 17:53:19,1514915599,344,2018.01.02 17:00,2018.01.02 16:00,2018.01.02 17:00,2018.01.02 16:00,1312.700,0,0
837857,TIMER,192857,645000,2018.01.02 17:55:00,1514915700,344,2018.01.02 17:00,2018.01.02 16:00,2018.01.02 17:00,2018.01.02 16:00,1312.700,0,0
838580,TICK,193000,645580,2018.01.02 17:55:58,1514915758,344,2018.01.02 17:00,2018.01.02 16:00,2018.01.02 17:00,2018.01.02 16:00,1312.700,0,0
839159,TIMER,193159,646000,2018.01.02 17:56:39,1514915799,344,2018.01.02 17:00,2018.01.02 16:00,2018.01.02 17:00,2018.01.02 16:00,1312.700,0,0
840803,TIMER,193803,647000,2018.01.02 17:58:20,1514915900,344,2018.01.02 17:00,2018.01.02 16:00,2018.01.02 17:00,2018.01.02 16:00,1312.700,0,0
841396,TICK,194000,647396,2018.01.02 17:58:59,1514915939,344,2018.01.02 17:00,2018.01.02 16:00,2018.01.02 17:00,2018.01.02 16:00,1312.700,0,0
842480,TIMER,194480,648000,2018.01.02 17:59:59,1514915999,344,2018.01.02 17:00,2018.01.02 16:00,2018.01.02 17:00,2018.01.02 16:00,1312.700,0,0
843706,TICK,195000,648706,2018.01.02 18:01:10,1514916070,344,2018.01.02 18:00,2018.01.02 17:00,2018.01.02 18:00,2018.01.02 17:00,1312.280,0,0
844111,TIMER,195111,649000,2018.01.02 18:01:39,1514916099,344,2018.01.02 18:00,2018.01.02 17:00,2018.01.02 18:00,2018.01.02 17:00,1312.280,0,0
845604,TIMER,195604,650000,2018.01.02 18:03:19,1514916199,344,2018.01.02 18:00,2018.01.02 17:00,2018.01.02 18:00,2018.01.02 17:00,1312.280,0,0
846812,TICK,196000,650812,2018.01.02 18:04:41,1514916281,344,2018.01.02 18:00,2018.01.02 17:00,2018.01.02 18:00,2018.01.02 17:00,1312.280,0,0
847126,TIMER,196126,651000,2018.01.02 18:04:59,1514916299,344,2018.01.02 18:00,2018.01.02 17:00,2018.01.02 18:00,2018.01.02 17:00,1312.280,0,0
848787,TIMER,196787,652000,2018.01.02 18:06:39,1514916399,344,2018.01.02 18:00,2018.01.02 17:00,2018.01.02 18:00,2018.01.02 17:00,1312.280,0,0
849535,TICK,197000,652535,2018.01.02 18:07:33,1514916453,344,2018.01.02 18:00,2018.01.02 17:00,2018.01.02 18:00,2018.01.02 17:00,1312.280,0,0
850274,TIMER,197274,653000,2018.01.02 18:08:19,1514916499,344,2018.01.02 18:00,2018.01.02 17:00,2018.01.02 18:00,2018.01.02 17:00,1312.280,0,0
851581,TIMER,197581,654000,2018.01.02 18:09:59,1514916599,344,2018.01.02 18:00,2018.01.02 17:00,2018.01.02 18:00,2018.01.02 17:00,1312.280,0,0
852780,TIMER,197780,655000,2018.01.02 18:11:39,1514916699,344,2018.01.02 18:00,2018.01.02 17:00,2018.01.02 18:00,2018.01.02 17:00,1312.280,0,0
853675,TICK,198000,655675,2018.01.02 18:12:47,1514916767,344,2018.01.02 18:00,2018.01.02 17:00,2018.01.02 18:00,2018.01.02 17:00,1312.280,0,0
854215,TIMER,198215,656000,2018.01.02 18:13:19,1514916799,344,2018.01.02 18:00,2018.01.02 17:00,2018.01.02 18:00,2018.01.02 17:00,1312.280,0,0
855617,TIMER,198617,657000,2018.01.02 18:14:59,1514916899,344,2018.01.02 18:00,2018.01.02 17:00,2018.01.02 18:00,2018.01.02 17:00,1312.280,0,0
856757,TICK,199000,657757,2018.01.02 18:16:15,1514916975,344,2018.01.02 18:00,2018.01.02 17:00,2018.01.02 18:00,2018.01.02 17:00,1312.280,0,0
857110,TIMER,199110,658000,2018.01.02 18:16:39,1514916999,344,2018.01.02 18:00,2018.01.02 17:00,2018.01.02 18:00,2018.01.02 17:00,1312.280,0,0
858341,TIMER,199341,659000,2018.01.02 18:18:19,1514917099,344,2018.01.02 18:00,2018.01.02 17:00,2018.01.02 18:00,2018.01.02 17:00,1312.280,0,0
859713,TIMER,199713,660000,2018.01.02 18:19:59,1514917199,344,2018.01.02 18:00,2018.01.02 17:00,2018.01.02 18:00,2018.01.02 17:00,1312.280,0,0
860587,TICK,200000,660587,2018.01.02 18:20:58,1514917258,344,2018.01.02 18:00,2018.01.02 17:00,2018.01.02 18:00,2018.01.02 17:00,1312.280,0,0
861195,TIMER,200195,661000,2018.01.02 18:21:39,1514917299,344,2018.01.02 18:00,2018.01.02 17:00,2018.01.02 18:00,2018.01.02 17:00,1312.280,0,0
862800,TIMER,200800,662000,2018.01.02 18:23:19,1514917399,344,2018.01.02 18:00,2018.01.02 17:00,2018.01.02 18:00,2018.01.02 17:00,1312.280,0,0
863504,TICK,201000,662504,2018.01.02 18:24:10,1514917450,344,2018.01.02 18:00,2018.01.02 17:00,2018.01.02 18:00,2018.01.02 17:00,1312.280,0,0
864446,TIMER,201446,663000,2018.01.02 18:24:59,1514917499,344,2018.01.02 18:00,2018.01.02 17:00,2018.01.02 18:00,2018.01.02 17:00,1312.280,0,0
865884,TIMER,201884,664000,2018.01.02 18:26:39,1514917599,344,2018.01.02 18:00,2018.01.02 17:00,2018.01.02 18:00,2018.01.02 17:00,1312.280,0,0
866327,TICK,202000,664327,2018.01.02 18:27:12,1514917632,344,2018.01.02 18:00,2018.01.02 17:00,2018.01.02 18:00,2018.01.02 17:00,1312.280,0,0
867229,TIMER,202229,665000,2018.01.02 18:28:19,1514917699,344,2018.01.02 18:00,2018.01.02 17:00,2018.01.02 18:00,2018.01.02 17:00,1312.280,0,0
868668,TIMER,202668,666000,2018.01.02 18:29:59,1514917799,344,2018.01.02 18:00,2018.01.02 17:00,2018.01.02 18:00,2018.01.02 17:00,1312.280,0,0
869595,TICK,203000,666595,2018.01.02 18:30:59,1514917859,344,2018.01.02 18:00,2018.01.02 17:00,2018.01.02 18:00,2018.01.02 17:00,1312.280,0,0
870206,TIMER,203206,667000,2018.01.02 18:31:37,1514917897,344,2018.01.02 18:00,2018.01.02 17:00,2018.01.02 18:00,2018.01.02 17:00,1312.280,0,0
871593,TIMER,203593,668000,2018.01.02 18:33:19,1514917999,344,2018.01.02 18:00,2018.01.02 17:00,2018.01.02 18:00,2018.01.02 17:00,1312.280,0,0
872907,TICK,204000,668907,2018.01.02 18:34:50,1514918090,344,2018.01.02 18:00,2018.01.02 17:00,2018.01.02 18:00,2018.01.02 17:00,1312.280,0,0
873054,TIMER,204054,669000,2018.01.02 18:34:59,1514918099,344,2018.01.02 18:00,2018.01.02 17:00,2018.01.02 18:00,2018.01.02 17:00,1312.280,0,0
874448,TIMER,204448,670000,2018.01.02 18:36:38,1514918198,344,2018.01.02 18:00,2018.01.02 17:00,2018.01.02 18:00,2018.01.02 17:00,1312.280,0,0
875874,TIMER,204874,671000,2018.01.02 18:38:19,1514918299,344,2018.01.02 18:00,2018.01.02 17:00,2018.01.02 18:00,2018.01.02 17:00,1312.280,0,0
876316,TICK,205000,671316,2018.01.02 18:38:51,1514918331,344,2018.01.02 18:00,2018.01.02 17:00,2018.01.02 18:00,2018.01.02 17:00,1312.280,0,0
877301,TIMER,205301,672000,2018.01.02 18:39:59,1514918399,344,2018.01.02 18:00,2018.01.02 17:00,2018.01.02 18:00,2018.01.02 17:00,1312.280,0,0
878481,TIMER,205481,673000,2018.01.02 18:41:38,1514918498,344,2018.01.02 18:00,2018.01.02 17:00,2018.01.02 18:00,2018.01.02 17:00,1312.280,0,0
879805,TIMER,205805,674000,2018.01.02 18:43:19,1514918599,344,2018.01.02 18:00,2018.01.02 17:00,2018.01.02 18:00,2018.01.02 17:00,1312.280,0,0
880641,TICK,206000,674641,2018.01.02 18:44:24,1514918664,344,2018.01.02 18:00,2018.01.02 17:00,2018.01.02 18:00,2018.01.02 17:00,1312.280,0,0
881085,TIMER,206085,675000,2018.01.02 18:44:57,1514918697,344,2018.01.02 18:00,2018.01.02 17:00,2018.01.02 18:00,2018.01.02 17:00,1312.280,0,0
882287,TIMER,206287,676000,2018.01.02 18:46:40,1514918800,344,2018.01.02 18:00,2018.01.02 17:00,2018.01.02 18:00,2018.01.02 17:00,1312.280,0,0
883756,TIMER,206756,677000,2018.01.02 18:48:19,1514918899,344,2018.01.02 18:00,2018.01.02 17:00,2018.01.02 18:00,2018.01.02 17:00,1312.280,0,0
884401,TICK,207000,677401,2018.01.02 18:49:00,1514918940,344,2018.01.02 18:00,2018.01.02 17:00,2018.01.02 18:00,2018.01.02 17:00,1312.280,0,0
885594,TIMER,207594,678000,2018.01.02 18:49:59,1514918999,344,2018.01.02 18:00,2018.01.02 17:00,2018.01.02 18:00,2018.01.02 17:00,1312.280,0,0
886279,TICK,208000,678279,2018.01.02 18:50:27,1514919027,344,2018.01.02 18:00,2018.01.02 17:00,2018.01.02 18:00,2018.01.02 17:00,1312.280,0,0
887644,TICK,209000,678644,2018.01.02 18:51:04,1514919064,344,2018.01.02 18:00,2018.01.02 17:00,2018.01.02 18:00,2018.01.02 17:00,1312.280,0,0
888246,TIMER,209246,679000,2018.01.02 18:51:39,1514919099,344,2018.01.02 18:00,2018.01.02 17:00,2018.01.02 18:00,2018.01.02 17:00,1312.280,0,0
889711,TIMER,209711,680000,2018.01.02 18:53:18,1514919198,344,2018.01.02 18:00,2018.01.02 17:00,2018.01.02 18:00,2018.01.02 17:00,1312.280,0,0
890990,TIMER,209990,681000,2018.01.02 18:54:59,1514919299,344,2018.01.02 18:00,2018.01.02 17:00,2018.01.02 18:00,2018.01.02 17:00,1312.280,0,0
891006,TICK,210000,681006,2018.01.02 18:55:00,1514919300,344,2018.01.02 18:00,2018.01.02 17:00,2018.01.02 18:00,2018.01.02 17:00,1312.280,0,0
892515,TIMER,210515,682000,2018.01.02 18:56:39,1514919399,344,2018.01.02 18:00,2018.01.02 17:00,2018.01.02 18:00,2018.01.02 17:00,1312.280,0,0
893917,TICK,211000,682917,2018.01.02 18:58:11,1514919491,344,2018.01.02 18:00,2018.01.02 17:00,2018.01.02 18:00,2018.01.02 17:00,1312.280,0,0
894072,TIMER,211072,683000,2018.01.02 18:58:19,1514919499,344,2018.01.02 18:00,2018.01.02 17:00,2018.01.02 18:00,2018.01.02 17:00,1312.280,0,0
895720,TIMER,211720,684000,2018.01.02 18:59:59,1514919599,344,2018.01.02 18:00,2018.01.02 17:00,2018.01.02 18:00,2018.01.02 17:00,1312.280,0,0
896924,TIMER,211924,685000,2018.01.02 19:01:39,1514919699,344,2018.01.02 19:00,2018.01.02 18:00,2018.01.02 19:00,2018.01.02 18:00,1311.300,0,0
897150,TICK,212000,685150,2018.01.02 19:01:55,1514919715,344,2018.01.02 19:00,2018.01.02 18:00,2018.01.02 19:00,2018.01.02 18:00,1311.300,0,0
898340,TIMER,212340,686000,2018.01.02 19:03:19,1514919799,344,2018.01.02 19:00,2018.01.02 18:00,2018.01.02 19:00,2018.01.02 18:00,1311.300,0,0
899614,TIMER,212614,687000,2018.01.02 19:04:58,1514919898,344,2018.01.02 19:00,2018.01.02 18:00,2018.01.02 19:00,2018.01.02 18:00,1311.300,0,0
900966,TIMER,212966,688000,2018.01.02 19:06:39,1514919999,344,2018.01.02 19:00,2018.01.02 18:00,2018.01.02 19:00,2018.01.02 18:00,1311.300,0,0
901084,TICK,213000,688084,2018.01.02 19:06:48,1514920008,344,2018.01.02 19:00,2018.01.02 18:00,2018.01.02 19:00,2018.01.02 18:00,1311.300,0,0
902235,TIMER,213235,689000,2018.01.02 19:08:15,1514920095,344,2018.01.02 19:00,2018.01.02 18:00,2018.01.02 19:00,2018.01.02 18:00,1311.300,0,0
903413,TIMER,213413,690000,2018.01.02 19:09:57,1514920197,344,2018.01.02 19:00,2018.01.02 18:00,2018.01.02 19:00,2018.01.02 18:00,1311.300,0,0
904594,TIMER,213594,691000,2018.01.02 19:11:38,1514920298,344,2018.01.02 19:00,2018.01.02 18:00,2018.01.02 19:00,2018.01.02 18:00,1311.300,0,0
905946,TIMER,213946,692000,2018.01.02 19:13:19,1514920399,344,2018.01.02 19:00,2018.01.02 18:00,2018.01.02 19:00,2018.01.02 18:00,1311.300,0,0
906151,TICK,214000,692151,2018.01.02 19:13:35,1514920415,344,2018.01.02 19:00,2018.01.02 18:00,2018.01.02 19:00,2018.01.02 18:00,1311.300,0,0
907178,TIMER,214178,693000,2018.01.02 19:14:56,1514920496,344,2018.01.02 19:00,2018.01.02 18:00,2018.01.02 19:00,2018.01.02 18:00,1311.300,0,0
908439,TIMER,214439,694000,2018.01.02 19:16:39,1514920599,344,2018.01.02 19:00,2018.01.02 18:00,2018.01.02 19:00,2018.01.02 18:00,1311.300,0,0
909610,TIMER,214610,695000,2018.01.02 19:18:19,1514920699,344,2018.01.02 19:00,2018.01.02 18:00,2018.01.02 19:00,2018.01.02 18:00,1311.300,0,0
910821,TIMER,214821,696000,2018.01.02 19:19:59,1514920799,360,2018.01.02 19:00,2018.01.02 18:00,2018.01.02 19:00,2018.01.02 18:00,1311.300,0,0
911497,TICK,215000,696497,2018.01.02 19:20:49,1514920849,360,2018.01.02 19:00,2018.01.02 18:00,2018.01.02 19:00,2018.01.02 18:00,1311.300,0,0
912129,TIMER,215129,697000,2018.01.02 19:21:37,1514920897,360,2018.01.02 19:00,2018.01.02 18:00,2018.01.02 19:00,2018.01.02 18:00,1311.300,0,0
913335,TIMER,215335,698000,2018.01.02 19:23:18,1514920998,360,2018.01.02 19:00,2018.01.02 18:00,2018.01.02 19:00,2018.01.02 18:00,1311.300,0,0
914707,TIMER,215707,699000,2018.01.02 19:24:59,1514921099,360,2018.01.02 19:00,2018.01.02 18:00,2018.01.02 19:00,2018.01.02 18:00,1311.300,0,0
915995,TIMER,215995,700000,2018.01.02 19:26:39,1514921199,360,2018.01.02 19:00,2018.01.02 18:00,2018.01.02 19:00,2018.01.02 18:00,1311.300,0,0
916060,TICK,216000,700060,2018.01.02 19:26:46,1514921206,360,2018.01.02 19:00,2018.01.02 18:00,2018.01.02 19:00,2018.01.02 18:00,1311.300,0,0
917309,TIMER,216309,701000,2018.01.02 19:28:19,1514921299,360,2018.01.02 19:00,2018.01.02 18:00,2018.01.02 19:00,2018.01.02 18:00,1311.300,0,0
918748,TIMER,216748,702000,2018.01.02 19:29:59,1514921399,360,2018.01.02 19:00,2018.01.02 18:00,2018.01.02 19:00,2018.01.02 18:00,1311.300,0,0
919288,TICK,217000,702288,2018.01.02 19:30:28,1514921428,360,2018.01.02 19:00,2018.01.02 18:00,2018.01.02 19:00,2018.01.02 18:00,1311.300,0,0
920349,TIMER,217349,703000,2018.01.02 19:31:39,1514921499,360,2018.01.02 19:00,2018.01.02 18:00,2018.01.02 19:00,2018.01.02 18:00,1311.300,0,0
921564,TIMER,217564,704000,2018.01.02 19:33:19,1514921599,360,2018.01.02 19:00,2018.01.02 18:00,2018.01.02 19:00,2018.01.02 18:00,1311.300,0,0
922832,TIMER,217832,705000,2018.01.02 19:34:59,1514921699,360,2018.01.02 19:00,2018.01.02 18:00,2018.01.02 19:00,2018.01.02 18:00,1311.300,0,0
923480,TICK,218000,705480,2018.01.02 19:35:48,1514921748,360,2018.01.02 19:00,2018.01.02 18:00,2018.01.02 19:00,2018.01.02 18:00,1311.300,0,0
924111,TIMER,218111,706000,2018.01.02 19:36:39,1514921799,360,2018.01.02 19:00,2018.01.02 18:00,2018.01.02 19:00,2018.01.02 18:00,1311.300,0,0
925381,TIMER,218381,707000,2018.01.02 19:38:19,1514921899,360,2018.01.02 19:00,2018.01.02 18:00,2018.01.02 19:00,2018.01.02 18:00,1311.300,0,0
926607,TIMER,218607,708000,2018.01.02 19:39:58,1514921998,360,2018.01.02 19:00,2018.01.02 18:00,2018.01.02 19:00,2018.01.02 18:00,1311.300,0,0
927711,TICK,219000,708711,2018.01.02 19:41:11,1514922071,360,2018.01.02 19:00,2018.01.02 18:00,2018.01.02 19:00,2018.01.02 18:00,1311.300,0,0
928084,TIMER,219084,709000,2018.01.02 19:41:38,1514922098,360,2018.01.02 19:00,2018.01.02 18:00,2018.01.02 19:00,2018.01.02 18:00,1311.300,0,0
929472,TIMER,219472,710000,2018.01.02 19:43:19,1514922199,360,2018.01.02 19:00,2018.01.02 18:00,2018.01.02 19:00,2018.01.02 18:00,1311.300,0,0
930605,TIMER,219605,711000,2018.01.02 19:44:59,1514922299,360,2018.01.02 19:00,2018.01.02 18:00,2018.01.02 19:00,2018.01.02 18:00,1311.300,0,0
931863,TIMER,219863,712000,2018.01.02 19:46:39,1514922399,360,2018.01.02 19:00,2018.01.02 18:00,2018.01.02 19:00,2018.01.02 18:00,1311.300,0,0
932987,TIMER,219987,713000,2018.01.02 19:48:19,1514922499,360,2018.01.02 19:00,2018.01.02 18:00,2018.01.02 19:00,2018.01.02 18:00,1311.300,0,0
933245,TICK,220000,713245,2018.01.02 19:48:44,1514922524,360,2018.01.02 19:00,2018.01.02 18:00,2018.01.02 19:00,2018.01.02 18:00,1311.300,0,0
934156,TIMER,220156,714000,2018.01.02 19:49:59,1514922599,360,2018.01.02 19:00,2018.01.02 18:00,2018.01.02 19:00,2018.01.02 18:00,1311.300,0,0
935533,TIMER,220533,715000,2018.01.02 19:51:39,1514922699,360,2018.01.02 19:00,2018.01.02 18:00,2018.01.02 19:00,2018.01.02 18:00,1311.300,0,0
936753,TIMER,220753,716000,2018.01.02 19:53:18,1514922798,360,2018.01.02 19:00,2018.01.02 18:00,2018.01.02 19:00,2018.01.02 18:00,1311.300,0,0
937564,TICK,221000,716564,2018.01.02 19:54:16,1514922856,360,2018.01.02 19:00,2018.01.02 18:00,2018.01.02 19:00,2018.01.02 18:00,1311.300,0,0
938154,TIMER,221154,717000,2018.01.02 19:54:59,1514922899,360,2018.01.02 19:00,2018.01.02 18:00,2018.01.02 19:00,2018.01.02 18:00,1311.300,0,0
939445,TIMER,221445,718000,2018.01.02 19:56:39,1514922999,360,2018.01.02 19:00,2018.01.02 18:00,2018.01.02 19:00,2018.01.02 18:00,1311.300,0,0
940719,TIMER,221719,719000,2018.01.02 19:58:18,1514923098,360,2018.01.02 19:00,2018.01.02 18:00,2018.01.02 19:00,2018.01.02 18:00,1311.300,0,0
941965,TICK,222000,719965,2018.01.02 19:59:56,1514923196,360,2018.01.02 19:00,2018.01.02 18:00,2018.01.02 19:00,2018.01.02 18:00,1311.300,0,0
942020,TIMER,222020,720000,2018.01.02 19:59:59,1514923199,360,2018.01.02 19:00,2018.01.02 18:00,2018.01.02 19:00,2018.01.02 18:00,1311.300,0,0
943168,TIMER,222168,721000,2018.01.02 20:01:39,1514923299,360,2018.01.02 20:00,2018.01.02 19:00,2018.01.02 20:00,2018.01.02 19:00,1312.500,0,0
944307,TIMER,222307,722000,2018.01.02 20:03:18,1514923398,360,2018.01.02 20:00,2018.01.02 19:00,2018.01.02 20:00,2018.01.02 19:00,1312.500,0,0
945453,TIMER,222453,723000,2018.01.02 20:04:58,1514923498,360,2018.01.02 20:00,2018.01.02 19:00,2018.01.02 20:00,2018.01.02 19:00,1312.500,0,0
946504,TIMER,222504,724000,2018.01.02 20:06:39,1514923599,360,2018.01.02 20:00,2018.01.02 19:00,2018.01.02 20:00,2018.01.02 19:00,1312.500,0,0
947783,TIMER,222783,725000,2018.01.02 20:08:17,1514923697,360,2018.01.02 20:00,2018.01.02 19:00,2018.01.02 20:00,2018.01.02 19:00,1312.500,0,0
948928,TICK,223000,725928,2018.01.02 20:09:52,1514923792,360,2018.01.02 20:00,2018.01.02 19:00,2018.01.02 20:00,2018.01.02 19:00,1312.500,0,0
949042,TIMER,223042,726000,2018.01.02 20:09:59,1514923799,360,2018.01.02 20:00,2018.01.02 19:00,2018.01.02 20:00,2018.01.02 19:00,1312.500,0,0
950445,TIMER,223445,727000,2018.01.02 20:11:39,1514923899,360,2018.01.02 20:00,2018.01.02 19:00,2018.01.02 20:00,2018.01.02 19:00,1312.500,0,0
951799,TIMER,223799,728000,2018.01.02 20:13:18,1514923998,360,2018.01.02 20:00,2018.01.02 19:00,2018.01.02 20:00,2018.01.02 19:00,1312.500,0,0
952968,TIMER,223968,729000,2018.01.02 20:14:59,1514924099,360,2018.01.02 20:00,2018.01.02 19:00,2018.01.02 20:00,2018.01.02 19:00,1312.500,0,0
953110,TICK,224000,729110,2018.01.02 20:15:11,1514924111,360,2018.01.02 20:00,2018.01.02 19:00,2018.01.02 20:00,2018.01.02 19:00,1312.500,0,0
954398,TIMER,224398,730000,2018.01.02 20:16:37,1514924197,360,2018.01.02 20:00,2018.01.02 19:00,2018.01.02 20:00,2018.01.02 19:00,1312.500,0,0
955693,TIMER,224693,731000,2018.01.02 20:18:19,1514924299,360,2018.01.02 20:00,2018.01.02 19:00,2018.01.02 20:00,2018.01.02 19:00,1312.500,0,0
956826,TIMER,224826,732000,2018.01.02 20:19:59,1514924399,360,2018.01.02 20:00,2018.01.02 19:00,2018.01.02 20:00,2018.01.02 19:00,1312.500,0,0
957824,TICK,225000,732824,2018.01.02 20:21:22,1514924482,360,2018.01.02 20:00,2018.01.02 19:00,2018.01.02 20:00,2018.01.02 19:00,1312.500,0,0
958037,TIMER,225037,733000,2018.01.02 20:21:39,1514924499,360,2018.01.02 20:00,2018.01.02 19:00,2018.01.02 20:00,2018.01.02 19:00,1312.500,0,0
959221,TIMER,225221,734000,2018.01.02 20:23:19,1514924599,360,2018.01.02 20:00,2018.01.02 19:00,2018.01.02 20:00,2018.01.02 19:00,1312.500,0,0
960587,TIMER,225587,735000,2018.01.02 20:24:59,1514924699,360,2018.01.02 20:00,2018.01.02 19:00,2018.01.02 20:00,2018.01.02 19:00,1312.500,0,0
961904,TIMER,225904,736000,2018.01.02 20:26:39,1514924799,360,2018.01.02 20:00,2018.01.02 19:00,2018.01.02 20:00,2018.01.02 19:00,1312.500,0,0
962691,TICK,226000,736691,2018.01.02 20:27:49,1514924869,360,2018.01.02 20:00,2018.01.02 19:00,2018.01.02 20:00,2018.01.02 19:00,1312.500,0,0
963089,TIMER,226089,737000,2018.01.02 20:28:18,1514924898,360,2018.01.02 20:00,2018.01.02 19:00,2018.01.02 20:00,2018.01.02 19:00,1312.500,0,0
964219,TIMER,226219,738000,2018.01.02 20:29:59,1514924999,360,2018.01.02 20:00,2018.01.02 19:00,2018.01.02 20:00,2018.01.02 19:00,1312.500,0,0
965599,TIMER,226599,739000,2018.01.02 20:31:38,1514925098,360,2018.01.02 20:00,2018.01.02 19:00,2018.01.02 20:00,2018.01.02 19:00,1312.500,0,0
966754,TIMER,226754,740000,2018.01.02 20:33:19,1514925199,360,2018.01.02 20:00,2018.01.02 19:00,2018.01.02 20:00,2018.01.02 19:00,1312.500,0,0
967945,TICK,227000,740945,2018.01.02 20:34:54,1514925294,360,2018.01.02 20:00,2018.01.02 19:00,2018.01.02 20:00,2018.01.02 19:00,1312.500,0,0
968036,TIMER,227036,741000,2018.01.02 20:34:59,1514925299,360,2018.01.02 20:00,2018.01.02 19:00,2018.01.02 20:00,2018.01.02 19:00,1312.500,0,0
969639,TIMER,227639,742000,2018.01.02 20:36:37,1514925397,360,2018.01.02 20:00,2018.01.02 19:00,2018.01.02 20:00,2018.01.02 19:00,1312.500,0,0
970321,TICK,228000,742321,2018.01.02 20:37:12,1514925432,360,2018.01.02 20:00,2018.01.02 19:00,2018.01.02 20:00,2018.01.02 19:00,1312.500,0,0
971164,TIMER,228164,743000,2018.01.02 20:38:19,1514925499,360,2018.01.02 20:00,2018.01.02 19:00,2018.01.02 20:00,2018.01.02 19:00,1312.500,0,0
972380,TIMER,228380,744000,2018.01.02 20:39:59,1514925599,360,2018.01.02 20:00,2018.01.02 19:00,2018.01.02 20:00,2018.01.02 19:00,1312.500,0,0
973707,TIMER,228707,745000,2018.01.02 20:41:38,1514925698,360,2018.01.02 20:00,2018.01.02 19:00,2018.01.02 20:00,2018.01.02 19:00,1312.500,0,0
974983,TIMER,228983,746000,2018.01.02 20:43:19,1514925799,360,2018.01.02 20:00,2018.01.02 19:00,2018.01.02 20:00,2018.01.02 19:00,1312.500,0,0
975050,TICK,229000,746050,2018.01.02 20:43:25,1514925805,360,2018.01.02 20:00,2018.01.02 19:00,2018.01.02 20:00,2018.01.02 19:00,1312.500,0,0
976255,TIMER,229255,747000,2018.01.02 20:44:59,1514925899,360,2018.01.02 20:00,2018.01.02 19:00,2018.01.02 20:00,2018.01.02 19:00,1312.500,0,0
977336,TIMER,229336,748000,2018.01.02 20:46:39,1514925999,360,2018.01.02 20:00,2018.01.02 19:00,2018.01.02 20:00,2018.01.02 19:00,1312.500,0,0
978758,TIMER,229758,749000,2018.01.02 20:48:18,1514926098,360,2018.01.02 20:00,2018.01.02 19:00,2018.01.02 20:00,2018.01.02 19:00,1312.500,0,0
979805,TICK,230000,749805,2018.01.02 20:49:40,1514926180,360,2018.01.02 20:00,2018.01.02 19:00,2018.01.02 20:00,2018.01.02 19:00,1312.500,0,0
980026,TIMER,230026,750000,2018.01.02 20:49:59,1514926199,360,2018.01.02 20:00,2018.01.02 19:00,2018.01.02 20:00,2018.01.02 19:00,1312.500,0,0
981332,TIMER,230332,751000,2018.01.02 20:51:36,1514926296,360,2018.01.02 20:00,2018.01.02 19:00,2018.01.02 20:00,2018.01.02 19:00,1312.500,0,0
982727,TIMER,230727,752000,2018.01.02 20:53:16,1514926396,360,2018.01.02 20:00,2018.01.02 19:00,2018.01.02 20:00,2018.01.02 19:00,1312.500,0,0
983313,TICK,231000,752313,2018.01.02 20:53:51,1514926431,360,2018.01.02 20:00,2018.01.02 19:00,2018.01.02 20:00,2018.01.02 19:00,1312.500,0,0
984178,TIMER,231178,753000,2018.01.02 20:54:59,1514926499,360,2018.01.02 20:00,2018.01.02 19:00,2018.01.02 20:00,2018.01.02 19:00,1312.500,0,0
985644,TIMER,231644,754000,2018.01.02 20:56:39,1514926599,360,2018.01.02 20:00,2018.01.02 19:00,2018.01.02 20:00,2018.01.02 19:00,1312.500,0,0
986940,TIMER,231940,755000,2018.01.02 20:58:15,1514926695,360,2018.01.02 20:00,2018.01.02 19:00,2018.01.02 20:00,2018.01.02 19:00,1312.500,0,0
987300,TICK,232000,755300,2018.01.02 20:58:50,1514926730,360,2018.01.02 20:00,2018.01.02 19:00,2018.01.02 20:00,2018.01.02 19:00,1312.500,0,0
988068,TIMER,232068,756000,2018.01.02 20:59:59,1514926799,360,2018.01.02 20:00,2018.01.02 19:00,2018.01.02 20:00,2018.01.02 19:00,1312.500,0,0
989487,TIMER,232487,757000,2018.01.02 21:01:39,1514926899,360,2018.01.02 21:00,2018.01.02 20:00,2018.01.02 21:00,2018.01.02 20:00,1314.580,0,0
990648,TIMER,232648,758000,2018.01.02 21:03:19,1514926999,360,2018.01.02 21:00,2018.01.02 20:00,2018.01.02 21:00,2018.01.02 20:00,1314.580,0,0
991784,TIMER,232784,759000,2018.01.02 21:04:57,1514927097,360,2018.01.02 21:00,2018.01.02 20:00,2018.01.02 21:00,2018.01.02 20:00,1314.580,0,0
992916,TIMER,232916,760000,2018.01.02 21:06:39,1514927199,360,2018.01.02 21:00,2018.01.02 20:00,2018.01.02 21:00,2018.01.02 20:00,1314.580,0,0
993660,TICK,233000,760660,2018.01.02 21:07:46,1514927266,360,2018.01.02 21:00,2018.01.02 20:00,2018.01.02 21:00,2018.01.02 20:00,1314.580,0,0
994036,TIMER,233036,761000,2018.01.02 21:08:19,1514927299,360,2018.01.02 21:00,2018.01.02 20:00,2018.01.02 21:00,2018.01.02 20:00,1314.580,0,0
995301,TIMER,233301,762000,2018.01.02 21:09:58,1514927398,360,2018.01.02 21:00,2018.01.02 20:00,2018.01.02 21:00,2018.01.02 20:00,1314.580,0,0
996537,TIMER,233537,763000,2018.01.02 21:11:38,1514927498,360,2018.01.02 21:00,2018.01.02 20:00,2018.01.02 21:00,2018.01.02 20:00,1314.580,0,0
997732,TIMER,233732,764000,2018.01.02 21:13:19,1514927599,360,2018.01.02 21:00,2018.01.02 20:00,2018.01.02 21:00,2018.01.02 20:00,1314.580,0,0
998900,TICK,234000,764900,2018.01.02 21:14:50,1514927690,360,2018.01.02 21:00,2018.01.02 20:00,2018.01.02 21:00,2018.01.02 20:00,1314.580,0,0
999089,TIMER,234089,765000,2018.01.02 21:14:59,1514927699,360,2018.01.02 21:00,2018.01.02 20:00,2018.01.02 21:00,2018.01.02 20:00,1314.580,0,0
1000329,TIMER,234329,766000,2018.01.02 21:16:39,1514927799,360,2018.01.02 21:00,2018.01.02 20:00,2018.01.02 21:00,2018.01.02 20:00,1314.580,0,0
1001433,TIMER,234433,767000,2018.01.02 21:18:19,1514927899,360,2018.01.02 21:00,2018.01.02 20:00,2018.01.02 21:00,2018.01.02 20:00,1314.580,0,0
1002567,TIMER,234567,768000,2018.01.02 21:19:59,1514927999,360,2018.01.02 21:00,2018.01.02 20:00,2018.01.02 21:00,2018.01.02 20:00,1314.580,0,0
1003643,TIMER,234643,769000,2018.01.02 21:21:39,1514928099,360,2018.01.02 21:00,2018.01.02 20:00,2018.01.02 21:00,2018.01.02 20:00,1314.580,0,0
1004699,TIMER,234699,770000,2018.01.02 21:23:19,1514928199,360,2018.01.02 21:00,2018.01.02 20:00,2018.01.02 21:00,2018.01.02 20:00,1314.580,0,0
1005863,TIMER,234863,771000,2018.01.02 21:24:58,1514928298,360,2018.01.02 21:00,2018.01.02 20:00,2018.01.02 21:00,2018.01.02 20:00,1314.580,0,0
1006968,TIMER,234968,772000,2018.01.02 21:26:38,1514928398,360,2018.01.02 21:00,2018.01.02 20:00,2018.01.02 21:00,2018.01.02 20:00,1314.580,0,0
1007082,TICK,235000,772082,2018.01.02 21:26:48,1514928408,360,2018.01.02 21:00,2018.01.02 20:00,2018.01.02 21:00,2018.01.02 20:00,1314.580,0,0
1008188,TIMER,235188,773000,2018.01.02 21:28:19,1514928499,360,2018.01.02 21:00,2018.01.02 20:00,2018.01.02 21:00,2018.01.02 20:00,1314.580,0,0
1009247,TIMER,235247,774000,2018.01.02 21:29:56,1514928596,360,2018.01.02 21:00,2018.01.02 20:00,2018.01.02 21:00,2018.01.02 20:00,1314.580,0,0
1010589,TICK,236000,774589,2018.01.02 21:30:58,1514928658,360,2018.01.02 21:00,2018.01.02 20:00,2018.01.02 21:00,2018.01.02 20:00,1314.580,0,0
1011990,TICK,237000,774990,2018.01.02 21:31:39,1514928699,360,2018.01.02 21:00,2018.01.02 20:00,2018.01.02 21:00,2018.01.02 20:00,1314.580,0,0
1012077,TIMER,237077,775000,2018.01.02 21:31:39,1514928699,360,2018.01.02 21:00,2018.01.02 20:00,2018.01.02 21:00,2018.01.02 20:00,1314.580,0,0
1013436,TICK,238000,775436,2018.01.02 21:32:23,1514928743,360,2018.01.02 21:00,2018.01.02 20:00,2018.01.02 21:00,2018.01.02 20:00,1314.580,0,0
1014248,TIMER,238248,776000,2018.01.02 21:33:19,1514928799,360,2018.01.02 21:00,2018.01.02 20:00,2018.01.02 21:00,2018.01.02 20:00,1314.580,0,0
1015407,TIMER,238407,777000,2018.01.02 21:34:56,1514928896,360,2018.01.02 21:00,2018.01.02 20:00,2018.01.02 21:00,2018.01.02 20:00,1314.580,0,0
1016480,TICK,239000,777480,2018.01.02 21:35:48,1514928948,360,2018.01.02 21:00,2018.01.02 20:00,2018.01.02 21:00,2018.01.02 20:00,1314.580,0,0
1017554,TIMER,239554,778000,2018.01.02 21:36:39,1514928999,360,2018.01.02 21:00,2018.01.02 20:00,2018.01.02 21:00,2018.01.02 20:00,1314.580,0,0
1018699,TIMER,239699,779000,2018.01.02 21:38:11,1514929091,360,2018.01.02 21:00,2018.01.02 20:00,2018.01.02 21:00,2018.01.02 20:00,1314.580,0,0
1019711,TICK,240000,779711,2018.01.02 21:39:31,1514929171,360,2018.01.02 21:00,2018.01.02 20:00,2018.01.02 21:00,2018.01.02 20:00,1314.580,0,0
1020368,TIMER,240368,780000,2018.01.02 21:39:59,1514929199,360,2018.01.02 21:00,2018.01.02 20:00,2018.01.02 21:00,2018.01.02 20:00,1314.580,0,0
1021411,TICK,241000,780411,2018.01.02 21:40:41,1514929241,360,2018.01.02 21:00,2018.01.02 20:00,2018.01.02 21:00,2018.01.02 20:00,1314.580,0,0
1022444,TIMER,241444,781000,2018.01.02 21:41:39,1514929299,360,2018.01.02 21:00,2018.01.02 20:00,2018.01.02 21:00,2018.01.02 20:00,1314.580,0,0
1023483,TICK,242000,781483,2018.01.02 21:42:28,1514929348,360,2018.01.02 21:00,2018.01.02 20:00,2018.01.02 21:00,2018.01.02 20:00,1314.580,0,0
1024337,TIMER,242337,782000,2018.01.02 21:43:17,1514929397,360,2018.01.02 21:00,2018.01.02 20:00,2018.01.02 21:00,2018.01.02 20:00,1314.580,0,0
1025581,TIMER,242581,783000,2018.01.02 21:44:58,1514929498,360,2018.01.02 21:00,2018.01.02 20:00,2018.01.02 21:00,2018.01.02 20:00,1314.580,0,0
1026733,TIMER,242733,784000,2018.01.02 21:46:39,1514929599,360,2018.01.02 21:00,2018.01.02 20:00,2018.01.02 21:00,2018.01.02 20:00,1314.580,0,0
1027455,TICK,243000,784455,2018.01.02 21:47:25,1514929645,360,2018.01.02 21:00,2018.01.02 20:00,2018.01.02 21:00,2018.01.02 20:00,1314.580,0,0
1028265,TIMER,243265,785000,2018.01.02 21:48:17,1514929697,360,2018.01.02 21:00,2018.01.02 20:00,2018.01.02 21:00,2018.01.02 20:00,1314.580,0,0
1029682,TIMER,243682,786000,2018.01.02 21:49:59,1514929799,360,2018.01.02 21:00,2018.01.02 20:00,2018.01.02 21:00,2018.01.02 20:00,1314.580,0,0
1030805,TIMER,243805,787000,2018.01.02 21:51:38,1514929898,360,2018.01.02 21:00,2018.01.02 20:00,2018.01.02 21:00,2018.01.02 20:00,1314.580,0,0
1031884,TIMER,243884,788000,2018.01.02 21:53:19,1514929999,360,2018.01.02 21:00,2018.01.02 20:00,2018.01.02 21:00,2018.01.02 20:00,1314.580,0,0
1032898,TICK,244000,788898,2018.01.02 21:54:49,1514930089,360,2018.01.02 21:00,2018.01.02 20:00,2018.01.02 21:00,2018.01.02 20:00,1314.580,0,0
1033024,TIMER,244024,789000,2018.01.02 21:54:58,1514930098,360,2018.01.02 21:00,2018.01.02 20:00,2018.01.02 21:00,2018.01.02 20:00,1314.580,0,0
1034868,TICK,245000,789868,2018.01.02 21:56:26,1514930186,360,2018.01.02 21:00,2018.01.02 20:00,2018.01.02 21:00,2018.01.02 20:00,1314.580,0,0
1035331,TIMER,245331,790000,2018.01.02 21:56:39,1514930199,360,2018.01.02 21:00,2018.01.02 20:00,2018.01.02 21:00,2018.01.02 20:00,1314.580,0,0
1036595,TIMER,245595,791000,2018.01.02 21:58:18,1514930298,360,2018.01.02 21:00,2018.01.02 20:00,2018.01.02 21:00,2018.01.02 20:00,1314.580,0,0
1037587,TICK,246000,791587,2018.01.02 21:59:18,1514930358,360,2018.01.02 21:00,2018.01.02 20:00,2018.01.02 21:00,2018.01.02 20:00,1314.580,0,0
1038578,TIMER,246578,792000,2018.01.02 21:59:59,1514930399,360,2018.01.02 21:00,2018.01.02 20:00,2018.01.02 21:00,2018.01.02 20:00,1314.580,0,0
1039767,TICK,247000,792767,2018.01.02 22:01:16,1514930476,360,2018.01.02 22:00,2018.01.02 21:00,2018.01.02 22:00,2018.01.02 21:00,1316.040,0,0
1040138,TIMER,247138,793000,2018.01.02 22:01:37,1514930497,360,2018.01.02 22:00,2018.01.02 21:00,2018.01.02 22:00,2018.01.02 21:00,1316.040,0,0
1041321,TIMER,247321,794000,2018.01.02 22:03:19,1514930599,360,2018.01.02 22:00,2018.01.02 21:00,2018.01.02 22:00,2018.01.02 21:00,1316.040,0,0
1042708,TICK,248000,794708,2018.01.02 22:04:30,1514930670,360,2018.01.02 22:00,2018.01.02 21:00,2018.01.02 22:00,2018.01.02 21:00,1316.040,0,0
1043138,TIMER,248138,795000,2018.01.02 22:04:55,1514930695,360,2018.01.02 22:00,2018.01.02 21:00,2018.01.02 22:00,2018.01.02 21:00,1316.040,0,0
1044270,TIMER,248270,796000,2018.01.02 22:06:39,1514930799,360,2018.01.02 22:00,2018.01.02 21:00,2018.01.02 22:00,2018.01.02 21:00,1316.040,0,0
1045529,TIMER,248529,797000,2018.01.02 22:08:19,1514930899,360,2018.01.02 22:00,2018.01.02 21:00,2018.01.02 22:00,2018.01.02 21:00,1316.040,0,0
1046770,TIMER,248770,798000,2018.01.02 22:09:57,1514930997,360,2018.01.02 22:00,2018.01.02 21:00,2018.01.02 22:00,2018.01.02 21:00,1316.040,0,0
1047879,TIMER,248879,799000,2018.01.02 22:11:39,1514931099,360,2018.01.02 22:00,2018.01.02 21:00,2018.01.02 22:00,2018.01.02 21:00,1316.040,0,0
1048724,TICK,249000,799724,2018.01.02 22:12:52,1514931172,360,2018.01.02 22:00,2018.01.02 21:00,2018.01.02 22:00,2018.01.02 21:00,1316.040,0,0
1049157,TIMER,249157,800000,2018.01.02 22:13:19,1514931199,360,2018.01.02 22:00,2018.01.02 21:00,2018.01.02 22:00,2018.01.02 21:00,1316.040,0,0
1050482,TIMER,249482,801000,2018.01.02 22:14:59,1514931299,360,2018.01.02 22:00,2018.01.02 21:00,2018.01.02 22:00,2018.01.02 21:00,1316.040,0,0
1051937,TIMER,249937,802000,2018.01.02 22:16:39,1514931399,360,2018.01.02 22:00,2018.01.02 21:00,2018.01.02 22:00,2018.01.02 21:00,1316.040,0,0
1052027,TICK,250000,802027,2018.01.02 22:16:42,1514931402,360,2018.01.02 22:00,2018.01.02 21:00,2018.01.02 22:00,2018.01.02 21:00,1316.040,0,0
1053388,TIMER,250388,803000,2018.01.02 22:18:18,1514931498,360,2018.01.02 22:00,2018.01.02 21:00,2018.01.02 22:00,2018.01.02 21:00,1316.040,0,0
1054424,TIMER,250424,804000,2018.01.02 22:19:59,1514931599,360,2018.01.02 22:00,2018.01.02 21:00,2018.01.02 22:00,2018.01.02 21:00,1316.040,0,0
1055522,TIMER,250522,805000,2018.01.02 22:21:39,1514931699,360,2018.01.02 22:00,2018.01.02 21:00,2018.01.02 22:00,2018.01.02 21:00,1316.040,0,0
1056795,TICK,251000,805795,2018.01.02 22:22:59,1514931779,360,2018.01.02 22:00,2018.01.02 21:00,2018.01.02 22:00,2018.01.02 21:00,1316.040,0,0
1057180,TIMER,251180,806000,2018.01.02 22:23:19,1514931799,360,2018.01.02 22:00,2018.01.02 21:00,2018.01.02 22:00,2018.01.02 21:00,1316.040,0,0
1058499,TIMER,251499,807000,2018.01.02 22:24:59,1514931899,360,2018.01.02 22:00,2018.01.02 21:00,2018.01.02 22:00,2018.01.02 21:00,1316.040,0,0
1059746,TIMER,251746,808000,2018.01.02 22:26:36,1514931996,360,2018.01.02 22:00,2018.01.02 21:00,2018.01.02 22:00,2018.01.02 21:00,1316.040,0,0
1060892,TIMER,251892,809000,2018.01.02 22:28:19,1514932099,360,2018.01.02 22:00,2018.01.02 21:00,2018.01.02 22:00,2018.01.02 21:00,1316.040,0,0
1061646,TICK,252000,809646,2018.01.02 22:29:24,1514932164,360,2018.01.02 22:00,2018.01.02 21:00,2018.01.02 22:00,2018.01.02 21:00,1316.040,0,0
1062308,TIMER,252308,810000,2018.01.02 22:29:59,1514932199,360,2018.01.02 22:00,2018.01.02 21:00,2018.01.02 22:00,2018.01.02 21:00,1316.040,0,0
1063462,TIMER,252462,811000,2018.01.02 22:31:39,1514932299,360,2018.01.02 22:00,2018.01.02 21:00,2018.01.02 22:00,2018.01.02 21:00,1316.040,0,0
1064680,TIMER,252680,812000,2018.01.02 22:33:16,1514932396,360,2018.01.02 22:00,2018.01.02 21:00,2018.01.02 22:00,2018.01.02 21:00,1316.040,0,0
1065846,TICK,253000,812846,2018.01.02 22:34:44,1514932484,360,2018.01.02 22:00,2018.01.02 21:00,2018.01.02 22:00,2018.01.02 21:00,1316.040,0,0
1066067,TIMER,253067,813000,2018.01.02 22:34:58,1514932498,360,2018.01.02 22:00,2018.01.02 21:00,2018.01.02 22:00,2018.01.02 21:00,1316.040,0,0
1067344,TIMER,253344,814000,2018.01.02 22:36:39,1514932599,360,2018.01.02 22:00,2018.01.02 21:00,2018.01.02 22:00,2018.01.02 21:00,1316.040,0,0
1068672,TIMER,253672,815000,2018.01.02 22:38:19,1514932699,360,2018.01.02 22:00,2018.01.02 21:00,2018.01.02 22:00,2018.01.02 21:00,1316.040,0,0
1069943,TIMER,253943,816000,2018.01.02 22:39:59,1514932799,360,2018.01.02 22:00,2018.01.02 21:00,2018.01.02 22:00,2018.01.02 21:00,1316.040,0,0
1070031,TICK,254000,816031,2018.01.02 22:40:03,1514932803,360,2018.01.02 22:00,2018.01.02 21:00,2018.01.02 22:00,2018.01.02 21:00,1316.040,0,0
1071681,TIMER,254681,817000,2018.01.02 22:41:39,1514932899,360,2018.01.02 22:00,2018.01.02 21:00,2018.01.02 22:00,2018.01.02 21:00,1316.040,0,0
1072604,TICK,255000,817604,2018.01.02 22:42:40,1514932960,360,2018.01.02 22:00,2018.01.02 21:00,2018.01.02 22:00,2018.01.02 21:00,1316.040,0,0
1073103,TIMER,255103,818000,2018.01.02 22:43:19,1514932999,360,2018.01.02 22:00,2018.01.02 21:00,2018.01.02 22:00,2018.01.02 21:00,1316.040,0,0
1074238,TIMER,255238,819000,2018.01.02 22:44:59,1514933099,360,2018.01.02 22:00,2018.01.02 21:00,2018.01.02 22:00,2018.01.02 21:00,1316.040,0,0
1075643,TIMER,255643,820000,2018.01.02 22:46:39,1514933199,360,2018.01.02 22:00,2018.01.02 21:00,2018.01.02 22:00,2018.01.02 21:00,1316.040,0,0
1076924,TIMER,255924,821000,2018.01.02 22:48:18,1514933298,360,2018.01.02 22:00,2018.01.02 21:00,2018.01.02 22:00,2018.01.02 21:00,1316.040,0,0
1077552,TICK,256000,821552,2018.01.02 22:49:15,1514933355,360,2018.01.02 22:00,2018.01.02 21:00,2018.01.02 22:00,2018.01.02 21:00,1316.040,0,0
1078096,TIMER,256096,822000,2018.01.02 22:49:59,1514933399,360,2018.01.02 22:00,2018.01.02 21:00,2018.01.02 22:00,2018.01.02 21:00,1316.040,0,0
1079337,TIMER,256337,823000,2018.01.02 22:51:39,1514933499,360,2018.01.02 22:00,2018.01.02 21:00,2018.01.02 22:00,2018.01.02 21:00,1316.040,0,0
1080711,TIMER,256711,824000,2018.01.02 22:53:19,1514933599,360,2018.01.02 22:00,2018.01.02 21:00,2018.01.02 22:00,2018.01.02 21:00,1316.040,0,0
1081586,TICK,257000,824586,2018.01.02 22:54:18,1514933658,360,2018.01.02 22:00,2018.01.02 21:00,2018.01.02 22:00,2018.01.02 21:00,1316.040,0,0
1082128,TIMER,257128,825000,2018.01.02 22:54:59,1514933699,360,2018.01.02 22:00,2018.01.02 21:00,2018.01.02 22:00,2018.01.02 21:00,1316.040,0,0
1083275,TIMER,257275,826000,2018.01.02 22:56:39,1514933799,360,2018.01.02 22:00,2018.01.02 21:00,2018.01.02 22:00,2018.01.02 21:00,1316.040,0,0
1084528,TIMER,257528,827000,2018.01.02 22:58:19,1514933899,360,2018.01.02 22:00,2018.01.02 21:00,2018.01.02 22:00,2018.01.02 21:00,1316.040,0,0
1085875,TICK,258000,827875,2018.01.02 22:59:47,1514933987,360,2018.01.02 22:00,2018.01.02 21:00,2018.01.02 22:00,2018.01.02 21:00,1316.040,0,0
1086143,TIMER,258143,828000,2018.01.02 22:59:59,1514933999,360,2018.01.02 22:00,2018.01.02 21:00,2018.01.02 22:00,2018.01.02 21:00,1316.040,0,0
1087601,TIMER,258601,829000,2018.01.02 23:01:39,1514934099,360,2018.01.02 23:00,2018.01.02 22:00,2018.01.02 23:00,2018.01.02 22:00,1318.400,0,0
1088787,TIMER,258787,830000,2018.01.02 23:03:18,1514934198,360,2018.01.02 23:00,2018.01.02 22:00,2018.01.02 23:00,2018.01.02 22:00,1318.400,0,0
1089921,TIMER,258921,831000,2018.01.02 23:04:59,1514934299,360,2018.01.02 23:00,2018.01.02 22:00,2018.01.02 23:00,2018.01.02 22:00,1318.400,0,0
1090304,TICK,259000,831304,2018.01.02 23:05:30,1514934330,360,2018.01.02 23:00,2018.01.02 22:00,2018.01.02 23:00,2018.01.02 22:00,1318.400,0,0
1091390,TIMER,259390,832000,2018.01.02 23:06:39,1514934399,360,2018.01.02 23:00,2018.01.02 22:00,2018.01.02 23:00,2018.01.02 22:00,1318.400,0,0
1092416,TICK,260000,832416,2018.01.02 23:07:21,1514934441,360,2018.01.02 23:00,2018.01.02 22:00,2018.01.02 23:00,2018.01.02 22:00,1318.400,0,0
1093228,TIMER,260228,833000,2018.01.02 23:08:19,1514934499,360,2018.01.02 23:00,2018.01.02 22:00,2018.01.02 23:00,2018.01.02 22:00,1318.400,0,0
1094577,TIMER,260577,834000,2018.01.02 23:09:59,1514934599,360,2018.01.02 23:00,2018.01.02 22:00,2018.01.02 23:00,2018.01.02 22:00,1318.400,0,0
1095797,TIMER,260797,835000,2018.01.02 23:11:38,1514934698,360,2018.01.02 23:00,2018.01.02 22:00,2018.01.02 23:00,2018.01.02 22:00,1318.400,0,0
1096683,TICK,261000,835683,2018.01.02 23:12:48,1514934768,360,2018.01.02 23:00,2018.01.02 22:00,2018.01.02 23:00,2018.01.02 22:00,1318.400,0,0
1097277,TIMER,261277,836000,2018.01.02 23:13:18,1514934798,360,2018.01.02 23:00,2018.01.02 22:00,2018.01.02 23:00,2018.01.02 22:00,1318.400,0,0
1098573,TIMER,261573,837000,2018.01.02 23:14:59,1514934899,360,2018.01.02 23:00,2018.01.02 22:00,2018.01.02 23:00,2018.01.02 22:00,1318.400,0,0
1099827,TIMER,261827,838000,2018.01.02 23:16:39,1514934999,360,2018.01.02 23:00,2018.01.02 22:00,2018.01.02 23:00,2018.01.02 22:00,1318.400,0,0
1100912,TIMER,261912,839000,2018.01.02 23:18:16,1514935096,360,2018.01.02 23:00,2018.01.02 22:00,2018.01.02 23:00,2018.01.02 22:00,1318.400,0,0
1101604,TICK,262000,839604,2018.01.02 23:19:20,1514935160,360,2018.01.02 23:00,2018.01.02 22:00,2018.01.02 23:00,2018.01.02 22:00,1318.400,0,0
1102004,TIMER,262004,840000,2018.01.02 23:19:59,1514935199,360,2018.01.02 23:00,2018.01.02 22:00,2018.01.02 23:00,2018.01.02 22:00,1318.400,0,0
1103067,TIMER,262067,841000,2018.01.02 23:21:37,1514935297,360,2018.01.02 23:00,2018.01.02 22:00,2018.01.02 23:00,2018.01.02 22:00,1318.400,0,0
1104263,TIMER,262263,842000,2018.01.02 23:23:07,1514935387,360,2018.01.02 23:00,2018.01.02 22:00,2018.01.02 23:00,2018.01.02 22:00,1318.400,0,0
1105397,TIMER,262397,843000,2018.01.02 23:24:55,1514935495,360,2018.01.02 23:00,2018.01.02 22:00,2018.01.02 23:00,2018.01.02 22:00,1318.400,0,0
1106497,TIMER,262497,844000,2018.01.02 23:26:25,1514935585,360,2018.01.02 23:00,2018.01.02 22:00,2018.01.02 23:00,2018.01.02 22:00,1318.400,0,0
1107546,TIMER,262546,845000,2018.01.02 23:28:19,1514935699,360,2018.01.02 23:00,2018.01.02 22:00,2018.01.02 23:00,2018.01.02 22:00,1318.400,0,0
1108814,TIMER,262814,846000,2018.01.02 23:29:58,1514935798,360,2018.01.02 23:00,2018.01.02 22:00,2018.01.02 23:00,2018.01.02 22:00,1318.400,0,0
1109883,TIMER,262883,847000,2018.01.02 23:31:38,1514935898,360,2018.01.02 23:00,2018.01.02 22:00,2018.01.02 23:00,2018.01.02 22:00,1318.400,0,0
1110941,TIMER,262941,848000,2018.01.02 23:33:17,1514935997,360,2018.01.02 23:00,2018.01.02 22:00,2018.01.02 23:00,2018.01.02 22:00,1318.400,0,0
1111978,TIMER,262978,849000,2018.01.02 23:34:45,1514936085,360,2018.01.02 23:00,2018.01.02 22:00,2018.01.02 23:00,2018.01.02 22:00,1318.400,0,0
1112149,TICK,263000,849149,2018.01.02 23:35:14,1514936114,360,2018.01.02 23:00,2018.01.02 22:00,2018.01.02 23:00,2018.01.02 22:00,1318.400,0,0
1113047,TIMER,263047,850000,2018.01.02 23:36:39,1514936199,360,2018.01.02 23:00,2018.01.02 22:00,2018.01.02 23:00,2018.01.02 22:00,1318.400,0,0
1114156,TIMER,263156,851000,2018.01.02 23:38:18,1514936298,360,2018.01.02 23:00,2018.01.02 22:00,2018.01.02 23:00,2018.01.02 22:00,1318.400,0,0
1115616,TIMER,263616,852000,2018.01.02 23:39:57,1514936397,360,2018.01.02 23:00,2018.01.02 22:00,2018.01.02 23:00,2018.01.02 22:00,1318.400,0,0
1116724,TIMER,263724,853000,2018.01.02 23:41:39,1514936499,360,2018.01.02 23:00,2018.01.02 22:00,2018.01.02 23:00,2018.01.02 22:00,1318.400,0,0
1117849,TIMER,263849,854000,2018.01.02 23:43:18,1514936598,360,2018.01.02 23:00,2018.01.02 22:00,2018.01.02 23:00,2018.01.02 22:00,1318.400,0,0
1118995,TIMER,263995,855000,2018.01.02 23:44:53,1514936693,360,2018.01.02 23:00,2018.01.02 22:00,2018.01.02 23:00,2018.01.02 22:00,1318.400,0,0
1119008,TICK,264000,855008,2018.01.02 23:45:00,1514936700,360,2018.01.02 23:00,2018.01.02 22:00,2018.01.02 23:00,2018.01.02 22:00,1318.400,0,0
1120026,TIMER,264026,856000,2018.01.02 23:46:38,1514936798,360,2018.01.02 23:00,2018.01.02 22:00,2018.01.02 23:00,2018.01.02 22:00,1318.400,0,0
1121259,TIMER,264259,857000,2018.01.02 23:48:19,1514936899,360,2018.01.02 23:00,2018.01.02 22:00,2018.01.02 23:00,2018.01.02 22:00,1318.400,0,0
1122360,TIMER,264360,858000,2018.01.02 23:49:59,1514936999,360,2018.01.02 23:00,2018.01.02 22:00,2018.01.02 23:00,2018.01.02 22:00,1318.400,0,0
1123558,TIMER,264558,859000,2018.01.02 23:51:39,1514937099,360,2018.01.02 23:00,2018.01.02 22:00,2018.01.02 23:00,2018.01.02 22:00,1318.400,0,0
1124740,TIMER,264740,860000,2018.01.02 23:53:19,1514937199,360,2018.01.02 23:00,2018.01.02 22:00,2018.01.02 23:00,2018.01.02 22:00,1318.400,0,0
1125857,TIMER,264857,861000,2018.01.02 23:54:58,1514937298,360,2018.01.02 23:00,2018.01.02 22:00,2018.01.02 23:00,2018.01.02 22:00,1318.400,0,0
1126601,TICK,265000,861601,2018.01.02 23:56:00,1514937360,360,2018.01.02 23:00,2018.01.02 22:00,2018.01.02 23:00,2018.01.02 22:00,1318.400,0,0
1127013,TIMER,265013,862000,2018.01.02 23:56:36,1514937396,360,2018.01.02 23:00,2018.01.02 22:00,2018.01.02 23:00,2018.01.02 22:00,1318.400,0,0
1128103,TIMER,265103,863000,2018.01.02 23:58:19,1514937499,360,2018.01.02 23:00,2018.01.02 22:00,2018.01.02 23:00,2018.01.02 22:00,1318.400,0,0
1129216,TIMER,265216,864000,2018.01.02 23:59:57,1514937597,375,2018.01.02 23:00,2018.01.02 22:00,2018.01.02 23:00,2018.01.02 22:00,1318.400,0,0
1130218,TIMER,265218,865000,2018.01.03 00:01:37,1514937697,375,2018.01.03 00:00,2018.01.02 23:00,2018.01.02 23:00,2018.01.02 22:00,1318.400,0,0
1131232,TIMER,265232,866000,2018.01.03 00:03:19,1514937799,375,2018.01.03 00:00,2018.01.02 23:00,2018.01.02 23:00,2018.01.02 22:00,1318.400,0,0
1132246,TIMER,265246,867000,2018.01.03 00:04:39,1514937879,375,2018.01.03 00:00,2018.01.02 23:00,2018.01.02 23:00,2018.01.02 22:00,1318.400,0,0
1133258,TIMER,265258,868000,2018.01.03 00:06:37,1514937997,375,2018.01.03 00:00,2018.01.02 23:00,2018.01.02 23:00,2018.01.02 22:00,1318.400,0,0
1134292,TIMER,265292,869000,2018.01.03 00:08:12,1514938092,375,2018.01.03 00:00,2018.01.02 23:00,2018.01.02 23:00,2018.01.02 22:00,1318.400,0,0
1135316,TIMER,265316,870000,2018.01.03 00:09:53,1514938193,375,2018.01.03 00:00,2018.01.02 23:00,2018.01.02 23:00,2018.01.02 22:00,1318.400,0,0
1136455,TIMER,265455,871000,2018.01.03 00:11:39,1514938299,375,2018.01.03 00:00,2018.01.02 23:00,2018.01.02 23:00,2018.01.02 22:00,1318.400,0,0
1137504,TIMER,265504,872000,2018.01.03 00:13:17,1514938397,375,2018.01.03 00:00,2018.01.02 23:00,2018.01.02 23:00,2018.01.02 22:00,1318.400,0,0
1138512,TIMER,265512,873000,2018.01.03 00:14:54,1514938494,375,2018.01.03 00:00,2018.01.02 23:00,2018.01.02 23:00,2018.01.02 22:00,1318.400,0,0
1139567,TIMER,265567,874000,2018.01.03 00:16:39,1514938599,375,2018.01.03 00:00,2018.01.02 23:00,2018.01.02 23:00,2018.01.02 22:00,1318.400,0,0
1140634,TIMER,265634,875000,2018.01.03 00:18:18,1514938698,375,2018.01.03 00:00,2018.01.02 23:00,2018.01.02 23:00,2018.01.02 22:00,1318.400,0,0
1141675,TIMER,265675,876000,2018.01.03 00:19:59,1514938799,375,2018.01.03 00:00,2018.01.02 23:00,2018.01.02 23:00,2018.01.02 22:00,1318.400,0,0
1142811,TIMER,265811,877000,2018.01.03 00:21:39,1514938899,375,2018.01.03 00:00,2018.01.02 23:00,2018.01.02 23:00,2018.01.02 22:00,1318.400,0,0
1143914,TIMER,265914,878000,2018.01.03 00:23:18,1514938998,375,2018.01.03 00:00,2018.01.02 23:00,2018.01.02 23:00,2018.01.02 22:00,1318.400,0,0
1144566,TICK,266000,878566,2018.01.03 00:24:16,1514939056,375,2018.01.03 00:00,2018.01.02 23:00,2018.01.02 23:00,2018.01.02 22:00,1318.400,0,0
1145066,TIMER,266066,879000,2018.01.03 00:24:59,1514939099,375,2018.01.03 00:00,2018.01.02 23:00,2018.01.02 23:00,2018.01.02 22:00,1318.400,0,0
1146136,TIMER,266136,880000,2018.01.03 00:26:39,1514939199,375,2018.01.03 00:00,2018.01.02 23:00,2018.01.02 23:00,2018.01.02 22:00,1318.400,0,0
1147332,TIMER,266332,881000,2018.01.03 00:28:19,1514939299,375,2018.01.03 00:00,2018.01.02 23:00,2018.01.02 23:00,2018.01.02 22:00,1318.400,0,0
1148488,TIMER,266488,882000,2018.01.03 00:29:57,1514939397,375,2018.01.03 00:00,2018.01.02 23:00,2018.01.02 23:00,2018.01.02 22:00,1318.400,0,0
1149553,TIMER,266553,883000,2018.01.03 00:31:39,1514939499,375,2018.01.03 00:00,2018.01.02 23:00,2018.01.02 23:00,2018.01.02 22:00,1318.400,0,0
1150740,TIMER,266740,884000,2018.01.03 00:33:18,1514939598,375,2018.01.03 00:00,2018.01.02 23:00,2018.01.02 23:00,2018.01.02 22:00,1318.400,0,0
1151901,TIMER,266901,885000,2018.01.03 00:34:57,1514939697,375,2018.01.03 00:00,2018.01.02 23:00,2018.01.02 23:00,2018.01.02 22:00,1318.400,0,0
1152398,TICK,267000,885398,2018.01.03 00:35:39,1514939739,375,2018.01.03 00:00,2018.01.02 23:00,2018.01.02 23:00,2018.01.02 22:00,1318.400,0,0
1153209,TIMER,267209,886000,2018.01.03 00:36:38,1514939798,375,2018.01.03 00:00,2018.01.02 23:00,2018.01.02 23:00,2018.01.02 22:00,1318.400,0,0
1154501,TIMER,267501,887000,2018.01.03 00:38:19,1514939899,375,2018.01.03 00:00,2018.01.02 23:00,2018.01.02 23:00,2018.01.02 22:00,1318.400,0,0
1155787,TIMER,267787,888000,2018.01.03 00:39:54,1514939994,375,2018.01.03 00:00,2018.01.02 23:00,2018.01.02 23:00,2018.01.02 22:00,1318.400,0,0
1156807,TIMER,267807,889000,2018.01.03 00:41:39,1514940099,375,2018.01.03 00:00,2018.01.02 23:00,2018.01.02 23:00,2018.01.02 22:00,1318.400,0,0
1157847,TIMER,267847,890000,2018.01.03 00:43:19,1514940199,375,2018.01.03 00:00,2018.01.02 23:00,2018.01.02 23:00,2018.01.02 22:00,1318.400,0,0
1158950,TIMER,267950,891000,2018.01.03 00:44:57,1514940297,375,2018.01.03 00:00,2018.01.02 23:00,2018.01.02 23:00,2018.01.02 22:00,1318.400,0,0
1159393,TICK,268000,891393,2018.01.03 00:45:39,1514940339,375,2018.01.03 00:00,2018.01.02 23:00,2018.01.02 23:00,2018.01.02 22:00,1318.400,0,0
1160152,TIMER,268152,892000,2018.01.03 00:46:39,1514940399,375,2018.01.03 00:00,2018.01.02 23:00,2018.01.02 23:00,2018.01.02 22:00,1318.400,0,0
1161494,TIMER,268494,893000,2018.01.03 00:48:16,1514940496,375,2018.01.03 00:00,2018.01.02 23:00,2018.01.02 23:00,2018.01.02 22:00,1318.400,0,0
1162690,TIMER,268690,894000,2018.01.03 00:49:59,1514940599,375,2018.01.03 00:00,2018.01.02 23:00,2018.01.02 23:00,2018.01.02 22:00,1318.400,0,0
1163933,TIMER,268933,895000,2018.01.03 00:51:39,1514940699,375,2018.01.03 00:00,2018.01.02 23:00,2018.01.02 23:00,2018.01.02 22:00,1318.400,0,0
1164301,TICK,269000,895301,2018.01.03 00:52:10,1514940730,375,2018.01.03 00:00,2018.01.02 23:00,2018.01.02 23:00,2018.01.02 22:00,1318.400,0,0
1165120,TIMER,269120,896000,2018.01.03 00:53:17,1514940797,375,2018.01.03 00:00,2018.01.02 23:00,2018.01.02 23:00,2018.01.02 22:00,1318.400,0,0
1166265,TIMER,269265,897000,2018.01.03 00:54:59,1514940899,375,2018.01.03 00:00,2018.01.02 23:00,2018.01.02 23:00,2018.01.02 22:00,1318.400,0,0
1167535,TIMER,269535,898000,2018.01.03 00:56:39,1514940999,375,2018.01.03 00:00,2018.01.02 23:00,2018.01.02 23:00,2018.01.02 22:00,1318.400,0,0
1168830,TIMER,269830,899000,2018.01.03 00:58:19,1514941099,375,2018.01.03 00:00,2018.01.02 23:00,2018.01.02 23:00,2018.01.02 22:00,1318.400,0,0
1169645,TICK,270000,899645,2018.01.03 00:59:24,1514941164,375,2018.01.03 00:00,2018.01.02 23:00,2018.01.02 23:00,2018.01.02 22:00,1318.400,0,0
1170076,TIMER,270076,900000,2018.01.03 00:59:55,1514941195,375,2018.01.03 00:00,2018.01.02 23:00,2018.01.02 23:00,2018.01.02 22:00,1318.400,0,0
1171757,TIMER,270757,901000,2018.01.03 01:01:35,1514941295,375,2018.01.03 01:00,2018.01.03 00:00,2018.01.03 01:00,2018.01.02 23:00,1317.530,0,0
1172846,TICK,271000,901846,2018.01.03 01:03:04,1514941384,375,2018.01.03 01:00,2018.01.03 00:00,2018.01.03 01:00,2018.01.02 23:00,1317.530,0,0
1173020,TIMER,271020,902000,2018.01.03 01:03:19,1514941399,375,2018.01.03 01:00,2018.01.03 00:00,2018.01.03 01:00,2018.01.02 23:00,1317.530,0,0
1174127,TIMER,271127,903000,2018.01.03 01:04:55,1514941495,375,2018.01.03 01:00,2018.01.03 00:00,2018.01.03 01:00,2018.01.02 23:00,1317.530,0,0
1175285,TIMER,271285,904000,2018.01.03 01:06:37,1514941597,375,2018.01.03 01:00,2018.01.03 00:00,2018.01.03 01:00,2018.01.02 23:00,1317.530,0,0
1176417,TIMER,271417,905000,2018.01.03 01:08:19,1514941699,375,2018.01.03 01:00,2018.01.03 00:00,2018.01.03 01:00,2018.01.02 23:00,1317.530,0,0
1177480,TIMER,271480,906000,2018.01.03 01:09:59,1514941799,375,2018.01.03 01:00,2018.01.03 00:00,2018.01.03 01:00,2018.01.02 23:00,1317.530,0,0
1178702,TIMER,271702,907000,2018.01.03 01:11:39,1514941899,375,2018.01.03 01:00,2018.01.03 00:00,2018.01.03 01:00,2018.01.02 23:00,1317.530,0,0
1179770,TIMER,271770,908000,2018.01.03 01:13:18,1514941998,375,2018.01.03 01:00,2018.01.03 00:00,2018.01.03 01:00,2018.01.02 23:00,1317.530,0,0
1180839,TIMER,271839,909000,2018.01.03 01:14:58,1514942098,375,2018.01.03 01:00,2018.01.03 00:00,2018.01.03 01:00,2018.01.02 23:00,1317.530,0,0
1181949,TIMER,271949,910000,2018.01.03 01:16:39,1514942199,375,2018.01.03 01:00,2018.01.03 00:00,2018.01.03 01:00,2018.01.02 23:00,1317.530,0,0
1182402,TICK,272000,910402,2018.01.03 01:17:20,1514942240,375,2018.01.03 01:00,2018.01.03 00:00,2018.01.03 01:00,2018.01.02 23:00,1317.530,0,0
1183026,TIMER,272026,911000,2018.01.03 01:18:18,1514942298,375,2018.01.03 01:00,2018.01.03 00:00,2018.01.03 01:00,2018.01.02 23:00,1317.530,0,0
1184111,TIMER,272111,912000,2018.01.03 01:19:53,1514942393,375,2018.01.03 01:00,2018.01.03 00:00,2018.01.03 01:00,2018.01.02 23:00,1317.530,0,0
1185277,TIMER,272277,913000,2018.01.03 01:21:39,1514942499,375,2018.01.03 01:00,2018.01.03 00:00,2018.01.03 01:00,2018.01.02 23:00,1317.530,0,0
1186323,TIMER,272323,914000,2018.01.03 01:23:18,1514942598,375,2018.01.03 01:00,2018.01.03 00:00,2018.01.03 01:00,2018.01.02 23:00,1317.530,0,0
1187365,TIMER,272365,915000,2018.01.03 01:24:59,1514942699,375,2018.01.03 01:00,2018.01.03 00:00,2018.01.03 01:00,2018.01.02 23:00,1317.530,0,0
1188447,TIMER,272447,916000,2018.01.03 01:26:33,1514942793,375,2018.01.03 01:00,2018.01.03 00:00,2018.01.03 01:00,2018.01.02 23:00,1317.530,0,0
1189534,TIMER,272534,917000,2018.01.03 01:28:16,1514942896,375,2018.01.03 01:00,2018.01.03 00:00,2018.01.03 01:00,2018.01.02 23:00,1317.530,0,0
1190685,TIMER,272685,918000,2018.01.03 01:29:59,1514942999,375,2018.01.03 01:00,2018.01.03 00:00,2018.01.03 01:00,2018.01.02 23:00,1317.530,0,0
1191633,TICK,273000,918633,2018.01.03 01:31:03,1514943063,375,2018.01.03 01:00,2018.01.03 00:00,2018.01.03 01:00,2018.01.02 23:00,1317.530,0,0
1192190,TIMER,273190,919000,2018.01.03 01:31:39,1514943099,375,2018.01.03 01:00,2018.01.03 00:00,2018.01.03 01:00,2018.01.02 23:00,1317.530,0,0
1193748,TIMER,273748,920000,2018.01.03 01:33:18,1514943198,375,2018.01.03 01:00,2018.01.03 00:00,2018.01.03 01:00,2018.01.02 23:00,1317.530,0,0
1194939,TIMER,273939,921000,2018.01.03 01:34:59,1514943299,375,2018.01.03 01:00,2018.01.03 00:00,2018.01.03 01:00,2018.01.02 23:00,1317.530,0,0
1195316,TICK,274000,921316,2018.01.03 01:35:31,1514943331,375,2018.01.03 01:00,2018.01.03 00:00,2018.01.03 01:00,2018.01.02 23:00,1317.530,0,0
1196118,TIMER,274118,922000,2018.01.03 01:36:39,1514943399,375,2018.01.03 01:00,2018.01.03 00:00,2018.01.03 01:00,2018.01.02 23:00,1317.530,0,0
1197345,TIMER,274345,923000,2018.01.03 01:38:19,1514943499,375,2018.01.03 01:00,2018.01.03 00:00,2018.01.03 01:00,2018.01.02 23:00,1317.530,0,0
1198692,TIMER,274692,924000,2018.01.03 01:39:59,1514943599,375,2018.01.03 01:00,2018.01.03 00:00,2018.01.03 01:00,2018.01.02 23:00,1317.530,0,0
1199667,TICK,275000,924667,2018.01.03 01:41:06,1514943666,375,2018.01.03 01:00,2018.01.03 00:00,2018.01.03 01:00,2018.01.02 23:00,1317.530,0,0
1200149,TIMER,275149,925000,2018.01.03 01:41:39,1514943699,375,2018.01.03 01:00,2018.01.03 00:00,2018.01.03 01:00,2018.01.02 23:00,1317.530,0,0
1201611,TIMER,275611,926000,2018.01.03 01:43:19,1514943799,375,2018.01.03 01:00,2018.01.03 00:00,2018.01.03 01:00,2018.01.02 23:00,1317.530,0,0
1202870,TIMER,275870,927000,2018.01.03 01:44:59,1514943899,375,2018.01.03 01:00,2018.01.03 00:00,2018.01.03 01:00,2018.01.02 23:00,1317.530,0,0
1203175,TICK,276000,927175,2018.01.03 01:45:17,1514943917,375,2018.01.03 01:00,2018.01.03 00:00,2018.01.03 01:00,2018.01.02 23:00,1317.530,0,0
1204439,TIMER,276439,928000,2018.01.03 01:46:39,1514943999,375,2018.01.03 01:00,2018.01.03 00:00,2018.01.03 01:00,2018.01.02 23:00,1317.530,0,0
1205806,TIMER,276806,929000,2018.01.03 01:48:18,1514944098,375,2018.01.03 01:00,2018.01.03 00:00,2018.01.03 01:00,2018.01.02 23:00,1317.530,0,0
1206963,TICK,277000,929963,2018.01.03 01:49:56,1514944196,375,2018.01.03 01:00,2018.01.03 00:00,2018.01.03 01:00,2018.01.02 23:00,1317.530,0,0
1207024,TIMER,277024,930000,2018.01.03 01:49:59,1514944199,375,2018.01.03 01:00,2018.01.03 00:00,2018.01.03 01:00,2018.01.02 23:00,1317.530,0,0
1208268,TIMER,277268,931000,2018.01.03 01:51:39,1514944299,375,2018.01.03 01:00,2018.01.03 00:00,2018.01.03 01:00,2018.01.02 23:00,1317.530,0,0
1209601,TIMER,277601,932000,2018.01.03 01:53:19,1514944399,375,2018.01.03 01:00,2018.01.03 00:00,2018.01.03 01:00,2018.01.02 23:00,1317.530,0,0
1210611,TICK,278000,932611,2018.01.03 01:54:21,1514944461,375,2018.01.03 01:00,2018.01.03 00:00,2018.01.03 01:00,2018.01.02 23:00,1317.530,0,0
1211278,TIMER,278278,933000,2018.01.03 01:54:59,1514944499,375,2018.01.03 01:00,2018.01.03 00:00,2018.01.03 01:00,2018.01.02 23:00,1317.530,0,0
1212450,TIMER,278450,934000,2018.01.03 01:56:39,1514944599,375,2018.01.03 01:00,2018.01.03 00:00,2018.01.03 01:00,2018.01.02 23:00,1317.530,0,0
1213504,TIMER,278504,935000,2018.01.03 01:58:19,1514944699,375,2018.01.03 01:00,2018.01.03 00:00,2018.01.03 01:00,2018.01.02 23:00,1317.530,0,0
1214536,TIMER,278536,936000,2018.01.03 01:59:59,1514944799,375,2018.01.03 01:00,2018.01.03 00:00,2018.01.03 01:00,2018.01.02 23:00,1317.530,0,0
1215990,TIMER,278990,937000,2018.01.03 02:01:39,1514944899,375,2018.01.03 02:00,2018.01.03 01:00,2018.01.03 02:00,2018.01.03 01:00,1320.290,0,0
1216192,TICK,279000,937192,2018.01.03 02:01:59,1514944919,375,2018.01.03 02:00,2018.01.03 01:00,2018.01.03 02:00,2018.01.03 01:00,1320.290,0,0
1217113,TIMER,279113,938000,2018.01.03 02:03:17,1514944997,375,2018.01.03 02:00,2018.01.03 01:00,2018.01.03 02:00,2018.01.03 01:00,1320.290,0,0
1218230,TIMER,279230,939000,2018.01.03 02:04:59,1514945099,375,2018.01.03 02:00,2018.01.03 01:00,2018.01.03 02:00,2018.01.03 01:00,1320.290,0,0
1219341,TIMER,279341,940000,2018.01.03 02:06:38,1514945198,375,2018.01.03 02:00,2018.01.03 01:00,2018.01.03 02:00,2018.01.03 01:00,1320.290,0,0
1220503,TIMER,279503,941000,2018.01.03 02:08:19,1514945299,375,2018.01.03 02:00,2018.01.03 01:00,2018.01.03 02:00,2018.01.03 01:00,1320.290,0,0
1221750,TIMER,279750,942000,2018.01.03 02:09:59,1514945399,375,2018.01.03 02:00,2018.01.03 01:00,2018.01.03 02:00,2018.01.03 01:00,1320.290,0,0
1222894,TIMER,279894,943000,2018.01.03 02:11:39,1514945499,375,2018.01.03 02:00,2018.01.03 01:00,2018.01.03 02:00,2018.01.03 01:00,1320.290,0,0
1223987,TIMER,279987,944000,2018.01.03 02:13:19,1514945599,375,2018.01.03 02:00,2018.01.03 01:00,2018.01.03 02:00,2018.01.03 01:00,1320.290,0,0
1224022,TICK,280000,944022,2018.01.03 02:13:22,1514945602,375,2018.01.03 02:00,2018.01.03 01:00,2018.01.03 02:00,2018.01.03 01:00,1320.290,0,0
1225439,TIMER,280439,945000,2018.01.03 02:14:59,1514945699,375,2018.01.03 02:00,2018.01.03 01:00,2018.01.03 02:00,2018.01.03 01:00,1320.290,0,0
1226872,TIMER,280872,946000,2018.01.03 02:16:39,1514945799,375,2018.01.03 02:00,2018.01.03 01:00,2018.01.03 02:00,2018.01.03 01:00,1320.290,0,0
1227361,TICK,281000,946361,2018.01.03 02:17:16,1514945836,375,2018.01.03 02:00,2018.01.03 01:00,2018.01.03 02:00,2018.01.03 01:00,1320.290,0,0
1228148,TIMER,281148,947000,2018.01.03 02:18:19,1514945899,375,2018.01.03 02:00,2018.01.03 01:00,2018.01.03 02:00,2018.01.03 01:00,1320.290,0,0
1229408,TIMER,281408,948000,2018.01.03 02:19:59,1514945999,375,2018.01.03 02:00,2018.01.03 01:00,2018.01.03 02:00,2018.01.03 01:00,1320.290,0,0
1230854,TIMER,281854,949000,2018.01.03 02:21:39,1514946099,375,2018.01.03 02:00,2018.01.03 01:00,2018.01.03 02:00,2018.01.03 01:00,1320.290,0,0
1231703,TICK,282000,949703,2018.01.03 02:22:50,1514946170,375,2018.01.03 02:00,2018.01.03 01:00,2018.01.03 02:00,2018.01.03 01:00,1320.290,0,0
1232092,TIMER,282092,950000,2018.01.03 02:23:19,1514946199,375,2018.01.03 02:00,2018.01.03 01:00,2018.01.03 02:00,2018.01.03 01:00,1320.290,0,0
1233252,TIMER,282252,951000,2018.01.03 02:24:59,1514946299,375,2018.01.03 02:00,2018.01.03 01:00,2018.01.03 02:00,2018.01.03 01:00,1320.290,0,0
1234507,TIMER,282507,952000,2018.01.03 02:26:39,1514946399,375,2018.01.03 02:00,2018.01.03 01:00,2018.01.03 02:00,2018.01.03 01:00,1320.290,0,0
1235902,TIMER,282902,953000,2018.01.03 02:28:18,1514946498,375,2018.01.03 02:00,2018.01.03 01:00,2018.01.03 02:00,2018.01.03 01:00,1320.290,0,0
1236308,TICK,283000,953308,2018.01.03 02:28:50,1514946530,375,2018.01.03 02:00,2018.01.03 01:00,2018.01.03 02:00,2018.01.03 01:00,1320.290,0,0
1237241,TIMER,283241,954000,2018.01.03 02:29:59,1514946599,375,2018.01.03 02:00,2018.01.03 01:00,2018.01.03 02:00,2018.01.03 01:00,1320.290,0,0
1238597,TIMER,283597,955000,2018.01.03 02:31:39,1514946699,375,2018.01.03 02:00,2018.01.03 01:00,2018.01.03 02:00,2018.01.03 01:00,1320.290,0,0
1239853,TIMER,283853,956000,2018.01.03 02:33:19,1514946799,375,2018.01.03 02:00,2018.01.03 01:00,2018.01.03 02:00,2018.01.03 01:00,1320.290,0,0
1240323,TICK,284000,956323,2018.01.03 02:33:52,1514946832,375,2018.01.03 02:00,2018.01.03 01:00,2018.01.03 02:00,2018.01.03 01:00,1320.290,0,0
1241329,TIMER,284329,957000,2018.01.03 02:34:58,1514946898,375,2018.01.03 02:00,2018.01.03 01:00,2018.01.03 02:00,2018.01.03 01:00,1320.290,0,0
1242886,TIMER,284886,958000,2018.01.03 02:36:39,1514946999,375,2018.01.03 02:00,2018.01.03 01:00,2018.01.03 02:00,2018.01.03 01:00,1320.290,0,0
1243121,TICK,285000,958121,2018.01.03 02:36:52,1514947012,375,2018.01.03 02:00,2018.01.03 01:00,2018.01.03 02:00,2018.01.03 01:00,1320.290,0,0
1244411,TIMER,285411,959000,2018.01.03 02:38:19,1514947099,375,2018.01.03 02:00,2018.01.03 01:00,2018.01.03 02:00,2018.01.03 01:00,1320.290,0,0
1245818,TIMER,285818,960000,2018.01.03 02:39:57,1514947197,375,2018.01.03 02:00,2018.01.03 01:00,2018.01.03 02:00,2018.01.03 01:00,1320.290,0,0
1246762,TICK,286000,960762,2018.01.03 02:41:16,1514947276,375,2018.01.03 02:00,2018.01.03 01:00,2018.01.03 02:00,2018.01.03 01:00,1320.290,0,0
1247048,TIMER,286048,961000,2018.01.03 02:41:39,1514947299,375,2018.01.03 02:00,2018.01.03 01:00,2018.01.03 02:00,2018.01.03 01:00,1320.290,0,0
1248262,TIMER,286262,962000,2018.01.03 02:43:19,1514947399,375,2018.01.03 02:00,2018.01.03 01:00,2018.01.03 02:00,2018.01.03 01:00,1320.290,0,0
1249493,TIMER,286493,963000,2018.01.03 02:44:59,1514947499,375,2018.01.03 02:00,2018.01.03 01:00,2018.01.03 02:00,2018.01.03 01:00,1320.290,0,0
1250720,TIMER,286720,964000,2018.01.03 02:46:39,1514947599,375,2018.01.03 02:00,2018.01.03 01:00,2018.01.03 02:00,2018.01.03 01:00,1320.290,0,0
1251976,TIMER,286976,965000,2018.01.03 02:48:19,1514947699,391,2018.01.03 02:00,2018.01.03 01:00,2018.01.03 02:00,2018.01.03 01:00,1320.290,0,0
1252106,TICK,287000,965106,2018.01.03 02:48:30,1514947710,391,2018.01.03 02:00,2018.01.03 01:00,2018.01.03 02:00,2018.01.03 01:00,1320.290,0,0
1253067,TIMER,287067,966000,2018.01.03 02:49:59,1514947799,391,2018.01.03 02:00,2018.01.03 01:00,2018.01.03 02:00,2018.01.03 01:00,1320.290,0,0
1254259,TIMER,287259,967000,2018.01.03 02:51:39,1514947899,391,2018.01.03 02:00,2018.01.03 01:00,2018.01.03 02:00,2018.01.03 01:00,1320.290,0,0
1255548,TIMER,287548,968000,2018.01.03 02:53:18,1514947998,391,2018.01.03 02:00,2018.01.03 01:00,2018.01.03 02:00,2018.01.03 01:00,1320.290,0,0
1256891,TIMER,287891,969000,2018.01.03 02:54:59,1514948099,391,2018.01.03 02:00,2018.01.03 01:00,2018.01.03 02:00,2018.01.03 01:00,1320.290,0,0
1257548,TICK,288000,969548,2018.01.03 02:55:54,1514948154,391,2018.01.03 02:00,2018.01.03 01:00,2018.01.03 02:00,2018.01.03 01:00,1320.290,0,0
1258212,TIMER,288212,970000,2018.01.03 02:56:39,1514948199,391,2018.01.03 02:00,2018.01.03 01:00,2018.01.03 02:00,2018.01.03 01:00,1320.290,0,0
1259335,TIMER,288335,971000,2018.01.03 02:58:15,1514948295,391,2018.01.03 02:00,2018.01.03 01:00,2018.01.03 02:00,2018.01.03 01:00,1320.290,0,0
1260564,TIMER,288564,972000,2018.01.03 02:59:58,1514948398,391,2018.01.03 02:00,2018.01.03 01:00,2018.01.03 02:00,2018.01.03 01:00,1320.290,0,0
1261764,TIMER,288764,973000,2018.01.03 03:01:39,1514948499,391,2018.01.03 03:00,2018.01.03 02:00,2018.01.03 03:00,2018.01.03 02:00,1320.680,0,0
1262683,TICK,289000,973683,2018.01.03 03:02:48,1514948568,391,2018.01.03 03:00,2018.01.03 02:00,2018.01.03 03:00,2018.01.03 02:00,1320.680,0,0
1263106,TIMER,289106,974000,2018.01.03 03:03:19,1514948599,391,2018.01.03 03:00,2018.01.03 02:00,2018.01.03 03:00,2018.01.03 02:00,1320.680,0,0
1264258,TIMER,289258,975000,2018.01.03 03:04:59,1514948699,391,2018.01.03 03:00,2018.01.03 02:00,2018.01.03 03:00,2018.01.03 02:00,1320.680,0,0
1265413,TIMER,289413,976000,2018.01.03 03:06:38,1514948798,391,2018.01.03 03:00,2018.01.03 02:00,2018.01.03 03:00,2018.01.03 02:00,1320.680,0,0
1266525,TIMER,289525,977000,2018.01.03 03:08:18,1514948898,391,2018.01.03 03:00,2018.01.03 02:00,2018.01.03 03:00,2018.01.03 02:00,1320.680,0,0
1267698,TIMER,289698,978000,2018.01.03 03:09:59,1514948999,391,2018.01.03 03:00,2018.01.03 02:00,2018.01.03 03:00,2018.01.03 02:00,1320.680,0,0
1268838,TIMER,289838,979000,2018.01.03 03:11:39,1514949099,391,2018.01.03 03:00,2018.01.03 02:00,2018.01.03 03:00,2018.01.03 02:00,1320.680,0,0
1269947,TIMER,289947,980000,2018.01.03 03:13:19,1514949199,391,2018.01.03 03:00,2018.01.03 02:00,2018.01.03 03:00,2018.01.03 02:00,1320.680,0,0
1270424,TICK,290000,980424,2018.01.03 03:14:02,1514949242,391,2018.01.03 03:00,2018.01.03 02:00,2018.01.03 03:00,2018.01.03 02:00,1320.680,0,0
1271151,TIMER,290151,981000,2018.01.03 03:14:59,1514949299,391,2018.01.03 03:00,2018.01.03 02:00,2018.01.03 03:00,2018.01.03 02:00,1320.680,0,0
1272443,TIMER,290443,982000,2018.01.03 03:16:39,1514949399,391,2018.01.03 03:00,2018.01.03 02:00,2018.01.03 03:00,2018.01.03 02:00,1320.680,0,0
1273567,TIMER,290567,983000,2018.01.03 03:18:18,1514949498,391,2018.01.03 03:00,2018.01.03 02:00,2018.01.03 03:00,2018.01.03 02:00,1320.680,0,0
1274656,TIMER,290656,984000,2018.01.03 03:19:59,1514949599,391,2018.01.03 03:00,2018.01.03 02:00,2018.01.03 03:00,2018.01.03 02:00,1320.680,0,0
1275809,TIMER,290809,985000,2018.01.03 03:21:38,1514949698,391,2018.01.03 03:00,2018.01.03 02:00,2018.01.03 03:00,2018.01.03 02:00,1320.680,0,0
1276989,TIMER,290989,986000,2018.01.03 03:23:18,1514949798,391,2018.01.03 03:00,2018.01.03 02:00,2018.01.03 03:00,2018.01.03 02:00,1320.680,0,0
1277100,TICK,291000,986100,2018.01.03 03:23:30,1514949810,391,2018.01.03 03:00,2018.01.03 02:00,2018.01.03 03:00,2018.01.03 02:00,1320.680,0,0
1278074,TIMER,291074,987000,2018.01.03 03:24:58,1514949898,391,2018.01.03 03:00,2018.01.03 02:00,2018.01.03 03:00,2018.01.03 02:00,1320.680,0,0
1279180,TIMER,291180,988000,2018.01.03 03:26:39,1514949999,391,2018.01.03 03:00,2018.01.03 02:00,2018.01.03 03:00,2018.01.03 02:00,1320.680,0,0
1280260,TIMER,291260,989000,2018.01.03 03:28:19,1514950099,391,2018.01.03 03:00,2018.01.03 02:00,2018.01.03 03:00,2018.01.03 02:00,1320.680,0,0
1281328,TIMER,291328,990000,2018.01.03 03:29:59,1514950199,391,2018.01.03 03:00,2018.01.03 02:00,2018.01.03 03:00,2018.01.03 02:00,1320.680,0,0
1282466,TIMER,291466,991000,2018.01.03 03:31:38,1514950298,391,2018.01.03 03:00,2018.01.03 02:00,2018.01.03 03:00,2018.01.03 02:00,1320.680,0,0
1283599,TIMER,291599,992000,2018.01.03 03:33:19,1514950399,391,2018.01.03 03:00,2018.01.03 02:00,2018.01.03 03:00,2018.01.03 02:00,1320.680,0,0
1284771,TIMER,291771,993000,2018.01.03 03:34:58,1514950498,391,2018.01.03 03:00,2018.01.03 02:00,2018.01.03 03:00,2018.01.03 02:00,1320.680,0,0
1285828,TIMER,291828,994000,2018.01.03 03:36:35,1514950595,391,2018.01.03 03:00,2018.01.03 02:00,2018.01.03 03:00,2018.01.03 02:00,1320.680,0,0
1286833,TICK,292000,994833,2018.01.03 03:38:03,1514950683,391,2018.01.03 03:00,2018.01.03 02:00,2018.01.03 03:00,2018.01.03 02:00,1320.680,0,0
1287062,TIMER,292062,995000,2018.01.03 03:38:19,1514950699,391,2018.01.03 03:00,2018.01.03 02:00,2018.01.03 03:00,2018.01.03 02:00,1320.680,0,0
1288190,TIMER,292190,996000,2018.01.03 03:39:59,1514950799,391,2018.01.03 03:00,2018.01.03 02:00,2018.01.03 03:00,2018.01.03 02:00,1320.680,0,0
1289395,TIMER,292395,997000,2018.01.03 03:41:39,1514950899,391,2018.01.03 03:00,2018.01.03 02:00,2018.01.03 03:00,2018.01.03 02:00,1320.680,0,0
1290745,TIMER,292745,998000,2018.01.03 03:43:19,1514950999,391,2018.01.03 03:00,2018.01.03 02:00,2018.01.03 03:00,2018.01.03 02:00,1320.680,0,0
1291486,TICK,293000,998486,2018.01.03 03:44:08,1514951048,391,2018.01.03 03:00,2018.01.03 02:00,2018.01.03 03:00,2018.01.03 02:00,1320.680,0,0
1292163,TIMER,293163,999000,2018.01.03 03:44:58,1514951098,391,2018.01.03 03:00,2018.01.03 02:00,2018.01.03 03:00,2018.01.03 02:00,1320.680,0,0
1293413,TIMER,293413,1000000,2018.01.03 03:46:39,1514951199,391,2018.01.03 03:00,2018.01.03 02:00,2018.01.03 03:00,2018.01.03 02:00,1320.680,0,0
1294718,TIMER,293718,1001000,2018.01.03 03:48:19,1514951299,391,2018.01.03 03:00,2018.01.03 02:00,2018.01.03 03:00,2018.01.03 02:00,1320.680,0,0
1295980,TIMER,293980,1002000,2018.01.03 03:49:59,1514951399,391,2018.01.03 03:00,2018.01.03 02:00,2018.01.03 03:00,2018.01.03 02:00,1320.680,0,0
1296136,TICK,294000,1002136,2018.01.03 03:50:13,1514951413,391,2018.01.03 03:00,2018.01.03 02:00,2018.01.03 03:00,2018.01.03 02:00,1320.680,0,0
1297215,TIMER,294215,1003000,2018.01.03 03:51:39,1514951499,391,2018.01.03 03:00,2018.01.03 02:00,2018.01.03 03:00,2018.01.03 02:00,1320.680,0,0
1298647,TIMER,294647,1004000,2018.01.03 03:53:19,1514951599,391,2018.01.03 03:00,2018.01.03 02:00,2018.01.03 03:00,2018.01.03 02:00,1320.680,0,0
1299761,TIMER,294761,1005000,2018.01.03 03:54:59,1514951699,391,2018.01.03 03:00,2018.01.03 02:00,2018.01.03 03:00,2018.01.03 02:00,1320.680,0,0
1300850,TIMER,294850,1006000,2018.01.03 03:56:39,1514951799,391,2018.01.03 03:00,2018.01.03 02:00,2018.01.03 03:00,2018.01.03 02:00,1320.680,0,0
1301868,TIMER,294868,1007000,2018.01.03 03:58:19,1514951899,391,2018.01.03 03:00,2018.01.03 02:00,2018.01.03 03:00,2018.01.03 02:00,1320.680,0,0
1302918,TIMER,294918,1008000,2018.01.03 03:59:56,1514951996,391,2018.01.03 03:00,2018.01.03 02:00,2018.01.03 03:00,2018.01.03 02:00,1320.680,0,0
1303828,TICK,295000,1008828,2018.01.03 04:01:22,1514952082,391,2018.01.03 04:00,2018.01.03 03:00,2018.01.03 04:00,2018.01.03 03:00,1318.290,0,0
1304004,TIMER,295004,1009000,2018.01.03 04:01:38,1514952098,391,2018.01.03 04:00,2018.01.03 03:00,2018.01.03 04:00,2018.01.03 03:00,1318.290,0,0
1305077,TIMER,295077,1010000,2018.01.03 04:03:17,1514952197,391,2018.01.03 04:00,2018.01.03 03:00,2018.01.03 04:00,2018.01.03 03:00,1318.290,0,0
1306193,TIMER,295193,1011000,2018.01.03 04:04:52,1514952292,391,2018.01.03 04:00,2018.01.03 03:00,2018.01.03 04:00,2018.01.03 03:00,1318.290,0,0
1307295,TIMER,295295,1012000,2018.01.03 04:06:39,1514952399,391,2018.01.03 04:00,2018.01.03 03:00,2018.01.03 04:00,2018.01.03 03:00,1318.290,0,0
1308381,TIMER,295381,1013000,2018.01.03 04:08:16,1514952496,391,2018.01.03 04:00,2018.01.03 03:00,2018.01.03 04:00,2018.01.03 03:00,1318.290,0,0
1309491,TIMER,295491,1014000,2018.01.03 04:09:59,1514952599,391,2018.01.03 04:00,2018.01.03 03:00,2018.01.03 04:00,2018.01.03 03:00,1318.290,0,0
1310602,TIMER,295602,1015000,2018.01.03 04:11:39,1514952699,391,2018.01.03 04:00,2018.01.03 03:00,2018.01.03 04:00,2018.01.03 03:00,1318.290,0,0
1311754,TIMER,295754,1016000,2018.01.03 04:13:19,1514952799,391,2018.01.03 04:00,2018.01.03 03:00,2018.01.03 04:00,2018.01.03 03:00,1318.290,0,0
1312979,TIMER,295979,1017000,2018.01.03 04:14:59,1514952899,391,2018.01.03 04:00,2018.01.03 03:00,2018.01.03 04:00,2018.01.03 03:00,1318.290,0,0
1313078,TICK,296000,1017078,2018.01.03 04:15:07,1514952907,391,2018.01.03 04:00,2018.01.03 03:00,2018.01.03 04:00,2018.01.03 03:00,1318.290,0,0
1314323,TIMER,296323,1018000,2018.01.03 04:16:39,1514952999,391,2018.01.03 04:00,2018.01.03 03:00,2018.01.03 04:00,2018.01.03 03:00,1318.290,0,0
1315766,TIMER,296766,1019000,2018.01.03 04:18:19,1514953099,391,2018.01.03 04:00,2018.01.03 03:00,2018.01.03 04:00,2018.01.03 03:00,1318.290,0,0
1316612,TICK,297000,1019612,2018.01.03 04:19:21,1514953161,391,2018.01.03 04:00,2018.01.03 03:00,2018.01.03 04:00,2018.01.03 03:00,1318.290,0,0
1317058,TIMER,297058,1020000,2018.01.03 04:19:58,1514953198,391,2018.01.03 04:00,2018.01.03 03:00,2018.01.03 04:00,2018.01.03 03:00,1318.290,0,0
1318208,TIMER,297208,1021000,2018.01.03 04:21:39,1514953299,391,2018.01.03 04:00,2018.01.03 03:00,2018.01.03 04:00,2018.01.03 03:00,1318.290,0,0
1319401,TIMER,297401,1022000,2018.01.03 04:23:19,1514953399,391,2018.01.03 04:00,2018.01.03 03:00,2018.01.03 04:00,2018.01.03 03:00,1318.290,0,0
1320506,TIMER,297506,1023000,2018.01.03 04:24:59,1514953499,391,2018.01.03 04:00,2018.01.03 03:00,2018.01.03 04:00,2018.01.03 03:00,1318.290,0,0
1321635,TIMER,297635,1024000,2018.01.03 04:26:39,1514953599,391,2018.01.03 04:00,2018.01.03 03:00,2018.01.03 04:00,2018.01.03 03:00,1318.290,0,0
1322830,TICK,298000,1024830,2018.01.03 04:28:03,1514953683,391,2018.01.03 04:00,2018.01.03 03:00,2018.01.03 04:00,2018.01.03 03:00,1318.290,0,0
1323086,TIMER,298086,1025000,2018.01.03 04:28:19,1514953699,391,2018.01.03 04:00,2018.01.03 03:00,2018.01.03 04:00,2018.01.03 03:00,1318.290,0,0
1324255,TIMER,298255,1026000,2018.01.03 04:29:58,1514953798,391,2018.01.03 04:00,2018.01.03 03:00,2018.01.03 04:00,2018.01.03 03:00,1318.290,0,0
1325283,TIMER,298283,1027000,2018.01.03 04:31:39,1514953899,391,2018.01.03 04:00,2018.01.03 03:00,2018.01.03 04:00,2018.01.03 03:00,1318.290,0,0
1326339,TIMER,298339,1028000,2018.01.03 04:33:19,1514953999,391,2018.01.03 04:00,2018.01.03 03:00,2018.01.03 04:00,2018.01.03 03:00,1318.290,0,0
1327471,TIMER,298471,1029000,2018.01.03 04:34:59,1514954099,391,2018.01.03 04:00,2018.01.03 03:00,2018.01.03 04:00,2018.01.03 03:00,1318.290,0,0
1328582,TIMER,298582,1030000,2018.01.03 04:36:39,1514954199,391,2018.01.03 04:00,2018.01.03 03:00,2018.01.03 04:00,2018.01.03 03:00,1318.290,0,0
1329615,TIMER,298615,1031000,2018.01.03 04:38:19,1514954299,391,2018.01.03 04:00,2018.01.03 03:00,2018.01.03 04:00,2018.01.03 03:00,1318.290,0,0
1330736,TIMER,298736,1032000,2018.01.03 04:39:59,1514954399,391,2018.01.03 04:00,2018.01.03 03:00,2018.01.03 04:00,2018.01.03 03:00,1318.290,0,0
1331853,TIMER,298853,1033000,2018.01.03 04:41:39,1514954499,391,2018.01.03 04:00,2018.01.03 03:00,2018.01.03 04:00,2018.01.03 03:00,1318.290,0,0
1332959,TIMER,298959,1034000,2018.01.03 04:43:19,1514954599,391,2018.01.03 04:00,2018.01.03 03:00,2018.01.03 04:00,2018.01.03 03:00,1318.290,0,0
1333131,TICK,299000,1034131,2018.01.03 04:43:33,1514954613,391,2018.01.03 04:00,2018.01.03 03:00,2018.01.03 04:00,2018.01.03 03:00,1318.290,0,0
1334190,TIMER,299190,1035000,2018.01.03 04:44:59,1514954699,391,2018.01.03 04:00,2018.01.03 03:00,2018.01.03 04:00,2018.01.03 03:00,1318.290,0,0
1335424,TIMER,299424,1036000,2018.01.03 04:46:39,1514954799,391,2018.01.03 04:00,2018.01.03 03:00,2018.01.03 04:00,2018.01.03 03:00,1318.290,0,0
1336613,TIMER,299613,1037000,2018.01.03 04:48:19,1514954899,391,2018.01.03 04:00,2018.01.03 03:00,2018.01.03 04:00,2018.01.03 03:00,1318.290,0,0
1337784,TIMER,299784,1038000,2018.01.03 04:49:58,1514954998,391,2018.01.03 04:00,2018.01.03 03:00,2018.01.03 04:00,2018.01.03 03:00,1318.290,0,0
1338957,TIMER,299957,1039000,2018.01.03 04:51:39,1514955099,391,2018.01.03 04:00,2018.01.03 03:00,2018.01.03 04:00,2018.01.03 03:00,1318.290,0,0
1339070,TICK,300000,1039070,2018.01.03 04:51:47,1514955107,391,2018.01.03 04:00,2018.01.03 03:00,2018.01.03 04:00,2018.01.03 03:00,1318.290,0,0
1340162,TIMER,300162,1040000,2018.01.03 04:53:19,1514955199,391,2018.01.03 04:00,2018.01.03 03:00,2018.01.03 04:00,2018.01.03 03:00,1318.290,0,0
1341241,TIMER,300241,1041000,2018.01.03 04:54:59,1514955299,391,2018.01.03 04:00,2018.01.03 03:00,2018.01.03 04:00,2018.01.03 03:00,1318.290,0,0
1342391,TIMER,300391,1042000,2018.01.03 04:56:39,1514955399,391,2018.01.03 04:00,2018.01.03 03:00,2018.01.03 04:00,2018.01.03 03:00,1318.290,0,0
1343418,TIMER,300418,1043000,2018.01.03 04:58:19,1514955499,391,2018.01.03 04:00,2018.01.03 03:00,2018.01.03 04:00,2018.01.03 03:00,1318.290,0,0
1344536,TIMER,300536,1044000,2018.01.03 04:59:59,1514955599,391,2018.01.03 04:00,2018.01.03 03:00,2018.01.03 04:00,2018.01.03 03:00,1318.290,0,0
1345704,TIMER,300704,1045000,2018.01.03 05:01:39,1514955699,391,2018.01.03 05:00,2018.01.03 04:00,2018.01.03 05:00,2018.01.03 04:00,1312.280,0,0
1346811,TIMER,300811,1046000,2018.01.03 05:03:19,1514955799,391,2018.01.03 05:00,2018.01.03 04:00,2018.01.03 05:00,2018.01.03 04:00,1312.280,0,0
1347922,TICK,301000,1046922,2018.01.03 05:04:52,1514955892,391,2018.01.03 05:00,2018.01.03 04:00,2018.01.03 05:00,2018.01.03 04:00,1312.280,0,0
1348021,TIMER,301021,1047000,2018.01.03 05:04:59,1514955899,391,2018.01.03 05:00,2018.01.03 04:00,2018.01.03 05:00,2018.01.03 04:00,1312.280,0,0
1349148,TIMER,301148,1048000,2018.01.03 05:06:38,1514955998,391,2018.01.03 05:00,2018.01.03 04:00,2018.01.03 05:00,2018.01.03 04:00,1312.280,0,0
1350218,TIMER,301218,1049000,2018.01.03 05:08:19,1514956099,391,2018.01.03 05:00,2018.01.03 04:00,2018.01.03 05:00,2018.01.03 04:00,1312.280,0,0
1351389,TIMER,301389,1050000,2018.01.03 05:09:59,1514956199,391,2018.01.03 05:00,2018.01.03 04:00,2018.01.03 05:00,2018.01.03 04:00,1312.280,0,0
1352497,TIMER,301497,1051000,2018.01.03 05:11:39,1514956299,391,2018.01.03 05:00,2018.01.03 04:00,2018.01.03 05:00,2018.01.03 04:00,1312.280,0,0
1353524,TIMER,301524,1052000,2018.01.03 05:13:19,1514956399,391,2018.01.03 05:00,2018.01.03 04:00,2018.01.03 05:00,2018.01.03 04:00,1312.280,0,0
1354592,TIMER,301592,1053000,2018.01.03 05:14:59,1514956499,391,2018.01.03 05:00,2018.01.03 04:00,2018.01.03 05:00,2018.01.03 04:00,1312.280,0,0
1355697,TIMER,301697,1054000,2018.01.03 05:16:39,1514956599,391,2018.01.03 05:00,2018.01.03 04:00,2018.01.03 05:00,2018.01.03 04:00,1312.280,0,0
1356773,TIMER,301773,1055000,2018.01.03 05:18:19,1514956699,391,2018.01.03 05:00,2018.01.03 04:00,2018.01.03 05:00,2018.01.03 04:00,1312.280,0,0
1357886,TIMER,301886,1056000,2018.01.03 05:19:59,1514956799,391,2018.01.03 05:00,2018.01.03 04:00,2018.01.03 05:00,2018.01.03 04:00,1312.280,0,0
1358621,TICK,302000,1056621,2018.01.03 05:21:02,1514956862,391,2018.01.03 05:00,2018.01.03 04:00,2018.01.03 05:00,2018.01.03 04:00,1312.280,0,0
1359109,TIMER,302109,1057000,2018.01.03 05:21:38,1514956898,391,2018.01.03 05:00,2018.01.03 04:00,2018.01.03 05:00,2018.01.03 04:00,1312.280,0,0
1360306,TIMER,302306,1058000,2018.01.03 05:23:18,1514956998,391,2018.01.03 05:00,2018.01.03 04:00,2018.01.03 05:00,2018.01.03 04:00,1312.280,0,0
1361520,TIMER,302520,1059000,2018.01.03 05:24:59,1514957099,391,2018.01.03 05:00,2018.01.03 04:00,2018.01.03 05:00,2018.01.03 04:00,1312.280,0,0
1362813,TIMER,302813,1060000,2018.01.03 05:26:35,1514957195,391,2018.01.03 05:00,2018.01.03 04:00,2018.01.03 05:00,2018.01.03 04:00,1312.280,0,0
1363905,TIMER,302905,1061000,2018.01.03 05:28:16,1514957296,391,2018.01.03 05:00,2018.01.03 04:00,2018.01.03 05:00,2018.01.03 04:00,1312.280,0,0
1364942,TIMER,302942,1062000,2018.01.03 05:29:57,1514957397,391,2018.01.03 05:00,2018.01.03 04:00,2018.01.03 05:00,2018.01.03 04:00,1312.280,0,0
1365995,TIMER,302995,1063000,2018.01.03 05:31:39,1514957499,391,2018.01.03 05:00,2018.01.03 04:00,2018.01.03 05:00,2018.01.03 04:00,1312.280,0,0
1366150,TICK,303000,1063150,2018.01.03 05:31:55,1514957515,391,2018.01.03 05:00,2018.01.03 04:00,2018.01.03 05:00,2018.01.03 04:00,1312.280,0,0
1367033,TIMER,303033,1064000,2018.01.03 05:33:17,1514957597,391,2018.01.03 05:00,2018.01.03 04:00,2018.01.03 05:00,2018.01.03 04:00,1312.280,0,0
1368092,TIMER,303092,1065000,2018.01.03 05:34:58,1514957698,391,2018.01.03 05:00,2018.01.03 04:00,2018.01.03 05:00,2018.01.03 04:00,1312.280,0,0
1369139,TIMER,303139,1066000,2018.01.03 05:36:39,1514957799,391,2018.01.03 05:00,2018.01.03 04:00,2018.01.03 05:00,2018.01.03 04:00,1312.280,0,0
1370221,TIMER,303221,1067000,2018.01.03 05:38:19,1514957899,391,2018.01.03 05:00,2018.01.03 04:00,2018.01.03 05:00,2018.01.03 04:00,1312.280,0,0
1371491,TIMER,303491,1068000,2018.01.03 05:39:59,1514957999,391,2018.01.03 05:00,2018.01.03 04:00,2018.01.03 05:00,2018.01.03 04:00,1312.280,0,0
1372223,TICK,304000,1068223,2018.01.03 05:40:22,1514958022,391,2018.01.03 05:00,2018.01.03 04:00,2018.01.03 05:00,2018.01.03 04:00,1312.280,0,0
1373377,TICK,305000,1068377,2018.01.03 05:40:37,1514958037,391,2018.01.03 05:00,2018.01.03 04:00,2018.01.03 05:00,2018.01.03 04:00,1312.280,0,0
1374672,TIMER,305672,1069000,2018.01.03 05:41:37,1514958097,391,2018.01.03 05:00,2018.01.03 04:00,2018.01.03 05:00,2018.01.03 04:00,1312.280,0,0
1375844,TIMER,305844,1070000,2018.01.03 05:43:18,1514958198,391,2018.01.03 05:00,2018.01.03 04:00,2018.01.03 05:00,2018.01.03 04:00,1312.280,0,0
1376584,TICK,306000,1070584,2018.01.03 05:44:18,1514958258,391,2018.01.03 05:00,2018.01.03 04:00,2018.01.03 05:00,2018.01.03 04:00,1312.280,0,0
1377043,TIMER,306043,1071000,2018.01.03 05:44:59,1514958299,391,2018.01.03 05:00,2018.01.03 04:00,2018.01.03 05:00,2018.01.03 04:00,1312.280,0,0
1378198,TIMER,306198,1072000,2018.01.03 05:46:38,1514958398,391,2018.01.03 05:00,2018.01.03 04:00,2018.01.03 05:00,2018.01.03 04:00,1312.280,0,0
1379422,TIMER,306422,1073000,2018.01.03 05:48:19,1514958499,391,2018.01.03 05:00,2018.01.03 04:00,2018.01.03 05:00,2018.01.03 04:00,1312.280,0,0
1380528,TIMER,306528,1074000,2018.01.03 05:49:59,1514958599,391,2018.01.03 05:00,2018.01.03 04:00,2018.01.03 05:00,2018.01.03 04:00,1312.280,0,0
1381640,TIMER,306640,1075000,2018.01.03 05:51:39,1514958699,391,2018.01.03 05:00,2018.01.03 04:00,2018.01.03 05:00,2018.01.03 04:00,1312.280,0,0
1382995,TICK,307000,1075995,2018.01.03 05:53:19,1514958799,391,2018.01.03 05:00,2018.01.03 04:00,2018.01.03 05:00,2018.01.03 04:00,1312.280,0,0
1383008,TIMER,307008,1076000,2018.01.03 05:53:19,1514958799,391,2018.01.03 05:00,2018.01.03 04:00,2018.01.03 05:00,2018.01.03 04:00,1312.280,0,0
1384750,TIMER,307750,1077000,2018.01.03 05:54:59,1514958899,391,2018.01.03 05:00,2018.01.03 04:00,2018.01.03 05:00,2018.01.03 04:00,1312.280,0,0
1385615,TICK,308000,1077615,2018.01.03 05:56:01,1514958961,391,2018.01.03 05:00,2018.01.03 04:00,2018.01.03 05:00,2018.01.03 04:00,1312.280,0,0
1386270,TIMER,308270,1078000,2018.01.03 05:56:39,1514958999,391,2018.01.03 05:00,2018.01.03 04:00,2018.01.03 05:00,2018.01.03 04:00,1312.280,0,0
1387309,TIMER,308309,1079000,2018.01.03 05:58:15,1514959095,391,2018.01.03 05:00,2018.01.03 04:00,2018.01.03 05:00,2018.01.03 04:00,1312.280,0,0
1388408,TIMER,308408,1080000,2018.01.03 05:59:54,1514959194,391,2018.01.03 05:00,2018.01.03 04:00,2018.01.03 05:00,2018.01.03 04:00,1312.280,0,0
1389564,TIMER,308564,1081000,2018.01.03 06:01:39,1514959299,391,2018.01.03 06:00,2018.01.03 05:00,2018.01.03 06:00,2018.01.03 05:00,1314.150,0,0
1390688,TIMER,308688,1082000,2018.01.03 06:03:19,1514959399,391,2018.01.03 06:00,2018.01.03 05:00,2018.01.03 06:00,2018.01.03 05:00,1314.150,0,0
1391863,TIMER,308863,1083000,2018.01.03 06:04:59,1514959499,391,2018.01.03 06:00,2018.01.03 05:00,2018.01.03 06:00,2018.01.03 05:00,1314.150,0,0
1392850,TICK,309000,1083850,2018.01.03 06:06:25,1514959585,391,2018.01.03 06:00,2018.01.03 05:00,2018.01.03 06:00,2018.01.03 05:00,1314.150,0,0
1393026,TIMER,309026,1084000,2018.01.03 06:06:39,1514959599,391,2018.01.03 06:00,2018.01.03 05:00,2018.01.03 06:00,2018.01.03 05:00,1314.150,0,0
1394181,TIMER,309181,1085000,2018.01.03 06:08:18,1514959698,391,2018.01.03 06:00,2018.01.03 05:00,2018.01.03 06:00,2018.01.03 05:00,1314.150,0,0
1395345,TIMER,309345,1086000,2018.01.03 06:09:58,1514959798,391,2018.01.03 06:00,2018.01.03 05:00,2018.01.03 06:00,2018.01.03 05:00,1314.150,0,0
1396474,TIMER,309474,1087000,2018.01.03 06:11:39,1514959899,391,2018.01.03 06:00,2018.01.03 05:00,2018.01.03 06:00,2018.01.03 05:00,1314.150,0,0
1397508,TIMER,309508,1088000,2018.01.03 06:13:19,1514959999,391,2018.01.03 06:00,2018.01.03 05:00,2018.01.03 06:00,2018.01.03 05:00,1314.150,0,0
1398559,TIMER,309559,1089000,2018.01.03 06:14:59,1514960099,391,2018.01.03 06:00,2018.01.03 05:00,2018.01.03 06:00,2018.01.03 05:00,1314.150,0,0
1399658,TIMER,309658,1090000,2018.01.03 06:16:36,1514960196,391,2018.01.03 06:00,2018.01.03 05:00,2018.01.03 06:00,2018.01.03 05:00,1314.150,0,0
1400680,TIMER,309680,1091000,2018.01.03 06:18:18,1514960298,391,2018.01.03 06:00,2018.01.03 05:00,2018.01.03 06:00,2018.01.03 05:00,1314.150,0,0
1401747,TIMER,309747,1092000,2018.01.03 06:19:58,1514960398,391,2018.01.03 06:00,2018.01.03 05:00,2018.01.03 06:00,2018.01.03 05:00,1314.150,0,0
1402757,TIMER,309757,1093000,2018.01.03 06:21:34,1514960494,391,2018.01.03 06:00,2018.01.03 05:00,2018.01.03 06:00,2018.01.03 05:00,1314.150,0,0
1403763,TIMER,309763,1094000,2018.01.03 06:23:13,1514960593,391,2018.01.03 06:00,2018.01.03 05:00,2018.01.03 06:00,2018.01.03 05:00,1314.150,0,0
1404782,TIMER,309782,1095000,2018.01.03 06:24:48,1514960688,391,2018.01.03 06:00,2018.01.03 05:00,2018.01.03 06:00,2018.01.03 05:00,1314.150,0,0
1405815,TIMER,309815,1096000,2018.01.03 06:26:39,1514960799,391,2018.01.03 06:00,2018.01.03 05:00,2018.01.03 06:00,2018.01.03 05:00,1314.150,0,0
1406855,TIMER,309855,1097000,2018.01.03 06:28:19,1514960899,391,2018.01.03 06:00,2018.01.03 05:00,2018.01.03 06:00,2018.01.03 05:00,1314.150,0,0
1407876,TIMER,309876,1098000,2018.01.03 06:29:59,1514960999,391,2018.01.03 06:00,2018.01.03 05:00,2018.01.03 06:00,2018.01.03 05:00,1314.150,0,0
1408911,TIMER,309911,1099000,2018.01.03 06:31:29,1514961089,391,2018.01.03 06:00,2018.01.03 05:00,2018.01.03 06:00,2018.01.03 05:00,1314.150,0,0
1409953,TIMER,309953,1100000,2018.01.03 06:33:18,1514961198,391,2018.01.03 06:00,2018.01.03 05:00,2018.01.03 06:00,2018.01.03 05:00,1314.150,0,0
1410295,TICK,310000,1100295,2018.01.03 06:33:49,1514961229,391,2018.01.03 06:00,2018.01.03 05:00,2018.01.03 06:00,2018.01.03 05:00,1314.150,0,0
1411190,TIMER,310190,1101000,2018.01.03 06:34:59,1514961299,391,2018.01.03 06:00,2018.01.03 05:00,2018.01.03 06:00,2018.01.03 05:00,1314.150,0,0
1412339,TIMER,310339,1102000,2018.01.03 06:36:37,1514961397,391,2018.01.03 06:00,2018.01.03 05:00,2018.01.03 06:00,2018.01.03 05:00,1314.150,0,0
1413461,TIMER,310461,1103000,2018.01.03 06:38:19,1514961499,391,2018.01.03 06:00,2018.01.03 05:00,2018.01.03 06:00,2018.01.03 05:00,1314.150,0,0
1414495,TIMER,310495,1104000,2018.01.03 06:39:59,1514961599,391,2018.01.03 06:00,2018.01.03 05:00,2018.01.03 06:00,2018.01.03 05:00,1314.150,0,0
1415529,TIMER,310529,1105000,2018.01.03 06:41:38,1514961698,391,2018.01.03 06:00,2018.01.03 05:00,2018.01.03 06:00,2018.01.03 05:00,1314.150,0,0
1416680,TIMER,310680,1106000,2018.01.03 06:43:16,1514961796,391,2018.01.03 06:00,2018.01.03 05:00,2018.01.03 06:00,2018.01.03 05:00,1314.150,0,0
1417844,TIMER,310844,1107000,2018.01.03 06:44:59,1514961899,391,2018.01.03 06:00,2018.01.03 05:00,2018.01.03 06:00,2018.01.03 05:00,1314.150,0,0
1418949,TIMER,310949,1108000,2018.01.03 06:46:39,1514961999,391,2018.01.03 06:00,2018.01.03 05:00,2018.01.03 06:00,2018.01.03 05:00,1314.150,0,0
1419983,TIMER,310983,1109000,2018.01.03 06:48:17,1514962097,391,2018.01.03 06:00,2018.01.03 05:00,2018.01.03 06:00,2018.01.03 05:00,1314.150,0,0
1420042,TICK,311000,1109042,2018.01.03 06:48:24,1514962104,391,2018.01.03 06:00,2018.01.03 05:00,2018.01.03 06:00,2018.01.03 05:00,1314.150,0,0
1421151,TIMER,311151,1110000,2018.01.03 06:49:59,1514962199,391,2018.01.03 06:00,2018.01.03 05:00,2018.01.03 06:00,2018.01.03 05:00,1314.150,0,0
1422221,TIMER,311221,1111000,2018.01.03 06:51:36,1514962296,391,2018.01.03 06:00,2018.01.03 05:00,2018.01.03 06:00,2018.01.03 05:00,1314.150,0,0
1423333,TIMER,311333,1112000,2018.01.03 06:53:14,1514962394,391,2018.01.03 06:00,2018.01.03 05:00,2018.01.03 06:00,2018.01.03 05:00,1314.150,0,0
1424607,TIMER,311607,1113000,2018.01.03 06:54:58,1514962498,391,2018.01.03 06:00,2018.01.03 05:00,2018.01.03 06:00,2018.01.03 05:00,1314.150,0,0
1425667,TIMER,311667,1114000,2018.01.03 06:56:36,1514962596,391,2018.01.03 06:00,2018.01.03 05:00,2018.01.03 06:00,2018.01.03 05:00,1314.150,0,0
1426779,TICK,312000,1114779,2018.01.03 06:57:57,1514962677,391,2018.01.03 06:00,2018.01.03 05:00,2018.01.03 06:00,2018.01.03 05:00,1314.150,0,0
1427091,TIMER,312091,1115000,2018.01.03 06:58:19,1514962699,391,2018.01.03 06:00,2018.01.03 05:00,2018.01.03 06:00,2018.01.03 05:00,1314.150,0,0
1428927,TIMER,312927,1116000,2018.01.03 06:59:56,1514962796,391,2018.01.03 06:00,2018.01.03 05:00,2018.01.03 06:00,2018.01.03 05:00,1314.150,0,0
1429143,TICK,313000,1116143,2018.01.03 07:00:14,1514962814,391,2018.01.03 07:00,2018.01.03 06:00,2018.01.03 07:00,2018.01.03 06:00,1313.670,0,0
1430579,TIMER,313579,1117000,2018.01.03 07:01:38,1514962898,391,2018.01.03 07:00,2018.01.03 06:00,2018.01.03 07:00,2018.01.03 06:00,1313.670,0,0
1431620,TICK,314000,1117620,2018.01.03 07:02:42,1514962962,391,2018.01.03 07:00,2018.01.03 06:00,2018.01.03 07:00,2018.01.03 06:00,1313.670,0,0
1432054,TIMER,314054,1118000,2018.01.03 07:03:18,1514962998,391,2018.01.03 07:00,2018.01.03 06:00,2018.01.03 07:00,2018.01.03 06:00,1313.670,0,0
1433495,TIMER,314495,1119000,2018.01.03 07:04:58,1514963098,391,2018.01.03 07:00,2018.01.03 06:00,2018.01.03 07:00,2018.01.03 06:00,1313.670,0,0
1434766,TIMER,314766,1120000,2018.01.03 07:06:39,1514963199,391,2018.01.03 07:00,2018.01.03 06:00,2018.01.03 07:00,2018.01.03 06:00,1313.670,0,0
1435698,TICK,315000,1120698,2018.01.03 07:07:49,1514963269,391,2018.01.03 07:00,2018.01.03 06:00,2018.01.03 07:00,2018.01.03 06:00,1313.670,0,0
1436102,TIMER,315102,1121000,2018.01.03 07:08:19,1514963299,391,2018.01.03 07:00,2018.01.03 06:00,2018.01.03 07:00,2018.01.03 06:00,1313.670,0,0
1437584,TIMER,315584,1122000,2018.01.03 07:09:59,1514963399,391,2018.01.03 07:00,2018.01.03 06:00,2018.01.03 07:00,2018.01.03 06:00,1313.670,0,0
1438815,TIMER,315815,1123000,2018.01.03 07:11:39,1514963499,391,2018.01.03 07:00,2018.01.03 06:00,2018.01.03 07:00,2018.01.03 06:00,1313.670,0,0
1439906,TIMER,315906,1124000,2018.01.03 07:13:19,1514963599,391,2018.01.03 07:00,2018.01.03 06:00,2018.01.03 07:00,2018.01.03 06:00,1313.670,0,0
1440922,TIMER,315922,1125000,2018.01.03 07:14:59,1514963699,391,2018.01.03 07:00,2018.01.03 06:00,2018.01.03 07:00,2018.01.03 06:00,1313.670,0,0
1441972,TIMER,315972,1126000,2018.01.03 07:16:37,1514963797,391,2018.01.03 07:00,2018.01.03 06:00,2018.01.03 07:00,2018.01.03 06:00,1313.670,0,0
1442628,TICK,316000,1126628,2018.01.03 07:17:42,1514963862,391,2018.01.03 07:00,2018.01.03 06:00,2018.01.03 07:00,2018.01.03 06:00,1313.670,0,0
1443047,TIMER,316047,1127000,2018.01.03 07:18:17,1514963897,391,2018.01.03 07:00,2018.01.03 06:00,2018.01.03 07:00,2018.01.03 06:00,1313.670,0,0
1444134,TIMER,316134,1128000,2018.01.03 07:19:59,1514963999,391,2018.01.03 07:00,2018.01.03 06:00,2018.01.03 07:00,2018.01.03 06:00,1313.670,0,0
1445159,TIMER,316159,1129000,2018.01.03 07:21:39,1514964099,391,2018.01.03 07:00,2018.01.03 06:00,2018.01.03 07:00,2018.01.03 06:00,1313.670,0,0
1446383,TIMER,316383,1130000,2018.01.03 07:23:19,1514964199,391,2018.01.03 07:00,2018.01.03 06:00,2018.01.03 07:00,2018.01.03 06:00,1313.670,0,0
1447515,TIMER,316515,1131000,2018.01.03 07:24:54,1514964294,391,2018.01.03 07:00,2018.01.03 06:00,2018.01.03 07:00,2018.01.03 06:00,1313.670,0,0
1448607,TIMER,316607,1132000,2018.01.03 07:26:33,1514964393,391,2018.01.03 07:00,2018.01.03 06:00,2018.01.03 07:00,2018.01.03 06:00,1313.670,0,0
1449653,TIMER,316653,1133000,2018.01.03 07:28:08,1514964488,391,2018.01.03 07:00,2018.01.03 06:00,2018.01.03 07:00,2018.01.03 06:00,1313.670,0,0
1450694,TIMER,316694,1134000,2018.01.03 07:29:59,1514964599,391,2018.01.03 07:00,2018.01.03 06:00,2018.01.03 07:00,2018.01.03 06:00,1313.670,0,0
1451885,TIMER,316885,1135000,2018.01.03 07:31:35,1514964695,391,2018.01.03 07:00,2018.01.03 06:00,2018.01.03 07:00,2018.01.03 06:00,1313.670,0,0
1452941,TIMER,316941,1136000,2018.01.03 07:33:18,1514964798,391,2018.01.03 07:00,2018.01.03 06:00,2018.01.03 07:00,2018.01.03 06:00,1313.670,0,0
1453480,TICK,317000,1136480,2018.01.03 07:34:08,1514964848,391,2018.01.03 07:00,2018.01.03 06:00,2018.01.03 07:00,2018.01.03 06:00,1313.670,0,0
1454090,TIMER,317090,1137000,2018.01.03 07:34:59,1514964899,391,2018.01.03 07:00,2018.01.03 06:00,2018.01.03 07:00,2018.01.03 06:00,1313.670,0,0
1455166,TIMER,317166,1138000,2018.01.03 07:36:39,1514964999,391,2018.01.03 07:00,2018.01.03 06:00,2018.01.03 07:00,2018.01.03 06:00,1313.670,0,0
1456233,TIMER,317233,1139000,2018.01.03 07:38:17,1514965097,391,2018.01.03 07:00,2018.01.03 06:00,2018.01.03 07:00,2018.01.03 06:00,1313.670,0,0
1457289,TIMER,317289,1140000,2018.01.03 07:39:58,1514965198,391,2018.01.03 07:00,2018.01.03 06:00,2018.01.03 07:00,2018.01.03 06:00,1313.670,0,0
1458321,TIMER,317321,1141000,2018.01.03 07:41:39,1514965299,391,2018.01.03 07:00,2018.01.03 06:00,2018.01.03 07:00,2018.01.03 06:00,1313.670,0,0
1459463,TIMER,317463,1142000,2018.01.03 07:43:19,1514965399,391,2018.01.03 07:00,2018.01.03 06:00,2018.01.03 07:00,2018.01.03 06:00,1313.670,0,0
1460521,TIMER,317521,1143000,2018.01.03 07:44:59,1514965499,391,2018.01.03 07:00,2018.01.03 06:00,2018.01.03 07:00,2018.01.03 06:00,1313.670,0,0
1461578,TIMER,317578,1144000,2018.01.03 07:46:33,1514965593,391,2018.01.03 07:00,2018.01.03 06:00,2018.01.03 07:00,2018.01.03 06:00,1313.670,0,0
1462653,TIMER,317653,1145000,2018.01.03 07:48:18,1514965698,391,2018.01.03 07:00,2018.01.03 06:00,2018.01.03 07:00,2018.01.03 06:00,1313.670,0,0
1463704,TIMER,317704,1146000,2018.01.03 07:49:59,1514965799,391,2018.01.03 07:00,2018.01.03 06:00,2018.01.03 07:00,2018.01.03 06:00,1313.670,0,0
1464761,TIMER,317761,1147000,2018.01.03 07:51:35,1514965895,391,2018.01.03 07:00,2018.01.03 06:00,2018.01.03 07:00,2018.01.03 06:00,1313.670,0,0
1465828,TIMER,317828,1148000,2018.01.03 07:53:19,1514965999,391,2018.01.03 07:00,2018.01.03 06:00,2018.01.03 07:00,2018.01.03 06:00,1313.670,0,0
1466957,TIMER,317957,1149000,2018.01.03 07:54:53,1514966093,391,2018.01.03 07:00,2018.01.03 06:00,2018.01.03 07:00,2018.01.03 06:00,1313.670,0,0
1467206,TICK,318000,1149206,2018.01.03 07:55:20,1514966120,391,2018.01.03 07:00,2018.01.03 06:00,2018.01.03 07:00,2018.01.03 06:00,1313.670,0,0
1468255,TIMER,318255,1150000,2018.01.03 07:56:38,1514966198,391,2018.01.03 07:00,2018.01.03 06:00,2018.01.03 07:00,2018.01.03 06:00,1313.670,0,0
1469516,TIMER,318516,1151000,2018.01.03 07:58:19,1514966299,391,2018.01.03 07:00,2018.01.03 06:00,2018.01.03 07:00,2018.01.03 06:00,1313.670,0,0
1470914,TIMER,318914,1152000,2018.01.03 07:59:59,1514966399,391,2018.01.03 07:00,2018.01.03 06:00,2018.01.03 07:00,2018.01.03 06:00,1313.670,0,0
1471065,TICK,319000,1152065,2018.01.03 08:00:06,1514966406,391,2018.01.03 08:00,2018.01.03 07:00,2018.01.03 08:00,2018.01.03 07:00,1314.680,0,0
1472799,TIMER,319799,1153000,2018.01.03 08:01:38,1514966498,391,2018.01.03 08:00,2018.01.03 07:00,2018.01.03 08:00,2018.01.03 07:00,1314.680,0,0
1473917,TICK,320000,1153917,2018.01.03 08:03:11,1514966591,391,2018.01.03 08:00,2018.01.03 07:00,2018.01.03 08:00,2018.01.03 07:00,1314.680,0,0
1474034,TIMER,320034,1154000,2018.01.03 08:03:19,1514966599,391,2018.01.03 08:00,2018.01.03 07:00,2018.01.03 08:00,2018.01.03 07:00,1314.680,0,0
1475407,TIMER,320407,1155000,2018.01.03 08:04:58,1514966698,391,2018.01.03 08:00,2018.01.03 07:00,2018.01.03 08:00,2018.01.03 07:00,1314.680,0,0
1476973,TIMER,320973,1156000,2018.01.03 08:06:39,1514966799,391,2018.01.03 08:00,2018.01.03 07:00,2018.01.03 08:00,2018.01.03 07:00,1314.680,0,0
1477072,TICK,321000,1156072,2018.01.03 08:06:47,1514966807,391,2018.01.03 08:00,2018.01.03 07:00,2018.01.03 08:00,2018.01.03 07:00,1314.680,0,0
1478201,TIMER,321201,1157000,2018.01.03 08:08:18,1514966898,391,2018.01.03 08:00,2018.01.03 07:00,2018.01.03 08:00,2018.01.03 07:00,1314.680,0,0
1479367,TIMER,321367,1158000,2018.01.03 08:09:59,1514966999,391,2018.01.03 08:00,2018.01.03 07:00,2018.01.03 08:00,2018.01.03 07:00,1314.680,0,0
1480599,TIMER,321599,1159000,2018.01.03 08:11:39,1514967099,391,2018.01.03 08:00,2018.01.03 07:00,2018.01.03 08:00,2018.01.03 07:00,1314.680,0,0
1481647,TIMER,321647,1160000,2018.01.03 08:13:19,1514967199,391,2018.01.03 08:00,2018.01.03 07:00,2018.01.03 08:00,2018.01.03 07:00,1314.680,0,0
1482722,TIMER,321722,1161000,2018.01.03 08:14:59,1514967299,391,2018.01.03 08:00,2018.01.03 07:00,2018.01.03 08:00,2018.01.03 07:00,1314.680,0,0
1483977,TIMER,321977,1162000,2018.01.03 08:16:39,1514967399,391,2018.01.03 08:00,2018.01.03 07:00,2018.01.03 08:00,2018.01.03 07:00,1314.680,0,0
1484150,TICK,322000,1162150,2018.01.03 08:16:55,1514967415,391,2018.01.03 08:00,2018.01.03 07:00,2018.01.03 08:00,2018.01.03 07:00,1314.680,0,0
1485254,TIMER,322254,1163000,2018.01.03 08:18:19,1514967499,391,2018.01.03 08:00,2018.01.03 07:00,2018.01.03 08:00,2018.01.03 07:00,1314.680,0,0
1486314,TICK,323000,1163314,2018.01.03 08:18:51,1514967531,391,2018.01.03 08:00,2018.01.03 07:00,2018.01.03 08:00,2018.01.03 07:00,1314.680,0,0
1487344,TIMER,323344,1164000,2018.01.03 08:19:59,1514967599,391,2018.01.03 08:00,2018.01.03 07:00,2018.01.03 08:00,2018.01.03 07:00,1314.680,0,0
1488545,TIMER,323545,1165000,2018.01.03 08:21:39,1514967699,391,2018.01.03 08:00,2018.01.03 07:00,2018.01.03 08:00,2018.01.03 07:00,1314.680,0,0
1489768,TIMER,323768,1166000,2018.01.03 08:23:19,1514967799,391,2018.01.03 08:00,2018.01.03 07:00,2018.01.03 08:00,2018.01.03 07:00,1314.680,0,0
1490891,TIMER,323891,1167000,2018.01.03 08:24:56,1514967896,391,2018.01.03 08:00,2018.01.03 07:00,2018.01.03 08:00,2018.01.03 07:00,1314.680,0,0
1491204,TICK,324000,1167204,2018.01.03 08:25:20,1514967920,391,2018.01.03 08:00,2018.01.03 07:00,2018.01.03 08:00,2018.01.03 07:00,1314.680,0,0
1492149,TIMER,324149,1168000,2018.01.03 08:26:36,1514967996,391,2018.01.03 08:00,2018.01.03 07:00,2018.01.03 08:00,2018.01.03 07:00,1314.680,0,0
1493481,TIMER,324481,1169000,2018.01.03 08:28:19,1514968099,391,2018.01.03 08:00,2018.01.03 07:00,2018.01.03 08:00,2018.01.03 07:00,1314.680,0,0
1494573,TIMER,324573,1170000,2018.01.03 08:29:59,1514968199,391,2018.01.03 08:00,2018.01.03 07:00,2018.01.03 08:00,2018.01.03 07:00,1314.680,0,0
1495690,TIMER,324690,1171000,2018.01.03 08:31:39,1514968299,391,2018.01.03 08:00,2018.01.03 07:00,2018.01.03 08:00,2018.01.03 07:00,1314.680,0,0
1496757,TICK,325000,1171757,2018.01.03 08:32:55,1514968375,391,2018.01.03 08:00,2018.01.03 07:00,2018.01.03 08:00,2018.01.03 07:00,1314.680,0,0
1497170,TIMER,325170,1172000,2018.01.03 08:33:19,1514968399,391,2018.01.03 08:00,2018.01.03 07:00,2018.01.03 08:00,2018.01.03 07:00,1314.680,0,0
1498797,TIMER,325797,1173000,2018.01.03 08:34:59,1514968499,391,2018.01.03 08:00,2018.01.03 07:00,2018.01.03 08:00,2018.01.03 07:00,1314.680,0,0
1499147,TICK,326000,1173147,2018.01.03 08:35:14,1514968514,391,2018.01.03 08:00,2018.01.03 07:00,2018.01.03 08:00,2018.01.03 07:00,1314.680,0,0
1500446,TIMER,326446,1174000,2018.01.03 08:36:38,1514968598,407,2018.01.03 08:00,2018.01.03 07:00,2018.01.03 08:00,2018.01.03 07:00,1314.680,0,0
1501198,TICK,327000,1174198,2018.01.03 08:36:59,1514968619,407,2018.01.03 08:00,2018.01.03 07:00,2018.01.03 08:00,2018.01.03 07:00,1314.680,0,0
1502656,TIMER,327656,1175000,2018.01.03 08:38:19,1514968699,407,2018.01.03 08:00,2018.01.03 07:00,2018.01.03 08:00,2018.01.03 07:00,1314.680,0,0
1503812,TIMER,327812,1176000,2018.01.03 08:39:59,1514968799,407,2018.01.03 08:00,2018.01.03 07:00,2018.01.03 08:00,2018.01.03 07:00,1314.680,0,0
1504553,TICK,328000,1176553,2018.01.03 08:40:55,1514968855,407,2018.01.03 08:00,2018.01.03 07:00,2018.01.03 08:00,2018.01.03 07:00,1314.680,0,0
1505866,TIMER,328866,1177000,2018.01.03 08:41:39,1514968899,407,2018.01.03 08:00,2018.01.03 07:00,2018.01.03 08:00,2018.01.03 07:00,1314.680,0,0
1506065,TICK,329000,1177065,2018.01.03 08:41:46,1514968906,407,2018.01.03 08:00,2018.01.03 07:00,2018.01.03 08:00,2018.01.03 07:00,1314.680,0,0
1507844,TIMER,329844,1178000,2018.01.03 08:43:19,1514968999,407,2018.01.03 08:00,2018.01.03 07:00,2018.01.03 08:00,2018.01.03 07:00,1314.680,0,0
1508905,TICK,330000,1178905,2018.01.03 08:44:50,1514969090,407,2018.01.03 08:00,2018.01.03 07:00,2018.01.03 08:00,2018.01.03 07:00,1314.680,0,0
1509150,TIMER,330150,1179000,2018.01.03 08:44:59,1514969099,407,2018.01.03 08:00,2018.01.03 07:00,2018.01.03 08:00,2018.01.03 07:00,1314.680,0,0
1510303,TIMER,330303,1180000,2018.01.03 08:46:38,1514969198,407,2018.01.03 08:00,2018.01.03 07:00,2018.01.03 08:00,2018.01.03 07:00,1314.680,0,0
1511383,TIMER,330383,1181000,2018.01.03 08:48:19,1514969299,407,2018.01.03 08:00,2018.01.03 07:00,2018.01.03 08:00,2018.01.03 07:00,1314.680,0,0
1512505,TIMER,330505,1182000,2018.01.03 08:49:59,1514969399,407,2018.01.03 08:00,2018.01.03 07:00,2018.01.03 08:00,2018.01.03 07:00,1314.680,0,0
1513581,TIMER,330581,1183000,2018.01.03 08:51:37,1514969497,407,2018.01.03 08:00,2018.01.03 07:00,2018.01.03 08:00,2018.01.03 07:00,1314.680,0,0
1514791,TIMER,330791,1184000,2018.01.03 08:53:19,1514969599,407,2018.01.03 08:00,2018.01.03 07:00,2018.01.03 08:00,2018.01.03 07:00,1314.680,0,0
1515749,TICK,331000,1184749,2018.01.03 08:54:35,1514969675,407,2018.01.03 08:00,2018.01.03 07:00,2018.01.03 08:00,2018.01.03 07:00,1314.680,0,0
1516081,TIMER,331081,1185000,2018.01.03 08:54:59,1514969699,407,2018.01.03 08:00,2018.01.03 07:00,2018.01.03 08:00,2018.01.03 07:00,1314.680,0,0
1517777,TIMER,331777,1186000,2018.01.03 08:56:39,1514969799,407,2018.01.03 08:00,2018.01.03 07:00,2018.01.03 08:00,2018.01.03 07:00,1314.680,0,0
1518210,TICK,332000,1186210,2018.01.03 08:57:01,1514969821,407,2018.01.03 08:00,2018.01.03 07:00,2018.01.03 08:00,2018.01.03 07:00,1314.680,0,0
1519551,TICK,333000,1186551,2018.01.03 08:57:35,1514969855,407,2018.01.03 08:00,2018.01.03 07:00,2018.01.03 08:00,2018.01.03 07:00,1314.680,0,0
1520195,TIMER,333195,1187000,2018.01.03 08:58:19,1514969899,407,2018.01.03 08:00,2018.01.03 07:00,2018.01.03 08:00,2018.01.03 07:00,1314.680,0,0
1521510,TIMER,333510,1188000,2018.01.03 08:59:59,1514969999,407,2018.01.03 08:00,2018.01.03 07:00,2018.01.03 08:00,2018.01.03 07:00,1314.680,0,0
1522790,TIMER,333790,1189000,2018.01.03 09:01:39,1514970099,407,2018.01.03 09:00,2018.01.03 08:00,2018.01.03 09:00,2018.01.03 08:00,1313.250,0,0
1523678,TICK,334000,1189678,2018.01.03 09:02:47,1514970167,407,2018.01.03 09:00,2018.01.03 08:00,2018.01.03 09:00,2018.01.03 08:00,1313.250,0,0
1524103,TIMER,334103,1190000,2018.01.03 09:03:19,1514970199,407,2018.01.03 09:00,2018.01.03 08:00,2018.01.03 09:00,2018.01.03 08:00,1313.250,0,0
1525484,TIMER,334484,1191000,2018.01.03 09:04:59,1514970299,407,2018.01.03 09:00,2018.01.03 08:00,2018.01.03 09:00,2018.01.03 08:00,1313.250,0,0
1526586,TICK,335000,1191586,2018.01.03 09:05:58,1514970358,407,2018.01.03 09:00,2018.01.03 08:00,2018.01.03 09:00,2018.01.03 08:00,1313.250,0,0
1527431,TIMER,335431,1192000,2018.01.03 09:06:39,1514970399,407,2018.01.03 09:00,2018.01.03 08:00,2018.01.03 09:00,2018.01.03 08:00,1313.250,0,0
1528733,TIMER,335733,1193000,2018.01.03 09:08:19,1514970499,407,2018.01.03 09:00,2018.01.03 08:00,2018.01.03 09:00,2018.01.03 08:00,1313.250,0,0
1529905,TIMER,335905,1194000,2018.01.03 09:09:59,1514970599,407,2018.01.03 09:00,2018.01.03 08:00,2018.01.03 09:00,2018.01.03 08:00,1313.250,0,0
1530120,TICK,336000,1194120,2018.01.03 09:10:12,1514970612,407,2018.01.03 09:00,2018.01.03 08:00,2018.01.03 09:00,2018.01.03 08:00,1313.250,0,0
1531724,TIMER,336724,1195000,2018.01.03 09:11:39,1514970699,407,2018.01.03 09:00,2018.01.03 08:00,2018.01.03 09:00,2018.01.03 08:00,1313.250,0,0
1532642,TICK,337000,1195642,2018.01.03 09:12:44,1514970764,407,2018.01.03 09:00,2018.01.03 08:00,2018.01.03 09:00,2018.01.03 08:00,1313.250,0,0
1533237,TIMER,337237,1196000,2018.01.03 09:13:17,1514970797,407,2018.01.03 09:00,2018.01.03 08:00,2018.01.03 09:00,2018.01.03 08:00,1313.250,0,0
1534715,TIMER,337715,1197000,2018.01.03 09:14:59,1514970899,407,2018.01.03 09:00,2018.01.03 08:00,2018.01.03 09:00,2018.01.03 08:00,1313.250,0,0
1535445,TICK,338000,1197445,2018.01.03 09:15:44,1514970944,407,2018.01.03 09:00,2018.01.03 08:00,2018.01.03 09:00,2018.01.03 08:00,1313.250,0,0
1536190,TIMER,338190,1198000,2018.01.03 09:16:39,1514970999,407,2018.01.03 09:00,2018.01.03 08:00,2018.01.03 09:00,2018.01.03 08:00,1313.250,0,0
1537587,TIMER,338587,1199000,2018.01.03 09:18:17,1514971097,407,2018.01.03 09:00,2018.01.03 08:00,2018.01.03 09:00,2018.01.03 08:00,1313.250,0,0
1538835,TICK,339000,1199835,2018.01.03 09:19:43,1514971183,407,2018.01.03 09:00,2018.01.03 08:00,2018.01.03 09:00,2018.01.03 08:00,1313.250,0,0
1539170,TIMER,339170,1200000,2018.01.03 09:19:59,1514971199,407,2018.01.03 09:00,2018.01.03 08:00,2018.01.03 09:00,2018.01.03 08:00,1313.250,0,0
1540603,TIMER,339603,1201000,2018.01.03 09:21:39,1514971299,407,2018.01.03 09:00,2018.01.03 08:00,2018.01.03 09:00,2018.01.03 08:00,1313.250,0,0
1541929,TIMER,339929,1202000,2018.01.03 09:23:19,1514971399,407,2018.01.03 09:00,2018.01.03 08:00,2018.01.03 09:00,2018.01.03 08:00,1313.250,0,0
1542405,TICK,340000,1202405,2018.01.03 09:24:00,1514971440,407,2018.01.03 09:00,2018.01.03 08:00,2018.01.03 09:00,2018.01.03 08:00,1313.250,0,0
1543110,TIMER,340110,1203000,2018.01.03 09:24:59,1514971499,407,2018.01.03 09:00,2018.01.03 08:00,2018.01.03 09:00,2018.01.03 08:00,1313.250,0,0
1544368,TIMER,340368,1204000,2018.01.03 09:26:39,1514971599,407,2018.01.03 09:00,2018.01.03 08:00,2018.01.03 09:00,2018.01.03 08:00,1313.250,0,0
1545704,TICK,341000,1204704,2018.01.03 09:27:50,1514971670,407,2018.01.03 09:00,2018.01.03 08:00,2018.01.03 09:00,2018.01.03 08:00,1313.250,0,0
1546144,TIMER,341144,1205000,2018.01.03 09:28:19,1514971699,407,2018.01.03 09:00,2018.01.03 08:00,2018.01.03 09:00,2018.01.03 08:00,1313.250,0,0
1547370,TIMER,341370,1206000,2018.01.03 09:29:58,1514971798,407,2018.01.03 09:00,2018.01.03 08:00,2018.01.03 09:00,2018.01.03 08:00,1313.250,0,0
1548556,TIMER,341556,1207000,2018.01.03 09:31:38,1514971898,407,2018.01.03 09:00,2018.01.03 08:00,2018.01.03 09:00,2018.01.03 08:00,1313.250,0,0
1549821,TIMER,341821,1208000,2018.01.03 09:33:19,1514971999,407,2018.01.03 09:00,2018.01.03 08:00,2018.01.03 09:00,2018.01.03 08:00,1313.250,0,0
1550888,TICK,342000,1208888,2018.01.03 09:34:48,1514972088,407,2018.01.03 09:00,2018.01.03 08:00,2018.01.03 09:00,2018.01.03 08:00,1313.250,0,0
1551029,TIMER,342029,1209000,2018.01.03 09:34:59,1514972099,407,2018.01.03 09:00,2018.01.03 08:00,2018.01.03 09:00,2018.01.03 08:00,1313.250,0,0
1552404,TIMER,342404,1210000,2018.01.03 09:36:38,1514972198,407,2018.01.03 09:00,2018.01.03 08:00,2018.01.03 09:00,2018.01.03 08:00,1313.250,0,0
1553673,TIMER,342673,1211000,2018.01.03 09:38:19,1514972299,407,2018.01.03 09:00,2018.01.03 08:00,2018.01.03 09:00,2018.01.03 08:00,1313.250,0,0
1554963,TIMER,342963,1212000,2018.01.03 09:39:59,1514972399,407,2018.01.03 09:00,2018.01.03 08:00,2018.01.03 09:00,2018.01.03 08:00,1313.250,0,0
1555117,TICK,343000,1212117,2018.01.03 09:40:11,1514972411,407,2018.01.03 09:00,2018.01.03 08:00,2018.01.03 09:00,2018.01.03 08:00,1313.250,0,0
1556297,TIMER,343297,1213000,2018.01.03 09:41:37,1514972497,407,2018.01.03 09:00,2018.01.03 08:00,2018.01.03 09:00,2018.01.03 08:00,1313.250,0,0
1557603,TIMER,343603,1214000,2018.01.03 09:43:19,1514972599,407,2018.01.03 09:00,2018.01.03 08:00,2018.01.03 09:00,2018.01.03 08:00,1313.250,0,0
1558803,TIMER,343803,1215000,2018.01.03 09:44:59,1514972699,407,2018.01.03 09:00,2018.01.03 08:00,2018.01.03 09:00,2018.01.03 08:00,1313.250,0,0
1559490,TICK,344000,1215490,2018.01.03 09:45:49,1514972749,407,2018.01.03 09:00,2018.01.03 08:00,2018.01.03 09:00,2018.01.03 08:00,1313.250,0,0
1560384,TIMER,344384,1216000,2018.01.03 09:46:39,1514972799,407,2018.01.03 09:00,2018.01.03 08:00,2018.01.03 09:00,2018.01.03 08:00,1313.250,0,0
1561821,TIMER,344821,1217000,2018.01.03 09:48:19,1514972899,407,2018.01.03 09:00,2018.01.03 08:00,2018.01.03 09:00,2018.01.03 08:00,1313.250,0,0
1562550,TICK,345000,1217550,2018.01.03 09:49:15,1514972955,407,2018.01.03 09:00,2018.01.03 08:00,2018.01.03 09:00,2018.01.03 08:00,1313.250,0,0
1563136,TIMER,345136,1218000,2018.01.03 09:49:59,1514972999,407,2018.01.03 09:00,2018.01.03 08:00,2018.01.03 09:00,2018.01.03 08:00,1313.250,0,0
1564367,TIMER,345367,1219000,2018.01.03 09:51:39,1514973099,407,2018.01.03 09:00,2018.01.03 08:00,2018.01.03 09:00,2018.01.03 08:00,1313.250,0,0
1565534,TIMER,345534,1220000,2018.01.03 09:53:18,1514973198,407,2018.01.03 09:00,2018.01.03 08:00,2018.01.03 09:00,2018.01.03 08:00,1313.250,0,0
1566851,TIMER,345851,1221000,2018.01.03 09:54:59,1514973299,407,2018.01.03 09:00,2018.01.03 08:00,2018.01.03 09:00,2018.01.03 08:00,1313.250,0,0
1567668,TICK,346000,1221668,2018.01.03 09:56:06,1514973366,407,2018.01.03 09:00,2018.01.03 08:00,2018.01.03 09:00,2018.01.03 08:00,1313.250,0,0
1568048,TIMER,346048,1222000,2018.01.03 09:56:39,1514973399,407,2018.01.03 09:00,2018.01.03 08:00,2018.01.03 09:00,2018.01.03 08:00,1313.250,0,0
1569190,TIMER,346190,1223000,2018.01.03 09:58:19,1514973499,407,2018.01.03 09:00,2018.01.03 08:00,2018.01.03 09:00,2018.01.03 08:00,1313.250,0,0
1570366,TIMER,346366,1224000,2018.01.03 09:59:59,1514973599,407,2018.01.03 09:00,2018.01.03 08:00,2018.01.03 09:00,2018.01.03 08:00,1313.250,0,0
1571744,TIMER,346744,1225000,2018.01.03 10:01:38,1514973698,407,2018.01.03 10:00,2018.01.03 09:00,2018.01.03 10:00,2018.01.03 09:00,1313.700,0,0
1572602,TICK,347000,1225602,2018.01.03 10:02:40,1514973760,407,2018.01.03 10:00,2018.01.03 09:00,2018.01.03 10:00,2018.01.03 09:00,1313.700,0,0
1573861,TIMER,347861,1226000,2018.01.03 10:03:19,1514973799,407,2018.01.03 10:00,2018.01.03 09:00,2018.01.03 10:00,2018.01.03 09:00,1313.700,0,0
1574128,TICK,348000,1226128,2018.01.03 10:03:32,1514973812,407,2018.01.03 10:00,2018.01.03 09:00,2018.01.03 10:00,2018.01.03 09:00,1313.700,0,0
1575798,TIMER,348798,1227000,2018.01.03 10:04:59,1514973899,407,2018.01.03 10:00,2018.01.03 09:00,2018.01.03 10:00,2018.01.03 09:00,1313.700,0,0
1576302,TICK,349000,1227302,2018.01.03 10:05:30,1514973930,407,2018.01.03 10:00,2018.01.03 09:00,2018.01.03 10:00,2018.01.03 09:00,1313.700,0,0
1577425,TIMER,349425,1228000,2018.01.03 10:06:39,1514973999,407,2018.01.03 10:00,2018.01.03 09:00,2018.01.03 10:00,2018.01.03 09:00,1313.700,0,0
1578865,TIMER,349865,1229000,2018.01.03 10:08:17,1514974097,407,2018.01.03 10:00,2018.01.03 09:00,2018.01.03 10:00,2018.01.03 09:00,1313.700,0,0
1579236,TICK,350000,1229236,2018.01.03 10:08:43,1514974123,407,2018.01.03 10:00,2018.01.03 09:00,2018.01.03 10:00,2018.01.03 09:00,1313.700,0,0
1580217,TIMER,350217,1230000,2018.01.03 10:09:57,1514974197,407,2018.01.03 10:00,2018.01.03 09:00,2018.01.03 10:00,2018.01.03 09:00,1313.700,0,0
1581437,TIMER,350437,1231000,2018.01.03 10:11:39,1514974299,407,2018.01.03 10:00,2018.01.03 09:00,2018.01.03 10:00,2018.01.03 09:00,1313.700,0,0
1582660,TIMER,350660,1232000,2018.01.03 10:13:19,1514974399,407,2018.01.03 10:00,2018.01.03 09:00,2018.01.03 10:00,2018.01.03 09:00,1313.700,0,0
1583902,TIMER,350902,1233000,2018.01.03 10:14:58,1514974498,407,2018.01.03 10:00,2018.01.03 09:00,2018.01.03 10:00,2018.01.03 09:00,1313.700,0,0
1584513,TICK,351000,1233513,2018.01.03 10:15:51,1514974551,407,2018.01.03 10:00,2018.01.03 09:00,2018.01.03 10:00,2018.01.03 09:00,1313.700,0,0
1585079,TIMER,351079,1234000,2018.01.03 10:16:39,1514974599,407,2018.01.03 10:00,2018.01.03 09:00,2018.01.03 10:00,2018.01.03 09:00,1313.700,0,0
1586492,TIMER,351492,1235000,2018.01.03 10:18:18,1514974698,407,2018.01.03 10:00,2018.01.03 09:00,2018.01.03 10:00,2018.01.03 09:00,1313.700,0,0
1587845,TIMER,351845,1236000,2018.01.03 10:19:59,1514974799,407,2018.01.03 10:00,2018.01.03 09:00,2018.01.03 10:00,2018.01.03 09:00,1313.700,0,0
1588698,TICK,352000,1236698,2018.01.03 10:21:09,1514974869,407,2018.01.03 10:00,2018.01.03 09:00,2018.01.03 10:00,2018.01.03 09:00,1313.700,0,0
1589055,TIMER,352055,1237000,2018.01.03 10:21:39,1514974899,407,2018.01.03 10:00,2018.01.03 09:00,2018.01.03 10:00,2018.01.03 09:00,1313.700,0,0
1590756,TIMER,352756,1238000,2018.01.03 10:23:17,1514974997,407,2018.01.03 10:00,2018.01.03 09:00,2018.01.03 10:00,2018.01.03 09:00,1313.700,0,0
1591553,TICK,353000,1238553,2018.01.03 10:24:15,1514975055,407,2018.01.03 10:00,2018.01.03 09:00,2018.01.03 10:00,2018.01.03 09:00,1313.700,0,0
1592139,TIMER,353139,1239000,2018.01.03 10:24:59,1514975099,407,2018.01.03 10:00,2018.01.03 09:00,2018.01.03 10:00,2018.01.03 09:00,1313.700,0,0
1593484,TIMER,353484,1240000,2018.01.03 10:26:39,1514975199,407,2018.01.03 10:00,2018.01.03 09:00,2018.01.03 10:00,2018.01.03 09:00,1313.700,0,0
1594717,TIMER,353717,1241000,2018.01.03 10:28:17,1514975297,407,2018.01.03 10:00,2018.01.03 09:00,2018.01.03 10:00,2018.01.03 09:00,1313.700,0,0
1595563,TICK,354000,1241563,2018.01.03 10:29:16,1514975356,407,2018.01.03 10:00,2018.01.03 09:00,2018.01.03 10:00,2018.01.03 09:00,1313.700,0,0
1596261,TIMER,354261,1242000,2018.01.03 10:29:59,1514975399,407,2018.01.03 10:00,2018.01.03 09:00,2018.01.03 10:00,2018.01.03 09:00,1313.700,0,0
1597406,TIMER,354406,1243000,2018.01.03 10:31:38,1514975498,407,2018.01.03 10:00,2018.01.03 09:00,2018.01.03 10:00,2018.01.03 09:00,1313.700,0,0
1598833,TIMER,354833,1244000,2018.01.03 10:33:18,1514975598,407,2018.01.03 10:00,2018.01.03 09:00,2018.01.03 10:00,2018.01.03 09:00,1313.700,0,0
1599442,TICK,355000,1244442,2018.01.03 10:34:04,1514975644,407,2018.01.03 10:00,2018.01.03 09:00,2018.01.03 10:00,2018.01.03 09:00,1313.700,0,0
1600215,TIMER,355215,1245000,2018.01.03 10:34:58,1514975698,407,2018.01.03 10:00,2018.01.03 09:00,2018.01.03 10:00,2018.01.03 09:00,1313.700,0,0
1601826,TICK,356000,1245826,2018.01.03 10:36:22,1514975782,407,2018.01.03 10:00,2018.01.03 09:00,2018.01.03 10:00,2018.01.03 09:00,1313.700,0,0
1602033,TIMER,356033,1246000,2018.01.03 10:36:39,1514975799,407,2018.01.03 10:00,2018.01.03 09:00,2018.01.03 10:00,2018.01.03 09:00,1313.700,0,0
1603477,TIMER,356477,1247000,2018.01.03 10:38:19,1514975899,407,2018.01.03 10:00,2018.01.03 09:00,2018.01.03 10:00,2018.01.03 09:00,1313.700,0,0
1604697,TIMER,356697,1248000,2018.01.03 10:39:57,1514975997,407,2018.01.03 10:00,2018.01.03 09:00,2018.01.03 10:00,2018.01.03 09:00,1313.700,0,0
1605937,TIMER,356937,1249000,2018.01.03 10:41:33,1514976093,407,2018.01.03 10:00,2018.01.03 09:00,2018.01.03 10:00,2018.01.03 09:00,1313.700,0,0
1606336,TICK,357000,1249336,2018.01.03 10:42:13,1514976133,407,2018.01.03 10:00,2018.01.03 09:00,2018.01.03 10:00,2018.01.03 09:00,1313.700,0,0
1607179,TIMER,357179,1250000,2018.01.03 10:43:18,1514976198,407,2018.01.03 10:00,2018.01.03 09:00,2018.01.03 10:00,2018.01.03 09:00,1313.700,0,0
1608274,TIMER,357274,1251000,2018.01.03 10:44:53,1514976293,407,2018.01.03 10:00,2018.01.03 09:00,2018.01.03 10:00,2018.01.03 09:00,1313.700,0,0
1609315,TIMER,357315,1252000,2018.01.03 10:46:36,1514976396,407,2018.01.03 10:00,2018.01.03 09:00,2018.01.03 10:00,2018.01.03 09:00,1313.700,0,0
1610494,TIMER,357494,1253000,2018.01.03 10:48:19,1514976499,407,2018.01.03 10:00,2018.01.03 09:00,2018.01.03 10:00,2018.01.03 09:00,1313.700,0,0
1611628,TIMER,357628,1254000,2018.01.03 10:49:59,1514976599,407,2018.01.03 10:00,2018.01.03 09:00,2018.01.03 10:00,2018.01.03 09:00,1313.700,0,0
1612960,TIMER,357960,1255000,2018.01.03 10:51:38,1514976698,407,2018.01.03 10:00,2018.01.03 09:00,2018.01.03 10:00,2018.01.03 09:00,1313.700,0,0
1613335,TICK,358000,1255335,2018.01.03 10:52:13,1514976733,407,2018.01.03 10:00,2018.01.03 09:00,2018.01.03 10:00,2018.01.03 09:00,1313.700,0,0
1614163,TIMER,358163,1256000,2018.01.03 10:53:19,1514976799,407,2018.01.03 10:00,2018.01.03 09:00,2018.01.03 10:00,2018.01.03 09:00,1313.700,0,0
1615306,TIMER,358306,1257000,2018.01.03 10:54:59,1514976899,407,2018.01.03 10:00,2018.01.03 09:00,2018.01.03 10:00,2018.01.03 09:00,1313.700,0,0
1616402,TIMER,358402,1258000,2018.01.03 10:56:37,1514976997,407,2018.01.03 10:00,2018.01.03 09:00,2018.01.03 10:00,2018.01.03 09:00,1313.700,0,0
1617482,TIMER,358482,1259000,2018.01.03 10:58:18,1514977098,407,2018.01.03 10:00,2018.01.03 09:00,2018.01.03 10:00,2018.01.03 09:00,1313.700,0,0
1618614,TIMER,358614,1260000,2018.01.03 10:59:58,1514977198,407,2018.01.03 10:00,2018.01.03 09:00,2018.01.03 10:00,2018.01.03 09:00,1313.700,0,0
1619746,TIMER,358746,1261000,2018.01.03 11:01:36,1514977296,407,2018.01.03 11:00,2018.01.03 10:00,2018.01.03 11:00,2018.01.03 10:00,1314.400,0,0
1620897,TIMER,358897,1262000,2018.01.03 11:03:19,1514977399,407,2018.01.03 11:00,2018.01.03 10:00,2018.01.03 11:00,2018.01.03 10:00,1314.400,0,0
1621840,TICK,359000,1262840,2018.01.03 11:04:44,1514977484,407,2018.01.03 11:00,2018.01.03 10:00,2018.01.03 11:00,2018.01.03 10:00,1314.400,0,0
1622036,TIMER,359036,1263000,2018.01.03 11:04:59,1514977499,407,2018.01.03 11:00,2018.01.03 10:00,2018.01.03 11:00,2018.01.03 10:00,1314.400,0,0
1623269,TIMER,359269,1264000,2018.01.03 11:06:39,1514977599,407,2018.01.03 11:00,2018.01.03 10:00,2018.01.03 11:00,2018.01.03 10:00,1314.400,0,0
1624323,TIMER,359323,1265000,2018.01.03 11:08:19,1514977699,407,2018.01.03 11:00,2018.01.03 10:00,2018.01.03 11:00,2018.01.03 10:00,1314.400,0,0
1625405,TIMER,359405,1266000,2018.01.03 11:09:59,1514977799,407,2018.01.03 11:00,2018.01.03 10:00,2018.01.03 11:00,2018.01.03 10:00,1314.400,0,0
1626594,TIMER,359594,1267000,2018.01.03 11:11:39,1514977899,407,2018.01.03 11:00,2018.01.03 10:00,2018.01.03 11:00,2018.01.03 10:00,1314.400,0,0
1627661,TIMER,359661,1268000,2018.01.03 11:13:19,1514977999,407,2018.01.03 11:00,2018.01.03 10:00,2018.01.03 11:00,2018.01.03 10:00,1314.400,0,0
1628728,TIMER,359728,1269000,2018.01.03 11:14:59,1514978099,407,2018.01.03 11:00,2018.01.03 10:00,2018.01.03 11:00,2018.01.03 10:00,1314.400,0,0
1629842,TIMER,359842,1270000,2018.01.03 11:16:38,1514978198,407,2018.01.03 11:00,2018.01.03 10:00,2018.01.03 11:00,2018.01.03 10:00,1314.400,0,0
1630922,TIMER,359922,1271000,2018.01.03 11:18:18,1514978298,407,2018.01.03 11:00,2018.01.03 10:00,2018.01.03 11:00,2018.01.03 10:00,1314.400,0,0
1631746,TICK,360000,1271746,2018.01.03 11:19:34,1514978374,407,2018.01.03 11:00,2018.01.03 10:00,2018.01.03 11:00,2018.01.03 10:00,1314.400,0,0
1632022,TIMER,360022,1272000,2018.01.03 11:19:59,1514978399,407,2018.01.03 11:00,2018.01.03 10:00,2018.01.03 11:00,2018.01.03 10:00,1314.400,0,0
1633108,TIMER,360108,1273000,2018.01.03 11:21:39,1514978499,407,2018.01.03 11:00,2018.01.03 10:00,2018.01.03 11:00,2018.01.03 10:00,1314.400,0,0
1634172,TIMER,360172,1274000,2018.01.03 11:23:19,1514978599,407,2018.01.03 11:00,2018.01.03 10:00,2018.01.03 11:00,2018.01.03 10:00,1314.400,0,0
1635430,TIMER,360430,1275000,2018.01.03 11:24:58,1514978698,407,2018.01.03 11:00,2018.01.03 10:00,2018.01.03 11:00,2018.01.03 10:00,1314.400,0,0
1636684,TIMER,360684,1276000,2018.01.03 11:26:39,1514978799,407,2018.01.03 11:00,2018.01.03 10:00,2018.01.03 11:00,2018.01.03 10:00,1314.400,0,0
1637903,TIMER,360903,1277000,2018.01.03 11:28:14,1514978894,407,2018.01.03 11:00,2018.01.03 10:00,2018.01.03 11:00,2018.01.03 10:00,1314.400,0,0
1638845,TICK,361000,1277845,2018.01.03 11:29:44,1514978984,407,2018.01.03 11:00,2018.01.03 10:00,2018.01.03 11:00,2018.01.03 10:00,1314.400,0,0
1639032,TIMER,361032,1278000,2018.01.03 11:29:59,1514978999,407,2018.01.03 11:00,2018.01.03 10:00,2018.01.03 11:00,2018.01.03 10:00,1314.400,0,0
1640157,TIMER,361157,1279000,2018.01.03 11:31:39,1514979099,407,2018.01.03 11:00,2018.01.03 10:00,2018.01.03 11:00,2018.01.03 10:00,1314.400,0,0
1641431,TIMER,361431,1280000,2018.01.03 11:33:18,1514979198,407,2018.01.03 11:00,2018.01.03 10:00,2018.01.03 11:00,2018.01.03 10:00,1314.400,0,0
1642754,TIMER,361754,1281000,2018.01.03 11:34:59,1514979299,407,2018.01.03 11:00,2018.01.03 10:00,2018.01.03 11:00,2018.01.03 10:00,1314.400,0,0
1643515,TICK,362000,1281515,2018.01.03 11:35:51,1514979351,407,2018.01.03 11:00,2018.01.03 10:00,2018.01.03 11:00,2018.01.03 10:00,1314.400,0,0
1644264,TIMER,362264,1282000,2018.01.03 11:36:39,1514979399,407,2018.01.03 11:00,2018.01.03 10:00,2018.01.03 11:00,2018.01.03 10:00,1314.400,0,0
1645635,TIMER,362635,1283000,2018.01.03 11:38:17,1514979497,407,2018.01.03 11:00,2018.01.03 10:00,2018.01.03 11:00,2018.01.03 10:00,1314.400,0,0
1646831,TIMER,362831,1284000,2018.01.03 11:39:57,1514979597,407,2018.01.03 11:00,2018.01.03 10:00,2018.01.03 11:00,2018.01.03 10:00,1314.400,0,0
1647952,TIMER,362952,1285000,2018.01.03 11:41:39,1514979699,407,2018.01.03 11:00,2018.01.03 10:00,2018.01.03 11:00,2018.01.03 10:00,1314.400,0,0
1648271,TICK,363000,1285271,2018.01.03 11:42:07,1514979727,407,2018.01.03 11:00,2018.01.03 10:00,2018.01.03 11:00,2018.01.03 10:00,1314.400,0,0
1649190,TIMER,363190,1286000,2018.01.03 11:43:19,1514979799,407,2018.01.03 11:00,2018.01.03 10:00,2018.01.03 11:00,2018.01.03 10:00,1314.400,0,0
1650298,TIMER,363298,1287000,2018.01.03 11:44:59,1514979899,407,2018.01.03 11:00,2018.01.03 10:00,2018.01.03 11:00,2018.01.03 10:00,1314.400,0,0
1651385,TIMER,363385,1288000,2018.01.03 11:46:39,1514979999,407,2018.01.03 11:00,2018.01.03 10:00,2018.01.03 11:00,2018.01.03 10:00,1314.400,0,0
1652552,TIMER,363552,1289000,2018.01.03 11:48:18,1514980098,407,2018.01.03 11:00,2018.01.03 10:00,2018.01.03 11:00,2018.01.03 10:00,1314.400,0,0
1653662,TIMER,363662,1290000,2018.01.03 11:49:59,1514980199,407,2018.01.03 11:00,2018.01.03 10:00,2018.01.03 11:00,2018.01.03 10:00,1314.400,0,0
1654795,TIMER,363795,1291000,2018.01.03 11:51:38,1514980298,407,2018.01.03 11:00,2018.01.03 10:00,2018.01.03 11:00,2018.01.03 10:00,1314.400,0,0
1655873,TIMER,363873,1292000,2018.01.03 11:53:19,1514980399,407,2018.01.03 11:00,2018.01.03 10:00,2018.01.03 11:00,2018.01.03 10:00,1314.400,0,0
1656950,TIMER,363950,1293000,2018.01.03 11:54:56,1514980496,407,2018.01.03 11:00,2018.01.03 10:00,2018.01.03 11:00,2018.01.03 10:00,1314.400,0,0
1657316,TICK,364000,1293316,2018.01.03 11:55:31,1514980531,407,2018.01.03 11:00,2018.01.03 10:00,2018.01.03 11:00,2018.01.03 10:00,1314.400,0,0
1658119,TIMER,364119,1294000,2018.01.03 11:56:39,1514980599,407,2018.01.03 11:00,2018.01.03 10:00,2018.01.03 11:00,2018.01.03 10:00,1314.400,0,0
1659347,TIMER,364347,1295000,2018.01.03 11:58:17,1514980697,407,2018.01.03 11:00,2018.01.03 10:00,2018.01.03 11:00,2018.01.03 10:00,1314.400,0,0
1660447,TIMER,364447,1296000,2018.01.03 11:59:59,1514980799,407,2018.01.03 11:00,2018.01.03 10:00,2018.01.03 11:00,2018.01.03 10:00,1314.400,0,0
1661650,TIMER,364650,1297000,2018.01.03 12:01:39,1514980899,407,2018.01.03 12:00,2018.01.03 11:00,2018.01.03 12:00,2018.01.03 11:00,1314.660,0,0
1662790,TIMER,364790,1298000,2018.01.03 12:03:16,1514980996,407,2018.01.03 12:00,2018.01.03 11:00,2018.01.03 12:00,2018.01.03 11:00,1314.660,0,0
1663874,TIMER,364874,1299000,2018.01.03 12:04:54,1514981094,407,2018.01.03 12:00,2018.01.03 11:00,2018.01.03 12:00,2018.01.03 11:00,1314.660,0,0
1664889,TICK,365000,1299889,2018.01.03 12:06:29,1514981189,407,2018.01.03 12:00,2018.01.03 11:00,2018.01.03 12:00,2018.01.03 11:00,1314.660,0,0
1665061,TIMER,365061,1300000,2018.01.03 12:06:39,1514981199,407,2018.01.03 12:00,2018.01.03 11:00,2018.01.03 12:00,2018.01.03 11:00,1314.660,0,0
1666251,TIMER,365251,1301000,2018.01.03 12:08:19,1514981299,407,2018.01.03 12:00,2018.01.03 11:00,2018.01.03 12:00,2018.01.03 11:00,1314.660,0,0
1667583,TIMER,365583,1302000,2018.01.03 12:09:59,1514981399,407,2018.01.03 12:00,2018.01.03 11:00,2018.01.03 12:00,2018.01.03 11:00,1314.660,0,0
1668766,TIMER,365766,1303000,2018.01.03 12:11:38,1514981498,407,2018.01.03 12:00,2018.01.03 11:00,2018.01.03 12:00,2018.01.03 11:00,1314.660,0,0
1669912,TICK,366000,1303912,2018.01.03 12:13:11,1514981591,407,2018.01.03 12:00,2018.01.03 11:00,2018.01.03 12:00,2018.01.03 11:00,1314.660,0,0
1670055,TIMER,366055,1304000,2018.01.03 12:13:19,1514981599,407,2018.01.03 12:00,2018.01.03 11:00,2018.01.03 12:00,2018.01.03 11:00,1314.660,0,0
1671702,TIMER,366702,1305000,2018.01.03 12:14:59,1514981699,407,2018.01.03 12:00,2018.01.03 11:00,2018.01.03 12:00,2018.01.03 11:00,1314.660,0,0
1672764,TIMER,366764,1306000,2018.01.03 12:16:39,1514981799,407,2018.01.03 12:00,2018.01.03 11:00,2018.01.03 12:00,2018.01.03 11:00,1314.660,0,0
1673867,TICK,367000,1306867,2018.01.03 12:18:06,1514981886,407,2018.01.03 12:00,2018.01.03 11:00,2018.01.03 12:00,2018.01.03 11:00,1314.660,0,0
1674068,TIMER,367068,1307000,2018.01.03 12:18:19,1514981899,407,2018.01.03 12:00,2018.01.03 11:00,2018.01.03 12:00,2018.01.03 11:00,1314.660,0,0
1675355,TIMER,367355,1308000,2018.01.03 12:19:59,1514981999,407,2018.01.03 12:00,2018.01.03 11:00,2018.01.03 12:00,2018.01.03 11:00,1314.660,0,0
1676613,TIMER,367613,1309000,2018.01.03 12:21:34,1514982094,407,2018.01.03 12:00,2018.01.03 11:00,2018.01.03 12:00,2018.01.03 11:00,1314.660,0,0
1677977,TIMER,367977,1310000,2018.01.03 12:23:19,1514982199,407,2018.01.03 12:00,2018.01.03 11:00,2018.01.03 12:00,2018.01.03 11:00,1314.660,0,0
1678073,TICK,368000,1310073,2018.01.03 12:23:27,1514982207,407,2018.01.03 12:00,2018.01.03 11:00,2018.01.03 12:00,2018.01.03 11:00,1314.660,0,0
1679182,TIMER,368182,1311000,2018.01.03 12:24:59,1514982299,407,2018.01.03 12:00,2018.01.03 11:00,2018.01.03 12:00,2018.01.03 11:00,1314.660,0,0
1680331,TIMER,368331,1312000,2018.01.03 12:26:39,1514982399,407,2018.01.03 12:00,2018.01.03 11:00,2018.01.03 12:00,2018.01.03 11:00,1314.660,0,0
1681849,TIMER,368849,1313000,2018.01.03 12:28:19,1514982499,407,2018.01.03 12:00,2018.01.03 11:00,2018.01.03 12:00,2018.01.03 11:00,1314.660,0,0
1682280,TICK,369000,1313280,2018.01.03 12:28:48,1514982528,407,2018.01.03 12:00,2018.01.03 11:00,2018.01.03 12:00,2018.01.03 11:00,1314.660,0,0
1683142,TIMER,369142,1314000,2018.01.03 12:29:59,1514982599,407,2018.01.03 12:00,2018.01.03 11:00,2018.01.03 12:00,2018.01.03 11:00,1314.660,0,0
1684289,TIMER,369289,1315000,2018.01.03 12:31:35,1514982695,407,2018.01.03 12:00,2018.01.03 11:00,2018.01.03 12:00,2018.01.03 11:00,1314.660,0,0
1685688,TIMER,369688,1316000,2018.01.03 12:33:19,1514982799,407,2018.01.03 12:00,2018.01.03 11:00,2018.01.03 12:00,2018.01.03 11:00,1314.660,0,0
1686705,TICK,370000,1316705,2018.01.03 12:34:30,1514982870,407,2018.01.03 12:00,2018.01.03 11:00,2018.01.03 12:00,2018.01.03 11:00,1314.660,0,0
1687054,TIMER,370054,1317000,2018.01.03 12:34:59,1514982899,407,2018.01.03 12:00,2018.01.03 11:00,2018.01.03 12:00,2018.01.03 11:00,1314.660,0,0
1688419,TIMER,370419,1318000,2018.01.03 12:36:39,1514982999,407,2018.01.03 12:00,2018.01.03 11:00,2018.01.03 12:00,2018.01.03 11:00,1314.660,0,0
1689723,TIMER,370723,1319000,2018.01.03 12:38:19,1514983099,407,2018.01.03 12:00,2018.01.03 11:00,2018.01.03 12:00,2018.01.03 11:00,1314.660,0,0
1690680,TICK,371000,1319680,2018.01.03 12:39:28,1514983168,407,2018.01.03 12:00,2018.01.03 11:00,2018.01.03 12:00,2018.01.03 11:00,1314.660,0,0
1691082,TIMER,371082,1320000,2018.01.03 12:39:55,1514983195,407,2018.01.03 12:00,2018.01.03 11:00,2018.01.03 12:00,2018.01.03 11:00,1314.660,0,0
1692376,TIMER,371376,1321000,2018.01.03 12:41:38,1514983298,407,2018.01.03 12:00,2018.01.03 11:00,2018.01.03 12:00,2018.01.03 11:00,1314.660,0,0
1693746,TIMER,371746,1322000,2018.01.03 12:43:19,1514983399,407,2018.01.03 12:00,2018.01.03 11:00,2018.01.03 12:00,2018.01.03 11:00,1314.660,0,0
1694935,TIMER,371935,1323000,2018.01.03 12:44:59,1514983499,407,2018.01.03 12:00,2018.01.03 11:00,2018.01.03 12:00,2018.01.03 11:00,1314.660,0,0
1695303,TICK,372000,1323303,2018.01.03 12:45:30,1514983530,407,2018.01.03 12:00,2018.01.03 11:00,2018.01.03 12:00,2018.01.03 11:00,1314.660,0,0
1696122,TIMER,372122,1324000,2018.01.03 12:46:39,1514983599,407,2018.01.03 12:00,2018.01.03 11:00,2018.01.03 12:00,2018.01.03 11:00,1314.660,0,0
1697262,TIMER,372262,1325000,2018.01.03 12:48:19,1514983699,407,2018.01.03 12:00,2018.01.03 11:00,2018.01.03 12:00,2018.01.03 11:00,1314.660,0,0
1698439,TIMER,372439,1326000,2018.01.03 12:49:54,1514983794,407,2018.01.03 12:00,2018.01.03 11:00,2018.01.03 12:00,2018.01.03 11:00,1314.660,0,0
1699538,TIMER,372538,1327000,2018.01.03 12:51:36,1514983896,407,2018.01.03 12:00,2018.01.03 11:00,2018.01.03 12:00,2018.01.03 11:00,1314.660,0,0
1700655,TIMER,372655,1328000,2018.01.03 12:53:19,1514983999,407,2018.01.03 12:00,2018.01.03 11:00,2018.01.03 12:00,2018.01.03 11:00,1314.660,0,0
1701837,TIMER,372837,1329000,2018.01.03 12:54:59,1514984099,407,2018.01.03 12:00,2018.01.03 11:00,2018.01.03 12:00,2018.01.03 11:00,1314.660,0,0
1702452,TICK,373000,1329452,2018.01.03 12:55:45,1514984145,407,2018.01.03 12:00,2018.01.03 11:00,2018.01.03 12:00,2018.01.03 11:00,1314.660,0,0
1703220,TIMER,373220,1330000,2018.01.03 12:56:39,1514984199,407,2018.01.03 12:00,2018.01.03 11:00,2018.01.03 12:00,2018.01.03 11:00,1314.660,0,0
1704714,TIMER,373714,1331000,2018.01.03 12:58:19,1514984299,407,2018.01.03 12:00,2018.01.03 11:00,2018.01.03 12:00,2018.01.03 11:00,1314.660,0,0
1705394,TICK,374000,1331394,2018.01.03 12:58:59,1514984339,407,2018.01.03 12:00,2018.01.03 11:00,2018.01.03 12:00,2018.01.03 11:00,1314.660,0,0
1706296,TIMER,374296,1332000,2018.01.03 12:59:59,1514984399,407,2018.01.03 12:00,2018.01.03 11:00,2018.01.03 12:00,2018.01.03 11:00,1314.660,0,0
1707638,TIMER,374638,1333000,2018.01.03 13:01:39,1514984499,407,2018.01.03 13:00,2018.01.03 12:00,2018.01.03 13:00,2018.01.03 12:00,1314.100,0,0
1708820,TIMER,374820,1334000,2018.01.03 13:03:19,1514984599,407,2018.01.03 13:00,2018.01.03 12:00,2018.01.03 13:00,2018.01.03 12:00,1314.100,0,0
1709906,TICK,375000,1334906,2018.01.03 13:04:50,1514984690,407,2018.01.03 13:00,2018.01.03 12:00,2018.01.03 13:00,2018.01.03 12:00,1314.100,0,0
1710059,TIMER,375059,1335000,2018.01.03 13:04:59,1514984699,407,2018.01.03 13:00,2018.01.03 12:00,2018.01.03 13:00,2018.01.03 12:00,1314.100,0,0
1711321,TIMER,375321,1336000,2018.01.03 13:06:38,1514984798,407,2018.01.03 13:00,2018.01.03 12:00,2018.01.03 13:00,2018.01.03 12:00,1314.100,0,0
1712468,TIMER,375468,1337000,2018.01.03 13:08:19,1514984899,407,2018.01.03 13:00,2018.01.03 12:00,2018.01.03 13:00,2018.01.03 12:00,1314.100,0,0
1713624,TIMER,375624,1338000,2018.01.03 13:09:59,1514984999,407,2018.01.03 13:00,2018.01.03 12:00,2018.01.03 13:00,2018.01.03 12:00,1314.100,0,0
1714854,TIMER,375854,1339000,2018.01.03 13:11:39,1514985099,407,2018.01.03 13:00,2018.01.03 12:00,2018.01.03 13:00,2018.01.03 12:00,1314.100,0,0
1715680,TICK,376000,1339680,2018.01.03 13:12:48,1514985168,407,2018.01.03 13:00,2018.01.03 12:00,2018.01.03 13:00,2018.01.03 12:00,1314.100,0,0
1716052,TIMER,376052,1340000,2018.01.03 13:13:17,1514985197,407,2018.01.03 13:00,2018.01.03 12:00,2018.01.03 13:00,2018.01.03 12:00,1314.100,0,0
1717189,TIMER,376189,1341000,2018.01.03 13:14:59,1514985299,407,2018.01.03 13:00,2018.01.03 12:00,2018.01.03 13:00,2018.01.03 12:00,1314.100,0,0
1718317,TIMER,376317,1342000,2018.01.03 13:16:39,1514985399,407,2018.01.03 13:00,2018.01.03 12:00,2018.01.03 13:00,2018.01.03 12:00,1314.100,0,0
1719705,TIMER,376705,1343000,2018.01.03 13:18:19,1514985499,407,2018.01.03 13:00,2018.01.03 12:00,2018.01.03 13:00,2018.01.03 12:00,1314.100,0,0
1720733,TICK,377000,1343733,2018.01.03 13:19:33,1514985573,407,2018.01.03 13:00,2018.01.03 12:00,2018.01.03 13:00,2018.01.03 12:00,1314.100,0,0
1721072,TIMER,377072,1344000,2018.01.03 13:19:59,1514985599,407,2018.01.03 13:00,2018.01.03 12:00,2018.01.03 13:00,2018.01.03 12:00,1314.100,0,0
1722438,TIMER,377438,1345000,2018.01.03 13:21:39,1514985699,407,2018.01.03 13:00,2018.01.03 12:00,2018.01.03 13:00,2018.01.03 12:00,1314.100,0,0
1723910,TIMER,377910,1346000,2018.01.03 13:23:19,1514985799,407,2018.01.03 13:00,2018.01.03 12:00,2018.01.03 13:00,2018.01.03 12:00,1314.100,0,0
1724119,TICK,378000,1346119,2018.01.03 13:23:31,1514985811,407,2018.01.03 13:00,2018.01.03 12:00,2018.01.03 13:00,2018.01.03 12:00,1314.100,0,0
1725439,TIMER,378439,1347000,2018.01.03 13:24:59,1514985899,407,2018.01.03 13:00,2018.01.03 12:00,2018.01.03 13:00,2018.01.03 12:00,1314.100,0,0
1726797,TIMER,378797,1348000,2018.01.03 13:26:39,1514985999,407,2018.01.03 13:00,2018.01.03 12:00,2018.01.03 13:00,2018.01.03 12:00,1314.100,0,0
1727493,TICK,379000,1348493,2018.01.03 13:27:29,1514986049,407,2018.01.03 13:00,2018.01.03 12:00,2018.01.03 13:00,2018.01.03 12:00,1314.100,0,0
1728110,TIMER,379110,1349000,2018.01.03 13:28:19,1514986099,407,2018.01.03 13:00,2018.01.03 12:00,2018.01.03 13:00,2018.01.03 12:00,1314.100,0,0
1729262,TIMER,379262,1350000,2018.01.03 13:29:59,1514986199,407,2018.01.03 13:00,2018.01.03 12:00,2018.01.03 13:00,2018.01.03 12:00,1314.100,0,0
1730305,TIMER,379305,1351000,2018.01.03 13:31:39,1514986299,407,2018.01.03 13:00,2018.01.03 12:00,2018.01.03 13:00,2018.01.03 12:00,1314.100,0,0
1731414,TIMER,379414,1352000,2018.01.03 13:33:19,1514986399,407,2018.01.03 13:00,2018.01.03 12:00,2018.01.03 13:00,2018.01.03 12:00,1314.100,0,0
1732483,TIMER,379483,1353000,2018.01.03 13:34:53,1514986493,407,2018.01.03 13:00,2018.01.03 12:00,2018.01.03 13:00,2018.01.03 12:00,1314.100,0,0
1733605,TIMER,379605,1354000,2018.01.03 13:36:38,1514986598,407,2018.01.03 13:00,2018.01.03 12:00,2018.01.03 13:00,2018.01.03 12:00,1314.100,0,0
1734654,TIMER,379654,1355000,2018.01.03 13:38:15,1514986695,407,2018.01.03 13:00,2018.01.03 12:00,2018.01.03 13:00,2018.01.03 12:00,1314.100,0,0
1735737,TIMER,379737,1356000,2018.01.03 13:39:55,1514986795,407,2018.01.03 13:00,2018.01.03 12:00,2018.01.03 13:00,2018.01.03 12:00,1314.100,0,0
1736903,TIMER,379903,1357000,2018.01.03 13:41:39,1514986899,407,2018.01.03 13:00,2018.01.03 12:00,2018.01.03 13:00,2018.01.03 12:00,1314.100,0,0
1737438,TICK,380000,1357438,2018.01.03 13:42:23,1514986943,407,2018.01.03 13:00,2018.01.03 12:00,2018.01.03 13:00,2018.01.03 12:00,1314.100,0,0
1738082,TIMER,380082,1358000,2018.01.03 13:43:18,1514986998,407,2018.01.03 13:00,2018.01.03 12:00,2018.01.03 13:00,2018.01.03 12:00,1314.100,0,0
1739282,TIMER,380282,1359000,2018.01.03 13:44:57,1514987097,407,2018.01.03 13:00,2018.01.03 12:00,2018.01.03 13:00,2018.01.03 12:00,1314.100,0,0
1740454,TIMER,380454,1360000,2018.01.03 13:46:38,1514987198,407,2018.01.03 13:00,2018.01.03 12:00,2018.01.03 13:00,2018.01.03 12:00,1314.100,0,0
1741604,TIMER,380604,1361000,2018.01.03 13:48:19,1514987299,407,2018.01.03 13:00,2018.01.03 12:00,2018.01.03 13:00,2018.01.03 12:00,1314.100,0,0
1742726,TIMER,380726,1362000,2018.01.03 13:49:52,1514987392,407,2018.01.03 13:00,2018.01.03 12:00,2018.01.03 13:00,2018.01.03 12:00,1314.100,0,0
1743874,TIMER,380874,1363000,2018.01.03 13:51:37,1514987497,422,2018.01.03 13:00,2018.01.03 12:00,2018.01.03 13:00,2018.01.03 12:00,1314.100,0,0
1744985,TIMER,380985,1364000,2018.01.03 13:53:19,1514987599,422,2018.01.03 13:00,2018.01.03 12:00,2018.01.03 13:00,2018.01.03 12:00,1314.100,0,0
1745126,TICK,381000,1364126,2018.01.03 13:53:32,1514987612,422,2018.01.03 13:00,2018.01.03 12:00,2018.01.03 13:00,2018.01.03 12:00,1314.100,0,0
1746142,TIMER,381142,1365000,2018.01.03 13:54:59,1514987699,422,2018.01.03 13:00,2018.01.03 12:00,2018.01.03 13:00,2018.01.03 12:00,1314.100,0,0
1747324,TIMER,381324,1366000,2018.01.03 13:56:39,1514987799,422,2018.01.03 13:00,2018.01.03 12:00,2018.01.03 13:00,2018.01.03 12:00,1314.100,0,0
1748465,TIMER,381465,1367000,2018.01.03 13:58:18,1514987898,422,2018.01.03 13:00,2018.01.03 12:00,2018.01.03 13:00,2018.01.03 12:00,1314.100,0,0
1749673,TIMER,381673,1368000,2018.01.03 13:59:59,1514987999,422,2018.01.03 13:00,2018.01.03 12:00,2018.01.03 13:00,2018.01.03 12:00,1314.100,0,0
1750776,TICK,382000,1368776,2018.01.03 14:01:17,1514988077,422,2018.01.03 14:00,2018.01.03 13:00,2018.01.03 14:00,2018.01.03 13:00,1315.720,0,0
1751147,TIMER,382147,1369000,2018.01.03 14:01:39,1514988099,422,2018.01.03 14:00,2018.01.03 13:00,2018.01.03 14:00,2018.01.03 13:00,1315.720,0,0
1752400,TIMER,382400,1370000,2018.01.03 14:03:19,1514988199,422,2018.01.03 14:00,2018.01.03 13:00,2018.01.03 14:00,2018.01.03 13:00,1315.720,0,0
1753568,TIMER,382568,1371000,2018.01.03 14:04:56,1514988296,422,2018.01.03 14:00,2018.01.03 13:00,2018.01.03 14:00,2018.01.03 13:00,1315.720,0,0
1754810,TIMER,382810,1372000,2018.01.03 14:06:32,1514988392,422,2018.01.03 14:00,2018.01.03 13:00,2018.01.03 14:00,2018.01.03 13:00,1315.720,0,0
1755486,TICK,383000,1372486,2018.01.03 14:07:28,1514988448,422,2018.01.03 14:00,2018.01.03 13:00,2018.01.03 14:00,2018.01.03 13:00,1315.720,0,0
1756360,TIMER,383360,1373000,2018.01.03 14:08:19,1514988499,422,2018.01.03 14:00,2018.01.03 13:00,2018.01.03 14:00,2018.01.03 13:00,1315.720,0,0
1757903,TICK,384000,1373903,2018.01.03 14:09:50,1514988590,422,2018.01.03 14:00,2018.01.03 13:00,2018.01.03 14:00,2018.01.03 13:00,1315.720,0,0
1758122,TIMER,384122,1374000,2018.01.03 14:09:58,1514988598,422,2018.01.03 14:00,2018.01.03 13:00,2018.01.03 14:00,2018.01.03 13:00,1315.720,0,0
1759434,TIMER,384434,1375000,2018.01.03 14:11:39,1514988699,422,2018.01.03 14:00,2018.01.03 13:00,2018.01.03 14:00,2018.01.03 13:00,1315.720,0,0
1760692,TIMER,384692,1376000,2018.01.03 14:13:19,1514988799,422,2018.01.03 14:00,2018.01.03 13:00,2018.01.03 14:00,2018.01.03 13:00,1315.720,0,0
1761881,TIMER,384881,1377000,2018.01.03 14:14:58,1514988898,422,2018.01.03 14:00,2018.01.03 13:00,2018.01.03 14:00,2018.01.03 13:00,1315.720,0,0
1762341,TICK,385000,1377341,2018.01.03 14:15:34,1514988934,422,2018.01.03 14:00,2018.01.03 13:00,2018.01.03 14:00,2018.01.03 13:00,1315.720,0,0
1763107,TIMER,385107,1378000,2018.01.03 14:16:36,1514988996,422,2018.01.03 14:00,2018.01.03 13:00,2018.01.03 14:00,2018.01.03 13:00,1315.720,0,0
1764209,TIMER,385209,1379000,2018.01.03 14:18:14,1514989094,422,2018.01.03 14:00,2018.01.03 13:00,2018.01.03 14:00,2018.01.03 13:00,1315.720,0,0
1765734,TIMER,385734,1380000,2018.01.03 14:19:59,1514989199,422,2018.01.03 14:00,2018.01.03 13:00,2018.01.03 14:00,2018.01.03 13:00,1315.720,0,0
1766949,TIMER,385949,1381000,2018.01.03 14:21:39,1514989299,422,2018.01.03 14:00,2018.01.03 13:00,2018.01.03 14:00,2018.01.03 13:00,1315.720,0,0
1767298,TICK,386000,1381298,2018.01.03 14:22:09,1514989329,422,2018.01.03 14:00,2018.01.03 13:00,2018.01.03 14:00,2018.01.03 13:00,1315.720,0,0
1768015,TIMER,386015,1382000,2018.01.03 14:23:19,1514989399,422,2018.01.03 14:00,2018.01.03 13:00,2018.01.03 14:00,2018.01.03 13:00,1315.720,0,0
1769226,TIMER,386226,1383000,2018.01.03 14:24:59,1514989499,422,2018.01.03 14:00,2018.01.03 13:00,2018.01.03 14:00,2018.01.03 13:00,1315.720,0,0
1770385,TIMER,386385,1384000,2018.01.03 14:26:38,1514989598,422,2018.01.03 14:00,2018.01.03 13:00,2018.01.03 14:00,2018.01.03 13:00,1315.720,0,0
1771480,TIMER,386480,1385000,2018.01.03 14:28:18,1514989698,422,2018.01.03 14:00,2018.01.03 13:00,2018.01.03 14:00,2018.01.03 13:00,1315.720,0,0
1772588,TIMER,386588,1386000,2018.01.03 14:29:59,1514989799,422,2018.01.03 14:00,2018.01.03 13:00,2018.01.03 14:00,2018.01.03 13:00,1315.720,0,0
1773878,TIMER,386878,1387000,2018.01.03 14:31:39,1514989899,422,2018.01.03 14:00,2018.01.03 13:00,2018.01.03 14:00,2018.01.03 13:00,1315.720,0,0
1774753,TICK,387000,1387753,2018.01.03 14:32:55,1514989975,422,2018.01.03 14:00,2018.01.03 13:00,2018.01.03 14:00,2018.01.03 13:00,1315.720,0,0
1775026,TIMER,387026,1388000,2018.01.03 14:33:19,1514989999,422,2018.01.03 14:00,2018.01.03 13:00,2018.01.03 14:00,2018.01.03 13:00,1315.720,0,0
1776214,TIMER,387214,1389000,2018.01.03 14:34:59,1514990099,422,2018.01.03 14:00,2018.01.03 13:00,2018.01.03 14:00,2018.01.03 13:00,1315.720,0,0
1777320,TIMER,387320,1390000,2018.01.03 14:36:37,1514990197,422,2018.01.03 14:00,2018.01.03 13:00,2018.01.03 14:00,2018.01.03 13:00,1315.720,0,0
1778460,TIMER,387460,1391000,2018.01.03 14:38:19,1514990299,422,2018.01.03 14:00,2018.01.03 13:00,2018.01.03 14:00,2018.01.03 13:00,1315.720,0,0
1779584,TIMER,387584,1392000,2018.01.03 14:39:59,1514990399,422,2018.01.03 14:00,2018.01.03 13:00,2018.01.03 14:00,2018.01.03 13:00,1315.720,0,0
1780700,TIMER,387700,1393000,2018.01.03 14:41:37,1514990497,422,2018.01.03 14:00,2018.01.03 13:00,2018.01.03 14:00,2018.01.03 13:00,1315.720,0,0
1781793,TIMER,387793,1394000,2018.01.03 14:43:19,1514990599,422,2018.01.03 14:00,2018.01.03 13:00,2018.01.03 14:00,2018.01.03 13:00,1315.720,0,0
1782878,TIMER,387878,1395000,2018.01.03 14:44:56,1514990696,422,2018.01.03 14:00,2018.01.03 13:00,2018.01.03 14:00,2018.01.03 13:00,1315.720,0,0
1783933,TIMER,387933,1396000,2018.01.03 14:46:39,1514990799,422,2018.01.03 14:00,2018.01.03 13:00,2018.01.03 14:00,2018.01.03 13:00,1315.720,0,0
1784348,TICK,388000,1396348,2018.01.03 14:47:14,1514990834,422,2018.01.03 14:00,2018.01.03 13:00,2018.01.03 14:00,2018.01.03 13:00,1315.720,0,0
1785295,TIMER,388295,1397000,2018.01.03 14:48:19,1514990899,422,2018.01.03 14:00,2018.01.03 13:00,2018.01.03 14:00,2018.01.03 13:00,1315.720,0,0
1786352,TIMER,388352,1398000,2018.01.03 14:49:59,1514990999,422,2018.01.03 14:00,2018.01.03 13:00,2018.01.03 14:00,2018.01.03 13:00,1315.720,0,0
1787549,TIMER,388549,1399000,2018.01.03 14:51:37,1514991097,422,2018.01.03 14:00,2018.01.03 13:00,2018.01.03 14:00,2018.01.03 13:00,1315.720,0,0
1788691,TIMER,388691,1400000,2018.01.03 14:53:19,1514991199,422,2018.01.03 14:00,2018.01.03 13:00,2018.01.03 14:00,2018.01.03 13:00,1315.720,0,0
1789706,TICK,389000,1400706,2018.01.03 14:54:30,1514991270,422,2018.01.03 14:00,2018.01.03 13:00,2018.01.03 14:00,2018.01.03 13:00,1315.720,0,0
1790176,TIMER,389176,1401000,2018.01.03 14:54:59,1514991299,422,2018.01.03 14:00,2018.01.03 13:00,2018.01.03 14:00,2018.01.03 13:00,1315.720,0,0
1791749,TIMER,389749,1402000,2018.01.03 14:56:39,1514991399,422,2018.01.03 14:00,2018.01.03 13:00,2018.01.03 14:00,2018.01.03 13:00,1315.720,0,0
1792744,TICK,390000,1402744,2018.01.03 14:57:54,1514991474,422,2018.01.03 14:00,2018.01.03 13:00,2018.01.03 14:00,2018.01.03 13:00,1315.720,0,0
1793178,TIMER,390178,1403000,2018.01.03 14:58:18,1514991498,422,2018.01.03 14:00,2018.01.03 13:00,2018.01.03 14:00,2018.01.03 13:00,1315.720,0,0
1794443,TIMER,390443,1404000,2018.01.03 14:59:59,1514991599,422,2018.01.03 14:00,2018.01.03 13:00,2018.01.03 14:00,2018.01.03 13:00,1315.720,0,0
1795838,TIMER,390838,1405000,2018.01.03 15:01:39,1514991699,422,2018.01.03 15:00,2018.01.03 14:00,2018.01.03 15:00,2018.01.03 14:00,1314.860,0,0
1796693,TICK,391000,1405693,2018.01.03 15:02:49,1514991769,422,2018.01.03 15:00,2018.01.03 14:00,2018.01.03 15:00,2018.01.03 14:00,1314.860,0,0
1797050,TIMER,391050,1406000,2018.01.03 15:03:18,1514991798,422,2018.01.03 15:00,2018.01.03 14:00,2018.01.03 15:00,2018.01.03 14:00,1314.860,0,0
1798160,TIMER,391160,1407000,2018.01.03 15:04:58,1514991898,422,2018.01.03 15:00,2018.01.03 14:00,2018.01.03 15:00,2018.01.03 14:00,1314.860,0,0
1799473,TIMER,391473,1408000,2018.01.03 15:06:39,1514991999,422,2018.01.03 15:00,2018.01.03 14:00,2018.01.03 15:00,2018.01.03 14:00,1314.860,0,0
1800726,TIMER,391726,1409000,2018.01.03 15:08:18,1514992098,422,2018.01.03 15:00,2018.01.03 14:00,2018.01.03 15:00,2018.01.03 14:00,1314.860,0,0
1801333,TICK,392000,1409333,2018.01.03 15:08:53,1514992133,422,2018.01.03 15:00,2018.01.03 14:00,2018.01.03 15:00,2018.01.03 14:00,1314.860,0,0
1802334,TIMER,392334,1410000,2018.01.03 15:09:58,1514992198,422,2018.01.03 15:00,2018.01.03 14:00,2018.01.03 15:00,2018.01.03 14:00,1314.860,0,0
1803553,TIMER,392553,1411000,2018.01.03 15:11:39,1514992299,422,2018.01.03 15:00,2018.01.03 14:00,2018.01.03 15:00,2018.01.03 14:00,1314.860,0,0
1804837,TIMER,392837,1412000,2018.01.03 15:13:19,1514992399,422,2018.01.03 15:00,2018.01.03 14:00,2018.01.03 15:00,2018.01.03 14:00,1314.860,0,0
1805928,TICK,393000,1412928,2018.01.03 15:14:52,1514992492,422,2018.01.03 15:00,2018.01.03 14:00,2018.01.03 15:00,2018.01.03 14:00,1314.860,0,0
1806005,TIMER,393005,1413000,2018.01.03 15:14:56,1514992496,422,2018.01.03 15:00,2018.01.03 14:00,2018.01.03 15:00,2018.01.03 14:00,1314.860,0,0
1807110,TIMER,393110,1414000,2018.01.03 15:16:39,1514992599,422,2018.01.03 15:00,2018.01.03 14:00,2018.01.03 15:00,2018.01.03 14:00,1314.860,0,0
1808324,TIMER,393324,1415000,2018.01.03 15:18:19,1514992699,422,2018.01.03 15:00,2018.01.03 14:00,2018.01.03 15:00,2018.01.03 14:00,1314.860,0,0
1809449,TIMER,393449,1416000,2018.01.03 15:19:59,1514992799,422,2018.01.03 15:00,2018.01.03 14:00,2018.01.03 15:00,2018.01.03 14:00,1314.860,0,0
1810718,TIMER,393718,1417000,2018.01.03 15:21:38,1514992898,422,2018.01.03 15:00,2018.01.03 14:00,2018.01.03 15:00,2018.01.03 14:00,1314.860,0,0
1811876,TIMER,393876,1418000,2018.01.03 15:23:19,1514992999,422,2018.01.03 15:00,2018.01.03 14:00,2018.01.03 15:00,2018.01.03 14:00,1314.860,0,0
1812969,TIMER,393969,1419000,2018.01.03 15:24:59,1514993099,422,2018.01.03 15:00,2018.01.03 14:00,2018.01.03 15:00,2018.01.03 14:00,1314.860,0,0
1813221,TICK,394000,1419221,2018.01.03 15:25:22,1514993122,422,2018.01.03 15:00,2018.01.03 14:00,2018.01.03 15:00,2018.01.03 14:00,1314.860,0,0
1814195,TIMER,394195,1420000,2018.01.03 15:26:39,1514993199,422,2018.01.03 15:00,2018.01.03 14:00,2018.01.03 15:00,2018.01.03 14:00,1314.860,0,0
1815252,TIMER,394252,1421000,2018.01.03 15:28:19,1514993299,422,2018.01.03 15:00,2018.01.03 14:00,2018.01.03 15:00,2018.01.03 14:00,1314.860,0,0
1816453,TIMER,394453,1422000,2018.01.03 15:29:59,1514993399,422,2018.01.03 15:00,2018.01.03 14:00,2018.01.03 15:00,2018.01.03 14:00,1314.860,0,0
1817586,TIMER,394586,1423000,2018.01.03 15:31:39,1514993499,422,2018.01.03 15:00,2018.01.03 14:00,2018.01.03 15:00,2018.01.03 14:00,1314.860,0,0
1818640,TIMER,394640,1424000,2018.01.03 15:33:18,1514993598,422,2018.01.03 15:00,2018.01.03 14:00,2018.01.03 15:00,2018.01.03 14:00,1314.860,0,0
1819877,TIMER,394877,1425000,2018.01.03 15:34:59,1514993699,422,2018.01.03 15:00,2018.01.03 14:00,2018.01.03 15:00,2018.01.03 14:00,1314.860,0,0
1820938,TIMER,394938,1426000,2018.01.03 15:36:34,1514993794,422,2018.01.03 15:00,2018.01.03 14:00,2018.01.03 15:00,2018.01.03 14:00,1314.860,0,0
1821684,TICK,395000,1426684,2018.01.03 15:37:48,1514993868,422,2018.01.03 15:00,2018.01.03 14:00,2018.01.03 15:00,2018.01.03 14:00,1314.860,0,0
1822133,TIMER,395133,1427000,2018.01.03 15:38:19,1514993899,422,2018.01.03 15:00,2018.01.03 14:00,2018.01.03 15:00,2018.01.03 14:00,1314.860,0,0
1823423,TIMER,395423,1428000,2018.01.03 15:39:59,1514993999,422,2018.01.03 15:00,2018.01.03 14:00,2018.01.03 15:00,2018.01.03 14:00,1314.860,0,0
1824585,TIMER,395585,1429000,2018.01.03 15:41:39,1514994099,422,2018.01.03 15:00,2018.01.03 14:00,2018.01.03 15:00,2018.01.03 14:00,1314.860,0,0
1825838,TIMER,395838,1430000,2018.01.03 15:43:19,1514994199,422,2018.01.03 15:00,2018.01.03 14:00,2018.01.03 15:00,2018.01.03 14:00,1314.860,0,0
1826662,TICK,396000,1430662,2018.01.03 15:44:26,1514994266,422,2018.01.03 15:00,2018.01.03 14:00,2018.01.03 15:00,2018.01.03 14:00,1314.860,0,0
1827101,TIMER,396101,1431000,2018.01.03 15:44:59,1514994299,422,2018.01.03 15:00,2018.01.03 14:00,2018.01.03 15:00,2018.01.03 14:00,1314.860,0,0
1828230,TIMER,396230,1432000,2018.01.03 15:46:37,1514994397,422,2018.01.03 15:00,2018.01.03 14:00,2018.01.03 15:00,2018.01.03 14:00,1314.860,0,0
1829394,TIMER,396394,1433000,2018.01.03 15:48:19,1514994499,422,2018.01.03 15:00,2018.01.03 14:00,2018.01.03 15:00,2018.01.03 14:00,1314.860,0,0
1830694,TIMER,396694,1434000,2018.01.03 15:49:59,1514994599,422,2018.01.03 15:00,2018.01.03 14:00,2018.01.03 15:00,2018.01.03 14:00,1314.860,0,0
1831908,TIMER,396908,1435000,2018.01.03 15:51:39,1514994699,422,2018.01.03 15:00,2018.01.03 14:00,2018.01.03 15:00,2018.01.03 14:00,1314.860,0,0
1832460,TICK,397000,1435460,2018.01.03 15:52:26,1514994746,422,2018.01.03 15:00,2018.01.03 14:00,2018.01.03 15:00,2018.01.03 14:00,1314.860,0,0
1833211,TIMER,397211,1436000,2018.01.03 15:53:19,1514994799,422,2018.01.03 15:00,2018.01.03 14:00,2018.01.03 15:00,2018.01.03 14:00,1314.860,0,0
1834408,TIMER,397408,1437000,2018.01.03 15:54:59,1514994899,422,2018.01.03 15:00,2018.01.03 14:00,2018.01.03 15:00,2018.01.03 14:00,1314.860,0,0
1835877,TIMER,397877,1438000,2018.01.03 15:56:39,1514994999,422,2018.01.03 15:00,2018.01.03 14:00,2018.01.03 15:00,2018.01.03 14:00,1314.860,0,0
1836175,TICK,398000,1438175,2018.01.03 15:56:57,1514995017,422,2018.01.03 15:00,2018.01.03 14:00,2018.01.03 15:00,2018.01.03 14:00,1314.860,0,0
1837239,TIMER,398239,1439000,2018.01.03 15:58:15,1514995095,422,2018.01.03 15:00,2018.01.03 14:00,2018.01.03 15:00,2018.01.03 14:00,1314.860,0,0
1838569,TIMER,398569,1440000,2018.01.03 15:59:59,1514995199,422,2018.01.03 15:00,2018.01.03 14:00,2018.01.03 15:00,2018.01.03 14:00,1314.860,0,0
1839783,TIMER,398783,1441000,2018.01.03 16:01:37,1514995297,422,2018.01.03 16:00,2018.01.03 15:00,2018.01.03 16:00,2018.01.03 15:00,1316.440,0,0
1840691,TICK,399000,1441691,2018.01.03 16:02:49,1514995369,422,2018.01.03 16:00,2018.01.03 15:00,2018.01.03 16:00,2018.01.03 15:00,1316.440,0,0
1841069,TIMER,399069,1442000,2018.01.03 16:03:18,1514995398,422,2018.01.03 16:00,2018.01.03 15:00,2018.01.03 16:00,2018.01.03 15:00,1316.440,0,0
1842209,TIMER,399209,1443000,2018.01.03 16:04:59,1514995499,422,2018.01.03 16:00,2018.01.03 15:00,2018.01.03 16:00,2018.01.03 15:00,1316.440,0,0
1843482,TIMER,399482,1444000,2018.01.03 16:06:39,1514995599,422,2018.01.03 16:00,2018.01.03 15:00,2018.01.03 16:00,2018.01.03 15:00,1316.440,0,0
1844703,TIMER,399703,1445000,2018.01.03 16:08:19,1514995699,422,2018.01.03 16:00,2018.01.03 15:00,2018.01.03 16:00,2018.01.03 15:00,1316.440,0,0
1845760,TICK,400000,1445760,2018.01.03 16:09:36,1514995776,422,2018.01.03 16:00,2018.01.03 15:00,2018.01.03 16:00,2018.01.03 15:00,1316.440,0,0
1846111,TIMER,400111,1446000,2018.01.03 16:09:59,1514995799,422,2018.01.03 16:00,2018.01.03 15:00,2018.01.03 16:00,2018.01.03 15:00,1316.440,0,0
1847335,TIMER,400335,1447000,2018.01.03 16:11:39,1514995899,422,2018.01.03 16:00,2018.01.03 15:00,2018.01.03 16:00,2018.01.03 15:00,1316.440,0,0
1848482,TIMER,400482,1448000,2018.01.03 16:13:19,1514995999,422,2018.01.03 16:00,2018.01.03 15:00,2018.01.03 16:00,2018.01.03 15:00,1316.440,0,0
1849658,TIMER,400658,1449000,2018.01.03 16:14:59,1514996099,422,2018.01.03 16:00,2018.01.03 15:00,2018.01.03 16:00,2018.01.03 15:00,1316.440,0,0
1850896,TIMER,400896,1450000,2018.01.03 16:16:39,1514996199,422,2018.01.03 16:00,2018.01.03 15:00,2018.01.03 16:00,2018.01.03 15:00,1316.440,0,0
1851109,TICK,401000,1450109,2018.01.03 16:16:50,1514996210,422,2018.01.03 16:00,2018.01.03 15:00,2018.01.03 16:00,2018.01.03 15:00,1316.440,0,0
1852252,TIMER,401252,1451000,2018.01.03 16:18:18,1514996298,422,2018.01.03 16:00,2018.01.03 15:00,2018.01.03 16:00,2018.01.03 15:00,1316.440,0,0
1853495,TIMER,401495,1452000,2018.01.03 16:19:59,1514996399,422,2018.01.03 16:00,2018.01.03 15:00,2018.01.03 16:00,2018.01.03 15:00,1316.440,0,0
1854666,TIMER,401666,1453000,2018.01.03 16:21:39,1514996499,422,2018.01.03 16:00,2018.01.03 15:00,2018.01.03 16:00,2018.01.03 15:00,1316.440,0,0
1855888,TIMER,401888,1454000,2018.01.03 16:23:19,1514996599,422,2018.01.03 16:00,2018.01.03 15:00,2018.01.03 16:00,2018.01.03 15:00,1316.440,0,0
1856560,TICK,402000,1454560,2018.01.03 16:24:16,1514996656,422,2018.01.03 16:00,2018.01.03 15:00,2018.01.03 16:00,2018.01.03 15:00,1316.440,0,0
1857131,TIMER,402131,1455000,2018.01.03 16:24:58,1514996698,422,2018.01.03 16:00,2018.01.03 15:00,2018.01.03 16:00,2018.01.03 15:00,1316.440,0,0
1858213,TIMER,402213,1456000,2018.01.03 16:26:38,1514996798,422,2018.01.03 16:00,2018.01.03 15:00,2018.01.03 16:00,2018.01.03 15:00,1316.440,0,0
1859369,TIMER,402369,1457000,2018.01.03 16:28:19,1514996899,422,2018.01.03 16:00,2018.01.03 15:00,2018.01.03 16:00,2018.01.03 15:00,1316.440,0,0
1860536,TIMER,402536,1458000,2018.01.03 16:29:59,1514996999,422,2018.01.03 16:00,2018.01.03 15:00,2018.01.03 16:00,2018.01.03 15:00,1316.440,0,0
1861911,TIMER,402911,1459000,2018.01.03 16:31:39,1514997099,422,2018.01.03 16:00,2018.01.03 15:00,2018.01.03 16:00,2018.01.03 15:00,1316.440,0,0
1862226,TICK,403000,1459226,2018.01.03 16:32:02,1514997122,422,2018.01.03 16:00,2018.01.03 15:00,2018.01.03 16:00,2018.01.03 15:00,1316.440,0,0
1863192,TIMER,403192,1460000,2018.01.03 16:33:19,1514997199,422,2018.01.03 16:00,2018.01.03 15:00,2018.01.03 16:00,2018.01.03 15:00,1316.440,0,0
1864466,TIMER,403466,1461000,2018.01.03 16:34:59,1514997299,422,2018.01.03 16:00,2018.01.03 15:00,2018.01.03 16:00,2018.01.03 15:00,1316.440,0,0
1865860,TIMER,403860,1462000,2018.01.03 16:36:39,1514997399,422,2018.01.03 16:00,2018.01.03 15:00,2018.01.03 16:00,2018.01.03 15:00,1316.440,0,0
1866274,TICK,404000,1462274,2018.01.03 16:37:07,1514997427,422,2018.01.03 16:00,2018.01.03 15:00,2018.01.03 16:00,2018.01.03 15:00,1316.440,0,0
1867226,TIMER,404226,1463000,2018.01.03 16:38:19,1514997499,422,2018.01.03 16:00,2018.01.03 15:00,2018.01.03 16:00,2018.01.03 15:00,1316.440,0,0
1868631,TIMER,404631,1464000,2018.01.03 16:39:59,1514997599,422,2018.01.03 16:00,2018.01.03 15:00,2018.01.03 16:00,2018.01.03 15:00,1316.440,0,0
1869574,TICK,405000,1464574,2018.01.03 16:40:57,1514997657,422,2018.01.03 16:00,2018.01.03 15:00,2018.01.03 16:00,2018.01.03 15:00,1316.440,0,0
1870239,TIMER,405239,1465000,2018.01.03 16:41:39,1514997699,422,2018.01.03 16:00,2018.01.03 15:00,2018.01.03 16:00,2018.01.03 15:00,1316.440,0,0
1871733,TIMER,405733,1466000,2018.01.03 16:43:19,1514997799,422,2018.01.03 16:00,2018.01.03 15:00,2018.01.03 16:00,2018.01.03 15:00,1316.440,0,0
1872969,TIMER,405969,1467000,2018.01.03 16:44:59,1514997899,422,2018.01.03 16:00,2018.01.03 15:00,2018.01.03 16:00,2018.01.03 15:00,1316.440,0,0
1873221,TICK,406000,1467221,2018.01.03 16:45:22,1514997922,422,2018.01.03 16:00,2018.01.03 15:00,2018.01.03 16:00,2018.01.03 15:00,1316.440,0,0
1874187,TIMER,406187,1468000,2018.01.03 16:46:39,1514997999,422,2018.01.03 16:00,2018.01.03 15:00,2018.01.03 16:00,2018.01.03 15:00,1316.440,0,0
1875442,TIMER,406442,1469000,2018.01.03 16:48:19,1514998099,422,2018.01.03 16:00,2018.01.03 15:00,2018.01.03 16:00,2018.01.03 15:00,1316.440,0,0
1876749,TIMER,406749,1470000,2018.01.03 16:49:59,1514998199,422,2018.01.03 16:00,2018.01.03 15:00,2018.01.03 16:00,2018.01.03 15:00,1316.440,0,0
1877711,TICK,407000,1470711,2018.01.03 16:51:11,1514998271,422,2018.01.03 16:00,2018.01.03 15:00,2018.01.03 16:00,2018.01.03 15:00,1316.440,0,0
1878134,TIMER,407134,1471000,2018.01.03 16:51:39,1514998299,422,2018.01.03 16:00,2018.01.03 15:00,2018.01.03 16:00,2018.01.03 15:00,1316.440,0,0
1879695,TIMER,407695,1472000,2018.01.03 16:53:19,1514998399,422,2018.01.03 16:00,2018.01.03 15:00,2018.01.03 16:00,2018.01.03 15:00,1316.440,0,0
1880179,TICK,408000,1472179,2018.01.03 16:53:37,1514998417,422,2018.01.03 16:00,2018.01.03 15:00,2018.01.03 16:00,2018.01.03 15:00,1316.440,0,0
1881239,TIMER,408239,1473000,2018.01.03 16:54:59,1514998499,422,2018.01.03 16:00,2018.01.03 15:00,2018.01.03 16:00,2018.01.03 15:00,1316.440,0,0
1882567,TIMER,408567,1474000,2018.01.03 16:56:39,1514998599,422,2018.01.03 16:00,2018.01.03 15:00,2018.01.03 16:00,2018.01.03 15:00,1316.440,0,0
1883885,TIMER,408885,1475000,2018.01.03 16:58:19,1514998699,422,2018.01.03 16:00,2018.01.03 15:00,2018.01.03 16:00,2018.01.03 15:00,1316.440,0,0
1884516,TICK,409000,1475516,2018.01.03 16:59:11,1514998751,422,2018.01.03 16:00,2018.01.03 15:00,2018.01.03 16:00,2018.01.03 15:00,1316.440,0,0
1885359,TIMER,409359,1476000,2018.01.03 16:59:59,1514998799,422,2018.01.03 16:00,2018.01.03 15:00,2018.01.03 16:00,2018.01.03 15:00,1316.440,0,0
1886142,TICK,410000,1476142,2018.01.03 17:00:14,1514998814,422,2018.01.03 17:00,2018.01.03 16:00,2018.01.03 17:00,2018.01.03 16:00,1316.970,0,0
1887513,TICK,411000,1476513,2018.01.03 17:00:51,1514998851,422,2018.01.03 17:00,2018.01.03 16:00,2018.01.03 17:00,2018.01.03 16:00,1316.970,0,0
1888565,TIMER,411565,1477000,2018.01.03 17:01:39,1514998899,422,2018.01.03 17:00,2018.01.03 16:00,2018.01.03 17:00,2018.01.03 16:00,1316.970,0,0
1889295,TICK,412000,1477295,2018.01.03 17:02:09,1514998929,422,2018.01.03 17:00,2018.01.03 16:00,2018.01.03 17:00,2018.01.03 16:00,1316.970,0,0
1890926,TIMER,412926,1478000,2018.01.03 17:03:19,1514998999,422,2018.01.03 17:00,2018.01.03 16:00,2018.01.03 17:00,2018.01.03 16:00,1316.970,0,0
1891100,TICK,413000,1478100,2018.01.03 17:03:30,1514999010,422,2018.01.03 17:00,2018.01.03 16:00,2018.01.03 17:00,2018.01.03 16:00,1316.970,0,0
1892764,TIMER,413764,1479000,2018.01.03 17:04:59,1514999099,422,2018.01.03 17:00,2018.01.03 16:00,2018.01.03 17:00,2018.01.03 16:00,1316.970,0,0
1893544,TICK,414000,1479544,2018.01.03 17:05:54,1514999154,422,2018.01.03 17:00,2018.01.03 16:00,2018.01.03 17:00,2018.01.03 16:00,1316.970,0,0
1894188,TIMER,414188,1480000,2018.01.03 17:06:39,1514999199,422,2018.01.03 17:00,2018.01.03 16:00,2018.01.03 17:00,2018.01.03 16:00,1316.970,0,0
1895540,TIMER,414540,1481000,2018.01.03 17:08:19,1514999299,422,2018.01.03 17:00,2018.01.03 16:00,2018.01.03 17:00,2018.01.03 16:00,1316.970,0,0
1896771,TIMER,414771,1482000,2018.01.03 17:09:59,1514999399,422,2018.01.03 17:00,2018.01.03 16:00,2018.01.03 17:00,2018.01.03 16:00,1316.970,0,0
1897513,TICK,415000,1482513,2018.01.03 17:10:51,1514999451,422,2018.01.03 17:00,2018.01.03 16:00,2018.01.03 17:00,2018.01.03 16:00,1316.970,0,0
1898118,TIMER,415118,1483000,2018.01.03 17:11:39,1514999499,422,2018.01.03 17:00,2018.01.03 16:00,2018.01.03 17:00,2018.01.03 16:00,1316.970,0,0
1899661,TIMER,415661,1484000,2018.01.03 17:13:19,1514999599,422,2018.01.03 17:00,2018.01.03 16:00,2018.01.03 17:00,2018.01.03 16:00,1316.970,0,0
1900659,TICK,416000,1484659,2018.01.03 17:14:25,1514999665,422,2018.01.03 17:00,2018.01.03 16:00,2018.01.03 17:00,2018.01.03 16:00,1316.970,0,0
1901169,TIMER,416169,1485000,2018.01.03 17:14:59,1514999699,422,2018.01.03 17:00,2018.01.03 16:00,2018.01.03 17:00,2018.01.03 16:00,1316.970,0,0
1902444,TIMER,416444,1486000,2018.01.03 17:16:39,1514999799,422,2018.01.03 17:00,2018.01.03 16:00,2018.01.03 17:00,2018.01.03 16:00,1316.970,0,0
1903807,TIMER,416807,1487000,2018.01.03 17:18:17,1514999897,422,2018.01.03 17:00,2018.01.03 16:00,2018.01.03 17:00,2018.01.03 16:00,1316.970,0,0
1904956,TIMER,416956,1488000,2018.01.03 17:19:59,1514999999,422,2018.01.03 17:00,2018.01.03 16:00,2018.01.03 17:00,2018.01.03 16:00,1316.970,0,0
1905477,TICK,417000,1488477,2018.01.03 17:20:47,1515000047,422,2018.01.03 17:00,2018.01.03 16:00,2018.01.03 17:00,2018.01.03 16:00,1316.970,0,0
1906170,TIMER,417170,1489000,2018.01.03 17:21:39,1515000099,422,2018.01.03 17:00,2018.01.03 16:00,2018.01.03 17:00,2018.01.03 16:00,1316.970,0,0
1907987,TIMER,417987,1490000,2018.01.03 17:23:19,1515000199,422,2018.01.03 17:00,2018.01.03 16:00,2018.01.03 17:00,2018.01.03 16:00,1316.970,0,0
1908011,TICK,418000,1490011,2018.01.03 17:23:21,1515000201,422,2018.01.03 17:00,2018.01.03 16:00,2018.01.03 17:00,2018.01.03 16:00,1316.970,0,0
1909690,TIMER,418690,1491000,2018.01.03 17:24:59,1515000299,422,2018.01.03 17:00,2018.01.03 16:00,2018.01.03 17:00,2018.01.03 16:00,1316.970,0,0
1910642,TICK,419000,1491642,2018.01.03 17:26:04,1515000364,422,2018.01.03 17:00,2018.01.03 16:00,2018.01.03 17:00,2018.01.03 16:00,1316.970,0,0
1911097,TIMER,419097,1492000,2018.01.03 17:26:39,1515000399,422,2018.01.03 17:00,2018.01.03 16:00,2018.01.03 17:00,2018.01.03 16:00,1316.970,0,0
1912687,TIMER,419687,1493000,2018.01.03 17:28:19,1515000499,422,2018.01.03 17:00,2018.01.03 16:00,2018.01.03 17:00,2018.01.03 16:00,1316.970,0,0
1913443,TICK,420000,1493443,2018.01.03 17:29:04,1515000544,422,2018.01.03 17:00,2018.01.03 16:00,2018.01.03 17:00,2018.01.03 16:00,1316.970,0,0
1914276,TIMER,420276,1494000,2018.01.03 17:29:59,1515000599,422,2018.01.03 17:00,2018.01.03 16:00,2018.01.03 17:00,2018.01.03 16:00,1316.970,0,0
1915891,TIMER,420891,1495000,2018.01.03 17:31:39,1515000699,422,2018.01.03 17:00,2018.01.03 16:00,2018.01.03 17:00,2018.01.03 16:00,1316.970,0,0
1916204,TICK,421000,1495204,2018.01.03 17:32:00,1515000720,422,2018.01.03 17:00,2018.01.03 16:00,2018.01.03 17:00,2018.01.03 16:00,1316.970,0,0
1917417,TIMER,421417,1496000,2018.01.03 17:33:19,1515000799,422,2018.01.03 17:00,2018.01.03 16:00,2018.01.03 17:00,2018.01.03 16:00,1316.970,0,0
1918960,TIMER,421960,1497000,2018.01.03 17:34:59,1515000899,422,2018.01.03 17:00,2018.01.03 16:00,2018.01.03 17:00,2018.01.03 16:00,1316.970,0,0
1919059,TICK,422000,1497059,2018.01.03 17:35:05,1515000905,422,2018.01.03 17:00,2018.01.03 16:00,2018.01.03 17:00,2018.01.03 16:00,1316.970,0,0
1920337,TIMER,422337,1498000,2018.01.03 17:36:39,1515000999,422,2018.01.03 17:00,2018.01.03 16:00,2018.01.03 17:00,2018.01.03 16:00,1316.970,0,0
1921604,TIMER,422604,1499000,2018.01.03 17:38:19,1515001099,422,2018.01.03 17:00,2018.01.03 16:00,2018.01.03 17:00,2018.01.03 16:00,1316.970,0,0
1922917,TIMER,422917,1500000,2018.01.03 17:39:57,1515001197,422,2018.01.03 17:00,2018.01.03 16:00,2018.01.03 17:00,2018.01.03 16:00,1316.970,0,0
1923468,TICK,423000,1500468,2018.01.03 17:40:46,1515001246,422,2018.01.03 17:00,2018.01.03 16:00,2018.01.03 17:00,2018.01.03 16:00,1316.970,0,0
1924219,TIMER,423219,1501000,2018.01.03 17:41:39,1515001299,422,2018.01.03 17:00,2018.01.03 16:00,2018.01.03 17:00,2018.01.03 16:00,1316.970,0,0
1925476,TIMER,423476,1502000,2018.01.03 17:43:19,1515001399,422,2018.01.03 17:00,2018.01.03 16:00,2018.01.03 17:00,2018.01.03 16:00,1316.970,0,0
1926785,TIMER,423785,1503000,2018.01.03 17:44:59,1515001499,422,2018.01.03 17:00,2018.01.03 16:00,2018.01.03 17:00,2018.01.03 16:00,1316.970,0,0
1927250,TICK,424000,1503250,2018.01.03 17:45:25,1515001525,422,2018.01.03 17:00,2018.01.03 16:00,2018.01.03 17:00,2018.01.03 16:00,1316.970,0,0
1928339,TIMER,424339,1504000,2018.01.03 17:46:39,1515001599,422,2018.01.03 17:00,2018.01.03 16:00,2018.01.03 17:00,2018.01.03 16:00,1316.970,0,0
1929695,TIMER,424695,1505000,2018.01.03 17:48:19,1515001699,422,2018.01.03 17:00,2018.01.03 16:00,2018.01.03 17:00,2018.01.03 16:00,1316.970,0,0
1930695,TICK,425000,1505695,2018.01.03 17:49:29,1515001769,422,2018.01.03 17:00,2018.01.03 16:00,2018.01.03 17:00,2018.01.03 16:00,1316.970,0,0
1931136,TIMER,425136,1506000,2018.01.03 17:49:59,1515001799,422,2018.01.03 17:00,2018.01.03 16:00,2018.01.03 17:00,2018.01.03 16:00,1316.970,0,0
1932695,TIMER,425695,1507000,2018.01.03 17:51:39,1515001899,422,2018.01.03 17:00,2018.01.03 16:00,2018.01.03 17:00,2018.01.03 16:00,1316.970,0,0
1933715,TICK,426000,1507715,2018.01.03 17:52:51,1515001971,422,2018.01.03 17:00,2018.01.03 16:00,2018.01.03 17:00,2018.01.03 16:00,1316.970,0,0
1934130,TIMER,426130,1508000,2018.01.03 17:53:19,1515001999,422,2018.01.03 17:00,2018.01.03 16:00,2018.01.03 17:00,2018.01.03 16:00,1316.970,0,0
1935353,TIMER,426353,1509000,2018.01.03 17:54:59,1515002099,422,2018.01.03 17:00,2018.01.03 16:00,2018.01.03 17:00,2018.01.03 16:00,1316.970,0,0
1936691,TIMER,426691,1510000,2018.01.03 17:56:39,1515002199,422,2018.01.03 17:00,2018.01.03 16:00,2018.01.03 17:00,2018.01.03 16:00,1316.970,0,0
1937918,TICK,427000,1510918,2018.01.03 17:58:11,1515002291,422,2018.01.03 17:00,2018.01.03 16:00,2018.01.03 17:00,2018.01.03 16:00,1316.970,0,0
1938036,TIMER,427036,1511000,2018.01.03 17:58:19,1515002299,422,2018.01.03 17:00,2018.01.03 16:00,2018.01.03 17:00,2018.01.03 16:00,1316.970,0,0
1939249,TIMER,427249,1512000,2018.01.03 17:59:59,1515002399,422,2018.01.03 17:00,2018.01.03 16:00,2018.01.03 17:00,2018.01.03 16:00,1316.970,0,0
1940564,TIMER,427564,1513000,2018.01.03 18:01:39,1515002499,422,2018.01.03 18:00,2018.01.03 17:00,2018.01.03 18:00,2018.01.03 17:00,1316.580,0,0
1941793,TIMER,427793,1514000,2018.01.03 18:03:19,1515002599,422,2018.01.03 18:00,2018.01.03 17:00,2018.01.03 18:00,2018.01.03 17:00,1316.580,0,0
1942952,TIMER,427952,1515000,2018.01.03 18:04:59,1515002699,422,2018.01.03 18:00,2018.01.03 17:00,2018.01.03 18:00,2018.01.03 17:00,1316.580,0,0
1943344,TICK,428000,1515344,2018.01.03 18:05:34,1515002734,422,2018.01.03 18:00,2018.01.03 17:00,2018.01.03 18:00,2018.01.03 17:00,1316.580,0,0
1944063,TIMER,428063,1516000,2018.01.03 18:06:39,1515002799,422,2018.01.03 18:00,2018.01.03 17:00,2018.01.03 18:00,2018.01.03 17:00,1316.580,0,0
1945153,TIMER,428153,1517000,2018.01.03 18:08:17,1515002897,422,2018.01.03 18:00,2018.01.03 17:00,2018.01.03 18:00,2018.01.03 17:00,1316.580,0,0
1946372,TIMER,428372,1518000,2018.01.03 18:09:59,1515002999,422,2018.01.03 18:00,2018.01.03 17:00,2018.01.03 18:00,2018.01.03 17:00,1316.580,0,0
1947469,TIMER,428469,1519000,2018.01.03 18:11:39,1515003099,422,2018.01.03 18:00,2018.01.03 17:00,2018.01.03 18:00,2018.01.03 17:00,1316.580,0,0
1948590,TIMER,428590,1520000,2018.01.03 18:13:18,1515003198,422,2018.01.03 18:00,2018.01.03 17:00,2018.01.03 18:00,2018.01.03 17:00,1316.580,0,0
1949752,TIMER,428752,1521000,2018.01.03 18:14:59,1515003299,422,2018.01.03 18:00,2018.01.03 17:00,2018.01.03 18:00,2018.01.03 17:00,1316.580,0,0
1950906,TIMER,428906,1522000,2018.01.03 18:16:39,1515003399,422,2018.01.03 18:00,2018.01.03 17:00,2018.01.03 18:00,2018.01.03 17:00,1316.580,0,0
1951793,TICK,429000,1522793,2018.01.03 18:17:59,1515003479,422,2018.01.03 18:00,2018.01.03 17:00,2018.01.03 18:00,2018.01.03 17:00,1316.580,0,0
1952041,TIMER,429041,1523000,2018.01.03 18:18:19,1515003499,422,2018.01.03 18:00,2018.01.03 17:00,2018.01.03 18:00,2018.01.03 17:00,1316.580,0,0
1953190,TIMER,429190,1524000,2018.01.03 18:19:59,1515003599,422,2018.01.03 18:00,2018.01.03 17:00,2018.01.03 18:00,2018.01.03 17:00,1316.580,0,0
1954308,TIMER,429308,1525000,2018.01.03 18:21:39,1515003699,422,2018.01.03 18:00,2018.01.03 17:00,2018.01.03 18:00,2018.01.03 17:00,1316.580,0,0
1955388,TIMER,429388,1526000,2018.01.03 18:23:19,1515003799,422,2018.01.03 18:00,2018.01.03 17:00,2018.01.03 18:00,2018.01.03 17:00,1316.580,0,0
1956486,TIMER,429486,1527000,2018.01.03 18:24:59,1515003899,422,2018.01.03 18:00,2018.01.03 17:00,2018.01.03 18:00,2018.01.03 17:00,1316.580,0,0
1957583,TIMER,429583,1528000,2018.01.03 18:26:39,1515003999,422,2018.01.03 18:00,2018.01.03 17:00,2018.01.03 18:00,2018.01.03 17:00,1316.580,0,0
1958646,TIMER,429646,1529000,2018.01.03 18:28:19,1515004099,422,2018.01.03 18:00,2018.01.03 17:00,2018.01.03 18:00,2018.01.03 17:00,1316.580,0,0
1959750,TIMER,429750,1530000,2018.01.03 18:29:59,1515004199,422,2018.01.03 18:00,2018.01.03 17:00,2018.01.03 18:00,2018.01.03 17:00,1316.580,0,0
1960816,TIMER,429816,1531000,2018.01.03 18:31:39,1515004299,422,2018.01.03 18:00,2018.01.03 17:00,2018.01.03 18:00,2018.01.03 17:00,1316.580,0,0
1961890,TIMER,429890,1532000,2018.01.03 18:33:19,1515004399,422,2018.01.03 18:00,2018.01.03 17:00,2018.01.03 18:00,2018.01.03 17:00,1316.580,0,0
1962948,TIMER,429948,1533000,2018.01.03 18:34:59,1515004499,422,2018.01.03 18:00,2018.01.03 17:00,2018.01.03 18:00,2018.01.03 17:00,1316.580,0,0
1963538,TICK,430000,1533538,2018.01.03 18:35:53,1515004553,422,2018.01.03 18:00,2018.01.03 17:00,2018.01.03 18:00,2018.01.03 17:00,1316.580,0,0
1964053,TIMER,430053,1534000,2018.01.03 18:36:37,1515004597,422,2018.01.03 18:00,2018.01.03 17:00,2018.01.03 18:00,2018.01.03 17:00,1316.580,0,0
1965156,TIMER,430156,1535000,2018.01.03 18:38:19,1515004699,422,2018.01.03 18:00,2018.01.03 17:00,2018.01.03 18:00,2018.01.03 17:00,1316.580,0,0
1966207,TIMER,430207,1536000,2018.01.03 18:39:59,1515004799,422,2018.01.03 18:00,2018.01.03 17:00,2018.01.03 18:00,2018.01.03 17:00,1316.580,0,0
1967329,TIMER,430329,1537000,2018.01.03 18:41:39,1515004899,422,2018.01.03 18:00,2018.01.03 17:00,2018.01.03 18:00,2018.01.03 17:00,1316.580,0,0
1968529,TIMER,430529,1538000,2018.01.03 18:43:19,1515004999,422,2018.01.03 18:00,2018.01.03 17:00,2018.01.03 18:00,2018.01.03 17:00,1316.580,0,0
1969594,TIMER,430594,1539000,2018.01.03 18:44:59,1515005099,422,2018.01.03 18:00,2018.01.03 17:00,2018.01.03 18:00,2018.01.03 17:00,1316.580,0,0
1970682,TIMER,430682,1540000,2018.01.03 18:46:39,1515005199,422,2018.01.03 18:00,2018.01.03 17:00,2018.01.03 18:00,2018.01.03 17:00,1316.580,0,0
1971794,TIMER,430794,1541000,2018.01.03 18:48:19,1515005299,422,2018.01.03 18:00,2018.01.03 17:00,2018.01.03 18:00,2018.01.03 17:00,1316.580,0,0
1972877,TIMER,430877,1542000,2018.01.03 18:49:59,1515005399,422,2018.01.03 18:00,2018.01.03 17:00,2018.01.03 18:00,2018.01.03 17:00,1316.580,0,0
1973989,TIMER,430989,1543000,2018.01.03 18:51:38,1515005498,422,2018.01.03 18:00,2018.01.03 17:00,2018.01.03 18:00,2018.01.03 17:00,1316.580,0,0
1974039,TICK,431000,1543039,2018.01.03 18:51:43,1515005503,422,2018.01.03 18:00,2018.01.03 17:00,2018.01.03 18:00,2018.01.03 17:00,1316.580,0,0
1975122,TIMER,431122,1544000,2018.01.03 18:53:19,1515005599,422,2018.01.03 18:00,2018.01.03 17:00,2018.01.03 18:00,2018.01.03 17:00,1316.580,0,0
1976247,TIMER,431247,1545000,2018.01.03 18:54:59,1515005699,422,2018.01.03 18:00,2018.01.03 17:00,2018.01.03 18:00,2018.01.03 17:00,1316.580,0,0
1977396,TIMER,431396,1546000,2018.01.03 18:56:39,1515005799,422,2018.01.03 18:00,2018.01.03 17:00,2018.01.03 18:00,2018.01.03 17:00,1316.580,0,0
1978493,TIMER,431493,1547000,2018.01.03 18:58:19,1515005899,438,2018.01.03 18:00,2018.01.03 17:00,2018.01.03 18:00,2018.01.03 17:00,1316.580,0,0
1979592,TIMER,431592,1548000,2018.01.03 18:59:59,1515005999,438,2018.01.03 18:00,2018.01.03 17:00,2018.01.03 18:00,2018.01.03 17:00,1316.580,0,0
1980678,TIMER,431678,1549000,2018.01.03 19:01:39,1515006099,438,2018.01.03 19:00,2018.01.03 18:00,2018.01.03 19:00,2018.01.03 18:00,1317.050,0,0
1981722,TIMER,431722,1550000,2018.01.03 19:03:19,1515006199,438,2018.01.03 19:00,2018.01.03 18:00,2018.01.03 19:00,2018.01.03 18:00,1317.050,0,0
1982757,TIMER,431757,1551000,2018.01.03 19:04:51,1515006291,438,2018.01.03 19:00,2018.01.03 18:00,2018.01.03 19:00,2018.01.03 18:00,1317.050,0,0
1983848,TIMER,431848,1552000,2018.01.03 19:06:39,1515006399,438,2018.01.03 19:00,2018.01.03 18:00,2018.01.03 19:00,2018.01.03 18:00,1317.050,0,0
1984966,TICK,432000,1552966,2018.01.03 19:08:16,1515006496,438,2018.01.03 19:00,2018.01.03 18:00,2018.01.03 19:00,2018.01.03 18:00,1317.050,0,0
1985003,TIMER,432003,1553000,2018.01.03 19:08:19,1515006499,438,2018.01.03 19:00,2018.01.03 18:00,2018.01.03 19:00,2018.01.03 18:00,1317.050,0,0
1986066,TIMER,432066,1554000,2018.01.03 19:09:59,1515006599,438,2018.01.03 19:00,2018.01.03 18:00,2018.01.03 19:00,2018.01.03 18:00,1317.050,0,0
1987109,TIMER,432109,1555000,2018.01.03 19:11:39,1515006699,438,2018.01.03 19:00,2018.01.03 18:00,2018.01.03 19:00,2018.01.03 18:00,1317.050,0,0
1988169,TIMER,432169,1556000,2018.01.03 19:13:16,1515006796,438,2018.01.03 19:00,2018.01.03 18:00,2018.01.03 19:00,2018.01.03 18:00,1317.050,0,0
1989250,TIMER,432250,1557000,2018.01.03 19:14:59,1515006899,438,2018.01.03 19:00,2018.01.03 18:00,2018.01.03 19:00,2018.01.03 18:00,1317.050,0,0
1990339,TIMER,432339,1558000,2018.01.03 19:16:39,1515006999,438,2018.01.03 19:00,2018.01.03 18:00,2018.01.03 19:00,2018.01.03 18:00,1317.050,0,0
1991410,TIMER,432410,1559000,2018.01.03 19:18:17,1515007097,438,2018.01.03 19:00,2018.01.03 18:00,2018.01.03 19:00,2018.01.03 18:00,1317.050,0,0
1992471,TIMER,432471,1560000,2018.01.03 19:19:53,1515007193,438,2018.01.03 19:00,2018.01.03 18:00,2018.01.03 19:00,2018.01.03 18:00,1317.050,0,0
1993515,TIMER,432515,1561000,2018.01.03 19:21:39,1515007299,438,2018.01.03 19:00,2018.01.03 18:00,2018.01.03 19:00,2018.01.03 18:00,1317.050,0,0
1994560,TIMER,432560,1562000,2018.01.03 19:23:17,1515007397,438,2018.01.03 19:00,2018.01.03 18:00,2018.01.03 19:00,2018.01.03 18:00,1317.050,0,0
1995647,TIMER,432647,1563000,2018.01.03 19:24:58,1515007498,438,2018.01.03 19:00,2018.01.03 18:00,2018.01.03 19:00,2018.01.03 18:00,1317.050,0,0
1996703,TIMER,432703,1564000,2018.01.03 19:26:39,1515007599,438,2018.01.03 19:00,2018.01.03 18:00,2018.01.03 19:00,2018.01.03 18:00,1317.050,0,0
1997752,TIMER,432752,1565000,2018.01.03 19:28:19,1515007699,438,2018.01.03 19:00,2018.01.03 18:00,2018.01.03 19:00,2018.01.03 18:00,1317.050,0,0
1998818,TIMER,432818,1566000,2018.01.03 19:29:59,1515007799,438,2018.01.03 19:00,2018.01.03 18:00,2018.01.03 19:00,2018.01.03 18:00,1317.050,0,0
1999874,TIMER,432874,1567000,2018.01.03 19:31:38,1515007898,438,2018.01.03 19:00,2018.01.03 18:00,2018.01.03 19:00,2018.01.03 18:00,1317.050,0,0
2000954,TIMER,432954,1568000,2018.01.03 19:33:19,1515007999,438,2018.01.03 19:00,2018.01.03 18:00,2018.01.03 19:00,2018.01.03 18:00,1317.050,0,0
2001937,TICK,433000,1568937,2018.01.03 19:34:53,1515008093,438,2018.01.03 19:00,2018.01.03 18:00,2018.01.03 19:00,2018.01.03 18:00,1317.050,0,0
2002004,TIMER,433004,1569000,2018.01.03 19:34:58,1515008098,438,2018.01.03 19:00,2018.01.03 18:00,2018.01.03 19:00,2018.01.03 18:00,1317.050,0,0
2003046,TIMER,433046,1570000,2018.01.03 19:36:39,1515008199,438,2018.01.03 19:00,2018.01.03 18:00,2018.01.03 19:00,2018.01.03 18:00,1317.050,0,0
2004097,TIMER,433097,1571000,2018.01.03 19:38:19,1515008299,438,2018.01.03 19:00,2018.01.03 18:00,2018.01.03 19:00,2018.01.03 18:00,1317.050,0,0
2005148,TIMER,433148,1572000,2018.01.03 19:39:59,1515008399,438,2018.01.03 19:00,2018.01.03 18:00,2018.01.03 19:00,2018.01.03 18:00,1317.050,0,0
2006236,TIMER,433236,1573000,2018.01.03 19:41:38,1515008498,438,2018.01.03 19:00,2018.01.03 18:00,2018.01.03 19:00,2018.01.03 18:00,1317.050,0,0
2007314,TIMER,433314,1574000,2018.01.03 19:43:19,1515008599,438,2018.01.03 19:00,2018.01.03 18:00,2018.01.03 19:00,2018.01.03 18:00,1317.050,0,0
2008345,TIMER,433345,1575000,2018.01.03 19:44:59,1515008699,438,2018.01.03 19:00,2018.01.03 18:00,2018.01.03 19:00,2018.01.03 18:00,1317.050,0,0
2009409,TIMER,433409,1576000,2018.01.03 19:46:39,1515008799,438,2018.01.03 19:00,2018.01.03 18:00,2018.01.03 19:00,2018.01.03 18:00,1317.050,0,0
2010459,TIMER,433459,1577000,2018.01.03 19:48:19,1515008899,438,2018.01.03 19:00,2018.01.03 18:00,2018.01.03 19:00,2018.01.03 18:00,1317.050,0,0
2011522,TIMER,433522,1578000,2018.01.03 19:49:58,1515008998,438,2018.01.03 19:00,2018.01.03 18:00,2018.01.03 19:00,2018.01.03 18:00,1317.050,0,0
2012566,TIMER,433566,1579000,2018.01.03 19:51:37,1515009097,438,2018.01.03 19:00,2018.01.03 18:00,2018.01.03 19:00,2018.01.03 18:00,1317.050,0,0
2013641,TIMER,433641,1580000,2018.01.03 19:53:19,1515009199,438,2018.01.03 19:00,2018.01.03 18:00,2018.01.03 19:00,2018.01.03 18:00,1317.050,0,0
2014676,TIMER,433676,1581000,2018.01.03 19:54:57,1515009297,438,2018.01.03 19:00,2018.01.03 18:00,2018.01.03 19:00,2018.01.03 18:00,1317.050,0,0
2015725,TIMER,433725,1582000,2018.01.03 19:56:40,1515009400,438,2018.01.03 19:00,2018.01.03 18:00,2018.01.03 19:00,2018.01.03 18:00,1317.050,0,0
2016765,TIMER,433765,1583000,2018.01.03 19:58:17,1515009497,438,2018.01.03 19:00,2018.01.03 18:00,2018.01.03 19:00,2018.01.03 18:00,1317.050,0,0
2017820,TIMER,433820,1584000,2018.01.03 19:59:59,1515009599,438,2018.01.03 19:00,2018.01.03 18:00,2018.01.03 19:00,2018.01.03 18:00,1317.050,0,0
2018881,TIMER,433881,1585000,2018.01.03 20:01:38,1515009698,438,2018.01.03 20:00,2018.01.03 19:00,2018.01.03 20:00,2018.01.03 19:00,1315.870,0,0
2019935,TIMER,433935,1586000,2018.01.03 20:03:17,1515009797,438,2018.01.03 20:00,2018.01.03 19:00,2018.01.03 20:00,2018.01.03 19:00,1315.870,0,0
2020946,TICK,434000,1586946,2018.01.03 20:04:54,1515009894,438,2018.01.03 20:00,2018.01.03 19:00,2018.01.03 20:00,2018.01.03 19:00,1315.870,0,0
2021006,TIMER,434006,1587000,2018.01.03 20:04:59,1515009899,438,2018.01.03 20:00,2018.01.03 19:00,2018.01.03 20:00,2018.01.03 19:00,1315.870,0,0
2022056,TIMER,434056,1588000,2018.01.03 20:06:39,1515009999,438,2018.01.03 20:00,2018.01.03 19:00,2018.01.03 20:00,2018.01.03 19:00,1315.870,0,0
2023087,TIMER,434087,1589000,2018.01.03 20:08:17,1515010097,438,2018.01.03 20:00,2018.01.03 19:00,2018.01.03 20:00,2018.01.03 19:00,1315.870,0,0
2024171,TIMER,434171,1590000,2018.01.03 20:09:59,1515010199,438,2018.01.03 20:00,2018.01.03 19:00,2018.01.03 20:00,2018.01.03 19:00,1315.870,0,0
2025251,TIMER,434251,1591000,2018.01.03 20:11:35,1515010295,438,2018.01.03 20:00,2018.01.03 19:00,2018.01.03 20:00,2018.01.03 19:00,1315.870,0,0
2026271,TIMER,434271,1592000,2018.01.03 20:13:19,1515010399,438,2018.01.03 20:00,2018.01.03 19:00,2018.01.03 20:00,2018.01.03 19:00,1315.870,0,0
2027346,TIMER,434346,1593000,2018.01.03 20:14:57,1515010497,438,2018.01.03 20:00,2018.01.03 19:00,2018.01.03 20:00,2018.01.03 19:00,1315.870,0,0
2028419,TIMER,434419,1594000,2018.01.03 20:16:39,1515010599,438,2018.01.03 20:00,2018.01.03 19:00,2018.01.03 20:00,2018.01.03 19:00,1315.870,0,0
2029498,TIMER,434498,1595000,2018.01.03 20:18:13,1515010693,438,2018.01.03 20:00,2018.01.03 19:00,2018.01.03 20:00,2018.01.03 19:00,1315.870,0,0
2030548,TIMER,434548,1596000,2018.01.03 20:19:59,1515010799,438,2018.01.03 20:00,2018.01.03 19:00,2018.01.03 20:00,2018.01.03 19:00,1315.870,0,0
2031661,TIMER,434661,1597000,2018.01.03 20:21:39,1515010899,438,2018.01.03 20:00,2018.01.03 19:00,2018.01.03 20:00,2018.01.03 19:00,1315.870,0,0
2032745,TIMER,434745,1598000,2018.01.03 20:23:19,1515010999,438,2018.01.03 20:00,2018.01.03 19:00,2018.01.03 20:00,2018.01.03 19:00,1315.870,0,0
2033781,TIMER,434781,1599000,2018.01.03 20:24:59,1515011099,438,2018.01.03 20:00,2018.01.03 19:00,2018.01.03 20:00,2018.01.03 19:00,1315.870,0,0
2034811,TIMER,434811,1600000,2018.01.03 20:26:34,1515011194,438,2018.01.03 20:00,2018.01.03 19:00,2018.01.03 20:00,2018.01.03 19:00,1315.870,0,0
2035841,TIMER,434841,1601000,2018.01.03 20:28:19,1515011299,438,2018.01.03 20:00,2018.01.03 19:00,2018.01.03 20:00,2018.01.03 19:00,1315.870,0,0
2036900,TIMER,434900,1602000,2018.01.03 20:29:59,1515011399,438,2018.01.03 20:00,2018.01.03 19:00,2018.01.03 20:00,2018.01.03 19:00,1315.870,0,0
2037946,TIMER,434946,1603000,2018.01.03 20:31:39,1515011499,438,2018.01.03 20:00,2018.01.03 19:00,2018.01.03 20:00,2018.01.03 19:00,1315.870,0,0
2038339,TICK,435000,1603339,2018.01.03 20:32:13,1515011533,438,2018.01.03 20:00,2018.01.03 19:00,2018.01.03 20:00,2018.01.03 19:00,1315.870,0,0
2039017,TIMER,435017,1604000,2018.01.03 20:33:19,1515011599,438,2018.01.03 20:00,2018.01.03 19:00,2018.01.03 20:00,2018.01.03 19:00,1315.870,0,0
2040035,TIMER,435035,1605000,2018.01.03 20:34:59,1515011699,438,2018.01.03 20:00,2018.01.03 19:00,2018.01.03 20:00,2018.01.03 19:00,1315.870,0,0
2041073,TIMER,435073,1606000,2018.01.03 20:36:36,1515011796,438,2018.01.03 20:00,2018.01.03 19:00,2018.01.03 20:00,2018.01.03 19:00,1315.870,0,0
2042101,TIMER,435101,1607000,2018.01.03 20:38:17,1515011897,438,2018.01.03 20:00,2018.01.03 19:00,2018.01.03 20:00,2018.01.03 19:00,1315.870,0,0
2043125,TIMER,435125,1608000,2018.01.03 20:39:56,1515011996,438,2018.01.03 20:00,2018.01.03 19:00,2018.01.03 20:00,2018.01.03 19:00,1315.870,0,0
2044159,TIMER,435159,1609000,2018.01.03 20:41:38,1515012098,438,2018.01.03 20:00,2018.01.03 19:00,2018.01.03 20:00,2018.01.03 19:00,1315.870,0,0
2045238,TIMER,435238,1610000,2018.01.03 20:43:19,1515012199,438,2018.01.03 20:00,2018.01.03 19:00,2018.01.03 20:00,2018.01.03 19:00,1315.870,0,0
2046314,TIMER,435314,1611000,2018.01.03 20:44:59,1515012299,438,2018.01.03 20:00,2018.01.03 19:00,2018.01.03 20:00,2018.01.03 19:00,1315.870,0,0
2047369,TIMER,435369,1612000,2018.01.03 20:46:32,1515012392,438,2018.01.03 20:00,2018.01.03 19:00,2018.01.03 20:00,2018.01.03 19:00,1315.870,0,0
2048468,TIMER,435468,1613000,2018.01.03 20:48:18,1515012498,438,2018.01.03 20:00,2018.01.03 19:00,2018.01.03 20:00,2018.01.03 19:00,1315.870,0,0
2049535,TIMER,435535,1614000,2018.01.03 20:49:59,1515012599,438,2018.01.03 20:00,2018.01.03 19:00,2018.01.03 20:00,2018.01.03 19:00,1315.870,0,0
2050584,TIMER,435584,1615000,2018.01.03 20:51:35,1515012695,438,2018.01.03 20:00,2018.01.03 19:00,2018.01.03 20:00,2018.01.03 19:00,1315.870,0,0
2051631,TIMER,435631,1616000,2018.01.03 20:53:19,1515012799,438,2018.01.03 20:00,2018.01.03 19:00,2018.01.03 20:00,2018.01.03 19:00,1315.870,0,0
2052683,TIMER,435683,1617000,2018.01.03 20:54:59,1515012899,438,2018.01.03 20:00,2018.01.03 19:00,2018.01.03 20:00,2018.01.03 19:00,1315.870,0,0
2053767,TIMER,435767,1618000,2018.01.03 20:56:39,1515012999,438,2018.01.03 20:00,2018.01.03 19:00,2018.01.03 20:00,2018.01.03 19:00,1315.870,0,0
2054870,TIMER,435870,1619000,2018.01.03 20:58:19,1515013099,438,2018.01.03 20:00,2018.01.03 19:00,2018.01.03 20:00,2018.01.03 19:00,1315.870,0,0
2055415,TICK,436000,1619415,2018.01.03 20:59:01,1515013141,438,2018.01.03 20:00,2018.01.03 19:00,2018.01.03 20:00,2018.01.03 19:00,1315.870,0,0
2056402,TIMER,436402,1620000,2018.01.03 20:59:59,1515013199,438,2018.01.03 20:00,2018.01.03 19:00,2018.01.03 20:00,2018.01.03 19:00,1315.870,0,0
2057343,TICK,437000,1620343,2018.01.03 21:00:34,1515013234,438,2018.01.03 21:00,2018.01.03 20:00,2018.01.03 21:00,2018.01.03 20:00,1316.230,0,0
2058811,TIMER,437811,1621000,2018.01.03 21:01:39,1515013299,438,2018.01.03 21:00,2018.01.03 20:00,2018.01.03 21:00,2018.01.03 20:00,1316.230,0,0
2059229,TICK,438000,1621229,2018.01.03 21:02:02,1515013322,438,2018.01.03 21:00,2018.01.03 20:00,2018.01.03 21:00,2018.01.03 20:00,1316.230,0,0
2060872,TICK,439000,1621872,2018.01.03 21:03:07,1515013387,438,2018.01.03 21:00,2018.01.03 20:00,2018.01.03 21:00,2018.01.03 20:00,1316.230,0,0
2061125,TIMER,439125,1622000,2018.01.03 21:03:19,1515013399,438,2018.01.03 21:00,2018.01.03 20:00,2018.01.03 21:00,2018.01.03 20:00,1316.230,0,0
2062848,TIMER,439848,1623000,2018.01.03 21:04:59,1515013499,438,2018.01.03 21:00,2018.01.03 20:00,2018.01.03 21:00,2018.01.03 20:00,1316.230,0,0
2063128,TICK,440000,1623128,2018.01.03 21:05:12,1515013512,438,2018.01.03 21:00,2018.01.03 20:00,2018.01.03 21:00,2018.01.03 20:00,1316.230,0,0
2064588,TIMER,440588,1624000,2018.01.03 21:06:39,1515013599,438,2018.01.03 21:00,2018.01.03 20:00,2018.01.03 21:00,2018.01.03 20:00,1316.230,0,0
2065201,TICK,441000,1624201,2018.01.03 21:07:00,1515013620,438,2018.01.03 21:00,2018.01.03 20:00,2018.01.03 21:00,2018.01.03 20:00,1316.230,0,0
2066700,TICK,442000,1624700,2018.01.03 21:07:50,1515013670,438,2018.01.03 21:00,2018.01.03 20:00,2018.01.03 21:00,2018.01.03 20:00,1316.230,0,0
2067525,TIMER,442525,1625000,2018.01.03 21:08:19,1515013699,438,2018.01.03 21:00,2018.01.03 20:00,2018.01.03 21:00,2018.01.03 20:00,1316.230,0,0
2068386,TICK,443000,1625386,2018.01.03 21:08:58,1515013738,438,2018.01.03 21:00,2018.01.03 20:00,2018.01.03 21:00,2018.01.03 20:00,1316.230,0,0
2069983,TICK,444000,1625983,2018.01.03 21:09:58,1515013798,438,2018.01.03 21:00,2018.01.03 20:00,2018.01.03 21:00,2018.01.03 20:00,1316.230,0,0
2070051,TIMER,444051,1626000,2018.01.03 21:09:59,1515013799,438,2018.01.03 21:00,2018.01.03 20:00,2018.01.03 21:00,2018.01.03 20:00,1316.230,0,0
2071604,TICK,445000,1626604,2018.01.03 21:11:00,1515013860,438,2018.01.03 21:00,2018.01.03 20:00,2018.01.03 21:00,2018.01.03 20:00,1316.230,0,0
2072467,TIMER,445467,1627000,2018.01.03 21:11:39,1515013899,438,2018.01.03 21:00,2018.01.03 20:00,2018.01.03 21:00,2018.01.03 20:00,1316.230,0,0
2073643,TICK,446000,1627643,2018.01.03 21:12:44,1515013964,438,2018.01.03 21:00,2018.01.03 20:00,2018.01.03 21:00,2018.01.03 20:00,1316.230,0,0
2074564,TIMER,446564,1628000,2018.01.03 21:13:19,1515013999,438,2018.01.03 21:00,2018.01.03 20:00,2018.01.03 21:00,2018.01.03 20:00,1316.230,0,0
2075570,TICK,447000,1628570,2018.01.03 21:14:17,1515014057,438,2018.01.03 21:00,2018.01.03 20:00,2018.01.03 21:00,2018.01.03 20:00,1316.230,0,0
2076136,TIMER,447136,1629000,2018.01.03 21:14:59,1515014099,438,2018.01.03 21:00,2018.01.03 20:00,2018.01.03 21:00,2018.01.03 20:00,1316.230,0,0
2077945,TICK,448000,1629945,2018.01.03 21:16:34,1515014194,438,2018.01.03 21:00,2018.01.03 20:00,2018.01.03 21:00,2018.01.03 20:00,1316.230,0,0
2078134,TIMER,448134,1630000,2018.01.03 21:16:39,1515014199,438,2018.01.03 21:00,2018.01.03 20:00,2018.01.03 21:00,2018.01.03 20:00,1316.230,0,0
2079716,TICK,449000,1630716,2018.01.03 21:17:51,1515014271,438,2018.01.03 21:00,2018.01.03 20:00,2018.01.03 21:00,2018.01.03 20:00,1316.230,0,0
2080267,TIMER,449267,1631000,2018.01.03 21:18:19,1515014299,438,2018.01.03 21:00,2018.01.03 20:00,2018.01.03 21:00,2018.01.03 20:00,1316.230,0,0
2081950,TICK,450000,1631950,2018.01.03 21:19:55,1515014395,438,2018.01.03 21:00,2018.01.03 20:00,2018.01.03 21:00,2018.01.03 20:00,1316.230,0,0
2082019,TIMER,450019,1632000,2018.01.03 21:19:59,1515014399,438,2018.01.03 21:00,2018.01.03 20:00,2018.01.03 21:00,2018.01.03 20:00,1316.230,0,0
2083907,TIMER,450907,1633000,2018.01.03 21:21:39,1515014499,438,2018.01.03 21:00,2018.01.03 20:00,2018.01.03 21:00,2018.01.03 20:00,1316.230,0,0
2084308,TICK,451000,1633308,2018.01.03 21:22:10,1515014530,438,2018.01.03 21:00,2018.01.03 20:00,2018.01.03 21:00,2018.01.03 20:00,1316.230,0,0
2085490,TIMER,451490,1634000,2018.01.03 21:23:19,1515014599,438,2018.01.03 21:00,2018.01.03 20:00,2018.01.03 21:00,2018.01.03 20:00,1316.230,0,0
2086950,TIMER,451950,1635000,2018.01.03 21:24:59,1515014699,438,2018.01.03 21:00,2018.01.03 20:00,2018.01.03 21:00,2018.01.03 20:00,1316.230,0,0
2087174,TICK,452000,1635174,2018.01.03 21:25:17,1515014717,438,2018.01.03 21:00,2018.01.03 20:00,2018.01.03 21:00,2018.01.03 20:00,1316.230,0,0
2088384,TIMER,452384,1636000,2018.01.03 21:26:39,1515014799,438,2018.01.03 21:00,2018.01.03 20:00,2018.01.03 21:00,2018.01.03 20:00,1316.230,0,0
2089557,TICK,453000,1636557,2018.01.03 21:27:35,1515014855,438,2018.01.03 21:00,2018.01.03 20:00,2018.01.03 21:00,2018.01.03 20:00,1316.230,0,0
2090521,TIMER,453521,1637000,2018.01.03 21:28:19,1515014899,438,2018.01.03 21:00,2018.01.03 20:00,2018.01.03 21:00,2018.01.03 20:00,1316.230,0,0
2091887,TIMER,453887,1638000,2018.01.03 21:29:59,1515014999,438,2018.01.03 21:00,2018.01.03 20:00,2018.01.03 21:00,2018.01.03 20:00,1316.230,0,0
2092511,TICK,454000,1638511,2018.01.03 21:30:51,1515015051,438,2018.01.03 21:00,2018.01.03 20:00,2018.01.03 21:00,2018.01.03 20:00,1316.230,0,0
2093406,TIMER,454406,1639000,2018.01.03 21:31:39,1515015099,438,2018.01.03 21:00,2018.01.03 20:00,2018.01.03 21:00,2018.01.03 20:00,1316.230,0,0
2094813,TICK,455000,1639813,2018.01.03 21:33:01,1515015181,438,2018.01.03 21:00,2018.01.03 20:00,2018.01.03 21:00,2018.01.03 20:00,1316.230,0,0
2095081,TIMER,455081,1640000,2018.01.03 21:33:19,1515015199,438,2018.01.03 21:00,2018.01.03 20:00,2018.01.03 21:00,2018.01.03 20:00,1316.230,0,0
2096607,TIMER,455607,1641000,2018.01.03 21:34:59,1515015299,438,2018.01.03 21:00,2018.01.03 20:00,2018.01.03 21:00,2018.01.03 20:00,1316.230,0,0
2097638,TICK,456000,1641638,2018.01.03 21:36:03,1515015363,438,2018.01.03 21:00,2018.01.03 20:00,2018.01.03 21:00,2018.01.03 20:00,1316.230,0,0
2098089,TIMER,456089,1642000,2018.01.03 21:36:39,1515015399,438,2018.01.03 21:00,2018.01.03 20:00,2018.01.03 21:00,2018.01.03 20:00,1316.230,0,0
2099540,TIMER,456540,1643000,2018.01.03 21:38:19,1515015499,438,2018.01.03 21:00,2018.01.03 20:00,2018.01.03 21:00,2018.01.03 20:00,1316.230,0,0
2100905,TICK,457000,1643905,2018.01.03 21:39:50,1515015590,438,2018.01.03 21:00,2018.01.03 20:00,2018.01.03 21:00,2018.01.03 20:00,1316.230,0,0
2101058,TIMER,457058,1644000,2018.01.03 21:39:59,1515015599,438,2018.01.03 21:00,2018.01.03 20:00,2018.01.03 21:00,2018.01.03 20:00,1316.230,0,0
2102455,TIMER,457455,1645000,2018.01.03 21:41:39,1515015699,438,2018.01.03 21:00,2018.01.03 20:00,2018.01.03 21:00,2018.01.03 20:00,1316.230,0,0
2103830,TIMER,457830,1646000,2018.01.03 21:43:17,1515015797,438,2018.01.03 21:00,2018.01.03 20:00,2018.01.03 21:00,2018.01.03 20:00,1316.230,0,0
2104532,TICK,458000,1646532,2018.01.03 21:44:13,1515015853,438,2018.01.03 21:00,2018.01.03 20:00,2018.01.03 21:00,2018.01.03 20:00,1316.230,0,0
2105194,TIMER,458194,1647000,2018.01.03 21:44:59,1515015899,438,2018.01.03 21:00,2018.01.03 20:00,2018.01.03 21:00,2018.01.03 20:00,1316.230,0,0
2106923,TIMER,458923,1648000,2018.01.03 21:46:39,1515015999,438,2018.01.03 21:00,2018.01.03 20:00,2018.01.03 21:00,2018.01.03 20:00,1316.230,0,0
2107166,TICK,459000,1648166,2018.01.03 21:46:56,1515016016,438,2018.01.03 21:00,2018.01.03 20:00,2018.01.03 21:00,2018.01.03 20:00,1316.230,0,0
2108240,TIMER,459240,1649000,2018.01.03 21:48:17,1515016097,438,2018.01.03 21:00,2018.01.03 20:00,2018.01.03 21:00,2018.01.03 20:00,1316.230,0,0
2109575,TIMER,459575,1650000,2018.01.03 21:49:59,1515016199,438,2018.01.03 21:00,2018.01.03 20:00,2018.01.03 21:00,2018.01.03 20:00,1316.230,0,0
2110890,TIMER,459890,1651000,2018.01.03 21:51:39,1515016299,438,2018.01.03 21:00,2018.01.03 20:00,2018.01.03 21:00,2018.01.03 20:00,1316.230,0,0
2111747,TICK,460000,1651747,2018.01.03 21:52:54,1515016374,438,2018.01.03 21:00,2018.01.03 20:00,2018.01.03 21:00,2018.01.03 20:00,1316.230,0,0
2112073,TIMER,460073,1652000,2018.01.03 21:53:19,1515016399,438,2018.01.03 21:00,2018.01.03 20:00,2018.01.03 21:00,2018.01.03 20:00,1316.230,0,0
2113910,TIMER,460910,1653000,2018.01.03 21:54:59,1515016499,438,2018.01.03 21:00,2018.01.03 20:00,2018.01.03 21:00,2018.01.03 20:00,1316.230,0,0
2114066,TICK,461000,1653066,2018.01.03 21:55:06,1515016506,438,2018.01.03 21:00,2018.01.03 20:00,2018.01.03 21:00,2018.01.03 20:00,1316.230,0,0
2115461,TIMER,461461,1654000,2018.01.03 21:56:39,1515016599,438,2018.01.03 21:00,2018.01.03 20:00,2018.01.03 21:00,2018.01.03 20:00,1316.230,0,0
2116777,TIMER,461777,1655000,2018.01.03 21:58:18,1515016698,438,2018.01.03 21:00,2018.01.03 20:00,2018.01.03 21:00,2018.01.03 20:00,1316.230,0,0
2117584,TICK,462000,1655584,2018.01.03 21:59:18,1515016758,438,2018.01.03 21:00,2018.01.03 20:00,2018.01.03 21:00,2018.01.03 20:00,1316.230,0,0
2118276,TIMER,462276,1656000,2018.01.03 21:59:59,1515016799,438,2018.01.03 21:00,2018.01.03 20:00,2018.01.03 21:00,2018.01.03 20:00,1316.230,0,0
2119870,TIMER,462870,1657000,2018.01.03 22:01:39,1515016899,438,2018.01.03 22:00,2018.01.03 21:00,2018.01.03 22:00,2018.01.03 21:00,1313.010,0,0
2120387,TICK,463000,1657387,2018.01.03 22:02:18,1515016938,438,2018.01.03 22:00,2018.01.03 21:00,2018.01.03 22:00,2018.01.03 21:00,1313.010,0,0
2121173,TIMER,463173,1658000,2018.01.03 22:03:19,1515016999,438,2018.01.03 22:00,2018.01.03 21:00,2018.01.03 22:00,2018.01.03 21:00,1313.010,0,0
2122414,TIMER,463414,1659000,2018.01.03 22:04:59,1515017099,438,2018.01.03 22:00,2018.01.03 21:00,2018.01.03 22:00,2018.01.03 21:00,1313.010,0,0
2123956,TIMER,463956,1660000,2018.01.03 22:06:39,1515017199,438,2018.01.03 22:00,2018.01.03 21:00,2018.01.03 22:00,2018.01.03 21:00,1313.010,0,0
2124126,TICK,464000,1660126,2018.01.03 22:06:52,1515017212,438,2018.01.03 22:00,2018.01.03 21:00,2018.01.03 22:00,2018.01.03 21:00,1313.010,0,0
2125178,TIMER,464178,1661000,2018.01.03 22:08:19,1515017299,438,2018.01.03 22:00,2018.01.03 21:00,2018.01.03 22:00,2018.01.03 21:00,1313.010,0,0
2126566,TIMER,464566,1662000,2018.01.03 22:09:59,1515017399,438,2018.01.03 22:00,2018.01.03 21:00,2018.01.03 22:00,2018.01.03 21:00,1313.010,0,0
2127724,TIMER,464724,1663000,2018.01.03 22:11:39,1515017499,438,2018.01.03 22:00,2018.01.03 21:00,2018.01.03 22:00,2018.01.03 21:00,1313.010,0,0
2128942,TIMER,464942,1664000,2018.01.03 22:13:19,1515017599,438,2018.01.03 22:00,2018.01.03 21:00,2018.01.03 22:00,2018.01.03 21:00,1313.010,0,0
2129061,TICK,465000,1664061,2018.01.03 22:13:26,1515017606,438,2018.01.03 22:00,2018.01.03 21:00,2018.01.03 22:00,2018.01.03 21:00,1313.010,0,0
2130488,TIMER,465488,1665000,2018.01.03 22:14:59,1515017699,438,2018.01.03 22:00,2018.01.03 21:00,2018.01.03 22:00,2018.01.03 21:00,1313.010,0,0
2131858,TIMER,465858,1666000,2018.01.03 22:16:39,1515017799,438,2018.01.03 22:00,2018.01.03 21:00,2018.01.03 22:00,2018.01.03 21:00,1313.010,0,0
2132786,TICK,466000,1666786,2018.01.03 22:17:58,1515017878,438,2018.01.03 22:00,2018.01.03 21:00,2018.01.03 22:00,2018.01.03 21:00,1313.010,0,0
2133085,TIMER,466085,1667000,2018.01.03 22:18:17,1515017897,438,2018.01.03 22:00,2018.01.03 21:00,2018.01.03 22:00,2018.01.03 21:00,1313.010,0,0
2134337,TIMER,466337,1668000,2018.01.03 22:19:57,1515017997,438,2018.01.03 22:00,2018.01.03 21:00,2018.01.03 22:00,2018.01.03 21:00,1313.010,0,0
2135503,TIMER,466503,1669000,2018.01.03 22:21:36,1515018096,438,2018.01.03 22:00,2018.01.03 21:00,2018.01.03 22:00,2018.01.03 21:00,1313.010,0,0
2136947,TIMER,466947,1670000,2018.01.03 22:23:19,1515018199,438,2018.01.03 22:00,2018.01.03 21:00,2018.01.03 22:00,2018.01.03 21:00,1313.010,0,0
2137397,TICK,467000,1670397,2018.01.03 22:23:59,1515018239,438,2018.01.03 22:00,2018.01.03 21:00,2018.01.03 22:00,2018.01.03 21:00,1313.010,0,0
2138042,TIMER,467042,1671000,2018.01.03 22:24:58,1515018298,438,2018.01.03 22:00,2018.01.03 21:00,2018.01.03 22:00,2018.01.03 21:00,1313.010,0,0
2139419,TICK,468000,1671419,2018.01.03 22:25:41,1515018341,438,2018.01.03 22:00,2018.01.03 21:00,2018.01.03 22:00,2018.01.03 21:00,1313.010,0,0
2140593,TIMER,468593,1672000,2018.01.03 22:26:39,1515018399,438,2018.01.03 22:00,2018.01.03 21:00,2018.01.03 22:00,2018.01.03 21:00,1313.010,0,0
2141870,TIMER,468870,1673000,2018.01.03 22:28:19,1515018499,438,2018.01.03 22:00,2018.01.03 21:00,2018.01.03 22:00,2018.01.03 21:00,1313.010,0,0
2142315,TICK,469000,1673315,2018.01.03 22:28:51,1515018531,438,2018.01.03 22:00,2018.01.03 21:00,2018.01.03 22:00,2018.01.03 21:00,1313.010,0,0
2143310,TIMER,469310,1674000,2018.01.03 22:29:58,1515018598,438,2018.01.03 22:00,2018.01.03 21:00,2018.01.03 22:00,2018.01.03 21:00,1313.010,0,0
2144423,TIMER,469423,1675000,2018.01.03 22:31:39,1515018699,438,2018.01.03 22:00,2018.01.03 21:00,2018.01.03 22:00,2018.01.03 21:00,1313.010,0,0
2145842,TIMER,469842,1676000,2018.01.03 22:33:19,1515018799,438,2018.01.03 22:00,2018.01.03 21:00,2018.01.03 22:00,2018.01.03 21:00,1313.010,0,0
2146061,TICK,470000,1676061,2018.01.03 22:33:26,1515018806,438,2018.01.03 22:00,2018.01.03 21:00,2018.01.03 22:00,2018.01.03 21:00,1313.010,0,0
2147497,TIMER,470497,1677000,2018.01.03 22:34:59,1515018899,438,2018.01.03 22:00,2018.01.03 21:00,2018.01.03 22:00,2018.01.03 21:00,1313.010,0,0
2148619,TICK,471000,1677619,2018.01.03 22:36:01,1515018961,438,2018.01.03 22:00,2018.01.03 21:00,2018.01.03 22:00,2018.01.03 21:00,1313.010,0,0
2149421,TIMER,471421,1678000,2018.01.03 22:36:39,1515018999,438,2018.01.03 22:00,2018.01.03 21:00,2018.01.03 22:00,2018.01.03 21:00,1313.010,0,0
2150585,TIMER,471585,1679000,2018.01.03 22:38:18,1515019098,438,2018.01.03 22:00,2018.01.03 21:00,2018.01.03 22:00,2018.01.03 21:00,1313.010,0,0
2151653,TIMER,471653,1680000,2018.01.03 22:39:58,1515019198,438,2018.01.03 22:00,2018.01.03 21:00,2018.01.03 22:00,2018.01.03 21:00,1313.010,0,0
2152794,TIMER,471794,1681000,2018.01.03 22:41:39,1515019299,438,2018.01.03 22:00,2018.01.03 21:00,2018.01.03 22:00,2018.01.03 21:00,1313.010,0,0
2153911,TIMER,471911,1682000,2018.01.03 22:43:19,1515019399,438,2018.01.03 22:00,2018.01.03 21:00,2018.01.03 22:00,2018.01.03 21:00,1313.010,0,0
2154317,TICK,472000,1682317,2018.01.03 22:43:51,1515019431,438,2018.01.03 22:00,2018.01.03 21:00,2018.01.03 22:00,2018.01.03 21:00,1313.010,0,0
2155195,TIMER,472195,1683000,2018.01.03 22:44:59,1515019499,438,2018.01.03 22:00,2018.01.03 21:00,2018.01.03 22:00,2018.01.03 21:00,1313.010,0,0
2156407,TIMER,472407,1684000,2018.01.03 22:46:39,1515019599,438,2018.01.03 22:00,2018.01.03 21:00,2018.01.03 22:00,2018.01.03 21:00,1313.010,0,0
2157724,TIMER,472724,1685000,2018.01.03 22:48:19,1515019699,438,2018.01.03 22:00,2018.01.03 21:00,2018.01.03 22:00,2018.01.03 21:00,1313.010,0,0
2158400,TICK,473000,1685400,2018.01.03 22:49:00,1515019740,438,2018.01.03 22:00,2018.01.03 21:00,2018.01.03 22:00,2018.01.03 21:00,1313.010,0,0
2159192,TIMER,473192,1686000,2018.01.03 22:49:58,1515019798,438,2018.01.03 22:00,2018.01.03 21:00,2018.01.03 22:00,2018.01.03 21:00,1313.010,0,0
2160388,TIMER,473388,1687000,2018.01.03 22:51:39,1515019899,438,2018.01.03 22:00,2018.01.03 21:00,2018.01.03 22:00,2018.01.03 21:00,1313.010,0,0
2161589,TIMER,473589,1688000,2018.01.03 22:53:18,1515019998,438,2018.01.03 22:00,2018.01.03 21:00,2018.01.03 22:00,2018.01.03 21:00,1313.010,0,0
2162401,TICK,474000,1688401,2018.01.03 22:54:00,1515020040,438,2018.01.03 22:00,2018.01.03 21:00,2018.01.03 22:00,2018.01.03 21:00,1313.010,0,0
2163423,TIMER,474423,1689000,2018.01.03 22:54:59,1515020099,438,2018.01.03 22:00,2018.01.03 21:00,2018.01.03 22:00,2018.01.03 21:00,1313.010,0,0
2164820,TIMER,474820,1690000,2018.01.03 22:56:39,1515020199,438,2018.01.03 22:00,2018.01.03 21:00,2018.01.03 22:00,2018.01.03 21:00,1313.010,0,0
2165374,TICK,475000,1690374,2018.01.03 22:57:17,1515020237,438,2018.01.03 22:00,2018.01.03 21:00,2018.01.03 22:00,2018.01.03 21:00,1313.010,0,0
2166505,TIMER,475505,1691000,2018.01.03 22:58:19,1515020299,438,2018.01.03 22:00,2018.01.03 21:00,2018.01.03 22:00,2018.01.03 21:00,1313.010,0,0
2167575,TICK,476000,1691575,2018.01.03 22:59:17,1515020357,438,2018.01.03 22:00,2018.01.03 21:00,2018.01.03 22:00,2018.01.03 21:00,1313.010,0,0
2168657,TIMER,476657,1692000,2018.01.03 22:59:59,1515020399,438,2018.01.03 22:00,2018.01.03 21:00,2018.01.03 22:00,2018.01.03 21:00,1313.010,0,0
2169640,TICK,477000,1692640,2018.01.03 23:01:04,1515020464,438,2018.01.03 23:00,2018.01.03 22:00,2018.01.03 23:00,2018.01.03 22:00,1315.060,0,0
2170098,TIMER,477098,1693000,2018.01.03 23:01:39,1515020499,438,2018.01.03 23:00,2018.01.03 22:00,2018.01.03 23:00,2018.01.03 22:00,1315.060,0,0
2171749,TIMER,477749,1694000,2018.01.03 23:03:19,1515020599,438,2018.01.03 23:00,2018.01.03 22:00,2018.01.03 23:00,2018.01.03 22:00,1315.060,0,0
2172617,TICK,478000,1694617,2018.01.03 23:04:21,1515020661,438,2018.01.03 23:00,2018.01.03 22:00,2018.01.03 23:00,2018.01.03 22:00,1315.060,0,0
2173527,TIMER,478527,1695000,2018.01.03 23:04:58,1515020698,438,2018.01.03 23:00,2018.01.03 22:00,2018.01.03 23:00,2018.01.03 22:00,1315.060,0,0
2174598,TIMER,478598,1696000,2018.01.03 23:06:39,1515020799,438,2018.01.03 23:00,2018.01.03 22:00,2018.01.03 23:00,2018.01.03 22:00,1315.060,0,0
2175931,TIMER,478931,1697000,2018.01.03 23:08:18,1515020898,438,2018.01.03 23:00,2018.01.03 22:00,2018.01.03 23:00,2018.01.03 22:00,1315.060,0,0
2176905,TICK,479000,1697905,2018.01.03 23:09:50,1515020990,438,2018.01.03 23:00,2018.01.03 22:00,2018.01.03 23:00,2018.01.03 22:00,1315.060,0,0
2177013,TIMER,479013,1698000,2018.01.03 23:09:57,1515020997,438,2018.01.03 23:00,2018.01.03 22:00,2018.01.03 23:00,2018.01.03 22:00,1315.060,0,0
2178142,TIMER,479142,1699000,2018.01.03 23:11:38,1515021098,438,2018.01.03 23:00,2018.01.03 22:00,2018.01.03 23:00,2018.01.03 22:00,1315.060,0,0
2179323,TIMER,479323,1700000,2018.01.03 23:13:19,1515021199,438,2018.01.03 23:00,2018.01.03 22:00,2018.01.03 23:00,2018.01.03 22:00,1315.060,0,0
2180578,TIMER,479578,1701000,2018.01.03 23:14:59,1515021299,438,2018.01.03 23:00,2018.01.03 22:00,2018.01.03 23:00,2018.01.03 22:00,1315.060,0,0
2181699,TICK,480000,1701699,2018.01.03 23:16:09,1515021369,438,2018.01.03 23:00,2018.01.03 22:00,2018.01.03 23:00,2018.01.03 22:00,1315.060,0,0
2182657,TIMER,480657,1702000,2018.01.03 23:16:39,1515021399,438,2018.01.03 23:00,2018.01.03 22:00,2018.01.03 23:00,2018.01.03 22:00,1315.060,0,0
2183962,TIMER,480962,1703000,2018.01.03 23:18:18,1515021498,438,2018.01.03 23:00,2018.01.03 22:00,2018.01.03 23:00,2018.01.03 22:00,1315.060,0,0
2184187,TICK,481000,1703187,2018.01.03 23:18:38,1515021518,438,2018.01.03 23:00,2018.01.03 22:00,2018.01.03 23:00,2018.01.03 22:00,1315.060,0,0
2185035,TIMER,481035,1704000,2018.01.03 23:19:59,1515021599,438,2018.01.03 23:00,2018.01.03 22:00,2018.01.03 23:00,2018.01.03 22:00,1315.060,0,0
2186805,TICK,482000,1704805,2018.01.03 23:21:20,1515021680,438,2018.01.03 23:00,2018.01.03 22:00,2018.01.03 23:00,2018.01.03 22:00,1315.060,0,0
2187415,TIMER,482415,1705000,2018.01.03 23:21:39,1515021699,438,2018.01.03 23:00,2018.01.03 22:00,2018.01.03 23:00,2018.01.03 22:00,1315.060,0,0
2188860,TIMER,482860,1706000,2018.01.03 23:23:18,1515021798,438,2018.01.03 23:00,2018.01.03 22:00,2018.01.03 23:00,2018.01.03 22:00,1315.060,0,0
2189928,TIMER,482928,1707000,2018.01.03 23:24:59,1515021899,438,2018.01.03 23:00,2018.01.03 22:00,2018.01.03 23:00,2018.01.03 22:00,1315.060,0,0
2190978,TIMER,482978,1708000,2018.01.03 23:26:39,1515021999,438,2018.01.03 23:00,2018.01.03 22:00,2018.01.03 23:00,2018.01.03 22:00,1315.060,0,0
2191506,TICK,483000,1708506,2018.01.03 23:27:30,1515022050,438,2018.01.03 23:00,2018.01.03 22:00,2018.01.03 23:00,2018.01.03 22:00,1315.060,0,0
2192009,TIMER,483009,1709000,2018.01.03 23:28:19,1515022099,438,2018.01.03 23:00,2018.01.03 22:00,2018.01.03 23:00,2018.01.03 22:00,1315.060,0,0
2193444,TIMER,483444,1710000,2018.01.03 23:29:58,1515022198,438,2018.01.03 23:00,2018.01.03 22:00,2018.01.03 23:00,2018.01.03 22:00,1315.060,0,0
2194824,TICK,484000,1710824,2018.01.03 23:31:22,1515022282,454,2018.01.03 23:00,2018.01.03 22:00,2018.01.03 23:00,2018.01.03 22:00,1315.060,0,0
2195716,TIMER,484716,1711000,2018.01.03 23:31:39,1515022299,454,2018.01.03 23:00,2018.01.03 22:00,2018.01.03 23:00,2018.01.03 22:00,1315.060,0,0
2196260,TICK,485000,1711260,2018.01.03 23:32:06,1515022326,454,2018.01.03 23:00,2018.01.03 22:00,2018.01.03 23:00,2018.01.03 22:00,1315.060,0,0
2197130,TIMER,485130,1712000,2018.01.03 23:33:19,1515022399,454,2018.01.03 23:00,2018.01.03 22:00,2018.01.03 23:00,2018.01.03 22:00,1315.060,0,0
2198451,TICK,486000,1712451,2018.01.03 23:34:05,1515022445,454,2018.01.03 23:00,2018.01.03 22:00,2018.01.03 23:00,2018.01.03 22:00,1315.060,0,0
2199767,TIMER,486767,1713000,2018.01.03 23:34:58,1515022498,454,2018.01.03 23:00,2018.01.03 22:00,2018.01.03 23:00,2018.01.03 22:00,1315.060,0,0
2200814,TIMER,486814,1714000,2018.01.03 23:36:38,1515022598,454,2018.01.03 23:00,2018.01.03 22:00,2018.01.03 23:00,2018.01.03 22:00,1315.060,0,0
2201898,TICK,487000,1714898,2018.01.03 23:38:09,1515022689,454,2018.01.03 23:00,2018.01.03 22:00,2018.01.03 23:00,2018.01.03 22:00,1315.060,0,0
2202013,TIMER,487013,1715000,2018.01.03 23:38:19,1515022699,454,2018.01.03 23:00,2018.01.03 22:00,2018.01.03 23:00,2018.01.03 22:00,1315.060,0,0
2203235,TIMER,487235,1716000,2018.01.03 23:39:59,1515022799,454,2018.01.03 23:00,2018.01.03 22:00,2018.01.03 23:00,2018.01.03 22:00,1315.060,0,0
2204649,TIMER,487649,1717000,2018.01.03 23:41:39,1515022899,454,2018.01.03 23:00,2018.01.03 22:00,2018.01.03 23:00,2018.01.03 22:00,1315.060,0,0
2205799,TIMER,487799,1718000,2018.01.03 23:43:19,1515022999,454,2018.01.03 23:00,2018.01.03 22:00,2018.01.03 23:00,2018.01.03 22:00,1315.060,0,0
2206639,TICK,488000,1718639,2018.01.03 23:44:23,1515023063,454,2018.01.03 23:00,2018.01.03 22:00,2018.01.03 23:00,2018.01.03 22:00,1315.060,0,0
2207082,TIMER,488082,1719000,2018.01.03 23:44:59,1515023099,454,2018.01.03 23:00,2018.01.03 22:00,2018.01.03 23:00,2018.01.03 22:00,1315.060,0,0
2208319,TIMER,488319,1720000,2018.01.03 23:46:39,1515023199,454,2018.01.03 23:00,2018.01.03 22:00,2018.01.03 23:00,2018.01.03 22:00,1315.060,0,0
2209625,TIMER,488625,1721000,2018.01.03 23:48:18,1515023298,454,2018.01.03 23:00,2018.01.03 22:00,2018.01.03 23:00,2018.01.03 22:00,1315.060,0,0
2210929,TIMER,488929,1722000,2018.01.03 23:49:59,1515023399,454,2018.01.03 23:00,2018.01.03 22:00,2018.01.03 23:00,2018.01.03 22:00,1315.060,0,0
2211067,TICK,489000,1722067,2018.01.03 23:50:06,1515023406,454,2018.01.03 23:00,2018.01.03 22:00,2018.01.03 23:00,2018.01.03 22:00,1315.060,0,0
2212729,TIMER,489729,1723000,2018.01.03 23:51:39,1515023499,454,2018.01.03 23:00,2018.01.03 22:00,2018.01.03 23:00,2018.01.03 22:00,1315.060,0,0
2213777,TICK,490000,1723777,2018.01.03 23:52:57,1515023577,454,2018.01.03 23:00,2018.01.03 22:00,2018.01.03 23:00,2018.01.03 22:00,1315.060,0,0
2214019,TIMER,490019,1724000,2018.01.03 23:53:19,1515023599,454,2018.01.03 23:00,2018.01.03 22:00,2018.01.03 23:00,2018.01.03 22:00,1315.060,0,0
2215173,TIMER,490173,1725000,2018.01.03 23:54:59,1515023699,454,2018.01.03 23:00,2018.01.03 22:00,2018.01.03 23:00,2018.01.03 22:00,1315.060,0,0
2216443,TIMER,490443,1726000,2018.01.03 23:56:39,1515023799,454,2018.01.03 23:00,2018.01.03 22:00,2018.01.03 23:00,2018.01.03 22:00,1315.060,0,0
2217833,TICK,491000,1726833,2018.01.03 23:58:03,1515023883,454,2018.01.03 23:00,2018.01.03 22:00,2018.01.03 23:00,2018.01.03 22:00,1315.060,0,0
2218166,TIMER,491166,1727000,2018.01.03 23:58:19,1515023899,454,2018.01.03 23:00,2018.01.03 22:00,2018.01.03 23:00,2018.01.03 22:00,1315.060,0,0
2219531,TIMER,491531,1728000,2018.01.03 23:59:56,1515023996,454,2018.01.03 23:00,2018.01.03 22:00,2018.01.03 23:00,2018.01.03 22:00,1315.060,0,0
2220536,TIMER,491536,1729000,2018.01.04 00:01:20,1515024080,454,2018.01.04 00:00,2018.01.03 23:00,2018.01.03 23:00,2018.01.03 22:00,1315.060,0,0
2221555,TIMER,491555,1730000,2018.01.04 00:03:17,1515024197,454,2018.01.04 00:00,2018.01.03 23:00,2018.01.03 23:00,2018.01.03 22:00,1315.060,0,0
2222570,TIMER,491570,1731000,2018.01.04 00:04:57,1515024297,454,2018.01.04 00:00,2018.01.03 23:00,2018.01.03 23:00,2018.01.03 22:00,1315.060,0,0
2223611,TIMER,491611,1732000,2018.01.04 00:06:01,1515024361,454,2018.01.04 00:00,2018.01.03 23:00,2018.01.03 23:00,2018.01.03 22:00,1315.060,0,0
2224868,TIMER,491868,1733000,2018.01.04 00:08:19,1515024499,454,2018.01.04 00:00,2018.01.03 23:00,2018.01.03 23:00,2018.01.03 22:00,1315.060,0,0
2225294,TICK,492000,1733294,2018.01.04 00:08:49,1515024529,454,2018.01.04 00:00,2018.01.03 23:00,2018.01.03 23:00,2018.01.03 22:00,1315.060,0,0
2226269,TIMER,492269,1734000,2018.01.04 00:09:59,1515024599,454,2018.01.04 00:00,2018.01.03 23:00,2018.01.03 23:00,2018.01.03 22:00,1315.060,0,0
2227788,TIMER,492788,1735000,2018.01.04 00:11:39,1515024699,454,2018.01.04 00:00,2018.01.03 23:00,2018.01.03 23:00,2018.01.03 22:00,1315.060,0,0
2228637,TICK,493000,1735637,2018.01.04 00:12:43,1515024763,454,2018.01.04 00:00,2018.01.03 23:00,2018.01.03 23:00,2018.01.03 22:00,1315.060,0,0
2229297,TIMER,493297,1736000,2018.01.04 00:13:19,1515024799,454,2018.01.04 00:00,2018.01.03 23:00,2018.01.03 23:00,2018.01.03 22:00,1315.060,0,0
2230768,TIMER,493768,1737000,2018.01.04 00:14:59,1515024899,454,2018.01.04 00:00,2018.01.03 23:00,2018.01.03 23:00,2018.01.03 22:00,1315.060,0,0
2231899,TIMER,493899,1738000,2018.01.04 00:16:39,1515024999,454,2018.01.04 00:00,2018.01.03 23:00,2018.01.03 23:00,2018.01.03 22:00,1315.060,0,0
2232268,TICK,494000,1738268,2018.01.04 00:17:06,1515025026,454,2018.01.04 00:00,2018.01.03 23:00,2018.01.03 23:00,2018.01.03 22:00,1315.060,0,0
2233047,TIMER,494047,1739000,2018.01.04 00:18:16,1515025096,454,2018.01.04 00:00,2018.01.03 23:00,2018.01.03 23:00,2018.01.03 22:00,1315.060,0,0
2234056,TIMER,494056,1740000,2018.01.04 00:19:50,1515025190,454,2018.01.04 00:00,2018.01.03 23:00,2018.01.03 23:00,2018.01.03 22:00,1315.060,0,0
2235090,TIMER,494090,1741000,2018.01.04 00:21:38,1515025298,454,2018.01.04 00:00,2018.01.03 23:00,2018.01.03 23:00,2018.01.03 22:00,1315.060,0,0
2236155,TIMER,494155,1742000,2018.01.04 00:23:04,1515025384,454,2018.01.04 00:00,2018.01.03 23:00,2018.01.03 23:00,2018.01.03 22:00,1315.060,0,0
2237205,TIMER,494205,1743000,2018.01.04 00:24:37,1515025477,454,2018.01.04 00:00,2018.01.03 23:00,2018.01.03 23:00,2018.01.03 22:00,1315.060,0,0
2238208,TIMER,494208,1744000,2018.01.04 00:26:21,1515025581,454,2018.01.04 00:00,2018.01.03 23:00,2018.01.03 23:00,2018.01.03 22:00,1315.060,0,0
2239214,TIMER,494214,1745000,2018.01.04 00:27:59,1515025679,454,2018.01.04 00:00,2018.01.03 23:00,2018.01.03 23:00,2018.01.03 22:00,1315.060,0,0
2240235,TIMER,494235,1746000,2018.01.04 00:29:55,1515025795,454,2018.01.04 00:00,2018.01.03 23:00,2018.01.03 23:00,2018.01.03 22:00,1315.060,0,0
2241267,TIMER,494267,1747000,2018.01.04 00:31:34,1515025894,454,2018.01.04 00:00,2018.01.03 23:00,2018.01.03 23:00,2018.01.03 22:00,1315.060,0,0
2242332,TIMER,494332,1748000,2018.01.04 00:33:19,1515025999,454,2018.01.04 00:00,2018.01.03 23:00,2018.01.03 23:00,2018.01.03 22:00,1315.060,0,0
2243548,TIMER,494548,1749000,2018.01.04 00:34:55,1515026095,454,2018.01.04 00:00,2018.01.03 23:00,2018.01.03 23:00,2018.01.03 22:00,1315.060,0,0
2244800,TIMER,494800,1750000,2018.01.04 00:36:39,1515026199,454,2018.01.04 00:00,2018.01.03 23:00,2018.01.03 23:00,2018.01.03 22:00,1315.060,0,0
2245910,TIMER,494910,1751000,2018.01.04 00:38:15,1515026295,454,2018.01.04 00:00,2018.01.03 23:00,2018.01.03 23:00,2018.01.03 22:00,1315.060,0,0
2246918,TIMER,494918,1752000,2018.01.04 00:39:38,1515026378,454,2018.01.04 00:00,2018.01.03 23:00,2018.01.03 23:00,2018.01.03 22:00,1315.060,0,0
2247954,TIMER,494954,1753000,2018.01.04 00:41:35,1515026495,454,2018.01.04 00:00,2018.01.03 23:00,2018.01.03 23:00,2018.01.03 22:00,1315.060,0,0
2248868,TICK,495000,1753868,2018.01.04 00:43:06,1515026586,454,2018.01.04 00:00,2018.01.03 23:00,2018.01.03 23:00,2018.01.03 22:00,1315.060,0,0
2249004,TIMER,495004,1754000,2018.01.04 00:43:16,1515026596,454,2018.01.04 00:00,2018.01.03 23:00,2018.01.03 23:00,2018.01.03 22:00,1315.060,0,0
2250121,TIMER,495121,1755000,2018.01.04 00:44:59,1515026699,454,2018.01.04 00:00,2018.01.03 23:00,2018.01.03 23:00,2018.01.03 22:00,1315.060,0,0
2251363,TIMER,495363,1756000,2018.01.04 00:46:39,1515026799,454,2018.01.04 00:00,2018.01.03 23:00,2018.01.03 23:00,2018.01.03 22:00,1315.060,0,0
2252450,TIMER,495450,1757000,2018.01.04 00:48:15,1515026895,454,2018.01.04 00:00,2018.01.03 23:00,2018.01.03 23:00,2018.01.03 22:00,1315.060,0,0
2253595,TIMER,495595,1758000,2018.01.04 00:49:57,1515026997,454,2018.01.04 00:00,2018.01.03 23:00,2018.01.03 23:00,2018.01.03 22:00,1315.060,0,0
2254642,TIMER,495642,1759000,2018.01.04 00:51:37,1515027097,454,2018.01.04 00:00,2018.01.03 23:00,2018.01.03 23:00,2018.01.03 22:00,1315.060,0,0
2255647,TIMER,495647,1760000,2018.01.04 00:53:17,1515027197,454,2018.01.04 00:00,2018.01.03 23:00,2018.01.03 23:00,2018.01.03 22:00,1315.060,0,0
2256677,TIMER,495677,1761000,2018.01.04 00:54:59,1515027299,454,2018.01.04 00:00,2018.01.03 23:00,2018.01.03 23:00,2018.01.03 22:00,1315.060,0,0
2257886,TIMER,495886,1762000,2018.01.04 00:56:39,1515027399,454,2018.01.04 00:00,2018.01.03 23:00,2018.01.03 23:00,2018.01.03 22:00,1315.060,0,0
2258224,TICK,496000,1762224,2018.01.04 00:57:02,1515027422,454,2018.01.04 00:00,2018.01.03 23:00,2018.01.03 23:00,2018.01.03 22:00,1315.060,0,0
2259284,TIMER,496284,1763000,2018.01.04 00:58:19,1515027499,454,2018.01.04 00:00,2018.01.03 23:00,2018.01.03 23:00,2018.01.03 22:00,1315.060,0,0
2260518,TIMER,496518,1764000,2018.01.04 00:59:59,1515027599,454,2018.01.04 00:00,2018.01.03 23:00,2018.01.03 23:00,2018.01.03 22:00,1315.060,0,0
2261654,TIMER,496654,1765000,2018.01.04 01:01:39,1515027699,454,2018.01.04 01:00,2018.01.04 00:00,2018.01.04 01:00,2018.01.03 23:00,1313.120,0,0
2262853,TIMER,496853,1766000,2018.01.04 01:03:10,1515027790,454,2018.01.04 01:00,2018.01.04 00:00,2018.01.04 01:00,2018.01.03 23:00,1313.120,0,0
2263385,TICK,497000,1766385,2018.01.04 01:03:58,1515027838,454,2018.01.04 01:00,2018.01.04 00:00,2018.01.04 01:00,2018.01.03 23:00,1313.120,0,0
2264245,TIMER,497245,1767000,2018.01.04 01:04:59,1515027899,454,2018.01.04 01:00,2018.01.04 00:00,2018.01.04 01:00,2018.01.03 23:00,1313.120,0,0
2265526,TIMER,497526,1768000,2018.01.04 01:06:39,1515027999,454,2018.01.04 01:00,2018.01.04 00:00,2018.01.04 01:00,2018.01.03 23:00,1313.120,0,0
2266751,TIMER,497751,1769000,2018.01.04 01:08:18,1515028098,454,2018.01.04 01:00,2018.01.04 00:00,2018.01.04 01:00,2018.01.03 23:00,1313.120,0,0
2267590,TICK,498000,1769590,2018.01.04 01:09:19,1515028159,454,2018.01.04 01:00,2018.01.04 00:00,2018.01.04 01:00,2018.01.03 23:00,1313.120,0,0
2268270,TIMER,498270,1770000,2018.01.04 01:09:59,1515028199,454,2018.01.04 01:00,2018.01.04 00:00,2018.01.04 01:00,2018.01.03 23:00,1313.120,0,0
2269434,TIMER,498434,1771000,2018.01.04 01:11:37,1515028297,454,2018.01.04 01:00,2018.01.04 00:00,2018.01.04 01:00,2018.01.03 23:00,1313.120,0,0
2270495,TIMER,498495,1772000,2018.01.04 01:13:15,1515028395,454,2018.01.04 01:00,2018.01.04 00:00,2018.01.04 01:00,2018.01.03 23:00,1313.120,0,0
2271563,TIMER,498563,1773000,2018.01.04 01:14:59,1515028499,454,2018.01.04 01:00,2018.01.04 00:00,2018.01.04 01:00,2018.01.03 23:00,1313.120,0,0
2272646,TIMER,498646,1774000,2018.01.04 01:16:39,1515028599,454,2018.01.04 01:00,2018.01.04 00:00,2018.01.04 01:00,2018.01.03 23:00,1313.120,0,0
2273685,TIMER,498685,1775000,2018.01.04 01:18:18,1515028698,454,2018.01.04 01:00,2018.01.04 00:00,2018.01.04 01:00,2018.01.03 23:00,1313.120,0,0
2274732,TIMER,498732,1776000,2018.01.04 01:19:58,1515028798,454,2018.01.04 01:00,2018.01.04 00:00,2018.01.04 01:00,2018.01.03 23:00,1313.120,0,0
2275764,TIMER,498764,1777000,2018.01.04 01:21:36,1515028896,454,2018.01.04 01:00,2018.01.04 00:00,2018.01.04 01:00,2018.01.03 23:00,1313.120,0,0
2276769,TIMER,498769,1778000,2018.01.04 01:23:19,1515028999,454,2018.01.04 01:00,2018.01.04 00:00,2018.01.04 01:00,2018.01.03 23:00,1313.120,0,0
2277786,TIMER,498786,1779000,2018.01.04 01:24:59,1515029099,454,2018.01.04 01:00,2018.01.04 00:00,2018.01.04 01:00,2018.01.03 23:00,1313.120,0,0
2278835,TIMER,498835,1780000,2018.01.04 01:26:37,1515029197,454,2018.01.04 01:00,2018.01.04 00:00,2018.01.04 01:00,2018.01.03 23:00,1313.120,0,0
2279963,TIMER,498963,1781000,2018.01.04 01:28:18,1515029298,454,2018.01.04 01:00,2018.01.04 00:00,2018.01.04 01:00,2018.01.03 23:00,1313.120,0,0
2280132,TICK,499000,1781132,2018.01.04 01:28:33,1515029313,454,2018.01.04 01:00,2018.01.04 00:00,2018.01.04 01:00,2018.01.03 23:00,1313.120,0,0
2281158,TIMER,499158,1782000,2018.01.04 01:29:59,1515029399,454,2018.01.04 01:00,2018.01.04 00:00,2018.01.04 01:00,2018.01.03 23:00,1313.120,0,0
2282598,TIMER,499598,1783000,2018.01.04 01:31:38,1515029498,454,2018.01.04 01:00,2018.01.04 00:00,2018.01.04 01:00,2018.01.03 23:00,1313.120,0,0
2283800,TIMER,499800,1784000,2018.01.04 01:33:19,1515029599,454,2018.01.04 01:00,2018.01.04 00:00,2018.01.04 01:00,2018.01.03 23:00,1313.120,0,0
2284912,TIMER,499912,1785000,2018.01.04 01:34:59,1515029699,454,2018.01.04 01:00,2018.01.04 00:00,2018.01.04 01:00,2018.01.03 23:00,1313.120,0,0
2285333,TICK,500000,1785333,2018.01.04 01:35:33,1515029733,454,2018.01.04 01:00,2018.01.04 00:00,2018.01.04 01:00,2018.01.03 23:00,1313.120,0,0
2286220,TIMER,500220,1786000,2018.01.04 01:36:39,1515029799,454,2018.01.04 01:00,2018.01.04 00:00,2018.01.04 01:00,2018.01.03 23:00,1313.120,0,0
2287635,TIMER,500635,1787000,2018.01.04 01:38:19,1515029899,454,2018.01.04 01:00,2018.01.04 00:00,2018.01.04 01:00,2018.01.03 23:00,1313.120,0,0
2288920,TIMER,500920,1788000,2018.01.04 01:39:58,1515029998,454,2018.01.04 01:00,2018.01.04 00:00,2018.01.04 01:00,2018.01.03 23:00,1313.120,0,0
2289451,TICK,501000,1788451,2018.01.04 01:40:45,1515030045,454,2018.01.04 01:00,2018.01.04 00:00,2018.01.04 01:00,2018.01.03 23:00,1313.120,0,0
2290097,TIMER,501097,1789000,2018.01.04 01:41:38,1515030098,454,2018.01.04 01:00,2018.01.04 00:00,2018.01.04 01:00,2018.01.03 23:00,1313.120,0,0
2291291,TIMER,501291,1790000,2018.01.04 01:43:19,1515030199,454,2018.01.04 01:00,2018.01.04 00:00,2018.01.04 01:00,2018.01.03 23:00,1313.120,0,0
2292632,TIMER,501632,1791000,2018.01.04 01:44:59,1515030299,454,2018.01.04 01:00,2018.01.04 00:00,2018.01.04 01:00,2018.01.03 23:00,1313.120,0,0
2293513,TICK,502000,1791513,2018.01.04 01:45:51,1515030351,454,2018.01.04 01:00,2018.01.04 00:00,2018.01.04 01:00,2018.01.03 23:00,1313.120,0,0
2294172,TIMER,502172,1792000,2018.01.04 01:46:37,1515030397,454,2018.01.04 01:00,2018.01.04 00:00,2018.01.04 01:00,2018.01.03 23:00,1313.120,0,0
2295366,TIMER,502366,1793000,2018.01.04 01:48:18,1515030498,454,2018.01.04 01:00,2018.01.04 00:00,2018.01.04 01:00,2018.01.03 23:00,1313.120,0,0
2296554,TIMER,502554,1794000,2018.01.04 01:49:59,1515030599,454,2018.01.04 01:00,2018.01.04 00:00,2018.01.04 01:00,2018.01.03 23:00,1313.120,0,0
2297803,TIMER,502803,1795000,2018.01.04 01:51:39,1515030699,454,2018.01.04 01:00,2018.01.04 00:00,2018.01.04 01:00,2018.01.03 23:00,1313.120,0,0
2298444,TICK,503000,1795444,2018.01.04 01:52:24,1515030744,454,2018.01.04 01:00,2018.01.04 00:00,2018.01.04 01:00,2018.01.03 23:00,1313.120,0,0
2299231,TIMER,503231,1796000,2018.01.04 01:53:19,1515030799,454,2018.01.04 01:00,2018.01.04 00:00,2018.01.04 01:00,2018.01.03 23:00,1313.120,0,0
2300487,TIMER,503487,1797000,2018.01.04 01:54:57,1515030897,454,2018.01.04 01:00,2018.01.04 00:00,2018.01.04 01:00,2018.01.03 23:00,1313.120,0,0
2301560,TIMER,503560,1798000,2018.01.04 01:56:37,1515030997,454,2018.01.04 01:00,2018.01.04 00:00,2018.01.04 01:00,2018.01.03 23:00,1313.120,0,0
2302608,TIMER,503608,1799000,2018.01.04 01:58:19,1515031099,454,2018.01.04 01:00,2018.01.04 00:00,2018.01.04 01:00,2018.01.03 23:00,1313.120,0,0
2303691,TIMER,503691,1800000,2018.01.04 01:59:57,1515031197,454,2018.01.04 01:00,2018.01.04 00:00,2018.01.04 01:00,2018.01.03 23:00,1313.120,0,0
2304711,TICK,504000,1800711,2018.01.04 02:01:11,1515031271,454,2018.01.04 02:00,2018.01.04 01:00,2018.01.04 02:00,2018.01.04 01:00,1311.190,0,0
2305043,TIMER,504043,1801000,2018.01.04 02:01:39,1515031299,454,2018.01.04 02:00,2018.01.04 01:00,2018.01.04 02:00,2018.01.04 01:00,1311.190,0,0
2306548,TIMER,504548,1802000,2018.01.04 02:03:19,1515031399,454,2018.01.04 02:00,2018.01.04 01:00,2018.01.04 02:00,2018.01.04 01:00,1311.190,0,0
2307930,TIMER,504930,1803000,2018.01.04 02:04:59,1515031499,454,2018.01.04 02:00,2018.01.04 01:00,2018.01.04 02:00,2018.01.04 01:00,1311.190,0,0
2308206,TICK,505000,1803206,2018.01.04 02:05:20,1515031520,454,2018.01.04 02:00,2018.01.04 01:00,2018.01.04 02:00,2018.01.04 01:00,1311.190,0,0
2309296,TIMER,505296,1804000,2018.01.04 02:06:39,1515031599,454,2018.01.04 02:00,2018.01.04 01:00,2018.01.04 02:00,2018.01.04 01:00,1311.190,0,0
2310776,TICK,506000,1804776,2018.01.04 02:07:57,1515031677,454,2018.01.04 02:00,2018.01.04 01:00,2018.01.04 02:00,2018.01.04 01:00,1311.190,0,0
2311112,TIMER,506112,1805000,2018.01.04 02:08:19,1515031699,454,2018.01.04 02:00,2018.01.04 01:00,2018.01.04 02:00,2018.01.04 01:00,1311.190,0,0
2312638,TIMER,506638,1806000,2018.01.04 02:09:59,1515031799,454,2018.01.04 02:00,2018.01.04 01:00,2018.01.04 02:00,2018.01.04 01:00,1311.190,0,0
2313516,TICK,507000,1806516,2018.01.04 02:10:51,1515031851,454,2018.01.04 02:00,2018.01.04 01:00,2018.01.04 02:00,2018.01.04 01:00,1311.190,0,0
2314105,TIMER,507105,1807000,2018.01.04 02:11:39,1515031899,454,2018.01.04 02:00,2018.01.04 01:00,2018.01.04 02:00,2018.01.04 01:00,1311.190,0,0
2315490,TIMER,507490,1808000,2018.01.04 02:13:18,1515031998,454,2018.01.04 02:00,2018.01.04 01:00,2018.01.04 02:00,2018.01.04 01:00,1311.190,0,0
2316649,TIMER,507649,1809000,2018.01.04 02:14:59,1515032099,454,2018.01.04 02:00,2018.01.04 01:00,2018.01.04 02:00,2018.01.04 01:00,1311.190,0,0
2317757,TICK,508000,1809757,2018.01.04 02:16:15,1515032175,454,2018.01.04 02:00,2018.01.04 01:00,2018.01.04 02:00,2018.01.04 01:00,1311.190,0,0
2318133,TIMER,508133,1810000,2018.01.04 02:16:36,1515032196,454,2018.01.04 02:00,2018.01.04 01:00,2018.01.04 02:00,2018.01.04 01:00,1311.190,0,0
2319354,TIMER,508354,1811000,2018.01.04 02:18:19,1515032299,454,2018.01.04 02:00,2018.01.04 01:00,2018.01.04 02:00,2018.01.04 01:00,1311.190,0,0
2320713,TIMER,508713,1812000,2018.01.04 02:19:59,1515032399,454,2018.01.04 02:00,2018.01.04 01:00,2018.01.04 02:00,2018.01.04 01:00,1311.190,0,0
2321894,TIMER,508894,1813000,2018.01.04 02:21:39,1515032499,454,2018.01.04 02:00,2018.01.04 01:00,2018.01.04 02:00,2018.01.04 01:00,1311.190,0,0
2322627,TICK,509000,1813627,2018.01.04 02:22:42,1515032562,454,2018.01.04 02:00,2018.01.04 01:00,2018.01.04 02:00,2018.01.04 01:00,1311.190,0,0
2323041,TIMER,509041,1814000,2018.01.04 02:23:19,1515032599,454,2018.01.04 02:00,2018.01.04 01:00,2018.01.04 02:00,2018.01.04 01:00,1311.190,0,0
2324270,TIMER,509270,1815000,2018.01.04 02:24:59,1515032699,454,2018.01.04 02:00,2018.01.04 01:00,2018.01.04 02:00,2018.01.04 01:00,1311.190,0,0
2325810,TIMER,509810,1816000,2018.01.04 02:26:39,1515032799,454,2018.01.04 02:00,2018.01.04 01:00,2018.01.04 02:00,2018.01.04 01:00,1311.190,0,0
2326414,TICK,510000,1816414,2018.01.04 02:27:21,1515032841,454,2018.01.04 02:00,2018.01.04 01:00,2018.01.04 02:00,2018.01.04 01:00,1311.190,0,0
2327149,TIMER,510149,1817000,2018.01.04 02:28:19,1515032899,454,2018.01.04 02:00,2018.01.04 01:00,2018.01.04 02:00,2018.01.04 01:00,1311.190,0,0
2328532,TIMER,510532,1818000,2018.01.04 02:29:59,1515032999,454,2018.01.04 02:00,2018.01.04 01:00,2018.01.04 02:00,2018.01.04 01:00,1311.190,0,0
2329874,TIMER,510874,1819000,2018.01.04 02:31:39,1515033099,454,2018.01.04 02:00,2018.01.04 01:00,2018.01.04 02:00,2018.01.04 01:00,1311.190,0,0
2330255,TICK,511000,1819255,2018.01.04 02:32:05,1515033125,454,2018.01.04 02:00,2018.01.04 01:00,2018.01.04 02:00,2018.01.04 01:00,1311.190,0,0
2331258,TIMER,511258,1820000,2018.01.04 02:33:19,1515033199,454,2018.01.04 02:00,2018.01.04 01:00,2018.01.04 02:00,2018.01.04 01:00,1311.190,0,0
2332471,TIMER,511471,1821000,2018.01.04 02:34:58,1515033298,454,2018.01.04 02:00,2018.01.04 01:00,2018.01.04 02:00,2018.01.04 01:00,1311.190,0,0
2333858,TIMER,511858,1822000,2018.01.04 02:36:39,1515033399,454,2018.01.04 02:00,2018.01.04 01:00,2018.01.04 02:00,2018.01.04 01:00,1311.190,0,0
2334278,TICK,512000,1822278,2018.01.04 02:37:07,1515033427,454,2018.01.04 02:00,2018.01.04 01:00,2018.01.04 02:00,2018.01.04 01:00,1311.190,0,0
2335230,TIMER,512230,1823000,2018.01.04 02:38:19,1515033499,454,2018.01.04 02:00,2018.01.04 01:00,2018.01.04 02:00,2018.01.04 01:00,1311.190,0,0
2336594,TIMER,512594,1824000,2018.01.04 02:39:59,1515033599,469,2018.01.04 02:00,2018.01.04 01:00,2018.01.04 02:00,2018.01.04 01:00,1311.190,0,0
2337915,TIMER,512915,1825000,2018.01.04 02:41:39,1515033699,469,2018.01.04 02:00,2018.01.04 01:00,2018.01.04 02:00,2018.01.04 01:00,1311.190,0,0
2338172,TICK,513000,1825172,2018.01.04 02:41:57,1515033717,469,2018.01.04 02:00,2018.01.04 01:00,2018.01.04 02:00,2018.01.04 01:00,1311.190,0,0
2339294,TIMER,513294,1826000,2018.01.04 02:43:17,1515033797,469,2018.01.04 02:00,2018.01.04 01:00,2018.01.04 02:00,2018.01.04 01:00,1311.190,0,0
2340745,TIMER,513745,1827000,2018.01.04 02:44:59,1515033899,469,2018.01.04 02:00,2018.01.04 01:00,2018.01.04 02:00,2018.01.04 01:00,1311.190,0,0
2341442,TICK,514000,1827442,2018.01.04 02:45:44,1515033944,469,2018.01.04 02:00,2018.01.04 01:00,2018.01.04 02:00,2018.01.04 01:00,1311.190,0,0
2342219,TIMER,514219,1828000,2018.01.04 02:46:38,1515033998,469,2018.01.04 02:00,2018.01.04 01:00,2018.01.04 02:00,2018.01.04 01:00,1311.190,0,0
2343379,TIMER,514379,1829000,2018.01.04 02:48:16,1515034096,469,2018.01.04 02:00,2018.01.04 01:00,2018.01.04 02:00,2018.01.04 01:00,1311.190,0,0
2344756,TIMER,514756,1830000,2018.01.04 02:49:59,1515034199,469,2018.01.04 02:00,2018.01.04 01:00,2018.01.04 02:00,2018.01.04 01:00,1311.190,0,0
2345533,TICK,515000,1830533,2018.01.04 02:50:53,1515034253,469,2018.01.04 02:00,2018.01.04 01:00,2018.01.04 02:00,2018.01.04 01:00,1311.190,0,0
2346084,TIMER,515084,1831000,2018.01.04 02:51:38,1515034298,469,2018.01.04 02:00,2018.01.04 01:00,2018.01.04 02:00,2018.01.04 01:00,1311.190,0,0
2347299,TIMER,515299,1832000,2018.01.04 02:53:19,1515034399,469,2018.01.04 02:00,2018.01.04 01:00,2018.01.04 02:00,2018.01.04 01:00,1311.190,0,0
2348790,TIMER,515790,1833000,2018.01.04 02:54:59,1515034499,469,2018.01.04 02:00,2018.01.04 01:00,2018.01.04 02:00,2018.01.04 01:00,1311.190,0,0
2349128,TICK,516000,1833128,2018.01.04 02:55:12,1515034512,469,2018.01.04 02:00,2018.01.04 01:00,2018.01.04 02:00,2018.01.04 01:00,1311.190,0,0
2350585,TIMER,516585,1834000,2018.01.04 02:56:39,1515034599,469,2018.01.04 02:00,2018.01.04 01:00,2018.01.04 02:00,2018.01.04 01:00,1311.190,0,0
2351967,TIMER,516967,1835000,2018.01.04 02:58:19,1515034699,469,2018.01.04 02:00,2018.01.04 01:00,2018.01.04 02:00,2018.01.04 01:00,1311.190,0,0
2352126,TICK,517000,1835126,2018.01.04 02:58:32,1515034712,469,2018.01.04 02:00,2018.01.04 01:00,2018.01.04 02:00,2018.01.04 01:00,1311.190,0,0
2353113,TIMER,517113,1836000,2018.01.04 02:59:59,1515034799,469,2018.01.04 02:00,2018.01.04 01:00,2018.01.04 02:00,2018.01.04 01:00,1311.190,0,0
2354543,TIMER,517543,1837000,2018.01.04 03:01:38,1515034898,469,2018.01.04 03:00,2018.01.04 02:00,2018.01.04 03:00,2018.01.04 02:00,1309.270,0,0
2355838,TIMER,517838,1838000,2018.01.04 03:03:19,1515034999,469,2018.01.04 03:00,2018.01.04 02:00,2018.01.04 03:00,2018.01.04 02:00,1309.270,0,0
2356882,TICK,518000,1838882,2018.01.04 03:04:48,1515035088,469,2018.01.04 03:00,2018.01.04 02:00,2018.01.04 03:00,2018.01.04 02:00,1309.270,0,0
2357062,TIMER,518062,1839000,2018.01.04 03:04:59,1515035099,469,2018.01.04 03:00,2018.01.04 02:00,2018.01.04 03:00,2018.01.04 02:00,1309.270,0,0
2358425,TIMER,518425,1840000,2018.01.04 03:06:39,1515035199,469,2018.01.04 03:00,2018.01.04 02:00,2018.01.04 03:00,2018.01.04 02:00,1309.270,0,0
2359626,TIMER,518626,1841000,2018.01.04 03:08:19,1515035299,469,2018.01.04 03:00,2018.01.04 02:00,2018.01.04 03:00,2018.01.04 02:00,1309.270,0,0
2360749,TIMER,518749,1842000,2018.01.04 03:09:59,1515035399,469,2018.01.04 03:00,2018.01.04 02:00,2018.01.04 03:00,2018.01.04 02:00,1309.270,0,0
2361532,TICK,519000,1842532,2018.01.04 03:10:53,1515035453,469,2018.01.04 03:00,2018.01.04 02:00,2018.01.04 03:00,2018.01.04 02:00,1309.270,0,0
2362071,TIMER,519071,1843000,2018.01.04 03:11:39,1515035499,469,2018.01.04 03:00,2018.01.04 02:00,2018.01.04 03:00,2018.01.04 02:00,1309.270,0,0
2363257,TIMER,519257,1844000,2018.01.04 03:13:19,1515035599,469,2018.01.04 03:00,2018.01.04 02:00,2018.01.04 03:00,2018.01.04 02:00,1309.270,0,0
2364396,TIMER,519396,1845000,2018.01.04 03:14:59,1515035699,469,2018.01.04 03:00,2018.01.04 02:00,2018.01.04 03:00,2018.01.04 02:00,1309.270,0,0
2365568,TIMER,519568,1846000,2018.01.04 03:16:38,1515035798,469,2018.01.04 03:00,2018.01.04 02:00,2018.01.04 03:00,2018.01.04 02:00,1309.270,0,0
2366866,TIMER,519866,1847000,2018.01.04 03:18:19,1515035899,469,2018.01.04 03:00,2018.01.04 02:00,2018.01.04 03:00,2018.01.04 02:00,1309.270,0,0
2367392,TICK,520000,1847392,2018.01.04 03:18:59,1515035939,469,2018.01.04 03:00,2018.01.04 02:00,2018.01.04 03:00,2018.01.04 02:00,1309.270,0,0
2368362,TIMER,520362,1848000,2018.01.04 03:19:59,1515035999,469,2018.01.04 03:00,2018.01.04 02:00,2018.01.04 03:00,2018.01.04 02:00,1309.270,0,0
2369903,TIMER,520903,1849000,2018.01.04 03:21:39,1515036099,469,2018.01.04 03:00,2018.01.04 02:00,2018.01.04 03:00,2018.01.04 02:00,1309.270,0,0
2370242,TICK,521000,1849242,2018.01.04 03:22:04,1515036124,469,2018.01.04 03:00,2018.01.04 02:00,2018.01.04 03:00,2018.01.04 02:00,1309.270,0,0
2371408,TIMER,521408,1850000,2018.01.04 03:23:19,1515036199,469,2018.01.04 03:00,2018.01.04 02:00,2018.01.04 03:00,2018.01.04 02:00,1309.270,0,0
2372995,TICK,522000,1850995,2018.01.04 03:24:59,1515036299,469,2018.01.04 03:00,2018.01.04 02:00,2018.01.04 03:00,2018.01.04 02:00,1309.270,0,0
2373003,TIMER,522003,1851000,2018.01.04 03:24:59,1515036299,469,2018.01.04 03:00,2018.01.04 02:00,2018.01.04 03:00,2018.01.04 02:00,1309.270,0,0
2374638,TIMER,522638,1852000,2018.01.04 03:26:39,1515036399,469,2018.01.04 03:00,2018.01.04 02:00,2018.01.04 03:00,2018.01.04 02:00,1309.270,0,0
2375702,TICK,523000,1852702,2018.01.04 03:27:50,1515036470,469,2018.01.04 03:00,2018.01.04 02:00,2018.01.04 03:00,2018.01.04 02:00,1309.270,0,0
2376087,TIMER,523087,1853000,2018.01.04 03:28:19,1515036499,469,2018.01.04 03:00,2018.01.04 02:00,2018.01.04 03:00,2018.01.04 02:00,1309.270,0,0
2377640,TIMER,523640,1854000,2018.01.04 03:29:59,1515036599,469,2018.01.04 03:00,2018.01.04 02:00,2018.01.04 03:00,2018.01.04 02:00,1309.270,0,0
2378601,TICK,524000,1854601,2018.01.04 03:31:00,1515036660,469,2018.01.04 03:00,2018.01.04 02:00,2018.01.04 03:00,2018.01.04 02:00,1309.270,0,0
2379158,TIMER,524158,1855000,2018.01.04 03:31:39,1515036699,469,2018.01.04 03:00,2018.01.04 02:00,2018.01.04 03:00,2018.01.04 02:00,1309.270,0,0
2380587,TIMER,524587,1856000,2018.01.04 03:33:19,1515036799,469,2018.01.04 03:00,2018.01.04 02:00,2018.01.04 03:00,2018.01.04 02:00,1309.270,0,0
2381732,TICK,525000,1856732,2018.01.04 03:34:33,1515036873,469,2018.01.04 03:00,2018.01.04 02:00,2018.01.04 03:00,2018.01.04 02:00,1309.270,0,0
2382200,TIMER,525200,1857000,2018.01.04 03:34:59,1515036899,469,2018.01.04 03:00,2018.01.04 02:00,2018.01.04 03:00,2018.01.04 02:00,1309.270,0,0
2383441,TIMER,525441,1858000,2018.01.04 03:36:39,1515036999,469,2018.01.04 03:00,2018.01.04 02:00,2018.01.04 03:00,2018.01.04 02:00,1309.270,0,0
2384675,TIMER,525675,1859000,2018.01.04 03:38:18,1515037098,469,2018.01.04 03:00,2018.01.04 02:00,2018.01.04 03:00,2018.01.04 02:00,1309.270,0,0
2385971,TIMER,525971,1860000,2018.01.04 03:39:59,1515037199,469,2018.01.04 03:00,2018.01.04 02:00,2018.01.04 03:00,2018.01.04 02:00,1309.270,0,0
2386107,TICK,526000,1860107,2018.01.04 03:40:10,1515037210,469,2018.01.04 03:00,2018.01.04 02:00,2018.01.04 03:00,2018.01.04 02:00,1309.270,0,0
2387310,TIMER,526310,1861000,2018.01.04 03:41:39,1515037299,469,2018.01.04 03:00,2018.01.04 02:00,2018.01.04 03:00,2018.01.04 02:00,1309.270,0,0
2388471,TIMER,526471,1862000,2018.01.04 03:43:19,1515037399,469,2018.01.04 03:00,2018.01.04 02:00,2018.01.04 03:00,2018.01.04 02:00,1309.270,0,0
2389979,TIMER,526979,1863000,2018.01.04 03:44:58,1515037498,469,2018.01.04 03:00,2018.01.04 02:00,2018.01.04 03:00,2018.01.04 02:00,1309.270,0,0
2390139,TICK,527000,1863139,2018.01.04 03:45:13,1515037513,469,2018.01.04 03:00,2018.01.04 02:00,2018.01.04 03:00,2018.01.04 02:00,1309.270,0,0
2391118,TIMER,527118,1864000,2018.01.04 03:46:39,1515037599,469,2018.01.04 03:00,2018.01.04 02:00,2018.01.04 03:00,2018.01.04 02:00,1309.270,0,0
2392328,TIMER,527328,1865000,2018.01.04 03:48:19,1515037699,469,2018.01.04 03:00,2018.01.04 02:00,2018.01.04 03:00,2018.01.04 02:00,1309.270,0,0
2393558,TIMER,527558,1866000,2018.01.04 03:49:59,1515037799,469,2018.01.04 03:00,2018.01.04 02:00,2018.01.04 03:00,2018.01.04 02:00,1309.270,0,0
2394844,TIMER,527844,1867000,2018.01.04 03:51:39,1515037899,469,2018.01.04 03:00,2018.01.04 02:00,2018.01.04 03:00,2018.01.04 02:00,1309.270,0,0
2395854,TICK,528000,1867854,2018.01.04 03:53:05,1515037985,469,2018.01.04 03:00,2018.01.04 02:00,2018.01.04 03:00,2018.01.04 02:00,1309.270,0,0
2396072,TIMER,528072,1868000,2018.01.04 03:53:19,1515037999,469,2018.01.04 03:00,2018.01.04 02:00,2018.01.04 03:00,2018.01.04 02:00,1309.270,0,0
2397121,TIMER,528121,1869000,2018.01.04 03:54:59,1515038099,469,2018.01.04 03:00,2018.01.04 02:00,2018.01.04 03:00,2018.01.04 02:00,1309.270,0,0
2398317,TIMER,528317,1870000,2018.01.04 03:56:39,1515038199,469,2018.01.04 03:00,2018.01.04 02:00,2018.01.04 03:00,2018.01.04 02:00,1309.270,0,0
2399556,TIMER,528556,1871000,2018.01.04 03:58:19,1515038299,469,2018.01.04 03:00,2018.01.04 02:00,2018.01.04 03:00,2018.01.04 02:00,1309.270,0,0
2400664,TIMER,528664,1872000,2018.01.04 03:59:59,1515038399,469,2018.01.04 03:00,2018.01.04 02:00,2018.01.04 03:00,2018.01.04 02:00,1309.270,0,0
2401979,TIMER,528979,1873000,2018.01.04 04:01:39,1515038499,469,2018.01.04 04:00,2018.01.04 03:00,2018.01.04 04:00,2018.01.04 03:00,1307.200,0,0
2402115,TICK,529000,1873115,2018.01.04 04:01:51,1515038511,469,2018.01.04 04:00,2018.01.04 03:00,2018.01.04 04:00,2018.01.04 03:00,1307.200,0,0
2403350,TIMER,529350,1874000,2018.01.04 04:03:18,1515038598,469,2018.01.04 04:00,2018.01.04 03:00,2018.01.04 04:00,2018.01.04 03:00,1307.200,0,0
2404508,TIMER,529508,1875000,2018.01.04 04:04:59,1515038699,469,2018.01.04 04:00,2018.01.04 03:00,2018.01.04 04:00,2018.01.04 03:00,1307.200,0,0
2405591,TIMER,529591,1876000,2018.01.04 04:06:39,1515038799,469,2018.01.04 04:00,2018.01.04 03:00,2018.01.04 04:00,2018.01.04 03:00,1307.200,0,0
2406723,TIMER,529723,1877000,2018.01.04 04:08:19,1515038899,469,2018.01.04 04:00,2018.01.04 03:00,2018.01.04 04:00,2018.01.04 03:00,1307.200,0,0
2407902,TIMER,529902,1878000,2018.01.04 04:09:59,1515038999,469,2018.01.04 04:00,2018.01.04 03:00,2018.01.04 04:00,2018.01.04 03:00,1307.200,0,0
2408287,TICK,530000,1878287,2018.01.04 04:10:28,1515039028,469,2018.01.04 04:00,2018.01.04 03:00,2018.01.04 04:00,2018.01.04 03:00,1307.200,0,0
2409215,TIMER,530215,1879000,2018.01.04 04:11:39,1515039099,469,2018.01.04 04:00,2018.01.04 03:00,2018.01.04 04:00,2018.01.04 03:00,1307.200,0,0
2410458,TIMER,530458,1880000,2018.01.04 04:13:19,1515039199,469,2018.01.04 04:00,2018.01.04 03:00,2018.01.04 04:00,2018.01.04 03:00,1307.200,0,0
2411776,TIMER,530776,1881000,2018.01.04 04:14:58,1515039298,469,2018.01.04 04:00,2018.01.04 03:00,2018.01.04 04:00,2018.01.04 03:00,1307.200,0,0
2412952,TIMER,530952,1882000,2018.01.04 04:16:39,1515039399,469,2018.01.04 04:00,2018.01.04 03:00,2018.01.04 04:00,2018.01.04 03:00,1307.200,0,0
2413411,TICK,531000,1882411,2018.01.04 04:17:21,1515039441,469,2018.01.04 04:00,2018.01.04 03:00,2018.01.04 04:00,2018.01.04 03:00,1307.200,0,0
2414360,TIMER,531360,1883000,2018.01.04 04:18:18,1515039498,469,2018.01.04 04:00,2018.01.04 03:00,2018.01.04 04:00,2018.01.04 03:00,1307.200,0,0
2415617,TIMER,531617,1884000,2018.01.04 04:19:59,1515039599,469,2018.01.04 04:00,2018.01.04 03:00,2018.01.04 04:00,2018.01.04 03:00,1307.200,0,0
2416953,TIMER,531953,1885000,2018.01.04 04:21:34,1515039694,469,2018.01.04 04:00,2018.01.04 03:00,2018.01.04 04:00,2018.01.04 03:00,1307.200,0,0
2417080,TICK,532000,1885080,2018.01.04 04:21:48,1515039708,469,2018.01.04 04:00,2018.01.04 03:00,2018.01.04 04:00,2018.01.04 03:00,1307.200,0,0
2418452,TIMER,532452,1886000,2018.01.04 04:23:19,1515039799,469,2018.01.04 04:00,2018.01.04 03:00,2018.01.04 04:00,2018.01.04 03:00,1307.200,0,0
2419823,TIMER,532823,1887000,2018.01.04 04:24:59,1515039899,469,2018.01.04 04:00,2018.01.04 03:00,2018.01.04 04:00,2018.01.04 03:00,1307.200,0,0
2420981,TIMER,532981,1888000,2018.01.04 04:26:39,1515039999,469,2018.01.04 04:00,2018.01.04 03:00,2018.01.04 04:00,2018.01.04 03:00,1307.200,0,0
2421170,TICK,533000,1888170,2018.01.04 04:26:57,1515040017,469,2018.01.04 04:00,2018.01.04 03:00,2018.01.04 04:00,2018.01.04 03:00,1307.200,0,0
2422263,TIMER,533263,1889000,2018.01.04 04:28:19,1515040099,469,2018.01.04 04:00,2018.01.04 03:00,2018.01.04 04:00,2018.01.04 03:00,1307.200,0,0
2423532,TIMER,533532,1890000,2018.01.04 04:29:59,1515040199,469,2018.01.04 04:00,2018.01.04 03:00,2018.01.04 04:00,2018.01.04 03:00,1307.200,0,0
2424720,TIMER,533720,1891000,2018.01.04 04:31:39,1515040299,469,2018.01.04 04:00,2018.01.04 03:00,2018.01.04 04:00,2018.01.04 03:00,1307.200,0,0
2425827,TIMER,533827,1892000,2018.01.04 04:33:19,1515040399,469,2018.01.04 04:00,2018.01.04 03:00,2018.01.04 04:00,2018.01.04 03:00,1307.200,0,0
2426527,TICK,534000,1892527,2018.01.04 04:34:12,1515040452,469,2018.01.04 04:00,2018.01.04 03:00,2018.01.04 04:00,2018.01.04 03:00,1307.200,0,0
2427252,TIMER,534252,1893000,2018.01.04 04:34:59,1515040499,469,2018.01.04 04:00,2018.01.04 03:00,2018.01.04 04:00,2018.01.04 03:00,1307.200,0,0
2428584,TIMER,534584,1894000,2018.01.04 04:36:39,1515040599,469,2018.01.04 04:00,2018.01.04 03:00,2018.01.04 04:00,2018.01.04 03:00,1307.200,0,0
2429916,TIMER,534916,1895000,2018.01.04 04:38:19,1515040699,469,2018.01.04 04:00,2018.01.04 03:00,2018.01.04 04:00,2018.01.04 03:00,1307.200,0,0
2430139,TICK,535000,1895139,2018.01.04 04:38:33,1515040713,469,2018.01.04 04:00,2018.01.04 03:00,2018.01.04 04:00,2018.01.04 03:00,1307.200,0,0
2431452,TIMER,535452,1896000,2018.01.04 04:39:59,1515040799,469,2018.01.04 04:00,2018.01.04 03:00,2018.01.04 04:00,2018.01.04 03:00,1307.200,0,0
2432932,TIMER,535932,1897000,2018.01.04 04:41:39,1515040899,469,2018.01.04 04:00,2018.01.04 03:00,2018.01.04 04:00,2018.01.04 03:00,1307.200,0,0
2433175,TICK,536000,1897175,2018.01.04 04:41:57,1515040917,469,2018.01.04 04:00,2018.01.04 03:00,2018.01.04 04:00,2018.01.04 03:00,1307.200,0,0
2434902,TIMER,536902,1898000,2018.01.04 04:43:19,1515040999,469,2018.01.04 04:00,2018.01.04 03:00,2018.01.04 04:00,2018.01.04 03:00,1307.200,0,0
2435040,TICK,537000,1898040,2018.01.04 04:43:24,1515041004,469,2018.01.04 04:00,2018.01.04 03:00,2018.01.04 04:00,2018.01.04 03:00,1307.200,0,0
2436604,TIMER,537604,1899000,2018.01.04 04:44:59,1515041099,469,2018.01.04 04:00,2018.01.04 03:00,2018.01.04 04:00,2018.01.04 03:00,1307.200,0,0
2437883,TIMER,537883,1900000,2018.01.04 04:46:38,1515041198,469,2018.01.04 04:00,2018.01.04 03:00,2018.01.04 04:00,2018.01.04 03:00,1307.200,0,0
2438234,TICK,538000,1900234,2018.01.04 04:47:03,1515041223,469,2018.01.04 04:00,2018.01.04 03:00,2018.01.04 04:00,2018.01.04 03:00,1307.200,0,0
2439288,TIMER,538288,1901000,2018.01.04 04:48:19,1515041299,469,2018.01.04 04:00,2018.01.04 03:00,2018.01.04 04:00,2018.01.04 03:00,1307.200,0,0
2440809,TIMER,538809,1902000,2018.01.04 04:49:59,1515041399,469,2018.01.04 04:00,2018.01.04 03:00,2018.01.04 04:00,2018.01.04 03:00,1307.200,0,0
2441280,TICK,539000,1902280,2018.01.04 04:50:28,1515041428,469,2018.01.04 04:00,2018.01.04 03:00,2018.01.04 04:00,2018.01.04 03:00,1307.200,0,0
2442232,TIMER,539232,1903000,2018.01.04 04:51:39,1515041499,469,2018.01.04 04:00,2018.01.04 03:00,2018.01.04 04:00,2018.01.04 03:00,1307.200,0,0
2443481,TIMER,539481,1904000,2018.01.04 04:53:16,1515041596,469,2018.01.04 04:00,2018.01.04 03:00,2018.01.04 04:00,2018.01.04 03:00,1307.200,0,0
2444723,TIMER,539723,1905000,2018.01.04 04:54:59,1515041699,469,2018.01.04 04:00,2018.01.04 03:00,2018.01.04 04:00,2018.01.04 03:00,1307.200,0,0
2445839,TICK,540000,1905839,2018.01.04 04:56:23,1515041783,469,2018.01.04 04:00,2018.01.04 03:00,2018.01.04 04:00,2018.01.04 03:00,1307.200,0,0
2446032,TIMER,540032,1906000,2018.01.04 04:56:38,1515041798,469,2018.01.04 04:00,2018.01.04 03:00,2018.01.04 04:00,2018.01.04 03:00,1307.200,0,0
2447392,TIMER,540392,1907000,2018.01.04 04:58:18,1515041898,469,2018.01.04 04:00,2018.01.04 03:00,2018.01.04 04:00,2018.01.04 03:00,1307.200,0,0
2448616,TIMER,540616,1908000,2018.01.04 04:59:59,1515041999,469,2018.01.04 04:00,2018.01.04 03:00,2018.01.04 04:00,2018.01.04 03:00,1307.200,0,0
2449934,TIMER,540934,1909000,2018.01.04 05:01:33,1515042093,469,2018.01.04 05:00,2018.01.04 04:00,2018.01.04 05:00,2018.01.04 04:00,1307.060,0,0
2450314,TICK,541000,1909314,2018.01.04 05:02:11,1515042131,469,2018.01.04 05:00,2018.01.04 04:00,2018.01.04 05:00,2018.01.04 04:00,1307.060,0,0
2451172,TIMER,541172,1910000,2018.01.04 05:03:19,1515042199,469,2018.01.04 05:00,2018.01.04 04:00,2018.01.04 05:00,2018.01.04 04:00,1307.060,0,0
2452603,TIMER,541603,1911000,2018.01.04 05:04:59,1515042299,469,2018.01.04 05:00,2018.01.04 04:00,2018.01.04 05:00,2018.01.04 04:00,1307.060,0,0
2453921,TIMER,541921,1912000,2018.01.04 05:06:39,1515042399,469,2018.01.04 05:00,2018.01.04 04:00,2018.01.04 05:00,2018.01.04 04:00,1307.060,0,0
2454377,TICK,542000,1912377,2018.01.04 05:07:17,1515042437,469,2018.01.04 05:00,2018.01.04 04:00,2018.01.04 05:00,2018.01.04 04:00,1307.060,0,0
2455142,TIMER,542142,1913000,2018.01.04 05:08:19,1515042499,469,2018.01.04 05:00,2018.01.04 04:00,2018.01.04 05:00,2018.01.04 04:00,1307.060,0,0
2456369,TIMER,542369,1914000,2018.01.04 05:09:59,1515042599,469,2018.01.04 05:00,2018.01.04 04:00,2018.01.04 05:00,2018.01.04 04:00,1307.060,0,0
2457549,TIMER,542549,1915000,2018.01.04 05:11:39,1515042699,469,2018.01.04 05:00,2018.01.04 04:00,2018.01.04 05:00,2018.01.04 04:00,1307.060,0,0
2458859,TIMER,542859,1916000,2018.01.04 05:13:19,1515042799,469,2018.01.04 05:00,2018.01.04 04:00,2018.01.04 05:00,2018.01.04 04:00,1307.060,0,0
2459363,TICK,543000,1916363,2018.01.04 05:13:56,1515042836,469,2018.01.04 05:00,2018.01.04 04:00,2018.01.04 05:00,2018.01.04 04:00,1307.060,0,0
2460270,TIMER,543270,1917000,2018.01.04 05:14:59,1515042899,469,2018.01.04 05:00,2018.01.04 04:00,2018.01.04 05:00,2018.01.04 04:00,1307.060,0,0
2461582,TIMER,543582,1918000,2018.01.04 05:16:39,1515042999,469,2018.01.04 05:00,2018.01.04 04:00,2018.01.04 05:00,2018.01.04 04:00,1307.060,0,0
2462735,TIMER,543735,1919000,2018.01.04 05:18:17,1515043097,469,2018.01.04 05:00,2018.01.04 04:00,2018.01.04 05:00,2018.01.04 04:00,1307.060,0,0
2463932,TICK,544000,1919932,2018.01.04 05:19:53,1515043193,469,2018.01.04 05:00,2018.01.04 04:00,2018.01.04 05:00,2018.01.04 04:00,1307.060,0,0
2464017,TIMER,544017,1920000,2018.01.04 05:19:59,1515043199,469,2018.01.04 05:00,2018.01.04 04:00,2018.01.04 05:00,2018.01.04 04:00,1307.060,0,0
2465248,TIMER,544248,1921000,2018.01.04 05:21:39,1515043299,469,2018.01.04 05:00,2018.01.04 04:00,2018.01.04 05:00,2018.01.04 04:00,1307.060,0,0
2466619,TIMER,544619,1922000,2018.01.04 05:23:19,1515043399,469,2018.01.04 05:00,2018.01.04 04:00,2018.01.04 05:00,2018.01.04 04:00,1307.060,0,0
2467750,TIMER,544750,1923000,2018.01.04 05:24:59,1515043499,469,2018.01.04 05:00,2018.01.04 04:00,2018.01.04 05:00,2018.01.04 04:00,1307.060,0,0
2468915,TIMER,544915,1924000,2018.01.04 05:26:37,1515043597,469,2018.01.04 05:00,2018.01.04 04:00,2018.01.04 05:00,2018.01.04 04:00,1307.060,0,0
2469622,TICK,545000,1924622,2018.01.04 05:27:42,1515043662,469,2018.01.04 05:00,2018.01.04 04:00,2018.01.04 05:00,2018.01.04 04:00,1307.060,0,0
2470030,TIMER,545030,1925000,2018.01.04 05:28:18,1515043698,469,2018.01.04 05:00,2018.01.04 04:00,2018.01.04 05:00,2018.01.04 04:00,1307.060,0,0
2471126,TIMER,545126,1926000,2018.01.04 05:29:58,1515043798,469,2018.01.04 05:00,2018.01.04 04:00,2018.01.04 05:00,2018.01.04 04:00,1307.060,0,0
2472442,TIMER,545442,1927000,2018.01.04 05:31:39,1515043899,469,2018.01.04 05:00,2018.01.04 04:00,2018.01.04 05:00,2018.01.04 04:00,1307.060,0,0
2473501,TIMER,545501,1928000,2018.01.04 05:33:17,1515043997,469,2018.01.04 05:00,2018.01.04 04:00,2018.01.04 05:00,2018.01.04 04:00,1307.060,0,0
2474780,TIMER,545780,1929000,2018.01.04 05:34:59,1515044099,469,2018.01.04 05:00,2018.01.04 04:00,2018.01.04 05:00,2018.01.04 04:00,1307.060,0,0
2475930,TIMER,545930,1930000,2018.01.04 05:36:39,1515044199,469,2018.01.04 05:00,2018.01.04 04:00,2018.01.04 05:00,2018.01.04 04:00,1307.060,0,0
2476391,TICK,546000,1930391,2018.01.04 05:37:19,1515044239,469,2018.01.04 05:00,2018.01.04 04:00,2018.01.04 05:00,2018.01.04 04:00,1307.060,0,0
2477108,TIMER,546108,1931000,2018.01.04 05:38:15,1515044295,469,2018.01.04 05:00,2018.01.04 04:00,2018.01.04 05:00,2018.01.04 04:00,1307.060,0,0
2478340,TIMER,546340,1932000,2018.01.04 05:39:59,1515044399,469,2018.01.04 05:00,2018.01.04 04:00,2018.01.04 05:00,2018.01.04 04:00,1307.060,0,0
2479482,TIMER,546482,1933000,2018.01.04 05:41:35,1515044495,469,2018.01.04 05:00,2018.01.04 04:00,2018.01.04 05:00,2018.01.04 04:00,1307.060,0,0
2480568,TIMER,546568,1934000,2018.01.04 05:43:19,1515044599,469,2018.01.04 05:00,2018.01.04 04:00,2018.01.04 05:00,2018.01.04 04:00,1307.060,0,0
2481737,TIMER,546737,1935000,2018.01.04 05:44:59,1515044699,469,2018.01.04 05:00,2018.01.04 04:00,2018.01.04 05:00,2018.01.04 04:00,1307.060,0,0
2482834,TIMER,546834,1936000,2018.01.04 05:46:38,1515044798,469,2018.01.04 05:00,2018.01.04 04:00,2018.01.04 05:00,2018.01.04 04:00,1307.060,0,0
2483876,TIMER,546876,1937000,2018.01.04 05:48:17,1515044897,469,2018.01.04 05:00,2018.01.04 04:00,2018.01.04 05:00,2018.01.04 04:00,1307.060,0,0
2484774,TICK,547000,1937774,2018.01.04 05:49:37,1515044977,469,2018.01.04 05:00,2018.01.04 04:00,2018.01.04 05:00,2018.01.04 04:00,1307.060,0,0
2485099,TIMER,547099,1938000,2018.01.04 05:49:56,1515044996,469,2018.01.04 05:00,2018.01.04 04:00,2018.01.04 05:00,2018.01.04 04:00,1307.060,0,0
2486230,TIMER,547230,1939000,2018.01.04 05:51:38,1515045098,469,2018.01.04 05:00,2018.01.04 04:00,2018.01.04 05:00,2018.01.04 04:00,1307.060,0,0
2487372,TIMER,547372,1940000,2018.01.04 05:53:19,1515045199,469,2018.01.04 05:00,2018.01.04 04:00,2018.01.04 05:00,2018.01.04 04:00,1307.060,0,0
2488650,TIMER,547650,1941000,2018.01.04 05:54:59,1515045299,469,2018.01.04 05:00,2018.01.04 04:00,2018.01.04 05:00,2018.01.04 04:00,1307.060,0,0
2489773,TIMER,547773,1942000,2018.01.04 05:56:36,1515045396,469,2018.01.04 05:00,2018.01.04 04:00,2018.01.04 05:00,2018.01.04 04:00,1307.060,0,0
2490967,TIMER,547967,1943000,2018.01.04 05:58:19,1515045499,469,2018.01.04 05:00,2018.01.04 04:00,2018.01.04 05:00,2018.01.04 04:00,1307.060,0,0
2491238,TICK,548000,1943238,2018.01.04 05:58:43,1515045523,469,2018.01.04 05:00,2018.01.04 04:00,2018.01.04 05:00,2018.01.04 04:00,1307.060,0,0
2492106,TIMER,548106,1944000,2018.01.04 05:59:59,1515045599,469,2018.01.04 05:00,2018.01.04 04:00,2018.01.04 05:00,2018.01.04 04:00,1307.060,0,0
2493362,TIMER,548362,1945000,2018.01.04 06:01:38,1515045698,469,2018.01.04 06:00,2018.01.04 05:00,2018.01.04 06:00,2018.01.04 05:00,1307.260,0,0
2494954,TIMER,548954,1946000,2018.01.04 06:03:19,1515045799,469,2018.01.04 06:00,2018.01.04 05:00,2018.01.04 06:00,2018.01.04 05:00,1307.260,0,0
2495098,TICK,549000,1946098,2018.01.04 06:03:29,1515045809,469,2018.01.04 06:00,2018.01.04 05:00,2018.01.04 06:00,2018.01.04 05:00,1307.260,0,0
2496141,TIMER,549141,1947000,2018.01.04 06:05:00,1515045900,469,2018.01.04 06:00,2018.01.04 05:00,2018.01.04 06:00,2018.01.04 05:00,1307.260,0,0
2497684,TIMER,549684,1948000,2018.01.04 06:06:27,1515045987,469,2018.01.04 06:00,2018.01.04 05:00,2018.01.04 06:00,2018.01.04 05:00,1307.260,0,0
2498837,TIMER,549837,1949000,2018.01.04 06:08:18,1515046098,469,2018.01.04 06:00,2018.01.04 05:00,2018.01.04 06:00,2018.01.04 05:00,1307.260,0,0
2499987,TICK,550000,1949987,2018.01.04 06:09:58,1515046198,469,2018.01.04 06:00,2018.01.04 05:00,2018.01.04 06:00,2018.01.04 05:00,1307.260,0,0
2500007,TIMER,550007,1950000,2018.01.04 06:09:59,1515046199,469,2018.01.04 06:00,2018.01.04 05:00,2018.01.04 06:00,2018.01.04 05:00,1307.260,0,0
2501827,TIMER,550827,1951000,2018.01.04 06:11:36,1515046296,469,2018.01.04 06:00,2018.01.04 05:00,2018.01.04 06:00,2018.01.04 05:00,1307.260,0,0
2502394,TICK,551000,1951394,2018.01.04 06:12:19,1515046339,469,2018.01.04 06:00,2018.01.04 05:00,2018.01.04 06:00,2018.01.04 05:00,1307.260,0,0
2503905,TIMER,551905,1952000,2018.01.04 06:13:19,1515046399,469,2018.01.04 06:00,2018.01.04 05:00,2018.01.04 06:00,2018.01.04 05:00,1307.260,0,0
2504566,TICK,552000,1952566,2018.01.04 06:14:16,1515046456,469,2018.01.04 06:00,2018.01.04 05:00,2018.01.04 06:00,2018.01.04 05:00,1307.260,0,0
2505010,TIMER,552010,1953000,2018.01.04 06:14:59,1515046499,469,2018.01.04 06:00,2018.01.04 05:00,2018.01.04 06:00,2018.01.04 05:00,1307.260,0,0
2506067,TIMER,552067,1954000,2018.01.04 06:16:38,1515046598,469,2018.01.04 06:00,2018.01.04 05:00,2018.01.04 06:00,2018.01.04 05:00,1307.260,0,0
2507174,TIMER,552174,1955000,2018.01.04 06:18:12,1515046692,469,2018.01.04 06:00,2018.01.04 05:00,2018.01.04 06:00,2018.01.04 05:00,1307.260,0,0
2508191,TIMER,552191,1956000,2018.01.04 06:19:59,1515046799,469,2018.01.04 06:00,2018.01.04 05:00,2018.01.04 06:00,2018.01.04 05:00,1307.260,0,0
2509890,TIMER,552890,1957000,2018.01.04 06:21:37,1515046897,469,2018.01.04 06:00,2018.01.04 05:00,2018.01.04 06:00,2018.01.04 05:00,1307.260,0,0
2510957,TIMER,552957,1958000,2018.01.04 06:23:15,1515046995,469,2018.01.04 06:00,2018.01.04 05:00,2018.01.04 06:00,2018.01.04 05:00,1307.260,0,0
2511261,TICK,553000,1958261,2018.01.04 06:23:46,1515047026,469,2018.01.04 06:00,2018.01.04 05:00,2018.01.04 06:00,2018.01.04 05:00,1307.260,0,0
2512197,TIMER,553197,1959000,2018.01.04 06:24:56,1515047096,469,2018.01.04 06:00,2018.01.04 05:00,2018.01.04 06:00,2018.01.04 05:00,1307.260,0,0
2513232,TIMER,553232,1960000,2018.01.04 06:26:32,1515047192,469,2018.01.04 06:00,2018.01.04 05:00,2018.01.04 06:00,2018.01.04 05:00,1307.260,0,0
2514522,TIMER,553522,1961000,2018.01.04 06:28:19,1515047299,469,2018.01.04 06:00,2018.01.04 05:00,2018.01.04 06:00,2018.01.04 05:00,1307.260,0,0
2515682,TIMER,553682,1962000,2018.01.04 06:29:59,1515047399,469,2018.01.04 06:00,2018.01.04 05:00,2018.01.04 06:00,2018.01.04 05:00,1307.260,0,0
2516874,TIMER,553874,1963000,2018.01.04 06:31:38,1515047498,469,2018.01.04 06:00,2018.01.04 05:00,2018.01.04 06:00,2018.01.04 05:00,1307.260,0,0
2517137,TICK,554000,1963137,2018.01.04 06:31:53,1515047513,469,2018.01.04 06:00,2018.01.04 05:00,2018.01.04 06:00,2018.01.04 05:00,1307.260,0,0
2518313,TIMER,554313,1964000,2018.01.04 06:33:19,1515047599,469,2018.01.04 06:00,2018.01.04 05:00,2018.01.04 06:00,2018.01.04 05:00,1307.260,0,0
2519900,TIMER,554900,1965000,2018.01.04 06:34:59,1515047699,469,2018.01.04 06:00,2018.01.04 05:00,2018.01.04 06:00,2018.01.04 05:00,1307.260,0,0
2520254,TICK,555000,1965254,2018.01.04 06:35:25,1515047725,469,2018.01.04 06:00,2018.01.04 05:00,2018.01.04 06:00,2018.01.04 05:00,1307.260,0,0
2521244,TIMER,555244,1966000,2018.01.04 06:36:39,1515047799,469,2018.01.04 06:00,2018.01.04 05:00,2018.01.04 06:00,2018.01.04 05:00,1307.260,0,0
2522483,TIMER,555483,1967000,2018.01.04 06:38:16,1515047896,469,2018.01.04 06:00,2018.01.04 05:00,2018.01.04 06:00,2018.01.04 05:00,1307.260,0,0
2523722,TIMER,555722,1968000,2018.01.04 06:39:54,1515047994,469,2018.01.04 06:00,2018.01.04 05:00,2018.01.04 06:00,2018.01.04 05:00,1307.260,0,0
2524796,TIMER,555796,1969000,2018.01.04 06:41:10,1515048070,469,2018.01.04 06:00,2018.01.04 05:00,2018.01.04 06:00,2018.01.04 05:00,1307.260,0,0
2525873,TIMER,555873,1970000,2018.01.04 06:43:19,1515048199,469,2018.01.04 06:00,2018.01.04 05:00,2018.01.04 06:00,2018.01.04 05:00,1307.260,0,0
2526981,TIMER,555981,1971000,2018.01.04 06:44:59,1515048299,469,2018.01.04 06:00,2018.01.04 05:00,2018.01.04 06:00,2018.01.04 05:00,1307.260,0,0
2527052,TICK,556000,1971052,2018.01.04 06:45:05,1515048305,469,2018.01.04 06:00,2018.01.04 05:00,2018.01.04 06:00,2018.01.04 05:00,1307.260,0,0
2528204,TIMER,556204,1972000,2018.01.04 06:46:39,1515048399,469,2018.01.04 06:00,2018.01.04 05:00,2018.01.04 06:00,2018.01.04 05:00,1307.260,0,0
2529863,TIMER,556863,1973000,2018.01.04 06:48:19,1515048499,469,2018.01.04 06:00,2018.01.04 05:00,2018.01.04 06:00,2018.01.04 05:00,1307.260,0,0
2530985,TIMER,556985,1974000,2018.01.04 06:49:59,1515048599,469,2018.01.04 06:00,2018.01.04 05:00,2018.01.04 06:00,2018.01.04 05:00,1307.260,0,0
2531118,TICK,557000,1974118,2018.01.04 06:50:11,1515048611,469,2018.01.04 06:00,2018.01.04 05:00,2018.01.04 06:00,2018.01.04 05:00,1307.260,0,0
2532223,TIMER,557223,1975000,2018.01.04 06:51:34,1515048694,469,2018.01.04 06:00,2018.01.04 05:00,2018.01.04 06:00,2018.01.04 05:00,1307.260,0,0
2533280,TIMER,557280,1976000,2018.01.04 06:53:14,1515048794,469,2018.01.04 06:00,2018.01.04 05:00,2018.01.04 06:00,2018.01.04 05:00,1307.260,0,0
2534378,TIMER,557378,1977000,2018.01.04 06:54:58,1515048898,469,2018.01.04 06:00,2018.01.04 05:00,2018.01.04 06:00,2018.01.04 05:00,1307.260,0,0
2535606,TIMER,557606,1978000,2018.01.04 06:56:39,1515048999,469,2018.01.04 06:00,2018.01.04 05:00,2018.01.04 06:00,2018.01.04 05:00,1307.260,0,0
2536703,TIMER,557703,1979000,2018.01.04 06:58:19,1515049099,469,2018.01.04 06:00,2018.01.04 05:00,2018.01.04 06:00,2018.01.04 05:00,1307.260,0,0
2537777,TIMER,557777,1980000,2018.01.04 06:59:59,1515049199,469,2018.01.04 06:00,2018.01.04 05:00,2018.01.04 06:00,2018.01.04 05:00,1307.260,0,0
2538937,TICK,558000,1980937,2018.01.04 07:01:33,1515049293,469,2018.01.04 07:00,2018.01.04 06:00,2018.01.04 07:00,2018.01.04 06:00,1308.010,0,0
2539015,TIMER,558015,1981000,2018.01.04 07:01:39,1515049299,469,2018.01.04 07:00,2018.01.04 06:00,2018.01.04 07:00,2018.01.04 06:00,1308.010,0,0
2540281,TIMER,558281,1982000,2018.01.04 07:03:19,1515049399,469,2018.01.04 07:00,2018.01.04 06:00,2018.01.04 07:00,2018.01.04 06:00,1308.010,0,0
2541421,TIMER,558421,1983000,2018.01.04 07:04:57,1515049497,469,2018.01.04 07:00,2018.01.04 06:00,2018.01.04 07:00,2018.01.04 06:00,1308.010,0,0
2542675,TIMER,558675,1984000,2018.01.04 07:06:39,1515049599,469,2018.01.04 07:00,2018.01.04 06:00,2018.01.04 07:00,2018.01.04 06:00,1308.010,0,0
2543807,TIMER,558807,1985000,2018.01.04 07:08:19,1515049699,469,2018.01.04 07:00,2018.01.04 06:00,2018.01.04 07:00,2018.01.04 06:00,1308.010,0,0
2544942,TIMER,558942,1986000,2018.01.04 07:09:59,1515049799,469,2018.01.04 07:00,2018.01.04 06:00,2018.01.04 07:00,2018.01.04 06:00,1308.010,0,0
2545067,TICK,559000,1986067,2018.01.04 07:10:06,1515049806,469,2018.01.04 07:00,2018.01.04 06:00,2018.01.04 07:00,2018.01.04 06:00,1308.010,0,0
2546226,TIMER,559226,1987000,2018.01.04 07:11:39,1515049899,469,2018.01.04 07:00,2018.01.04 06:00,2018.01.04 07:00,2018.01.04 06:00,1308.010,0,0
2547369,TIMER,559369,1988000,2018.01.04 07:13:13,1515049993,469,2018.01.04 07:00,2018.01.04 06:00,2018.01.04 07:00,2018.01.04 06:00,1308.010,0,0
2548844,TIMER,559844,1989000,2018.01.04 07:14:56,1515050096,469,2018.01.04 07:00,2018.01.04 06:00,2018.01.04 07:00,2018.01.04 06:00,1308.010,0,0
2549892,TIMER,559892,1990000,2018.01.04 07:16:29,1515050189,469,2018.01.04 07:00,2018.01.04 06:00,2018.01.04 07:00,2018.01.04 06:00,1308.010,0,0
2550517,TICK,560000,1990517,2018.01.04 07:17:31,1515050251,469,2018.01.04 07:00,2018.01.04 06:00,2018.01.04 07:00,2018.01.04 06:00,1308.010,0,0
2551249,TIMER,560249,1991000,2018.01.04 07:18:19,1515050299,469,2018.01.04 07:00,2018.01.04 06:00,2018.01.04 07:00,2018.01.04 06:00,1308.010,0,0
2552427,TIMER,560427,1992000,2018.01.04 07:19:58,1515050398,469,2018.01.04 07:00,2018.01.04 06:00,2018.01.04 07:00,2018.01.04 06:00,1308.010,0,0
2553546,TIMER,560546,1993000,2018.01.04 07:21:39,1515050499,469,2018.01.04 07:00,2018.01.04 06:00,2018.01.04 07:00,2018.01.04 06:00,1308.010,0,0
2554952,TIMER,560952,1994000,2018.01.04 07:23:19,1515050599,469,2018.01.04 07:00,2018.01.04 06:00,2018.01.04 07:00,2018.01.04 06:00,1308.010,0,0
2555051,TICK,561000,1994051,2018.01.04 07:23:25,1515050605,469,2018.01.04 07:00,2018.01.04 06:00,2018.01.04 07:00,2018.01.04 06:00,1308.010,0,0
2556243,TIMER,561243,1995000,2018.01.04 07:24:59,1515050699,469,2018.01.04 07:00,2018.01.04 06:00,2018.01.04 07:00,2018.01.04 06:00,1308.010,0,0
2557329,TIMER,561329,1996000,2018.01.04 07:26:39,1515050799,469,2018.01.04 07:00,2018.01.04 06:00,2018.01.04 07:00,2018.01.04 06:00,1308.010,0,0
2558493,TIMER,561493,1997000,2018.01.04 07:28:18,1515050898,469,2018.01.04 07:00,2018.01.04 06:00,2018.01.04 07:00,2018.01.04 06:00,1308.010,0,0
2559654,TIMER,561654,1998000,2018.01.04 07:29:58,1515050998,469,2018.01.04 07:00,2018.01.04 06:00,2018.01.04 07:00,2018.01.04 06:00,1308.010,0,0
2560947,TIMER,561947,1999000,2018.01.04 07:31:39,1515051099,469,2018.01.04 07:00,2018.01.04 06:00,2018.01.04 07:00,2018.01.04 06:00,1308.010,0,0
2561759,TICK,562000,1999759,2018.01.04 07:32:55,1515051175,469,2018.01.04 07:00,2018.01.04 06:00,2018.01.04 07:00,2018.01.04 06:00,1308.010,0,0
2562014,TIMER,562014,2000000,2018.01.04 07:33:17,1515051197,469,2018.01.04 07:00,2018.01.04 06:00,2018.01.04 07:00,2018.01.04 06:00,1308.010,0,0
2563137,TIMER,562137,2001000,2018.01.04 07:34:59,1515051299,469,2018.01.04 07:00,2018.01.04 06:00,2018.01.04 07:00,2018.01.04 06:00,1308.010,0,0
2564405,TIMER,562405,2002000,2018.01.04 07:36:39,1515051399,469,2018.01.04 07:00,2018.01.04 06:00,2018.01.04 07:00,2018.01.04 06:00,1308.010,0,0
2565586,TIMER,562586,2003000,2018.01.04 07:38:19,1515051499,469,2018.01.04 07:00,2018.01.04 06:00,2018.01.04 07:00,2018.01.04 06:00,1308.010,0,0
2566782,TIMER,562782,2004000,2018.01.04 07:39:59,1515051599,469,2018.01.04 07:00,2018.01.04 06:00,2018.01.04 07:00,2018.01.04 06:00,1308.010,0,0
2567362,TICK,563000,2004362,2018.01.04 07:40:36,1515051636,469,2018.01.04 07:00,2018.01.04 06:00,2018.01.04 07:00,2018.01.04 06:00,1308.010,0,0
2568378,TIMER,563378,2005000,2018.01.04 07:41:38,1515051698,469,2018.01.04 07:00,2018.01.04 06:00,2018.01.04 07:00,2018.01.04 06:00,1308.010,0,0
2569593,TIMER,563593,2006000,2018.01.04 07:43:19,1515051799,469,2018.01.04 07:00,2018.01.04 06:00,2018.01.04 07:00,2018.01.04 06:00,1308.010,0,0
2570870,TICK,564000,2006870,2018.01.04 07:44:47,1515051887,469,2018.01.04 07:00,2018.01.04 06:00,2018.01.04 07:00,2018.01.04 06:00,1308.010,0,0
2571048,TIMER,564048,2007000,2018.01.04 07:44:59,1515051899,469,2018.01.04 07:00,2018.01.04 06:00,2018.01.04 07:00,2018.01.04 06:00,1308.010,0,0
2572630,TIMER,564630,2008000,2018.01.04 07:46:37,1515051997,469,2018.01.04 07:00,2018.01.04 06:00,2018.01.04 07:00,2018.01.04 06:00,1308.010,0,0
2573223,TICK,565000,2008223,2018.01.04 07:47:02,1515052022,469,2018.01.04 07:00,2018.01.04 06:00,2018.01.04 07:00,2018.01.04 06:00,1308.010,0,0
2574817,TIMER,565817,2009000,2018.01.04 07:48:19,1515052099,469,2018.01.04 07:00,2018.01.04 06:00,2018.01.04 07:00,2018.01.04 06:00,1308.010,0,0
2575295,TICK,566000,2009295,2018.01.04 07:48:49,1515052129,469,2018.01.04 07:00,2018.01.04 06:00,2018.01.04 07:00,2018.01.04 06:00,1308.010,0,0
2576408,TIMER,566408,2010000,2018.01.04 07:49:59,1515052199,469,2018.01.04 07:00,2018.01.04 06:00,2018.01.04 07:00,2018.01.04 06:00,1308.010,0,0
2577536,TIMER,566536,2011000,2018.01.04 07:51:38,1515052298,469,2018.01.04 07:00,2018.01.04 06:00,2018.01.04 07:00,2018.01.04 06:00,1308.010,0,0
2578701,TIMER,566701,2012000,2018.01.04 07:53:19,1515052399,469,2018.01.04 07:00,2018.01.04 06:00,2018.01.04 07:00,2018.01.04 06:00,1308.010,0,0
2579935,TIMER,566935,2013000,2018.01.04 07:54:59,1515052499,469,2018.01.04 07:00,2018.01.04 06:00,2018.01.04 07:00,2018.01.04 06:00,1308.010,0,0
2580255,TICK,567000,2013255,2018.01.04 07:55:25,1515052525,469,2018.01.04 07:00,2018.01.04 06:00,2018.01.04 07:00,2018.01.04 06:00,1308.010,0,0
2581209,TIMER,567209,2014000,2018.01.04 07:56:39,1515052599,469,2018.01.04 07:00,2018.01.04 06:00,2018.01.04 07:00,2018.01.04 06:00,1308.010,0,0
2582794,TIMER,567794,2015000,2018.01.04 07:58:19,1515052699,469,2018.01.04 07:00,2018.01.04 06:00,2018.01.04 07:00,2018.01.04 06:00,1308.010,0,0
2583577,TICK,568000,2015577,2018.01.04 07:59:17,1515052757,469,2018.01.04 07:00,2018.01.04 06:00,2018.01.04 07:00,2018.01.04 06:00,1308.010,0,0
2584205,TIMER,568205,2016000,2018.01.04 07:59:59,1515052799,469,2018.01.04 07:00,2018.01.04 06:00,2018.01.04 07:00,2018.01.04 06:00,1308.010,0,0
2585607,TIMER,568607,2017000,2018.01.04 08:01:39,1515052899,469,2018.01.04 08:00,2018.01.04 07:00,2018.01.04 08:00,2018.01.04 07:00,1310.140,0,0
2586886,TICK,569000,2017886,2018.01.04 08:03:08,1515052988,469,2018.01.04 08:00,2018.01.04 07:00,2018.01.04 08:00,2018.01.04 07:00,1310.140,0,0
2587022,TIMER,569022,2018000,2018.01.04 08:03:17,1515052997,469,2018.01.04 08:00,2018.01.04 07:00,2018.01.04 08:00,2018.01.04 07:00,1310.140,0,0
2588209,TIMER,569209,2019000,2018.01.04 08:04:59,1515053099,469,2018.01.04 08:00,2018.01.04 07:00,2018.01.04 08:00,2018.01.04 07:00,1310.140,0,0
2589544,TIMER,569544,2020000,2018.01.04 08:06:39,1515053199,469,2018.01.04 08:00,2018.01.04 07:00,2018.01.04 08:00,2018.01.04 07:00,1310.140,0,0
2590882,TIMER,569882,2021000,2018.01.04 08:08:19,1515053299,469,2018.01.04 08:00,2018.01.04 07:00,2018.01.04 08:00,2018.01.04 07:00,1310.140,0,0
2591140,TICK,570000,2021140,2018.01.04 08:08:34,1515053314,469,2018.01.04 08:00,2018.01.04 07:00,2018.01.04 08:00,2018.01.04 07:00,1310.140,0,0
2592776,TIMER,570776,2022000,2018.01.04 08:09:59,1515053399,469,2018.01.04 08:00,2018.01.04 07:00,2018.01.04 08:00,2018.01.04 07:00,1310.140,0,0
2593429,TICK,571000,2022429,2018.01.04 08:10:42,1515053442,469,2018.01.04 08:00,2018.01.04 07:00,2018.01.04 08:00,2018.01.04 07:00,1310.140,0,0
2594182,TIMER,571182,2023000,2018.01.04 08:11:39,1515053499,469,2018.01.04 08:00,2018.01.04 07:00,2018.01.04 08:00,2018.01.04 07:00,1310.140,0,0
2595597,TIMER,571597,2024000,2018.01.04 08:13:19,1515053599,469,2018.01.04 08:00,2018.01.04 07:00,2018.01.04 08:00,2018.01.04 07:00,1310.140,0,0
2596946,TIMER,571946,2025000,2018.01.04 08:14:58,1515053698,469,2018.01.04 08:00,2018.01.04 07:00,2018.01.04 08:00,2018.01.04 07:00,1310.140,0,0
2597058,TICK,572000,2025058,2018.01.04 08:15:05,1515053705,469,2018.01.04 08:00,2018.01.04 07:00,2018.01.04 08:00,2018.01.04 07:00,1310.140,0,0
2598336,TIMER,572336,2026000,2018.01.04 08:16:39,1515053799,469,2018.01.04 08:00,2018.01.04 07:00,2018.01.04 08:00,2018.01.04 07:00,1310.140,0,0
2599890,TIMER,572890,2027000,2018.01.04 08:18:19,1515053899,469,2018.01.04 08:00,2018.01.04 07:00,2018.01.04 08:00,2018.01.04 07:00,1310.140,0,0
2600133,TICK,573000,2027133,2018.01.04 08:18:33,1515053913,469,2018.01.04 08:00,2018.01.04 07:00,2018.01.04 08:00,2018.01.04 07:00,1310.140,0,0
2601385,TIMER,573385,2028000,2018.01.04 08:19:58,1515053998,469,2018.01.04 08:00,2018.01.04 07:00,2018.01.04 08:00,2018.01.04 07:00,1310.140,0,0
2602767,TIMER,573767,2029000,2018.01.04 08:21:39,1515054099,469,2018.01.04 08:00,2018.01.04 07:00,2018.01.04 08:00,2018.01.04 07:00,1310.140,0,0
2603897,TIMER,573897,2030000,2018.01.04 08:23:19,1515054199,469,2018.01.04 08:00,2018.01.04 07:00,2018.01.04 08:00,2018.01.04 07:00,1310.140,0,0
2604449,TICK,574000,2030449,2018.01.04 08:24:04,1515054244,469,2018.01.04 08:00,2018.01.04 07:00,2018.01.04 08:00,2018.01.04 07:00,1310.140,0,0
2605280,TIMER,574280,2031000,2018.01.04 08:24:59,1515054299,469,2018.01.04 08:00,2018.01.04 07:00,2018.01.04 08:00,2018.01.04 07:00,1310.140,0,0
2606795,TICK,575000,2031795,2018.01.04 08:26:19,1515054379,469,2018.01.04 08:00,2018.01.04 07:00,2018.01.04 08:00,2018.01.04 07:00,1310.140,0,0
2607054,TIMER,575054,2032000,2018.01.04 08:26:39,1515054399,469,2018.01.04 08:00,2018.01.04 07:00,2018.01.04 08:00,2018.01.04 07:00,1310.140,0,0
2608212,TIMER,575212,2033000,2018.01.04 08:28:19,1515054499,469,2018.01.04 08:00,2018.01.04 07:00,2018.01.04 08:00,2018.01.04 07:00,1310.140,0,0
2609458,TIMER,575458,2034000,2018.01.04 08:29:56,1515054596,469,2018.01.04 08:00,2018.01.04 07:00,2018.01.04 08:00,2018.01.04 07:00,1310.140,0,0
2610739,TIMER,575739,2035000,2018.01.04 08:31:39,1515054699,469,2018.01.04 08:00,2018.01.04 07:00,2018.01.04 08:00,2018.01.04 07:00,1310.140,0,0
2611885,TIMER,575885,2036000,2018.01.04 08:33:19,1515054799,469,2018.01.04 08:00,2018.01.04 07:00,2018.01.04 08:00,2018.01.04 07:00,1310.140,0,0
2612609,TICK,576000,2036609,2018.01.04 08:34:20,1515054860,469,2018.01.04 08:00,2018.01.04 07:00,2018.01.04 08:00,2018.01.04 07:00,1310.140,0,0
2613133,TIMER,576133,2037000,2018.01.04 08:34:59,1515054899,469,2018.01.04 08:00,2018.01.04 07:00,2018.01.04 08:00,2018.01.04 07:00,1310.140,0,0
2614307,TIMER,576307,2038000,2018.01.04 08:36:39,1515054999,469,2018.01.04 08:00,2018.01.04 07:00,2018.01.04 08:00,2018.01.04 07:00,1310.140,0,0
2615868,TICK,577000,2038868,2018.01.04 08:38:06,1515055086,469,2018.01.04 08:00,2018.01.04 07:00,2018.01.04 08:00,2018.01.04 07:00,1310.140,0,0
2616172,TIMER,577172,2039000,2018.01.04 08:38:19,1515055099,469,2018.01.04 08:00,2018.01.04 07:00,2018.01.04 08:00,2018.01.04 07:00,1310.140,0,0
2617969,TICK,578000,2039969,2018.01.04 08:39:56,1515055196,469,2018.01.04 08:00,2018.01.04 07:00,2018.01.04 08:00,2018.01.04 07:00,1310.140,0,0
2618014,TIMER,578014,2040000,2018.01.04 08:39:59,1515055199,469,2018.01.04 08:00,2018.01.04 07:00,2018.01.04 08:00,2018.01.04 07:00,1310.140,0,0
2619776,TICK,579000,2040776,2018.01.04 08:41:17,1515055277,469,2018.01.04 08:00,2018.01.04 07:00,2018.01.04 08:00,2018.01.04 07:00,1310.140,0,0
2620760,TIMER,579760,2041000,2018.01.04 08:41:39,1515055299,469,2018.01.04 08:00,2018.01.04 07:00,2018.01.04 08:00,2018.01.04 07:00,1310.140,0,0
2621449,TICK,580000,2041449,2018.01.04 08:42:24,1515055344,469,2018.01.04 08:00,2018.01.04 07:00,2018.01.04 08:00,2018.01.04 07:00,1310.140,0,0
2622808,TIMER,580808,2042000,2018.01.04 08:43:19,1515055399,469,2018.01.04 08:00,2018.01.04 07:00,2018.01.04 08:00,2018.01.04 07:00,1310.140,0,0
2623608,TICK,581000,2042608,2018.01.04 08:44:20,1515055460,469,2018.01.04 08:00,2018.01.04 07:00,2018.01.04 08:00,2018.01.04 07:00,1310.140,0,0
2624060,TIMER,581060,2043000,2018.01.04 08:44:56,1515055496,469,2018.01.04 08:00,2018.01.04 07:00,2018.01.04 08:00,2018.01.04 07:00,1310.140,0,0
2625759,TIMER,581759,2044000,2018.01.04 08:46:38,1515055598,469,2018.01.04 08:00,2018.01.04 07:00,2018.01.04 08:00,2018.01.04 07:00,1310.140,0,0
2626891,TIMER,581891,2045000,2018.01.04 08:48:18,1515055698,469,2018.01.04 08:00,2018.01.04 07:00,2018.01.04 08:00,2018.01.04 07:00,1310.140,0,0
2627701,TICK,582000,2045701,2018.01.04 08:49:30,1515055770,469,2018.01.04 08:00,2018.01.04 07:00,2018.01.04 08:00,2018.01.04 07:00,1310.140,0,0
2628083,TIMER,582083,2046000,2018.01.04 08:49:59,1515055799,469,2018.01.04 08:00,2018.01.04 07:00,2018.01.04 08:00,2018.01.04 07:00,1310.140,0,0
2629303,TIMER,582303,2047000,2018.01.04 08:51:39,1515055899,469,2018.01.04 08:00,2018.01.04 07:00,2018.01.04 08:00,2018.01.04 07:00,1310.140,0,0
2630679,TIMER,582679,2048000,2018.01.04 08:53:19,1515055999,485,2018.01.04 08:00,2018.01.04 07:00,2018.01.04 08:00,2018.01.04 07:00,1310.140,0,0
2631926,TIMER,582926,2049000,2018.01.04 08:54:57,1515056097,485,2018.01.04 08:00,2018.01.04 07:00,2018.01.04 08:00,2018.01.04 07:00,1310.140,0,0
2632250,TICK,583000,2049250,2018.01.04 08:55:25,1515056125,485,2018.01.04 08:00,2018.01.04 07:00,2018.01.04 08:00,2018.01.04 07:00,1310.140,0,0
2633086,TIMER,583086,2050000,2018.01.04 08:56:38,1515056198,485,2018.01.04 08:00,2018.01.04 07:00,2018.01.04 08:00,2018.01.04 07:00,1310.140,0,0
2634210,TIMER,583210,2051000,2018.01.04 08:58:16,1515056296,485,2018.01.04 08:00,2018.01.04 07:00,2018.01.04 08:00,2018.01.04 07:00,1310.140,0,0
2635728,TIMER,583728,2052000,2018.01.04 08:59:59,1515056399,485,2018.01.04 08:00,2018.01.04 07:00,2018.01.04 08:00,2018.01.04 07:00,1310.140,0,0
2636953,TIMER,583953,2053000,2018.01.04 09:01:39,1515056499,485,2018.01.04 09:00,2018.01.04 08:00,2018.01.04 09:00,2018.01.04 08:00,1310.150,0,0
2637047,TICK,584000,2053047,2018.01.04 09:01:44,1515056504,485,2018.01.04 09:00,2018.01.04 08:00,2018.01.04 09:00,2018.01.04 08:00,1310.150,0,0
2638138,TIMER,584138,2054000,2018.01.04 09:03:19,1515056599,485,2018.01.04 09:00,2018.01.04 08:00,2018.01.04 09:00,2018.01.04 08:00,1310.150,0,0
2639282,TIMER,584282,2055000,2018.01.04 09:04:56,1515056696,485,2018.01.04 09:00,2018.01.04 08:00,2018.01.04 09:00,2018.01.04 08:00,1310.150,0,0
2640406,TIMER,584406,2056000,2018.01.04 09:06:39,1515056799,485,2018.01.04 09:00,2018.01.04 08:00,2018.01.04 09:00,2018.01.04 08:00,1310.150,0,0
2641535,TIMER,584535,2057000,2018.01.04 09:08:15,1515056895,485,2018.01.04 09:00,2018.01.04 08:00,2018.01.04 09:00,2018.01.04 08:00,1310.150,0,0
2642926,TIMER,584926,2058000,2018.01.04 09:09:59,1515056999,485,2018.01.04 09:00,2018.01.04 08:00,2018.01.04 09:00,2018.01.04 08:00,1310.150,0,0
2643073,TICK,585000,2058073,2018.01.04 09:10:07,1515057007,485,2018.01.04 09:00,2018.01.04 08:00,2018.01.04 09:00,2018.01.04 08:00,1310.150,0,0
2644238,TIMER,585238,2059000,2018.01.04 09:11:38,1515057098,485,2018.01.04 09:00,2018.01.04 08:00,2018.01.04 09:00,2018.01.04 08:00,1310.150,0,0
2645486,TIMER,585486,2060000,2018.01.04 09:13:19,1515057199,485,2018.01.04 09:00,2018.01.04 08:00,2018.01.04 09:00,2018.01.04 08:00,1310.150,0,0
2646679,TIMER,585679,2061000,2018.01.04 09:14:59,1515057299,485,2018.01.04 09:00,2018.01.04 08:00,2018.01.04 09:00,2018.01.04 08:00,1310.150,0,0
2647926,TIMER,585926,2062000,2018.01.04 09:16:39,1515057399,485,2018.01.04 09:00,2018.01.04 08:00,2018.01.04 09:00,2018.01.04 08:00,1310.150,0,0
2648190,TICK,586000,2062190,2018.01.04 09:16:59,1515057419,485,2018.01.04 09:00,2018.01.04 08:00,2018.01.04 09:00,2018.01.04 08:00,1310.150,0,0
2649714,TIMER,586714,2063000,2018.01.04 09:18:19,1515057499,485,2018.01.04 09:00,2018.01.04 08:00,2018.01.04 09:00,2018.01.04 08:00,1310.150,0,0
2650372,TICK,587000,2063372,2018.01.04 09:18:57,1515057537,485,2018.01.04 09:00,2018.01.04 08:00,2018.01.04 09:00,2018.01.04 08:00,1310.150,0,0
2651718,TIMER,587718,2064000,2018.01.04 09:19:59,1515057599,485,2018.01.04 09:00,2018.01.04 08:00,2018.01.04 09:00,2018.01.04 08:00,1310.150,0,0
2652959,TIMER,587959,2065000,2018.01.04 09:21:39,1515057699,485,2018.01.04 09:00,2018.01.04 08:00,2018.01.04 09:00,2018.01.04 08:00,1310.150,0,0
2653088,TICK,588000,2065088,2018.01.04 09:21:48,1515057708,485,2018.01.04 09:00,2018.01.04 08:00,2018.01.04 09:00,2018.01.04 08:00,1310.150,0,0
2654370,TIMER,588370,2066000,2018.01.04 09:23:19,1515057799,485,2018.01.04 09:00,2018.01.04 08:00,2018.01.04 09:00,2018.01.04 08:00,1310.150,0,0
2655808,TIMER,588808,2067000,2018.01.04 09:24:59,1515057899,485,2018.01.04 09:00,2018.01.04 08:00,2018.01.04 09:00,2018.01.04 08:00,1310.150,0,0
2656965,TICK,589000,2067965,2018.01.04 09:26:36,1515057996,485,2018.01.04 09:00,2018.01.04 08:00,2018.01.04 09:00,2018.01.04 08:00,1310.150,0,0
2657014,TIMER,589014,2068000,2018.01.04 09:26:39,1515057999,485,2018.01.04 09:00,2018.01.04 08:00,2018.01.04 09:00,2018.01.04 08:00,1310.150,0,0
2658240,TIMER,589240,2069000,2018.01.04 09:28:19,1515058099,485,2018.01.04 09:00,2018.01.04 08:00,2018.01.04 09:00,2018.01.04 08:00,1310.150,0,0
2659547,TIMER,589547,2070000,2018.01.04 09:29:59,1515058199,485,2018.01.04 09:00,2018.01.04 08:00,2018.01.04 09:00,2018.01.04 08:00,1310.150,0,0
2660821,TIMER,589821,2071000,2018.01.04 09:31:39,1515058299,485,2018.01.04 09:00,2018.01.04 08:00,2018.01.04 09:00,2018.01.04 08:00,1310.150,0,0
2661822,TICK,590000,2071822,2018.01.04 09:33:02,1515058382,485,2018.01.04 09:00,2018.01.04 08:00,2018.01.04 09:00,2018.01.04 08:00,1310.150,0,0
2662026,TIMER,590026,2072000,2018.01.04 09:33:19,1515058399,485,2018.01.04 09:00,2018.01.04 08:00,2018.01.04 09:00,2018.01.04 08:00,1310.150,0,0
2663171,TIMER,590171,2073000,2018.01.04 09:34:58,1515058498,485,2018.01.04 09:00,2018.01.04 08:00,2018.01.04 09:00,2018.01.04 08:00,1310.150,0,0
2664488,TIMER,590488,2074000,2018.01.04 09:36:38,1515058598,485,2018.01.04 09:00,2018.01.04 08:00,2018.01.04 09:00,2018.01.04 08:00,1310.150,0,0
2665717,TIMER,590717,2075000,2018.01.04 09:38:19,1515058699,485,2018.01.04 09:00,2018.01.04 08:00,2018.01.04 09:00,2018.01.04 08:00,1310.150,0,0
2666624,TICK,591000,2075624,2018.01.04 09:39:22,1515058762,485,2018.01.04 09:00,2018.01.04 08:00,2018.01.04 09:00,2018.01.04 08:00,1310.150,0,0
2667093,TIMER,591093,2076000,2018.01.04 09:39:59,1515058799,485,2018.01.04 09:00,2018.01.04 08:00,2018.01.04 09:00,2018.01.04 08:00,1310.150,0,0
2668339,TIMER,591339,2077000,2018.01.04 09:41:39,1515058899,485,2018.01.04 09:00,2018.01.04 08:00,2018.01.04 09:00,2018.01.04 08:00,1310.150,0,0
2669586,TIMER,591586,2078000,2018.01.04 09:43:19,1515058999,485,2018.01.04 09:00,2018.01.04 08:00,2018.01.04 09:00,2018.01.04 08:00,1310.150,0,0
2670792,TIMER,591792,2079000,2018.01.04 09:44:59,1515059099,485,2018.01.04 09:00,2018.01.04 08:00,2018.01.04 09:00,2018.01.04 08:00,1310.150,0,0
2671763,TICK,592000,2079763,2018.01.04 09:46:16,1515059176,485,2018.01.04 09:00,2018.01.04 08:00,2018.01.04 09:00,2018.01.04 08:00,1310.150,0,0
2672090,TIMER,592090,2080000,2018.01.04 09:46:39,1515059199,485,2018.01.04 09:00,2018.01.04 08:00,2018.01.04 09:00,2018.01.04 08:00,1310.150,0,0
2673326,TIMER,592326,2081000,2018.01.04 09:48:19,1515059299,485,2018.01.04 09:00,2018.01.04 08:00,2018.01.04 09:00,2018.01.04 08:00,1310.150,0,0
2674577,TIMER,592577,2082000,2018.01.04 09:49:59,1515059399,485,2018.01.04 09:00,2018.01.04 08:00,2018.01.04 09:00,2018.01.04 08:00,1310.150,0,0
2675796,TICK,593000,2082796,2018.01.04 09:51:19,1515059479,485,2018.01.04 09:00,2018.01.04 08:00,2018.01.04 09:00,2018.01.04 08:00,1310.150,0,0
2676031,TIMER,593031,2083000,2018.01.04 09:51:39,1515059499,485,2018.01.04 09:00,2018.01.04 08:00,2018.01.04 09:00,2018.01.04 08:00,1310.150,0,0
2677296,TIMER,593296,2084000,2018.01.04 09:53:19,1515059599,485,2018.01.04 09:00,2018.01.04 08:00,2018.01.04 09:00,2018.01.04 08:00,1310.150,0,0
2678586,TIMER,593586,2085000,2018.01.04 09:54:59,1515059699,485,2018.01.04 09:00,2018.01.04 08:00,2018.01.04 09:00,2018.01.04 08:00,1310.150,0,0
2679919,TIMER,593919,2086000,2018.01.04 09:56:39,1515059799,485,2018.01.04 09:00,2018.01.04 08:00,2018.01.04 09:00,2018.01.04 08:00,1310.150,0,0
2680321,TICK,594000,2086321,2018.01.04 09:57:12,1515059832,485,2018.01.04 09:00,2018.01.04 08:00,2018.01.04 09:00,2018.01.04 08:00,1310.150,0,0
2681242,TIMER,594242,2087000,2018.01.04 09:58:19,1515059899,485,2018.01.04 09:00,2018.01.04 08:00,2018.01.04 09:00,2018.01.04 08:00,1310.150,0,0
2682432,TIMER,594432,2088000,2018.01.04 09:59:59,1515059999,485,2018.01.04 09:00,2018.01.04 08:00,2018.01.04 09:00,2018.01.04 08:00,1310.150,0,0
2683631,TICK,595000,2088631,2018.01.04 10:01:03,1515060063,485,2018.01.04 10:00,2018.01.04 09:00,2018.01.04 10:00,2018.01.04 09:00,1310.700,0,0
2684423,TIMER,595423,2089000,2018.01.04 10:01:39,1515060099,485,2018.01.04 10:00,2018.01.04 09:00,2018.01.04 10:00,2018.01.04 09:00,1310.700,0,0
2685845,TIMER,595845,2090000,2018.01.04 10:03:19,1515060199,485,2018.01.04 10:00,2018.01.04 09:00,2018.01.04 10:00,2018.01.04 09:00,1310.700,0,0
2686193,TICK,596000,2090193,2018.01.04 10:03:39,1515060219,485,2018.01.04 10:00,2018.01.04 09:00,2018.01.04 10:00,2018.01.04 09:00,1310.700,0,0
2687315,TIMER,596315,2091000,2018.01.04 10:04:59,1515060299,485,2018.01.04 10:00,2018.01.04 09:00,2018.01.04 10:00,2018.01.04 09:00,1310.700,0,0
2688816,TIMER,596816,2092000,2018.01.04 10:06:39,1515060399,485,2018.01.04 10:00,2018.01.04 09:00,2018.01.04 10:00,2018.01.04 09:00,1310.700,0,0
2689222,TICK,597000,2092222,2018.01.04 10:07:02,1515060422,485,2018.01.04 10:00,2018.01.04 09:00,2018.01.04 10:00,2018.01.04 09:00,1310.700,0,0
2690361,TIMER,597361,2093000,2018.01.04 10:08:19,1515060499,485,2018.01.04 10:00,2018.01.04 09:00,2018.01.04 10:00,2018.01.04 09:00,1310.700,0,0
2691819,TIMER,597819,2094000,2018.01.04 10:09:59,1515060599,485,2018.01.04 10:00,2018.01.04 09:00,2018.01.04 10:00,2018.01.04 09:00,1310.700,0,0
2692305,TICK,598000,2094305,2018.01.04 10:10:30,1515060630,485,2018.01.04 10:00,2018.01.04 09:00,2018.01.04 10:00,2018.01.04 09:00,1310.700,0,0
2693163,TIMER,598163,2095000,2018.01.04 10:11:39,1515060699,485,2018.01.04 10:00,2018.01.04 09:00,2018.01.04 10:00,2018.01.04 09:00,1310.700,0,0
2694682,TICK,599000,2095682,2018.01.04 10:12:48,1515060768,485,2018.01.04 10:00,2018.01.04 09:00,2018.01.04 10:00,2018.01.04 09:00,1310.700,0,0
2695130,TIMER,599130,2096000,2018.01.04 10:13:19,1515060799,485,2018.01.04 10:00,2018.01.04 09:00,2018.01.04 10:00,2018.01.04 09:00,1310.700,0,0
2696440,TIMER,599440,2097000,2018.01.04 10:14:58,1515060898,485,2018.01.04 10:00,2018.01.04 09:00,2018.01.04 10:00,2018.01.04 09:00,1310.700,0,0
2697671,TIMER,599671,2098000,2018.01.04 10:16:39,1515060999,485,2018.01.04 10:00,2018.01.04 09:00,2018.01.04 10:00,2018.01.04 09:00,1310.700,0,0
2698439,TICK,600000,2098439,2018.01.04 10:17:23,1515061043,485,2018.01.04 10:00,2018.01.04 09:00,2018.01.04 10:00,2018.01.04 09:00,1310.700,0,0
2699141,TIMER,600141,2099000,2018.01.04 10:18:19,1515061099,485,2018.01.04 10:00,2018.01.04 09:00,2018.01.04 10:00,2018.01.04 09:00,1310.700,0,0
2700602,TIMER,600602,2100000,2018.01.04 10:19:59,1515061199,485,2018.01.04 10:00,2018.01.04 09:00,2018.01.04 10:00,2018.01.04 09:00,1310.700,0,0
2701892,TIMER,600892,2101000,2018.01.04 10:21:38,1515061298,485,2018.01.04 10:00,2018.01.04 09:00,2018.01.04 10:00,2018.01.04 09:00,1310.700,0,0
2702412,TICK,601000,2101412,2018.01.04 10:22:21,1515061341,485,2018.01.04 10:00,2018.01.04 09:00,2018.01.04 10:00,2018.01.04 09:00,1310.700,0,0
2703148,TIMER,601148,2102000,2018.01.04 10:23:19,1515061399,485,2018.01.04 10:00,2018.01.04 09:00,2018.01.04 10:00,2018.01.04 09:00,1310.700,0,0
2704564,TIMER,601564,2103000,2018.01.04 10:24:59,1515061499,485,2018.01.04 10:00,2018.01.04 09:00,2018.01.04 10:00,2018.01.04 09:00,1310.700,0,0
2705772,TIMER,601772,2104000,2018.01.04 10:26:38,1515061598,485,2018.01.04 10:00,2018.01.04 09:00,2018.01.04 10:00,2018.01.04 09:00,1310.700,0,0
2706899,TICK,602000,2104899,2018.01.04 10:28:09,1515061689,485,2018.01.04 10:00,2018.01.04 09:00,2018.01.04 10:00,2018.01.04 09:00,1310.700,0,0
2707040,TIMER,602040,2105000,2018.01.04 10:28:19,1515061699,485,2018.01.04 10:00,2018.01.04 09:00,2018.01.04 10:00,2018.01.04 09:00,1310.700,0,0
2708320,TIMER,602320,2106000,2018.01.04 10:29:59,1515061799,485,2018.01.04 10:00,2018.01.04 09:00,2018.01.04 10:00,2018.01.04 09:00,1310.700,0,0
2709828,TIMER,602828,2107000,2018.01.04 10:31:39,1515061899,485,2018.01.04 10:00,2018.01.04 09:00,2018.01.04 10:00,2018.01.04 09:00,1310.700,0,0
2710527,TICK,603000,2107527,2018.01.04 10:32:32,1515061952,485,2018.01.04 10:00,2018.01.04 09:00,2018.01.04 10:00,2018.01.04 09:00,1310.700,0,0
2711202,TIMER,603202,2108000,2018.01.04 10:33:17,1515061997,485,2018.01.04 10:00,2018.01.04 09:00,2018.01.04 10:00,2018.01.04 09:00,1310.700,0,0
2712672,TIMER,603672,2109000,2018.01.04 10:34:59,1515062099,485,2018.01.04 10:00,2018.01.04 09:00,2018.01.04 10:00,2018.01.04 09:00,1310.700,0,0
2713993,TIMER,603993,2110000,2018.01.04 10:36:39,1515062199,485,2018.01.04 10:00,2018.01.04 09:00,2018.01.04 10:00,2018.01.04 09:00,1310.700,0,0
2714017,TICK,604000,2110017,2018.01.04 10:36:41,1515062201,485,2018.01.04 10:00,2018.01.04 09:00,2018.01.04 10:00,2018.01.04 09:00,1310.700,0,0
2715118,TIMER,604118,2111000,2018.01.04 10:38:12,1515062292,485,2018.01.04 10:00,2018.01.04 09:00,2018.01.04 10:00,2018.01.04 09:00,1310.700,0,0
2716375,TIMER,604375,2112000,2018.01.04 10:39:59,1515062399,485,2018.01.04 10:00,2018.01.04 09:00,2018.01.04 10:00,2018.01.04 09:00,1310.700,0,0
2717673,TIMER,604673,2113000,2018.01.04 10:41:39,1515062499,485,2018.01.04 10:00,2018.01.04 09:00,2018.01.04 10:00,2018.01.04 09:00,1310.700,0,0
2718911,TIMER,604911,2114000,2018.01.04 10:43:19,1515062599,485,2018.01.04 10:00,2018.01.04 09:00,2018.01.04 10:00,2018.01.04 09:00,1310.700,0,0
2719319,TICK,605000,2114319,2018.01.04 10:43:51,1515062631,485,2018.01.04 10:00,2018.01.04 09:00,2018.01.04 10:00,2018.01.04 09:00,1310.700,0,0
2720164,TIMER,605164,2115000,2018.01.04 10:44:59,1515062699,485,2018.01.04 10:00,2018.01.04 09:00,2018.01.04 10:00,2018.01.04 09:00,1310.700,0,0
2721449,TIMER,605449,2116000,2018.01.04 10:46:39,1515062799,485,2018.01.04 10:00,2018.01.04 09:00,2018.01.04 10:00,2018.01.04 09:00,1310.700,0,0
2722997,TICK,606000,2116997,2018.01.04 10:48:19,1515062899,485,2018.01.04 10:00,2018.01.04 09:00,2018.01.04 10:00,2018.01.04 09:00,1310.700,0,0
2723001,TIMER,606001,2117000,2018.01.04 10:48:19,1515062899,485,2018.01.04 10:00,2018.01.04 09:00,2018.01.04 10:00,2018.01.04 09:00,1310.700,0,0
2724828,TIMER,606828,2118000,2018.01.04 10:49:59,1515062999,485,2018.01.04 10:00,2018.01.04 09:00,2018.01.04 10:00,2018.01.04 09:00,1310.700,0,0
2725457,TICK,607000,2118457,2018.01.04 10:50:45,1515063045,485,2018.01.04 10:00,2018.01.04 09:00,2018.01.04 10:00,2018.01.04 09:00,1310.700,0,0
2726171,TIMER,607171,2119000,2018.01.04 10:51:39,1515063099,485,2018.01.04 10:00,2018.01.04 09:00,2018.01.04 10:00,2018.01.04 09:00,1310.700,0,0
2727509,TIMER,607509,2120000,2018.01.04 10:53:19,1515063199,485,2018.01.04 10:00,2018.01.04 09:00,2018.01.04 10:00,2018.01.04 09:00,1310.700,0,0
2728907,TIMER,607907,2121000,2018.01.04 10:54:59,1515063299,485,2018.01.04 10:00,2018.01.04 09:00,2018.01.04 10:00,2018.01.04 09:00,1310.700,0,0
2729370,TICK,608000,2121370,2018.01.04 10:55:37,1515063337,485,2018.01.04 10:00,2018.01.04 09:00,2018.01.04 10:00,2018.01.04 09:00,1310.700,0,0
2730207,TIMER,608207,2122000,2018.01.04 10:56:38,1515063398,485,2018.01.04 10:00,2018.01.04 09:00,2018.01.04 10:00,2018.01.04 09:00,1310.700,0,0
2731596,TIMER,608596,2123000,2018.01.04 10:58:19,1515063499,485,2018.01.04 10:00,2018.01.04 09:00,2018.01.04 10:00,2018.01.04 09:00,1310.700,0,0
2732719,TIMER,608719,2124000,2018.01.04 10:59:59,1515063599,485,2018.01.04 10:00,2018.01.04 09:00,2018.01.04 10:00,2018.01.04 09:00,1310.700,0,0
2733499,TICK,609000,2124499,2018.01.04 11:00:49,1515063649,485,2018.01.04 11:00,2018.01.04 10:00,2018.01.04 11:00,2018.01.04 10:00,1311.740,0,0
2734123,TIMER,609123,2125000,2018.01.04 11:01:39,1515063699,485,2018.01.04 11:00,2018.01.04 10:00,2018.01.04 11:00,2018.01.04 10:00,1311.740,0,0
2735552,TIMER,609552,2126000,2018.01.04 11:03:19,1515063799,485,2018.01.04 11:00,2018.01.04 10:00,2018.01.04 11:00,2018.01.04 10:00,1311.740,0,0
2736791,TIMER,609791,2127000,2018.01.04 11:04:59,1515063899,485,2018.01.04 11:00,2018.01.04 10:00,2018.01.04 11:00,2018.01.04 10:00,1311.740,0,0
2737962,TIMER,609962,2128000,2018.01.04 11:06:39,1515063999,485,2018.01.04 11:00,2018.01.04 10:00,2018.01.04 11:00,2018.01.04 10:00,1311.740,0,0
2738100,TICK,610000,2128100,2018.01.04 11:06:50,1515064010,485,2018.01.04 11:00,2018.01.04 10:00,2018.01.04 11:00,2018.01.04 10:00,1311.740,0,0
2739544,TIMER,610544,2129000,2018.01.04 11:08:19,1515064099,485,2018.01.04 11:00,2018.01.04 10:00,2018.01.04 11:00,2018.01.04 10:00,1311.740,0,0
2740536,TICK,611000,2129536,2018.01.04 11:09:13,1515064153,485,2018.01.04 11:00,2018.01.04 10:00,2018.01.04 11:00,2018.01.04 10:00,1311.740,0,0
2741047,TIMER,611047,2130000,2018.01.04 11:09:59,1515064199,485,2018.01.04 11:00,2018.01.04 10:00,2018.01.04 11:00,2018.01.04 10:00,1311.740,0,0
2742177,TIMER,611177,2131000,2018.01.04 11:11:36,1515064296,485,2018.01.04 11:00,2018.01.04 10:00,2018.01.04 11:00,2018.01.04 10:00,1311.740,0,0
2743282,TIMER,611282,2132000,2018.01.04 11:13:19,1515064399,485,2018.01.04 11:00,2018.01.04 10:00,2018.01.04 11:00,2018.01.04 10:00,1311.740,0,0
2744387,TIMER,611387,2133000,2018.01.04 11:14:58,1515064498,485,2018.01.04 11:00,2018.01.04 10:00,2018.01.04 11:00,2018.01.04 10:00,1311.740,0,0
2745536,TIMER,611536,2134000,2018.01.04 11:16:38,1515064598,485,2018.01.04 11:00,2018.01.04 10:00,2018.01.04 11:00,2018.01.04 10:00,1311.740,0,0
2746664,TIMER,611664,2135000,2018.01.04 11:18:19,1515064699,485,2018.01.04 11:00,2018.01.04 10:00,2018.01.04 11:00,2018.01.04 10:00,1311.740,0,0
2747859,TIMER,611859,2136000,2018.01.04 11:19:58,1515064798,485,2018.01.04 11:00,2018.01.04 10:00,2018.01.04 11:00,2018.01.04 10:00,1311.740,0,0
2748826,TICK,612000,2136826,2018.01.04 11:21:22,1515064882,485,2018.01.04 11:00,2018.01.04 10:00,2018.01.04 11:00,2018.01.04 10:00,1311.740,0,0
2749089,TIMER,612089,2137000,2018.01.04 11:21:39,1515064899,485,2018.01.04 11:00,2018.01.04 10:00,2018.01.04 11:00,2018.01.04 10:00,1311.740,0,0
2750435,TIMER,612435,2138000,2018.01.04 11:23:19,1515064999,485,2018.01.04 11:00,2018.01.04 10:00,2018.01.04 11:00,2018.01.04 10:00,1311.740,0,0
2751692,TIMER,612692,2139000,2018.01.04 11:24:58,1515065098,485,2018.01.04 11:00,2018.01.04 10:00,2018.01.04 11:00,2018.01.04 10:00,1311.740,0,0
2752882,TIMER,612882,2140000,2018.01.04 11:26:39,1515065199,485,2018.01.04 11:00,2018.01.04 10:00,2018.01.04 11:00,2018.01.04 10:00,1311.740,0,0
2753571,TICK,613000,2140571,2018.01.04 11:27:37,1515065257,485,2018.01.04 11:00,2018.01.04 10:00,2018.01.04 11:00,2018.01.04 10:00,1311.740,0,0
2754070,TIMER,613070,2141000,2018.01.04 11:28:18,1515065298,485,2018.01.04 11:00,2018.01.04 10:00,2018.01.04 11:00,2018.01.04 10:00,1311.740,0,0
2755174,TIMER,613174,2142000,2018.01.04 11:29:59,1515065399,485,2018.01.04 11:00,2018.01.04 10:00,2018.01.04 11:00,2018.01.04 10:00,1311.740,0,0
2756291,TIMER,613291,2143000,2018.01.04 11:31:39,1515065499,485,2018.01.04 11:00,2018.01.04 10:00,2018.01.04 11:00,2018.01.04 10:00,1311.740,0,0
2757594,TIMER,613594,2144000,2018.01.04 11:33:19,1515065599,485,2018.01.04 11:00,2018.01.04 10:00,2018.01.04 11:00,2018.01.04 10:00,1311.740,0,0
2758981,TICK,614000,2144981,2018.01.04 11:34:58,1515065698,485,2018.01.04 11:00,2018.01.04 10:00,2018.01.04 11:00,2018.01.04 10:00,1311.740,0,0
2759017,TIMER,614017,2145000,2018.01.04 11:34:59,1515065699,485,2018.01.04 11:00,2018.01.04 10:00,2018.01.04 11:00,2018.01.04 10:00,1311.740,0,0
2760506,TIMER,614506,2146000,2018.01.04 11:36:39,1515065799,485,2018.01.04 11:00,2018.01.04 10:00,2018.01.04 11:00,2018.01.04 10:00,1311.740,0,0
2761950,TIMER,614950,2147000,2018.01.04 11:38:19,1515065899,485,2018.01.04 11:00,2018.01.04 10:00,2018.01.04 11:00,2018.01.04 10:00,1311.740,0,0
2762269,TICK,615000,2147269,2018.01.04 11:38:46,1515065926,485,2018.01.04 11:00,2018.01.04 10:00,2018.01.04 11:00,2018.01.04 10:00,1311.740,0,0
2763297,TIMER,615297,2148000,2018.01.04 11:39:59,1515065999,485,2018.01.04 11:00,2018.01.04 10:00,2018.01.04 11:00,2018.01.04 10:00,1311.740,0,0
2764630,TIMER,615630,2149000,2018.01.04 11:41:38,1515066098,485,2018.01.04 11:00,2018.01.04 10:00,2018.01.04 11:00,2018.01.04 10:00,1311.740,0,0
2765819,TIMER,615819,2150000,2018.01.04 11:43:18,1515066198,485,2018.01.04 11:00,2018.01.04 10:00,2018.01.04 11:00,2018.01.04 10:00,1311.740,0,0
2766731,TICK,616000,2150731,2018.01.04 11:44:33,1515066273,485,2018.01.04 11:00,2018.01.04 10:00,2018.01.04 11:00,2018.01.04 10:00,1311.740,0,0
2767051,TIMER,616051,2151000,2018.01.04 11:44:59,1515066299,485,2018.01.04 11:00,2018.01.04 10:00,2018.01.04 11:00,2018.01.04 10:00,1311.740,0,0
2768228,TIMER,616228,2152000,2018.01.04 11:46:38,1515066398,485,2018.01.04 11:00,2018.01.04 10:00,2018.01.04 11:00,2018.01.04 10:00,1311.740,0,0
2769455,TIMER,616455,2153000,2018.01.04 11:48:17,1515066497,485,2018.01.04 11:00,2018.01.04 10:00,2018.01.04 11:00,2018.01.04 10:00,1311.740,0,0
2770992,TIMER,616992,2154000,2018.01.04 11:49:59,1515066599,485,2018.01.04 11:00,2018.01.04 10:00,2018.01.04 11:00,2018.01.04 10:00,1311.740,0,0
2771004,TICK,617000,2154004,2018.01.04 11:50:00,1515066600,485,2018.01.04 11:00,2018.01.04 10:00,2018.01.04 11:00,2018.01.04 10:00,1311.740,0,0
2772416,TIMER,617416,2155000,2018.01.04 11:51:39,1515066699,485,2018.01.04 11:00,2018.01.04 10:00,2018.01.04 11:00,2018.01.04 10:00,1311.740,0,0
2773806,TIMER,617806,2156000,2018.01.04 11:53:18,1515066798,485,2018.01.04 11:00,2018.01.04 10:00,2018.01.04 11:00,2018.01.04 10:00,1311.740,0,0
2774523,TICK,618000,2156523,2018.01.04 11:54:12,1515066852,485,2018.01.04 11:00,2018.01.04 10:00,2018.01.04 11:00,2018.01.04 10:00,1311.740,0,0
2775140,TIMER,618140,2157000,2018.01.04 11:54:59,1515066899,485,2018.01.04 11:00,2018.01.04 10:00,2018.01.04 11:00,2018.01.04 10:00,1311.740,0,0
2776479,TIMER,618479,2158000,2018.01.04 11:56:39,1515066999,485,2018.01.04 11:00,2018.01.04 10:00,2018.01.04 11:00,2018.01.04 10:00,1311.740,0,0
2777763,TIMER,618763,2159000,2018.01.04 11:58:19,1515067099,485,2018.01.04 11:00,2018.01.04 10:00,2018.01.04 11:00,2018.01.04 10:00,1311.740,0,0
2778872,TICK,619000,2159872,2018.01.04 11:59:47,1515067187,485,2018.01.04 11:00,2018.01.04 10:00,2018.01.04 11:00,2018.01.04 10:00,1311.740,0,0
2779075,TIMER,619075,2160000,2018.01.04 11:59:59,1515067199,485,2018.01.04 11:00,2018.01.04 10:00,2018.01.04 11:00,2018.01.04 10:00,1311.740,0,0
2780394,TIMER,619394,2161000,2018.01.04 12:01:39,1515067299,485,2018.01.04 12:00,2018.01.04 11:00,2018.01.04 12:00,2018.01.04 11:00,1313.790,0,0
2781603,TIMER,619603,2162000,2018.01.04 12:03:19,1515067399,485,2018.01.04 12:00,2018.01.04 11:00,2018.01.04 12:00,2018.01.04 11:00,1313.790,0,0
2782847,TICK,620000,2162847,2018.01.04 12:04:44,1515067484,485,2018.01.04 12:00,2018.01.04 11:00,2018.01.04 12:00,2018.01.04 11:00,1313.790,0,0
2783244,TIMER,620244,2163000,2018.01.04 12:04:59,1515067499,485,2018.01.04 12:00,2018.01.04 11:00,2018.01.04 12:00,2018.01.04 11:00,1313.790,0,0
2784716,TIMER,620716,2164000,2018.01.04 12:06:39,1515067599,485,2018.01.04 12:00,2018.01.04 11:00,2018.01.04 12:00,2018.01.04 11:00,1313.790,0,0
2785273,TICK,621000,2164273,2018.01.04 12:07:07,1515067627,485,2018.01.04 12:00,2018.01.04 11:00,2018.01.04 12:00,2018.01.04 11:00,1313.790,0,0
2786381,TIMER,621381,2165000,2018.01.04 12:08:19,1515067699,485,2018.01.04 12:00,2018.01.04 11:00,2018.01.04 12:00,2018.01.04 11:00,1313.790,0,0
2787970,TIMER,621970,2166000,2018.01.04 12:09:59,1515067799,485,2018.01.04 12:00,2018.01.04 11:00,2018.01.04 12:00,2018.01.04 11:00,1313.790,0,0
2788089,TICK,622000,2166089,2018.01.04 12:10:08,1515067808,485,2018.01.04 12:00,2018.01.04 11:00,2018.01.04 12:00,2018.01.04 11:00,1313.790,0,0
2789201,TIMER,622201,2167000,2018.01.04 12:11:39,1515067899,485,2018.01.04 12:00,2018.01.04 11:00,2018.01.04 12:00,2018.01.04 11:00,1313.790,0,0
2790357,TIMER,622357,2168000,2018.01.04 12:13:19,1515067999,485,2018.01.04 12:00,2018.01.04 11:00,2018.01.04 12:00,2018.01.04 11:00,1313.790,0,0
2791683,TIMER,622683,2169000,2018.01.04 12:14:59,1515068099,485,2018.01.04 12:00,2018.01.04 11:00,2018.01.04 12:00,2018.01.04 11:00,1313.790,0,0
2792270,TICK,623000,2169270,2018.01.04 12:15:27,1515068127,485,2018.01.04 12:00,2018.01.04 11:00,2018.01.04 12:00,2018.01.04 11:00,1313.790,0,0
2793469,TIMER,623469,2170000,2018.01.04 12:16:39,1515068199,485,2018.01.04 12:00,2018.01.04 11:00,2018.01.04 12:00,2018.01.04 11:00,1313.790,0,0
2794541,TICK,624000,2170541,2018.01.04 12:17:34,1515068254,485,2018.01.04 12:00,2018.01.04 11:00,2018.01.04 12:00,2018.01.04 11:00,1313.790,0,0
2795615,TIMER,624615,2171000,2018.01.04 12:18:19,1515068299,485,2018.01.04 12:00,2018.01.04 11:00,2018.01.04 12:00,2018.01.04 11:00,1313.790,0,0
2796853,TICK,625000,2171853,2018.01.04 12:19:45,1515068385,485,2018.01.04 12:00,2018.01.04 11:00,2018.01.04 12:00,2018.01.04 11:00,1313.790,0,0
2797200,TIMER,625200,2172000,2018.01.04 12:19:59,1515068399,485,2018.01.04 12:00,2018.01.04 11:00,2018.01.04 12:00,2018.01.04 11:00,1313.790,0,0
2798753,TICK,626000,2172753,2018.01.04 12:21:15,1515068475,485,2018.01.04 12:00,2018.01.04 11:00,2018.01.04 12:00,2018.01.04 11:00,1313.790,0,0
2799474,TIMER,626474,2173000,2018.01.04 12:21:39,1515068499,485,2018.01.04 12:00,2018.01.04 11:00,2018.01.04 12:00,2018.01.04 11:00,1313.790,0,0
2800450,TICK,627000,2173450,2018.01.04 12:22:25,1515068545,485,2018.01.04 12:00,2018.01.04 11:00,2018.01.04 12:00,2018.01.04 11:00,1313.790,0,0
2801448,TIMER,627448,2174000,2018.01.04 12:23:19,1515068599,485,2018.01.04 12:00,2018.01.04 11:00,2018.01.04 12:00,2018.01.04 11:00,1313.790,0,0
2802607,TIMER,627607,2175000,2018.01.04 12:24:59,1515068699,485,2018.01.04 12:00,2018.01.04 11:00,2018.01.04 12:00,2018.01.04 11:00,1313.790,0,0
2803765,TIMER,627765,2176000,2018.01.04 12:26:37,1515068797,485,2018.01.04 12:00,2018.01.04 11:00,2018.01.04 12:00,2018.01.04 11:00,1313.790,0,0
2804941,TICK,628000,2176941,2018.01.04 12:28:14,1515068894,485,2018.01.04 12:00,2018.01.04 11:00,2018.01.04 12:00,2018.01.04 11:00,1313.790,0,0
2805015,TIMER,628015,2177000,2018.01.04 12:28:19,1515068899,485,2018.01.04 12:00,2018.01.04 11:00,2018.01.04 12:00,2018.01.04 11:00,1313.790,0,0
2806535,TIMER,628535,2178000,2018.01.04 12:29:59,1515068999,485,2018.01.04 12:00,2018.01.04 11:00,2018.01.04 12:00,2018.01.04 11:00,1313.790,0,0
2807775,TIMER,628775,2179000,2018.01.04 12:31:39,1515069099,485,2018.01.04 12:00,2018.01.04 11:00,2018.01.04 12:00,2018.01.04 11:00,1313.790,0,0
2808286,TICK,629000,2179286,2018.01.04 12:32:08,1515069128,485,2018.01.04 12:00,2018.01.04 11:00,2018.01.04 12:00,2018.01.04 11:00,1313.790,0,0
2809506,TIMER,629506,2180000,2018.01.04 12:33:19,1515069199,485,2018.01.04 12:00,2018.01.04 11:00,2018.01.04 12:00,2018.01.04 11:00,1313.790,0,0
2810995,TIMER,629995,2181000,2018.01.04 12:34:59,1515069299,485,2018.01.04 12:00,2018.01.04 11:00,2018.01.04 12:00,2018.01.04 11:00,1313.790,0,0
2811008,TICK,630000,2181008,2018.01.04 12:35:00,1515069300,485,2018.01.04 12:00,2018.01.04 11:00,2018.01.04 12:00,2018.01.04 11:00,1313.790,0,0
2812222,TIMER,630222,2182000,2018.01.04 12:36:38,1515069398,485,2018.01.04 12:00,2018.01.04 11:00,2018.01.04 12:00,2018.01.04 11:00,1313.790,0,0
2813651,TIMER,630651,2183000,2018.01.04 12:38:19,1515069499,485,2018.01.04 12:00,2018.01.04 11:00,2018.01.04 12:00,2018.01.04 11:00,1313.790,0,0
2814192,TICK,631000,2183192,2018.01.04 12:38:39,1515069519,485,2018.01.04 12:00,2018.01.04 11:00,2018.01.04 12:00,2018.01.04 11:00,1313.790,0,0
2815591,TIMER,631591,2184000,2018.01.04 12:39:59,1515069599,485,2018.01.04 12:00,2018.01.04 11:00,2018.01.04 12:00,2018.01.04 11:00,1313.790,0,0
2816435,TICK,632000,2184435,2018.01.04 12:40:43,1515069643,485,2018.01.04 12:00,2018.01.04 11:00,2018.01.04 12:00,2018.01.04 11:00,1313.790,0,0
2817156,TIMER,632156,2185000,2018.01.04 12:41:39,1515069699,485,2018.01.04 12:00,2018.01.04 11:00,2018.01.04 12:00,2018.01.04 11:00,1313.790,0,0
2818576,TIMER,632576,2186000,2018.01.04 12:43:18,1515069798,485,2018.01.04 12:00,2018.01.04 11:00,2018.01.04 12:00,2018.01.04 11:00,1313.790,0,0
2819780,TICK,633000,2186780,2018.01.04 12:44:38,1515069878,485,2018.01.04 12:00,2018.01.04 11:00,2018.01.04 12:00,2018.01.04 11:00,1313.790,0,0
2820088,TIMER,633088,2187000,2018.01.04 12:44:59,1515069899,485,2018.01.04 12:00,2018.01.04 11:00,2018.01.04 12:00,2018.01.04 11:00,1313.790,0,0
2821331,TIMER,633331,2188000,2018.01.04 12:46:39,1515069999,485,2018.01.04 12:00,2018.01.04 11:00,2018.01.04 12:00,2018.01.04 11:00,1313.790,0,0
2822752,TIMER,633752,2189000,2018.01.04 12:48:19,1515070099,485,2018.01.04 12:00,2018.01.04 11:00,2018.01.04 12:00,2018.01.04 11:00,1313.790,0,0
2823622,TICK,634000,2189622,2018.01.04 12:49:22,1515070162,485,2018.01.04 12:00,2018.01.04 11:00,2018.01.04 12:00,2018.01.04 11:00,1313.790,0,0
2824209,TIMER,634209,2190000,2018.01.04 12:49:59,1515070199,485,2018.01.04 12:00,2018.01.04 11:00,2018.01.04 12:00,2018.01.04 11:00,1313.790,0,0
2825624,TIMER,634624,2191000,2018.01.04 12:51:39,1515070299,485,2018.01.04 12:00,2018.01.04 11:00,2018.01.04 12:00,2018.01.04 11:00,1313.790,0,0
2826789,TIMER,634789,2192000,2018.01.04 12:53:19,1515070399,485,2018.01.04 12:00,2018.01.04 11:00,2018.01.04 12:00,2018.01.04 11:00,1313.790,0,0
2827885,TIMER,634885,2193000,2018.01.04 12:54:59,1515070499,485,2018.01.04 12:00,2018.01.04 11:00,2018.01.04 12:00,2018.01.04 11:00,1313.790,0,0
2828951,TICK,635000,2193951,2018.01.04 12:56:35,1515070595,485,2018.01.04 12:00,2018.01.04 11:00,2018.01.04 12:00,2018.01.04 11:00,1313.790,0,0
2829033,TIMER,635033,2194000,2018.01.04 12:56:39,1515070599,485,2018.01.04 12:00,2018.01.04 11:00,2018.01.04 12:00,2018.01.04 11:00,1313.790,0,0
2830229,TIMER,635229,2195000,2018.01.04 12:58:16,1515070696,485,2018.01.04 12:00,2018.01.04 11:00,2018.01.04 12:00,2018.01.04 11:00,1313.790,0,0
2831359,TIMER,635359,2196000,2018.01.04 12:59:59,1515070799,485,2018.01.04 12:00,2018.01.04 11:00,2018.01.04 12:00,2018.01.04 11:00,1313.790,0,0
2832452,TIMER,635452,2197000,2018.01.04 13:01:36,1515070896,485,2018.01.04 13:00,2018.01.04 12:00,2018.01.04 13:00,2018.01.04 12:00,1313.570,0,0
2833677,TIMER,635677,2198000,2018.01.04 13:03:19,1515070999,485,2018.01.04 13:00,2018.01.04 12:00,2018.01.04 13:00,2018.01.04 12:00,1313.570,0,0
2834803,TIMER,635803,2199000,2018.01.04 13:04:59,1515071099,485,2018.01.04 13:00,2018.01.04 12:00,2018.01.04 13:00,2018.01.04 12:00,1313.570,0,0
2835996,TIMER,635996,2200000,2018.01.04 13:06:39,1515071199,485,2018.01.04 13:00,2018.01.04 12:00,2018.01.04 13:00,2018.01.04 12:00,1313.570,0,0
2836073,TICK,636000,2200073,2018.01.04 13:06:47,1515071207,485,2018.01.04 13:00,2018.01.04 12:00,2018.01.04 13:00,2018.01.04 12:00,1313.570,0,0
2837247,TIMER,636247,2201000,2018.01.04 13:08:19,1515071299,485,2018.01.04 13:00,2018.01.04 12:00,2018.01.04 13:00,2018.01.04 12:00,1313.570,0,0
2838486,TIMER,636486,2202000,2018.01.04 13:09:58,1515071398,485,2018.01.04 13:00,2018.01.04 12:00,2018.01.04 13:00,2018.01.04 12:00,1313.570,0,0
2839680,TIMER,636680,2203000,2018.01.04 13:11:39,1515071499,485,2018.01.04 13:00,2018.01.04 12:00,2018.01.04 13:00,2018.01.04 12:00,1313.570,0,0
2840864,TIMER,636864,2204000,2018.01.04 13:13:18,1515071598,485,2018.01.04 13:00,2018.01.04 12:00,2018.01.04 13:00,2018.01.04 12:00,1313.570,0,0
2841606,TICK,637000,2204606,2018.01.04 13:14:20,1515071660,485,2018.01.04 13:00,2018.01.04 12:00,2018.01.04 13:00,2018.01.04 12:00,1313.570,0,0
2842093,TIMER,637093,2205000,2018.01.04 13:14:58,1515071698,485,2018.01.04 13:00,2018.01.04 12:00,2018.01.04 13:00,2018.01.04 12:00,1313.570,0,0
2843169,TIMER,637169,2206000,2018.01.04 13:16:39,1515071799,485,2018.01.04 13:00,2018.01.04 12:00,2018.01.04 13:00,2018.01.04 12:00,1313.570,0,0
2844267,TIMER,637267,2207000,2018.01.04 13:18:18,1515071898,485,2018.01.04 13:00,2018.01.04 12:00,2018.01.04 13:00,2018.01.04 12:00,1313.570,0,0
2845404,TIMER,637404,2208000,2018.01.04 13:19:59,1515071999,485,2018.01.04 13:00,2018.01.04 12:00,2018.01.04 13:00,2018.01.04 12:00,1313.570,0,0
2846637,TIMER,637637,2209000,2018.01.04 13:21:38,1515072098,485,2018.01.04 13:00,2018.01.04 12:00,2018.01.04 13:00,2018.01.04 12:00,1313.570,0,0
2847976,TIMER,637976,2210000,2018.01.04 13:23:19,1515072199,485,2018.01.04 13:00,2018.01.04 12:00,2018.01.04 13:00,2018.01.04 12:00,1313.570,0,0
2848101,TICK,638000,2210101,2018.01.04 13:23:30,1515072210,485,2018.01.04 13:00,2018.01.04 12:00,2018.01.04 13:00,2018.01.04 12:00,1313.570,0,0
2849222,TIMER,638222,2211000,2018.01.04 13:24:59,1515072299,485,2018.01.04 13:00,2018.01.04 12:00,2018.01.04 13:00,2018.01.04 12:00,1313.570,0,0
2850427,TIMER,638427,2212000,2018.01.04 13:26:37,1515072397,485,2018.01.04 13:00,2018.01.04 12:00,2018.01.04 13:00,2018.01.04 12:00,1313.570,0,0
2851726,TIMER,638726,2213000,2018.01.04 13:28:19,1515072499,485,2018.01.04 13:00,2018.01.04 12:00,2018.01.04 13:00,2018.01.04 12:00,1313.570,0,0
2852597,TICK,639000,2213597,2018.01.04 13:29:19,1515072559,500,2018.01.04 13:00,2018.01.04 12:00,2018.01.04 13:00,2018.01.04 12:00,1313.570,0,0
2853141,TIMER,639141,2214000,2018.01.04 13:29:59,1515072599,500,2018.01.04 13:00,2018.01.04 12:00,2018.01.04 13:00,2018.01.04 12:00,1313.570,0,0
2854327,TIMER,639327,2215000,2018.01.04 13:31:39,1515072699,500,2018.01.04 13:00,2018.01.04 12:00,2018.01.04 13:00,2018.01.04 12:00,1313.570,0,0
2855699,TIMER,639699,2216000,2018.01.04 13:33:19,1515072799,500,2018.01.04 13:00,2018.01.04 12:00,2018.01.04 13:00,2018.01.04 12:00,1313.570,0,0
2856378,TICK,640000,2216378,2018.01.04 13:33:57,1515072837,500,2018.01.04 13:00,2018.01.04 12:00,2018.01.04 13:00,2018.01.04 12:00,1313.570,0,0
2857177,TIMER,640177,2217000,2018.01.04 13:34:59,1515072899,500,2018.01.04 13:00,2018.01.04 12:00,2018.01.04 13:00,2018.01.04 12:00,1313.570,0,0
2858459,TIMER,640459,2218000,2018.01.04 13:36:38,1515072998,500,2018.01.04 13:00,2018.01.04 12:00,2018.01.04 13:00,2018.01.04 12:00,1313.570,0,0
2859670,TIMER,640670,2219000,2018.01.04 13:38:19,1515073099,500,2018.01.04 13:00,2018.01.04 12:00,2018.01.04 13:00,2018.01.04 12:00,1313.570,0,0
2860909,TIMER,640909,2220000,2018.01.04 13:39:59,1515073199,500,2018.01.04 13:00,2018.01.04 12:00,2018.01.04 13:00,2018.01.04 12:00,1313.570,0,0
2861113,TICK,641000,2220113,2018.01.04 13:40:11,1515073211,500,2018.01.04 13:00,2018.01.04 12:00,2018.01.04 13:00,2018.01.04 12:00,1313.570,0,0
2862180,TIMER,641180,2221000,2018.01.04 13:41:38,1515073298,500,2018.01.04 13:00,2018.01.04 12:00,2018.01.04 13:00,2018.01.04 12:00,1313.570,0,0
2863517,TIMER,641517,2222000,2018.01.04 13:43:18,1515073398,500,2018.01.04 13:00,2018.01.04 12:00,2018.01.04 13:00,2018.01.04 12:00,1313.570,0,0
2864996,TICK,642000,2222996,2018.01.04 13:44:59,1515073499,500,2018.01.04 13:00,2018.01.04 12:00,2018.01.04 13:00,2018.01.04 12:00,1313.570,0,0
2865006,TIMER,642006,2223000,2018.01.04 13:44:59,1515073499,500,2018.01.04 13:00,2018.01.04 12:00,2018.01.04 13:00,2018.01.04 12:00,1313.570,0,0
2866266,TIMER,642266,2224000,2018.01.04 13:46:39,1515073599,500,2018.01.04 13:00,2018.01.04 12:00,2018.01.04 13:00,2018.01.04 12:00,1313.570,0,0
2867487,TIMER,642487,2225000,2018.01.04 13:48:19,1515073699,500,2018.01.04 13:00,2018.01.04 12:00,2018.01.04 13:00,2018.01.04 12:00,1313.570,0,0
2868940,TIMER,642940,2226000,2018.01.04 13:49:59,1515073799,500,2018.01.04 13:00,2018.01.04 12:00,2018.01.04 13:00,2018.01.04 12:00,1313.570,0,0
2869126,TICK,643000,2226126,2018.01.04 13:50:12,1515073812,500,2018.01.04 13:00,2018.01.04 12:00,2018.01.04 13:00,2018.01.04 12:00,1313.570,0,0
2870370,TIMER,643370,2227000,2018.01.04 13:51:38,1515073898,500,2018.01.04 13:00,2018.01.04 12:00,2018.01.04 13:00,2018.01.04 12:00,1313.570,0,0
2871726,TIMER,643726,2228000,2018.01.04 13:53:19,1515073999,500,2018.01.04 13:00,2018.01.04 12:00,2018.01.04 13:00,2018.01.04 12:00,1313.570,0,0
2872793,TIMER,643793,2229000,2018.01.04 13:54:58,1515074098,500,2018.01.04 13:00,2018.01.04 12:00,2018.01.04 13:00,2018.01.04 12:00,1313.570,0,0
2873889,TICK,644000,2229889,2018.01.04 13:56:28,1515074188,500,2018.01.04 13:00,2018.01.04 12:00,2018.01.04 13:00,2018.01.04 12:00,1313.570,0,0
2874128,TIMER,644128,2230000,2018.01.04 13:56:38,1515074198,500,2018.01.04 13:00,2018.01.04 12:00,2018.01.04 13:00,2018.01.04 12:00,1313.570,0,0
2875371,TIMER,644371,2231000,2018.01.04 13:58:19,1515074299,500,2018.01.04 13:00,2018.01.04 12:00,2018.01.04 13:00,2018.01.04 12:00,1313.570,0,0
2876538,TIMER,644538,2232000,2018.01.04 13:59:58,1515074398,500,2018.01.04 13:00,2018.01.04 12:00,2018.01.04 13:00,2018.01.04 12:00,1313.570,0,0
2877726,TIMER,644726,2233000,2018.01.04 14:01:40,1515074500,500,2018.01.04 14:00,2018.01.04 13:00,2018.01.04 14:00,2018.01.04 13:00,1312.960,0,0
2878909,TIMER,644909,2234000,2018.01.04 14:03:15,1515074595,500,2018.01.04 14:00,2018.01.04 13:00,2018.01.04 14:00,2018.01.04 13:00,1312.960,0,0
2879147,TICK,645000,2234147,2018.01.04 14:03:34,1515074614,500,2018.01.04 14:00,2018.01.04 13:00,2018.01.04 14:00,2018.01.04 13:00,1312.960,0,0
2880185,TIMER,645185,2235000,2018.01.04 14:04:59,1515074699,500,2018.01.04 14:00,2018.01.04 13:00,2018.01.04 14:00,2018.01.04 13:00,1312.960,0,0
2881360,TIMER,645360,2236000,2018.01.04 14:06:38,1515074798,500,2018.01.04 14:00,2018.01.04 13:00,2018.01.04 14:00,2018.01.04 13:00,1312.960,0,0
2882484,TIMER,645484,2237000,2018.01.04 14:08:18,1515074898,500,2018.01.04 14:00,2018.01.04 13:00,2018.01.04 14:00,2018.01.04 13:00,1312.960,0,0
2883653,TIMER,645653,2238000,2018.01.04 14:09:59,1515074999,500,2018.01.04 14:00,2018.01.04 13:00,2018.01.04 14:00,2018.01.04 13:00,1312.960,0,0
2884761,TIMER,645761,2239000,2018.01.04 14:11:39,1515075099,500,2018.01.04 14:00,2018.01.04 13:00,2018.01.04 14:00,2018.01.04 13:00,1312.960,0,0
2885862,TIMER,645862,2240000,2018.01.04 14:13:19,1515075199,500,2018.01.04 14:00,2018.01.04 13:00,2018.01.04 14:00,2018.01.04 13:00,1312.960,0,0
2886910,TICK,646000,2240910,2018.01.04 14:14:51,1515075291,500,2018.01.04 14:00,2018.01.04 13:00,2018.01.04 14:00,2018.01.04 13:00,1312.960,0,0
2887036,TIMER,646036,2241000,2018.01.04 14:14:59,1515075299,500,2018.01.04 14:00,2018.01.04 13:00,2018.01.04 14:00,2018.01.04 13:00,1312.960,0,0
2888376,TIMER,646376,2242000,2018.01.04 14:16:39,1515075399,500,2018.01.04 14:00,2018.01.04 13:00,2018.01.04 14:00,2018.01.04 13:00,1312.960,0,0
2889690,TIMER,646690,2243000,2018.01.04 14:18:19,1515075499,500,2018.01.04 14:00,2018.01.04 13:00,2018.01.04 14:00,2018.01.04 13:00,1312.960,0,0
2890923,TIMER,646923,2244000,2018.01.04 14:19:59,1515075599,500,2018.01.04 14:00,2018.01.04 13:00,2018.01.04 14:00,2018.01.04 13:00,1312.960,0,0
2891171,TICK,647000,2244171,2018.01.04 14:20:17,1515075617,500,2018.01.04 14:00,2018.01.04 13:00,2018.01.04 14:00,2018.01.04 13:00,1312.960,0,0
2892282,TIMER,647282,2245000,2018.01.04 14:21:39,1515075699,500,2018.01.04 14:00,2018.01.04 13:00,2018.01.04 14:00,2018.01.04 13:00,1312.960,0,0
2893555,TIMER,647555,2246000,2018.01.04 14:23:19,1515075799,500,2018.01.04 14:00,2018.01.04 13:00,2018.01.04 14:00,2018.01.04 13:00,1312.960,0,0
2894693,TIMER,647693,2247000,2018.01.04 14:24:59,1515075899,500,2018.01.04 14:00,2018.01.04 13:00,2018.01.04 14:00,2018.01.04 13:00,1312.960,0,0
2895908,TIMER,647908,2248000,2018.01.04 14:26:37,1515075997,500,2018.01.04 14:00,2018.01.04 13:00,2018.01.04 14:00,2018.01.04 13:00,1312.960,0,0
2896354,TICK,648000,2248354,2018.01.04 14:27:15,1515076035,500,2018.01.04 14:00,2018.01.04 13:00,2018.01.04 14:00,2018.01.04 13:00,1312.960,0,0
2897162,TIMER,648162,2249000,2018.01.04 14:28:19,1515076099,500,2018.01.04 14:00,2018.01.04 13:00,2018.01.04 14:00,2018.01.04 13:00,1312.960,0,0
2898288,TIMER,648288,2250000,2018.01.04 14:29:59,1515076199,500,2018.01.04 14:00,2018.01.04 13:00,2018.01.04 14:00,2018.01.04 13:00,1312.960,0,0
2899532,TIMER,648532,2251000,2018.01.04 14:31:39,1515076299,500,2018.01.04 14:00,2018.01.04 13:00,2018.01.04 14:00,2018.01.04 13:00,1312.960,0,0
2900631,TIMER,648631,2252000,2018.01.04 14:33:19,1515076399,500,2018.01.04 14:00,2018.01.04 13:00,2018.01.04 14:00,2018.01.04 13:00,1312.960,0,0
2901867,TIMER,648867,2253000,2018.01.04 14:34:58,1515076498,500,2018.01.04 14:00,2018.01.04 13:00,2018.01.04 14:00,2018.01.04 13:00,1312.960,0,0
2902342,TICK,649000,2253342,2018.01.04 14:35:34,1515076534,500,2018.01.04 14:00,2018.01.04 13:00,2018.01.04 14:00,2018.01.04 13:00,1312.960,0,0
2903378,TIMER,649378,2254000,2018.01.04 14:36:37,1515076597,500,2018.01.04 14:00,2018.01.04 13:00,2018.01.04 14:00,2018.01.04 13:00,1312.960,0,0
2904799,TIMER,649799,2255000,2018.01.04 14:38:19,1515076699,500,2018.01.04 14:00,2018.01.04 13:00,2018.01.04 14:00,2018.01.04 13:00,1312.960,0,0
2905938,TIMER,649938,2256000,2018.01.04 14:39:59,1515076799,500,2018.01.04 14:00,2018.01.04 13:00,2018.01.04 14:00,2018.01.04 13:00,1312.960,0,0
2906456,TICK,650000,2256456,2018.01.04 14:40:45,1515076845,500,2018.01.04 14:00,2018.01.04 13:00,2018.01.04 14:00,2018.01.04 13:00,1312.960,0,0
2907225,TIMER,650225,2257000,2018.01.04 14:41:39,1515076899,500,2018.01.04 14:00,2018.01.04 13:00,2018.01.04 14:00,2018.01.04 13:00,1312.960,0,0
2908422,TIMER,650422,2258000,2018.01.04 14:43:19,1515076999,500,2018.01.04 14:00,2018.01.04 13:00,2018.01.04 14:00,2018.01.04 13:00,1312.960,0,0
2909751,TIMER,650751,2259000,2018.01.04 14:44:59,1515077099,500,2018.01.04 14:00,2018.01.04 13:00,2018.01.04 14:00,2018.01.04 13:00,1312.960,0,0
2910978,TIMER,650978,2260000,2018.01.04 14:46:39,1515077199,500,2018.01.04 14:00,2018.01.04 13:00,2018.01.04 14:00,2018.01.04 13:00,1312.960,0,0
2911049,TICK,651000,2260049,2018.01.04 14:46:44,1515077204,500,2018.01.04 14:00,2018.01.04 13:00,2018.01.04 14:00,2018.01.04 13:00,1312.960,0,0
2912138,TIMER,651138,2261000,2018.01.04 14:48:19,1515077299,500,2018.01.04 14:00,2018.01.04 13:00,2018.01.04 14:00,2018.01.04 13:00,1312.960,0,0
2913304,TIMER,651304,2262000,2018.01.04 14:49:59,1515077399,500,2018.01.04 14:00,2018.01.04 13:00,2018.01.04 14:00,2018.01.04 13:00,1312.960,0,0
2914402,TIMER,651402,2263000,2018.01.04 14:51:39,1515077499,500,2018.01.04 14:00,2018.01.04 13:00,2018.01.04 14:00,2018.01.04 13:00,1312.960,0,0
2915531,TIMER,651531,2264000,2018.01.04 14:53:19,1515077599,500,2018.01.04 14:00,2018.01.04 13:00,2018.01.04 14:00,2018.01.04 13:00,1312.960,0,0
2916658,TIMER,651658,2265000,2018.01.04 14:54:56,1515077696,500,2018.01.04 14:00,2018.01.04 13:00,2018.01.04 14:00,2018.01.04 13:00,1312.960,0,0
2917812,TIMER,651812,2266000,2018.01.04 14:56:39,1515077799,500,2018.01.04 14:00,2018.01.04 13:00,2018.01.04 14:00,2018.01.04 13:00,1312.960,0,0
2918948,TIMER,651948,2267000,2018.01.04 14:58:19,1515077899,500,2018.01.04 14:00,2018.01.04 13:00,2018.01.04 14:00,2018.01.04 13:00,1312.960,0,0
2919186,TICK,652000,2267186,2018.01.04 14:58:38,1515077918,500,2018.01.04 14:00,2018.01.04 13:00,2018.01.04 14:00,2018.01.04 13:00,1312.960,0,0
2920131,TIMER,652131,2268000,2018.01.04 14:59:59,1515077999,500,2018.01.04 14:00,2018.01.04 13:00,2018.01.04 14:00,2018.01.04 13:00,1312.960,0,0
2921456,TIMER,652456,2269000,2018.01.04 15:01:39,1515078099,500,2018.01.04 15:00,2018.01.04 14:00,2018.01.04 15:00,2018.01.04 14:00,1313.330,0,0
2922612,TIMER,652612,2270000,2018.01.04 15:03:19,1515078199,500,2018.01.04 15:00,2018.01.04 14:00,2018.01.04 15:00,2018.01.04 14:00,1313.330,0,0
2923780,TIMER,652780,2271000,2018.01.04 15:04:59,1515078299,500,2018.01.04 15:00,2018.01.04 14:00,2018.01.04 15:00,2018.01.04 14:00,1313.330,0,0
2924989,TIMER,652989,2272000,2018.01.04 15:06:39,1515078399,500,2018.01.04 15:00,2018.01.04 14:00,2018.01.04 15:00,2018.01.04 14:00,1313.330,0,0
2925056,TICK,653000,2272056,2018.01.04 15:06:45,1515078405,500,2018.01.04 15:00,2018.01.04 14:00,2018.01.04 15:00,2018.01.04 14:00,1313.330,0,0
2926230,TIMER,653230,2273000,2018.01.04 15:08:19,1515078499,500,2018.01.04 15:00,2018.01.04 14:00,2018.01.04 15:00,2018.01.04 14:00,1313.330,0,0
2927381,TIMER,653381,2274000,2018.01.04 15:09:59,1515078599,500,2018.01.04 15:00,2018.01.04 14:00,2018.01.04 15:00,2018.01.04 14:00,1313.330,0,0
2928552,TIMER,653552,2275000,2018.01.04 15:11:39,1515078699,500,2018.01.04 15:00,2018.01.04 14:00,2018.01.04 15:00,2018.01.04 14:00,1313.330,0,0
2929673,TIMER,653673,2276000,2018.01.04 15:13:19,1515078799,500,2018.01.04 15:00,2018.01.04 14:00,2018.01.04 15:00,2018.01.04 14:00,1313.330,0,0
2930855,TICK,654000,2276855,2018.01.04 15:14:45,1515078885,500,2018.01.04 15:00,2018.01.04 14:00,2018.01.04 15:00,2018.01.04 14:00,1313.330,0,0
2931069,TIMER,654069,2277000,2018.01.04 15:14:59,1515078899,500,2018.01.04 15:00,2018.01.04 14:00,2018.01.04 15:00,2018.01.04 14:00,1313.330,0,0
2932368,TICK,655000,2277368,2018.01.04 15:15:36,1515078936,500,2018.01.04 15:00,2018.01.04 14:00,2018.01.04 15:00,2018.01.04 14:00,1313.330,0,0
2933708,TIMER,655708,2278000,2018.01.04 15:16:39,1515078999,500,2018.01.04 15:00,2018.01.04 14:00,2018.01.04 15:00,2018.01.04 14:00,1313.330,0,0
2934375,TICK,656000,2278375,2018.01.04 15:17:17,1515079037,500,2018.01.04 15:00,2018.01.04 14:00,2018.01.04 15:00,2018.01.04 14:00,1313.330,0,0
2935514,TIMER,656514,2279000,2018.01.04 15:18:19,1515079099,500,2018.01.04 15:00,2018.01.04 14:00,2018.01.04 15:00,2018.01.04 14:00,1313.330,0,0
2936674,TICK,657000,2279674,2018.01.04 15:19:27,1515079167,500,2018.01.04 15:00,2018.01.04 14:00,2018.01.04 15:00,2018.01.04 14:00,1313.330,0,0
2937179,TIMER,657179,2280000,2018.01.04 15:19:59,1515079199,500,2018.01.04 15:00,2018.01.04 14:00,2018.01.04 15:00,2018.01.04 14:00,1313.330,0,0
2938703,TICK,658000,2280703,2018.01.04 15:21:10,1515079270,500,2018.01.04 15:00,2018.01.04 14:00,2018.01.04 15:00,2018.01.04 14:00,1313.330,0,0
2939303,TIMER,658303,2281000,2018.01.04 15:21:39,1515079299,500,2018.01.04 15:00,2018.01.04 14:00,2018.01.04 15:00,2018.01.04 14:00,1313.330,0,0
2940890,TICK,659000,2281890,2018.01.04 15:23:09,1515079389,500,2018.01.04 15:00,2018.01.04 14:00,2018.01.04 15:00,2018.01.04 14:00,1313.330,0,0
2941018,TIMER,659018,2282000,2018.01.04 15:23:19,1515079399,500,2018.01.04 15:00,2018.01.04 14:00,2018.01.04 15:00,2018.01.04 14:00,1313.330,0,0
2942628,TIMER,659628,2283000,2018.01.04 15:24:59,1515079499,500,2018.01.04 15:00,2018.01.04 14:00,2018.01.04 15:00,2018.01.04 14:00,1313.330,0,0
2943468,TICK,660000,2283468,2018.01.04 15:25:46,1515079546,500,2018.01.04 15:00,2018.01.04 14:00,2018.01.04 15:00,2018.01.04 14:00,1313.330,0,0
2944179,TIMER,660179,2284000,2018.01.04 15:26:39,1515079599,500,2018.01.04 15:00,2018.01.04 14:00,2018.01.04 15:00,2018.01.04 14:00,1313.330,0,0
2945578,TIMER,660578,2285000,2018.01.04 15:28:19,1515079699,500,2018.01.04 15:00,2018.01.04 14:00,2018.01.04 15:00,2018.01.04 14:00,1313.330,0,0
2946902,TICK,661000,2285902,2018.01.04 15:29:50,1515079790,500,2018.01.04 15:00,2018.01.04 14:00,2018.01.04 15:00,2018.01.04 14:00,1313.330,0,0
2947012,TIMER,661012,2286000,2018.01.04 15:29:59,1515079799,500,2018.01.04 15:00,2018.01.04 14:00,2018.01.04 15:00,2018.01.04 14:00,1313.330,0,0
2948817,TIMER,661817,2287000,2018.01.04 15:31:39,1515079899,500,2018.01.04 15:00,2018.01.04 14:00,2018.01.04 15:00,2018.01.04 14:00,1313.330,0,0
2949266,TICK,662000,2287266,2018.01.04 15:32:06,1515079926,500,2018.01.04 15:00,2018.01.04 14:00,2018.01.04 15:00,2018.01.04 14:00,1313.330,0,0
2950492,TIMER,662492,2288000,2018.01.04 15:33:19,1515079999,500,2018.01.04 15:00,2018.01.04 14:00,2018.01.04 15:00,2018.01.04 14:00,1313.330,0,0
2951604,TICK,663000,2288604,2018.01.04 15:34:20,1515080060,500,2018.01.04 15:00,2018.01.04 14:00,2018.01.04 15:00,2018.01.04 14:00,1313.330,0,0
2952458,TIMER,663458,2289000,2018.01.04 15:34:59,1515080099,500,2018.01.04 15:00,2018.01.04 14:00,2018.01.04 15:00,2018.01.04 14:00,1313.330,0,0
2953455,TICK,664000,2289455,2018.01.04 15:35:45,1515080145,500,2018.01.04 15:00,2018.01.04 14:00,2018.01.04 15:00,2018.01.04 14:00,1313.330,0,0
2954358,TIMER,664358,2290000,2018.01.04 15:36:39,1515080199,500,2018.01.04 15:00,2018.01.04 14:00,2018.01.04 15:00,2018.01.04 14:00,1313.330,0,0
2955699,TICK,665000,2290699,2018.01.04 15:37:49,1515080269,500,2018.01.04 15:00,2018.01.04 14:00,2018.01.04 15:00,2018.01.04 14:00,1313.330,0,0
2956460,TIMER,665460,2291000,2018.01.04 15:38:19,1515080299,500,2018.01.04 15:00,2018.01.04 14:00,2018.01.04 15:00,2018.01.04 14:00,1313.330,0,0
2957743,TICK,666000,2291743,2018.01.04 15:39:34,1515080374,500,2018.01.04 15:00,2018.01.04 14:00,2018.01.04 15:00,2018.01.04 14:00,1313.330,0,0
2958072,TIMER,666072,2292000,2018.01.04 15:39:59,1515080399,500,2018.01.04 15:00,2018.01.04 14:00,2018.01.04 15:00,2018.01.04 14:00,1313.330,0,0
2959615,TIMER,666615,2293000,2018.01.04 15:41:39,1515080499,500,2018.01.04 15:00,2018.01.04 14:00,2018.01.04 15:00,2018.01.04 14:00,1313.330,0,0
2960467,TICK,667000,2293467,2018.01.04 15:42:26,1515080546,500,2018.01.04 15:00,2018.01.04 14:00,2018.01.04 15:00,2018.01.04 14:00,1313.330,0,0
2961291,TIMER,667291,2294000,2018.01.04 15:43:19,1515080599,500,2018.01.04 15:00,2018.01.04 14:00,2018.01.04 15:00,2018.01.04 14:00,1313.330,0,0
2962676,TIMER,667676,2295000,2018.01.04 15:44:57,1515080697,500,2018.01.04 15:00,2018.01.04 14:00,2018.01.04 15:00,2018.01.04 14:00,1313.330,0,0
2963782,TICK,668000,2295782,2018.01.04 15:46:18,1515080778,500,2018.01.04 15:00,2018.01.04 14:00,2018.01.04 15:00,2018.01.04 14:00,1313.330,0,0
2964067,TIMER,668067,2296000,2018.01.04 15:46:39,1515080799,500,2018.01.04 15:00,2018.01.04 14:00,2018.01.04 15:00,2018.01.04 14:00,1313.330,0,0
2965773,TIMER,668773,2297000,2018.01.04 15:48:19,1515080899,500,2018.01.04 15:00,2018.01.04 14:00,2018.01.04 15:00,2018.01.04 14:00,1313.330,0,0
2966293,TICK,669000,2297293,2018.01.04 15:48:49,1515080929,500,2018.01.04 15:00,2018.01.04 14:00,2018.01.04 15:00,2018.01.04 14:00,1313.330,0,0
2967282,TIMER,669282,2298000,2018.01.04 15:49:59,1515080999,500,2018.01.04 15:00,2018.01.04 14:00,2018.01.04 15:00,2018.01.04 14:00,1313.330,0,0
2968656,TIMER,669656,2299000,2018.01.04 15:51:39,1515081099,500,2018.01.04 15:00,2018.01.04 14:00,2018.01.04 15:00,2018.01.04 14:00,1313.330,0,0
2969712,TICK,670000,2299712,2018.01.04 15:52:51,1515081171,500,2018.01.04 15:00,2018.01.04 14:00,2018.01.04 15:00,2018.01.04 14:00,1313.330,0,0
2970241,TIMER,670241,2300000,2018.01.04 15:53:19,1515081199,500,2018.01.04 15:00,2018.01.04 14:00,2018.01.04 15:00,2018.01.04 14:00,1313.330,0,0
2971677,TIMER,670677,2301000,2018.01.04 15:54:55,1515081295,500,2018.01.04 15:00,2018.01.04 14:00,2018.01.04 15:00,2018.01.04 14:00,1313.330,0,0
2972326,TICK,671000,2301326,2018.01.04 15:55:32,1515081332,500,2018.01.04 15:00,2018.01.04 14:00,2018.01.04 15:00,2018.01.04 14:00,1313.330,0,0
2973326,TIMER,671326,2302000,2018.01.04 15:56:39,1515081399,500,2018.01.04 15:00,2018.01.04 14:00,2018.01.04 15:00,2018.01.04 14:00,1313.330,0,0
2974679,TIMER,671679,2303000,2018.01.04 15:58:19,1515081499,500,2018.01.04 15:00,2018.01.04 14:00,2018.01.04 15:00,2018.01.04 14:00,1313.330,0,0
2975721,TICK,672000,2303721,2018.01.04 15:59:32,1515081572,500,2018.01.04 15:00,2018.01.04 14:00,2018.01.04 15:00,2018.01.04 14:00,1313.330,0,0
2976161,TIMER,672161,2304000,2018.01.04 15:59:59,1515081599,500,2018.01.04 15:00,2018.01.04 14:00,2018.01.04 15:00,2018.01.04 14:00,1313.330,0,0
2977634,TIMER,672634,2305000,2018.01.04 16:01:39,1515081699,500,2018.01.04 16:00,2018.01.04 15:00,2018.01.04 16:00,2018.01.04 15:00,1314.860,0,0
2978674,TICK,673000,2305674,2018.01.04 16:02:47,1515081767,500,2018.01.04 16:00,2018.01.04 15:00,2018.01.04 16:00,2018.01.04 15:00,1314.860,0,0
2979169,TIMER,673169,2306000,2018.01.04 16:03:19,1515081799,500,2018.01.04 16:00,2018.01.04 15:00,2018.01.04 16:00,2018.01.04 15:00,1314.860,0,0
2980567,TIMER,673567,2307000,2018.01.04 16:04:59,1515081899,500,2018.01.04 16:00,2018.01.04 15:00,2018.01.04 16:00,2018.01.04 15:00,1314.860,0,0
2981828,TICK,674000,2307828,2018.01.04 16:06:22,1515081982,500,2018.01.04 16:00,2018.01.04 15:00,2018.01.04 16:00,2018.01.04 15:00,1314.860,0,0
2982046,TIMER,674046,2308000,2018.01.04 16:06:38,1515081998,500,2018.01.04 16:00,2018.01.04 15:00,2018.01.04 16:00,2018.01.04 15:00,1314.860,0,0
2983234,TIMER,674234,2309000,2018.01.04 16:08:19,1515082099,500,2018.01.04 16:00,2018.01.04 15:00,2018.01.04 16:00,2018.01.04 15:00,1314.860,0,0
2984421,TIMER,674421,2310000,2018.01.04 16:09:58,1515082198,500,2018.01.04 16:00,2018.01.04 15:00,2018.01.04 16:00,2018.01.04 15:00,1314.860,0,0
2985677,TIMER,674677,2311000,2018.01.04 16:11:39,1515082299,500,2018.01.04 16:00,2018.01.04 15:00,2018.01.04 16:00,2018.01.04 15:00,1314.860,0,0
2986870,TICK,675000,2311870,2018.01.04 16:13:07,1515082387,500,2018.01.04 16:00,2018.01.04 15:00,2018.01.04 16:00,2018.01.04 15:00,1314.860,0,0
2987038,TIMER,675038,2312000,2018.01.04 16:13:19,1515082399,500,2018.01.04 16:00,2018.01.04 15:00,2018.01.04 16:00,2018.01.04 15:00,1314.860,0,0
2988264,TIMER,675264,2313000,2018.01.04 16:14:59,1515082499,500,2018.01.04 16:00,2018.01.04 15:00,2018.01.04 16:00,2018.01.04 15:00,1314.860,0,0
2989484,TIMER,675484,2314000,2018.01.04 16:16:39,1515082599,500,2018.01.04 16:00,2018.01.04 15:00,2018.01.04 16:00,2018.01.04 15:00,1314.860,0,0
2990538,TIMER,675538,2315000,2018.01.04 16:18:18,1515082698,500,2018.01.04 16:00,2018.01.04 15:00,2018.01.04 16:00,2018.01.04 15:00,1314.860,0,0
2991831,TIMER,675831,2316000,2018.01.04 16:19:59,1515082799,500,2018.01.04 16:00,2018.01.04 15:00,2018.01.04 16:00,2018.01.04 15:00,1314.860,0,0
2992625,TICK,676000,2316625,2018.01.04 16:21:02,1515082862,500,2018.01.04 16:00,2018.01.04 15:00,2018.01.04 16:00,2018.01.04 15:00,1314.860,0,0
2993060,TIMER,676060,2317000,2018.01.04 16:21:37,1515082897,500,2018.01.04 16:00,2018.01.04 15:00,2018.01.04 16:00,2018.01.04 15:00,1314.860,0,0
2994223,TIMER,676223,2318000,2018.01.04 16:23:18,1515082998,500,2018.01.04 16:00,2018.01.04 15:00,2018.01.04 16:00,2018.01.04 15:00,1314.860,0,0
2995310,TIMER,676310,2319000,2018.01.04 16:24:57,1515083097,500,2018.01.04 16:00,2018.01.04 15:00,2018.01.04 16:00,2018.01.04 15:00,1314.860,0,0
2996542,TIMER,676542,2320000,2018.01.04 16:26:36,1515083196,500,2018.01.04 16:00,2018.01.04 15:00,2018.01.04 16:00,2018.01.04 15:00,1314.860,0,0
2997719,TIMER,676719,2321000,2018.01.04 16:28:19,1515083299,500,2018.01.04 16:00,2018.01.04 15:00,2018.01.04 16:00,2018.01.04 15:00,1314.860,0,0
2998903,TIMER,676903,2322000,2018.01.04 16:29:59,1515083399,500,2018.01.04 16:00,2018.01.04 15:00,2018.01.04 16:00,2018.01.04 15:00,1314.860,0,0
2999171,TICK,677000,2322171,2018.01.04 16:30:17,1515083417,500,2018.01.04 16:00,2018.01.04 15:00,2018.01.04 16:00,2018.01.04 15:00,1314.860,0,0
3000338,TIMER,677338,2323000,2018.01.04 16:31:39,1515083499,500,2018.01.04 16:00,2018.01.04 15:00,2018.01.04 16:00,2018.01.04 15:00,1314.860,0,0
3001781,TIMER,677781,2324000,2018.01.04 16:33:19,1515083599,500,2018.01.04 16:00,2018.01.04 15:00,2018.01.04 16:00,2018.01.04 15:00,1314.860,0,0
3002571,TICK,678000,2324571,2018.01.04 16:34:17,1515083657,500,2018.01.04 16:00,2018.01.04 15:00,2018.01.04 16:00,2018.01.04 15:00,1314.860,0,0
3003196,TIMER,678196,2325000,2018.01.04 16:34:59,1515083699,500,2018.01.04 16:00,2018.01.04 15:00,2018.01.04 16:00,2018.01.04 15:00,1314.860,0,0
3004832,TIMER,678832,2326000,2018.01.04 16:36:39,1515083799,500,2018.01.04 16:00,2018.01.04 15:00,2018.01.04 16:00,2018.01.04 15:00,1314.860,0,0
3005184,TICK,679000,2326184,2018.01.04 16:36:58,1515083818,500,2018.01.04 16:00,2018.01.04 15:00,2018.01.04 16:00,2018.01.04 15:00,1314.860,0,0
3006524,TIMER,679524,2327000,2018.01.04 16:38:19,1515083899,500,2018.01.04 16:00,2018.01.04 15:00,2018.01.04 16:00,2018.01.04 15:00,1314.860,0,0
3007788,TICK,680000,2327788,2018.01.04 16:39:38,1515083978,500,2018.01.04 16:00,2018.01.04 15:00,2018.01.04 16:00,2018.01.04 15:00,1314.860,0,0
3008095,TIMER,680095,2328000,2018.01.04 16:39:59,1515083999,500,2018.01.04 16:00,2018.01.04 15:00,2018.01.04 16:00,2018.01.04 15:00,1314.860,0,0
3009778,TIMER,680778,2329000,2018.01.04 16:41:39,1515084099,500,2018.01.04 16:00,2018.01.04 15:00,2018.01.04 16:00,2018.01.04 15:00,1314.860,0,0
3010579,TICK,681000,2329579,2018.01.04 16:42:37,1515084157,500,2018.01.04 16:00,2018.01.04 15:00,2018.01.04 16:00,2018.01.04 15:00,1314.860,0,0
3011146,TIMER,681146,2330000,2018.01.04 16:43:18,1515084198,500,2018.01.04 16:00,2018.01.04 15:00,2018.01.04 16:00,2018.01.04 15:00,1314.860,0,0
3012597,TIMER,681597,2331000,2018.01.04 16:44:59,1515084299,500,2018.01.04 16:00,2018.01.04 15:00,2018.01.04 16:00,2018.01.04 15:00,1314.860,0,0
3013754,TICK,682000,2331754,2018.01.04 16:46:15,1515084375,500,2018.01.04 16:00,2018.01.04 15:00,2018.01.04 16:00,2018.01.04 15:00,1314.860,0,0
3014091,TIMER,682091,2332000,2018.01.04 16:46:39,1515084399,500,2018.01.04 16:00,2018.01.04 15:00,2018.01.04 16:00,2018.01.04 15:00,1314.860,0,0
3015609,TIMER,682609,2333000,2018.01.04 16:48:19,1515084499,500,2018.01.04 16:00,2018.01.04 15:00,2018.01.04 16:00,2018.01.04 15:00,1314.860,0,0
3016640,TICK,683000,2333640,2018.01.04 16:49:24,1515084564,500,2018.01.04 16:00,2018.01.04 15:00,2018.01.04 16:00,2018.01.04 15:00,1314.860,0,0
3017230,TIMER,683230,2334000,2018.01.04 16:49:59,1515084599,500,2018.01.04 16:00,2018.01.04 15:00,2018.01.04 16:00,2018.01.04 15:00,1314.860,0,0
3018834,TICK,684000,2334834,2018.01.04 16:51:23,1515084683,500,2018.01.04 16:00,2018.01.04 15:00,2018.01.04 16:00,2018.01.04 15:00,1314.860,0,0
3019117,TIMER,684117,2335000,2018.01.04 16:51:39,1515084699,500,2018.01.04 16:00,2018.01.04 15:00,2018.01.04 16:00,2018.01.04 15:00,1314.860,0,0
3020821,TIMER,684821,2336000,2018.01.04 16:53:19,1515084799,500,2018.01.04 16:00,2018.01.04 15:00,2018.01.04 16:00,2018.01.04 15:00,1314.860,0,0
3021306,TICK,685000,2336306,2018.01.04 16:53:50,1515084830,500,2018.01.04 16:00,2018.01.04 15:00,2018.01.04 16:00,2018.01.04 15:00,1314.860,0,0
3022313,TIMER,685313,2337000,2018.01.04 16:54:59,1515084899,500,2018.01.04 16:00,2018.01.04 15:00,2018.01.04 16:00,2018.01.04 15:00,1314.860,0,0
3023889,TICK,686000,2337889,2018.01.04 16:56:28,1515084988,500,2018.01.04 16:00,2018.01.04 15:00,2018.01.04 16:00,2018.01.04 15:00,1314.860,0,0
3024057,TIMER,686057,2338000,2018.01.04 16:56:39,1515084999,500,2018.01.04 16:00,2018.01.04 15:00,2018.01.04 16:00,2018.01.04 15:00,1314.860,0,0
3025668,TIMER,686668,2339000,2018.01.04 16:58:19,1515085099,500,2018.01.04 16:00,2018.01.04 15:00,2018.01.04 16:00,2018.01.04 15:00,1314.860,0,0
3026304,TICK,687000,2339304,2018.01.04 16:58:50,1515085130,500,2018.01.04 16:00,2018.01.04 15:00,2018.01.04 16:00,2018.01.04 15:00,1314.860,0,0
3027528,TIMER,687528,2340000,2018.01.04 16:59:59,1515085199,500,2018.01.04 16:00,2018.01.04 15:00,2018.01.04 16:00,2018.01.04 15:00,1314.860,0,0
3028872,TICK,688000,2340872,2018.01.04 17:01:27,1515085287,500,2018.01.04 17:00,2018.01.04 16:00,2018.01.04 17:00,2018.01.04 16:00,1314.780,0,0
3029072,TIMER,688072,2341000,2018.01.04 17:01:39,1515085299,500,2018.01.04 17:00,2018.01.04 16:00,2018.01.04 17:00,2018.01.04 16:00,1314.780,0,0
3030515,TIMER,688515,2342000,2018.01.04 17:03:19,1515085399,500,2018.01.04 17:00,2018.01.04 16:00,2018.01.04 17:00,2018.01.04 16:00,1314.780,0,0
3031962,TIMER,688962,2343000,2018.01.04 17:04:59,1515085499,500,2018.01.04 17:00,2018.01.04 16:00,2018.01.04 17:00,2018.01.04 16:00,1314.780,0,0
3032096,TICK,689000,2343096,2018.01.04 17:05:09,1515085509,500,2018.01.04 17:00,2018.01.04 16:00,2018.01.04 17:00,2018.01.04 16:00,1314.780,0,0
3033387,TIMER,689387,2344000,2018.01.04 17:06:39,1515085599,500,2018.01.04 17:00,2018.01.04 16:00,2018.01.04 17:00,2018.01.04 16:00,1314.780,0,0
3034779,TIMER,689779,2345000,2018.01.04 17:08:17,1515085697,500,2018.01.04 17:00,2018.01.04 16:00,2018.01.04 17:00,2018.01.04 16:00,1314.780,0,0
3035752,TICK,690000,2345752,2018.01.04 17:09:35,1515085775,500,2018.01.04 17:00,2018.01.04 16:00,2018.01.04 17:00,2018.01.04 16:00,1314.780,0,0
3036072,TIMER,690072,2346000,2018.01.04 17:09:58,1515085798,500,2018.01.04 17:00,2018.01.04 16:00,2018.01.04 17:00,2018.01.04 16:00,1314.780,0,0
3037583,TIMER,690583,2347000,2018.01.04 17:11:38,1515085898,500,2018.01.04 17:00,2018.01.04 16:00,2018.01.04 17:00,2018.01.04 16:00,1314.780,0,0
3038906,TIMER,690906,2348000,2018.01.04 17:13:19,1515085999,500,2018.01.04 17:00,2018.01.04 16:00,2018.01.04 17:00,2018.01.04 16:00,1314.780,0,0
3039268,TICK,691000,2348268,2018.01.04 17:13:46,1515086026,500,2018.01.04 17:00,2018.01.04 16:00,2018.01.04 17:00,2018.01.04 16:00,1314.780,0,0
3040269,TIMER,691269,2349000,2018.01.04 17:14:59,1515086099,500,2018.01.04 17:00,2018.01.04 16:00,2018.01.04 17:00,2018.01.04 16:00,1314.780,0,0
3041764,TIMER,691764,2350000,2018.01.04 17:16:39,1515086199,500,2018.01.04 17:00,2018.01.04 16:00,2018.01.04 17:00,2018.01.04 16:00,1314.780,0,0
3042339,TICK,692000,2350339,2018.01.04 17:17:13,1515086233,500,2018.01.04 17:00,2018.01.04 16:00,2018.01.04 17:00,2018.01.04 16:00,1314.780,0,0
3043198,TIMER,692198,2351000,2018.01.04 17:18:19,1515086299,500,2018.01.04 17:00,2018.01.04 16:00,2018.01.04 17:00,2018.01.04 16:00,1314.780,0,0
3044558,TIMER,692558,2352000,2018.01.04 17:19:58,1515086398,500,2018.01.04 17:00,2018.01.04 16:00,2018.01.04 17:00,2018.01.04 16:00,1314.780,0,0
3045884,TICK,693000,2352884,2018.01.04 17:21:28,1515086488,516,2018.01.04 17:00,2018.01.04 16:00,2018.01.04 17:00,2018.01.04 16:00,1314.780,0,0
3046074,TIMER,693074,2353000,2018.01.04 17:21:39,1515086499,516,2018.01.04 17:00,2018.01.04 16:00,2018.01.04 17:00,2018.01.04 16:00,1314.780,0,0
3047554,TIMER,693554,2354000,2018.01.04 17:23:19,1515086599,516,2018.01.04 17:00,2018.01.04 16:00,2018.01.04 17:00,2018.01.04 16:00,1314.780,0,0
3048877,TIMER,693877,2355000,2018.01.04 17:24:59,1515086699,516,2018.01.04 17:00,2018.01.04 16:00,2018.01.04 17:00,2018.01.04 16:00,1314.780,0,0
3049353,TICK,694000,2355353,2018.01.04 17:25:35,1515086735,516,2018.01.04 17:00,2018.01.04 16:00,2018.01.04 17:00,2018.01.04 16:00,1314.780,0,0
3050307,TIMER,694307,2356000,2018.01.04 17:26:39,1515086799,516,2018.01.04 17:00,2018.01.04 16:00,2018.01.04 17:00,2018.01.04 16:00,1314.780,0,0
3051681,TIMER,694681,2357000,2018.01.04 17:28:19,1515086899,516,2018.01.04 17:00,2018.01.04 16:00,2018.01.04 17:00,2018.01.04 16:00,1314.780,0,0
3052942,TICK,695000,2357942,2018.01.04 17:29:54,1515086994,516,2018.01.04 17:00,2018.01.04 16:00,2018.01.04 17:00,2018.01.04 16:00,1314.780,0,0
3053066,TIMER,695066,2358000,2018.01.04 17:29:59,1515086999,516,2018.01.04 17:00,2018.01.04 16:00,2018.01.04 17:00,2018.01.04 16:00,1314.780,0,0
3054423,TIMER,695423,2359000,2018.01.04 17:31:39,1515087099,516,2018.01.04 17:00,2018.01.04 16:00,2018.01.04 17:00,2018.01.04 16:00,1314.780,0,0
3055888,TIMER,695888,2360000,2018.01.04 17:33:19,1515087199,516,2018.01.04 17:00,2018.01.04 16:00,2018.01.04 17:00,2018.01.04 16:00,1314.780,0,0
3056221,TICK,696000,2360221,2018.01.04 17:33:42,1515087222,516,2018.01.04 17:00,2018.01.04 16:00,2018.01.04 17:00,2018.01.04 16:00,1314.780,0,0
3057206,TIMER,696206,2361000,2018.01.04 17:34:59,1515087299,516,2018.01.04 17:00,2018.01.04 16:00,2018.01.04 17:00,2018.01.04 16:00,1314.780,0,0
3058473,TIMER,696473,2362000,2018.01.04 17:36:39,1515087399,516,2018.01.04 17:00,2018.01.04 16:00,2018.01.04 17:00,2018.01.04 16:00,1314.780,0,0
3059935,TIMER,696935,2363000,2018.01.04 17:38:19,1515087499,516,2018.01.04 17:00,2018.01.04 16:00,2018.01.04 17:00,2018.01.04 16:00,1314.780,0,0
3060181,TICK,697000,2363181,2018.01.04 17:38:38,1515087518,516,2018.01.04 17:00,2018.01.04 16:00,2018.01.04 17:00,2018.01.04 16:00,1314.780,0,0
3061451,TIMER,697451,2364000,2018.01.04 17:39:59,1515087599,516,2018.01.04 17:00,2018.01.04 16:00,2018.01.04 17:00,2018.01.04 16:00,1314.780,0,0
3062753,TIMER,697753,2365000,2018.01.04 17:41:39,1515087699,516,2018.01.04 17:00,2018.01.04 16:00,2018.01.04 17:00,2018.01.04 16:00,1314.780,0,0
3063778,TICK,698000,2365778,2018.01.04 17:42:57,1515087777,516,2018.01.04 17:00,2018.01.04 16:00,2018.01.04 17:00,2018.01.04 16:00,1314.780,0,0
3064090,TIMER,698090,2366000,2018.01.04 17:43:19,1515087799,516,2018.01.04 17:00,2018.01.04 16:00,2018.01.04 17:00,2018.01.04 16:00,1314.780,0,0
3065485,TIMER,698485,2367000,2018.01.04 17:44:59,1515087899,516,2018.01.04 17:00,2018.01.04 16:00,2018.01.04 17:00,2018.01.04 16:00,1314.780,0,0
3066876,TIMER,698876,2368000,2018.01.04 17:46:39,1515087999,516,2018.01.04 17:00,2018.01.04 16:00,2018.01.04 17:00,2018.01.04 16:00,1314.780,0,0
3067109,TICK,699000,2368109,2018.01.04 17:46:50,1515088010,516,2018.01.04 17:00,2018.01.04 16:00,2018.01.04 17:00,2018.01.04 16:00,1314.780,0,0
3068522,TIMER,699522,2369000,2018.01.04 17:48:19,1515088099,516,2018.01.04 17:00,2018.01.04 16:00,2018.01.04 17:00,2018.01.04 16:00,1314.780,0,0
3069948,TIMER,699948,2370000,2018.01.04 17:49:59,1515088199,516,2018.01.04 17:00,2018.01.04 16:00,2018.01.04 17:00,2018.01.04 16:00,1314.780,0,0
3070209,TICK,700000,2370209,2018.01.04 17:50:20,1515088220,516,2018.01.04 17:00,2018.01.04 16:00,2018.01.04 17:00,2018.01.04 16:00,1314.780,0,0
3071215,TIMER,700215,2371000,2018.01.04 17:51:39,1515088299,516,2018.01.04 17:00,2018.01.04 16:00,2018.01.04 17:00,2018.01.04 16:00,1314.780,0,0
3072493,TIMER,700493,2372000,2018.01.04 17:53:19,1515088399,516,2018.01.04 17:00,2018.01.04 16:00,2018.01.04 17:00,2018.01.04 16:00,1314.780,0,0
3073791,TIMER,700791,2373000,2018.01.04 17:54:59,1515088499,516,2018.01.04 17:00,2018.01.04 16:00,2018.01.04 17:00,2018.01.04 16:00,1314.780,0,0
3074386,TICK,701000,2373386,2018.01.04 17:55:38,1515088538,516,2018.01.04 17:00,2018.01.04 16:00,2018.01.04 17:00,2018.01.04 16:00,1314.780,0,0
3075200,TIMER,701200,2374000,2018.01.04 17:56:39,1515088599,516,2018.01.04 17:00,2018.01.04 16:00,2018.01.04 17:00,2018.01.04 16:00,1314.780,0,0
3076612,TIMER,701612,2375000,2018.01.04 17:58:19,1515088699,516,2018.01.04 17:00,2018.01.04 16:00,2018.01.04 17:00,2018.01.04 16:00,1314.780,0,0
3077958,TIMER,701958,2376000,2018.01.04 17:59:59,1515088799,516,2018.01.04 17:00,2018.01.04 16:00,2018.01.04 17:00,2018.01.04 16:00,1314.780,0,0
3078112,TICK,702000,2376112,2018.01.04 18:00:11,1515088811,516,2018.01.04 18:00,2018.01.04 17:00,2018.01.04 18:00,2018.01.04 17:00,1319.880,0,0
3079489,TIMER,702489,2377000,2018.01.04 18:01:39,1515088899,516,2018.01.04 18:00,2018.01.04 17:00,2018.01.04 18:00,2018.01.04 17:00,1319.880,0,0
3080794,TICK,703000,2377794,2018.01.04 18:02:59,1515088979,516,2018.01.04 18:00,2018.01.04 17:00,2018.01.04 18:00,2018.01.04 17:00,1319.880,0,0
3081051,TIMER,703051,2378000,2018.01.04 18:03:19,1515088999,516,2018.01.04 18:00,2018.01.04 17:00,2018.01.04 18:00,2018.01.04 17:00,1319.880,0,0
3082689,TIMER,703689,2379000,2018.01.04 18:04:59,1515089099,516,2018.01.04 18:00,2018.01.04 17:00,2018.01.04 18:00,2018.01.04 17:00,1319.880,0,0
3083628,TICK,704000,2379628,2018.01.04 18:06:02,1515089162,516,2018.01.04 18:00,2018.01.04 17:00,2018.01.04 18:00,2018.01.04 17:00,1319.880,0,0
3084086,TIMER,704086,2380000,2018.01.04 18:06:39,1515089199,516,2018.01.04 18:00,2018.01.04 17:00,2018.01.04 18:00,2018.01.04 17:00,1319.880,0,0
3085375,TIMER,704375,2381000,2018.01.04 18:08:18,1515089298,516,2018.01.04 18:00,2018.01.04 17:00,2018.01.04 18:00,2018.01.04 17:00,1319.880,0,0
3086676,TIMER,704676,2382000,2018.01.04 18:09:59,1515089399,516,2018.01.04 18:00,2018.01.04 17:00,2018.01.04 18:00,2018.01.04 17:00,1319.880,0,0
3087827,TICK,705000,2382827,2018.01.04 18:11:22,1515089482,516,2018.01.04 18:00,2018.01.04 17:00,2018.01.04 18:00,2018.01.04 17:00,1319.880,0,0
3088062,TIMER,705062,2383000,2018.01.04 18:11:39,1515089499,516,2018.01.04 18:00,2018.01.04 17:00,2018.01.04 18:00,2018.01.04 17:00,1319.880,0,0
3089344,TIMER,705344,2384000,2018.01.04 18:13:19,1515089599,516,2018.01.04 18:00,2018.01.04 17:00,2018.01.04 18:00,2018.01.04 17:00,1319.880,0,0
3090700,TIMER,705700,2385000,2018.01.04 18:14:59,1515089699,516,2018.01.04 18:00,2018.01.04 17:00,2018.01.04 18:00,2018.01.04 17:00,1319.880,0,0
3091749,TICK,706000,2385749,2018.01.04 18:16:14,1515089774,516,2018.01.04 18:00,2018.01.04 17:00,2018.01.04 18:00,2018.01.04 17:00,1319.880,0,0
3092079,TIMER,706079,2386000,2018.01.04 18:16:39,1515089799,516,2018.01.04 18:00,2018.01.04 17:00,2018.01.04 18:00,2018.01.04 17:00,1319.880,0,0
3093462,TIMER,706462,2387000,2018.01.04 18:18:19,1515089899,516,2018.01.04 18:00,2018.01.04 17:00,2018.01.04 18:00,2018.01.04 17:00,1319.880,0,0
3094787,TIMER,706787,2388000,2018.01.04 18:19:59,1515089999,516,2018.01.04 18:00,2018.01.04 17:00,2018.01.04 18:00,2018.01.04 17:00,1319.880,0,0
3095701,TICK,707000,2388701,2018.01.04 18:21:10,1515090070,516,2018.01.04 18:00,2018.01.04 17:00,2018.01.04 18:00,2018.01.04 17:00,1319.880,0,0
3096036,TIMER,707036,2389000,2018.01.04 18:21:38,1515090098,516,2018.01.04 18:00,2018.01.04 17:00,2018.01.04 18:00,2018.01.04 17:00,1319.880,0,0
3097188,TIMER,707188,2390000,2018.01.04 18:23:19,1515090199,516,2018.01.04 18:00,2018.01.04 17:00,2018.01.04 18:00,2018.01.04 17:00,1319.880,0,0
3098453,TIMER,707453,2391000,2018.01.04 18:24:58,1515090298,516,2018.01.04 18:00,2018.01.04 17:00,2018.01.04 18:00,2018.01.04 17:00,1319.880,0,0
3099949,TIMER,707949,2392000,2018.01.04 18:26:39,1515090399,516,2018.01.04 18:00,2018.01.04 17:00,2018.01.04 18:00,2018.01.04 17:00,1319.880,0,0
3100153,TICK,708000,2392153,2018.01.04 18:26:55,1515090415,516,2018.01.04 18:00,2018.01.04 17:00,2018.01.04 18:00,2018.01.04 17:00,1319.880,0,0
3101284,TIMER,708284,2393000,2018.01.04 18:28:19,1515090499,516,2018.01.04 18:00,2018.01.04 17:00,2018.01.04 18:00,2018.01.04 17:00,1319.880,0,0
3102588,TIMER,708588,2394000,2018.01.04 18:29:59,1515090599,516,2018.01.04 18:00,2018.01.04 17:00,2018.01.04 18:00,2018.01.04 17:00,1319.880,0,0
3103990,TIMER,708990,2395000,2018.01.04 18:31:39,1515090699,516,2018.01.04 18:00,2018.01.04 17:00,2018.01.04 18:00,2018.01.04 17:00,1319.880,0,0
3104029,TICK,709000,2395029,2018.01.04 18:31:42,1515090702,516,2018.01.04 18:00,2018.01.04 17:00,2018.01.04 18:00,2018.01.04 17:00,1319.880,0,0
3105287,TIMER,709287,2396000,2018.01.04 18:33:19,1515090799,516,2018.01.04 18:00,2018.01.04 17:00,2018.01.04 18:00,2018.01.04 17:00,1319.880,0,0
3106521,TIMER,709521,2397000,2018.01.04 18:34:59,1515090899,516,2018.01.04 18:00,2018.01.04 17:00,2018.01.04 18:00,2018.01.04 17:00,1319.880,0,0
3107753,TIMER,709753,2398000,2018.01.04 18:36:39,1515090999,516,2018.01.04 18:00,2018.01.04 17:00,2018.01.04 18:00,2018.01.04 17:00,1319.880,0,0
3108798,TICK,710000,2398798,2018.01.04 18:37:59,1515091079,516,2018.01.04 18:00,2018.01.04 17:00,2018.01.04 18:00,2018.01.04 17:00,1319.880,0,0
3109043,TIMER,710043,2399000,2018.01.04 18:38:19,1515091099,516,2018.01.04 18:00,2018.01.04 17:00,2018.01.04 18:00,2018.01.04 17:00,1319.880,0,0
3110245,TIMER,710245,2400000,2018.01.04 18:39:59,1515091199,516,2018.01.04 18:00,2018.01.04 17:00,2018.01.04 18:00,2018.01.04 17:00,1319.880,0,0
3111411,TIMER,710411,2401000,2018.01.04 18:41:38,1515091298,516,2018.01.04 18:00,2018.01.04 17:00,2018.01.04 18:00,2018.01.04 17:00,1319.880,0,0
3112643,TIMER,710643,2402000,2018.01.04 18:43:19,1515091399,516,2018.01.04 18:00,2018.01.04 17:00,2018.01.04 18:00,2018.01.04 17:00,1319.880,0,0
3113827,TIMER,710827,2403000,2018.01.04 18:44:57,1515091497,516,2018.01.04 18:00,2018.01.04 17:00,2018.01.04 18:00,2018.01.04 17:00,1319.880,0,0
3114700,TICK,711000,2403700,2018.01.04 18:46:10,1515091570,516,2018.01.04 18:00,2018.01.04 17:00,2018.01.04 18:00,2018.01.04 17:00,1319.880,0,0
3115037,TIMER,711037,2404000,2018.01.04 18:46:39,1515091599,516,2018.01.04 18:00,2018.01.04 17:00,2018.01.04 18:00,2018.01.04 17:00,1319.880,0,0
3116164,TIMER,711164,2405000,2018.01.04 18:48:19,1515091699,516,2018.01.04 18:00,2018.01.04 17:00,2018.01.04 18:00,2018.01.04 17:00,1319.880,0,0
3117337,TIMER,711337,2406000,2018.01.04 18:49:59,1515091799,516,2018.01.04 18:00,2018.01.04 17:00,2018.01.04 18:00,2018.01.04 17:00,1319.880,0,0
3118468,TIMER,711468,2407000,2018.01.04 18:51:39,1515091899,516,2018.01.04 18:00,2018.01.04 17:00,2018.01.04 18:00,2018.01.04 17:00,1319.880,0,0
3119607,TIMER,711607,2408000,2018.01.04 18:53:19,1515091999,516,2018.01.04 18:00,2018.01.04 17:00,2018.01.04 18:00,2018.01.04 17:00,1319.880,0,0
3120786,TIMER,711786,2409000,2018.01.04 18:54:59,1515092099,516,2018.01.04 18:00,2018.01.04 17:00,2018.01.04 18:00,2018.01.04 17:00,1319.880,0,0
3121955,TIMER,711955,2410000,2018.01.04 18:56:39,1515092199,516,2018.01.04 18:00,2018.01.04 17:00,2018.01.04 18:00,2018.01.04 17:00,1319.880,0,0
3122468,TICK,712000,2410468,2018.01.04 18:57:26,1515092246,516,2018.01.04 18:00,2018.01.04 17:00,2018.01.04 18:00,2018.01.04 17:00,1319.880,0,0
3123037,TIMER,712037,2411000,2018.01.04 18:58:08,1515092288,516,2018.01.04 18:00,2018.01.04 17:00,2018.01.04 18:00,2018.01.04 17:00,1319.880,0,0
3124265,TIMER,712265,2412000,2018.01.04 18:59:58,1515092398,516,2018.01.04 18:00,2018.01.04 17:00,2018.01.04 18:00,2018.01.04 17:00,1319.880,0,0
3125579,TIMER,712579,2413000,2018.01.04 19:01:38,1515092498,516,2018.01.04 19:00,2018.01.04 18:00,2018.01.04 19:00,2018.01.04 18:00,1319.240,0,0
3126814,TIMER,712814,2414000,2018.01.04 19:03:19,1515092599,516,2018.01.04 19:00,2018.01.04 18:00,2018.01.04 19:00,2018.01.04 18:00,1319.240,0,0
3127445,TICK,713000,2414445,2018.01.04 19:04:04,1515092644,516,2018.01.04 19:00,2018.01.04 18:00,2018.01.04 19:00,2018.01.04 18:00,1319.240,0,0
3128205,TIMER,713205,2415000,2018.01.04 19:04:59,1515092699,516,2018.01.04 19:00,2018.01.04 18:00,2018.01.04 19:00,2018.01.04 18:00,1319.240,0,0
3129448,TIMER,713448,2416000,2018.01.04 19:06:39,1515092799,516,2018.01.04 19:00,2018.01.04 18:00,2018.01.04 19:00,2018.01.04 18:00,1319.240,0,0
3130665,TICK,714000,2416665,2018.01.04 19:07:46,1515092866,516,2018.01.04 19:00,2018.01.04 18:00,2018.01.04 19:00,2018.01.04 18:00,1319.240,0,0
3131179,TIMER,714179,2417000,2018.01.04 19:08:19,1515092899,516,2018.01.04 19:00,2018.01.04 18:00,2018.01.04 19:00,2018.01.04 18:00,1319.240,0,0
3132434,TIMER,714434,2418000,2018.01.04 19:09:59,1515092999,516,2018.01.04 19:00,2018.01.04 18:00,2018.01.04 19:00,2018.01.04 18:00,1319.240,0,0
3133728,TIMER,714728,2419000,2018.01.04 19:11:39,1515093099,516,2018.01.04 19:00,2018.01.04 18:00,2018.01.04 19:00,2018.01.04 18:00,1319.240,0,0
3134875,TIMER,714875,2420000,2018.01.04 19:13:19,1515093199,516,2018.01.04 19:00,2018.01.04 18:00,2018.01.04 19:00,2018.01.04 18:00,1319.240,0,0
3135853,TICK,715000,2420853,2018.01.04 19:14:45,1515093285,516,2018.01.04 19:00,2018.01.04 18:00,2018.01.04 19:00,2018.01.04 18:00,1319.240,0,0
3136050,TIMER,715050,2421000,2018.01.04 19:14:59,1515093299,516,2018.01.04 19:00,2018.01.04 18:00,2018.01.04 19:00,2018.01.04 18:00,1319.240,0,0
3137220,TIMER,715220,2422000,2018.01.04 19:16:39,1515093399,516,2018.01.04 19:00,2018.01.04 18:00,2018.01.04 19:00,2018.01.04 18:00,1319.240,0,0
3138546,TIMER,715546,2423000,2018.01.04 19:18:19,1515093499,516,2018.01.04 19:00,2018.01.04 18:00,2018.01.04 19:00,2018.01.04 18:00,1319.240,0,0
3139789,TIMER,715789,2424000,2018.01.04 19:19:59,1515093599,516,2018.01.04 19:00,2018.01.04 18:00,2018.01.04 19:00,2018.01.04 18:00,1319.240,0,0
3140990,TIMER,715990,2425000,2018.01.04 19:21:39,1515093699,516,2018.01.04 19:00,2018.01.04 18:00,2018.01.04 19:00,2018.01.04 18:00,1319.240,0,0
3141119,TICK,716000,2425119,2018.01.04 19:21:51,1515093711,516,2018.01.04 19:00,2018.01.04 18:00,2018.01.04 19:00,2018.01.04 18:00,1319.240,0,0
3142189,TIMER,716189,2426000,2018.01.04 19:23:18,1515093798,516,2018.01.04 19:00,2018.01.04 18:00,2018.01.04 19:00,2018.01.04 18:00,1319.240,0,0
3143354,TIMER,716354,2427000,2018.01.04 19:24:58,1515093898,516,2018.01.04 19:00,2018.01.04 18:00,2018.01.04 19:00,2018.01.04 18:00,1319.240,0,0
3144632,TIMER,716632,2428000,2018.01.04 19:26:38,1515093998,516,2018.01.04 19:00,2018.01.04 18:00,2018.01.04 19:00,2018.01.04 18:00,1319.240,0,0
3145947,TIMER,716947,2429000,2018.01.04 19:28:19,1515094099,516,2018.01.04 19:00,2018.01.04 18:00,2018.01.04 19:00,2018.01.04 18:00,1319.240,0,0
3146341,TICK,717000,2429341,2018.01.04 19:28:54,1515094134,516,2018.01.04 19:00,2018.01.04 18:00,2018.01.04 19:00,2018.01.04 18:00,1319.240,0,0
3147095,TIMER,717095,2430000,2018.01.04 19:29:54,1515094194,516,2018.01.04 19:00,2018.01.04 18:00,2018.01.04 19:00,2018.01.04 18:00,1319.240,0,0
3148253,TIMER,717253,2431000,2018.01.04 19:31:35,1515094295,516,2018.01.04 19:00,2018.01.04 18:00,2018.01.04 19:00,2018.01.04 18:00,1319.240,0,0
3149377,TIMER,717377,2432000,2018.01.04 19:33:19,1515094399,516,2018.01.04 19:00,2018.01.04 18:00,2018.01.04 19:00,2018.01.04 18:00,1319.240,0,0
3150485,TIMER,717485,2433000,2018.01.04 19:34:58,1515094498,516,2018.01.04 19:00,2018.01.04 18:00,2018.01.04 19:00,2018.01.04 18:00,1319.240,0,0
3151908,TIMER,717908,2434000,2018.01.04 19:36:39,1515094599,516,2018.01.04 19:00,2018.01.04 18:00,2018.01.04 19:00,2018.01.04 18:00,1319.240,0,0
3152011,TICK,718000,2434011,2018.01.04 19:36:41,1515094601,516,2018.01.04 19:00,2018.01.04 18:00,2018.01.04 19:00,2018.01.04 18:00,1319.240,0,0
3153205,TIMER,718205,2435000,2018.01.04 19:38:19,1515094699,516,2018.01.04 19:00,2018.01.04 18:00,2018.01.04 19:00,2018.01.04 18:00,1319.240,0,0
3154435,TIMER,718435,2436000,2018.01.04 19:39:56,1515094796,516,2018.01.04 19:00,2018.01.04 18:00,2018.01.04 19:00,2018.01.04 18:00,1319.240,0,0
3155704,TIMER,718704,2437000,2018.01.04 19:41:39,1515094899,516,2018.01.04 19:00,2018.01.04 18:00,2018.01.04 19:00,2018.01.04 18:00,1319.240,0,0
3156757,TICK,719000,2437757,2018.01.04 19:42:55,1515094975,516,2018.01.04 19:00,2018.01.04 18:00,2018.01.04 19:00,2018.01.04 18:00,1319.240,0,0
3157114,TIMER,719114,2438000,2018.01.04 19:43:19,1515094999,516,2018.01.04 19:00,2018.01.04 18:00,2018.01.04 19:00,2018.01.04 18:00,1319.240,0,0
3158532,TIMER,719532,2439000,2018.01.04 19:44:59,1515095099,516,2018.01.04 19:00,2018.01.04 18:00,2018.01.04 19:00,2018.01.04 18:00,1319.240,0,0
3159733,TICK,720000,2439733,2018.01.04 19:46:13,1515095173,516,2018.01.04 19:00,2018.01.04 18:00,2018.01.04 19:00,2018.01.04 18:00,1319.240,0,0
3160271,TIMER,720271,2440000,2018.01.04 19:46:39,1515095199,516,2018.01.04 19:00,2018.01.04 18:00,2018.01.04 19:00,2018.01.04 18:00,1319.240,0,0
3161617,TIMER,720617,2441000,2018.01.04 19:48:19,1515095299,516,2018.01.04 19:00,2018.01.04 18:00,2018.01.04 19:00,2018.01.04 18:00,1319.240,0,0
3162846,TIMER,720846,2442000,2018.01.04 19:49:59,1515095399,516,2018.01.04 19:00,2018.01.04 18:00,2018.01.04 19:00,2018.01.04 18:00,1319.240,0,0
3163990,TICK,721000,2442990,2018.01.04 19:51:39,1515095499,516,2018.01.04 19:00,2018.01.04 18:00,2018.01.04 19:00,2018.01.04 18:00,1319.240,0,0
3164012,TIMER,721012,2443000,2018.01.04 19:51:39,1515095499,516,2018.01.04 19:00,2018.01.04 18:00,2018.01.04 19:00,2018.01.04 18:00,1319.240,0,0
3165308,TIMER,721308,2444000,2018.01.04 19:53:19,1515095599,516,2018.01.04 19:00,2018.01.04 18:00,2018.01.04 19:00,2018.01.04 18:00,1319.240,0,0
3166498,TIMER,721498,2445000,2018.01.04 19:54:59,1515095699,516,2018.01.04 19:00,2018.01.04 18:00,2018.01.04 19:00,2018.01.04 18:00,1319.240,0,0
3167650,TIMER,721650,2446000,2018.01.04 19:56:39,1515095799,516,2018.01.04 19:00,2018.01.04 18:00,2018.01.04 19:00,2018.01.04 18:00,1319.240,0,0
3168836,TIMER,721836,2447000,2018.01.04 19:58:17,1515095897,516,2018.01.04 19:00,2018.01.04 18:00,2018.01.04 19:00,2018.01.04 18:00,1319.240,0,0
3169879,TICK,722000,2447879,2018.01.04 19:59:47,1515095987,516,2018.01.04 19:00,2018.01.04 18:00,2018.01.04 19:00,2018.01.04 18:00,1319.240,0,0
3170041,TIMER,722041,2448000,2018.01.04 19:59:59,1515095999,516,2018.01.04 19:00,2018.01.04 18:00,2018.01.04 19:00,2018.01.04 18:00,1319.240,0,0
3171272,TIMER,722272,2449000,2018.01.04 20:01:39,1515096099,516,2018.01.04 20:00,2018.01.04 19:00,2018.01.04 20:00,2018.01.04 19:00,1319.690,0,0
3172423,TIMER,722423,2450000,2018.01.04 20:03:19,1515096199,516,2018.01.04 20:00,2018.01.04 19:00,2018.01.04 20:00,2018.01.04 19:00,1319.690,0,0
3173762,TIMER,722762,2451000,2018.01.04 20:04:56,1515096296,516,2018.01.04 20:00,2018.01.04 19:00,2018.01.04 20:00,2018.01.04 19:00,1319.690,0,0
3174827,TICK,723000,2451827,2018.01.04 20:06:22,1515096382,516,2018.01.04 20:00,2018.01.04 19:00,2018.01.04 20:00,2018.01.04 19:00,1319.690,0,0
3175125,TIMER,723125,2452000,2018.01.04 20:06:39,1515096399,516,2018.01.04 20:00,2018.01.04 19:00,2018.01.04 20:00,2018.01.04 19:00,1319.690,0,0
3176312,TIMER,723312,2453000,2018.01.04 20:08:16,1515096496,516,2018.01.04 20:00,2018.01.04 19:00,2018.01.04 20:00,2018.01.04 19:00,1319.690,0,0
3177523,TIMER,723523,2454000,2018.01.04 20:09:59,1515096599,516,2018.01.04 20:00,2018.01.04 19:00,2018.01.04 20:00,2018.01.04 19:00,1319.690,0,0
3178934,TIMER,723934,2455000,2018.01.04 20:11:39,1515096699,516,2018.01.04 20:00,2018.01.04 19:00,2018.01.04 20:00,2018.01.04 19:00,1319.690,0,0
3179203,TICK,724000,2455203,2018.01.04 20:12:00,1515096720,516,2018.01.04 20:00,2018.01.04 19:00,2018.01.04 20:00,2018.01.04 19:00,1319.690,0,0
3180329,TIMER,724329,2456000,2018.01.04 20:13:18,1515096798,516,2018.01.04 20:00,2018.01.04 19:00,2018.01.04 20:00,2018.01.04 19:00,1319.690,0,0
3181762,TIMER,724762,2457000,2018.01.04 20:14:56,1515096896,516,2018.01.04 20:00,2018.01.04 19:00,2018.01.04 20:00,2018.01.04 19:00,1319.690,0,0
3182463,TICK,725000,2457463,2018.01.04 20:15:46,1515096946,516,2018.01.04 20:00,2018.01.04 19:00,2018.01.04 20:00,2018.01.04 19:00,1319.690,0,0
3183208,TIMER,725208,2458000,2018.01.04 20:16:39,1515096999,516,2018.01.04 20:00,2018.01.04 19:00,2018.01.04 20:00,2018.01.04 19:00,1319.690,0,0
3184482,TIMER,725482,2459000,2018.01.04 20:18:19,1515097099,516,2018.01.04 20:00,2018.01.04 19:00,2018.01.04 20:00,2018.01.04 19:00,1319.690,0,0
3185725,TIMER,725725,2460000,2018.01.04 20:19:59,1515097199,516,2018.01.04 20:00,2018.01.04 19:00,2018.01.04 20:00,2018.01.04 19:00,1319.690,0,0
3186942,TIMER,725942,2461000,2018.01.04 20:21:38,1515097298,516,2018.01.04 20:00,2018.01.04 19:00,2018.01.04 20:00,2018.01.04 19:00,1319.690,0,0
3187226,TICK,726000,2461226,2018.01.04 20:22:02,1515097322,516,2018.01.04 20:00,2018.01.04 19:00,2018.01.04 20:00,2018.01.04 19:00,1319.690,0,0
3188643,TIMER,726643,2462000,2018.01.04 20:23:19,1515097399,516,2018.01.04 20:00,2018.01.04 19:00,2018.01.04 20:00,2018.01.04 19:00,1319.690,0,0
3189919,TICK,727000,2462919,2018.01.04 20:24:51,1515097491,516,2018.01.04 20:00,2018.01.04 19:00,2018.01.04 20:00,2018.01.04 19:00,1319.690,0,0
3190196,TIMER,727196,2463000,2018.01.04 20:24:59,1515097499,516,2018.01.04 20:00,2018.01.04 19:00,2018.01.04 20:00,2018.01.04 19:00,1319.690,0,0
3191872,TIMER,727872,2464000,2018.01.04 20:26:39,1515097599,516,2018.01.04 20:00,2018.01.04 19:00,2018.01.04 20:00,2018.01.04 19:00,1319.690,0,0
3192338,TICK,728000,2464338,2018.01.04 20:27:13,1515097633,516,2018.01.04 20:00,2018.01.04 19:00,2018.01.04 20:00,2018.01.04 19:00,1319.690,0,0
3193081,TIMER,728081,2465000,2018.01.04 20:28:19,1515097699,516,2018.01.04 20:00,2018.01.04 19:00,2018.01.04 20:00,2018.01.04 19:00,1319.690,0,0
3194283,TIMER,728283,2466000,2018.01.04 20:29:59,1515097799,516,2018.01.04 20:00,2018.01.04 19:00,2018.01.04 20:00,2018.01.04 19:00,1319.690,0,0
3195639,TICK,729000,2466639,2018.01.04 20:31:03,1515097863,516,2018.01.04 20:00,2018.01.04 19:00,2018.01.04 20:00,2018.01.04 19:00,1319.690,0,0
3196262,TIMER,729262,2467000,2018.01.04 20:31:39,1515097899,516,2018.01.04 20:00,2018.01.04 19:00,2018.01.04 20:00,2018.01.04 19:00,1319.690,0,0
3197562,TIMER,729562,2468000,2018.01.04 20:33:19,1515097999,516,2018.01.04 20:00,2018.01.04 19:00,2018.01.04 20:00,2018.01.04 19:00,1319.690,0,0
3198721,TIMER,729721,2469000,2018.01.04 20:34:59,1515098099,516,2018.01.04 20:00,2018.01.04 19:00,2018.01.04 20:00,2018.01.04 19:00,1319.690,0,0
3199936,TICK,730000,2469936,2018.01.04 20:36:33,1515098193,516,2018.01.04 20:00,2018.01.04 19:00,2018.01.04 20:00,2018.01.04 19:00,1319.690,0,0
3200054,TIMER,730054,2470000,2018.01.04 20:36:39,1515098199,516,2018.01.04 20:00,2018.01.04 19:00,2018.01.04 20:00,2018.01.04 19:00,1319.690,0,0
3201466,TIMER,730466,2471000,2018.01.04 20:38:19,1515098299,516,2018.01.04 20:00,2018.01.04 19:00,2018.01.04 20:00,2018.01.04 19:00,1319.690,0,0
3202872,TICK,731000,2471872,2018.01.04 20:39:47,1515098387,516,2018.01.04 20:00,2018.01.04 19:00,2018.01.04 20:00,2018.01.04 19:00,1319.690,0,0
3203188,TIMER,731188,2472000,2018.01.04 20:39:59,1515098399,516,2018.01.04 20:00,2018.01.04 19:00,2018.01.04 20:00,2018.01.04 19:00,1319.690,0,0
3204557,TIMER,731557,2473000,2018.01.04 20:41:39,1515098499,516,2018.01.04 20:00,2018.01.04 19:00,2018.01.04 20:00,2018.01.04 19:00,1319.690,0,0
3205718,TIMER,731718,2474000,2018.01.04 20:43:19,1515098599,516,2018.01.04 20:00,2018.01.04 19:00,2018.01.04 20:00,2018.01.04 19:00,1319.690,0,0
3206916,TIMER,731916,2475000,2018.01.04 20:44:59,1515098699,516,2018.01.04 20:00,2018.01.04 19:00,2018.01.04 20:00,2018.01.04 19:00,1319.690,0,0
3207999,TIMER,731999,2476000,2018.01.04 20:46:37,1515098797,516,2018.01.04 20:00,2018.01.04 19:00,2018.01.04 20:00,2018.01.04 19:00,1319.690,0,0
3208023,TICK,732000,2476023,2018.01.04 20:46:42,1515098802,516,2018.01.04 20:00,2018.01.04 19:00,2018.01.04 20:00,2018.01.04 19:00,1319.690,0,0
3209094,TIMER,732094,2477000,2018.01.04 20:48:15,1515098895,516,2018.01.04 20:00,2018.01.04 19:00,2018.01.04 20:00,2018.01.04 19:00,1319.690,0,0
3210224,TIMER,732224,2478000,2018.01.04 20:49:59,1515098999,516,2018.01.04 20:00,2018.01.04 19:00,2018.01.04 20:00,2018.01.04 19:00,1319.690,0,0
3211451,TIMER,732451,2479000,2018.01.04 20:51:39,1515099099,516,2018.01.04 20:00,2018.01.04 19:00,2018.01.04 20:00,2018.01.04 19:00,1319.690,0,0
3212532,TICK,733000,2479532,2018.01.04 20:52:33,1515099153,516,2018.01.04 20:00,2018.01.04 19:00,2018.01.04 20:00,2018.01.04 19:00,1319.690,0,0
3213050,TIMER,733050,2480000,2018.01.04 20:53:10,1515099190,516,2018.01.04 20:00,2018.01.04 19:00,2018.01.04 20:00,2018.01.04 19:00,1319.690,0,0
3214224,TIMER,733224,2481000,2018.01.04 20:54:58,1515099298,516,2018.01.04 20:00,2018.01.04 19:00,2018.01.04 20:00,2018.01.04 19:00,1319.690,0,0
3215478,TIMER,733478,2482000,2018.01.04 20:56:39,1515099399,516,2018.01.04 20:00,2018.01.04 19:00,2018.01.04 20:00,2018.01.04 19:00,1319.690,0,0
3216683,TIMER,733683,2483000,2018.01.04 20:58:19,1515099499,516,2018.01.04 20:00,2018.01.04 19:00,2018.01.04 20:00,2018.01.04 19:00,1319.690,0,0
3217799,TIMER,733799,2484000,2018.01.04 20:59:59,1515099599,516,2018.01.04 20:00,2018.01.04 19:00,2018.01.04 20:00,2018.01.04 19:00,1319.690,0,0
3218720,TICK,734000,2484720,2018.01.04 21:01:12,1515099672,516,2018.01.04 21:00,2018.01.04 20:00,2018.01.04 21:00,2018.01.04 20:00,1319.250,0,0
3219054,TIMER,734054,2485000,2018.01.04 21:01:37,1515099697,516,2018.01.04 21:00,2018.01.04 20:00,2018.01.04 21:00,2018.01.04 20:00,1319.250,0,0
3220167,TIMER,734167,2486000,2018.01.04 21:03:19,1515099799,516,2018.01.04 21:00,2018.01.04 20:00,2018.01.04 21:00,2018.01.04 20:00,1319.250,0,0
3221287,TIMER,734287,2487000,2018.01.04 21:04:59,1515099899,516,2018.01.04 21:00,2018.01.04 20:00,2018.01.04 21:00,2018.01.04 20:00,1319.250,0,0
3222519,TIMER,734519,2488000,2018.01.04 21:06:38,1515099998,516,2018.01.04 21:00,2018.01.04 20:00,2018.01.04 21:00,2018.01.04 20:00,1319.250,0,0
3223998,TIMER,734998,2489000,2018.01.04 21:08:19,1515100099,516,2018.01.04 21:00,2018.01.04 20:00,2018.01.04 21:00,2018.01.04 20:00,1319.250,0,0
3224000,TICK,735000,2489000,2018.01.04 21:08:20,1515100100,516,2018.01.04 21:00,2018.01.04 20:00,2018.01.04 21:00,2018.01.04 20:00,1319.250,0,0
3225191,TIMER,735191,2490000,2018.01.04 21:09:59,1515100199,516,2018.01.04 21:00,2018.01.04 20:00,2018.01.04 21:00,2018.01.04 20:00,1319.250,0,0
3226477,TIMER,735477,2491000,2018.01.04 21:11:39,1515100299,516,2018.01.04 21:00,2018.01.04 20:00,2018.01.04 21:00,2018.01.04 20:00,1319.250,0,0
3227630,TIMER,735630,2492000,2018.01.04 21:13:18,1515100398,516,2018.01.04 21:00,2018.01.04 20:00,2018.01.04 21:00,2018.01.04 20:00,1319.250,0,0
3228778,TIMER,735778,2493000,2018.01.04 21:14:59,1515100499,516,2018.01.04 21:00,2018.01.04 20:00,2018.01.04 21:00,2018.01.04 20:00,1319.250,0,0
3229757,TICK,736000,2493757,2018.01.04 21:16:15,1515100575,516,2018.01.04 21:00,2018.01.04 20:00,2018.01.04 21:00,2018.01.04 20:00,1319.250,0,0
3230234,TIMER,736234,2494000,2018.01.04 21:16:39,1515100599,516,2018.01.04 21:00,2018.01.04 20:00,2018.01.04 21:00,2018.01.04 20:00,1319.250,0,0
3231288,TICK,737000,2494288,2018.01.04 21:17:08,1515100628,516,2018.01.04 21:00,2018.01.04 20:00,2018.01.04 21:00,2018.01.04 20:00,1319.250,0,0
3232600,TIMER,737600,2495000,2018.01.04 21:18:19,1515100699,516,2018.01.04 21:00,2018.01.04 20:00,2018.01.04 21:00,2018.01.04 20:00,1319.250,0,0
3233553,TICK,738000,2495553,2018.01.04 21:19:15,1515100755,516,2018.01.04 21:00,2018.01.04 20:00,2018.01.04 21:00,2018.01.04 20:00,1319.250,0,0
3234104,TIMER,738104,2496000,2018.01.04 21:19:59,1515100799,516,2018.01.04 21:00,2018.01.04 20:00,2018.01.04 21:00,2018.01.04 20:00,1319.250,0,0
3235315,TIMER,738315,2497000,2018.01.04 21:21:38,1515100898,516,2018.01.04 21:00,2018.01.04 20:00,2018.01.04 21:00,2018.01.04 20:00,1319.250,0,0
3236479,TIMER,738479,2498000,2018.01.04 21:23:19,1515100999,516,2018.01.04 21:00,2018.01.04 20:00,2018.01.04 21:00,2018.01.04 20:00,1319.250,0,0
3237557,TIMER,738557,2499000,2018.01.04 21:24:59,1515101099,516,2018.01.04 21:00,2018.01.04 20:00,2018.01.04 21:00,2018.01.04 20:00,1319.250,0,0
3238680,TIMER,738680,2500000,2018.01.04 21:26:39,1515101199,516,2018.01.04 21:00,2018.01.04 20:00,2018.01.04 21:00,2018.01.04 20:00,1319.250,0,0
3239802,TIMER,738802,2501000,2018.01.04 21:28:18,1515101298,516,2018.01.04 21:00,2018.01.04 20:00,2018.01.04 21:00,2018.01.04 20:00,1319.250,0,0
3240924,TIMER,738924,2502000,2018.01.04 21:29:55,1515101395,516,2018.01.04 21:00,2018.01.04 20:00,2018.01.04 21:00,2018.01.04 20:00,1319.250,0,0
3241326,TICK,739000,2502326,2018.01.04 21:30:32,1515101432,516,2018.01.04 21:00,2018.01.04 20:00,2018.01.04 21:00,2018.01.04 20:00,1319.250,0,0
3242117,TIMER,739117,2503000,2018.01.04 21:31:38,1515101498,516,2018.01.04 21:00,2018.01.04 20:00,2018.01.04 21:00,2018.01.04 20:00,1319.250,0,0
3243214,TIMER,739214,2504000,2018.01.04 21:33:19,1515101599,516,2018.01.04 21:00,2018.01.04 20:00,2018.01.04 21:00,2018.01.04 20:00,1319.250,0,0
3244889,TIMER,739889,2505000,2018.01.04 21:34:59,1515101699,516,2018.01.04 21:00,2018.01.04 20:00,2018.01.04 21:00,2018.01.04 20:00,1319.250,0,0
3245630,TICK,740000,2505630,2018.01.04 21:36:03,1515101763,516,2018.01.04 21:00,2018.01.04 20:00,2018.01.04 21:00,2018.01.04 20:00,1319.250,0,0
3246222,TIMER,740222,2506000,2018.01.04 21:36:39,1515101799,516,2018.01.04 21:00,2018.01.04 20:00,2018.01.04 21:00,2018.01.04 20:00,1319.250,0,0
3247314,TIMER,740314,2507000,2018.01.04 21:38:19,1515101899,516,2018.01.04 21:00,2018.01.04 20:00,2018.01.04 21:00,2018.01.04 20:00,1319.250,0,0
3248735,TIMER,740735,2508000,2018.01.04 21:39:59,1515101999,516,2018.01.04 21:00,2018.01.04 20:00,2018.01.04 21:00,2018.01.04 20:00,1319.250,0,0
3249998,TIMER,740998,2509000,2018.01.04 21:41:39,1515102099,516,2018.01.04 21:00,2018.01.04 20:00,2018.01.04 21:00,2018.01.04 20:00,1319.250,0,0
3250011,TICK,741000,2509011,2018.01.04 21:41:41,1515102101,516,2018.01.04 21:00,2018.01.04 20:00,2018.01.04 21:00,2018.01.04 20:00,1319.250,0,0
3251191,TIMER,741191,2510000,2018.01.04 21:43:18,1515102198,516,2018.01.04 21:00,2018.01.04 20:00,2018.01.04 21:00,2018.01.04 20:00,1319.250,0,0
3252347,TIMER,741347,2511000,2018.01.04 21:44:59,1515102299,516,2018.01.04 21:00,2018.01.04 20:00,2018.01.04 21:00,2018.01.04 20:00,1319.250,0,0
3253466,TIMER,741466,2512000,2018.01.04 21:46:39,1515102399,516,2018.01.04 21:00,2018.01.04 20:00,2018.01.04 21:00,2018.01.04 20:00,1319.250,0,0
3254623,TIMER,741623,2513000,2018.01.04 21:48:18,1515102498,516,2018.01.04 21:00,2018.01.04 20:00,2018.01.04 21:00,2018.01.04 20:00,1319.250,0,0
3255892,TIMER,741892,2514000,2018.01.04 21:49:59,1515102599,516,2018.01.04 21:00,2018.01.04 20:00,2018.01.04 21:00,2018.01.04 20:00,1319.250,0,0
3256355,TICK,742000,2514355,2018.01.04 21:50:35,1515102635,516,2018.01.04 21:00,2018.01.04 20:00,2018.01.04 21:00,2018.01.04 20:00,1319.250,0,0
3257234,TIMER,742234,2515000,2018.01.04 21:51:39,1515102699,516,2018.01.04 21:00,2018.01.04 20:00,2018.01.04 21:00,2018.01.04 20:00,1319.250,0,0
3258687,TIMER,742687,2516000,2018.01.04 21:53:19,1515102799,516,2018.01.04 21:00,2018.01.04 20:00,2018.01.04 21:00,2018.01.04 20:00,1319.250,0,0
3259192,TICK,743000,2516192,2018.01.04 21:53:39,1515102819,516,2018.01.04 21:00,2018.01.04 20:00,2018.01.04 21:00,2018.01.04 20:00,1319.250,0,0
3260652,TIMER,743652,2517000,2018.01.04 21:54:59,1515102899,516,2018.01.04 21:00,2018.01.04 20:00,2018.01.04 21:00,2018.01.04 20:00,1319.250,0,0
3261285,TICK,744000,2517285,2018.01.04 21:55:28,1515102928,516,2018.01.04 21:00,2018.01.04 20:00,2018.01.04 21:00,2018.01.04 20:00,1319.250,0,0
3262567,TIMER,744567,2518000,2018.01.04 21:56:39,1515102999,516,2018.01.04 21:00,2018.01.04 20:00,2018.01.04 21:00,2018.01.04 20:00,1319.250,0,0
3263984,TIMER,744984,2519000,2018.01.04 21:58:18,1515103098,516,2018.01.04 21:00,2018.01.04 20:00,2018.01.04 21:00,2018.01.04 20:00,1319.250,0,0
3264056,TICK,745000,2519056,2018.01.04 21:58:25,1515103105,516,2018.01.04 21:00,2018.01.04 20:00,2018.01.04 21:00,2018.01.04 20:00,1319.250,0,0
3265556,TIMER,745556,2520000,2018.01.04 21:59:59,1515103199,516,2018.01.04 21:00,2018.01.04 20:00,2018.01.04 21:00,2018.01.04 20:00,1319.250,0,0
3266734,TICK,746000,2520734,2018.01.04 22:01:13,1515103273,516,2018.01.04 22:00,2018.01.04 21:00,2018.01.04 22:00,2018.01.04 21:00,1324.430,0,0
3267050,TIMER,746050,2521000,2018.01.04 22:01:37,1515103297,516,2018.01.04 22:00,2018.01.04 21:00,2018.01.04 22:00,2018.01.04 21:00,1324.430,0,0
3268601,TIMER,746601,2522000,2018.01.04 22:03:19,1515103399,516,2018.01.04 22:00,2018.01.04 21:00,2018.01.04 22:00,2018.01.04 21:00,1324.430,0,0
3269633,TICK,747000,2522633,2018.01.04 22:04:23,1515103463,516,2018.01.04 22:00,2018.01.04 21:00,2018.01.04 22:00,2018.01.04 21:00,1324.430,0,0
3270189,TIMER,747189,2523000,2018.01.04 22:04:59,1515103499,516,2018.01.04 22:00,2018.01.04 21:00,2018.01.04 22:00,2018.01.04 21:00,1324.430,0,0
3271411,TIMER,747411,2524000,2018.01.04 22:06:39,1515103599,516,2018.01.04 22:00,2018.01.04 21:00,2018.01.04 22:00,2018.01.04 21:00,1324.430,0,0
3272978,TICK,748000,2524978,2018.01.04 22:08:17,1515103697,516,2018.01.04 22:00,2018.01.04 21:00,2018.01.04 22:00,2018.01.04 21:00,1324.430,0,0
3273075,TIMER,748075,2525000,2018.01.04 22:08:18,1515103698,516,2018.01.04 22:00,2018.01.04 21:00,2018.01.04 22:00,2018.01.04 21:00,1324.430,0,0
3274776,TIMER,748776,2526000,2018.01.04 22:09:59,1515103799,516,2018.01.04 22:00,2018.01.04 21:00,2018.01.04 22:00,2018.01.04 21:00,1324.430,0,0
3275968,TIMER,748968,2527000,2018.01.04 22:11:39,1515103899,516,2018.01.04 22:00,2018.01.04 21:00,2018.01.04 22:00,2018.01.04 21:00,1324.430,0,0
3276124,TICK,749000,2527124,2018.01.04 22:11:52,1515103912,516,2018.01.04 22:00,2018.01.04 21:00,2018.01.04 22:00,2018.01.04 21:00,1324.430,0,0
3277084,TIMER,749084,2528000,2018.01.04 22:13:19,1515103999,516,2018.01.04 22:00,2018.01.04 21:00,2018.01.04 22:00,2018.01.04 21:00,1324.430,0,0
3278975,TIMER,749975,2529000,2018.01.04 22:14:59,1515104099,516,2018.01.04 22:00,2018.01.04 21:00,2018.01.04 22:00,2018.01.04 21:00,1324.430,0,0
3279077,TICK,750000,2529077,2018.01.04 22:15:07,1515104107,516,2018.01.04 22:00,2018.01.04 21:00,2018.01.04 22:00,2018.01.04 21:00,1324.430,0,0
3280437,TIMER,750437,2530000,2018.01.04 22:16:39,1515104199,516,2018.01.04 22:00,2018.01.04 21:00,2018.01.04 22:00,2018.01.04 21:00,1324.430,0,0
3281700,TIMER,750700,2531000,2018.01.04 22:18:19,1515104299,516,2018.01.04 22:00,2018.01.04 21:00,2018.01.04 22:00,2018.01.04 21:00,1324.430,0,0
3282911,TIMER,750911,2532000,2018.01.04 22:19:58,1515104398,516,2018.01.04 22:00,2018.01.04 21:00,2018.01.04 22:00,2018.01.04 21:00,1324.430,0,0
3283236,TICK,751000,2532236,2018.01.04 22:20:23,1515104423,516,2018.01.04 22:00,2018.01.04 21:00,2018.01.04 22:00,2018.01.04 21:00,1324.430,0,0
3284267,TIMER,751267,2533000,2018.01.04 22:21:39,1515104499,516,2018.01.04 22:00,2018.01.04 21:00,2018.01.04 22:00,2018.01.04 21:00,1324.430,0,0
3285341,TICK,752000,2533341,2018.01.04 22:22:14,1515104534,516,2018.01.04 22:00,2018.01.04 21:00,2018.01.04 22:00,2018.01.04 21:00,1324.430,0,0
3286698,TIMER,752698,2534000,2018.01.04 22:23:19,1515104599,516,2018.01.04 22:00,2018.01.04 21:00,2018.01.04 22:00,2018.01.04 21:00,1324.430,0,0
3287931,TIMER,752931,2535000,2018.01.04 22:24:57,1515104697,516,2018.01.04 22:00,2018.01.04 21:00,2018.01.04 22:00,2018.01.04 21:00,1324.430,0,0
3288342,TICK,753000,2535342,2018.01.04 22:25:34,1515104734,516,2018.01.04 22:00,2018.01.04 21:00,2018.01.04 22:00,2018.01.04 21:00,1324.430,0,0
3289263,TIMER,753263,2536000,2018.01.04 22:26:39,1515104799,516,2018.01.04 22:00,2018.01.04 21:00,2018.01.04 22:00,2018.01.04 21:00,1324.430,0,0
3290516,TIMER,753516,2537000,2018.01.04 22:28:19,1515104899,516,2018.01.04 22:00,2018.01.04 21:00,2018.01.04 22:00,2018.01.04 21:00,1324.430,0,0
3291877,TIMER,753877,2538000,2018.01.04 22:29:59,1515104999,516,2018.01.04 22:00,2018.01.04 21:00,2018.01.04 22:00,2018.01.04 21:00,1324.430,0,0
3292379,TICK,754000,2538379,2018.01.04 22:30:37,1515105037,516,2018.01.04 22:00,2018.01.04 21:00,2018.01.04 22:00,2018.01.04 21:00,1324.430,0,0
3293078,TIMER,754078,2539000,2018.01.04 22:31:39,1515105099,516,2018.01.04 22:00,2018.01.04 21:00,2018.01.04 22:00,2018.01.04 21:00,1324.430,0,0
3294269,TIMER,754269,2540000,2018.01.04 22:33:19,1515105199,516,2018.01.04 22:00,2018.01.04 21:00,2018.01.04 22:00,2018.01.04 21:00,1324.430,0,0
3295408,TIMER,754408,2541000,2018.01.04 22:34:59,1515105299,516,2018.01.04 22:00,2018.01.04 21:00,2018.01.04 22:00,2018.01.04 21:00,1324.430,0,0
3296522,TIMER,754522,2542000,2018.01.04 22:36:39,1515105399,516,2018.01.04 22:00,2018.01.04 21:00,2018.01.04 22:00,2018.01.04 21:00,1324.430,0,0
3297675,TIMER,754675,2543000,2018.01.04 22:38:19,1515105499,516,2018.01.04 22:00,2018.01.04 21:00,2018.01.04 22:00,2018.01.04 21:00,1324.430,0,0
3298807,TIMER,754807,2544000,2018.01.04 22:39:59,1515105599,516,2018.01.04 22:00,2018.01.04 21:00,2018.01.04 22:00,2018.01.04 21:00,1324.430,0,0
3299923,TIMER,754923,2545000,2018.01.04 22:41:39,1515105699,516,2018.01.04 22:00,2018.01.04 21:00,2018.01.04 22:00,2018.01.04 21:00,1324.430,0,0
3300702,TICK,755000,2545702,2018.01.04 22:42:50,1515105770,516,2018.01.04 22:00,2018.01.04 21:00,2018.01.04 22:00,2018.01.04 21:00,1324.430,0,0
3301130,TIMER,755130,2546000,2018.01.04 22:43:19,1515105799,516,2018.01.04 22:00,2018.01.04 21:00,2018.01.04 22:00,2018.01.04 21:00,1324.430,0,0
3302298,TIMER,755298,2547000,2018.01.04 22:44:59,1515105899,516,2018.01.04 22:00,2018.01.04 21:00,2018.01.04 22:00,2018.01.04 21:00,1324.430,0,0
3303671,TIMER,755671,2548000,2018.01.04 22:46:39,1515105999,516,2018.01.04 22:00,2018.01.04 21:00,2018.01.04 22:00,2018.01.04 21:00,1324.430,0,0
3304712,TICK,756000,2548712,2018.01.04 22:47:51,1515106071,516,2018.01.04 22:00,2018.01.04 21:00,2018.01.04 22:00,2018.01.04 21:00,1324.430,0,0
3305102,TIMER,756102,2549000,2018.01.04 22:48:19,1515106099,516,2018.01.04 22:00,2018.01.04 21:00,2018.01.04 22:00,2018.01.04 21:00,1324.430,0,0
3306539,TIMER,756539,2550000,2018.01.04 22:49:59,1515106199,532,2018.01.04 22:00,2018.01.04 21:00,2018.01.04 22:00,2018.01.04 21:00,1324.430,0,0
3307759,TIMER,756759,2551000,2018.01.04 22:51:39,1515106299,532,2018.01.04 22:00,2018.01.04 21:00,2018.01.04 22:00,2018.01.04 21:00,1324.430,0,0
3308990,TICK,757000,2551990,2018.01.04 22:53:19,1515106399,532,2018.01.04 22:00,2018.01.04 21:00,2018.01.04 22:00,2018.01.04 21:00,1324.430,0,0
3309018,TIMER,757018,2552000,2018.01.04 22:53:19,1515106399,532,2018.01.04 22:00,2018.01.04 21:00,2018.01.04 22:00,2018.01.04 21:00,1324.430,0,0
3310501,TIMER,757501,2553000,2018.01.04 22:54:59,1515106499,532,2018.01.04 22:00,2018.01.04 21:00,2018.01.04 22:00,2018.01.04 21:00,1324.430,0,0
3311767,TIMER,757767,2554000,2018.01.04 22:56:39,1515106599,532,2018.01.04 22:00,2018.01.04 21:00,2018.01.04 22:00,2018.01.04 21:00,1324.430,0,0
3312478,TICK,758000,2554478,2018.01.04 22:57:27,1515106647,532,2018.01.04 22:00,2018.01.04 21:00,2018.01.04 22:00,2018.01.04 21:00,1324.430,0,0
3313324,TIMER,758324,2555000,2018.01.04 22:58:19,1515106699,532,2018.01.04 22:00,2018.01.04 21:00,2018.01.04 22:00,2018.01.04 21:00,1324.430,0,0
3314814,TICK,759000,2555814,2018.01.04 22:59:41,1515106781,532,2018.01.04 22:00,2018.01.04 21:00,2018.01.04 22:00,2018.01.04 21:00,1324.430,0,0
3315317,TIMER,759317,2556000,2018.01.04 22:59:59,1515106799,532,2018.01.04 22:00,2018.01.04 21:00,2018.01.04 22:00,2018.01.04 21:00,1324.430,0,0
3316630,TICK,760000,2556630,2018.01.04 23:01:03,1515106863,532,2018.01.04 23:00,2018.01.04 22:00,2018.01.04 23:00,2018.01.04 22:00,1321.920,0,0
3317257,TIMER,760257,2557000,2018.01.04 23:01:39,1515106899,532,2018.01.04 23:00,2018.01.04 22:00,2018.01.04 23:00,2018.01.04 22:00,1321.920,0,0
3318529,TIMER,760529,2558000,2018.01.04 23:03:18,1515106998,532,2018.01.04 23:00,2018.01.04 22:00,2018.01.04 23:00,2018.01.04 22:00,1321.920,0,0
3319643,TIMER,760643,2559000,2018.01.04 23:04:57,1515107097,532,2018.01.04 23:00,2018.01.04 22:00,2018.01.04 23:00,2018.01.04 22:00,1321.920,0,0
3320351,TICK,761000,2559351,2018.01.04 23:05:35,1515107135,532,2018.01.04 23:00,2018.01.04 22:00,2018.01.04 23:00,2018.01.04 22:00,1321.920,0,0
3321324,TIMER,761324,2560000,2018.01.04 23:06:39,1515107199,532,2018.01.04 23:00,2018.01.04 22:00,2018.01.04 23:00,2018.01.04 22:00,1321.920,0,0
3322761,TICK,762000,2560761,2018.01.04 23:07:56,1515107276,532,2018.01.04 23:00,2018.01.04 22:00,2018.01.04 23:00,2018.01.04 22:00,1321.920,0,0
3323416,TIMER,762416,2561000,2018.01.04 23:08:19,1515107299,532,2018.01.04 23:00,2018.01.04 22:00,2018.01.04 23:00,2018.01.04 22:00,1321.920,0,0
3324722,TIMER,762722,2562000,2018.01.04 23:09:59,1515107399,532,2018.01.04 23:00,2018.01.04 22:00,2018.01.04 23:00,2018.01.04 22:00,1321.920,0,0
3325729,TICK,763000,2562729,2018.01.04 23:11:12,1515107472,532,2018.01.04 23:00,2018.01.04 22:00,2018.01.04 23:00,2018.01.04 22:00,1321.920,0,0
3326261,TIMER,763261,2563000,2018.01.04 23:11:39,1515107499,532,2018.01.04 23:00,2018.01.04 22:00,2018.01.04 23:00,2018.01.04 22:00,1321.920,0,0
3327715,TIMER,763715,2564000,2018.01.04 23:13:12,1515107592,532,2018.01.04 23:00,2018.01.04 22:00,2018.01.04 23:00,2018.01.04 22:00,1321.920,0,0
3328972,TIMER,763972,2565000,2018.01.04 23:14:59,1515107699,532,2018.01.04 23:00,2018.01.04 22:00,2018.01.04 23:00,2018.01.04 22:00,1321.920,0,0
3329138,TICK,764000,2565138,2018.01.04 23:15:13,1515107713,532,2018.01.04 23:00,2018.01.04 22:00,2018.01.04 23:00,2018.01.04 22:00,1321.920,0,0
3330180,TIMER,764180,2566000,2018.01.04 23:16:36,1515107796,532,2018.01.04 23:00,2018.01.04 22:00,2018.01.04 23:00,2018.01.04 22:00,1321.920,0,0
3331240,TIMER,764240,2567000,2018.01.04 23:18:16,1515107896,532,2018.01.04 23:00,2018.01.04 22:00,2018.01.04 23:00,2018.01.04 22:00,1321.920,0,0
3332306,TIMER,764306,2568000,2018.01.04 23:19:59,1515107999,532,2018.01.04 23:00,2018.01.04 22:00,2018.01.04 23:00,2018.01.04 22:00,1321.920,0,0
3333704,TIMER,764704,2569000,2018.01.04 23:21:39,1515108099,532,2018.01.04 23:00,2018.01.04 22:00,2018.01.04 23:00,2018.01.04 22:00,1321.920,0,0
3334836,TIMER,764836,2570000,2018.01.04 23:23:19,1515108199,532,2018.01.04 23:00,2018.01.04 22:00,2018.01.04 23:00,2018.01.04 22:00,1321.920,0,0
3335991,TIMER,764991,2571000,2018.01.04 23:24:58,1515108298,532,2018.01.04 23:00,2018.01.04 22:00,2018.01.04 23:00,2018.01.04 22:00,1321.920,0,0
3336223,TICK,765000,2571223,2018.01.04 23:25:22,1515108322,532,2018.01.04 23:00,2018.01.04 22:00,2018.01.04 23:00,2018.01.04 22:00,1321.920,0,0
3337231,TIMER,765231,2572000,2018.01.04 23:26:38,1515108398,532,2018.01.04 23:00,2018.01.04 22:00,2018.01.04 23:00,2018.01.04 22:00,1321.920,0,0
3338483,TIMER,765483,2573000,2018.01.04 23:28:19,1515108499,532,2018.01.04 23:00,2018.01.04 22:00,2018.01.04 23:00,2018.01.04 22:00,1321.920,0,0
3339907,TICK,766000,2573907,2018.01.04 23:29:50,1515108590,532,2018.01.04 23:00,2018.01.04 22:00,2018.01.04 23:00,2018.01.04 22:00,1321.920,0,0
3340083,TIMER,766083,2574000,2018.01.04 23:29:57,1515108597,532,2018.01.04 23:00,2018.01.04 22:00,2018.01.04 23:00,2018.01.04 22:00,1321.920,0,0
3341514,TIMER,766514,2575000,2018.01.04 23:31:38,1515108698,532,2018.01.04 23:00,2018.01.04 22:00,2018.01.04 23:00,2018.01.04 22:00,1321.920,0,0
3342583,TIMER,766583,2576000,2018.01.04 23:33:19,1515108799,532,2018.01.04 23:00,2018.01.04 22:00,2018.01.04 23:00,2018.01.04 22:00,1321.920,0,0
3343609,TIMER,766609,2577000,2018.01.04 23:34:59,1515108899,532,2018.01.04 23:00,2018.01.04 22:00,2018.01.04 23:00,2018.01.04 22:00,1321.920,0,0
3344749,TIMER,766749,2578000,2018.01.04 23:36:39,1515108999,532,2018.01.04 23:00,2018.01.04 22:00,2018.01.04 23:00,2018.01.04 22:00,1321.920,0,0
3345804,TIMER,766804,2579000,2018.01.04 23:38:18,1515109098,532,2018.01.04 23:00,2018.01.04 22:00,2018.01.04 23:00,2018.01.04 22:00,1321.920,0,0
3346916,TIMER,766916,2580000,2018.01.04 23:39:59,1515109199,532,2018.01.04 23:00,2018.01.04 22:00,2018.01.04 23:00,2018.01.04 22:00,1321.920,0,0
3347497,TICK,767000,2580497,2018.01.04 23:40:49,1515109249,532,2018.01.04 23:00,2018.01.04 22:00,2018.01.04 23:00,2018.01.04 22:00,1321.920,0,0
3348020,TIMER,767020,2581000,2018.01.04 23:41:39,1515109299,532,2018.01.04 23:00,2018.01.04 22:00,2018.01.04 23:00,2018.01.04 22:00,1321.920,0,0
3349117,TIMER,767117,2582000,2018.01.04 23:43:17,1515109397,532,2018.01.04 23:00,2018.01.04 22:00,2018.01.04 23:00,2018.01.04 22:00,1321.920,0,0
3350280,TIMER,767280,2583000,2018.01.04 23:44:59,1515109499,532,2018.01.04 23:00,2018.01.04 22:00,2018.01.04 23:00,2018.01.04 22:00,1321.920,0,0
3351513,TIMER,767513,2584000,2018.01.04 23:46:39,1515109599,532,2018.01.04 23:00,2018.01.04 22:00,2018.01.04 23:00,2018.01.04 22:00,1321.920,0,0
3352672,TIMER,767672,2585000,2018.01.04 23:48:19,1515109699,532,2018.01.04 23:00,2018.01.04 22:00,2018.01.04 23:00,2018.01.04 22:00,1321.920,0,0
3353689,TICK,768000,2585689,2018.01.04 23:49:28,1515109768,532,2018.01.04 23:00,2018.01.04 22:00,2018.01.04 23:00,2018.01.04 22:00,1321.920,0,0
3354023,TIMER,768023,2586000,2018.01.04 23:49:46,1515109786,532,2018.01.04 23:00,2018.01.04 22:00,2018.01.04 23:00,2018.01.04 22:00,1321.920,0,0
3355335,TIMER,768335,2587000,2018.01.04 23:51:38,1515109898,532,2018.01.04 23:00,2018.01.04 22:00,2018.01.04 23:00,2018.01.04 22:00,1321.920,0,0
3356497,TIMER,768497,2588000,2018.01.04 23:53:18,1515109998,532,2018.01.04 23:00,2018.01.04 22:00,2018.01.04 23:00,2018.01.04 22:00,1321.920,0,0
3357779,TIMER,768779,2589000,2018.01.04 23:54:59,1515110099,532,2018.01.04 23:00,2018.01.04 22:00,2018.01.04 23:00,2018.01.04 22:00,1321.920,0,0
3358980,TIMER,768980,2590000,2018.01.04 23:56:36,1515110196,532,2018.01.04 23:00,2018.01.04 22:00,2018.01.04 23:00,2018.01.04 22:00,1321.920,0,0
3359261,TICK,769000,2590261,2018.01.04 23:57:06,1515110226,532,2018.01.04 23:00,2018.01.04 22:00,2018.01.04 23:00,2018.01.04 22:00,1321.920,0,0
3360087,TIMER,769087,2591000,2018.01.04 23:58:18,1515110298,532,2018.01.04 23:00,2018.01.04 22:00,2018.01.04 23:00,2018.01.04 22:00,1321.920,0,0
