time,deal,symbol,type,direction,volume,price,order,commission,swap,profit,balance,comment,broker_time,utc_time,season,broker_hour,utc_hour,strategy_hour,native_table_row,source
2018.07.02 08:08:59,2,USDJPY.DWX,sell,in,3.11,110.703,3,-7.78,0.00,0.00,99 992.22,BALKE_RANGE_SELL_STOP,2018-07-02T08:08:59,2018-07-02T05:08:59Z,summer_US_DST,8,5,8,3,D:\QM\reports\work_items\2fc84747-27db-5e88-9568-3fdda6c30769\QM5_41398\20260909_135814\raw\run_01\report.htm
2018.07.02 18:00:00,3,USDJPY.DWX,buy,out,3.11,110.741,4,-7.78,0.00,-106.72,99 877.72,qm_tm_close,2018-07-02T18:00:00,2018-07-02T15:00:00Z,summer_US_DST,18,15,18,4,D:\QM\reports\work_items\2fc84747-27db-5e88-9568-3fdda6c30769\QM5_41398\20260909_135814\raw\run_01\report.htm
2018.07.04 06:56:06,4,USDJPY.DWX,buy,in,6.44,110.450,5,-16.10,0.00,0.00,99 861.62,BALKE_RANGE_BUY_STOP,2018-07-04T06:56:06,2018-07-04T03:56:06Z,summer_US_DST,6,3,6,5,D:\QM\reports\work_items\2fc84747-27db-5e88-9568-3fdda6c30769\QM5_41398\20260909_135814\raw\run_01\report.htm
2018.07.04 18:00:02,5,USDJPY.DWX,sell,out,6.44,110.546,7,-16.10,0.00,559.26,100 404.78,qm_tm_close,2018-07-04T18:00:02,2018-07-04T15:00:02Z,summer_US_DST,18,15,18,6,D:\QM\reports\work_items\2fc84747-27db-5e88-9568-3fdda6c30769\QM5_41398\20260909_135814\raw\run_01\report.htm
2018.07.06 07:12:15,6,USDJPY.DWX,buy,in,4.8,110.764,8,-12.00,0.00,0.00,100 392.78,BALKE_RANGE_BUY_STOP,2018-07-06T07:12:15,2018-07-06T04:12:15Z,summer_US_DST,7,4,7,7,D:\QM\reports\work_items\2fc84747-27db-5e88-9568-3fdda6c30769\QM5_41398\20260909_135814\raw\run_01\report.htm
2018.07.06 15:30:02,7,USDJPY.DWX,sell,out,4.8,110.524,10,-12.00,0.00,-1 042.31,99 338.47,sl 110.526,2018-07-06T15:30:02,2018-07-06T12:30:02Z,summer_US_DST,15,12,15,8,D:\QM\reports\work_items\2fc84747-27db-5e88-9568-3fdda6c30769\QM5_41398\20260909_135814\raw\run_01\report.htm
2018.07.09 10:32:45,8,USDJPY.DWX,buy,in,6.16,110.530,11,-15.40,0.00,0.00,99 323.07,BALKE_RANGE_BUY_STOP,2018-07-09T10:32:45,2018-07-09T07:32:45Z,summer_US_DST,10,7,10,9,D:\QM\reports\work_items\2fc84747-27db-5e88-9568-3fdda6c30769\QM5_41398\20260909_135814\raw\run_01\report.htm
2018.07.09 18:00:00,9,USDJPY.DWX,sell,out,6.16,110.720,13,-15.40,0.00,1 057.08,100 364.75,qm_tm_close,2018-07-09T18:00:00,2018-07-09T15:00:00Z,summer_US_DST,18,15,18,10,D:\QM\reports\work_items\2fc84747-27db-5e88-9568-3fdda6c30769\QM5_41398\20260909_135814\raw\run_01\report.htm
2018.07.10 06:00:56,10,USDJPY.DWX,buy,in,8.53,111.052,14,-21.33,0.00,0.00,100 343.42,BALKE_RANGE_BUY_STOP,2018-07-10T06:00:56,2018-07-10T03:00:56Z,summer_US_DST,6,3,6,11,D:\QM\reports\work_items\2fc84747-27db-5e88-9568-3fdda6c30769\QM5_41398\20260909_135814\raw\run_01\report.htm
2018.07.10 09:21:13,11,USDJPY.DWX,sell,out,8.53,111.074,16,-21.33,0.00,168.95,100 491.04,sl 111.074,2018-07-10T09:21:13,2018-07-10T06:21:13Z,summer_US_DST,9,6,9,12,D:\QM\reports\work_items\2fc84747-27db-5e88-9568-3fdda6c30769\QM5_41398\20260909_135814\raw\run_01\report.htm
2018.07.11 11:58:33,12,USDJPY.DWX,buy,in,2.93,111.145,17,-7.33,0.00,0.00,100 483.71,BALKE_RANGE_BUY_STOP,2018-07-11T11:58:33,2018-07-11T08:58:33Z,summer_US_DST,11,8,11,13,D:\QM\reports\work_items\2fc84747-27db-5e88-9568-3fdda6c30769\QM5_41398\20260909_135814\raw\run_01\report.htm
2018.07.11 19:00:00,13,USDJPY.DWX,sell,out,2.93,111.525,19,-7.33,0.00,998.34,101 474.72,qm_tm_close,2018-07-11T19:00:00,2018-07-11T16:00:00Z,summer_US_DST,19,16,19,14,D:\QM\reports\work_items\2fc84747-27db-5e88-9568-3fdda6c30769\QM5_41398\20260909_135814\raw\run_01\report.htm
2018.07.12 06:14:09,14,USDJPY.DWX,buy,in,2.96,112.346,20,-7.40,0.00,0.00,101 467.32,BALKE_RANGE_BUY_STOP,2018-07-12T06:14:09,2018-07-12T03:14:09Z,summer_US_DST,6,3,6,15,D:\QM\reports\work_items\2fc84747-27db-5e88-9568-3fdda6c30769\QM5_41398\20260909_135814\raw\run_01\report.htm
2018.07.12 18:00:00,15,USDJPY.DWX,sell,out,2.96,112.411,22,-7.40,0.00,171.16,101 631.08,qm_tm_close,2018-07-12T18:00:00,2018-07-12T15:00:00Z,summer_US_DST,18,15,18,16,D:\QM\reports\work_items\2fc84747-27db-5e88-9568-3fdda6c30769\QM5_41398\20260909_135814\raw\run_01\report.htm
2018.07.13 08:53:48,16,USDJPY.DWX,sell,in,5.84,112.573,24,-14.60,0.00,0.00,101 616.48,BALKE_RANGE_SELL_STOP,2018-07-13T08:53:48,2018-07-13T05:53:48Z,summer_US_DST,8,5,8,17,D:\QM\reports\work_items\2fc84747-27db-5e88-9568-3fdda6c30769\QM5_41398\20260909_135814\raw\run_01\report.htm
2018.07.13 10:44:18,17,USDJPY.DWX,buy,out,5.84,112.768,25,-14.60,0.00,-1 009.86,100 592.02,sl 112.768,2018-07-13T10:44:18,2018-07-13T07:44:18Z,summer_US_DST,10,7,10,18,D:\QM\reports\work_items\2fc84747-27db-5e88-9568-3fdda6c30769\QM5_41398\20260909_135814\raw\run_01\report.htm
2018.07.16 08:43:53,18,USDJPY.DWX,sell,in,6.78,112.393,27,-16.95,0.00,0.00,100 575.07,BALKE_RANGE_SELL_STOP,2018-07-16T08:43:53,2018-07-16T05:43:53Z,summer_US_DST,8,5,8,19,D:\QM\reports\work_items\2fc84747-27db-5e88-9568-3fdda6c30769\QM5_41398\20260909_135814\raw\run_01\report.htm
2018.07.16 18:00:00,19,USDJPY.DWX,buy,out,6.78,112.385,28,-16.95,0.00,48.26,100 606.38,qm_tm_close,2018-07-16T18:00:00,2018-07-16T15:00:00Z,summer_US_DST,18,15,18,20,D:\QM\reports\work_items\2fc84747-27db-5e88-9568-3fdda6c30769\QM5_41398\20260909_135814\raw\run_01\report.htm
2018.07.17 06:54:36,20,USDJPY.DWX,sell,in,5.09,112.349,30,-12.73,0.00,0.00,100 593.65,BALKE_RANGE_SELL_STOP,2018-07-17T06:54:36,2018-07-17T03:54:36Z,summer_US_DST,6,3,6,21,D:\QM\reports\work_items\2fc84747-27db-5e88-9568-3fdda6c30769\QM5_41398\20260909_135814\raw\run_01\report.htm
2018.07.17 14:58:13,21,USDJPY.DWX,buy,out,5.09,112.570,31,-12.73,0.00,-999.28,99 581.64,sl 112.570,2018-07-17T14:58:13,2018-07-17T11:58:13Z,summer_US_DST,14,11,14,22,D:\QM\reports\work_items\2fc84747-27db-5e88-9568-3fdda6c30769\QM5_41398\20260909_135814\raw\run_01\report.htm
2018.07.18 09:12:50,22,USDJPY.DWX,buy,in,6.2,113.059,32,-15.50,0.00,0.00,99 566.14,BALKE_RANGE_BUY_STOP,2018-07-18T09:12:50,2018-07-18T06:12:50Z,summer_US_DST,9,6,9,23,D:\QM\reports\work_items\2fc84747-27db-5e88-9568-3fdda6c30769\QM5_41398\20260909_135814\raw\run_01\report.htm
2018.07.18 15:04:59,23,USDJPY.DWX,sell,out,6.2,112.873,34,-15.50,0.00,-1 021.68,98 528.96,sl 112.877,2018-07-18T15:04:59,2018-07-18T12:04:59Z,summer_US_DST,15,12,15,24,D:\QM\reports\work_items\2fc84747-27db-5e88-9568-3fdda6c30769\QM5_41398\20260909_135814\raw\run_01\report.htm
2018.07.19 08:34:17,24,USDJPY.DWX,buy,in,6.36,112.826,35,-15.90,0.00,0.00,98 513.06,BALKE_RANGE_BUY_STOP,2018-07-19T08:34:17,2018-07-19T05:34:17Z,summer_US_DST,8,5,8,25,D:\QM\reports\work_items\2fc84747-27db-5e88-9568-3fdda6c30769\QM5_41398\20260909_135814\raw\run_01\report.htm
2018.07.19 16:52:49,25,USDJPY.DWX,sell,out,6.36,112.931,37,-15.90,0.00,591.33,99 088.49,sl 112.931,2018-07-19T16:52:49,2018-07-19T13:52:49Z,summer_US_DST,16,13,16,26,D:\QM\reports\work_items\2fc84747-27db-5e88-9568-3fdda6c30769\QM5_41398\20260909_135814\raw\run_01\report.htm
2018.07.20 07:54:40,26,USDJPY.DWX,sell,in,3.23,112.273,39,-8.08,0.00,0.00,99 080.41,BALKE_RANGE_SELL_STOP,2018-07-20T07:54:40,2018-07-20T04:54:40Z,summer_US_DST,7,4,7,27,D:\QM\reports\work_items\2fc84747-27db-5e88-9568-3fdda6c30769\QM5_41398\20260909_135814\raw\run_01\report.htm
2018.07.20 18:00:00,27,USDJPY.DWX,buy,out,3.23,111.835,40,-8.08,0.00,1 265.02,100 337.35,qm_tm_close,2018-07-20T18:00:00,2018-07-20T15:00:00Z,summer_US_DST,18,15,18,28,D:\QM\reports\work_items\2fc84747-27db-5e88-9568-3fdda6c30769\QM5_41398\20260909_135814\raw\run_01\report.htm
2018.07.23 12:43:54,28,USDJPY.DWX,buy,in,2.64,111.169,41,-6.60,0.00,0.00,100 330.75,BALKE_RANGE_BUY_STOP,2018-07-23T12:43:54,2018-07-23T09:43:54Z,summer_US_DST,12,9,12,29,D:\QM\reports\work_items\2fc84747-27db-5e88-9568-3fdda6c30769\QM5_41398\20260909_135814\raw\run_01\report.htm
2018.07.23 18:00:00,29,USDJPY.DWX,sell,out,2.64,111.393,43,-6.60,0.00,530.88,100 855.03,qm_tm_close,2018-07-23T18:00:00,2018-07-23T15:00:00Z,summer_US_DST,18,15,18,30,D:\QM\reports\work_items\2fc84747-27db-5e88-9568-3fdda6c30769\QM5_41398\20260909_135814\raw\run_01\report.htm
2018.07.25 08:44:11,30,USDJPY.DWX,sell,in,4.78,111.149,45,-11.95,0.00,0.00,100 843.08,BALKE_RANGE_SELL_STOP,2018-07-25T08:44:11,2018-07-25T05:44:11Z,summer_US_DST,8,5,8,31,D:\QM\reports\work_items\2fc84747-27db-5e88-9568-3fdda6c30769\QM5_41398\20260909_135814\raw\run_01\report.htm
2018.07.25 19:00:00,31,USDJPY.DWX,buy,out,4.78,111.028,46,-11.95,0.00,520.93,101 352.06,qm_tm_close,2018-07-25T19:00:00,2018-07-25T16:00:00Z,summer_US_DST,19,16,19,32,D:\QM\reports\work_items\2fc84747-27db-5e88-9568-3fdda6c30769\QM5_41398\20260909_135814\raw\run_01\report.htm
2018.07.26 08:06:39,32,USDJPY.DWX,sell,in,6.3,110.709,48,-15.75,0.00,0.00,101 336.31,BALKE_RANGE_SELL_STOP,2018-07-26T08:06:39,2018-07-26T05:06:39Z,summer_US_DST,8,5,8,33,D:\QM\reports\work_items\2fc84747-27db-5e88-9568-3fdda6c30769\QM5_41398\20260909_135814\raw\run_01\report.htm
2018.07.26 12:39:12,33,USDJPY.DWX,buy,out,6.3,110.885,49,-15.75,0.00,-999.95,100 320.61,sl 110.885,2018-07-26T12:39:12,2018-07-26T09:39:12Z,summer_US_DST,12,9,12,34,D:\QM\reports\work_items\2fc84747-27db-5e88-9568-3fdda6c30769\QM5_41398\20260909_135814\raw\run_01\report.htm
2018.07.27 06:32:37,34,USDJPY.DWX,sell,in,4.57,110.950,51,-11.43,0.00,0.00,100 309.18,BALKE_RANGE_SELL_STOP,2018-07-27T06:32:37,2018-07-27T03:32:37Z,summer_US_DST,6,3,6,35,D:\QM\reports\work_items\2fc84747-27db-5e88-9568-3fdda6c30769\QM5_41398\20260909_135814\raw\run_01\report.htm
2018.07.27 11:50:01,35,USDJPY.DWX,buy,out,4.57,111.193,52,-11.43,0.00,-998.72,99 299.03,sl 111.193,2018-07-27T11:50:01,2018-07-27T08:50:01Z,summer_US_DST,11,8,11,36,D:\QM\reports\work_items\2fc84747-27db-5e88-9568-3fdda6c30769\QM5_41398\20260909_135814\raw\run_01\report.htm
2018.07.30 06:23:13,36,USDJPY.DWX,buy,in,4.33,111.148,53,-10.83,0.00,0.00,99 288.20,BALKE_RANGE_BUY_STOP,2018-07-30T06:23:13,2018-07-30T03:23:13Z,summer_US_DST,6,3,6,37,D:\QM\reports\work_items\2fc84747-27db-5e88-9568-3fdda6c30769\QM5_41398\20260909_135814\raw\run_01\report.htm
2018.07.30 18:00:00,37,USDJPY.DWX,sell,out,4.33,110.981,55,-10.83,0.00,-651.56,98 625.81,qm_tm_close,2018-07-30T18:00:00,2018-07-30T15:00:00Z,summer_US_DST,18,15,18,38,D:\QM\reports\work_items\2fc84747-27db-5e88-9568-3fdda6c30769\QM5_41398\20260909_135814\raw\run_01\report.htm
2018.07.31 06:01:11,38,USDJPY.DWX,buy,in,5.49,111.109,56,-13.73,0.00,0.00,98 612.08,BALKE_RANGE_BUY_STOP,2018-07-31T06:01:11,2018-07-31T03:01:11Z,summer_US_DST,6,3,6,39,D:\QM\reports\work_items\2fc84747-27db-5e88-9568-3fdda6c30769\QM5_41398\20260909_135814\raw\run_01\report.htm
2018.07.31 06:58:41,39,USDJPY.DWX,sell,out,5.49,110.888,58,-13.73,0.00,-1 094.16,97 504.19,sl 110.905,2018-07-31T06:58:41,2018-07-31T03:58:41Z,summer_US_DST,6,3,6,40,D:\QM\reports\work_items\2fc84747-27db-5e88-9568-3fdda6c30769\QM5_41398\20260909_135814\raw\run_01\report.htm
2018.08.01 06:00:03,40,USDJPY.DWX,buy,in,6.94,111.900,59,-17.35,0.00,0.00,97 486.84,BALKE_RANGE_BUY_STOP,2018-08-01T06:00:03,2018-08-01T03:00:03Z,summer_US_DST,6,3,6,41,D:\QM\reports\work_items\2fc84747-27db-5e88-9568-3fdda6c30769\QM5_41398\20260909_135814\raw\run_01\report.htm
2018.08.01 13:57:16,41,USDJPY.DWX,sell,out,6.94,111.900,61,-17.35,0.00,0.00,97 469.49,sl 111.900,2018-08-01T13:57:16,2018-08-01T10:57:16Z,summer_US_DST,13,10,13,42,D:\QM\reports\work_items\2fc84747-27db-5e88-9568-3fdda6c30769\QM5_41398\20260909_135814\raw\run_01\report.htm
2018.08.02 06:58:56,42,USDJPY.DWX,sell,in,6.57,111.535,63,-16.43,0.00,0.00,97 453.06,BALKE_RANGE_SELL_STOP,2018-08-02T06:58:56,2018-08-02T03:58:56Z,summer_US_DST,6,3,6,43,D:\QM\reports\work_items\2fc84747-27db-5e88-9568-3fdda6c30769\QM5_41398\20260909_135814\raw\run_01\report.htm
2018.08.02 10:01:23,43,USDJPY.DWX,buy,out,6.57,111.712,64,-16.43,0.00,-1 040.97,96 395.66,sl 111.710,2018-08-02T10:01:23,2018-08-02T07:01:23Z,summer_US_DST,10,7,10,44,D:\QM\reports\work_items\2fc84747-27db-5e88-9568-3fdda6c30769\QM5_41398\20260909_135814\raw\run_01\report.htm
2018.08.03 06:02:53,44,USDJPY.DWX,sell,in,7.4,111.632,66,-18.50,0.00,0.00,96 377.16,BALKE_RANGE_SELL_STOP,2018-08-03T06:02:53,2018-08-03T03:02:53Z,summer_US_DST,6,3,6,45,D:\QM\reports\work_items\2fc84747-27db-5e88-9568-3fdda6c30769\QM5_41398\20260909_135814\raw\run_01\report.htm
2018.08.03 10:59:54,45,USDJPY.DWX,buy,out,7.4,111.791,67,-18.50,0.00,-1 052.50,95 306.16,sl 111.783,2018-08-03T10:59:54,2018-08-03T07:59:54Z,summer_US_DST,10,7,10,46,D:\QM\reports\work_items\2fc84747-27db-5e88-9568-3fdda6c30769\QM5_41398\20260909_135814\raw\run_01\report.htm
2018.08.06 07:41:28,46,USDJPY.DWX,buy,in,5.73,111.363,68,-14.33,0.00,0.00,95 291.83,BALKE_RANGE_BUY_STOP,2018-08-06T07:41:28,2018-08-06T04:41:28Z,summer_US_DST,7,4,7,47,D:\QM\reports\work_items\2fc84747-27db-5e88-9568-3fdda6c30769\QM5_41398\20260909_135814\raw\run_01\report.htm
2018.08.06 18:00:00,47,USDJPY.DWX,sell,out,5.73,111.454,70,-14.33,0.00,467.84,95 745.34,qm_tm_close,2018-08-06T18:00:00,2018-08-06T15:00:00Z,summer_US_DST,18,15,18,48,D:\QM\reports\work_items\2fc84747-27db-5e88-9568-3fdda6c30769\QM5_41398\20260909_135814\raw\run_01\report.htm
2018.08.07 06:35:16,48,USDJPY.DWX,buy,in,8.55,111.364,71,-21.38,0.00,0.00,95 723.96,BALKE_RANGE_BUY_STOP,2018-08-07T06:35:16,2018-08-07T03:35:16Z,summer_US_DST,6,3,6,49,D:\QM\reports\work_items\2fc84747-27db-5e88-9568-3fdda6c30769\QM5_41398\20260909_135814\raw\run_01\report.htm
2018.08.07 12:32:32,49,USDJPY.DWX,sell,out,8.55,111.233,73,-21.38,0.00,-1 006.94,94 695.64,sl 111.233,2018-08-07T12:32:32,2018-08-07T09:32:32Z,summer_US_DST,12,9,12,50,D:\QM\reports\work_items\2fc84747-27db-5e88-9568-3fdda6c30769\QM5_41398\20260909_135814\raw\run_01\report.htm
2018.08.08 07:44:02,50,USDJPY.DWX,sell,in,8.19,111.301,75,-20.48,0.00,0.00,94 675.16,BALKE_RANGE_SELL_STOP,2018-08-08T07:44:02,2018-08-08T04:44:02Z,summer_US_DST,7,4,7,51,D:\QM\reports\work_items\2fc84747-27db-5e88-9568-3fdda6c30769\QM5_41398\20260909_135814\raw\run_01\report.htm
2018.08.08 13:24:29,51,USDJPY.DWX,buy,out,8.19,110.997,76,-20.48,0.00,2 243.09,96 897.77,sl 110.993,2018-08-08T13:24:29,2018-08-08T10:24:29Z,summer_US_DST,13,10,13,52,D:\QM\reports\work_items\2fc84747-27db-5e88-9568-3fdda6c30769\QM5_41398\20260909_135814\raw\run_01\report.htm
2018.08.09 07:59:50,52,USDJPY.DWX,buy,in,5.5,110.913,77,-13.75,0.00,0.00,96 884.02,BALKE_RANGE_BUY_STOP,2018-08-09T07:59:50,2018-08-09T04:59:50Z,summer_US_DST,7,4,7,53,D:\QM\reports\work_items\2fc84747-27db-5e88-9568-3fdda6c30769\QM5_41398\20260909_135814\raw\run_01\report.htm
2018.08.09 14:37:31,53,USDJPY.DWX,sell,out,5.5,111.099,79,-13.75,0.00,920.80,97 791.07,sl 111.099,2018-08-09T14:37:31,2018-08-09T11:37:31Z,summer_US_DST,14,11,14,54,D:\QM\reports\work_items\2fc84747-27db-5e88-9568-3fdda6c30769\QM5_41398\20260909_135814\raw\run_01\report.htm
2018.08.10 07:19:20,54,USDJPY.DWX,sell,in,4.4,110.832,81,-11.00,0.00,0.00,97 780.07,BALKE_RANGE_SELL_STOP,2018-08-10T07:19:20,2018-08-10T04:19:20Z,summer_US_DST,7,4,7,55,D:\QM\reports\work_items\2fc84747-27db-5e88-9568-3fdda6c30769\QM5_41398\20260909_135814\raw\run_01\report.htm
2018.08.10 09:41:01,55,USDJPY.DWX,buy,out,4.4,111.100,82,-11.00,0.00,-1 061.39,96 707.68,sl 111.098,2018-08-10T09:41:01,2018-08-10T06:41:01Z,summer_US_DST,9,6,9,56,D:\QM\reports\work_items\2fc84747-27db-5e88-9568-3fdda6c30769\QM5_41398\20260909_135814\raw\run_01\report.htm
2018.08.13 06:00:57,56,USDJPY.DWX,sell,in,1.92,110.138,84,-4.80,0.00,0.00,96 702.88,BALKE_RANGE_SELL_STOP,2018-08-13T06:00:57,2018-08-13T03:00:57Z,summer_US_DST,6,3,6,57,D:\QM\reports\work_items\2fc84747-27db-5e88-9568-3fdda6c30769\QM5_41398\20260909_135814\raw\run_01\report.htm
2018.08.13 14:55:38,57,USDJPY.DWX,buy,out,1.92,110.713,85,-4.80,0.00,-997.17,95 700.91,sl 110.712,2018-08-13T14:55:38,2018-08-13T11:55:38Z,summer_US_DST,14,11,14,58,D:\QM\reports\work_items\2fc84747-27db-5e88-9568-3fdda6c30769\QM5_41398\20260909_135814\raw\run_01\report.htm
2018.08.14 06:39:24,58,USDJPY.DWX,buy,in,3.96,110.867,86,-9.90,0.00,0.00,95 691.01,BALKE_RANGE_BUY_STOP,2018-08-14T06:39:24,2018-08-14T03:39:24Z,summer_US_DST,6,3,6,59,D:\QM\reports\work_items\2fc84747-27db-5e88-9568-3fdda6c30769\QM5_41398\20260909_135814\raw\run_01\report.htm
2018.08.14 12:02:10,59,USDJPY.DWX,sell,out,3.96,110.989,88,-9.90,0.00,435.29,96 116.40,sl 110.991,2018-08-14T12:02:10,2018-08-14T09:02:10Z,summer_US_DST,12,9,12,60,D:\QM\reports\work_items\2fc84747-27db-5e88-9568-3fdda6c30769\QM5_41398\20260909_135814\raw\run_01\report.htm
2018.08.15 06:18:04,60,USDJPY.DWX,sell,in,6.29,111.252,90,-15.73,0.00,0.00,96 100.67,BALKE_RANGE_SELL_STOP,2018-08-15T06:18:04,2018-08-15T03:18:04Z,summer_US_DST,6,3,6,61,D:\QM\reports\work_items\2fc84747-27db-5e88-9568-3fdda6c30769\QM5_41398\20260909_135814\raw\run_01\report.htm
2018.08.15 19:00:00,61,USDJPY.DWX,buy,out,6.29,110.636,91,-15.73,0.00,3 502.15,99 587.09,qm_tm_close,2018-08-15T19:00:00,2018-08-15T16:00:00Z,summer_US_DST,19,16,19,62,D:\QM\reports\work_items\2fc84747-27db-5e88-9568-3fdda6c30769\QM5_41398\20260909_135814\raw\run_01\report.htm
2018.08.17 09:24:39,62,USDJPY.DWX,sell,in,4.62,110.809,93,-11.55,0.00,0.00,99 575.54,BALKE_RANGE_SELL_STOP,2018-08-17T09:24:39,2018-08-17T06:24:39Z,summer_US_DST,9,6,9,63,D:\QM\reports\work_items\2fc84747-27db-5e88-9568-3fdda6c30769\QM5_41398\20260909_135814\raw\run_01\report.htm
2018.08.17 16:41:22,63,USDJPY.DWX,buy,out,4.62,110.552,94,-11.55,0.00,1 074.01,100 638.00,sl 110.551,2018-08-17T16:41:22,2018-08-17T13:41:22Z,summer_US_DST,16,13,16,64,D:\QM\reports\work_items\2fc84747-27db-5e88-9568-3fdda6c30769\QM5_41398\20260909_135814\raw\run_01\report.htm
2018.08.20 07:26:34,64,USDJPY.DWX,buy,in,6.57,110.581,95,-16.43,0.00,0.00,100 621.57,BALKE_RANGE_BUY_STOP,2018-08-20T07:26:34,2018-08-20T04:26:34Z,summer_US_DST,7,4,7,65,D:\QM\reports\work_items\2fc84747-27db-5e88-9568-3fdda6c30769\QM5_41398\20260909_135814\raw\run_01\report.htm
2018.08.20 16:23:09,65,USDJPY.DWX,sell,out,6.57,110.411,97,-16.43,0.00,-1 011.58,99 593.56,sl 110.413,2018-08-20T16:23:09,2018-08-20T13:23:09Z,summer_US_DST,16,13,16,66,D:\QM\reports\work_items\2fc84747-27db-5e88-9568-3fdda6c30769\QM5_41398\20260909_135814\raw\run_01\report.htm
2018.08.21 06:39:25,66,USDJPY.DWX,buy,in,3.92,110.055,98,-9.80,0.00,0.00,99 583.76,BALKE_RANGE_BUY_STOP,2018-08-21T06:39:25,2018-08-21T03:39:25Z,summer_US_DST,6,3,6,67,D:\QM\reports\work_items\2fc84747-27db-5e88-9568-3fdda6c30769\QM5_41398\20260909_135814\raw\run_01\report.htm
2018.08.21 18:00:00,67,USDJPY.DWX,sell,out,3.92,110.480,100,-9.80,0.00,1 507.97,101 081.93,qm_tm_close,2018-08-21T18:00:00,2018-08-21T15:00:00Z,summer_US_DST,18,15,18,68,D:\QM\reports\work_items\2fc84747-27db-5e88-9568-3fdda6c30769\QM5_41398\20260909_135814\raw\run_01\report.htm
2018.08.22 06:00:57,68,USDJPY.DWX,buy,in,3.09,110.384,101,-7.73,0.00,0.00,101 074.20,BALKE_RANGE_BUY_STOP,2018-08-22T06:00:57,2018-08-22T03:00:57Z,summer_US_DST,6,3,6,69,D:\QM\reports\work_items\2fc84747-27db-5e88-9568-3fdda6c30769\QM5_41398\20260909_135814\raw\run_01\report.htm
2018.08.22 19:00:00,69,USDJPY.DWX,sell,out,3.09,110.543,103,-7.73,0.00,444.45,101 510.92,qm_tm_close,2018-08-22T19:00:00,2018-08-22T16:00:00Z,summer_US_DST,19,16,19,70,D:\QM\reports\work_items\2fc84747-27db-5e88-9568-3fdda6c30769\QM5_41398\20260909_135814\raw\run_01\report.htm
2018.08.24 06:51:44,70,USDJPY.DWX,buy,in,7.67,111.465,104,-19.18,0.00,0.00,101 491.74,BALKE_RANGE_BUY_STOP,2018-08-24T06:51:44,2018-08-24T03:51:44Z,summer_US_DST,6,3,6,71,D:\QM\reports\work_items\2fc84747-27db-5e88-9568-3fdda6c30769\QM5_41398\20260909_135814\raw\run_01\report.htm
2018.08.24 10:03:19,71,USDJPY.DWX,sell,out,7.67,111.315,106,-19.18,0.00,-1 033.55,100 439.01,sl 111.318,2018-08-24T10:03:19,2018-08-24T07:03:19Z,summer_US_DST,10,7,10,72,D:\QM\reports\work_items\2fc84747-27db-5e88-9568-3fdda6c30769\QM5_41398\20260909_135814\raw\run_01\report.htm
2018.08.29 08:57:36,72,USDJPY.DWX,sell,in,6.08,111.131,108,-15.20,0.00,0.00,100 423.81,BALKE_RANGE_SELL_STOP,2018-08-29T08:57:36,2018-08-29T05:57:36Z,summer_US_DST,8,5,8,73,D:\QM\reports\work_items\2fc84747-27db-5e88-9568-3fdda6c30769\QM5_41398\20260909_135814\raw\run_01\report.htm
2018.08.29 15:39:13,73,USDJPY.DWX,buy,out,6.08,111.317,109,-15.20,0.00,-1 015.91,99 392.70,sl 111.316,2018-08-29T15:39:13,2018-08-29T12:39:13Z,summer_US_DST,15,12,15,74,D:\QM\reports\work_items\2fc84747-27db-5e88-9568-3fdda6c30769\QM5_41398\20260909_135814\raw\run_01\report.htm
2018.08.30 14:12:37,74,USDJPY.DWX,sell,in,4.69,111.513,111,-11.73,0.00,0.00,99 380.97,BALKE_RANGE_SELL_STOP,2018-08-30T14:12:37,2018-08-30T11:12:37Z,summer_US_DST,14,11,14,75,D:\QM\reports\work_items\2fc84747-27db-5e88-9568-3fdda6c30769\QM5_41398\20260909_135814\raw\run_01\report.htm
2018.08.30 18:00:00,75,USDJPY.DWX,buy,out,4.69,111.365,112,-11.73,0.00,623.28,99 992.52,qm_tm_close,2018-08-30T18:00:00,2018-08-30T15:00:00Z,summer_US_DST,18,15,18,76,D:\QM\reports\work_items\2fc84747-27db-5e88-9568-3fdda6c30769\QM5_41398\20260909_135814\raw\run_01\report.htm
2018.08.31 08:02:33,76,USDJPY.DWX,buy,in,5.99,111.074,113,-14.98,0.00,0.00,99 977.54,BALKE_RANGE_BUY_STOP,2018-08-31T08:02:33,2018-08-31T05:02:33Z,summer_US_DST,8,5,8,77,D:\QM\reports\work_items\2fc84747-27db-5e88-9568-3fdda6c30769\QM5_41398\20260909_135814\raw\run_01\report.htm
2018.08.31 10:16:54,77,USDJPY.DWX,sell,out,5.99,110.883,115,-14.98,0.00,-1 031.80,98 930.76,sl 110.884,2018-08-31T10:16:54,2018-08-31T07:16:54Z,summer_US_DST,10,7,10,78,D:\QM\reports\work_items\2fc84747-27db-5e88-9568-3fdda6c30769\QM5_41398\20260909_135814\raw\run_01\report.htm
2018.09.03 06:37:14,78,USDJPY.DWX,sell,in,4.14,110.878,117,-10.35,0.00,0.00,98 920.41,BALKE_RANGE_SELL_STOP,2018-09-03T06:37:14,2018-09-03T03:37:14Z,summer_US_DST,6,3,6,79,D:\QM\reports\work_items\2fc84747-27db-5e88-9568-3fdda6c30769\QM5_41398\20260909_135814\raw\run_01\report.htm
2018.09.03 15:04:55,79,USDJPY.DWX,buy,out,4.14,111.150,118,-10.35,0.00,-1 013.12,97 896.94,sl 111.150,2018-09-03T15:04:55,2018-09-03T12:04:55Z,summer_US_DST,15,12,15,80,D:\QM\reports\work_items\2fc84747-27db-5e88-9568-3fdda6c30769\QM5_41398\20260909_135814\raw\run_01\report.htm
2018.09.05 09:53:22,80,USDJPY.DWX,sell,in,3.6,111.400,120,-9.00,0.00,0.00,97 887.94,BALKE_RANGE_SELL_STOP,2018-09-05T09:53:22,2018-09-05T06:53:22Z,summer_US_DST,9,6,9,81,D:\QM\reports\work_items\2fc84747-27db-5e88-9568-3fdda6c30769\QM5_41398\20260909_135814\raw\run_01\report.htm
2018.09.05 16:20:09,81,USDJPY.DWX,buy,out,3.6,111.713,121,-9.00,0.00,-1 008.66,96 870.28,sl 111.710,2018-09-05T16:20:09,2018-09-05T13:20:09Z,summer_US_DST,16,13,16,82,D:\QM\reports\work_items\2fc84747-27db-5e88-9568-3fdda6c30769\QM5_41398\20260909_135814\raw\run_01\report.htm
2018.09.06 15:32:20,82,USDJPY.DWX,sell,in,3.91,111.161,123,-9.78,0.00,0.00,96 860.50,BALKE_RANGE_SELL_STOP,2018-09-06T15:32:20,2018-09-06T12:32:20Z,summer_US_DST,15,12,15,83,D:\QM\reports\work_items\2fc84747-27db-5e88-9568-3fdda6c30769\QM5_41398\20260909_135814\raw\run_01\report.htm
2018.09.06 19:00:00,83,USDJPY.DWX,buy,out,3.91,110.878,124,-9.78,0.00,997.97,97 848.69,qm_tm_close,2018-09-06T19:00:00,2018-09-06T16:00:00Z,summer_US_DST,19,16,19,84,D:\QM\reports\work_items\2fc84747-27db-5e88-9568-3fdda6c30769\QM5_41398\20260909_135814\raw\run_01\report.htm
2018.09.07 08:04:31,84,USDJPY.DWX,buy,in,4.29,110.636,125,-10.73,0.00,0.00,97 837.96,BALKE_RANGE_BUY_STOP,2018-09-07T08:04:31,2018-09-07T05:04:31Z,summer_US_DST,8,5,8,85,D:\QM\reports\work_items\2fc84747-27db-5e88-9568-3fdda6c30769\QM5_41398\20260909_135814\raw\run_01\report.htm
2018.09.07 18:00:00,85,USDJPY.DWX,sell,out,4.29,111.131,127,-10.73,0.00,1 910.85,99 738.08,qm_tm_close,2018-09-07T18:00:00,2018-09-07T15:00:00Z,summer_US_DST,18,15,18,86,D:\QM\reports\work_items\2fc84747-27db-5e88-9568-3fdda6c30769\QM5_41398\20260909_135814\raw\run_01\report.htm
2018.09.10 11:49:01,86,USDJPY.DWX,buy,in,5.32,111.057,128,-13.30,0.00,0.00,99 724.78,BALKE_RANGE_BUY_STOP,2018-09-10T11:49:01,2018-09-10T08:49:01Z,summer_US_DST,11,8,11,87,D:\QM\reports\work_items\2fc84747-27db-5e88-9568-3fdda6c30769\QM5_41398\20260909_135814\raw\run_01\report.htm
2018.09.10 18:00:01,87,USDJPY.DWX,sell,out,5.32,111.114,130,-13.30,0.00,272.91,99 984.39,qm_tm_close,2018-09-10T18:00:01,2018-09-10T15:00:01Z,summer_US_DST,18,15,18,88,D:\QM\reports\work_items\2fc84747-27db-5e88-9568-3fdda6c30769\QM5_41398\20260909_135814\raw\run_01\report.htm
2018.09.12 11:01:54,88,USDJPY.DWX,sell,in,6.23,111.453,132,-15.58,0.00,0.00,99 968.81,BALKE_RANGE_SELL_STOP,2018-09-12T11:01:54,2018-09-12T08:01:54Z,summer_US_DST,11,8,11,89,D:\QM\reports\work_items\2fc84747-27db-5e88-9568-3fdda6c30769\QM5_41398\20260909_135814\raw\run_01\report.htm
2018.09.12 18:00:01,89,USDJPY.DWX,buy,out,6.23,111.267,133,-15.58,0.00,1 041.44,100 994.67,qm_tm_close,2018-09-12T18:00:01,2018-09-12T15:00:01Z,summer_US_DST,18,15,18,90,D:\QM\reports\work_items\2fc84747-27db-5e88-9568-3fdda6c30769\QM5_41398\20260909_135814\raw\run_01\report.htm
2018.09.14 06:33:16,90,USDJPY.DWX,sell,in,4.51,111.829,135,-11.28,0.00,0.00,100 983.39,BALKE_RANGE_SELL_STOP,2018-09-14T06:33:16,2018-09-14T03:33:16Z,summer_US_DST,6,3,6,91,D:\QM\reports\work_items\2fc84747-27db-5e88-9568-3fdda6c30769\QM5_41398\20260909_135814\raw\run_01\report.htm
2018.09.14 17:31:56,91,USDJPY.DWX,buy,out,4.51,112.077,136,-11.28,0.00,-997.96,99 974.15,sl 112.077,2018-09-14T17:31:56,2018-09-14T14:31:56Z,summer_US_DST,17,14,17,92,D:\QM\reports\work_items\2fc84747-27db-5e88-9568-3fdda6c30769\QM5_41398\20260909_135814\raw\run_01\report.htm
2018.09.17 09:01:51,92,USDJPY.DWX,sell,in,6.33,111.944,138,-15.83,0.00,0.00,99 958.32,BALKE_RANGE_SELL_STOP,2018-09-17T09:01:51,2018-09-17T06:01:51Z,summer_US_DST,9,6,9,93,D:\QM\reports\work_items\2fc84747-27db-5e88-9568-3fdda6c30769\QM5_41398\20260909_135814\raw\run_01\report.htm
2018.09.17 18:00:00,93,USDJPY.DWX,buy,out,6.33,111.945,139,-15.83,0.00,-5.65,99 936.84,qm_tm_close,2018-09-17T18:00:00,2018-09-17T15:00:00Z,summer_US_DST,18,15,18,94,D:\QM\reports\work_items\2fc84747-27db-5e88-9568-3fdda6c30769\QM5_41398\20260909_135814\raw\run_01\report.htm
2018.09.20 08:17:14,94,USDJPY.DWX,sell,in,4.47,112.075,141,-11.18,0.00,0.00,99 925.66,BALKE_RANGE_SELL_STOP,2018-09-20T08:17:14,2018-09-20T05:17:14Z,summer_US_DST,8,5,8,95,D:\QM\reports\work_items\2fc84747-27db-5e88-9568-3fdda6c30769\QM5_41398\20260909_135814\raw\run_01\report.htm
2018.09.20 17:51:23,95,USDJPY.DWX,buy,out,4.47,112.340,142,-11.18,0.00,-1 054.43,98 860.05,sl 112.338,2018-09-20T17:51:23,2018-09-20T14:51:23Z,summer_US_DST,17,14,17,96,D:\QM\reports\work_items\2fc84747-27db-5e88-9568-3fdda6c30769\QM5_41398\20260909_135814\raw\run_01\report.htm
2018.09.24 09:31:48,96,USDJPY.DWX,sell,in,10.52,112.525,145,-26.30,0.00,0.00,98 833.75,BALKE_RANGE_SELL_STOP,2018-09-24T09:31:48,2018-09-24T06:31:48Z,summer_US_DST,9,6,9,97,D:\QM\reports\work_items\2fc84747-27db-5e88-9568-3fdda6c30769\QM5_41398\20260909_135814\raw\run_01\report.htm
2018.09.24 11:16:47,97,USDJPY.DWX,buy,out,10.52,112.632,146,-26.30,0.00,-999.40,97 808.05,sl 112.632,2018-09-24T11:16:47,2018-09-24T08:16:47Z,summer_US_DST,11,8,11,98,D:\QM\reports\work_items\2fc84747-27db-5e88-9568-3fdda6c30769\QM5_41398\20260909_135814\raw\run_01\report.htm
2018.09.25 15:14:56,98,USDJPY.DWX,sell,in,4.93,112.756,148,-12.33,0.00,0.00,97 795.72,BALKE_RANGE_SELL_STOP,2018-09-25T15:14:56,2018-09-25T12:14:56Z,summer_US_DST,15,12,15,99,D:\QM\reports\work_items\2fc84747-27db-5e88-9568-3fdda6c30769\QM5_41398\20260909_135814\raw\run_01\report.htm
2018.09.25 18:00:00,99,USDJPY.DWX,buy,out,4.93,112.869,149,-12.33,0.00,-493.57,97 289.82,qm_tm_close,2018-09-25T18:00:00,2018-09-25T15:00:00Z,summer_US_DST,18,15,18,100,D:\QM\reports\work_items\2fc84747-27db-5e88-9568-3fdda6c30769\QM5_41398\20260909_135814\raw\run_01\report.htm
2018.09.26 09:04:56,100,USDJPY.DWX,sell,in,8.37,112.891,151,-20.93,0.00,0.00,97 268.89,BALKE_RANGE_SELL_STOP,2018-09-26T09:04:56,2018-09-26T06:04:56Z,summer_US_DST,9,6,9,101,D:\QM\reports\work_items\2fc84747-27db-5e88-9568-3fdda6c30769\QM5_41398\20260909_135814\raw\run_01\report.htm
2018.09.26 11:51:23,101,USDJPY.DWX,buy,out,8.37,112.913,152,-20.93,0.00,-163.08,97 084.88,sl 112.913,2018-09-26T11:51:23,2018-09-26T08:51:23Z,summer_US_DST,11,8,11,102,D:\QM\reports\work_items\2fc84747-27db-5e88-9568-3fdda6c30769\QM5_41398\20260909_135814\raw\run_01\report.htm
2018.09.27 06:44:51,102,USDJPY.DWX,sell,in,5.15,112.682,154,-12.88,0.00,0.00,97 072.00,BALKE_RANGE_SELL_STOP,2018-09-27T06:44:51,2018-09-27T03:44:51Z,summer_US_DST,6,3,6,103,D:\QM\reports\work_items\2fc84747-27db-5e88-9568-3fdda6c30769\QM5_41398\20260909_135814\raw\run_01\report.htm
2018.09.27 15:15:43,103,USDJPY.DWX,buy,out,5.15,112.901,155,-12.88,0.00,-998.97,96 060.15,sl 112.901,2018-09-27T15:15:43,2018-09-27T12:15:43Z,summer_US_DST,15,12,15,104,D:\QM\reports\work_items\2fc84747-27db-5e88-9568-3fdda6c30769\QM5_41398\20260909_135814\raw\run_01\report.htm
2018.10.01 09:16:51,104,USDJPY.DWX,buy,in,4.81,113.962,156,-12.03,0.00,0.00,96 048.12,BALKE_RANGE_BUY_STOP,2018-10-01T09:16:51,2018-10-01T06:16:51Z,summer_US_DST,9,6,9,105,D:\QM\reports\work_items\2fc84747-27db-5e88-9568-3fdda6c30769\QM5_41398\20260909_135814\raw\run_01\report.htm
2018.10.01 19:00:00,105,USDJPY.DWX,sell,out,4.81,113.966,158,-12.03,0.00,16.88,96 052.97,qm_tm_close,2018-10-01T19:00:00,2018-10-01T16:00:00Z,summer_US_DST,19,16,19,106,D:\QM\reports\work_items\2fc84747-27db-5e88-9568-3fdda6c30769\QM5_41398\20260909_135814\raw\run_01\report.htm
2018.10.02 08:47:02,106,USDJPY.DWX,sell,in,6.06,113.822,160,-15.15,0.00,0.00,96 037.82,BALKE_RANGE_SELL_STOP,2018-10-02T08:47:02,2018-10-02T05:47:02Z,summer_US_DST,8,5,8,107,D:\QM\reports\work_items\2fc84747-27db-5e88-9568-3fdda6c30769\QM5_41398\20260909_135814\raw\run_01\report.htm
2018.10.02 14:02:06,107,USDJPY.DWX,buy,out,6.06,113.775,161,-15.15,0.00,250.34,96 273.01,sl 113.773,2018-10-02T14:02:06,2018-10-02T11:02:06Z,summer_US_DST,14,11,14,108,D:\QM\reports\work_items\2fc84747-27db-5e88-9568-3fdda6c30769\QM5_41398\20260909_135814\raw\run_01\report.htm
2018.10.04 06:37:45,108,USDJPY.DWX,sell,in,4.61,114.264,163,-11.53,0.00,0.00,96 261.48,BALKE_RANGE_SELL_STOP,2018-10-04T06:37:45,2018-10-04T03:37:45Z,summer_US_DST,6,3,6,109,D:\QM\reports\work_items\2fc84747-27db-5e88-9568-3fdda6c30769\QM5_41398\20260909_135814\raw\run_01\report.htm
2018.10.04 18:00:00,109,USDJPY.DWX,buy,out,4.61,113.674,164,-11.53,0.00,2 392.72,98 642.67,qm_tm_close,2018-10-04T18:00:00,2018-10-04T15:00:00Z,summer_US_DST,18,15,18,110,D:\QM\reports\work_items\2fc84747-27db-5e88-9568-3fdda6c30769\QM5_41398\20260909_135814\raw\run_01\report.htm
2018.10.05 10:00:25,110,USDJPY.DWX,sell,in,4.43,113.843,166,-11.08,0.00,0.00,98 631.59,BALKE_RANGE_SELL_STOP,2018-10-05T10:00:25,2018-10-05T07:00:25Z,summer_US_DST,10,7,10,111,D:\QM\reports\work_items\2fc84747-27db-5e88-9568-3fdda6c30769\QM5_41398\20260909_135814\raw\run_01\report.htm
2018.10.05 18:00:00,111,USDJPY.DWX,buy,out,4.43,113.749,167,-11.08,0.00,366.09,98 986.60,qm_tm_close,2018-10-05T18:00:00,2018-10-05T15:00:00Z,summer_US_DST,18,15,18,112,D:\QM\reports\work_items\2fc84747-27db-5e88-9568-3fdda6c30769\QM5_41398\20260909_135814\raw\run_01\report.htm
2018.10.08 11:19:02,112,USDJPY.DWX,sell,in,4.66,113.696,169,-11.65,0.00,0.00,98 974.95,BALKE_RANGE_SELL_STOP,2018-10-08T11:19:02,2018-10-08T08:19:02Z,summer_US_DST,11,8,11,113,D:\QM\reports\work_items\2fc84747-27db-5e88-9568-3fdda6c30769\QM5_41398\20260909_135814\raw\run_01\report.htm
2018.10.08 15:06:24,113,USDJPY.DWX,buy,out,4.66,113.389,170,-11.65,0.00,1 261.69,100 224.99,sl 113.389,2018-10-08T15:06:24,2018-10-08T12:06:24Z,summer_US_DST,15,12,15,114,D:\QM\reports\work_items\2fc84747-27db-5e88-9568-3fdda6c30769\QM5_41398\20260909_135814\raw\run_01\report.htm
2018.10.09 09:45:31,114,USDJPY.DWX,buy,in,3.89,113.221,171,-9.73,0.00,0.00,100 215.26,BALKE_RANGE_BUY_STOP,2018-10-09T09:45:31,2018-10-09T06:45:31Z,summer_US_DST,9,6,9,115,D:\QM\reports\work_items\2fc84747-27db-5e88-9568-3fdda6c30769\QM5_41398\20260909_135814\raw\run_01\report.htm
2018.10.09 18:00:00,115,USDJPY.DWX,sell,out,3.89,113.159,173,-9.73,0.00,-213.13,99 992.40,qm_tm_close,2018-10-09T18:00:00,2018-10-09T15:00:00Z,summer_US_DST,18,15,18,116,D:\QM\reports\work_items\2fc84747-27db-5e88-9568-3fdda6c30769\QM5_41398\20260909_135814\raw\run_01\report.htm
2018.10.10 10:56:10,116,USDJPY.DWX,buy,in,6.2,113.107,174,-15.50,0.00,0.00,99 976.90,BALKE_RANGE_BUY_STOP,2018-10-10T10:56:10,2018-10-10T07:56:10Z,summer_US_DST,10,7,10,117,D:\QM\reports\work_items\2fc84747-27db-5e88-9568-3fdda6c30769\QM5_41398\20260909_135814\raw\run_01\report.htm
2018.10.10 16:59:05,117,USDJPY.DWX,sell,out,6.2,112.911,176,-15.50,0.00,-1 076.25,98 885.15,sl 112.925,2018-10-10T16:59:05,2018-10-10T13:59:05Z,summer_US_DST,16,13,16,118,D:\QM\reports\work_items\2fc84747-27db-5e88-9568-3fdda6c30769\QM5_41398\20260909_135814\raw\run_01\report.htm
2018.10.11 09:52:36,118,USDJPY.DWX,buy,in,3.27,112.314,177,-8.18,0.00,0.00,98 876.97,BALKE_RANGE_BUY_STOP,2018-10-11T09:52:36,2018-10-11T06:52:36Z,summer_US_DST,9,6,9,119,D:\QM\reports\work_items\2fc84747-27db-5e88-9568-3fdda6c30769\QM5_41398\20260909_135814\raw\run_01\report.htm
2018.10.11 18:00:00,119,USDJPY.DWX,sell,out,3.27,112.279,179,-8.18,0.00,-101.93,98 766.86,qm_tm_close,2018-10-11T18:00:00,2018-10-11T15:00:00Z,summer_US_DST,18,15,18,120,D:\QM\reports\work_items\2fc84747-27db-5e88-9568-3fdda6c30769\QM5_41398\20260909_135814\raw\run_01\report.htm
2018.10.12 06:18:32,120,USDJPY.DWX,buy,in,4.19,112.317,180,-10.48,0.00,0.00,98 756.38,BALKE_RANGE_BUY_STOP,2018-10-12T06:18:32,2018-10-12T03:18:32Z,summer_US_DST,6,3,6,121,D:\QM\reports\work_items\2fc84747-27db-5e88-9568-3fdda6c30769\QM5_41398\20260909_135814\raw\run_01\report.htm
2018.10.12 18:00:00,121,USDJPY.DWX,sell,out,4.19,112.105,182,-10.48,0.00,-792.36,97 953.54,qm_tm_close,2018-10-12T18:00:00,2018-10-12T15:00:00Z,summer_US_DST,18,15,18,122,D:\QM\reports\work_items\2fc84747-27db-5e88-9568-3fdda6c30769\QM5_41398\20260909_135814\raw\run_01\report.htm
2018.10.15 08:51:42,122,USDJPY.DWX,sell,in,3.89,111.935,184,-9.73,0.00,0.00,97 943.81,BALKE_RANGE_SELL_STOP,2018-10-15T08:51:42,2018-10-15T05:51:42Z,summer_US_DST,8,5,8,123,D:\QM\reports\work_items\2fc84747-27db-5e88-9568-3fdda6c30769\QM5_41398\20260909_135814\raw\run_01\report.htm
2018.10.15 14:14:33,123,USDJPY.DWX,buy,out,3.89,111.801,185,-9.73,0.00,466.24,98 400.32,sl 111.801,2018-10-15T14:14:33,2018-10-15T11:14:33Z,summer_US_DST,14,11,14,124,D:\QM\reports\work_items\2fc84747-27db-5e88-9568-3fdda6c30769\QM5_41398\20260909_135814\raw\run_01\report.htm
2018.10.16 08:00:20,124,USDJPY.DWX,buy,in,4.63,112.051,186,-11.58,0.00,0.00,98 388.74,BALKE_RANGE_BUY_STOP,2018-10-16T08:00:20,2018-10-16T05:00:20Z,summer_US_DST,8,5,8,125,D:\QM\reports\work_items\2fc84747-27db-5e88-9568-3fdda6c30769\QM5_41398\20260909_135814\raw\run_01\report.htm
2018.10.16 18:00:00,125,USDJPY.DWX,sell,out,4.63,112.213,188,-11.58,0.00,668.43,99 045.59,qm_tm_close,2018-10-16T18:00:00,2018-10-16T15:00:00Z,summer_US_DST,18,15,18,126,D:\QM\reports\work_items\2fc84747-27db-5e88-9568-3fdda6c30769\QM5_41398\20260909_135814\raw\run_01\report.htm
2018.10.17 07:10:46,126,USDJPY.DWX,sell,in,10.12,112.303,190,-25.30,0.00,0.00,99 020.29,BALKE_RANGE_SELL_STOP,2018-10-17T07:10:46,2018-10-17T04:10:46Z,summer_US_DST,7,4,7,127,D:\QM\reports\work_items\2fc84747-27db-5e88-9568-3fdda6c30769\QM5_41398\20260909_135814\raw\run_01\report.htm
2018.10.17 13:55:04,127,USDJPY.DWX,buy,out,10.12,112.277,191,-25.30,0.00,234.35,99 229.34,sl 112.276,2018-10-17T13:55:04,2018-10-17T10:55:04Z,summer_US_DST,13,10,13,128,D:\QM\reports\work_items\2fc84747-27db-5e88-9568-3fdda6c30769\QM5_41398\20260909_135814\raw\run_01\report.htm
2018.10.18 06:33:06,128,USDJPY.DWX,sell,in,4.9,112.494,193,-12.25,0.00,0.00,99 217.09,BALKE_RANGE_SELL_STOP,2018-10-18T06:33:06,2018-10-18T03:33:06Z,summer_US_DST,6,3,6,129,D:\QM\reports\work_items\2fc84747-27db-5e88-9568-3fdda6c30769\QM5_41398\20260909_135814\raw\run_01\report.htm
2018.10.18 18:00:00,129,USDJPY.DWX,buy,out,4.9,112.499,194,-12.25,0.00,-21.78,99 183.06,qm_tm_close,2018-10-18T18:00:00,2018-10-18T15:00:00Z,summer_US_DST,18,15,18,130,D:\QM\reports\work_items\2fc84747-27db-5e88-9568-3fdda6c30769\QM5_41398\20260909_135814\raw\run_01\report.htm
2018.10.19 08:14:42,130,USDJPY.DWX,buy,in,4.57,112.436,195,-11.43,0.00,0.00,99 171.63,BALKE_RANGE_BUY_STOP,2018-10-19T08:14:42,2018-10-19T05:14:42Z,summer_US_DST,8,5,8,131,D:\QM\reports\work_items\2fc84747-27db-5e88-9568-3fdda6c30769\QM5_41398\20260909_135814\raw\run_01\report.htm
2018.10.19 18:00:00,131,USDJPY.DWX,sell,out,4.57,112.493,197,-11.43,0.00,231.56,99 391.76,qm_tm_close,2018-10-19T18:00:00,2018-10-19T15:00:00Z,summer_US_DST,18,15,18,132,D:\QM\reports\work_items\2fc84747-27db-5e88-9568-3fdda6c30769\QM5_41398\20260909_135814\raw\run_01\report.htm
2018.10.23 06:18:12,132,USDJPY.DWX,sell,in,4.68,112.555,200,-11.70,0.00,0.00,99 380.06,BALKE_RANGE_SELL_STOP,2018-10-23T06:18:12,2018-10-23T03:18:12Z,summer_US_DST,6,3,6,133,D:\QM\reports\work_items\2fc84747-27db-5e88-9568-3fdda6c30769\QM5_41398\20260909_135814\raw\run_01\report.htm
2018.10.23 13:52:25,133,USDJPY.DWX,buy,out,4.68,112.355,201,-11.70,0.00,833.07,100 201.43,sl 112.355,2018-10-23T13:52:25,2018-10-23T10:52:25Z,summer_US_DST,13,10,13,134,D:\QM\reports\work_items\2fc84747-27db-5e88-9568-3fdda6c30769\QM5_41398\20260909_135814\raw\run_01\report.htm
2018.10.24 06:03:50,134,USDJPY.DWX,buy,in,4.84,112.555,202,-12.10,0.00,0.00,100 189.33,BALKE_RANGE_BUY_STOP,2018-10-24T06:03:50,2018-10-24T03:03:50Z,summer_US_DST,6,3,6,135,D:\QM\reports\work_items\2fc84747-27db-5e88-9568-3fdda6c30769\QM5_41398\20260909_135814\raw\run_01\report.htm
2018.10.24 18:00:00,135,USDJPY.DWX,sell,out,4.84,112.538,204,-12.10,0.00,-73.11,100 104.12,qm_tm_close,2018-10-24T18:00:00,2018-10-24T15:00:00Z,summer_US_DST,18,15,18,136,D:\QM\reports\work_items\2fc84747-27db-5e88-9568-3fdda6c30769\QM5_41398\20260909_135814\raw\run_01\report.htm
2018.10.25 09:38:16,136,USDJPY.DWX,buy,in,3.26,112.164,205,-8.15,0.00,0.00,100 095.97,BALKE_RANGE_BUY_STOP,2018-10-25T09:38:16,2018-10-25T06:38:16Z,summer_US_DST,9,6,9,137,D:\QM\reports\work_items\2fc84747-27db-5e88-9568-3fdda6c30769\QM5_41398\20260909_135814\raw\run_01\report.htm
2018.10.25 18:00:00,137,USDJPY.DWX,sell,out,3.26,112.525,207,-8.15,0.00,1 045.87,101 133.69,qm_tm_close,2018-10-25T18:00:00,2018-10-25T15:00:00Z,summer_US_DST,18,15,18,138,D:\QM\reports\work_items\2fc84747-27db-5e88-9568-3fdda6c30769\QM5_41398\20260909_135814\raw\run_01\report.htm
2018.10.26 06:16:01,138,USDJPY.DWX,sell,in,5.45,112.236,209,-13.63,0.00,0.00,101 120.06,BALKE_RANGE_SELL_STOP,2018-10-26T06:16:01,2018-10-26T03:16:01Z,summer_US_DST,6,3,6,139,D:\QM\reports\work_items\2fc84747-27db-5e88-9568-3fdda6c30769\QM5_41398\20260909_135814\raw\run_01\report.htm
2018.10.26 14:18:49,139,USDJPY.DWX,buy,out,5.45,112.012,210,-13.63,0.00,1 089.88,102 196.31,sl 112.011,2018-10-26T14:18:49,2018-10-26T11:18:49Z,summer_US_DST,14,11,14,140,D:\QM\reports\work_items\2fc84747-27db-5e88-9568-3fdda6c30769\QM5_41398\20260909_135814\raw\run_01\report.htm
2018.10.29 12:23:11,140,USDJPY.DWX,buy,in,4.18,112.043,211,-10.45,0.00,0.00,102 185.86,BALKE_RANGE_BUY_STOP,2018-10-29T12:23:11,2018-10-29T09:23:11Z,summer_US_DST,12,9,12,141,D:\QM\reports\work_items\2fc84747-27db-5e88-9568-3fdda6c30769\QM5_41398\20260909_135814\raw\run_01\report.htm
2018.10.29 18:00:00,141,USDJPY.DWX,sell,out,4.18,112.465,213,-10.45,0.00,1 568.45,103 743.86,qm_tm_close,2018-10-29T18:00:00,2018-10-29T15:00:00Z,summer_US_DST,18,15,18,142,D:\QM\reports\work_items\2fc84747-27db-5e88-9568-3fdda6c30769\QM5_41398\20260909_135814\raw\run_01\report.htm
2018.11.01 12:25:40,142,USDJPY.DWX,buy,in,4.71,112.960,214,-11.78,0.00,0.00,103 732.08,BALKE_RANGE_BUY_STOP,2018-11-01T12:25:40,2018-11-01T09:25:40Z,summer_US_DST,12,9,12,143,D:\QM\reports\work_items\2fc84747-27db-5e88-9568-3fdda6c30769\QM5_41398\20260909_135814\raw\run_01\report.htm
2018.11.01 16:47:23,143,USDJPY.DWX,sell,out,4.71,112.720,216,-11.78,0.00,-1 002.84,102 717.46,sl 112.721,2018-11-01T16:47:23,2018-11-01T13:47:23Z,summer_US_DST,16,13,16,144,D:\QM\reports\work_items\2fc84747-27db-5e88-9568-3fdda6c30769\QM5_41398\20260909_135814\raw\run_01\report.htm
2018.11.02 06:35:02,144,USDJPY.DWX,sell,in,8.17,112.703,218,-20.43,0.00,0.00,102 697.03,BALKE_RANGE_SELL_STOP,2018-11-02T06:35:02,2018-11-02T03:35:02Z,summer_US_DST,6,3,6,145,D:\QM\reports\work_items\2fc84747-27db-5e88-9568-3fdda6c30769\QM5_41398\20260909_135814\raw\run_01\report.htm
2018.11.02 07:45:48,145,USDJPY.DWX,buy,out,8.17,112.846,219,-20.43,0.00,-1 035.31,101 641.29,sl 112.846,2018-11-02T07:45:48,2018-11-02T04:45:48Z,summer_US_DST,7,4,7,146,D:\QM\reports\work_items\2fc84747-27db-5e88-9568-3fdda6c30769\QM5_41398\20260909_135814\raw\run_01\report.htm
2018.11.05 07:09:21,146,USDJPY.DWX,buy,in,8.37,113.242,220,-20.93,0.00,0.00,101 620.36,BALKE_RANGE_BUY_STOP,2018-11-05T07:09:21,2018-11-05T05:09:21Z,winter_US_standard,7,5,8,147,D:\QM\reports\work_items\2fc84747-27db-5e88-9568-3fdda6c30769\QM5_41398\20260909_135814\raw\run_01\report.htm
2018.11.05 17:02:13,147,USDJPY.DWX,sell,out,8.37,113.107,222,-20.93,0.00,-999.01,100 600.42,sl 113.107,2018-11-05T17:02:13,2018-11-05T15:02:13Z,winter_US_standard,17,15,18,148,D:\QM\reports\work_items\2fc84747-27db-5e88-9568-3fdda6c30769\QM5_41398\20260909_135814\raw\run_01\report.htm
2018.11.06 06:15:55,148,USDJPY.DWX,buy,in,13.48,113.315,223,-33.70,0.00,0.00,100 566.72,BALKE_RANGE_BUY_STOP,2018-11-06T06:15:55,2018-11-06T04:15:55Z,winter_US_standard,6,4,7,149,D:\QM\reports\work_items\2fc84747-27db-5e88-9568-3fdda6c30769\QM5_41398\20260909_135814\raw\run_01\report.htm
2018.11.06 10:00:02,149,USDJPY.DWX,sell,out,13.48,113.329,225,-33.70,0.00,166.52,100 699.54,sl 113.329,2018-11-06T10:00:02,2018-11-06T08:00:02Z,winter_US_standard,10,8,11,150,D:\QM\reports\work_items\2fc84747-27db-5e88-9568-3fdda6c30769\QM5_41398\20260909_135814\raw\run_01\report.htm
2018.11.08 06:01:07,150,USDJPY.DWX,buy,in,8.05,113.686,226,-20.13,0.00,0.00,100 679.41,BALKE_RANGE_BUY_STOP,2018-11-08T06:01:07,2018-11-08T04:01:07Z,winter_US_standard,6,4,7,151,D:\QM\reports\work_items\2fc84747-27db-5e88-9568-3fdda6c30769\QM5_41398\20260909_135814\raw\run_01\report.htm
2018.11.08 17:00:00,151,USDJPY.DWX,sell,out,8.05,113.671,228,-20.13,0.00,-106.23,100 553.05,qm_tm_close,2018-11-08T17:00:00,2018-11-08T15:00:00Z,winter_US_standard,17,15,18,152,D:\QM\reports\work_items\2fc84747-27db-5e88-9568-3fdda6c30769\QM5_41398\20260909_135814\raw\run_01\report.htm
2018.11.09 09:24:51,152,USDJPY.DWX,sell,in,6.33,113.830,230,-15.83,0.00,0.00,100 537.22,BALKE_RANGE_SELL_STOP,2018-11-09T09:24:51,2018-11-09T07:24:51Z,winter_US_standard,9,7,10,153,D:\QM\reports\work_items\2fc84747-27db-5e88-9568-3fdda6c30769\QM5_41398\20260909_135814\raw\run_01\report.htm
2018.11.09 17:00:00,153,USDJPY.DWX,buy,out,6.33,113.859,231,-15.83,0.00,-161.23,100 360.16,qm_tm_close,2018-11-09T17:00:00,2018-11-09T15:00:00Z,winter_US_standard,17,15,18,154,D:\QM\reports\work_items\2fc84747-27db-5e88-9568-3fdda6c30769\QM5_41398\20260909_135814\raw\run_01\report.htm
2018.11.12 05:35:16,154,USDJPY.DWX,buy,in,6.5,114.011,232,-16.25,0.00,0.00,100 343.91,BALKE_RANGE_BUY_STOP,2018-11-12T05:35:16,2018-11-12T03:35:16Z,winter_US_standard,5,3,6,155,D:\QM\reports\work_items\2fc84747-27db-5e88-9568-3fdda6c30769\QM5_41398\20260909_135814\raw\run_01\report.htm
2018.11.12 10:38:44,155,USDJPY.DWX,sell,out,6.5,114.029,234,-16.25,0.00,102.61,100 430.27,sl 114.031,2018-11-12T10:38:44,2018-11-12T08:38:44Z,winter_US_standard,10,8,11,156,D:\QM\reports\work_items\2fc84747-27db-5e88-9568-3fdda6c30769\QM5_41398\20260909_135814\raw\run_01\report.htm
2018.11.13 05:24:51,156,USDJPY.DWX,buy,in,5.4,113.790,235,-13.50,0.00,0.00,100 416.77,BALKE_RANGE_BUY_STOP,2018-11-13T05:24:51,2018-11-13T03:24:51Z,winter_US_standard,5,3,6,157,D:\QM\reports\work_items\2fc84747-27db-5e88-9568-3fdda6c30769\QM5_41398\20260909_135814\raw\run_01\report.htm
2018.11.13 08:20:53,157,USDJPY.DWX,sell,out,5.4,113.945,237,-13.50,0.00,734.56,101 137.83,sl 113.945,2018-11-13T08:20:53,2018-11-13T06:20:53Z,winter_US_standard,8,6,9,158,D:\QM\reports\work_items\2fc84747-27db-5e88-9568-3fdda6c30769\QM5_41398\20260909_135814\raw\run_01\report.htm
2018.11.14 15:57:19,158,USDJPY.DWX,buy,in,4.92,113.991,238,-12.30,0.00,0.00,101 125.53,BALKE_RANGE_BUY_STOP,2018-11-14T15:57:19,2018-11-14T13:57:19Z,winter_US_standard,15,13,16,159,D:\QM\reports\work_items\2fc84747-27db-5e88-9568-3fdda6c30769\QM5_41398\20260909_135814\raw\run_01\report.htm
2018.11.14 18:00:00,159,USDJPY.DWX,sell,out,4.92,113.908,240,-12.30,0.00,-358.50,100 754.73,qm_tm_close,2018-11-14T18:00:00,2018-11-14T16:00:00Z,winter_US_standard,18,16,19,160,D:\QM\reports\work_items\2fc84747-27db-5e88-9568-3fdda6c30769\QM5_41398\20260909_135814\raw\run_01\report.htm
2018.11.15 06:00:03,160,USDJPY.DWX,sell,in,5.62,113.454,242,-14.05,0.00,0.00,100 740.68,BALKE_RANGE_SELL_STOP,2018-11-15T06:00:03,2018-11-15T04:00:03Z,winter_US_standard,6,4,7,161,D:\QM\reports\work_items\2fc84747-27db-5e88-9568-3fdda6c30769\QM5_41398\20260909_135814\raw\run_01\report.htm
2018.11.15 19:05:14,161,USDJPY.DWX,buy,out,5.62,113.500,243,-14.05,0.00,-227.77,100 498.86,sl 113.500,2018-11-15T19:05:14,2018-11-15T17:05:14Z,winter_US_standard,19,17,20,162,D:\QM\reports\work_items\2fc84747-27db-5e88-9568-3fdda6c30769\QM5_41398\20260909_135814\raw\run_01\report.htm
2018.11.16 05:00:10,162,USDJPY.DWX,sell,in,4.19,113.338,245,-10.48,0.00,0.00,100 488.38,BALKE_RANGE_SELL_STOP,2018-11-16T05:00:10,2018-11-16T03:00:10Z,winter_US_standard,5,3,6,163,D:\QM\reports\work_items\2fc84747-27db-5e88-9568-3fdda6c30769\QM5_41398\20260909_135814\raw\run_01\report.htm
2018.11.16 17:00:00,163,USDJPY.DWX,buy,out,4.19,112.722,246,-10.48,0.00,2 289.74,102 767.64,qm_tm_close,2018-11-16T17:00:00,2018-11-16T15:00:00Z,winter_US_standard,17,15,18,164,D:\QM\reports\work_items\2fc84747-27db-5e88-9568-3fdda6c30769\QM5_41398\20260909_135814\raw\run_01\report.htm
2018.11.19 07:57:01,164,USDJPY.DWX,buy,in,6.15,112.812,247,-15.38,0.00,0.00,102 752.26,BALKE_RANGE_BUY_STOP,2018-11-19T07:57:01,2018-11-19T05:57:01Z,winter_US_standard,7,5,8,165,D:\QM\reports\work_items\2fc84747-27db-5e88-9568-3fdda6c30769\QM5_41398\20260909_135814\raw\run_01\report.htm
2018.11.19 17:00:00,165,USDJPY.DWX,sell,out,6.15,112.726,249,-15.38,0.00,-469.19,102 267.69,qm_tm_close,2018-11-19T17:00:00,2018-11-19T15:00:00Z,winter_US_standard,17,15,18,166,D:\QM\reports\work_items\2fc84747-27db-5e88-9568-3fdda6c30769\QM5_41398\20260909_135814\raw\run_01\report.htm
2018.11.20 10:07:32,166,USDJPY.DWX,sell,in,4.87,112.429,251,-12.18,0.00,0.00,102 255.51,BALKE_RANGE_SELL_STOP,2018-11-20T10:07:32,2018-11-20T08:07:32Z,winter_US_standard,10,8,11,167,D:\QM\reports\work_items\2fc84747-27db-5e88-9568-3fdda6c30769\QM5_41398\20260909_135814\raw\run_01\report.htm
2018.11.20 17:00:00,167,USDJPY.DWX,buy,out,4.87,112.399,252,-12.18,0.00,129.98,102 373.31,qm_tm_close,2018-11-20T17:00:00,2018-11-20T15:00:00Z,winter_US_standard,17,15,18,168,D:\QM\reports\work_items\2fc84747-27db-5e88-9568-3fdda6c30769\QM5_41398\20260909_135814\raw\run_01\report.htm
2018.11.21 05:02:21,168,USDJPY.DWX,buy,in,4.94,112.924,253,-12.35,0.00,0.00,102 360.96,BALKE_RANGE_BUY_STOP,2018-11-21T05:02:21,2018-11-21T03:02:21Z,winter_US_standard,5,3,6,169,D:\QM\reports\work_items\2fc84747-27db-5e88-9568-3fdda6c30769\QM5_41398\20260909_135814\raw\run_01\report.htm
2018.11.21 17:00:00,169,USDJPY.DWX,sell,out,4.94,113.044,255,-12.35,0.00,524.40,102 873.01,qm_tm_close,2018-11-21T17:00:00,2018-11-21T15:00:00Z,winter_US_standard,17,15,18,170,D:\QM\reports\work_items\2fc84747-27db-5e88-9568-3fdda6c30769\QM5_41398\20260909_135814\raw\run_01\report.htm
2018.11.22 09:33:54,170,USDJPY.DWX,sell,in,6.46,112.955,257,-16.15,0.00,0.00,102 856.86,BALKE_RANGE_SELL_STOP,2018-11-22T09:33:54,2018-11-22T07:33:54Z,winter_US_standard,9,7,10,171,D:\QM\reports\work_items\2fc84747-27db-5e88-9568-3fdda6c30769\QM5_41398\20260909_135814\raw\run_01\report.htm
2018.11.22 17:00:00,171,USDJPY.DWX,buy,out,6.46,112.942,258,-16.15,0.00,74.36,102 915.07,qm_tm_close,2018-11-22T17:00:00,2018-11-22T15:00:00Z,winter_US_standard,17,15,18,172,D:\QM\reports\work_items\2fc84747-27db-5e88-9568-3fdda6c30769\QM5_41398\20260909_135814\raw\run_01\report.htm
2018.11.23 06:10:33,172,USDJPY.DWX,sell,in,12.55,112.918,260,-31.38,0.00,0.00,102 883.69,BALKE_RANGE_SELL_STOP,2018-11-23T06:10:33,2018-11-23T04:10:33Z,winter_US_standard,6,4,7,173,D:\QM\reports\work_items\2fc84747-27db-5e88-9568-3fdda6c30769\QM5_41398\20260909_135814\raw\run_01\report.htm
2018.11.23 17:00:00,173,USDJPY.DWX,buy,out,12.55,112.805,261,-31.38,0.00,1 257.17,104 109.48,qm_tm_close,2018-11-23T17:00:00,2018-11-23T15:00:00Z,winter_US_standard,17,15,18,174,D:\QM\reports\work_items\2fc84747-27db-5e88-9568-3fdda6c30769\QM5_41398\20260909_135814\raw\run_01\report.htm
2018.11.27 05:57:09,174,USDJPY.DWX,buy,in,10.31,113.524,262,-25.78,0.00,0.00,104 083.70,BALKE_RANGE_BUY_STOP,2018-11-27T05:57:09,2018-11-27T03:57:09Z,winter_US_standard,5,3,6,175,D:\QM\reports\work_items\2fc84747-27db-5e88-9568-3fdda6c30769\QM5_41398\20260909_135814\raw\run_01\report.htm
2018.11.27 13:38:59,175,USDJPY.DWX,sell,out,10.31,113.563,264,-25.78,0.00,354.07,104 411.99,sl 113.563,2018-11-27T13:38:59,2018-11-27T11:38:59Z,winter_US_standard,13,11,14,176,D:\QM\reports\work_items\2fc84747-27db-5e88-9568-3fdda6c30769\QM5_41398\20260909_135814\raw\run_01\report.htm
2018.11.28 06:28:36,176,USDJPY.DWX,buy,in,11.6,113.852,265,-29.00,0.00,0.00,104 382.99,BALKE_RANGE_BUY_STOP,2018-11-28T06:28:36,2018-11-28T04:28:36Z,winter_US_standard,6,4,7,177,D:\QM\reports\work_items\2fc84747-27db-5e88-9568-3fdda6c30769\QM5_41398\20260909_135814\raw\run_01\report.htm
2018.11.28 11:30:04,177,USDJPY.DWX,sell,out,11.6,113.752,267,-29.00,0.00,-1 019.76,103 334.23,sl 113.753,2018-11-28T11:30:04,2018-11-28T09:30:04Z,winter_US_standard,11,9,12,178,D:\QM\reports\work_items\2fc84747-27db-5e88-9568-3fdda6c30769\QM5_41398\20260909_135814\raw\run_01\report.htm
2018.11.29 05:03:57,178,USDJPY.DWX,sell,in,5.82,113.415,269,-14.55,0.00,0.00,103 319.68,BALKE_RANGE_SELL_STOP,2018-11-29T05:03:57,2018-11-29T03:03:57Z,winter_US_standard,5,3,6,179,D:\QM\reports\work_items\2fc84747-27db-5e88-9568-3fdda6c30769\QM5_41398\20260909_135814\raw\run_01\report.htm
2018.11.29 09:03:49,179,USDJPY.DWX,buy,out,5.82,113.314,270,-14.55,0.00,518.75,103 823.88,sl 113.314,2018-11-29T09:03:49,2018-11-29T07:03:49Z,winter_US_standard,9,7,10,180,D:\QM\reports\work_items\2fc84747-27db-5e88-9568-3fdda6c30769\QM5_41398\20260909_135814\raw\run_01\report.htm
2018.11.30 05:02:46,180,USDJPY.DWX,sell,in,10.12,113.344,272,-25.30,0.00,0.00,103 798.58,BALKE_RANGE_SELL_STOP,2018-11-30T05:02:46,2018-11-30T03:02:46Z,winter_US_standard,5,3,6,181,D:\QM\reports\work_items\2fc84747-27db-5e88-9568-3fdda6c30769\QM5_41398\20260909_135814\raw\run_01\report.htm
2018.11.30 09:51:32,181,USDJPY.DWX,buy,out,10.12,113.459,273,-25.30,0.00,-1 025.74,102 747.54,sl 113.457,2018-11-30T09:51:32,2018-11-30T07:51:32Z,winter_US_standard,9,7,10,182,D:\QM\reports\work_items\2fc84747-27db-5e88-9568-3fdda6c30769\QM5_41398\20260909_135814\raw\run_01\report.htm
2018.12.03 05:45:47,182,USDJPY.DWX,sell,in,4.9,113.544,275,-12.25,0.00,0.00,102 735.29,BALKE_RANGE_SELL_STOP,2018-12-03T05:45:47,2018-12-03T03:45:47Z,winter_US_standard,5,3,6,183,D:\QM\reports\work_items\2fc84747-27db-5e88-9568-3fdda6c30769\QM5_41398\20260909_135814\raw\run_01\report.htm
2018.12.03 19:00:00,183,USDJPY.DWX,buy,out,4.9,113.553,276,-12.25,0.00,-38.84,102 684.20,qm_tm_close,2018-12-03T19:00:00,2018-12-03T17:00:00Z,winter_US_standard,19,17,20,184,D:\QM\reports\work_items\2fc84747-27db-5e88-9568-3fdda6c30769\QM5_41398\20260909_135814\raw\run_01\report.htm
2018.12.05 05:07:16,184,USDJPY.DWX,buy,in,3.32,113.016,277,-8.30,0.00,0.00,102 675.90,BALKE_RANGE_BUY_STOP,2018-12-05T05:07:16,2018-12-05T03:07:16Z,winter_US_standard,5,3,6,185,D:\QM\reports\work_items\2fc84747-27db-5e88-9568-3fdda6c30769\QM5_41398\20260909_135814\raw\run_01\report.htm
2018.12.05 17:00:00,185,USDJPY.DWX,sell,out,3.32,113.155,279,-8.30,0.00,407.83,103 075.43,qm_tm_close,2018-12-05T17:00:00,2018-12-05T15:00:00Z,winter_US_standard,17,15,18,186,D:\QM\reports\work_items\2fc84747-27db-5e88-9568-3fdda6c30769\QM5_41398\20260909_135814\raw\run_01\report.htm
2018.12.07 05:02:59,186,USDJPY.DWX,buy,in,10.93,112.754,280,-27.33,0.00,0.00,103 048.10,BALKE_RANGE_BUY_STOP,2018-12-07T05:02:59,2018-12-07T03:02:59Z,winter_US_standard,5,3,6,187,D:\QM\reports\work_items\2fc84747-27db-5e88-9568-3fdda6c30769\QM5_41398\20260909_135814\raw\run_01\report.htm
2018.12.07 09:22:29,187,USDJPY.DWX,sell,out,10.93,112.807,282,-27.33,0.00,513.52,103 534.29,sl 112.807,2018-12-07T09:22:29,2018-12-07T07:22:29Z,winter_US_standard,9,7,10,188,D:\QM\reports\work_items\2fc84747-27db-5e88-9568-3fdda6c30769\QM5_41398\20260909_135814\raw\run_01\report.htm
2018.12.10 09:30:16,188,USDJPY.DWX,buy,in,3.09,112.603,283,-7.73,0.00,0.00,103 526.56,BALKE_RANGE_BUY_STOP,2018-12-10T09:30:16,2018-12-10T07:30:16Z,winter_US_standard,9,7,10,189,D:\QM\reports\work_items\2fc84747-27db-5e88-9568-3fdda6c30769\QM5_41398\20260909_135814\raw\run_01\report.htm
2018.12.10 17:00:00,189,USDJPY.DWX,sell,out,3.09,112.909,285,-7.73,0.00,837.44,104 356.27,qm_tm_close,2018-12-10T17:00:00,2018-12-10T15:00:00Z,winter_US_standard,17,15,18,190,D:\QM\reports\work_items\2fc84747-27db-5e88-9568-3fdda6c30769\QM5_41398\20260909_135814\raw\run_01\report.htm
2018.12.11 15:36:27,190,USDJPY.DWX,buy,in,4.85,113.243,286,-12.13,0.00,0.00,104 344.14,BALKE_RANGE_BUY_STOP,2018-12-11T15:36:27,2018-12-11T13:36:27Z,winter_US_standard,15,13,16,191,D:\QM\reports\work_items\2fc84747-27db-5e88-9568-3fdda6c30769\QM5_41398\20260909_135814\raw\run_01\report.htm
2018.12.11 17:00:00,191,USDJPY.DWX,sell,out,4.85,113.272,288,-12.13,0.00,124.17,104 456.18,qm_tm_close,2018-12-11T17:00:00,2018-12-11T15:00:00Z,winter_US_standard,17,15,18,192,D:\QM\reports\work_items\2fc84747-27db-5e88-9568-3fdda6c30769\QM5_41398\20260909_135814\raw\run_01\report.htm
2018.12.12 09:13:02,192,USDJPY.DWX,buy,in,5.47,113.515,289,-13.68,0.00,0.00,104 442.50,BALKE_RANGE_BUY_STOP,2018-12-12T09:13:02,2018-12-12T07:13:02Z,winter_US_standard,9,7,10,193,D:\QM\reports\work_items\2fc84747-27db-5e88-9568-3fdda6c30769\QM5_41398\20260909_135814\raw\run_01\report.htm
2018.12.12 15:43:13,193,USDJPY.DWX,sell,out,5.47,113.308,291,-13.68,0.00,-999.30,103 429.52,sl 113.308,2018-12-12T15:43:13,2018-12-12T13:43:13Z,winter_US_standard,15,13,16,194,D:\QM\reports\work_items\2fc84747-27db-5e88-9568-3fdda6c30769\QM5_41398\20260909_135814\raw\run_01\report.htm
2018.12.13 06:59:52,194,USDJPY.DWX,buy,in,5.29,113.498,292,-13.23,0.00,0.00,103 416.29,BALKE_RANGE_BUY_STOP,2018-12-13T06:59:52,2018-12-13T04:59:52Z,winter_US_standard,6,4,7,195,D:\QM\reports\work_items\2fc84747-27db-5e88-9568-3fdda6c30769\QM5_41398\20260909_135814\raw\run_01\report.htm
2018.12.13 17:00:00,195,USDJPY.DWX,sell,out,5.29,113.548,294,-13.23,0.00,232.94,103 636.00,qm_tm_close,2018-12-13T17:00:00,2018-12-13T15:00:00Z,winter_US_standard,17,15,18,196,D:\QM\reports\work_items\2fc84747-27db-5e88-9568-3fdda6c30769\QM5_41398\20260909_135814\raw\run_01\report.htm
2018.12.14 15:33:14,196,USDJPY.DWX,buy,in,4.95,113.652,295,-12.38,0.00,0.00,103 623.62,BALKE_RANGE_BUY_STOP,2018-12-14T15:33:14,2018-12-14T13:33:14Z,winter_US_standard,15,13,16,197,D:\QM\reports\work_items\2fc84747-27db-5e88-9568-3fdda6c30769\QM5_41398\20260909_135814\raw\run_01\report.htm
2018.12.14 17:00:01,197,USDJPY.DWX,sell,out,4.95,113.632,297,-12.38,0.00,-87.12,103 524.12,qm_tm_close,2018-12-14T17:00:01,2018-12-14T15:00:01Z,winter_US_standard,17,15,18,198,D:\QM\reports\work_items\2fc84747-27db-5e88-9568-3fdda6c30769\QM5_41398\20260909_135814\raw\run_01\report.htm
2018.12.17 05:00:05,198,USDJPY.DWX,buy,in,6.99,113.500,298,-17.48,0.00,0.00,103 506.64,BALKE_RANGE_BUY_STOP,2018-12-17T05:00:05,2018-12-17T03:00:05Z,winter_US_standard,5,3,6,199,D:\QM\reports\work_items\2fc84747-27db-5e88-9568-3fdda6c30769\QM5_41398\20260909_135814\raw\run_01\report.htm
2018.12.17 11:47:07,199,USDJPY.DWX,sell,out,6.99,113.338,300,-17.48,0.00,-999.12,102 490.04,sl 113.338,2018-12-17T11:47:07,2018-12-17T09:47:07Z,winter_US_standard,11,9,12,200,D:\QM\reports\work_items\2fc84747-27db-5e88-9568-3fdda6c30769\QM5_41398\20260909_135814\raw\run_01\report.htm
2018.12.18 05:00:00,200,USDJPY.DWX,sell,in,6.03,112.650,302,-15.08,0.00,0.00,102 474.96,BALKE_RANGE_SELL_STOP,2018-12-18T05:00:00,2018-12-18T03:00:00Z,winter_US_standard,5,3,6,201,D:\QM\reports\work_items\2fc84747-27db-5e88-9568-3fdda6c30769\QM5_41398\20260909_135814\raw\run_01\report.htm
2018.12.18 14:49:09,201,USDJPY.DWX,buy,out,6.03,112.404,303,-15.08,0.00,1 319.69,103 779.57,sl 112.402,2018-12-18T14:49:09,2018-12-18T12:49:09Z,winter_US_standard,14,12,15,202,D:\QM\reports\work_items\2fc84747-27db-5e88-9568-3fdda6c30769\QM5_41398\20260909_135814\raw\run_01\report.htm
2018.12.21 05:34:24,202,USDJPY.DWX,buy,in,4.64,111.326,304,-11.60,0.00,0.00,103 767.97,BALKE_RANGE_BUY_STOP,2018-12-21T05:34:24,2018-12-21T03:34:24Z,winter_US_standard,5,3,6,203,D:\QM\reports\work_items\2fc84747-27db-5e88-9568-3fdda6c30769\QM5_41398\20260909_135814\raw\run_01\report.htm
2018.12.21 10:28:29,203,USDJPY.DWX,sell,out,4.64,111.085,306,-11.60,0.00,-1 006.65,102 749.72,sl 111.087,2018-12-21T10:28:29,2018-12-21T08:28:29Z,winter_US_standard,10,8,11,204,D:\QM\reports\work_items\2fc84747-27db-5e88-9568-3fdda6c30769\QM5_41398\20260909_135814\raw\run_01\report.htm
2018.12.24 07:32:22,204,USDJPY.DWX,buy,in,8.88,111.125,307,-22.20,0.00,0.00,102 727.52,BALKE_RANGE_BUY_STOP,2018-12-24T07:32:22,2018-12-24T05:32:22Z,winter_US_standard,7,5,8,205,D:\QM\reports\work_items\2fc84747-27db-5e88-9568-3fdda6c30769\QM5_41398\20260909_135814\raw\run_01\report.htm
2018.12.24 10:12:35,205,USDJPY.DWX,sell,out,8.88,110.999,309,-22.20,0.00,-1 008.01,101 697.31,sl 110.999,2018-12-24T10:12:35,2018-12-24T08:12:35Z,winter_US_standard,10,8,11,206,D:\QM\reports\work_items\2fc84747-27db-5e88-9568-3fdda6c30769\QM5_41398\20260909_135814\raw\run_01\report.htm
2018.12.26 07:03:34,206,USDJPY.DWX,sell,in,3.29,110.336,311,-8.23,0.00,0.00,101 689.08,BALKE_RANGE_SELL_STOP,2018-12-26T07:03:34,2018-12-26T05:03:34Z,winter_US_standard,7,5,8,207,D:\QM\reports\work_items\2fc84747-27db-5e88-9568-3fdda6c30769\QM5_41398\20260909_135814\raw\run_01\report.htm
2018.12.26 14:28:16,207,USDJPY.DWX,buy,out,3.29,110.673,312,-8.23,0.00,-1 001.81,100 679.04,sl 110.673,2018-12-26T14:28:16,2018-12-26T12:28:16Z,winter_US_standard,14,12,15,208,D:\QM\reports\work_items\2fc84747-27db-5e88-9568-3fdda6c30769\QM5_41398\20260909_135814\raw\run_01\report.htm
2018.12.27 06:19:33,208,USDJPY.DWX,sell,in,3.37,110.900,314,-8.43,0.00,0.00,100 670.61,BALKE_RANGE_SELL_STOP,2018-12-27T06:19:33,2018-12-27T04:19:33Z,winter_US_standard,6,4,7,209,D:\QM\reports\work_items\2fc84747-27db-5e88-9568-3fdda6c30769\QM5_41398\20260909_135814\raw\run_01\report.htm
2018.12.27 07:57:40,209,USDJPY.DWX,buy,out,3.37,111.231,315,-8.43,0.00,-1 002.84,99 659.34,sl 111.231,2018-12-27T07:57:40,2018-12-27T05:57:40Z,winter_US_standard,7,5,8,210,D:\QM\reports\work_items\2fc84747-27db-5e88-9568-3fdda6c30769\QM5_41398\20260909_135814\raw\run_01\report.htm
2018.12.28 08:42:40,210,USDJPY.DWX,sell,in,2.63,110.520,317,-6.58,0.00,0.00,99 652.76,BALKE_RANGE_SELL_STOP,2018-12-28T08:42:40,2018-12-28T06:42:40Z,winter_US_standard,8,6,9,211,D:\QM\reports\work_items\2fc84747-27db-5e88-9568-3fdda6c30769\QM5_41398\20260909_135814\raw\run_01\report.htm
2018.12.28 17:00:00,211,USDJPY.DWX,buy,out,2.63,110.336,318,-6.58,0.00,438.59,100 084.77,qm_tm_close,2018-12-28T17:00:00,2018-12-28T15:00:00Z,winter_US_standard,17,15,18,212,D:\QM\reports\work_items\2fc84747-27db-5e88-9568-3fdda6c30769\QM5_41398\20260909_135814\raw\run_01\report.htm
2018.12.31 09:36:56,212,USDJPY.DWX,sell,in,6.69,110.306,320,-16.73,0.00,0.00,100 068.04,BALKE_RANGE_SELL_STOP,2018-12-31T09:36:56,2018-12-31T07:36:56Z,winter_US_standard,9,7,10,213,D:\QM\reports\work_items\2fc84747-27db-5e88-9568-3fdda6c30769\QM5_41398\20260909_135814\raw\run_01\report.htm
2018.12.31 17:00:00,213,USDJPY.DWX,buy,out,6.69,110.020,321,-16.73,0.00,1 739.08,101 790.39,qm_tm_close,2018-12-31T17:00:00,2018-12-31T15:00:00Z,winter_US_standard,17,15,18,214,D:\QM\reports\work_items\2fc84747-27db-5e88-9568-3fdda6c30769\QM5_41398\20260909_135814\raw\run_01\report.htm
2019.01.03 05:11:26,214,USDJPY.DWX,sell,in,1.38,107.072,323,-3.45,0.00,0.00,101 786.94,BALKE_RANGE_SELL_STOP,2019-01-03T05:11:26,2019-01-03T03:11:26Z,winter_US_standard,5,3,6,215,D:\QM\reports\work_items\2fc84747-27db-5e88-9568-3fdda6c30769\QM5_41398\20260909_135814\raw\run_01\report.htm
2019.01.03 10:30:25,215,USDJPY.DWX,buy,out,1.38,107.853,324,-3.45,0.00,-999.30,100 784.19,sl 107.853,2019-01-03T10:30:25,2019-01-03T08:30:25Z,winter_US_standard,10,8,11,216,D:\QM\reports\work_items\2fc84747-27db-5e88-9568-3fdda6c30769\QM5_41398\20260909_135814\raw\run_01\report.htm
2019.01.04 05:05:13,216,USDJPY.DWX,buy,in,1.57,108.193,325,-3.93,0.00,0.00,100 780.26,BALKE_RANGE_BUY_STOP,2019-01-04T05:05:13,2019-01-04T03:05:13Z,winter_US_standard,5,3,6,217,D:\QM\reports\work_items\2fc84747-27db-5e88-9568-3fdda6c30769\QM5_41398\20260909_135814\raw\run_01\report.htm
2019.01.04 18:00:00,217,USDJPY.DWX,sell,out,1.57,108.109,327,-3.93,0.00,-121.99,100 654.34,qm_tm_close,2019-01-04T18:00:00,2019-01-04T16:00:00Z,winter_US_standard,18,16,19,218,D:\QM\reports\work_items\2fc84747-27db-5e88-9568-3fdda6c30769\QM5_41398\20260909_135814\raw\run_01\report.htm
2019.01.07 05:06:01,218,USDJPY.DWX,sell,in,2.92,108.233,329,-7.30,0.00,0.00,100 647.04,BALKE_RANGE_SELL_STOP,2019-01-07T05:06:01,2019-01-07T03:06:01Z,winter_US_standard,5,3,6,219,D:\QM\reports\work_items\2fc84747-27db-5e88-9568-3fdda6c30769\QM5_41398\20260909_135814\raw\run_01\report.htm
2019.01.07 17:00:00,219,USDJPY.DWX,buy,out,2.92,108.321,330,-7.30,0.00,-237.22,100 402.52,qm_tm_close,2019-01-07T17:00:00,2019-01-07T15:00:00Z,winter_US_standard,17,15,18,220,D:\QM\reports\work_items\2fc84747-27db-5e88-9568-3fdda6c30769\QM5_41398\20260909_135814\raw\run_01\report.htm
2019.01.08 05:46:21,220,USDJPY.DWX,buy,in,4.15,108.775,331,-10.38,0.00,0.00,100 392.14,BALKE_RANGE_BUY_STOP,2019-01-08T05:46:21,2019-01-08T03:46:21Z,winter_US_standard,5,3,6,221,D:\QM\reports\work_items\2fc84747-27db-5e88-9568-3fdda6c30769\QM5_41398\20260909_135814\raw\run_01\report.htm
2019.01.08 11:30:45,221,USDJPY.DWX,sell,out,4.15,108.824,333,-10.38,0.00,186.86,100 568.62,sl 108.824,2019-01-08T11:30:45,2019-01-08T09:30:45Z,winter_US_standard,11,9,12,222,D:\QM\reports\work_items\2fc84747-27db-5e88-9568-3fdda6c30769\QM5_41398\20260909_135814\raw\run_01\report.htm
2019.01.09 16:03:12,222,USDJPY.DWX,sell,in,3.37,108.679,335,-8.43,0.00,0.00,100 560.19,BALKE_RANGE_SELL_STOP,2019-01-09T16:03:12,2019-01-09T14:03:12Z,winter_US_standard,16,14,17,223,D:\QM\reports\work_items\2fc84747-27db-5e88-9568-3fdda6c30769\QM5_41398\20260909_135814\raw\run_01\report.htm
2019.01.09 17:00:00,223,USDJPY.DWX,buy,out,3.37,108.450,336,-8.43,0.00,711.60,101 263.36,qm_tm_close,2019-01-09T17:00:00,2019-01-09T15:00:00Z,winter_US_standard,17,15,18,224,D:\QM\reports\work_items\2fc84747-27db-5e88-9568-3fdda6c30769\QM5_41398\20260909_135814\raw\run_01\report.htm
2019.01.10 06:00:51,224,USDJPY.DWX,sell,in,2.61,107.843,338,-6.53,0.00,0.00,101 256.83,BALKE_RANGE_SELL_STOP,2019-01-10T06:00:51,2019-01-10T04:00:51Z,winter_US_standard,6,4,7,225,D:\QM\reports\work_items\2fc84747-27db-5e88-9568-3fdda6c30769\QM5_41398\20260909_135814\raw\run_01\report.htm
2019.01.10 17:00:00,225,USDJPY.DWX,buy,out,2.61,108.009,339,-6.53,0.00,-401.13,100 849.17,qm_tm_close,2019-01-10T17:00:00,2019-01-10T15:00:00Z,winter_US_standard,17,15,18,226,D:\QM\reports\work_items\2fc84747-27db-5e88-9568-3fdda6c30769\QM5_41398\20260909_135814\raw\run_01\report.htm
2019.01.11 06:17:08,226,USDJPY.DWX,sell,in,4.88,108.250,341,-12.20,0.00,0.00,100 836.97,BALKE_RANGE_SELL_STOP,2019-01-11T06:17:08,2019-01-11T04:17:08Z,winter_US_standard,6,4,7,227,D:\QM\reports\work_items\2fc84747-27db-5e88-9568-3fdda6c30769\QM5_41398\20260909_135814\raw\run_01\report.htm
2019.01.11 16:22:36,227,USDJPY.DWX,buy,out,4.88,108.472,342,-12.20,0.00,-998.75,99 826.02,sl 108.472,2019-01-11T16:22:36,2019-01-11T14:22:36Z,winter_US_standard,16,14,17,228,D:\QM\reports\work_items\2fc84747-27db-5e88-9568-3fdda6c30769\QM5_41398\20260909_135814\raw\run_01\report.htm
2019.01.14 05:05:02,228,USDJPY.DWX,sell,in,3.44,108.166,344,-8.60,0.00,0.00,99 817.42,BALKE_RANGE_SELL_STOP,2019-01-14T05:05:02,2019-01-14T03:05:02Z,winter_US_standard,5,3,6,229,D:\QM\reports\work_items\2fc84747-27db-5e88-9568-3fdda6c30769\QM5_41398\20260909_135814\raw\run_01\report.htm
2019.01.14 17:00:00,229,USDJPY.DWX,buy,out,3.44,108.178,345,-8.60,0.00,-38.16,99 770.66,qm_tm_close,2019-01-14T17:00:00,2019-01-14T15:00:00Z,winter_US_standard,17,15,18,230,D:\QM\reports\work_items\2fc84747-27db-5e88-9568-3fdda6c30769\QM5_41398\20260909_135814\raw\run_01\report.htm
2019.01.15 05:00:30,230,USDJPY.DWX,buy,in,3.93,108.470,346,-9.83,0.00,0.00,99 760.83,BALKE_RANGE_BUY_STOP,2019-01-15T05:00:30,2019-01-15T03:00:30Z,winter_US_standard,5,3,6,231,D:\QM\reports\work_items\2fc84747-27db-5e88-9568-3fdda6c30769\QM5_41398\20260909_135814\raw\run_01\report.htm
2019.01.15 10:32:09,231,USDJPY.DWX,sell,out,3.93,108.596,348,-9.83,0.00,455.98,100 206.98,sl 108.597,2019-01-15T10:32:09,2019-01-15T08:32:09Z,winter_US_standard,10,8,11,232,D:\QM\reports\work_items\2fc84747-27db-5e88-9568-3fdda6c30769\QM5_41398\20260909_135814\raw\run_01\report.htm
2019.01.16 12:11:44,232,USDJPY.DWX,buy,in,3.61,108.670,349,-9.03,0.00,0.00,100 197.95,BALKE_RANGE_BUY_STOP,2019-01-16T12:11:44,2019-01-16T10:11:44Z,winter_US_standard,12,10,13,233,D:\QM\reports\work_items\2fc84747-27db-5e88-9568-3fdda6c30769\QM5_41398\20260909_135814\raw\run_01\report.htm
2019.01.16 17:00:00,233,USDJPY.DWX,sell,out,3.61,108.848,351,-9.03,0.00,590.35,100 779.27,qm_tm_close,2019-01-16T17:00:00,2019-01-16T15:00:00Z,winter_US_standard,17,15,18,234,D:\QM\reports\work_items\2fc84747-27db-5e88-9568-3fdda6c30769\QM5_41398\20260909_135814\raw\run_01\report.htm
2019.01.18 06:25:50,234,USDJPY.DWX,buy,in,4.07,109.398,352,-10.18,0.00,0.00,100 769.09,BALKE_RANGE_BUY_STOP,2019-01-18T06:25:50,2019-01-18T04:25:50Z,winter_US_standard,6,4,7,235,D:\QM\reports\work_items\2fc84747-27db-5e88-9568-3fdda6c30769\QM5_41398\20260909_135814\raw\run_01\report.htm
2019.01.18 17:00:00,235,USDJPY.DWX,sell,out,4.07,109.521,354,-10.18,0.00,457.09,101 216.00,qm_tm_close,2019-01-18T17:00:00,2019-01-18T15:00:00Z,winter_US_standard,17,15,18,236,D:\QM\reports\work_items\2fc84747-27db-5e88-9568-3fdda6c30769\QM5_41398\20260909_135814\raw\run_01\report.htm
2019.01.24 08:02:22,236,USDJPY.DWX,buy,in,5.31,109.640,357,-13.28,0.00,0.00,101 202.72,BALKE_RANGE_BUY_STOP,2019-01-24T08:02:22,2019-01-24T06:02:22Z,winter_US_standard,8,6,9,237,D:\QM\reports\work_items\2fc84747-27db-5e88-9568-3fdda6c30769\QM5_41398\20260909_135814\raw\run_01\report.htm
2019.01.24 16:40:33,237,USDJPY.DWX,sell,out,5.31,109.434,359,-13.28,0.00,-999.56,100 189.88,sl 109.434,2019-01-24T16:40:33,2019-01-24T14:40:33Z,winter_US_standard,16,14,17,238,D:\QM\reports\work_items\2fc84747-27db-5e88-9568-3fdda6c30769\QM5_41398\20260909_135814\raw\run_01\report.htm
2019.01.25 05:40:43,238,USDJPY.DWX,buy,in,5.21,109.793,360,-13.03,0.00,0.00,100 176.85,BALKE_RANGE_BUY_STOP,2019-01-25T05:40:43,2019-01-25T03:40:43Z,winter_US_standard,5,3,6,239,D:\QM\reports\work_items\2fc84747-27db-5e88-9568-3fdda6c30769\QM5_41398\20260909_135814\raw\run_01\report.htm
2019.01.25 16:56:24,239,USDJPY.DWX,sell,out,5.21,109.583,362,-13.03,0.00,-998.42,99 165.40,sl 109.583,2019-01-25T16:56:24,2019-01-25T14:56:24Z,winter_US_standard,16,14,17,240,D:\QM\reports\work_items\2fc84747-27db-5e88-9568-3fdda6c30769\QM5_41398\20260909_135814\raw\run_01\report.htm
2019.01.28 10:09:39,240,USDJPY.DWX,buy,in,5.93,109.460,363,-14.83,0.00,0.00,99 150.57,BALKE_RANGE_BUY_STOP,2019-01-28T10:09:39,2019-01-28T08:09:39Z,winter_US_standard,10,8,11,241,D:\QM\reports\work_items\2fc84747-27db-5e88-9568-3fdda6c30769\QM5_41398\20260909_135814\raw\run_01\report.htm
2019.01.28 16:39:52,241,USDJPY.DWX,sell,out,5.93,109.264,365,-14.83,0.00,-1 063.74,98 072.00,sl 109.264,2019-01-28T16:39:52,2019-01-28T14:39:52Z,winter_US_standard,16,14,17,242,D:\QM\reports\work_items\2fc84747-27db-5e88-9568-3fdda6c30769\QM5_41398\20260909_135814\raw\run_01\report.htm
2019.01.29 07:33:00,242,USDJPY.DWX,buy,in,6.16,109.309,366,-15.40,0.00,0.00,98 056.60,BALKE_RANGE_BUY_STOP,2019-01-29T07:33:00,2019-01-29T05:33:00Z,winter_US_standard,7,5,8,243,D:\QM\reports\work_items\2fc84747-27db-5e88-9568-3fdda6c30769\QM5_41398\20260909_135814\raw\run_01\report.htm
2019.01.29 16:02:55,243,USDJPY.DWX,sell,out,6.16,109.436,368,-15.40,0.00,714.87,98 756.07,sl 109.436,2019-01-29T16:02:55,2019-01-29T14:02:55Z,winter_US_standard,16,14,17,244,D:\QM\reports\work_items\2fc84747-27db-5e88-9568-3fdda6c30769\QM5_41398\20260909_135814\raw\run_01\report.htm
2019.01.30 13:04:40,244,USDJPY.DWX,buy,in,5.03,109.429,369,-12.58,0.00,0.00,98 743.49,BALKE_RANGE_BUY_STOP,2019-01-30T13:04:40,2019-01-30T11:04:40Z,winter_US_standard,13,11,14,245,D:\QM\reports\work_items\2fc84747-27db-5e88-9568-3fdda6c30769\QM5_41398\20260909_135814\raw\run_01\report.htm
2019.01.30 17:00:00,245,USDJPY.DWX,sell,out,5.03,109.668,371,-12.58,0.00,1 096.19,99 827.10,qm_tm_close,2019-01-30T17:00:00,2019-01-30T15:00:00Z,winter_US_standard,17,15,18,246,D:\QM\reports\work_items\2fc84747-27db-5e88-9568-3fdda6c30769\QM5_41398\20260909_135814\raw\run_01\report.htm
2019.01.31 05:00:26,246,USDJPY.DWX,sell,in,6.72,108.839,373,-16.80,0.00,0.00,99 810.30,BALKE_RANGE_SELL_STOP,2019-01-31T05:00:26,2019-01-31T03:00:26Z,winter_US_standard,5,3,6,247,D:\QM\reports\work_items\2fc84747-27db-5e88-9568-3fdda6c30769\QM5_41398\20260909_135814\raw\run_01\report.htm
2019.01.31 14:53:19,247,USDJPY.DWX,buy,out,6.72,108.666,374,-16.80,0.00,1 069.85,100 863.35,sl 108.664,2019-01-31T14:53:19,2019-01-31T12:53:19Z,winter_US_standard,14,12,15,248,D:\QM\reports\work_items\2fc84747-27db-5e88-9568-3fdda6c30769\QM5_41398\20260909_135814\raw\run_01\report.htm
2019.02.01 09:42:42,248,USDJPY.DWX,buy,in,4.49,108.967,375,-11.23,0.00,0.00,100 852.12,BALKE_RANGE_BUY_STOP,2019-02-01T09:42:42,2019-02-01T07:42:42Z,winter_US_standard,9,7,10,249,D:\QM\reports\work_items\2fc84747-27db-5e88-9568-3fdda6c30769\QM5_41398\20260909_135814\raw\run_01\report.htm
2019.02.01 18:00:00,249,USDJPY.DWX,sell,out,4.49,109.361,377,-11.23,0.00,1 617.63,102 458.52,qm_tm_close,2019-02-01T18:00:00,2019-02-01T16:00:00Z,winter_US_standard,18,16,19,250,D:\QM\reports\work_items\2fc84747-27db-5e88-9568-3fdda6c30769\QM5_41398\20260909_135814\raw\run_01\report.htm
2019.02.04 05:38:12,250,USDJPY.DWX,buy,in,6.71,109.603,378,-16.78,0.00,0.00,102 441.74,BALKE_RANGE_BUY_STOP,2019-02-04T05:38:12,2019-02-04T03:38:12Z,winter_US_standard,5,3,6,251,D:\QM\reports\work_items\2fc84747-27db-5e88-9568-3fdda6c30769\QM5_41398\20260909_135814\raw\run_01\report.htm
2019.02.04 13:53:13,251,USDJPY.DWX,sell,out,6.71,109.848,380,-16.78,0.00,1 496.57,103 921.53,sl 109.848,2019-02-04T13:53:13,2019-02-04T11:53:13Z,winter_US_standard,13,11,14,252,D:\QM\reports\work_items\2fc84747-27db-5e88-9568-3fdda6c30769\QM5_41398\20260909_135814\raw\run_01\report.htm
2019.02.05 06:08:29,252,USDJPY.DWX,sell,in,10.09,109.931,382,-25.23,0.00,0.00,103 896.30,BALKE_RANGE_SELL_STOP,2019-02-05T06:08:29,2019-02-05T04:08:29Z,winter_US_standard,6,4,7,253,D:\QM\reports\work_items\2fc84747-27db-5e88-9568-3fdda6c30769\QM5_41398\20260909_135814\raw\run_01\report.htm
2019.02.05 10:19:26,253,USDJPY.DWX,buy,out,10.09,109.919,383,-25.23,0.00,110.15,103 981.22,sl 109.919,2019-02-05T10:19:26,2019-02-05T08:19:26Z,winter_US_standard,10,8,11,254,D:\QM\reports\work_items\2fc84747-27db-5e88-9568-3fdda6c30769\QM5_41398\20260909_135814\raw\run_01\report.htm
2019.02.08 11:07:36,254,USDJPY.DWX,buy,in,5.65,109.841,384,-14.13,0.00,0.00,103 967.09,BALKE_RANGE_BUY_STOP,2019-02-08T11:07:36,2019-02-08T09:07:36Z,winter_US_standard,11,9,12,255,D:\QM\reports\work_items\2fc84747-27db-5e88-9568-3fdda6c30769\QM5_41398\20260909_135814\raw\run_01\report.htm
2019.02.08 17:00:00,255,USDJPY.DWX,sell,out,5.65,109.731,386,-14.13,0.00,-566.39,103 386.57,qm_tm_close,2019-02-08T17:00:00,2019-02-08T15:00:00Z,winter_US_standard,17,15,18,256,D:\QM\reports\work_items\2fc84747-27db-5e88-9568-3fdda6c30769\QM5_41398\20260909_135814\raw\run_01\report.htm
2019.02.12 05:42:42,256,USDJPY.DWX,buy,in,5.65,110.541,388,-14.13,0.00,0.00,103 372.44,BALKE_RANGE_BUY_STOP,2019-02-12T05:42:42,2019-02-12T03:42:42Z,winter_US_standard,5,3,6,257,D:\QM\reports\work_items\2fc84747-27db-5e88-9568-3fdda6c30769\QM5_41398\20260909_135814\raw\run_01\report.htm
2019.02.12 16:31:59,257,USDJPY.DWX,sell,out,5.65,110.346,390,-14.13,0.00,-998.45,102 359.86,sl 110.346,2019-02-12T16:31:59,2019-02-12T14:31:59Z,winter_US_standard,16,14,17,258,D:\QM\reports\work_items\2fc84747-27db-5e88-9568-3fdda6c30769\QM5_41398\20260909_135814\raw\run_01\report.htm
2019.02.13 05:18:19,258,USDJPY.DWX,buy,in,7.67,110.641,391,-19.18,0.00,0.00,102 340.68,BALKE_RANGE_BUY_STOP,2019-02-13T05:18:19,2019-02-13T03:18:19Z,winter_US_standard,5,3,6,259,D:\QM\reports\work_items\2fc84747-27db-5e88-9568-3fdda6c30769\QM5_41398\20260909_135814\raw\run_01\report.htm
2019.02.13 17:00:00,259,USDJPY.DWX,sell,out,7.67,110.810,393,-19.18,0.00,1 169.78,103 491.28,qm_tm_close,2019-02-13T17:00:00,2019-02-13T15:00:00Z,winter_US_standard,17,15,18,260,D:\QM\reports\work_items\2fc84747-27db-5e88-9568-3fdda6c30769\QM5_41398\20260909_135814\raw\run_01\report.htm
2019.02.14 05:50:04,260,USDJPY.DWX,buy,in,5.77,111.056,394,-14.43,0.00,0.00,103 476.85,BALKE_RANGE_BUY_STOP,2019-02-14T05:50:04,2019-02-14T03:50:04Z,winter_US_standard,5,3,6,261,D:\QM\reports\work_items\2fc84747-27db-5e88-9568-3fdda6c30769\QM5_41398\20260909_135814\raw\run_01\report.htm
2019.02.14 15:30:03,261,USDJPY.DWX,sell,out,5.77,110.862,396,-14.43,0.00,-1 009.71,102 452.71,sl 110.864,2019-02-14T15:30:03,2019-02-14T13:30:03Z,winter_US_standard,15,13,16,262,D:\QM\reports\work_items\2fc84747-27db-5e88-9568-3fdda6c30769\QM5_41398\20260909_135814\raw\run_01\report.htm
2019.02.15 05:00:01,262,USDJPY.DWX,sell,in,4,110.270,398,-10.00,0.00,0.00,102 442.71,BALKE_RANGE_SELL_STOP,2019-02-15T05:00:01,2019-02-15T03:00:01Z,winter_US_standard,5,3,6,263,D:\QM\reports\work_items\2fc84747-27db-5e88-9568-3fdda6c30769\QM5_41398\20260909_135814\raw\run_01\report.htm
2019.02.15 15:21:45,263,USDJPY.DWX,buy,out,4,110.546,399,-10.00,0.00,-998.68,101 434.03,sl 110.546,2019-02-15T15:21:45,2019-02-15T13:21:45Z,winter_US_standard,15,13,16,264,D:\QM\reports\work_items\2fc84747-27db-5e88-9568-3fdda6c30769\QM5_41398\20260909_135814\raw\run_01\report.htm
2019.02.18 08:57:58,264,USDJPY.DWX,buy,in,9.52,110.571,400,-23.80,0.00,0.00,101 410.23,BALKE_RANGE_BUY_STOP,2019-02-18T08:57:58,2019-02-18T06:57:58Z,winter_US_standard,8,6,9,265,D:\QM\reports\work_items\2fc84747-27db-5e88-9568-3fdda6c30769\QM5_41398\20260909_135814\raw\run_01\report.htm
2019.02.18 17:00:00,265,USDJPY.DWX,sell,out,9.52,110.587,402,-23.80,0.00,137.74,101 524.17,qm_tm_close,2019-02-18T17:00:00,2019-02-18T15:00:00Z,winter_US_standard,17,15,18,266,D:\QM\reports\work_items\2fc84747-27db-5e88-9568-3fdda6c30769\QM5_41398\20260909_135814\raw\run_01\report.htm
2019.02.21 05:00:00,266,USDJPY.DWX,buy,in,4.22,110.852,403,-10.55,0.00,0.00,101 513.62,BALKE_RANGE_BUY_STOP,2019-02-21T05:00:00,2019-02-21T03:00:00Z,winter_US_standard,5,3,6,267,D:\QM\reports\work_items\2fc84747-27db-5e88-9568-3fdda6c30769\QM5_41398\20260909_135814\raw\run_01\report.htm
2019.02.21 15:30:28,267,USDJPY.DWX,sell,out,4.22,110.590,405,-10.55,0.00,-999.76,100 503.31,sl 110.590,2019-02-21T15:30:28,2019-02-21T13:30:28Z,winter_US_standard,15,13,16,268,D:\QM\reports\work_items\2fc84747-27db-5e88-9568-3fdda6c30769\QM5_41398\20260909_135814\raw\run_01\report.htm
2019.02.22 06:24:00,268,USDJPY.DWX,buy,in,7.9,110.769,406,-19.75,0.00,0.00,100 483.56,BALKE_RANGE_BUY_STOP,2019-02-22T06:24:00,2019-02-22T04:24:00Z,winter_US_standard,6,4,7,269,D:\QM\reports\work_items\2fc84747-27db-5e88-9568-3fdda6c30769\QM5_41398\20260909_135814\raw\run_01\report.htm
2019.02.22 19:01:12,269,USDJPY.DWX,sell,out,7.9,110.626,408,-19.75,0.00,-1 021.19,99 442.62,sl 110.626,2019-02-22T19:01:12,2019-02-22T17:01:12Z,winter_US_standard,19,17,20,270,D:\QM\reports\work_items\2fc84747-27db-5e88-9568-3fdda6c30769\QM5_41398\20260909_135814\raw\run_01\report.htm
2019.02.25 08:06:27,270,USDJPY.DWX,sell,in,3.97,110.580,410,-9.93,0.00,0.00,99 432.69,BALKE_RANGE_SELL_STOP,2019-02-25T08:06:27,2019-02-25T06:06:27Z,winter_US_standard,8,6,9,271,D:\QM\reports\work_items\2fc84747-27db-5e88-9568-3fdda6c30769\QM5_41398\20260909_135814\raw\run_01\report.htm
2019.02.25 17:00:00,271,USDJPY.DWX,buy,out,3.97,110.831,411,-9.93,0.00,-899.09,98 523.67,qm_tm_close,2019-02-25T17:00:00,2019-02-25T15:00:00Z,winter_US_standard,17,15,18,272,D:\QM\reports\work_items\2fc84747-27db-5e88-9568-3fdda6c30769\QM5_41398\20260909_135814\raw\run_01\report.htm
2019.02.27 06:28:37,272,USDJPY.DWX,buy,in,10.52,110.618,412,-26.30,0.00,0.00,98 497.37,BALKE_RANGE_BUY_STOP,2019-02-27T06:28:37,2019-02-27T04:28:37Z,winter_US_standard,6,4,7,273,D:\QM\reports\work_items\2fc84747-27db-5e88-9568-3fdda6c30769\QM5_41398\20260909_135814\raw\run_01\report.htm
2019.02.27 08:30:37,273,USDJPY.DWX,sell,out,10.52,110.513,414,-26.30,0.00,-999.52,97 471.55,sl 110.513,2019-02-27T08:30:37,2019-02-27T06:30:37Z,winter_US_standard,8,6,9,274,D:\QM\reports\work_items\2fc84747-27db-5e88-9568-3fdda6c30769\QM5_41398\20260909_135814\raw\run_01\report.htm
2019.02.28 07:13:44,274,USDJPY.DWX,buy,in,9.08,110.939,415,-22.70,0.00,0.00,97 448.85,BALKE_RANGE_BUY_STOP,2019-02-28T07:13:44,2019-02-28T05:13:44Z,winter_US_standard,7,5,8,275,D:\QM\reports\work_items\2fc84747-27db-5e88-9568-3fdda6c30769\QM5_41398\20260909_135814\raw\run_01\report.htm
2019.02.28 07:57:20,275,USDJPY.DWX,sell,out,9.08,110.817,417,-22.70,0.00,-999.63,96 426.52,sl 110.817,2019-02-28T07:57:20,2019-02-28T05:57:20Z,winter_US_standard,7,5,8,276,D:\QM\reports\work_items\2fc84747-27db-5e88-9568-3fdda6c30769\QM5_41398\20260909_135814\raw\run_01\report.htm
2019.03.04 09:50:44,276,USDJPY.DWX,sell,in,10.98,111.911,419,-27.45,0.00,0.00,96 399.07,BALKE_RANGE_SELL_STOP,2019-03-04T09:50:44,2019-03-04T07:50:44Z,winter_US_standard,9,7,10,277,D:\QM\reports\work_items\2fc84747-27db-5e88-9568-3fdda6c30769\QM5_41398\20260909_135814\raw\run_01\report.htm
2019.03.04 17:00:00,277,USDJPY.DWX,buy,out,10.98,111.952,420,-27.45,0.00,-402.12,95 969.50,qm_tm_close,2019-03-04T17:00:00,2019-03-04T15:00:00Z,winter_US_standard,17,15,18,278,D:\QM\reports\work_items\2fc84747-27db-5e88-9568-3fdda6c30769\QM5_41398\20260909_135814\raw\run_01\report.htm
2019.03.05 06:05:43,278,USDJPY.DWX,buy,in,6.35,111.937,421,-15.88,0.00,0.00,95 953.62,BALKE_RANGE_BUY_STOP,2019-03-05T06:05:43,2019-03-05T04:05:43Z,winter_US_standard,6,4,7,279,D:\QM\reports\work_items\2fc84747-27db-5e88-9568-3fdda6c30769\QM5_41398\20260909_135814\raw\run_01\report.htm
2019.03.05 17:00:00,279,USDJPY.DWX,sell,out,6.35,111.829,423,-15.88,0.00,-613.26,95 324.48,qm_tm_close,2019-03-05T17:00:00,2019-03-05T15:00:00Z,winter_US_standard,17,15,18,280,D:\QM\reports\work_items\2fc84747-27db-5e88-9568-3fdda6c30769\QM5_41398\20260909_135814\raw\run_01\report.htm
2019.03.06 11:15:05,280,USDJPY.DWX,buy,in,7.54,111.873,424,-18.85,0.00,0.00,95 305.63,BALKE_RANGE_BUY_STOP,2019-03-06T11:15:05,2019-03-06T09:15:05Z,winter_US_standard,11,9,12,281,D:\QM\reports\work_items\2fc84747-27db-5e88-9568-3fdda6c30769\QM5_41398\20260909_135814\raw\run_01\report.htm
2019.03.06 16:49:29,281,USDJPY.DWX,sell,out,7.54,111.724,426,-18.85,0.00,-1 005.57,94 281.21,sl 111.725,2019-03-06T16:49:29,2019-03-06T14:49:29Z,winter_US_standard,16,14,17,282,D:\QM\reports\work_items\2fc84747-27db-5e88-9568-3fdda6c30769\QM5_41398\20260909_135814\raw\run_01\report.htm
2019.03.07 05:14:35,282,USDJPY.DWX,buy,in,9.78,111.688,427,-24.45,0.00,0.00,94 256.76,BALKE_RANGE_BUY_STOP,2019-03-07T05:14:35,2019-03-07T03:14:35Z,winter_US_standard,5,3,6,283,D:\QM\reports\work_items\2fc84747-27db-5e88-9568-3fdda6c30769\QM5_41398\20260909_135814\raw\run_01\report.htm
2019.03.07 16:31:45,283,USDJPY.DWX,sell,out,9.78,111.696,429,-24.45,0.00,70.05,94 302.36,sl 111.696,2019-03-07T16:31:45,2019-03-07T14:31:45Z,winter_US_standard,16,14,17,284,D:\QM\reports\work_items\2fc84747-27db-5e88-9568-3fdda6c30769\QM5_41398\20260909_135814\raw\run_01\report.htm
2019.03.08 05:01:00,284,USDJPY.DWX,sell,in,5.52,111.445,431,-13.80,0.00,0.00,94 288.56,BALKE_RANGE_SELL_STOP,2019-03-08T05:01:00,2019-03-08T03:01:00Z,winter_US_standard,5,3,6,285,D:\QM\reports\work_items\2fc84747-27db-5e88-9568-3fdda6c30769\QM5_41398\20260909_135814\raw\run_01\report.htm
2019.03.08 11:41:19,285,USDJPY.DWX,buy,out,5.52,111.100,432,-13.80,0.00,1 714.13,95 988.89,sl 111.098,2019-03-08T11:41:19,2019-03-08T09:41:19Z,winter_US_standard,11,9,12,286,D:\QM\reports\work_items\2fc84747-27db-5e88-9568-3fdda6c30769\QM5_41398\20260909_135814\raw\run_01\report.htm
2019.03.11 06:07:51,286,USDJPY.DWX,buy,in,4.54,111.125,433,-11.35,0.00,0.00,95 977.54,BALKE_RANGE_BUY_STOP,2019-03-11T06:07:51,2019-03-11T03:07:51Z,summer_US_DST,6,3,6,287,D:\QM\reports\work_items\2fc84747-27db-5e88-9568-3fdda6c30769\QM5_41398\20260909_135814\raw\run_01\report.htm
2019.03.11 18:00:00,287,USDJPY.DWX,sell,out,4.54,111.200,435,-11.35,0.00,306.21,96 272.40,qm_tm_close,2019-03-11T18:00:00,2019-03-11T15:00:00Z,summer_US_DST,18,15,18,288,D:\QM\reports\work_items\2fc84747-27db-5e88-9568-3fdda6c30769\QM5_41398\20260909_135814\raw\run_01\report.htm
2019.03.12 09:04:50,288,USDJPY.DWX,sell,in,7.09,111.296,437,-17.73,0.00,0.00,96 254.67,BALKE_RANGE_SELL_STOP,2019-03-12T09:04:50,2019-03-12T06:04:50Z,summer_US_DST,9,6,9,289,D:\QM\reports\work_items\2fc84747-27db-5e88-9568-3fdda6c30769\QM5_41398\20260909_135814\raw\run_01\report.htm
2019.03.12 12:04:51,289,USDJPY.DWX,buy,out,7.09,111.453,438,-17.73,0.00,-998.74,95 238.20,sl 111.453,2019-03-12T12:04:51,2019-03-12T09:04:51Z,summer_US_DST,12,9,12,290,D:\QM\reports\work_items\2fc84747-27db-5e88-9568-3fdda6c30769\QM5_41398\20260909_135814\raw\run_01\report.htm
2019.03.13 11:08:05,290,USDJPY.DWX,buy,in,4.68,111.379,439,-11.70,0.00,0.00,95 226.50,BALKE_RANGE_BUY_STOP,2019-03-13T11:08:05,2019-03-13T08:08:05Z,summer_US_DST,11,8,11,291,D:\QM\reports\work_items\2fc84747-27db-5e88-9568-3fdda6c30769\QM5_41398\20260909_135814\raw\run_01\report.htm
2019.03.13 18:00:00,291,USDJPY.DWX,sell,out,4.68,111.335,441,-11.70,0.00,-184.96,95 029.84,qm_tm_close,2019-03-13T18:00:00,2019-03-13T15:00:00Z,summer_US_DST,18,15,18,292,D:\QM\reports\work_items\2fc84747-27db-5e88-9568-3fdda6c30769\QM5_41398\20260909_135814\raw\run_01\report.htm
2019.03.18 10:57:19,292,USDJPY.DWX,sell,in,8.93,111.503,443,-22.33,0.00,0.00,95 007.51,BALKE_RANGE_SELL_STOP,2019-03-18T10:57:19,2019-03-18T07:57:19Z,summer_US_DST,10,7,10,293,D:\QM\reports\work_items\2fc84747-27db-5e88-9568-3fdda6c30769\QM5_41398\20260909_135814\raw\run_01\report.htm
2019.03.18 18:00:03,293,USDJPY.DWX,buy,out,8.93,111.539,444,-22.33,0.00,-288.22,94 696.96,qm_tm_close,2019-03-18T18:00:03,2019-03-18T15:00:03Z,summer_US_DST,18,15,18,294,D:\QM\reports\work_items\2fc84747-27db-5e88-9568-3fdda6c30769\QM5_41398\20260909_135814\raw\run_01\report.htm
2019.03.21 06:01:24,294,USDJPY.DWX,sell,in,5.7,110.544,446,-14.25,0.00,0.00,94 682.71,BALKE_RANGE_SELL_STOP,2019-03-21T06:01:24,2019-03-21T03:01:24Z,summer_US_DST,6,3,6,295,D:\QM\reports\work_items\2fc84747-27db-5e88-9568-3fdda6c30769\QM5_41398\20260909_135814\raw\run_01\report.htm
2019.03.21 12:56:31,295,USDJPY.DWX,buy,out,5.7,110.488,447,-14.25,0.00,288.90,94 957.36,sl 110.488,2019-03-21T12:56:31,2019-03-21T09:56:31Z,summer_US_DST,12,9,12,296,D:\QM\reports\work_items\2fc84747-27db-5e88-9568-3fdda6c30769\QM5_41398\20260909_135814\raw\run_01\report.htm
2019.03.22 11:35:56,296,USDJPY.DWX,sell,in,4.5,110.651,449,-11.25,0.00,0.00,94 946.11,BALKE_RANGE_SELL_STOP,2019-03-22T11:35:56,2019-03-22T08:35:56Z,summer_US_DST,11,8,11,297,D:\QM\reports\work_items\2fc84747-27db-5e88-9568-3fdda6c30769\QM5_41398\20260909_135814\raw\run_01\report.htm
2019.03.22 18:00:00,297,USDJPY.DWX,buy,out,4.5,109.903,450,-11.25,0.00,3 062.70,97 997.56,qm_tm_close,2019-03-22T18:00:00,2019-03-22T15:00:00Z,summer_US_DST,18,15,18,298,D:\QM\reports\work_items\2fc84747-27db-5e88-9568-3fdda6c30769\QM5_41398\20260909_135814\raw\run_01\report.htm
2019.03.25 11:36:42,298,USDJPY.DWX,buy,in,2.55,110.138,451,-6.38,0.00,0.00,97 991.18,BALKE_RANGE_BUY_STOP,2019-03-25T11:36:42,2019-03-25T08:36:42Z,summer_US_DST,11,8,11,299,D:\QM\reports\work_items\2fc84747-27db-5e88-9568-3fdda6c30769\QM5_41398\20260909_135814\raw\run_01\report.htm
2019.03.25 18:00:00,299,USDJPY.DWX,sell,out,2.55,110.062,453,-6.38,0.00,-176.08,97 808.72,qm_tm_close,2019-03-25T18:00:00,2019-03-25T15:00:00Z,summer_US_DST,18,15,18,300,D:\QM\reports\work_items\2fc84747-27db-5e88-9568-3fdda6c30769\QM5_41398\20260909_135814\raw\run_01\report.htm
2019.03.26 06:05:33,300,USDJPY.DWX,sell,in,5.2,110.032,455,-13.00,0.00,0.00,97 795.72,BALKE_RANGE_SELL_STOP,2019-03-26T06:05:33,2019-03-26T03:05:33Z,summer_US_DST,6,3,6,301,D:\QM\reports\work_items\2fc84747-27db-5e88-9568-3fdda6c30769\QM5_41398\20260909_135814\raw\run_01\report.htm
2019.03.26 12:29:16,301,USDJPY.DWX,buy,out,5.2,110.247,456,-13.00,0.00,-1 014.09,96 768.63,sl 110.244,2019-03-26T12:29:16,2019-03-26T09:29:16Z,summer_US_DST,12,9,12,302,D:\QM\reports\work_items\2fc84747-27db-5e88-9568-3fdda6c30769\QM5_41398\20260909_135814\raw\run_01\report.htm
2019.03.27 07:27:47,302,USDJPY.DWX,buy,in,6.34,110.581,457,-15.85,0.00,0.00,96 752.78,BALKE_RANGE_BUY_STOP,2019-03-27T07:27:47,2019-03-27T04:27:47Z,summer_US_DST,7,4,7,303,D:\QM\reports\work_items\2fc84747-27db-5e88-9568-3fdda6c30769\QM5_41398\20260909_135814\raw\run_01\report.htm
2019.03.27 13:01:20,303,USDJPY.DWX,sell,out,6.34,110.406,459,-15.85,0.00,-1 004.93,95 732.00,sl 110.407,2019-03-27T13:01:20,2019-03-27T10:01:20Z,summer_US_DST,13,10,13,304,D:\QM\reports\work_items\2fc84747-27db-5e88-9568-3fdda6c30769\QM5_41398\20260909_135814\raw\run_01\report.htm
2019.04.01 12:14:36,304,USDJPY.DWX,sell,in,4.96,110.960,461,-12.40,0.00,0.00,95 719.60,BALKE_RANGE_SELL_STOP,2019-04-01T12:14:36,2019-04-01T09:14:36Z,summer_US_DST,12,9,12,305,D:\QM\reports\work_items\2fc84747-27db-5e88-9568-3fdda6c30769\QM5_41398\20260909_135814\raw\run_01\report.htm
2019.04.01 17:20:18,305,USDJPY.DWX,buy,out,4.96,111.185,462,-12.40,0.00,-1 003.73,94 703.47,sl 111.184,2019-04-01T17:20:18,2019-04-01T14:20:18Z,summer_US_DST,17,14,17,306,D:\QM\reports\work_items\2fc84747-27db-5e88-9568-3fdda6c30769\QM5_41398\20260909_135814\raw\run_01\report.htm
2019.04.02 09:14:29,306,USDJPY.DWX,sell,in,6.96,111.289,464,-17.40,0.00,0.00,94 686.07,BALKE_RANGE_SELL_STOP,2019-04-02T09:14:29,2019-04-02T06:14:29Z,summer_US_DST,9,6,9,307,D:\QM\reports\work_items\2fc84747-27db-5e88-9568-3fdda6c30769\QM5_41398\20260909_135814\raw\run_01\report.htm
2019.04.02 18:00:00,307,USDJPY.DWX,buy,out,6.96,111.306,465,-17.40,0.00,-106.30,94 562.37,qm_tm_close,2019-04-02T18:00:00,2019-04-02T15:00:00Z,summer_US_DST,18,15,18,308,D:\QM\reports\work_items\2fc84747-27db-5e88-9568-3fdda6c30769\QM5_41398\20260909_135814\raw\run_01\report.htm
2019.04.04 09:37:22,308,USDJPY.DWX,sell,in,6.67,111.354,467,-16.68,0.00,0.00,94 545.69,BALKE_RANGE_SELL_STOP,2019-04-04T09:37:22,2019-04-04T06:37:22Z,summer_US_DST,9,6,9,309,D:\QM\reports\work_items\2fc84747-27db-5e88-9568-3fdda6c30769\QM5_41398\20260909_135814\raw\run_01\report.htm
2019.04.04 16:08:54,309,USDJPY.DWX,buy,out,6.67,111.521,468,-16.68,0.00,-998.82,93 530.19,sl 111.521,2019-04-04T16:08:54,2019-04-04T13:08:54Z,summer_US_DST,16,13,16,310,D:\QM\reports\work_items\2fc84747-27db-5e88-9568-3fdda6c30769\QM5_41398\20260909_135814\raw\run_01\report.htm
2019.04.05 09:52:58,310,USDJPY.DWX,sell,in,7.16,111.645,470,-17.90,0.00,0.00,93 512.29,BALKE_RANGE_SELL_STOP,2019-04-05T09:52:58,2019-04-05T06:52:58Z,summer_US_DST,9,6,9,311,D:\QM\reports\work_items\2fc84747-27db-5e88-9568-3fdda6c30769\QM5_41398\20260909_135814\raw\run_01\report.htm
2019.04.05 15:43:35,311,USDJPY.DWX,buy,out,7.16,111.801,471,-17.90,0.00,-999.06,92 495.33,sl 111.801,2019-04-05T15:43:35,2019-04-05T12:43:35Z,summer_US_DST,15,12,15,312,D:\QM\reports\work_items\2fc84747-27db-5e88-9568-3fdda6c30769\QM5_41398\20260909_135814\raw\run_01\report.htm
2019.04.10 10:43:25,312,USDJPY.DWX,buy,in,7.16,111.230,472,-17.90,0.00,0.00,92 477.43,BALKE_RANGE_BUY_STOP,2019-04-10T10:43:25,2019-04-10T07:43:25Z,summer_US_DST,10,7,10,313,D:\QM\reports\work_items\2fc84747-27db-5e88-9568-3fdda6c30769\QM5_41398\20260909_135814\raw\run_01\report.htm
2019.04.10 16:30:32,313,USDJPY.DWX,sell,out,7.16,111.075,474,-17.90,0.00,-999.14,91 460.39,sl 111.075,2019-04-10T16:30:32,2019-04-10T13:30:32Z,summer_US_DST,16,13,16,314,D:\QM\reports\work_items\2fc84747-27db-5e88-9568-3fdda6c30769\QM5_41398\20260909_135814\raw\run_01\report.htm
2019.04.11 09:34:18,314,USDJPY.DWX,buy,in,7.65,111.131,475,-19.13,0.00,0.00,91 441.26,BALKE_RANGE_BUY_STOP,2019-04-11T09:34:18,2019-04-11T06:34:18Z,summer_US_DST,9,6,9,315,D:\QM\reports\work_items\2fc84747-27db-5e88-9568-3fdda6c30769\QM5_41398\20260909_135814\raw\run_01\report.htm
2019.04.11 18:00:00,315,USDJPY.DWX,sell,out,7.65,111.483,477,-19.13,0.00,2 415.44,93 837.57,qm_tm_close,2019-04-11T18:00:00,2019-04-11T15:00:00Z,summer_US_DST,18,15,18,316,D:\QM\reports\work_items\2fc84747-27db-5e88-9568-3fdda6c30769\QM5_41398\20260909_135814\raw\run_01\report.htm
2019.04.12 08:43:34,316,USDJPY.DWX,buy,in,6.23,111.816,478,-15.58,0.00,0.00,93 821.99,BALKE_RANGE_BUY_STOP,2019-04-12T08:43:34,2019-04-12T05:43:34Z,summer_US_DST,8,5,8,317,D:\QM\reports\work_items\2fc84747-27db-5e88-9568-3fdda6c30769\QM5_41398\20260909_135814\raw\run_01\report.htm
2019.04.12 18:00:00,317,USDJPY.DWX,sell,out,6.23,111.972,480,-15.58,0.00,867.97,94 674.38,qm_tm_close,2019-04-12T18:00:00,2019-04-12T15:00:00Z,summer_US_DST,18,15,18,318,D:\QM\reports\work_items\2fc84747-27db-5e88-9568-3fdda6c30769\QM5_41398\20260909_135814\raw\run_01\report.htm
2019.04.15 06:30:01,318,USDJPY.DWX,sell,in,7.32,111.942,482,-18.30,0.00,0.00,94 656.08,BALKE_RANGE_SELL_STOP,2019-04-15T06:30:01,2019-04-15T03:30:01Z,summer_US_DST,6,3,6,319,D:\QM\reports\work_items\2fc84747-27db-5e88-9568-3fdda6c30769\QM5_41398\20260909_135814\raw\run_01\report.htm
2019.04.15 18:00:00,319,USDJPY.DWX,buy,out,7.32,112.005,483,-18.30,0.00,-411.73,94 226.05,qm_tm_close,2019-04-15T18:00:00,2019-04-15T15:00:00Z,summer_US_DST,18,15,18,320,D:\QM\reports\work_items\2fc84747-27db-5e88-9568-3fdda6c30769\QM5_41398\20260909_135814\raw\run_01\report.htm
2019.04.16 09:57:24,320,USDJPY.DWX,sell,in,7.22,111.889,485,-18.05,0.00,0.00,94 208.00,BALKE_RANGE_SELL_STOP,2019-04-16T09:57:24,2019-04-16T06:57:24Z,summer_US_DST,9,6,9,321,D:\QM\reports\work_items\2fc84747-27db-5e88-9568-3fdda6c30769\QM5_41398\20260909_135814\raw\run_01\report.htm
2019.04.16 15:35:50,321,USDJPY.DWX,buy,out,7.22,112.044,486,-18.05,0.00,-998.80,93 191.15,sl 112.044,2019-04-16T15:35:50,2019-04-16T12:35:50Z,summer_US_DST,15,12,15,322,D:\QM\reports\work_items\2fc84747-27db-5e88-9568-3fdda6c30769\QM5_41398\20260909_135814\raw\run_01\report.htm
2019.04.18 06:30:43,322,USDJPY.DWX,sell,in,7.57,111.897,488,-18.93,0.00,0.00,93 172.22,BALKE_RANGE_SELL_STOP,2019-04-18T06:30:43,2019-04-18T03:30:43Z,summer_US_DST,6,3,6,323,D:\QM\reports\work_items\2fc84747-27db-5e88-9568-3fdda6c30769\QM5_41398\20260909_135814\raw\run_01\report.htm
2019.04.18 18:00:00,323,USDJPY.DWX,buy,out,7.57,111.881,489,-18.93,0.00,108.26,93 261.55,qm_tm_close,2019-04-18T18:00:00,2019-04-18T15:00:00Z,summer_US_DST,18,15,18,324,D:\QM\reports\work_items\2fc84747-27db-5e88-9568-3fdda6c30769\QM5_41398\20260909_135814\raw\run_01\report.htm
2019.04.24 06:55:16,324,USDJPY.DWX,sell,in,6.54,111.811,493,-16.35,0.00,0.00,93 245.20,BALKE_RANGE_SELL_STOP,2019-04-24T06:55:16,2019-04-24T03:55:16Z,summer_US_DST,6,3,6,325,D:\QM\reports\work_items\2fc84747-27db-5e88-9568-3fdda6c30769\QM5_41398\20260909_135814\raw\run_01\report.htm
2019.04.24 18:00:00,325,USDJPY.DWX,buy,out,6.54,111.740,494,-16.35,0.00,415.55,93 644.40,qm_tm_close,2019-04-24T18:00:00,2019-04-24T15:00:00Z,summer_US_DST,18,15,18,326,D:\QM\reports\work_items\2fc84747-27db-5e88-9568-3fdda6c30769\QM5_41398\20260909_135814\raw\run_01\report.htm
2019.04.29 09:24:22,326,USDJPY.DWX,buy,in,17.43,111.640,495,-43.58,0.00,0.00,93 600.82,BALKE_RANGE_BUY_STOP,2019-04-29T09:24:22,2019-04-29T06:24:22Z,summer_US_DST,9,6,9,327,D:\QM\reports\work_items\2fc84747-27db-5e88-9568-3fdda6c30769\QM5_41398\20260909_135814\raw\run_01\report.htm
2019.04.29 15:30:03,327,USDJPY.DWX,sell,out,17.43,111.707,497,-43.58,0.00,1 045.42,94 602.66,sl 111.708,2019-04-29T15:30:03,2019-04-29T12:30:03Z,summer_US_DST,15,12,15,328,D:\QM\reports\work_items\2fc84747-27db-5e88-9568-3fdda6c30769\QM5_41398\20260909_135814\raw\run_01\report.htm
2019.04.30 07:18:08,328,USDJPY.DWX,sell,in,8.33,111.553,499,-20.83,0.00,0.00,94 581.83,BALKE_RANGE_SELL_STOP,2019-04-30T07:18:08,2019-04-30T04:18:08Z,summer_US_DST,7,4,7,329,D:\QM\reports\work_items\2fc84747-27db-5e88-9568-3fdda6c30769\QM5_41398\20260909_135814\raw\run_01\report.htm
2019.04.30 12:19:22,329,USDJPY.DWX,buy,out,8.33,111.427,500,-20.83,0.00,941.94,95 502.94,sl 111.427,2019-04-30T12:19:22,2019-04-30T09:19:22Z,summer_US_DST,12,9,12,330,D:\QM\reports\work_items\2fc84747-27db-5e88-9568-3fdda6c30769\QM5_41398\20260909_135814\raw\run_01\report.htm
2019.05.01 06:04:19,330,USDJPY.DWX,buy,in,16.14,111.458,501,-40.35,0.00,0.00,95 462.59,BALKE_RANGE_BUY_STOP,2019-05-01T06:04:19,2019-05-01T03:04:19Z,summer_US_DST,6,3,6,331,D:\QM\reports\work_items\2fc84747-27db-5e88-9568-3fdda6c30769\QM5_41398\20260909_135814\raw\run_01\report.htm
2019.05.01 10:35:25,331,USDJPY.DWX,sell,out,16.14,111.468,503,-40.35,0.00,144.79,95 567.03,sl 111.468,2019-05-01T10:35:25,2019-05-01T07:35:25Z,summer_US_DST,10,7,10,332,D:\QM\reports\work_items\2fc84747-27db-5e88-9568-3fdda6c30769\QM5_41398\20260909_135814\raw\run_01\report.htm
2019.05.03 06:00:15,332,USDJPY.DWX,buy,in,12.24,111.497,505,-30.60,0.00,0.00,95 536.43,BALKE_RANGE_BUY_STOP,2019-05-03T06:00:15,2019-05-03T03:00:15Z,summer_US_DST,6,3,6,333,D:\QM\reports\work_items\2fc84747-27db-5e88-9568-3fdda6c30769\QM5_41398\20260909_135814\raw\run_01\report.htm
2019.05.03 16:02:42,333,USDJPY.DWX,sell,out,12.24,111.406,507,-30.60,0.00,-999.80,94 506.03,sl 111.406,2019-05-03T16:02:42,2019-05-03T13:02:42Z,summer_US_DST,16,13,16,334,D:\QM\reports\work_items\2fc84747-27db-5e88-9568-3fdda6c30769\QM5_41398\20260909_135814\raw\run_01\report.htm
2019.05.06 07:55:26,334,USDJPY.DWX,buy,in,2.55,110.712,508,-6.38,0.00,0.00,94 499.65,BALKE_RANGE_BUY_STOP,2019-05-06T07:55:26,2019-05-06T04:55:26Z,summer_US_DST,7,4,7,335,D:\QM\reports\work_items\2fc84747-27db-5e88-9568-3fdda6c30769\QM5_41398\20260909_135814\raw\run_01\report.htm
2019.05.06 18:00:00,335,USDJPY.DWX,sell,out,2.55,110.876,510,-6.38,0.00,377.18,94 870.45,qm_tm_close,2019-05-06T18:00:00,2019-05-06T15:00:00Z,summer_US_DST,18,15,18,336,D:\QM\reports\work_items\2fc84747-27db-5e88-9568-3fdda6c30769\QM5_41398\20260909_135814\raw\run_01\report.htm
2019.05.07 06:36:00,336,USDJPY.DWX,sell,in,4.97,110.628,512,-12.43,0.00,0.00,94 858.02,BALKE_RANGE_SELL_STOP,2019-05-07T06:36:00,2019-05-07T03:36:00Z,summer_US_DST,6,3,6,337,D:\QM\reports\work_items\2fc84747-27db-5e88-9568-3fdda6c30769\QM5_41398\20260909_135814\raw\run_01\report.htm
2019.05.07 18:00:00,337,USDJPY.DWX,buy,out,4.97,110.397,513,-12.43,0.00,1 039.95,95 885.54,qm_tm_close,2019-05-07T18:00:00,2019-05-07T15:00:00Z,summer_US_DST,18,15,18,338,D:\QM\reports\work_items\2fc84747-27db-5e88-9568-3fdda6c30769\QM5_41398\20260909_135814\raw\run_01\report.htm
2019.05.09 09:48:46,338,USDJPY.DWX,sell,in,4.35,109.829,515,-10.88,0.00,0.00,95 874.66,BALKE_RANGE_SELL_STOP,2019-05-09T09:48:46,2019-05-09T06:48:46Z,summer_US_DST,9,6,9,339,D:\QM\reports\work_items\2fc84747-27db-5e88-9568-3fdda6c30769\QM5_41398\20260909_135814\raw\run_01\report.htm
2019.05.09 18:00:00,339,USDJPY.DWX,buy,out,4.35,109.563,516,-10.88,0.00,1 056.10,96 919.88,qm_tm_close,2019-05-09T18:00:00,2019-05-09T15:00:00Z,summer_US_DST,18,15,18,340,D:\QM\reports\work_items\2fc84747-27db-5e88-9568-3fdda6c30769\QM5_41398\20260909_135814\raw\run_01\report.htm
2019.05.10 06:16:54,340,USDJPY.DWX,sell,in,3.63,109.746,518,-9.08,0.00,0.00,96 910.80,BALKE_RANGE_SELL_STOP,2019-05-10T06:16:54,2019-05-10T03:16:54Z,summer_US_DST,6,3,6,341,D:\QM\reports\work_items\2fc84747-27db-5e88-9568-3fdda6c30769\QM5_41398\20260909_135814\raw\run_01\report.htm
2019.05.10 18:00:00,341,USDJPY.DWX,buy,out,3.63,109.584,519,-9.08,0.00,536.63,97 438.35,qm_tm_close,2019-05-10T18:00:00,2019-05-10T15:00:00Z,summer_US_DST,18,15,18,342,D:\QM\reports\work_items\2fc84747-27db-5e88-9568-3fdda6c30769\QM5_41398\20260909_135814\raw\run_01\report.htm
2019.05.13 11:11:30,342,USDJPY.DWX,sell,in,5.22,109.596,521,-13.05,0.00,0.00,97 425.30,BALKE_RANGE_SELL_STOP,2019-05-13T11:11:30,2019-05-13T08:11:30Z,summer_US_DST,11,8,11,343,D:\QM\reports\work_items\2fc84747-27db-5e88-9568-3fdda6c30769\QM5_41398\20260909_135814\raw\run_01\report.htm
2019.05.13 18:00:00,343,USDJPY.DWX,buy,out,5.22,109.130,522,-13.05,0.00,2 229.01,99 641.26,qm_tm_close,2019-05-13T18:00:00,2019-05-13T15:00:00Z,summer_US_DST,18,15,18,344,D:\QM\reports\work_items\2fc84747-27db-5e88-9568-3fdda6c30769\QM5_41398\20260909_135814\raw\run_01\report.htm
2019.05.15 08:59:17,344,USDJPY.DWX,buy,in,6.55,109.690,523,-16.38,0.00,0.00,99 624.88,BALKE_RANGE_BUY_STOP,2019-05-15T08:59:17,2019-05-15T05:59:17Z,summer_US_DST,8,5,8,345,D:\QM\reports\work_items\2fc84747-27db-5e88-9568-3fdda6c30769\QM5_41398\20260909_135814\raw\run_01\report.htm
2019.05.15 10:37:36,345,USDJPY.DWX,sell,out,6.55,109.523,525,-16.38,0.00,-998.74,98 609.76,sl 109.523,2019-05-15T10:37:36,2019-05-15T07:37:36Z,summer_US_DST,10,7,10,346,D:\QM\reports\work_items\2fc84747-27db-5e88-9568-3fdda6c30769\QM5_41398\20260909_135814\raw\run_01\report.htm
2019.05.16 06:35:36,346,USDJPY.DWX,buy,in,5.41,109.536,526,-13.53,0.00,0.00,98 596.23,BALKE_RANGE_BUY_STOP,2019-05-16T06:35:36,2019-05-16T03:35:36Z,summer_US_DST,6,3,6,347,D:\QM\reports\work_items\2fc84747-27db-5e88-9568-3fdda6c30769\QM5_41398\20260909_135814\raw\run_01\report.htm
2019.05.16 18:00:00,347,USDJPY.DWX,sell,out,5.41,109.937,528,-13.53,0.00,1 973.32,100 556.02,qm_tm_close,2019-05-16T18:00:00,2019-05-16T15:00:00Z,summer_US_DST,18,15,18,348,D:\QM\reports\work_items\2fc84747-27db-5e88-9568-3fdda6c30769\QM5_41398\20260909_135814\raw\run_01\report.htm
2019.05.17 06:21:15,348,USDJPY.DWX,sell,in,5.04,109.815,530,-12.60,0.00,0.00,100 543.42,BALKE_RANGE_SELL_STOP,2019-05-17T06:21:15,2019-05-17T03:21:15Z,summer_US_DST,6,3,6,349,D:\QM\reports\work_items\2fc84747-27db-5e88-9568-3fdda6c30769\QM5_41398\20260909_135814\raw\run_01\report.htm
2019.05.17 10:29:03,349,USDJPY.DWX,buy,out,5.04,109.715,531,-12.60,0.00,459.37,100 990.19,sl 109.715,2019-05-17T10:29:03,2019-05-17T07:29:03Z,summer_US_DST,10,7,10,350,D:\QM\reports\work_items\2fc84747-27db-5e88-9568-3fdda6c30769\QM5_41398\20260909_135814\raw\run_01\report.htm
2019.05.20 08:44:23,350,USDJPY.DWX,sell,in,6.45,110.147,533,-16.13,0.00,0.00,100 974.06,BALKE_RANGE_SELL_STOP,2019-05-20T08:44:23,2019-05-20T05:44:23Z,summer_US_DST,8,5,8,351,D:\QM\reports\work_items\2fc84747-27db-5e88-9568-3fdda6c30769\QM5_41398\20260909_135814\raw\run_01\report.htm
2019.05.20 16:29:54,351,USDJPY.DWX,buy,out,6.45,109.938,534,-16.13,0.00,1 226.19,102 184.12,sl 109.938,2019-05-20T16:29:54,2019-05-20T13:29:54Z,summer_US_DST,16,13,16,352,D:\QM\reports\work_items\2fc84747-27db-5e88-9568-3fdda6c30769\QM5_41398\20260909_135814\raw\run_01\report.htm
2019.05.21 06:07:59,352,USDJPY.DWX,buy,in,6.47,110.212,535,-16.18,0.00,0.00,102 167.94,BALKE_RANGE_BUY_STOP,2019-05-21T06:07:59,2019-05-21T03:07:59Z,summer_US_DST,6,3,6,353,D:\QM\reports\work_items\2fc84747-27db-5e88-9568-3fdda6c30769\QM5_41398\20260909_135814\raw\run_01\report.htm
2019.05.21 20:00:00,353,USDJPY.DWX,sell,out,6.47,110.653,537,-16.18,0.00,2 578.57,104 730.33,qm_tm_close,2019-05-21T20:00:00,2019-05-21T17:00:00Z,summer_US_DST,20,17,20,354,D:\QM\reports\work_items\2fc84747-27db-5e88-9568-3fdda6c30769\QM5_41398\20260909_135814\raw\run_01\report.htm
2019.05.22 07:18:55,354,USDJPY.DWX,sell,in,7,110.467,539,-17.50,0.00,0.00,104 712.83,BALKE_RANGE_SELL_STOP,2019-05-22T07:18:55,2019-05-22T04:18:55Z,summer_US_DST,7,4,7,355,D:\QM\reports\work_items\2fc84747-27db-5e88-9568-3fdda6c30769\QM5_41398\20260909_135814\raw\run_01\report.htm
2019.05.22 18:00:00,355,USDJPY.DWX,buy,out,7,110.330,540,-17.50,0.00,869.21,105 564.54,qm_tm_close,2019-05-22T18:00:00,2019-05-22T15:00:00Z,summer_US_DST,18,15,18,356,D:\QM\reports\work_items\2fc84747-27db-5e88-9568-3fdda6c30769\QM5_41398\20260909_135814\raw\run_01\report.htm
2019.05.23 06:48:37,356,USDJPY.DWX,buy,in,6.36,110.298,541,-15.90,0.00,0.00,105 548.64,BALKE_RANGE_BUY_STOP,2019-05-23T06:48:37,2019-05-23T03:48:37Z,summer_US_DST,6,3,6,357,D:\QM\reports\work_items\2fc84747-27db-5e88-9568-3fdda6c30769\QM5_41398\20260909_135814\raw\run_01\report.htm
2019.05.23 11:40:05,357,USDJPY.DWX,sell,out,6.36,110.125,543,-15.90,0.00,-999.12,104 533.62,sl 110.125,2019-05-23T11:40:05,2019-05-23T08:40:05Z,summer_US_DST,11,8,11,358,D:\QM\reports\work_items\2fc84747-27db-5e88-9568-3fdda6c30769\QM5_41398\20260909_135814\raw\run_01\report.htm
2019.05.24 06:12:05,358,USDJPY.DWX,sell,in,5.68,109.551,545,-14.20,0.00,0.00,104 519.42,BALKE_RANGE_SELL_STOP,2019-05-24T06:12:05,2019-05-24T03:12:05Z,summer_US_DST,6,3,6,359,D:\QM\reports\work_items\2fc84747-27db-5e88-9568-3fdda6c30769\QM5_41398\20260909_135814\raw\run_01\report.htm
2019.05.24 18:00:00,359,USDJPY.DWX,buy,out,5.68,109.354,546,-14.20,0.00,1 023.25,105 528.47,qm_tm_close,2019-05-24T18:00:00,2019-05-24T15:00:00Z,summer_US_DST,18,15,18,360,D:\QM\reports\work_items\2fc84747-27db-5e88-9568-3fdda6c30769\QM5_41398\20260909_135814\raw\run_01\report.htm
2019.05.30 07:38:48,360,USDJPY.DWX,buy,in,6.63,109.641,547,-16.58,0.00,0.00,105 511.89,BALKE_RANGE_BUY_STOP,2019-05-30T07:38:48,2019-05-30T04:38:48Z,summer_US_DST,7,4,7,361,D:\QM\reports\work_items\2fc84747-27db-5e88-9568-3fdda6c30769\QM5_41398\20260909_135814\raw\run_01\report.htm
2019.05.30 12:42:31,361,USDJPY.DWX,sell,out,6.63,109.679,549,-16.58,0.00,229.71,105 725.02,sl 109.679,2019-05-30T12:42:31,2019-05-30T09:42:31Z,summer_US_DST,12,9,12,362,D:\QM\reports\work_items\2fc84747-27db-5e88-9568-3fdda6c30769\QM5_41398\20260909_135814\raw\run_01\report.htm
2019.05.31 07:21:43,362,USDJPY.DWX,sell,in,4,109.124,551,-10.00,0.00,0.00,105 715.02,BALKE_RANGE_SELL_STOP,2019-05-31T07:21:43,2019-05-31T04:21:43Z,summer_US_DST,7,4,7,363,D:\QM\reports\work_items\2fc84747-27db-5e88-9568-3fdda6c30769\QM5_41398\20260909_135814\raw\run_01\report.htm
2019.05.31 14:26:49,363,USDJPY.DWX,buy,out,4,108.843,552,-10.00,0.00,1 032.68,106 737.70,sl 108.843,2019-05-31T14:26:49,2019-05-31T11:26:49Z,summer_US_DST,14,11,14,364,D:\QM\reports\work_items\2fc84747-27db-5e88-9568-3fdda6c30769\QM5_41398\20260909_135814\raw\run_01\report.htm
2019.06.03 06:03:48,364,USDJPY.DWX,sell,in,5.38,108.118,554,-13.45,0.00,0.00,106 724.25,BALKE_RANGE_SELL_STOP,2019-06-03T06:03:48,2019-06-03T03:03:48Z,summer_US_DST,6,3,6,365,D:\QM\reports\work_items\2fc84747-27db-5e88-9568-3fdda6c30769\QM5_41398\20260909_135814\raw\run_01\report.htm
2019.06.03 09:35:24,365,USDJPY.DWX,buy,out,5.38,108.319,555,-13.45,0.00,-998.33,105 712.47,sl 108.319,2019-06-03T09:35:24,2019-06-03T06:35:24Z,summer_US_DST,9,6,9,366,D:\QM\reports\work_items\2fc84747-27db-5e88-9568-3fdda6c30769\QM5_41398\20260909_135814\raw\run_01\report.htm
2019.06.04 09:23:26,366,USDJPY.DWX,sell,in,5.17,107.856,557,-12.93,0.00,0.00,105 699.54,BALKE_RANGE_SELL_STOP,2019-06-04T09:23:26,2019-06-04T06:23:26Z,summer_US_DST,9,6,9,367,D:\QM\reports\work_items\2fc84747-27db-5e88-9568-3fdda6c30769\QM5_41398\20260909_135814\raw\run_01\report.htm
2019.06.04 10:57:02,367,USDJPY.DWX,buy,out,5.17,108.065,558,-12.93,0.00,-999.89,104 686.72,sl 108.065,2019-06-04T10:57:02,2019-06-04T07:57:02Z,summer_US_DST,10,7,10,368,D:\QM\reports\work_items\2fc84747-27db-5e88-9568-3fdda6c30769\QM5_41398\20260909_135814\raw\run_01\report.htm
2019.06.05 09:05:51,368,USDJPY.DWX,sell,in,4.7,108.028,560,-11.75,0.00,0.00,104 674.97,BALKE_RANGE_SELL_STOP,2019-06-05T09:05:51,2019-06-05T06:05:51Z,summer_US_DST,9,6,9,369,D:\QM\reports\work_items\2fc84747-27db-5e88-9568-3fdda6c30769\QM5_41398\20260909_135814\raw\run_01\report.htm
2019.06.05 10:45:32,369,USDJPY.DWX,buy,out,4.7,108.258,561,-11.75,0.00,-998.54,103 664.68,sl 108.258,2019-06-05T10:45:32,2019-06-05T07:45:32Z,summer_US_DST,10,7,10,370,D:\QM\reports\work_items\2fc84747-27db-5e88-9568-3fdda6c30769\QM5_41398\20260909_135814\raw\run_01\report.htm
2019.06.06 06:13:21,370,USDJPY.DWX,sell,in,6.49,108.240,563,-16.23,0.00,0.00,103 648.45,BALKE_RANGE_SELL_STOP,2019-06-06T06:13:21,2019-06-06T03:13:21Z,summer_US_DST,6,3,6,371,D:\QM\reports\work_items\2fc84747-27db-5e88-9568-3fdda6c30769\QM5_41398\20260909_135814\raw\run_01\report.htm
2019.06.06 10:20:21,371,USDJPY.DWX,buy,out,6.49,108.233,564,-16.23,0.00,41.97,103 674.19,sl 108.233,2019-06-06T10:20:21,2019-06-06T07:20:21Z,summer_US_DST,10,7,10,372,D:\QM\reports\work_items\2fc84747-27db-5e88-9568-3fdda6c30769\QM5_41398\20260909_135814\raw\run_01\report.htm
2019.06.07 12:39:50,372,USDJPY.DWX,buy,in,7.52,108.533,565,-18.80,0.00,0.00,103 655.39,BALKE_RANGE_BUY_STOP,2019-06-07T12:39:50,2019-06-07T09:39:50Z,summer_US_DST,12,9,12,373,D:\QM\reports\work_items\2fc84747-27db-5e88-9568-3fdda6c30769\QM5_41398\20260909_135814\raw\run_01\report.htm
2019.06.07 15:30:01,373,USDJPY.DWX,sell,out,7.52,108.376,567,-18.80,0.00,-1 089.39,102 547.20,sl 108.389,2019-06-07T15:30:01,2019-06-07T12:30:01Z,summer_US_DST,15,12,15,374,D:\QM\reports\work_items\2fc84747-27db-5e88-9568-3fdda6c30769\QM5_41398\20260909_135814\raw\run_01\report.htm
2019.06.10 06:49:39,374,USDJPY.DWX,buy,in,6.15,108.543,568,-15.38,0.00,0.00,102 531.82,BALKE_RANGE_BUY_STOP,2019-06-10T06:49:39,2019-06-10T03:49:39Z,summer_US_DST,6,3,6,375,D:\QM\reports\work_items\2fc84747-27db-5e88-9568-3fdda6c30769\QM5_41398\20260909_135814\raw\run_01\report.htm
2019.06.10 18:00:00,375,USDJPY.DWX,sell,out,6.15,108.496,570,-15.38,0.00,-266.42,102 250.02,qm_tm_close,2019-06-10T18:00:00,2019-06-10T15:00:00Z,summer_US_DST,18,15,18,376,D:\QM\reports\work_items\2fc84747-27db-5e88-9568-3fdda6c30769\QM5_41398\20260909_135814\raw\run_01\report.htm
2019.06.12 08:54:43,376,USDJPY.DWX,sell,in,8.82,108.439,572,-22.05,0.00,0.00,102 227.97,BALKE_RANGE_SELL_STOP,2019-06-12T08:54:43,2019-06-12T05:54:43Z,summer_US_DST,8,5,8,377,D:\QM\reports\work_items\2fc84747-27db-5e88-9568-3fdda6c30769\QM5_41398\20260909_135814\raw\run_01\report.htm
2019.06.12 13:14:49,377,USDJPY.DWX,buy,out,8.82,108.354,573,-22.05,0.00,691.90,102 897.82,sl 108.354,2019-06-12T13:14:49,2019-06-12T10:14:49Z,summer_US_DST,13,10,13,378,D:\QM\reports\work_items\2fc84747-27db-5e88-9568-3fdda6c30769\QM5_41398\20260909_135814\raw\run_01\report.htm
2019.06.14 09:40:46,378,USDJPY.DWX,sell,in,8.4,108.267,575,-21.00,0.00,0.00,102 876.82,BALKE_RANGE_SELL_STOP,2019-06-14T09:40:46,2019-06-14T06:40:46Z,summer_US_DST,9,6,9,379,D:\QM\reports\work_items\2fc84747-27db-5e88-9568-3fdda6c30769\QM5_41398\20260909_135814\raw\run_01\report.htm
2019.06.14 15:35:56,379,USDJPY.DWX,buy,out,8.4,108.396,576,-21.00,0.00,-999.67,101 856.15,sl 108.396,2019-06-14T15:35:56,2019-06-14T12:35:56Z,summer_US_DST,15,12,15,380,D:\QM\reports\work_items\2fc84747-27db-5e88-9568-3fdda6c30769\QM5_41398\20260909_135814\raw\run_01\report.htm
2019.06.17 09:19:39,380,USDJPY.DWX,sell,in,7.29,108.554,578,-18.23,0.00,0.00,101 837.92,BALKE_RANGE_SELL_STOP,2019-06-17T09:19:39,2019-06-17T06:19:39Z,summer_US_DST,9,6,9,381,D:\QM\reports\work_items\2fc84747-27db-5e88-9568-3fdda6c30769\QM5_41398\20260909_135814\raw\run_01\report.htm
2019.06.17 13:51:38,381,USDJPY.DWX,buy,out,7.29,108.703,579,-18.23,0.00,-999.25,100 820.44,sl 108.703,2019-06-17T13:51:38,2019-06-17T10:51:38Z,summer_US_DST,13,10,13,382,D:\QM\reports\work_items\2fc84747-27db-5e88-9568-3fdda6c30769\QM5_41398\20260909_135814\raw\run_01\report.htm
2019.06.19 06:13:41,382,USDJPY.DWX,sell,in,5.96,108.434,581,-14.90,0.00,0.00,100 805.54,BALKE_RANGE_SELL_STOP,2019-06-19T06:13:41,2019-06-19T03:13:41Z,summer_US_DST,6,3,6,383,D:\QM\reports\work_items\2fc84747-27db-5e88-9568-3fdda6c30769\QM5_41398\20260909_135814\raw\run_01\report.htm
2019.06.19 10:33:38,383,USDJPY.DWX,buy,out,5.96,108.373,582,-14.90,0.00,335.47,101 126.11,sl 108.373,2019-06-19T10:33:38,2019-06-19T07:33:38Z,summer_US_DST,10,7,10,384,D:\QM\reports\work_items\2fc84747-27db-5e88-9568-3fdda6c30769\QM5_41398\20260909_135814\raw\run_01\report.htm
2019.06.21 06:05:02,384,USDJPY.DWX,sell,in,3.43,107.059,584,-8.58,0.00,0.00,101 117.53,BALKE_RANGE_SELL_STOP,2019-06-21T06:05:02,2019-06-21T03:05:02Z,summer_US_DST,6,3,6,385,D:\QM\reports\work_items\2fc84747-27db-5e88-9568-3fdda6c30769\QM5_41398\20260909_135814\raw\run_01\report.htm
2019.06.21 10:24:36,385,USDJPY.DWX,buy,out,3.43,107.372,585,-8.58,0.00,-999.88,100 109.07,sl 107.372,2019-06-21T10:24:36,2019-06-21T07:24:36Z,summer_US_DST,10,7,10,386,D:\QM\reports\work_items\2fc84747-27db-5e88-9568-3fdda6c30769\QM5_41398\20260909_135814\raw\run_01\report.htm
2019.06.24 07:29:14,386,USDJPY.DWX,buy,in,6.42,107.432,586,-16.05,0.00,0.00,100 093.02,BALKE_RANGE_BUY_STOP,2019-06-24T07:29:14,2019-06-24T04:29:14Z,summer_US_DST,7,4,7,387,D:\QM\reports\work_items\2fc84747-27db-5e88-9568-3fdda6c30769\QM5_41398\20260909_135814\raw\run_01\report.htm
2019.06.24 14:06:56,387,USDJPY.DWX,sell,out,6.42,107.265,588,-16.05,0.00,-999.52,99 077.45,sl 107.265,2019-06-24T14:06:56,2019-06-24T11:06:56Z,summer_US_DST,14,11,14,388,D:\QM\reports\work_items\2fc84747-27db-5e88-9568-3fdda6c30769\QM5_41398\20260909_135814\raw\run_01\report.htm
2019.06.26 07:39:34,388,USDJPY.DWX,buy,in,3.17,107.499,589,-7.93,0.00,0.00,99 069.52,BALKE_RANGE_BUY_STOP,2019-06-26T07:39:34,2019-06-26T04:39:34Z,summer_US_DST,7,4,7,389,D:\QM\reports\work_items\2fc84747-27db-5e88-9568-3fdda6c30769\QM5_41398\20260909_135814\raw\run_01\report.htm
2019.06.26 18:00:00,389,USDJPY.DWX,sell,out,3.17,107.634,591,-7.93,0.00,397.60,99 459.19,qm_tm_close,2019-06-26T18:00:00,2019-06-26T15:00:00Z,summer_US_DST,18,15,18,390,D:\QM\reports\work_items\2fc84747-27db-5e88-9568-3fdda6c30769\QM5_41398\20260909_135814\raw\run_01\report.htm
2019.06.28 15:35:41,390,USDJPY.DWX,buy,in,4.69,107.789,592,-11.73,0.00,0.00,99 447.46,BALKE_RANGE_BUY_STOP,2019-06-28T15:35:41,2019-06-28T12:35:41Z,summer_US_DST,15,12,15,391,D:\QM\reports\work_items\2fc84747-27db-5e88-9568-3fdda6c30769\QM5_41398\20260909_135814\raw\run_01\report.htm
2019.06.28 18:00:00,391,USDJPY.DWX,sell,out,4.69,107.739,594,-11.73,0.00,-217.66,99 218.07,qm_tm_close,2019-06-28T18:00:00,2019-06-28T15:00:00Z,summer_US_DST,18,15,18,392,D:\QM\reports\work_items\2fc84747-27db-5e88-9568-3fdda6c30769\QM5_41398\20260909_135814\raw\run_01\report.htm
2019.07.01 09:15:27,392,USDJPY.DWX,buy,in,3.9,108.379,595,-9.75,0.00,0.00,99 208.32,BALKE_RANGE_BUY_STOP,2019-07-01T09:15:27,2019-07-01T06:15:27Z,summer_US_DST,9,6,9,393,D:\QM\reports\work_items\2fc84747-27db-5e88-9568-3fdda6c30769\QM5_41398\20260909_135814\raw\run_01\report.htm
2019.07.01 18:00:01,393,USDJPY.DWX,sell,out,3.9,108.321,597,-9.75,0.00,-208.82,98 989.75,qm_tm_close,2019-07-01T18:00:01,2019-07-01T15:00:01Z,summer_US_DST,18,15,18,394,D:\QM\reports\work_items\2fc84747-27db-5e88-9568-3fdda6c30769\QM5_41398\20260909_135814\raw\run_01\report.htm
2019.07.02 08:10:00,394,USDJPY.DWX,sell,in,8.09,108.339,599,-20.23,0.00,0.00,98 969.52,BALKE_RANGE_SELL_STOP,2019-07-02T08:10:00,2019-07-02T05:10:00Z,summer_US_DST,8,5,8,395,D:\QM\reports\work_items\2fc84747-27db-5e88-9568-3fdda6c30769\QM5_41398\20260909_135814\raw\run_01\report.htm
2019.07.02 13:11:53,395,USDJPY.DWX,buy,out,8.09,108.274,600,-20.23,0.00,485.67,99 434.96,sl 108.274,2019-07-02T13:11:53,2019-07-02T10:11:53Z,summer_US_DST,13,10,13,396,D:\QM\reports\work_items\2fc84747-27db-5e88-9568-3fdda6c30769\QM5_41398\20260909_135814\raw\run_01\report.htm
2019.07.04 07:33:57,396,USDJPY.DWX,buy,in,11.21,107.803,603,-28.03,0.00,0.00,99 406.93,BALKE_RANGE_BUY_STOP,2019-07-04T07:33:57,2019-07-04T04:33:57Z,summer_US_DST,7,4,7,397,D:\QM\reports\work_items\2fc84747-27db-5e88-9568-3fdda6c30769\QM5_41398\20260909_135814\raw\run_01\report.htm
2019.07.04 18:00:00,397,USDJPY.DWX,sell,out,11.21,107.812,605,-28.03,0.00,93.58,99 472.48,qm_tm_close,2019-07-04T18:00:00,2019-07-04T15:00:00Z,summer_US_DST,18,15,18,398,D:\QM\reports\work_items\2fc84747-27db-5e88-9568-3fdda6c30769\QM5_41398\20260909_135814\raw\run_01\report.htm
2019.07.05 08:04:01,398,USDJPY.DWX,buy,in,13.64,107.882,606,-34.10,0.00,0.00,99 438.38,BALKE_RANGE_BUY_STOP,2019-07-05T08:04:01,2019-07-05T05:04:01Z,summer_US_DST,8,5,8,399,D:\QM\reports\work_items\2fc84747-27db-5e88-9568-3fdda6c30769\QM5_41398\20260909_135814\raw\run_01\report.htm
2019.07.05 19:00:00,399,USDJPY.DWX,sell,out,13.64,108.551,608,-34.10,0.00,8 406.33,107 810.61,qm_tm_close,2019-07-05T19:00:00,2019-07-05T16:00:00Z,summer_US_DST,19,16,19,400,D:\QM\reports\work_items\2fc84747-27db-5e88-9568-3fdda6c30769\QM5_41398\20260909_135814\raw\run_01\report.htm
2019.07.08 06:00:06,400,USDJPY.DWX,sell,in,6.34,108.393,610,-15.85,0.00,0.00,107 794.76,BALKE_RANGE_SELL_STOP,2019-07-08T06:00:06,2019-07-08T03:00:06Z,summer_US_DST,6,3,6,401,D:\QM\reports\work_items\2fc84747-27db-5e88-9568-3fdda6c30769\QM5_41398\20260909_135814\raw\run_01\report.htm
2019.07.08 14:03:56,401,USDJPY.DWX,buy,out,6.34,108.564,611,-15.85,0.00,-998.62,106 780.29,sl 108.564,2019-07-08T14:03:56,2019-07-08T11:03:56Z,summer_US_DST,14,11,14,402,D:\QM\reports\work_items\2fc84747-27db-5e88-9568-3fdda6c30769\QM5_41398\20260909_135814\raw\run_01\report.htm
2019.07.09 07:29:07,402,USDJPY.DWX,sell,in,6.4,108.724,613,-16.00,0.00,0.00,106 764.29,BALKE_RANGE_SELL_STOP,2019-07-09T07:29:07,2019-07-09T04:29:07Z,summer_US_DST,7,4,7,403,D:\QM\reports\work_items\2fc84747-27db-5e88-9568-3fdda6c30769\QM5_41398\20260909_135814\raw\run_01\report.htm
2019.07.09 10:27:11,403,USDJPY.DWX,buy,out,6.4,108.894,614,-16.00,0.00,-999.14,105 749.15,sl 108.894,2019-07-09T10:27:11,2019-07-09T07:27:11Z,summer_US_DST,10,7,10,404,D:\QM\reports\work_items\2fc84747-27db-5e88-9568-3fdda6c30769\QM5_41398\20260909_135814\raw\run_01\report.htm
2019.07.10 07:32:23,404,USDJPY.DWX,sell,in,9.81,108.879,616,-24.53,0.00,0.00,105 724.62,BALKE_RANGE_SELL_STOP,2019-07-10T07:32:23,2019-07-10T04:32:23Z,summer_US_DST,7,4,7,405,D:\QM\reports\work_items\2fc84747-27db-5e88-9568-3fdda6c30769\QM5_41398\20260909_135814\raw\run_01\report.htm
2019.07.10 18:00:00,405,USDJPY.DWX,buy,out,9.81,108.545,617,-24.53,0.00,3 018.60,108 718.69,qm_tm_close,2019-07-10T18:00:00,2019-07-10T15:00:00Z,summer_US_DST,18,15,18,406,D:\QM\reports\work_items\2fc84747-27db-5e88-9568-3fdda6c30769\QM5_41398\20260909_135814\raw\run_01\report.htm
2019.07.15 06:15:00,406,USDJPY.DWX,buy,in,3.93,108.082,618,-9.83,0.00,0.00,108 708.86,BALKE_RANGE_BUY_STOP,2019-07-15T06:15:00,2019-07-15T03:15:00Z,summer_US_DST,6,3,6,407,D:\QM\reports\work_items\2fc84747-27db-5e88-9568-3fdda6c30769\QM5_41398\20260909_135814\raw\run_01\report.htm
2019.07.15 18:00:00,407,USDJPY.DWX,sell,out,3.93,107.974,620,-9.83,0.00,-393.09,108 305.94,qm_tm_close,2019-07-15T18:00:00,2019-07-15T15:00:00Z,summer_US_DST,18,15,18,408,D:\QM\reports\work_items\2fc84747-27db-5e88-9568-3fdda6c30769\QM5_41398\20260909_135814\raw\run_01\report.htm
2019.07.17 17:48:52,408,USDJPY.DWX,sell,in,5.03,108.111,622,-12.58,0.00,0.00,108 293.36,BALKE_RANGE_SELL_STOP,2019-07-17T17:48:52,2019-07-17T14:48:52Z,summer_US_DST,17,14,17,409,D:\QM\reports\work_items\2fc84747-27db-5e88-9568-3fdda6c30769\QM5_41398\20260909_135814\raw\run_01\report.htm
2019.07.17 18:00:00,409,USDJPY.DWX,buy,out,5.03,108.091,623,-12.58,0.00,93.07,108 373.85,qm_tm_close,2019-07-17T18:00:00,2019-07-17T15:00:00Z,summer_US_DST,18,15,18,410,D:\QM\reports\work_items\2fc84747-27db-5e88-9568-3fdda6c30769\QM5_41398\20260909_135814\raw\run_01\report.htm
2019.07.19 07:42:33,410,USDJPY.DWX,buy,in,4.05,107.595,624,-10.13,0.00,0.00,108 363.72,BALKE_RANGE_BUY_STOP,2019-07-19T07:42:33,2019-07-19T04:42:33Z,summer_US_DST,7,4,7,411,D:\QM\reports\work_items\2fc84747-27db-5e88-9568-3fdda6c30769\QM5_41398\20260909_135814\raw\run_01\report.htm
2019.07.19 19:00:00,411,USDJPY.DWX,sell,out,4.05,107.777,626,-10.13,0.00,683.91,109 037.50,qm_tm_close,2019-07-19T19:00:00,2019-07-19T16:00:00Z,summer_US_DST,19,16,19,412,D:\QM\reports\work_items\2fc84747-27db-5e88-9568-3fdda6c30769\QM5_41398\20260909_135814\raw\run_01\report.htm
2019.07.24 08:41:01,412,USDJPY.DWX,sell,in,6.94,108.119,628,-17.35,0.00,0.00,109 020.15,BALKE_RANGE_SELL_STOP,2019-07-24T08:41:01,2019-07-24T05:41:01Z,summer_US_DST,8,5,8,413,D:\QM\reports\work_items\2fc84747-27db-5e88-9568-3fdda6c30769\QM5_41398\20260909_135814\raw\run_01\report.htm
2019.07.24 18:00:00,413,USDJPY.DWX,buy,out,6.94,108.069,629,-17.35,0.00,321.09,109 323.89,qm_tm_close,2019-07-24T18:00:00,2019-07-24T15:00:00Z,summer_US_DST,18,15,18,414,D:\QM\reports\work_items\2fc84747-27db-5e88-9568-3fdda6c30769\QM5_41398\20260909_135814\raw\run_01\report.htm
2019.07.25 08:05:01,414,USDJPY.DWX,sell,in,9.02,108.120,631,-22.55,0.00,0.00,109 301.34,BALKE_RANGE_SELL_STOP,2019-07-25T08:05:01,2019-07-25T05:05:01Z,summer_US_DST,8,5,8,415,D:\QM\reports\work_items\2fc84747-27db-5e88-9568-3fdda6c30769\QM5_41398\20260909_135814\raw\run_01\report.htm
2019.07.25 16:03:20,415,USDJPY.DWX,buy,out,9.02,108.240,632,-22.55,0.00,-1 000.00,108 278.79,sl 108.240,2019-07-25T16:03:20,2019-07-25T13:03:20Z,summer_US_DST,16,13,16,416,D:\QM\reports\work_items\2fc84747-27db-5e88-9568-3fdda6c30769\QM5_41398\20260909_135814\raw\run_01\report.htm
2019.07.26 06:07:27,416,USDJPY.DWX,sell,in,6.32,108.569,634,-15.80,0.00,0.00,108 262.99,BALKE_RANGE_SELL_STOP,2019-07-26T06:07:27,2019-07-26T03:07:27Z,summer_US_DST,6,3,6,417,D:\QM\reports\work_items\2fc84747-27db-5e88-9568-3fdda6c30769\QM5_41398\20260909_135814\raw\run_01\report.htm
2019.07.26 15:30:01,417,USDJPY.DWX,buy,out,6.32,108.749,635,-15.80,0.00,-1 046.08,107 201.11,sl 108.741,2019-07-26T15:30:01,2019-07-26T12:30:01Z,summer_US_DST,15,12,15,418,D:\QM\reports\work_items\2fc84747-27db-5e88-9568-3fdda6c30769\QM5_41398\20260909_135814\raw\run_01\report.htm
2019.07.31 16:39:22,418,USDJPY.DWX,buy,in,7.13,108.651,636,-17.83,0.00,0.00,107 183.28,BALKE_RANGE_BUY_STOP,2019-07-31T16:39:22,2019-07-31T13:39:22Z,summer_US_DST,16,13,16,419,D:\QM\reports\work_items\2fc84747-27db-5e88-9568-3fdda6c30769\QM5_41398\20260909_135814\raw\run_01\report.htm
2019.07.31 17:51:47,419,USDJPY.DWX,sell,out,7.13,108.499,638,-17.83,0.00,-998.87,106 166.58,sl 108.499,2019-07-31T17:51:47,2019-07-31T14:51:47Z,summer_US_DST,17,14,17,420,D:\QM\reports\work_items\2fc84747-27db-5e88-9568-3fdda6c30769\QM5_41398\20260909_135814\raw\run_01\report.htm
2019.08.02 10:24:46,420,USDJPY.DWX,sell,in,1.66,106.850,640,-4.15,0.00,0.00,106 162.43,BALKE_RANGE_SELL_STOP,2019-08-02T10:24:46,2019-08-02T07:24:46Z,summer_US_DST,10,7,10,421,D:\QM\reports\work_items\2fc84747-27db-5e88-9568-3fdda6c30769\QM5_41398\20260909_135814\raw\run_01\report.htm
2019.08.02 18:00:00,421,USDJPY.DWX,buy,out,1.66,106.548,641,-4.15,0.00,470.51,106 628.79,qm_tm_close,2019-08-02T18:00:00,2019-08-02T15:00:00Z,summer_US_DST,18,15,18,422,D:\QM\reports\work_items\2fc84747-27db-5e88-9568-3fdda6c30769\QM5_41398\20260909_135814\raw\run_01\report.htm
2019.08.07 06:14:10,422,USDJPY.DWX,sell,in,2.8,105.996,643,-7.00,0.00,0.00,106 621.79,BALKE_RANGE_SELL_STOP,2019-08-07T06:14:10,2019-08-07T03:14:10Z,summer_US_DST,6,3,6,423,D:\QM\reports\work_items\2fc84747-27db-5e88-9568-3fdda6c30769\QM5_41398\20260909_135814\raw\run_01\report.htm
2019.08.07 18:00:00,423,USDJPY.DWX,buy,out,2.8,105.760,644,-7.00,0.00,624.81,107 239.60,qm_tm_close,2019-08-07T18:00:00,2019-08-07T15:00:00Z,summer_US_DST,18,15,18,424,D:\QM\reports\work_items\2fc84747-27db-5e88-9568-3fdda6c30769\QM5_41398\20260909_135814\raw\run_01\report.htm
2019.08.08 14:08:13,424,USDJPY.DWX,sell,in,3.47,105.997,646,-8.68,0.00,0.00,107 230.92,BALKE_RANGE_SELL_STOP,2019-08-08T14:08:13,2019-08-08T11:08:13Z,summer_US_DST,14,11,14,425,D:\QM\reports\work_items\2fc84747-27db-5e88-9568-3fdda6c30769\QM5_41398\20260909_135814\raw\run_01\report.htm
2019.08.08 18:00:00,425,USDJPY.DWX,buy,out,3.47,106.223,647,-8.68,0.00,-738.28,106 483.96,qm_tm_close,2019-08-08T18:00:00,2019-08-08T15:00:00Z,summer_US_DST,18,15,18,426,D:\QM\reports\work_items\2fc84747-27db-5e88-9568-3fdda6c30769\QM5_41398\20260909_135814\raw\run_01\report.htm
2019.08.09 09:04:00,426,USDJPY.DWX,sell,in,4.91,105.863,649,-12.28,0.00,0.00,106 471.68,BALKE_RANGE_SELL_STOP,2019-08-09T09:04:00,2019-08-09T06:04:00Z,summer_US_DST,9,6,9,427,D:\QM\reports\work_items\2fc84747-27db-5e88-9568-3fdda6c30769\QM5_41398\20260909_135814\raw\run_01\report.htm
2019.08.09 18:00:00,427,USDJPY.DWX,buy,out,4.91,105.666,650,-12.28,0.00,915.40,107 374.80,qm_tm_close,2019-08-09T18:00:00,2019-08-09T15:00:00Z,summer_US_DST,18,15,18,428,D:\QM\reports\work_items\2fc84747-27db-5e88-9568-3fdda6c30769\QM5_41398\20260909_135814\raw\run_01\report.htm
2019.08.12 10:22:43,428,USDJPY.DWX,buy,in,5.29,105.564,651,-13.23,0.00,0.00,107 361.57,BALKE_RANGE_BUY_STOP,2019-08-12T10:22:43,2019-08-12T07:22:43Z,summer_US_DST,10,7,10,429,D:\QM\reports\work_items\2fc84747-27db-5e88-9568-3fdda6c30769\QM5_41398\20260909_135814\raw\run_01\report.htm
2019.08.12 11:08:14,429,USDJPY.DWX,sell,out,5.29,105.365,653,-13.23,0.00,-999.11,106 349.23,sl 105.365,2019-08-12T11:08:14,2019-08-12T08:08:14Z,summer_US_DST,11,8,11,430,D:\QM\reports\work_items\2fc84747-27db-5e88-9568-3fdda6c30769\QM5_41398\20260909_135814\raw\run_01\report.htm
2019.08.13 09:22:48,430,USDJPY.DWX,sell,in,3.88,105.312,655,-9.70,0.00,0.00,106 339.53,BALKE_RANGE_SELL_STOP,2019-08-13T09:22:48,2019-08-13T06:22:48Z,summer_US_DST,9,6,9,431,D:\QM\reports\work_items\2fc84747-27db-5e88-9568-3fdda6c30769\QM5_41398\20260909_135814\raw\run_01\report.htm
2019.08.13 16:45:42,431,USDJPY.DWX,buy,out,3.88,105.584,656,-9.70,0.00,-999.55,105 330.28,sl 105.584,2019-08-13T16:45:42,2019-08-13T13:45:42Z,summer_US_DST,16,13,16,432,D:\QM\reports\work_items\2fc84747-27db-5e88-9568-3fdda6c30769\QM5_41398\20260909_135814\raw\run_01\report.htm
2019.08.14 07:49:10,432,USDJPY.DWX,buy,in,2.84,106.610,657,-7.10,0.00,0.00,105 323.18,BALKE_RANGE_BUY_STOP,2019-08-14T07:49:10,2019-08-14T04:49:10Z,summer_US_DST,7,4,7,433,D:\QM\reports\work_items\2fc84747-27db-5e88-9568-3fdda6c30769\QM5_41398\20260909_135814\raw\run_01\report.htm
2019.08.14 13:08:26,433,USDJPY.DWX,sell,out,2.84,106.237,659,-7.10,0.00,-997.13,104 318.95,sl 106.237,2019-08-14T13:08:26,2019-08-14T10:08:26Z,summer_US_DST,13,10,13,434,D:\QM\reports\work_items\2fc84747-27db-5e88-9568-3fdda6c30769\QM5_41398\20260909_135814\raw\run_01\report.htm
2019.08.15 09:35:11,434,USDJPY.DWX,buy,in,4.8,106.032,660,-12.00,0.00,0.00,104 306.95,BALKE_RANGE_BUY_STOP,2019-08-15T09:35:11,2019-08-15T06:35:11Z,summer_US_DST,9,6,9,435,D:\QM\reports\work_items\2fc84747-27db-5e88-9568-3fdda6c30769\QM5_41398\20260909_135814\raw\run_01\report.htm
2019.08.15 12:03:09,435,USDJPY.DWX,sell,out,4.8,105.893,662,-12.00,0.00,-630.07,103 664.88,sl 105.893,2019-08-15T12:03:09,2019-08-15T09:03:09Z,summer_US_DST,12,9,12,436,D:\QM\reports\work_items\2fc84747-27db-5e88-9568-3fdda6c30769\QM5_41398\20260909_135814\raw\run_01\report.htm
2019.08.16 11:45:13,436,USDJPY.DWX,buy,in,4.27,106.272,663,-10.68,0.00,0.00,103 654.20,BALKE_RANGE_BUY_STOP,2019-08-16T11:45:13,2019-08-16T08:45:13Z,summer_US_DST,11,8,11,437,D:\QM\reports\work_items\2fc84747-27db-5e88-9568-3fdda6c30769\QM5_41398\20260909_135814\raw\run_01\report.htm
2019.08.16 18:00:00,437,USDJPY.DWX,sell,out,4.27,106.388,665,-10.68,0.00,465.58,104 109.10,qm_tm_close,2019-08-16T18:00:00,2019-08-16T15:00:00Z,summer_US_DST,18,15,18,438,D:\QM\reports\work_items\2fc84747-27db-5e88-9568-3fdda6c30769\QM5_41398\20260909_135814\raw\run_01\report.htm
2019.08.19 10:01:13,438,USDJPY.DWX,buy,in,5.68,106.433,666,-14.20,0.00,0.00,104 094.90,BALKE_RANGE_BUY_STOP,2019-08-19T10:01:13,2019-08-19T07:01:13Z,summer_US_DST,10,7,10,439,D:\QM\reports\work_items\2fc84747-27db-5e88-9568-3fdda6c30769\QM5_41398\20260909_135814\raw\run_01\report.htm
2019.08.19 17:00:50,439,USDJPY.DWX,sell,out,5.68,106.536,668,-14.20,0.00,549.15,104 629.85,sl 106.537,2019-08-19T17:00:50,2019-08-19T14:00:50Z,summer_US_DST,17,14,17,440,D:\QM\reports\work_items\2fc84747-27db-5e88-9568-3fdda6c30769\QM5_41398\20260909_135814\raw\run_01\report.htm
2019.08.20 09:06:25,440,USDJPY.DWX,sell,in,5.92,106.511,670,-14.80,0.00,0.00,104 615.05,BALKE_RANGE_SELL_STOP,2019-08-20T09:06:25,2019-08-20T06:06:25Z,summer_US_DST,9,6,9,441,D:\QM\reports\work_items\2fc84747-27db-5e88-9568-3fdda6c30769\QM5_41398\20260909_135814\raw\run_01\report.htm
2019.08.20 15:15:38,441,USDJPY.DWX,buy,out,5.92,106.378,671,-14.80,0.00,740.15,105 340.40,sl 106.378,2019-08-20T15:15:38,2019-08-20T12:15:38Z,summer_US_DST,15,12,15,442,D:\QM\reports\work_items\2fc84747-27db-5e88-9568-3fdda6c30769\QM5_41398\20260909_135814\raw\run_01\report.htm
2019.08.21 06:03:25,442,USDJPY.DWX,buy,in,4.62,106.503,672,-11.55,0.00,0.00,105 328.85,BALKE_RANGE_BUY_STOP,2019-08-21T06:03:25,2019-08-21T03:03:25Z,summer_US_DST,6,3,6,443,D:\QM\reports\work_items\2fc84747-27db-5e88-9568-3fdda6c30769\QM5_41398\20260909_135814\raw\run_01\report.htm
2019.08.21 18:00:00,443,USDJPY.DWX,sell,out,4.62,106.466,674,-11.55,0.00,-160.56,105 156.74,qm_tm_close,2019-08-21T18:00:00,2019-08-21T15:00:00Z,summer_US_DST,18,15,18,444,D:\QM\reports\work_items\2fc84747-27db-5e88-9568-3fdda6c30769\QM5_41398\20260909_135814\raw\run_01\report.htm
2019.08.22 06:00:00,444,USDJPY.DWX,sell,in,4.59,106.419,676,-11.48,0.00,0.00,105 145.26,BALKE_RANGE_SELL_STOP,2019-08-22T06:00:00,2019-08-22T03:00:00Z,summer_US_DST,6,3,6,445,D:\QM\reports\work_items\2fc84747-27db-5e88-9568-3fdda6c30769\QM5_41398\20260909_135814\raw\run_01\report.htm
2019.08.22 18:00:00,445,USDJPY.DWX,buy,out,4.59,106.478,677,-11.48,0.00,-254.33,104 879.45,qm_tm_close,2019-08-22T18:00:00,2019-08-22T15:00:00Z,summer_US_DST,18,15,18,446,D:\QM\reports\work_items\2fc84747-27db-5e88-9568-3fdda6c30769\QM5_41398\20260909_135814\raw\run_01\report.htm
2019.08.23 08:41:51,446,USDJPY.DWX,buy,in,6.95,106.621,678,-17.38,0.00,0.00,104 862.07,BALKE_RANGE_BUY_STOP,2019-08-23T08:41:51,2019-08-23T05:41:51Z,summer_US_DST,8,5,8,447,D:\QM\reports\work_items\2fc84747-27db-5e88-9568-3fdda6c30769\QM5_41398\20260909_135814\raw\run_01\report.htm
2019.08.23 15:01:01,447,USDJPY.DWX,sell,out,6.95,106.466,680,-17.38,0.00,-1 011.83,103 832.86,sl 106.468,2019-08-23T15:01:01,2019-08-23T12:01:01Z,summer_US_DST,15,12,15,448,D:\QM\reports\work_items\2fc84747-27db-5e88-9568-3fdda6c30769\QM5_41398\20260909_135814\raw\run_01\report.htm
2019.08.27 06:48:26,448,USDJPY.DWX,sell,in,3.29,105.680,682,-8.23,0.00,0.00,103 824.63,BALKE_RANGE_SELL_STOP,2019-08-27T06:48:26,2019-08-27T03:48:26Z,summer_US_DST,6,3,6,449,D:\QM\reports\work_items\2fc84747-27db-5e88-9568-3fdda6c30769\QM5_41398\20260909_135814\raw\run_01\report.htm
2019.08.27 16:47:12,449,USDJPY.DWX,buy,out,3.29,106.002,683,-8.23,0.00,-999.40,102 817.00,sl 106.002,2019-08-27T16:47:12,2019-08-27T13:47:12Z,summer_US_DST,16,13,16,450,D:\QM\reports\work_items\2fc84747-27db-5e88-9568-3fdda6c30769\QM5_41398\20260909_135814\raw\run_01\report.htm
2019.08.28 06:40:10,450,USDJPY.DWX,buy,in,4.43,105.889,684,-11.08,0.00,0.00,102 805.92,BALKE_RANGE_BUY_STOP,2019-08-28T06:40:10,2019-08-28T03:40:10Z,summer_US_DST,6,3,6,451,D:\QM\reports\work_items\2fc84747-27db-5e88-9568-3fdda6c30769\QM5_41398\20260909_135814\raw\run_01\report.htm
2019.08.28 19:00:00,451,USDJPY.DWX,sell,out,4.43,105.869,686,-11.08,0.00,-83.69,102 711.15,qm_tm_close,2019-08-28T19:00:00,2019-08-28T16:00:00Z,summer_US_DST,19,16,19,452,D:\QM\reports\work_items\2fc84747-27db-5e88-9568-3fdda6c30769\QM5_41398\20260909_135814\raw\run_01\report.htm
2019.08.29 10:14:10,452,USDJPY.DWX,buy,in,3.57,106.123,687,-8.93,0.00,0.00,102 702.22,BALKE_RANGE_BUY_STOP,2019-08-29T10:14:10,2019-08-29T07:14:10Z,summer_US_DST,10,7,10,453,D:\QM\reports\work_items\2fc84747-27db-5e88-9568-3fdda6c30769\QM5_41398\20260909_135814\raw\run_01\report.htm
2019.08.29 18:00:00,453,USDJPY.DWX,sell,out,3.57,106.439,689,-8.93,0.00,1 059.87,103 753.16,qm_tm_close,2019-08-29T18:00:00,2019-08-29T15:00:00Z,summer_US_DST,18,15,18,454,D:\QM\reports\work_items\2fc84747-27db-5e88-9568-3fdda6c30769\QM5_41398\20260909_135814\raw\run_01\report.htm
2019.08.30 08:04:01,454,USDJPY.DWX,sell,in,6.45,106.379,691,-16.13,0.00,0.00,103 737.03,BALKE_RANGE_SELL_STOP,2019-08-30T08:04:01,2019-08-30T05:04:01Z,summer_US_DST,8,5,8,455,D:\QM\reports\work_items\2fc84747-27db-5e88-9568-3fdda6c30769\QM5_41398\20260909_135814\raw\run_01\report.htm
2019.08.30 18:00:00,455,USDJPY.DWX,buy,out,6.45,106.143,692,-16.13,0.00,1 434.10,105 155.00,qm_tm_close,2019-08-30T18:00:00,2019-08-30T15:00:00Z,summer_US_DST,18,15,18,456,D:\QM\reports\work_items\2fc84747-27db-5e88-9568-3fdda6c30769\QM5_41398\20260909_135814\raw\run_01\report.htm
2019.09.02 10:19:33,456,USDJPY.DWX,buy,in,6.42,106.241,693,-16.05,0.00,0.00,105 138.95,BALKE_RANGE_BUY_STOP,2019-09-02T10:19:33,2019-09-02T07:19:33Z,summer_US_DST,10,7,10,457,D:\QM\reports\work_items\2fc84747-27db-5e88-9568-3fdda6c30769\QM5_41398\20260909_135814\raw\run_01\report.htm
2019.09.02 18:00:00,457,USDJPY.DWX,sell,out,6.42,106.253,695,-16.05,0.00,72.51,105 195.41,qm_tm_close,2019-09-02T18:00:00,2019-09-02T15:00:00Z,summer_US_DST,18,15,18,458,D:\QM\reports\work_items\2fc84747-27db-5e88-9568-3fdda6c30769\QM5_41398\20260909_135814\raw\run_01\report.htm
2019.09.03 09:00:21,458,USDJPY.DWX,sell,in,5.62,106.196,697,-14.05,0.00,0.00,105 181.36,BALKE_RANGE_SELL_STOP,2019-09-03T09:00:21,2019-09-03T06:00:21Z,summer_US_DST,9,6,9,459,D:\QM\reports\work_items\2fc84747-27db-5e88-9568-3fdda6c30769\QM5_41398\20260909_135814\raw\run_01\report.htm
2019.09.03 13:47:54,459,USDJPY.DWX,buy,out,5.62,106.124,698,-14.05,0.00,381.29,105 548.60,sl 106.124,2019-09-03T13:47:54,2019-09-03T10:47:54Z,summer_US_DST,13,10,13,460,D:\QM\reports\work_items\2fc84747-27db-5e88-9568-3fdda6c30769\QM5_41398\20260909_135814\raw\run_01\report.htm
2019.09.04 08:00:13,460,USDJPY.DWX,buy,in,4.37,106.069,699,-10.93,0.00,0.00,105 537.67,BALKE_RANGE_BUY_STOP,2019-09-04T08:00:13,2019-09-04T05:00:13Z,summer_US_DST,8,5,8,461,D:\QM\reports\work_items\2fc84747-27db-5e88-9568-3fdda6c30769\QM5_41398\20260909_135814\raw\run_01\report.htm
2019.09.04 18:00:00,461,USDJPY.DWX,sell,out,4.37,106.186,701,-10.93,0.00,481.50,106 008.24,qm_tm_close,2019-09-04T18:00:00,2019-09-04T15:00:00Z,summer_US_DST,18,15,18,462,D:\QM\reports\work_items\2fc84747-27db-5e88-9568-3fdda6c30769\QM5_41398\20260909_135814\raw\run_01\report.htm
2019.09.06 15:30:00,462,USDJPY.DWX,sell,in,5.75,106.913,703,-14.38,0.00,0.00,105 993.86,BALKE_RANGE_SELL_STOP,2019-09-06T15:30:00,2019-09-06T12:30:00Z,summer_US_DST,15,12,15,463,D:\QM\reports\work_items\2fc84747-27db-5e88-9568-3fdda6c30769\QM5_41398\20260909_135814\raw\run_01\report.htm
2019.09.06 18:00:02,463,USDJPY.DWX,buy,out,5.75,106.775,704,-14.38,0.00,743.15,106 722.63,qm_tm_close,2019-09-06T18:00:02,2019-09-06T15:00:02Z,summer_US_DST,18,15,18,464,D:\QM\reports\work_items\2fc84747-27db-5e88-9568-3fdda6c30769\QM5_41398\20260909_135814\raw\run_01\report.htm
2019.09.09 12:35:38,464,USDJPY.DWX,buy,in,4.07,107.022,705,-10.18,0.00,0.00,106 712.45,BALKE_RANGE_BUY_STOP,2019-09-09T12:35:38,2019-09-09T09:35:38Z,summer_US_DST,12,9,12,465,D:\QM\reports\work_items\2fc84747-27db-5e88-9568-3fdda6c30769\QM5_41398\20260909_135814\raw\run_01\report.htm
2019.09.09 18:00:00,465,USDJPY.DWX,sell,out,4.07,107.160,707,-10.18,0.00,524.13,107 226.40,qm_tm_close,2019-09-09T18:00:00,2019-09-09T15:00:00Z,summer_US_DST,18,15,18,466,D:\QM\reports\work_items\2fc84747-27db-5e88-9568-3fdda6c30769\QM5_41398\20260909_135814\raw\run_01\report.htm
2019.09.10 10:37:51,466,USDJPY.DWX,sell,in,5.14,107.288,709,-12.85,0.00,0.00,107 213.55,BALKE_RANGE_SELL_STOP,2019-09-10T10:37:51,2019-09-10T07:37:51Z,summer_US_DST,10,7,10,467,D:\QM\reports\work_items\2fc84747-27db-5e88-9568-3fdda6c30769\QM5_41398\20260909_135814\raw\run_01\report.htm
2019.09.10 18:00:00,467,USDJPY.DWX,buy,out,5.14,107.283,710,-12.85,0.00,23.96,107 224.66,qm_tm_close,2019-09-10T18:00:00,2019-09-10T15:00:00Z,summer_US_DST,18,15,18,468,D:\QM\reports\work_items\2fc84747-27db-5e88-9568-3fdda6c30769\QM5_41398\20260909_135814\raw\run_01\report.htm
2019.09.11 06:03:11,468,USDJPY.DWX,buy,in,7.31,107.693,711,-18.28,0.00,0.00,107 206.38,BALKE_RANGE_BUY_STOP,2019-09-11T06:03:11,2019-09-11T03:03:11Z,summer_US_DST,6,3,6,469,D:\QM\reports\work_items\2fc84747-27db-5e88-9568-3fdda6c30769\QM5_41398\20260909_135814\raw\run_01\report.htm
2019.09.11 10:03:25,469,USDJPY.DWX,sell,out,7.31,107.727,713,-18.28,0.00,230.71,107 418.81,sl 107.727,2019-09-11T10:03:25,2019-09-11T07:03:25Z,summer_US_DST,10,7,10,470,D:\QM\reports\work_items\2fc84747-27db-5e88-9568-3fdda6c30769\QM5_41398\20260909_135814\raw\run_01\report.htm
2019.09.12 06:49:40,470,USDJPY.DWX,buy,in,7,108.102,714,-17.50,0.00,0.00,107 401.31,BALKE_RANGE_BUY_STOP,2019-09-12T06:49:40,2019-09-12T03:49:40Z,summer_US_DST,6,3,6,471,D:\QM\reports\work_items\2fc84747-27db-5e88-9568-3fdda6c30769\QM5_41398\20260909_135814\raw\run_01\report.htm
2019.09.12 10:16:57,471,USDJPY.DWX,sell,out,7,107.948,716,-17.50,0.00,-998.63,106 385.18,sl 107.948,2019-09-12T10:16:57,2019-09-12T07:16:57Z,summer_US_DST,10,7,10,472,D:\QM\reports\work_items\2fc84747-27db-5e88-9568-3fdda6c30769\QM5_41398\20260909_135814\raw\run_01\report.htm
2019.09.13 08:25:54,472,USDJPY.DWX,sell,in,7.07,108.106,718,-17.68,0.00,0.00,106 367.50,BALKE_RANGE_SELL_STOP,2019-09-13T08:25:54,2019-09-13T05:25:54Z,summer_US_DST,8,5,8,473,D:\QM\reports\work_items\2fc84747-27db-5e88-9568-3fdda6c30769\QM5_41398\20260909_135814\raw\run_01\report.htm
2019.09.13 12:07:21,473,USDJPY.DWX,buy,out,7.07,108.067,719,-17.68,0.00,255.15,106 604.97,sl 108.067,2019-09-13T12:07:21,2019-09-13T09:07:21Z,summer_US_DST,12,9,12,474,D:\QM\reports\work_items\2fc84747-27db-5e88-9568-3fdda6c30769\QM5_41398\20260909_135814\raw\run_01\report.htm
2019.09.16 06:00:00,474,USDJPY.DWX,buy,in,3.6,107.795,720,-9.00,0.00,0.00,106 595.97,BALKE_RANGE_BUY_STOP,2019-09-16T06:00:00,2019-09-16T03:00:00Z,summer_US_DST,6,3,6,475,D:\QM\reports\work_items\2fc84747-27db-5e88-9568-3fdda6c30769\QM5_41398\20260909_135814\raw\run_01\report.htm
2019.09.16 18:00:00,475,USDJPY.DWX,sell,out,3.6,108.019,722,-9.00,0.00,746.54,107 333.51,qm_tm_close,2019-09-16T18:00:00,2019-09-16T15:00:00Z,summer_US_DST,18,15,18,476,D:\QM\reports\work_items\2fc84747-27db-5e88-9568-3fdda6c30769\QM5_41398\20260909_135814\raw\run_01\report.htm
2019.09.18 06:00:10,476,USDJPY.DWX,buy,in,6.35,108.265,723,-15.88,0.00,0.00,107 317.63,BALKE_RANGE_BUY_STOP,2019-09-18T06:00:10,2019-09-18T03:00:10Z,summer_US_DST,6,3,6,477,D:\QM\reports\work_items\2fc84747-27db-5e88-9568-3fdda6c30769\QM5_41398\20260909_135814\raw\run_01\report.htm
2019.09.18 19:00:01,477,USDJPY.DWX,sell,out,6.35,108.176,725,-15.88,0.00,-522.44,106 779.31,qm_tm_close,2019-09-18T19:00:01,2019-09-18T16:00:01Z,summer_US_DST,19,16,19,478,D:\QM\reports\work_items\2fc84747-27db-5e88-9568-3fdda6c30769\QM5_41398\20260909_135814\raw\run_01\report.htm
2019.09.20 06:32:50,478,USDJPY.DWX,sell,in,5.74,107.897,727,-14.35,0.00,0.00,106 764.96,BALKE_RANGE_SELL_STOP,2019-09-20T06:32:50,2019-09-20T03:32:50Z,summer_US_DST,6,3,6,479,D:\QM\reports\work_items\2fc84747-27db-5e88-9568-3fdda6c30769\QM5_41398\20260909_135814\raw\run_01\report.htm
2019.09.20 19:00:00,479,USDJPY.DWX,buy,out,5.74,107.956,728,-14.35,0.00,-313.70,106 436.91,qm_tm_close,2019-09-20T19:00:00,2019-09-20T16:00:00Z,summer_US_DST,19,16,19,480,D:\QM\reports\work_items\2fc84747-27db-5e88-9568-3fdda6c30769\QM5_41398\20260909_135814\raw\run_01\report.htm
2019.09.23 10:05:13,480,USDJPY.DWX,buy,in,8.75,107.754,729,-21.88,0.00,0.00,106 415.03,BALKE_RANGE_BUY_STOP,2019-09-23T10:05:13,2019-09-23T07:05:13Z,summer_US_DST,10,7,10,481,D:\QM\reports\work_items\2fc84747-27db-5e88-9568-3fdda6c30769\QM5_41398\20260909_135814\raw\run_01\report.htm
2019.09.23 10:26:34,481,USDJPY.DWX,sell,out,8.75,107.631,731,-21.88,0.00,-999.94,105 393.21,sl 107.631,2019-09-23T10:26:34,2019-09-23T07:26:34Z,summer_US_DST,10,7,10,482,D:\QM\reports\work_items\2fc84747-27db-5e88-9568-3fdda6c30769\QM5_41398\20260909_135814\raw\run_01\report.htm
2019.09.24 06:15:35,482,USDJPY.DWX,sell,in,6.6,107.523,733,-16.50,0.00,0.00,105 376.71,BALKE_RANGE_SELL_STOP,2019-09-24T06:15:35,2019-09-24T03:15:35Z,summer_US_DST,6,3,6,483,D:\QM\reports\work_items\2fc84747-27db-5e88-9568-3fdda6c30769\QM5_41398\20260909_135814\raw\run_01\report.htm
2019.09.24 12:12:14,483,USDJPY.DWX,buy,out,6.6,107.686,734,-16.50,0.00,-999.02,104 361.19,sl 107.686,2019-09-24T12:12:14,2019-09-24T09:12:14Z,summer_US_DST,12,9,12,484,D:\QM\reports\work_items\2fc84747-27db-5e88-9568-3fdda6c30769\QM5_41398\20260909_135814\raw\run_01\report.htm
2019.09.25 10:01:35,484,USDJPY.DWX,buy,in,2.5,107.426,735,-6.25,0.00,0.00,104 354.94,BALKE_RANGE_BUY_STOP,2019-09-25T10:01:35,2019-09-25T07:01:35Z,summer_US_DST,10,7,10,485,D:\QM\reports\work_items\2fc84747-27db-5e88-9568-3fdda6c30769\QM5_41398\20260909_135814\raw\run_01\report.htm
2019.09.25 19:00:00,485,USDJPY.DWX,sell,out,2.5,107.784,737,-6.25,0.00,830.36,105 179.05,qm_tm_close,2019-09-25T19:00:00,2019-09-25T16:00:00Z,summer_US_DST,19,16,19,486,D:\QM\reports\work_items\2fc84747-27db-5e88-9568-3fdda6c30769\QM5_41398\20260909_135814\raw\run_01\report.htm
2019.09.26 09:57:48,486,USDJPY.DWX,sell,in,8.54,107.603,739,-21.35,0.00,0.00,105 157.70,BALKE_RANGE_SELL_STOP,2019-09-26T09:57:48,2019-09-26T06:57:48Z,summer_US_DST,9,6,9,487,D:\QM\reports\work_items\2fc84747-27db-5e88-9568-3fdda6c30769\QM5_41398\20260909_135814\raw\run_01\report.htm
2019.09.26 17:55:29,487,USDJPY.DWX,buy,out,8.54,107.729,740,-21.35,0.00,-998.84,104 137.51,sl 107.729,2019-09-26T17:55:29,2019-09-26T14:55:29Z,summer_US_DST,17,14,17,488,D:\QM\reports\work_items\2fc84747-27db-5e88-9568-3fdda6c30769\QM5_41398\20260909_135814\raw\run_01\report.htm
2019.09.27 07:48:35,488,USDJPY.DWX,sell,in,7.81,107.667,742,-19.53,0.00,0.00,104 117.98,BALKE_RANGE_SELL_STOP,2019-09-27T07:48:35,2019-09-27T04:48:35Z,summer_US_DST,7,4,7,489,D:\QM\reports\work_items\2fc84747-27db-5e88-9568-3fdda6c30769\QM5_41398\20260909_135814\raw\run_01\report.htm
2019.09.27 09:40:18,489,USDJPY.DWX,buy,out,7.81,107.805,743,-19.53,0.00,-999.75,103 098.70,sl 107.805,2019-09-27T09:40:18,2019-09-27T06:40:18Z,summer_US_DST,9,6,9,490,D:\QM\reports\work_items\2fc84747-27db-5e88-9568-3fdda6c30769\QM5_41398\20260909_135814\raw\run_01\report.htm
2019.09.30 07:49:56,490,USDJPY.DWX,sell,in,8,107.876,745,-20.00,0.00,0.00,103 078.70,BALKE_RANGE_SELL_STOP,2019-09-30T07:49:56,2019-09-30T04:49:56Z,summer_US_DST,7,4,7,491,D:\QM\reports\work_items\2fc84747-27db-5e88-9568-3fdda6c30769\QM5_41398\20260909_135814\raw\run_01\report.htm
2019.09.30 15:15:41,491,USDJPY.DWX,buy,out,8,108.011,746,-20.00,0.00,-999.90,102 058.80,sl 108.011,2019-09-30T15:15:41,2019-09-30T12:15:41Z,summer_US_DST,15,12,15,492,D:\QM\reports\work_items\2fc84747-27db-5e88-9568-3fdda6c30769\QM5_41398\20260909_135814\raw\run_01\report.htm
2019.10.01 06:00:24,492,USDJPY.DWX,buy,in,5.84,108.227,747,-14.60,0.00,0.00,102 044.20,BALKE_RANGE_BUY_STOP,2019-10-01T06:00:24,2019-10-01T03:00:24Z,summer_US_DST,6,3,6,493,D:\QM\reports\work_items\2fc84747-27db-5e88-9568-3fdda6c30769\QM5_41398\20260909_135814\raw\run_01\report.htm
2019.10.01 13:23:27,493,USDJPY.DWX,sell,out,5.84,108.321,749,-14.60,0.00,506.79,102 536.39,sl 108.321,2019-10-01T13:23:27,2019-10-01T10:23:27Z,summer_US_DST,13,10,13,494,D:\QM\reports\work_items\2fc84747-27db-5e88-9568-3fdda6c30769\QM5_41398\20260909_135814\raw\run_01\report.htm
2019.10.02 06:02:58,494,USDJPY.DWX,buy,in,7.47,107.787,750,-18.68,0.00,0.00,102 517.71,BALKE_RANGE_BUY_STOP,2019-10-02T06:02:58,2019-10-02T03:02:58Z,summer_US_DST,6,3,6,495,D:\QM\reports\work_items\2fc84747-27db-5e88-9568-3fdda6c30769\QM5_41398\20260909_135814\raw\run_01\report.htm
2019.10.02 10:22:08,495,USDJPY.DWX,sell,out,7.47,107.643,752,-18.68,0.00,-999.30,101 499.73,sl 107.643,2019-10-02T10:22:08,2019-10-02T07:22:08Z,summer_US_DST,10,7,10,496,D:\QM\reports\work_items\2fc84747-27db-5e88-9568-3fdda6c30769\QM5_41398\20260909_135814\raw\run_01\report.htm
2019.10.03 06:14:30,496,USDJPY.DWX,buy,in,5.14,107.172,753,-12.85,0.00,0.00,101 486.88,BALKE_RANGE_BUY_STOP,2019-10-03T06:14:30,2019-10-03T03:14:30Z,summer_US_DST,6,3,6,497,D:\QM\reports\work_items\2fc84747-27db-5e88-9568-3fdda6c30769\QM5_41398\20260909_135814\raw\run_01\report.htm
2019.10.03 14:36:32,497,USDJPY.DWX,sell,out,5.14,106.964,755,-12.85,0.00,-999.51,100 474.52,sl 106.964,2019-10-03T14:36:32,2019-10-03T11:36:32Z,summer_US_DST,14,11,14,498,D:\QM\reports\work_items\2fc84747-27db-5e88-9568-3fdda6c30769\QM5_41398\20260909_135814\raw\run_01\report.htm
2019.10.04 10:26:04,498,USDJPY.DWX,sell,in,6.4,106.744,757,-16.00,0.00,0.00,100 458.52,BALKE_RANGE_SELL_STOP,2019-10-04T10:26:04,2019-10-04T07:26:04Z,summer_US_DST,10,7,10,499,D:\QM\reports\work_items\2fc84747-27db-5e88-9568-3fdda6c30769\QM5_41398\20260909_135814\raw\run_01\report.htm
2019.10.04 15:32:23,499,USDJPY.DWX,buy,out,6.4,106.912,758,-16.00,0.00,-1 005.69,99 436.83,sl 106.911,2019-10-04T15:32:23,2019-10-04T12:32:23Z,summer_US_DST,15,12,15,500,D:\QM\reports\work_items\2fc84747-27db-5e88-9568-3fdda6c30769\QM5_41398\20260909_135814\raw\run_01\report.htm
2019.10.07 06:34:50,500,USDJPY.DWX,buy,in,7.35,106.834,759,-18.38,0.00,0.00,99 418.45,BALKE_RANGE_BUY_STOP,2019-10-07T06:34:50,2019-10-07T03:34:50Z,summer_US_DST,6,3,6,501,D:\QM\reports\work_items\2fc84747-27db-5e88-9568-3fdda6c30769\QM5_41398\20260909_135814\raw\run_01\report.htm
2019.10.07 18:00:00,501,USDJPY.DWX,sell,out,7.35,106.927,761,-18.38,0.00,639.27,100 039.34,qm_tm_close,2019-10-07T18:00:00,2019-10-07T15:00:00Z,summer_US_DST,18,15,18,502,D:\QM\reports\work_items\2fc84747-27db-5e88-9568-3fdda6c30769\QM5_41398\20260909_135814\raw\run_01\report.htm
2019.10.08 06:33:15,502,USDJPY.DWX,buy,in,6.38,107.410,762,-15.95,0.00,0.00,100 023.39,BALKE_RANGE_BUY_STOP,2019-10-08T06:33:15,2019-10-08T03:33:15Z,summer_US_DST,6,3,6,503,D:\QM\reports\work_items\2fc84747-27db-5e88-9568-3fdda6c30769\QM5_41398\20260909_135814\raw\run_01\report.htm
2019.10.08 10:54:07,503,USDJPY.DWX,sell,out,6.38,107.241,764,-15.95,0.00,-1 005.42,99 002.02,sl 107.242,2019-10-08T10:54:07,2019-10-08T07:54:07Z,summer_US_DST,10,7,10,504,D:\QM\reports\work_items\2fc84747-27db-5e88-9568-3fdda6c30769\QM5_41398\20260909_135814\raw\run_01\report.htm
2019.10.09 09:02:50,504,USDJPY.DWX,buy,in,4.06,107.205,765,-10.15,0.00,0.00,98 991.87,BALKE_RANGE_BUY_STOP,2019-10-09T09:02:50,2019-10-09T06:02:50Z,summer_US_DST,9,6,9,505,D:\QM\reports\work_items\2fc84747-27db-5e88-9568-3fdda6c30769\QM5_41398\20260909_135814\raw\run_01\report.htm
2019.10.09 19:00:00,505,USDJPY.DWX,sell,out,4.06,107.435,767,-10.15,0.00,869.18,99 850.90,qm_tm_close,2019-10-09T19:00:00,2019-10-09T16:00:00Z,summer_US_DST,19,16,19,506,D:\QM\reports\work_items\2fc84747-27db-5e88-9568-3fdda6c30769\QM5_41398\20260909_135814\raw\run_01\report.htm
2019.10.11 12:41:52,506,USDJPY.DWX,buy,in,3.79,108.132,768,-9.48,0.00,0.00,99 841.42,BALKE_RANGE_BUY_STOP,2019-10-11T12:41:52,2019-10-11T09:41:52Z,summer_US_DST,12,9,12,507,D:\QM\reports\work_items\2fc84747-27db-5e88-9568-3fdda6c30769\QM5_41398\20260909_135814\raw\run_01\report.htm
2019.10.11 18:00:00,507,USDJPY.DWX,sell,out,3.79,108.584,770,-9.48,0.00,1 577.65,101 409.59,qm_tm_close,2019-10-11T18:00:00,2019-10-11T15:00:00Z,summer_US_DST,18,15,18,508,D:\QM\reports\work_items\2fc84747-27db-5e88-9568-3fdda6c30769\QM5_41398\20260909_135814\raw\run_01\report.htm
2019.10.14 09:54:05,508,USDJPY.DWX,sell,in,3.84,108.195,772,-9.60,0.00,0.00,101 399.99,BALKE_RANGE_SELL_STOP,2019-10-14T09:54:05,2019-10-14T06:54:05Z,summer_US_DST,9,6,9,509,D:\QM\reports\work_items\2fc84747-27db-5e88-9568-3fdda6c30769\QM5_41398\20260909_135814\raw\run_01\report.htm
2019.10.14 18:00:00,509,USDJPY.DWX,buy,out,3.84,108.426,773,-9.60,0.00,-818.11,100 572.28,qm_tm_close,2019-10-14T18:00:00,2019-10-14T15:00:00Z,summer_US_DST,18,15,18,510,D:\QM\reports\work_items\2fc84747-27db-5e88-9568-3fdda6c30769\QM5_41398\20260909_135814\raw\run_01\report.htm
2019.10.15 06:07:33,510,USDJPY.DWX,sell,in,7.13,108.300,775,-17.83,0.00,0.00,100 554.45,BALKE_RANGE_SELL_STOP,2019-10-15T06:07:33,2019-10-15T03:07:33Z,summer_US_DST,6,3,6,511,D:\QM\reports\work_items\2fc84747-27db-5e88-9568-3fdda6c30769\QM5_41398\20260909_135814\raw\run_01\report.htm
2019.10.15 16:21:50,511,USDJPY.DWX,buy,out,7.13,108.452,776,-17.83,0.00,-999.30,99 537.32,sl 108.452,2019-10-15T16:21:50,2019-10-15T13:21:50Z,summer_US_DST,16,13,16,512,D:\QM\reports\work_items\2fc84747-27db-5e88-9568-3fdda6c30769\QM5_41398\20260909_135814\raw\run_01\report.htm
2019.10.16 10:27:42,512,USDJPY.DWX,sell,in,4.37,108.601,778,-10.93,0.00,0.00,99 526.39,BALKE_RANGE_SELL_STOP,2019-10-16T10:27:42,2019-10-16T07:27:42Z,summer_US_DST,10,7,10,513,D:\QM\reports\work_items\2fc84747-27db-5e88-9568-3fdda6c30769\QM5_41398\20260909_135814\raw\run_01\report.htm
2019.10.16 17:41:07,513,USDJPY.DWX,buy,out,4.37,108.850,779,-10.93,0.00,-999.66,98 515.80,sl 108.850,2019-10-16T17:41:07,2019-10-16T14:41:07Z,summer_US_DST,17,14,17,514,D:\QM\reports\work_items\2fc84747-27db-5e88-9568-3fdda6c30769\QM5_41398\20260909_135814\raw\run_01\report.htm
2019.10.17 10:09:28,514,USDJPY.DWX,buy,in,5.87,108.827,780,-14.68,0.00,0.00,98 501.12,BALKE_RANGE_BUY_STOP,2019-10-17T10:09:28,2019-10-17T07:09:28Z,summer_US_DST,10,7,10,515,D:\QM\reports\work_items\2fc84747-27db-5e88-9568-3fdda6c30769\QM5_41398\20260909_135814\raw\run_01\report.htm
2019.10.17 15:30:47,515,USDJPY.DWX,sell,out,5.87,108.642,782,-14.68,0.00,-999.57,97 486.87,sl 108.642,2019-10-17T15:30:47,2019-10-17T12:30:47Z,summer_US_DST,15,12,15,516,D:\QM\reports\work_items\2fc84747-27db-5e88-9568-3fdda6c30769\QM5_41398\20260909_135814\raw\run_01\report.htm
2019.10.18 06:22:50,516,USDJPY.DWX,sell,in,7.44,108.540,784,-18.60,0.00,0.00,97 468.27,BALKE_RANGE_SELL_STOP,2019-10-18T06:22:50,2019-10-18T03:22:50Z,summer_US_DST,6,3,6,517,D:\QM\reports\work_items\2fc84747-27db-5e88-9568-3fdda6c30769\QM5_41398\20260909_135814\raw\run_01\report.htm
2019.10.18 11:19:05,517,USDJPY.DWX,buy,out,7.44,108.686,785,-18.60,0.00,-999.43,96 450.24,sl 108.686,2019-10-18T11:19:05,2019-10-18T08:19:05Z,summer_US_DST,11,8,11,518,D:\QM\reports\work_items\2fc84747-27db-5e88-9568-3fdda6c30769\QM5_41398\20260909_135814\raw\run_01\report.htm
2019.10.21 07:09:42,518,USDJPY.DWX,buy,in,7.52,108.515,786,-18.80,0.00,0.00,96 431.44,BALKE_RANGE_BUY_STOP,2019-10-21T07:09:42,2019-10-21T04:09:42Z,summer_US_DST,7,4,7,519,D:\QM\reports\work_items\2fc84747-27db-5e88-9568-3fdda6c30769\QM5_41398\20260909_135814\raw\run_01\report.htm
2019.10.21 15:05:00,519,USDJPY.DWX,sell,out,7.52,108.541,788,-18.80,0.00,180.13,96 592.77,sl 108.541,2019-10-21T15:05:00,2019-10-21T12:05:00Z,summer_US_DST,15,12,15,520,D:\QM\reports\work_items\2fc84747-27db-5e88-9568-3fdda6c30769\QM5_41398\20260909_135814\raw\run_01\report.htm
2019.10.22 09:26:21,520,USDJPY.DWX,sell,in,7.76,108.587,790,-19.40,0.00,0.00,96 573.37,BALKE_RANGE_SELL_STOP,2019-10-22T09:26:21,2019-10-22T06:26:21Z,summer_US_DST,9,6,9,521,D:\QM\reports\work_items\2fc84747-27db-5e88-9568-3fdda6c30769\QM5_41398\20260909_135814\raw\run_01\report.htm
2019.10.22 18:00:00,521,USDJPY.DWX,buy,out,7.76,108.556,791,-19.40,0.00,221.60,96 775.57,qm_tm_close,2019-10-22T18:00:00,2019-10-22T15:00:00Z,summer_US_DST,18,15,18,522,D:\QM\reports\work_items\2fc84747-27db-5e88-9568-3fdda6c30769\QM5_41398\20260909_135814\raw\run_01\report.htm
2019.10.24 06:13:12,522,USDJPY.DWX,sell,in,14.68,108.579,793,-36.70,0.00,0.00,96 738.87,BALKE_RANGE_SELL_STOP,2019-10-24T06:13:12,2019-10-24T03:13:12Z,summer_US_DST,6,3,6,523,D:\QM\reports\work_items\2fc84747-27db-5e88-9568-3fdda6c30769\QM5_41398\20260909_135814\raw\run_01\report.htm
2019.10.24 10:01:06,523,USDJPY.DWX,buy,out,14.68,108.653,794,-36.70,0.00,-999.81,95 702.36,sl 108.653,2019-10-24T10:01:06,2019-10-24T07:01:06Z,summer_US_DST,10,7,10,524,D:\QM\reports\work_items\2fc84747-27db-5e88-9568-3fdda6c30769\QM5_41398\20260909_135814\raw\run_01\report.htm
2019.10.25 11:50:36,524,USDJPY.DWX,sell,in,9.45,108.591,796,-23.63,0.00,0.00,95 678.73,BALKE_RANGE_SELL_STOP,2019-10-25T11:50:36,2019-10-25T08:50:36Z,summer_US_DST,11,8,11,525,D:\QM\reports\work_items\2fc84747-27db-5e88-9568-3fdda6c30769\QM5_41398\20260909_135814\raw\run_01\report.htm
2019.10.25 18:00:00,525,USDJPY.DWX,buy,out,9.45,108.592,797,-23.63,0.00,-8.70,95 646.40,qm_tm_close,2019-10-25T18:00:00,2019-10-25T15:00:00Z,summer_US_DST,18,15,18,526,D:\QM\reports\work_items\2fc84747-27db-5e88-9568-3fdda6c30769\QM5_41398\20260909_135814\raw\run_01\report.htm
2019.10.28 10:37:50,526,USDJPY.DWX,sell,in,12.65,108.706,799,-31.63,0.00,0.00,95 614.77,BALKE_RANGE_SELL_STOP,2019-10-28T10:37:50,2019-10-28T07:37:50Z,summer_US_DST,10,7,10,527,D:\QM\reports\work_items\2fc84747-27db-5e88-9568-3fdda6c30769\QM5_41398\20260909_135814\raw\run_01\report.htm
2019.10.28 15:48:24,527,USDJPY.DWX,buy,out,12.65,108.792,800,-31.63,0.00,-999.98,94 583.16,sl 108.792,2019-10-28T15:48:24,2019-10-28T12:48:24Z,summer_US_DST,15,12,15,528,D:\QM\reports\work_items\2fc84747-27db-5e88-9568-3fdda6c30769\QM5_41398\20260909_135814\raw\run_01\report.htm
2019.10.29 10:02:00,528,USDJPY.DWX,sell,in,9.82,108.957,802,-24.55,0.00,0.00,94 558.61,BALKE_RANGE_SELL_STOP,2019-10-29T10:02:00,2019-10-29T07:02:00Z,summer_US_DST,10,7,10,529,D:\QM\reports\work_items\2fc84747-27db-5e88-9568-3fdda6c30769\QM5_41398\20260909_135814\raw\run_01\report.htm
2019.10.29 13:38:04,529,USDJPY.DWX,buy,out,9.82,108.949,803,-24.55,0.00,72.11,94 606.17,sl 108.947,2019-10-29T13:38:04,2019-10-29T10:38:04Z,summer_US_DST,13,10,13,530,D:\QM\reports\work_items\2fc84747-27db-5e88-9568-3fdda6c30769\QM5_41398\20260909_135814\raw\run_01\report.htm
2019.10.30 15:30:01,530,USDJPY.DWX,buy,in,14.13,108.890,804,-35.33,0.00,0.00,94 570.84,BALKE_RANGE_BUY_STOP,2019-10-30T15:30:01,2019-10-30T12:30:01Z,summer_US_DST,15,12,15,531,D:\QM\reports\work_items\2fc84747-27db-5e88-9568-3fdda6c30769\QM5_41398\20260909_135814\raw\run_01\report.htm
2019.10.30 17:03:57,531,USDJPY.DWX,sell,out,14.13,108.811,806,-35.33,0.00,-1 025.88,93 509.63,sl 108.811,2019-10-30T17:03:57,2019-10-30T14:03:57Z,summer_US_DST,17,14,17,532,D:\QM\reports\work_items\2fc84747-27db-5e88-9568-3fdda6c30769\QM5_41398\20260909_135814\raw\run_01\report.htm
2019.10.31 11:03:00,532,USDJPY.DWX,sell,in,3.93,108.585,808,-9.83,0.00,0.00,93 499.80,BALKE_RANGE_SELL_STOP,2019-10-31T11:03:00,2019-10-31T08:03:00Z,summer_US_DST,11,8,11,533,D:\QM\reports\work_items\2fc84747-27db-5e88-9568-3fdda6c30769\QM5_41398\20260909_135814\raw\run_01\report.htm
2019.10.31 16:25:51,533,USDJPY.DWX,buy,out,3.93,108.281,809,-9.83,0.00,1 103.35,94 593.32,sl 108.281,2019-10-31T16:25:51,2019-10-31T13:25:51Z,summer_US_DST,16,13,16,534,D:\QM\reports\work_items\2fc84747-27db-5e88-9568-3fdda6c30769\QM5_41398\20260909_135814\raw\run_01\report.htm
2019.11.01 06:00:04,534,USDJPY.DWX,buy,in,6.27,108.057,810,-15.68,0.00,0.00,94 577.64,BALKE_RANGE_BUY_STOP,2019-11-01T06:00:04,2019-11-01T03:00:04Z,summer_US_DST,6,3,6,535,D:\QM\reports\work_items\2fc84747-27db-5e88-9568-3fdda6c30769\QM5_41398\20260909_135814\raw\run_01\report.htm
2019.11.01 18:00:00,535,USDJPY.DWX,sell,out,6.27,108.063,812,-15.68,0.00,34.81,94 596.77,qm_tm_close,2019-11-01T18:00:00,2019-11-01T15:00:00Z,summer_US_DST,18,15,18,536,D:\QM\reports\work_items\2fc84747-27db-5e88-9568-3fdda6c30769\QM5_41398\20260909_135814\raw\run_01\report.htm
2019.11.05 05:04:16,536,USDJPY.DWX,buy,in,8.04,108.781,813,-20.10,0.00,0.00,94 576.67,BALKE_RANGE_BUY_STOP,2019-11-05T05:04:16,2019-11-05T03:04:16Z,winter_US_standard,5,3,6,537,D:\QM\reports\work_items\2fc84747-27db-5e88-9568-3fdda6c30769\QM5_41398\20260909_135814\raw\run_01\report.htm
2019.11.05 16:56:15,537,USDJPY.DWX,sell,out,8.04,108.812,815,-20.10,0.00,229.06,94 785.63,sl 108.812,2019-11-05T16:56:15,2019-11-05T14:56:15Z,winter_US_standard,16,14,17,538,D:\QM\reports\work_items\2fc84747-27db-5e88-9568-3fdda6c30769\QM5_41398\20260909_135814\raw\run_01\report.htm
2019.11.06 08:37:19,538,USDJPY.DWX,sell,in,6.16,109.005,817,-15.40,0.00,0.00,94 770.23,BALKE_RANGE_SELL_STOP,2019-11-06T08:37:19,2019-11-06T06:37:19Z,winter_US_standard,8,6,9,539,D:\QM\reports\work_items\2fc84747-27db-5e88-9568-3fdda6c30769\QM5_41398\20260909_135814\raw\run_01\report.htm
2019.11.06 18:00:00,539,USDJPY.DWX,buy,out,6.16,109.020,818,-15.40,0.00,-84.76,94 670.07,qm_tm_close,2019-11-06T18:00:00,2019-11-06T16:00:00Z,winter_US_standard,18,16,19,540,D:\QM\reports\work_items\2fc84747-27db-5e88-9568-3fdda6c30769\QM5_41398\20260909_135814\raw\run_01\report.htm
2019.11.07 05:03:19,540,USDJPY.DWX,sell,in,5.33,108.717,820,-13.33,0.00,0.00,94 656.74,BALKE_RANGE_SELL_STOP,2019-11-07T05:03:19,2019-11-07T03:03:19Z,winter_US_standard,5,3,6,541,D:\QM\reports\work_items\2fc84747-27db-5e88-9568-3fdda6c30769\QM5_41398\20260909_135814\raw\run_01\report.htm
2019.11.07 09:24:46,541,USDJPY.DWX,buy,out,5.33,108.921,821,-13.33,0.00,-998.26,93 645.15,sl 108.921,2019-11-07T09:24:46,2019-11-07T07:24:46Z,winter_US_standard,9,7,10,542,D:\QM\reports\work_items\2fc84747-27db-5e88-9568-3fdda6c30769\QM5_41398\20260909_135814\raw\run_01\report.htm
2019.11.08 13:43:11,542,USDJPY.DWX,buy,in,4.19,109.407,822,-10.48,0.00,0.00,93 634.67,BALKE_RANGE_BUY_STOP,2019-11-08T13:43:11,2019-11-08T11:43:11Z,winter_US_standard,13,11,14,543,D:\QM\reports\work_items\2fc84747-27db-5e88-9568-3fdda6c30769\QM5_41398\20260909_135814\raw\run_01\report.htm
2019.11.08 16:59:44,543,USDJPY.DWX,sell,out,4.19,109.147,824,-10.48,0.00,-998.10,92 626.09,sl 109.147,2019-11-08T16:59:44,2019-11-08T14:59:44Z,winter_US_standard,16,14,17,544,D:\QM\reports\work_items\2fc84747-27db-5e88-9568-3fdda6c30769\QM5_41398\20260909_135814\raw\run_01\report.htm
2019.11.11 06:09:08,544,USDJPY.DWX,sell,in,4.64,109.009,826,-11.60,0.00,0.00,92 614.49,BALKE_RANGE_SELL_STOP,2019-11-11T06:09:08,2019-11-11T04:09:08Z,winter_US_standard,6,4,7,545,D:\QM\reports\work_items\2fc84747-27db-5e88-9568-3fdda6c30769\QM5_41398\20260909_135814\raw\run_01\report.htm
2019.11.11 17:00:00,545,USDJPY.DWX,buy,out,4.64,109.012,827,-11.60,0.00,-12.77,92 590.12,qm_tm_close,2019-11-11T17:00:00,2019-11-11T15:00:00Z,winter_US_standard,17,15,18,546,D:\QM\reports\work_items\2fc84747-27db-5e88-9568-3fdda6c30769\QM5_41398\20260909_135814\raw\run_01\report.htm
2019.11.13 05:08:10,546,USDJPY.DWX,buy,in,5.15,109.080,828,-12.88,0.00,0.00,92 577.24,BALKE_RANGE_BUY_STOP,2019-11-13T05:08:10,2019-11-13T03:08:10Z,winter_US_standard,5,3,6,547,D:\QM\reports\work_items\2fc84747-27db-5e88-9568-3fdda6c30769\QM5_41398\20260909_135814\raw\run_01\report.htm
2019.11.13 11:55:10,547,USDJPY.DWX,sell,out,5.15,108.869,830,-12.88,0.00,-998.13,91 566.23,sl 108.869,2019-11-13T11:55:10,2019-11-13T09:55:10Z,winter_US_standard,11,9,12,548,D:\QM\reports\work_items\2fc84747-27db-5e88-9568-3fdda6c30769\QM5_41398\20260909_135814\raw\run_01\report.htm
2019.11.14 05:19:11,548,USDJPY.DWX,sell,in,6.76,108.702,832,-16.90,0.00,0.00,91 549.33,BALKE_RANGE_SELL_STOP,2019-11-14T05:19:11,2019-11-14T03:19:11Z,winter_US_standard,5,3,6,549,D:\QM\reports\work_items\2fc84747-27db-5e88-9568-3fdda6c30769\QM5_41398\20260909_135814\raw\run_01\report.htm
2019.11.14 18:00:00,549,USDJPY.DWX,buy,out,6.76,108.579,833,-16.90,0.00,765.78,92 298.21,qm_tm_close,2019-11-14T18:00:00,2019-11-14T16:00:00Z,winter_US_standard,18,16,19,550,D:\QM\reports\work_items\2fc84747-27db-5e88-9568-3fdda6c30769\QM5_41398\20260909_135814\raw\run_01\report.htm
2019.11.15 11:06:12,550,USDJPY.DWX,buy,in,6.16,108.627,834,-15.40,0.00,0.00,92 282.81,BALKE_RANGE_BUY_STOP,2019-11-15T11:06:12,2019-11-15T09:06:12Z,winter_US_standard,11,9,12,551,D:\QM\reports\work_items\2fc84747-27db-5e88-9568-3fdda6c30769\QM5_41398\20260909_135814\raw\run_01\report.htm
2019.11.15 17:00:00,551,USDJPY.DWX,sell,out,6.16,108.720,836,-15.40,0.00,526.93,92 794.34,qm_tm_close,2019-11-15T17:00:00,2019-11-15T15:00:00Z,winter_US_standard,17,15,18,552,D:\QM\reports\work_items\2fc84747-27db-5e88-9568-3fdda6c30769\QM5_41398\20260909_135814\raw\run_01\report.htm
2019.11.18 09:16:02,552,USDJPY.DWX,buy,in,6.5,108.855,837,-16.25,0.00,0.00,92 778.09,BALKE_RANGE_BUY_STOP,2019-11-18T09:16:02,2019-11-18T07:16:02Z,winter_US_standard,9,7,10,553,D:\QM\reports\work_items\2fc84747-27db-5e88-9568-3fdda6c30769\QM5_41398\20260909_135814\raw\run_01\report.htm
2019.11.18 15:07:44,553,USDJPY.DWX,sell,out,6.5,109.006,839,-16.25,0.00,900.41,93 662.25,sl 109.006,2019-11-18T15:07:44,2019-11-18T13:07:44Z,winter_US_standard,15,13,16,554,D:\QM\reports\work_items\2fc84747-27db-5e88-9568-3fdda6c30769\QM5_41398\20260909_135814\raw\run_01\report.htm
2019.11.19 10:30:58,554,USDJPY.DWX,buy,in,4.51,108.700,840,-11.28,0.00,0.00,93 650.97,BALKE_RANGE_BUY_STOP,2019-11-19T10:30:58,2019-11-19T08:30:58Z,winter_US_standard,10,8,11,555,D:\QM\reports\work_items\2fc84747-27db-5e88-9568-3fdda6c30769\QM5_41398\20260909_135814\raw\run_01\report.htm
2019.11.19 17:00:00,555,USDJPY.DWX,sell,out,4.51,108.638,842,-11.28,0.00,-257.39,93 382.30,qm_tm_close,2019-11-19T17:00:00,2019-11-19T15:00:00Z,winter_US_standard,17,15,18,556,D:\QM\reports\work_items\2fc84747-27db-5e88-9568-3fdda6c30769\QM5_41398\20260909_135814\raw\run_01\report.htm
2019.11.20 11:04:38,556,USDJPY.DWX,sell,in,4.74,108.356,844,-11.85,0.00,0.00,93 370.45,BALKE_RANGE_SELL_STOP,2019-11-20T11:04:38,2019-11-20T09:04:38Z,winter_US_standard,11,9,12,557,D:\QM\reports\work_items\2fc84747-27db-5e88-9568-3fdda6c30769\QM5_41398\20260909_135814\raw\run_01\report.htm
2019.11.20 16:19:06,557,USDJPY.DWX,buy,out,4.74,108.585,845,-11.85,0.00,-999.64,92 358.96,sl 108.585,2019-11-20T16:19:06,2019-11-20T14:19:06Z,winter_US_standard,16,14,17,558,D:\QM\reports\work_items\2fc84747-27db-5e88-9568-3fdda6c30769\QM5_41398\20260909_135814\raw\run_01\report.htm
2019.11.21 07:37:50,558,USDJPY.DWX,buy,in,3.89,108.555,846,-9.73,0.00,0.00,92 349.23,BALKE_RANGE_BUY_STOP,2019-11-21T07:37:50,2019-11-21T05:37:50Z,winter_US_standard,7,5,8,559,D:\QM\reports\work_items\2fc84747-27db-5e88-9568-3fdda6c30769\QM5_41398\20260909_135814\raw\run_01\report.htm
2019.11.21 17:00:00,559,USDJPY.DWX,sell,out,3.89,108.593,848,-9.73,0.00,136.12,92 475.62,qm_tm_close,2019-11-21T17:00:00,2019-11-21T15:00:00Z,winter_US_standard,17,15,18,560,D:\QM\reports\work_items\2fc84747-27db-5e88-9568-3fdda6c30769\QM5_41398\20260909_135814\raw\run_01\report.htm
2019.11.22 09:40:48,560,USDJPY.DWX,sell,in,7.65,108.566,850,-19.13,0.00,0.00,92 456.49,BALKE_RANGE_SELL_STOP,2019-11-22T09:40:48,2019-11-22T07:40:48Z,winter_US_standard,9,7,10,561,D:\QM\reports\work_items\2fc84747-27db-5e88-9568-3fdda6c30769\QM5_41398\20260909_135814\raw\run_01\report.htm
2019.11.22 17:45:12,561,USDJPY.DWX,buy,out,7.65,108.708,851,-19.13,0.00,-999.28,91 438.08,sl 108.708,2019-11-22T17:45:12,2019-11-22T15:45:12Z,winter_US_standard,17,15,18,562,D:\QM\reports\work_items\2fc84747-27db-5e88-9568-3fdda6c30769\QM5_41398\20260909_135814\raw\run_01\report.htm
2019.11.25 07:28:59,562,USDJPY.DWX,buy,in,9.79,108.801,852,-24.48,0.00,0.00,91 413.60,BALKE_RANGE_BUY_STOP,2019-11-25T07:28:59,2019-11-25T05:28:59Z,winter_US_standard,7,5,8,563,D:\QM\reports\work_items\2fc84747-27db-5e88-9568-3fdda6c30769\QM5_41398\20260909_135814\raw\run_01\report.htm
2019.11.25 16:54:02,563,USDJPY.DWX,sell,out,9.79,108.848,854,-24.48,0.00,422.73,91 811.85,sl 108.848,2019-11-25T16:54:02,2019-11-25T14:54:02Z,winter_US_standard,16,14,17,564,D:\QM\reports\work_items\2fc84747-27db-5e88-9568-3fdda6c30769\QM5_41398\20260909_135814\raw\run_01\report.htm
2019.11.27 07:30:09,564,USDJPY.DWX,buy,in,12.83,109.151,855,-32.08,0.00,0.00,91 779.77,BALKE_RANGE_BUY_STOP,2019-11-27T07:30:09,2019-11-27T05:30:09Z,winter_US_standard,7,5,8,565,D:\QM\reports\work_items\2fc84747-27db-5e88-9568-3fdda6c30769\QM5_41398\20260909_135814\raw\run_01\report.htm
2019.11.27 18:00:00,565,USDJPY.DWX,sell,out,12.83,109.388,857,-32.08,0.00,2 779.75,94 527.44,qm_tm_close,2019-11-27T18:00:00,2019-11-27T16:00:00Z,winter_US_standard,18,16,19,566,D:\QM\reports\work_items\2fc84747-27db-5e88-9568-3fdda6c30769\QM5_41398\20260909_135814\raw\run_01\report.htm
2019.11.28 09:07:55,566,USDJPY.DWX,buy,in,7.28,109.486,858,-18.20,0.00,0.00,94 509.24,BALKE_RANGE_BUY_STOP,2019-11-28T09:07:55,2019-11-28T07:07:55Z,winter_US_standard,9,7,10,567,D:\QM\reports\work_items\2fc84747-27db-5e88-9568-3fdda6c30769\QM5_41398\20260909_135814\raw\run_01\report.htm
2019.11.28 17:00:00,567,USDJPY.DWX,sell,out,7.28,109.526,860,-18.20,0.00,265.87,94 756.91,qm_tm_close,2019-11-28T17:00:00,2019-11-28T15:00:00Z,winter_US_standard,17,15,18,568,D:\QM\reports\work_items\2fc84747-27db-5e88-9568-3fdda6c30769\QM5_41398\20260909_135814\raw\run_01\report.htm
2019.12.02 13:35:03,568,USDJPY.DWX,sell,in,5.51,109.528,862,-13.78,0.00,0.00,94 743.13,BALKE_RANGE_SELL_STOP,2019-12-02T13:35:03,2019-12-02T11:35:03Z,winter_US_standard,13,11,14,569,D:\QM\reports\work_items\2fc84747-27db-5e88-9568-3fdda6c30769\QM5_41398\20260909_135814\raw\run_01\report.htm
2019.12.02 18:00:00,569,USDJPY.DWX,buy,out,5.51,109.109,863,-13.78,0.00,2 115.95,96 845.30,qm_tm_close,2019-12-02T18:00:00,2019-12-02T16:00:00Z,winter_US_standard,18,16,19,570,D:\QM\reports\work_items\2fc84747-27db-5e88-9568-3fdda6c30769\QM5_41398\20260909_135814\raw\run_01\report.htm
2019.12.03 05:00:18,570,USDJPY.DWX,buy,in,5.11,109.164,864,-12.78,0.00,0.00,96 832.52,BALKE_RANGE_BUY_STOP,2019-12-03T05:00:18,2019-12-03T03:00:18Z,winter_US_standard,5,3,6,571,D:\QM\reports\work_items\2fc84747-27db-5e88-9568-3fdda6c30769\QM5_41398\20260909_135814\raw\run_01\report.htm
2019.12.03 12:10:53,571,USDJPY.DWX,sell,out,5.11,108.951,866,-12.78,0.00,-999.01,95 820.73,sl 108.951,2019-12-03T12:10:53,2019-12-03T10:10:53Z,winter_US_standard,12,10,13,572,D:\QM\reports\work_items\2fc84747-27db-5e88-9568-3fdda6c30769\QM5_41398\20260909_135814\raw\run_01\report.htm
2019.12.04 09:29:02,572,USDJPY.DWX,sell,in,5.63,108.485,868,-14.08,0.00,0.00,95 806.65,BALKE_RANGE_SELL_STOP,2019-12-04T09:29:02,2019-12-04T07:29:02Z,winter_US_standard,9,7,10,573,D:\QM\reports\work_items\2fc84747-27db-5e88-9568-3fdda6c30769\QM5_41398\20260909_135814\raw\run_01\report.htm
2019.12.04 11:07:01,573,USDJPY.DWX,buy,out,5.63,108.685,869,-14.08,0.00,-1 036.02,94 756.55,sl 108.678,2019-12-04T11:07:01,2019-12-04T09:07:01Z,winter_US_standard,11,9,12,574,D:\QM\reports\work_items\2fc84747-27db-5e88-9568-3fdda6c30769\QM5_41398\20260909_135814\raw\run_01\report.htm
2019.12.05 07:25:02,574,USDJPY.DWX,sell,in,8.37,108.802,871,-20.93,0.00,0.00,94 735.62,BALKE_RANGE_SELL_STOP,2019-12-05T07:25:02,2019-12-05T05:25:02Z,winter_US_standard,7,5,8,575,D:\QM\reports\work_items\2fc84747-27db-5e88-9568-3fdda6c30769\QM5_41398\20260909_135814\raw\run_01\report.htm
2019.12.05 10:49:34,575,USDJPY.DWX,buy,out,8.37,108.932,872,-20.93,0.00,-998.88,93 715.81,sl 108.932,2019-12-05T10:49:34,2019-12-05T08:49:34Z,winter_US_standard,10,8,11,576,D:\QM\reports\work_items\2fc84747-27db-5e88-9568-3fdda6c30769\QM5_41398\20260909_135814\raw\run_01\report.htm
2019.12.06 06:55:06,576,USDJPY.DWX,sell,in,9.06,108.663,874,-22.65,0.00,0.00,93 693.16,BALKE_RANGE_SELL_STOP,2019-12-06T06:55:06,2019-12-06T04:55:06Z,winter_US_standard,6,4,7,577,D:\QM\reports\work_items\2fc84747-27db-5e88-9568-3fdda6c30769\QM5_41398\20260909_135814\raw\run_01\report.htm
2019.12.06 15:30:03,577,USDJPY.DWX,buy,out,9.06,108.606,875,-22.65,0.00,475.50,94 146.01,sl 108.594,2019-12-06T15:30:03,2019-12-06T13:30:03Z,winter_US_standard,15,13,16,578,D:\QM\reports\work_items\2fc84747-27db-5e88-9568-3fdda6c30769\QM5_41398\20260909_135814\raw\run_01\report.htm
2019.12.09 10:00:07,578,USDJPY.DWX,sell,in,10.97,108.541,877,-27.43,0.00,0.00,94 118.58,BALKE_RANGE_SELL_STOP,2019-12-09T10:00:07,2019-12-09T08:00:07Z,winter_US_standard,10,8,11,579,D:\QM\reports\work_items\2fc84747-27db-5e88-9568-3fdda6c30769\QM5_41398\20260909_135814\raw\run_01\report.htm
2019.12.09 15:11:49,579,USDJPY.DWX,buy,out,10.97,108.494,878,-27.43,0.00,475.22,94 566.37,sl 108.494,2019-12-09T15:11:49,2019-12-09T13:11:49Z,winter_US_standard,15,13,16,580,D:\QM\reports\work_items\2fc84747-27db-5e88-9568-3fdda6c30769\QM5_41398\20260909_135814\raw\run_01\report.htm
2019.12.10 11:03:44,580,USDJPY.DWX,sell,in,10.65,108.559,880,-26.63,0.00,0.00,94 539.74,BALKE_RANGE_SELL_STOP,2019-12-10T11:03:44,2019-12-10T09:03:44Z,winter_US_standard,11,9,12,581,D:\QM\reports\work_items\2fc84747-27db-5e88-9568-3fdda6c30769\QM5_41398\20260909_135814\raw\run_01\report.htm
2019.12.10 15:32:27,581,USDJPY.DWX,buy,out,10.65,108.661,881,-26.63,0.00,-999.71,93 513.40,sl 108.661,2019-12-10T15:32:27,2019-12-10T13:32:27Z,winter_US_standard,15,13,16,582,D:\QM\reports\work_items\2fc84747-27db-5e88-9568-3fdda6c30769\QM5_41398\20260909_135814\raw\run_01\report.htm
2019.12.11 10:19:53,582,USDJPY.DWX,buy,in,8.42,108.794,882,-21.05,0.00,0.00,93 492.35,BALKE_RANGE_BUY_STOP,2019-12-11T10:19:53,2019-12-11T08:19:53Z,winter_US_standard,10,8,11,583,D:\QM\reports\work_items\2fc84747-27db-5e88-9568-3fdda6c30769\QM5_41398\20260909_135814\raw\run_01\report.htm
2019.12.11 12:37:35,583,USDJPY.DWX,sell,out,8.42,108.665,884,-21.05,0.00,-999.57,92 471.73,sl 108.665,2019-12-11T12:37:35,2019-12-11T10:37:35Z,winter_US_standard,12,10,13,584,D:\QM\reports\work_items\2fc84747-27db-5e88-9568-3fdda6c30769\QM5_41398\20260909_135814\raw\run_01\report.htm
2019.12.12 05:00:01,584,USDJPY.DWX,buy,in,8.6,108.583,885,-21.50,0.00,0.00,92 450.23,BALKE_RANGE_BUY_STOP,2019-12-12T05:00:01,2019-12-12T03:00:01Z,winter_US_standard,5,3,6,585,D:\QM\reports\work_items\2fc84747-27db-5e88-9568-3fdda6c30769\QM5_41398\20260909_135814\raw\run_01\report.htm
2019.12.12 17:00:00,585,USDJPY.DWX,sell,out,8.6,108.940,887,-21.50,0.00,2 818.25,95 246.98,qm_tm_close,2019-12-12T17:00:00,2019-12-12T15:00:00Z,winter_US_standard,17,15,18,586,D:\QM\reports\work_items\2fc84747-27db-5e88-9568-3fdda6c30769\QM5_41398\20260909_135814\raw\run_01\report.htm
2019.12.13 05:05:12,586,USDJPY.DWX,buy,in,5.01,109.567,888,-12.53,0.00,0.00,95 234.45,BALKE_RANGE_BUY_STOP,2019-12-13T05:05:12,2019-12-13T03:05:12Z,winter_US_standard,5,3,6,587,D:\QM\reports\work_items\2fc84747-27db-5e88-9568-3fdda6c30769\QM5_41398\20260909_135814\raw\run_01\report.htm
2019.12.13 16:07:43,587,USDJPY.DWX,sell,out,5.01,109.349,890,-12.53,0.00,-998.80,94 223.12,sl 109.349,2019-12-13T16:07:43,2019-12-13T14:07:43Z,winter_US_standard,16,14,17,588,D:\QM\reports\work_items\2fc84747-27db-5e88-9568-3fdda6c30769\QM5_41398\20260909_135814\raw\run_01\report.htm
2019.12.16 09:46:50,588,USDJPY.DWX,buy,in,17.63,109.417,891,-44.08,0.00,0.00,94 179.04,BALKE_RANGE_BUY_STOP,2019-12-16T09:46:50,2019-12-16T07:46:50Z,winter_US_standard,9,7,10,589,D:\QM\reports\work_items\2fc84747-27db-5e88-9568-3fdda6c30769\QM5_41398\20260909_135814\raw\run_01\report.htm
2019.12.16 15:01:30,589,USDJPY.DWX,sell,out,17.63,109.406,893,-44.08,0.00,-177.26,93 957.70,sl 109.406,2019-12-16T15:01:30,2019-12-16T13:01:30Z,winter_US_standard,15,13,16,590,D:\QM\reports\work_items\2fc84747-27db-5e88-9568-3fdda6c30769\QM5_41398\20260909_135814\raw\run_01\report.htm
2019.12.17 09:28:49,590,USDJPY.DWX,buy,in,11.4,109.586,894,-28.50,0.00,0.00,93 929.20,BALKE_RANGE_BUY_STOP,2019-12-17T09:28:49,2019-12-17T07:28:49Z,winter_US_standard,9,7,10,591,D:\QM\reports\work_items\2fc84747-27db-5e88-9568-3fdda6c30769\QM5_41398\20260909_135814\raw\run_01\report.htm
2019.12.17 17:00:00,591,USDJPY.DWX,sell,out,11.4,109.571,896,-28.50,0.00,-156.06,93 744.64,qm_tm_close,2019-12-17T17:00:00,2019-12-17T15:00:00Z,winter_US_standard,17,15,18,592,D:\QM\reports\work_items\2fc84747-27db-5e88-9568-3fdda6c30769\QM5_41398\20260909_135814\raw\run_01\report.htm
2019.12.18 10:25:18,592,USDJPY.DWX,sell,in,7.11,109.412,898,-17.78,0.00,0.00,93 726.86,BALKE_RANGE_SELL_STOP,2019-12-18T10:25:18,2019-12-18T08:25:18Z,winter_US_standard,10,8,11,593,D:\QM\reports\work_items\2fc84747-27db-5e88-9568-3fdda6c30769\QM5_41398\20260909_135814\raw\run_01\report.htm
2019.12.18 14:54:22,593,USDJPY.DWX,buy,out,7.11,109.566,899,-17.78,0.00,-999.34,92 709.74,sl 109.566,2019-12-18T14:54:22,2019-12-18T12:54:22Z,winter_US_standard,14,12,15,594,D:\QM\reports\work_items\2fc84747-27db-5e88-9568-3fdda6c30769\QM5_41398\20260909_135814\raw\run_01\report.htm
2019.12.20 08:12:05,594,USDJPY.DWX,sell,in,10.72,109.301,901,-26.80,0.00,0.00,92 682.94,BALKE_RANGE_SELL_STOP,2019-12-20T08:12:05,2019-12-20T06:12:05Z,winter_US_standard,8,6,9,595,D:\QM\reports\work_items\2fc84747-27db-5e88-9568-3fdda6c30769\QM5_41398\20260909_135814\raw\run_01\report.htm
2019.12.20 10:02:13,595,USDJPY.DWX,buy,out,10.72,109.404,902,-26.80,0.00,-1 009.25,91 646.89,sl 109.403,2019-12-20T10:02:13,2019-12-20T08:02:13Z,winter_US_standard,10,8,11,596,D:\QM\reports\work_items\2fc84747-27db-5e88-9568-3fdda6c30769\QM5_41398\20260909_135814\raw\run_01\report.htm
2019.12.23 05:47:18,596,USDJPY.DWX,sell,in,10.33,109.396,904,-25.83,0.00,0.00,91 621.06,BALKE_RANGE_SELL_STOP,2019-12-23T05:47:18,2019-12-23T03:47:18Z,winter_US_standard,5,3,6,597,D:\QM\reports\work_items\2fc84747-27db-5e88-9568-3fdda6c30769\QM5_41398\20260909_135814\raw\run_01\report.htm
2019.12.23 17:00:00,597,USDJPY.DWX,buy,out,10.33,109.361,905,-25.83,0.00,330.60,91 925.83,qm_tm_close,2019-12-23T17:00:00,2019-12-23T15:00:00Z,winter_US_standard,17,15,18,598,D:\QM\reports\work_items\2fc84747-27db-5e88-9568-3fdda6c30769\QM5_41398\20260909_135814\raw\run_01\report.htm
2019.12.27 15:18:51,598,USDJPY.DWX,buy,in,9.35,109.549,908,-23.38,0.00,0.00,91 902.45,BALKE_RANGE_BUY_STOP,2019-12-27T15:18:51,2019-12-27T13:18:51Z,winter_US_standard,15,13,16,599,D:\QM\reports\work_items\2fc84747-27db-5e88-9568-3fdda6c30769\QM5_41398\20260909_135814\raw\run_01\report.htm
2019.12.27 17:00:00,599,USDJPY.DWX,sell,out,9.35,109.451,910,-23.38,0.00,-837.18,91 041.89,qm_tm_close,2019-12-27T17:00:00,2019-12-27T15:00:00Z,winter_US_standard,17,15,18,600,D:\QM\reports\work_items\2fc84747-27db-5e88-9568-3fdda6c30769\QM5_41398\20260909_135814\raw\run_01\report.htm
2019.12.31 10:07:30,600,USDJPY.DWX,sell,in,4.3,108.624,912,-10.75,0.00,0.00,91 031.14,BALKE_RANGE_SELL_STOP,2019-12-31T10:07:30,2019-12-31T08:07:30Z,winter_US_standard,10,8,11,601,D:\QM\reports\work_items\2fc84747-27db-5e88-9568-3fdda6c30769\QM5_41398\20260909_135814\raw\run_01\report.htm
2019.12.31 18:00:00,601,USDJPY.DWX,buy,out,4.3,108.670,913,-10.75,0.00,-182.02,90 838.37,qm_tm_close,2019-12-31T18:00:00,2019-12-31T16:00:00Z,winter_US_standard,18,16,19,602,D:\QM\reports\work_items\2fc84747-27db-5e88-9568-3fdda6c30769\QM5_41398\20260909_135814\raw\run_01\report.htm
2020.01.02 06:57:37,602,USDJPY.DWX,buy,in,11.08,108.735,914,-27.70,0.00,0.00,90 810.67,BALKE_RANGE_BUY_STOP,2020-01-02T06:57:37,2020-01-02T04:57:37Z,winter_US_standard,6,4,7,603,D:\QM\reports\work_items\2fc84747-27db-5e88-9568-3fdda6c30769\QM5_41398\20260909_135814\raw\run_01\report.htm
2020.01.02 13:19:36,603,USDJPY.DWX,sell,out,11.08,108.775,916,-27.70,0.00,407.45,91 190.42,sl 108.775,2020-01-02T13:19:36,2020-01-02T11:19:36Z,winter_US_standard,13,11,14,604,D:\QM\reports\work_items\2fc84747-27db-5e88-9568-3fdda6c30769\QM5_41398\20260909_135814\raw\run_01\report.htm
2020.01.06 09:27:19,604,USDJPY.DWX,buy,in,5.18,108.122,917,-12.95,0.00,0.00,91 177.47,BALKE_RANGE_BUY_STOP,2020-01-06T09:27:19,2020-01-06T07:27:19Z,winter_US_standard,9,7,10,605,D:\QM\reports\work_items\2fc84747-27db-5e88-9568-3fdda6c30769\QM5_41398\20260909_135814\raw\run_01\report.htm
2020.01.06 17:00:00,605,USDJPY.DWX,sell,out,5.18,108.139,919,-12.95,0.00,81.43,91 245.95,qm_tm_close,2020-01-06T17:00:00,2020-01-06T15:00:00Z,winter_US_standard,17,15,18,606,D:\QM\reports\work_items\2fc84747-27db-5e88-9568-3fdda6c30769\QM5_41398\20260909_135814\raw\run_01\report.htm
2020.01.07 05:00:20,606,USDJPY.DWX,buy,in,10.12,108.482,920,-25.30,0.00,0.00,91 220.65,BALKE_RANGE_BUY_STOP,2020-01-07T05:00:20,2020-01-07T03:00:20Z,winter_US_standard,5,3,6,607,D:\QM\reports\work_items\2fc84747-27db-5e88-9568-3fdda6c30769\QM5_41398\20260909_135814\raw\run_01\report.htm
2020.01.07 08:01:54,607,USDJPY.DWX,sell,out,10.12,108.375,922,-25.30,0.00,-999.16,90 196.19,sl 108.375,2020-01-07T08:01:54,2020-01-07T06:01:54Z,winter_US_standard,8,6,9,608,D:\QM\reports\work_items\2fc84747-27db-5e88-9568-3fdda6c30769\QM5_41398\20260909_135814\raw\run_01\report.htm
2020.01.09 07:50:12,608,USDJPY.DWX,buy,in,4.88,109.254,923,-12.20,0.00,0.00,90 183.99,BALKE_RANGE_BUY_STOP,2020-01-09T07:50:12,2020-01-09T05:50:12Z,winter_US_standard,7,5,8,609,D:\QM\reports\work_items\2fc84747-27db-5e88-9568-3fdda6c30769\QM5_41398\20260909_135814\raw\run_01\report.htm
2020.01.09 14:25:57,609,USDJPY.DWX,sell,out,4.88,109.400,925,-12.20,0.00,651.26,90 823.05,sl 109.400,2020-01-09T14:25:57,2020-01-09T12:25:57Z,winter_US_standard,14,12,15,610,D:\QM\reports\work_items\2fc84747-27db-5e88-9568-3fdda6c30769\QM5_41398\20260909_135814\raw\run_01\report.htm
2020.01.10 07:35:59,610,USDJPY.DWX,buy,in,8.89,109.581,926,-22.23,0.00,0.00,90 800.82,BALKE_RANGE_BUY_STOP,2020-01-10T07:35:59,2020-01-10T05:35:59Z,winter_US_standard,7,5,8,611,D:\QM\reports\work_items\2fc84747-27db-5e88-9568-3fdda6c30769\QM5_41398\20260909_135814\raw\run_01\report.htm
2020.01.10 17:00:00,611,USDJPY.DWX,sell,out,8.89,109.593,928,-22.23,0.00,97.34,90 875.93,qm_tm_close,2020-01-10T17:00:00,2020-01-10T15:00:00Z,winter_US_standard,17,15,18,612,D:\QM\reports\work_items\2fc84747-27db-5e88-9568-3fdda6c30769\QM5_41398\20260909_135814\raw\run_01\report.htm
2020.01.13 07:14:37,612,USDJPY.DWX,buy,in,10.63,109.636,929,-26.58,0.00,0.00,90 849.35,BALKE_RANGE_BUY_STOP,2020-01-13T07:14:37,2020-01-13T05:14:37Z,winter_US_standard,7,5,8,613,D:\QM\reports\work_items\2fc84747-27db-5e88-9568-3fdda6c30769\QM5_41398\20260909_135814\raw\run_01\report.htm
2020.01.13 15:47:53,613,USDJPY.DWX,sell,out,10.63,109.833,931,-26.58,0.00,1 906.63,92 729.40,sl 109.833,2020-01-13T15:47:53,2020-01-13T13:47:53Z,winter_US_standard,15,13,16,614,D:\QM\reports\work_items\2fc84747-27db-5e88-9568-3fdda6c30769\QM5_41398\20260909_135814\raw\run_01\report.htm
2020.01.15 11:37:02,614,USDJPY.DWX,sell,in,8.86,109.848,933,-22.15,0.00,0.00,92 707.25,BALKE_RANGE_SELL_STOP,2020-01-15T11:37:02,2020-01-15T09:37:02Z,winter_US_standard,11,9,12,615,D:\QM\reports\work_items\2fc84747-27db-5e88-9568-3fdda6c30769\QM5_41398\20260909_135814\raw\run_01\report.htm
2020.01.15 17:00:00,615,USDJPY.DWX,buy,out,8.86,109.939,934,-22.15,0.00,-733.37,91 951.73,qm_tm_close,2020-01-15T17:00:00,2020-01-15T15:00:00Z,winter_US_standard,17,15,18,616,D:\QM\reports\work_items\2fc84747-27db-5e88-9568-3fdda6c30769\QM5_41398\20260909_135814\raw\run_01\report.htm
2020.01.16 10:30:37,616,USDJPY.DWX,buy,in,9.31,109.990,935,-23.28,0.00,0.00,91 928.45,BALKE_RANGE_BUY_STOP,2020-01-16T10:30:37,2020-01-16T08:30:37Z,winter_US_standard,10,8,11,617,D:\QM\reports\work_items\2fc84747-27db-5e88-9568-3fdda6c30769\QM5_41398\20260909_135814\raw\run_01\report.htm
2020.01.16 18:00:00,617,USDJPY.DWX,sell,out,9.31,110.117,937,-23.28,0.00,1 073.74,92 978.91,qm_tm_close,2020-01-16T18:00:00,2020-01-16T16:00:00Z,winter_US_standard,18,16,19,618,D:\QM\reports\work_items\2fc84747-27db-5e88-9568-3fdda6c30769\QM5_41398\20260909_135814\raw\run_01\report.htm
2020.01.17 11:30:02,618,USDJPY.DWX,sell,in,8.05,110.153,939,-20.13,0.00,0.00,92 958.78,BALKE_RANGE_SELL_STOP,2020-01-17T11:30:02,2020-01-17T09:30:02Z,winter_US_standard,11,9,12,619,D:\QM\reports\work_items\2fc84747-27db-5e88-9568-3fdda6c30769\QM5_41398\20260909_135814\raw\run_01\report.htm
2020.01.17 17:00:00,619,USDJPY.DWX,buy,out,8.05,110.158,940,-20.13,0.00,-36.54,92 902.11,qm_tm_close,2020-01-17T17:00:00,2020-01-17T15:00:00Z,winter_US_standard,17,15,18,620,D:\QM\reports\work_items\2fc84747-27db-5e88-9568-3fdda6c30769\QM5_41398\20260909_135814\raw\run_01\report.htm
2020.01.20 09:41:07,620,USDJPY.DWX,sell,in,16.95,110.152,942,-42.38,0.00,0.00,92 859.73,BALKE_RANGE_SELL_STOP,2020-01-20T09:41:07,2020-01-20T07:41:07Z,winter_US_standard,9,7,10,621,D:\QM\reports\work_items\2fc84747-27db-5e88-9568-3fdda6c30769\QM5_41398\20260909_135814\raw\run_01\report.htm
2020.01.20 17:00:13,621,USDJPY.DWX,buy,out,16.95,110.178,943,-42.38,0.00,-399.99,92 417.36,qm_tm_close,2020-01-20T17:00:13,2020-01-20T15:00:13Z,winter_US_standard,17,15,18,622,D:\QM\reports\work_items\2fc84747-27db-5e88-9568-3fdda6c30769\QM5_41398\20260909_135814\raw\run_01\report.htm
2020.01.22 16:30:59,622,USDJPY.DWX,sell,in,4.66,109.864,945,-11.65,0.00,0.00,92 405.71,BALKE_RANGE_SELL_STOP,2020-01-22T16:30:59,2020-01-22T14:30:59Z,winter_US_standard,16,14,17,623,D:\QM\reports\work_items\2fc84747-27db-5e88-9568-3fdda6c30769\QM5_41398\20260909_135814\raw\run_01\report.htm
2020.01.22 17:00:00,623,USDJPY.DWX,buy,out,4.66,109.889,946,-11.65,0.00,-106.02,92 288.04,qm_tm_close,2020-01-22T17:00:00,2020-01-22T15:00:00Z,winter_US_standard,17,15,18,624,D:\QM\reports\work_items\2fc84747-27db-5e88-9568-3fdda6c30769\QM5_41398\20260909_135814\raw\run_01\report.htm
2020.01.23 06:02:07,624,USDJPY.DWX,sell,in,6.41,109.592,948,-16.03,0.00,0.00,92 272.01,BALKE_RANGE_SELL_STOP,2020-01-23T06:02:07,2020-01-23T04:02:07Z,winter_US_standard,6,4,7,625,D:\QM\reports\work_items\2fc84747-27db-5e88-9568-3fdda6c30769\QM5_41398\20260909_135814\raw\run_01\report.htm
2020.01.23 17:00:00,625,USDJPY.DWX,buy,out,6.41,109.388,949,-16.03,0.00,1 195.41,93 451.39,qm_tm_close,2020-01-23T17:00:00,2020-01-23T15:00:00Z,winter_US_standard,17,15,18,626,D:\QM\reports\work_items\2fc84747-27db-5e88-9568-3fdda6c30769\QM5_41398\20260909_135814\raw\run_01\report.htm
2020.01.24 10:07:32,626,USDJPY.DWX,buy,in,7.81,109.578,950,-19.53,0.00,0.00,93 431.86,BALKE_RANGE_BUY_STOP,2020-01-24T10:07:32,2020-01-24T08:07:32Z,winter_US_standard,10,8,11,627,D:\QM\reports\work_items\2fc84747-27db-5e88-9568-3fdda6c30769\QM5_41398\20260909_135814\raw\run_01\report.htm
2020.01.24 16:47:49,627,USDJPY.DWX,sell,out,7.81,109.438,952,-19.53,0.00,-999.10,92 413.23,sl 109.438,2020-01-24T16:47:49,2020-01-24T14:47:49Z,winter_US_standard,16,14,17,628,D:\QM\reports\work_items\2fc84747-27db-5e88-9568-3fdda6c30769\QM5_41398\20260909_135814\raw\run_01\report.htm
2020.01.27 05:37:13,628,USDJPY.DWX,buy,in,4.51,109.034,953,-11.28,0.00,0.00,92 401.95,BALKE_RANGE_BUY_STOP,2020-01-27T05:37:13,2020-01-27T03:37:13Z,winter_US_standard,5,3,6,629,D:\QM\reports\work_items\2fc84747-27db-5e88-9568-3fdda6c30769\QM5_41398\20260909_135814\raw\run_01\report.htm
2020.01.27 18:00:00,629,USDJPY.DWX,sell,out,4.51,108.910,955,-11.28,0.00,-513.49,91 877.18,qm_tm_close,2020-01-27T18:00:00,2020-01-27T16:00:00Z,winter_US_standard,18,16,19,630,D:\QM\reports\work_items\2fc84747-27db-5e88-9568-3fdda6c30769\QM5_41398\20260909_135814\raw\run_01\report.htm
2020.01.28 07:47:30,630,USDJPY.DWX,buy,in,4.75,109.047,956,-11.88,0.00,0.00,91 865.30,BALKE_RANGE_BUY_STOP,2020-01-28T07:47:30,2020-01-28T05:47:30Z,winter_US_standard,7,5,8,631,D:\QM\reports\work_items\2fc84747-27db-5e88-9568-3fdda6c30769\QM5_41398\20260909_135814\raw\run_01\report.htm
2020.01.28 11:02:21,631,USDJPY.DWX,sell,out,4.75,108.818,958,-11.88,0.00,-999.60,90 853.82,sl 108.818,2020-01-28T11:02:21,2020-01-28T09:02:21Z,winter_US_standard,11,9,12,632,D:\QM\reports\work_items\2fc84747-27db-5e88-9568-3fdda6c30769\QM5_41398\20260909_135814\raw\run_01\report.htm
2020.01.29 05:14:21,632,USDJPY.DWX,buy,in,6.73,109.235,959,-16.83,0.00,0.00,90 836.99,BALKE_RANGE_BUY_STOP,2020-01-29T05:14:21,2020-01-29T03:14:21Z,winter_US_standard,5,3,6,633,D:\QM\reports\work_items\2fc84747-27db-5e88-9568-3fdda6c30769\QM5_41398\20260909_135814\raw\run_01\report.htm
2020.01.29 09:08:28,633,USDJPY.DWX,sell,out,6.73,109.073,961,-16.83,0.00,-999.57,89 820.59,sl 109.073,2020-01-29T09:08:28,2020-01-29T07:08:28Z,winter_US_standard,9,7,10,634,D:\QM\reports\work_items\2fc84747-27db-5e88-9568-3fdda6c30769\QM5_41398\20260909_135814\raw\run_01\report.htm
2020.01.30 05:50:37,634,USDJPY.DWX,sell,in,6.16,108.869,963,-15.40,0.00,0.00,89 805.19,BALKE_RANGE_SELL_STOP,2020-01-30T05:50:37,2020-01-30T03:50:37Z,winter_US_standard,5,3,6,635,D:\QM\reports\work_items\2fc84747-27db-5e88-9568-3fdda6c30769\QM5_41398\20260909_135814\raw\run_01\report.htm
2020.01.30 17:00:02,635,USDJPY.DWX,buy,out,6.16,108.904,964,-15.40,0.00,-197.97,89 591.82,qm_tm_close,2020-01-30T17:00:02,2020-01-30T15:00:02Z,winter_US_standard,17,15,18,636,D:\QM\reports\work_items\2fc84747-27db-5e88-9568-3fdda6c30769\QM5_41398\20260909_135814\raw\run_01\report.htm
2020.01.31 12:35:27,636,USDJPY.DWX,sell,in,4.43,108.889,966,-11.08,0.00,0.00,89 580.74,BALKE_RANGE_SELL_STOP,2020-01-31T12:35:27,2020-01-31T10:35:27Z,winter_US_standard,12,10,13,637,D:\QM\reports\work_items\2fc84747-27db-5e88-9568-3fdda6c30769\QM5_41398\20260909_135814\raw\run_01\report.htm
2020.01.31 17:00:00,637,USDJPY.DWX,buy,out,4.43,108.760,967,-11.08,0.00,525.44,90 095.10,qm_tm_close,2020-01-31T17:00:00,2020-01-31T15:00:00Z,winter_US_standard,17,15,18,638,D:\QM\reports\work_items\2fc84747-27db-5e88-9568-3fdda6c30769\QM5_41398\20260909_135814\raw\run_01\report.htm
2020.02.03 09:19:29,638,USDJPY.DWX,buy,in,5.01,108.580,968,-12.53,0.00,0.00,90 082.57,BALKE_RANGE_BUY_STOP,2020-02-03T09:19:29,2020-02-03T07:19:29Z,winter_US_standard,9,7,10,639,D:\QM\reports\work_items\2fc84747-27db-5e88-9568-3fdda6c30769\QM5_41398\20260909_135814\raw\run_01\report.htm
2020.02.03 18:00:00,639,USDJPY.DWX,sell,out,5.01,108.711,970,-12.53,0.00,603.72,90 673.76,qm_tm_close,2020-02-03T18:00:00,2020-02-03T16:00:00Z,winter_US_standard,18,16,19,640,D:\QM\reports\work_items\2fc84747-27db-5e88-9568-3fdda6c30769\QM5_41398\20260909_135814\raw\run_01\report.htm
2020.02.04 05:35:58,640,USDJPY.DWX,buy,in,6.53,108.715,971,-16.33,0.00,0.00,90 657.43,BALKE_RANGE_BUY_STOP,2020-02-04T05:35:58,2020-02-04T03:35:58Z,winter_US_standard,5,3,6,641,D:\QM\reports\work_items\2fc84747-27db-5e88-9568-3fdda6c30769\QM5_41398\20260909_135814\raw\run_01\report.htm
2020.02.04 13:01:46,641,USDJPY.DWX,sell,out,6.53,108.980,973,-16.33,0.00,1 587.86,92 228.96,sl 108.980,2020-02-04T13:01:46,2020-02-04T11:01:46Z,winter_US_standard,13,11,14,642,D:\QM\reports\work_items\2fc84747-27db-5e88-9568-3fdda6c30769\QM5_41398\20260909_135814\raw\run_01\report.htm
2020.02.05 09:12:20,642,USDJPY.DWX,sell,in,8.68,109.366,975,-21.70,0.00,0.00,92 207.26,BALKE_RANGE_SELL_STOP,2020-02-05T09:12:20,2020-02-05T07:12:20Z,winter_US_standard,9,7,10,643,D:\QM\reports\work_items\2fc84747-27db-5e88-9568-3fdda6c30769\QM5_41398\20260909_135814\raw\run_01\report.htm
2020.02.05 10:33:54,643,USDJPY.DWX,buy,out,8.68,109.492,976,-21.70,0.00,-998.87,91 186.69,sl 109.492,2020-02-05T10:33:54,2020-02-05T08:33:54Z,winter_US_standard,10,8,11,644,D:\QM\reports\work_items\2fc84747-27db-5e88-9568-3fdda6c30769\QM5_41398\20260909_135814\raw\run_01\report.htm
2020.02.06 06:03:31,644,USDJPY.DWX,buy,in,10.45,109.906,977,-26.13,0.00,0.00,91 160.56,BALKE_RANGE_BUY_STOP,2020-02-06T06:03:31,2020-02-06T04:03:31Z,winter_US_standard,6,4,7,645,D:\QM\reports\work_items\2fc84747-27db-5e88-9568-3fdda6c30769\QM5_41398\20260909_135814\raw\run_01\report.htm
2020.02.06 11:27:03,645,USDJPY.DWX,sell,out,10.45,109.801,979,-26.13,0.00,-999.31,90 135.12,sl 109.801,2020-02-06T11:27:03,2020-02-06T09:27:03Z,winter_US_standard,11,9,12,646,D:\QM\reports\work_items\2fc84747-27db-5e88-9568-3fdda6c30769\QM5_41398\20260909_135814\raw\run_01\report.htm
2020.02.07 09:00:02,646,USDJPY.DWX,buy,in,6.2,109.989,980,-15.50,0.00,0.00,90 119.62,BALKE_RANGE_BUY_STOP,2020-02-07T09:00:02,2020-02-07T07:00:02Z,winter_US_standard,9,7,10,647,D:\QM\reports\work_items\2fc84747-27db-5e88-9568-3fdda6c30769\QM5_41398\20260909_135814\raw\run_01\report.htm
2020.02.07 11:56:59,647,USDJPY.DWX,sell,out,6.2,109.812,982,-15.50,0.00,-999.34,89 104.78,sl 109.812,2020-02-07T11:56:59,2020-02-07T09:56:59Z,winter_US_standard,11,9,12,648,D:\QM\reports\work_items\2fc84747-27db-5e88-9568-3fdda6c30769\QM5_41398\20260909_135814\raw\run_01\report.htm
2020.02.11 07:17:10,648,USDJPY.DWX,buy,in,6.85,109.899,985,-17.13,0.00,0.00,89 087.65,BALKE_RANGE_BUY_STOP,2020-02-11T07:17:10,2020-02-11T05:17:10Z,winter_US_standard,7,5,8,649,D:\QM\reports\work_items\2fc84747-27db-5e88-9568-3fdda6c30769\QM5_41398\20260909_135814\raw\run_01\report.htm
2020.02.11 18:00:00,649,USDJPY.DWX,sell,out,6.85,109.906,987,-17.13,0.00,43.63,89 114.15,qm_tm_close,2020-02-11T18:00:00,2020-02-11T16:00:00Z,winter_US_standard,18,16,19,650,D:\QM\reports\work_items\2fc84747-27db-5e88-9568-3fdda6c30769\QM5_41398\20260909_135814\raw\run_01\report.htm
2020.02.12 09:16:09,650,USDJPY.DWX,buy,in,11.93,109.891,988,-29.83,0.00,0.00,89 084.32,BALKE_RANGE_BUY_STOP,2020-02-12T09:16:09,2020-02-12T07:16:09Z,winter_US_standard,9,7,10,651,D:\QM\reports\work_items\2fc84747-27db-5e88-9568-3fdda6c30769\QM5_41398\20260909_135814\raw\run_01\report.htm
2020.02.12 17:00:01,651,USDJPY.DWX,sell,out,11.93,110.054,990,-29.83,0.00,1 766.94,90 821.43,qm_tm_close,2020-02-12T17:00:01,2020-02-12T15:00:01Z,winter_US_standard,17,15,18,652,D:\QM\reports\work_items\2fc84747-27db-5e88-9568-3fdda6c30769\QM5_41398\20260909_135814\raw\run_01\report.htm
2020.02.13 07:34:09,652,USDJPY.DWX,sell,in,8.08,109.850,992,-20.20,0.00,0.00,90 801.23,BALKE_RANGE_SELL_STOP,2020-02-13T07:34:09,2020-02-13T05:34:09Z,winter_US_standard,7,5,8,653,D:\QM\reports\work_items\2fc84747-27db-5e88-9568-3fdda6c30769\QM5_41398\20260909_135814\raw\run_01\report.htm
2020.02.13 14:08:55,653,USDJPY.DWX,buy,out,8.08,109.743,993,-20.20,0.00,787.80,91 568.83,sl 109.743,2020-02-13T14:08:55,2020-02-13T12:08:55Z,winter_US_standard,14,12,15,654,D:\QM\reports\work_items\2fc84747-27db-5e88-9568-3fdda6c30769\QM5_41398\20260909_135814\raw\run_01\report.htm
2020.02.14 05:00:14,654,USDJPY.DWX,buy,in,9.07,109.872,994,-22.68,0.00,0.00,91 546.15,BALKE_RANGE_BUY_STOP,2020-02-14T05:00:14,2020-02-14T03:00:14Z,winter_US_standard,5,3,6,655,D:\QM\reports\work_items\2fc84747-27db-5e88-9568-3fdda6c30769\QM5_41398\20260909_135814\raw\run_01\report.htm
2020.02.14 08:09:23,655,USDJPY.DWX,sell,out,9.07,109.751,996,-22.68,0.00,-999.96,90 523.51,sl 109.751,2020-02-14T08:09:23,2020-02-14T06:09:23Z,winter_US_standard,8,6,9,656,D:\QM\reports\work_items\2fc84747-27db-5e88-9568-3fdda6c30769\QM5_41398\20260909_135814\raw\run_01\report.htm
2020.02.17 08:04:45,656,USDJPY.DWX,buy,in,8.18,109.852,997,-20.45,0.00,0.00,90 503.06,BALKE_RANGE_BUY_STOP,2020-02-17T08:04:45,2020-02-17T06:04:45Z,winter_US_standard,8,6,9,657,D:\QM\reports\work_items\2fc84747-27db-5e88-9568-3fdda6c30769\QM5_41398\20260909_135814\raw\run_01\report.htm
2020.02.17 17:00:00,657,USDJPY.DWX,sell,out,8.18,109.914,999,-20.45,0.00,461.42,90 944.03,qm_tm_close,2020-02-17T17:00:00,2020-02-17T15:00:00Z,winter_US_standard,17,15,18,658,D:\QM\reports\work_items\2fc84747-27db-5e88-9568-3fdda6c30769\QM5_41398\20260909_135814\raw\run_01\report.htm
2020.02.20 05:00:52,658,USDJPY.DWX,buy,in,4.74,111.344,1000,-11.85,0.00,0.00,90 932.18,BALKE_RANGE_BUY_STOP,2020-02-20T05:00:52,2020-02-20T03:00:52Z,winter_US_standard,5,3,6,659,D:\QM\reports\work_items\2fc84747-27db-5e88-9568-3fdda6c30769\QM5_41398\20260909_135814\raw\run_01\report.htm
2020.02.20 17:00:00,659,USDJPY.DWX,sell,out,4.74,112.141,1002,-11.85,0.00,3 368.78,94 289.11,qm_tm_close,2020-02-20T17:00:00,2020-02-20T15:00:00Z,winter_US_standard,17,15,18,660,D:\QM\reports\work_items\2fc84747-27db-5e88-9568-3fdda6c30769\QM5_41398\20260909_135814\raw\run_01\report.htm
2020.02.21 08:37:46,660,USDJPY.DWX,sell,in,4.26,111.923,1004,-10.65,0.00,0.00,94 278.46,BALKE_RANGE_SELL_STOP,2020-02-21T08:37:46,2020-02-21T06:37:46Z,winter_US_standard,8,6,9,661,D:\QM\reports\work_items\2fc84747-27db-5e88-9568-3fdda6c30769\QM5_41398\20260909_135814\raw\run_01\report.htm
2020.02.21 12:19:36,661,USDJPY.DWX,buy,out,4.26,111.770,1005,-10.65,0.00,583.14,94 850.95,sl 111.770,2020-02-21T12:19:36,2020-02-21T10:19:36Z,winter_US_standard,12,10,13,662,D:\QM\reports\work_items\2fc84747-27db-5e88-9568-3fdda6c30769\QM5_41398\20260909_135814\raw\run_01\report.htm
2020.02.24 05:00:22,662,USDJPY.DWX,sell,in,4.77,111.448,1007,-11.93,0.00,0.00,94 839.02,BALKE_RANGE_SELL_STOP,2020-02-24T05:00:22,2020-02-24T03:00:22Z,winter_US_standard,5,3,6,663,D:\QM\reports\work_items\2fc84747-27db-5e88-9568-3fdda6c30769\QM5_41398\20260909_135814\raw\run_01\report.htm
2020.02.24 14:01:10,663,USDJPY.DWX,buy,out,4.77,111.346,1008,-11.93,0.00,436.96,95 264.05,sl 111.346,2020-02-24T14:01:10,2020-02-24T12:01:10Z,winter_US_standard,14,12,15,664,D:\QM\reports\work_items\2fc84747-27db-5e88-9568-3fdda6c30769\QM5_41398\20260909_135814\raw\run_01\report.htm
2020.02.25 05:30:54,664,USDJPY.DWX,sell,in,4.72,110.805,1010,-11.80,0.00,0.00,95 252.25,BALKE_RANGE_SELL_STOP,2020-02-25T05:30:54,2020-02-25T03:30:54Z,winter_US_standard,5,3,6,665,D:\QM\reports\work_items\2fc84747-27db-5e88-9568-3fdda6c30769\QM5_41398\20260909_135814\raw\run_01\report.htm
2020.02.25 13:37:40,665,USDJPY.DWX,buy,out,4.72,110.566,1011,-11.80,0.00,1 020.28,96 260.73,sl 110.566,2020-02-25T13:37:40,2020-02-25T11:37:40Z,winter_US_standard,13,11,14,666,D:\QM\reports\work_items\2fc84747-27db-5e88-9568-3fdda6c30769\QM5_41398\20260909_135814\raw\run_01\report.htm
2020.02.26 05:02:15,666,USDJPY.DWX,buy,in,2.92,110.510,1012,-7.30,0.00,0.00,96 253.43,BALKE_RANGE_BUY_STOP,2020-02-26T05:02:15,2020-02-26T03:02:15Z,winter_US_standard,5,3,6,667,D:\QM\reports\work_items\2fc84747-27db-5e88-9568-3fdda6c30769\QM5_41398\20260909_135814\raw\run_01\report.htm
2020.02.26 11:11:54,667,USDJPY.DWX,sell,out,2.92,110.133,1014,-7.30,0.00,-999.56,95 246.57,sl 110.133,2020-02-26T11:11:54,2020-02-26T09:11:54Z,winter_US_standard,11,9,12,668,D:\QM\reports\work_items\2fc84747-27db-5e88-9568-3fdda6c30769\QM5_41398\20260909_135814\raw\run_01\report.htm
2020.02.27 06:32:38,668,USDJPY.DWX,sell,in,5.06,110.186,1016,-12.65,0.00,0.00,95 233.92,BALKE_RANGE_SELL_STOP,2020-02-27T06:32:38,2020-02-27T04:32:38Z,winter_US_standard,6,4,7,669,D:\QM\reports\work_items\2fc84747-27db-5e88-9568-3fdda6c30769\QM5_41398\20260909_135814\raw\run_01\report.htm
2020.02.27 12:09:59,669,USDJPY.DWX,buy,out,5.06,110.225,1017,-12.65,0.00,-179.03,95 042.24,sl 110.225,2020-02-27T12:09:59,2020-02-27T10:09:59Z,winter_US_standard,12,10,13,670,D:\QM\reports\work_items\2fc84747-27db-5e88-9568-3fdda6c30769\QM5_41398\20260909_135814\raw\run_01\report.htm
2020.02.28 05:06:01,670,USDJPY.DWX,sell,in,2.68,109.259,1019,-6.70,0.00,0.00,95 035.54,BALKE_RANGE_SELL_STOP,2020-02-28T05:06:01,2020-02-28T03:06:01Z,winter_US_standard,5,3,6,671,D:\QM\reports\work_items\2fc84747-27db-5e88-9568-3fdda6c30769\QM5_41398\20260909_135814\raw\run_01\report.htm
2020.02.28 09:22:34,671,USDJPY.DWX,buy,out,2.68,108.994,1020,-6.70,0.00,651.60,95 680.44,sl 108.993,2020-02-28T09:22:34,2020-02-28T07:22:34Z,winter_US_standard,9,7,10,672,D:\QM\reports\work_items\2fc84747-27db-5e88-9568-3fdda6c30769\QM5_41398\20260909_135814\raw\run_01\report.htm
2020.03.02 05:12:53,672,USDJPY.DWX,buy,in,1.47,108.266,1021,-3.68,0.00,0.00,95 676.76,BALKE_RANGE_BUY_STOP,2020-03-02T05:12:53,2020-03-02T03:12:53Z,winter_US_standard,5,3,6,673,D:\QM\reports\work_items\2fc84747-27db-5e88-9568-3fdda6c30769\QM5_41398\20260909_135814\raw\run_01\report.htm
2020.03.02 13:32:10,673,USDJPY.DWX,sell,out,1.47,107.535,1023,-3.68,0.00,-999.27,94 673.81,sl 107.535,2020-03-02T13:32:10,2020-03-02T11:32:10Z,winter_US_standard,13,11,14,674,D:\QM\reports\work_items\2fc84747-27db-5e88-9568-3fdda6c30769\QM5_41398\20260909_135814\raw\run_01\report.htm
2020.03.03 05:30:04,674,USDJPY.DWX,sell,in,1.82,107.931,1025,-4.55,0.00,0.00,94 669.26,BALKE_RANGE_SELL_STOP,2020-03-03T05:30:04,2020-03-03T03:30:04Z,winter_US_standard,5,3,6,675,D:\QM\reports\work_items\2fc84747-27db-5e88-9568-3fdda6c30769\QM5_41398\20260909_135814\raw\run_01\report.htm
2020.03.03 19:00:00,675,USDJPY.DWX,buy,out,1.82,107.294,1026,-4.55,0.00,1 080.53,95 745.24,qm_tm_close,2020-03-03T19:00:00,2020-03-03T17:00:00Z,winter_US_standard,19,17,20,676,D:\QM\reports\work_items\2fc84747-27db-5e88-9568-3fdda6c30769\QM5_41398\20260909_135814\raw\run_01\report.htm
2020.03.04 09:07:29,676,USDJPY.DWX,buy,in,2.2,107.517,1027,-5.50,0.00,0.00,95 739.74,BALKE_RANGE_BUY_STOP,2020-03-04T09:07:29,2020-03-04T07:07:29Z,winter_US_standard,9,7,10,677,D:\QM\reports\work_items\2fc84747-27db-5e88-9568-3fdda6c30769\QM5_41398\20260909_135814\raw\run_01\report.htm
2020.03.04 17:00:00,677,USDJPY.DWX,sell,out,2.2,107.154,1029,-5.50,0.00,-745.28,94 988.96,qm_tm_close,2020-03-04T17:00:00,2020-03-04T15:00:00Z,winter_US_standard,17,15,18,678,D:\QM\reports\work_items\2fc84747-27db-5e88-9568-3fdda6c30769\QM5_41398\20260909_135814\raw\run_01\report.htm
2020.03.05 09:07:13,678,USDJPY.DWX,sell,in,2.37,107.263,1031,-5.93,0.00,0.00,94 983.03,BALKE_RANGE_SELL_STOP,2020-03-05T09:07:13,2020-03-05T07:07:13Z,winter_US_standard,9,7,10,679,D:\QM\reports\work_items\2fc84747-27db-5e88-9568-3fdda6c30769\QM5_41398\20260909_135814\raw\run_01\report.htm
2020.03.05 17:00:00,679,USDJPY.DWX,buy,out,2.37,106.757,1032,-5.93,0.00,1 123.32,96 100.42,qm_tm_close,2020-03-05T17:00:00,2020-03-05T15:00:00Z,winter_US_standard,17,15,18,680,D:\QM\reports\work_items\2fc84747-27db-5e88-9568-3fdda6c30769\QM5_41398\20260909_135814\raw\run_01\report.htm
2020.03.06 05:57:16,680,USDJPY.DWX,sell,in,2.08,105.831,1034,-5.20,0.00,0.00,96 095.22,BALKE_RANGE_SELL_STOP,2020-03-06T05:57:16,2020-03-06T03:57:16Z,winter_US_standard,5,3,6,681,D:\QM\reports\work_items\2fc84747-27db-5e88-9568-3fdda6c30769\QM5_41398\20260909_135814\raw\run_01\report.htm
2020.03.06 17:00:00,681,USDJPY.DWX,buy,out,2.08,105.172,1035,-5.20,0.00,1 303.31,97 393.33,qm_tm_close,2020-03-06T17:00:00,2020-03-06T15:00:00Z,winter_US_standard,17,15,18,682,D:\QM\reports\work_items\2fc84747-27db-5e88-9568-3fdda6c30769\QM5_41398\20260909_135814\raw\run_01\report.htm
2020.03.10 06:48:15,682,USDJPY.DWX,buy,in,1.05,103.678,1036,-2.63,0.00,0.00,97 390.70,BALKE_RANGE_BUY_STOP,2020-03-10T06:48:15,2020-03-10T03:48:15Z,summer_US_DST,6,3,6,683,D:\QM\reports\work_items\2fc84747-27db-5e88-9568-3fdda6c30769\QM5_41398\20260909_135814\raw\run_01\report.htm
2020.03.10 10:27:36,683,USDJPY.DWX,sell,out,1.05,104.195,1038,-2.63,0.00,520.99,97 909.06,sl 104.195,2020-03-10T10:27:36,2020-03-10T07:27:36Z,summer_US_DST,10,7,10,684,D:\QM\reports\work_items\2fc84747-27db-5e88-9568-3fdda6c30769\QM5_41398\20260909_135814\raw\run_01\report.htm
2020.03.11 06:35:49,684,USDJPY.DWX,sell,in,1.77,104.658,1040,-4.43,0.00,0.00,97 904.63,BALKE_RANGE_SELL_STOP,2020-03-11T06:35:49,2020-03-11T03:35:49Z,summer_US_DST,6,3,6,685,D:\QM\reports\work_items\2fc84747-27db-5e88-9568-3fdda6c30769\QM5_41398\20260909_135814\raw\run_01\report.htm
2020.03.11 11:50:00,685,USDJPY.DWX,buy,out,1.77,105.252,1041,-4.43,0.00,-998.92,96 901.28,sl 105.252,2020-03-11T11:50:00,2020-03-11T08:50:00Z,summer_US_DST,11,8,11,686,D:\QM\reports\work_items\2fc84747-27db-5e88-9568-3fdda6c30769\QM5_41398\20260909_135814\raw\run_01\report.htm
2020.03.13 07:35:02,686,USDJPY.DWX,buy,in,1.66,105.280,1042,-4.15,0.00,0.00,96 897.13,BALKE_RANGE_BUY_STOP,2020-03-13T07:35:02,2020-03-13T04:35:02Z,summer_US_DST,7,4,7,687,D:\QM\reports\work_items\2fc84747-27db-5e88-9568-3fdda6c30769\QM5_41398\20260909_135814\raw\run_01\report.htm
2020.03.13 18:00:00,687,USDJPY.DWX,sell,out,1.66,106.988,1044,-4.15,0.00,2 650.09,99 543.07,qm_tm_close,2020-03-13T18:00:00,2020-03-13T15:00:00Z,summer_US_DST,18,15,18,688,D:\QM\reports\work_items\2fc84747-27db-5e88-9568-3fdda6c30769\QM5_41398\20260909_135814\raw\run_01\report.htm
2020.03.16 09:15:20,688,USDJPY.DWX,sell,in,0.84,106.293,1046,-2.10,0.00,0.00,99 540.97,BALKE_RANGE_SELL_STOP,2020-03-16T09:15:20,2020-03-16T06:15:20Z,summer_US_DST,9,6,9,689,D:\QM\reports\work_items\2fc84747-27db-5e88-9568-3fdda6c30769\QM5_41398\20260909_135814\raw\run_01\report.htm
2020.03.16 18:00:00,689,USDJPY.DWX,buy,out,0.84,106.265,1047,-2.10,0.00,22.13,99 561.00,qm_tm_close,2020-03-16T18:00:00,2020-03-16T15:00:00Z,summer_US_DST,18,15,18,690,D:\QM\reports\work_items\2fc84747-27db-5e88-9568-3fdda6c30769\QM5_41398\20260909_135814\raw\run_01\report.htm
2020.03.17 17:41:12,690,USDJPY.DWX,buy,in,0.95,107.189,1048,-2.38,0.00,0.00,99 558.62,BALKE_RANGE_BUY_STOP,2020-03-17T17:41:12,2020-03-17T14:41:12Z,summer_US_DST,17,14,17,691,D:\QM\reports\work_items\2fc84747-27db-5e88-9568-3fdda6c30769\QM5_41398\20260909_135814\raw\run_01\report.htm
2020.03.17 20:00:00,691,USDJPY.DWX,sell,out,0.95,107.567,1050,-2.38,0.00,333.84,99 890.08,qm_tm_close,2020-03-17T20:00:00,2020-03-17T17:00:00Z,summer_US_DST,20,17,20,692,D:\QM\reports\work_items\2fc84747-27db-5e88-9568-3fdda6c30769\QM5_41398\20260909_135814\raw\run_01\report.htm
2020.03.18 06:47:55,692,USDJPY.DWX,sell,in,2.24,107.089,1052,-5.60,0.00,0.00,99 884.48,BALKE_RANGE_SELL_STOP,2020-03-18T06:47:55,2020-03-18T03:47:55Z,summer_US_DST,6,3,6,693,D:\QM\reports\work_items\2fc84747-27db-5e88-9568-3fdda6c30769\QM5_41398\20260909_135814\raw\run_01\report.htm
2020.03.18 11:48:30,693,USDJPY.DWX,buy,out,2.24,107.571,1053,-5.60,0.00,-1 003.69,98 875.19,sl 107.571,2020-03-18T11:48:30,2020-03-18T08:48:30Z,summer_US_DST,11,8,11,694,D:\QM\reports\work_items\2fc84747-27db-5e88-9568-3fdda6c30769\QM5_41398\20260909_135814\raw\run_01\report.htm
2020.03.23 07:55:36,694,USDJPY.DWX,sell,in,1.4,109.994,1055,-3.50,0.00,0.00,98 871.69,BALKE_RANGE_SELL_STOP,2020-03-23T07:55:36,2020-03-23T04:55:36Z,summer_US_DST,7,4,7,695,D:\QM\reports\work_items\2fc84747-27db-5e88-9568-3fdda6c30769\QM5_41398\20260909_135814\raw\run_01\report.htm
2020.03.23 14:24:43,695,USDJPY.DWX,buy,out,1.4,110.780,1056,-3.50,0.00,-993.32,97 874.87,sl 110.780,2020-03-23T14:24:43,2020-03-23T11:24:43Z,summer_US_DST,14,11,14,696,D:\QM\reports\work_items\2fc84747-27db-5e88-9568-3fdda6c30769\QM5_41398\20260909_135814\raw\run_01\report.htm
2020.03.24 15:15:46,696,USDJPY.DWX,buy,in,1.22,110.979,1057,-3.05,0.00,0.00,97 871.82,BALKE_RANGE_BUY_STOP,2020-03-24T15:15:46,2020-03-24T12:15:46Z,summer_US_DST,15,12,15,697,D:\QM\reports\work_items\2fc84747-27db-5e88-9568-3fdda6c30769\QM5_41398\20260909_135814\raw\run_01\report.htm
2020.03.24 18:00:00,697,USDJPY.DWX,sell,out,1.22,111.402,1059,-3.05,0.00,463.24,98 332.01,qm_tm_close,2020-03-24T18:00:00,2020-03-24T15:00:00Z,summer_US_DST,18,15,18,698,D:\QM\reports\work_items\2fc84747-27db-5e88-9568-3fdda6c30769\QM5_41398\20260909_135814\raw\run_01\report.htm
2020.03.25 07:39:06,698,USDJPY.DWX,buy,in,2.12,111.275,1060,-5.30,0.00,0.00,98 326.71,BALKE_RANGE_BUY_STOP,2020-03-25T07:39:06,2020-03-25T04:39:06Z,summer_US_DST,7,4,7,699,D:\QM\reports\work_items\2fc84747-27db-5e88-9568-3fdda6c30769\QM5_41398\20260909_135814\raw\run_01\report.htm
2020.03.25 18:00:00,699,USDJPY.DWX,sell,out,2.12,111.584,1062,-5.30,0.00,587.07,98 908.48,qm_tm_close,2020-03-25T18:00:00,2020-03-25T15:00:00Z,summer_US_DST,18,15,18,700,D:\QM\reports\work_items\2fc84747-27db-5e88-9568-3fdda6c30769\QM5_41398\20260909_135814\raw\run_01\report.htm
2020.03.26 10:06:01,700,USDJPY.DWX,sell,in,2.22,110.454,1064,-5.55,0.00,0.00,98 902.93,BALKE_RANGE_SELL_STOP,2020-03-26T10:06:01,2020-03-26T07:06:01Z,summer_US_DST,10,7,10,701,D:\QM\reports\work_items\2fc84747-27db-5e88-9568-3fdda6c30769\QM5_41398\20260909_135814\raw\run_01\report.htm
2020.03.26 17:33:12,701,USDJPY.DWX,buy,out,2.22,109.947,1065,-5.55,0.00,1 023.71,99 921.09,sl 109.947,2020-03-26T17:33:12,2020-03-26T14:33:12Z,summer_US_DST,17,14,17,702,D:\QM\reports\work_items\2fc84747-27db-5e88-9568-3fdda6c30769\QM5_41398\20260909_135814\raw\run_01\report.htm
2020.03.30 08:44:15,702,USDJPY.DWX,buy,in,1.63,107.777,1066,-4.08,0.00,0.00,99 917.01,BALKE_RANGE_BUY_STOP,2020-03-30T08:44:15,2020-03-30T05:44:15Z,summer_US_DST,8,5,8,703,D:\QM\reports\work_items\2fc84747-27db-5e88-9568-3fdda6c30769\QM5_41398\20260909_135814\raw\run_01\report.htm
2020.03.30 18:00:00,703,USDJPY.DWX,sell,out,1.63,108.067,1068,-4.08,0.00,437.41,100 350.34,qm_tm_close,2020-03-30T18:00:00,2020-03-30T15:00:00Z,summer_US_DST,18,15,18,704,D:\QM\reports\work_items\2fc84747-27db-5e88-9568-3fdda6c30769\QM5_41398\20260909_135814\raw\run_01\report.htm
2020.04.01 16:25:30,704,USDJPY.DWX,sell,in,1.57,107.254,1070,-3.93,0.00,0.00,100 346.41,BALKE_RANGE_SELL_STOP,2020-04-01T16:25:30,2020-04-01T13:25:30Z,summer_US_DST,16,13,16,705,D:\QM\reports\work_items\2fc84747-27db-5e88-9568-3fdda6c30769\QM5_41398\20260909_135814\raw\run_01\report.htm
2020.04.01 18:00:00,705,USDJPY.DWX,buy,out,1.57,107.120,1071,-3.93,0.00,196.40,100 538.88,qm_tm_close,2020-04-01T18:00:00,2020-04-01T15:00:00Z,summer_US_DST,18,15,18,706,D:\QM\reports\work_items\2fc84747-27db-5e88-9568-3fdda6c30769\QM5_41398\20260909_135814\raw\run_01\report.htm
2020.04.02 15:31:16,706,USDJPY.DWX,sell,in,2.51,107.142,1073,-6.28,0.00,0.00,100 532.60,BALKE_RANGE_SELL_STOP,2020-04-02T15:31:16,2020-04-02T12:31:16Z,summer_US_DST,15,12,15,707,D:\QM\reports\work_items\2fc84747-27db-5e88-9568-3fdda6c30769\QM5_41398\20260909_135814\raw\run_01\report.htm
2020.04.02 17:31:13,707,USDJPY.DWX,buy,out,2.51,107.570,1074,-6.28,0.00,-998.68,99 527.64,sl 107.570,2020-04-02T17:31:13,2020-04-02T14:31:13Z,summer_US_DST,17,14,17,708,D:\QM\reports\work_items\2fc84747-27db-5e88-9568-3fdda6c30769\QM5_41398\20260909_135814\raw\run_01\report.htm
2020.04.03 10:23:01,708,USDJPY.DWX,buy,in,3.14,108.142,1075,-7.85,0.00,0.00,99 519.79,BALKE_RANGE_BUY_STOP,2020-04-03T10:23:01,2020-04-03T07:23:01Z,summer_US_DST,10,7,10,709,D:\QM\reports\work_items\2fc84747-27db-5e88-9568-3fdda6c30769\QM5_41398\20260909_135814\raw\run_01\report.htm
2020.04.03 15:30:11,709,USDJPY.DWX,sell,out,3.14,108.262,1077,-7.85,0.00,348.04,99 859.98,sl 108.262,2020-04-03T15:30:11,2020-04-03T12:30:11Z,summer_US_DST,15,12,15,710,D:\QM\reports\work_items\2fc84747-27db-5e88-9568-3fdda6c30769\QM5_41398\20260909_135814\raw\run_01\report.htm
2020.04.06 08:52:24,710,USDJPY.DWX,buy,in,2.61,109.087,1078,-6.53,0.00,0.00,99 853.45,BALKE_RANGE_BUY_STOP,2020-04-06T08:52:24,2020-04-06T05:52:24Z,summer_US_DST,8,5,8,711,D:\QM\reports\work_items\2fc84747-27db-5e88-9568-3fdda6c30769\QM5_41398\20260909_135814\raw\run_01\report.htm
2020.04.06 18:00:00,711,USDJPY.DWX,sell,out,2.61,109.118,1080,-6.53,0.00,74.15,99 921.07,qm_tm_close,2020-04-06T18:00:00,2020-04-06T15:00:00Z,summer_US_DST,18,15,18,712,D:\QM\reports\work_items\2fc84747-27db-5e88-9568-3fdda6c30769\QM5_41398\20260909_135814\raw\run_01\report.htm
2020.04.08 07:14:11,712,USDJPY.DWX,buy,in,2.94,108.872,1081,-7.35,0.00,0.00,99 913.72,BALKE_RANGE_BUY_STOP,2020-04-08T07:14:11,2020-04-08T04:14:11Z,summer_US_DST,7,4,7,713,D:\QM\reports\work_items\2fc84747-27db-5e88-9568-3fdda6c30769\QM5_41398\20260909_135814\raw\run_01\report.htm
2020.04.08 18:00:00,713,USDJPY.DWX,sell,out,2.94,108.721,1083,-7.35,0.00,-408.33,99 498.04,qm_tm_close,2020-04-08T18:00:00,2020-04-08T15:00:00Z,summer_US_DST,18,15,18,714,D:\QM\reports\work_items\2fc84747-27db-5e88-9568-3fdda6c30769\QM5_41398\20260909_135814\raw\run_01\report.htm
2020.04.09 12:20:41,714,USDJPY.DWX,sell,in,4.72,108.832,1085,-11.80,0.00,0.00,99 486.24,BALKE_RANGE_SELL_STOP,2020-04-09T12:20:41,2020-04-09T09:20:41Z,summer_US_DST,12,9,12,715,D:\QM\reports\work_items\2fc84747-27db-5e88-9568-3fdda6c30769\QM5_41398\20260909_135814\raw\run_01\report.htm
2020.04.09 18:00:00,715,USDJPY.DWX,buy,out,4.72,108.525,1086,-11.80,0.00,1 335.21,100 809.65,qm_tm_close,2020-04-09T18:00:00,2020-04-09T15:00:00Z,summer_US_DST,18,15,18,716,D:\QM\reports\work_items\2fc84747-27db-5e88-9568-3fdda6c30769\QM5_41398\20260909_135814\raw\run_01\report.htm
2020.04.10 06:52:46,716,USDJPY.DWX,sell,in,5.65,108.393,1088,-14.13,0.00,0.00,100 795.52,BALKE_RANGE_SELL_STOP,2020-04-10T06:52:46,2020-04-10T03:52:46Z,summer_US_DST,6,3,6,717,D:\QM\reports\work_items\2fc84747-27db-5e88-9568-3fdda6c30769\QM5_41398\20260909_135814\raw\run_01\report.htm
2020.04.10 18:00:00,717,USDJPY.DWX,buy,out,5.65,108.420,1089,-14.13,0.00,-140.70,100 640.69,qm_tm_close,2020-04-10T18:00:00,2020-04-10T15:00:00Z,summer_US_DST,18,15,18,718,D:\QM\reports\work_items\2fc84747-27db-5e88-9568-3fdda6c30769\QM5_41398\20260909_135814\raw\run_01\report.htm
2020.04.14 06:00:15,718,USDJPY.DWX,buy,in,7.62,107.677,1090,-19.05,0.00,0.00,100 621.64,BALKE_RANGE_BUY_STOP,2020-04-14T06:00:15,2020-04-14T03:00:15Z,summer_US_DST,6,3,6,719,D:\QM\reports\work_items\2fc84747-27db-5e88-9568-3fdda6c30769\QM5_41398\20260909_135814\raw\run_01\report.htm
2020.04.14 12:01:03,719,USDJPY.DWX,sell,out,7.62,107.536,1092,-19.05,0.00,-999.13,99 603.46,sl 107.536,2020-04-14T12:01:03,2020-04-14T09:01:03Z,summer_US_DST,12,9,12,720,D:\QM\reports\work_items\2fc84747-27db-5e88-9568-3fdda6c30769\QM5_41398\20260909_135814\raw\run_01\report.htm
2020.04.15 10:45:27,720,USDJPY.DWX,buy,in,3.87,107.202,1093,-9.68,0.00,0.00,99 593.78,BALKE_RANGE_BUY_STOP,2020-04-15T10:45:27,2020-04-15T07:45:27Z,summer_US_DST,10,7,10,721,D:\QM\reports\work_items\2fc84747-27db-5e88-9568-3fdda6c30769\QM5_41398\20260909_135814\raw\run_01\report.htm
2020.04.15 18:00:00,721,USDJPY.DWX,sell,out,3.87,107.414,1095,-9.68,0.00,763.81,100 347.91,qm_tm_close,2020-04-15T18:00:00,2020-04-15T15:00:00Z,summer_US_DST,18,15,18,722,D:\QM\reports\work_items\2fc84747-27db-5e88-9568-3fdda6c30769\QM5_41398\20260909_135814\raw\run_01\report.htm
2020.04.16 06:34:57,722,USDJPY.DWX,buy,in,3.32,107.914,1096,-8.30,0.00,0.00,100 339.61,BALKE_RANGE_BUY_STOP,2020-04-16T06:34:57,2020-04-16T03:34:57Z,summer_US_DST,6,3,6,723,D:\QM\reports\work_items\2fc84747-27db-5e88-9568-3fdda6c30769\QM5_41398\20260909_135814\raw\run_01\report.htm
2020.04.16 15:06:20,723,USDJPY.DWX,sell,out,3.32,107.590,1098,-8.30,0.00,-999.80,99 331.51,sl 107.590,2020-04-16T15:06:20,2020-04-16T12:06:20Z,summer_US_DST,15,12,15,724,D:\QM\reports\work_items\2fc84747-27db-5e88-9568-3fdda6c30769\QM5_41398\20260909_135814\raw\run_01\report.htm
2020.04.17 10:01:11,724,USDJPY.DWX,sell,in,3.56,107.648,1100,-8.90,0.00,0.00,99 322.61,BALKE_RANGE_SELL_STOP,2020-04-17T10:01:11,2020-04-17T07:01:11Z,summer_US_DST,10,7,10,725,D:\QM\reports\work_items\2fc84747-27db-5e88-9568-3fdda6c30769\QM5_41398\20260909_135814\raw\run_01\report.htm
2020.04.17 18:00:00,725,USDJPY.DWX,buy,out,3.56,107.523,1101,-8.90,0.00,413.86,99 727.57,qm_tm_close,2020-04-17T18:00:00,2020-04-17T15:00:00Z,summer_US_DST,18,15,18,726,D:\QM\reports\work_items\2fc84747-27db-5e88-9568-3fdda6c30769\QM5_41398\20260909_135814\raw\run_01\report.htm
2020.04.20 09:00:55,726,USDJPY.DWX,buy,in,4.93,107.890,1102,-12.33,0.00,0.00,99 715.24,BALKE_RANGE_BUY_STOP,2020-04-20T09:00:55,2020-04-20T06:00:55Z,summer_US_DST,9,6,9,727,D:\QM\reports\work_items\2fc84747-27db-5e88-9568-3fdda6c30769\QM5_41398\20260909_135814\raw\run_01\report.htm
2020.04.20 12:01:07,727,USDJPY.DWX,sell,out,4.93,107.672,1104,-12.33,0.00,-998.16,98 704.75,sl 107.672,2020-04-20T12:01:07,2020-04-20T09:01:07Z,summer_US_DST,12,9,12,728,D:\QM\reports\work_items\2fc84747-27db-5e88-9568-3fdda6c30769\QM5_41398\20260909_135814\raw\run_01\report.htm
2020.04.21 06:29:06,728,USDJPY.DWX,sell,in,3.72,107.504,1106,-9.30,0.00,0.00,98 695.45,BALKE_RANGE_SELL_STOP,2020-04-21T06:29:06,2020-04-21T03:29:06Z,summer_US_DST,6,3,6,729,D:\QM\reports\work_items\2fc84747-27db-5e88-9568-3fdda6c30769\QM5_41398\20260909_135814\raw\run_01\report.htm
2020.04.21 16:18:06,729,USDJPY.DWX,buy,out,3.72,107.793,1107,-9.30,0.00,-997.36,97 688.79,sl 107.793,2020-04-21T16:18:06,2020-04-21T13:18:06Z,summer_US_DST,16,13,16,730,D:\QM\reports\work_items\2fc84747-27db-5e88-9568-3fdda6c30769\QM5_41398\20260909_135814\raw\run_01\report.htm
2020.04.22 07:13:23,730,USDJPY.DWX,sell,in,6.05,107.690,1109,-15.13,0.00,0.00,97 673.66,BALKE_RANGE_SELL_STOP,2020-04-22T07:13:23,2020-04-22T04:13:23Z,summer_US_DST,7,4,7,731,D:\QM\reports\work_items\2fc84747-27db-5e88-9568-3fdda6c30769\QM5_41398\20260909_135814\raw\run_01\report.htm
2020.04.22 16:31:36,731,USDJPY.DWX,buy,out,6.05,107.868,1110,-15.13,0.00,-998.35,96 660.18,sl 107.868,2020-04-22T16:31:36,2020-04-22T13:31:36Z,summer_US_DST,16,13,16,732,D:\QM\reports\work_items\2fc84747-27db-5e88-9568-3fdda6c30769\QM5_41398\20260909_135814\raw\run_01\report.htm
2020.04.23 10:49:58,732,USDJPY.DWX,sell,in,6.78,107.706,1112,-16.95,0.00,0.00,96 643.23,BALKE_RANGE_SELL_STOP,2020-04-23T10:49:58,2020-04-23T07:49:58Z,summer_US_DST,10,7,10,733,D:\QM\reports\work_items\2fc84747-27db-5e88-9568-3fdda6c30769\QM5_41398\20260909_135814\raw\run_01\report.htm
2020.04.23 16:30:29,733,USDJPY.DWX,buy,out,6.78,107.665,1113,-16.95,0.00,258.19,96 884.47,sl 107.664,2020-04-23T16:30:29,2020-04-23T13:30:29Z,summer_US_DST,16,13,16,734,D:\QM\reports\work_items\2fc84747-27db-5e88-9568-3fdda6c30769\QM5_41398\20260909_135814\raw\run_01\report.htm
2020.04.24 14:16:34,734,USDJPY.DWX,sell,in,5.61,107.568,1115,-14.03,0.00,0.00,96 870.44,BALKE_RANGE_SELL_STOP,2020-04-24T14:16:34,2020-04-24T11:16:34Z,summer_US_DST,14,11,14,735,D:\QM\reports\work_items\2fc84747-27db-5e88-9568-3fdda6c30769\QM5_41398\20260909_135814\raw\run_01\report.htm
2020.04.24 18:00:00,735,USDJPY.DWX,buy,out,5.61,107.435,1116,-14.03,0.00,694.49,97 550.90,qm_tm_close,2020-04-24T18:00:00,2020-04-24T15:00:00Z,summer_US_DST,18,15,18,736,D:\QM\reports\work_items\2fc84747-27db-5e88-9568-3fdda6c30769\QM5_41398\20260909_135814\raw\run_01\report.htm
2020.04.28 09:00:01,736,USDJPY.DWX,sell,in,7.25,107.190,1118,-18.13,0.00,0.00,97 532.77,BALKE_RANGE_SELL_STOP,2020-04-28T09:00:01,2020-04-28T06:00:01Z,summer_US_DST,9,6,9,737,D:\QM\reports\work_items\2fc84747-27db-5e88-9568-3fdda6c30769\QM5_41398\20260909_135814\raw\run_01\report.htm
2020.04.28 18:00:00,737,USDJPY.DWX,buy,out,7.25,106.932,1119,-18.13,0.00,1 749.24,99 263.88,qm_tm_close,2020-04-28T18:00:00,2020-04-28T15:00:00Z,summer_US_DST,18,15,18,738,D:\QM\reports\work_items\2fc84747-27db-5e88-9568-3fdda6c30769\QM5_41398\20260909_135814\raw\run_01\report.htm
2020.04.29 10:29:26,738,USDJPY.DWX,sell,in,4.05,106.509,1121,-10.13,0.00,0.00,99 253.75,BALKE_RANGE_SELL_STOP,2020-04-29T10:29:26,2020-04-29T07:29:26Z,summer_US_DST,10,7,10,739,D:\QM\reports\work_items\2fc84747-27db-5e88-9568-3fdda6c30769\QM5_41398\20260909_135814\raw\run_01\report.htm
2020.04.29 18:00:00,739,USDJPY.DWX,buy,out,4.05,106.595,1122,-10.13,0.00,-326.75,98 916.87,qm_tm_close,2020-04-29T18:00:00,2020-04-29T15:00:00Z,summer_US_DST,18,15,18,740,D:\QM\reports\work_items\2fc84747-27db-5e88-9568-3fdda6c30769\QM5_41398\20260909_135814\raw\run_01\report.htm
2020.04.30 06:56:31,740,USDJPY.DWX,sell,in,3.56,106.576,1124,-8.90,0.00,0.00,98 907.97,BALKE_RANGE_SELL_STOP,2020-04-30T06:56:31,2020-04-30T03:56:31Z,summer_US_DST,6,3,6,741,D:\QM\reports\work_items\2fc84747-27db-5e88-9568-3fdda6c30769\QM5_41398\20260909_135814\raw\run_01\report.htm
2020.04.30 17:48:13,741,USDJPY.DWX,buy,out,3.56,106.876,1125,-8.90,0.00,-999.29,97 899.78,sl 106.876,2020-04-30T17:48:13,2020-04-30T14:48:13Z,summer_US_DST,17,14,17,742,D:\QM\reports\work_items\2fc84747-27db-5e88-9568-3fdda6c30769\QM5_41398\20260909_135814\raw\run_01\report.htm
2020.05.01 08:22:26,742,USDJPY.DWX,sell,in,3.32,107.081,1127,-8.30,0.00,0.00,97 891.48,BALKE_RANGE_SELL_STOP,2020-05-01T08:22:26,2020-05-01T05:22:26Z,summer_US_DST,8,5,8,743,D:\QM\reports\work_items\2fc84747-27db-5e88-9568-3fdda6c30769\QM5_41398\20260909_135814\raw\run_01\report.htm
2020.05.01 16:55:32,743,USDJPY.DWX,buy,out,3.32,106.815,1128,-8.30,0.00,826.78,98 709.96,sl 106.815,2020-05-01T16:55:32,2020-05-01T13:55:32Z,summer_US_DST,16,13,16,744,D:\QM\reports\work_items\2fc84747-27db-5e88-9568-3fdda6c30769\QM5_41398\20260909_135814\raw\run_01\report.htm
2020.05.04 09:46:48,744,USDJPY.DWX,buy,in,8.33,106.795,1129,-20.83,0.00,0.00,98 689.13,BALKE_RANGE_BUY_STOP,2020-05-04T09:46:48,2020-05-04T06:46:48Z,summer_US_DST,9,6,9,745,D:\QM\reports\work_items\2fc84747-27db-5e88-9568-3fdda6c30769\QM5_41398\20260909_135814\raw\run_01\report.htm
2020.05.04 18:00:00,745,USDJPY.DWX,sell,out,8.33,106.942,1131,-20.83,0.00,1 145.02,99 813.32,qm_tm_close,2020-05-04T18:00:00,2020-05-04T15:00:00Z,summer_US_DST,18,15,18,746,D:\QM\reports\work_items\2fc84747-27db-5e88-9568-3fdda6c30769\QM5_41398\20260909_135814\raw\run_01\report.htm
2020.05.05 09:41:54,746,USDJPY.DWX,buy,in,5.63,106.696,1132,-14.08,0.00,0.00,99 799.24,BALKE_RANGE_BUY_STOP,2020-05-05T09:41:54,2020-05-05T06:41:54Z,summer_US_DST,9,6,9,747,D:\QM\reports\work_items\2fc84747-27db-5e88-9568-3fdda6c30769\QM5_41398\20260909_135814\raw\run_01\report.htm
2020.05.05 14:05:56,747,USDJPY.DWX,sell,out,5.63,106.696,1134,-14.08,0.00,0.00,99 785.16,sl 106.696,2020-05-05T14:05:56,2020-05-05T11:05:56Z,summer_US_DST,14,11,14,748,D:\QM\reports\work_items\2fc84747-27db-5e88-9568-3fdda6c30769\QM5_41398\20260909_135814\raw\run_01\report.htm
2020.05.06 14:09:35,748,USDJPY.DWX,sell,in,4.32,106.203,1136,-10.80,0.00,0.00,99 774.36,BALKE_RANGE_SELL_STOP,2020-05-06T14:09:35,2020-05-06T11:09:35Z,summer_US_DST,14,11,14,749,D:\QM\reports\work_items\2fc84747-27db-5e88-9568-3fdda6c30769\QM5_41398\20260909_135814\raw\run_01\report.htm
2020.05.06 18:00:00,749,USDJPY.DWX,buy,out,4.32,106.046,1137,-10.80,0.00,639.57,100 403.13,qm_tm_close,2020-05-06T18:00:00,2020-05-06T15:00:00Z,summer_US_DST,18,15,18,750,D:\QM\reports\work_items\2fc84747-27db-5e88-9568-3fdda6c30769\QM5_41398\20260909_135814\raw\run_01\report.htm
2020.05.07 07:01:21,750,USDJPY.DWX,sell,in,6.94,106.143,1139,-17.35,0.00,0.00,100 385.78,BALKE_RANGE_SELL_STOP,2020-05-07T07:01:21,2020-05-07T04:01:21Z,summer_US_DST,7,4,7,751,D:\QM\reports\work_items\2fc84747-27db-5e88-9568-3fdda6c30769\QM5_41398\20260909_135814\raw\run_01\report.htm
2020.05.07 08:40:31,751,USDJPY.DWX,buy,out,6.94,106.296,1140,-17.35,0.00,-998.93,99 369.50,sl 106.296,2020-05-07T08:40:31,2020-05-07T05:40:31Z,summer_US_DST,8,5,8,752,D:\QM\reports\work_items\2fc84747-27db-5e88-9568-3fdda6c30769\QM5_41398\20260909_135814\raw\run_01\report.htm
2020.05.08 08:10:46,752,USDJPY.DWX,buy,in,4.5,106.457,1141,-11.25,0.00,0.00,99 358.25,BALKE_RANGE_BUY_STOP,2020-05-08T08:10:46,2020-05-08T05:10:46Z,summer_US_DST,8,5,8,753,D:\QM\reports\work_items\2fc84747-27db-5e88-9568-3fdda6c30769\QM5_41398\20260909_135814\raw\run_01\report.htm
2020.05.08 18:00:00,753,USDJPY.DWX,sell,out,4.5,106.432,1143,-11.25,0.00,-105.70,99 241.30,qm_tm_close,2020-05-08T18:00:00,2020-05-08T15:00:00Z,summer_US_DST,18,15,18,754,D:\QM\reports\work_items\2fc84747-27db-5e88-9568-3fdda6c30769\QM5_41398\20260909_135814\raw\run_01\report.htm
2020.05.11 06:03:34,754,USDJPY.DWX,sell,in,4.53,106.776,1145,-11.33,0.00,0.00,99 229.97,BALKE_RANGE_SELL_STOP,2020-05-11T06:03:34,2020-05-11T03:03:34Z,summer_US_DST,6,3,6,755,D:\QM\reports\work_items\2fc84747-27db-5e88-9568-3fdda6c30769\QM5_41398\20260909_135814\raw\run_01\report.htm
2020.05.11 09:31:24,755,USDJPY.DWX,buy,out,4.53,107.012,1146,-11.33,0.00,-999.03,98 219.61,sl 107.012,2020-05-11T09:31:24,2020-05-11T06:31:24Z,summer_US_DST,9,6,9,756,D:\QM\reports\work_items\2fc84747-27db-5e88-9568-3fdda6c30769\QM5_41398\20260909_135814\raw\run_01\report.htm
2020.05.12 06:00:55,756,USDJPY.DWX,sell,in,3.88,107.407,1148,-9.70,0.00,0.00,98 209.91,BALKE_RANGE_SELL_STOP,2020-05-12T06:00:55,2020-05-12T03:00:55Z,summer_US_DST,6,3,6,757,D:\QM\reports\work_items\2fc84747-27db-5e88-9568-3fdda6c30769\QM5_41398\20260909_135814\raw\run_01\report.htm
2020.05.12 18:00:00,757,USDJPY.DWX,buy,out,3.88,107.244,1149,-9.70,0.00,589.72,98 789.93,qm_tm_close,2020-05-12T18:00:00,2020-05-12T15:00:00Z,summer_US_DST,18,15,18,758,D:\QM\reports\work_items\2fc84747-27db-5e88-9568-3fdda6c30769\QM5_41398\20260909_135814\raw\run_01\report.htm
2020.05.13 10:15:04,758,USDJPY.DWX,sell,in,6.02,107.088,1151,-15.05,0.00,0.00,98 774.88,BALKE_RANGE_SELL_STOP,2020-05-13T10:15:04,2020-05-13T07:15:04Z,summer_US_DST,10,7,10,759,D:\QM\reports\work_items\2fc84747-27db-5e88-9568-3fdda6c30769\QM5_41398\20260909_135814\raw\run_01\report.htm
2020.05.13 17:04:08,759,USDJPY.DWX,buy,out,6.02,107.086,1152,-15.05,0.00,11.24,98 771.07,sl 107.086,2020-05-13T17:04:08,2020-05-13T14:04:08Z,summer_US_DST,17,14,17,760,D:\QM\reports\work_items\2fc84747-27db-5e88-9568-3fdda6c30769\QM5_41398\20260909_135814\raw\run_01\report.htm
2020.05.14 07:28:27,760,USDJPY.DWX,buy,in,8.21,106.950,1153,-20.53,0.00,0.00,98 750.54,BALKE_RANGE_BUY_STOP,2020-05-14T07:28:27,2020-05-14T04:28:27Z,summer_US_DST,7,4,7,761,D:\QM\reports\work_items\2fc84747-27db-5e88-9568-3fdda6c30769\QM5_41398\20260909_135814\raw\run_01\report.htm
2020.05.14 09:01:06,761,USDJPY.DWX,sell,out,8.21,106.820,1155,-20.53,0.00,-999.16,97 730.85,sl 106.820,2020-05-14T09:01:06,2020-05-14T06:01:06Z,summer_US_DST,9,6,9,762,D:\QM\reports\work_items\2fc84747-27db-5e88-9568-3fdda6c30769\QM5_41398\20260909_135814\raw\run_01\report.htm
2020.05.15 06:33:36,762,USDJPY.DWX,sell,in,5.62,107.241,1157,-14.05,0.00,0.00,97 716.80,BALKE_RANGE_SELL_STOP,2020-05-15T06:33:36,2020-05-15T03:33:36Z,summer_US_DST,6,3,6,763,D:\QM\reports\work_items\2fc84747-27db-5e88-9568-3fdda6c30769\QM5_41398\20260909_135814\raw\run_01\report.htm
2020.05.15 16:45:25,763,USDJPY.DWX,buy,out,5.62,107.045,1158,-14.05,0.00,1 029.03,98 731.78,sl 107.045,2020-05-15T16:45:25,2020-05-15T13:45:25Z,summer_US_DST,16,13,16,764,D:\QM\reports\work_items\2fc84747-27db-5e88-9568-3fdda6c30769\QM5_41398\20260909_135814\raw\run_01\report.htm
2020.05.18 11:39:06,764,USDJPY.DWX,buy,in,5.22,107.272,1159,-13.05,0.00,0.00,98 718.73,BALKE_RANGE_BUY_STOP,2020-05-18T11:39:06,2020-05-18T08:39:06Z,summer_US_DST,11,8,11,765,D:\QM\reports\work_items\2fc84747-27db-5e88-9568-3fdda6c30769\QM5_41398\20260909_135814\raw\run_01\report.htm
2020.05.18 18:00:00,765,USDJPY.DWX,sell,out,5.22,107.417,1161,-13.05,0.00,704.64,99 410.32,qm_tm_close,2020-05-18T18:00:00,2020-05-18T15:00:00Z,summer_US_DST,18,15,18,766,D:\QM\reports\work_items\2fc84747-27db-5e88-9568-3fdda6c30769\QM5_41398\20260909_135814\raw\run_01\report.htm
2020.05.19 09:53:43,766,USDJPY.DWX,buy,in,7.05,107.456,1162,-17.63,0.00,0.00,99 392.69,BALKE_RANGE_BUY_STOP,2020-05-19T09:53:43,2020-05-19T06:53:43Z,summer_US_DST,9,6,9,767,D:\QM\reports\work_items\2fc84747-27db-5e88-9568-3fdda6c30769\QM5_41398\20260909_135814\raw\run_01\report.htm
2020.05.19 18:00:00,767,USDJPY.DWX,sell,out,7.05,107.938,1164,-17.63,0.00,3 148.20,102 523.26,qm_tm_close,2020-05-19T18:00:00,2020-05-19T15:00:00Z,summer_US_DST,18,15,18,768,D:\QM\reports\work_items\2fc84747-27db-5e88-9568-3fdda6c30769\QM5_41398\20260909_135814\raw\run_01\report.htm
2020.05.20 06:00:19,768,USDJPY.DWX,sell,in,4.67,107.752,1166,-11.68,0.00,0.00,102 511.58,BALKE_RANGE_SELL_STOP,2020-05-20T06:00:19,2020-05-20T03:00:19Z,summer_US_DST,6,3,6,769,D:\QM\reports\work_items\2fc84747-27db-5e88-9568-3fdda6c30769\QM5_41398\20260909_135814\raw\run_01\report.htm
2020.05.20 18:00:00,769,USDJPY.DWX,buy,out,4.67,107.430,1167,-11.68,0.00,1 399.74,103 899.64,qm_tm_close,2020-05-20T18:00:00,2020-05-20T15:00:00Z,summer_US_DST,18,15,18,770,D:\QM\reports\work_items\2fc84747-27db-5e88-9568-3fdda6c30769\QM5_41398\20260909_135814\raw\run_01\report.htm
2020.05.21 09:34:26,770,USDJPY.DWX,buy,in,5.87,107.754,1168,-14.68,0.00,0.00,103 884.96,BALKE_RANGE_BUY_STOP,2020-05-21T09:34:26,2020-05-21T06:34:26Z,summer_US_DST,9,6,9,771,D:\QM\reports\work_items\2fc84747-27db-5e88-9568-3fdda6c30769\QM5_41398\20260909_135814\raw\run_01\report.htm
2020.05.21 18:00:00,771,USDJPY.DWX,sell,out,5.87,107.824,1170,-14.68,0.00,381.08,104 251.36,qm_tm_close,2020-05-21T18:00:00,2020-05-21T15:00:00Z,summer_US_DST,18,15,18,772,D:\QM\reports\work_items\2fc84747-27db-5e88-9568-3fdda6c30769\QM5_41398\20260909_135814\raw\run_01\report.htm
2020.05.22 06:20:22,772,USDJPY.DWX,sell,in,5.13,107.552,1172,-12.83,0.00,0.00,104 238.53,BALKE_RANGE_SELL_STOP,2020-05-22T06:20:22,2020-05-22T03:20:22Z,summer_US_DST,6,3,6,773,D:\QM\reports\work_items\2fc84747-27db-5e88-9568-3fdda6c30769\QM5_41398\20260909_135814\raw\run_01\report.htm
2020.05.22 11:11:21,773,USDJPY.DWX,buy,out,5.13,107.474,1173,-12.83,0.00,372.31,104 598.01,sl 107.474,2020-05-22T11:11:21,2020-05-22T08:11:21Z,summer_US_DST,11,8,11,774,D:\QM\reports\work_items\2fc84747-27db-5e88-9568-3fdda6c30769\QM5_41398\20260909_135814\raw\run_01\report.htm
2020.05.27 12:00:01,774,USDJPY.DWX,buy,in,4.29,107.615,1176,-10.73,0.00,0.00,104 587.28,BALKE_RANGE_BUY_STOP,2020-05-27T12:00:01,2020-05-27T09:00:01Z,summer_US_DST,12,9,12,775,D:\QM\reports\work_items\2fc84747-27db-5e88-9568-3fdda6c30769\QM5_41398\20260909_135814\raw\run_01\report.htm
2020.05.27 17:41:36,775,USDJPY.DWX,sell,out,4.29,107.719,1178,-10.73,0.00,414.19,104 990.74,sl 107.719,2020-05-27T17:41:36,2020-05-27T14:41:36Z,summer_US_DST,17,14,17,776,D:\QM\reports\work_items\2fc84747-27db-5e88-9568-3fdda6c30769\QM5_41398\20260909_135814\raw\run_01\report.htm
2020.05.28 12:12:19,776,USDJPY.DWX,sell,in,7.54,107.757,1180,-18.85,0.00,0.00,104 971.89,BALKE_RANGE_SELL_STOP,2020-05-28T12:12:19,2020-05-28T09:12:19Z,summer_US_DST,12,9,12,777,D:\QM\reports\work_items\2fc84747-27db-5e88-9568-3fdda6c30769\QM5_41398\20260909_135814\raw\run_01\report.htm
2020.05.28 18:00:00,777,USDJPY.DWX,buy,out,7.54,107.626,1181,-18.85,0.00,917.75,105 870.79,qm_tm_close,2020-05-28T18:00:00,2020-05-28T15:00:00Z,summer_US_DST,18,15,18,778,D:\QM\reports\work_items\2fc84747-27db-5e88-9568-3fdda6c30769\QM5_41398\20260909_135814\raw\run_01\report.htm
2020.06.01 06:16:37,778,USDJPY.DWX,sell,in,4.88,107.634,1183,-12.20,0.00,0.00,105 858.59,BALKE_RANGE_SELL_STOP,2020-06-01T06:16:37,2020-06-01T03:16:37Z,summer_US_DST,6,3,6,779,D:\QM\reports\work_items\2fc84747-27db-5e88-9568-3fdda6c30769\QM5_41398\20260909_135814\raw\run_01\report.htm
2020.06.01 13:01:43,779,USDJPY.DWX,buy,out,4.88,107.621,1184,-12.20,0.00,58.95,105 905.34,sl 107.621,2020-06-01T13:01:43,2020-06-01T10:01:43Z,summer_US_DST,13,10,13,780,D:\QM\reports\work_items\2fc84747-27db-5e88-9568-3fdda6c30769\QM5_41398\20260909_135814\raw\run_01\report.htm
2020.06.02 06:00:00,780,USDJPY.DWX,buy,in,6,107.697,1185,-15.00,0.00,0.00,105 890.34,BALKE_RANGE_BUY_STOP,2020-06-02T06:00:00,2020-06-02T03:00:00Z,summer_US_DST,6,3,6,781,D:\QM\reports\work_items\2fc84747-27db-5e88-9568-3fdda6c30769\QM5_41398\20260909_135814\raw\run_01\report.htm
2020.06.02 18:00:00,781,USDJPY.DWX,sell,out,6,108.571,1187,-15.00,0.00,4 830.02,110 705.36,qm_tm_close,2020-06-02T18:00:00,2020-06-02T15:00:00Z,summer_US_DST,18,15,18,782,D:\QM\reports\work_items\2fc84747-27db-5e88-9568-3fdda6c30769\QM5_41398\20260909_135814\raw\run_01\report.htm
2020.06.04 07:13:21,782,USDJPY.DWX,buy,in,5.49,109.000,1188,-13.73,0.00,0.00,110 691.63,BALKE_RANGE_BUY_STOP,2020-06-04T07:13:21,2020-06-04T04:13:21Z,summer_US_DST,7,4,7,783,D:\QM\reports\work_items\2fc84747-27db-5e88-9568-3fdda6c30769\QM5_41398\20260909_135814\raw\run_01\report.htm
2020.06.04 15:41:17,783,USDJPY.DWX,sell,out,5.49,108.802,1190,-13.73,0.00,-999.08,109 678.82,sl 108.802,2020-06-04T15:41:17,2020-06-04T12:41:17Z,summer_US_DST,15,12,15,784,D:\QM\reports\work_items\2fc84747-27db-5e88-9568-3fdda6c30769\QM5_41398\20260909_135814\raw\run_01\report.htm
2020.06.05 08:49:10,784,USDJPY.DWX,buy,in,5.62,109.239,1191,-14.05,0.00,0.00,109 664.77,BALKE_RANGE_BUY_STOP,2020-06-05T08:49:10,2020-06-05T05:49:10Z,summer_US_DST,8,5,8,785,D:\QM\reports\work_items\2fc84747-27db-5e88-9568-3fdda6c30769\QM5_41398\20260909_135814\raw\run_01\report.htm
2020.06.05 18:00:00,785,USDJPY.DWX,sell,out,5.62,109.743,1193,-14.05,0.00,2 581.01,112 231.73,qm_tm_close,2020-06-05T18:00:00,2020-06-05T15:00:00Z,summer_US_DST,18,15,18,786,D:\QM\reports\work_items\2fc84747-27db-5e88-9568-3fdda6c30769\QM5_41398\20260909_135814\raw\run_01\report.htm
2020.06.08 13:16:27,786,USDJPY.DWX,sell,in,4.43,109.377,1195,-11.08,0.00,0.00,112 220.65,BALKE_RANGE_SELL_STOP,2020-06-08T13:16:27,2020-06-08T10:16:27Z,summer_US_DST,13,10,13,787,D:\QM\reports\work_items\2fc84747-27db-5e88-9568-3fdda6c30769\QM5_41398\20260909_135814\raw\run_01\report.htm
2020.06.08 18:00:00,787,USDJPY.DWX,buy,out,4.43,108.571,1196,-11.08,0.00,3 288.71,115 498.28,qm_tm_close,2020-06-08T18:00:00,2020-06-08T15:00:00Z,summer_US_DST,18,15,18,788,D:\QM\reports\work_items\2fc84747-27db-5e88-9568-3fdda6c30769\QM5_41398\20260909_135814\raw\run_01\report.htm
2020.06.09 08:48:13,788,USDJPY.DWX,sell,in,2.15,107.917,1198,-5.38,0.00,0.00,115 492.90,BALKE_RANGE_SELL_STOP,2020-06-09T08:48:13,2020-06-09T05:48:13Z,summer_US_DST,8,5,8,789,D:\QM\reports\work_items\2fc84747-27db-5e88-9568-3fdda6c30769\QM5_41398\20260909_135814\raw\run_01\report.htm
2020.06.09 18:00:00,789,USDJPY.DWX,buy,out,2.15,107.720,1199,-5.38,0.00,393.20,115 880.72,qm_tm_close,2020-06-09T18:00:00,2020-06-09T15:00:00Z,summer_US_DST,18,15,18,790,D:\QM\reports\work_items\2fc84747-27db-5e88-9568-3fdda6c30769\QM5_41398\20260909_135814\raw\run_01\report.htm
2020.06.10 06:34:41,790,USDJPY.DWX,sell,in,4.97,107.656,1201,-12.43,0.00,0.00,115 868.29,BALKE_RANGE_SELL_STOP,2020-06-10T06:34:41,2020-06-10T03:34:41Z,summer_US_DST,6,3,6,791,D:\QM\reports\work_items\2fc84747-27db-5e88-9568-3fdda6c30769\QM5_41398\20260909_135814\raw\run_01\report.htm
2020.06.10 13:45:03,791,USDJPY.DWX,buy,out,4.97,107.383,1202,-12.43,0.00,1 263.52,117 119.38,sl 107.383,2020-06-10T13:45:03,2020-06-10T10:45:03Z,summer_US_DST,13,10,13,792,D:\QM\reports\work_items\2fc84747-27db-5e88-9568-3fdda6c30769\QM5_41398\20260909_135814\raw\run_01\report.htm
2020.06.11 06:12:05,792,USDJPY.DWX,sell,in,5.69,106.910,1204,-14.23,0.00,0.00,117 105.15,BALKE_RANGE_SELL_STOP,2020-06-11T06:12:05,2020-06-11T03:12:05Z,summer_US_DST,6,3,6,793,D:\QM\reports\work_items\2fc84747-27db-5e88-9568-3fdda6c30769\QM5_41398\20260909_135814\raw\run_01\report.htm
2020.06.11 07:41:07,793,USDJPY.DWX,buy,out,5.69,107.098,1205,-14.23,0.00,-998.82,116 092.10,sl 107.098,2020-06-11T07:41:07,2020-06-11T04:41:07Z,summer_US_DST,7,4,7,794,D:\QM\reports\work_items\2fc84747-27db-5e88-9568-3fdda6c30769\QM5_41398\20260909_135814\raw\run_01\report.htm
2020.06.12 06:28:16,794,USDJPY.DWX,buy,in,3.73,106.868,1206,-9.33,0.00,0.00,116 082.77,BALKE_RANGE_BUY_STOP,2020-06-12T06:28:16,2020-06-12T03:28:16Z,summer_US_DST,6,3,6,795,D:\QM\reports\work_items\2fc84747-27db-5e88-9568-3fdda6c30769\QM5_41398\20260909_135814\raw\run_01\report.htm
2020.06.12 10:01:40,795,USDJPY.DWX,sell,out,3.73,107.096,1208,-9.33,0.00,794.09,116 867.53,sl 107.097,2020-06-12T10:01:40,2020-06-12T07:01:40Z,summer_US_DST,10,7,10,796,D:\QM\reports\work_items\2fc84747-27db-5e88-9568-3fdda6c30769\QM5_41398\20260909_135814\raw\run_01\report.htm
2020.06.15 07:02:36,796,USDJPY.DWX,sell,in,5.44,107.145,1210,-13.60,0.00,0.00,116 853.93,BALKE_RANGE_SELL_STOP,2020-06-15T07:02:36,2020-06-15T04:02:36Z,summer_US_DST,7,4,7,797,D:\QM\reports\work_items\2fc84747-27db-5e88-9568-3fdda6c30769\QM5_41398\20260909_135814\raw\run_01\report.htm
2020.06.15 10:20:32,797,USDJPY.DWX,buy,out,5.44,107.342,1211,-13.60,0.00,-998.38,115 841.95,sl 107.342,2020-06-15T10:20:32,2020-06-15T07:20:32Z,summer_US_DST,10,7,10,798,D:\QM\reports\work_items\2fc84747-27db-5e88-9568-3fdda6c30769\QM5_41398\20260909_135814\raw\run_01\report.htm
2020.06.17 11:22:16,798,USDJPY.DWX,buy,in,4.44,107.405,1212,-11.10,0.00,0.00,115 830.85,BALKE_RANGE_BUY_STOP,2020-06-17T11:22:16,2020-06-17T08:22:16Z,summer_US_DST,11,8,11,799,D:\QM\reports\work_items\2fc84747-27db-5e88-9568-3fdda6c30769\QM5_41398\20260909_135814\raw\run_01\report.htm
2020.06.17 17:30:23,799,USDJPY.DWX,sell,out,4.44,107.140,1214,-11.10,0.00,-1 098.19,114 721.56,sl 107.163,2020-06-17T17:30:23,2020-06-17T14:30:23Z,summer_US_DST,17,14,17,800,D:\QM\reports\work_items\2fc84747-27db-5e88-9568-3fdda6c30769\QM5_41398\20260909_135814\raw\run_01\report.htm
2020.06.18 06:00:00,800,USDJPY.DWX,buy,in,5.47,106.896,1215,-13.68,0.00,0.00,114 707.88,BALKE_RANGE_BUY_STOP,2020-06-18T06:00:00,2020-06-18T03:00:00Z,summer_US_DST,6,3,6,801,D:\QM\reports\work_items\2fc84747-27db-5e88-9568-3fdda6c30769\QM5_41398\20260909_135814\raw\run_01\report.htm
2020.06.18 14:05:43,801,USDJPY.DWX,sell,out,5.47,106.945,1217,-13.68,0.00,250.62,114 944.82,sl 106.945,2020-06-18T14:05:43,2020-06-18T11:05:43Z,summer_US_DST,14,11,14,802,D:\QM\reports\work_items\2fc84747-27db-5e88-9568-3fdda6c30769\QM5_41398\20260909_135814\raw\run_01\report.htm
2020.06.19 07:13:59,802,USDJPY.DWX,sell,in,7.58,106.865,1219,-18.95,0.00,0.00,114 925.87,BALKE_RANGE_SELL_STOP,2020-06-19T07:13:59,2020-06-19T04:13:59Z,summer_US_DST,7,4,7,803,D:\QM\reports\work_items\2fc84747-27db-5e88-9568-3fdda6c30769\QM5_41398\20260909_135814\raw\run_01\report.htm
2020.06.19 17:52:19,803,USDJPY.DWX,buy,out,7.58,107.006,1220,-18.95,0.00,-998.80,113 908.12,sl 107.006,2020-06-19T17:52:19,2020-06-19T14:52:19Z,summer_US_DST,17,14,17,804,D:\QM\reports\work_items\2fc84747-27db-5e88-9568-3fdda6c30769\QM5_41398\20260909_135814\raw\run_01\report.htm
2020.06.22 09:48:31,804,USDJPY.DWX,buy,in,5.96,106.944,1221,-14.90,0.00,0.00,113 893.22,BALKE_RANGE_BUY_STOP,2020-06-22T09:48:31,2020-06-22T06:48:31Z,summer_US_DST,9,6,9,805,D:\QM\reports\work_items\2fc84747-27db-5e88-9568-3fdda6c30769\QM5_41398\20260909_135814\raw\run_01\report.htm
2020.06.22 18:00:00,805,USDJPY.DWX,sell,out,5.96,106.889,1223,-14.90,0.00,-306.67,113 571.65,qm_tm_close,2020-06-22T18:00:00,2020-06-22T15:00:00Z,summer_US_DST,18,15,18,806,D:\QM\reports\work_items\2fc84747-27db-5e88-9568-3fdda6c30769\QM5_41398\20260909_135814\raw\run_01\report.htm
2020.06.24 10:05:43,806,USDJPY.DWX,buy,in,4.17,106.637,1224,-10.43,0.00,0.00,113 561.22,BALKE_RANGE_BUY_STOP,2020-06-24T10:05:43,2020-06-24T07:05:43Z,summer_US_DST,10,7,10,807,D:\QM\reports\work_items\2fc84747-27db-5e88-9568-3fdda6c30769\QM5_41398\20260909_135814\raw\run_01\report.htm
2020.06.24 18:00:00,807,USDJPY.DWX,sell,out,4.17,106.895,1226,-10.43,0.00,1 006.46,114 557.25,qm_tm_close,2020-06-24T18:00:00,2020-06-24T15:00:00Z,summer_US_DST,18,15,18,808,D:\QM\reports\work_items\2fc84747-27db-5e88-9568-3fdda6c30769\QM5_41398\20260909_135814\raw\run_01\report.htm
2020.06.25 07:00:00,808,USDJPY.DWX,buy,in,4.44,107.259,1227,-11.10,0.00,0.00,114 546.15,BALKE_RANGE_BUY_STOP,2020-06-25T07:00:00,2020-06-25T04:00:00Z,summer_US_DST,7,4,7,809,D:\QM\reports\work_items\2fc84747-27db-5e88-9568-3fdda6c30769\QM5_41398\20260909_135814\raw\run_01\report.htm
2020.06.25 18:00:00,809,USDJPY.DWX,sell,out,4.44,107.189,1229,-11.10,0.00,-289.96,114 245.09,qm_tm_close,2020-06-25T18:00:00,2020-06-25T15:00:00Z,summer_US_DST,18,15,18,810,D:\QM\reports\work_items\2fc84747-27db-5e88-9568-3fdda6c30769\QM5_41398\20260909_135814\raw\run_01\report.htm
2020.06.26 07:55:09,810,USDJPY.DWX,sell,in,7.39,107.075,1231,-18.48,0.00,0.00,114 226.61,BALKE_RANGE_SELL_STOP,2020-06-26T07:55:09,2020-06-26T04:55:09Z,summer_US_DST,7,4,7,811,D:\QM\reports\work_items\2fc84747-27db-5e88-9568-3fdda6c30769\QM5_41398\20260909_135814\raw\run_01\report.htm
2020.06.26 14:57:33,811,USDJPY.DWX,buy,out,7.39,106.958,1232,-18.48,0.00,808.38,115 016.51,sl 106.958,2020-06-26T14:57:33,2020-06-26T11:57:33Z,summer_US_DST,14,11,14,812,D:\QM\reports\work_items\2fc84747-27db-5e88-9568-3fdda6c30769\QM5_41398\20260909_135814\raw\run_01\report.htm
2020.06.29 06:31:00,812,USDJPY.DWX,sell,in,4.92,107.155,1234,-12.30,0.00,0.00,115 004.21,BALKE_RANGE_SELL_STOP,2020-06-29T06:31:00,2020-06-29T03:31:00Z,summer_US_DST,6,3,6,813,D:\QM\reports\work_items\2fc84747-27db-5e88-9568-3fdda6c30769\QM5_41398\20260909_135814\raw\run_01\report.htm
2020.06.29 15:40:43,813,USDJPY.DWX,buy,out,4.92,107.373,1235,-12.30,0.00,-998.91,113 993.00,sl 107.373,2020-06-29T15:40:43,2020-06-29T12:40:43Z,summer_US_DST,15,12,15,814,D:\QM\reports\work_items\2fc84747-27db-5e88-9568-3fdda6c30769\QM5_41398\20260909_135814\raw\run_01\report.htm
2020.06.30 06:00:13,814,USDJPY.DWX,buy,in,4.33,107.788,1236,-10.83,0.00,0.00,113 982.17,BALKE_RANGE_BUY_STOP,2020-06-30T06:00:13,2020-06-30T03:00:13Z,summer_US_DST,6,3,6,815,D:\QM\reports\work_items\2fc84747-27db-5e88-9568-3fdda6c30769\QM5_41398\20260909_135814\raw\run_01\report.htm
2020.06.30 16:38:14,815,USDJPY.DWX,sell,out,4.33,107.540,1238,-10.83,0.00,-998.55,112 972.79,sl 107.540,2020-06-30T16:38:14,2020-06-30T13:38:14Z,summer_US_DST,16,13,16,816,D:\QM\reports\work_items\2fc84747-27db-5e88-9568-3fdda6c30769\QM5_41398\20260909_135814\raw\run_01\report.htm
2020.07.02 06:00:39,816,USDJPY.DWX,buy,in,4.77,107.556,1239,-11.93,0.00,0.00,112 960.86,BALKE_RANGE_BUY_STOP,2020-07-02T06:00:39,2020-07-02T03:00:39Z,summer_US_DST,6,3,6,817,D:\QM\reports\work_items\2fc84747-27db-5e88-9568-3fdda6c30769\QM5_41398\20260909_135814\raw\run_01\report.htm
2020.07.02 18:00:01,817,USDJPY.DWX,sell,out,4.77,107.618,1241,-11.93,0.00,274.81,113 223.74,qm_tm_close,2020-07-02T18:00:01,2020-07-02T15:00:01Z,summer_US_DST,18,15,18,818,D:\QM\reports\work_items\2fc84747-27db-5e88-9568-3fdda6c30769\QM5_41398\20260909_135814\raw\run_01\report.htm
2020.07.07 06:53:08,818,USDJPY.DWX,buy,in,6.57,107.408,1244,-16.43,0.00,0.00,113 207.31,BALKE_RANGE_BUY_STOP,2020-07-07T06:53:08,2020-07-07T03:53:08Z,summer_US_DST,6,3,6,819,D:\QM\reports\work_items\2fc84747-27db-5e88-9568-3fdda6c30769\QM5_41398\20260909_135814\raw\run_01\report.htm
2020.07.07 15:33:55,819,USDJPY.DWX,sell,out,6.57,107.663,1246,-16.43,0.00,1 556.11,114 746.99,sl 107.663,2020-07-07T15:33:55,2020-07-07T12:33:55Z,summer_US_DST,15,12,15,820,D:\QM\reports\work_items\2fc84747-27db-5e88-9568-3fdda6c30769\QM5_41398\20260909_135814\raw\run_01\report.htm
2020.07.08 07:19:42,820,USDJPY.DWX,sell,in,7.69,107.570,1248,-19.23,0.00,0.00,114 727.76,BALKE_RANGE_SELL_STOP,2020-07-08T07:19:42,2020-07-08T04:19:42Z,summer_US_DST,7,4,7,821,D:\QM\reports\work_items\2fc84747-27db-5e88-9568-3fdda6c30769\QM5_41398\20260909_135814\raw\run_01\report.htm
2020.07.08 18:00:00,821,USDJPY.DWX,buy,out,7.69,107.509,1249,-19.23,0.00,436.33,115 144.86,qm_tm_close,2020-07-08T18:00:00,2020-07-08T15:00:00Z,summer_US_DST,18,15,18,822,D:\QM\reports\work_items\2fc84747-27db-5e88-9568-3fdda6c30769\QM5_41398\20260909_135814\raw\run_01\report.htm
2020.07.09 13:44:15,822,USDJPY.DWX,buy,in,5.88,107.364,1250,-14.70,0.00,0.00,115 130.16,BALKE_RANGE_BUY_STOP,2020-07-09T13:44:15,2020-07-09T10:44:15Z,summer_US_DST,13,10,13,823,D:\QM\reports\work_items\2fc84747-27db-5e88-9568-3fdda6c30769\QM5_41398\20260909_135814\raw\run_01\report.htm
2020.07.09 16:46:55,823,USDJPY.DWX,sell,out,5.88,107.181,1252,-14.70,0.00,-1 003.95,114 111.51,sl 107.181,2020-07-09T16:46:55,2020-07-09T13:46:55Z,summer_US_DST,16,13,16,824,D:\QM\reports\work_items\2fc84747-27db-5e88-9568-3fdda6c30769\QM5_41398\20260909_135814\raw\run_01\report.htm
2020.07.13 06:04:04,824,USDJPY.DWX,sell,in,6.98,106.790,1254,-17.45,0.00,0.00,114 094.06,BALKE_RANGE_SELL_STOP,2020-07-13T06:04:04,2020-07-13T03:04:04Z,summer_US_DST,6,3,6,825,D:\QM\reports\work_items\2fc84747-27db-5e88-9568-3fdda6c30769\QM5_41398\20260909_135814\raw\run_01\report.htm
2020.07.13 10:01:58,825,USDJPY.DWX,buy,out,6.98,106.944,1255,-17.45,0.00,-1 005.12,113 071.49,sl 106.943,2020-07-13T10:01:58,2020-07-13T07:01:58Z,summer_US_DST,10,7,10,826,D:\QM\reports\work_items\2fc84747-27db-5e88-9568-3fdda6c30769\QM5_41398\20260909_135814\raw\run_01\report.htm
2020.07.16 11:37:41,826,USDJPY.DWX,buy,in,5.31,107.032,1256,-13.28,0.00,0.00,113 058.21,BALKE_RANGE_BUY_STOP,2020-07-16T11:37:41,2020-07-16T08:37:41Z,summer_US_DST,11,8,11,827,D:\QM\reports\work_items\2fc84747-27db-5e88-9568-3fdda6c30769\QM5_41398\20260909_135814\raw\run_01\report.htm
2020.07.16 19:00:00,827,USDJPY.DWX,sell,out,5.31,107.054,1258,-13.28,0.00,109.12,113 154.05,qm_tm_close,2020-07-16T19:00:00,2020-07-16T16:00:00Z,summer_US_DST,19,16,19,828,D:\QM\reports\work_items\2fc84747-27db-5e88-9568-3fdda6c30769\QM5_41398\20260909_135814\raw\run_01\report.htm
2020.07.17 06:26:33,828,USDJPY.DWX,sell,in,7.89,107.224,1260,-19.73,0.00,0.00,113 134.32,BALKE_RANGE_SELL_STOP,2020-07-17T06:26:33,2020-07-17T03:26:33Z,summer_US_DST,6,3,6,829,D:\QM\reports\work_items\2fc84747-27db-5e88-9568-3fdda6c30769\QM5_41398\20260909_135814\raw\run_01\report.htm
2020.07.17 18:00:00,829,USDJPY.DWX,buy,out,7.89,107.149,1261,-19.73,0.00,552.27,113 666.86,qm_tm_close,2020-07-17T18:00:00,2020-07-17T15:00:00Z,summer_US_DST,18,15,18,830,D:\QM\reports\work_items\2fc84747-27db-5e88-9568-3fdda6c30769\QM5_41398\20260909_135814\raw\run_01\report.htm
2020.07.21 06:53:24,830,USDJPY.DWX,buy,in,9.48,107.239,1262,-23.70,0.00,0.00,113 643.16,BALKE_RANGE_BUY_STOP,2020-07-21T06:53:24,2020-07-21T03:53:24Z,summer_US_DST,6,3,6,831,D:\QM\reports\work_items\2fc84747-27db-5e88-9568-3fdda6c30769\QM5_41398\20260909_135814\raw\run_01\report.htm
2020.07.21 10:10:29,831,USDJPY.DWX,sell,out,9.48,107.274,1264,-23.70,0.00,309.30,113 928.76,sl 107.274,2020-07-21T10:10:29,2020-07-21T07:10:29Z,summer_US_DST,10,7,10,832,D:\QM\reports\work_items\2fc84747-27db-5e88-9568-3fdda6c30769\QM5_41398\20260909_135814\raw\run_01\report.htm
2020.07.22 10:28:32,832,USDJPY.DWX,buy,in,5.83,106.892,1265,-14.58,0.00,0.00,113 914.18,BALKE_RANGE_BUY_STOP,2020-07-22T10:28:32,2020-07-22T07:28:32Z,summer_US_DST,10,7,10,833,D:\QM\reports\work_items\2fc84747-27db-5e88-9568-3fdda6c30769\QM5_41398\20260909_135814\raw\run_01\report.htm
2020.07.22 18:00:00,833,USDJPY.DWX,sell,out,5.83,107.166,1267,-14.58,0.00,1 490.60,115 390.20,qm_tm_close,2020-07-22T18:00:00,2020-07-22T15:00:00Z,summer_US_DST,18,15,18,834,D:\QM\reports\work_items\2fc84747-27db-5e88-9568-3fdda6c30769\QM5_41398\20260909_135814\raw\run_01\report.htm
2020.07.23 09:47:01,834,USDJPY.DWX,sell,in,12.75,107.105,1269,-31.88,0.00,0.00,115 358.32,BALKE_RANGE_SELL_STOP,2020-07-23T09:47:01,2020-07-23T06:47:01Z,summer_US_DST,9,6,9,835,D:\QM\reports\work_items\2fc84747-27db-5e88-9568-3fdda6c30769\QM5_41398\20260909_135814\raw\run_01\report.htm
2020.07.23 14:54:23,835,USDJPY.DWX,buy,out,12.75,107.189,1270,-31.88,0.00,-999.17,114 327.27,sl 107.189,2020-07-23T14:54:23,2020-07-23T11:54:23Z,summer_US_DST,14,11,14,836,D:\QM\reports\work_items\2fc84747-27db-5e88-9568-3fdda6c30769\QM5_41398\20260909_135814\raw\run_01\report.htm
2020.07.28 06:03:51,836,USDJPY.DWX,buy,in,4.09,105.475,1271,-10.23,0.00,0.00,114 317.04,BALKE_RANGE_BUY_STOP,2020-07-28T06:03:51,2020-07-28T03:03:51Z,summer_US_DST,6,3,6,837,D:\QM\reports\work_items\2fc84747-27db-5e88-9568-3fdda6c30769\QM5_41398\20260909_135814\raw\run_01\report.htm
2020.07.28 13:04:55,837,USDJPY.DWX,sell,out,4.09,105.218,1273,-10.23,0.00,-999.00,113 307.81,sl 105.218,2020-07-28T13:04:55,2020-07-28T10:04:55Z,summer_US_DST,13,10,13,838,D:\QM\reports\work_items\2fc84747-27db-5e88-9568-3fdda6c30769\QM5_41398\20260909_135814\raw\run_01\report.htm
2020.07.29 09:15:02,838,USDJPY.DWX,sell,in,3.67,104.955,1275,-9.18,0.00,0.00,113 298.63,BALKE_RANGE_SELL_STOP,2020-07-29T09:15:02,2020-07-29T06:15:02Z,summer_US_DST,9,6,9,839,D:\QM\reports\work_items\2fc84747-27db-5e88-9568-3fdda6c30769\QM5_41398\20260909_135814\raw\run_01\report.htm
2020.07.29 18:00:00,839,USDJPY.DWX,buy,out,3.67,105.100,1276,-9.18,0.00,-506.33,112 783.12,qm_tm_close,2020-07-29T18:00:00,2020-07-29T15:00:00Z,summer_US_DST,18,15,18,840,D:\QM\reports\work_items\2fc84747-27db-5e88-9568-3fdda6c30769\QM5_41398\20260909_135814\raw\run_01\report.htm
2020.07.30 08:06:48,840,USDJPY.DWX,buy,in,6.1,105.153,1277,-15.25,0.00,0.00,112 767.87,BALKE_RANGE_BUY_STOP,2020-07-30T08:06:48,2020-07-30T05:06:48Z,summer_US_DST,8,5,8,841,D:\QM\reports\work_items\2fc84747-27db-5e88-9568-3fdda6c30769\QM5_41398\20260909_135814\raw\run_01\report.htm
2020.07.30 16:01:52,841,USDJPY.DWX,sell,out,6.1,104.981,1279,-15.25,0.00,-999.42,111 753.20,sl 104.981,2020-07-30T16:01:52,2020-07-30T13:01:52Z,summer_US_DST,16,13,16,842,D:\QM\reports\work_items\2fc84747-27db-5e88-9568-3fdda6c30769\QM5_41398\20260909_135814\raw\run_01\report.htm
2020.08.04 09:55:44,842,USDJPY.DWX,sell,in,6.03,106.015,1281,-15.08,0.00,0.00,111 738.12,BALKE_RANGE_SELL_STOP,2020-08-04T09:55:44,2020-08-04T06:55:44Z,summer_US_DST,9,6,9,843,D:\QM\reports\work_items\2fc84747-27db-5e88-9568-3fdda6c30769\QM5_41398\20260909_135814\raw\run_01\report.htm
2020.08.04 13:38:52,843,USDJPY.DWX,buy,out,6.03,106.050,1282,-15.08,0.00,-199.01,111 524.03,sl 106.050,2020-08-04T13:38:52,2020-08-04T10:38:52Z,summer_US_DST,13,10,13,844,D:\QM\reports\work_items\2fc84747-27db-5e88-9568-3fdda6c30769\QM5_41398\20260909_135814\raw\run_01\report.htm
2020.08.05 11:22:41,844,USDJPY.DWX,buy,in,3.89,105.784,1283,-9.73,0.00,0.00,111 514.30,BALKE_RANGE_BUY_STOP,2020-08-05T11:22:41,2020-08-05T08:22:41Z,summer_US_DST,11,8,11,845,D:\QM\reports\work_items\2fc84747-27db-5e88-9568-3fdda6c30769\QM5_41398\20260909_135814\raw\run_01\report.htm
2020.08.05 15:58:45,845,USDJPY.DWX,sell,out,3.89,105.511,1285,-9.73,0.00,-1 006.50,110 498.07,sl 105.511,2020-08-05T15:58:45,2020-08-05T12:58:45Z,summer_US_DST,15,12,15,846,D:\QM\reports\work_items\2fc84747-27db-5e88-9568-3fdda6c30769\QM5_41398\20260909_135814\raw\run_01\report.htm
2020.08.06 08:56:56,846,USDJPY.DWX,sell,in,6.9,105.458,1287,-17.25,0.00,0.00,110 480.82,BALKE_RANGE_SELL_STOP,2020-08-06T08:56:56,2020-08-06T05:56:56Z,summer_US_DST,8,5,8,847,D:\QM\reports\work_items\2fc84747-27db-5e88-9568-3fdda6c30769\QM5_41398\20260909_135814\raw\run_01\report.htm
2020.08.06 10:51:54,847,USDJPY.DWX,buy,out,6.9,105.611,1288,-17.25,0.00,-999.61,109 463.96,sl 105.611,2020-08-06T10:51:54,2020-08-06T07:51:54Z,summer_US_DST,10,7,10,848,D:\QM\reports\work_items\2fc84747-27db-5e88-9568-3fdda6c30769\QM5_41398\20260909_135814\raw\run_01\report.htm
2020.08.07 06:41:50,848,USDJPY.DWX,buy,in,13.88,105.595,1289,-34.70,0.00,0.00,109 429.26,BALKE_RANGE_BUY_STOP,2020-08-07T06:41:50,2020-08-07T03:41:50Z,summer_US_DST,6,3,6,849,D:\QM\reports\work_items\2fc84747-27db-5e88-9568-3fdda6c30769\QM5_41398\20260909_135814\raw\run_01\report.htm
2020.08.07 09:00:49,849,USDJPY.DWX,sell,out,13.88,105.519,1291,-34.70,0.00,-999.71,108 394.85,sl 105.519,2020-08-07T09:00:49,2020-08-07T06:00:49Z,summer_US_DST,9,6,9,850,D:\QM\reports\work_items\2fc84747-27db-5e88-9568-3fdda6c30769\QM5_41398\20260909_135814\raw\run_01\report.htm
2020.08.10 09:46:22,850,USDJPY.DWX,buy,in,7.14,105.870,1292,-17.85,0.00,0.00,108 377.00,BALKE_RANGE_BUY_STOP,2020-08-10T09:46:22,2020-08-10T06:46:22Z,summer_US_DST,9,6,9,851,D:\QM\reports\work_items\2fc84747-27db-5e88-9568-3fdda6c30769\QM5_41398\20260909_135814\raw\run_01\report.htm
2020.08.10 16:00:55,851,USDJPY.DWX,sell,out,7.14,105.973,1294,-17.85,0.00,693.97,109 053.12,sl 105.973,2020-08-10T16:00:55,2020-08-10T13:00:55Z,summer_US_DST,16,13,16,852,D:\QM\reports\work_items\2fc84747-27db-5e88-9568-3fdda6c30769\QM5_41398\20260909_135814\raw\run_01\report.htm
2020.08.11 09:27:25,852,USDJPY.DWX,buy,in,5.24,106.177,1295,-13.10,0.00,0.00,109 040.02,BALKE_RANGE_BUY_STOP,2020-08-11T09:27:25,2020-08-11T06:27:25Z,summer_US_DST,9,6,9,853,D:\QM\reports\work_items\2fc84747-27db-5e88-9568-3fdda6c30769\QM5_41398\20260909_135814\raw\run_01\report.htm
2020.08.11 15:45:24,853,USDJPY.DWX,sell,out,5.24,105.972,1297,-13.10,0.00,-1 013.66,108 013.26,sl 105.973,2020-08-11T15:45:24,2020-08-11T12:45:24Z,summer_US_DST,15,12,15,854,D:\QM\reports\work_items\2fc84747-27db-5e88-9568-3fdda6c30769\QM5_41398\20260909_135814\raw\run_01\report.htm
2020.08.12 06:05:16,854,USDJPY.DWX,buy,in,3.8,106.736,1298,-9.50,0.00,0.00,108 003.76,BALKE_RANGE_BUY_STOP,2020-08-12T06:05:16,2020-08-12T03:05:16Z,summer_US_DST,6,3,6,855,D:\QM\reports\work_items\2fc84747-27db-5e88-9568-3fdda6c30769\QM5_41398\20260909_135814\raw\run_01\report.htm
2020.08.12 19:00:01,855,USDJPY.DWX,sell,out,3.8,106.854,1300,-9.50,0.00,419.64,108 413.90,qm_tm_close,2020-08-12T19:00:01,2020-08-12T16:00:01Z,summer_US_DST,19,16,19,856,D:\QM\reports\work_items\2fc84747-27db-5e88-9568-3fdda6c30769\QM5_41398\20260909_135814\raw\run_01\report.htm
2020.08.13 09:21:33,856,USDJPY.DWX,sell,in,4.47,106.599,1302,-11.18,0.00,0.00,108 402.72,BALKE_RANGE_SELL_STOP,2020-08-13T09:21:33,2020-08-13T06:21:33Z,summer_US_DST,9,6,9,857,D:\QM\reports\work_items\2fc84747-27db-5e88-9568-3fdda6c30769\QM5_41398\20260909_135814\raw\run_01\report.htm
2020.08.13 12:54:13,857,USDJPY.DWX,buy,out,4.47,106.841,1303,-11.18,0.00,-1 012.48,107 379.06,sl 106.841,2020-08-13T12:54:13,2020-08-13T09:54:13Z,summer_US_DST,12,9,12,858,D:\QM\reports\work_items\2fc84747-27db-5e88-9568-3fdda6c30769\QM5_41398\20260909_135814\raw\run_01\report.htm
2020.08.14 06:47:07,858,USDJPY.DWX,sell,in,9.07,106.919,1305,-22.68,0.00,0.00,107 356.38,BALKE_RANGE_SELL_STOP,2020-08-14T06:47:07,2020-08-14T03:47:07Z,summer_US_DST,6,3,6,859,D:\QM\reports\work_items\2fc84747-27db-5e88-9568-3fdda6c30769\QM5_41398\20260909_135814\raw\run_01\report.htm
2020.08.14 18:00:00,859,USDJPY.DWX,buy,out,9.07,106.449,1306,-22.68,0.00,4 004.64,111 338.34,qm_tm_close,2020-08-14T18:00:00,2020-08-14T15:00:00Z,summer_US_DST,18,15,18,860,D:\QM\reports\work_items\2fc84747-27db-5e88-9568-3fdda6c30769\QM5_41398\20260909_135814\raw\run_01\report.htm
2020.08.17 10:01:09,860,USDJPY.DWX,sell,in,5.41,106.457,1308,-13.53,0.00,0.00,111 324.81,BALKE_RANGE_SELL_STOP,2020-08-17T10:01:09,2020-08-17T07:01:09Z,summer_US_DST,10,7,10,861,D:\QM\reports\work_items\2fc84747-27db-5e88-9568-3fdda6c30769\QM5_41398\20260909_135814\raw\run_01\report.htm
2020.08.17 18:00:00,861,USDJPY.DWX,buy,out,5.41,106.059,1309,-13.53,0.00,2 030.17,113 341.45,qm_tm_close,2020-08-17T18:00:00,2020-08-17T15:00:00Z,summer_US_DST,18,15,18,862,D:\QM\reports\work_items\2fc84747-27db-5e88-9568-3fdda6c30769\QM5_41398\20260909_135814\raw\run_01\report.htm
2020.08.20 07:02:14,862,USDJPY.DWX,sell,in,5.39,106.019,1311,-13.48,0.00,0.00,113 327.97,BALKE_RANGE_SELL_STOP,2020-08-20T07:02:14,2020-08-20T04:02:14Z,summer_US_DST,7,4,7,863,D:\QM\reports\work_items\2fc84747-27db-5e88-9568-3fdda6c30769\QM5_41398\20260909_135814\raw\run_01\report.htm
2020.08.20 16:05:13,863,USDJPY.DWX,buy,out,5.39,105.989,1312,-13.48,0.00,152.56,113 467.05,sl 105.989,2020-08-20T16:05:13,2020-08-20T13:05:13Z,summer_US_DST,16,13,16,864,D:\QM\reports\work_items\2fc84747-27db-5e88-9568-3fdda6c30769\QM5_41398\20260909_135814\raw\run_01\report.htm
2020.08.21 07:58:11,864,USDJPY.DWX,sell,in,7.95,105.622,1314,-19.88,0.00,0.00,113 447.17,BALKE_RANGE_SELL_STOP,2020-08-21T07:58:11,2020-08-21T04:58:11Z,summer_US_DST,7,4,7,865,D:\QM\reports\work_items\2fc84747-27db-5e88-9568-3fdda6c30769\QM5_41398\20260909_135814\raw\run_01\report.htm
2020.08.21 12:18:12,865,USDJPY.DWX,buy,out,7.95,105.586,1315,-19.88,0.00,271.06,113 698.35,sl 105.586,2020-08-21T12:18:12,2020-08-21T09:18:12Z,summer_US_DST,12,9,12,866,D:\QM\reports\work_items\2fc84747-27db-5e88-9568-3fdda6c30769\QM5_41398\20260909_135814\raw\run_01\report.htm
2020.08.26 07:32:49,866,USDJPY.DWX,sell,in,6.41,106.390,1319,-16.03,0.00,0.00,113 682.32,BALKE_RANGE_SELL_STOP,2020-08-26T07:32:49,2020-08-26T04:32:49Z,summer_US_DST,7,4,7,867,D:\QM\reports\work_items\2fc84747-27db-5e88-9568-3fdda6c30769\QM5_41398\20260909_135814\raw\run_01\report.htm
2020.08.26 14:56:22,867,USDJPY.DWX,buy,out,6.41,106.321,1320,-16.03,0.00,415.99,114 082.28,sl 106.321,2020-08-26T14:56:22,2020-08-26T11:56:22Z,summer_US_DST,14,11,14,868,D:\QM\reports\work_items\2fc84747-27db-5e88-9568-3fdda6c30769\QM5_41398\20260909_135814\raw\run_01\report.htm
2020.08.27 11:24:19,868,USDJPY.DWX,buy,in,3.87,106.075,1321,-9.68,0.00,0.00,114 072.60,BALKE_RANGE_BUY_STOP,2020-08-27T11:24:19,2020-08-27T08:24:19Z,summer_US_DST,11,8,11,869,D:\QM\reports\work_items\2fc84747-27db-5e88-9568-3fdda6c30769\QM5_41398\20260909_135814\raw\run_01\report.htm
2020.08.27 16:14:48,869,USDJPY.DWX,sell,out,3.87,105.793,1323,-9.68,0.00,-1 031.58,113 031.34,sl 105.802,2020-08-27T16:14:48,2020-08-27T13:14:48Z,summer_US_DST,16,13,16,870,D:\QM\reports\work_items\2fc84747-27db-5e88-9568-3fdda6c30769\QM5_41398\20260909_135814\raw\run_01\report.htm
2020.08.28 06:05:45,870,USDJPY.DWX,buy,in,4.57,106.837,1324,-11.43,0.00,0.00,113 019.91,BALKE_RANGE_BUY_STOP,2020-08-28T06:05:45,2020-08-28T03:05:45Z,summer_US_DST,6,3,6,871,D:\QM\reports\work_items\2fc84747-27db-5e88-9568-3fdda6c30769\QM5_41398\20260909_135814\raw\run_01\report.htm
2020.08.28 08:07:28,871,USDJPY.DWX,sell,out,4.57,106.601,1326,-11.43,0.00,-1 011.74,111 996.74,sl 106.604,2020-08-28T08:07:28,2020-08-28T05:07:28Z,summer_US_DST,8,5,8,872,D:\QM\reports\work_items\2fc84747-27db-5e88-9568-3fdda6c30769\QM5_41398\20260909_135814\raw\run_01\report.htm
2020.08.31 07:24:59,872,USDJPY.DWX,buy,in,3.28,105.612,1327,-8.20,0.00,0.00,111 988.54,BALKE_RANGE_BUY_STOP,2020-08-31T07:24:59,2020-08-31T04:24:59Z,summer_US_DST,7,4,7,873,D:\QM\reports\work_items\2fc84747-27db-5e88-9568-3fdda6c30769\QM5_41398\20260909_135814\raw\run_01\report.htm
2020.08.31 18:00:00,873,USDJPY.DWX,sell,out,3.28,106.046,1329,-8.20,0.00,1 342.36,113 322.70,qm_tm_close,2020-08-31T18:00:00,2020-08-31T15:00:00Z,summer_US_DST,18,15,18,874,D:\QM\reports\work_items\2fc84747-27db-5e88-9568-3fdda6c30769\QM5_41398\20260909_135814\raw\run_01\report.htm
2020.09.02 11:20:23,874,USDJPY.DWX,buy,in,3.82,106.129,1330,-9.55,0.00,0.00,113 313.15,BALKE_RANGE_BUY_STOP,2020-09-02T11:20:23,2020-09-02T08:20:23Z,summer_US_DST,11,8,11,875,D:\QM\reports\work_items\2fc84747-27db-5e88-9568-3fdda6c30769\QM5_41398\20260909_135814\raw\run_01\report.htm
2020.09.02 18:00:00,875,USDJPY.DWX,sell,out,3.82,106.148,1332,-9.55,0.00,68.38,113 371.98,qm_tm_close,2020-09-02T18:00:00,2020-09-02T15:00:00Z,summer_US_DST,18,15,18,876,D:\QM\reports\work_items\2fc84747-27db-5e88-9568-3fdda6c30769\QM5_41398\20260909_135814\raw\run_01\report.htm
2020.09.03 06:45:53,876,USDJPY.DWX,buy,in,12.79,106.264,1333,-31.98,0.00,0.00,113 340.00,BALKE_RANGE_BUY_STOP,2020-09-03T06:45:53,2020-09-03T03:45:53Z,summer_US_DST,6,3,6,877,D:\QM\reports\work_items\2fc84747-27db-5e88-9568-3fdda6c30769\QM5_41398\20260909_135814\raw\run_01\report.htm
2020.09.03 10:13:46,877,USDJPY.DWX,sell,out,12.79,106.181,1335,-31.98,0.00,-999.77,112 308.25,sl 106.181,2020-09-03T10:13:46,2020-09-03T07:13:46Z,summer_US_DST,10,7,10,878,D:\QM\reports\work_items\2fc84747-27db-5e88-9568-3fdda6c30769\QM5_41398\20260909_135814\raw\run_01\report.htm
2020.09.07 10:24:57,878,USDJPY.DWX,sell,in,6.29,106.216,1338,-15.73,0.00,0.00,112 292.52,BALKE_RANGE_SELL_STOP,2020-09-07T10:24:57,2020-09-07T07:24:57Z,summer_US_DST,10,7,10,879,D:\QM\reports\work_items\2fc84747-27db-5e88-9568-3fdda6c30769\QM5_41398\20260909_135814\raw\run_01\report.htm
2020.09.07 18:00:00,879,USDJPY.DWX,buy,out,6.29,106.279,1339,-15.73,0.00,-372.86,111 903.93,qm_tm_close,2020-09-07T18:00:00,2020-09-07T15:00:00Z,summer_US_DST,18,15,18,880,D:\QM\reports\work_items\2fc84747-27db-5e88-9568-3fdda6c30769\QM5_41398\20260909_135814\raw\run_01\report.htm
2020.09.08 09:03:34,880,USDJPY.DWX,sell,in,14.36,106.240,1341,-35.90,0.00,0.00,111 868.03,BALKE_RANGE_SELL_STOP,2020-09-08T09:03:34,2020-09-08T06:03:34Z,summer_US_DST,9,6,9,881,D:\QM\reports\work_items\2fc84747-27db-5e88-9568-3fdda6c30769\QM5_41398\20260909_135814\raw\run_01\report.htm
2020.09.08 12:01:22,881,USDJPY.DWX,buy,out,14.36,106.314,1342,-35.90,0.00,-999.53,110 832.60,sl 106.314,2020-09-08T12:01:22,2020-09-08T09:01:22Z,summer_US_DST,12,9,12,882,D:\QM\reports\work_items\2fc84747-27db-5e88-9568-3fdda6c30769\QM5_41398\20260909_135814\raw\run_01\report.htm
2020.09.09 09:16:14,882,USDJPY.DWX,sell,in,8.61,105.867,1344,-21.53,0.00,0.00,110 811.07,BALKE_RANGE_SELL_STOP,2020-09-09T09:16:14,2020-09-09T06:16:14Z,summer_US_DST,9,6,9,883,D:\QM\reports\work_items\2fc84747-27db-5e88-9568-3fdda6c30769\QM5_41398\20260909_135814\raw\run_01\report.htm
2020.09.09 11:05:44,883,USDJPY.DWX,buy,out,8.61,105.991,1345,-21.53,0.00,-1 007.29,109 782.25,sl 105.991,2020-09-09T11:05:44,2020-09-09T08:05:44Z,summer_US_DST,11,8,11,884,D:\QM\reports\work_items\2fc84747-27db-5e88-9568-3fdda6c30769\QM5_41398\20260909_135814\raw\run_01\report.htm
2020.09.10 06:00:14,884,USDJPY.DWX,sell,in,6.32,106.134,1347,-15.80,0.00,0.00,109 766.45,BALKE_RANGE_SELL_STOP,2020-09-10T06:00:14,2020-09-10T03:00:14Z,summer_US_DST,6,3,6,885,D:\QM\reports\work_items\2fc84747-27db-5e88-9568-3fdda6c30769\QM5_41398\20260909_135814\raw\run_01\report.htm
2020.09.10 18:00:00,885,USDJPY.DWX,buy,out,6.32,106.171,1348,-15.80,0.00,-220.25,109 530.40,qm_tm_close,2020-09-10T18:00:00,2020-09-10T15:00:00Z,summer_US_DST,18,15,18,886,D:\QM\reports\work_items\2fc84747-27db-5e88-9568-3fdda6c30769\QM5_41398\20260909_135814\raw\run_01\report.htm
2020.09.11 10:21:07,886,USDJPY.DWX,buy,in,8.28,106.206,1349,-20.70,0.00,0.00,109 509.70,BALKE_RANGE_BUY_STOP,2020-09-11T10:21:07,2020-09-11T07:21:07Z,summer_US_DST,10,7,10,887,D:\QM\reports\work_items\2fc84747-27db-5e88-9568-3fdda6c30769\QM5_41398\20260909_135814\raw\run_01\report.htm
2020.09.11 18:00:00,887,USDJPY.DWX,sell,out,8.28,106.198,1351,-20.70,0.00,-62.37,109 426.63,qm_tm_close,2020-09-11T18:00:00,2020-09-11T15:00:00Z,summer_US_DST,18,15,18,888,D:\QM\reports\work_items\2fc84747-27db-5e88-9568-3fdda6c30769\QM5_41398\20260909_135814\raw\run_01\report.htm
2020.09.14 06:00:05,888,USDJPY.DWX,sell,in,15.38,106.096,1353,-38.45,0.00,0.00,109 388.18,BALKE_RANGE_SELL_STOP,2020-09-14T06:00:05,2020-09-14T03:00:05Z,summer_US_DST,6,3,6,889,D:\QM\reports\work_items\2fc84747-27db-5e88-9568-3fdda6c30769\QM5_41398\20260909_135814\raw\run_01\report.htm
2020.09.14 09:22:22,889,USDJPY.DWX,buy,out,15.38,106.086,1354,-38.45,0.00,144.98,109 494.71,sl 106.084,2020-09-14T09:22:22,2020-09-14T06:22:22Z,summer_US_DST,9,6,9,890,D:\QM\reports\work_items\2fc84747-27db-5e88-9568-3fdda6c30769\QM5_41398\20260909_135814\raw\run_01\report.htm
2020.09.15 07:20:03,890,USDJPY.DWX,sell,in,7.44,105.606,1356,-18.60,0.00,0.00,109 476.11,BALKE_RANGE_SELL_STOP,2020-09-15T07:20:03,2020-09-15T04:20:03Z,summer_US_DST,7,4,7,891,D:\QM\reports\work_items\2fc84747-27db-5e88-9568-3fdda6c30769\QM5_41398\20260909_135814\raw\run_01\report.htm
2020.09.15 10:00:30,891,USDJPY.DWX,buy,out,7.44,105.748,1357,-18.60,0.00,-999.05,108 458.46,sl 105.748,2020-09-15T10:00:30,2020-09-15T07:00:30Z,summer_US_DST,10,7,10,892,D:\QM\reports\work_items\2fc84747-27db-5e88-9568-3fdda6c30769\QM5_41398\20260909_135814\raw\run_01\report.htm
2020.09.16 07:12:27,892,USDJPY.DWX,sell,in,7.17,105.255,1359,-17.93,0.00,0.00,108 440.53,BALKE_RANGE_SELL_STOP,2020-09-16T07:12:27,2020-09-16T04:12:27Z,summer_US_DST,7,4,7,893,D:\QM\reports\work_items\2fc84747-27db-5e88-9568-3fdda6c30769\QM5_41398\20260909_135814\raw\run_01\report.htm
2020.09.16 10:00:09,893,USDJPY.DWX,buy,out,7.17,105.402,1360,-17.93,0.00,-999.97,107 422.63,sl 105.402,2020-09-16T10:00:09,2020-09-16T07:00:09Z,summer_US_DST,10,7,10,894,D:\QM\reports\work_items\2fc84747-27db-5e88-9568-3fdda6c30769\QM5_41398\20260909_135814\raw\run_01\report.htm
2020.09.18 10:01:21,894,USDJPY.DWX,sell,in,5.35,104.674,1362,-13.38,0.00,0.00,107 409.25,BALKE_RANGE_SELL_STOP,2020-09-18T10:01:21,2020-09-18T07:01:21Z,summer_US_DST,10,7,10,895,D:\QM\reports\work_items\2fc84747-27db-5e88-9568-3fdda6c30769\QM5_41398\20260909_135814\raw\run_01\report.htm
2020.09.18 16:26:37,895,USDJPY.DWX,buy,out,5.35,104.453,1363,-13.38,0.00,1 131.94,108 527.81,sl 104.453,2020-09-18T16:26:37,2020-09-18T13:26:37Z,summer_US_DST,16,13,16,896,D:\QM\reports\work_items\2fc84747-27db-5e88-9568-3fdda6c30769\QM5_41398\20260909_135814\raw\run_01\report.htm
2020.09.22 13:30:08,896,USDJPY.DWX,sell,in,3.59,104.460,1365,-8.98,0.00,0.00,108 518.83,BALKE_RANGE_SELL_STOP,2020-09-22T13:30:08,2020-09-22T10:30:08Z,summer_US_DST,13,10,13,897,D:\QM\reports\work_items\2fc84747-27db-5e88-9568-3fdda6c30769\QM5_41398\20260909_135814\raw\run_01\report.htm
2020.09.22 16:35:57,897,USDJPY.DWX,buy,out,3.59,104.752,1366,-8.98,0.00,-1 000.73,107 509.12,sl 104.751,2020-09-22T16:35:57,2020-09-22T13:35:57Z,summer_US_DST,16,13,16,898,D:\QM\reports\work_items\2fc84747-27db-5e88-9568-3fdda6c30769\QM5_41398\20260909_135814\raw\run_01\report.htm
2020.09.23 10:14:25,898,USDJPY.DWX,sell,in,5.62,105.010,1368,-14.05,0.00,0.00,107 495.07,BALKE_RANGE_SELL_STOP,2020-09-23T10:14:25,2020-09-23T07:14:25Z,summer_US_DST,10,7,10,899,D:\QM\reports\work_items\2fc84747-27db-5e88-9568-3fdda6c30769\QM5_41398\20260909_135814\raw\run_01\report.htm
2020.09.23 15:44:48,899,USDJPY.DWX,buy,out,5.62,105.198,1369,-14.05,0.00,-1 004.35,106 476.67,sl 105.197,2020-09-23T15:44:48,2020-09-23T12:44:48Z,summer_US_DST,15,12,15,900,D:\QM\reports\work_items\2fc84747-27db-5e88-9568-3fdda6c30769\QM5_41398\20260909_135814\raw\run_01\report.htm
2020.09.24 09:02:19,900,USDJPY.DWX,sell,in,5.79,105.294,1371,-14.48,0.00,0.00,106 462.19,BALKE_RANGE_SELL_STOP,2020-09-24T09:02:19,2020-09-24T06:02:19Z,summer_US_DST,9,6,9,901,D:\QM\reports\work_items\2fc84747-27db-5e88-9568-3fdda6c30769\QM5_41398\20260909_135814\raw\run_01\report.htm
2020.09.24 13:56:54,901,USDJPY.DWX,buy,out,5.79,105.477,1372,-14.48,0.00,-1 004.55,105 443.16,sl 105.476,2020-09-24T13:56:54,2020-09-24T10:56:54Z,summer_US_DST,13,10,13,902,D:\QM\reports\work_items\2fc84747-27db-5e88-9568-3fdda6c30769\QM5_41398\20260909_135814\raw\run_01\report.htm
2020.09.25 06:39:21,902,USDJPY.DWX,sell,in,9.77,105.435,1374,-24.43,0.00,0.00,105 418.73,BALKE_RANGE_SELL_STOP,2020-09-25T06:39:21,2020-09-25T03:39:21Z,summer_US_DST,6,3,6,903,D:\QM\reports\work_items\2fc84747-27db-5e88-9568-3fdda6c30769\QM5_41398\20260909_135814\raw\run_01\report.htm
2020.09.25 11:23:19,903,USDJPY.DWX,buy,out,9.77,105.404,1375,-24.43,0.00,287.34,105 681.64,sl 105.404,2020-09-25T11:23:19,2020-09-25T08:23:19Z,summer_US_DST,11,8,11,904,D:\QM\reports\work_items\2fc84747-27db-5e88-9568-3fdda6c30769\QM5_41398\20260909_135814\raw\run_01\report.htm
2020.09.28 07:44:49,904,USDJPY.DWX,sell,in,3.89,105.321,1377,-9.73,0.00,0.00,105 671.91,BALKE_RANGE_SELL_STOP,2020-09-28T07:44:49,2020-09-28T04:44:49Z,summer_US_DST,7,4,7,905,D:\QM\reports\work_items\2fc84747-27db-5e88-9568-3fdda6c30769\QM5_41398\20260909_135814\raw\run_01\report.htm
2020.09.28 17:50:28,905,USDJPY.DWX,buy,out,3.89,105.593,1378,-9.73,0.00,-1 002.04,104 660.14,sl 105.592,2020-09-28T17:50:28,2020-09-28T14:50:28Z,summer_US_DST,17,14,17,906,D:\QM\reports\work_items\2fc84747-27db-5e88-9568-3fdda6c30769\QM5_41398\20260909_135814\raw\run_01\report.htm
2020.09.29 07:41:02,906,USDJPY.DWX,buy,in,5.16,105.546,1379,-12.90,0.00,0.00,104 647.24,BALKE_RANGE_BUY_STOP,2020-09-29T07:41:02,2020-09-29T04:41:02Z,summer_US_DST,7,4,7,907,D:\QM\reports\work_items\2fc84747-27db-5e88-9568-3fdda6c30769\QM5_41398\20260909_135814\raw\run_01\report.htm
2020.09.29 18:00:00,907,USDJPY.DWX,sell,out,5.16,105.681,1381,-12.90,0.00,659.15,105 293.49,qm_tm_close,2020-09-29T18:00:00,2020-09-29T15:00:00Z,summer_US_DST,18,15,18,908,D:\QM\reports\work_items\2fc84747-27db-5e88-9568-3fdda6c30769\QM5_41398\20260909_135814\raw\run_01\report.htm
2020.10.01 07:26:55,908,USDJPY.DWX,sell,in,9.59,105.440,1383,-23.98,0.00,0.00,105 269.51,BALKE_RANGE_SELL_STOP,2020-10-01T07:26:55,2020-10-01T04:26:55Z,summer_US_DST,7,4,7,909,D:\QM\reports\work_items\2fc84747-27db-5e88-9568-3fdda6c30769\QM5_41398\20260909_135814\raw\run_01\report.htm
2020.10.01 11:00:03,909,USDJPY.DWX,buy,out,9.59,105.550,1384,-23.98,0.00,-999.43,104 246.10,sl 105.550,2020-10-01T11:00:03,2020-10-01T08:00:03Z,summer_US_DST,11,8,11,910,D:\QM\reports\work_items\2fc84747-27db-5e88-9568-3fdda6c30769\QM5_41398\20260909_135814\raw\run_01\report.htm
2020.10.02 06:00:11,910,USDJPY.DWX,buy,in,8.79,105.633,1385,-21.98,0.00,0.00,104 224.12,BALKE_RANGE_BUY_STOP,2020-10-02T06:00:11,2020-10-02T03:00:11Z,summer_US_DST,6,3,6,911,D:\QM\reports\work_items\2fc84747-27db-5e88-9568-3fdda6c30769\QM5_41398\20260909_135814\raw\run_01\report.htm
2020.10.02 08:01:27,911,USDJPY.DWX,sell,out,8.79,105.513,1387,-21.98,0.00,-999.69,103 202.45,sl 105.513,2020-10-02T08:01:27,2020-10-02T05:01:27Z,summer_US_DST,8,5,8,912,D:\QM\reports\work_items\2fc84747-27db-5e88-9568-3fdda6c30769\QM5_41398\20260909_135814\raw\run_01\report.htm
2020.10.05 09:57:44,912,USDJPY.DWX,buy,in,9.5,105.605,1388,-23.75,0.00,0.00,103 178.70,BALKE_RANGE_BUY_STOP,2020-10-05T09:57:44,2020-10-05T06:57:44Z,summer_US_DST,9,6,9,913,D:\QM\reports\work_items\2fc84747-27db-5e88-9568-3fdda6c30769\QM5_41398\20260909_135814\raw\run_01\report.htm
2020.10.05 18:00:01,913,USDJPY.DWX,sell,out,9.5,105.638,1390,-23.75,0.00,296.77,103 451.72,qm_tm_close,2020-10-05T18:00:01,2020-10-05T15:00:01Z,summer_US_DST,18,15,18,914,D:\QM\reports\work_items\2fc84747-27db-5e88-9568-3fdda6c30769\QM5_41398\20260909_135814\raw\run_01\report.htm
2020.10.06 11:00:30,914,USDJPY.DWX,sell,in,8.07,105.613,1392,-20.18,0.00,0.00,103 431.54,BALKE_RANGE_SELL_STOP,2020-10-06T11:00:30,2020-10-06T08:00:30Z,summer_US_DST,11,8,11,915,D:\QM\reports\work_items\2fc84747-27db-5e88-9568-3fdda6c30769\QM5_41398\20260909_135814\raw\run_01\report.htm
2020.10.06 20:00:02,915,USDJPY.DWX,buy,out,8.07,105.620,1393,-20.18,0.00,-53.48,103 357.88,qm_tm_close,2020-10-06T20:00:02,2020-10-06T17:00:02Z,summer_US_DST,20,17,20,916,D:\QM\reports\work_items\2fc84747-27db-5e88-9568-3fdda6c30769\QM5_41398\20260909_135814\raw\run_01\report.htm
2020.10.07 06:49:27,916,USDJPY.DWX,buy,in,15.76,105.695,1394,-39.40,0.00,0.00,103 318.48,BALKE_RANGE_BUY_STOP,2020-10-07T06:49:27,2020-10-07T03:49:27Z,summer_US_DST,6,3,6,917,D:\QM\reports\work_items\2fc84747-27db-5e88-9568-3fdda6c30769\QM5_41398\20260909_135814\raw\run_01\report.htm
2020.10.07 15:02:43,917,USDJPY.DWX,sell,out,15.76,106.019,1396,-39.40,0.00,4 816.34,108 095.42,sl 106.019,2020-10-07T15:02:43,2020-10-07T12:02:43Z,summer_US_DST,15,12,15,918,D:\QM\reports\work_items\2fc84747-27db-5e88-9568-3fdda6c30769\QM5_41398\20260909_135814\raw\run_01\report.htm
2020.10.08 07:48:16,918,USDJPY.DWX,sell,in,6.63,105.949,1398,-16.58,0.00,0.00,108 078.84,BALKE_RANGE_SELL_STOP,2020-10-08T07:48:16,2020-10-08T04:48:16Z,summer_US_DST,7,4,7,919,D:\QM\reports\work_items\2fc84747-27db-5e88-9568-3fdda6c30769\QM5_41398\20260909_135814\raw\run_01\report.htm
2020.10.08 18:00:00,919,USDJPY.DWX,buy,out,6.63,106.024,1399,-16.58,0.00,-469.00,107 593.26,qm_tm_close,2020-10-08T18:00:00,2020-10-08T15:00:00Z,summer_US_DST,18,15,18,920,D:\QM\reports\work_items\2fc84747-27db-5e88-9568-3fdda6c30769\QM5_41398\20260909_135814\raw\run_01\report.htm
2020.10.12 06:09:55,920,USDJPY.DWX,sell,in,8.19,105.529,1401,-20.48,0.00,0.00,107 572.78,BALKE_RANGE_SELL_STOP,2020-10-12T06:09:55,2020-10-12T03:09:55Z,summer_US_DST,6,3,6,921,D:\QM\reports\work_items\2fc84747-27db-5e88-9568-3fdda6c30769\QM5_41398\20260909_135814\raw\run_01\report.htm
2020.10.12 18:00:00,921,USDJPY.DWX,buy,out,8.19,105.280,1402,-20.48,0.00,1 937.03,109 489.33,qm_tm_close,2020-10-12T18:00:00,2020-10-12T15:00:00Z,summer_US_DST,18,15,18,922,D:\QM\reports\work_items\2fc84747-27db-5e88-9568-3fdda6c30769\QM5_41398\20260909_135814\raw\run_01\report.htm
2020.10.13 06:32:50,922,USDJPY.DWX,buy,in,8.55,105.404,1403,-21.38,0.00,0.00,109 467.95,BALKE_RANGE_BUY_STOP,2020-10-13T06:32:50,2020-10-13T03:32:50Z,summer_US_DST,6,3,6,923,D:\QM\reports\work_items\2fc84747-27db-5e88-9568-3fdda6c30769\QM5_41398\20260909_135814\raw\run_01\report.htm
2020.10.13 18:00:00,923,USDJPY.DWX,sell,out,8.55,105.522,1405,-21.38,0.00,956.10,110 402.67,qm_tm_close,2020-10-13T18:00:00,2020-10-13T15:00:00Z,summer_US_DST,18,15,18,924,D:\QM\reports\work_items\2fc84747-27db-5e88-9568-3fdda6c30769\QM5_41398\20260909_135814\raw\run_01\report.htm
2020.10.15 09:09:20,924,USDJPY.DWX,buy,in,5.83,105.299,1406,-14.58,0.00,0.00,110 388.09,BALKE_RANGE_BUY_STOP,2020-10-15T09:09:20,2020-10-15T06:09:20Z,summer_US_DST,9,6,9,925,D:\QM\reports\work_items\2fc84747-27db-5e88-9568-3fdda6c30769\QM5_41398\20260909_135814\raw\run_01\report.htm
2020.10.15 18:00:04,925,USDJPY.DWX,sell,out,5.83,105.277,1408,-14.58,0.00,-121.83,110 251.68,qm_tm_close,2020-10-15T18:00:04,2020-10-15T15:00:04Z,summer_US_DST,18,15,18,926,D:\QM\reports\work_items\2fc84747-27db-5e88-9568-3fdda6c30769\QM5_41398\20260909_135814\raw\run_01\report.htm
2020.10.16 06:23:26,926,USDJPY.DWX,sell,in,5.6,105.241,1410,-14.00,0.00,0.00,110 237.68,BALKE_RANGE_SELL_STOP,2020-10-16T06:23:26,2020-10-16T03:23:26Z,summer_US_DST,6,3,6,927,D:\QM\reports\work_items\2fc84747-27db-5e88-9568-3fdda6c30769\QM5_41398\20260909_135814\raw\run_01\report.htm
2020.10.16 18:00:00,927,USDJPY.DWX,buy,out,5.6,105.397,1411,-14.00,0.00,-828.87,109 394.81,qm_tm_close,2020-10-16T18:00:00,2020-10-16T15:00:00Z,summer_US_DST,18,15,18,928,D:\QM\reports\work_items\2fc84747-27db-5e88-9568-3fdda6c30769\QM5_41398\20260909_135814\raw\run_01\report.htm
2020.10.19 11:46:53,928,USDJPY.DWX,sell,in,7.08,105.351,1413,-17.70,0.00,0.00,109 377.11,BALKE_RANGE_SELL_STOP,2020-10-19T11:46:53,2020-10-19T08:46:53Z,summer_US_DST,11,8,11,929,D:\QM\reports\work_items\2fc84747-27db-5e88-9568-3fdda6c30769\QM5_41398\20260909_135814\raw\run_01\report.htm
2020.10.19 18:00:00,929,USDJPY.DWX,buy,out,7.08,105.475,1414,-17.70,0.00,-832.35,108 527.06,qm_tm_close,2020-10-19T18:00:00,2020-10-19T15:00:00Z,summer_US_DST,18,15,18,930,D:\QM\reports\work_items\2fc84747-27db-5e88-9568-3fdda6c30769\QM5_41398\20260909_135814\raw\run_01\report.htm
2020.10.20 14:31:27,930,USDJPY.DWX,buy,in,6.35,105.616,1415,-15.88,0.00,0.00,108 511.18,BALKE_RANGE_BUY_STOP,2020-10-20T14:31:27,2020-10-20T11:31:27Z,summer_US_DST,14,11,14,931,D:\QM\reports\work_items\2fc84747-27db-5e88-9568-3fdda6c30769\QM5_41398\20260909_135814\raw\run_01\report.htm
2020.10.20 19:00:00,931,USDJPY.DWX,sell,out,6.35,105.561,1417,-15.88,0.00,-330.85,108 164.45,qm_tm_close,2020-10-20T19:00:00,2020-10-20T16:00:00Z,summer_US_DST,19,16,19,932,D:\QM\reports\work_items\2fc84747-27db-5e88-9568-3fdda6c30769\QM5_41398\20260909_135814\raw\run_01\report.htm
2020.10.21 06:30:36,932,USDJPY.DWX,sell,in,7.64,105.351,1419,-19.10,0.00,0.00,108 145.35,BALKE_RANGE_SELL_STOP,2020-10-21T06:30:36,2020-10-21T03:30:36Z,summer_US_DST,6,3,6,933,D:\QM\reports\work_items\2fc84747-27db-5e88-9568-3fdda6c30769\QM5_41398\20260909_135814\raw\run_01\report.htm
2020.10.21 18:00:02,933,USDJPY.DWX,buy,out,7.64,104.421,1420,-19.10,0.00,6 804.38,114 930.63,qm_tm_close,2020-10-21T18:00:02,2020-10-21T15:00:02Z,summer_US_DST,18,15,18,934,D:\QM\reports\work_items\2fc84747-27db-5e88-9568-3fdda6c30769\QM5_41398\20260909_135814\raw\run_01\report.htm
2020.10.22 06:36:28,934,USDJPY.DWX,buy,in,6.49,104.752,1421,-16.23,0.00,0.00,114 914.40,BALKE_RANGE_BUY_STOP,2020-10-22T06:36:28,2020-10-22T03:36:28Z,summer_US_DST,6,3,6,935,D:\QM\reports\work_items\2fc84747-27db-5e88-9568-3fdda6c30769\QM5_41398\20260909_135814\raw\run_01\report.htm
2020.10.22 09:43:07,935,USDJPY.DWX,sell,out,6.49,104.591,1423,-16.23,0.00,-999.02,113 899.15,sl 104.591,2020-10-22T09:43:07,2020-10-22T06:43:07Z,summer_US_DST,9,6,9,936,D:\QM\reports\work_items\2fc84747-27db-5e88-9568-3fdda6c30769\QM5_41398\20260909_135814\raw\run_01\report.htm
2020.10.27 06:09:27,936,USDJPY.DWX,sell,in,7.43,104.697,1425,-18.58,0.00,0.00,113 880.57,BALKE_RANGE_SELL_STOP,2020-10-27T06:09:27,2020-10-27T03:09:27Z,summer_US_DST,6,3,6,937,D:\QM\reports\work_items\2fc84747-27db-5e88-9568-3fdda6c30769\QM5_41398\20260909_135814\raw\run_01\report.htm
2020.10.27 11:00:18,937,USDJPY.DWX,buy,out,7.43,104.838,1426,-18.58,0.00,-999.28,112 862.71,sl 104.838,2020-10-27T11:00:18,2020-10-27T08:00:18Z,summer_US_DST,11,8,11,938,D:\QM\reports\work_items\2fc84747-27db-5e88-9568-3fdda6c30769\QM5_41398\20260909_135814\raw\run_01\report.htm
2020.10.30 06:26:04,938,USDJPY.DWX,sell,in,5.77,104.434,1428,-14.43,0.00,0.00,112 848.28,BALKE_RANGE_SELL_STOP,2020-10-30T06:26:04,2020-10-30T03:26:04Z,summer_US_DST,6,3,6,939,D:\QM\reports\work_items\2fc84747-27db-5e88-9568-3fdda6c30769\QM5_41398\20260909_135814\raw\run_01\report.htm
2020.10.30 10:02:03,939,USDJPY.DWX,buy,out,5.77,104.364,1429,-14.43,0.00,387.01,113 220.86,sl 104.364,2020-10-30T10:02:03,2020-10-30T07:02:03Z,summer_US_DST,10,7,10,940,D:\QM\reports\work_items\2fc84747-27db-5e88-9568-3fdda6c30769\QM5_41398\20260909_135814\raw\run_01\report.htm
2020.11.02 08:12:14,940,USDJPY.DWX,buy,in,5.68,104.764,1430,-14.20,0.00,0.00,113 206.66,BALKE_RANGE_BUY_STOP,2020-11-02T08:12:14,2020-11-02T06:12:14Z,winter_US_standard,8,6,9,941,D:\QM\reports\work_items\2fc84747-27db-5e88-9568-3fdda6c30769\QM5_41398\20260909_135814\raw\run_01\report.htm
2020.11.02 12:00:04,941,USDJPY.DWX,sell,out,5.68,104.799,1432,-14.20,0.00,189.70,113 382.16,sl 104.799,2020-11-02T12:00:04,2020-11-02T10:00:04Z,winter_US_standard,12,10,13,942,D:\QM\reports\work_items\2fc84747-27db-5e88-9568-3fdda6c30769\QM5_41398\20260909_135814\raw\run_01\report.htm
2020.11.03 05:31:00,942,USDJPY.DWX,sell,in,8.52,104.677,1434,-21.30,0.00,0.00,113 360.86,BALKE_RANGE_SELL_STOP,2020-11-03T05:31:00,2020-11-03T03:31:00Z,winter_US_standard,5,3,6,943,D:\QM\reports\work_items\2fc84747-27db-5e88-9568-3fdda6c30769\QM5_41398\20260909_135814\raw\run_01\report.htm
2020.11.03 11:06:23,943,USDJPY.DWX,buy,out,8.52,104.637,1435,-21.30,0.00,325.70,113 665.26,sl 104.637,2020-11-03T11:06:23,2020-11-03T09:06:23Z,winter_US_standard,11,9,12,944,D:\QM\reports\work_items\2fc84747-27db-5e88-9568-3fdda6c30769\QM5_41398\20260909_135814\raw\run_01\report.htm
2020.11.05 09:10:29,944,USDJPY.DWX,buy,in,4.51,104.449,1436,-11.28,0.00,0.00,113 653.98,BALKE_RANGE_BUY_STOP,2020-11-05T09:10:29,2020-11-05T07:10:29Z,winter_US_standard,9,7,10,945,D:\QM\reports\work_items\2fc84747-27db-5e88-9568-3fdda6c30769\QM5_41398\20260909_135814\raw\run_01\report.htm
2020.11.05 11:44:15,945,USDJPY.DWX,sell,out,4.51,104.217,1438,-11.28,0.00,-1 003.98,112 638.72,sl 104.218,2020-11-05T11:44:15,2020-11-05T09:44:15Z,winter_US_standard,11,9,12,946,D:\QM\reports\work_items\2fc84747-27db-5e88-9568-3fdda6c30769\QM5_41398\20260909_135814\raw\run_01\report.htm
2020.11.06 05:18:46,946,USDJPY.DWX,sell,in,3.87,103.491,1440,-9.68,0.00,0.00,112 629.04,BALKE_RANGE_SELL_STOP,2020-11-06T05:18:46,2020-11-06T03:18:46Z,winter_US_standard,5,3,6,947,D:\QM\reports\work_items\2fc84747-27db-5e88-9568-3fdda6c30769\QM5_41398\20260909_135814\raw\run_01\report.htm
2020.11.06 15:30:30,947,USDJPY.DWX,buy,out,3.87,103.399,1441,-9.68,0.00,344.34,112 963.70,sl 103.399,2020-11-06T15:30:30,2020-11-06T13:30:30Z,winter_US_standard,15,13,16,948,D:\QM\reports\work_items\2fc84747-27db-5e88-9568-3fdda6c30769\QM5_41398\20260909_135814\raw\run_01\report.htm
2020.11.09 06:35:01,948,USDJPY.DWX,buy,in,6.03,103.409,1442,-15.08,0.00,0.00,112 948.62,BALKE_RANGE_BUY_STOP,2020-11-09T06:35:01,2020-11-09T04:35:01Z,winter_US_standard,6,4,7,949,D:\QM\reports\work_items\2fc84747-27db-5e88-9568-3fdda6c30769\QM5_41398\20260909_135814\raw\run_01\report.htm
2020.11.09 17:00:00,949,USDJPY.DWX,sell,out,6.03,105.334,1444,-15.08,0.00,11 019.95,123 953.49,qm_tm_close,2020-11-09T17:00:00,2020-11-09T15:00:00Z,winter_US_standard,17,15,18,950,D:\QM\reports\work_items\2fc84747-27db-5e88-9568-3fdda6c30769\QM5_41398\20260909_135814\raw\run_01\report.htm
2020.11.10 05:18:54,950,USDJPY.DWX,sell,in,2.48,104.837,1446,-6.20,0.00,0.00,123 947.29,BALKE_RANGE_SELL_STOP,2020-11-10T05:18:54,2020-11-10T03:18:54Z,winter_US_standard,5,3,6,951,D:\QM\reports\work_items\2fc84747-27db-5e88-9568-3fdda6c30769\QM5_41398\20260909_135814\raw\run_01\report.htm
2020.11.10 11:46:11,951,USDJPY.DWX,buy,out,2.48,105.262,1447,-6.20,0.00,-1 001.31,122 939.78,sl 105.262,2020-11-10T11:46:11,2020-11-10T09:46:11Z,winter_US_standard,11,9,12,952,D:\QM\reports\work_items\2fc84747-27db-5e88-9568-3fdda6c30769\QM5_41398\20260909_135814\raw\run_01\report.htm
2020.11.11 08:08:55,952,USDJPY.DWX,buy,in,3.8,105.283,1448,-9.50,0.00,0.00,122 930.28,BALKE_RANGE_BUY_STOP,2020-11-11T08:08:55,2020-11-11T06:08:55Z,winter_US_standard,8,6,9,953,D:\QM\reports\work_items\2fc84747-27db-5e88-9568-3fdda6c30769\QM5_41398\20260909_135814\raw\run_01\report.htm
2020.11.11 17:00:00,953,USDJPY.DWX,sell,out,3.8,105.521,1450,-9.50,0.00,857.08,123 777.86,qm_tm_close,2020-11-11T17:00:00,2020-11-11T15:00:00Z,winter_US_standard,17,15,18,954,D:\QM\reports\work_items\2fc84747-27db-5e88-9568-3fdda6c30769\QM5_41398\20260909_135814\raw\run_01\report.htm
2020.11.13 10:25:44,954,USDJPY.DWX,buy,in,4,105.120,1451,-10.00,0.00,0.00,123 767.86,BALKE_RANGE_BUY_STOP,2020-11-13T10:25:44,2020-11-13T08:25:44Z,winter_US_standard,10,8,11,955,D:\QM\reports\work_items\2fc84747-27db-5e88-9568-3fdda6c30769\QM5_41398\20260909_135814\raw\run_01\report.htm
2020.11.13 15:00:09,955,USDJPY.DWX,sell,out,4,104.856,1453,-10.00,0.00,-1 007.10,122 750.76,sl 104.856,2020-11-13T15:00:09,2020-11-13T13:00:09Z,winter_US_standard,15,13,16,956,D:\QM\reports\work_items\2fc84747-27db-5e88-9568-3fdda6c30769\QM5_41398\20260909_135814\raw\run_01\report.htm
2020.11.16 05:07:04,956,USDJPY.DWX,sell,in,4.73,104.500,1455,-11.83,0.00,0.00,122 738.93,BALKE_RANGE_SELL_STOP,2020-11-16T05:07:04,2020-11-16T03:07:04Z,winter_US_standard,5,3,6,957,D:\QM\reports\work_items\2fc84747-27db-5e88-9568-3fdda6c30769\QM5_41398\20260909_135814\raw\run_01\report.htm
2020.11.16 13:53:07,957,USDJPY.DWX,buy,out,4.73,104.722,1456,-11.83,0.00,-1 002.71,121 724.39,sl 104.721,2020-11-16T13:53:07,2020-11-16T11:53:07Z,winter_US_standard,13,11,14,958,D:\QM\reports\work_items\2fc84747-27db-5e88-9568-3fdda6c30769\QM5_41398\20260909_135814\raw\run_01\report.htm
2020.11.17 08:56:57,958,USDJPY.DWX,buy,in,8.09,104.550,1457,-20.23,0.00,0.00,121 704.16,BALKE_RANGE_BUY_STOP,2020-11-17T08:56:57,2020-11-17T06:56:57Z,winter_US_standard,8,6,9,959,D:\QM\reports\work_items\2fc84747-27db-5e88-9568-3fdda6c30769\QM5_41398\20260909_135814\raw\run_01\report.htm
2020.11.17 10:11:01,959,USDJPY.DWX,sell,out,8.09,104.421,1459,-20.23,0.00,-999.43,120 684.50,sl 104.421,2020-11-17T10:11:01,2020-11-17T08:11:01Z,winter_US_standard,10,8,11,960,D:\QM\reports\work_items\2fc84747-27db-5e88-9568-3fdda6c30769\QM5_41398\20260909_135814\raw\run_01\report.htm
2020.11.18 07:24:36,960,USDJPY.DWX,sell,in,7.54,104.036,1461,-18.85,0.00,0.00,120 665.65,BALKE_RANGE_SELL_STOP,2020-11-18T07:24:36,2020-11-18T05:24:36Z,winter_US_standard,7,5,8,961,D:\QM\reports\work_items\2fc84747-27db-5e88-9568-3fdda6c30769\QM5_41398\20260909_135814\raw\run_01\report.htm
2020.11.18 14:01:42,961,USDJPY.DWX,buy,out,7.54,103.962,1462,-18.85,0.00,536.70,121 183.50,sl 103.962,2020-11-18T14:01:42,2020-11-18T12:01:42Z,winter_US_standard,14,12,15,962,D:\QM\reports\work_items\2fc84747-27db-5e88-9568-3fdda6c30769\QM5_41398\20260909_135814\raw\run_01\report.htm
2020.11.19 05:01:37,962,USDJPY.DWX,sell,in,5.02,103.776,1464,-12.55,0.00,0.00,121 170.95,BALKE_RANGE_SELL_STOP,2020-11-19T05:01:37,2020-11-19T03:01:37Z,winter_US_standard,5,3,6,963,D:\QM\reports\work_items\2fc84747-27db-5e88-9568-3fdda6c30769\QM5_41398\20260909_135814\raw\run_01\report.htm
2020.11.19 11:01:13,963,USDJPY.DWX,buy,out,5.02,103.983,1465,-12.55,0.00,-999.34,120 159.06,sl 103.983,2020-11-19T11:01:13,2020-11-19T09:01:13Z,winter_US_standard,11,9,12,964,D:\QM\reports\work_items\2fc84747-27db-5e88-9568-3fdda6c30769\QM5_41398\20260909_135814\raw\run_01\report.htm
2020.11.20 08:25:33,964,USDJPY.DWX,sell,in,7.31,103.768,1467,-18.28,0.00,0.00,120 140.78,BALKE_RANGE_SELL_STOP,2020-11-20T08:25:33,2020-11-20T06:25:33Z,winter_US_standard,8,6,9,965,D:\QM\reports\work_items\2fc84747-27db-5e88-9568-3fdda6c30769\QM5_41398\20260909_135814\raw\run_01\report.htm
2020.11.20 17:00:00,965,USDJPY.DWX,buy,out,7.31,103.779,1468,-18.28,0.00,-77.48,120 045.02,qm_tm_close,2020-11-20T17:00:00,2020-11-20T15:00:00Z,winter_US_standard,17,15,18,966,D:\QM\reports\work_items\2fc84747-27db-5e88-9568-3fdda6c30769\QM5_41398\20260909_135814\raw\run_01\report.htm
2020.11.23 12:23:28,966,USDJPY.DWX,sell,in,7.63,103.716,1470,-19.08,0.00,0.00,120 025.94,BALKE_RANGE_SELL_STOP,2020-11-23T12:23:28,2020-11-23T10:23:28Z,winter_US_standard,12,10,13,967,D:\QM\reports\work_items\2fc84747-27db-5e88-9568-3fdda6c30769\QM5_41398\20260909_135814\raw\run_01\report.htm
2020.11.23 16:47:44,967,USDJPY.DWX,buy,out,7.63,103.853,1471,-19.08,0.00,-1 006.53,119 000.33,sl 103.852,2020-11-23T16:47:44,2020-11-23T14:47:44Z,winter_US_standard,16,14,17,968,D:\QM\reports\work_items\2fc84747-27db-5e88-9568-3fdda6c30769\QM5_41398\20260909_135814\raw\run_01\report.htm
2020.11.24 07:07:52,968,USDJPY.DWX,sell,in,7.02,104.496,1473,-17.55,0.00,0.00,118 982.78,BALKE_RANGE_SELL_STOP,2020-11-24T07:07:52,2020-11-24T05:07:52Z,winter_US_standard,7,5,8,969,D:\QM\reports\work_items\2fc84747-27db-5e88-9568-3fdda6c30769\QM5_41398\20260909_135814\raw\run_01\report.htm
2020.11.24 13:13:36,969,USDJPY.DWX,buy,out,7.02,104.314,1474,-17.55,0.00,1 224.80,120 190.03,sl 104.314,2020-11-24T13:13:36,2020-11-24T11:13:36Z,winter_US_standard,13,11,14,970,D:\QM\reports\work_items\2fc84747-27db-5e88-9568-3fdda6c30769\QM5_41398\20260909_135814\raw\run_01\report.htm
2020.11.25 06:29:42,970,USDJPY.DWX,sell,in,7.26,104.454,1476,-18.15,0.00,0.00,120 171.88,BALKE_RANGE_SELL_STOP,2020-11-25T06:29:42,2020-11-25T04:29:42Z,winter_US_standard,6,4,7,971,D:\QM\reports\work_items\2fc84747-27db-5e88-9568-3fdda6c30769\QM5_41398\20260909_135814\raw\run_01\report.htm
2020.11.25 17:00:00,971,USDJPY.DWX,buy,out,7.26,104.321,1477,-18.15,0.00,925.59,121 079.32,qm_tm_close,2020-11-25T17:00:00,2020-11-25T15:00:00Z,winter_US_standard,17,15,18,972,D:\QM\reports\work_items\2fc84747-27db-5e88-9568-3fdda6c30769\QM5_41398\20260909_135814\raw\run_01\report.htm
2020.11.26 10:54:25,972,USDJPY.DWX,sell,in,7.05,104.255,1479,-17.63,0.00,0.00,121 061.69,BALKE_RANGE_SELL_STOP,2020-11-26T10:54:25,2020-11-26T08:54:25Z,winter_US_standard,10,8,11,973,D:\QM\reports\work_items\2fc84747-27db-5e88-9568-3fdda6c30769\QM5_41398\20260909_135814\raw\run_01\report.htm
2020.11.26 17:00:01,973,USDJPY.DWX,buy,out,7.05,104.298,1480,-17.63,0.00,-290.66,120 753.40,qm_tm_close,2020-11-26T17:00:01,2020-11-26T15:00:01Z,winter_US_standard,17,15,18,974,D:\QM\reports\work_items\2fc84747-27db-5e88-9568-3fdda6c30769\QM5_41398\20260909_135814\raw\run_01\report.htm
2020.12.01 05:19:21,974,USDJPY.DWX,buy,in,7.77,104.378,1481,-19.43,0.00,0.00,120 733.97,BALKE_RANGE_BUY_STOP,2020-12-01T05:19:21,2020-12-01T03:19:21Z,winter_US_standard,5,3,6,975,D:\QM\reports\work_items\2fc84747-27db-5e88-9568-3fdda6c30769\QM5_41398\20260909_135814\raw\run_01\report.htm
2020.12.01 10:36:18,975,USDJPY.DWX,sell,out,7.77,104.244,1483,-19.43,0.00,-998.79,119 715.75,sl 104.244,2020-12-01T10:36:18,2020-12-01T08:36:18Z,winter_US_standard,10,8,11,976,D:\QM\reports\work_items\2fc84747-27db-5e88-9568-3fdda6c30769\QM5_41398\20260909_135814\raw\run_01\report.htm
2020.12.02 07:31:25,976,USDJPY.DWX,buy,in,4.47,104.459,1484,-11.18,0.00,0.00,119 704.57,BALKE_RANGE_BUY_STOP,2020-12-02T07:31:25,2020-12-02T05:31:25Z,winter_US_standard,7,5,8,977,D:\QM\reports\work_items\2fc84747-27db-5e88-9568-3fdda6c30769\QM5_41398\20260909_135814\raw\run_01\report.htm
2020.12.02 15:00:10,977,USDJPY.DWX,sell,out,4.47,104.646,1486,-11.18,0.00,798.78,120 492.17,sl 104.646,2020-12-02T15:00:10,2020-12-02T13:00:10Z,winter_US_standard,15,13,16,978,D:\QM\reports\work_items\2fc84747-27db-5e88-9568-3fdda6c30769\QM5_41398\20260909_135814\raw\run_01\report.htm
2020.12.03 09:01:02,978,USDJPY.DWX,sell,in,8.78,104.416,1488,-21.95,0.00,0.00,120 470.22,BALKE_RANGE_SELL_STOP,2020-12-03T09:01:02,2020-12-03T07:01:02Z,winter_US_standard,9,7,10,979,D:\QM\reports\work_items\2fc84747-27db-5e88-9568-3fdda6c30769\QM5_41398\20260909_135814\raw\run_01\report.htm
2020.12.03 13:14:52,979,USDJPY.DWX,buy,out,8.78,104.337,1489,-21.95,0.00,664.79,121 113.06,sl 104.337,2020-12-03T13:14:52,2020-12-03T11:14:52Z,winter_US_standard,13,11,14,980,D:\QM\reports\work_items\2fc84747-27db-5e88-9568-3fdda6c30769\QM5_41398\20260909_135814\raw\run_01\report.htm
2020.12.04 06:09:57,980,USDJPY.DWX,buy,in,7.2,103.881,1490,-18.00,0.00,0.00,121 095.06,BALKE_RANGE_BUY_STOP,2020-12-04T06:09:57,2020-12-04T04:09:57Z,winter_US_standard,6,4,7,981,D:\QM\reports\work_items\2fc84747-27db-5e88-9568-3fdda6c30769\QM5_41398\20260909_135814\raw\run_01\report.htm
2020.12.04 14:19:39,981,USDJPY.DWX,sell,out,7.2,103.929,1492,-18.00,0.00,332.53,121 409.59,sl 103.929,2020-12-04T14:19:39,2020-12-04T12:19:39Z,winter_US_standard,14,12,15,982,D:\QM\reports\work_items\2fc84747-27db-5e88-9568-3fdda6c30769\QM5_41398\20260909_135814\raw\run_01\report.htm
2020.12.07 05:38:45,982,USDJPY.DWX,sell,in,4.25,103.963,1494,-10.63,0.00,0.00,121 398.96,BALKE_RANGE_SELL_STOP,2020-12-07T05:38:45,2020-12-07T03:38:45Z,winter_US_standard,5,3,6,983,D:\QM\reports\work_items\2fc84747-27db-5e88-9568-3fdda6c30769\QM5_41398\20260909_135814\raw\run_01\report.htm
2020.12.07 10:05:31,983,USDJPY.DWX,buy,out,4.25,104.211,1495,-10.63,0.00,-1 011.41,120 376.92,sl 104.208,2020-12-07T10:05:31,2020-12-07T08:05:31Z,winter_US_standard,10,8,11,984,D:\QM\reports\work_items\2fc84747-27db-5e88-9568-3fdda6c30769\QM5_41398\20260909_135814\raw\run_01\report.htm
2020.12.08 08:46:56,984,USDJPY.DWX,buy,in,7.7,104.090,1496,-19.25,0.00,0.00,120 357.67,BALKE_RANGE_BUY_STOP,2020-12-08T08:46:56,2020-12-08T06:46:56Z,winter_US_standard,8,6,9,985,D:\QM\reports\work_items\2fc84747-27db-5e88-9568-3fdda6c30769\QM5_41398\20260909_135814\raw\run_01\report.htm
2020.12.08 17:00:00,985,USDJPY.DWX,sell,out,7.7,104.108,1498,-19.25,0.00,133.13,120 471.55,qm_tm_close,2020-12-08T17:00:00,2020-12-08T15:00:00Z,winter_US_standard,17,15,18,986,D:\QM\reports\work_items\2fc84747-27db-5e88-9568-3fdda6c30769\QM5_41398\20260909_135814\raw\run_01\report.htm
2020.12.09 08:04:16,986,USDJPY.DWX,buy,in,15.3,104.173,1499,-38.25,0.00,0.00,120 433.30,BALKE_RANGE_BUY_STOP,2020-12-09T08:04:16,2020-12-09T06:04:16Z,winter_US_standard,8,6,9,987,D:\QM\reports\work_items\2fc84747-27db-5e88-9568-3fdda6c30769\QM5_41398\20260909_135814\raw\run_01\report.htm
2020.12.09 11:55:28,987,USDJPY.DWX,sell,out,15.3,104.142,1501,-38.25,0.00,-455.44,119 939.61,sl 104.142,2020-12-09T11:55:28,2020-12-09T09:55:28Z,winter_US_standard,11,9,12,988,D:\QM\reports\work_items\2fc84747-27db-5e88-9568-3fdda6c30769\QM5_41398\20260909_135814\raw\run_01\report.htm
2020.12.10 05:03:24,988,USDJPY.DWX,buy,in,4.87,104.458,1502,-12.18,0.00,0.00,119 927.43,BALKE_RANGE_BUY_STOP,2020-12-10T05:03:24,2020-12-10T03:03:24Z,winter_US_standard,5,3,6,989,D:\QM\reports\work_items\2fc84747-27db-5e88-9568-3fdda6c30769\QM5_41398\20260909_135814\raw\run_01\report.htm
2020.12.10 17:00:00,989,USDJPY.DWX,sell,out,4.87,104.257,1504,-12.18,0.00,-938.90,118 976.35,qm_tm_close,2020-12-10T17:00:00,2020-12-10T15:00:00Z,winter_US_standard,17,15,18,990,D:\QM\reports\work_items\2fc84747-27db-5e88-9568-3fdda6c30769\QM5_41398\20260909_135814\raw\run_01\report.htm
2020.12.14 10:03:31,990,USDJPY.DWX,sell,in,6.08,103.888,1508,-15.20,0.00,0.00,118 961.15,BALKE_RANGE_SELL_STOP,2020-12-14T10:03:31,2020-12-14T08:03:31Z,winter_US_standard,10,8,11,991,D:\QM\reports\work_items\2fc84747-27db-5e88-9568-3fdda6c30769\QM5_41398\20260909_135814\raw\run_01\report.htm
2020.12.14 17:00:00,991,USDJPY.DWX,buy,out,6.08,103.707,1509,-15.20,0.00,1 061.14,120 007.09,qm_tm_close,2020-12-14T17:00:00,2020-12-14T15:00:00Z,winter_US_standard,17,15,18,992,D:\QM\reports\work_items\2fc84747-27db-5e88-9568-3fdda6c30769\QM5_41398\20260909_135814\raw\run_01\report.htm
2020.12.15 05:39:31,992,USDJPY.DWX,buy,in,7.32,104.131,1510,-18.30,0.00,0.00,119 988.79,BALKE_RANGE_BUY_STOP,2020-12-15T05:39:31,2020-12-15T03:39:31Z,winter_US_standard,5,3,6,993,D:\QM\reports\work_items\2fc84747-27db-5e88-9568-3fdda6c30769\QM5_41398\20260909_135814\raw\run_01\report.htm
2020.12.15 12:58:47,993,USDJPY.DWX,sell,out,7.32,103.989,1512,-18.30,0.00,-999.57,118 970.92,sl 103.989,2020-12-15T12:58:47,2020-12-15T10:58:47Z,winter_US_standard,12,10,13,994,D:\QM\reports\work_items\2fc84747-27db-5e88-9568-3fdda6c30769\QM5_41398\20260909_135814\raw\run_01\report.htm
2020.12.16 05:33:34,994,USDJPY.DWX,sell,in,7,103.574,1514,-17.50,0.00,0.00,118 953.42,BALKE_RANGE_SELL_STOP,2020-12-16T05:33:34,2020-12-16T03:33:34Z,winter_US_standard,5,3,6,995,D:\QM\reports\work_items\2fc84747-27db-5e88-9568-3fdda6c30769\QM5_41398\20260909_135814\raw\run_01\report.htm
2020.12.16 08:09:56,995,USDJPY.DWX,buy,out,7,103.550,1515,-17.50,0.00,162.24,119 098.16,sl 103.550,2020-12-16T08:09:56,2020-12-16T06:09:56Z,winter_US_standard,8,6,9,996,D:\QM\reports\work_items\2fc84747-27db-5e88-9568-3fdda6c30769\QM5_41398\20260909_135814\raw\run_01\report.htm
2020.12.17 06:22:41,996,USDJPY.DWX,sell,in,3.89,103.294,1517,-9.73,0.00,0.00,119 088.43,BALKE_RANGE_SELL_STOP,2020-12-17T06:22:41,2020-12-17T04:22:41Z,winter_US_standard,6,4,7,997,D:\QM\reports\work_items\2fc84747-27db-5e88-9568-3fdda6c30769\QM5_41398\20260909_135814\raw\run_01\report.htm
2020.12.17 15:22:41,997,USDJPY.DWX,buy,out,3.89,103.110,1518,-9.73,0.00,694.17,119 772.87,sl 103.110,2020-12-17T15:22:41,2020-12-17T13:22:41Z,winter_US_standard,15,13,16,998,D:\QM\reports\work_items\2fc84747-27db-5e88-9568-3fdda6c30769\QM5_41398\20260909_135814\raw\run_01\report.htm
2020.12.21 07:25:25,998,USDJPY.DWX,buy,in,4.21,103.496,1519,-10.53,0.00,0.00,119 762.34,BALKE_RANGE_BUY_STOP,2020-12-21T07:25:25,2020-12-21T05:25:25Z,winter_US_standard,7,5,8,999,D:\QM\reports\work_items\2fc84747-27db-5e88-9568-3fdda6c30769\QM5_41398\20260909_135814\raw\run_01\report.htm
2020.12.21 14:07:15,999,USDJPY.DWX,sell,out,4.21,103.660,1521,-10.53,0.00,666.06,120 417.87,sl 103.661,2020-12-21T14:07:15,2020-12-21T12:07:15Z,winter_US_standard,14,12,15,1000,D:\QM\reports\work_items\2fc84747-27db-5e88-9568-3fdda6c30769\QM5_41398\20260909_135814\raw\run_01\report.htm
2020.12.22 06:48:33,1000,USDJPY.DWX,buy,in,5.55,103.465,1522,-13.88,0.00,0.00,120 403.99,BALKE_RANGE_BUY_STOP,2020-12-22T06:48:33,2020-12-22T04:48:33Z,winter_US_standard,6,4,7,1001,D:\QM\reports\work_items\2fc84747-27db-5e88-9568-3fdda6c30769\QM5_41398\20260909_135814\raw\run_01\report.htm
2020.12.22 17:00:00,1001,USDJPY.DWX,sell,out,5.55,103.594,1524,-13.88,0.00,691.11,121 081.22,qm_tm_close,2020-12-22T17:00:00,2020-12-22T15:00:00Z,winter_US_standard,17,15,18,1002,D:\QM\reports\work_items\2fc84747-27db-5e88-9568-3fdda6c30769\QM5_41398\20260909_135814\raw\run_01\report.htm
2020.12.23 05:09:54,1002,USDJPY.DWX,sell,in,7.35,103.496,1526,-18.38,0.00,0.00,121 062.84,BALKE_RANGE_SELL_STOP,2020-12-23T05:09:54,2020-12-23T03:09:54Z,winter_US_standard,5,3,6,1003,D:\QM\reports\work_items\2fc84747-27db-5e88-9568-3fdda6c30769\QM5_41398\20260909_135814\raw\run_01\report.htm
2020.12.23 17:00:00,1003,USDJPY.DWX,buy,out,7.35,103.459,1527,-18.38,0.00,262.86,121 307.32,qm_tm_close,2020-12-23T17:00:00,2020-12-23T15:00:00Z,winter_US_standard,17,15,18,1004,D:\QM\reports\work_items\2fc84747-27db-5e88-9568-3fdda6c30769\QM5_41398\20260909_135814\raw\run_01\report.htm
2020.12.24 05:18:07,1004,USDJPY.DWX,sell,in,9.25,103.508,1529,-23.13,0.00,0.00,121 284.19,BALKE_RANGE_SELL_STOP,2020-12-24T05:18:07,2020-12-24T03:18:07Z,winter_US_standard,5,3,6,1005,D:\QM\reports\work_items\2fc84747-27db-5e88-9568-3fdda6c30769\QM5_41398\20260909_135814\raw\run_01\report.htm
2020.12.24 10:30:02,1005,USDJPY.DWX,buy,out,9.25,103.620,1530,-23.13,0.00,-999.81,120 261.25,sl 103.620,2020-12-24T10:30:02,2020-12-24T08:30:02Z,winter_US_standard,10,8,11,1006,D:\QM\reports\work_items\2fc84747-27db-5e88-9568-3fdda6c30769\QM5_41398\20260909_135814\raw\run_01\report.htm
2020.12.28 07:58:44,1006,USDJPY.DWX,sell,in,5.66,103.449,1532,-14.15,0.00,0.00,120 247.10,BALKE_RANGE_SELL_STOP,2020-12-28T07:58:44,2020-12-28T05:58:44Z,winter_US_standard,7,5,8,1007,D:\QM\reports\work_items\2fc84747-27db-5e88-9568-3fdda6c30769\QM5_41398\20260909_135814\raw\run_01\report.htm
2020.12.28 13:25:36,1007,USDJPY.DWX,buy,out,5.66,103.635,1533,-14.15,0.00,-1 015.83,119 217.12,sl 103.635,2020-12-28T13:25:36,2020-12-28T11:25:36Z,winter_US_standard,13,11,14,1008,D:\QM\reports\work_items\2fc84747-27db-5e88-9568-3fdda6c30769\QM5_41398\20260909_135814\raw\run_01\report.htm
2020.12.29 05:28:35,1008,USDJPY.DWX,sell,in,9.02,103.690,1535,-22.55,0.00,0.00,119 194.57,BALKE_RANGE_SELL_STOP,2020-12-29T05:28:35,2020-12-29T03:28:35Z,winter_US_standard,5,3,6,1009,D:\QM\reports\work_items\2fc84747-27db-5e88-9568-3fdda6c30769\QM5_41398\20260909_135814\raw\run_01\report.htm
2020.12.29 17:00:00,1009,USDJPY.DWX,buy,out,9.02,103.570,1536,-22.55,0.00,1 045.09,120 217.11,qm_tm_close,2020-12-29T17:00:00,2020-12-29T15:00:00Z,winter_US_standard,17,15,18,1010,D:\QM\reports\work_items\2fc84747-27db-5e88-9568-3fdda6c30769\QM5_41398\20260909_135814\raw\run_01\report.htm
2020.12.31 11:56:07,1010,USDJPY.DWX,sell,in,7.93,103.078,1538,-19.83,0.00,0.00,120 197.28,BALKE_RANGE_SELL_STOP,2020-12-31T11:56:07,2020-12-31T09:56:07Z,winter_US_standard,11,9,12,1011,D:\QM\reports\work_items\2fc84747-27db-5e88-9568-3fdda6c30769\QM5_41398\20260909_135814\raw\run_01\report.htm
2020.12.31 17:00:05,1011,USDJPY.DWX,buy,out,7.93,103.051,1539,-19.83,0.00,207.77,120 385.22,qm_tm_close,2020-12-31T17:00:05,2020-12-31T15:00:05Z,winter_US_standard,17,15,18,1012,D:\QM\reports\work_items\2fc84747-27db-5e88-9568-3fdda6c30769\QM5_41398\20260909_135814\raw\run_01\report.htm
2021.01.05 05:13:55,1012,USDJPY.DWX,sell,in,9.13,103.077,1541,-22.83,0.00,0.00,120 362.39,BALKE_RANGE_SELL_STOP,2021-01-05T05:13:55,2021-01-05T03:13:55Z,winter_US_standard,5,3,6,1013,D:\QM\reports\work_items\2fc84747-27db-5e88-9568-3fdda6c30769\QM5_41398\20260909_135814\raw\run_01\report.htm
2021.01.05 09:09:23,1013,USDJPY.DWX,buy,out,9.13,102.993,1542,-22.83,0.00,744.63,121 084.19,sl 102.993,2021-01-05T09:09:23,2021-01-05T07:09:23Z,winter_US_standard,9,7,10,1014,D:\QM\reports\work_items\2fc84747-27db-5e88-9568-3fdda6c30769\QM5_41398\20260909_135814\raw\run_01\report.htm
2021.01.07 08:05:17,1014,USDJPY.DWX,buy,in,3.45,103.247,1543,-8.63,0.00,0.00,121 075.56,BALKE_RANGE_BUY_STOP,2021-01-07T08:05:17,2021-01-07T06:05:17Z,winter_US_standard,8,6,9,1015,D:\QM\reports\work_items\2fc84747-27db-5e88-9568-3fdda6c30769\QM5_41398\20260909_135814\raw\run_01\report.htm
2021.01.07 15:14:23,1015,USDJPY.DWX,sell,out,3.45,103.569,1545,-8.63,0.00,1 072.62,122 139.55,sl 103.569,2021-01-07T15:14:23,2021-01-07T13:14:23Z,winter_US_standard,15,13,16,1016,D:\QM\reports\work_items\2fc84747-27db-5e88-9568-3fdda6c30769\QM5_41398\20260909_135814\raw\run_01\report.htm
2021.01.08 10:00:49,1016,USDJPY.DWX,buy,in,4.55,103.998,1546,-11.38,0.00,0.00,122 128.17,BALKE_RANGE_BUY_STOP,2021-01-08T10:00:49,2021-01-08T08:00:49Z,winter_US_standard,10,8,11,1017,D:\QM\reports\work_items\2fc84747-27db-5e88-9568-3fdda6c30769\QM5_41398\20260909_135814\raw\run_01\report.htm
2021.01.08 15:30:09,1017,USDJPY.DWX,sell,out,4.55,103.767,1548,-11.38,0.00,-1 012.89,121 103.90,sl 103.770,2021-01-08T15:30:09,2021-01-08T13:30:09Z,winter_US_standard,15,13,16,1018,D:\QM\reports\work_items\2fc84747-27db-5e88-9568-3fdda6c30769\QM5_41398\20260909_135814\raw\run_01\report.htm
2021.01.11 06:27:01,1018,USDJPY.DWX,buy,in,6.04,104.203,1549,-15.10,0.00,0.00,121 088.80,BALKE_RANGE_BUY_STOP,2021-01-11T06:27:01,2021-01-11T04:27:01Z,winter_US_standard,6,4,7,1019,D:\QM\reports\work_items\2fc84747-27db-5e88-9568-3fdda6c30769\QM5_41398\20260909_135814\raw\run_01\report.htm
2021.01.11 17:00:00,1019,USDJPY.DWX,sell,out,6.04,104.367,1551,-15.10,0.00,949.11,122 022.81,qm_tm_close,2021-01-11T17:00:00,2021-01-11T15:00:00Z,winter_US_standard,17,15,18,1020,D:\QM\reports\work_items\2fc84747-27db-5e88-9568-3fdda6c30769\QM5_41398\20260909_135814\raw\run_01\report.htm
2021.01.12 06:39:24,1020,USDJPY.DWX,buy,in,4.86,104.313,1552,-12.15,0.00,0.00,122 010.66,BALKE_RANGE_BUY_STOP,2021-01-12T06:39:24,2021-01-12T04:39:24Z,winter_US_standard,6,4,7,1021,D:\QM\reports\work_items\2fc84747-27db-5e88-9568-3fdda6c30769\QM5_41398\20260909_135814\raw\run_01\report.htm
2021.01.12 18:00:00,1021,USDJPY.DWX,sell,out,4.86,104.209,1554,-12.15,0.00,-485.03,121 513.48,qm_tm_close,2021-01-12T18:00:00,2021-01-12T16:00:00Z,winter_US_standard,18,16,19,1022,D:\QM\reports\work_items\2fc84747-27db-5e88-9568-3fdda6c30769\QM5_41398\20260909_135814\raw\run_01\report.htm
2021.01.13 10:03:35,1022,USDJPY.DWX,buy,in,4.6,103.750,1555,-11.50,0.00,0.00,121 501.98,BALKE_RANGE_BUY_STOP,2021-01-13T10:03:35,2021-01-13T08:03:35Z,winter_US_standard,10,8,11,1023,D:\QM\reports\work_items\2fc84747-27db-5e88-9568-3fdda6c30769\QM5_41398\20260909_135814\raw\run_01\report.htm
2021.01.13 15:36:49,1023,USDJPY.DWX,sell,out,4.6,103.833,1557,-11.50,0.00,367.71,121 858.19,sl 103.833,2021-01-13T15:36:49,2021-01-13T13:36:49Z,winter_US_standard,15,13,16,1024,D:\QM\reports\work_items\2fc84747-27db-5e88-9568-3fdda6c30769\QM5_41398\20260909_135814\raw\run_01\report.htm
2021.01.15 09:13:18,1024,USDJPY.DWX,sell,in,6.74,103.699,1559,-16.85,0.00,0.00,121 841.34,BALKE_RANGE_SELL_STOP,2021-01-15T09:13:18,2021-01-15T07:13:18Z,winter_US_standard,9,7,10,1025,D:\QM\reports\work_items\2fc84747-27db-5e88-9568-3fdda6c30769\QM5_41398\20260909_135814\raw\run_01\report.htm
2021.01.15 16:51:14,1025,USDJPY.DWX,buy,out,6.74,103.855,1560,-16.85,0.00,-1 012.41,120 812.08,sl 103.853,2021-01-15T16:51:14,2021-01-15T14:51:14Z,winter_US_standard,16,14,17,1026,D:\QM\reports\work_items\2fc84747-27db-5e88-9568-3fdda6c30769\QM5_41398\20260909_135814\raw\run_01\report.htm
2021.01.20 05:04:57,1026,USDJPY.DWX,sell,in,5.67,103.745,1562,-14.18,0.00,0.00,120 797.90,BALKE_RANGE_SELL_STOP,2021-01-20T05:04:57,2021-01-20T03:04:57Z,winter_US_standard,5,3,6,1027,D:\QM\reports\work_items\2fc84747-27db-5e88-9568-3fdda6c30769\QM5_41398\20260909_135814\raw\run_01\report.htm
2021.01.20 17:00:00,1027,USDJPY.DWX,buy,out,5.67,103.779,1563,-14.18,0.00,-185.76,120 597.96,qm_tm_close,2021-01-20T17:00:00,2021-01-20T15:00:00Z,winter_US_standard,17,15,18,1028,D:\QM\reports\work_items\2fc84747-27db-5e88-9568-3fdda6c30769\QM5_41398\20260909_135814\raw\run_01\report.htm
2021.01.22 08:12:48,1028,USDJPY.DWX,buy,in,8.77,103.612,1564,-21.93,0.00,0.00,120 576.03,BALKE_RANGE_BUY_STOP,2021-01-22T08:12:48,2021-01-22T06:12:48Z,winter_US_standard,8,6,9,1029,D:\QM\reports\work_items\2fc84747-27db-5e88-9568-3fdda6c30769\QM5_41398\20260909_135814\raw\run_01\report.htm
2021.01.22 17:00:00,1029,USDJPY.DWX,sell,out,8.77,103.781,1566,-21.93,0.00,1 428.13,121 982.23,qm_tm_close,2021-01-22T17:00:00,2021-01-22T15:00:00Z,winter_US_standard,17,15,18,1030,D:\QM\reports\work_items\2fc84747-27db-5e88-9568-3fdda6c30769\QM5_41398\20260909_135814\raw\run_01\report.htm
2021.01.25 06:06:57,1030,USDJPY.DWX,sell,in,7.26,103.746,1568,-18.15,0.00,0.00,121 964.08,BALKE_RANGE_SELL_STOP,2021-01-25T06:06:57,2021-01-25T04:06:57Z,winter_US_standard,6,4,7,1031,D:\QM\reports\work_items\2fc84747-27db-5e88-9568-3fdda6c30769\QM5_41398\20260909_135814\raw\run_01\report.htm
2021.01.25 16:48:15,1031,USDJPY.DWX,buy,out,7.26,103.889,1569,-18.15,0.00,-999.32,120 946.61,sl 103.889,2021-01-25T16:48:15,2021-01-25T14:48:15Z,winter_US_standard,16,14,17,1032,D:\QM\reports\work_items\2fc84747-27db-5e88-9568-3fdda6c30769\QM5_41398\20260909_135814\raw\run_01\report.htm
2021.01.26 09:44:10,1032,USDJPY.DWX,buy,in,7.45,103.798,1570,-18.63,0.00,0.00,120 927.98,BALKE_RANGE_BUY_STOP,2021-01-26T09:44:10,2021-01-26T07:44:10Z,winter_US_standard,9,7,10,1033,D:\QM\reports\work_items\2fc84747-27db-5e88-9568-3fdda6c30769\QM5_41398\20260909_135814\raw\run_01\report.htm
2021.01.26 15:37:06,1033,USDJPY.DWX,sell,out,7.45,103.659,1572,-18.63,0.00,-999.00,119 910.35,sl 103.659,2021-01-26T15:37:06,2021-01-26T13:37:06Z,winter_US_standard,15,13,16,1034,D:\QM\reports\work_items\2fc84747-27db-5e88-9568-3fdda6c30769\QM5_41398\20260909_135814\raw\run_01\report.htm
2021.01.27 05:05:28,1034,USDJPY.DWX,buy,in,7.73,103.720,1573,-19.33,0.00,0.00,119 891.02,BALKE_RANGE_BUY_STOP,2021-01-27T05:05:28,2021-01-27T03:05:28Z,winter_US_standard,5,3,6,1035,D:\QM\reports\work_items\2fc84747-27db-5e88-9568-3fdda6c30769\QM5_41398\20260909_135814\raw\run_01\report.htm
2021.01.27 17:00:00,1035,USDJPY.DWX,sell,out,7.73,104.092,1575,-19.33,0.00,2 762.52,122 634.21,qm_tm_close,2021-01-27T17:00:00,2021-01-27T15:00:00Z,winter_US_standard,17,15,18,1036,D:\QM\reports\work_items\2fc84747-27db-5e88-9568-3fdda6c30769\QM5_41398\20260909_135814\raw\run_01\report.htm
2021.01.28 05:23:13,1036,USDJPY.DWX,buy,in,4.86,104.348,1576,-12.15,0.00,0.00,122 622.06,BALKE_RANGE_BUY_STOP,2021-01-28T05:23:13,2021-01-28T03:23:13Z,winter_US_standard,5,3,6,1037,D:\QM\reports\work_items\2fc84747-27db-5e88-9568-3fdda6c30769\QM5_41398\20260909_135814\raw\run_01\report.htm
2021.01.28 17:00:00,1037,USDJPY.DWX,sell,out,4.86,104.351,1578,-12.15,0.00,13.97,122 623.88,qm_tm_close,2021-01-28T17:00:00,2021-01-28T15:00:00Z,winter_US_standard,17,15,18,1038,D:\QM\reports\work_items\2fc84747-27db-5e88-9568-3fdda6c30769\QM5_41398\20260909_135814\raw\run_01\report.htm
2021.02.01 09:59:15,1038,USDJPY.DWX,buy,in,7.11,104.754,1579,-17.78,0.00,0.00,122 606.10,BALKE_RANGE_BUY_STOP,2021-02-01T09:59:15,2021-02-01T07:59:15Z,winter_US_standard,9,7,10,1039,D:\QM\reports\work_items\2fc84747-27db-5e88-9568-3fdda6c30769\QM5_41398\20260909_135814\raw\run_01\report.htm
2021.02.01 14:10:24,1039,USDJPY.DWX,sell,out,7.11,104.858,1581,-17.78,0.00,705.18,123 293.50,sl 104.858,2021-02-01T14:10:24,2021-02-01T12:10:24Z,winter_US_standard,14,12,15,1040,D:\QM\reports\work_items\2fc84747-27db-5e88-9568-3fdda6c30769\QM5_41398\20260909_135814\raw\run_01\report.htm
2021.02.02 05:58:05,1040,USDJPY.DWX,buy,in,9.88,104.933,1582,-24.70,0.00,0.00,123 268.80,BALKE_RANGE_BUY_STOP,2021-02-02T05:58:05,2021-02-02T03:58:05Z,winter_US_standard,5,3,6,1041,D:\QM\reports\work_items\2fc84747-27db-5e88-9568-3fdda6c30769\QM5_41398\20260909_135814\raw\run_01\report.htm
2021.02.02 16:00:07,1041,USDJPY.DWX,sell,out,9.88,104.977,1584,-24.70,0.00,414.11,123 658.21,sl 104.977,2021-02-02T16:00:07,2021-02-02T14:00:07Z,winter_US_standard,16,14,17,1042,D:\QM\reports\work_items\2fc84747-27db-5e88-9568-3fdda6c30769\QM5_41398\20260909_135814\raw\run_01\report.htm
2021.02.03 08:10:21,1042,USDJPY.DWX,buy,in,8.26,105.047,1585,-20.65,0.00,0.00,123 637.56,BALKE_RANGE_BUY_STOP,2021-02-03T08:10:21,2021-02-03T06:10:21Z,winter_US_standard,8,6,9,1043,D:\QM\reports\work_items\2fc84747-27db-5e88-9568-3fdda6c30769\QM5_41398\20260909_135814\raw\run_01\report.htm
2021.02.03 17:00:00,1043,USDJPY.DWX,sell,out,8.26,105.016,1587,-20.65,0.00,-243.83,123 373.08,qm_tm_close,2021-02-03T17:00:00,2021-02-03T15:00:00Z,winter_US_standard,17,15,18,1044,D:\QM\reports\work_items\2fc84747-27db-5e88-9568-3fdda6c30769\QM5_41398\20260909_135814\raw\run_01\report.htm
2021.02.04 05:14:20,1044,USDJPY.DWX,buy,in,10.19,105.077,1588,-25.48,0.00,0.00,123 347.60,BALKE_RANGE_BUY_STOP,2021-02-04T05:14:20,2021-02-04T03:14:20Z,winter_US_standard,5,3,6,1045,D:\QM\reports\work_items\2fc84747-27db-5e88-9568-3fdda6c30769\QM5_41398\20260909_135814\raw\run_01\report.htm
2021.02.04 10:14:04,1045,USDJPY.DWX,sell,out,10.19,105.143,1590,-25.48,0.00,639.64,123 961.76,sl 105.143,2021-02-04T10:14:04,2021-02-04T08:14:04Z,winter_US_standard,10,8,11,1046,D:\QM\reports\work_items\2fc84747-27db-5e88-9568-3fdda6c30769\QM5_41398\20260909_135814\raw\run_01\report.htm
2021.02.05 10:11:39,1046,USDJPY.DWX,sell,in,5.9,105.460,1592,-14.75,0.00,0.00,123 947.01,BALKE_RANGE_SELL_STOP,2021-02-05T10:11:39,2021-02-05T08:11:39Z,winter_US_standard,10,8,11,1047,D:\QM\reports\work_items\2fc84747-27db-5e88-9568-3fdda6c30769\QM5_41398\20260909_135814\raw\run_01\report.htm
2021.02.05 13:02:03,1047,USDJPY.DWX,buy,out,5.9,105.639,1593,-14.75,0.00,-999.73,122 932.53,sl 105.639,2021-02-05T13:02:03,2021-02-05T11:02:03Z,winter_US_standard,13,11,14,1048,D:\QM\reports\work_items\2fc84747-27db-5e88-9568-3fdda6c30769\QM5_41398\20260909_135814\raw\run_01\report.htm
2021.02.08 10:18:33,1048,USDJPY.DWX,buy,in,5.24,105.546,1594,-13.10,0.00,0.00,122 919.43,BALKE_RANGE_BUY_STOP,2021-02-08T10:18:33,2021-02-08T08:18:33Z,winter_US_standard,10,8,11,1049,D:\QM\reports\work_items\2fc84747-27db-5e88-9568-3fdda6c30769\QM5_41398\20260909_135814\raw\run_01\report.htm
2021.02.08 16:39:45,1049,USDJPY.DWX,sell,out,5.24,105.343,1596,-13.10,0.00,-1 009.77,121 896.56,sl 105.345,2021-02-08T16:39:45,2021-02-08T14:39:45Z,winter_US_standard,16,14,17,1050,D:\QM\reports\work_items\2fc84747-27db-5e88-9568-3fdda6c30769\QM5_41398\20260909_135814\raw\run_01\report.htm
2021.02.10 05:50:13,1050,USDJPY.DWX,sell,in,5.26,104.512,1598,-13.15,0.00,0.00,121 883.41,BALKE_RANGE_SELL_STOP,2021-02-10T05:50:13,2021-02-10T03:50:13Z,winter_US_standard,5,3,6,1051,D:\QM\reports\work_items\2fc84747-27db-5e88-9568-3fdda6c30769\QM5_41398\20260909_135814\raw\run_01\report.htm
2021.02.10 11:48:56,1051,USDJPY.DWX,buy,out,5.26,104.713,1599,-13.15,0.00,-1 009.67,120 860.59,sl 104.712,2021-02-10T11:48:56,2021-02-10T09:48:56Z,winter_US_standard,11,9,12,1052,D:\QM\reports\work_items\2fc84747-27db-5e88-9568-3fdda6c30769\QM5_41398\20260909_135814\raw\run_01\report.htm
2021.02.11 08:54:57,1052,USDJPY.DWX,sell,in,13.08,104.564,1601,-32.70,0.00,0.00,120 827.89,BALKE_RANGE_SELL_STOP,2021-02-11T08:54:57,2021-02-11T06:54:57Z,winter_US_standard,8,6,9,1053,D:\QM\reports\work_items\2fc84747-27db-5e88-9568-3fdda6c30769\QM5_41398\20260909_135814\raw\run_01\report.htm
2021.02.11 10:07:17,1053,USDJPY.DWX,buy,out,13.08,104.644,1602,-32.70,0.00,-999.96,119 795.23,sl 104.644,2021-02-11T10:07:17,2021-02-11T08:07:17Z,winter_US_standard,10,8,11,1054,D:\QM\reports\work_items\2fc84747-27db-5e88-9568-3fdda6c30769\QM5_41398\20260909_135814\raw\run_01\report.htm
2021.02.12 07:57:01,1054,USDJPY.DWX,buy,in,9.97,104.841,1603,-24.93,0.00,0.00,119 770.30,BALKE_RANGE_BUY_STOP,2021-02-12T07:57:01,2021-02-12T05:57:01Z,winter_US_standard,7,5,8,1055,D:\QM\reports\work_items\2fc84747-27db-5e88-9568-3fdda6c30769\QM5_41398\20260909_135814\raw\run_01\report.htm
2021.02.12 17:00:00,1055,USDJPY.DWX,sell,out,9.97,105.074,1605,-24.93,0.00,2 210.83,121 956.20,qm_tm_close,2021-02-12T17:00:00,2021-02-12T15:00:00Z,winter_US_standard,17,15,18,1056,D:\QM\reports\work_items\2fc84747-27db-5e88-9568-3fdda6c30769\QM5_41398\20260909_135814\raw\run_01\report.htm
2021.02.15 09:30:21,1056,USDJPY.DWX,buy,in,6.36,105.142,1606,-15.90,0.00,0.00,121 940.30,BALKE_RANGE_BUY_STOP,2021-02-15T09:30:21,2021-02-15T07:30:21Z,winter_US_standard,9,7,10,1057,D:\QM\reports\work_items\2fc84747-27db-5e88-9568-3fdda6c30769\QM5_41398\20260909_135814\raw\run_01\report.htm
2021.02.15 14:04:37,1057,USDJPY.DWX,sell,out,6.36,105.264,1608,-15.90,0.00,737.12,122 661.52,sl 105.264,2021-02-15T14:04:37,2021-02-15T12:04:37Z,winter_US_standard,14,12,15,1058,D:\QM\reports\work_items\2fc84747-27db-5e88-9568-3fdda6c30769\QM5_41398\20260909_135814\raw\run_01\report.htm
2021.02.17 06:42:21,1058,USDJPY.DWX,sell,in,3.71,105.903,1610,-9.28,0.00,0.00,122 652.24,BALKE_RANGE_SELL_STOP,2021-02-17T06:42:21,2021-02-17T04:42:21Z,winter_US_standard,6,4,7,1059,D:\QM\reports\work_items\2fc84747-27db-5e88-9568-3fdda6c30769\QM5_41398\20260909_135814\raw\run_01\report.htm
2021.02.17 15:30:22,1059,USDJPY.DWX,buy,out,3.71,106.190,1611,-9.28,0.00,-1 002.70,121 640.26,sl 106.189,2021-02-17T15:30:22,2021-02-17T13:30:22Z,winter_US_standard,15,13,16,1060,D:\QM\reports\work_items\2fc84747-27db-5e88-9568-3fdda6c30769\QM5_41398\20260909_135814\raw\run_01\report.htm
2021.02.18 08:10:17,1060,USDJPY.DWX,buy,in,4.89,105.912,1612,-12.23,0.00,0.00,121 628.03,BALKE_RANGE_BUY_STOP,2021-02-18T08:10:17,2021-02-18T06:10:17Z,winter_US_standard,8,6,9,1061,D:\QM\reports\work_items\2fc84747-27db-5e88-9568-3fdda6c30769\QM5_41398\20260909_135814\raw\run_01\report.htm
2021.02.18 11:04:48,1061,USDJPY.DWX,sell,out,4.89,105.695,1614,-12.23,0.00,-1 003.95,120 611.85,sl 105.696,2021-02-18T11:04:48,2021-02-18T09:04:48Z,winter_US_standard,11,9,12,1062,D:\QM\reports\work_items\2fc84747-27db-5e88-9568-3fdda6c30769\QM5_41398\20260909_135814\raw\run_01\report.htm
2021.02.19 06:53:05,1062,USDJPY.DWX,sell,in,9.61,105.632,1616,-24.03,0.00,0.00,120 587.82,BALKE_RANGE_SELL_STOP,2021-02-19T06:53:05,2021-02-19T04:53:05Z,winter_US_standard,6,4,7,1063,D:\QM\reports\work_items\2fc84747-27db-5e88-9568-3fdda6c30769\QM5_41398\20260909_135814\raw\run_01\report.htm
2021.02.19 15:37:00,1063,USDJPY.DWX,buy,out,9.61,105.436,1617,-24.03,0.00,1 786.45,122 350.24,sl 105.436,2021-02-19T15:37:00,2021-02-19T13:37:00Z,winter_US_standard,15,13,16,1064,D:\QM\reports\work_items\2fc84747-27db-5e88-9568-3fdda6c30769\QM5_41398\20260909_135814\raw\run_01\report.htm
2021.02.22 09:24:04,1064,USDJPY.DWX,buy,in,3.4,105.736,1618,-8.50,0.00,0.00,122 341.74,BALKE_RANGE_BUY_STOP,2021-02-22T09:24:04,2021-02-22T07:24:04Z,winter_US_standard,9,7,10,1065,D:\QM\reports\work_items\2fc84747-27db-5e88-9568-3fdda6c30769\QM5_41398\20260909_135814\raw\run_01\report.htm
2021.02.22 15:42:58,1065,USDJPY.DWX,sell,out,3.4,105.424,1620,-8.50,0.00,-1 006.22,121 327.02,sl 105.426,2021-02-22T15:42:58,2021-02-22T13:42:58Z,winter_US_standard,15,13,16,1066,D:\QM\reports\work_items\2fc84747-27db-5e88-9568-3fdda6c30769\QM5_41398\20260909_135814\raw\run_01\report.htm
2021.02.23 05:11:03,1066,USDJPY.DWX,buy,in,9.53,105.031,1621,-23.83,0.00,0.00,121 303.19,BALKE_RANGE_BUY_STOP,2021-02-23T05:11:03,2021-02-23T03:11:03Z,winter_US_standard,5,3,6,1067,D:\QM\reports\work_items\2fc84747-27db-5e88-9568-3fdda6c30769\QM5_41398\20260909_135814\raw\run_01\report.htm
2021.02.23 14:07:33,1067,USDJPY.DWX,sell,out,9.53,105.222,1623,-23.83,0.00,1 729.89,123 009.25,sl 105.222,2021-02-23T14:07:33,2021-02-23T12:07:33Z,winter_US_standard,14,12,15,1068,D:\QM\reports\work_items\2fc84747-27db-5e88-9568-3fdda6c30769\QM5_41398\20260909_135814\raw\run_01\report.htm
2021.02.24 05:00:03,1068,USDJPY.DWX,buy,in,4.53,105.499,1624,-11.33,0.00,0.00,122 997.92,BALKE_RANGE_BUY_STOP,2021-02-24T05:00:03,2021-02-24T03:00:03Z,winter_US_standard,5,3,6,1069,D:\QM\reports\work_items\2fc84747-27db-5e88-9568-3fdda6c30769\QM5_41398\20260909_135814\raw\run_01\report.htm
2021.02.24 18:00:00,1069,USDJPY.DWX,sell,out,4.53,105.940,1626,-11.33,0.00,1 885.72,124 872.31,qm_tm_close,2021-02-24T18:00:00,2021-02-24T16:00:00Z,winter_US_standard,18,16,19,1070,D:\QM\reports\work_items\2fc84747-27db-5e88-9568-3fdda6c30769\QM5_41398\20260909_135814\raw\run_01\report.htm
2021.02.25 06:18:33,1070,USDJPY.DWX,sell,in,5,105.926,1628,-12.50,0.00,0.00,124 859.81,BALKE_RANGE_SELL_STOP,2021-02-25T06:18:33,2021-02-25T04:18:33Z,winter_US_standard,6,4,7,1071,D:\QM\reports\work_items\2fc84747-27db-5e88-9568-3fdda6c30769\QM5_41398\20260909_135814\raw\run_01\report.htm
2021.02.25 10:59:51,1071,USDJPY.DWX,buy,out,5,106.138,1629,-12.50,0.00,-998.70,123 848.61,sl 106.138,2021-02-25T10:59:51,2021-02-25T08:59:51Z,winter_US_standard,10,8,11,1072,D:\QM\reports\work_items\2fc84747-27db-5e88-9568-3fdda6c30769\QM5_41398\20260909_135814\raw\run_01\report.htm
2021.03.02 05:00:40,1072,USDJPY.DWX,sell,in,5.56,106.733,1631,-13.90,0.00,0.00,123 834.71,BALKE_RANGE_SELL_STOP,2021-03-02T05:00:40,2021-03-02T03:00:40Z,winter_US_standard,5,3,6,1073,D:\QM\reports\work_items\2fc84747-27db-5e88-9568-3fdda6c30769\QM5_41398\20260909_135814\raw\run_01\report.htm
2021.03.02 13:20:59,1073,USDJPY.DWX,buy,out,5.56,106.925,1632,-13.90,0.00,-998.38,122 822.43,sl 106.925,2021-03-02T13:20:59,2021-03-02T11:20:59Z,winter_US_standard,13,11,14,1074,D:\QM\reports\work_items\2fc84747-27db-5e88-9568-3fdda6c30769\QM5_41398\20260909_135814\raw\run_01\report.htm
2021.03.03 05:44:07,1074,USDJPY.DWX,buy,in,6.66,106.857,1633,-16.65,0.00,0.00,122 805.78,BALKE_RANGE_BUY_STOP,2021-03-03T05:44:07,2021-03-03T03:44:07Z,winter_US_standard,5,3,6,1075,D:\QM\reports\work_items\2fc84747-27db-5e88-9568-3fdda6c30769\QM5_41398\20260909_135814\raw\run_01\report.htm
2021.03.03 15:00:35,1075,USDJPY.DWX,sell,out,6.66,106.880,1635,-16.65,0.00,143.32,122 932.45,sl 106.880,2021-03-03T15:00:35,2021-03-03T13:00:35Z,winter_US_standard,15,13,16,1076,D:\QM\reports\work_items\2fc84747-27db-5e88-9568-3fdda6c30769\QM5_41398\20260909_135814\raw\run_01\report.htm
2021.03.04 08:20:58,1076,USDJPY.DWX,buy,in,7.64,107.107,1636,-19.10,0.00,0.00,122 913.35,BALKE_RANGE_BUY_STOP,2021-03-04T08:20:58,2021-03-04T06:20:58Z,winter_US_standard,8,6,9,1077,D:\QM\reports\work_items\2fc84747-27db-5e88-9568-3fdda6c30769\QM5_41398\20260909_135814\raw\run_01\report.htm
2021.03.04 17:00:00,1077,USDJPY.DWX,sell,out,7.64,107.445,1638,-19.10,0.00,2 403.39,125 297.64,qm_tm_close,2021-03-04T17:00:00,2021-03-04T15:00:00Z,winter_US_standard,17,15,18,1078,D:\QM\reports\work_items\2fc84747-27db-5e88-9568-3fdda6c30769\QM5_41398\20260909_135814\raw\run_01\report.htm
2021.03.05 06:00:20,1078,USDJPY.DWX,buy,in,7.23,107.968,1639,-18.08,0.00,0.00,125 279.56,BALKE_RANGE_BUY_STOP,2021-03-05T06:00:20,2021-03-05T04:00:20Z,winter_US_standard,6,4,7,1079,D:\QM\reports\work_items\2fc84747-27db-5e88-9568-3fdda6c30769\QM5_41398\20260909_135814\raw\run_01\report.htm
2021.03.05 13:33:02,1079,USDJPY.DWX,sell,out,7.23,108.393,1641,-18.08,0.00,2 834.82,128 096.30,sl 108.393,2021-03-05T13:33:02,2021-03-05T11:33:02Z,winter_US_standard,13,11,14,1080,D:\QM\reports\work_items\2fc84747-27db-5e88-9568-3fdda6c30769\QM5_41398\20260909_135814\raw\run_01\report.htm
2021.03.08 09:52:29,1080,USDJPY.DWX,buy,in,5.98,108.489,1642,-14.95,0.00,0.00,128 081.35,BALKE_RANGE_BUY_STOP,2021-03-08T09:52:29,2021-03-08T07:52:29Z,winter_US_standard,9,7,10,1081,D:\QM\reports\work_items\2fc84747-27db-5e88-9568-3fdda6c30769\QM5_41398\20260909_135814\raw\run_01\report.htm
2021.03.08 17:00:00,1081,USDJPY.DWX,sell,out,5.98,108.814,1644,-14.95,0.00,1 786.08,129 852.48,qm_tm_close,2021-03-08T17:00:00,2021-03-08T15:00:00Z,winter_US_standard,17,15,18,1082,D:\QM\reports\work_items\2fc84747-27db-5e88-9568-3fdda6c30769\QM5_41398\20260909_135814\raw\run_01\report.htm
2021.03.10 06:29:52,1082,USDJPY.DWX,buy,in,3.42,108.834,1645,-8.55,0.00,0.00,129 843.93,BALKE_RANGE_BUY_STOP,2021-03-10T06:29:52,2021-03-10T04:29:52Z,winter_US_standard,6,4,7,1083,D:\QM\reports\work_items\2fc84747-27db-5e88-9568-3fdda6c30769\QM5_41398\20260909_135814\raw\run_01\report.htm
2021.03.10 15:07:27,1083,USDJPY.DWX,sell,out,3.42,108.517,1647,-8.55,0.00,-999.05,128 836.33,sl 108.517,2021-03-10T15:07:27,2021-03-10T13:07:27Z,winter_US_standard,15,13,16,1084,D:\QM\reports\work_items\2fc84747-27db-5e88-9568-3fdda6c30769\QM5_41398\20260909_135814\raw\run_01\report.htm
2021.03.11 06:52:54,1084,USDJPY.DWX,buy,in,4.73,108.586,1648,-11.83,0.00,0.00,128 824.50,BALKE_RANGE_BUY_STOP,2021-03-11T06:52:54,2021-03-11T04:52:54Z,winter_US_standard,6,4,7,1085,D:\QM\reports\work_items\2fc84747-27db-5e88-9568-3fdda6c30769\QM5_41398\20260909_135814\raw\run_01\report.htm
2021.03.11 17:00:00,1085,USDJPY.DWX,sell,out,4.73,108.625,1650,-11.83,0.00,169.82,128 982.49,qm_tm_close,2021-03-11T17:00:00,2021-03-11T15:00:00Z,winter_US_standard,17,15,18,1086,D:\QM\reports\work_items\2fc84747-27db-5e88-9568-3fdda6c30769\QM5_41398\20260909_135814\raw\run_01\report.htm
2021.03.12 05:00:02,1086,USDJPY.DWX,buy,in,4.04,108.783,1651,-10.10,0.00,0.00,128 972.39,BALKE_RANGE_BUY_STOP,2021-03-12T05:00:02,2021-03-12T03:00:02Z,winter_US_standard,5,3,6,1087,D:\QM\reports\work_items\2fc84747-27db-5e88-9568-3fdda6c30769\QM5_41398\20260909_135814\raw\run_01\report.htm
2021.03.12 12:35:38,1087,USDJPY.DWX,sell,out,4.04,109.033,1653,-10.10,0.00,926.33,129 888.62,sl 109.033,2021-03-12T12:35:38,2021-03-12T10:35:38Z,winter_US_standard,12,10,13,1088,D:\QM\reports\work_items\2fc84747-27db-5e88-9568-3fdda6c30769\QM5_41398\20260909_135814\raw\run_01\report.htm
2021.03.15 08:23:10,1088,USDJPY.DWX,buy,in,3.82,109.197,1654,-9.55,0.00,0.00,129 879.07,BALKE_RANGE_BUY_STOP,2021-03-15T08:23:10,2021-03-15T05:23:10Z,summer_US_DST,8,5,8,1089,D:\QM\reports\work_items\2fc84747-27db-5e88-9568-3fdda6c30769\QM5_41398\20260909_135814\raw\run_01\report.htm
2021.03.15 18:00:00,1089,USDJPY.DWX,sell,out,3.82,109.182,1656,-9.55,0.00,-52.48,129 817.04,qm_tm_close,2021-03-15T18:00:00,2021-03-15T15:00:00Z,summer_US_DST,18,15,18,1090,D:\QM\reports\work_items\2fc84747-27db-5e88-9568-3fdda6c30769\QM5_41398\20260909_135814\raw\run_01\report.htm
2021.03.16 07:09:37,1090,USDJPY.DWX,sell,in,8.6,109.117,1658,-21.50,0.00,0.00,129 795.54,BALKE_RANGE_SELL_STOP,2021-03-16T07:09:37,2021-03-16T04:09:37Z,summer_US_DST,7,4,7,1091,D:\QM\reports\work_items\2fc84747-27db-5e88-9568-3fdda6c30769\QM5_41398\20260909_135814\raw\run_01\report.htm
2021.03.16 10:45:37,1091,USDJPY.DWX,buy,out,8.6,109.245,1659,-21.50,0.00,-1 007.64,128 766.40,sl 109.245,2021-03-16T10:45:37,2021-03-16T07:45:37Z,summer_US_DST,10,7,10,1092,D:\QM\reports\work_items\2fc84747-27db-5e88-9568-3fdda6c30769\QM5_41398\20260909_135814\raw\run_01\report.htm
2021.03.17 08:45:09,1092,USDJPY.DWX,buy,in,6.85,109.170,1660,-17.13,0.00,0.00,128 749.27,BALKE_RANGE_BUY_STOP,2021-03-17T08:45:09,2021-03-17T05:45:09Z,summer_US_DST,8,5,8,1093,D:\QM\reports\work_items\2fc84747-27db-5e88-9568-3fdda6c30769\QM5_41398\20260909_135814\raw\run_01\report.htm
2021.03.17 18:00:00,1093,USDJPY.DWX,sell,out,6.85,109.223,1662,-17.13,0.00,332.39,129 064.53,qm_tm_close,2021-03-17T18:00:00,2021-03-17T15:00:00Z,summer_US_DST,18,15,18,1094,D:\QM\reports\work_items\2fc84747-27db-5e88-9568-3fdda6c30769\QM5_41398\20260909_135814\raw\run_01\report.htm
2021.03.18 06:03:13,1094,USDJPY.DWX,sell,in,4.78,108.897,1664,-11.95,0.00,0.00,129 052.58,BALKE_RANGE_SELL_STOP,2021-03-18T06:03:13,2021-03-18T03:03:13Z,summer_US_DST,6,3,6,1095,D:\QM\reports\work_items\2fc84747-27db-5e88-9568-3fdda6c30769\QM5_41398\20260909_135814\raw\run_01\report.htm
2021.03.18 10:27:30,1095,USDJPY.DWX,buy,out,4.78,109.126,1665,-11.95,0.00,-1 003.08,128 037.55,sl 109.125,2021-03-18T10:27:30,2021-03-18T07:27:30Z,summer_US_DST,10,7,10,1096,D:\QM\reports\work_items\2fc84747-27db-5e88-9568-3fdda6c30769\QM5_41398\20260909_135814\raw\run_01\report.htm
2021.03.19 06:32:33,1096,USDJPY.DWX,sell,in,6.19,108.930,1667,-15.48,0.00,0.00,128 022.07,BALKE_RANGE_SELL_STOP,2021-03-19T06:32:33,2021-03-19T03:32:33Z,summer_US_DST,6,3,6,1097,D:\QM\reports\work_items\2fc84747-27db-5e88-9568-3fdda6c30769\QM5_41398\20260909_135814\raw\run_01\report.htm
2021.03.19 06:40:24,1097,USDJPY.DWX,buy,out,6.19,109.108,1668,-15.48,0.00,-1 009.84,126 996.75,sl 109.106,2021-03-19T06:40:24,2021-03-19T03:40:24Z,summer_US_DST,6,3,6,1098,D:\QM\reports\work_items\2fc84747-27db-5e88-9568-3fdda6c30769\QM5_41398\20260909_135814\raw\run_01\report.htm
2021.03.22 06:00:07,1098,USDJPY.DWX,sell,in,5.92,108.772,1670,-14.80,0.00,0.00,126 981.95,BALKE_RANGE_SELL_STOP,2021-03-22T06:00:07,2021-03-22T03:00:07Z,summer_US_DST,6,3,6,1099,D:\QM\reports\work_items\2fc84747-27db-5e88-9568-3fdda6c30769\QM5_41398\20260909_135814\raw\run_01\report.htm
2021.03.22 18:00:00,1099,USDJPY.DWX,buy,out,5.92,108.764,1671,-14.80,0.00,43.54,127 010.69,qm_tm_close,2021-03-22T18:00:00,2021-03-22T15:00:00Z,summer_US_DST,18,15,18,1100,D:\QM\reports\work_items\2fc84747-27db-5e88-9568-3fdda6c30769\QM5_41398\20260909_135814\raw\run_01\report.htm
2021.03.24 10:31:08,1100,USDJPY.DWX,buy,in,5.64,108.642,1672,-14.10,0.00,0.00,126 996.59,BALKE_RANGE_BUY_STOP,2021-03-24T10:31:08,2021-03-24T07:31:08Z,summer_US_DST,10,7,10,1101,D:\QM\reports\work_items\2fc84747-27db-5e88-9568-3fdda6c30769\QM5_41398\20260909_135814\raw\run_01\report.htm
2021.03.24 18:00:00,1101,USDJPY.DWX,sell,out,5.64,108.908,1674,-14.10,0.00,1 377.53,128 360.02,qm_tm_close,2021-03-24T18:00:00,2021-03-24T15:00:00Z,summer_US_DST,18,15,18,1102,D:\QM\reports\work_items\2fc84747-27db-5e88-9568-3fdda6c30769\QM5_41398\20260909_135814\raw\run_01\report.htm
2021.03.25 10:14:56,1102,USDJPY.DWX,buy,in,5.35,108.991,1675,-13.38,0.00,0.00,128 346.64,BALKE_RANGE_BUY_STOP,2021-03-25T10:14:56,2021-03-25T07:14:56Z,summer_US_DST,10,7,10,1103,D:\QM\reports\work_items\2fc84747-27db-5e88-9568-3fdda6c30769\QM5_41398\20260909_135814\raw\run_01\report.htm
2021.03.25 21:00:00,1103,USDJPY.DWX,sell,out,5.35,109.126,1677,-13.38,0.00,661.85,128 995.11,qm_tm_close,2021-03-25T21:00:00,2021-03-25T18:00:00Z,summer_US_DST,21,18,21,1104,D:\QM\reports\work_items\2fc84747-27db-5e88-9568-3fdda6c30769\QM5_41398\20260909_135814\raw\run_01\report.htm
2021.03.26 10:47:00,1104,USDJPY.DWX,buy,in,5.93,109.314,1678,-14.83,0.00,0.00,128 980.28,BALKE_RANGE_BUY_STOP,2021-03-26T10:47:00,2021-03-26T07:47:00Z,summer_US_DST,10,7,10,1105,D:\QM\reports\work_items\2fc84747-27db-5e88-9568-3fdda6c30769\QM5_41398\20260909_135814\raw\run_01\report.htm
2021.03.26 18:00:00,1105,USDJPY.DWX,sell,out,5.93,109.689,1680,-14.83,0.00,2 027.32,130 992.77,qm_tm_close,2021-03-26T18:00:00,2021-03-26T15:00:00Z,summer_US_DST,18,15,18,1106,D:\QM\reports\work_items\2fc84747-27db-5e88-9568-3fdda6c30769\QM5_41398\20260909_135814\raw\run_01\report.htm
2021.03.30 06:03:36,1106,USDJPY.DWX,buy,in,5.87,109.973,1681,-14.68,0.00,0.00,130 978.09,BALKE_RANGE_BUY_STOP,2021-03-30T06:03:36,2021-03-30T03:03:36Z,summer_US_DST,6,3,6,1107,D:\QM\reports\work_items\2fc84747-27db-5e88-9568-3fdda6c30769\QM5_41398\20260909_135814\raw\run_01\report.htm
2021.03.30 17:45:22,1107,USDJPY.DWX,sell,out,5.87,110.263,1683,-14.68,0.00,1 543.85,132 507.26,sl 110.264,2021-03-30T17:45:22,2021-03-30T14:45:22Z,summer_US_DST,17,14,17,1108,D:\QM\reports\work_items\2fc84747-27db-5e88-9568-3fdda6c30769\QM5_41398\20260909_135814\raw\run_01\report.htm
2021.04.01 06:12:44,1108,USDJPY.DWX,sell,in,5.3,110.615,1685,-13.25,0.00,0.00,132 494.01,BALKE_RANGE_SELL_STOP,2021-04-01T06:12:44,2021-04-01T03:12:44Z,summer_US_DST,6,3,6,1109,D:\QM\reports\work_items\2fc84747-27db-5e88-9568-3fdda6c30769\QM5_41398\20260909_135814\raw\run_01\report.htm
2021.04.01 12:56:08,1109,USDJPY.DWX,buy,out,5.3,110.824,1686,-13.25,0.00,-999.51,131 481.25,sl 110.824,2021-04-01T12:56:08,2021-04-01T09:56:08Z,summer_US_DST,12,9,12,1110,D:\QM\reports\work_items\2fc84747-27db-5e88-9568-3fdda6c30769\QM5_41398\20260909_135814\raw\run_01\report.htm
2021.04.02 08:32:05,1110,USDJPY.DWX,sell,in,7.52,110.521,1688,-18.80,0.00,0.00,131 462.45,BALKE_RANGE_SELL_STOP,2021-04-02T08:32:05,2021-04-02T05:32:05Z,summer_US_DST,8,5,8,1111,D:\QM\reports\work_items\2fc84747-27db-5e88-9568-3fdda6c30769\QM5_41398\20260909_135814\raw\run_01\report.htm
2021.04.02 15:30:03,1111,USDJPY.DWX,buy,out,7.52,110.669,1689,-18.80,0.00,-1 005.67,130 437.98,sl 110.668,2021-04-02T15:30:03,2021-04-02T12:30:03Z,summer_US_DST,15,12,15,1112,D:\QM\reports\work_items\2fc84747-27db-5e88-9568-3fdda6c30769\QM5_41398\20260909_135814\raw\run_01\report.htm
2021.04.05 06:19:42,1112,USDJPY.DWX,sell,in,6.25,110.542,1691,-15.63,0.00,0.00,130 422.35,BALKE_RANGE_SELL_STOP,2021-04-05T06:19:42,2021-04-05T03:19:42Z,summer_US_DST,6,3,6,1113,D:\QM\reports\work_items\2fc84747-27db-5e88-9568-3fdda6c30769\QM5_41398\20260909_135814\raw\run_01\report.htm
2021.04.05 19:00:00,1113,USDJPY.DWX,buy,out,6.25,110.087,1692,-15.63,0.00,2 583.18,132 989.90,qm_tm_close,2021-04-05T19:00:00,2021-04-05T16:00:00Z,summer_US_DST,19,16,19,1114,D:\QM\reports\work_items\2fc84747-27db-5e88-9568-3fdda6c30769\QM5_41398\20260909_135814\raw\run_01\report.htm
2021.04.06 06:04:41,1114,USDJPY.DWX,buy,in,4.78,110.357,1693,-11.95,0.00,0.00,132 977.95,BALKE_RANGE_BUY_STOP,2021-04-06T06:04:41,2021-04-06T03:04:41Z,summer_US_DST,6,3,6,1115,D:\QM\reports\work_items\2fc84747-27db-5e88-9568-3fdda6c30769\QM5_41398\20260909_135814\raw\run_01\report.htm
2021.04.06 15:27:03,1115,USDJPY.DWX,sell,out,4.78,110.126,1695,-11.95,0.00,-1 002.65,131 963.35,sl 110.127,2021-04-06T15:27:03,2021-04-06T12:27:03Z,summer_US_DST,15,12,15,1116,D:\QM\reports\work_items\2fc84747-27db-5e88-9568-3fdda6c30769\QM5_41398\20260909_135814\raw\run_01\report.htm
2021.04.08 06:06:53,1116,USDJPY.DWX,sell,in,5.75,109.712,1697,-14.38,0.00,0.00,131 948.97,BALKE_RANGE_SELL_STOP,2021-04-08T06:06:53,2021-04-08T03:06:53Z,summer_US_DST,6,3,6,1117,D:\QM\reports\work_items\2fc84747-27db-5e88-9568-3fdda6c30769\QM5_41398\20260909_135814\raw\run_01\report.htm
2021.04.08 13:01:00,1117,USDJPY.DWX,buy,out,5.75,109.572,1698,-14.38,0.00,734.68,132 669.27,sl 109.572,2021-04-08T13:01:00,2021-04-08T10:01:00Z,summer_US_DST,13,10,13,1118,D:\QM\reports\work_items\2fc84747-27db-5e88-9568-3fdda6c30769\QM5_41398\20260909_135814\raw\run_01\report.htm
2021.04.09 07:59:09,1118,USDJPY.DWX,buy,in,6.65,109.376,1699,-16.63,0.00,0.00,132 652.64,BALKE_RANGE_BUY_STOP,2021-04-09T07:59:09,2021-04-09T04:59:09Z,summer_US_DST,7,4,7,1119,D:\QM\reports\work_items\2fc84747-27db-5e88-9568-3fdda6c30769\QM5_41398\20260909_135814\raw\run_01\report.htm
2021.04.09 14:14:48,1119,USDJPY.DWX,sell,out,6.65,109.600,1701,-16.63,0.00,1 359.12,133 995.13,sl 109.601,2021-04-09T14:14:48,2021-04-09T11:14:48Z,summer_US_DST,14,11,14,1120,D:\QM\reports\work_items\2fc84747-27db-5e88-9568-3fdda6c30769\QM5_41398\20260909_135814\raw\run_01\report.htm
2021.04.14 07:58:52,1120,USDJPY.DWX,buy,in,5.69,108.941,1702,-14.23,0.00,0.00,133 980.90,BALKE_RANGE_BUY_STOP,2021-04-14T07:58:52,2021-04-14T04:58:52Z,summer_US_DST,7,4,7,1121,D:\QM\reports\work_items\2fc84747-27db-5e88-9568-3fdda6c30769\QM5_41398\20260909_135814\raw\run_01\report.htm
2021.04.14 18:00:00,1121,USDJPY.DWX,sell,out,5.69,109.017,1704,-14.23,0.00,396.67,134 363.34,qm_tm_close,2021-04-14T18:00:00,2021-04-14T15:00:00Z,summer_US_DST,18,15,18,1122,D:\QM\reports\work_items\2fc84747-27db-5e88-9568-3fdda6c30769\QM5_41398\20260909_135814\raw\run_01\report.htm
2021.04.15 09:01:05,1122,USDJPY.DWX,buy,in,8.56,108.931,1705,-21.40,0.00,0.00,134 341.94,BALKE_RANGE_BUY_STOP,2021-04-15T09:01:05,2021-04-15T06:01:05Z,summer_US_DST,9,6,9,1123,D:\QM\reports\work_items\2fc84747-27db-5e88-9568-3fdda6c30769\QM5_41398\20260909_135814\raw\run_01\report.htm
2021.04.15 10:27:39,1123,USDJPY.DWX,sell,out,8.56,108.804,1707,-21.40,0.00,-999.15,133 321.39,sl 108.804,2021-04-15T10:27:39,2021-04-15T07:27:39Z,summer_US_DST,10,7,10,1124,D:\QM\reports\work_items\2fc84747-27db-5e88-9568-3fdda6c30769\QM5_41398\20260909_135814\raw\run_01\report.htm
2021.04.21 10:39:35,1124,USDJPY.DWX,buy,in,4.01,108.146,1708,-10.03,0.00,0.00,133 311.36,BALKE_RANGE_BUY_STOP,2021-04-21T10:39:35,2021-04-21T07:39:35Z,summer_US_DST,10,7,10,1125,D:\QM\reports\work_items\2fc84747-27db-5e88-9568-3fdda6c30769\QM5_41398\20260909_135814\raw\run_01\report.htm
2021.04.21 18:00:00,1125,USDJPY.DWX,sell,out,4.01,108.159,1710,-10.03,0.00,48.20,133 349.53,qm_tm_close,2021-04-21T18:00:00,2021-04-21T15:00:00Z,summer_US_DST,18,15,18,1126,D:\QM\reports\work_items\2fc84747-27db-5e88-9568-3fdda6c30769\QM5_41398\20260909_135814\raw\run_01\report.htm
2021.04.22 07:37:24,1126,USDJPY.DWX,sell,in,5.69,107.949,1712,-14.23,0.00,0.00,133 335.30,BALKE_RANGE_SELL_STOP,2021-04-22T07:37:24,2021-04-22T04:37:24Z,summer_US_DST,7,4,7,1127,D:\QM\reports\work_items\2fc84747-27db-5e88-9568-3fdda6c30769\QM5_41398\20260909_135814\raw\run_01\report.htm
2021.04.22 15:08:14,1127,USDJPY.DWX,buy,out,5.69,108.140,1713,-14.23,0.00,-1 004.98,132 316.09,sl 108.140,2021-04-22T15:08:14,2021-04-22T12:08:14Z,summer_US_DST,15,12,15,1128,D:\QM\reports\work_items\2fc84747-27db-5e88-9568-3fdda6c30769\QM5_41398\20260909_135814\raw\run_01\report.htm
2021.04.23 14:42:07,1128,USDJPY.DWX,sell,in,5.71,107.801,1715,-14.28,0.00,0.00,132 301.81,BALKE_RANGE_SELL_STOP,2021-04-23T14:42:07,2021-04-23T11:42:07Z,summer_US_DST,14,11,14,1129,D:\QM\reports\work_items\2fc84747-27db-5e88-9568-3fdda6c30769\QM5_41398\20260909_135814\raw\run_01\report.htm
2021.04.23 17:04:30,1129,USDJPY.DWX,buy,out,5.71,107.882,1716,-14.28,0.00,-428.72,131 858.81,sl 107.882,2021-04-23T17:04:30,2021-04-23T14:04:30Z,summer_US_DST,17,14,17,1130,D:\QM\reports\work_items\2fc84747-27db-5e88-9568-3fdda6c30769\QM5_41398\20260909_135814\raw\run_01\report.htm
2021.04.26 06:22:22,1130,USDJPY.DWX,sell,in,4.65,107.707,1718,-11.63,0.00,0.00,131 847.18,BALKE_RANGE_SELL_STOP,2021-04-26T06:22:22,2021-04-26T03:22:22Z,summer_US_DST,6,3,6,1131,D:\QM\reports\work_items\2fc84747-27db-5e88-9568-3fdda6c30769\QM5_41398\20260909_135814\raw\run_01\report.htm
2021.04.26 14:43:39,1131,USDJPY.DWX,buy,out,4.65,107.939,1719,-11.63,0.00,-999.45,130 836.10,sl 107.939,2021-04-26T14:43:39,2021-04-26T11:43:39Z,summer_US_DST,14,11,14,1132,D:\QM\reports\work_items\2fc84747-27db-5e88-9568-3fdda6c30769\QM5_41398\20260909_135814\raw\run_01\report.htm
2021.04.28 09:24:19,1132,USDJPY.DWX,buy,in,4.89,108.947,1720,-12.23,0.00,0.00,130 823.87,BALKE_RANGE_BUY_STOP,2021-04-28T09:24:19,2021-04-28T06:24:19Z,summer_US_DST,9,6,9,1133,D:\QM\reports\work_items\2fc84747-27db-5e88-9568-3fdda6c30769\QM5_41398\20260909_135814\raw\run_01\report.htm
2021.04.28 17:16:45,1133,USDJPY.DWX,sell,out,4.89,108.724,1722,-12.23,0.00,-1 002.97,129 808.67,sl 108.724,2021-04-28T17:16:45,2021-04-28T14:16:45Z,summer_US_DST,17,14,17,1134,D:\QM\reports\work_items\2fc84747-27db-5e88-9568-3fdda6c30769\QM5_41398\20260909_135814\raw\run_01\report.htm
2021.04.29 06:05:02,1134,USDJPY.DWX,buy,in,6.3,108.607,1723,-15.75,0.00,0.00,129 792.92,BALKE_RANGE_BUY_STOP,2021-04-29T06:05:02,2021-04-29T03:05:02Z,summer_US_DST,6,3,6,1135,D:\QM\reports\work_items\2fc84747-27db-5e88-9568-3fdda6c30769\QM5_41398\20260909_135814\raw\run_01\report.htm
2021.04.29 14:01:32,1135,USDJPY.DWX,sell,out,6.3,108.934,1725,-15.75,0.00,1 891.15,131 668.32,sl 108.934,2021-04-29T14:01:32,2021-04-29T11:01:32Z,summer_US_DST,14,11,14,1136,D:\QM\reports\work_items\2fc84747-27db-5e88-9568-3fdda6c30769\QM5_41398\20260909_135814\raw\run_01\report.htm
2021.05.03 06:02:21,1136,USDJPY.DWX,buy,in,4.83,109.511,1726,-12.08,0.00,0.00,131 656.24,BALKE_RANGE_BUY_STOP,2021-05-03T06:02:21,2021-05-03T03:02:21Z,summer_US_DST,6,3,6,1137,D:\QM\reports\work_items\2fc84747-27db-5e88-9568-3fdda6c30769\QM5_41398\20260909_135814\raw\run_01\report.htm
2021.05.03 16:01:25,1137,USDJPY.DWX,sell,out,4.83,109.285,1728,-12.08,0.00,-998.84,130 645.32,sl 109.285,2021-05-03T16:01:25,2021-05-03T13:01:25Z,summer_US_DST,16,13,16,1138,D:\QM\reports\work_items\2fc84747-27db-5e88-9568-3fdda6c30769\QM5_41398\20260909_135814\raw\run_01\report.htm
2021.05.04 07:00:45,1138,USDJPY.DWX,buy,in,5.39,109.264,1729,-13.48,0.00,0.00,130 631.84,BALKE_RANGE_BUY_STOP,2021-05-04T07:00:45,2021-05-04T04:00:45Z,summer_US_DST,7,4,7,1139,D:\QM\reports\work_items\2fc84747-27db-5e88-9568-3fdda6c30769\QM5_41398\20260909_135814\raw\run_01\report.htm
2021.05.04 14:40:05,1139,USDJPY.DWX,sell,out,5.39,109.349,1731,-13.48,0.00,418.98,131 037.34,sl 109.350,2021-05-04T14:40:05,2021-05-04T11:40:05Z,summer_US_DST,14,11,14,1140,D:\QM\reports\work_items\2fc84747-27db-5e88-9568-3fdda6c30769\QM5_41398\20260909_135814\raw\run_01\report.htm
2021.05.05 08:54:56,1140,USDJPY.DWX,buy,in,6.06,109.375,1732,-15.15,0.00,0.00,131 022.19,BALKE_RANGE_BUY_STOP,2021-05-05T08:54:56,2021-05-05T05:54:56Z,summer_US_DST,8,5,8,1141,D:\QM\reports\work_items\2fc84747-27db-5e88-9568-3fdda6c30769\QM5_41398\20260909_135814\raw\run_01\report.htm
2021.05.05 16:35:05,1141,USDJPY.DWX,sell,out,6.06,109.194,1734,-15.15,0.00,-1 004.51,130 002.53,sl 109.195,2021-05-05T16:35:05,2021-05-05T13:35:05Z,summer_US_DST,16,13,16,1142,D:\QM\reports\work_items\2fc84747-27db-5e88-9568-3fdda6c30769\QM5_41398\20260909_135814\raw\run_01\report.htm
2021.05.07 09:22:46,1142,USDJPY.DWX,buy,in,4.34,109.187,1735,-10.85,0.00,0.00,129 991.68,BALKE_RANGE_BUY_STOP,2021-05-07T09:22:46,2021-05-07T06:22:46Z,summer_US_DST,9,6,9,1143,D:\QM\reports\work_items\2fc84747-27db-5e88-9568-3fdda6c30769\QM5_41398\20260909_135814\raw\run_01\report.htm
2021.05.07 15:30:11,1143,USDJPY.DWX,sell,out,4.34,108.932,1737,-10.85,0.00,-1 015.95,128 964.88,sl 108.936,2021-05-07T15:30:11,2021-05-07T12:30:11Z,summer_US_DST,15,12,15,1144,D:\QM\reports\work_items\2fc84747-27db-5e88-9568-3fdda6c30769\QM5_41398\20260909_135814\raw\run_01\report.htm
2021.05.10 09:35:02,1144,USDJPY.DWX,buy,in,3.03,108.915,1738,-7.58,0.00,0.00,128 957.30,BALKE_RANGE_BUY_STOP,2021-05-10T09:35:02,2021-05-10T06:35:02Z,summer_US_DST,9,6,9,1145,D:\QM\reports\work_items\2fc84747-27db-5e88-9568-3fdda6c30769\QM5_41398\20260909_135814\raw\run_01\report.htm
2021.05.10 18:00:00,1145,USDJPY.DWX,sell,out,3.03,108.728,1740,-7.58,0.00,-521.13,128 428.59,qm_tm_close,2021-05-10T18:00:00,2021-05-10T15:00:00Z,summer_US_DST,18,15,18,1146,D:\QM\reports\work_items\2fc84747-27db-5e88-9568-3fdda6c30769\QM5_41398\20260909_135814\raw\run_01\report.htm
2021.05.11 13:08:54,1146,USDJPY.DWX,sell,in,5.64,108.789,1742,-14.10,0.00,0.00,128 414.49,BALKE_RANGE_SELL_STOP,2021-05-11T13:08:54,2021-05-11T10:08:54Z,summer_US_DST,13,10,13,1147,D:\QM\reports\work_items\2fc84747-27db-5e88-9568-3fdda6c30769\QM5_41398\20260909_135814\raw\run_01\report.htm
2021.05.11 17:00:49,1147,USDJPY.DWX,buy,out,5.64,108.613,1743,-14.10,0.00,913.92,129 314.31,sl 108.613,2021-05-11T17:00:49,2021-05-11T14:00:49Z,summer_US_DST,17,14,17,1148,D:\QM\reports\work_items\2fc84747-27db-5e88-9568-3fdda6c30769\QM5_41398\20260909_135814\raw\run_01\report.htm
2021.05.12 06:00:04,1148,USDJPY.DWX,buy,in,4.8,108.900,1744,-12.00,0.00,0.00,129 302.31,BALKE_RANGE_BUY_STOP,2021-05-12T06:00:04,2021-05-12T03:00:04Z,summer_US_DST,6,3,6,1149,D:\QM\reports\work_items\2fc84747-27db-5e88-9568-3fdda6c30769\QM5_41398\20260909_135814\raw\run_01\report.htm
2021.05.12 13:59:05,1149,USDJPY.DWX,sell,out,4.8,108.673,1746,-12.00,0.00,-1 002.64,128 287.67,sl 108.673,2021-05-12T13:59:05,2021-05-12T10:59:05Z,summer_US_DST,13,10,13,1150,D:\QM\reports\work_items\2fc84747-27db-5e88-9568-3fdda6c30769\QM5_41398\20260909_135814\raw\run_01\report.htm
2021.05.13 10:13:08,1150,USDJPY.DWX,sell,in,3.61,109.482,1748,-9.03,0.00,0.00,128 278.64,BALKE_RANGE_SELL_STOP,2021-05-13T10:13:08,2021-05-13T07:13:08Z,summer_US_DST,10,7,10,1151,D:\QM\reports\work_items\2fc84747-27db-5e88-9568-3fdda6c30769\QM5_41398\20260909_135814\raw\run_01\report.htm
2021.05.13 18:00:00,1151,USDJPY.DWX,buy,out,3.61,109.580,1749,-9.03,0.00,-322.85,127 946.76,qm_tm_close,2021-05-13T18:00:00,2021-05-13T15:00:00Z,summer_US_DST,18,15,18,1152,D:\QM\reports\work_items\2fc84747-27db-5e88-9568-3fdda6c30769\QM5_41398\20260909_135814\raw\run_01\report.htm
2021.05.14 07:51:22,1152,USDJPY.DWX,sell,in,7.51,109.509,1751,-18.78,0.00,0.00,127 927.98,BALKE_RANGE_SELL_STOP,2021-05-14T07:51:22,2021-05-14T04:51:22Z,summer_US_DST,7,4,7,1153,D:\QM\reports\work_items\2fc84747-27db-5e88-9568-3fdda6c30769\QM5_41398\20260909_135814\raw\run_01\report.htm
2021.05.14 13:19:11,1153,USDJPY.DWX,buy,out,7.51,109.402,1752,-18.78,0.00,734.51,128 643.71,sl 109.402,2021-05-14T13:19:11,2021-05-14T10:19:11Z,summer_US_DST,13,10,13,1154,D:\QM\reports\work_items\2fc84747-27db-5e88-9568-3fdda6c30769\QM5_41398\20260909_135814\raw\run_01\report.htm
2021.05.17 06:06:36,1154,USDJPY.DWX,sell,in,5.95,109.318,1754,-14.88,0.00,0.00,128 628.83,BALKE_RANGE_SELL_STOP,2021-05-17T06:06:36,2021-05-17T03:06:36Z,summer_US_DST,6,3,6,1155,D:\QM\reports\work_items\2fc84747-27db-5e88-9568-3fdda6c30769\QM5_41398\20260909_135814\raw\run_01\report.htm
2021.05.17 15:01:42,1155,USDJPY.DWX,buy,out,5.95,109.208,1755,-14.88,0.00,599.32,129 213.27,sl 109.208,2021-05-17T15:01:42,2021-05-17T12:01:42Z,summer_US_DST,15,12,15,1156,D:\QM\reports\work_items\2fc84747-27db-5e88-9568-3fdda6c30769\QM5_41398\20260909_135814\raw\run_01\report.htm
2021.05.18 09:03:55,1156,USDJPY.DWX,sell,in,6.1,109.104,1757,-15.25,0.00,0.00,129 198.02,BALKE_RANGE_SELL_STOP,2021-05-18T09:03:55,2021-05-18T06:03:55Z,summer_US_DST,9,6,9,1157,D:\QM\reports\work_items\2fc84747-27db-5e88-9568-3fdda6c30769\QM5_41398\20260909_135814\raw\run_01\report.htm
2021.05.18 13:13:10,1157,USDJPY.DWX,buy,out,6.1,108.974,1758,-15.25,0.00,727.70,129 910.47,sl 108.974,2021-05-18T13:13:10,2021-05-18T10:13:10Z,summer_US_DST,13,10,13,1158,D:\QM\reports\work_items\2fc84747-27db-5e88-9568-3fdda6c30769\QM5_41398\20260909_135814\raw\run_01\report.htm
2021.05.20 09:08:50,1158,USDJPY.DWX,sell,in,5.35,109.091,1760,-13.38,0.00,0.00,129 897.09,BALKE_RANGE_SELL_STOP,2021-05-20T09:08:50,2021-05-20T06:08:50Z,summer_US_DST,9,6,9,1159,D:\QM\reports\work_items\2fc84747-27db-5e88-9568-3fdda6c30769\QM5_41398\20260909_135814\raw\run_01\report.htm
2021.05.20 13:48:54,1159,USDJPY.DWX,buy,out,5.35,109.005,1761,-13.38,0.00,422.09,130 305.80,sl 109.005,2021-05-20T13:48:54,2021-05-20T10:48:54Z,summer_US_DST,13,10,13,1160,D:\QM\reports\work_items\2fc84747-27db-5e88-9568-3fdda6c30769\QM5_41398\20260909_135814\raw\run_01\report.htm
2021.05.21 07:27:39,1160,USDJPY.DWX,sell,in,10.17,108.790,1763,-25.43,0.00,0.00,130 280.37,BALKE_RANGE_SELL_STOP,2021-05-21T07:27:39,2021-05-21T04:27:39Z,summer_US_DST,7,4,7,1161,D:\QM\reports\work_items\2fc84747-27db-5e88-9568-3fdda6c30769\QM5_41398\20260909_135814\raw\run_01\report.htm
2021.05.21 13:01:59,1161,USDJPY.DWX,buy,out,10.17,108.709,1764,-25.43,0.00,757.78,131 012.72,sl 108.709,2021-05-21T13:01:59,2021-05-21T10:01:59Z,summer_US_DST,13,10,13,1162,D:\QM\reports\work_items\2fc84747-27db-5e88-9568-3fdda6c30769\QM5_41398\20260909_135814\raw\run_01\report.htm
2021.05.24 06:06:40,1162,USDJPY.DWX,sell,in,9.15,108.871,1766,-22.88,0.00,0.00,130 989.84,BALKE_RANGE_SELL_STOP,2021-05-24T06:06:40,2021-05-24T03:06:40Z,summer_US_DST,6,3,6,1163,D:\QM\reports\work_items\2fc84747-27db-5e88-9568-3fdda6c30769\QM5_41398\20260909_135814\raw\run_01\report.htm
2021.05.24 11:05:51,1163,USDJPY.DWX,buy,out,9.15,108.791,1767,-22.88,0.00,672.85,131 639.81,sl 108.791,2021-05-24T11:05:51,2021-05-24T08:05:51Z,summer_US_DST,11,8,11,1164,D:\QM\reports\work_items\2fc84747-27db-5e88-9568-3fdda6c30769\QM5_41398\20260909_135814\raw\run_01\report.htm
2021.05.25 09:36:00,1164,USDJPY.DWX,sell,in,6.44,108.681,1769,-16.10,0.00,0.00,131 623.71,BALKE_RANGE_SELL_STOP,2021-05-25T09:36:00,2021-05-25T06:36:00Z,summer_US_DST,9,6,9,1165,D:\QM\reports\work_items\2fc84747-27db-5e88-9568-3fdda6c30769\QM5_41398\20260909_135814\raw\run_01\report.htm
2021.05.25 13:05:32,1165,USDJPY.DWX,buy,out,6.44,108.851,1770,-16.10,0.00,-1 005.78,130 601.83,sl 108.850,2021-05-25T13:05:32,2021-05-25T10:05:32Z,summer_US_DST,13,10,13,1166,D:\QM\reports\work_items\2fc84747-27db-5e88-9568-3fdda6c30769\QM5_41398\20260909_135814\raw\run_01\report.htm
2021.05.26 09:00:57,1166,USDJPY.DWX,buy,in,10.35,108.827,1771,-25.88,0.00,0.00,130 575.95,BALKE_RANGE_BUY_STOP,2021-05-26T09:00:57,2021-05-26T06:00:57Z,summer_US_DST,9,6,9,1167,D:\QM\reports\work_items\2fc84747-27db-5e88-9568-3fdda6c30769\QM5_41398\20260909_135814\raw\run_01\report.htm
2021.05.26 14:01:25,1167,USDJPY.DWX,sell,out,10.35,108.854,1773,-25.88,0.00,256.72,130 806.79,sl 108.854,2021-05-26T14:01:25,2021-05-26T11:01:25Z,summer_US_DST,14,11,14,1168,D:\QM\reports\work_items\2fc84747-27db-5e88-9568-3fdda6c30769\QM5_41398\20260909_135814\raw\run_01\report.htm
2021.05.27 06:56:28,1168,USDJPY.DWX,sell,in,6.82,109.048,1775,-17.05,0.00,0.00,130 789.74,BALKE_RANGE_SELL_STOP,2021-05-27T06:56:28,2021-05-27T03:56:28Z,summer_US_DST,6,3,6,1169,D:\QM\reports\work_items\2fc84747-27db-5e88-9568-3fdda6c30769\QM5_41398\20260909_135814\raw\run_01\report.htm
2021.05.27 14:48:43,1169,USDJPY.DWX,buy,out,6.82,109.209,1776,-17.05,0.00,-1 005.43,129 767.26,sl 109.208,2021-05-27T14:48:43,2021-05-27T11:48:43Z,summer_US_DST,14,11,14,1170,D:\QM\reports\work_items\2fc84747-27db-5e88-9568-3fdda6c30769\QM5_41398\20260909_135814\raw\run_01\report.htm
2021.05.28 10:17:35,1170,USDJPY.DWX,buy,in,7.36,109.957,1777,-18.40,0.00,0.00,129 748.86,BALKE_RANGE_BUY_STOP,2021-05-28T10:17:35,2021-05-28T07:17:35Z,summer_US_DST,10,7,10,1171,D:\QM\reports\work_items\2fc84747-27db-5e88-9568-3fdda6c30769\QM5_41398\20260909_135814\raw\run_01\report.htm
2021.05.28 11:35:57,1171,USDJPY.DWX,sell,out,7.36,109.807,1779,-18.40,0.00,-1 005.40,128 725.06,sl 109.808,2021-05-28T11:35:57,2021-05-28T08:35:57Z,summer_US_DST,11,8,11,1172,D:\QM\reports\work_items\2fc84747-27db-5e88-9568-3fdda6c30769\QM5_41398\20260909_135814\raw\run_01\report.htm
2021.06.01 11:01:46,1172,USDJPY.DWX,buy,in,5.1,109.543,1780,-12.75,0.00,0.00,128 712.31,BALKE_RANGE_BUY_STOP,2021-06-01T11:01:46,2021-06-01T08:01:46Z,summer_US_DST,11,8,11,1173,D:\QM\reports\work_items\2fc84747-27db-5e88-9568-3fdda6c30769\QM5_41398\20260909_135814\raw\run_01\report.htm
2021.06.01 18:00:00,1173,USDJPY.DWX,sell,out,5.1,109.394,1782,-12.75,0.00,-694.65,128 004.91,qm_tm_close,2021-06-01T18:00:00,2021-06-01T15:00:00Z,summer_US_DST,18,15,18,1174,D:\QM\reports\work_items\2fc84747-27db-5e88-9568-3fdda6c30769\QM5_41398\20260909_135814\raw\run_01\report.htm
2021.06.02 07:43:21,1174,USDJPY.DWX,buy,in,6.22,109.658,1783,-15.55,0.00,0.00,127 989.36,BALKE_RANGE_BUY_STOP,2021-06-02T07:43:21,2021-06-02T04:43:21Z,summer_US_DST,7,4,7,1175,D:\QM\reports\work_items\2fc84747-27db-5e88-9568-3fdda6c30769\QM5_41398\20260909_135814\raw\run_01\report.htm
2021.06.02 15:01:21,1175,USDJPY.DWX,sell,out,6.22,109.764,1785,-15.55,0.00,600.67,128 574.48,sl 109.764,2021-06-02T15:01:21,2021-06-02T12:01:21Z,summer_US_DST,15,12,15,1176,D:\QM\reports\work_items\2fc84747-27db-5e88-9568-3fdda6c30769\QM5_41398\20260909_135814\raw\run_01\report.htm
2021.06.03 06:01:51,1176,USDJPY.DWX,buy,in,8.76,109.691,1786,-21.90,0.00,0.00,128 552.58,BALKE_RANGE_BUY_STOP,2021-06-03T06:01:51,2021-06-03T03:01:51Z,summer_US_DST,6,3,6,1177,D:\QM\reports\work_items\2fc84747-27db-5e88-9568-3fdda6c30769\QM5_41398\20260909_135814\raw\run_01\report.htm
2021.06.03 12:26:21,1177,USDJPY.DWX,sell,out,8.76,109.737,1788,-21.90,0.00,367.21,128 897.89,sl 109.737,2021-06-03T12:26:21,2021-06-03T09:26:21Z,summer_US_DST,12,9,12,1178,D:\QM\reports\work_items\2fc84747-27db-5e88-9568-3fdda6c30769\QM5_41398\20260909_135814\raw\run_01\report.htm
2021.06.04 11:59:26,1178,USDJPY.DWX,sell,in,5.9,110.141,1790,-14.75,0.00,0.00,128 883.14,BALKE_RANGE_SELL_STOP,2021-06-04T11:59:26,2021-06-04T08:59:26Z,summer_US_DST,11,8,11,1179,D:\QM\reports\work_items\2fc84747-27db-5e88-9568-3fdda6c30769\QM5_41398\20260909_135814\raw\run_01\report.htm
2021.06.04 18:00:00,1179,USDJPY.DWX,buy,out,5.9,109.515,1791,-14.75,0.00,3 372.51,132 240.90,qm_tm_close,2021-06-04T18:00:00,2021-06-04T15:00:00Z,summer_US_DST,18,15,18,1180,D:\QM\reports\work_items\2fc84747-27db-5e88-9568-3fdda6c30769\QM5_41398\20260909_135814\raw\run_01\report.htm
2021.06.07 07:35:30,1180,USDJPY.DWX,sell,in,6.56,109.468,1793,-16.40,0.00,0.00,132 224.50,BALKE_RANGE_SELL_STOP,2021-06-07T07:35:30,2021-06-07T04:35:30Z,summer_US_DST,7,4,7,1181,D:\QM\reports\work_items\2fc84747-27db-5e88-9568-3fdda6c30769\QM5_41398\20260909_135814\raw\run_01\report.htm
2021.06.07 18:00:00,1181,USDJPY.DWX,buy,out,6.56,109.281,1794,-16.40,0.00,1 122.54,133 330.64,qm_tm_close,2021-06-07T18:00:00,2021-06-07T15:00:00Z,summer_US_DST,18,15,18,1182,D:\QM\reports\work_items\2fc84747-27db-5e88-9568-3fdda6c30769\QM5_41398\20260909_135814\raw\run_01\report.htm
2021.06.09 07:00:29,1182,USDJPY.DWX,buy,in,12.72,109.489,1795,-31.80,0.00,0.00,133 298.84,BALKE_RANGE_BUY_STOP,2021-06-09T07:00:29,2021-06-09T04:00:29Z,summer_US_DST,7,4,7,1183,D:\QM\reports\work_items\2fc84747-27db-5e88-9568-3fdda6c30769\QM5_41398\20260909_135814\raw\run_01\report.htm
2021.06.09 09:38:14,1183,USDJPY.DWX,sell,out,12.72,109.403,1797,-31.80,0.00,-999.90,132 267.14,sl 109.403,2021-06-09T09:38:14,2021-06-09T06:38:14Z,summer_US_DST,9,6,9,1184,D:\QM\reports\work_items\2fc84747-27db-5e88-9568-3fdda6c30769\QM5_41398\20260909_135814\raw\run_01\report.htm
2021.06.10 09:13:54,1184,USDJPY.DWX,sell,in,6.81,109.516,1799,-17.03,0.00,0.00,132 250.11,BALKE_RANGE_SELL_STOP,2021-06-10T09:13:54,2021-06-10T06:13:54Z,summer_US_DST,9,6,9,1185,D:\QM\reports\work_items\2fc84747-27db-5e88-9568-3fdda6c30769\QM5_41398\20260909_135814\raw\run_01\report.htm
2021.06.10 15:30:01,1185,USDJPY.DWX,buy,out,6.81,109.681,1800,-17.03,0.00,-1 024.47,131 208.61,sl 109.678,2021-06-10T15:30:01,2021-06-10T12:30:01Z,summer_US_DST,15,12,15,1186,D:\QM\reports\work_items\2fc84747-27db-5e88-9568-3fdda6c30769\QM5_41398\20260909_135814\raw\run_01\report.htm
2021.06.11 10:08:14,1186,USDJPY.DWX,sell,in,10.22,109.345,1802,-25.55,0.00,0.00,131 183.06,BALKE_RANGE_SELL_STOP,2021-06-11T10:08:14,2021-06-11T07:08:14Z,summer_US_DST,10,7,10,1187,D:\QM\reports\work_items\2fc84747-27db-5e88-9568-3fdda6c30769\QM5_41398\20260909_135814\raw\run_01\report.htm
2021.06.11 10:29:13,1187,USDJPY.DWX,buy,out,10.22,109.454,1803,-25.55,0.00,-1 017.76,130 139.75,sl 109.453,2021-06-11T10:29:13,2021-06-11T07:29:13Z,summer_US_DST,10,7,10,1188,D:\QM\reports\work_items\2fc84747-27db-5e88-9568-3fdda6c30769\QM5_41398\20260909_135814\raw\run_01\report.htm
2021.06.14 09:28:29,1188,USDJPY.DWX,sell,in,7.78,109.690,1805,-19.45,0.00,0.00,130 120.30,BALKE_RANGE_SELL_STOP,2021-06-14T09:28:29,2021-06-14T06:28:29Z,summer_US_DST,9,6,9,1189,D:\QM\reports\work_items\2fc84747-27db-5e88-9568-3fdda6c30769\QM5_41398\20260909_135814\raw\run_01\report.htm
2021.06.14 16:31:11,1189,USDJPY.DWX,buy,out,7.78,109.831,1806,-19.45,0.00,-998.79,129 102.06,sl 109.831,2021-06-14T16:31:11,2021-06-14T13:31:11Z,summer_US_DST,16,13,16,1190,D:\QM\reports\work_items\2fc84747-27db-5e88-9568-3fdda6c30769\QM5_41398\20260909_135814\raw\run_01\report.htm
2021.06.15 10:14:18,1190,USDJPY.DWX,sell,in,8.74,110.026,1808,-21.85,0.00,0.00,129 080.21,BALKE_RANGE_SELL_STOP,2021-06-15T10:14:18,2021-06-15T07:14:18Z,summer_US_DST,10,7,10,1191,D:\QM\reports\work_items\2fc84747-27db-5e88-9568-3fdda6c30769\QM5_41398\20260909_135814\raw\run_01\report.htm
2021.06.15 12:47:08,1191,USDJPY.DWX,buy,out,8.74,110.153,1809,-21.85,0.00,-1 007.67,128 050.69,sl 110.152,2021-06-15T12:47:08,2021-06-15T09:47:08Z,summer_US_DST,12,9,12,1192,D:\QM\reports\work_items\2fc84747-27db-5e88-9568-3fdda6c30769\QM5_41398\20260909_135814\raw\run_01\report.htm
2021.06.16 07:34:39,1192,USDJPY.DWX,sell,in,15.29,110.068,1811,-38.23,0.00,0.00,128 012.46,BALKE_RANGE_SELL_STOP,2021-06-16T07:34:39,2021-06-16T04:34:39Z,summer_US_DST,7,4,7,1193,D:\QM\reports\work_items\2fc84747-27db-5e88-9568-3fdda6c30769\QM5_41398\20260909_135814\raw\run_01\report.htm
2021.06.16 13:45:30,1193,USDJPY.DWX,buy,out,15.29,109.976,1812,-38.23,0.00,1 279.08,129 253.31,sl 109.975,2021-06-16T13:45:30,2021-06-16T10:45:30Z,summer_US_DST,13,10,13,1194,D:\QM\reports\work_items\2fc84747-27db-5e88-9568-3fdda6c30769\QM5_41398\20260909_135814\raw\run_01\report.htm
2021.06.17 08:58:35,1194,USDJPY.DWX,sell,in,5.15,110.608,1814,-12.88,0.00,0.00,129 240.43,BALKE_RANGE_SELL_STOP,2021-06-17T08:58:35,2021-06-17T05:58:35Z,summer_US_DST,8,5,8,1195,D:\QM\reports\work_items\2fc84747-27db-5e88-9568-3fdda6c30769\QM5_41398\20260909_135814\raw\run_01\report.htm
2021.06.17 18:00:00,1195,USDJPY.DWX,buy,out,5.15,110.239,1815,-12.88,0.00,1 723.85,130 951.40,qm_tm_close,2021-06-17T18:00:00,2021-06-17T15:00:00Z,summer_US_DST,18,15,18,1196,D:\QM\reports\work_items\2fc84747-27db-5e88-9568-3fdda6c30769\QM5_41398\20260909_135814\raw\run_01\report.htm
2021.06.21 06:17:16,1196,USDJPY.DWX,sell,in,3.44,109.935,1817,-8.60,0.00,0.00,130 942.80,BALKE_RANGE_SELL_STOP,2021-06-21T06:17:16,2021-06-21T03:17:16Z,summer_US_DST,6,3,6,1197,D:\QM\reports\work_items\2fc84747-27db-5e88-9568-3fdda6c30769\QM5_41398\20260909_135814\raw\run_01\report.htm
2021.06.21 16:40:52,1197,USDJPY.DWX,buy,out,3.44,110.256,1818,-8.60,0.00,-1 001.52,129 932.68,sl 110.255,2021-06-21T16:40:52,2021-06-21T13:40:52Z,summer_US_DST,16,13,16,1198,D:\QM\reports\work_items\2fc84747-27db-5e88-9568-3fdda6c30769\QM5_41398\20260909_135814\raw\run_01\report.htm
2021.06.22 08:18:14,1198,USDJPY.DWX,buy,in,4.22,110.471,1819,-10.55,0.00,0.00,129 922.13,BALKE_RANGE_BUY_STOP,2021-06-22T08:18:14,2021-06-22T05:18:14Z,summer_US_DST,8,5,8,1199,D:\QM\reports\work_items\2fc84747-27db-5e88-9568-3fdda6c30769\QM5_41398\20260909_135814\raw\run_01\report.htm
2021.06.22 19:00:00,1199,USDJPY.DWX,sell,out,4.22,110.748,1821,-10.55,0.00,1 055.50,130 967.08,qm_tm_close,2021-06-22T19:00:00,2021-06-22T16:00:00Z,summer_US_DST,19,16,19,1200,D:\QM\reports\work_items\2fc84747-27db-5e88-9568-3fdda6c30769\QM5_41398\20260909_135814\raw\run_01\report.htm
2021.06.23 08:28:58,1200,USDJPY.DWX,buy,in,5.37,110.852,1822,-13.43,0.00,0.00,130 953.65,BALKE_RANGE_BUY_STOP,2021-06-23T08:28:58,2021-06-23T05:28:58Z,summer_US_DST,8,5,8,1201,D:\QM\reports\work_items\2fc84747-27db-5e88-9568-3fdda6c30769\QM5_41398\20260909_135814\raw\run_01\report.htm
2021.06.23 14:34:23,1201,USDJPY.DWX,sell,out,5.37,110.879,1824,-13.43,0.00,130.76,131 070.98,sl 110.879,2021-06-23T14:34:23,2021-06-23T11:34:23Z,summer_US_DST,14,11,14,1202,D:\QM\reports\work_items\2fc84747-27db-5e88-9568-3fdda6c30769\QM5_41398\20260909_135814\raw\run_01\report.htm
2021.06.24 07:52:37,1202,USDJPY.DWX,sell,in,7.12,110.958,1826,-17.80,0.00,0.00,131 053.18,BALKE_RANGE_SELL_STOP,2021-06-24T07:52:37,2021-06-24T04:52:37Z,summer_US_DST,7,4,7,1203,D:\QM\reports\work_items\2fc84747-27db-5e88-9568-3fdda6c30769\QM5_41398\20260909_135814\raw\run_01\report.htm
2021.06.24 11:01:13,1203,USDJPY.DWX,buy,out,7.12,110.918,1827,-17.80,0.00,256.77,131 292.15,sl 110.918,2021-06-24T11:01:13,2021-06-24T08:01:13Z,summer_US_DST,11,8,11,1204,D:\QM\reports\work_items\2fc84747-27db-5e88-9568-3fdda6c30769\QM5_41398\20260909_135814\raw\run_01\report.htm
2021.06.25 07:10:55,1204,USDJPY.DWX,sell,in,7.98,110.844,1829,-19.95,0.00,0.00,131 272.20,BALKE_RANGE_SELL_STOP,2021-06-25T07:10:55,2021-06-25T04:10:55Z,summer_US_DST,7,4,7,1205,D:\QM\reports\work_items\2fc84747-27db-5e88-9568-3fdda6c30769\QM5_41398\20260909_135814\raw\run_01\report.htm
2021.06.25 13:00:13,1205,USDJPY.DWX,buy,out,7.98,110.769,1830,-19.95,0.00,540.31,131 792.56,sl 110.769,2021-06-25T13:00:13,2021-06-25T10:00:13Z,summer_US_DST,13,10,13,1206,D:\QM\reports\work_items\2fc84747-27db-5e88-9568-3fdda6c30769\QM5_41398\20260909_135814\raw\run_01\report.htm
2021.06.28 06:57:06,1206,USDJPY.DWX,sell,in,5.92,110.651,1832,-14.80,0.00,0.00,131 777.76,BALKE_RANGE_SELL_STOP,2021-06-28T06:57:06,2021-06-28T03:57:06Z,summer_US_DST,6,3,6,1207,D:\QM\reports\work_items\2fc84747-27db-5e88-9568-3fdda6c30769\QM5_41398\20260909_135814\raw\run_01\report.htm
2021.06.28 14:30:21,1207,USDJPY.DWX,buy,out,5.92,110.838,1833,-14.80,0.00,-998.79,130 764.17,sl 110.838,2021-06-28T14:30:21,2021-06-28T11:30:21Z,summer_US_DST,14,11,14,1208,D:\QM\reports\work_items\2fc84747-27db-5e88-9568-3fdda6c30769\QM5_41398\20260909_135814\raw\run_01\report.htm
2021.06.29 10:10:12,1208,USDJPY.DWX,buy,in,5.84,110.642,1834,-14.60,0.00,0.00,130 749.57,BALKE_RANGE_BUY_STOP,2021-06-29T10:10:12,2021-06-29T07:10:12Z,summer_US_DST,10,7,10,1209,D:\QM\reports\work_items\2fc84747-27db-5e88-9568-3fdda6c30769\QM5_41398\20260909_135814\raw\run_01\report.htm
2021.06.29 17:24:12,1209,USDJPY.DWX,sell,out,5.84,110.450,1836,-14.60,0.00,-1 015.19,129 719.78,sl 110.451,2021-06-29T17:24:12,2021-06-29T14:24:12Z,summer_US_DST,17,14,17,1210,D:\QM\reports\work_items\2fc84747-27db-5e88-9568-3fdda6c30769\QM5_41398\20260909_135814\raw\run_01\report.htm
2021.06.30 11:36:43,1210,USDJPY.DWX,sell,in,7.13,110.441,1838,-17.83,0.00,0.00,129 701.95,BALKE_RANGE_SELL_STOP,2021-06-30T11:36:43,2021-06-30T08:36:43Z,summer_US_DST,11,8,11,1211,D:\QM\reports\work_items\2fc84747-27db-5e88-9568-3fdda6c30769\QM5_41398\20260909_135814\raw\run_01\report.htm
2021.06.30 15:11:07,1211,USDJPY.DWX,buy,out,7.13,110.596,1839,-17.83,0.00,-999.27,128 684.85,sl 110.596,2021-06-30T15:11:07,2021-06-30T12:11:07Z,summer_US_DST,15,12,15,1212,D:\QM\reports\work_items\2fc84747-27db-5e88-9568-3fdda6c30769\QM5_41398\20260909_135814\raw\run_01\report.htm
2021.07.01 09:07:13,1212,USDJPY.DWX,buy,in,8.1,111.163,1840,-20.25,0.00,0.00,128 664.60,BALKE_RANGE_BUY_STOP,2021-07-01T09:07:13,2021-07-01T06:07:13Z,summer_US_DST,9,6,9,1213,D:\QM\reports\work_items\2fc84747-27db-5e88-9568-3fdda6c30769\QM5_41398\20260909_135814\raw\run_01\report.htm
2021.07.01 14:16:15,1213,USDJPY.DWX,sell,out,8.1,111.379,1842,-20.25,0.00,1 570.85,130 215.20,sl 111.379,2021-07-01T14:16:15,2021-07-01T11:16:15Z,summer_US_DST,14,11,14,1214,D:\QM\reports\work_items\2fc84747-27db-5e88-9568-3fdda6c30769\QM5_41398\20260909_135814\raw\run_01\report.htm
2021.07.02 10:01:01,1214,USDJPY.DWX,buy,in,10.32,111.658,1843,-25.80,0.00,0.00,130 189.40,BALKE_RANGE_BUY_STOP,2021-07-02T10:01:01,2021-07-02T07:01:01Z,summer_US_DST,10,7,10,1215,D:\QM\reports\work_items\2fc84747-27db-5e88-9568-3fdda6c30769\QM5_41398\20260909_135814\raw\run_01\report.htm
2021.07.02 11:05:04,1215,USDJPY.DWX,sell,out,10.32,111.550,1845,-25.80,0.00,-999.16,129 164.44,sl 111.550,2021-07-02T11:05:04,2021-07-02T08:05:04Z,summer_US_DST,11,8,11,1216,D:\QM\reports\work_items\2fc84747-27db-5e88-9568-3fdda6c30769\QM5_41398\20260909_135814\raw\run_01\report.htm
2021.07.05 09:37:37,1216,USDJPY.DWX,sell,in,7.94,111.050,1847,-19.85,0.00,0.00,129 144.59,BALKE_RANGE_SELL_STOP,2021-07-05T09:37:37,2021-07-05T06:37:37Z,summer_US_DST,9,6,9,1217,D:\QM\reports\work_items\2fc84747-27db-5e88-9568-3fdda6c30769\QM5_41398\20260909_135814\raw\run_01\report.htm
2021.07.05 15:14:25,1217,USDJPY.DWX,buy,out,7.94,110.882,1848,-19.85,0.00,1 203.01,130 327.75,sl 110.882,2021-07-05T15:14:25,2021-07-05T12:14:25Z,summer_US_DST,15,12,15,1218,D:\QM\reports\work_items\2fc84747-27db-5e88-9568-3fdda6c30769\QM5_41398\20260909_135814\raw\run_01\report.htm
2021.07.06 09:02:45,1218,USDJPY.DWX,sell,in,7.7,110.786,1850,-19.25,0.00,0.00,130 308.50,BALKE_RANGE_SELL_STOP,2021-07-06T09:02:45,2021-07-06T06:02:45Z,summer_US_DST,9,6,9,1219,D:\QM\reports\work_items\2fc84747-27db-5e88-9568-3fdda6c30769\QM5_41398\20260909_135814\raw\run_01\report.htm
2021.07.06 16:01:20,1219,USDJPY.DWX,buy,out,7.7,110.739,1851,-19.25,0.00,326.80,130 616.05,sl 110.739,2021-07-06T16:01:20,2021-07-06T13:01:20Z,summer_US_DST,16,13,16,1220,D:\QM\reports\work_items\2fc84747-27db-5e88-9568-3fdda6c30769\QM5_41398\20260909_135814\raw\run_01\report.htm
2021.07.07 06:37:38,1220,USDJPY.DWX,buy,in,5.15,110.608,1852,-12.88,0.00,0.00,130 603.17,BALKE_RANGE_BUY_STOP,2021-07-07T06:37:38,2021-07-07T03:37:38Z,summer_US_DST,6,3,6,1221,D:\QM\reports\work_items\2fc84747-27db-5e88-9568-3fdda6c30769\QM5_41398\20260909_135814\raw\run_01\report.htm
2021.07.07 18:00:00,1221,USDJPY.DWX,sell,out,5.15,110.660,1854,-12.88,0.00,242.00,130 832.29,qm_tm_close,2021-07-07T18:00:00,2021-07-07T15:00:00Z,summer_US_DST,18,15,18,1222,D:\QM\reports\work_items\2fc84747-27db-5e88-9568-3fdda6c30769\QM5_41398\20260909_135814\raw\run_01\report.htm
2021.07.08 08:16:18,1222,USDJPY.DWX,sell,in,4.91,110.422,1856,-12.28,0.00,0.00,130 820.01,BALKE_RANGE_SELL_STOP,2021-07-08T08:16:18,2021-07-08T05:16:18Z,summer_US_DST,8,5,8,1223,D:\QM\reports\work_items\2fc84747-27db-5e88-9568-3fdda6c30769\QM5_41398\20260909_135814\raw\run_01\report.htm
2021.07.08 18:00:00,1223,USDJPY.DWX,buy,out,4.91,109.574,1857,-12.28,0.00,3 799.88,134 607.61,qm_tm_close,2021-07-08T18:00:00,2021-07-08T15:00:00Z,summer_US_DST,18,15,18,1224,D:\QM\reports\work_items\2fc84747-27db-5e88-9568-3fdda6c30769\QM5_41398\20260909_135814\raw\run_01\report.htm
2021.07.09 06:06:15,1224,USDJPY.DWX,buy,in,6.3,109.936,1858,-15.75,0.00,0.00,134 591.86,BALKE_RANGE_BUY_STOP,2021-07-09T06:06:15,2021-07-09T03:06:15Z,summer_US_DST,6,3,6,1225,D:\QM\reports\work_items\2fc84747-27db-5e88-9568-3fdda6c30769\QM5_41398\20260909_135814\raw\run_01\report.htm
2021.07.09 13:06:56,1225,USDJPY.DWX,sell,out,6.3,109.998,1860,-15.75,0.00,355.10,134 931.21,sl 109.998,2021-07-09T13:06:56,2021-07-09T10:06:56Z,summer_US_DST,13,10,13,1226,D:\QM\reports\work_items\2fc84747-27db-5e88-9568-3fdda6c30769\QM5_41398\20260909_135814\raw\run_01\report.htm
2021.07.12 10:03:32,1226,USDJPY.DWX,buy,in,4.56,110.251,1861,-11.40,0.00,0.00,134 919.81,BALKE_RANGE_BUY_STOP,2021-07-12T10:03:32,2021-07-12T07:03:32Z,summer_US_DST,10,7,10,1227,D:\QM\reports\work_items\2fc84747-27db-5e88-9568-3fdda6c30769\QM5_41398\20260909_135814\raw\run_01\report.htm
2021.07.12 10:51:51,1227,USDJPY.DWX,sell,out,4.56,110.010,1863,-11.40,0.00,-998.96,133 909.45,sl 110.010,2021-07-12T10:51:51,2021-07-12T07:51:51Z,summer_US_DST,10,7,10,1228,D:\QM\reports\work_items\2fc84747-27db-5e88-9568-3fdda6c30769\QM5_41398\20260909_135814\raw\run_01\report.htm
2021.07.13 08:36:36,1228,USDJPY.DWX,buy,in,7.11,110.442,1864,-17.78,0.00,0.00,133 891.67,BALKE_RANGE_BUY_STOP,2021-07-13T08:36:36,2021-07-13T05:36:36Z,summer_US_DST,8,5,8,1229,D:\QM\reports\work_items\2fc84747-27db-5e88-9568-3fdda6c30769\QM5_41398\20260909_135814\raw\run_01\report.htm
2021.07.13 12:48:11,1229,USDJPY.DWX,sell,out,7.11,110.287,1866,-17.78,0.00,-999.26,132 874.63,sl 110.287,2021-07-13T12:48:11,2021-07-13T09:48:11Z,summer_US_DST,12,9,12,1230,D:\QM\reports\work_items\2fc84747-27db-5e88-9568-3fdda6c30769\QM5_41398\20260909_135814\raw\run_01\report.htm
2021.07.14 07:16:56,1230,USDJPY.DWX,sell,in,4.71,110.463,1868,-11.78,0.00,0.00,132 862.85,BALKE_RANGE_SELL_STOP,2021-07-14T07:16:56,2021-07-14T04:16:56Z,summer_US_DST,7,4,7,1231,D:\QM\reports\work_items\2fc84747-27db-5e88-9568-3fdda6c30769\QM5_41398\20260909_135814\raw\run_01\report.htm
2021.07.14 18:00:00,1231,USDJPY.DWX,buy,out,4.71,110.088,1869,-11.78,0.00,1 604.40,134 455.47,qm_tm_close,2021-07-14T18:00:00,2021-07-14T15:00:00Z,summer_US_DST,18,15,18,1232,D:\QM\reports\work_items\2fc84747-27db-5e88-9568-3fdda6c30769\QM5_41398\20260909_135814\raw\run_01\report.htm
2021.07.15 09:00:12,1232,USDJPY.DWX,sell,in,5.64,109.818,1871,-14.10,0.00,0.00,134 441.37,BALKE_RANGE_SELL_STOP,2021-07-15T09:00:12,2021-07-15T06:00:12Z,summer_US_DST,9,6,9,1233,D:\QM\reports\work_items\2fc84747-27db-5e88-9568-3fdda6c30769\QM5_41398\20260909_135814\raw\run_01\report.htm
2021.07.15 14:19:09,1233,USDJPY.DWX,buy,out,5.64,110.013,1872,-14.10,0.00,-999.70,133 427.57,sl 110.013,2021-07-15T14:19:09,2021-07-15T11:19:09Z,summer_US_DST,14,11,14,1234,D:\QM\reports\work_items\2fc84747-27db-5e88-9568-3fdda6c30769\QM5_41398\20260909_135814\raw\run_01\report.htm
2021.07.19 06:33:36,1234,USDJPY.DWX,buy,in,11.44,109.946,1873,-28.60,0.00,0.00,133 398.97,BALKE_RANGE_BUY_STOP,2021-07-19T06:33:36,2021-07-19T03:33:36Z,summer_US_DST,6,3,6,1235,D:\QM\reports\work_items\2fc84747-27db-5e88-9568-3fdda6c30769\QM5_41398\20260909_135814\raw\run_01\report.htm
2021.07.19 10:35:32,1235,USDJPY.DWX,sell,out,11.44,109.849,1875,-28.60,0.00,-1 010.19,132 360.18,sl 109.850,2021-07-19T10:35:32,2021-07-19T07:35:32Z,summer_US_DST,10,7,10,1236,D:\QM\reports\work_items\2fc84747-27db-5e88-9568-3fdda6c30769\QM5_41398\20260909_135814\raw\run_01\report.htm
2021.07.20 06:05:40,1236,USDJPY.DWX,buy,in,11.4,109.571,1876,-28.50,0.00,0.00,132 331.68,BALKE_RANGE_BUY_STOP,2021-07-20T06:05:40,2021-07-20T03:05:40Z,summer_US_DST,6,3,6,1237,D:\QM\reports\work_items\2fc84747-27db-5e88-9568-3fdda6c30769\QM5_41398\20260909_135814\raw\run_01\report.htm
2021.07.20 06:37:39,1237,USDJPY.DWX,sell,out,11.4,109.475,1878,-28.50,0.00,-999.68,131 303.50,sl 109.475,2021-07-20T06:37:39,2021-07-20T03:37:39Z,summer_US_DST,6,3,6,1238,D:\QM\reports\work_items\2fc84747-27db-5e88-9568-3fdda6c30769\QM5_41398\20260909_135814\raw\run_01\report.htm
2021.07.21 09:13:26,1238,USDJPY.DWX,sell,in,8.72,109.854,1880,-21.80,0.00,0.00,131 281.70,BALKE_RANGE_SELL_STOP,2021-07-21T09:13:26,2021-07-21T06:13:26Z,summer_US_DST,9,6,9,1239,D:\QM\reports\work_items\2fc84747-27db-5e88-9568-3fdda6c30769\QM5_41398\20260909_135814\raw\run_01\report.htm
2021.07.21 10:26:44,1239,USDJPY.DWX,buy,out,8.72,109.980,1881,-21.80,0.00,-999.02,130 260.88,sl 109.980,2021-07-21T10:26:44,2021-07-21T07:26:44Z,summer_US_DST,10,7,10,1240,D:\QM\reports\work_items\2fc84747-27db-5e88-9568-3fdda6c30769\QM5_41398\20260909_135814\raw\run_01\report.htm
2021.07.22 09:38:36,1240,USDJPY.DWX,sell,in,6.22,110.082,1883,-15.55,0.00,0.00,130 245.33,BALKE_RANGE_SELL_STOP,2021-07-22T09:38:36,2021-07-22T06:38:36Z,summer_US_DST,9,6,9,1241,D:\QM\reports\work_items\2fc84747-27db-5e88-9568-3fdda6c30769\QM5_41398\20260909_135814\raw\run_01\report.htm
2021.07.22 10:36:09,1241,USDJPY.DWX,buy,out,6.22,110.259,1884,-15.55,0.00,-998.50,129 231.28,sl 110.259,2021-07-22T10:36:09,2021-07-22T07:36:09Z,summer_US_DST,10,7,10,1242,D:\QM\reports\work_items\2fc84747-27db-5e88-9568-3fdda6c30769\QM5_41398\20260909_135814\raw\run_01\report.htm
2021.07.23 06:43:32,1242,USDJPY.DWX,buy,in,6.47,110.283,1885,-16.18,0.00,0.00,129 215.10,BALKE_RANGE_BUY_STOP,2021-07-23T06:43:32,2021-07-23T03:43:32Z,summer_US_DST,6,3,6,1243,D:\QM\reports\work_items\2fc84747-27db-5e88-9568-3fdda6c30769\QM5_41398\20260909_135814\raw\run_01\report.htm
2021.07.23 16:09:14,1243,USDJPY.DWX,sell,out,6.47,110.452,1887,-16.18,0.00,989.96,130 188.88,sl 110.452,2021-07-23T16:09:14,2021-07-23T13:09:14Z,summer_US_DST,16,13,16,1244,D:\QM\reports\work_items\2fc84747-27db-5e88-9568-3fdda6c30769\QM5_41398\20260909_135814\raw\run_01\report.htm
2021.07.27 06:07:17,1244,USDJPY.DWX,sell,in,8.05,110.191,1889,-20.13,0.00,0.00,130 168.75,BALKE_RANGE_SELL_STOP,2021-07-27T06:07:17,2021-07-27T03:07:17Z,summer_US_DST,6,3,6,1245,D:\QM\reports\work_items\2fc84747-27db-5e88-9568-3fdda6c30769\QM5_41398\20260909_135814\raw\run_01\report.htm
2021.07.27 14:11:49,1245,USDJPY.DWX,buy,out,8.05,110.155,1890,-20.13,0.00,263.08,130 411.70,sl 110.155,2021-07-27T14:11:49,2021-07-27T11:11:49Z,summer_US_DST,14,11,14,1246,D:\QM\reports\work_items\2fc84747-27db-5e88-9568-3fdda6c30769\QM5_41398\20260909_135814\raw\run_01\report.htm
2021.07.28 06:44:19,1246,USDJPY.DWX,sell,in,7.09,109.756,1892,-17.73,0.00,0.00,130 393.97,BALKE_RANGE_SELL_STOP,2021-07-28T06:44:19,2021-07-28T03:44:19Z,summer_US_DST,6,3,6,1247,D:\QM\reports\work_items\2fc84747-27db-5e88-9568-3fdda6c30769\QM5_41398\20260909_135814\raw\run_01\report.htm
2021.07.28 10:51:25,1247,USDJPY.DWX,buy,out,7.09,109.911,1893,-17.73,0.00,-999.85,129 376.39,sl 109.911,2021-07-28T10:51:25,2021-07-28T07:51:25Z,summer_US_DST,10,7,10,1248,D:\QM\reports\work_items\2fc84747-27db-5e88-9568-3fdda6c30769\QM5_41398\20260909_135814\raw\run_01\report.htm
2021.07.29 08:31:52,1248,USDJPY.DWX,sell,in,5.36,109.684,1895,-13.40,0.00,0.00,129 362.99,BALKE_RANGE_SELL_STOP,2021-07-29T08:31:52,2021-07-29T05:31:52Z,summer_US_DST,8,5,8,1249,D:\QM\reports\work_items\2fc84747-27db-5e88-9568-3fdda6c30769\QM5_41398\20260909_135814\raw\run_01\report.htm
2021.07.29 10:02:40,1249,USDJPY.DWX,buy,out,5.36,109.889,1896,-13.40,0.00,-999.92,128 349.67,sl 109.889,2021-07-29T10:02:40,2021-07-29T07:02:40Z,summer_US_DST,10,7,10,1250,D:\QM\reports\work_items\2fc84747-27db-5e88-9568-3fdda6c30769\QM5_41398\20260909_135814\raw\run_01\report.htm
2021.07.30 09:29:29,1250,USDJPY.DWX,buy,in,4.44,109.606,1897,-11.10,0.00,0.00,128 338.57,BALKE_RANGE_BUY_STOP,2021-07-30T09:29:29,2021-07-30T06:29:29Z,summer_US_DST,9,6,9,1251,D:\QM\reports\work_items\2fc84747-27db-5e88-9568-3fdda6c30769\QM5_41398\20260909_135814\raw\run_01\report.htm
2021.07.30 18:00:00,1251,USDJPY.DWX,sell,out,4.44,109.761,1899,-11.10,0.00,627.00,128 954.47,qm_tm_close,2021-07-30T18:00:00,2021-07-30T15:00:00Z,summer_US_DST,18,15,18,1252,D:\QM\reports\work_items\2fc84747-27db-5e88-9568-3fdda6c30769\QM5_41398\20260909_135814\raw\run_01\report.htm
2021.08.02 10:24:00,1252,USDJPY.DWX,buy,in,7.77,109.741,1900,-19.43,0.00,0.00,128 935.04,BALKE_RANGE_BUY_STOP,2021-08-02T10:24:00,2021-08-02T07:24:00Z,summer_US_DST,10,7,10,1253,D:\QM\reports\work_items\2fc84747-27db-5e88-9568-3fdda6c30769\QM5_41398\20260909_135814\raw\run_01\report.htm
2021.08.02 12:54:29,1253,USDJPY.DWX,sell,out,7.77,109.600,1902,-19.43,0.00,-999.61,127 916.00,sl 109.600,2021-08-02T12:54:29,2021-08-02T09:54:29Z,summer_US_DST,12,9,12,1254,D:\QM\reports\work_items\2fc84747-27db-5e88-9568-3fdda6c30769\QM5_41398\20260909_135814\raw\run_01\report.htm
2021.08.03 07:16:14,1254,USDJPY.DWX,sell,in,7.64,109.190,1904,-19.10,0.00,0.00,127 896.90,BALKE_RANGE_SELL_STOP,2021-08-03T07:16:14,2021-08-03T04:16:14Z,summer_US_DST,7,4,7,1255,D:\QM\reports\work_items\2fc84747-27db-5e88-9568-3fdda6c30769\QM5_41398\20260909_135814\raw\run_01\report.htm
2021.08.03 18:00:00,1255,USDJPY.DWX,buy,out,7.64,108.952,1905,-19.10,0.00,1 668.92,129 546.72,qm_tm_close,2021-08-03T18:00:00,2021-08-03T15:00:00Z,summer_US_DST,18,15,18,1256,D:\QM\reports\work_items\2fc84747-27db-5e88-9568-3fdda6c30769\QM5_41398\20260909_135814\raw\run_01\report.htm
2021.08.04 09:13:05,1256,USDJPY.DWX,buy,in,5.91,109.109,1906,-14.78,0.00,0.00,129 531.94,BALKE_RANGE_BUY_STOP,2021-08-04T09:13:05,2021-08-04T06:13:05Z,summer_US_DST,9,6,9,1257,D:\QM\reports\work_items\2fc84747-27db-5e88-9568-3fdda6c30769\QM5_41398\20260909_135814\raw\run_01\report.htm
2021.08.04 15:15:03,1257,USDJPY.DWX,sell,out,5.91,108.924,1908,-14.78,0.00,-1 003.77,128 513.39,sl 108.925,2021-08-04T15:15:03,2021-08-04T12:15:03Z,summer_US_DST,15,12,15,1258,D:\QM\reports\work_items\2fc84747-27db-5e88-9568-3fdda6c30769\QM5_41398\20260909_135814\raw\run_01\report.htm
2021.08.05 09:36:55,1258,USDJPY.DWX,buy,in,5.36,109.717,1909,-13.40,0.00,0.00,128 499.99,BALKE_RANGE_BUY_STOP,2021-08-05T09:36:55,2021-08-05T06:36:55Z,summer_US_DST,9,6,9,1259,D:\QM\reports\work_items\2fc84747-27db-5e88-9568-3fdda6c30769\QM5_41398\20260909_135814\raw\run_01\report.htm
2021.08.05 13:18:58,1259,USDJPY.DWX,sell,out,5.36,109.513,1911,-13.40,0.00,-998.46,127 488.13,sl 109.513,2021-08-05T13:18:58,2021-08-05T10:18:58Z,summer_US_DST,13,10,13,1260,D:\QM\reports\work_items\2fc84747-27db-5e88-9568-3fdda6c30769\QM5_41398\20260909_135814\raw\run_01\report.htm
2021.08.06 09:46:12,1260,USDJPY.DWX,sell,in,7.63,109.741,1913,-19.08,0.00,0.00,127 469.05,BALKE_RANGE_SELL_STOP,2021-08-06T09:46:12,2021-08-06T06:46:12Z,summer_US_DST,9,6,9,1261,D:\QM\reports\work_items\2fc84747-27db-5e88-9568-3fdda6c30769\QM5_41398\20260909_135814\raw\run_01\report.htm
2021.08.06 15:30:01,1261,USDJPY.DWX,buy,out,7.63,109.891,1914,-19.08,0.00,-1 041.49,126 408.48,sl 109.886,2021-08-06T15:30:01,2021-08-06T12:30:01Z,summer_US_DST,15,12,15,1262,D:\QM\reports\work_items\2fc84747-27db-5e88-9568-3fdda6c30769\QM5_41398\20260909_135814\raw\run_01\report.htm
2021.08.09 08:22:09,1262,USDJPY.DWX,sell,in,8.68,110.188,1916,-21.70,0.00,0.00,126 386.78,BALKE_RANGE_SELL_STOP,2021-08-09T08:22:09,2021-08-09T05:22:09Z,summer_US_DST,8,5,8,1263,D:\QM\reports\work_items\2fc84747-27db-5e88-9568-3fdda6c30769\QM5_41398\20260909_135814\raw\run_01\report.htm
2021.08.09 17:02:12,1263,USDJPY.DWX,buy,out,8.68,110.157,1917,-21.70,0.00,244.27,126 609.35,sl 110.157,2021-08-09T17:02:12,2021-08-09T14:02:12Z,summer_US_DST,17,14,17,1264,D:\QM\reports\work_items\2fc84747-27db-5e88-9568-3fdda6c30769\QM5_41398\20260909_135814\raw\run_01\report.htm
2021.08.10 09:09:59,1264,USDJPY.DWX,buy,in,10.5,110.405,1918,-26.25,0.00,0.00,126 583.10,BALKE_RANGE_BUY_STOP,2021-08-10T09:09:59,2021-08-10T06:09:59Z,summer_US_DST,9,6,9,1265,D:\QM\reports\work_items\2fc84747-27db-5e88-9568-3fdda6c30769\QM5_41398\20260909_135814\raw\run_01\report.htm
2021.08.10 13:51:36,1265,USDJPY.DWX,sell,out,10.5,110.439,1920,-26.25,0.00,323.26,126 880.11,sl 110.439,2021-08-10T13:51:36,2021-08-10T10:51:36Z,summer_US_DST,13,10,13,1266,D:\QM\reports\work_items\2fc84747-27db-5e88-9568-3fdda6c30769\QM5_41398\20260909_135814\raw\run_01\report.htm
2021.08.11 08:57:57,1266,USDJPY.DWX,buy,in,10.84,110.686,1921,-27.10,0.00,0.00,126 853.01,BALKE_RANGE_BUY_STOP,2021-08-11T08:57:57,2021-08-11T05:57:57Z,summer_US_DST,8,5,8,1267,D:\QM\reports\work_items\2fc84747-27db-5e88-9568-3fdda6c30769\QM5_41398\20260909_135814\raw\run_01\report.htm
2021.08.11 13:16:39,1267,USDJPY.DWX,sell,out,10.84,110.744,1923,-27.10,0.00,567.72,127 393.63,sl 110.744,2021-08-11T13:16:39,2021-08-11T10:16:39Z,summer_US_DST,13,10,13,1268,D:\QM\reports\work_items\2fc84747-27db-5e88-9568-3fdda6c30769\QM5_41398\20260909_135814\raw\run_01\report.htm
2021.08.12 09:05:02,1268,USDJPY.DWX,buy,in,9.59,110.431,1924,-23.98,0.00,0.00,127 369.65,BALKE_RANGE_BUY_STOP,2021-08-12T09:05:02,2021-08-12T06:05:02Z,summer_US_DST,9,6,9,1269,D:\QM\reports\work_items\2fc84747-27db-5e88-9568-3fdda6c30769\QM5_41398\20260909_135814\raw\run_01\report.htm
2021.08.12 18:00:00,1269,USDJPY.DWX,sell,out,9.59,110.351,1926,-23.98,0.00,-695.24,126 650.43,qm_tm_close,2021-08-12T18:00:00,2021-08-12T15:00:00Z,summer_US_DST,18,15,18,1270,D:\QM\reports\work_items\2fc84747-27db-5e88-9568-3fdda6c30769\QM5_41398\20260909_135814\raw\run_01\report.htm
2021.08.13 09:23:53,1270,USDJPY.DWX,sell,in,12.41,110.369,1928,-31.03,0.00,0.00,126 619.40,BALKE_RANGE_SELL_STOP,2021-08-13T09:23:53,2021-08-13T06:23:53Z,summer_US_DST,9,6,9,1271,D:\QM\reports\work_items\2fc84747-27db-5e88-9568-3fdda6c30769\QM5_41398\20260909_135814\raw\run_01\report.htm
2021.08.13 18:00:01,1271,USDJPY.DWX,buy,out,12.41,109.870,1929,-31.03,0.00,5 636.29,132 224.66,qm_tm_close,2021-08-13T18:00:01,2021-08-13T15:00:01Z,summer_US_DST,18,15,18,1272,D:\QM\reports\work_items\2fc84747-27db-5e88-9568-3fdda6c30769\QM5_41398\20260909_135814\raw\run_01\report.htm
2021.08.17 07:26:30,1272,USDJPY.DWX,buy,in,7.97,109.339,1930,-19.93,0.00,0.00,132 204.73,BALKE_RANGE_BUY_STOP,2021-08-17T07:26:30,2021-08-17T04:26:30Z,summer_US_DST,7,4,7,1273,D:\QM\reports\work_items\2fc84747-27db-5e88-9568-3fdda6c30769\QM5_41398\20260909_135814\raw\run_01\report.htm
2021.08.17 10:06:08,1273,USDJPY.DWX,sell,out,7.97,109.201,1932,-19.93,0.00,-1 007.19,131 177.61,sl 109.202,2021-08-17T10:06:08,2021-08-17T07:06:08Z,summer_US_DST,10,7,10,1274,D:\QM\reports\work_items\2fc84747-27db-5e88-9568-3fdda6c30769\QM5_41398\20260909_135814\raw\run_01\report.htm
2021.08.18 06:19:38,1274,USDJPY.DWX,buy,in,9.68,109.592,1933,-24.20,0.00,0.00,131 153.41,BALKE_RANGE_BUY_STOP,2021-08-18T06:19:38,2021-08-18T03:19:38Z,summer_US_DST,6,3,6,1275,D:\QM\reports\work_items\2fc84747-27db-5e88-9568-3fdda6c30769\QM5_41398\20260909_135814\raw\run_01\report.htm
2021.08.18 18:00:00,1275,USDJPY.DWX,sell,out,9.68,109.885,1935,-24.20,0.00,2 581.10,133 710.31,qm_tm_close,2021-08-18T18:00:00,2021-08-18T15:00:00Z,summer_US_DST,18,15,18,1276,D:\QM\reports\work_items\2fc84747-27db-5e88-9568-3fdda6c30769\QM5_41398\20260909_135814\raw\run_01\report.htm
2021.08.23 06:00:34,1276,USDJPY.DWX,sell,in,9.31,109.815,1937,-23.28,0.00,0.00,133 687.03,BALKE_RANGE_SELL_STOP,2021-08-23T06:00:34,2021-08-23T03:00:34Z,summer_US_DST,6,3,6,1277,D:\QM\reports\work_items\2fc84747-27db-5e88-9568-3fdda6c30769\QM5_41398\20260909_135814\raw\run_01\report.htm
2021.08.23 08:57:47,1277,USDJPY.DWX,buy,out,9.31,109.933,1938,-23.28,0.00,-999.32,132 664.43,sl 109.933,2021-08-23T08:57:47,2021-08-23T05:57:47Z,summer_US_DST,8,5,8,1278,D:\QM\reports\work_items\2fc84747-27db-5e88-9568-3fdda6c30769\QM5_41398\20260909_135814\raw\run_01\report.htm
2021.08.24 07:46:08,1278,USDJPY.DWX,buy,in,8.12,109.775,1939,-20.30,0.00,0.00,132 644.13,BALKE_RANGE_BUY_STOP,2021-08-24T07:46:08,2021-08-24T04:46:08Z,summer_US_DST,7,4,7,1279,D:\QM\reports\work_items\2fc84747-27db-5e88-9568-3fdda6c30769\QM5_41398\20260909_135814\raw\run_01\report.htm
2021.08.24 15:15:48,1279,USDJPY.DWX,sell,out,8.12,109.640,1941,-20.30,0.00,-999.82,131 624.01,sl 109.640,2021-08-24T15:15:48,2021-08-24T12:15:48Z,summer_US_DST,15,12,15,1280,D:\QM\reports\work_items\2fc84747-27db-5e88-9568-3fdda6c30769\QM5_41398\20260909_135814\raw\run_01\report.htm
2021.08.25 08:31:16,1280,USDJPY.DWX,sell,in,7.62,109.722,1943,-19.05,0.00,0.00,131 604.96,BALKE_RANGE_SELL_STOP,2021-08-25T08:31:16,2021-08-25T05:31:16Z,summer_US_DST,8,5,8,1281,D:\QM\reports\work_items\2fc84747-27db-5e88-9568-3fdda6c30769\QM5_41398\20260909_135814\raw\run_01\report.htm
2021.08.25 14:08:21,1281,USDJPY.DWX,buy,out,7.62,109.867,1944,-19.05,0.00,-1 005.67,130 580.24,sl 109.867,2021-08-25T14:08:21,2021-08-25T11:08:21Z,summer_US_DST,14,11,14,1282,D:\QM\reports\work_items\2fc84747-27db-5e88-9568-3fdda6c30769\QM5_41398\20260909_135814\raw\run_01\report.htm
2021.08.26 06:06:24,1282,USDJPY.DWX,sell,in,7.38,109.964,1946,-18.45,0.00,0.00,130 561.79,BALKE_RANGE_SELL_STOP,2021-08-26T06:06:24,2021-08-26T03:06:24Z,summer_US_DST,6,3,6,1283,D:\QM\reports\work_items\2fc84747-27db-5e88-9568-3fdda6c30769\QM5_41398\20260909_135814\raw\run_01\report.htm
2021.08.26 09:55:36,1283,USDJPY.DWX,buy,out,7.38,110.113,1947,-18.45,0.00,-998.63,129 544.71,sl 110.113,2021-08-26T09:55:36,2021-08-26T06:55:36Z,summer_US_DST,9,6,9,1284,D:\QM\reports\work_items\2fc84747-27db-5e88-9568-3fdda6c30769\QM5_41398\20260909_135814\raw\run_01\report.htm
2021.08.27 07:33:28,1284,USDJPY.DWX,sell,in,8.53,109.955,1949,-21.33,0.00,0.00,129 523.38,BALKE_RANGE_SELL_STOP,2021-08-27T07:33:28,2021-08-27T04:33:28Z,summer_US_DST,7,4,7,1285,D:\QM\reports\work_items\2fc84747-27db-5e88-9568-3fdda6c30769\QM5_41398\20260909_135814\raw\run_01\report.htm
2021.08.27 10:33:11,1285,USDJPY.DWX,buy,out,8.53,110.084,1950,-21.33,0.00,-999.57,128 502.48,sl 110.084,2021-08-27T10:33:11,2021-08-27T07:33:11Z,summer_US_DST,10,7,10,1286,D:\QM\reports\work_items\2fc84747-27db-5e88-9568-3fdda6c30769\QM5_41398\20260909_135814\raw\run_01\report.htm
2021.08.30 14:31:58,1286,USDJPY.DWX,buy,in,6.26,109.877,1951,-15.65,0.00,0.00,128 486.83,BALKE_RANGE_BUY_STOP,2021-08-30T14:31:58,2021-08-30T11:31:58Z,summer_US_DST,14,11,14,1287,D:\QM\reports\work_items\2fc84747-27db-5e88-9568-3fdda6c30769\QM5_41398\20260909_135814\raw\run_01\report.htm
2021.08.30 18:00:00,1287,USDJPY.DWX,sell,out,6.26,109.891,1953,-15.65,0.00,79.75,128 550.93,qm_tm_close,2021-08-30T18:00:00,2021-08-30T15:00:00Z,summer_US_DST,18,15,18,1288,D:\QM\reports\work_items\2fc84747-27db-5e88-9568-3fdda6c30769\QM5_41398\20260909_135814\raw\run_01\report.htm
2021.08.31 08:31:16,1288,USDJPY.DWX,sell,in,8.45,109.832,1955,-21.13,0.00,0.00,128 529.80,BALKE_RANGE_SELL_STOP,2021-08-31T08:31:16,2021-08-31T05:31:16Z,summer_US_DST,8,5,8,1289,D:\QM\reports\work_items\2fc84747-27db-5e88-9568-3fdda6c30769\QM5_41398\20260909_135814\raw\run_01\report.htm
2021.08.31 18:00:00,1289,USDJPY.DWX,buy,out,8.45,109.857,1956,-21.13,0.00,-192.30,128 316.37,qm_tm_close,2021-08-31T18:00:00,2021-08-31T15:00:00Z,summer_US_DST,18,15,18,1290,D:\QM\reports\work_items\2fc84747-27db-5e88-9568-3fdda6c30769\QM5_41398\20260909_135814\raw\run_01\report.htm
2021.09.01 07:58:37,1290,USDJPY.DWX,buy,in,6.04,110.235,1957,-15.10,0.00,0.00,128 301.27,BALKE_RANGE_BUY_STOP,2021-09-01T07:58:37,2021-09-01T04:58:37Z,summer_US_DST,7,4,7,1291,D:\QM\reports\work_items\2fc84747-27db-5e88-9568-3fdda6c30769\QM5_41398\20260909_135814\raw\run_01\report.htm
2021.09.01 13:00:36,1291,USDJPY.DWX,sell,out,6.04,110.279,1959,-15.10,0.00,240.99,128 527.16,sl 110.279,2021-09-01T13:00:36,2021-09-01T10:00:36Z,summer_US_DST,13,10,13,1292,D:\QM\reports\work_items\2fc84747-27db-5e88-9568-3fdda6c30769\QM5_41398\20260909_135814\raw\run_01\report.htm
2021.09.06 06:56:44,1292,USDJPY.DWX,buy,in,12.05,109.837,1962,-30.13,0.00,0.00,128 497.03,BALKE_RANGE_BUY_STOP,2021-09-06T06:56:44,2021-09-06T03:56:44Z,summer_US_DST,6,3,6,1293,D:\QM\reports\work_items\2fc84747-27db-5e88-9568-3fdda6c30769\QM5_41398\20260909_135814\raw\run_01\report.htm
2021.09.06 13:47:41,1293,USDJPY.DWX,sell,out,12.05,109.865,1964,-30.13,0.00,307.10,128 774.00,sl 109.865,2021-09-06T13:47:41,2021-09-06T10:47:41Z,summer_US_DST,13,10,13,1294,D:\QM\reports\work_items\2fc84747-27db-5e88-9568-3fdda6c30769\QM5_41398\20260909_135814\raw\run_01\report.htm
2021.09.08 08:17:03,1294,USDJPY.DWX,buy,in,13.95,110.333,1965,-34.88,0.00,0.00,128 739.12,BALKE_RANGE_BUY_STOP,2021-09-08T08:17:03,2021-09-08T05:17:03Z,summer_US_DST,8,5,8,1295,D:\QM\reports\work_items\2fc84747-27db-5e88-9568-3fdda6c30769\QM5_41398\20260909_135814\raw\run_01\report.htm
2021.09.08 10:05:06,1295,USDJPY.DWX,sell,out,13.95,110.304,1967,-34.88,0.00,-366.76,128 337.48,sl 110.304,2021-09-08T10:05:06,2021-09-08T07:05:06Z,summer_US_DST,10,7,10,1296,D:\QM\reports\work_items\2fc84747-27db-5e88-9568-3fdda6c30769\QM5_41398\20260909_135814\raw\run_01\report.htm
2021.09.10 06:09:08,1296,USDJPY.DWX,buy,in,11.08,109.796,1968,-27.70,0.00,0.00,128 309.78,BALKE_RANGE_BUY_STOP,2021-09-10T06:09:08,2021-09-10T03:09:08Z,summer_US_DST,6,3,6,1297,D:\QM\reports\work_items\2fc84747-27db-5e88-9568-3fdda6c30769\QM5_41398\20260909_135814\raw\run_01\report.htm
2021.09.10 11:19:12,1297,USDJPY.DWX,sell,out,11.08,109.884,1970,-27.70,0.00,887.34,129 169.42,sl 109.884,2021-09-10T11:19:12,2021-09-10T08:19:12Z,summer_US_DST,11,8,11,1298,D:\QM\reports\work_items\2fc84747-27db-5e88-9568-3fdda6c30769\QM5_41398\20260909_135814\raw\run_01\report.htm
2021.09.13 07:58:29,1298,USDJPY.DWX,buy,in,12.48,109.977,1971,-31.20,0.00,0.00,129 138.22,BALKE_RANGE_BUY_STOP,2021-09-13T07:58:29,2021-09-13T04:58:29Z,summer_US_DST,7,4,7,1299,D:\QM\reports\work_items\2fc84747-27db-5e88-9568-3fdda6c30769\QM5_41398\20260909_135814\raw\run_01\report.htm
2021.09.13 14:37:35,1299,USDJPY.DWX,sell,out,12.48,110.090,1973,-31.20,0.00,1 280.99,130 388.01,sl 110.090,2021-09-13T14:37:35,2021-09-13T11:37:35Z,summer_US_DST,14,11,14,1300,D:\QM\reports\work_items\2fc84747-27db-5e88-9568-3fdda6c30769\QM5_41398\20260909_135814\raw\run_01\report.htm
2021.09.14 06:04:38,1300,USDJPY.DWX,buy,in,8.59,110.090,1974,-21.48,0.00,0.00,130 366.53,BALKE_RANGE_BUY_STOP,2021-09-14T06:04:38,2021-09-14T03:04:38Z,summer_US_DST,6,3,6,1301,D:\QM\reports\work_items\2fc84747-27db-5e88-9568-3fdda6c30769\QM5_41398\20260909_135814\raw\run_01\report.htm
2021.09.14 10:21:38,1301,USDJPY.DWX,sell,out,8.59,109.961,1976,-21.48,0.00,-1 007.73,129 337.32,sl 109.962,2021-09-14T10:21:38,2021-09-14T07:21:38Z,summer_US_DST,10,7,10,1302,D:\QM\reports\work_items\2fc84747-27db-5e88-9568-3fdda6c30769\QM5_41398\20260909_135814\raw\run_01\report.htm
2021.09.15 09:10:09,1302,USDJPY.DWX,sell,in,5.57,109.544,1978,-13.93,0.00,0.00,129 323.39,BALKE_RANGE_SELL_STOP,2021-09-15T09:10:09,2021-09-15T06:10:09Z,summer_US_DST,9,6,9,1303,D:\QM\reports\work_items\2fc84747-27db-5e88-9568-3fdda6c30769\QM5_41398\20260909_135814\raw\run_01\report.htm
2021.09.15 15:40:07,1303,USDJPY.DWX,buy,out,5.57,109.346,1979,-13.93,0.00,1 008.60,130 318.06,sl 109.345,2021-09-15T15:40:07,2021-09-15T12:40:07Z,summer_US_DST,15,12,15,1304,D:\QM\reports\work_items\2fc84747-27db-5e88-9568-3fdda6c30769\QM5_41398\20260909_135814\raw\run_01\report.htm
2021.09.20 09:17:46,1304,USDJPY.DWX,sell,in,6.11,109.856,1981,-15.28,0.00,0.00,130 302.78,BALKE_RANGE_SELL_STOP,2021-09-20T09:17:46,2021-09-20T06:17:46Z,summer_US_DST,9,6,9,1305,D:\QM\reports\work_items\2fc84747-27db-5e88-9568-3fdda6c30769\QM5_41398\20260909_135814\raw\run_01\report.htm
2021.09.20 16:14:10,1305,USDJPY.DWX,buy,out,6.11,109.593,1982,-15.28,0.00,1 466.27,131 753.77,sl 109.592,2021-09-20T16:14:10,2021-09-20T13:14:10Z,summer_US_DST,16,13,16,1306,D:\QM\reports\work_items\2fc84747-27db-5e88-9568-3fdda6c30769\QM5_41398\20260909_135814\raw\run_01\report.htm
2021.09.21 06:01:20,1306,USDJPY.DWX,buy,in,5.41,109.600,1983,-13.53,0.00,0.00,131 740.24,BALKE_RANGE_BUY_STOP,2021-09-21T06:01:20,2021-09-21T03:01:20Z,summer_US_DST,6,3,6,1307,D:\QM\reports\work_items\2fc84747-27db-5e88-9568-3fdda6c30769\QM5_41398\20260909_135814\raw\run_01\report.htm
2021.09.21 14:38:00,1307,USDJPY.DWX,sell,out,5.41,109.398,1985,-13.53,0.00,-998.94,130 727.77,sl 109.398,2021-09-21T14:38:00,2021-09-21T11:38:00Z,summer_US_DST,14,11,14,1308,D:\QM\reports\work_items\2fc84747-27db-5e88-9568-3fdda6c30769\QM5_41398\20260909_135814\raw\run_01\report.htm
2021.09.23 06:43:02,1308,USDJPY.DWX,sell,in,9.23,109.804,1987,-23.08,0.00,0.00,130 704.69,BALKE_RANGE_SELL_STOP,2021-09-23T06:43:02,2021-09-23T03:43:02Z,summer_US_DST,6,3,6,1309,D:\QM\reports\work_items\2fc84747-27db-5e88-9568-3fdda6c30769\QM5_41398\20260909_135814\raw\run_01\report.htm
2021.09.23 10:09:04,1309,USDJPY.DWX,buy,out,9.23,109.923,1988,-23.08,0.00,-999.22,129 682.39,sl 109.923,2021-09-23T10:09:04,2021-09-23T07:09:04Z,summer_US_DST,10,7,10,1310,D:\QM\reports\work_items\2fc84747-27db-5e88-9568-3fdda6c30769\QM5_41398\20260909_135814\raw\run_01\report.htm
2021.09.24 06:23:05,1310,USDJPY.DWX,buy,in,10.21,110.418,1989,-25.53,0.00,0.00,129 656.86,BALKE_RANGE_BUY_STOP,2021-09-24T06:23:05,2021-09-24T03:23:05Z,summer_US_DST,6,3,6,1311,D:\QM\reports\work_items\2fc84747-27db-5e88-9568-3fdda6c30769\QM5_41398\20260909_135814\raw\run_01\report.htm
2021.09.24 11:02:13,1311,USDJPY.DWX,sell,out,10.21,110.462,1991,-25.53,0.00,406.69,130 038.02,sl 110.462,2021-09-24T11:02:13,2021-09-24T08:02:13Z,summer_US_DST,11,8,11,1312,D:\QM\reports\work_items\2fc84747-27db-5e88-9568-3fdda6c30769\QM5_41398\20260909_135814\raw\run_01\report.htm
2021.09.27 06:02:10,1312,USDJPY.DWX,sell,in,5.65,110.609,1993,-14.13,0.00,0.00,130 023.89,BALKE_RANGE_SELL_STOP,2021-09-27T06:02:10,2021-09-27T03:02:10Z,summer_US_DST,6,3,6,1313,D:\QM\reports\work_items\2fc84747-27db-5e88-9568-3fdda6c30769\QM5_41398\20260909_135814\raw\run_01\report.htm
2021.09.27 11:21:40,1313,USDJPY.DWX,buy,out,5.65,110.806,1994,-14.13,0.00,-1 004.50,129 005.26,sl 110.805,2021-09-27T11:21:40,2021-09-27T08:21:40Z,summer_US_DST,11,8,11,1314,D:\QM\reports\work_items\2fc84747-27db-5e88-9568-3fdda6c30769\QM5_41398\20260909_135814\raw\run_01\report.htm
2021.09.29 06:01:19,1314,USDJPY.DWX,sell,in,4.13,111.411,1996,-10.33,0.00,0.00,128 994.93,BALKE_RANGE_SELL_STOP,2021-09-29T06:01:19,2021-09-29T03:01:19Z,summer_US_DST,6,3,6,1315,D:\QM\reports\work_items\2fc84747-27db-5e88-9568-3fdda6c30769\QM5_41398\20260909_135814\raw\run_01\report.htm
2021.09.29 17:14:02,1315,USDJPY.DWX,buy,out,4.13,111.682,1997,-10.33,0.00,-1 002.16,127 982.44,sl 111.681,2021-09-29T17:14:02,2021-09-29T14:14:02Z,summer_US_DST,17,14,17,1316,D:\QM\reports\work_items\2fc84747-27db-5e88-9568-3fdda6c30769\QM5_41398\20260909_135814\raw\run_01\report.htm
2021.09.30 07:19:39,1316,USDJPY.DWX,buy,in,7.5,111.944,1998,-18.75,0.00,0.00,127 963.69,BALKE_RANGE_BUY_STOP,2021-09-30T07:19:39,2021-09-30T04:19:39Z,summer_US_DST,7,4,7,1317,D:\QM\reports\work_items\2fc84747-27db-5e88-9568-3fdda6c30769\QM5_41398\20260909_135814\raw\run_01\report.htm
2021.09.30 16:27:45,1317,USDJPY.DWX,sell,out,7.5,111.795,2000,-18.75,0.00,-999.60,126 945.34,sl 111.795,2021-09-30T16:27:45,2021-09-30T13:27:45Z,summer_US_DST,16,13,16,1318,D:\QM\reports\work_items\2fc84747-27db-5e88-9568-3fdda6c30769\QM5_41398\20260909_135814\raw\run_01\report.htm
2021.10.01 06:47:26,1318,USDJPY.DWX,sell,in,4.33,111.229,2002,-10.83,0.00,0.00,126 934.51,BALKE_RANGE_SELL_STOP,2021-10-01T06:47:26,2021-10-01T03:47:26Z,summer_US_DST,6,3,6,1319,D:\QM\reports\work_items\2fc84747-27db-5e88-9568-3fdda6c30769\QM5_41398\20260909_135814\raw\run_01\report.htm
2021.10.01 18:00:00,1319,USDJPY.DWX,buy,out,4.33,110.959,2003,-10.83,0.00,1 053.63,127 977.31,qm_tm_close,2021-10-01T18:00:00,2021-10-01T15:00:00Z,summer_US_DST,18,15,18,1320,D:\QM\reports\work_items\2fc84747-27db-5e88-9568-3fdda6c30769\QM5_41398\20260909_135814\raw\run_01\report.htm
2021.10.04 06:02:18,1320,USDJPY.DWX,buy,in,5.08,111.101,2004,-12.70,0.00,0.00,127 964.61,BALKE_RANGE_BUY_STOP,2021-10-04T06:02:18,2021-10-04T03:02:18Z,summer_US_DST,6,3,6,1321,D:\QM\reports\work_items\2fc84747-27db-5e88-9568-3fdda6c30769\QM5_41398\20260909_135814\raw\run_01\report.htm
2021.10.04 17:39:02,1321,USDJPY.DWX,sell,out,5.08,110.883,2006,-12.70,0.00,-998.75,126 953.16,sl 110.883,2021-10-04T17:39:02,2021-10-04T14:39:02Z,summer_US_DST,17,14,17,1322,D:\QM\reports\work_items\2fc84747-27db-5e88-9568-3fdda6c30769\QM5_41398\20260909_135814\raw\run_01\report.htm
2021.10.05 06:00:49,1322,USDJPY.DWX,buy,in,4.43,111.119,2007,-11.08,0.00,0.00,126 942.08,BALKE_RANGE_BUY_STOP,2021-10-05T06:00:49,2021-10-05T03:00:49Z,summer_US_DST,6,3,6,1323,D:\QM\reports\work_items\2fc84747-27db-5e88-9568-3fdda6c30769\QM5_41398\20260909_135814\raw\run_01\report.htm
2021.10.05 18:00:00,1323,USDJPY.DWX,sell,out,4.43,111.543,2009,-11.08,0.00,1 683.94,128 614.94,qm_tm_close,2021-10-05T18:00:00,2021-10-05T15:00:00Z,summer_US_DST,18,15,18,1324,D:\QM\reports\work_items\2fc84747-27db-5e88-9568-3fdda6c30769\QM5_41398\20260909_135814\raw\run_01\report.htm
2021.10.06 06:21:54,1324,USDJPY.DWX,buy,in,7.01,111.646,2010,-17.53,0.00,0.00,128 597.41,BALKE_RANGE_BUY_STOP,2021-10-06T06:21:54,2021-10-06T03:21:54Z,summer_US_DST,6,3,6,1325,D:\QM\reports\work_items\2fc84747-27db-5e88-9568-3fdda6c30769\QM5_41398\20260909_135814\raw\run_01\report.htm
2021.10.06 11:50:25,1325,USDJPY.DWX,sell,out,7.01,111.486,2012,-17.53,0.00,-1 006.05,127 573.83,sl 111.487,2021-10-06T11:50:25,2021-10-06T08:50:25Z,summer_US_DST,11,8,11,1326,D:\QM\reports\work_items\2fc84747-27db-5e88-9568-3fdda6c30769\QM5_41398\20260909_135814\raw\run_01\report.htm
2021.10.07 09:01:11,1326,USDJPY.DWX,buy,in,5.65,111.508,2013,-14.13,0.00,0.00,127 559.70,BALKE_RANGE_BUY_STOP,2021-10-07T09:01:11,2021-10-07T06:01:11Z,summer_US_DST,9,6,9,1327,D:\QM\reports\work_items\2fc84747-27db-5e88-9568-3fdda6c30769\QM5_41398\20260909_135814\raw\run_01\report.htm
2021.10.07 10:15:51,1327,USDJPY.DWX,sell,out,5.65,111.311,2015,-14.13,0.00,-999.95,126 545.62,sl 111.311,2021-10-07T10:15:51,2021-10-07T07:15:51Z,summer_US_DST,10,7,10,1328,D:\QM\reports\work_items\2fc84747-27db-5e88-9568-3fdda6c30769\QM5_41398\20260909_135814\raw\run_01\report.htm
2021.10.12 06:02:29,1328,USDJPY.DWX,sell,in,4.7,113.244,2017,-11.75,0.00,0.00,126 533.87,BALKE_RANGE_SELL_STOP,2021-10-12T06:02:29,2021-10-12T03:02:29Z,summer_US_DST,6,3,6,1329,D:\QM\reports\work_items\2fc84747-27db-5e88-9568-3fdda6c30769\QM5_41398\20260909_135814\raw\run_01\report.htm
2021.10.12 15:25:52,1329,USDJPY.DWX,buy,out,4.7,113.486,2018,-11.75,0.00,-1 002.24,125 519.88,sl 113.486,2021-10-12T15:25:52,2021-10-12T12:25:52Z,summer_US_DST,15,12,15,1330,D:\QM\reports\work_items\2fc84747-27db-5e88-9568-3fdda6c30769\QM5_41398\20260909_135814\raw\run_01\report.htm
2021.10.13 10:11:36,1330,USDJPY.DWX,buy,in,4.74,113.587,2019,-11.85,0.00,0.00,125 508.03,BALKE_RANGE_BUY_STOP,2021-10-13T10:11:36,2021-10-13T07:11:36Z,summer_US_DST,10,7,10,1331,D:\QM\reports\work_items\2fc84747-27db-5e88-9568-3fdda6c30769\QM5_41398\20260909_135814\raw\run_01\report.htm
2021.10.13 16:39:38,1331,USDJPY.DWX,sell,out,4.74,113.345,2021,-11.85,0.00,-1 012.03,124 484.15,sl 113.347,2021-10-13T16:39:38,2021-10-13T13:39:38Z,summer_US_DST,16,13,16,1332,D:\QM\reports\work_items\2fc84747-27db-5e88-9568-3fdda6c30769\QM5_41398\20260909_135814\raw\run_01\report.htm
2021.10.14 06:15:12,1332,USDJPY.DWX,buy,in,4.25,113.542,2022,-10.63,0.00,0.00,124 473.52,BALKE_RANGE_BUY_STOP,2021-10-14T06:15:12,2021-10-14T03:15:12Z,summer_US_DST,6,3,6,1333,D:\QM\reports\work_items\2fc84747-27db-5e88-9568-3fdda6c30769\QM5_41398\20260909_135814\raw\run_01\report.htm
2021.10.14 18:00:00,1333,USDJPY.DWX,sell,out,4.25,113.696,2024,-10.63,0.00,575.66,125 038.55,qm_tm_close,2021-10-14T18:00:00,2021-10-14T15:00:00Z,summer_US_DST,18,15,18,1334,D:\QM\reports\work_items\2fc84747-27db-5e88-9568-3fdda6c30769\QM5_41398\20260909_135814\raw\run_01\report.htm
2021.10.15 06:31:14,1334,USDJPY.DWX,buy,in,8.36,113.947,2025,-20.90,0.00,0.00,125 017.65,BALKE_RANGE_BUY_STOP,2021-10-15T06:31:14,2021-10-15T03:31:14Z,summer_US_DST,6,3,6,1335,D:\QM\reports\work_items\2fc84747-27db-5e88-9568-3fdda6c30769\QM5_41398\20260909_135814\raw\run_01\report.htm
2021.10.15 17:29:28,1335,USDJPY.DWX,sell,out,8.36,114.265,2027,-20.90,0.00,2 326.59,127 323.34,sl 114.265,2021-10-15T17:29:28,2021-10-15T14:29:28Z,summer_US_DST,17,14,17,1336,D:\QM\reports\work_items\2fc84747-27db-5e88-9568-3fdda6c30769\QM5_41398\20260909_135814\raw\run_01\report.htm
2021.10.18 06:32:07,1336,USDJPY.DWX,buy,in,3.49,114.339,2028,-8.73,0.00,0.00,127 314.61,BALKE_RANGE_BUY_STOP,2021-10-18T06:32:07,2021-10-18T03:32:07Z,summer_US_DST,6,3,6,1337,D:\QM\reports\work_items\2fc84747-27db-5e88-9568-3fdda6c30769\QM5_41398\20260909_135814\raw\run_01\report.htm
2021.10.18 18:00:01,1337,USDJPY.DWX,sell,out,3.49,114.239,2030,-8.73,0.00,-305.50,127 000.38,qm_tm_close,2021-10-18T18:00:01,2021-10-18T15:00:01Z,summer_US_DST,18,15,18,1338,D:\QM\reports\work_items\2fc84747-27db-5e88-9568-3fdda6c30769\QM5_41398\20260909_135814\raw\run_01\report.htm
2021.10.21 06:49:12,1338,USDJPY.DWX,sell,in,6.18,114.222,2032,-15.45,0.00,0.00,126 984.93,BALKE_RANGE_SELL_STOP,2021-10-21T06:49:12,2021-10-21T03:49:12Z,summer_US_DST,6,3,6,1339,D:\QM\reports\work_items\2fc84747-27db-5e88-9568-3fdda6c30769\QM5_41398\20260909_135814\raw\run_01\report.htm
2021.10.21 10:59:29,1339,USDJPY.DWX,buy,out,6.18,114.129,2033,-15.45,0.00,503.59,127 473.07,sl 114.128,2021-10-21T10:59:29,2021-10-21T07:59:29Z,summer_US_DST,10,7,10,1340,D:\QM\reports\work_items\2fc84747-27db-5e88-9568-3fdda6c30769\QM5_41398\20260909_135814\raw\run_01\report.htm
2021.10.22 12:58:04,1340,USDJPY.DWX,sell,in,3.11,113.839,2035,-7.78,0.00,0.00,127 465.29,BALKE_RANGE_SELL_STOP,2021-10-22T12:58:04,2021-10-22T09:58:04Z,summer_US_DST,12,9,12,1341,D:\QM\reports\work_items\2fc84747-27db-5e88-9568-3fdda6c30769\QM5_41398\20260909_135814\raw\run_01\report.htm
2021.10.22 19:00:00,1341,USDJPY.DWX,buy,out,3.11,113.562,2036,-7.78,0.00,758.59,128 216.10,qm_tm_close,2021-10-22T19:00:00,2021-10-22T16:00:00Z,summer_US_DST,19,16,19,1342,D:\QM\reports\work_items\2fc84747-27db-5e88-9568-3fdda6c30769\QM5_41398\20260909_135814\raw\run_01\report.htm
2021.10.25 09:09:29,1342,USDJPY.DWX,sell,in,3.87,113.534,2038,-9.68,0.00,0.00,128 206.42,BALKE_RANGE_SELL_STOP,2021-10-25T09:09:29,2021-10-25T06:09:29Z,summer_US_DST,9,6,9,1343,D:\QM\reports\work_items\2fc84747-27db-5e88-9568-3fdda6c30769\QM5_41398\20260909_135814\raw\run_01\report.htm
2021.10.25 15:47:20,1343,USDJPY.DWX,buy,out,3.87,113.828,2039,-9.68,0.00,-999.56,127 197.18,sl 113.828,2021-10-25T15:47:20,2021-10-25T12:47:20Z,summer_US_DST,15,12,15,1344,D:\QM\reports\work_items\2fc84747-27db-5e88-9568-3fdda6c30769\QM5_41398\20260909_135814\raw\run_01\report.htm
2021.10.26 06:03:17,1344,USDJPY.DWX,buy,in,5.09,113.941,2040,-12.73,0.00,0.00,127 184.45,BALKE_RANGE_BUY_STOP,2021-10-26T06:03:17,2021-10-26T03:03:17Z,summer_US_DST,6,3,6,1345,D:\QM\reports\work_items\2fc84747-27db-5e88-9568-3fdda6c30769\QM5_41398\20260909_135814\raw\run_01\report.htm
2021.10.26 18:00:00,1345,USDJPY.DWX,sell,out,5.09,114.248,2042,-12.73,0.00,1 367.75,128 539.47,qm_tm_close,2021-10-26T18:00:00,2021-10-26T15:00:00Z,summer_US_DST,18,15,18,1346,D:\QM\reports\work_items\2fc84747-27db-5e88-9568-3fdda6c30769\QM5_41398\20260909_135814\raw\run_01\report.htm
2021.10.27 06:36:22,1346,USDJPY.DWX,sell,in,5.76,114.022,2044,-14.40,0.00,0.00,128 525.07,BALKE_RANGE_SELL_STOP,2021-10-27T06:36:22,2021-10-27T03:36:22Z,summer_US_DST,6,3,6,1347,D:\QM\reports\work_items\2fc84747-27db-5e88-9568-3fdda6c30769\QM5_41398\20260909_135814\raw\run_01\report.htm
2021.10.27 13:16:25,1347,USDJPY.DWX,buy,out,5.76,113.784,2045,-14.40,0.00,1 204.81,129 715.48,sl 113.784,2021-10-27T13:16:25,2021-10-27T10:16:25Z,summer_US_DST,13,10,13,1348,D:\QM\reports\work_items\2fc84747-27db-5e88-9568-3fdda6c30769\QM5_41398\20260909_135814\raw\run_01\report.htm
2021.11.01 07:03:07,1348,USDJPY.DWX,buy,in,5.13,114.247,2046,-12.83,0.00,0.00,129 702.65,BALKE_RANGE_BUY_STOP,2021-11-01T07:03:07,2021-11-01T04:03:07Z,summer_US_DST,7,4,7,1349,D:\QM\reports\work_items\2fc84747-27db-5e88-9568-3fdda6c30769\QM5_41398\20260909_135814\raw\run_01\report.htm
2021.11.01 18:00:00,1349,USDJPY.DWX,sell,out,5.13,114.174,2048,-12.83,0.00,-328.00,129 361.82,qm_tm_close,2021-11-01T18:00:00,2021-11-01T15:00:00Z,summer_US_DST,18,15,18,1350,D:\QM\reports\work_items\2fc84747-27db-5e88-9568-3fdda6c30769\QM5_41398\20260909_135814\raw\run_01\report.htm
2021.11.02 06:33:08,1350,USDJPY.DWX,sell,in,5.33,113.918,2050,-13.33,0.00,0.00,129 348.49,BALKE_RANGE_SELL_STOP,2021-11-02T06:33:08,2021-11-02T03:33:08Z,summer_US_DST,6,3,6,1351,D:\QM\reports\work_items\2fc84747-27db-5e88-9568-3fdda6c30769\QM5_41398\20260909_135814\raw\run_01\report.htm
2021.11.02 11:06:30,1351,USDJPY.DWX,buy,out,5.33,113.707,2051,-13.33,0.00,989.06,130 324.22,sl 113.707,2021-11-02T11:06:30,2021-11-02T08:06:30Z,summer_US_DST,11,8,11,1352,D:\QM\reports\work_items\2fc84747-27db-5e88-9568-3fdda6c30769\QM5_41398\20260909_135814\raw\run_01\report.htm
2021.11.03 06:00:46,1352,USDJPY.DWX,sell,in,8.97,113.843,2053,-22.43,0.00,0.00,130 301.79,BALKE_RANGE_SELL_STOP,2021-11-03T06:00:46,2021-11-03T03:00:46Z,summer_US_DST,6,3,6,1353,D:\QM\reports\work_items\2fc84747-27db-5e88-9568-3fdda6c30769\QM5_41398\20260909_135814\raw\run_01\report.htm
2021.11.03 16:23:26,1353,USDJPY.DWX,buy,out,8.97,113.970,2054,-22.43,0.00,-999.55,129 279.81,sl 113.970,2021-11-03T16:23:26,2021-11-03T13:23:26Z,summer_US_DST,16,13,16,1354,D:\QM\reports\work_items\2fc84747-27db-5e88-9568-3fdda6c30769\QM5_41398\20260909_135814\raw\run_01\report.htm
2021.11.04 10:08:46,1354,USDJPY.DWX,buy,in,5.48,114.243,2055,-13.70,0.00,0.00,129 266.11,BALKE_RANGE_BUY_STOP,2021-11-04T10:08:46,2021-11-04T07:08:46Z,summer_US_DST,10,7,10,1355,D:\QM\reports\work_items\2fc84747-27db-5e88-9568-3fdda6c30769\QM5_41398\20260909_135814\raw\run_01\report.htm
2021.11.04 11:40:38,1355,USDJPY.DWX,sell,out,5.48,114.035,2057,-13.70,0.00,-999.55,128 252.86,sl 114.035,2021-11-04T11:40:38,2021-11-04T08:40:38Z,summer_US_DST,11,8,11,1356,D:\QM\reports\work_items\2fc84747-27db-5e88-9568-3fdda6c30769\QM5_41398\20260909_135814\raw\run_01\report.htm
2021.11.05 11:06:37,1356,USDJPY.DWX,buy,in,4.02,113.838,2058,-10.05,0.00,0.00,128 242.81,BALKE_RANGE_BUY_STOP,2021-11-05T11:06:37,2021-11-05T08:06:37Z,summer_US_DST,11,8,11,1357,D:\QM\reports\work_items\2fc84747-27db-5e88-9568-3fdda6c30769\QM5_41398\20260909_135814\raw\run_01\report.htm
2021.11.05 16:28:11,1357,USDJPY.DWX,sell,out,4.02,113.555,2060,-10.05,0.00,-1 001.86,127 230.90,sl 113.555,2021-11-05T16:28:11,2021-11-05T13:28:11Z,summer_US_DST,16,13,16,1358,D:\QM\reports\work_items\2fc84747-27db-5e88-9568-3fdda6c30769\QM5_41398\20260909_135814\raw\run_01\report.htm
2021.11.08 05:34:32,1358,USDJPY.DWX,buy,in,5.61,113.636,2061,-14.03,0.00,0.00,127 216.87,BALKE_RANGE_BUY_STOP,2021-11-08T05:34:32,2021-11-08T03:34:32Z,winter_US_standard,5,3,6,1359,D:\QM\reports\work_items\2fc84747-27db-5e88-9568-3fdda6c30769\QM5_41398\20260909_135814\raw\run_01\report.htm
2021.11.08 11:31:35,1359,USDJPY.DWX,sell,out,5.61,113.434,2063,-14.03,0.00,-999.01,126 203.83,sl 113.434,2021-11-08T11:31:35,2021-11-08T09:31:35Z,winter_US_standard,11,9,12,1360,D:\QM\reports\work_items\2fc84747-27db-5e88-9568-3fdda6c30769\QM5_41398\20260909_135814\raw\run_01\report.htm
2021.11.10 05:34:39,1360,USDJPY.DWX,sell,in,7.68,112.806,2065,-19.20,0.00,0.00,126 184.63,BALKE_RANGE_SELL_STOP,2021-11-10T05:34:39,2021-11-10T03:34:39Z,winter_US_standard,5,3,6,1361,D:\QM\reports\work_items\2fc84747-27db-5e88-9568-3fdda6c30769\QM5_41398\20260909_135814\raw\run_01\report.htm
2021.11.10 09:07:30,1361,USDJPY.DWX,buy,out,7.68,112.954,2066,-19.20,0.00,-1 006.29,125 159.14,sl 112.953,2021-11-10T09:07:30,2021-11-10T07:07:30Z,winter_US_standard,9,7,10,1362,D:\QM\reports\work_items\2fc84747-27db-5e88-9568-3fdda6c30769\QM5_41398\20260909_135814\raw\run_01\report.htm
2021.11.11 08:42:27,1362,USDJPY.DWX,sell,in,4.53,113.903,2068,-11.33,0.00,0.00,125 147.81,BALKE_RANGE_SELL_STOP,2021-11-11T08:42:27,2021-11-11T06:42:27Z,winter_US_standard,8,6,9,1363,D:\QM\reports\work_items\2fc84747-27db-5e88-9568-3fdda6c30769\QM5_41398\20260909_135814\raw\run_01\report.htm
2021.11.11 17:00:00,1363,USDJPY.DWX,buy,out,4.53,113.967,2069,-11.33,0.00,-254.39,124 882.09,qm_tm_close,2021-11-11T17:00:00,2021-11-11T15:00:00Z,winter_US_standard,17,15,18,1364,D:\QM\reports\work_items\2fc84747-27db-5e88-9568-3fdda6c30769\QM5_41398\20260909_135814\raw\run_01\report.htm
2021.11.15 10:48:50,1364,USDJPY.DWX,buy,in,4.42,114.007,2070,-11.05,0.00,0.00,124 871.04,BALKE_RANGE_BUY_STOP,2021-11-15T10:48:50,2021-11-15T08:48:50Z,winter_US_standard,10,8,11,1365,D:\QM\reports\work_items\2fc84747-27db-5e88-9568-3fdda6c30769\QM5_41398\20260909_135814\raw\run_01\report.htm
2021.11.15 17:00:00,1365,USDJPY.DWX,sell,out,4.42,113.972,2072,-11.05,0.00,-135.74,124 724.25,qm_tm_close,2021-11-15T17:00:00,2021-11-15T15:00:00Z,winter_US_standard,17,15,18,1366,D:\QM\reports\work_items\2fc84747-27db-5e88-9568-3fdda6c30769\QM5_41398\20260909_135814\raw\run_01\report.htm
2021.11.16 06:30:28,1366,USDJPY.DWX,sell,in,5.74,114.114,2074,-14.35,0.00,0.00,124 709.90,BALKE_RANGE_SELL_STOP,2021-11-16T06:30:28,2021-11-16T04:30:28Z,winter_US_standard,6,4,7,1367,D:\QM\reports\work_items\2fc84747-27db-5e88-9568-3fdda6c30769\QM5_41398\20260909_135814\raw\run_01\report.htm
2021.11.16 14:45:48,1367,USDJPY.DWX,buy,out,5.74,114.315,2075,-14.35,0.00,-1 009.26,123 686.29,sl 114.313,2021-11-16T14:45:48,2021-11-16T12:45:48Z,winter_US_standard,14,12,15,1368,D:\QM\reports\work_items\2fc84747-27db-5e88-9568-3fdda6c30769\QM5_41398\20260909_135814\raw\run_01\report.htm
2021.11.17 05:43:03,1368,USDJPY.DWX,buy,in,4.83,114.935,2076,-12.08,0.00,0.00,123 674.21,BALKE_RANGE_BUY_STOP,2021-11-17T05:43:03,2021-11-17T03:43:03Z,winter_US_standard,5,3,6,1369,D:\QM\reports\work_items\2fc84747-27db-5e88-9568-3fdda6c30769\QM5_41398\20260909_135814\raw\run_01\report.htm
2021.11.17 14:01:44,1369,USDJPY.DWX,sell,out,4.83,114.698,2078,-12.08,0.00,-998.02,122 664.11,sl 114.698,2021-11-17T14:01:44,2021-11-17T12:01:44Z,winter_US_standard,14,12,15,1370,D:\QM\reports\work_items\2fc84747-27db-5e88-9568-3fdda6c30769\QM5_41398\20260909_135814\raw\run_01\report.htm
2021.11.18 07:05:21,1370,USDJPY.DWX,buy,in,3.13,114.240,2079,-7.83,0.00,0.00,122 656.28,BALKE_RANGE_BUY_STOP,2021-11-18T07:05:21,2021-11-18T05:05:21Z,winter_US_standard,7,5,8,1371,D:\QM\reports\work_items\2fc84747-27db-5e88-9568-3fdda6c30769\QM5_41398\20260909_135814\raw\run_01\report.htm
2021.11.18 18:00:00,1371,USDJPY.DWX,sell,out,3.13,114.283,2081,-7.83,0.00,117.77,122 766.22,qm_tm_close,2021-11-18T18:00:00,2021-11-18T16:00:00Z,winter_US_standard,18,16,19,1372,D:\QM\reports\work_items\2fc84747-27db-5e88-9568-3fdda6c30769\QM5_41398\20260909_135814\raw\run_01\report.htm
2021.11.19 05:00:00,1372,USDJPY.DWX,buy,in,8.78,114.374,2082,-21.95,0.00,0.00,122 744.27,BALKE_RANGE_BUY_STOP,2021-11-19T05:00:00,2021-11-19T03:00:00Z,winter_US_standard,5,3,6,1373,D:\QM\reports\work_items\2fc84747-27db-5e88-9568-3fdda6c30769\QM5_41398\20260909_135814\raw\run_01\report.htm
2021.11.19 11:27:06,1373,USDJPY.DWX,sell,out,8.78,114.298,2084,-21.95,0.00,-583.81,122 138.51,sl 114.299,2021-11-19T11:27:06,2021-11-19T09:27:06Z,winter_US_standard,11,9,12,1374,D:\QM\reports\work_items\2fc84747-27db-5e88-9568-3fdda6c30769\QM5_41398\20260909_135814\raw\run_01\report.htm
2021.11.22 09:00:53,1374,USDJPY.DWX,buy,in,5.9,114.213,2085,-14.75,0.00,0.00,122 123.76,BALKE_RANGE_BUY_STOP,2021-11-22T09:00:53,2021-11-22T07:00:53Z,winter_US_standard,9,7,10,1375,D:\QM\reports\work_items\2fc84747-27db-5e88-9568-3fdda6c30769\QM5_41398\20260909_135814\raw\run_01\report.htm
2021.11.22 17:00:00,1375,USDJPY.DWX,sell,out,5.9,114.608,2087,-14.75,0.00,2 033.45,124 142.46,qm_tm_close,2021-11-22T17:00:00,2021-11-22T15:00:00Z,winter_US_standard,17,15,18,1376,D:\QM\reports\work_items\2fc84747-27db-5e88-9568-3fdda6c30769\QM5_41398\20260909_135814\raw\run_01\report.htm
2021.11.23 05:00:15,1376,USDJPY.DWX,buy,in,3.16,115.099,2088,-7.90,0.00,0.00,124 134.56,BALKE_RANGE_BUY_STOP,2021-11-23T05:00:15,2021-11-23T03:00:15Z,winter_US_standard,5,3,6,1377,D:\QM\reports\work_items\2fc84747-27db-5e88-9568-3fdda6c30769\QM5_41398\20260909_135814\raw\run_01\report.htm
2021.11.23 09:28:24,1377,USDJPY.DWX,sell,out,3.16,114.736,2090,-7.90,0.00,-999.76,123 126.90,sl 114.736,2021-11-23T09:28:24,2021-11-23T07:28:24Z,winter_US_standard,9,7,10,1378,D:\QM\reports\work_items\2fc84747-27db-5e88-9568-3fdda6c30769\QM5_41398\20260909_135814\raw\run_01\report.htm
2021.11.24 06:06:30,1378,USDJPY.DWX,sell,in,5.01,115.005,2092,-12.53,0.00,0.00,123 114.37,BALKE_RANGE_SELL_STOP,2021-11-24T06:06:30,2021-11-24T04:06:30Z,winter_US_standard,6,4,7,1379,D:\QM\reports\work_items\2fc84747-27db-5e88-9568-3fdda6c30769\QM5_41398\20260909_135814\raw\run_01\report.htm
2021.11.24 15:37:47,1379,USDJPY.DWX,buy,out,5.01,115.237,2093,-12.53,0.00,-1 008.63,122 093.21,sl 115.235,2021-11-24T15:37:47,2021-11-24T13:37:47Z,winter_US_standard,15,13,16,1380,D:\QM\reports\work_items\2fc84747-27db-5e88-9568-3fdda6c30769\QM5_41398\20260909_135814\raw\run_01\report.htm
2021.11.25 14:06:41,1380,USDJPY.DWX,sell,in,8.07,115.302,2095,-20.18,0.00,0.00,122 073.03,BALKE_RANGE_SELL_STOP,2021-11-25T14:06:41,2021-11-25T12:06:41Z,winter_US_standard,14,12,15,1381,D:\QM\reports\work_items\2fc84747-27db-5e88-9568-3fdda6c30769\QM5_41398\20260909_135814\raw\run_01\report.htm
2021.11.25 17:00:00,1381,USDJPY.DWX,buy,out,8.07,115.322,2096,-20.18,0.00,-139.96,121 912.89,qm_tm_close,2021-11-25T17:00:00,2021-11-25T15:00:00Z,winter_US_standard,17,15,18,1382,D:\QM\reports\work_items\2fc84747-27db-5e88-9568-3fdda6c30769\QM5_41398\20260909_135814\raw\run_01\report.htm
2021.11.29 07:25:59,1382,USDJPY.DWX,sell,in,2.55,113.430,2098,-6.38,0.00,0.00,121 906.51,BALKE_RANGE_SELL_STOP,2021-11-29T07:25:59,2021-11-29T05:25:59Z,winter_US_standard,7,5,8,1383,D:\QM\reports\work_items\2fc84747-27db-5e88-9568-3fdda6c30769\QM5_41398\20260909_135814\raw\run_01\report.htm
2021.11.29 16:14:01,1383,USDJPY.DWX,buy,out,2.55,113.878,2099,-6.38,0.00,-1 003.18,120 896.95,sl 113.876,2021-11-29T16:14:01,2021-11-29T14:14:01Z,winter_US_standard,16,14,17,1384,D:\QM\reports\work_items\2fc84747-27db-5e88-9568-3fdda6c30769\QM5_41398\20260909_135814\raw\run_01\report.htm
2021.11.30 05:24:08,1384,USDJPY.DWX,sell,in,4.24,113.623,2101,-10.60,0.00,0.00,120 886.35,BALKE_RANGE_SELL_STOP,2021-11-30T05:24:08,2021-11-30T03:24:08Z,winter_US_standard,5,3,6,1385,D:\QM\reports\work_items\2fc84747-27db-5e88-9568-3fdda6c30769\QM5_41398\20260909_135814\raw\run_01\report.htm
2021.11.30 13:30:04,1385,USDJPY.DWX,buy,out,4.24,112.920,2102,-10.60,0.00,2 639.67,123 515.42,sl 112.920,2021-11-30T13:30:04,2021-11-30T11:30:04Z,winter_US_standard,13,11,14,1386,D:\QM\reports\work_items\2fc84747-27db-5e88-9568-3fdda6c30769\QM5_41398\20260909_135814\raw\run_01\report.htm
2021.12.01 08:15:58,1386,USDJPY.DWX,buy,in,2.51,113.552,2103,-6.28,0.00,0.00,123 509.14,BALKE_RANGE_BUY_STOP,2021-12-01T08:15:58,2021-12-01T06:15:58Z,winter_US_standard,8,6,9,1387,D:\QM\reports\work_items\2fc84747-27db-5e88-9568-3fdda6c30769\QM5_41398\20260909_135814\raw\run_01\report.htm
2021.12.01 16:03:19,1387,USDJPY.DWX,sell,out,2.51,113.101,2105,-6.28,0.00,-1 000.88,122 501.98,sl 113.101,2021-12-01T16:03:19,2021-12-01T14:03:19Z,winter_US_standard,16,14,17,1388,D:\QM\reports\work_items\2fc84747-27db-5e88-9568-3fdda6c30769\QM5_41398\20260909_135814\raw\run_01\report.htm
2021.12.02 07:19:15,1388,USDJPY.DWX,buy,in,3.95,113.101,2106,-9.88,0.00,0.00,122 492.10,BALKE_RANGE_BUY_STOP,2021-12-02T07:19:15,2021-12-02T05:19:15Z,winter_US_standard,7,5,8,1389,D:\QM\reports\work_items\2fc84747-27db-5e88-9568-3fdda6c30769\QM5_41398\20260909_135814\raw\run_01\report.htm
2021.12.02 14:27:30,1389,USDJPY.DWX,sell,out,3.95,112.816,2108,-9.88,0.00,-997.86,121 484.36,sl 112.816,2021-12-02T14:27:30,2021-12-02T12:27:30Z,winter_US_standard,14,12,15,1390,D:\QM\reports\work_items\2fc84747-27db-5e88-9568-3fdda6c30769\QM5_41398\20260909_135814\raw\run_01\report.htm
2021.12.03 06:02:41,1390,USDJPY.DWX,buy,in,4.42,113.211,2109,-11.05,0.00,0.00,121 473.31,BALKE_RANGE_BUY_STOP,2021-12-03T06:02:41,2021-12-03T04:02:41Z,winter_US_standard,6,4,7,1391,D:\QM\reports\work_items\2fc84747-27db-5e88-9568-3fdda6c30769\QM5_41398\20260909_135814\raw\run_01\report.htm
2021.12.03 12:09:18,1391,USDJPY.DWX,sell,out,4.42,113.309,2111,-11.05,0.00,382.28,121 844.54,sl 113.309,2021-12-03T12:09:18,2021-12-03T10:09:18Z,winter_US_standard,12,10,13,1392,D:\QM\reports\work_items\2fc84747-27db-5e88-9568-3fdda6c30769\QM5_41398\20260909_135814\raw\run_01\report.htm
2021.12.06 07:49:22,1392,USDJPY.DWX,buy,in,5.08,113.070,2112,-12.70,0.00,0.00,121 831.84,BALKE_RANGE_BUY_STOP,2021-12-06T07:49:22,2021-12-06T05:49:22Z,winter_US_standard,7,5,8,1393,D:\QM\reports\work_items\2fc84747-27db-5e88-9568-3fdda6c30769\QM5_41398\20260909_135814\raw\run_01\report.htm
2021.12.06 14:07:30,1393,USDJPY.DWX,sell,out,5.08,113.150,2114,-12.70,0.00,359.17,122 178.31,sl 113.150,2021-12-06T14:07:30,2021-12-06T12:07:30Z,winter_US_standard,14,12,15,1394,D:\QM\reports\work_items\2fc84747-27db-5e88-9568-3fdda6c30769\QM5_41398\20260909_135814\raw\run_01\report.htm
2021.12.07 06:04:17,1394,USDJPY.DWX,buy,in,5.96,113.588,2115,-14.90,0.00,0.00,122 163.41,BALKE_RANGE_BUY_STOP,2021-12-07T06:04:17,2021-12-07T04:04:17Z,winter_US_standard,6,4,7,1395,D:\QM\reports\work_items\2fc84747-27db-5e88-9568-3fdda6c30769\QM5_41398\20260909_135814\raw\run_01\report.htm
2021.12.07 17:00:00,1395,USDJPY.DWX,sell,out,5.96,113.650,2117,-14.90,0.00,325.14,122 473.65,qm_tm_close,2021-12-07T17:00:00,2021-12-07T15:00:00Z,winter_US_standard,17,15,18,1396,D:\QM\reports\work_items\2fc84747-27db-5e88-9568-3fdda6c30769\QM5_41398\20260909_135814\raw\run_01\report.htm
2021.12.08 09:28:08,1396,USDJPY.DWX,sell,in,5.23,113.356,2119,-13.08,0.00,0.00,122 460.57,BALKE_RANGE_SELL_STOP,2021-12-08T09:28:08,2021-12-08T07:28:08Z,winter_US_standard,9,7,10,1397,D:\QM\reports\work_items\2fc84747-27db-5e88-9568-3fdda6c30769\QM5_41398\20260909_135814\raw\run_01\report.htm
2021.12.08 10:35:08,1397,USDJPY.DWX,buy,out,5.23,113.574,2120,-13.08,0.00,-1 003.87,121 443.62,sl 113.573,2021-12-08T10:35:08,2021-12-08T08:35:08Z,winter_US_standard,10,8,11,1398,D:\QM\reports\work_items\2fc84747-27db-5e88-9568-3fdda6c30769\QM5_41398\20260909_135814\raw\run_01\report.htm
2021.12.09 05:57:40,1398,USDJPY.DWX,sell,in,8.89,113.681,2122,-22.23,0.00,0.00,121 421.39,BALKE_RANGE_SELL_STOP,2021-12-09T05:57:40,2021-12-09T03:57:40Z,winter_US_standard,5,3,6,1399,D:\QM\reports\work_items\2fc84747-27db-5e88-9568-3fdda6c30769\QM5_41398\20260909_135814\raw\run_01\report.htm
2021.12.09 17:00:00,1399,USDJPY.DWX,buy,out,8.89,113.501,2123,-22.23,0.00,1 409.86,122 809.02,qm_tm_close,2021-12-09T17:00:00,2021-12-09T15:00:00Z,winter_US_standard,17,15,18,1400,D:\QM\reports\work_items\2fc84747-27db-5e88-9568-3fdda6c30769\QM5_41398\20260909_135814\raw\run_01\report.htm
2021.12.10 05:17:17,1400,USDJPY.DWX,buy,in,6.06,113.518,2124,-15.15,0.00,0.00,122 793.87,BALKE_RANGE_BUY_STOP,2021-12-10T05:17:17,2021-12-10T03:17:17Z,winter_US_standard,5,3,6,1401,D:\QM\reports\work_items\2fc84747-27db-5e88-9568-3fdda6c30769\QM5_41398\20260909_135814\raw\run_01\report.htm
2021.12.10 15:00:30,1401,USDJPY.DWX,sell,out,6.06,113.673,2126,-15.15,0.00,826.32,123 605.04,sl 113.673,2021-12-10T15:00:30,2021-12-10T13:00:30Z,winter_US_standard,15,13,16,1402,D:\QM\reports\work_items\2fc84747-27db-5e88-9568-3fdda6c30769\QM5_41398\20260909_135814\raw\run_01\report.htm
2021.12.13 05:38:35,1402,USDJPY.DWX,buy,in,13.67,113.566,2127,-34.18,0.00,0.00,123 570.86,BALKE_RANGE_BUY_STOP,2021-12-13T05:38:35,2021-12-13T03:38:35Z,winter_US_standard,5,3,6,1403,D:\QM\reports\work_items\2fc84747-27db-5e88-9568-3fdda6c30769\QM5_41398\20260909_135814\raw\run_01\report.htm
2021.12.13 07:27:48,1403,USDJPY.DWX,sell,out,13.67,113.480,2129,-34.18,0.00,-1 035.97,122 500.71,sl 113.481,2021-12-13T07:27:48,2021-12-13T05:27:48Z,winter_US_standard,7,5,8,1404,D:\QM\reports\work_items\2fc84747-27db-5e88-9568-3fdda6c30769\QM5_41398\20260909_135814\raw\run_01\report.htm
2021.12.14 05:36:54,1404,USDJPY.DWX,sell,in,8.11,113.525,2131,-20.28,0.00,0.00,122 480.43,BALKE_RANGE_SELL_STOP,2021-12-14T05:36:54,2021-12-14T03:36:54Z,winter_US_standard,5,3,6,1405,D:\QM\reports\work_items\2fc84747-27db-5e88-9568-3fdda6c30769\QM5_41398\20260909_135814\raw\run_01\report.htm
2021.12.14 09:31:51,1405,USDJPY.DWX,buy,out,8.11,113.666,2132,-20.28,0.00,-1 006.03,121 454.12,sl 113.665,2021-12-14T09:31:51,2021-12-14T07:31:51Z,winter_US_standard,9,7,10,1406,D:\QM\reports\work_items\2fc84747-27db-5e88-9568-3fdda6c30769\QM5_41398\20260909_135814\raw\run_01\report.htm
2021.12.15 08:54:15,1406,USDJPY.DWX,sell,in,9.32,113.676,2134,-23.30,0.00,0.00,121 430.82,BALKE_RANGE_SELL_STOP,2021-12-15T08:54:15,2021-12-15T06:54:15Z,winter_US_standard,8,6,9,1407,D:\QM\reports\work_items\2fc84747-27db-5e88-9568-3fdda6c30769\QM5_41398\20260909_135814\raw\run_01\report.htm
2021.12.15 12:44:31,1407,USDJPY.DWX,buy,out,9.32,113.801,2135,-23.30,0.00,-1 023.72,120 383.80,sl 113.799,2021-12-15T12:44:31,2021-12-15T10:44:31Z,winter_US_standard,12,10,13,1408,D:\QM\reports\work_items\2fc84747-27db-5e88-9568-3fdda6c30769\QM5_41398\20260909_135814\raw\run_01\report.htm
2021.12.16 16:04:15,1408,USDJPY.DWX,sell,in,5.44,114.035,2137,-13.60,0.00,0.00,120 370.20,BALKE_RANGE_SELL_STOP,2021-12-16T16:04:15,2021-12-16T14:04:15Z,winter_US_standard,16,14,17,1409,D:\QM\reports\work_items\2fc84747-27db-5e88-9568-3fdda6c30769\QM5_41398\20260909_135814\raw\run_01\report.htm
2021.12.16 17:00:00,1409,USDJPY.DWX,buy,out,5.44,113.677,2138,-13.60,0.00,1 713.20,122 069.80,qm_tm_close,2021-12-16T17:00:00,2021-12-16T15:00:00Z,winter_US_standard,17,15,18,1410,D:\QM\reports\work_items\2fc84747-27db-5e88-9568-3fdda6c30769\QM5_41398\20260909_135814\raw\run_01\report.htm
2021.12.20 07:04:12,1410,USDJPY.DWX,sell,in,4.62,113.462,2140,-11.55,0.00,0.00,122 058.25,BALKE_RANGE_SELL_STOP,2021-12-20T07:04:12,2021-12-20T05:04:12Z,winter_US_standard,7,5,8,1411,D:\QM\reports\work_items\2fc84747-27db-5e88-9568-3fdda6c30769\QM5_41398\20260909_135814\raw\run_01\report.htm
2021.12.20 17:00:00,1411,USDJPY.DWX,buy,out,4.62,113.515,2141,-11.55,0.00,-215.71,121 830.99,qm_tm_close,2021-12-20T17:00:00,2021-12-20T15:00:00Z,winter_US_standard,17,15,18,1412,D:\QM\reports\work_items\2fc84747-27db-5e88-9568-3fdda6c30769\QM5_41398\20260909_135814\raw\run_01\report.htm
2021.12.21 07:38:54,1412,USDJPY.DWX,buy,in,7.42,113.706,2142,-18.55,0.00,0.00,121 812.44,BALKE_RANGE_BUY_STOP,2021-12-21T07:38:54,2021-12-21T05:38:54Z,winter_US_standard,7,5,8,1413,D:\QM\reports\work_items\2fc84747-27db-5e88-9568-3fdda6c30769\QM5_41398\20260909_135814\raw\run_01\report.htm
2021.12.21 10:30:18,1413,USDJPY.DWX,sell,out,7.42,113.553,2144,-18.55,0.00,-999.76,120 794.13,sl 113.553,2021-12-21T10:30:18,2021-12-21T08:30:18Z,winter_US_standard,10,8,11,1414,D:\QM\reports\work_items\2fc84747-27db-5e88-9568-3fdda6c30769\QM5_41398\20260909_135814\raw\run_01\report.htm
2021.12.22 09:03:09,1414,USDJPY.DWX,buy,in,6.12,114.178,2145,-15.30,0.00,0.00,120 778.83,BALKE_RANGE_BUY_STOP,2021-12-22T09:03:09,2021-12-22T07:03:09Z,winter_US_standard,9,7,10,1415,D:\QM\reports\work_items\2fc84747-27db-5e88-9568-3fdda6c30769\QM5_41398\20260909_135814\raw\run_01\report.htm
2021.12.22 17:00:00,1415,USDJPY.DWX,sell,out,6.12,114.213,2147,-15.30,0.00,187.54,120 951.07,qm_tm_close,2021-12-22T17:00:00,2021-12-22T15:00:00Z,winter_US_standard,17,15,18,1416,D:\QM\reports\work_items\2fc84747-27db-5e88-9568-3fdda6c30769\QM5_41398\20260909_135814\raw\run_01\report.htm
2021.12.23 05:34:09,1416,USDJPY.DWX,sell,in,11.42,114.110,2149,-28.55,0.00,0.00,120 922.52,BALKE_RANGE_SELL_STOP,2021-12-23T05:34:09,2021-12-23T03:34:09Z,winter_US_standard,5,3,6,1417,D:\QM\reports\work_items\2fc84747-27db-5e88-9568-3fdda6c30769\QM5_41398\20260909_135814\raw\run_01\report.htm
2021.12.23 08:26:34,1417,USDJPY.DWX,buy,out,11.42,114.210,2150,-28.55,0.00,-999.91,119 894.06,sl 114.210,2021-12-23T08:26:34,2021-12-23T06:26:34Z,winter_US_standard,8,6,9,1418,D:\QM\reports\work_items\2fc84747-27db-5e88-9568-3fdda6c30769\QM5_41398\20260909_135814\raw\run_01\report.htm
2021.12.24 05:49:34,1418,USDJPY.DWX,sell,in,6.54,114.338,2152,-16.35,0.00,0.00,119 877.71,BALKE_RANGE_SELL_STOP,2021-12-24T05:49:34,2021-12-24T03:49:34Z,winter_US_standard,5,3,6,1419,D:\QM\reports\work_items\2fc84747-27db-5e88-9568-3fdda6c30769\QM5_41398\20260909_135814\raw\run_01\report.htm
2021.12.24 17:00:00,1419,USDJPY.DWX,buy,out,6.54,114.375,2153,-16.35,0.00,-211.57,119 649.79,qm_tm_close,2021-12-24T17:00:00,2021-12-24T15:00:00Z,winter_US_standard,17,15,18,1420,D:\QM\reports\work_items\2fc84747-27db-5e88-9568-3fdda6c30769\QM5_41398\20260909_135814\raw\run_01\report.htm
2021.12.27 05:57:17,1420,USDJPY.DWX,buy,in,10.29,114.428,2154,-25.73,0.00,0.00,119 624.06,BALKE_RANGE_BUY_STOP,2021-12-27T05:57:17,2021-12-27T03:57:17Z,winter_US_standard,5,3,6,1421,D:\QM\reports\work_items\2fc84747-27db-5e88-9568-3fdda6c30769\QM5_41398\20260909_135814\raw\run_01\report.htm
2021.12.27 17:00:00,1421,USDJPY.DWX,sell,out,10.29,114.726,2156,-25.73,0.00,2 672.82,122 271.15,qm_tm_close,2021-12-27T17:00:00,2021-12-27T15:00:00Z,winter_US_standard,17,15,18,1422,D:\QM\reports\work_items\2fc84747-27db-5e88-9568-3fdda6c30769\QM5_41398\20260909_135814\raw\run_01\report.htm
2021.12.28 11:19:18,1422,USDJPY.DWX,sell,in,6.11,114.760,2158,-15.28,0.00,0.00,122 255.87,BALKE_RANGE_SELL_STOP,2021-12-28T11:19:18,2021-12-28T09:19:18Z,winter_US_standard,11,9,12,1423,D:\QM\reports\work_items\2fc84747-27db-5e88-9568-3fdda6c30769\QM5_41398\20260909_135814\raw\run_01\report.htm
2021.12.28 17:00:00,1423,USDJPY.DWX,buy,out,6.11,114.812,2159,-15.28,0.00,-276.73,121 963.86,qm_tm_close,2021-12-28T17:00:00,2021-12-28T15:00:00Z,winter_US_standard,17,15,18,1424,D:\QM\reports\work_items\2fc84747-27db-5e88-9568-3fdda6c30769\QM5_41398\20260909_135814\raw\run_01\report.htm
2021.12.29 07:00:41,1424,USDJPY.DWX,buy,in,10.24,114.858,2160,-25.60,0.00,0.00,121 938.26,BALKE_RANGE_BUY_STOP,2021-12-29T07:00:41,2021-12-29T05:00:41Z,winter_US_standard,7,5,8,1425,D:\QM\reports\work_items\2fc84747-27db-5e88-9568-3fdda6c30769\QM5_41398\20260909_135814\raw\run_01\report.htm
2021.12.29 13:30:44,1425,USDJPY.DWX,sell,out,10.24,114.961,2162,-25.60,0.00,917.46,122 830.12,sl 114.963,2021-12-29T13:30:44,2021-12-29T11:30:44Z,winter_US_standard,13,11,14,1426,D:\QM\reports\work_items\2fc84747-27db-5e88-9568-3fdda6c30769\QM5_41398\20260909_135814\raw\run_01\report.htm
2021.12.30 07:01:01,1426,USDJPY.DWX,buy,in,9.82,115.061,2163,-24.55,0.00,0.00,122 805.57,BALKE_RANGE_BUY_STOP,2021-12-30T07:01:01,2021-12-30T05:01:01Z,winter_US_standard,7,5,8,1427,D:\QM\reports\work_items\2fc84747-27db-5e88-9568-3fdda6c30769\QM5_41398\20260909_135814\raw\run_01\report.htm
2021.12.30 13:07:16,1427,USDJPY.DWX,sell,out,9.82,115.125,2165,-24.55,0.00,545.91,123 326.93,sl 115.126,2021-12-30T13:07:16,2021-12-30T11:07:16Z,winter_US_standard,13,11,14,1428,D:\QM\reports\work_items\2fc84747-27db-5e88-9568-3fdda6c30769\QM5_41398\20260909_135814\raw\run_01\report.htm
2021.12.31 05:35:03,1428,USDJPY.DWX,buy,in,15.54,115.097,2166,-38.85,0.00,0.00,123 288.08,BALKE_RANGE_BUY_STOP,2021-12-31T05:35:03,2021-12-31T03:35:03Z,winter_US_standard,5,3,6,1429,D:\QM\reports\work_items\2fc84747-27db-5e88-9568-3fdda6c30769\QM5_41398\20260909_135814\raw\run_01\report.htm
2021.12.31 11:19:11,1429,USDJPY.DWX,sell,out,15.54,115.023,2168,-38.85,0.00,-999.77,122 249.46,sl 115.023,2021-12-31T11:19:11,2021-12-31T09:19:11Z,winter_US_standard,11,9,12,1430,D:\QM\reports\work_items\2fc84747-27db-5e88-9568-3fdda6c30769\QM5_41398\20260909_135814\raw\run_01\report.htm
2022.01.03 05:34:05,1430,USDJPY.DWX,buy,in,6.73,115.292,2169,-16.83,0.00,0.00,122 232.63,BALKE_RANGE_BUY_STOP,2022-01-03T05:34:05,2022-01-03T03:34:05Z,winter_US_standard,5,3,6,1431,D:\QM\reports\work_items\2fc84747-27db-5e88-9568-3fdda6c30769\QM5_41398\20260909_135814\raw\run_01\report.htm
2022.01.03 12:19:17,1431,USDJPY.DWX,sell,out,6.73,115.121,2171,-16.83,0.00,-999.67,121 216.13,sl 115.121,2022-01-03T12:19:17,2022-01-03T10:19:17Z,winter_US_standard,12,10,13,1432,D:\QM\reports\work_items\2fc84747-27db-5e88-9568-3fdda6c30769\QM5_41398\20260909_135814\raw\run_01\report.htm
2022.01.07 10:36:02,1432,USDJPY.DWX,sell,in,5.34,115.830,2173,-13.35,0.00,0.00,121 202.78,BALKE_RANGE_SELL_STOP,2022-01-07T10:36:02,2022-01-07T08:36:02Z,winter_US_standard,10,8,11,1433,D:\QM\reports\work_items\2fc84747-27db-5e88-9568-3fdda6c30769\QM5_41398\20260909_135814\raw\run_01\report.htm
2022.01.07 17:00:00,1433,USDJPY.DWX,buy,out,5.34,115.695,2174,-13.35,0.00,623.10,121 812.53,qm_tm_close,2022-01-07T17:00:00,2022-01-07T15:00:00Z,winter_US_standard,17,15,18,1434,D:\QM\reports\work_items\2fc84747-27db-5e88-9568-3fdda6c30769\QM5_41398\20260909_135814\raw\run_01\report.htm
2022.01.10 05:29:15,1434,USDJPY.DWX,buy,in,4.75,115.788,2175,-11.88,0.00,0.00,121 800.65,BALKE_RANGE_BUY_STOP,2022-01-10T05:29:15,2022-01-10T03:29:15Z,winter_US_standard,5,3,6,1435,D:\QM\reports\work_items\2fc84747-27db-5e88-9568-3fdda6c30769\QM5_41398\20260909_135814\raw\run_01\report.htm
2022.01.10 13:06:21,1435,USDJPY.DWX,sell,out,4.75,115.545,2177,-11.88,0.00,-998.96,120 789.81,sl 115.545,2022-01-10T13:06:21,2022-01-10T11:06:21Z,winter_US_standard,13,11,14,1436,D:\QM\reports\work_items\2fc84747-27db-5e88-9568-3fdda6c30769\QM5_41398\20260909_135814\raw\run_01\report.htm
2022.01.11 05:39:04,1436,USDJPY.DWX,buy,in,5.35,115.386,2178,-13.38,0.00,0.00,120 776.43,BALKE_RANGE_BUY_STOP,2022-01-11T05:39:04,2022-01-11T03:39:04Z,winter_US_standard,5,3,6,1437,D:\QM\reports\work_items\2fc84747-27db-5e88-9568-3fdda6c30769\QM5_41398\20260909_135814\raw\run_01\report.htm
2022.01.11 09:06:42,1437,USDJPY.DWX,sell,out,5.35,115.171,2180,-13.38,0.00,-998.73,119 764.32,sl 115.171,2022-01-11T09:06:42,2022-01-11T07:06:42Z,winter_US_standard,9,7,10,1438,D:\QM\reports\work_items\2fc84747-27db-5e88-9568-3fdda6c30769\QM5_41398\20260909_135814\raw\run_01\report.htm
2022.01.12 06:04:31,1438,USDJPY.DWX,buy,in,6.77,115.399,2181,-16.93,0.00,0.00,119 747.39,BALKE_RANGE_BUY_STOP,2022-01-12T06:04:31,2022-01-12T04:04:31Z,winter_US_standard,6,4,7,1439,D:\QM\reports\work_items\2fc84747-27db-5e88-9568-3fdda6c30769\QM5_41398\20260909_135814\raw\run_01\report.htm
2022.01.12 15:39:56,1439,USDJPY.DWX,sell,out,6.77,115.229,2183,-16.93,0.00,-998.79,118 731.67,sl 115.229,2022-01-12T15:39:56,2022-01-12T13:39:56Z,winter_US_standard,15,13,16,1440,D:\QM\reports\work_items\2fc84747-27db-5e88-9568-3fdda6c30769\QM5_41398\20260909_135814\raw\run_01\report.htm
2022.01.13 07:52:44,1440,USDJPY.DWX,sell,in,5.62,114.495,2185,-14.05,0.00,0.00,118 717.62,BALKE_RANGE_SELL_STOP,2022-01-13T07:52:44,2022-01-13T05:52:44Z,winter_US_standard,7,5,8,1441,D:\QM\reports\work_items\2fc84747-27db-5e88-9568-3fdda6c30769\QM5_41398\20260909_135814\raw\run_01\report.htm
2022.01.13 18:00:00,1441,USDJPY.DWX,buy,out,5.62,114.121,2186,-14.05,0.00,1 841.80,120 545.37,qm_tm_close,2022-01-13T18:00:00,2022-01-13T16:00:00Z,winter_US_standard,18,16,19,1442,D:\QM\reports\work_items\2fc84747-27db-5e88-9568-3fdda6c30769\QM5_41398\20260909_135814\raw\run_01\report.htm
2022.01.17 08:50:37,1442,USDJPY.DWX,buy,in,4.78,114.515,2187,-11.95,0.00,0.00,120 533.42,BALKE_RANGE_BUY_STOP,2022-01-17T08:50:37,2022-01-17T06:50:37Z,winter_US_standard,8,6,9,1443,D:\QM\reports\work_items\2fc84747-27db-5e88-9568-3fdda6c30769\QM5_41398\20260909_135814\raw\run_01\report.htm
2022.01.17 17:00:00,1443,USDJPY.DWX,sell,out,4.78,114.539,2189,-11.95,0.00,100.16,120 621.63,qm_tm_close,2022-01-17T17:00:00,2022-01-17T15:00:00Z,winter_US_standard,17,15,18,1444,D:\QM\reports\work_items\2fc84747-27db-5e88-9568-3fdda6c30769\QM5_41398\20260909_135814\raw\run_01\report.htm
2022.01.19 05:37:19,1444,USDJPY.DWX,sell,in,4.6,114.537,2191,-11.50,0.00,0.00,120 610.13,BALKE_RANGE_SELL_STOP,2022-01-19T05:37:19,2022-01-19T03:37:19Z,winter_US_standard,5,3,6,1445,D:\QM\reports\work_items\2fc84747-27db-5e88-9568-3fdda6c30769\QM5_41398\20260909_135814\raw\run_01\report.htm
2022.01.19 09:16:54,1445,USDJPY.DWX,buy,out,4.6,114.383,2192,-11.50,0.00,619.32,121 217.95,sl 114.383,2022-01-19T09:16:54,2022-01-19T07:16:54Z,winter_US_standard,9,7,10,1446,D:\QM\reports\work_items\2fc84747-27db-5e88-9568-3fdda6c30769\QM5_41398\20260909_135814\raw\run_01\report.htm
2022.01.21 05:38:37,1446,USDJPY.DWX,sell,in,3.2,113.642,2194,-8.00,0.00,0.00,121 209.95,BALKE_RANGE_SELL_STOP,2022-01-21T05:38:37,2022-01-21T03:38:37Z,winter_US_standard,5,3,6,1447,D:\QM\reports\work_items\2fc84747-27db-5e88-9568-3fdda6c30769\QM5_41398\20260909_135814\raw\run_01\report.htm
2022.01.21 10:34:21,1447,USDJPY.DWX,buy,out,3.2,113.998,2195,-8.00,0.00,-999.32,120 202.63,sl 113.998,2022-01-21T10:34:21,2022-01-21T08:34:21Z,winter_US_standard,10,8,11,1448,D:\QM\reports\work_items\2fc84747-27db-5e88-9568-3fdda6c30769\QM5_41398\20260909_135814\raw\run_01\report.htm
2022.01.24 07:06:53,1448,USDJPY.DWX,buy,in,4.9,113.946,2196,-12.25,0.00,0.00,120 190.38,BALKE_RANGE_BUY_STOP,2022-01-24T07:06:53,2022-01-24T05:06:53Z,winter_US_standard,7,5,8,1449,D:\QM\reports\work_items\2fc84747-27db-5e88-9568-3fdda6c30769\QM5_41398\20260909_135814\raw\run_01\report.htm
2022.01.24 09:20:17,1449,USDJPY.DWX,sell,out,4.9,113.713,2198,-12.25,0.00,-1 004.02,119 174.11,sl 113.713,2022-01-24T09:20:17,2022-01-24T07:20:17Z,winter_US_standard,9,7,10,1450,D:\QM\reports\work_items\2fc84747-27db-5e88-9568-3fdda6c30769\QM5_41398\20260909_135814\raw\run_01\report.htm
2022.01.25 06:00:22,1450,USDJPY.DWX,sell,in,3.82,113.751,2200,-9.55,0.00,0.00,119 164.56,BALKE_RANGE_SELL_STOP,2022-01-25T06:00:22,2022-01-25T04:00:22Z,winter_US_standard,6,4,7,1451,D:\QM\reports\work_items\2fc84747-27db-5e88-9568-3fdda6c30769\QM5_41398\20260909_135814\raw\run_01\report.htm
2022.01.25 11:42:36,1451,USDJPY.DWX,buy,out,3.82,114.049,2201,-9.55,0.00,-998.13,118 156.88,sl 114.049,2022-01-25T11:42:36,2022-01-25T09:42:36Z,winter_US_standard,11,9,12,1452,D:\QM\reports\work_items\2fc84747-27db-5e88-9568-3fdda6c30769\QM5_41398\20260909_135814\raw\run_01\report.htm
2022.01.26 06:33:28,1452,USDJPY.DWX,buy,in,9.4,113.899,2202,-23.50,0.00,0.00,118 133.38,BALKE_RANGE_BUY_STOP,2022-01-26T06:33:28,2022-01-26T04:33:28Z,winter_US_standard,6,4,7,1453,D:\QM\reports\work_items\2fc84747-27db-5e88-9568-3fdda6c30769\QM5_41398\20260909_135814\raw\run_01\report.htm
2022.01.26 17:00:00,1453,USDJPY.DWX,sell,out,9.4,114.349,2204,-23.50,0.00,3 699.20,121 809.08,qm_tm_close,2022-01-26T17:00:00,2022-01-26T15:00:00Z,winter_US_standard,17,15,18,1454,D:\QM\reports\work_items\2fc84747-27db-5e88-9568-3fdda6c30769\QM5_41398\20260909_135814\raw\run_01\report.htm
2022.01.27 09:45:12,1454,USDJPY.DWX,buy,in,3.65,114.786,2205,-9.13,0.00,0.00,121 799.95,BALKE_RANGE_BUY_STOP,2022-01-27T09:45:12,2022-01-27T07:45:12Z,winter_US_standard,9,7,10,1455,D:\QM\reports\work_items\2fc84747-27db-5e88-9568-3fdda6c30769\QM5_41398\20260909_135814\raw\run_01\report.htm
2022.01.27 17:00:00,1455,USDJPY.DWX,sell,out,3.65,115.307,2207,-9.13,0.00,1 649.21,123 440.03,qm_tm_close,2022-01-27T17:00:00,2022-01-27T15:00:00Z,winter_US_standard,17,15,18,1456,D:\QM\reports\work_items\2fc84747-27db-5e88-9568-3fdda6c30769\QM5_41398\20260909_135814\raw\run_01\report.htm
2022.01.28 05:45:12,1456,USDJPY.DWX,sell,in,8.81,115.345,2209,-22.03,0.00,0.00,123 418.00,BALKE_RANGE_SELL_STOP,2022-01-28T05:45:12,2022-01-28T03:45:12Z,winter_US_standard,5,3,6,1457,D:\QM\reports\work_items\2fc84747-27db-5e88-9568-3fdda6c30769\QM5_41398\20260909_135814\raw\run_01\report.htm
2022.01.28 07:40:06,1457,USDJPY.DWX,buy,out,8.81,115.476,2210,-22.03,0.00,-999.44,122 396.53,sl 115.476,2022-01-28T07:40:06,2022-01-28T05:40:06Z,winter_US_standard,7,5,8,1458,D:\QM\reports\work_items\2fc84747-27db-5e88-9568-3fdda6c30769\QM5_41398\20260909_135814\raw\run_01\report.htm
2022.01.31 05:02:14,1458,USDJPY.DWX,buy,in,3.11,115.592,2211,-7.78,0.00,0.00,122 388.75,BALKE_RANGE_BUY_STOP,2022-01-31T05:02:14,2022-01-31T03:02:14Z,winter_US_standard,5,3,6,1459,D:\QM\reports\work_items\2fc84747-27db-5e88-9568-3fdda6c30769\QM5_41398\20260909_135814\raw\run_01\report.htm
2022.01.31 17:00:00,1459,USDJPY.DWX,sell,out,3.11,115.389,2213,-7.78,0.00,-547.13,121 833.84,qm_tm_close,2022-01-31T17:00:00,2022-01-31T15:00:00Z,winter_US_standard,17,15,18,1460,D:\QM\reports\work_items\2fc84747-27db-5e88-9568-3fdda6c30769\QM5_41398\20260909_135814\raw\run_01\report.htm
2022.02.01 05:18:18,1460,USDJPY.DWX,sell,in,6.15,115.005,2215,-15.38,0.00,0.00,121 818.46,BALKE_RANGE_SELL_STOP,2022-02-01T05:18:18,2022-02-01T03:18:18Z,winter_US_standard,5,3,6,1461,D:\QM\reports\work_items\2fc84747-27db-5e88-9568-3fdda6c30769\QM5_41398\20260909_135814\raw\run_01\report.htm
2022.02.01 15:34:51,1461,USDJPY.DWX,buy,out,6.15,114.763,2216,-15.38,0.00,1 296.85,123 099.93,sl 114.763,2022-02-01T15:34:51,2022-02-01T13:34:51Z,winter_US_standard,15,13,16,1462,D:\QM\reports\work_items\2fc84747-27db-5e88-9568-3fdda6c30769\QM5_41398\20260909_135814\raw\run_01\report.htm
2022.02.02 05:35:34,1462,USDJPY.DWX,buy,in,8.18,114.786,2217,-20.45,0.00,0.00,123 079.48,BALKE_RANGE_BUY_STOP,2022-02-02T05:35:34,2022-02-02T03:35:34Z,winter_US_standard,5,3,6,1463,D:\QM\reports\work_items\2fc84747-27db-5e88-9568-3fdda6c30769\QM5_41398\20260909_135814\raw\run_01\report.htm
2022.02.02 09:07:05,1463,USDJPY.DWX,sell,out,8.18,114.646,2219,-20.45,0.00,-998.90,122 060.13,sl 114.646,2022-02-02T09:07:05,2022-02-02T07:07:05Z,winter_US_standard,9,7,10,1464,D:\QM\reports\work_items\2fc84747-27db-5e88-9568-3fdda6c30769\QM5_41398\20260909_135814\raw\run_01\report.htm
2022.02.03 06:11:16,1464,USDJPY.DWX,buy,in,7.77,114.474,2220,-19.43,0.00,0.00,122 040.70,BALKE_RANGE_BUY_STOP,2022-02-03T06:11:16,2022-02-03T04:11:16Z,winter_US_standard,6,4,7,1465,D:\QM\reports\work_items\2fc84747-27db-5e88-9568-3fdda6c30769\QM5_41398\20260909_135814\raw\run_01\report.htm
2022.02.03 16:46:46,1465,USDJPY.DWX,sell,out,7.77,114.740,2222,-19.43,0.00,1 801.31,123 822.58,sl 114.744,2022-02-03T16:46:46,2022-02-03T14:46:46Z,winter_US_standard,16,14,17,1466,D:\QM\reports\work_items\2fc84747-27db-5e88-9568-3fdda6c30769\QM5_41398\20260909_135814\raw\run_01\report.htm
2022.02.04 09:53:27,1466,USDJPY.DWX,buy,in,4.86,115.050,2223,-12.15,0.00,0.00,123 810.43,BALKE_RANGE_BUY_STOP,2022-02-04T09:53:27,2022-02-04T07:53:27Z,winter_US_standard,9,7,10,1467,D:\QM\reports\work_items\2fc84747-27db-5e88-9568-3fdda6c30769\QM5_41398\20260909_135814\raw\run_01\report.htm
2022.02.04 14:14:33,1467,USDJPY.DWX,sell,out,4.86,114.813,2225,-12.15,0.00,-1 003.21,122 795.07,sl 114.814,2022-02-04T14:14:33,2022-02-04T12:14:33Z,winter_US_standard,14,12,15,1468,D:\QM\reports\work_items\2fc84747-27db-5e88-9568-3fdda6c30769\QM5_41398\20260909_135814\raw\run_01\report.htm
2022.02.07 07:16:55,1468,USDJPY.DWX,buy,in,5.53,115.343,2226,-13.83,0.00,0.00,122 781.24,BALKE_RANGE_BUY_STOP,2022-02-07T07:16:55,2022-02-07T05:16:55Z,winter_US_standard,7,5,8,1469,D:\QM\reports\work_items\2fc84747-27db-5e88-9568-3fdda6c30769\QM5_41398\20260909_135814\raw\run_01\report.htm
2022.02.07 10:28:27,1469,USDJPY.DWX,sell,out,5.53,115.134,2228,-13.83,0.00,-1 003.85,121 763.56,sl 115.135,2022-02-07T10:28:27,2022-02-07T08:28:27Z,winter_US_standard,10,8,11,1470,D:\QM\reports\work_items\2fc84747-27db-5e88-9568-3fdda6c30769\QM5_41398\20260909_135814\raw\run_01\report.htm
2022.02.10 06:31:08,1470,USDJPY.DWX,buy,in,7.59,115.633,2229,-18.98,0.00,0.00,121 744.58,BALKE_RANGE_BUY_STOP,2022-02-10T06:31:08,2022-02-10T04:31:08Z,winter_US_standard,6,4,7,1471,D:\QM\reports\work_items\2fc84747-27db-5e88-9568-3fdda6c30769\QM5_41398\20260909_135814\raw\run_01\report.htm
2022.02.10 17:00:00,1471,USDJPY.DWX,sell,out,7.59,116.172,2231,-18.98,0.00,3 521.51,125 247.11,qm_tm_close,2022-02-10T17:00:00,2022-02-10T15:00:00Z,winter_US_standard,17,15,18,1472,D:\QM\reports\work_items\2fc84747-27db-5e88-9568-3fdda6c30769\QM5_41398\20260909_135814\raw\run_01\report.htm
2022.02.11 10:01:02,1472,USDJPY.DWX,sell,in,5.3,115.955,2233,-13.25,0.00,0.00,125 233.86,BALKE_RANGE_SELL_STOP,2022-02-11T10:01:02,2022-02-11T08:01:02Z,winter_US_standard,10,8,11,1473,D:\QM\reports\work_items\2fc84747-27db-5e88-9568-3fdda6c30769\QM5_41398\20260909_135814\raw\run_01\report.htm
2022.02.11 17:00:00,1473,USDJPY.DWX,buy,out,5.3,115.916,2234,-13.25,0.00,178.32,125 398.93,qm_tm_close,2022-02-11T17:00:00,2022-02-11T15:00:00Z,winter_US_standard,17,15,18,1474,D:\QM\reports\work_items\2fc84747-27db-5e88-9568-3fdda6c30769\QM5_41398\20260909_135814\raw\run_01\report.htm
2022.02.14 10:05:17,1474,USDJPY.DWX,sell,in,3.69,115.282,2236,-9.23,0.00,0.00,125 389.70,BALKE_RANGE_SELL_STOP,2022-02-14T10:05:17,2022-02-14T08:05:17Z,winter_US_standard,10,8,11,1475,D:\QM\reports\work_items\2fc84747-27db-5e88-9568-3fdda6c30769\QM5_41398\20260909_135814\raw\run_01\report.htm
2022.02.14 17:00:00,1475,USDJPY.DWX,buy,out,3.69,115.529,2237,-9.23,0.00,-788.92,124 591.55,qm_tm_close,2022-02-14T17:00:00,2022-02-14T15:00:00Z,winter_US_standard,17,15,18,1476,D:\QM\reports\work_items\2fc84747-27db-5e88-9568-3fdda6c30769\QM5_41398\20260909_135814\raw\run_01\report.htm
2022.02.15 07:06:35,1476,USDJPY.DWX,sell,in,4.6,115.304,2239,-11.50,0.00,0.00,124 580.05,BALKE_RANGE_SELL_STOP,2022-02-15T07:06:35,2022-02-15T05:06:35Z,winter_US_standard,7,5,8,1477,D:\QM\reports\work_items\2fc84747-27db-5e88-9568-3fdda6c30769\QM5_41398\20260909_135814\raw\run_01\report.htm
2022.02.15 10:08:52,1477,USDJPY.DWX,buy,out,4.6,115.556,2240,-11.50,0.00,-1 003.15,123 565.40,sl 115.556,2022-02-15T10:08:52,2022-02-15T08:08:52Z,winter_US_standard,10,8,11,1478,D:\QM\reports\work_items\2fc84747-27db-5e88-9568-3fdda6c30769\QM5_41398\20260909_135814\raw\run_01\report.htm
2022.02.16 10:00:17,1478,USDJPY.DWX,sell,in,9.48,115.618,2242,-23.70,0.00,0.00,123 541.70,BALKE_RANGE_SELL_STOP,2022-02-16T10:00:17,2022-02-16T08:00:17Z,winter_US_standard,10,8,11,1479,D:\QM\reports\work_items\2fc84747-27db-5e88-9568-3fdda6c30769\QM5_41398\20260909_135814\raw\run_01\report.htm
2022.02.16 10:27:10,1479,USDJPY.DWX,buy,out,9.48,115.741,2243,-23.70,0.00,-1 007.46,122 510.54,sl 115.741,2022-02-16T10:27:10,2022-02-16T08:27:10Z,winter_US_standard,10,8,11,1480,D:\QM\reports\work_items\2fc84747-27db-5e88-9568-3fdda6c30769\QM5_41398\20260909_135814\raw\run_01\report.htm
2022.02.17 05:53:22,1480,USDJPY.DWX,sell,in,5.55,115.328,2245,-13.88,0.00,0.00,122 496.66,BALKE_RANGE_SELL_STOP,2022-02-17T05:53:22,2022-02-17T03:53:22Z,winter_US_standard,5,3,6,1481,D:\QM\reports\work_items\2fc84747-27db-5e88-9568-3fdda6c30769\QM5_41398\20260909_135814\raw\run_01\report.htm
2022.02.17 15:21:30,1481,USDJPY.DWX,buy,out,5.55,115.108,2246,-13.88,0.00,1 060.74,123 543.52,sl 115.108,2022-02-17T15:21:30,2022-02-17T13:21:30Z,winter_US_standard,15,13,16,1482,D:\QM\reports\work_items\2fc84747-27db-5e88-9568-3fdda6c30769\QM5_41398\20260909_135814\raw\run_01\report.htm
2022.02.21 10:35:12,1482,USDJPY.DWX,sell,in,4.56,114.872,2248,-11.40,0.00,0.00,123 532.12,BALKE_RANGE_SELL_STOP,2022-02-21T10:35:12,2022-02-21T08:35:12Z,winter_US_standard,10,8,11,1483,D:\QM\reports\work_items\2fc84747-27db-5e88-9568-3fdda6c30769\QM5_41398\20260909_135814\raw\run_01\report.htm
2022.02.21 17:00:00,1483,USDJPY.DWX,buy,out,4.56,114.871,2249,-11.40,0.00,3.97,123 524.69,qm_tm_close,2022-02-21T17:00:00,2022-02-21T15:00:00Z,winter_US_standard,17,15,18,1484,D:\QM\reports\work_items\2fc84747-27db-5e88-9568-3fdda6c30769\QM5_41398\20260909_135814\raw\run_01\report.htm
2022.02.23 10:57:36,1484,USDJPY.DWX,buy,in,8.27,115.126,2250,-20.68,0.00,0.00,123 504.01,BALKE_RANGE_BUY_STOP,2022-02-23T10:57:36,2022-02-23T08:57:36Z,winter_US_standard,10,8,11,1485,D:\QM\reports\work_items\2fc84747-27db-5e88-9568-3fdda6c30769\QM5_41398\20260909_135814\raw\run_01\report.htm
2022.02.23 15:40:45,1485,USDJPY.DWX,sell,out,8.27,114.985,2252,-20.68,0.00,-1 014.11,122 469.22,sl 114.987,2022-02-23T15:40:45,2022-02-23T13:40:45Z,winter_US_standard,15,13,16,1486,D:\QM\reports\work_items\2fc84747-27db-5e88-9568-3fdda6c30769\QM5_41398\20260909_135814\raw\run_01\report.htm
2022.02.24 05:32:07,1486,USDJPY.DWX,sell,in,3.96,114.826,2254,-9.90,0.00,0.00,122 459.32,BALKE_RANGE_SELL_STOP,2022-02-24T05:32:07,2022-02-24T03:32:07Z,winter_US_standard,5,3,6,1487,D:\QM\reports\work_items\2fc84747-27db-5e88-9568-3fdda6c30769\QM5_41398\20260909_135814\raw\run_01\report.htm
2022.02.24 10:09:21,1487,USDJPY.DWX,buy,out,3.96,114.654,2255,-9.90,0.00,594.07,123 043.49,sl 114.654,2022-02-24T10:09:21,2022-02-24T08:09:21Z,winter_US_standard,10,8,11,1488,D:\QM\reports\work_items\2fc84747-27db-5e88-9568-3fdda6c30769\QM5_41398\20260909_135814\raw\run_01\report.htm
2022.02.25 05:32:40,1488,USDJPY.DWX,sell,in,3.12,115.255,2257,-7.80,0.00,0.00,123 035.69,BALKE_RANGE_SELL_STOP,2022-02-25T05:32:40,2022-02-25T03:32:40Z,winter_US_standard,5,3,6,1489,D:\QM\reports\work_items\2fc84747-27db-5e88-9568-3fdda6c30769\QM5_41398\20260909_135814\raw\run_01\report.htm
2022.02.25 16:59:53,1489,USDJPY.DWX,buy,out,3.12,115.625,2258,-7.80,0.00,-998.40,122 029.49,sl 115.625,2022-02-25T16:59:53,2022-02-25T14:59:53Z,winter_US_standard,16,14,17,1490,D:\QM\reports\work_items\2fc84747-27db-5e88-9568-3fdda6c30769\QM5_41398\20260909_135814\raw\run_01\report.htm
2022.02.28 06:49:36,1490,USDJPY.DWX,buy,in,5.17,115.667,2259,-12.93,0.00,0.00,122 016.56,BALKE_RANGE_BUY_STOP,2022-02-28T06:49:36,2022-02-28T04:49:36Z,winter_US_standard,6,4,7,1491,D:\QM\reports\work_items\2fc84747-27db-5e88-9568-3fdda6c30769\QM5_41398\20260909_135814\raw\run_01\report.htm
2022.02.28 15:32:48,1491,USDJPY.DWX,sell,out,5.17,115.443,2261,-12.93,0.00,-1 003.16,121 000.47,sl 115.443,2022-02-28T15:32:48,2022-02-28T13:32:48Z,winter_US_standard,15,13,16,1492,D:\QM\reports\work_items\2fc84747-27db-5e88-9568-3fdda6c30769\QM5_41398\20260909_135814\raw\run_01\report.htm
2022.03.01 09:13:37,1492,USDJPY.DWX,sell,in,3.89,114.993,2263,-9.73,0.00,0.00,120 990.74,BALKE_RANGE_SELL_STOP,2022-03-01T09:13:37,2022-03-01T07:13:37Z,winter_US_standard,9,7,10,1493,D:\QM\reports\work_items\2fc84747-27db-5e88-9568-3fdda6c30769\QM5_41398\20260909_135814\raw\run_01\report.htm
2022.03.01 18:00:00,1493,USDJPY.DWX,buy,out,3.89,114.805,2264,-9.73,0.00,637.01,121 618.02,qm_tm_close,2022-03-01T18:00:00,2022-03-01T16:00:00Z,winter_US_standard,18,16,19,1494,D:\QM\reports\work_items\2fc84747-27db-5e88-9568-3fdda6c30769\QM5_41398\20260909_135814\raw\run_01\report.htm
2022.03.02 07:17:46,1494,USDJPY.DWX,buy,in,3.93,115.082,2265,-9.83,0.00,0.00,121 608.19,BALKE_RANGE_BUY_STOP,2022-03-02T07:17:46,2022-03-02T05:17:46Z,winter_US_standard,7,5,8,1495,D:\QM\reports\work_items\2fc84747-27db-5e88-9568-3fdda6c30769\QM5_41398\20260909_135814\raw\run_01\report.htm
2022.03.02 18:00:00,1495,USDJPY.DWX,sell,out,3.93,115.563,2267,-9.83,0.00,1 635.76,123 234.12,qm_tm_close,2022-03-02T18:00:00,2022-03-02T16:00:00Z,winter_US_standard,18,16,19,1496,D:\QM\reports\work_items\2fc84747-27db-5e88-9568-3fdda6c30769\QM5_41398\20260909_135814\raw\run_01\report.htm
2022.03.03 06:08:55,1496,USDJPY.DWX,buy,in,6.59,115.667,2268,-16.48,0.00,0.00,123 217.64,BALKE_RANGE_BUY_STOP,2022-03-03T06:08:55,2022-03-03T04:08:55Z,winter_US_standard,6,4,7,1497,D:\QM\reports\work_items\2fc84747-27db-5e88-9568-3fdda6c30769\QM5_41398\20260909_135814\raw\run_01\report.htm
2022.03.03 18:00:00,1497,USDJPY.DWX,sell,out,6.59,115.638,2270,-16.48,0.00,-165.27,123 035.89,qm_tm_close,2022-03-03T18:00:00,2022-03-03T16:00:00Z,winter_US_standard,18,16,19,1498,D:\QM\reports\work_items\2fc84747-27db-5e88-9568-3fdda6c30769\QM5_41398\20260909_135814\raw\run_01\report.htm
2022.03.07 09:21:24,1498,USDJPY.DWX,buy,in,4.9,115.065,2271,-12.25,0.00,0.00,123 023.64,BALKE_RANGE_BUY_STOP,2022-03-07T09:21:24,2022-03-07T07:21:24Z,winter_US_standard,9,7,10,1499,D:\QM\reports\work_items\2fc84747-27db-5e88-9568-3fdda6c30769\QM5_41398\20260909_135814\raw\run_01\report.htm
2022.03.07 17:00:00,1499,USDJPY.DWX,sell,out,4.9,115.327,2273,-12.25,0.00,1 113.18,124 124.57,qm_tm_close,2022-03-07T17:00:00,2022-03-07T15:00:00Z,winter_US_standard,17,15,18,1500,D:\QM\reports\work_items\2fc84747-27db-5e88-9568-3fdda6c30769\QM5_41398\20260909_135814\raw\run_01\report.htm
2022.03.08 08:04:17,1500,USDJPY.DWX,buy,in,5.97,115.514,2274,-14.93,0.00,0.00,124 109.64,BALKE_RANGE_BUY_STOP,2022-03-08T08:04:17,2022-03-08T06:04:17Z,winter_US_standard,8,6,9,1501,D:\QM\reports\work_items\2fc84747-27db-5e88-9568-3fdda6c30769\QM5_41398\20260909_135814\raw\run_01\report.htm
2022.03.08 16:40:21,1501,USDJPY.DWX,sell,out,5.97,115.592,2276,-14.93,0.00,402.85,124 497.56,sl 115.592,2022-03-08T16:40:21,2022-03-08T14:40:21Z,winter_US_standard,16,14,17,1502,D:\QM\reports\work_items\2fc84747-27db-5e88-9568-3fdda6c30769\QM5_41398\20260909_135814\raw\run_01\report.htm
2022.03.09 08:24:34,1502,USDJPY.DWX,sell,in,5.85,115.725,2278,-14.63,0.00,0.00,124 482.93,BALKE_RANGE_SELL_STOP,2022-03-09T08:24:34,2022-03-09T06:24:34Z,winter_US_standard,8,6,9,1503,D:\QM\reports\work_items\2fc84747-27db-5e88-9568-3fdda6c30769\QM5_41398\20260909_135814\raw\run_01\report.htm
2022.03.09 13:26:45,1503,USDJPY.DWX,buy,out,5.85,115.923,2279,-14.63,0.00,-999.20,123 469.10,sl 115.923,2022-03-09T13:26:45,2022-03-09T11:26:45Z,winter_US_standard,13,11,14,1504,D:\QM\reports\work_items\2fc84747-27db-5e88-9568-3fdda6c30769\QM5_41398\20260909_135814\raw\run_01\report.htm
2022.03.10 05:03:52,1504,USDJPY.DWX,buy,in,4.99,116.113,2280,-12.48,0.00,0.00,123 456.62,BALKE_RANGE_BUY_STOP,2022-03-10T05:03:52,2022-03-10T03:03:52Z,winter_US_standard,5,3,6,1505,D:\QM\reports\work_items\2fc84747-27db-5e88-9568-3fdda6c30769\QM5_41398\20260909_135814\raw\run_01\report.htm
2022.03.10 10:01:51,1505,USDJPY.DWX,sell,out,4.99,115.881,2282,-12.48,0.00,-999.02,122 445.12,sl 115.881,2022-03-10T10:01:51,2022-03-10T08:01:51Z,winter_US_standard,10,8,11,1506,D:\QM\reports\work_items\2fc84747-27db-5e88-9568-3fdda6c30769\QM5_41398\20260909_135814\raw\run_01\report.htm
2022.03.11 05:41:06,1506,USDJPY.DWX,buy,in,4.9,116.379,2283,-12.25,0.00,0.00,122 432.87,BALKE_RANGE_BUY_STOP,2022-03-11T05:41:06,2022-03-11T03:41:06Z,winter_US_standard,5,3,6,1507,D:\QM\reports\work_items\2fc84747-27db-5e88-9568-3fdda6c30769\QM5_41398\20260909_135814\raw\run_01\report.htm
2022.03.11 18:00:00,1507,USDJPY.DWX,sell,out,4.9,116.993,2285,-12.25,0.00,2 571.61,124 992.23,qm_tm_close,2022-03-11T18:00:00,2022-03-11T16:00:00Z,winter_US_standard,18,16,19,1508,D:\QM\reports\work_items\2fc84747-27db-5e88-9568-3fdda6c30769\QM5_41398\20260909_135814\raw\run_01\report.htm
2022.03.16 06:56:25,1508,USDJPY.DWX,sell,in,5.26,118.202,2287,-13.15,0.00,0.00,124 979.08,BALKE_RANGE_SELL_STOP,2022-03-16T06:56:25,2022-03-16T03:56:25Z,summer_US_DST,6,3,6,1509,D:\QM\reports\work_items\2fc84747-27db-5e88-9568-3fdda6c30769\QM5_41398\20260909_135814\raw\run_01\report.htm
2022.03.16 18:00:00,1509,USDJPY.DWX,buy,out,5.26,118.414,2288,-13.15,0.00,-941.71,124 024.22,qm_tm_close,2022-03-16T18:00:00,2022-03-16T15:00:00Z,summer_US_DST,18,15,18,1510,D:\QM\reports\work_items\2fc84747-27db-5e88-9568-3fdda6c30769\QM5_41398\20260909_135814\raw\run_01\report.htm
2022.03.17 06:00:51,1510,USDJPY.DWX,sell,in,3.66,118.700,2290,-9.15,0.00,0.00,124 015.07,BALKE_RANGE_SELL_STOP,2022-03-17T06:00:51,2022-03-17T03:00:51Z,summer_US_DST,6,3,6,1511,D:\QM\reports\work_items\2fc84747-27db-5e88-9568-3fdda6c30769\QM5_41398\20260909_135814\raw\run_01\report.htm
2022.03.17 18:00:00,1511,USDJPY.DWX,buy,out,3.66,118.704,2291,-9.15,0.00,-12.33,123 993.59,qm_tm_close,2022-03-17T18:00:00,2022-03-17T15:00:00Z,summer_US_DST,18,15,18,1512,D:\QM\reports\work_items\2fc84747-27db-5e88-9568-3fdda6c30769\QM5_41398\20260909_135814\raw\run_01\report.htm
2022.03.21 08:31:28,1512,USDJPY.DWX,buy,in,7.99,119.283,2292,-19.98,0.00,0.00,123 973.61,BALKE_RANGE_BUY_STOP,2022-03-21T08:31:28,2022-03-21T05:31:28Z,summer_US_DST,8,5,8,1513,D:\QM\reports\work_items\2fc84747-27db-5e88-9568-3fdda6c30769\QM5_41398\20260909_135814\raw\run_01\report.htm
2022.03.21 14:21:50,1513,USDJPY.DWX,sell,out,7.99,119.134,2294,-19.98,0.00,-999.30,122 954.33,sl 119.134,2022-03-21T14:21:50,2022-03-21T11:21:50Z,summer_US_DST,14,11,14,1514,D:\QM\reports\work_items\2fc84747-27db-5e88-9568-3fdda6c30769\QM5_41398\20260909_135814\raw\run_01\report.htm
2022.03.24 08:34:57,1514,USDJPY.DWX,buy,in,3.41,121.303,2295,-8.53,0.00,0.00,122 945.80,BALKE_RANGE_BUY_STOP,2022-03-24T08:34:57,2022-03-24T05:34:57Z,summer_US_DST,8,5,8,1515,D:\QM\reports\work_items\2fc84747-27db-5e88-9568-3fdda6c30769\QM5_41398\20260909_135814\raw\run_01\report.htm
2022.03.24 14:40:19,1515,USDJPY.DWX,sell,out,3.41,121.595,2297,-8.53,0.00,818.88,123 756.15,sl 121.597,2022-03-24T14:40:19,2022-03-24T11:40:19Z,summer_US_DST,14,11,14,1516,D:\QM\reports\work_items\2fc84747-27db-5e88-9568-3fdda6c30769\QM5_41398\20260909_135814\raw\run_01\report.htm
2022.03.31 09:04:23,1516,USDJPY.DWX,sell,in,2.21,121.898,2299,-5.53,0.00,0.00,123 750.62,BALKE_RANGE_SELL_STOP,2022-03-31T09:04:23,2022-03-31T06:04:23Z,summer_US_DST,9,6,9,1517,D:\QM\reports\work_items\2fc84747-27db-5e88-9568-3fdda6c30769\QM5_41398\20260909_135814\raw\run_01\report.htm
2022.03.31 18:00:00,1517,USDJPY.DWX,buy,out,2.21,121.381,2300,-5.53,0.00,941.31,124 686.40,qm_tm_close,2022-03-31T18:00:00,2022-03-31T15:00:00Z,summer_US_DST,18,15,18,1518,D:\QM\reports\work_items\2fc84747-27db-5e88-9568-3fdda6c30769\QM5_41398\20260909_135814\raw\run_01\report.htm
2022.04.04 06:57:40,1518,USDJPY.DWX,buy,in,2.77,122.705,2301,-6.93,0.00,0.00,124 679.47,BALKE_RANGE_BUY_STOP,2022-04-04T06:57:40,2022-04-04T03:57:40Z,summer_US_DST,6,3,6,1519,D:\QM\reports\work_items\2fc84747-27db-5e88-9568-3fdda6c30769\QM5_41398\20260909_135814\raw\run_01\report.htm
2022.04.04 18:00:00,1519,USDJPY.DWX,sell,out,2.77,122.738,2303,-6.93,0.00,74.48,124 747.02,qm_tm_close,2022-04-04T18:00:00,2022-04-04T15:00:00Z,summer_US_DST,18,15,18,1520,D:\QM\reports\work_items\2fc84747-27db-5e88-9568-3fdda6c30769\QM5_41398\20260909_135814\raw\run_01\report.htm
2022.04.07 06:41:28,1520,USDJPY.DWX,buy,in,4.47,123.743,2306,-11.18,0.00,0.00,124 735.84,BALKE_RANGE_BUY_STOP,2022-04-07T06:41:28,2022-04-07T03:41:28Z,summer_US_DST,6,3,6,1521,D:\QM\reports\work_items\2fc84747-27db-5e88-9568-3fdda6c30769\QM5_41398\20260909_135814\raw\run_01\report.htm
2022.04.07 18:00:00,1521,USDJPY.DWX,sell,out,4.47,123.915,2308,-11.18,0.00,620.46,125 345.12,qm_tm_close,2022-04-07T18:00:00,2022-04-07T15:00:00Z,summer_US_DST,18,15,18,1522,D:\QM\reports\work_items\2fc84747-27db-5e88-9568-3fdda6c30769\QM5_41398\20260909_135814\raw\run_01\report.htm
2022.04.13 08:06:22,1522,USDJPY.DWX,buy,in,4.12,125.651,2309,-10.30,0.00,0.00,125 334.82,BALKE_RANGE_BUY_STOP,2022-04-13T08:06:22,2022-04-13T05:06:22Z,summer_US_DST,8,5,8,1523,D:\QM\reports\work_items\2fc84747-27db-5e88-9568-3fdda6c30769\QM5_41398\20260909_135814\raw\run_01\report.htm
2022.04.13 14:13:20,1523,USDJPY.DWX,sell,out,4.12,126.006,2311,-10.30,0.00,1 160.74,126 485.26,sl 126.006,2022-04-13T14:13:20,2022-04-13T11:13:20Z,summer_US_DST,14,11,14,1524,D:\QM\reports\work_items\2fc84747-27db-5e88-9568-3fdda6c30769\QM5_41398\20260909_135814\raw\run_01\report.htm
2022.04.14 06:25:22,1524,USDJPY.DWX,sell,in,3.27,125.209,2313,-8.18,0.00,0.00,126 477.08,BALKE_RANGE_SELL_STOP,2022-04-14T06:25:22,2022-04-14T03:25:22Z,summer_US_DST,6,3,6,1525,D:\QM\reports\work_items\2fc84747-27db-5e88-9568-3fdda6c30769\QM5_41398\20260909_135814\raw\run_01\report.htm
2022.04.14 15:50:48,1525,USDJPY.DWX,buy,out,3.27,125.593,2314,-8.18,0.00,-999.80,125 469.10,sl 125.593,2022-04-14T15:50:48,2022-04-14T12:50:48Z,summer_US_DST,15,12,15,1526,D:\QM\reports\work_items\2fc84747-27db-5e88-9568-3fdda6c30769\QM5_41398\20260909_135814\raw\run_01\report.htm
2022.04.21 09:42:05,1526,USDJPY.DWX,sell,in,1.96,127.958,2315,-4.90,0.00,0.00,125 464.20,BALKE_RANGE_SELL_STOP,2022-04-21T09:42:05,2022-04-21T06:42:05Z,summer_US_DST,9,6,9,1527,D:\QM\reports\work_items\2fc84747-27db-5e88-9568-3fdda6c30769\QM5_41398\20260909_135814\raw\run_01\report.htm
2022.04.21 18:00:00,1527,USDJPY.DWX,buy,out,1.96,128.522,2316,-4.90,0.00,-860.12,124 599.18,qm_tm_close,2022-04-21T18:00:00,2022-04-21T15:00:00Z,summer_US_DST,18,15,18,1528,D:\QM\reports\work_items\2fc84747-27db-5e88-9568-3fdda6c30769\QM5_41398\20260909_135814\raw\run_01\report.htm
2022.04.22 06:19:26,1528,USDJPY.DWX,sell,in,4.03,128.369,2318,-10.08,0.00,0.00,124 589.10,BALKE_RANGE_SELL_STOP,2022-04-22T06:19:26,2022-04-22T03:19:26Z,summer_US_DST,6,3,6,1529,D:\QM\reports\work_items\2fc84747-27db-5e88-9568-3fdda6c30769\QM5_41398\20260909_135814\raw\run_01\report.htm
2022.04.22 11:06:41,1529,USDJPY.DWX,buy,out,4.03,128.162,2319,-10.08,0.00,650.90,125 229.92,sl 128.162,2022-04-22T11:06:41,2022-04-22T08:06:41Z,summer_US_DST,11,8,11,1530,D:\QM\reports\work_items\2fc84747-27db-5e88-9568-3fdda6c30769\QM5_41398\20260909_135814\raw\run_01\report.htm
2022.04.25 09:35:36,1530,USDJPY.DWX,sell,in,2.04,128.235,2321,-5.10,0.00,0.00,125 224.82,BALKE_RANGE_SELL_STOP,2022-04-25T09:35:36,2022-04-25T06:35:36Z,summer_US_DST,9,6,9,1531,D:\QM\reports\work_items\2fc84747-27db-5e88-9568-3fdda6c30769\QM5_41398\20260909_135814\raw\run_01\report.htm
2022.04.25 18:00:00,1531,USDJPY.DWX,buy,out,2.04,127.865,2322,-5.10,0.00,590.31,125 810.03,qm_tm_close,2022-04-25T18:00:00,2022-04-25T15:00:00Z,summer_US_DST,18,15,18,1532,D:\QM\reports\work_items\2fc84747-27db-5e88-9568-3fdda6c30769\QM5_41398\20260909_135814\raw\run_01\report.htm
2022.04.26 06:01:00,1532,USDJPY.DWX,buy,in,2.64,127.826,2323,-6.60,0.00,0.00,125 803.43,BALKE_RANGE_BUY_STOP,2022-04-26T06:01:00,2022-04-26T03:01:00Z,summer_US_DST,6,3,6,1533,D:\QM\reports\work_items\2fc84747-27db-5e88-9568-3fdda6c30769\QM5_41398\20260909_135814\raw\run_01\report.htm
2022.04.26 15:41:05,1533,USDJPY.DWX,sell,out,2.64,127.338,2325,-6.60,0.00,-1 011.73,124 785.10,sl 127.342,2022-04-26T15:41:05,2022-04-26T12:41:05Z,summer_US_DST,15,12,15,1534,D:\QM\reports\work_items\2fc84747-27db-5e88-9568-3fdda6c30769\QM5_41398\20260909_135814\raw\run_01\report.htm
2022.04.29 08:25:43,1534,USDJPY.DWX,sell,in,2.88,130.367,2328,-7.20,0.00,0.00,124 777.90,BALKE_RANGE_SELL_STOP,2022-04-29T08:25:43,2022-04-29T05:25:43Z,summer_US_DST,8,5,8,1535,D:\QM\reports\work_items\2fc84747-27db-5e88-9568-3fdda6c30769\QM5_41398\20260909_135814\raw\run_01\report.htm
2022.04.29 12:24:00,1535,USDJPY.DWX,buy,out,2.88,130.368,2329,-7.20,0.00,-2.21,124 768.49,sl 130.365,2022-04-29T12:24:00,2022-04-29T09:24:00Z,summer_US_DST,12,9,12,1536,D:\QM\reports\work_items\2fc84747-27db-5e88-9568-3fdda6c30769\QM5_41398\20260909_135814\raw\run_01\report.htm
2022.05.02 06:16:19,1536,USDJPY.DWX,buy,in,2.07,130.237,2330,-5.18,0.00,0.00,124 763.31,BALKE_RANGE_BUY_STOP,2022-05-02T06:16:19,2022-05-02T03:16:19Z,summer_US_DST,6,3,6,1537,D:\QM\reports\work_items\2fc84747-27db-5e88-9568-3fdda6c30769\QM5_41398\20260909_135814\raw\run_01\report.htm
2022.05.02 18:00:00,1537,USDJPY.DWX,sell,out,2.07,130.228,2332,-5.18,0.00,-14.31,124 743.82,qm_tm_close,2022-05-02T18:00:00,2022-05-02T15:00:00Z,summer_US_DST,18,15,18,1538,D:\QM\reports\work_items\2fc84747-27db-5e88-9568-3fdda6c30769\QM5_41398\20260909_135814\raw\run_01\report.htm
2022.05.03 07:42:50,1538,USDJPY.DWX,buy,in,5.21,130.100,2333,-13.03,0.00,0.00,124 730.79,BALKE_RANGE_BUY_STOP,2022-05-03T07:42:50,2022-05-03T04:42:50Z,summer_US_DST,7,4,7,1539,D:\QM\reports\work_items\2fc84747-27db-5e88-9568-3fdda6c30769\QM5_41398\20260909_135814\raw\run_01\report.htm
2022.05.03 15:11:06,1539,USDJPY.DWX,sell,out,5.21,129.848,2335,-13.03,0.00,-1 011.12,123 706.64,sl 129.851,2022-05-03T15:11:06,2022-05-03T12:11:06Z,summer_US_DST,15,12,15,1540,D:\QM\reports\work_items\2fc84747-27db-5e88-9568-3fdda6c30769\QM5_41398\20260909_135814\raw\run_01\report.htm
2022.05.04 11:04:14,1540,USDJPY.DWX,sell,in,9.43,130.067,2337,-23.58,0.00,0.00,123 683.06,BALKE_RANGE_SELL_STOP,2022-05-04T11:04:14,2022-05-04T08:04:14Z,summer_US_DST,11,8,11,1541,D:\QM\reports\work_items\2fc84747-27db-5e88-9568-3fdda6c30769\QM5_41398\20260909_135814\raw\run_01\report.htm
2022.05.04 16:36:33,1541,USDJPY.DWX,buy,out,9.43,130.042,2338,-23.58,0.00,181.29,123 840.77,sl 130.042,2022-05-04T16:36:33,2022-05-04T13:36:33Z,summer_US_DST,16,13,16,1542,D:\QM\reports\work_items\2fc84747-27db-5e88-9568-3fdda6c30769\QM5_41398\20260909_135814\raw\run_01\report.htm
2022.05.05 08:04:05,1542,USDJPY.DWX,buy,in,2.33,129.305,2339,-5.83,0.00,0.00,123 834.94,BALKE_RANGE_BUY_STOP,2022-05-05T08:04:05,2022-05-05T05:04:05Z,summer_US_DST,8,5,8,1543,D:\QM\reports\work_items\2fc84747-27db-5e88-9568-3fdda6c30769\QM5_41398\20260909_135814\raw\run_01\report.htm
2022.05.05 18:00:00,1543,USDJPY.DWX,sell,out,2.33,130.238,2341,-5.83,0.00,1 669.17,125 498.28,qm_tm_close,2022-05-05T18:00:00,2022-05-05T15:00:00Z,summer_US_DST,18,15,18,1544,D:\QM\reports\work_items\2fc84747-27db-5e88-9568-3fdda6c30769\QM5_41398\20260909_135814\raw\run_01\report.htm
2022.05.06 15:30:32,1544,USDJPY.DWX,sell,in,2.2,130.210,2343,-5.50,0.00,0.00,125 492.78,BALKE_RANGE_SELL_STOP,2022-05-06T15:30:32,2022-05-06T12:30:32Z,summer_US_DST,15,12,15,1545,D:\QM\reports\work_items\2fc84747-27db-5e88-9568-3fdda6c30769\QM5_41398\20260909_135814\raw\run_01\report.htm
2022.05.06 18:00:00,1545,USDJPY.DWX,buy,out,2.2,130.416,2344,-5.50,0.00,-347.50,125 139.78,qm_tm_close,2022-05-06T18:00:00,2022-05-06T15:00:00Z,summer_US_DST,18,15,18,1546,D:\QM\reports\work_items\2fc84747-27db-5e88-9568-3fdda6c30769\QM5_41398\20260909_135814\raw\run_01\report.htm
2022.05.09 06:13:25,1546,USDJPY.DWX,buy,in,4.63,130.957,2345,-11.58,0.00,0.00,125 128.20,BALKE_RANGE_BUY_STOP,2022-05-09T06:13:25,2022-05-09T03:13:25Z,summer_US_DST,6,3,6,1547,D:\QM\reports\work_items\2fc84747-27db-5e88-9568-3fdda6c30769\QM5_41398\20260909_135814\raw\run_01\report.htm
2022.05.09 14:38:17,1547,USDJPY.DWX,sell,out,4.63,131.059,2347,-11.58,0.00,360.34,125 476.96,sl 131.059,2022-05-09T14:38:17,2022-05-09T11:38:17Z,summer_US_DST,14,11,14,1548,D:\QM\reports\work_items\2fc84747-27db-5e88-9568-3fdda6c30769\QM5_41398\20260909_135814\raw\run_01\report.htm
2022.05.11 07:11:08,1548,USDJPY.DWX,buy,in,5.4,130.468,2348,-13.50,0.00,0.00,125 463.46,BALKE_RANGE_BUY_STOP,2022-05-11T07:11:08,2022-05-11T04:11:08Z,summer_US_DST,7,4,7,1549,D:\QM\reports\work_items\2fc84747-27db-5e88-9568-3fdda6c30769\QM5_41398\20260909_135814\raw\run_01\report.htm
2022.05.11 09:27:29,1549,USDJPY.DWX,sell,out,5.4,130.226,2350,-13.50,0.00,-1 003.49,124 446.47,sl 130.227,2022-05-11T09:27:29,2022-05-11T06:27:29Z,summer_US_DST,9,6,9,1550,D:\QM\reports\work_items\2fc84747-27db-5e88-9568-3fdda6c30769\QM5_41398\20260909_135814\raw\run_01\report.htm
2022.05.12 09:20:56,1550,USDJPY.DWX,sell,in,3.21,129.503,2352,-8.03,0.00,0.00,124 438.44,BALKE_RANGE_SELL_STOP,2022-05-12T09:20:56,2022-05-12T06:20:56Z,summer_US_DST,9,6,9,1551,D:\QM\reports\work_items\2fc84747-27db-5e88-9568-3fdda6c30769\QM5_41398\20260909_135814\raw\run_01\report.htm
2022.05.12 18:00:00,1551,USDJPY.DWX,buy,out,3.21,128.124,2353,-8.03,0.00,3 454.93,127 885.34,qm_tm_close,2022-05-12T18:00:00,2022-05-12T15:00:00Z,summer_US_DST,18,15,18,1552,D:\QM\reports\work_items\2fc84747-27db-5e88-9568-3fdda6c30769\QM5_41398\20260909_135814\raw\run_01\report.htm
2022.05.18 06:25:27,1552,USDJPY.DWX,sell,in,3.4,129.081,2355,-8.50,0.00,0.00,127 876.84,BALKE_RANGE_SELL_STOP,2022-05-18T06:25:27,2022-05-18T03:25:27Z,summer_US_DST,6,3,6,1553,D:\QM\reports\work_items\2fc84747-27db-5e88-9568-3fdda6c30769\QM5_41398\20260909_135814\raw\run_01\report.htm
2022.05.18 18:00:00,1553,USDJPY.DWX,buy,out,3.4,128.488,2356,-8.50,0.00,1 569.17,129 437.51,qm_tm_close,2022-05-18T18:00:00,2022-05-18T15:00:00Z,summer_US_DST,18,15,18,1554,D:\QM\reports\work_items\2fc84747-27db-5e88-9568-3fdda6c30769\QM5_41398\20260909_135814\raw\run_01\report.htm
2022.05.20 06:53:14,1554,USDJPY.DWX,sell,in,2.32,127.662,2358,-5.80,0.00,0.00,129 431.71,BALKE_RANGE_SELL_STOP,2022-05-20T06:53:14,2022-05-20T03:53:14Z,summer_US_DST,6,3,6,1555,D:\QM\reports\work_items\2fc84747-27db-5e88-9568-3fdda6c30769\QM5_41398\20260909_135814\raw\run_01\report.htm
2022.05.20 12:07:02,1555,USDJPY.DWX,buy,out,2.32,128.214,2359,-5.80,0.00,-998.83,128 427.08,sl 128.214,2022-05-20T12:07:02,2022-05-20T09:07:02Z,summer_US_DST,12,9,12,1556,D:\QM\reports\work_items\2fc84747-27db-5e88-9568-3fdda6c30769\QM5_41398\20260909_135814\raw\run_01\report.htm
2022.05.24 07:16:24,1556,USDJPY.DWX,sell,in,2.8,127.626,2361,-7.00,0.00,0.00,128 420.08,BALKE_RANGE_SELL_STOP,2022-05-24T07:16:24,2022-05-24T04:16:24Z,summer_US_DST,7,4,7,1557,D:\QM\reports\work_items\2fc84747-27db-5e88-9568-3fdda6c30769\QM5_41398\20260909_135814\raw\run_01\report.htm
2022.05.24 13:23:12,1557,USDJPY.DWX,buy,out,2.8,127.476,2362,-7.00,0.00,329.47,128 742.55,sl 127.475,2022-05-24T13:23:12,2022-05-24T10:23:12Z,summer_US_DST,13,10,13,1558,D:\QM\reports\work_items\2fc84747-27db-5e88-9568-3fdda6c30769\QM5_41398\20260909_135814\raw\run_01\report.htm
2022.05.25 06:01:03,1558,USDJPY.DWX,buy,in,3.08,127.062,2363,-7.70,0.00,0.00,128 734.85,BALKE_RANGE_BUY_STOP,2022-05-25T06:01:03,2022-05-25T03:01:03Z,summer_US_DST,6,3,6,1559,D:\QM\reports\work_items\2fc84747-27db-5e88-9568-3fdda6c30769\QM5_41398\20260909_135814\raw\run_01\report.htm
2022.05.25 18:00:00,1559,USDJPY.DWX,sell,out,3.08,127.366,2365,-7.70,0.00,735.14,129 462.29,qm_tm_close,2022-05-25T18:00:00,2022-05-25T15:00:00Z,summer_US_DST,18,15,18,1560,D:\QM\reports\work_items\2fc84747-27db-5e88-9568-3fdda6c30769\QM5_41398\20260909_135814\raw\run_01\report.htm
2022.05.26 10:00:30,1560,USDJPY.DWX,sell,in,2.81,127.127,2367,-7.03,0.00,0.00,129 455.26,BALKE_RANGE_SELL_STOP,2022-05-26T10:00:30,2022-05-26T07:00:30Z,summer_US_DST,10,7,10,1561,D:\QM\reports\work_items\2fc84747-27db-5e88-9568-3fdda6c30769\QM5_41398\20260909_135814\raw\run_01\report.htm
2022.05.26 14:11:22,1561,USDJPY.DWX,buy,out,2.81,126.831,2368,-7.03,0.00,655.80,130 104.03,sl 126.829,2022-05-26T14:11:22,2022-05-26T11:11:22Z,summer_US_DST,14,11,14,1562,D:\QM\reports\work_items\2fc84747-27db-5e88-9568-3fdda6c30769\QM5_41398\20260909_135814\raw\run_01\report.htm
2022.06.02 09:30:17,1562,USDJPY.DWX,sell,in,3.89,129.870,2370,-9.73,0.00,0.00,130 094.30,BALKE_RANGE_SELL_STOP,2022-06-02T09:30:17,2022-06-02T06:30:17Z,summer_US_DST,9,6,9,1563,D:\QM\reports\work_items\2fc84747-27db-5e88-9568-3fdda6c30769\QM5_41398\20260909_135814\raw\run_01\report.htm
2022.06.02 18:00:00,1563,USDJPY.DWX,buy,out,3.89,129.848,2371,-9.73,0.00,65.91,130 150.48,qm_tm_close,2022-06-02T18:00:00,2022-06-02T15:00:00Z,summer_US_DST,18,15,18,1564,D:\QM\reports\work_items\2fc84747-27db-5e88-9568-3fdda6c30769\QM5_41398\20260909_135814\raw\run_01\report.htm
2022.06.06 06:41:34,1564,USDJPY.DWX,sell,in,4.23,130.529,2373,-10.58,0.00,0.00,130 139.90,BALKE_RANGE_SELL_STOP,2022-06-06T06:41:34,2022-06-06T03:41:34Z,summer_US_DST,6,3,6,1565,D:\QM\reports\work_items\2fc84747-27db-5e88-9568-3fdda6c30769\QM5_41398\20260909_135814\raw\run_01\report.htm
2022.06.06 15:42:46,1565,USDJPY.DWX,buy,out,4.23,130.841,2374,-10.58,0.00,-1 008.67,129 120.65,sl 130.840,2022-06-06T15:42:46,2022-06-06T12:42:46Z,summer_US_DST,15,12,15,1566,D:\QM\reports\work_items\2fc84747-27db-5e88-9568-3fdda6c30769\QM5_41398\20260909_135814\raw\run_01\report.htm
2022.06.08 07:58:30,1566,USDJPY.DWX,buy,in,2.69,133.215,2375,-6.73,0.00,0.00,129 113.92,BALKE_RANGE_BUY_STOP,2022-06-08T07:58:30,2022-06-08T04:58:30Z,summer_US_DST,7,4,7,1567,D:\QM\reports\work_items\2fc84747-27db-5e88-9568-3fdda6c30769\QM5_41398\20260909_135814\raw\run_01\report.htm
2022.06.08 17:15:17,1567,USDJPY.DWX,sell,out,2.69,133.905,2377,-6.73,0.00,1 386.13,130 493.32,sl 133.906,2022-06-08T17:15:17,2022-06-08T14:15:17Z,summer_US_DST,17,14,17,1568,D:\QM\reports\work_items\2fc84747-27db-5e88-9568-3fdda6c30769\QM5_41398\20260909_135814\raw\run_01\report.htm
2022.06.09 06:42:25,1568,USDJPY.DWX,sell,in,3.09,134.121,2379,-7.73,0.00,0.00,130 485.59,BALKE_RANGE_SELL_STOP,2022-06-09T06:42:25,2022-06-09T03:42:25Z,summer_US_DST,6,3,6,1569,D:\QM\reports\work_items\2fc84747-27db-5e88-9568-3fdda6c30769\QM5_41398\20260909_135814\raw\run_01\report.htm
2022.06.09 14:51:14,1569,USDJPY.DWX,buy,out,3.09,133.704,2380,-7.73,0.00,963.72,131 441.58,sl 133.702,2022-06-09T14:51:14,2022-06-09T11:51:14Z,summer_US_DST,14,11,14,1570,D:\QM\reports\work_items\2fc84747-27db-5e88-9568-3fdda6c30769\QM5_41398\20260909_135814\raw\run_01\report.htm
2022.06.10 08:02:24,1570,USDJPY.DWX,sell,in,2.82,133.915,2382,-7.05,0.00,0.00,131 434.53,BALKE_RANGE_SELL_STOP,2022-06-10T08:02:24,2022-06-10T05:02:24Z,summer_US_DST,8,5,8,1571,D:\QM\reports\work_items\2fc84747-27db-5e88-9568-3fdda6c30769\QM5_41398\20260909_135814\raw\run_01\report.htm
2022.06.10 12:16:21,1571,USDJPY.DWX,buy,out,2.82,133.916,2383,-7.05,0.00,-2.11,131 425.37,sl 133.908,2022-06-10T12:16:21,2022-06-10T09:16:21Z,summer_US_DST,12,9,12,1572,D:\QM\reports\work_items\2fc84747-27db-5e88-9568-3fdda6c30769\QM5_41398\20260909_135814\raw\run_01\report.htm
2022.06.13 07:09:20,1572,USDJPY.DWX,buy,in,4.01,135.001,2384,-10.03,0.00,0.00,131 415.34,BALKE_RANGE_BUY_STOP,2022-06-13T07:09:20,2022-06-13T04:09:20Z,summer_US_DST,7,4,7,1573,D:\QM\reports\work_items\2fc84747-27db-5e88-9568-3fdda6c30769\QM5_41398\20260909_135814\raw\run_01\report.htm
2022.06.13 09:09:18,1573,USDJPY.DWX,sell,out,4.01,134.665,2386,-10.03,0.00,-1 000.53,130 404.78,sl 134.666,2022-06-13T09:09:18,2022-06-13T06:09:18Z,summer_US_DST,9,6,9,1574,D:\QM\reports\work_items\2fc84747-27db-5e88-9568-3fdda6c30769\QM5_41398\20260909_135814\raw\run_01\report.htm
2022.06.14 06:25:11,1574,USDJPY.DWX,buy,in,2.32,134.449,2387,-5.80,0.00,0.00,130 398.98,BALKE_RANGE_BUY_STOP,2022-06-14T06:25:11,2022-06-14T03:25:11Z,summer_US_DST,6,3,6,1575,D:\QM\reports\work_items\2fc84747-27db-5e88-9568-3fdda6c30769\QM5_41398\20260909_135814\raw\run_01\report.htm
2022.06.14 18:00:00,1575,USDJPY.DWX,sell,out,2.32,134.614,2389,-5.80,0.00,284.37,130 677.55,qm_tm_close,2022-06-14T18:00:00,2022-06-14T15:00:00Z,summer_US_DST,18,15,18,1576,D:\QM\reports\work_items\2fc84747-27db-5e88-9568-3fdda6c30769\QM5_41398\20260909_135814\raw\run_01\report.htm
2022.06.15 08:12:33,1576,USDJPY.DWX,sell,in,3.06,134.863,2391,-7.65,0.00,0.00,130 669.90,BALKE_RANGE_SELL_STOP,2022-06-15T08:12:33,2022-06-15T05:12:33Z,summer_US_DST,8,5,8,1577,D:\QM\reports\work_items\2fc84747-27db-5e88-9568-3fdda6c30769\QM5_41398\20260909_135814\raw\run_01\report.htm
2022.06.15 15:03:53,1577,USDJPY.DWX,buy,out,3.06,134.643,2392,-7.65,0.00,499.99,131 162.24,sl 134.643,2022-06-15T15:03:53,2022-06-15T12:03:53Z,summer_US_DST,15,12,15,1578,D:\QM\reports\work_items\2fc84747-27db-5e88-9568-3fdda6c30769\QM5_41398\20260909_135814\raw\run_01\report.htm
2022.06.16 11:15:14,1578,USDJPY.DWX,sell,in,1.83,133.945,2394,-4.58,0.00,0.00,131 157.66,BALKE_RANGE_SELL_STOP,2022-06-16T11:15:14,2022-06-16T08:15:14Z,summer_US_DST,11,8,11,1579,D:\QM\reports\work_items\2fc84747-27db-5e88-9568-3fdda6c30769\QM5_41398\20260909_135814\raw\run_01\report.htm
2022.06.16 18:00:00,1579,USDJPY.DWX,buy,out,1.83,132.568,2395,-4.58,0.00,1 900.84,133 053.92,qm_tm_close,2022-06-16T18:00:00,2022-06-16T15:00:00Z,summer_US_DST,18,15,18,1580,D:\QM\reports\work_items\2fc84747-27db-5e88-9568-3fdda6c30769\QM5_41398\20260909_135814\raw\run_01\report.htm
2022.06.21 09:53:11,1580,USDJPY.DWX,buy,in,4.63,135.214,2396,-11.58,0.00,0.00,133 042.34,BALKE_RANGE_BUY_STOP,2022-06-21T09:53:11,2022-06-21T06:53:11Z,summer_US_DST,9,6,9,1581,D:\QM\reports\work_items\2fc84747-27db-5e88-9568-3fdda6c30769\QM5_41398\20260909_135814\raw\run_01\report.htm
2022.06.21 18:00:00,1581,USDJPY.DWX,sell,out,4.63,136.139,2398,-11.58,0.00,3 145.87,136 176.63,qm_tm_close,2022-06-21T18:00:00,2022-06-21T15:00:00Z,summer_US_DST,18,15,18,1582,D:\QM\reports\work_items\2fc84747-27db-5e88-9568-3fdda6c30769\QM5_41398\20260909_135814\raw\run_01\report.htm
2022.06.22 06:08:28,1582,USDJPY.DWX,sell,in,3.13,136.071,2400,-7.83,0.00,0.00,136 168.80,BALKE_RANGE_SELL_STOP,2022-06-22T06:08:28,2022-06-22T03:08:28Z,summer_US_DST,6,3,6,1583,D:\QM\reports\work_items\2fc84747-27db-5e88-9568-3fdda6c30769\QM5_41398\20260909_135814\raw\run_01\report.htm
2022.06.22 09:33:45,1583,USDJPY.DWX,buy,out,3.13,136.514,2401,-7.83,0.00,-1 015.71,135 145.26,sl 136.508,2022-06-22T09:33:45,2022-06-22T06:33:45Z,summer_US_DST,9,6,9,1584,D:\QM\reports\work_items\2fc84747-27db-5e88-9568-3fdda6c30769\QM5_41398\20260909_135814\raw\run_01\report.htm
2022.06.24 06:25:19,1584,USDJPY.DWX,sell,in,2.36,134.654,2403,-5.90,0.00,0.00,135 139.36,BALKE_RANGE_SELL_STOP,2022-06-24T06:25:19,2022-06-24T03:25:19Z,summer_US_DST,6,3,6,1585,D:\QM\reports\work_items\2fc84747-27db-5e88-9568-3fdda6c30769\QM5_41398\20260909_135814\raw\run_01\report.htm
2022.06.24 14:57:26,1585,USDJPY.DWX,buy,out,2.36,135.229,2404,-5.90,0.00,-1 003.48,134 129.98,sl 135.226,2022-06-24T14:57:26,2022-06-24T11:57:26Z,summer_US_DST,14,11,14,1586,D:\QM\reports\work_items\2fc84747-27db-5e88-9568-3fdda6c30769\QM5_41398\20260909_135814\raw\run_01\report.htm
2022.06.27 09:24:01,1586,USDJPY.DWX,buy,in,2.31,135.105,2405,-5.78,0.00,0.00,134 124.20,BALKE_RANGE_BUY_STOP,2022-06-27T09:24:01,2022-06-27T06:24:01Z,summer_US_DST,9,6,9,1587,D:\QM\reports\work_items\2fc84747-27db-5e88-9568-3fdda6c30769\QM5_41398\20260909_135814\raw\run_01\report.htm
2022.06.27 18:00:00,1587,USDJPY.DWX,sell,out,2.31,135.172,2407,-5.78,0.00,114.50,134 232.92,qm_tm_close,2022-06-27T18:00:00,2022-06-27T15:00:00Z,summer_US_DST,18,15,18,1588,D:\QM\reports\work_items\2fc84747-27db-5e88-9568-3fdda6c30769\QM5_41398\20260909_135814\raw\run_01\report.htm
2022.06.29 06:28:17,1588,USDJPY.DWX,buy,in,4.45,136.201,2408,-11.13,0.00,0.00,134 221.79,BALKE_RANGE_BUY_STOP,2022-06-29T06:28:17,2022-06-29T03:28:17Z,summer_US_DST,6,3,6,1589,D:\QM\reports\work_items\2fc84747-27db-5e88-9568-3fdda6c30769\QM5_41398\20260909_135814\raw\run_01\report.htm
2022.06.29 09:07:04,1589,USDJPY.DWX,sell,out,4.45,135.888,2410,-11.13,0.00,-1 025.00,133 185.66,sl 135.893,2022-06-29T09:07:04,2022-06-29T06:07:04Z,summer_US_DST,9,6,9,1590,D:\QM\reports\work_items\2fc84747-27db-5e88-9568-3fdda6c30769\QM5_41398\20260909_135814\raw\run_01\report.htm
2022.06.30 08:01:42,1590,USDJPY.DWX,sell,in,4.09,136.476,2412,-10.23,0.00,0.00,133 175.43,BALKE_RANGE_SELL_STOP,2022-06-30T08:01:42,2022-06-30T05:01:42Z,summer_US_DST,8,5,8,1591,D:\QM\reports\work_items\2fc84747-27db-5e88-9568-3fdda6c30769\QM5_41398\20260909_135814\raw\run_01\report.htm
2022.06.30 13:29:43,1591,USDJPY.DWX,buy,out,4.09,136.365,2413,-10.23,0.00,332.92,133 498.12,sl 136.365,2022-06-30T13:29:43,2022-06-30T10:29:43Z,summer_US_DST,13,10,13,1592,D:\QM\reports\work_items\2fc84747-27db-5e88-9568-3fdda6c30769\QM5_41398\20260909_135814\raw\run_01\report.htm
2022.07.04 06:41:04,1592,USDJPY.DWX,buy,in,3.8,135.135,2414,-9.50,0.00,0.00,133 488.62,BALKE_RANGE_BUY_STOP,2022-07-04T06:41:04,2022-07-04T03:41:04Z,summer_US_DST,6,3,6,1593,D:\QM\reports\work_items\2fc84747-27db-5e88-9568-3fdda6c30769\QM5_41398\20260909_135814\raw\run_01\report.htm
2022.07.04 11:39:05,1593,USDJPY.DWX,sell,out,3.8,135.264,2416,-9.50,0.00,362.40,133 841.52,sl 135.265,2022-07-04T11:39:05,2022-07-04T08:39:05Z,summer_US_DST,11,8,11,1594,D:\QM\reports\work_items\2fc84747-27db-5e88-9568-3fdda6c30769\QM5_41398\20260909_135814\raw\run_01\report.htm
2022.07.06 06:01:10,1594,USDJPY.DWX,sell,in,2.14,135.133,2418,-5.35,0.00,0.00,133 836.17,BALKE_RANGE_SELL_STOP,2022-07-06T06:01:10,2022-07-06T03:01:10Z,summer_US_DST,6,3,6,1595,D:\QM\reports\work_items\2fc84747-27db-5e88-9568-3fdda6c30769\QM5_41398\20260909_135814\raw\run_01\report.htm
2022.07.06 17:02:02,1595,USDJPY.DWX,buy,out,2.14,135.768,2419,-5.35,0.00,-1 000.90,132 829.92,sl 135.768,2022-07-06T17:02:02,2022-07-06T14:02:02Z,summer_US_DST,17,14,17,1596,D:\QM\reports\work_items\2fc84747-27db-5e88-9568-3fdda6c30769\QM5_41398\20260909_135814\raw\run_01\report.htm
2022.07.07 10:34:13,1596,USDJPY.DWX,buy,in,2.62,136.066,2420,-6.55,0.00,0.00,132 823.37,BALKE_RANGE_BUY_STOP,2022-07-07T10:34:13,2022-07-07T07:34:13Z,summer_US_DST,10,7,10,1597,D:\QM\reports\work_items\2fc84747-27db-5e88-9568-3fdda6c30769\QM5_41398\20260909_135814\raw\run_01\report.htm
2022.07.07 18:00:00,1597,USDJPY.DWX,sell,out,2.62,135.946,2422,-6.55,0.00,-231.27,132 585.55,qm_tm_close,2022-07-07T18:00:00,2022-07-07T15:00:00Z,summer_US_DST,18,15,18,1598,D:\QM\reports\work_items\2fc84747-27db-5e88-9568-3fdda6c30769\QM5_41398\20260909_135814\raw\run_01\report.htm
2022.07.12 08:42:52,1598,USDJPY.DWX,buy,in,3.27,137.449,2423,-8.18,0.00,0.00,132 577.37,BALKE_RANGE_BUY_STOP,2022-07-12T08:42:52,2022-07-12T05:42:52Z,summer_US_DST,8,5,8,1599,D:\QM\reports\work_items\2fc84747-27db-5e88-9568-3fdda6c30769\QM5_41398\20260909_135814\raw\run_01\report.htm
2022.07.12 12:53:25,1599,USDJPY.DWX,sell,out,3.27,137.026,2425,-8.18,0.00,-1 009.45,131 559.74,sl 137.030,2022-07-12T12:53:25,2022-07-12T09:53:25Z,summer_US_DST,12,9,12,1600,D:\QM\reports\work_items\2fc84747-27db-5e88-9568-3fdda6c30769\QM5_41398\20260909_135814\raw\run_01\report.htm
2022.07.14 07:45:44,1600,USDJPY.DWX,buy,in,2.56,138.125,2426,-6.40,0.00,0.00,131 553.34,BALKE_RANGE_BUY_STOP,2022-07-14T07:45:44,2022-07-14T04:45:44Z,summer_US_DST,7,4,7,1601,D:\QM\reports\work_items\2fc84747-27db-5e88-9568-3fdda6c30769\QM5_41398\20260909_135814\raw\run_01\report.htm
2022.07.14 12:27:04,1601,USDJPY.DWX,sell,out,2.56,138.703,2428,-6.40,0.00,1 066.80,132 613.74,sl 138.706,2022-07-14T12:27:04,2022-07-14T09:27:04Z,summer_US_DST,12,9,12,1602,D:\QM\reports\work_items\2fc84747-27db-5e88-9568-3fdda6c30769\QM5_41398\20260909_135814\raw\run_01\report.htm
2022.07.15 06:38:59,1602,USDJPY.DWX,buy,in,4.46,139.076,2429,-11.15,0.00,0.00,132 602.59,BALKE_RANGE_BUY_STOP,2022-07-15T06:38:59,2022-07-15T03:38:59Z,summer_US_DST,6,3,6,1603,D:\QM\reports\work_items\2fc84747-27db-5e88-9568-3fdda6c30769\QM5_41398\20260909_135814\raw\run_01\report.htm
2022.07.15 09:38:27,1603,USDJPY.DWX,sell,out,4.46,138.763,2431,-11.15,0.00,-1 006.02,131 585.42,sl 138.765,2022-07-15T09:38:27,2022-07-15T06:38:27Z,summer_US_DST,9,6,9,1604,D:\QM\reports\work_items\2fc84747-27db-5e88-9568-3fdda6c30769\QM5_41398\20260909_135814\raw\run_01\report.htm
2022.07.18 06:31:36,1604,USDJPY.DWX,buy,in,4.52,138.333,2432,-11.30,0.00,0.00,131 574.12,BALKE_RANGE_BUY_STOP,2022-07-18T06:31:36,2022-07-18T03:31:36Z,summer_US_DST,6,3,6,1605,D:\QM\reports\work_items\2fc84747-27db-5e88-9568-3fdda6c30769\QM5_41398\20260909_135814\raw\run_01\report.htm
2022.07.18 10:24:33,1605,USDJPY.DWX,sell,out,4.52,138.027,2434,-11.30,0.00,-1 002.06,130 560.76,sl 138.027,2022-07-18T10:24:33,2022-07-18T07:24:33Z,summer_US_DST,10,7,10,1606,D:\QM\reports\work_items\2fc84747-27db-5e88-9568-3fdda6c30769\QM5_41398\20260909_135814\raw\run_01\report.htm
2022.07.19 06:11:45,1606,USDJPY.DWX,sell,in,5.76,138.151,2436,-14.40,0.00,0.00,130 546.36,BALKE_RANGE_SELL_STOP,2022-07-19T06:11:45,2022-07-19T03:11:45Z,summer_US_DST,6,3,6,1607,D:\QM\reports\work_items\2fc84747-27db-5e88-9568-3fdda6c30769\QM5_41398\20260909_135814\raw\run_01\report.htm
2022.07.19 15:17:51,1607,USDJPY.DWX,buy,out,5.76,137.699,2437,-14.40,0.00,1 890.73,132 422.69,sl 137.697,2022-07-19T15:17:51,2022-07-19T12:17:51Z,summer_US_DST,15,12,15,1608,D:\QM\reports\work_items\2fc84747-27db-5e88-9568-3fdda6c30769\QM5_41398\20260909_135814\raw\run_01\report.htm
2022.07.22 06:19:25,1608,USDJPY.DWX,buy,in,2.44,137.594,2438,-6.10,0.00,0.00,132 416.59,BALKE_RANGE_BUY_STOP,2022-07-22T06:19:25,2022-07-22T03:19:25Z,summer_US_DST,6,3,6,1609,D:\QM\reports\work_items\2fc84747-27db-5e88-9568-3fdda6c30769\QM5_41398\20260909_135814\raw\run_01\report.htm
2022.07.22 14:42:13,1609,USDJPY.DWX,sell,out,2.44,137.029,2440,-6.10,0.00,-1 006.06,131 404.43,sl 137.033,2022-07-22T14:42:13,2022-07-22T11:42:13Z,summer_US_DST,14,11,14,1610,D:\QM\reports\work_items\2fc84747-27db-5e88-9568-3fdda6c30769\QM5_41398\20260909_135814\raw\run_01\report.htm
2022.07.25 14:56:56,1610,USDJPY.DWX,buy,in,1.86,136.615,2441,-4.65,0.00,0.00,131 399.78,BALKE_RANGE_BUY_STOP,2022-07-25T14:56:56,2022-07-25T11:56:56Z,summer_US_DST,14,11,14,1611,D:\QM\reports\work_items\2fc84747-27db-5e88-9568-3fdda6c30769\QM5_41398\20260909_135814\raw\run_01\report.htm
2022.07.25 18:00:00,1611,USDJPY.DWX,sell,out,1.86,136.687,2443,-4.65,0.00,97.98,131 493.11,qm_tm_close,2022-07-25T18:00:00,2022-07-25T15:00:00Z,summer_US_DST,18,15,18,1612,D:\QM\reports\work_items\2fc84747-27db-5e88-9568-3fdda6c30769\QM5_41398\20260909_135814\raw\run_01\report.htm
2022.07.26 06:37:19,1612,USDJPY.DWX,buy,in,5.16,136.542,2444,-12.90,0.00,0.00,131 480.21,BALKE_RANGE_BUY_STOP,2022-07-26T06:37:19,2022-07-26T03:37:19Z,summer_US_DST,6,3,6,1613,D:\QM\reports\work_items\2fc84747-27db-5e88-9568-3fdda6c30769\QM5_41398\20260909_135814\raw\run_01\report.htm
2022.07.26 15:43:24,1613,USDJPY.DWX,sell,out,5.16,136.574,2446,-12.90,0.00,120.90,131 588.21,sl 136.574,2022-07-26T15:43:24,2022-07-26T12:43:24Z,summer_US_DST,15,12,15,1614,D:\QM\reports\work_items\2fc84747-27db-5e88-9568-3fdda6c30769\QM5_41398\20260909_135814\raw\run_01\report.htm
2022.07.27 11:24:55,1614,USDJPY.DWX,sell,in,4.02,136.801,2448,-10.05,0.00,0.00,131 578.16,BALKE_RANGE_SELL_STOP,2022-07-27T11:24:55,2022-07-27T08:24:55Z,summer_US_DST,11,8,11,1615,D:\QM\reports\work_items\2fc84747-27db-5e88-9568-3fdda6c30769\QM5_41398\20260909_135814\raw\run_01\report.htm
2022.07.27 17:28:55,1615,USDJPY.DWX,buy,out,4.02,137.142,2449,-10.05,0.00,-999.56,130 568.55,sl 137.142,2022-07-27T17:28:55,2022-07-27T14:28:55Z,summer_US_DST,17,14,17,1616,D:\QM\reports\work_items\2fc84747-27db-5e88-9568-3fdda6c30769\QM5_41398\20260909_135814\raw\run_01\report.htm
2022.07.29 06:05:19,1616,USDJPY.DWX,sell,in,3.08,134.239,2451,-7.70,0.00,0.00,130 560.85,BALKE_RANGE_SELL_STOP,2022-07-29T06:05:19,2022-07-29T03:05:19Z,summer_US_DST,6,3,6,1617,D:\QM\reports\work_items\2fc84747-27db-5e88-9568-3fdda6c30769\QM5_41398\20260909_135814\raw\run_01\report.htm
2022.07.29 12:02:40,1617,USDJPY.DWX,buy,out,3.08,133.091,2452,-7.70,0.00,2 656.71,133 209.86,sl 133.091,2022-07-29T12:02:40,2022-07-29T09:02:40Z,summer_US_DST,12,9,12,1618,D:\QM\reports\work_items\2fc84747-27db-5e88-9568-3fdda6c30769\QM5_41398\20260909_135814\raw\run_01\report.htm
2022.08.03 06:14:40,1618,USDJPY.DWX,sell,in,1.53,133.029,2454,-3.83,0.00,0.00,133 206.03,BALKE_RANGE_SELL_STOP,2022-08-03T06:14:40,2022-08-03T03:14:40Z,summer_US_DST,6,3,6,1619,D:\QM\reports\work_items\2fc84747-27db-5e88-9568-3fdda6c30769\QM5_41398\20260909_135814\raw\run_01\report.htm
2022.08.03 17:00:01,1619,USDJPY.DWX,buy,out,1.53,133.901,2455,-3.83,0.00,-996.38,132 205.82,sl 133.899,2022-08-03T17:00:01,2022-08-03T14:00:01Z,summer_US_DST,17,14,17,1620,D:\QM\reports\work_items\2fc84747-27db-5e88-9568-3fdda6c30769\QM5_41398\20260909_135814\raw\run_01\report.htm
2022.08.04 08:36:46,1620,USDJPY.DWX,buy,in,2.47,133.964,2456,-6.18,0.00,0.00,132 199.64,BALKE_RANGE_BUY_STOP,2022-08-04T08:36:46,2022-08-04T05:36:46Z,summer_US_DST,8,5,8,1621,D:\QM\reports\work_items\2fc84747-27db-5e88-9568-3fdda6c30769\QM5_41398\20260909_135814\raw\run_01\report.htm
2022.08.04 15:14:44,1621,USDJPY.DWX,sell,out,2.47,133.385,2458,-6.18,0.00,-1 072.18,131 121.28,sl 133.421,2022-08-04T15:14:44,2022-08-04T12:14:44Z,summer_US_DST,15,12,15,1622,D:\QM\reports\work_items\2fc84747-27db-5e88-9568-3fdda6c30769\QM5_41398\20260909_135814\raw\run_01\report.htm
2022.08.08 10:48:42,1622,USDJPY.DWX,sell,in,2.46,135.031,2460,-6.15,0.00,0.00,131 115.13,BALKE_RANGE_SELL_STOP,2022-08-08T10:48:42,2022-08-08T07:48:42Z,summer_US_DST,10,7,10,1623,D:\QM\reports\work_items\2fc84747-27db-5e88-9568-3fdda6c30769\QM5_41398\20260909_135814\raw\run_01\report.htm
2022.08.08 18:00:00,1623,USDJPY.DWX,buy,out,2.46,134.738,2461,-6.15,0.00,534.95,131 643.93,qm_tm_close,2022-08-08T18:00:00,2022-08-08T15:00:00Z,summer_US_DST,18,15,18,1624,D:\QM\reports\work_items\2fc84747-27db-5e88-9568-3fdda6c30769\QM5_41398\20260909_135814\raw\run_01\report.htm
2022.08.09 06:14:16,1624,USDJPY.DWX,buy,in,3.65,135.037,2462,-9.13,0.00,0.00,131 634.80,BALKE_RANGE_BUY_STOP,2022-08-09T06:14:16,2022-08-09T03:14:16Z,summer_US_DST,6,3,6,1625,D:\QM\reports\work_items\2fc84747-27db-5e88-9568-3fdda6c30769\QM5_41398\20260909_135814\raw\run_01\report.htm
2022.08.09 18:00:00,1625,USDJPY.DWX,sell,out,3.65,134.951,2464,-9.13,0.00,-232.60,131 393.07,qm_tm_close,2022-08-09T18:00:00,2022-08-09T15:00:00Z,summer_US_DST,18,15,18,1626,D:\QM\reports\work_items\2fc84747-27db-5e88-9568-3fdda6c30769\QM5_41398\20260909_135814\raw\run_01\report.htm
2022.08.10 06:43:38,1626,USDJPY.DWX,sell,in,4.16,134.972,2466,-10.40,0.00,0.00,131 382.67,BALKE_RANGE_SELL_STOP,2022-08-10T06:43:38,2022-08-10T03:43:38Z,summer_US_DST,6,3,6,1627,D:\QM\reports\work_items\2fc84747-27db-5e88-9568-3fdda6c30769\QM5_41398\20260909_135814\raw\run_01\report.htm
2022.08.10 18:00:00,1627,USDJPY.DWX,buy,out,4.16,132.098,2467,-10.40,0.00,9 050.74,140 423.01,qm_tm_close,2022-08-10T18:00:00,2022-08-10T15:00:00Z,summer_US_DST,18,15,18,1628,D:\QM\reports\work_items\2fc84747-27db-5e88-9568-3fdda6c30769\QM5_41398\20260909_135814\raw\run_01\report.htm
2022.08.11 09:58:17,1628,USDJPY.DWX,sell,in,1.88,132.604,2469,-4.70,0.00,0.00,140 418.31,BALKE_RANGE_SELL_STOP,2022-08-11T09:58:17,2022-08-11T06:58:17Z,summer_US_DST,9,6,9,1629,D:\QM\reports\work_items\2fc84747-27db-5e88-9568-3fdda6c30769\QM5_41398\20260909_135814\raw\run_01\report.htm
2022.08.11 18:00:00,1629,USDJPY.DWX,buy,out,1.88,132.593,2470,-4.70,0.00,15.60,140 429.21,qm_tm_close,2022-08-11T18:00:00,2022-08-11T15:00:00Z,summer_US_DST,18,15,18,1630,D:\QM\reports\work_items\2fc84747-27db-5e88-9568-3fdda6c30769\QM5_41398\20260909_135814\raw\run_01\report.htm
2022.08.12 13:13:41,1630,USDJPY.DWX,buy,in,2.22,133.499,2471,-5.55,0.00,0.00,140 423.66,BALKE_RANGE_BUY_STOP,2022-08-12T13:13:41,2022-08-12T10:13:41Z,summer_US_DST,13,10,13,1631,D:\QM\reports\work_items\2fc84747-27db-5e88-9568-3fdda6c30769\QM5_41398\20260909_135814\raw\run_01\report.htm
2022.08.12 18:00:00,1631,USDJPY.DWX,sell,out,2.22,133.716,2473,-5.55,0.00,360.27,140 778.38,qm_tm_close,2022-08-12T18:00:00,2022-08-12T15:00:00Z,summer_US_DST,18,15,18,1632,D:\QM\reports\work_items\2fc84747-27db-5e88-9568-3fdda6c30769\QM5_41398\20260909_135814\raw\run_01\report.htm
2022.08.15 10:20:42,1632,USDJPY.DWX,buy,in,2.75,133.398,2474,-6.88,0.00,0.00,140 771.50,BALKE_RANGE_BUY_STOP,2022-08-15T10:20:42,2022-08-15T07:20:42Z,summer_US_DST,10,7,10,1633,D:\QM\reports\work_items\2fc84747-27db-5e88-9568-3fdda6c30769\QM5_41398\20260909_135814\raw\run_01\report.htm
2022.08.15 15:19:12,1633,USDJPY.DWX,sell,out,2.75,132.913,2476,-6.88,0.00,-1 003.48,139 761.14,sl 132.914,2022-08-15T15:19:12,2022-08-15T12:19:12Z,summer_US_DST,15,12,15,1634,D:\QM\reports\work_items\2fc84747-27db-5e88-9568-3fdda6c30769\QM5_41398\20260909_135814\raw\run_01\report.htm
2022.08.18 06:47:35,1634,USDJPY.DWX,buy,in,4.61,135.027,2477,-11.53,0.00,0.00,139 749.61,BALKE_RANGE_BUY_STOP,2022-08-18T06:47:35,2022-08-18T03:47:35Z,summer_US_DST,6,3,6,1635,D:\QM\reports\work_items\2fc84747-27db-5e88-9568-3fdda6c30769\QM5_41398\20260909_135814\raw\run_01\report.htm
2022.08.18 11:19:02,1635,USDJPY.DWX,sell,out,4.61,135.146,2479,-11.53,0.00,405.92,140 144.00,sl 135.147,2022-08-18T11:19:02,2022-08-18T08:19:02Z,summer_US_DST,11,8,11,1636,D:\QM\reports\work_items\2fc84747-27db-5e88-9568-3fdda6c30769\QM5_41398\20260909_135814\raw\run_01\report.htm
2022.08.22 09:49:51,1636,USDJPY.DWX,sell,in,2.81,136.947,2481,-7.03,0.00,0.00,140 136.97,BALKE_RANGE_SELL_STOP,2022-08-22T09:49:51,2022-08-22T06:49:51Z,summer_US_DST,9,6,9,1637,D:\QM\reports\work_items\2fc84747-27db-5e88-9568-3fdda6c30769\QM5_41398\20260909_135814\raw\run_01\report.htm
2022.08.22 18:00:00,1637,USDJPY.DWX,buy,out,2.81,137.189,2482,-7.03,0.00,-495.68,139 634.26,qm_tm_close,2022-08-22T18:00:00,2022-08-22T15:00:00Z,summer_US_DST,18,15,18,1638,D:\QM\reports\work_items\2fc84747-27db-5e88-9568-3fdda6c30769\QM5_41398\20260909_135814\raw\run_01\report.htm
2022.08.24 07:25:47,1638,USDJPY.DWX,sell,in,3.45,136.646,2484,-8.63,0.00,0.00,139 625.63,BALKE_RANGE_SELL_STOP,2022-08-24T07:25:47,2022-08-24T04:25:47Z,summer_US_DST,7,4,7,1639,D:\QM\reports\work_items\2fc84747-27db-5e88-9568-3fdda6c30769\QM5_41398\20260909_135814\raw\run_01\report.htm
2022.08.24 13:25:29,1639,USDJPY.DWX,buy,out,3.45,136.567,2485,-8.63,0.00,199.57,139 816.57,sl 136.566,2022-08-24T13:25:29,2022-08-24T10:25:29Z,summer_US_DST,13,10,13,1640,D:\QM\reports\work_items\2fc84747-27db-5e88-9568-3fdda6c30769\QM5_41398\20260909_135814\raw\run_01\report.htm
2022.08.26 07:46:56,1640,USDJPY.DWX,buy,in,4.54,136.791,2486,-11.35,0.00,0.00,139 805.22,BALKE_RANGE_BUY_STOP,2022-08-26T07:46:56,2022-08-26T04:46:56Z,summer_US_DST,7,4,7,1641,D:\QM\reports\work_items\2fc84747-27db-5e88-9568-3fdda6c30769\QM5_41398\20260909_135814\raw\run_01\report.htm
2022.08.26 12:16:55,1641,USDJPY.DWX,sell,out,4.54,136.870,2488,-11.35,0.00,262.04,140 055.91,sl 136.871,2022-08-26T12:16:55,2022-08-26T09:16:55Z,summer_US_DST,12,9,12,1642,D:\QM\reports\work_items\2fc84747-27db-5e88-9568-3fdda6c30769\QM5_41398\20260909_135814\raw\run_01\report.htm
2022.08.29 06:53:00,1642,USDJPY.DWX,buy,in,2.38,138.662,2489,-5.95,0.00,0.00,140 049.96,BALKE_RANGE_BUY_STOP,2022-08-29T06:53:00,2022-08-29T03:53:00Z,summer_US_DST,6,3,6,1643,D:\QM\reports\work_items\2fc84747-27db-5e88-9568-3fdda6c30769\QM5_41398\20260909_135814\raw\run_01\report.htm
2022.08.29 18:00:00,1643,USDJPY.DWX,sell,out,2.38,138.733,2491,-5.95,0.00,121.80,140 165.81,qm_tm_close,2022-08-29T18:00:00,2022-08-29T15:00:00Z,summer_US_DST,18,15,18,1644,D:\QM\reports\work_items\2fc84747-27db-5e88-9568-3fdda6c30769\QM5_41398\20260909_135814\raw\run_01\report.htm
2022.08.30 07:39:01,1644,USDJPY.DWX,sell,in,4.65,138.377,2493,-11.63,0.00,0.00,140 154.18,BALKE_RANGE_SELL_STOP,2022-08-30T07:39:01,2022-08-30T04:39:01Z,summer_US_DST,7,4,7,1645,D:\QM\reports\work_items\2fc84747-27db-5e88-9568-3fdda6c30769\QM5_41398\20260909_135814\raw\run_01\report.htm
2022.08.30 15:32:38,1645,USDJPY.DWX,buy,out,4.65,138.383,2494,-11.63,0.00,-20.16,140 122.39,sl 138.380,2022-08-30T15:32:38,2022-08-30T12:32:38Z,summer_US_DST,15,12,15,1646,D:\QM\reports\work_items\2fc84747-27db-5e88-9568-3fdda6c30769\QM5_41398\20260909_135814\raw\run_01\report.htm
2022.08.31 07:35:04,1646,USDJPY.DWX,sell,in,3.65,138.416,2496,-9.13,0.00,0.00,140 113.26,BALKE_RANGE_SELL_STOP,2022-08-31T07:35:04,2022-08-31T04:35:04Z,summer_US_DST,7,4,7,1647,D:\QM\reports\work_items\2fc84747-27db-5e88-9568-3fdda6c30769\QM5_41398\20260909_135814\raw\run_01\report.htm
2022.08.31 12:50:28,1647,USDJPY.DWX,buy,out,3.65,138.796,2497,-9.13,0.00,-999.31,139 104.82,sl 138.796,2022-08-31T12:50:28,2022-08-31T09:50:28Z,summer_US_DST,12,9,12,1648,D:\QM\reports\work_items\2fc84747-27db-5e88-9568-3fdda6c30769\QM5_41398\20260909_135814\raw\run_01\report.htm
2022.09.01 09:00:14,1648,USDJPY.DWX,sell,in,3.51,139.285,2499,-8.78,0.00,0.00,139 096.04,BALKE_RANGE_SELL_STOP,2022-09-01T09:00:14,2022-09-01T06:00:14Z,summer_US_DST,9,6,9,1649,D:\QM\reports\work_items\2fc84747-27db-5e88-9568-3fdda6c30769\QM5_41398\20260909_135814\raw\run_01\report.htm
2022.09.01 15:44:16,1649,USDJPY.DWX,buy,out,3.51,139.682,2500,-8.78,0.00,-997.60,138 089.66,sl 139.682,2022-09-01T15:44:16,2022-09-01T12:44:16Z,summer_US_DST,15,12,15,1650,D:\QM\reports\work_items\2fc84747-27db-5e88-9568-3fdda6c30769\QM5_41398\20260909_135814\raw\run_01\report.htm
2022.09.02 07:31:26,1650,USDJPY.DWX,buy,in,4.2,140.204,2501,-10.50,0.00,0.00,138 079.16,BALKE_RANGE_BUY_STOP,2022-09-02T07:31:26,2022-09-02T04:31:26Z,summer_US_DST,7,4,7,1651,D:\QM\reports\work_items\2fc84747-27db-5e88-9568-3fdda6c30769\QM5_41398\20260909_135814\raw\run_01\report.htm
2022.09.02 15:30:19,1651,USDJPY.DWX,sell,out,4.2,140.263,2503,-10.50,0.00,176.67,138 245.33,sl 140.268,2022-09-02T15:30:19,2022-09-02T12:30:19Z,summer_US_DST,15,12,15,1652,D:\QM\reports\work_items\2fc84747-27db-5e88-9568-3fdda6c30769\QM5_41398\20260909_135814\raw\run_01\report.htm
2022.09.05 10:25:23,1652,USDJPY.DWX,buy,in,3.19,140.556,2504,-7.98,0.00,0.00,138 237.35,BALKE_RANGE_BUY_STOP,2022-09-05T10:25:23,2022-09-05T07:25:23Z,summer_US_DST,10,7,10,1653,D:\QM\reports\work_items\2fc84747-27db-5e88-9568-3fdda6c30769\QM5_41398\20260909_135814\raw\run_01\report.htm
2022.09.05 18:00:00,1653,USDJPY.DWX,sell,out,3.19,140.557,2506,-7.98,0.00,2.27,138 231.64,qm_tm_close,2022-09-05T18:00:00,2022-09-05T15:00:00Z,summer_US_DST,18,15,18,1654,D:\QM\reports\work_items\2fc84747-27db-5e88-9568-3fdda6c30769\QM5_41398\20260909_135814\raw\run_01\report.htm
2022.09.08 07:01:02,1654,USDJPY.DWX,sell,in,2.3,143.928,2508,-5.75,0.00,0.00,138 225.89,BALKE_RANGE_SELL_STOP,2022-09-08T07:01:02,2022-09-08T04:01:02Z,summer_US_DST,7,4,7,1655,D:\QM\reports\work_items\2fc84747-27db-5e88-9568-3fdda6c30769\QM5_41398\20260909_135814\raw\run_01\report.htm
2022.09.08 18:00:00,1655,USDJPY.DWX,buy,out,2.3,143.956,2509,-5.75,0.00,-44.74,138 175.40,qm_tm_close,2022-09-08T18:00:00,2022-09-08T15:00:00Z,summer_US_DST,18,15,18,1656,D:\QM\reports\work_items\2fc84747-27db-5e88-9568-3fdda6c30769\QM5_41398\20260909_135814\raw\run_01\report.htm
2022.09.09 06:16:11,1656,USDJPY.DWX,sell,in,3.23,143.512,2511,-8.08,0.00,0.00,138 167.32,BALKE_RANGE_SELL_STOP,2022-09-09T06:16:11,2022-09-09T03:16:11Z,summer_US_DST,6,3,6,1657,D:\QM\reports\work_items\2fc84747-27db-5e88-9568-3fdda6c30769\QM5_41398\20260909_135814\raw\run_01\report.htm
2022.09.09 14:31:38,1657,USDJPY.DWX,buy,out,3.23,142.299,2512,-8.08,0.00,2 753.35,140 912.59,sl 142.294,2022-09-09T14:31:38,2022-09-09T11:31:38Z,summer_US_DST,14,11,14,1658,D:\QM\reports\work_items\2fc84747-27db-5e88-9568-3fdda6c30769\QM5_41398\20260909_135814\raw\run_01\report.htm
2022.09.12 06:30:22,1658,USDJPY.DWX,buy,in,2.25,142.958,2513,-5.63,0.00,0.00,140 906.96,BALKE_RANGE_BUY_STOP,2022-09-12T06:30:22,2022-09-12T03:30:22Z,summer_US_DST,6,3,6,1659,D:\QM\reports\work_items\2fc84747-27db-5e88-9568-3fdda6c30769\QM5_41398\20260909_135814\raw\run_01\report.htm
2022.09.12 15:07:48,1659,USDJPY.DWX,sell,out,2.25,142.321,2515,-5.63,0.00,-1 007.05,139 894.28,sl 142.327,2022-09-12T15:07:48,2022-09-12T12:07:48Z,summer_US_DST,15,12,15,1660,D:\QM\reports\work_items\2fc84747-27db-5e88-9568-3fdda6c30769\QM5_41398\20260909_135814\raw\run_01\report.htm
2022.09.13 09:01:05,1660,USDJPY.DWX,sell,in,3.42,142.301,2517,-8.55,0.00,0.00,139 885.73,BALKE_RANGE_SELL_STOP,2022-09-13T09:01:05,2022-09-13T06:01:05Z,summer_US_DST,9,6,9,1661,D:\QM\reports\work_items\2fc84747-27db-5e88-9568-3fdda6c30769\QM5_41398\20260909_135814\raw\run_01\report.htm
2022.09.13 15:30:01,1661,USDJPY.DWX,buy,out,3.42,142.794,2518,-8.55,0.00,-1 180.76,138 696.42,sl 142.738,2022-09-13T15:30:01,2022-09-13T12:30:01Z,summer_US_DST,15,12,15,1662,D:\QM\reports\work_items\2fc84747-27db-5e88-9568-3fdda6c30769\QM5_41398\20260909_135814\raw\run_01\report.htm
2022.09.14 07:31:53,1662,USDJPY.DWX,sell,in,1.85,144.068,2520,-4.63,0.00,0.00,138 691.79,BALKE_RANGE_SELL_STOP,2022-09-14T07:31:53,2022-09-14T04:31:53Z,summer_US_DST,7,4,7,1663,D:\QM\reports\work_items\2fc84747-27db-5e88-9568-3fdda6c30769\QM5_41398\20260909_135814\raw\run_01\report.htm
2022.09.14 12:22:13,1663,USDJPY.DWX,buy,out,1.85,143.636,2521,-4.63,0.00,556.41,139 243.57,sl 143.635,2022-09-14T12:22:13,2022-09-14T09:22:13Z,summer_US_DST,12,9,12,1664,D:\QM\reports\work_items\2fc84747-27db-5e88-9568-3fdda6c30769\QM5_41398\20260909_135814\raw\run_01\report.htm
2022.09.15 06:16:02,1664,USDJPY.DWX,buy,in,2.71,143.438,2522,-6.78,0.00,0.00,139 236.79,BALKE_RANGE_BUY_STOP,2022-09-15T06:16:02,2022-09-15T03:16:02Z,summer_US_DST,6,3,6,1665,D:\QM\reports\work_items\2fc84747-27db-5e88-9568-3fdda6c30769\QM5_41398\20260909_135814\raw\run_01\report.htm
2022.09.15 18:00:00,1665,USDJPY.DWX,sell,out,2.71,143.466,2524,-6.78,0.00,52.89,139 282.90,qm_tm_close,2022-09-15T18:00:00,2022-09-15T15:00:00Z,summer_US_DST,18,15,18,1666,D:\QM\reports\work_items\2fc84747-27db-5e88-9568-3fdda6c30769\QM5_41398\20260909_135814\raw\run_01\report.htm
2022.09.20 07:20:13,1666,USDJPY.DWX,buy,in,3.92,143.297,2525,-9.80,0.00,0.00,139 273.10,BALKE_RANGE_BUY_STOP,2022-09-20T07:20:13,2022-09-20T04:20:13Z,summer_US_DST,7,4,7,1667,D:\QM\reports\work_items\2fc84747-27db-5e88-9568-3fdda6c30769\QM5_41398\20260909_135814\raw\run_01\report.htm
2022.09.20 14:26:41,1667,USDJPY.DWX,sell,out,3.92,143.521,2527,-9.80,0.00,611.81,139 875.11,sl 143.522,2022-09-20T14:26:41,2022-09-20T11:26:41Z,summer_US_DST,14,11,14,1668,D:\QM\reports\work_items\2fc84747-27db-5e88-9568-3fdda6c30769\QM5_41398\20260909_135814\raw\run_01\report.htm
2022.09.21 06:20:05,1668,USDJPY.DWX,buy,in,3.98,143.835,2528,-9.95,0.00,0.00,139 865.16,BALKE_RANGE_BUY_STOP,2022-09-21T06:20:05,2022-09-21T03:20:05Z,summer_US_DST,6,3,6,1669,D:\QM\reports\work_items\2fc84747-27db-5e88-9568-3fdda6c30769\QM5_41398\20260909_135814\raw\run_01\report.htm
2022.09.21 09:44:02,1669,USDJPY.DWX,sell,out,3.98,143.473,2530,-9.95,0.00,-1 004.20,138 851.01,sl 143.475,2022-09-21T09:44:02,2022-09-21T06:44:02Z,summer_US_DST,9,6,9,1670,D:\QM\reports\work_items\2fc84747-27db-5e88-9568-3fdda6c30769\QM5_41398\20260909_135814\raw\run_01\report.htm
2022.09.23 10:01:31,1670,USDJPY.DWX,buy,in,2.07,142.445,2531,-5.18,0.00,0.00,138 845.83,BALKE_RANGE_BUY_STOP,2022-09-23T10:01:31,2022-09-23T07:01:31Z,summer_US_DST,10,7,10,1671,D:\QM\reports\work_items\2fc84747-27db-5e88-9568-3fdda6c30769\QM5_41398\20260909_135814\raw\run_01\report.htm
2022.09.23 18:00:00,1671,USDJPY.DWX,sell,out,2.07,143.279,2533,-5.18,0.00,1 204.91,140 045.56,qm_tm_close,2022-09-23T18:00:00,2022-09-23T15:00:00Z,summer_US_DST,18,15,18,1672,D:\QM\reports\work_items\2fc84747-27db-5e88-9568-3fdda6c30769\QM5_41398\20260909_135814\raw\run_01\report.htm
2022.09.26 06:27:34,1672,USDJPY.DWX,buy,in,2.16,144.102,2534,-5.40,0.00,0.00,140 040.16,BALKE_RANGE_BUY_STOP,2022-09-26T06:27:34,2022-09-26T03:27:34Z,summer_US_DST,6,3,6,1673,D:\QM\reports\work_items\2fc84747-27db-5e88-9568-3fdda6c30769\QM5_41398\20260909_135814\raw\run_01\report.htm
2022.09.26 18:00:00,1673,USDJPY.DWX,sell,out,2.16,144.350,2536,-5.40,0.00,371.10,140 405.86,qm_tm_close,2022-09-26T18:00:00,2022-09-26T15:00:00Z,summer_US_DST,18,15,18,1674,D:\QM\reports\work_items\2fc84747-27db-5e88-9568-3fdda6c30769\QM5_41398\20260909_135814\raw\run_01\report.htm
2022.09.27 09:21:09,1674,USDJPY.DWX,sell,in,3.87,144.258,2538,-9.68,0.00,0.00,140 396.18,BALKE_RANGE_SELL_STOP,2022-09-27T09:21:09,2022-09-27T06:21:09Z,summer_US_DST,9,6,9,1675,D:\QM\reports\work_items\2fc84747-27db-5e88-9568-3fdda6c30769\QM5_41398\20260909_135814\raw\run_01\report.htm
2022.09.27 15:53:57,1675,USDJPY.DWX,buy,out,3.87,144.640,2539,-9.68,0.00,-1 022.08,139 364.42,sl 144.637,2022-09-27T15:53:57,2022-09-27T12:53:57Z,summer_US_DST,15,12,15,1676,D:\QM\reports\work_items\2fc84747-27db-5e88-9568-3fdda6c30769\QM5_41398\20260909_135814\raw\run_01\report.htm
2022.09.28 16:29:51,1676,USDJPY.DWX,sell,in,3.14,144.382,2541,-7.85,0.00,0.00,139 356.57,BALKE_RANGE_SELL_STOP,2022-09-28T16:29:51,2022-09-28T13:29:51Z,summer_US_DST,16,13,16,1677,D:\QM\reports\work_items\2fc84747-27db-5e88-9568-3fdda6c30769\QM5_41398\20260909_135814\raw\run_01\report.htm
2022.09.28 19:00:00,1677,USDJPY.DWX,buy,out,3.14,144.164,2542,-7.85,0.00,474.82,139 823.54,qm_tm_close,2022-09-28T19:00:00,2022-09-28T16:00:00Z,summer_US_DST,19,16,19,1678,D:\QM\reports\work_items\2fc84747-27db-5e88-9568-3fdda6c30769\QM5_41398\20260909_135814\raw\run_01\report.htm
2022.09.29 07:04:05,1678,USDJPY.DWX,buy,in,5.72,144.454,2543,-14.30,0.00,0.00,139 809.24,BALKE_RANGE_BUY_STOP,2022-09-29T07:04:05,2022-09-29T04:04:05Z,summer_US_DST,7,4,7,1679,D:\QM\reports\work_items\2fc84747-27db-5e88-9568-3fdda6c30769\QM5_41398\20260909_135814\raw\run_01\report.htm
2022.09.29 14:15:12,1679,USDJPY.DWX,sell,out,5.72,144.625,2545,-14.30,0.00,676.31,140 471.25,sl 144.625,2022-09-29T14:15:12,2022-09-29T11:15:12Z,summer_US_DST,14,11,14,1680,D:\QM\reports\work_items\2fc84747-27db-5e88-9568-3fdda6c30769\QM5_41398\20260909_135814\raw\run_01\report.htm
2022.09.30 10:01:24,1680,USDJPY.DWX,sell,in,3.82,144.390,2547,-9.55,0.00,0.00,140 461.70,BALKE_RANGE_SELL_STOP,2022-09-30T10:01:24,2022-09-30T07:01:24Z,summer_US_DST,10,7,10,1681,D:\QM\reports\work_items\2fc84747-27db-5e88-9568-3fdda6c30769\QM5_41398\20260909_135814\raw\run_01\report.htm
2022.09.30 15:30:05,1681,USDJPY.DWX,buy,out,3.82,144.776,2548,-9.55,0.00,-1 018.48,139 433.67,sl 144.769,2022-09-30T15:30:05,2022-09-30T12:30:05Z,summer_US_DST,15,12,15,1682,D:\QM\reports\work_items\2fc84747-27db-5e88-9568-3fdda6c30769\QM5_41398\20260909_135814\raw\run_01\report.htm
2022.10.03 06:45:48,1682,USDJPY.DWX,buy,in,3.96,144.859,2549,-9.90,0.00,0.00,139 423.77,BALKE_RANGE_BUY_STOP,2022-10-03T06:45:48,2022-10-03T03:45:48Z,summer_US_DST,6,3,6,1683,D:\QM\reports\work_items\2fc84747-27db-5e88-9568-3fdda6c30769\QM5_41398\20260909_135814\raw\run_01\report.htm
2022.10.03 07:16:37,1683,USDJPY.DWX,sell,out,3.96,144.731,2551,-9.90,0.00,-350.22,139 063.65,sl 144.738,2022-10-03T07:16:37,2022-10-03T04:16:37Z,summer_US_DST,7,4,7,1684,D:\QM\reports\work_items\2fc84747-27db-5e88-9568-3fdda6c30769\QM5_41398\20260909_135814\raw\run_01\report.htm
2022.10.04 15:10:27,1684,USDJPY.DWX,buy,in,2.88,144.913,2552,-7.20,0.00,0.00,139 056.45,BALKE_RANGE_BUY_STOP,2022-10-04T15:10:27,2022-10-04T12:10:27Z,summer_US_DST,15,12,15,1685,D:\QM\reports\work_items\2fc84747-27db-5e88-9568-3fdda6c30769\QM5_41398\20260909_135814\raw\run_01\report.htm
2022.10.04 17:56:19,1685,USDJPY.DWX,sell,out,2.88,144.409,2554,-7.20,0.00,-1 005.15,138 044.10,sl 144.411,2022-10-04T17:56:19,2022-10-04T14:56:19Z,summer_US_DST,17,14,17,1686,D:\QM\reports\work_items\2fc84747-27db-5e88-9568-3fdda6c30769\QM5_41398\20260909_135814\raw\run_01\report.htm
2022.10.06 11:44:01,1686,USDJPY.DWX,buy,in,4.56,144.705,2555,-11.40,0.00,0.00,138 032.70,BALKE_RANGE_BUY_STOP,2022-10-06T11:44:01,2022-10-06T08:44:01Z,summer_US_DST,11,8,11,1687,D:\QM\reports\work_items\2fc84747-27db-5e88-9568-3fdda6c30769\QM5_41398\20260909_135814\raw\run_01\report.htm
2022.10.06 18:00:00,1687,USDJPY.DWX,sell,out,4.56,144.880,2557,-11.40,0.00,550.80,138 572.10,qm_tm_close,2022-10-06T18:00:00,2022-10-06T15:00:00Z,summer_US_DST,18,15,18,1688,D:\QM\reports\work_items\2fc84747-27db-5e88-9568-3fdda6c30769\QM5_41398\20260909_135814\raw\run_01\report.htm
2022.10.07 10:55:58,1688,USDJPY.DWX,sell,in,5.62,144.840,2559,-14.05,0.00,0.00,138 558.05,BALKE_RANGE_SELL_STOP,2022-10-07T10:55:58,2022-10-07T07:55:58Z,summer_US_DST,10,7,10,1689,D:\QM\reports\work_items\2fc84747-27db-5e88-9568-3fdda6c30769\QM5_41398\20260909_135814\raw\run_01\report.htm
2022.10.07 15:30:01,1689,USDJPY.DWX,buy,out,5.62,145.104,2560,-14.05,0.00,-1 022.49,137 521.51,sl 145.103,2022-10-07T15:30:01,2022-10-07T12:30:01Z,summer_US_DST,15,12,15,1690,D:\QM\reports\work_items\2fc84747-27db-5e88-9568-3fdda6c30769\QM5_41398\20260909_135814\raw\run_01\report.htm
2022.10.10 09:09:40,1690,USDJPY.DWX,sell,in,4.41,145.331,2562,-11.03,0.00,0.00,137 510.48,BALKE_RANGE_SELL_STOP,2022-10-10T09:09:40,2022-10-10T06:09:40Z,summer_US_DST,9,6,9,1691,D:\QM\reports\work_items\2fc84747-27db-5e88-9568-3fdda6c30769\QM5_41398\20260909_135814\raw\run_01\report.htm
2022.10.10 17:37:46,1691,USDJPY.DWX,buy,out,4.41,145.668,2563,-11.03,0.00,-1 020.24,136 479.21,sl 145.665,2022-10-10T17:37:46,2022-10-10T14:37:46Z,summer_US_DST,17,14,17,1692,D:\QM\reports\work_items\2fc84747-27db-5e88-9568-3fdda6c30769\QM5_41398\20260909_135814\raw\run_01\report.htm
2022.10.11 07:23:34,1692,USDJPY.DWX,buy,in,6.35,145.773,2564,-15.88,0.00,0.00,136 463.33,BALKE_RANGE_BUY_STOP,2022-10-11T07:23:34,2022-10-11T04:23:34Z,summer_US_DST,7,4,7,1693,D:\QM\reports\work_items\2fc84747-27db-5e88-9568-3fdda6c30769\QM5_41398\20260909_135814\raw\run_01\report.htm
2022.10.11 10:17:45,1693,USDJPY.DWX,sell,out,6.35,145.544,2566,-15.88,0.00,-999.11,135 448.34,sl 145.544,2022-10-11T10:17:45,2022-10-11T07:17:45Z,summer_US_DST,10,7,10,1694,D:\QM\reports\work_items\2fc84747-27db-5e88-9568-3fdda6c30769\QM5_41398\20260909_135814\raw\run_01\report.htm
2022.10.13 06:03:44,1694,USDJPY.DWX,buy,in,8.38,146.881,2567,-20.95,0.00,0.00,135 427.39,BALKE_RANGE_BUY_STOP,2022-10-13T06:03:44,2022-10-13T03:03:44Z,summer_US_DST,6,3,6,1695,D:\QM\reports\work_items\2fc84747-27db-5e88-9568-3fdda6c30769\QM5_41398\20260909_135814\raw\run_01\report.htm
2022.10.13 14:33:04,1695,USDJPY.DWX,sell,out,8.38,146.706,2569,-20.95,0.00,-999.62,134 406.82,sl 146.706,2022-10-13T14:33:04,2022-10-13T11:33:04Z,summer_US_DST,14,11,14,1696,D:\QM\reports\work_items\2fc84747-27db-5e88-9568-3fdda6c30769\QM5_41398\20260909_135814\raw\run_01\report.htm
2022.10.14 07:27:38,1696,USDJPY.DWX,buy,in,4.02,147.455,2570,-10.05,0.00,0.00,134 396.77,BALKE_RANGE_BUY_STOP,2022-10-14T07:27:38,2022-10-14T04:27:38Z,summer_US_DST,7,4,7,1697,D:\QM\reports\work_items\2fc84747-27db-5e88-9568-3fdda6c30769\QM5_41398\20260909_135814\raw\run_01\report.htm
2022.10.14 20:00:00,1697,USDJPY.DWX,sell,out,4.02,148.841,2572,-10.05,0.00,3 743.40,138 130.12,qm_tm_close,2022-10-14T20:00:00,2022-10-14T17:00:00Z,summer_US_DST,20,17,20,1698,D:\QM\reports\work_items\2fc84747-27db-5e88-9568-3fdda6c30769\QM5_41398\20260909_135814\raw\run_01\report.htm
2022.10.17 07:01:25,1698,USDJPY.DWX,buy,in,5.84,148.680,2573,-14.60,0.00,0.00,138 115.52,BALKE_RANGE_BUY_STOP,2022-10-17T07:01:25,2022-10-17T04:01:25Z,summer_US_DST,7,4,7,1699,D:\QM\reports\work_items\2fc84747-27db-5e88-9568-3fdda6c30769\QM5_41398\20260909_135814\raw\run_01\report.htm
2022.10.17 18:00:00,1699,USDJPY.DWX,sell,out,5.84,148.718,2575,-14.60,0.00,149.22,138 250.14,qm_tm_close,2022-10-17T18:00:00,2022-10-17T15:00:00Z,summer_US_DST,18,15,18,1700,D:\QM\reports\work_items\2fc84747-27db-5e88-9568-3fdda6c30769\QM5_41398\20260909_135814\raw\run_01\report.htm
2022.10.18 10:07:39,1700,USDJPY.DWX,buy,in,4.97,148.970,2576,-12.43,0.00,0.00,138 237.71,BALKE_RANGE_BUY_STOP,2022-10-18T10:07:39,2022-10-18T07:07:39Z,summer_US_DST,10,7,10,1701,D:\QM\reports\work_items\2fc84747-27db-5e88-9568-3fdda6c30769\QM5_41398\20260909_135814\raw\run_01\report.htm
2022.10.18 12:04:01,1701,USDJPY.DWX,sell,out,4.97,148.827,2578,-12.43,0.00,-477.54,137 747.74,sl 148.847,2022-10-18T12:04:01,2022-10-18T09:04:01Z,summer_US_DST,12,9,12,1702,D:\QM\reports\work_items\2fc84747-27db-5e88-9568-3fdda6c30769\QM5_41398\20260909_135814\raw\run_01\report.htm
2022.10.19 07:30:01,1702,USDJPY.DWX,buy,in,9.14,149.262,2579,-22.85,0.00,0.00,137 724.89,BALKE_RANGE_BUY_STOP,2022-10-19T07:30:01,2022-10-19T04:30:01Z,summer_US_DST,7,4,7,1703,D:\QM\reports\work_items\2fc84747-27db-5e88-9568-3fdda6c30769\QM5_41398\20260909_135814\raw\run_01\report.htm
2022.10.19 18:00:04,1703,USDJPY.DWX,sell,out,9.14,149.719,2581,-22.85,0.00,2 789.88,140 491.92,qm_tm_close,2022-10-19T18:00:04,2022-10-19T15:00:04Z,summer_US_DST,18,15,18,1704,D:\QM\reports\work_items\2fc84747-27db-5e88-9568-3fdda6c30769\QM5_41398\20260909_135814\raw\run_01\report.htm
2022.10.20 08:48:07,1704,USDJPY.DWX,buy,in,9.66,149.957,2582,-24.15,0.00,0.00,140 467.77,BALKE_RANGE_BUY_STOP,2022-10-20T08:48:07,2022-10-20T05:48:07Z,summer_US_DST,8,5,8,1705,D:\QM\reports\work_items\2fc84747-27db-5e88-9568-3fdda6c30769\QM5_41398\20260909_135814\raw\run_01\report.htm
2022.10.20 10:40:03,1705,USDJPY.DWX,sell,out,9.66,149.794,2584,-24.15,0.00,-1 051.16,139 392.46,sl 149.801,2022-10-20T10:40:03,2022-10-20T07:40:03Z,summer_US_DST,10,7,10,1706,D:\QM\reports\work_items\2fc84747-27db-5e88-9568-3fdda6c30769\QM5_41398\20260909_135814\raw\run_01\report.htm
2022.10.21 06:31:49,1706,USDJPY.DWX,buy,in,10.07,150.284,2585,-25.18,0.00,0.00,139 367.28,BALKE_RANGE_BUY_STOP,2022-10-21T06:31:49,2022-10-21T03:31:49Z,summer_US_DST,6,3,6,1707,D:\QM\reports\work_items\2fc84747-27db-5e88-9568-3fdda6c30769\QM5_41398\20260909_135814\raw\run_01\report.htm
2022.10.21 17:37:23,1707,USDJPY.DWX,sell,out,10.07,151.040,2587,-25.18,0.00,5 040.33,144 382.43,sl 151.048,2022-10-21T17:37:23,2022-10-21T14:37:23Z,summer_US_DST,17,14,17,1708,D:\QM\reports\work_items\2fc84747-27db-5e88-9568-3fdda6c30769\QM5_41398\20260909_135814\raw\run_01\report.htm
2022.10.24 09:36:31,1708,USDJPY.DWX,buy,in,0.85,149.041,2588,-2.13,0.00,0.00,144 380.30,BALKE_RANGE_BUY_STOP,2022-10-24T09:36:31,2022-10-24T06:36:31Z,summer_US_DST,9,6,9,1709,D:\QM\reports\work_items\2fc84747-27db-5e88-9568-3fdda6c30769\QM5_41398\20260909_135814\raw\run_01\report.htm
2022.10.24 18:00:00,1709,USDJPY.DWX,sell,out,0.85,148.752,2590,-2.13,0.00,-165.14,144 213.03,qm_tm_close,2022-10-24T18:00:00,2022-10-24T15:00:00Z,summer_US_DST,18,15,18,1710,D:\QM\reports\work_items\2fc84747-27db-5e88-9568-3fdda6c30769\QM5_41398\20260909_135814\raw\run_01\report.htm
2022.10.25 16:17:36,1710,USDJPY.DWX,sell,in,2.65,148.492,2592,-6.63,0.00,0.00,144 206.40,BALKE_RANGE_SELL_STOP,2022-10-25T16:17:36,2022-10-25T13:17:36Z,summer_US_DST,16,13,16,1711,D:\QM\reports\work_items\2fc84747-27db-5e88-9568-3fdda6c30769\QM5_41398\20260909_135814\raw\run_01\report.htm
2022.10.25 18:00:00,1711,USDJPY.DWX,buy,out,2.65,147.827,2593,-6.63,0.00,1 192.10,145 391.87,qm_tm_close,2022-10-25T18:00:00,2022-10-25T15:00:00Z,summer_US_DST,18,15,18,1712,D:\QM\reports\work_items\2fc84747-27db-5e88-9568-3fdda6c30769\QM5_41398\20260909_135814\raw\run_01\report.htm
2022.10.26 09:12:51,1712,USDJPY.DWX,sell,in,2.78,147.866,2595,-6.95,0.00,0.00,145 384.92,BALKE_RANGE_SELL_STOP,2022-10-26T09:12:51,2022-10-26T06:12:51Z,summer_US_DST,9,6,9,1713,D:\QM\reports\work_items\2fc84747-27db-5e88-9568-3fdda6c30769\QM5_41398\20260909_135814\raw\run_01\report.htm
2022.10.26 13:10:49,1713,USDJPY.DWX,buy,out,2.78,147.243,2596,-6.95,0.00,1 176.25,146 554.22,sl 147.242,2022-10-26T13:10:49,2022-10-26T10:10:49Z,summer_US_DST,13,10,13,1714,D:\QM\reports\work_items\2fc84747-27db-5e88-9568-3fdda6c30769\QM5_41398\20260909_135814\raw\run_01\report.htm
2022.10.27 07:54:27,1714,USDJPY.DWX,sell,in,3.03,145.910,2598,-7.58,0.00,0.00,146 546.64,BALKE_RANGE_SELL_STOP,2022-10-27T07:54:27,2022-10-27T04:54:27Z,summer_US_DST,7,4,7,1715,D:\QM\reports\work_items\2fc84747-27db-5e88-9568-3fdda6c30769\QM5_41398\20260909_135814\raw\run_01\report.htm
2022.10.27 10:28:17,1715,USDJPY.DWX,buy,out,3.03,145.815,2599,-7.58,0.00,197.41,146 736.47,sl 145.815,2022-10-27T10:28:17,2022-10-27T07:28:17Z,summer_US_DST,10,7,10,1716,D:\QM\reports\work_items\2fc84747-27db-5e88-9568-3fdda6c30769\QM5_41398\20260909_135814\raw\run_01\report.htm
2022.10.31 09:42:06,1716,USDJPY.DWX,sell,in,2.82,147.753,2601,-7.05,0.00,0.00,146 729.42,BALKE_RANGE_SELL_STOP,2022-10-31T09:42:06,2022-10-31T06:42:06Z,summer_US_DST,9,6,9,1717,D:\QM\reports\work_items\2fc84747-27db-5e88-9568-3fdda6c30769\QM5_41398\20260909_135814\raw\run_01\report.htm
2022.10.31 11:34:01,1717,USDJPY.DWX,buy,out,2.82,148.281,2602,-7.05,0.00,-1 004.15,145 718.22,sl 148.278,2022-10-31T11:34:01,2022-10-31T08:34:01Z,summer_US_DST,11,8,11,1718,D:\QM\reports\work_items\2fc84747-27db-5e88-9568-3fdda6c30769\QM5_41398\20260909_135814\raw\run_01\report.htm
2022.11.03 10:37:42,1718,USDJPY.DWX,buy,in,1.82,147.912,2603,-4.55,0.00,0.00,145 713.67,BALKE_RANGE_BUY_STOP,2022-11-03T10:37:42,2022-11-03T07:37:42Z,summer_US_DST,10,7,10,1719,D:\QM\reports\work_items\2fc84747-27db-5e88-9568-3fdda6c30769\QM5_41398\20260909_135814\raw\run_01\report.htm
2022.11.03 18:00:00,1719,USDJPY.DWX,sell,out,1.82,147.863,2605,-4.55,0.00,-60.31,145 648.81,qm_tm_close,2022-11-03T18:00:00,2022-11-03T15:00:00Z,summer_US_DST,18,15,18,1720,D:\QM\reports\work_items\2fc84747-27db-5e88-9568-3fdda6c30769\QM5_41398\20260909_135814\raw\run_01\report.htm
2022.11.04 07:13:15,1720,USDJPY.DWX,sell,in,3.73,148.006,2607,-9.33,0.00,0.00,145 639.48,BALKE_RANGE_SELL_STOP,2022-11-04T07:13:15,2022-11-04T04:13:15Z,summer_US_DST,7,4,7,1721,D:\QM\reports\work_items\2fc84747-27db-5e88-9568-3fdda6c30769\QM5_41398\20260909_135814\raw\run_01\report.htm
2022.11.04 14:10:00,1721,USDJPY.DWX,buy,out,3.73,147.883,2608,-9.33,0.00,310.24,145 940.39,sl 147.871,2022-11-04T14:10:00,2022-11-04T11:10:00Z,summer_US_DST,14,11,14,1722,D:\QM\reports\work_items\2fc84747-27db-5e88-9568-3fdda6c30769\QM5_41398\20260909_135814\raw\run_01\report.htm
2022.11.07 05:01:31,1722,USDJPY.DWX,buy,in,2.71,147.241,2609,-6.78,0.00,0.00,145 933.61,BALKE_RANGE_BUY_STOP,2022-11-07T05:01:31,2022-11-07T03:01:31Z,winter_US_standard,5,3,6,1723,D:\QM\reports\work_items\2fc84747-27db-5e88-9568-3fdda6c30769\QM5_41398\20260909_135814\raw\run_01\report.htm
2022.11.07 11:03:11,1723,USDJPY.DWX,sell,out,2.71,146.693,2611,-6.78,0.00,-1 012.37,144 914.46,sl 146.699,2022-11-07T11:03:11,2022-11-07T09:03:11Z,winter_US_standard,11,9,12,1724,D:\QM\reports\work_items\2fc84747-27db-5e88-9568-3fdda6c30769\QM5_41398\20260909_135814\raw\run_01\report.htm
2022.11.08 07:21:36,1724,USDJPY.DWX,buy,in,3.09,146.785,2612,-7.73,0.00,0.00,144 906.73,BALKE_RANGE_BUY_STOP,2022-11-08T07:21:36,2022-11-08T05:21:36Z,winter_US_standard,7,5,8,1725,D:\QM\reports\work_items\2fc84747-27db-5e88-9568-3fdda6c30769\QM5_41398\20260909_135814\raw\run_01\report.htm
2022.11.08 11:23:50,1725,USDJPY.DWX,sell,out,3.09,146.310,2614,-7.73,0.00,-1 003.18,143 895.82,sl 146.311,2022-11-08T11:23:50,2022-11-08T09:23:50Z,winter_US_standard,11,9,12,1726,D:\QM\reports\work_items\2fc84747-27db-5e88-9568-3fdda6c30769\QM5_41398\20260909_135814\raw\run_01\report.htm
2022.11.09 05:02:17,1726,USDJPY.DWX,sell,in,2.35,145.237,2616,-5.88,0.00,0.00,143 889.94,BALKE_RANGE_SELL_STOP,2022-11-09T05:02:17,2022-11-09T03:02:17Z,winter_US_standard,5,3,6,1727,D:\QM\reports\work_items\2fc84747-27db-5e88-9568-3fdda6c30769\QM5_41398\20260909_135814\raw\run_01\report.htm
2022.11.09 08:16:19,1727,USDJPY.DWX,buy,out,2.35,145.859,2617,-5.88,0.00,-1 002.13,142 881.93,sl 145.859,2022-11-09T08:16:19,2022-11-09T06:16:19Z,winter_US_standard,8,6,9,1728,D:\QM\reports\work_items\2fc84747-27db-5e88-9568-3fdda6c30769\QM5_41398\20260909_135814\raw\run_01\report.htm
2022.11.10 05:47:13,1728,USDJPY.DWX,sell,in,5.69,146.103,2619,-14.23,0.00,0.00,142 867.70,BALKE_RANGE_SELL_STOP,2022-11-10T05:47:13,2022-11-10T03:47:13Z,winter_US_standard,5,3,6,1729,D:\QM\reports\work_items\2fc84747-27db-5e88-9568-3fdda6c30769\QM5_41398\20260909_135814\raw\run_01\report.htm
2022.11.10 09:29:04,1729,USDJPY.DWX,buy,out,5.69,146.362,2620,-14.23,0.00,-1 006.89,141 846.58,sl 146.362,2022-11-10T09:29:04,2022-11-10T07:29:04Z,winter_US_standard,9,7,10,1730,D:\QM\reports\work_items\2fc84747-27db-5e88-9568-3fdda6c30769\QM5_41398\20260909_135814\raw\run_01\report.htm
2022.11.11 07:30:32,1730,USDJPY.DWX,sell,in,1.26,141.352,2622,-3.15,0.00,0.00,141 843.43,BALKE_RANGE_SELL_STOP,2022-11-11T07:30:32,2022-11-11T05:30:32Z,winter_US_standard,7,5,8,1731,D:\QM\reports\work_items\2fc84747-27db-5e88-9568-3fdda6c30769\QM5_41398\20260909_135814\raw\run_01\report.htm
2022.11.11 16:36:32,1731,USDJPY.DWX,buy,out,1.26,139.768,2623,-3.15,0.00,1 427.97,143 268.25,sl 139.768,2022-11-11T16:36:32,2022-11-11T14:36:32Z,winter_US_standard,16,14,17,1732,D:\QM\reports\work_items\2fc84747-27db-5e88-9568-3fdda6c30769\QM5_41398\20260909_135814\raw\run_01\report.htm
2022.11.14 10:37:12,1732,USDJPY.DWX,buy,in,1.47,139.743,2624,-3.68,0.00,0.00,143 264.57,BALKE_RANGE_BUY_STOP,2022-11-14T10:37:12,2022-11-14T08:37:12Z,winter_US_standard,10,8,11,1733,D:\QM\reports\work_items\2fc84747-27db-5e88-9568-3fdda6c30769\QM5_41398\20260909_135814\raw\run_01\report.htm
2022.11.14 14:42:52,1733,USDJPY.DWX,sell,out,1.47,140.260,2626,-3.68,0.00,541.84,143 802.73,sl 140.261,2022-11-14T14:42:52,2022-11-14T12:42:52Z,winter_US_standard,14,12,15,1734,D:\QM\reports\work_items\2fc84747-27db-5e88-9568-3fdda6c30769\QM5_41398\20260909_135814\raw\run_01\report.htm
2022.11.15 06:24:37,1734,USDJPY.DWX,buy,in,2.68,140.506,2627,-6.70,0.00,0.00,143 796.03,BALKE_RANGE_BUY_STOP,2022-11-15T06:24:37,2022-11-15T04:24:37Z,winter_US_standard,6,4,7,1735,D:\QM\reports\work_items\2fc84747-27db-5e88-9568-3fdda6c30769\QM5_41398\20260909_135814\raw\run_01\report.htm
2022.11.15 09:19:57,1735,USDJPY.DWX,sell,out,2.68,139.980,2629,-6.70,0.00,-1 007.06,142 782.27,sl 139.985,2022-11-15T09:19:57,2022-11-15T07:19:57Z,winter_US_standard,9,7,10,1736,D:\QM\reports\work_items\2fc84747-27db-5e88-9568-3fdda6c30769\QM5_41398\20260909_135814\raw\run_01\report.htm
2022.11.16 05:18:03,1736,USDJPY.DWX,buy,in,1.21,140.017,2630,-3.03,0.00,0.00,142 779.24,BALKE_RANGE_BUY_STOP,2022-11-16T05:18:03,2022-11-16T03:18:03Z,winter_US_standard,5,3,6,1737,D:\QM\reports\work_items\2fc84747-27db-5e88-9568-3fdda6c30769\QM5_41398\20260909_135814\raw\run_01\report.htm
2022.11.16 18:00:00,1737,USDJPY.DWX,sell,out,1.21,139.351,2632,-3.03,0.00,-578.30,142 197.91,qm_tm_close,2022-11-16T18:00:00,2022-11-16T16:00:00Z,winter_US_standard,18,16,19,1738,D:\QM\reports\work_items\2fc84747-27db-5e88-9568-3fdda6c30769\QM5_41398\20260909_135814\raw\run_01\report.htm
2022.11.17 05:11:53,1738,USDJPY.DWX,buy,in,3.19,139.652,2633,-7.98,0.00,0.00,142 189.93,BALKE_RANGE_BUY_STOP,2022-11-17T05:11:53,2022-11-17T03:11:53Z,winter_US_standard,5,3,6,1739,D:\QM\reports\work_items\2fc84747-27db-5e88-9568-3fdda6c30769\QM5_41398\20260909_135814\raw\run_01\report.htm
2022.11.17 10:01:17,1739,USDJPY.DWX,sell,out,3.19,139.216,2635,-7.98,0.00,-999.05,141 182.90,sl 139.216,2022-11-17T10:01:17,2022-11-17T08:01:17Z,winter_US_standard,10,8,11,1740,D:\QM\reports\work_items\2fc84747-27db-5e88-9568-3fdda6c30769\QM5_41398\20260909_135814\raw\run_01\report.htm
2022.11.18 05:07:08,1740,USDJPY.DWX,sell,in,2.01,139.803,2637,-5.03,0.00,0.00,141 177.87,BALKE_RANGE_SELL_STOP,2022-11-18T05:07:08,2022-11-18T03:07:08Z,winter_US_standard,5,3,6,1741,D:\QM\reports\work_items\2fc84747-27db-5e88-9568-3fdda6c30769\QM5_41398\20260909_135814\raw\run_01\report.htm
2022.11.18 17:00:00,1741,USDJPY.DWX,buy,out,2.01,139.966,2638,-5.03,0.00,-234.08,140 938.76,qm_tm_close,2022-11-18T17:00:00,2022-11-18T15:00:00Z,winter_US_standard,17,15,18,1742,D:\QM\reports\work_items\2fc84747-27db-5e88-9568-3fdda6c30769\QM5_41398\20260909_135814\raw\run_01\report.htm
2022.11.21 06:34:13,1742,USDJPY.DWX,buy,in,4.59,140.498,2639,-11.48,0.00,0.00,140 927.28,BALKE_RANGE_BUY_STOP,2022-11-21T06:34:13,2022-11-21T04:34:13Z,winter_US_standard,6,4,7,1743,D:\QM\reports\work_items\2fc84747-27db-5e88-9568-3fdda6c30769\QM5_41398\20260909_135814\raw\run_01\report.htm
2022.11.21 15:51:54,1743,USDJPY.DWX,sell,out,4.59,141.651,2641,-11.48,0.00,3 736.13,144 651.93,sl 141.653,2022-11-21T15:51:54,2022-11-21T13:51:54Z,winter_US_standard,15,13,16,1744,D:\QM\reports\work_items\2fc84747-27db-5e88-9568-3fdda6c30769\QM5_41398\20260909_135814\raw\run_01\report.htm
2022.11.22 10:27:04,1744,USDJPY.DWX,sell,in,2.35,141.635,2643,-5.88,0.00,0.00,144 646.05,BALKE_RANGE_SELL_STOP,2022-11-22T10:27:04,2022-11-22T08:27:04Z,winter_US_standard,10,8,11,1745,D:\QM\reports\work_items\2fc84747-27db-5e88-9568-3fdda6c30769\QM5_41398\20260909_135814\raw\run_01\report.htm
2022.11.22 17:00:00,1745,USDJPY.DWX,buy,out,2.35,141.376,2644,-5.88,0.00,430.52,145 070.69,qm_tm_close,2022-11-22T17:00:00,2022-11-22T15:00:00Z,winter_US_standard,17,15,18,1746,D:\QM\reports\work_items\2fc84747-27db-5e88-9568-3fdda6c30769\QM5_41398\20260909_135814\raw\run_01\report.htm
2022.11.24 05:04:47,1746,USDJPY.DWX,sell,in,1.79,138.712,2646,-4.48,0.00,0.00,145 066.21,BALKE_RANGE_SELL_STOP,2022-11-24T05:04:47,2022-11-24T03:04:47Z,winter_US_standard,5,3,6,1747,D:\QM\reports\work_items\2fc84747-27db-5e88-9568-3fdda6c30769\QM5_41398\20260909_135814\raw\run_01\report.htm
2022.11.24 17:00:00,1747,USDJPY.DWX,buy,out,1.79,138.116,2647,-4.48,0.00,772.42,145 834.15,qm_tm_close,2022-11-24T17:00:00,2022-11-24T15:00:00Z,winter_US_standard,17,15,18,1748,D:\QM\reports\work_items\2fc84747-27db-5e88-9568-3fdda6c30769\QM5_41398\20260909_135814\raw\run_01\report.htm
2022.11.30 07:27:30,1748,USDJPY.DWX,sell,in,2.76,138.430,2649,-6.90,0.00,0.00,145 827.25,BALKE_RANGE_SELL_STOP,2022-11-30T07:27:30,2022-11-30T05:27:30Z,winter_US_standard,7,5,8,1749,D:\QM\reports\work_items\2fc84747-27db-5e88-9568-3fdda6c30769\QM5_41398\20260909_135814\raw\run_01\report.htm
2022.11.30 12:36:05,1749,USDJPY.DWX,buy,out,2.76,138.944,2650,-6.90,0.00,-1 021.02,144 799.33,sl 138.942,2022-11-30T12:36:05,2022-11-30T10:36:05Z,winter_US_standard,12,10,13,1750,D:\QM\reports\work_items\2fc84747-27db-5e88-9568-3fdda6c30769\QM5_41398\20260909_135814\raw\run_01\report.htm
2022.12.01 07:17:37,1750,USDJPY.DWX,sell,in,1.32,136.494,2652,-3.30,0.00,0.00,144 796.03,BALKE_RANGE_SELL_STOP,2022-12-01T07:17:37,2022-12-01T05:17:37Z,winter_US_standard,7,5,8,1751,D:\QM\reports\work_items\2fc84747-27db-5e88-9568-3fdda6c30769\QM5_41398\20260909_135814\raw\run_01\report.htm
2022.12.01 18:00:00,1751,USDJPY.DWX,buy,out,1.32,135.923,2653,-3.30,0.00,554.52,145 347.25,qm_tm_close,2022-12-01T18:00:00,2022-12-01T16:00:00Z,winter_US_standard,18,16,19,1752,D:\QM\reports\work_items\2fc84747-27db-5e88-9568-3fdda6c30769\QM5_41398\20260909_135814\raw\run_01\report.htm
2022.12.02 08:24:09,1752,USDJPY.DWX,sell,in,2.31,135.007,2655,-5.78,0.00,0.00,145 341.47,BALKE_RANGE_SELL_STOP,2022-12-02T08:24:09,2022-12-02T06:24:09Z,winter_US_standard,8,6,9,1753,D:\QM\reports\work_items\2fc84747-27db-5e88-9568-3fdda6c30769\QM5_41398\20260909_135814\raw\run_01\report.htm
2022.12.02 15:10:07,1753,USDJPY.DWX,buy,out,2.31,134.153,2656,-5.78,0.00,1 470.52,146 806.21,sl 134.153,2022-12-02T15:10:07,2022-12-02T13:10:07Z,winter_US_standard,15,13,16,1754,D:\QM\reports\work_items\2fc84747-27db-5e88-9568-3fdda6c30769\QM5_41398\20260909_135814\raw\run_01\report.htm
2022.12.05 09:01:48,1754,USDJPY.DWX,buy,in,2.09,134.767,2657,-5.23,0.00,0.00,146 800.98,BALKE_RANGE_BUY_STOP,2022-12-05T09:01:48,2022-12-05T07:01:48Z,winter_US_standard,9,7,10,1755,D:\QM\reports\work_items\2fc84747-27db-5e88-9568-3fdda6c30769\QM5_41398\20260909_135814\raw\run_01\report.htm
2022.12.05 14:04:05,1755,USDJPY.DWX,sell,out,2.09,135.184,2659,-5.23,0.00,644.70,147 440.45,sl 135.186,2022-12-05T14:04:05,2022-12-05T12:04:05Z,winter_US_standard,14,12,15,1756,D:\QM\reports\work_items\2fc84747-27db-5e88-9568-3fdda6c30769\QM5_41398\20260909_135814\raw\run_01\report.htm
2022.12.07 06:39:14,1756,USDJPY.DWX,buy,in,2.4,137.369,2660,-6.00,0.00,0.00,147 434.45,BALKE_RANGE_BUY_STOP,2022-12-07T06:39:14,2022-12-07T04:39:14Z,winter_US_standard,6,4,7,1757,D:\QM\reports\work_items\2fc84747-27db-5e88-9568-3fdda6c30769\QM5_41398\20260909_135814\raw\run_01\report.htm
2022.12.07 15:43:56,1757,USDJPY.DWX,sell,out,2.4,136.785,2662,-6.00,0.00,-1 024.67,146 403.78,sl 136.791,2022-12-07T15:43:56,2022-12-07T13:43:56Z,winter_US_standard,15,13,16,1758,D:\QM\reports\work_items\2fc84747-27db-5e88-9568-3fdda6c30769\QM5_41398\20260909_135814\raw\run_01\report.htm
2022.12.08 05:00:41,1758,USDJPY.DWX,buy,in,1.77,137.047,2663,-4.43,0.00,0.00,146 399.35,BALKE_RANGE_BUY_STOP,2022-12-08T05:00:41,2022-12-08T03:00:41Z,winter_US_standard,5,3,6,1759,D:\QM\reports\work_items\2fc84747-27db-5e88-9568-3fdda6c30769\QM5_41398\20260909_135814\raw\run_01\report.htm
2022.12.08 17:00:00,1759,USDJPY.DWX,sell,out,1.77,136.531,2665,-4.43,0.00,-668.95,145 725.97,qm_tm_close,2022-12-08T17:00:00,2022-12-08T15:00:00Z,winter_US_standard,17,15,18,1760,D:\QM\reports\work_items\2fc84747-27db-5e88-9568-3fdda6c30769\QM5_41398\20260909_135814\raw\run_01\report.htm
2022.12.12 07:14:18,1760,USDJPY.DWX,buy,in,3.38,137.093,2666,-8.45,0.00,0.00,145 717.52,BALKE_RANGE_BUY_STOP,2022-12-12T07:14:18,2022-12-12T05:14:18Z,winter_US_standard,7,5,8,1761,D:\QM\reports\work_items\2fc84747-27db-5e88-9568-3fdda6c30769\QM5_41398\20260909_135814\raw\run_01\report.htm
2022.12.12 09:49:02,1761,USDJPY.DWX,sell,out,3.38,136.687,2668,-8.45,0.00,-1 003.96,144 705.11,sl 136.689,2022-12-12T09:49:02,2022-12-12T07:49:02Z,winter_US_standard,9,7,10,1762,D:\QM\reports\work_items\2fc84747-27db-5e88-9568-3fdda6c30769\QM5_41398\20260909_135814\raw\run_01\report.htm
2022.12.13 06:20:12,1762,USDJPY.DWX,buy,in,3.33,137.901,2669,-8.33,0.00,0.00,144 696.78,BALKE_RANGE_BUY_STOP,2022-12-13T06:20:12,2022-12-13T04:20:12Z,winter_US_standard,6,4,7,1763,D:\QM\reports\work_items\2fc84747-27db-5e88-9568-3fdda6c30769\QM5_41398\20260909_135814\raw\run_01\report.htm
2022.12.13 09:26:51,1763,USDJPY.DWX,sell,out,3.33,137.480,2671,-8.33,0.00,-1 019.73,143 668.72,sl 137.483,2022-12-13T09:26:51,2022-12-13T07:26:51Z,winter_US_standard,9,7,10,1764,D:\QM\reports\work_items\2fc84747-27db-5e88-9568-3fdda6c30769\QM5_41398\20260909_135814\raw\run_01\report.htm
2022.12.14 09:01:11,1764,USDJPY.DWX,sell,in,3.33,135.282,2673,-8.33,0.00,0.00,143 660.39,BALKE_RANGE_SELL_STOP,2022-12-14T09:01:11,2022-12-14T07:01:11Z,winter_US_standard,9,7,10,1765,D:\QM\reports\work_items\2fc84747-27db-5e88-9568-3fdda6c30769\QM5_41398\20260909_135814\raw\run_01\report.htm
2022.12.14 16:35:25,1765,USDJPY.DWX,buy,out,3.33,135.134,2674,-8.33,0.00,364.70,144 016.76,sl 135.134,2022-12-14T16:35:25,2022-12-14T14:35:25Z,winter_US_standard,16,14,17,1766,D:\QM\reports\work_items\2fc84747-27db-5e88-9568-3fdda6c30769\QM5_41398\20260909_135814\raw\run_01\report.htm
2022.12.15 06:34:03,1766,USDJPY.DWX,buy,in,4,135.626,2675,-10.00,0.00,0.00,144 006.76,BALKE_RANGE_BUY_STOP,2022-12-15T06:34:03,2022-12-15T04:34:03Z,winter_US_standard,6,4,7,1767,D:\QM\reports\work_items\2fc84747-27db-5e88-9568-3fdda6c30769\QM5_41398\20260909_135814\raw\run_01\report.htm
2022.12.15 14:23:16,1767,USDJPY.DWX,sell,out,4,136.508,2677,-10.00,0.00,2 584.46,146 581.22,sl 136.509,2022-12-15T14:23:16,2022-12-15T12:23:16Z,winter_US_standard,14,12,15,1768,D:\QM\reports\work_items\2fc84747-27db-5e88-9568-3fdda6c30769\QM5_41398\20260909_135814\raw\run_01\report.htm
2022.12.16 10:32:07,1768,USDJPY.DWX,sell,in,1.65,136.950,2679,-4.13,0.00,0.00,146 577.09,BALKE_RANGE_SELL_STOP,2022-12-16T10:32:07,2022-12-16T08:32:07Z,winter_US_standard,10,8,11,1769,D:\QM\reports\work_items\2fc84747-27db-5e88-9568-3fdda6c30769\QM5_41398\20260909_135814\raw\run_01\report.htm
2022.12.16 18:00:00,1769,USDJPY.DWX,buy,out,1.65,136.633,2680,-4.13,0.00,382.81,146 955.77,qm_tm_close,2022-12-16T18:00:00,2022-12-16T16:00:00Z,winter_US_standard,18,16,19,1770,D:\QM\reports\work_items\2fc84747-27db-5e88-9568-3fdda6c30769\QM5_41398\20260909_135814\raw\run_01\report.htm
2022.12.19 10:00:44,1770,USDJPY.DWX,sell,in,1.64,135.755,2682,-4.10,0.00,0.00,146 951.67,BALKE_RANGE_SELL_STOP,2022-12-19T10:00:44,2022-12-19T08:00:44Z,winter_US_standard,10,8,11,1771,D:\QM\reports\work_items\2fc84747-27db-5e88-9568-3fdda6c30769\QM5_41398\20260909_135814\raw\run_01\report.htm
2022.12.19 15:21:36,1771,USDJPY.DWX,buy,out,1.64,136.595,2683,-4.10,0.00,-1 008.53,145 939.04,sl 136.595,2022-12-19T15:21:36,2022-12-19T13:21:36Z,winter_US_standard,15,13,16,1772,D:\QM\reports\work_items\2fc84747-27db-5e88-9568-3fdda6c30769\QM5_41398\20260909_135814\raw\run_01\report.htm
2022.12.21 07:15:09,1772,USDJPY.DWX,buy,in,1.59,132.317,2684,-3.98,0.00,0.00,145 935.06,BALKE_RANGE_BUY_STOP,2022-12-21T07:15:09,2022-12-21T05:15:09Z,winter_US_standard,7,5,8,1773,D:\QM\reports\work_items\2fc84747-27db-5e88-9568-3fdda6c30769\QM5_41398\20260909_135814\raw\run_01\report.htm
2022.12.21 18:00:00,1773,USDJPY.DWX,sell,out,1.59,131.975,2686,-3.98,0.00,-412.03,145 519.05,qm_tm_close,2022-12-21T18:00:00,2022-12-21T16:00:00Z,winter_US_standard,18,16,19,1774,D:\QM\reports\work_items\2fc84747-27db-5e88-9568-3fdda6c30769\QM5_41398\20260909_135814\raw\run_01\report.htm
2022.12.23 15:30:00,1774,USDJPY.DWX,buy,in,2.55,132.832,2687,-6.38,0.00,0.00,145 512.67,BALKE_RANGE_BUY_STOP,2022-12-23T15:30:00,2022-12-23T13:30:00Z,winter_US_standard,15,13,16,1775,D:\QM\reports\work_items\2fc84747-27db-5e88-9568-3fdda6c30769\QM5_41398\20260909_135814\raw\run_01\report.htm
2022.12.23 17:00:00,1775,USDJPY.DWX,sell,out,2.55,133.034,2689,-6.38,0.00,387.19,145 893.48,qm_tm_close,2022-12-23T17:00:00,2022-12-23T15:00:00Z,winter_US_standard,17,15,18,1776,D:\QM\reports\work_items\2fc84747-27db-5e88-9568-3fdda6c30769\QM5_41398\20260909_135814\raw\run_01\report.htm
2022.12.30 09:45:16,1776,USDJPY.DWX,sell,in,2.3,132.375,2691,-5.75,0.00,0.00,145 887.73,BALKE_RANGE_SELL_STOP,2022-12-30T09:45:16,2022-12-30T07:45:16Z,winter_US_standard,9,7,10,1777,D:\QM\reports\work_items\2fc84747-27db-5e88-9568-3fdda6c30769\QM5_41398\20260909_135814\raw\run_01\report.htm
2022.12.30 15:19:58,1777,USDJPY.DWX,buy,out,2.3,131.942,2692,-5.75,0.00,754.80,146 636.78,sl 131.932,2022-12-30T15:19:58,2022-12-30T13:19:58Z,winter_US_standard,15,13,16,1778,D:\QM\reports\work_items\2fc84747-27db-5e88-9568-3fdda6c30769\QM5_41398\20260909_135814\raw\run_01\report.htm
