ea_id,symbol,classification,primary_cause,infra_row_count,total_q02_p2_rows,open_row_count,noninfra_terminal_count,latest_work_item_id,latest_updated_at,source_work_item_id,source_updated_at,source_status,source_attempt_count,source_verdict_reason,source_final_failure,source_evidence_path,source_evidence_exists,source_evidence_sha256,source_log_path,source_log_exists,source_report_root,source_aggregate_result,source_aggregate_reason_classes,source_aggregate_total_trades,valid_aggregate_work_item_id,valid_aggregate_path,valid_aggregate_sha256,valid_aggregate_type,valid_aggregate_total_trades,row_bound_summary_count,calendar_hard_summary_count,historical_lock_storm,latest_setfile_path,latest_setfile_exists,latest_setfile_sha256,setfile_findings,setfile_missing_headers,registry_status,registry_slug,canonical_ex5_paths,proposed_action,canary_selected,canary_group,canary_sequence,canary_execution_mode,classification_note
QM5_1014,EURGBP.DWX,INVALID_EVIDENCE_DEFECT,SETFILE_HEADER_INCOMPLETE,12,12,0,0,dd7101fd-3075-463a-af91-8d193791e5f2,2026-07-29T12:18:03+00:00,dd7101fd-3075-463a-af91-8d193791e5f2,2026-07-29T12:18:03+00:00,failed,1,ACTIVE_TIMEOUT,summary_missing_retries_exhausted,D:\QM\reports\work_items\dd7101fd-3075-463a-af91-8d193791e5f2\QM5_1014\20260728_031835\summary.json,True,d79932ec1370ee999e299183b4422adcb6c59d045ae619144957eb7c3fa9fe30,D:\QM\strategy_farm\logs\work_item_dd7101fd-3075-463a-af91-8d193791e5f2.log,False,D:\QM\reports\work_items\dd7101fd-3075-463a-af91-8d193791e5f2,FAIL,NO_HISTORY|INCOMPLETE_RUNS,0,,,,,,1,0,False,C:\QM\repo\framework\EAs\QM5_1014\sets\QM5_1014_EURGBP.DWX_D1_backtest.set,True,4e78a159e8e85a42c60929e932127f60be0f68b2a7185d88b5c5ce9771fcc034,SETFILE_HEADER_INCOMPLETE,author|build_hash|date|ea_id|ea_slug|ea_version|environment|magic_slot|portfolio_weight|risk_mode|set_version|symbol|timeframe,active,lien-channels,C:\QM\repo\framework\EAs\QM5_1014\QM5_1014.ex5,REPAIR_SETFILE_EVIDENCE_BEFORE_ANY_CANARY,False,,,,Current bound setfile fails the static header/duplicate audit.
QM5_1014,EURUSD.DWX,INVALID_EVIDENCE_DEFECT,SETFILE_HEADER_INCOMPLETE,12,12,0,0,8ede5ab7-6f1f-4971-885c-7b9d9a506d51,2026-07-29T12:18:03+00:00,8ede5ab7-6f1f-4971-885c-7b9d9a506d51,2026-07-29T12:18:03+00:00,failed,1,ACTIVE_TIMEOUT,summary_missing_retries_exhausted,D:\QM\reports\work_items\8ede5ab7-6f1f-4971-885c-7b9d9a506d51\QM5_1014\20260728_034151\summary.json,True,3f45ab708a0f32338aabd84f019a6ad2a3d78dd96bc86ffb63938cbfeaf3426c,D:\QM\strategy_farm\logs\work_item_8ede5ab7-6f1f-4971-885c-7b9d9a506d51.log,False,D:\QM\reports\work_items\8ede5ab7-6f1f-4971-885c-7b9d9a506d51,FAIL,NO_HISTORY|INCOMPLETE_RUNS,0,,,,,,1,0,False,C:\QM\repo\framework\EAs\QM5_1014\sets\QM5_1014_EURUSD.DWX_D1_backtest.set,True,d2dd8877fa57f41ee70da53f9da393786f7d3b770e5919beec77505ec67223a4,SETFILE_HEADER_INCOMPLETE,author|build_hash|date|ea_id|ea_slug|ea_version|environment|magic_slot|portfolio_weight|risk_mode|set_version|symbol|timeframe,active,lien-channels,C:\QM\repo\framework\EAs\QM5_1014\QM5_1014.ex5,REPAIR_SETFILE_EVIDENCE_BEFORE_ANY_CANARY,False,,,,Current bound setfile fails the static header/duplicate audit.
QM5_1017,NDX.DWX,INVALID_EVIDENCE_DEFECT,SETFILE_HEADER_INCOMPLETE,12,12,0,0,44835bef-4772-4972-80cf-3c99ed6d9c3f,2026-07-27T23:32:09+00:00,44835bef-4772-4972-80cf-3c99ed6d9c3f,2026-07-27T23:32:09+00:00,done,0,run_smoke_fail:ONINIT_FAILED;INCOMPLETE_RUNS,summary_missing_retries_exhausted,D:\QM\reports\work_items\44835bef-4772-4972-80cf-3c99ed6d9c3f\QM5_1017\20260727_232352\summary.json,True,bd11710f5528208b83373f0870172d18f4abf85e57bca35adbfcf77fd886b4ee,D:\QM\strategy_farm\logs\work_item_44835bef-4772-4972-80cf-3c99ed6d9c3f.log,False,D:\QM\reports\work_items\44835bef-4772-4972-80cf-3c99ed6d9c3f,FAIL,ONINIT_FAILED|INCOMPLETE_RUNS,0,,,,,,1,0,False,C:\QM\repo\framework\EAs\QM5_1017_chan_pairs_stat_arb\sets\QM5_1017_chan_pairs_stat_arb_NDX.DWX_H1_backtest.set,True,d9477edfc49df91e8f6a6a7fd9f53da53690dacc9aef4aef4f42502908c448b2,SETFILE_HEADER_INCOMPLETE,author|build_hash|date|ea_id|ea_slug|ea_version|environment|magic_slot|portfolio_weight|risk_mode|set_version|symbol|timeframe,active,chan-pairs-stat-arb,C:\QM\repo\framework\EAs\QM5_1017_chan_pairs_stat_arb\QM5_1017_chan_pairs_stat_arb.ex5,REPAIR_SETFILE_EVIDENCE_BEFORE_ANY_CANARY,False,,,,Current bound setfile fails the static header/duplicate audit.
QM5_1058,AUDUSD.DWX,INVALID_EVIDENCE_DEFECT,ACTIVE_TIMEOUT,12,12,0,0,88bfbc59-641b-4f14-bce2-cba5793d7229,2026-07-31T13:14:54+00:00,88bfbc59-641b-4f14-bce2-cba5793d7229,2026-07-31T13:14:54+00:00,failed,0,ACTIVE_TIMEOUT,summary_missing_retries_exhausted,,False,,D:\QM\strategy_farm\logs\work_item_88bfbc59-641b-4f14-bce2-cba5793d7229.log,False,D:\QM\reports\work_items\88bfbc59-641b-4f14-bce2-cba5793d7229,,,,,,,,,0,0,False,C:\QM\repo\framework\EAs\QM5_1058_gatev-fx-pairs-zscore\sets\QM5_1058_gatev-fx-pairs-zscore_AUDUSD.DWX_D1_backtest.set,True,0289a897bec57b7059f03fed79591c6569c3f0d0cf6afaaf5878905494ef1808,,,active,gatev-fx-pairs-zscore,C:\QM\repo\framework\EAs\QM5_1058_gatev-fx-pairs-zscore\QM5_1058_gatev-fx-pairs-zscore.ex5,REPAIR_OR_PREFLIGHT_THEN_GOVERNED_CANARY,False,,,,Most recent row carrying a specific failure signature supplies the primary cause.
QM5_1058,EURUSD.DWX,INVALID_EVIDENCE_DEFECT,ONINIT_FAILED,12,12,0,0,b8fa58d1-64a7-48f2-81be-ed98ae4017ef,2026-07-31T16:55:01+00:00,b8fa58d1-64a7-48f2-81be-ed98ae4017ef,2026-07-31T16:55:01+00:00,done,0,run_smoke_fail:ONINIT_FAILED;INCOMPLETE_RUNS,summary_missing_retries_exhausted,D:\QM\reports\work_items\b8fa58d1-64a7-48f2-81be-ed98ae4017ef\QM5_1058\20260731_165419\summary.json,True,dbb191ee2faed6be5f93ad26a2ea4909c69fa25247202f2f8bed026f9dbfcf4f,D:\QM\strategy_farm\logs\work_item_b8fa58d1-64a7-48f2-81be-ed98ae4017ef.log,False,D:\QM\reports\work_items\b8fa58d1-64a7-48f2-81be-ed98ae4017ef,FAIL,ONINIT_FAILED|INCOMPLETE_RUNS,0,,,,,,1,0,False,C:\QM\repo\framework\EAs\QM5_1058_gatev-fx-pairs-zscore\sets\QM5_1058_gatev-fx-pairs-zscore_EURUSD.DWX_D1_backtest.set,True,77ebec617e82cae0d03b823ff26ab0cb3ba7d7a71c4827559185a17b6bdfc268,,,active,gatev-fx-pairs-zscore,C:\QM\repo\framework\EAs\QM5_1058_gatev-fx-pairs-zscore\QM5_1058_gatev-fx-pairs-zscore.ex5,REPAIR_OR_PREFLIGHT_THEN_GOVERNED_CANARY,False,,,,Most recent row carrying a specific failure signature supplies the primary cause.
QM5_1058,GBPUSD.DWX,INVALID_EVIDENCE_DEFECT,ACTIVE_TIMEOUT,12,12,0,0,f5cae334-0c45-44f1-99ee-82523afb3a11,2026-07-31T15:46:49+00:00,f5cae334-0c45-44f1-99ee-82523afb3a11,2026-07-31T15:46:49+00:00,failed,0,ACTIVE_TIMEOUT,summary_missing_retries_exhausted,,False,,D:\QM\strategy_farm\logs\work_item_f5cae334-0c45-44f1-99ee-82523afb3a11.log,False,D:\QM\reports\work_items\f5cae334-0c45-44f1-99ee-82523afb3a11,,,,,,,,,0,0,False,C:\QM\repo\framework\EAs\QM5_1058_gatev-fx-pairs-zscore\sets\QM5_1058_gatev-fx-pairs-zscore_GBPUSD.DWX_D1_backtest.set,True,d43cd25d244b9f1ed186a109fbec99fd8d542099010227c4b239995dd64c9278,,,active,gatev-fx-pairs-zscore,C:\QM\repo\framework\EAs\QM5_1058_gatev-fx-pairs-zscore\QM5_1058_gatev-fx-pairs-zscore.ex5,REPAIR_OR_PREFLIGHT_THEN_GOVERNED_CANARY,False,,,,Most recent row carrying a specific failure signature supplies the primary cause.
QM5_1114,JPN225.DWX,UNCLEAR,SUMMARY_MISSING_NO_ROW_BOUND_AGGREGATE,12,12,0,0,14b6899d-b9a8-448f-98d7-024e3db3eb96,2026-06-23T20:55:52+00:00,14b6899d-b9a8-448f-98d7-024e3db3eb96,2026-06-23T20:55:52+00:00,failed,2,summary_missing_retries_exhausted,summary_missing_retries_exhausted,,False,,D:\QM\strategy_farm\logs\work_item_14b6899d-b9a8-448f-98d7-024e3db3eb96.log,False,D:\QM\reports\work_items\14b6899d-b9a8-448f-98d7-024e3db3eb96,,,,,,,,,0,0,False,C:\QM\repo\framework\EAs\QM5_1114_qp-crossasset-valmom\sets\QM5_1114_JPN225.DWX_D1_backtest.set,True,1864f2a2f361d9f7a216db4885d1d490bc9fbfc36bc38da3af4cf5cc5ec26d35,,,active,qp-crossasset-valmom,C:\QM\repo\framework\EAs\QM5_1114_qp-crossasset-valmom\QM5_1114_qp-crossasset-valmom.ex5,FORENSIC_REVIEW_NO_REQUEUE,False,,,,Only generic summary-missing history remains; no readable row-bound aggregate or specific failure signature.
QM5_1114,SP500.DWX,INVALID_EVIDENCE_DEFECT,ONINIT_FAILED,12,12,0,0,727fe789-dcac-4177-bec8-c294fcca8120,2026-07-28T19:14:36+00:00,727fe789-dcac-4177-bec8-c294fcca8120,2026-07-28T19:14:36+00:00,done,0,run_smoke_fail:ONINIT_FAILED;INCOMPLETE_RUNS,summary_missing_retries_exhausted,D:\QM\reports\work_items\727fe789-dcac-4177-bec8-c294fcca8120\QM5_1114\20260728_191213\summary.json,True,7390174c2e6847e1f713401c5e3aa13acb94f11a663203a10f7975f1265c4b10,D:\QM\strategy_farm\logs\work_item_727fe789-dcac-4177-bec8-c294fcca8120.log,False,D:\QM\reports\work_items\727fe789-dcac-4177-bec8-c294fcca8120,FAIL,ONINIT_FAILED|INCOMPLETE_RUNS,0,,,,,,1,0,False,C:\QM\repo\framework\EAs\QM5_1114_qp-crossasset-valmom\sets\QM5_1114_SP500.DWX_D1_backtest.set,True,bb5d1a39d3ac254bbcc8b5f12a58d44c1b85e2f82796711b95dac46713aa7ff8,,,active,qp-crossasset-valmom,C:\QM\repo\framework\EAs\QM5_1114_qp-crossasset-valmom\QM5_1114_qp-crossasset-valmom.ex5,REPAIR_OR_PREFLIGHT_THEN_GOVERNED_CANARY,False,,,,Most recent row carrying a specific failure signature supplies the primary cause.
QM5_1114,XAGUSD.DWX,INVALID_EVIDENCE_DEFECT,LOG_BOMB,12,12,0,0,41cab174-9a7f-42f7-8e7e-cd17098f00a2,2026-07-28T17:57:44+00:00,41cab174-9a7f-42f7-8e7e-cd17098f00a2,2026-07-28T17:57:44+00:00,done,0,run_smoke_fail:LOG_BOMB;INCOMPLETE_RUNS,summary_missing_retries_exhausted,D:\QM\reports\work_items\41cab174-9a7f-42f7-8e7e-cd17098f00a2\QM5_1114\20260728_175715\summary.json,True,c8805d4dd9fd36a2fff2d0dab322121eab099907b083066b992103127e2571fd,D:\QM\strategy_farm\logs\work_item_41cab174-9a7f-42f7-8e7e-cd17098f00a2.log,False,D:\QM\reports\work_items\41cab174-9a7f-42f7-8e7e-cd17098f00a2,FAIL,LOG_BOMB|INCOMPLETE_RUNS,0,,,,,,1,0,False,C:\QM\repo\framework\EAs\QM5_1114_qp-crossasset-valmom\sets\QM5_1114_XAGUSD.DWX_D1_backtest.set,True,b72d1f28b0cc6804493a068af9075bbe4b96b41d21ba79ddfaab29ecaa09d2fb,,,active,qp-crossasset-valmom,C:\QM\repo\framework\EAs\QM5_1114_qp-crossasset-valmom\QM5_1114_qp-crossasset-valmom.ex5,REPAIR_OR_PREFLIGHT_THEN_GOVERNED_CANARY,False,,,,Most recent row carrying a specific failure signature supplies the primary cause.
QM5_1114,XAUUSD.DWX,INVALID_EVIDENCE_DEFECT,ACTIVE_TIMEOUT,12,12,0,0,fedcb1f4-a3c9-4e1a-a490-3cdc62ea6a55,2026-08-02T17:08:56+00:00,fedcb1f4-a3c9-4e1a-a490-3cdc62ea6a55,2026-08-02T17:08:56+00:00,failed,0,ACTIVE_TIMEOUT,summary_missing_retries_exhausted,,False,,D:\QM\strategy_farm\logs\work_item_fedcb1f4-a3c9-4e1a-a490-3cdc62ea6a55.log,False,D:\QM\reports\work_items\fedcb1f4-a3c9-4e1a-a490-3cdc62ea6a55,,,,,,,,,0,0,False,C:\QM\repo\framework\EAs\QM5_1114_qp-crossasset-valmom\sets\QM5_1114_XAUUSD.DWX_D1_backtest.set,True,a6b9c11aa6567748def93b625f028827220265eef052589caa53fecd8d8f302f,,,active,qp-crossasset-valmom,C:\QM\repo\framework\EAs\QM5_1114_qp-crossasset-valmom\QM5_1114_qp-crossasset-valmom.ex5,REPAIR_OR_PREFLIGHT_THEN_GOVERNED_CANARY,False,,,,Most recent row carrying a specific failure signature supplies the primary cause.
QM5_1135,NDX.DWX,INVALID_EVIDENCE_DEFECT,NO_HISTORY_TRANSIENT,12,12,0,0,abd86078-83b4-4265-9071-fa3dd9887a43,2026-07-28T12:50:16+00:00,abd86078-83b4-4265-9071-fa3dd9887a43,2026-07-28T12:50:16+00:00,failed,3,cold_cache_retries_exhausted:NO_HISTORY,cold_cache_retries_exhausted,D:\QM\reports\work_items\abd86078-83b4-4265-9071-fa3dd9887a43\QM5_1135\20260728_124333\summary.json,True,f7226872eb268fc0cb537fa0b1df19554dedacb95e444445abc0a6a8deb2cb18,,False,D:\QM\reports\work_items\abd86078-83b4-4265-9071-fa3dd9887a43,FAIL,NO_HISTORY|INCOMPLETE_RUNS,0,,,,,,1,0,False,C:\QM\repo\framework\EAs\QM5_1135_qp-asset-mom-top3\sets\QM5_1135_qp-asset-mom-top3_NDX.DWX_H1_backtest.set,True,83a2d214ce951440919aab206fb65c7356a56029089bd1de81dbb40d50107e20,,,active,qp-asset-mom-top3,C:\QM\repo\framework\EAs\QM5_1135_qp-asset-mom-top3\QM5_1135_qp-asset-mom-top3.ex5,REPAIR_OR_PREFLIGHT_THEN_GOVERNED_CANARY,False,,,,Most recent row carrying a specific failure signature supplies the primary cause.
QM5_1180,SP500.DWX,INVALID_EVIDENCE_DEFECT,ACTIVE_TIMEOUT,12,12,0,0,6295d241-ae68-4c1f-a0f4-69457b6eb60f,2026-07-29T12:18:03+00:00,6295d241-ae68-4c1f-a0f4-69457b6eb60f,2026-07-29T12:18:03+00:00,failed,0,ACTIVE_TIMEOUT,summary_missing_retries_exhausted,D:\QM\strategy_farm\logs\work_item_6295d241-ae68-4c1f-a0f4-69457b6eb60f.log,False,,D:\QM\strategy_farm\logs\work_item_6295d241-ae68-4c1f-a0f4-69457b6eb60f.log,False,D:\QM\reports\work_items\6295d241-ae68-4c1f-a0f4-69457b6eb60f,,,,,,,,,0,0,False,C:\QM\repo\framework\EAs\QM5_1180_qp-composite-seasonality\sets\QM5_1180_SP500.DWX_D1_backtest.set,True,96d7e8c2be58cf349f1ab2ed8f2337be73dcaa8e71d30b060424db68712f4f98,,,active,qp-composite-seasonality,C:\QM\repo\framework\EAs\QM5_1180_qp-composite-seasonality\QM5_1180_qp-composite-seasonality.ex5,REPAIR_OR_PREFLIGHT_THEN_GOVERNED_CANARY,False,,,,Most recent row carrying a specific failure signature supplies the primary cause.
QM5_1181,GER40.DWX,INVALID_EVIDENCE_DEFECT,SETFILE_MISSING,12,12,0,0,ce149bf1-5289-4c68-a4ed-a6779d1085c5,2026-06-25T18:50:21+00:00,ce149bf1-5289-4c68-a4ed-a6779d1085c5,2026-06-25T18:50:21+00:00,failed,0,setfile_missing,summary_missing_retries_exhausted,D:\QM\reports\work_items\ce149bf1-5289-4c68-a4ed-a6779d1085c5\QM5_1181\Q02\preflight_failure.json,False,,D:\QM\strategy_farm\logs\work_item_ce149bf1-5289-4c68-a4ed-a6779d1085c5.log,False,D:\QM\reports\work_items\ce149bf1-5289-4c68-a4ed-a6779d1085c5,,,,,,,,,0,0,False,C:\QM\repo\framework\EAs\QM5_1181_qp-pre-ecb-dax\sets\QM5_1181_qp-pre-ecb-dax_GER40.DWX_D1_backtest.set,False,,SETFILE_MISSING,,active,qp-pre-ecb-dax,C:\QM\repo\framework\EAs\QM5_1181_qp-pre-ecb-dax\QM5_1181_qp-pre-ecb-dax.ex5,REPAIR_SETFILE_BEFORE_ANY_CANARY,False,,,,Latest bound setfile path is absent on the canonical checkout.
QM5_1182,GER40.DWX,INVALID_EVIDENCE_DEFECT,SETFILE_MISSING,12,12,0,0,fa05bee9-8f62-4230-a8e4-bb73744dcdc5,2026-06-25T18:50:21+00:00,fa05bee9-8f62-4230-a8e4-bb73744dcdc5,2026-06-25T18:50:21+00:00,failed,0,setfile_missing,summary_missing_retries_exhausted,D:\QM\reports\work_items\fa05bee9-8f62-4230-a8e4-bb73744dcdc5\QM5_1182\Q02\preflight_failure.json,False,,D:\QM\strategy_farm\logs\work_item_fa05bee9-8f62-4230-a8e4-bb73744dcdc5.log,False,D:\QM\reports\work_items\fa05bee9-8f62-4230-a8e4-bb73744dcdc5,,,,,,,,,0,0,False,C:\QM\repo\framework\EAs\QM5_1182_qp-ecb-d0-dax-short\sets\QM5_1182_qp-ecb-d0-dax-short_GER40.DWX_M15_backtest.set,False,,SETFILE_MISSING,,active,qp-ecb-d0-dax-short,C:\QM\repo\framework\EAs\QM5_1182_qp-ecb-d0-dax-short\QM5_1182_qp-ecb-d0-dax-short.ex5,REPAIR_SETFILE_BEFORE_ANY_CANARY,False,,,,Latest bound setfile path is absent on the canonical checkout.
QM5_1185,XAUUSD.DWX,INVALID_EVIDENCE_DEFECT,LOG_BOMB,12,12,0,0,d1ddc909-3bfd-40bb-a593-4408f0db73cc,2026-07-28T19:06:58+00:00,d1ddc909-3bfd-40bb-a593-4408f0db73cc,2026-07-28T19:06:58+00:00,done,0,run_smoke_fail:LOG_BOMB;INCOMPLETE_RUNS,summary_missing_retries_exhausted,D:\QM\reports\work_items\d1ddc909-3bfd-40bb-a593-4408f0db73cc\QM5_1185\20260728_185353\summary.json,True,87cf5861fdbcc3e693d39ccac3f30c942cb949c860bd3420582899a99b7c2348,D:\QM\strategy_farm\logs\work_item_d1ddc909-3bfd-40bb-a593-4408f0db73cc.log,False,D:\QM\reports\work_items\d1ddc909-3bfd-40bb-a593-4408f0db73cc,FAIL,LOG_BOMB|INCOMPLETE_RUNS,0,,,,,,1,0,False,C:\QM\repo\framework\EAs\QM5_1185_qp-stress-gold-rebound\sets\QM5_1185_XAUUSD.DWX_D1_backtest.set,True,567c5738401f83398bcfdcf98d7c1b629a4b35eea63c801e03ade43c1c461d39,,,active,qp-stress-gold-rebound,C:\QM\repo\framework\EAs\QM5_1185_qp-stress-gold-rebound\QM5_1185_qp-stress-gold-rebound.ex5,REPAIR_OR_PREFLIGHT_THEN_GOVERNED_CANARY,False,,,,Most recent row carrying a specific failure signature supplies the primary cause.
QM5_1187,XCUUSD.DWX,INVALID_EVIDENCE_DEFECT,SETFILE_MISSING,12,12,0,0,d35a8936-618b-420f-a9c2-70caf50edf29,2026-06-23T20:57:36+00:00,d35a8936-618b-420f-a9c2-70caf50edf29,2026-06-23T20:57:36+00:00,failed,2,summary_missing_retries_exhausted,summary_missing_retries_exhausted,,False,,D:\QM\strategy_farm\logs\work_item_d35a8936-618b-420f-a9c2-70caf50edf29.log,False,D:\QM\reports\work_items\d35a8936-618b-420f-a9c2-70caf50edf29,,,,,,,,,0,0,False,C:\QM\repo\framework\EAs\QM5_1187_qp-comm-voltarget-mom\sets\QM5_1187_XCUUSD.DWX_D1_backtest.set,False,,SETFILE_MISSING,,active,qp-comm-voltarget-mom,C:\QM\repo\framework\EAs\QM5_1187_qp-comm-voltarget-mom\QM5_1187_qp-comm-voltarget-mom.ex5,REPAIR_SETFILE_BEFORE_ANY_CANARY,False,,,,Latest bound setfile path is absent on the canonical checkout.
QM5_1188,XTIUSD.DWX,INVALID_EVIDENCE_DEFECT,LOG_BOMB,12,12,0,0,1b17085a-0620-44a5-9ef1-623a6eed7a67,2026-07-28T17:57:03+00:00,1b17085a-0620-44a5-9ef1-623a6eed7a67,2026-07-28T17:57:03+00:00,done,0,run_smoke_fail:LOG_BOMB;INCOMPLETE_RUNS,summary_missing_retries_exhausted,D:\QM\reports\work_items\1b17085a-0620-44a5-9ef1-623a6eed7a67\QM5_1188\20260728_174907\summary.json,True,24845edb254bf62e5db817a0fd44bc327fda7f65d603966205793881b0861c87,D:\QM\strategy_farm\logs\work_item_1b17085a-0620-44a5-9ef1-623a6eed7a67.log,False,D:\QM\reports\work_items\1b17085a-0620-44a5-9ef1-623a6eed7a67,FAIL,LOG_BOMB|INCOMPLETE_RUNS,0,,,,,,1,0,False,C:\QM\repo\framework\EAs\QM5_1188_qp-oil-negshock-rebound\sets\QM5_1188_XTIUSD.DWX_D1_backtest.set,True,602d669479b5441ba38f59c74596fe37cb381f48d4ab057fefe6caea5b202875,,,active,qp-oil-negshock-rebound,C:\QM\repo\framework\EAs\QM5_1188_qp-oil-negshock-rebound\QM5_1188_qp-oil-negshock-rebound.ex5,REPAIR_OR_PREFLIGHT_THEN_GOVERNED_CANARY,False,,,,Most recent row carrying a specific failure signature supplies the primary cause.
QM5_1192,XTIUSD.DWX,INVALID_EVIDENCE_DEFECT,LOG_BOMB,12,12,0,0,662c278c-2cb2-4f33-99c0-bc7c23c9f642,2026-07-27T23:49:25+00:00,662c278c-2cb2-4f33-99c0-bc7c23c9f642,2026-07-27T23:49:25+00:00,done,99,LOG_BOMB,log_bomb,D:\QM\reports\work_items\662c278c-2cb2-4f33-99c0-bc7c23c9f642\log_bomb_evidence.json,True,1190f72ff2a9a786828db40deb06d950bc6e7492852e6511b08b3ccacd6fd7ac,D:\QM\strategy_farm\logs\work_item_662c278c-2cb2-4f33-99c0-bc7c23c9f642.log,False,D:\QM\reports\work_items\662c278c-2cb2-4f33-99c0-bc7c23c9f642,,,,,,,,,0,0,False,C:\QM\repo\framework\EAs\QM5_1192_qp-stress-oil-rebound\sets\QM5_1192_XTIUSD.DWX_D1_backtest.set,True,6ea21444a34b122db3e9e485fde69f1b25fe9a3dd425990581a7ce5743a787b2,,,active,qp-stress-oil-rebound,C:\QM\repo\framework\EAs\QM5_1192_qp-stress-oil-rebound\QM5_1192_qp-stress-oil-rebound.ex5,REPAIR_OR_PREFLIGHT_THEN_GOVERNED_CANARY,False,,,,Most recent row carrying a specific failure signature supplies the primary cause.
QM5_1193,AUDUSD.DWX,INVALID_EVIDENCE_DEFECT,LOG_BOMB,12,12,0,0,32eec24e-bed9-47a3-b597-93848bac57a2,2026-07-28T20:25:22+00:00,32eec24e-bed9-47a3-b597-93848bac57a2,2026-07-28T20:25:22+00:00,done,0,run_smoke_fail:LOG_BOMB;INCOMPLETE_RUNS,summary_missing_retries_exhausted,D:\QM\reports\work_items\32eec24e-bed9-47a3-b597-93848bac57a2\QM5_1193\20260728_202454\summary.json,True,50e2c1c4aa61aa49292065c2d1247a2a0d8b10ef594eac51fe29cab60e2a329e,D:\QM\strategy_farm\logs\work_item_32eec24e-bed9-47a3-b597-93848bac57a2.log,False,D:\QM\reports\work_items\32eec24e-bed9-47a3-b597-93848bac57a2,FAIL,LOG_BOMB|INCOMPLETE_RUNS,0,,,,,,1,0,False,C:\QM\repo\framework\EAs\QM5_1193_qp-stress-usd-rebound\sets\QM5_1193_AUDUSD.DWX_D1_backtest.set,True,eeba60ef8ed0d8499fa63b419109371892e74891e477fbba69f4e57fa72ae724,,,active,qp-stress-usd-rebound,C:\QM\repo\framework\EAs\QM5_1193_qp-stress-usd-rebound\QM5_1193_qp-stress-usd-rebound.ex5,REPAIR_OR_PREFLIGHT_THEN_GOVERNED_CANARY,True,LOG_BOMB,2,NEW_GOVERNED_SUCCESSOR_AFTER_REPAIR,Most recent row carrying a specific failure signature supplies the primary cause.
QM5_1193,EURUSD.DWX,INVALID_EVIDENCE_DEFECT,LOG_BOMB,12,12,0,0,1ab89952-a98d-44ad-8d00-6f5926826b4f,2026-07-31T18:38:33+00:00,1ab89952-a98d-44ad-8d00-6f5926826b4f,2026-07-31T18:38:33+00:00,done,99,LOG_BOMB,log_bomb,D:\QM\reports\work_items\1ab89952-a98d-44ad-8d00-6f5926826b4f\log_bomb_evidence.json,True,d1d606ba8cde0187958f3de060c97404f26df34bb0fba9a51a3fc47d4dba55d1,D:\QM\strategy_farm\logs\work_item_1ab89952-a98d-44ad-8d00-6f5926826b4f.log,False,D:\QM\reports\work_items\1ab89952-a98d-44ad-8d00-6f5926826b4f,,,,,,,,,0,0,True,C:\QM\repo\framework\EAs\QM5_1193_qp-stress-usd-rebound\sets\QM5_1193_EURUSD.DWX_D1_backtest.set,True,6ac1daedbf9d7429a940375a47fe2c4d06f4fa472d06225304c8725991c7854d,,,active,qp-stress-usd-rebound,C:\QM\repo\framework\EAs\QM5_1193_qp-stress-usd-rebound\QM5_1193_qp-stress-usd-rebound.ex5,REPAIR_OR_PREFLIGHT_THEN_GOVERNED_CANARY,False,,,,Most recent row carrying a specific failure signature supplies the primary cause.
QM5_1193,GBPUSD.DWX,INVALID_EVIDENCE_DEFECT,LOG_BOMB,12,12,0,0,e3bad09a-bddd-49c5-9ecc-75945ee3a01c,2026-07-28T20:24:31+00:00,e3bad09a-bddd-49c5-9ecc-75945ee3a01c,2026-07-28T20:24:31+00:00,done,99,LOG_BOMB,log_bomb,D:\QM\reports\work_items\e3bad09a-bddd-49c5-9ecc-75945ee3a01c\log_bomb_evidence.json,True,7291c8dde83cf4c5a87db46dff3f28f025256a015b136d009f058436a9c46448,D:\QM\strategy_farm\logs\work_item_e3bad09a-bddd-49c5-9ecc-75945ee3a01c.log,False,D:\QM\reports\work_items\e3bad09a-bddd-49c5-9ecc-75945ee3a01c,,,,,,,,,0,0,False,C:\QM\repo\framework\EAs\QM5_1193_qp-stress-usd-rebound\sets\QM5_1193_GBPUSD.DWX_D1_backtest.set,True,cf24d54ea2e6ff3e75ace3a57c91e363437ccdecd9b45a020da6c26e642de7de,,,active,qp-stress-usd-rebound,C:\QM\repo\framework\EAs\QM5_1193_qp-stress-usd-rebound\QM5_1193_qp-stress-usd-rebound.ex5,REPAIR_OR_PREFLIGHT_THEN_GOVERNED_CANARY,False,,,,Most recent row carrying a specific failure signature supplies the primary cause.
QM5_1193,USDJPY.DWX,INVALID_EVIDENCE_DEFECT,LOG_BOMB,12,12,0,0,3459cc65-138e-41df-a8af-eff73ed23027,2026-07-31T11:44:29+00:00,3459cc65-138e-41df-a8af-eff73ed23027,2026-07-31T11:44:29+00:00,done,99,LOG_BOMB,log_bomb,D:\QM\reports\work_items\3459cc65-138e-41df-a8af-eff73ed23027\log_bomb_evidence.json,True,3afb3a3f8f890c97062216666017e2b0ca145ec508db48b9775660eec4f7314a,D:\QM\strategy_farm\logs\work_item_3459cc65-138e-41df-a8af-eff73ed23027.log,False,D:\QM\reports\work_items\3459cc65-138e-41df-a8af-eff73ed23027,,,,,,,,,0,0,False,C:\QM\repo\framework\EAs\QM5_1193_qp-stress-usd-rebound\sets\QM5_1193_USDJPY.DWX_D1_backtest.set,True,4567ccb4b6a4244160297f89c11dc95edf6238f692b08d80c45aa0a0dfa40ffe,,,active,qp-stress-usd-rebound,C:\QM\repo\framework\EAs\QM5_1193_qp-stress-usd-rebound\QM5_1193_qp-stress-usd-rebound.ex5,REPAIR_OR_PREFLIGHT_THEN_GOVERNED_CANARY,False,,,,Most recent row carrying a specific failure signature supplies the primary cause.
QM5_1194,SP500.DWX,INVALID_EVIDENCE_DEFECT,LOG_BOMB,14,14,0,0,559f7cbc-a95a-44eb-b0a2-56abbc07cfe2,2026-07-20T07:21:54+00:00,559f7cbc-a95a-44eb-b0a2-56abbc07cfe2,2026-07-20T07:21:54+00:00,done,99,LOG_BOMB,log_bomb,D:\QM\reports\work_items\559f7cbc-a95a-44eb-b0a2-56abbc07cfe2\log_bomb_evidence.json,True,9bbf203c7d0e5e94263798a902d65b7742630b7cb4a57ea5dbe07a0368bb318c,D:\QM\strategy_farm\logs\work_item_559f7cbc-a95a-44eb-b0a2-56abbc07cfe2.log,False,D:\QM\reports\work_items\559f7cbc-a95a-44eb-b0a2-56abbc07cfe2,,,,,,,,,0,0,False,C:\QM\repo\framework\EAs\QM5_1194_qp-stress-spx-composite\sets\QM5_1194_SP500.DWX_D1_backtest.set,True,fec415f7735c9af5a1741e0878f839d67512c7174869aa463d4a173d622a6874,,,active,qp-stress-spx-composite,C:\QM\repo\framework\EAs\QM5_1194_qp-stress-spx-composite\QM5_1194_qp-stress-spx-composite.ex5,REPAIR_OR_PREFLIGHT_THEN_GOVERNED_CANARY,False,,,,Most recent row carrying a specific failure signature supplies the primary cause.
QM5_1196,GBPUSD.DWX,INVALID_EVIDENCE_DEFECT,LOG_BOMB,12,12,0,0,ef639b97-ac85-4585-b194-f87c3a96ee80,2026-07-28T20:25:54+00:00,ef639b97-ac85-4585-b194-f87c3a96ee80,2026-07-28T20:25:54+00:00,done,0,run_smoke_fail:LOG_BOMB;INCOMPLETE_RUNS,summary_missing_retries_exhausted,D:\QM\reports\work_items\ef639b97-ac85-4585-b194-f87c3a96ee80\QM5_1196\20260728_202524\summary.json,True,a221a9b12d43b67a4327ba0c70165abd9c1cc892d3054a93938b02436f57d877,D:\QM\strategy_farm\logs\work_item_ef639b97-ac85-4585-b194-f87c3a96ee80.log,False,D:\QM\reports\work_items\ef639b97-ac85-4585-b194-f87c3a96ee80,FAIL,LOG_BOMB|INCOMPLETE_RUNS,0,,,,,,1,0,False,C:\QM\repo\framework\EAs\QM5_1196_qp-fx-meanrev-linear\sets\QM5_1196_GBPUSD.DWX_D1_backtest.set,True,e4dc3e0490d747aaea96abb3b009633a1b37c5662d8b8667601f3fb0dbe9d2ef,,,active,qp-fx-meanrev-linear,C:\QM\repo\framework\EAs\QM5_1196_qp-fx-meanrev-linear\QM5_1196_qp-fx-meanrev-linear.ex5,REPAIR_OR_PREFLIGHT_THEN_GOVERNED_CANARY,True,LOG_BOMB,1,NEW_GOVERNED_SUCCESSOR_AFTER_REPAIR,Most recent row carrying a specific failure signature supplies the primary cause.
QM5_1204,NDX.DWX,INVALID_EVIDENCE_DEFECT,ACTIVE_TIMEOUT,12,12,0,0,3d3dbb0a-b5ef-4052-9099-043059bbb529,2026-07-29T12:18:03+00:00,3d3dbb0a-b5ef-4052-9099-043059bbb529,2026-07-29T12:18:03+00:00,failed,0,ACTIVE_TIMEOUT,summary_missing_retries_exhausted,D:\QM\strategy_farm\logs\work_item_3d3dbb0a-b5ef-4052-9099-043059bbb529.log,False,,D:\QM\strategy_farm\logs\work_item_3d3dbb0a-b5ef-4052-9099-043059bbb529.log,False,D:\QM\reports\work_items\3d3dbb0a-b5ef-4052-9099-043059bbb529,,,,,,,,,0,0,False,C:\QM\repo\framework\EAs\QM5_1204_zarattini-vwap-ndx\sets\QM5_1204_zarattini-vwap-ndx_NDX.DWX_M15_backtest.set,True,d0a1ac29f9f45c0ba1238530b6b45641c60ef255e029082d410dba67b8d7ae64,,,active,zarattini-vwap-ndx,C:\QM\repo\framework\EAs\QM5_1204_zarattini-vwap-ndx\QM5_1204_zarattini-vwap-ndx.ex5,REPAIR_OR_PREFLIGHT_THEN_GOVERNED_CANARY,False,,,,Most recent row carrying a specific failure signature supplies the primary cause.
QM5_1207,GER40.DWX,INVALID_EVIDENCE_DEFECT,SETFILE_MISSING,12,12,0,0,c5011d7a-b512-4e74-95d4-6833bc0acf9f,2026-06-25T18:50:21+00:00,c5011d7a-b512-4e74-95d4-6833bc0acf9f,2026-06-25T18:50:21+00:00,failed,0,setfile_missing,summary_missing_retries_exhausted,D:\QM\reports\work_items\c5011d7a-b512-4e74-95d4-6833bc0acf9f\QM5_1207\Q02\preflight_failure.json,False,,D:\QM\strategy_farm\logs\work_item_c5011d7a-b512-4e74-95d4-6833bc0acf9f.log,False,D:\QM\reports\work_items\c5011d7a-b512-4e74-95d4-6833bc0acf9f,,,,,,,,,0,0,False,C:\QM\repo\framework\EAs\QM5_1207_bbadx-index-skew\sets\QM5_1207_bbadx-index-skew_GER40.DWX_D1_backtest.set,False,,SETFILE_MISSING,,active,bbadx-index-skew,C:\QM\repo\framework\EAs\QM5_1207_bbadx-index-skew\QM5_1207_bbadx-index-skew.ex5,REPAIR_SETFILE_BEFORE_ANY_CANARY,False,,,,Latest bound setfile path is absent on the canonical checkout.
QM5_1207,JPN225.DWX,INVALID_EVIDENCE_DEFECT,REPORT_MISSING,12,12,0,0,6bc31083-9cfc-4ba9-8235-77a8a8303c0d,2026-06-25T20:20:17+00:00,6bc31083-9cfc-4ba9-8235-77a8a8303c0d,2026-06-25T20:20:17+00:00,done,1,run_smoke_fail:REPORT_MISSING;INCOMPLETE_RUNS,summary_missing_retries_exhausted,D:\QM\reports\work_items\6bc31083-9cfc-4ba9-8235-77a8a8303c0d\QM5_1207\20260625_201100\summary.json,False,,D:\QM\strategy_farm\logs\work_item_6bc31083-9cfc-4ba9-8235-77a8a8303c0d.log,False,D:\QM\reports\work_items\6bc31083-9cfc-4ba9-8235-77a8a8303c0d,,,,,,,,,0,0,False,C:\QM\repo\framework\EAs\QM5_1207_bbadx-index-skew\sets\QM5_1207_bbadx-index-skew_JPN225.DWX_D1_backtest.set,True,d75b3930f3cb4e2119322da6cb670862a72a1349d06334f919c46ef99aa43a7c,,,active,bbadx-index-skew,C:\QM\repo\framework\EAs\QM5_1207_bbadx-index-skew\QM5_1207_bbadx-index-skew.ex5,REPAIR_OR_PREFLIGHT_THEN_GOVERNED_CANARY,False,,,,Most recent row carrying a specific failure signature supplies the primary cause.
QM5_1208,GER40.DWX,INVALID_EVIDENCE_DEFECT,SETFILE_MISSING,12,12,0,0,2ceeccc7-1020-41b3-9674-28ddbc1f849a,2026-06-19T11:33:18+00:00,2ceeccc7-1020-41b3-9674-28ddbc1f849a,2026-06-19T11:33:18+00:00,done,0,run_smoke_fail:REPORT_MISSING;INCOMPLETE_RUNS,,D:\QM\reports\work_items\2ceeccc7-1020-41b3-9674-28ddbc1f849a\QM5_1208\20260619_112857\summary.json,False,,D:\QM\strategy_farm\logs\work_item_2ceeccc7-1020-41b3-9674-28ddbc1f849a.log,False,D:\QM\reports\work_items\2ceeccc7-1020-41b3-9674-28ddbc1f849a,,,,,,,,,0,0,False,C:\QM\repo\framework\EAs\QM5_1208_carver-normmom\sets\QM5_1208_carver-normmom_GER40.DWX_D1_backtest.set,False,,SETFILE_MISSING,,active,carver-normmom,C:\QM\repo\framework\EAs\QM5_1208_carver-normmom\QM5_1208_carver-normmom.ex5,REPAIR_SETFILE_BEFORE_ANY_CANARY,False,,,,Latest bound setfile path is absent on the canonical checkout.
QM5_1225,AUDUSD.DWX,UNCLEAR,SUMMARY_MISSING_NO_ROW_BOUND_AGGREGATE,12,12,0,0,3dda93b2-80be-48f3-8a10-5cdf0a5a4bf2,2026-06-24T21:15:01+00:00,3dda93b2-80be-48f3-8a10-5cdf0a5a4bf2,2026-06-24T21:15:01+00:00,done,99,summary_missing,,,False,,D:\QM\strategy_farm\logs\work_item_3dda93b2-80be-48f3-8a10-5cdf0a5a4bf2.log,False,D:\QM\reports\work_items\3dda93b2-80be-48f3-8a10-5cdf0a5a4bf2,,,,,,,,,0,0,False,C:\QM\repo\framework\EAs\QM5_1225_dahlquist-fx-econmom\sets\QM5_1225_AUDUSD.DWX_D1_backtest.set,True,2c55073682ae0870e9a22f3ad1608e5978e608dd5c6599e09106389cc6f0c22d,,,active,dahlquist-fx-econmom,C:\QM\repo\framework\EAs\QM5_1225_dahlquist-fx-econmom\QM5_1225_dahlquist-fx-econmom.ex5,FORENSIC_REVIEW_NO_REQUEUE,False,,,,Only generic summary-missing history remains; no readable row-bound aggregate or specific failure signature.
QM5_1225,NZDUSD.DWX,UNCLEAR,SUMMARY_MISSING_NO_ROW_BOUND_AGGREGATE,12,12,0,0,3eacd6d8-22b2-4617-b1eb-4b34e9e5c0cf,2026-06-24T21:03:51+00:00,3eacd6d8-22b2-4617-b1eb-4b34e9e5c0cf,2026-06-24T21:03:51+00:00,done,99,summary_missing,,,False,,D:\QM\strategy_farm\logs\work_item_3eacd6d8-22b2-4617-b1eb-4b34e9e5c0cf.log,False,D:\QM\reports\work_items\3eacd6d8-22b2-4617-b1eb-4b34e9e5c0cf,,,,,,,,,0,0,False,C:\QM\repo\framework\EAs\QM5_1225_dahlquist-fx-econmom\sets\QM5_1225_NZDUSD.DWX_D1_backtest.set,True,03bf2514c56ae17762dd4eed1279365ad859756d186ba1d9ec6d60a608ba44fb,,,active,dahlquist-fx-econmom,C:\QM\repo\framework\EAs\QM5_1225_dahlquist-fx-econmom\QM5_1225_dahlquist-fx-econmom.ex5,FORENSIC_REVIEW_NO_REQUEUE,False,,,,Only generic summary-missing history remains; no readable row-bound aggregate or specific failure signature.
QM5_1229,EURCAD.DWX,INVALID_EVIDENCE_DEFECT,BARS_ZERO,13,13,0,0,4bbd64fb-0a5c-4749-8a8e-72f7ff100659,2026-07-28T16:02:26+00:00,4bbd64fb-0a5c-4749-8a8e-72f7ff100659,2026-07-28T16:02:26+00:00,failed,3,cold_cache_retries_exhausted:BARS_ZERO,cold_cache_retries_exhausted,D:\QM\reports\work_items\4bbd64fb-0a5c-4749-8a8e-72f7ff100659\QM5_1229\20260728_155247\summary.json,True,fc7d19e1389007dc74a3305dd3c2d50c1cf9f8053b312739414e0c25e6069e61,,False,D:\QM\reports\work_items\4bbd64fb-0a5c-4749-8a8e-72f7ff100659,FAIL,BARS_ZERO|INCOMPLETE_RUNS,0,,,,,,1,0,False,C:\QM\repo\framework\EAs\QM5_1229_carver-statevol\sets\QM5_1229_carver-statevol_EURCAD.DWX_D1_backtest.set,True,93c4d1f2b5dbdd13aa69e0c7d8029505b568a2d09f38e3cd2353580e134e1375,,,active,carver-statevol,C:\QM\repo\framework\EAs\QM5_1229_carver-statevol\QM5_1229_carver-statevol.ex5,REPAIR_OR_PREFLIGHT_THEN_GOVERNED_CANARY,False,,,,Most recent row carrying a specific failure signature supplies the primary cause.
QM5_1229,EURCHF.DWX,INVALID_EVIDENCE_DEFECT,BARS_ZERO,13,13,0,0,8870ee05-fbc6-4bc2-a721-b3cba2a334c5,2026-07-28T14:41:44+00:00,8870ee05-fbc6-4bc2-a721-b3cba2a334c5,2026-07-28T14:41:44+00:00,failed,3,cold_cache_retries_exhausted:BARS_ZERO,cold_cache_retries_exhausted,D:\QM\reports\work_items\8870ee05-fbc6-4bc2-a721-b3cba2a334c5\QM5_1229\20260728_142608\summary.json,True,0e39a681e9aed08748a8d7126783988183d4c7e6ff633c9617053d83571f909b,,False,D:\QM\reports\work_items\8870ee05-fbc6-4bc2-a721-b3cba2a334c5,FAIL,BARS_ZERO|INCOMPLETE_RUNS,0,,,,,,1,0,False,C:\QM\repo\framework\EAs\QM5_1229_carver-statevol\sets\QM5_1229_carver-statevol_EURCHF.DWX_D1_backtest.set,True,a78381adf6e6b4653c196e50140bd68af0e8d91cd33d4a895f5809e809f49eaa,,,active,carver-statevol,C:\QM\repo\framework\EAs\QM5_1229_carver-statevol\QM5_1229_carver-statevol.ex5,REPAIR_OR_PREFLIGHT_THEN_GOVERNED_CANARY,False,,,,Most recent row carrying a specific failure signature supplies the primary cause.
QM5_1229,EURJPY.DWX,INVALID_EVIDENCE_DEFECT,BARS_ZERO,13,13,0,0,56a2ef41-095b-49c3-904a-7b0386019cc1,2026-07-28T15:38:39+00:00,56a2ef41-095b-49c3-904a-7b0386019cc1,2026-07-28T15:38:39+00:00,failed,3,cold_cache_retries_exhausted:BARS_ZERO,cold_cache_retries_exhausted,D:\QM\reports\work_items\56a2ef41-095b-49c3-904a-7b0386019cc1\QM5_1229\20260728_152105\summary.json,True,fc1c1a7e0e93032df6a8ee4be44b641b664f070606b8c41db1033128ea41839f,,False,D:\QM\reports\work_items\56a2ef41-095b-49c3-904a-7b0386019cc1,FAIL,BARS_ZERO|INCOMPLETE_RUNS,0,,,,,,1,0,False,C:\QM\repo\framework\EAs\QM5_1229_carver-statevol\sets\QM5_1229_carver-statevol_EURJPY.DWX_D1_backtest.set,True,aa5aa738eec82b9dac5b6b81a40cef19790455bef34f62da189ba525127f8eab,,,active,carver-statevol,C:\QM\repo\framework\EAs\QM5_1229_carver-statevol\QM5_1229_carver-statevol.ex5,REPAIR_OR_PREFLIGHT_THEN_GOVERNED_CANARY,False,,,,Most recent row carrying a specific failure signature supplies the primary cause.
QM5_1231,FRA40.DWX,INVALID_EVIDENCE_DEFECT,SETFILE_MISSING,12,12,0,0,d622938c-ff7a-4505-9f5b-6994a56d9697,2026-06-24T21:08:19+00:00,d622938c-ff7a-4505-9f5b-6994a56d9697,2026-06-24T21:08:19+00:00,done,99,,,,False,,D:\QM\strategy_farm\logs\work_item_d622938c-ff7a-4505-9f5b-6994a56d9697.log,False,D:\QM\reports\work_items\d622938c-ff7a-4505-9f5b-6994a56d9697,,,,,,,,,0,0,False,C:\QM\repo\framework\EAs\QM5_1231_carver-pca-alpha\sets\QM5_1231_FRA40.DWX_D1_backtest.set,False,,SETFILE_MISSING,,active,carver-pca-alpha,C:\QM\repo\framework\EAs\QM5_1231_carver-pca-alpha\QM5_1231_carver-pca-alpha.ex5,REPAIR_SETFILE_BEFORE_ANY_CANARY,False,,,,Latest bound setfile path is absent on the canonical checkout.
QM5_1231,GER40.DWX,INVALID_EVIDENCE_DEFECT,SETFILE_MISSING,12,12,0,0,c0106470-a34a-4cd1-bda7-8d1a7cec762e,2026-06-25T00:04:57+00:00,c0106470-a34a-4cd1-bda7-8d1a7cec762e,2026-06-25T00:04:57+00:00,failed,2,summary_missing_retries_exhausted,summary_missing_retries_exhausted,,False,,D:\QM\strategy_farm\logs\work_item_c0106470-a34a-4cd1-bda7-8d1a7cec762e.log,False,D:\QM\reports\work_items\c0106470-a34a-4cd1-bda7-8d1a7cec762e,,,,,,,,,0,0,False,C:\QM\repo\framework\EAs\QM5_1231_carver-pca-alpha\sets\QM5_1231_GER40.DWX_D1_backtest.set,False,,SETFILE_MISSING,,active,carver-pca-alpha,C:\QM\repo\framework\EAs\QM5_1231_carver-pca-alpha\QM5_1231_carver-pca-alpha.ex5,REPAIR_SETFILE_BEFORE_ANY_CANARY,False,,,,Latest bound setfile path is absent on the canonical checkout.
QM5_1231,WS30.DWX,INVALID_EVIDENCE_DEFECT,ACTIVE_TIMEOUT,12,12,0,0,78ca5270-e9be-40d5-a000-a99ca2262e8e,2026-08-01T01:58:46+00:00,78ca5270-e9be-40d5-a000-a99ca2262e8e,2026-08-01T01:58:46+00:00,failed,0,ACTIVE_TIMEOUT,summary_missing_retries_exhausted,,False,,D:\QM\strategy_farm\logs\work_item_78ca5270-e9be-40d5-a000-a99ca2262e8e.log,False,D:\QM\reports\work_items\78ca5270-e9be-40d5-a000-a99ca2262e8e,,,,,,,,,0,0,True,C:\QM\repo\framework\EAs\QM5_1231_carver-pca-alpha\sets\QM5_1231_WS30.DWX_D1_backtest.set,True,b5c62999f1184058397d60f4acf6b744091f2be996b38bade2684ddb1d1047d2,,,active,carver-pca-alpha,C:\QM\repo\framework\EAs\QM5_1231_carver-pca-alpha\QM5_1231_carver-pca-alpha.ex5,REPAIR_OR_PREFLIGHT_THEN_GOVERNED_CANARY,False,,,,Most recent row carrying a specific failure signature supplies the primary cause.
QM5_1232,GER40.DWX,INVALID_EVIDENCE_DEFECT,SETFILE_MISSING,12,12,0,0,8fa0a85e-600a-436e-8019-d017fe6f7ec9,2026-06-25T00:09:31+00:00,8fa0a85e-600a-436e-8019-d017fe6f7ec9,2026-06-25T00:09:31+00:00,failed,2,summary_missing_retries_exhausted,summary_missing_retries_exhausted,,False,,D:\QM\strategy_farm\logs\work_item_8fa0a85e-600a-436e-8019-d017fe6f7ec9.log,False,D:\QM\reports\work_items\8fa0a85e-600a-436e-8019-d017fe6f7ec9,,,,,,,,,0,0,False,C:\QM\repo\framework\EAs\QM5_1232_carver-fastmom-cost\sets\QM5_1232_GER40.DWX_D1_backtest.set,False,,SETFILE_MISSING,,active,carver-fastmom-cost,C:\QM\repo\framework\EAs\QM5_1232_carver-fastmom-cost\QM5_1232_carver-fastmom-cost.ex5,REPAIR_SETFILE_BEFORE_ANY_CANARY,False,,,,Latest bound setfile path is absent on the canonical checkout.
QM5_1236,EURUSD.DWX,INVALID_EVIDENCE_DEFECT,ONINIT_FAILED,12,12,0,0,1b921415-5b5e-441a-896d-9304e3ad9392,2026-07-28T11:53:51+00:00,1b921415-5b5e-441a-896d-9304e3ad9392,2026-07-28T11:53:51+00:00,done,0,run_smoke_fail:ONINIT_FAILED;INCOMPLETE_RUNS,summary_missing_retries_exhausted,D:\QM\reports\work_items\1b921415-5b5e-441a-896d-9304e3ad9392\QM5_1236\20260728_115044\summary.json,True,c14b18a9f5a6735f6be0b8bdd819b9cac63b60c19771a0df812a93015899d87a,D:\QM\strategy_farm\logs\work_item_1b921415-5b5e-441a-896d-9304e3ad9392.log,False,D:\QM\reports\work_items\1b921415-5b5e-441a-896d-9304e3ad9392,FAIL,ONINIT_FAILED|INCOMPLETE_RUNS,0,,,,,,1,0,False,C:\QM\repo\framework\EAs\QM5_1236_gh-donchian-55\sets\QM5_1236_gh-donchian-55_EURUSD.DWX_D1_backtest.set,True,7a104f547f56f143c7134403807e5f6fc17c98f3b7a64957b961d29912acf7d2,,,active,gh-donchian-55,C:\QM\repo\framework\EAs\QM5_1236_gh-donchian-55\QM5_1236_gh-donchian-55.ex5,REPAIR_OR_PREFLIGHT_THEN_GOVERNED_CANARY,False,,,,Most recent row carrying a specific failure signature supplies the primary cause.
QM5_1253,FRA40.DWX,INVALID_EVIDENCE_DEFECT,SETFILE_MISSING,12,12,0,0,730d3fca-1347-4f65-a1a3-908e3535f3bb,2026-06-25T03:16:50+00:00,730d3fca-1347-4f65-a1a3-908e3535f3bb,2026-06-25T03:16:50+00:00,failed,2,summary_missing_retries_exhausted,summary_missing_retries_exhausted,,False,,D:\QM\strategy_farm\logs\work_item_730d3fca-1347-4f65-a1a3-908e3535f3bb.log,False,D:\QM\reports\work_items\730d3fca-1347-4f65-a1a3-908e3535f3bb,,,,,,,,,0,0,False,C:\QM\repo\framework\EAs\QM5_1253_carver-lowbeta-rv\sets\QM5_1253_FRA40.DWX_D1_backtest.set,False,,SETFILE_MISSING,,active,carver-lowbeta-rv,C:\QM\repo\framework\EAs\QM5_1253_carver-lowbeta-rv\QM5_1253_carver-lowbeta-rv.ex5,REPAIR_SETFILE_BEFORE_ANY_CANARY,False,,,,Latest bound setfile path is absent on the canonical checkout.
QM5_1253,GER40.DWX,INVALID_EVIDENCE_DEFECT,SETFILE_MISSING,12,12,0,0,200b33e2-b842-45d0-acbb-78747537e2e1,2026-06-25T03:17:51+00:00,200b33e2-b842-45d0-acbb-78747537e2e1,2026-06-25T03:17:51+00:00,failed,2,summary_missing_retries_exhausted,summary_missing_retries_exhausted,,False,,D:\QM\strategy_farm\logs\work_item_200b33e2-b842-45d0-acbb-78747537e2e1.log,False,D:\QM\reports\work_items\200b33e2-b842-45d0-acbb-78747537e2e1,,,,,,,,,0,0,False,C:\QM\repo\framework\EAs\QM5_1253_carver-lowbeta-rv\sets\QM5_1253_GER40.DWX_D1_backtest.set,False,,SETFILE_MISSING,,active,carver-lowbeta-rv,C:\QM\repo\framework\EAs\QM5_1253_carver-lowbeta-rv\QM5_1253_carver-lowbeta-rv.ex5,REPAIR_SETFILE_BEFORE_ANY_CANARY,False,,,,Latest bound setfile path is absent on the canonical checkout.
QM5_1383,NDX.DWX,INVALID_EVIDENCE_DEFECT,ACTIVE_TIMEOUT,12,12,0,0,9210ba34-23f8-419b-bced-bd47a0d25aff,2026-08-07T14:45:39+00:00,9210ba34-23f8-419b-bced-bd47a0d25aff,2026-08-07T14:45:39+00:00,failed,0,ACTIVE_TIMEOUT,,,False,,D:\QM\strategy_farm\logs\work_item_9210ba34-23f8-419b-bced-bd47a0d25aff.log,False,D:\QM\reports\work_items\9210ba34-23f8-419b-bced-bd47a0d25aff,,,,,,,,,3,0,True,C:\QM\repo\framework\EAs\QM5_1383_wave59-quickstrike-gann-h4\sets\QM5_1383_wave59-quickstrike-gann-h4_NDX.DWX_H4_backtest.set,True,a2aaddecba658106104055072d6fc07f49d46493cad9e65f40e104a520100cef,,,active,wave59-quickstrike-gann-h4,C:\QM\repo\framework\EAs\QM5_1383_wave59-quickstrike-gann-h4\QM5_1383_wave59-quickstrike-gann-h4.ex5,REPAIR_OR_PREFLIGHT_THEN_GOVERNED_CANARY,False,,,,Most recent row carrying a specific failure signature supplies the primary cause.
QM5_1536,XAGUSD.DWX,INVALID_EVIDENCE_DEFECT,ONINIT_FAILED,12,12,0,0,fd625699-1b73-4621-9764-a48e3314f366,2026-07-29T12:18:03+00:00,66e131fa-9401-4e5f-81b7-c8058b5d6e52,2026-07-28T15:20:51+00:00,done,0,run_smoke_fail:ONINIT_FAILED;INCOMPLETE_RUNS,summary_missing_retries_exhausted,D:\QM\reports\work_items\66e131fa-9401-4e5f-81b7-c8058b5d6e52\QM5_1536\20260728_151813\summary.json,True,271887436bea7c01b832e346bb0130bc1a62d12e23d366f3ce0b578be6295663,D:\QM\strategy_farm\logs\work_item_66e131fa-9401-4e5f-81b7-c8058b5d6e52.log,False,D:\QM\reports\work_items\66e131fa-9401-4e5f-81b7-c8058b5d6e52,FAIL,ONINIT_FAILED|INCOMPLETE_RUNS,0,,,,,,1,0,False,C:\QM\repo\framework\EAs\QM5_1536_aa-mrat-21-200\sets\QM5_1536_aa-mrat-21-200_XAGUSD.DWX_D1_backtest.set,True,764c4f9a3cb8142556ade29678b70758f8e4b290fec69e865da7398af5902b72,,,active,aa-mrat-21-200,C:\QM\repo\framework\EAs\QM5_1536_aa-mrat-21-200\QM5_1536_aa-mrat-21-200.ex5,REPAIR_OR_PREFLIGHT_THEN_GOVERNED_CANARY,False,,,,Most recent row carrying a specific failure signature supplies the primary cause.
QM5_1560,SP500.DWX,INVALID_EVIDENCE_DEFECT,LOG_BOMB,12,12,0,0,ffbd3c6f-d355-45ce-91f0-c9a81c0399ca,2026-07-28T17:03:53+00:00,ffbd3c6f-d355-45ce-91f0-c9a81c0399ca,2026-07-28T17:03:53+00:00,done,0,run_smoke_fail:LOG_BOMB;INCOMPLETE_RUNS,,D:\QM\reports\work_items\ffbd3c6f-d355-45ce-91f0-c9a81c0399ca\QM5_1560\20260728_164137\summary.json,True,c9fc9783ce03b1c6c58608eea73d9afd4f69caafb485c9c17c32551361b54836,D:\QM\strategy_farm\logs\work_item_ffbd3c6f-d355-45ce-91f0-c9a81c0399ca.log,False,D:\QM\reports\work_items\ffbd3c6f-d355-45ce-91f0-c9a81c0399ca,FAIL,LOG_BOMB|INCOMPLETE_RUNS,0,,,,,,12,0,True,C:\QM\repo\framework\EAs\QM5_1560_aa-zak-macd-3-12-6\sets\QM5_1560_aa-zak-macd-3-12-6_SP500.DWX_D1_backtest.set,True,f7a65db607baf991144b2f213d641ddc7bbf371b59b368648450364c739c52f4,,,active,aa-zak-macd-3-12-6,C:\QM\repo\framework\EAs\QM5_1560_aa-zak-macd-3-12-6\QM5_1560_aa-zak-macd-3-12-6.ex5,REPAIR_OR_PREFLIGHT_THEN_GOVERNED_CANARY,False,,,,Most recent row carrying a specific failure signature supplies the primary cause.
QM5_1560,WS30.DWX,INVALID_EVIDENCE_DEFECT,LOG_BOMB,12,12,0,0,7d2d3966-d16b-44fa-9d04-2d866a97dd0a,2026-07-28T16:26:23+00:00,7d2d3966-d16b-44fa-9d04-2d866a97dd0a,2026-07-28T16:26:23+00:00,done,0,run_smoke_fail:LOG_BOMB;INCOMPLETE_RUNS,,D:\QM\reports\work_items\7d2d3966-d16b-44fa-9d04-2d866a97dd0a\QM5_1560\20260728_160455\summary.json,True,795b1e8c4ccc80c472d6349b45e103cdd5b7ada3aee537307095112e1ab08235,D:\QM\strategy_farm\logs\work_item_7d2d3966-d16b-44fa-9d04-2d866a97dd0a.log,False,D:\QM\reports\work_items\7d2d3966-d16b-44fa-9d04-2d866a97dd0a,FAIL,LOG_BOMB|INCOMPLETE_RUNS,0,,,,,,12,0,True,C:\QM\repo\framework\EAs\QM5_1560_aa-zak-macd-3-12-6\sets\QM5_1560_aa-zak-macd-3-12-6_WS30.DWX_D1_backtest.set,True,dfdc09d974c4a828ffc3239c22254c8da12d5fda5f33b8f06850f84b799c990c,,,active,aa-zak-macd-3-12-6,C:\QM\repo\framework\EAs\QM5_1560_aa-zak-macd-3-12-6\QM5_1560_aa-zak-macd-3-12-6.ex5,REPAIR_OR_PREFLIGHT_THEN_GOVERNED_CANARY,False,,,,Most recent row carrying a specific failure signature supplies the primary cause.
QM5_1626,NDX.DWX,INVALID_EVIDENCE_DEFECT,ONINIT_FAILED,12,12,0,0,9d42d3a5-f98c-4315-a297-a138a25afc9d,2026-08-11T17:56:57+00:00,9d42d3a5-f98c-4315-a297-a138a25afc9d,2026-08-11T17:56:57+00:00,done,0,run_smoke_fail:ONINIT_FAILED;INCOMPLETE_RUNS,,D:\QM\reports\work_items\9d42d3a5-f98c-4315-a297-a138a25afc9d\QM5_1626\20260811_175617\summary.json,True,2a619063101171da4965bef528c14d22e1a3fc86dbaaa5d7a7b880fd642d40b0,D:\QM\strategy_farm\logs\work_item_9d42d3a5-f98c-4315-a297-a138a25afc9d.log,True,D:\QM\reports\work_items\9d42d3a5-f98c-4315-a297-a138a25afc9d,FAIL,ONINIT_FAILED|INCOMPLETE_RUNS,0,,,,,,12,0,False,C:\QM\repo\framework\EAs\QM5_1626_hopwood-bermaui-stoch-h4\sets\QM5_1626_hopwood-bermaui-stoch-h4_NDX.DWX_H4_backtest.set,True,7e1d7fd282f14d53cea82254f02941d8e33a8d38812a7a10dc9848ac6af56842,,,active,hopwood-bermaui-stoch-h4,C:\QM\repo\framework\EAs\QM5_1626_hopwood-bermaui-stoch-h4\QM5_1626_hopwood-bermaui-stoch-h4.ex5,REPAIR_OR_PREFLIGHT_THEN_GOVERNED_CANARY,False,,,,Most recent row carrying a specific failure signature supplies the primary cause.
QM5_1626,XAUUSD.DWX,INVALID_EVIDENCE_DEFECT,ONINIT_FAILED,12,12,0,0,04e0f1df-a76b-4b70-878b-ea2ee59ecae6,2026-08-11T22:23:17+00:00,04e0f1df-a76b-4b70-878b-ea2ee59ecae6,2026-08-11T22:23:17+00:00,done,0,run_smoke_fail:ONINIT_FAILED;INCOMPLETE_RUNS,,D:\QM\reports\work_items\04e0f1df-a76b-4b70-878b-ea2ee59ecae6\QM5_1626\20260811_222202\summary.json,True,a04a50e9dff8983ab4a87a3f6e8ec38b25bdc7257848b18ffb7ae6417c17f31f,D:\QM\strategy_farm\logs\work_item_04e0f1df-a76b-4b70-878b-ea2ee59ecae6.log,True,D:\QM\reports\work_items\04e0f1df-a76b-4b70-878b-ea2ee59ecae6,FAIL,ONINIT_FAILED|INCOMPLETE_RUNS,0,,,,,,12,0,False,C:\QM\repo\framework\EAs\QM5_1626_hopwood-bermaui-stoch-h4\sets\QM5_1626_hopwood-bermaui-stoch-h4_XAUUSD.DWX_H4_backtest.set,True,1a06eac0766ed58352638e4098c5f4f8d5827990c1548efac258aeddce2ee3ab,,,active,hopwood-bermaui-stoch-h4,C:\QM\repo\framework\EAs\QM5_1626_hopwood-bermaui-stoch-h4\QM5_1626_hopwood-bermaui-stoch-h4.ex5,REPAIR_OR_PREFLIGHT_THEN_GOVERNED_CANARY,False,,,,Most recent row carrying a specific failure signature supplies the primary cause.
QM5_1634,GBPUSD.DWX,INVALID_EVIDENCE_DEFECT,ONINIT_FAILED,13,13,0,0,0832ddf2-269b-4153-bc07-9e0f808345b5,2026-06-22T14:06:48+00:00,93e9bf32-f6d9-45b9-aaf1-51e3d49af5d9,2026-06-19T12:37:07+00:00,failed,99,run_smoke_fail:ONINIT_FAILED;INCOMPLETE_RUNS,,,False,,D:\QM\strategy_farm\logs\work_item_93e9bf32-f6d9-45b9-aaf1-51e3d49af5d9.log,False,D:\QM\reports\work_items\93e9bf32-f6d9-45b9-aaf1-51e3d49af5d9,,,,,,,,,0,0,False,C:\QM\repo\framework\EAs\QM5_1634_mql5-consolid-break\sets\QM5_1634_mql5-consolid-break_GBPUSD.DWX_H1_backtest.set,True,97c668c0d6ff91722d5b2eae19a59373b006a7901ccce50ed939456d41160f65,,,active,mql5-consolid-break,C:\QM\repo\framework\EAs\QM5_1634_mql5-consolid-break\QM5_1634_mql5-consolid-break.ex5,REPAIR_OR_PREFLIGHT_THEN_GOVERNED_CANARY,False,,,,Most recent row carrying a specific failure signature supplies the primary cause.
QM5_1642,GDAXI.DWX,INVALID_EVIDENCE_DEFECT,BARS_ZERO,12,12,0,0,7e16a8be-7014-4e89-a8a3-63b3264029b8,2026-07-28T08:26:27+00:00,7e16a8be-7014-4e89-a8a3-63b3264029b8,2026-07-28T08:26:27+00:00,failed,3,cold_cache_retries_exhausted:BARS_ZERO,cold_cache_retries_exhausted,D:\QM\reports\work_items\7e16a8be-7014-4e89-a8a3-63b3264029b8\QM5_1642\20260728_081746\summary.json,True,cb333e89544bb368b3f5db8e9483e1fa9c21f8196f352b7529016f3cbf933ca0,,False,D:\QM\reports\work_items\7e16a8be-7014-4e89-a8a3-63b3264029b8,FAIL,BARS_ZERO|INCOMPLETE_RUNS,0,,,,,,6,0,False,C:\QM\repo\framework\EAs\QM5_1642_aa-xasset-xmom-third\sets\QM5_1642_aa-xasset-xmom-third_GDAXI.DWX_D1_backtest.set,True,6c947cde97ab1bb0ad38a1a22049776cb2d6cfd344c57e8e71a28111034abd82,,,active,aa-xasset-xmom-third,C:\QM\repo\framework\EAs\QM5_1642_aa-xasset-xmom-third\QM5_1642_aa-xasset-xmom-third.ex5,REPAIR_OR_PREFLIGHT_THEN_GOVERNED_CANARY,False,,,,Most recent row carrying a specific failure signature supplies the primary cause.
QM5_1800,NDX.DWX,INVALID_EVIDENCE_DEFECT,NO_HISTORY_TRANSIENT,12,12,0,0,fb41ff7f-85ac-4a8d-b602-56bd42f7a505,2026-08-07T16:33:50+00:00,fb41ff7f-85ac-4a8d-b602-56bd42f7a505,2026-08-07T16:33:50+00:00,failed,3,cold_cache_retries_exhausted:NO_HISTORY,cold_cache_retries_exhausted,D:\QM\reports\work_items\fb41ff7f-85ac-4a8d-b602-56bd42f7a505\QM5_1800\20260807_163206\summary.json,True,5940e01839107210dfe332fa34fd7326aa2f9ebc8d4444f595ba9530baa1edb4,,False,D:\QM\reports\work_items\fb41ff7f-85ac-4a8d-b602-56bd42f7a505,FAIL,NO_HISTORY|INCOMPLETE_RUNS,0,,,,,,3,0,True,C:\QM\repo\framework\EAs\QM5_1800_chande-vidya-cross-h4\sets\QM5_1800_chande-vidya-cross-h4_NDX.DWX_H4_backtest.set,True,03354689217d4a6bc70355ff879b48ab0e938889c718a316f742d9dcc6697a44,,,active,chande-vidya-cross-h4,C:\QM\repo\framework\EAs\QM5_1800_chande-vidya-cross-h4\QM5_1800_chande-vidya-cross-h4.ex5,REPAIR_OR_PREFLIGHT_THEN_GOVERNED_CANARY,False,,,,Most recent row carrying a specific failure signature supplies the primary cause.
QM5_9194,EURUSD.DWX,INVALID_EVIDENCE_DEFECT,ACTIVE_TIMEOUT,12,12,0,0,18372e4c-1193-4b87-915d-9804f5dff7aa,2026-07-29T12:18:03+00:00,18372e4c-1193-4b87-915d-9804f5dff7aa,2026-07-29T12:18:03+00:00,failed,0,ACTIVE_TIMEOUT,summary_missing_retries_exhausted,D:\QM\strategy_farm\logs\work_item_18372e4c-1193-4b87-915d-9804f5dff7aa.log,False,,D:\QM\strategy_farm\logs\work_item_18372e4c-1193-4b87-915d-9804f5dff7aa.log,False,D:\QM\reports\work_items\18372e4c-1193-4b87-915d-9804f5dff7aa,,,,,,,,,0,0,False,C:\QM\repo\framework\EAs\QM5_9194_mql5-rvgi-cci\sets\QM5_9194_mql5-rvgi-cci_EURUSD.DWX_H1_backtest.set,True,cb6e980183733124a7a929ac97437a23ac50412450703767bd08147aa7861cbb,,,active,mql5-rvgi-cci,C:\QM\repo\framework\EAs\QM5_9194_mql5-rvgi-cci\QM5_9194_mql5-rvgi-cci.ex5,REPAIR_OR_PREFLIGHT_THEN_GOVERNED_CANARY,False,,,,Most recent row carrying a specific failure signature supplies the primary cause.
QM5_9194,GBPUSD.DWX,INVALID_EVIDENCE_DEFECT,ONINIT_FAILED,12,12,0,0,5999c12e-f719-4b91-a109-70919a4a0a9b,2026-06-22T14:24:27+00:00,c1e10b3e-0ddc-48a2-8f9a-61bba87a92ac,2026-06-19T12:38:04+00:00,failed,99,run_smoke_fail:ONINIT_FAILED;INCOMPLETE_RUNS,,,False,,D:\QM\strategy_farm\logs\work_item_c1e10b3e-0ddc-48a2-8f9a-61bba87a92ac.log,False,D:\QM\reports\work_items\c1e10b3e-0ddc-48a2-8f9a-61bba87a92ac,,,,,,,,,0,0,False,C:\QM\repo\framework\EAs\QM5_9194_mql5-rvgi-cci\sets\QM5_9194_mql5-rvgi-cci_GBPUSD.DWX_H1_backtest.set,True,cad9f4c684644a922f0557bf8ab78372762b5c4c0146e362dd7b9e10c4ecce64,,,active,mql5-rvgi-cci,C:\QM\repo\framework\EAs\QM5_9194_mql5-rvgi-cci\QM5_9194_mql5-rvgi-cci.ex5,REPAIR_OR_PREFLIGHT_THEN_GOVERNED_CANARY,False,,,,Most recent row carrying a specific failure signature supplies the primary cause.
QM5_9271,EURUSD.DWX,UNCLEAR,SUMMARY_MISSING_NO_ROW_BOUND_AGGREGATE,12,12,0,0,0262879b-5e49-46cc-937a-4fb69356d64f,2026-06-22T20:47:46+00:00,0262879b-5e49-46cc-937a-4fb69356d64f,2026-06-22T20:47:46+00:00,done,99,summary_missing_retries_exhausted,summary_missing_retries_exhausted,,False,,D:\QM\strategy_farm\logs\work_item_0262879b-5e49-46cc-937a-4fb69356d64f.log,False,D:\QM\reports\work_items\0262879b-5e49-46cc-937a-4fb69356d64f,,,,,,,,,0,0,False,C:\QM\repo\framework\EAs\QM5_9271_mql5-ifvg-reversal\sets\QM5_9271_mql5-ifvg-reversal_EURUSD.DWX_M30_backtest.set,True,2964e71cd79571b4c69735455f4525aae50eb6d847f13403c2ce7d21c3349733,,,active,mql5-ifvg-reversal,C:\QM\repo\framework\EAs\QM5_9271_mql5-ifvg-reversal\QM5_9271_mql5-ifvg-reversal.ex5,FORENSIC_REVIEW_NO_REQUEUE,False,,,,Only generic summary-missing history remains; no readable row-bound aggregate or specific failure signature.
QM5_9271,NDX.DWX,INVALID_EVIDENCE_DEFECT,ONINIT_FAILED,12,12,0,0,12e21324-8d69-47ea-b2a9-4cab0af29a65,2026-07-27T23:17:26+00:00,12e21324-8d69-47ea-b2a9-4cab0af29a65,2026-07-27T23:17:26+00:00,done,0,run_smoke_fail:ONINIT_FAILED;INCOMPLETE_RUNS,summary_missing_retries_exhausted,D:\QM\reports\work_items\12e21324-8d69-47ea-b2a9-4cab0af29a65\QM5_9271\20260727_230921\summary.json,True,548063c79de346f027a105f116fb5c0def7adaae1cc08ac87394725bd8b851ba,D:\QM\strategy_farm\logs\work_item_12e21324-8d69-47ea-b2a9-4cab0af29a65.log,False,D:\QM\reports\work_items\12e21324-8d69-47ea-b2a9-4cab0af29a65,FAIL,ONINIT_FAILED|INCOMPLETE_RUNS,0,,,,,,1,0,False,C:\QM\repo\framework\EAs\QM5_9271_mql5-ifvg-reversal\sets\QM5_9271_mql5-ifvg-reversal_NDX.DWX_M30_backtest.set,True,cde29fcb592505088130870489ff95d8b6d91daa90ad4c5d1dae18aa8ea35128,,,active,mql5-ifvg-reversal,C:\QM\repo\framework\EAs\QM5_9271_mql5-ifvg-reversal\QM5_9271_mql5-ifvg-reversal.ex5,REPAIR_OR_PREFLIGHT_THEN_GOVERNED_CANARY,False,,,,Most recent row carrying a specific failure signature supplies the primary cause.
QM5_9291,GBPUSD.DWX,INVALID_EVIDENCE_DEFECT,ONINIT_FAILED,12,12,0,0,2b29e9ba-3712-4903-83cb-aa0fcb088ca9,2026-06-22T14:25:33+00:00,a4cc0bd1-62af-4913-a634-bfb277cc12ea,2026-06-19T12:39:14+00:00,failed,99,run_smoke_fail:ONINIT_FAILED;INCOMPLETE_RUNS,,,False,,D:\QM\strategy_farm\logs\work_item_a4cc0bd1-62af-4913-a634-bfb277cc12ea.log,False,D:\QM\reports\work_items\a4cc0bd1-62af-4913-a634-bfb277cc12ea,,,,,,,,,0,0,False,C:\QM\repo\framework\EAs\QM5_9291_mql5-dem-env-break\sets\QM5_9291_mql5-dem-env-break_GBPUSD.DWX_H4_backtest.set,True,1b39c84db98a1c85992c0531cc3216c11aea7b0b389114dda680d2b08291e324,,,active,mql5-dem-env-break,C:\QM\repo\framework\EAs\QM5_9291_mql5-dem-env-break\QM5_9291_mql5-dem-env-break.ex5,REPAIR_OR_PREFLIGHT_THEN_GOVERNED_CANARY,False,,,,Most recent row carrying a specific failure signature supplies the primary cause.
QM5_9357,NDX.DWX,INVALID_EVIDENCE_DEFECT,ONINIT_FAILED,13,13,0,0,0f442640-4f68-4872-b940-577e3b08c961,2026-07-27T23:07:16+00:00,0f442640-4f68-4872-b940-577e3b08c961,2026-07-27T23:07:16+00:00,done,0,run_smoke_fail:ONINIT_FAILED;INCOMPLETE_RUNS,summary_missing_retries_exhausted,D:\QM\reports\work_items\0f442640-4f68-4872-b940-577e3b08c961\QM5_9357\20260727_230511\summary.json,True,9746f5b190b3777efd41e6ffd2676585c5be2fce537730f65f2d6751cacb37ba,D:\QM\strategy_farm\logs\work_item_0f442640-4f68-4872-b940-577e3b08c961.log,False,D:\QM\reports\work_items\0f442640-4f68-4872-b940-577e3b08c961,FAIL,ONINIT_FAILED|INCOMPLETE_RUNS,0,,,,,,1,0,False,C:\QM\repo\framework\EAs\QM5_9357_mql5-orb-break\sets\QM5_9357_mql5-orb-break_NDX.DWX_M5_backtest.set,True,4d68599201e4de14bd62b9153cc60365f8d4919ebbe728a496bad13bc6482eb3,,,active,mql5-orb-break,C:\QM\repo\framework\EAs\QM5_9357_mql5-orb-break\QM5_9357_mql5-orb-break.ex5,REPAIR_OR_PREFLIGHT_THEN_GOVERNED_CANARY,False,,,,Most recent row carrying a specific failure signature supplies the primary cause.
QM5_9525,EURUSD.DWX,INVALID_EVIDENCE_DEFECT,NO_HISTORY_TRANSIENT,12,12,0,0,83c449df-40b6-43f9-b45b-c471d44bed67,2026-07-28T16:16:10+00:00,83c449df-40b6-43f9-b45b-c471d44bed67,2026-07-28T16:16:10+00:00,failed,3,cold_cache_retries_exhausted:NO_HISTORY,cold_cache_retries_exhausted,D:\QM\reports\work_items\83c449df-40b6-43f9-b45b-c471d44bed67\QM5_9525\20260728_160719\summary.json,True,018973566e74129d74aac799fa25ca41d18ba7b7d5c90d347daf958a373b84f7,,False,D:\QM\reports\work_items\83c449df-40b6-43f9-b45b-c471d44bed67,FAIL,NO_HISTORY|INCOMPLETE_RUNS,0,,,,,,1,0,False,C:\QM\repo\framework\EAs\QM5_9525_mql5-ema50-retest\sets\QM5_9525_mql5-ema50-retest_EURUSD.DWX_M15_backtest.set,True,3e2b918813fcba41aa5dea8c3d6ee8bd59a38b60869f8fe073db885d5b7b2b0b,,,active,mql5-ema50-retest,C:\QM\repo\framework\EAs\QM5_9525_mql5-ema50-retest\QM5_9525_mql5-ema50-retest.ex5,REPAIR_OR_PREFLIGHT_THEN_GOVERNED_CANARY,False,,,,Most recent row carrying a specific failure signature supplies the primary cause.
QM5_9940,GBPJPY.DWX,INVALID_EVIDENCE_DEFECT,BARS_ZERO,12,12,0,0,4003e1f9-c0b6-4cec-83d3-bc1f6b3b7740,2026-08-07T00:34:31+00:00,4003e1f9-c0b6-4cec-83d3-bc1f6b3b7740,2026-08-07T00:34:31+00:00,done,0,run_smoke_fail:BARS_ZERO;TIMEOUT;METATESTER_HUNG;INCOMPLETE_RUNS,,D:\QM\reports\work_items\4003e1f9-c0b6-4cec-83d3-bc1f6b3b7740\QM5_9940\20260807_000302\summary.json,True,9eb305ef4a1959a5c49003c507549259daae38793221b10993e99d00d7cf3b17,D:\QM\strategy_farm\logs\work_item_4003e1f9-c0b6-4cec-83d3-bc1f6b3b7740.log,False,D:\QM\reports\work_items\4003e1f9-c0b6-4cec-83d3-bc1f6b3b7740,FAIL,BARS_ZERO|TIMEOUT|METATESTER_HUNG|INCOMPLETE_RUNS,0,,,,,,6,0,False,C:\QM\repo\framework\EAs\QM5_9940_ff-ha-ma-fractal-h1\sets\QM5_9940_ff-ha-ma-fractal-h1_GBPJPY.DWX_H1_backtest.set,True,f384b524406a6e51b5239bc4974a53915ac071bea2e6fe974bcc809e7aafe4ab,,,active,ff-ha-ma-fractal-h1,C:\QM\repo\framework\EAs\QM5_9940_ff-ha-ma-fractal-h1\QM5_9940_ff-ha-ma-fractal-h1.ex5,REPAIR_OR_PREFLIGHT_THEN_GOVERNED_CANARY,True,BARS_ZERO,2,GOVERNED_SINGLE_ROW_REQUEUE_AFTER_REVIEW,Most recent row carrying a specific failure signature supplies the primary cause.
QM5_9940,USDJPY.DWX,INVALID_EVIDENCE_DEFECT,TIMEOUT_METATESTER_HUNG,12,12,0,0,b40023ea-eb15-436e-a53c-0a3159b1b282,2026-08-03T00:29:33+00:00,b40023ea-eb15-436e-a53c-0a3159b1b282,2026-08-03T00:29:33+00:00,done,0,run_smoke_fail:TIMEOUT;METATESTER_HUNG;INCOMPLETE_RUNS,,D:\QM\reports\work_items\b40023ea-eb15-436e-a53c-0a3159b1b282\QM5_9940\20260802_235919\summary.json,True,d9f0d4c8fcf70eee58c3b26992d1adbac952df781db133623fe98d358bb3e93b,D:\QM\strategy_farm\logs\work_item_b40023ea-eb15-436e-a53c-0a3159b1b282.log,False,D:\QM\reports\work_items\b40023ea-eb15-436e-a53c-0a3159b1b282,FAIL,TIMEOUT|METATESTER_HUNG|INCOMPLETE_RUNS,0,,,,,,6,0,False,C:\QM\repo\framework\EAs\QM5_9940_ff-ha-ma-fractal-h1\sets\QM5_9940_ff-ha-ma-fractal-h1_USDJPY.DWX_H1_backtest.set,True,3e37bebd9f7e47d876e4685da84e5a5fc903dc61a683623d32ade715907b1c84,,,active,ff-ha-ma-fractal-h1,C:\QM\repo\framework\EAs\QM5_9940_ff-ha-ma-fractal-h1\QM5_9940_ff-ha-ma-fractal-h1.ex5,REPAIR_OR_PREFLIGHT_THEN_GOVERNED_CANARY,False,,,,Most recent row carrying a specific failure signature supplies the primary cause.
QM5_9992,EURGBP.DWX,INVALID_EVIDENCE_DEFECT,ONINIT_FAILED,12,12,0,0,1049f5b2-dee1-4e69-aa11-350e385bba69,2026-06-22T03:33:42+00:00,3dbec427-36b6-479e-8a7a-03eaa024f0c0,2026-06-19T12:14:44+00:00,failed,99,run_smoke_fail:ONINIT_FAILED;INCOMPLETE_RUNS,,,False,,D:\QM\strategy_farm\logs\work_item_3dbec427-36b6-479e-8a7a-03eaa024f0c0.log,False,D:\QM\reports\work_items\3dbec427-36b6-479e-8a7a-03eaa024f0c0,,,,,,,,,0,0,False,C:\QM\repo\framework\EAs\QM5_9992_ff-rsi-cci-4555\sets\QM5_9992_ff-rsi-cci-4555_EURGBP.DWX_M5_backtest.set,True,fac524abddcb2be382f2bae36cefb21006f3e4dbbfa7e25087c2c0c2ac33e18c,,,active,ff-rsi-cci-4555,C:\QM\repo\framework\EAs\QM5_9992_ff-rsi-cci-4555\QM5_9992_ff-rsi-cci-4555.ex5,REPAIR_OR_PREFLIGHT_THEN_GOVERNED_CANARY,False,,,,Most recent row carrying a specific failure signature supplies the primary cause.
QM5_9992,EURUSD.DWX,UNCLEAR,SUMMARY_MISSING_NO_ROW_BOUND_AGGREGATE,12,12,0,0,24798410-97da-450c-84e7-668d6dd5f833,2026-06-22T20:33:41+00:00,24798410-97da-450c-84e7-668d6dd5f833,2026-06-22T20:33:41+00:00,failed,2,summary_missing_retries_exhausted,summary_missing_retries_exhausted,,False,,D:\QM\strategy_farm\logs\work_item_24798410-97da-450c-84e7-668d6dd5f833.log,False,D:\QM\reports\work_items\24798410-97da-450c-84e7-668d6dd5f833,,,,,,,,,0,0,False,C:\QM\repo\framework\EAs\QM5_9992_ff-rsi-cci-4555\sets\QM5_9992_ff-rsi-cci-4555_EURUSD.DWX_M5_backtest.set,True,2c9629304e31cf19026ae7d83b5c1a45d99c74671d28e85ac7af5ab674383136,,,active,ff-rsi-cci-4555,C:\QM\repo\framework\EAs\QM5_9992_ff-rsi-cci-4555\QM5_9992_ff-rsi-cci-4555.ex5,FORENSIC_REVIEW_NO_REQUEUE,False,,,,Only generic summary-missing history remains; no readable row-bound aggregate or specific failure signature.
QM5_9992,GBPUSD.DWX,INVALID_EVIDENCE_DEFECT,ONINIT_FAILED,12,12,0,0,0a9415c0-5a12-42b0-b475-0031bc3f5a76,2026-06-22T14:07:53+00:00,db002d8d-37a1-4e17-868e-b5a125ee3d76,2026-06-19T12:51:09+00:00,failed,99,run_smoke_fail:ONINIT_FAILED;INCOMPLETE_RUNS,,,False,,D:\QM\strategy_farm\logs\work_item_db002d8d-37a1-4e17-868e-b5a125ee3d76.log,False,D:\QM\reports\work_items\db002d8d-37a1-4e17-868e-b5a125ee3d76,,,,,,,,,0,0,False,C:\QM\repo\framework\EAs\QM5_9992_ff-rsi-cci-4555\sets\QM5_9992_ff-rsi-cci-4555_GBPUSD.DWX_M5_backtest.set,True,cda6b31263416aace81eb26e63e5581fb4a9a10a2ea375984dee2c872e8313bf,,,active,ff-rsi-cci-4555,C:\QM\repo\framework\EAs\QM5_9992_ff-rsi-cci-4555\QM5_9992_ff-rsi-cci-4555.ex5,REPAIR_OR_PREFLIGHT_THEN_GOVERNED_CANARY,False,,,,Most recent row carrying a specific failure signature supplies the primary cause.
QM5_9992,USDJPY.DWX,UNCLEAR,SUMMARY_MISSING_NO_ROW_BOUND_AGGREGATE,12,12,0,0,0d2b08c2-1c71-4868-9204-3e53a60043cc,2026-06-22T04:35:52+00:00,0d2b08c2-1c71-4868-9204-3e53a60043cc,2026-06-22T04:35:52+00:00,failed,2,summary_missing_retries_exhausted,summary_missing_retries_exhausted,,False,,D:\QM\strategy_farm\logs\work_item_0d2b08c2-1c71-4868-9204-3e53a60043cc.log,False,D:\QM\reports\work_items\0d2b08c2-1c71-4868-9204-3e53a60043cc,,,,,,,,,0,0,False,C:\QM\repo\framework\EAs\QM5_9992_ff-rsi-cci-4555\sets\QM5_9992_ff-rsi-cci-4555_USDJPY.DWX_M5_backtest.set,True,ac29566483d0fb676371c24e1a9fc546600eb3773c97b69538d6b979382e73a7,,,active,ff-rsi-cci-4555,C:\QM\repo\framework\EAs\QM5_9992_ff-rsi-cci-4555\QM5_9992_ff-rsi-cci-4555.ex5,FORENSIC_REVIEW_NO_REQUEUE,False,,,,Only generic summary-missing history remains; no readable row-bound aggregate or specific failure signature.
QM5_10000,EURUSD.DWX,INVALID_EVIDENCE_DEFECT,ONINIT_FAILED,13,13,0,0,b6313fe4-c42a-43a4-8667-1ccd25ef3ded,2026-07-28T11:59:26+00:00,b6313fe4-c42a-43a4-8667-1ccd25ef3ded,2026-07-28T11:59:26+00:00,done,0,run_smoke_fail:ONINIT_FAILED;INCOMPLETE_RUNS,,D:\QM\reports\work_items\b6313fe4-c42a-43a4-8667-1ccd25ef3ded\QM5_10000\20260728_115429\summary.json,True,b7e0979030c83ec42165f46c31896fb01cd735edff661fc63f6cdebf223e9fe4,D:\QM\strategy_farm\logs\work_item_b6313fe4-c42a-43a4-8667-1ccd25ef3ded.log,False,D:\QM\reports\work_items\b6313fe4-c42a-43a4-8667-1ccd25ef3ded,FAIL,ONINIT_FAILED|INCOMPLETE_RUNS,0,,,,,,1,0,False,C:\QM\repo\framework\EAs\QM5_10000_ff-tasayc-cci-breakout\sets\QM5_10000_ff-tasayc-cci-breakout_EURUSD.DWX_H1_backtest.set,True,c4aa4ec001fb52c2b3d5868bd7a9700731801830fa760bab1a1b5906a294ffba,,,active,ff-tasayc-cci-breakout,C:\QM\repo\framework\EAs\QM5_10000_ff-tasayc-cci-breakout\QM5_10000_ff-tasayc-cci-breakout.ex5,REPAIR_OR_PREFLIGHT_THEN_GOVERNED_CANARY,False,,,,Most recent row carrying a specific failure signature supplies the primary cause.
QM5_10001,GBPJPY.DWX,INVALID_EVIDENCE_DEFECT,TIMEOUT_METATESTER_HUNG,14,14,0,0,f9261c78-302c-4bd8-ae00-f75b2031e9ec,2026-07-21T17:04:42.564232+00:00,f9261c78-302c-4bd8-ae00-f75b2031e9ec,2026-07-21T17:04:42.564232+00:00,done,0,run_smoke_fail:TIMEOUT;METATESTER_HUNG;INCOMPLETE_RUNS,,D:\QM\reports\work_items\f9261c78-302c-4bd8-ae00-f75b2031e9ec\QM5_10001\20260710_035051\summary.json,True,8eff6d98552df0731cd53cdbea84952c6df34a4332f99ba376625d320ea80149,D:\QM\strategy_farm\logs\work_item_f9261c78-302c-4bd8-ae00-f75b2031e9ec.log,False,D:\QM\reports\work_items\f9261c78-302c-4bd8-ae00-f75b2031e9ec,FAIL,TIMEOUT|METATESTER_HUNG|INCOMPLETE_RUNS,0,,,,,,1,0,False,C:\QM\repo\framework\EAs\QM5_10001_ff-static-fib-open\sets\QM5_10001_ff-static-fib-open_GBPJPY.DWX_M15_backtest.set,True,3a2f605737306ed2e58e4745487fcf5ecaa6f18024aa484c1d6d52dc7d8193fa,,,active,ff-static-fib-open,C:\QM\repo\framework\EAs\QM5_10001_ff-static-fib-open\QM5_10001_ff-static-fib-open.ex5,REPAIR_OR_PREFLIGHT_THEN_GOVERNED_CANARY,False,,,,Most recent row carrying a specific failure signature supplies the primary cause.
QM5_10001,GBPUSD.DWX,INVALID_EVIDENCE_DEFECT,TIMEOUT_METATESTER_HUNG,14,14,0,0,f8ef8557-29ea-44d4-a238-14d2907639ee,2026-07-21T17:04:42.564232+00:00,64ffd2ce-36ba-43a4-ba9d-2b36d3b2f0e6,2026-07-21T17:04:42.564232+00:00,done,0,run_smoke_fail:TIMEOUT;METATESTER_HUNG;INCOMPLETE_RUNS,,D:\QM\reports\work_items\64ffd2ce-36ba-43a4-ba9d-2b36d3b2f0e6\QM5_10001\20260710_021708\summary.json,True,a627b8e2db073df9ea54fe301c68994edb13dadb41ba2119b8d453d62691d7cd,D:\QM\strategy_farm\logs\work_item_64ffd2ce-36ba-43a4-ba9d-2b36d3b2f0e6.log,False,D:\QM\reports\work_items\64ffd2ce-36ba-43a4-ba9d-2b36d3b2f0e6,FAIL,TIMEOUT|METATESTER_HUNG|INCOMPLETE_RUNS,0,,,,,,1,0,False,C:\QM\repo\framework\EAs\QM5_10001_ff-static-fib-open\sets\QM5_10001_ff-static-fib-open_GBPUSD.DWX_M15_backtest.set,True,a1faf49f982ed8522631345a01dd8fb6ba1220b78571019b0176beeb89d2d33d,,,active,ff-static-fib-open,C:\QM\repo\framework\EAs\QM5_10001_ff-static-fib-open\QM5_10001_ff-static-fib-open.ex5,REPAIR_OR_PREFLIGHT_THEN_GOVERNED_CANARY,False,,,,Most recent row carrying a specific failure signature supplies the primary cause.
QM5_10001,USDJPY.DWX,INVALID_EVIDENCE_DEFECT,NO_HISTORY_TRANSIENT,14,14,0,0,fe1aed09-5068-469f-8a96-46ccc8dabc50,2026-07-21T17:04:42.564232+00:00,4f79476d-dfb8-40c5-b5fa-09543d3c17d8,2026-07-21T17:04:42.564232+00:00,done,0,run_smoke_fail:NO_HISTORY;INCOMPLETE_RUNS,,D:\QM\reports\work_items\4f79476d-dfb8-40c5-b5fa-09543d3c17d8\QM5_10001\20260619_054908\summary.json,False,,D:\QM\strategy_farm\logs\work_item_4f79476d-dfb8-40c5-b5fa-09543d3c17d8.log,False,D:\QM\reports\work_items\4f79476d-dfb8-40c5-b5fa-09543d3c17d8,,,,,,,,,1,0,False,C:\QM\repo\framework\EAs\QM5_10001_ff-static-fib-open\sets\QM5_10001_ff-static-fib-open_USDJPY.DWX_M15_backtest.set,True,d2ed7ea1870aab3b8721f38832c53e4bb30312a32a3340ea20bce86ac8f4441b,,,active,ff-static-fib-open,C:\QM\repo\framework\EAs\QM5_10001_ff-static-fib-open\QM5_10001_ff-static-fib-open.ex5,REPAIR_OR_PREFLIGHT_THEN_GOVERNED_CANARY,False,,,,Most recent row carrying a specific failure signature supplies the primary cause.
QM5_10008,GBPUSD.DWX,INVALID_EVIDENCE_DEFECT,ONINIT_FAILED,12,12,0,0,0f647bf2-23d3-4ce4-83e1-4c615a1feb39,2026-06-22T18:29:55+00:00,54ca638d-c63c-42b0-ade5-791fb514e2a0,2026-06-19T21:01:48+00:00,failed,99,run_smoke_fail:ONINIT_FAILED;INCOMPLETE_RUNS,,,False,,D:\QM\strategy_farm\logs\work_item_54ca638d-c63c-42b0-ade5-791fb514e2a0.log,False,D:\QM\reports\work_items\54ca638d-c63c-42b0-ade5-791fb514e2a0,,,,,,,,,0,0,False,C:\QM\repo\framework\EAs\QM5_10008_ff-sd-first-touch-h1\sets\QM5_10008_ff-sd-first-touch-h1_GBPUSD.DWX_H1_backtest.set,True,2b4a3e9ad0a13b00b7e1020e05a57b5b2ef18191e8292f69c23cb12da24b67ca,,,active,ff-sd-first-touch-h1,C:\QM\repo\framework\EAs\QM5_10008_ff-sd-first-touch-h1\QM5_10008_ff-sd-first-touch-h1.ex5,REPAIR_OR_PREFLIGHT_THEN_GOVERNED_CANARY,False,,,,Most recent row carrying a specific failure signature supplies the primary cause.
QM5_10016,AUDJPY.DWX,INVALID_EVIDENCE_DEFECT,ACTIVE_TIMEOUT,12,12,0,0,09cdbb9a-c715-4e13-8faa-0ddf7565fafe,2026-07-29T12:18:03+00:00,09cdbb9a-c715-4e13-8faa-0ddf7565fafe,2026-07-29T12:18:03+00:00,failed,0,ACTIVE_TIMEOUT,summary_missing_retries_exhausted,D:\QM\strategy_farm\logs\work_item_09cdbb9a-c715-4e13-8faa-0ddf7565fafe.log,False,,D:\QM\strategy_farm\logs\work_item_09cdbb9a-c715-4e13-8faa-0ddf7565fafe.log,False,D:\QM\reports\work_items\09cdbb9a-c715-4e13-8faa-0ddf7565fafe,,,,,,,,,0,0,False,C:\QM\repo\framework\EAs\QM5_10016_ff-ema100-bb-tdi-h1\sets\QM5_10016_ff-ema100-bb-tdi-h1_AUDJPY.DWX_H1_backtest.set,True,6e2175dd63bf26eb66d762ef4547a1f132e24223a070f0fe9d63906bba977396,,,active,ff-ema100-bb-tdi-h1,C:\QM\repo\framework\EAs\QM5_10016_ff-ema100-bb-tdi-h1\QM5_10016_ff-ema100-bb-tdi-h1.ex5,REPAIR_OR_PREFLIGHT_THEN_GOVERNED_CANARY,False,,,,Most recent row carrying a specific failure signature supplies the primary cause.
QM5_10016,GBPUSD.DWX,INVALID_EVIDENCE_DEFECT,ACTIVE_TIMEOUT,12,12,0,0,0718988b-0ec8-481c-87e1-3d358b0e9e0f,2026-07-29T12:18:03+00:00,0718988b-0ec8-481c-87e1-3d358b0e9e0f,2026-07-29T12:18:03+00:00,failed,0,ACTIVE_TIMEOUT,summary_missing_retries_exhausted,D:\QM\strategy_farm\logs\work_item_0718988b-0ec8-481c-87e1-3d358b0e9e0f.log,False,,D:\QM\strategy_farm\logs\work_item_0718988b-0ec8-481c-87e1-3d358b0e9e0f.log,False,D:\QM\reports\work_items\0718988b-0ec8-481c-87e1-3d358b0e9e0f,,,,,,,,,0,0,False,C:\QM\repo\framework\EAs\QM5_10016_ff-ema100-bb-tdi-h1\sets\QM5_10016_ff-ema100-bb-tdi-h1_GBPUSD.DWX_H1_backtest.set,True,a8cb5e54f6416450a5da85bc91cac54a02bc45c0b1e448d0702da01f60260491,,,active,ff-ema100-bb-tdi-h1,C:\QM\repo\framework\EAs\QM5_10016_ff-ema100-bb-tdi-h1\QM5_10016_ff-ema100-bb-tdi-h1.ex5,REPAIR_OR_PREFLIGHT_THEN_GOVERNED_CANARY,False,,,,Most recent row carrying a specific failure signature supplies the primary cause.
QM5_10016,XAUUSD.DWX,INVALID_EVIDENCE_DEFECT,ACTIVE_TIMEOUT,12,12,0,0,0c5d31f9-f3ca-4351-bd21-e3ec85c75660,2026-07-29T12:18:03+00:00,0c5d31f9-f3ca-4351-bd21-e3ec85c75660,2026-07-29T12:18:03+00:00,failed,0,ACTIVE_TIMEOUT,summary_missing_retries_exhausted,D:\QM\strategy_farm\logs\work_item_0c5d31f9-f3ca-4351-bd21-e3ec85c75660.log,False,,D:\QM\strategy_farm\logs\work_item_0c5d31f9-f3ca-4351-bd21-e3ec85c75660.log,False,D:\QM\reports\work_items\0c5d31f9-f3ca-4351-bd21-e3ec85c75660,,,,,,,,,0,0,False,C:\QM\repo\framework\EAs\QM5_10016_ff-ema100-bb-tdi-h1\sets\QM5_10016_ff-ema100-bb-tdi-h1_XAUUSD.DWX_H1_backtest.set,True,8f7259c70d559d12fd19c4a74fd25e936a7ede77fa94fc86a2995cf3302b9ef6,,,active,ff-ema100-bb-tdi-h1,C:\QM\repo\framework\EAs\QM5_10016_ff-ema100-bb-tdi-h1\QM5_10016_ff-ema100-bb-tdi-h1.ex5,REPAIR_OR_PREFLIGHT_THEN_GOVERNED_CANARY,False,,,,Most recent row carrying a specific failure signature supplies the primary cause.
QM5_10037,NDX.DWX,INVALID_EVIDENCE_DEFECT,ONINIT_FAILED,13,13,0,0,5cb6caf5-8534-4734-947b-708bce7c1042,2026-07-29T12:18:03+00:00,959e1d77-168e-4f55-a00d-77506fa19f85,2026-07-27T23:19:32+00:00,done,0,run_smoke_fail:ONINIT_FAILED;INCOMPLETE_RUNS,summary_missing_retries_exhausted,D:\QM\reports\work_items\959e1d77-168e-4f55-a00d-77506fa19f85\QM5_10037\20260727_231728\summary.json,True,86d8c521b3f0cbeebf7e9c373b9896c4f4af593af3d63679e1e710f5ad1dbcd4,D:\QM\strategy_farm\logs\work_item_959e1d77-168e-4f55-a00d-77506fa19f85.log,False,D:\QM\reports\work_items\959e1d77-168e-4f55-a00d-77506fa19f85,FAIL,ONINIT_FAILED|INCOMPLETE_RUNS,0,,,,,,1,0,False,C:\QM\repo\framework\EAs\QM5_10037_rw-caa-mvo\sets\QM5_10037_rw-caa-mvo_NDX.DWX_D1_backtest.set,True,e838f0ef1d0b8c550aa33835bed02fc67772d117bc2924cac8e29eb99ab4e87f,,,active,rw-caa-mvo,C:\QM\repo\framework\EAs\QM5_10037_rw-caa-mvo\QM5_10037_rw-caa-mvo.ex5,REPAIR_OR_PREFLIGHT_THEN_GOVERNED_CANARY,False,,,,Most recent row carrying a specific failure signature supplies the primary cause.
QM5_10062,NDX.DWX,INVALID_EVIDENCE_DEFECT,ONINIT_FAILED,12,12,0,0,37414083-1ae3-43a5-800b-ced04c9b647a,2026-07-27T23:21:35+00:00,37414083-1ae3-43a5-800b-ced04c9b647a,2026-07-27T23:21:35+00:00,done,0,run_smoke_fail:ONINIT_FAILED;INCOMPLETE_RUNS,summary_missing_retries_exhausted,D:\QM\reports\work_items\37414083-1ae3-43a5-800b-ced04c9b647a\QM5_10062\20260727_231933\summary.json,True,0601e1ffd9c4fe9bb9833d3e56b23a25902e95e8a954365a307b96df1587ead4,D:\QM\strategy_farm\logs\work_item_37414083-1ae3-43a5-800b-ced04c9b647a.log,False,D:\QM\reports\work_items\37414083-1ae3-43a5-800b-ced04c9b647a,FAIL,ONINIT_FAILED|INCOMPLETE_RUNS,0,,,,,,1,0,False,C:\QM\repo\framework\EAs\QM5_10062_connors-cvr1-d1\sets\QM5_10062_connors-cvr1-d1_NDX.DWX_D1_backtest.set,True,4956d728f00a6f63af95081303bc742a0076d76269a5b0ee05d92f1c550f1bf2,,,active,connors-cvr1-d1,C:\QM\repo\framework\EAs\QM5_10062_connors-cvr1-d1\QM5_10062_connors-cvr1-d1.ex5,REPAIR_OR_PREFLIGHT_THEN_GOVERNED_CANARY,False,,,,Most recent row carrying a specific failure signature supplies the primary cause.
QM5_10078,EURUSD.DWX,INVALID_EVIDENCE_DEFECT,ACTIVE_TIMEOUT,12,12,0,0,071232fd-813e-4081-a1d1-1fca22c30d44,2026-07-29T12:18:03+00:00,071232fd-813e-4081-a1d1-1fca22c30d44,2026-07-29T12:18:03+00:00,failed,0,ACTIVE_TIMEOUT,summary_missing_retries_exhausted,D:\QM\strategy_farm\logs\work_item_071232fd-813e-4081-a1d1-1fca22c30d44.log,False,,D:\QM\strategy_farm\logs\work_item_071232fd-813e-4081-a1d1-1fca22c30d44.log,False,D:\QM\reports\work_items\071232fd-813e-4081-a1d1-1fca22c30d44,,,,,,,,,0,0,False,C:\QM\repo\framework\EAs\QM5_10078_gh-rfv-ma-rsi\sets\QM5_10078_gh-rfv-ma-rsi_EURUSD.DWX_M15_backtest.set,True,2caac7acd70bb43badd90c0f6050ac3a609c60262665224a6f94540b57ac6ad0,,,active,gh-rfv-ma-rsi,C:\QM\repo\framework\EAs\QM5_10078_gh-rfv-ma-rsi\QM5_10078_gh-rfv-ma-rsi.ex5,REPAIR_OR_PREFLIGHT_THEN_GOVERNED_CANARY,False,,,,Most recent row carrying a specific failure signature supplies the primary cause.
QM5_10082,GDAXI.DWX,INVALID_EVIDENCE_DEFECT,ACTIVE_TIMEOUT,12,12,0,0,54eff91f-f81e-4284-b051-ca27fb081e7b,2026-07-29T12:18:03+00:00,54eff91f-f81e-4284-b051-ca27fb081e7b,2026-07-29T12:18:03+00:00,failed,0,ACTIVE_TIMEOUT,summary_missing_retries_exhausted,D:\QM\strategy_farm\logs\work_item_54eff91f-f81e-4284-b051-ca27fb081e7b.log,False,,D:\QM\strategy_farm\logs\work_item_54eff91f-f81e-4284-b051-ca27fb081e7b.log,False,D:\QM\reports\work_items\54eff91f-f81e-4284-b051-ca27fb081e7b,,,,,,,,,0,0,False,C:\QM\repo\framework\EAs\QM5_10082_gh-dax-adxday\sets\QM5_10082_gh-dax-adxday_GDAXI.DWX_M15_backtest.set,True,22a925bd5696b2c10d93d6666239bbcb1f0aba34417fed78b52e7441ce702581,,,active,gh-dax-adxday,C:\QM\repo\framework\EAs\QM5_10082_gh-dax-adxday\QM5_10082_gh-dax-adxday.ex5,REPAIR_OR_PREFLIGHT_THEN_GOVERNED_CANARY,False,,,,Most recent row carrying a specific failure signature supplies the primary cause.
QM5_10088,EURUSD.DWX,INVALID_EVIDENCE_DEFECT,ACTIVE_TIMEOUT,12,12,0,0,73113bd0-06c3-4c0b-876c-39f653d85670,2026-07-29T12:18:03+00:00,73113bd0-06c3-4c0b-876c-39f653d85670,2026-07-29T12:18:03+00:00,failed,0,ACTIVE_TIMEOUT,summary_missing_retries_exhausted,D:\QM\strategy_farm\logs\work_item_73113bd0-06c3-4c0b-876c-39f653d85670.log,False,,D:\QM\strategy_farm\logs\work_item_73113bd0-06c3-4c0b-876c-39f653d85670.log,False,D:\QM\reports\work_items\73113bd0-06c3-4c0b-876c-39f653d85670,,,,,,,,,0,0,False,C:\QM\repo\framework\EAs\QM5_10088_mql5-hammer-rsi\sets\QM5_10088_mql5-hammer-rsi_EURUSD.DWX_H1_backtest.set,True,266cfa04ca1220011186c64f06f1f968eaf3ce9de1058cb990c6413c2028f410,,,active,mql5-hammer-rsi,C:\QM\repo\framework\EAs\QM5_10088_mql5-hammer-rsi\QM5_10088_mql5-hammer-rsi.ex5,REPAIR_OR_PREFLIGHT_THEN_GOVERNED_CANARY,False,,,,Most recent row carrying a specific failure signature supplies the primary cause.
QM5_10098,EURUSD.DWX,INVALID_EVIDENCE_DEFECT,ACTIVE_TIMEOUT,12,12,0,0,15fa00a8-168c-46c0-99a8-96f6ec386e47,2026-07-29T12:18:03+00:00,15fa00a8-168c-46c0-99a8-96f6ec386e47,2026-07-29T12:18:03+00:00,failed,1,ACTIVE_TIMEOUT,summary_missing_retries_exhausted,D:\QM\reports\work_items\15fa00a8-168c-46c0-99a8-96f6ec386e47\QM5_10098\20260728_033423\summary.json,True,40f29521890c0b45831c2b55e09d65d107c7c752faca07a32c033c0b17c57193,D:\QM\strategy_farm\logs\work_item_15fa00a8-168c-46c0-99a8-96f6ec386e47.log,False,D:\QM\reports\work_items\15fa00a8-168c-46c0-99a8-96f6ec386e47,FAIL,BARS_ZERO|NO_HISTORY|INCOMPLETE_RUNS,0,,,,,,1,0,False,C:\QM\repo\framework\EAs\QM5_10098_mql5-memory\sets\QM5_10098_mql5-memory_EURUSD.DWX_M15_backtest.set,True,dd98164b2a6c6611038ea9493686aaa8af633fbbcf38d1e3b137d3b95f472e6e,,,active,mql5-memory,C:\QM\repo\framework\EAs\QM5_10098_mql5-memory\QM5_10098_mql5-memory.ex5,REPAIR_OR_PREFLIGHT_THEN_GOVERNED_CANARY,False,,,,Most recent row carrying a specific failure signature supplies the primary cause.
QM5_10147,EURCAD.DWX,INVALID_EVIDENCE_DEFECT,BARS_ZERO,12,12,0,0,44023000-f837-4323-be2e-442c353ca2e8,2026-07-28T08:49:56+00:00,44023000-f837-4323-be2e-442c353ca2e8,2026-07-28T08:49:56+00:00,failed,3,cold_cache_retries_exhausted:BARS_ZERO,cold_cache_retries_exhausted,D:\QM\reports\work_items\44023000-f837-4323-be2e-442c353ca2e8\QM5_10147\20260728_084159\summary.json,True,1c088a517b3af7a8bc1701ac5b29a5fb127a04842985fed54a02041dff29252f,,False,D:\QM\reports\work_items\44023000-f837-4323-be2e-442c353ca2e8,FAIL,BARS_ZERO|INCOMPLETE_RUNS,0,,,,,,1,0,False,C:\QM\repo\framework\EAs\QM5_10147_tii-momentum\sets\QM5_10147_tii-momentum_EURCAD.DWX_D1_backtest.set,True,84b51c358cfc14dd8eefbea90205a937acb2359f3f100b01102841c58f019d55,,,active,tii-momentum,C:\QM\repo\framework\EAs\QM5_10147_tii-momentum\QM5_10147_tii-momentum.ex5,REPAIR_OR_PREFLIGHT_THEN_GOVERNED_CANARY,False,,,,Most recent row carrying a specific failure signature supplies the primary cause.
QM5_10147,NDX.DWX,INVALID_EVIDENCE_DEFECT,ONINIT_FAILED,12,12,0,0,30367366-c6b7-4d84-bf96-016f65899b50,2026-07-27T23:23:42+00:00,30367366-c6b7-4d84-bf96-016f65899b50,2026-07-27T23:23:42+00:00,done,0,run_smoke_fail:ONINIT_FAILED;INCOMPLETE_RUNS,summary_missing_retries_exhausted,D:\QM\reports\work_items\30367366-c6b7-4d84-bf96-016f65899b50\QM5_10147\20260727_232137\summary.json,True,68520b05e44f90921723bc28b876b0085f5b164934f03fc9464faad330b23a48,D:\QM\strategy_farm\logs\work_item_30367366-c6b7-4d84-bf96-016f65899b50.log,False,D:\QM\reports\work_items\30367366-c6b7-4d84-bf96-016f65899b50,FAIL,ONINIT_FAILED|INCOMPLETE_RUNS,0,,,,,,1,0,False,C:\QM\repo\framework\EAs\QM5_10147_tii-momentum\sets\QM5_10147_tii-momentum_NDX.DWX_D1_backtest.set,True,4ebee5a38c4b757544e033aef14d7b1c18725d7e5900dc7e51dd43e57d80a7a1,,,active,tii-momentum,C:\QM\repo\framework\EAs\QM5_10147_tii-momentum\QM5_10147_tii-momentum.ex5,REPAIR_OR_PREFLIGHT_THEN_GOVERNED_CANARY,False,,,,Most recent row carrying a specific failure signature supplies the primary cause.
QM5_10147,XNGUSD.DWX,INVALID_EVIDENCE_DEFECT,LOG_BOMB,12,12,0,0,9b9d131e-b387-4912-b2cb-494d9c1884f3,2026-07-27T23:49:53+00:00,9b9d131e-b387-4912-b2cb-494d9c1884f3,2026-07-27T23:49:53+00:00,done,0,run_smoke_fail:LOG_BOMB;INCOMPLETE_RUNS,summary_missing_retries_exhausted,D:\QM\reports\work_items\9b9d131e-b387-4912-b2cb-494d9c1884f3\QM5_10147\20260727_234931\summary.json,True,4e9bc1a23481ce32022fdb5d0af4422c74b68e1112bf62d51fe7c5ba9d439264,D:\QM\strategy_farm\logs\work_item_9b9d131e-b387-4912-b2cb-494d9c1884f3.log,False,D:\QM\reports\work_items\9b9d131e-b387-4912-b2cb-494d9c1884f3,FAIL,LOG_BOMB|INCOMPLETE_RUNS,0,,,,,,1,0,False,C:\QM\repo\framework\EAs\QM5_10147_tii-momentum\sets\QM5_10147_tii-momentum_XNGUSD.DWX_D1_backtest.set,True,5fcdc6567bc8306e4a74ddc4aa8ca0fba252469da58831a77008b4bc6486fdf0,,,active,tii-momentum,C:\QM\repo\framework\EAs\QM5_10147_tii-momentum\QM5_10147_tii-momentum.ex5,REPAIR_OR_PREFLIGHT_THEN_GOVERNED_CANARY,False,,,,Most recent row carrying a specific failure signature supplies the primary cause.
QM5_10147,XTIUSD.DWX,INVALID_EVIDENCE_DEFECT,LOG_BOMB,12,12,0,0,adbcbf88-f96c-4427-a629-06818030e265,2026-07-27T23:50:24+00:00,adbcbf88-f96c-4427-a629-06818030e265,2026-07-27T23:50:24+00:00,done,0,run_smoke_fail:LOG_BOMB;INCOMPLETE_RUNS,summary_missing_retries_exhausted,D:\QM\reports\work_items\adbcbf88-f96c-4427-a629-06818030e265\QM5_10147\20260727_235002\summary.json,True,2f1972bb2f2bdc57bedecde5f2b1cd8e7dadfaf66ec84ad49ef465ff049affdb,D:\QM\strategy_farm\logs\work_item_adbcbf88-f96c-4427-a629-06818030e265.log,False,D:\QM\reports\work_items\adbcbf88-f96c-4427-a629-06818030e265,FAIL,LOG_BOMB|INCOMPLETE_RUNS,0,,,,,,1,0,False,C:\QM\repo\framework\EAs\QM5_10147_tii-momentum\sets\QM5_10147_tii-momentum_XTIUSD.DWX_D1_backtest.set,True,a71d7c7e8b103d2f9635942ce52f42303dfa6061e0e8369300e3888b48e82d5e,,,active,tii-momentum,C:\QM\repo\framework\EAs\QM5_10147_tii-momentum\QM5_10147_tii-momentum.ex5,REPAIR_OR_PREFLIGHT_THEN_GOVERNED_CANARY,False,,,,Most recent row carrying a specific failure signature supplies the primary cause.
QM5_10189,NDX.DWX,INVALID_EVIDENCE_DEFECT,NO_HISTORY_TRANSIENT,12,12,0,0,298130ed-7e85-4863-8a31-07de88584c36,2026-08-07T16:35:49+00:00,298130ed-7e85-4863-8a31-07de88584c36,2026-08-07T16:35:49+00:00,failed,3,cold_cache_retries_exhausted:BARS_ZERO,cold_cache_retries_exhausted,D:\QM\reports\work_items\298130ed-7e85-4863-8a31-07de88584c36\QM5_10189\20260807_163401\summary.json,True,a47223635b242bde8f453b3fd52f38cfc7f23927b7667f45db3b9e690230e11a,,False,D:\QM\reports\work_items\298130ed-7e85-4863-8a31-07de88584c36,FAIL,BARS_ZERO|NO_HISTORY|INCOMPLETE_RUNS,0,,,,,,6,0,True,C:\QM\repo\framework\EAs\QM5_10189_tv-piv-vwap-brk\sets\QM5_10189_tv-piv-vwap-brk_NDX.DWX_H1_backtest.set,True,1e5b0e62a16ea4136bf7bd620373b2a48def86e0e8f1abe8a0dbf54086ca3dd4,,,active,tv-piv-vwap-brk,C:\QM\repo\framework\EAs\QM5_10189_tv-piv-vwap-brk\QM5_10189_tv-piv-vwap-brk.ex5,REPAIR_OR_PREFLIGHT_THEN_GOVERNED_CANARY,False,,,,Most recent row carrying a specific failure signature supplies the primary cause.
QM5_10234,NDX.DWX,INVALID_EVIDENCE_DEFECT,NO_HISTORY_TRANSIENT,12,12,0,0,6f44d27f-a087-4474-a553-2afe947efacf,2026-07-28T05:07:48+00:00,6f44d27f-a087-4474-a553-2afe947efacf,2026-07-28T05:07:48+00:00,failed,3,cold_cache_retries_exhausted:NO_HISTORY,cold_cache_retries_exhausted,D:\QM\reports\work_items\6f44d27f-a087-4474-a553-2afe947efacf\QM5_10234\20260728_045908\summary.json,True,a1ecc78c75e26852e893c87098cbf61bfc4168894c3ec71d68392a9521609406,,False,D:\QM\reports\work_items\6f44d27f-a087-4474-a553-2afe947efacf,FAIL,NO_HISTORY|INCOMPLETE_RUNS,0,,,,,,1,0,False,C:\QM\repo\framework\EAs\QM5_10234_tv-rsi-atr-band\sets\QM5_10234_tv-rsi-atr-band_NDX.DWX_M15_backtest.set,True,afc52d5e9f5a8b81daf98d309d5060e10ec04b48d6ff7883c91383c08002ad4e,,,active,tv-rsi-atr-band,C:\QM\repo\framework\EAs\QM5_10234_tv-rsi-atr-band\QM5_10234_tv-rsi-atr-band.ex5,REPAIR_OR_PREFLIGHT_THEN_GOVERNED_CANARY,False,,,,Most recent row carrying a specific failure signature supplies the primary cause.
QM5_10253,NDX.DWX,INVALID_EVIDENCE_DEFECT,ACTIVE_TIMEOUT,12,12,0,0,246a194d-04fd-44f3-acd0-472628ddaad7,2026-07-29T12:18:03+00:00,246a194d-04fd-44f3-acd0-472628ddaad7,2026-07-29T12:18:03+00:00,failed,1,ACTIVE_TIMEOUT,summary_missing_retries_exhausted,D:\QM\reports\work_items\246a194d-04fd-44f3-acd0-472628ddaad7\QM5_10253\20260728_014551\summary.json,True,f5b2b401b065476e9e2e636e2476bc557dbea8431299a58ea70e2bd0750c0383,D:\QM\strategy_farm\logs\work_item_246a194d-04fd-44f3-acd0-472628ddaad7.log,False,D:\QM\reports\work_items\246a194d-04fd-44f3-acd0-472628ddaad7,FAIL,NO_HISTORY|INCOMPLETE_RUNS,0,,,,,,1,0,False,C:\QM\repo\framework\EAs\QM5_10253_tv-ifvg-sweep\sets\QM5_10253_tv-ifvg-sweep_NDX.DWX_M15_backtest.set,True,9e387b89355706fad4bf024fc9762b3b575bbf2ff8dedc3afdf920b05d8ced8a,,,active,tv-ifvg-sweep,C:\QM\repo\framework\EAs\QM5_10253_tv-ifvg-sweep\QM5_10253_tv-ifvg-sweep.ex5,REPAIR_OR_PREFLIGHT_THEN_GOVERNED_CANARY,False,,,,Most recent row carrying a specific failure signature supplies the primary cause.
QM5_10255,EURUSD.DWX,INVALID_EVIDENCE_DEFECT,ACTIVE_TIMEOUT,12,12,0,0,296c2e10-4561-4063-b981-d514c1ca52a4,2026-07-29T12:18:03+00:00,296c2e10-4561-4063-b981-d514c1ca52a4,2026-07-29T12:18:03+00:00,failed,1,ACTIVE_TIMEOUT,summary_missing_retries_exhausted,D:\QM\reports\work_items\296c2e10-4561-4063-b981-d514c1ca52a4\QM5_10255\20260728_063732\summary.json,True,a631376e37f37d598672d6c3e9ea62eabc15b22673aa44810d7075533acc49d7,D:\QM\strategy_farm\logs\work_item_296c2e10-4561-4063-b981-d514c1ca52a4.log,False,D:\QM\reports\work_items\296c2e10-4561-4063-b981-d514c1ca52a4,FAIL,NO_HISTORY|INCOMPLETE_RUNS,0,,,,,,1,0,False,C:\QM\repo\framework\EAs\QM5_10255_tv-postopen-atr\sets\QM5_10255_tv-postopen-atr_EURUSD.DWX_M15_backtest.set,True,d6c74179ce0ea0cc183785cfc66e8a4ea96513265491b6db01b540d673688354,,,active,tv-postopen-atr,C:\QM\repo\framework\EAs\QM5_10255_tv-postopen-atr\QM5_10255_tv-postopen-atr.ex5,REPAIR_OR_PREFLIGHT_THEN_GOVERNED_CANARY,False,,,,Most recent row carrying a specific failure signature supplies the primary cause.
QM5_10255,NDX.DWX,INVALID_EVIDENCE_DEFECT,NO_HISTORY_TRANSIENT,12,12,0,0,ce1eaa3b-2042-4bcc-a31b-7f27facfdcfc,2026-07-28T10:29:30+00:00,ce1eaa3b-2042-4bcc-a31b-7f27facfdcfc,2026-07-28T10:29:30+00:00,failed,3,cold_cache_retries_exhausted:NO_HISTORY,cold_cache_retries_exhausted,D:\QM\reports\work_items\ce1eaa3b-2042-4bcc-a31b-7f27facfdcfc\QM5_10255\20260728_102151\summary.json,True,4bfb5c6e6489720a3bae7a4602ad985f3eaa949901946cf352e17c9470f4df68,,False,D:\QM\reports\work_items\ce1eaa3b-2042-4bcc-a31b-7f27facfdcfc,FAIL,NO_HISTORY|INCOMPLETE_RUNS,0,,,,,,1,0,False,C:\QM\repo\framework\EAs\QM5_10255_tv-postopen-atr\sets\QM5_10255_tv-postopen-atr_NDX.DWX_M15_backtest.set,True,b9a7a0e0eaecbddc943d8b514447d4192db50ed416a33ecb6fe97c712c419de5,,,active,tv-postopen-atr,C:\QM\repo\framework\EAs\QM5_10255_tv-postopen-atr\QM5_10255_tv-postopen-atr.ex5,REPAIR_OR_PREFLIGHT_THEN_GOVERNED_CANARY,False,,,,Most recent row carrying a specific failure signature supplies the primary cause.
QM5_10255,WS30.DWX,INVALID_EVIDENCE_DEFECT,ACTIVE_TIMEOUT,12,12,0,0,5cc1a7ad-ec2f-48b8-bce7-af08c931e8b4,2026-07-29T12:18:03+00:00,5cc1a7ad-ec2f-48b8-bce7-af08c931e8b4,2026-07-29T12:18:03+00:00,failed,0,ACTIVE_TIMEOUT,summary_missing_retries_exhausted,D:\QM\strategy_farm\logs\work_item_5cc1a7ad-ec2f-48b8-bce7-af08c931e8b4.log,False,,D:\QM\strategy_farm\logs\work_item_5cc1a7ad-ec2f-48b8-bce7-af08c931e8b4.log,False,D:\QM\reports\work_items\5cc1a7ad-ec2f-48b8-bce7-af08c931e8b4,,,,,,,,,0,0,False,C:\QM\repo\framework\EAs\QM5_10255_tv-postopen-atr\sets\QM5_10255_tv-postopen-atr_WS30.DWX_M15_backtest.set,True,e45c63fa2a9d446733e17f6c02819d3af4a2f91452081d21149c481b2f3c698e,,,active,tv-postopen-atr,C:\QM\repo\framework\EAs\QM5_10255_tv-postopen-atr\QM5_10255_tv-postopen-atr.ex5,REPAIR_OR_PREFLIGHT_THEN_GOVERNED_CANARY,False,,,,Most recent row carrying a specific failure signature supplies the primary cause.
QM5_10265,NDX.DWX,INVALID_EVIDENCE_DEFECT,ONINIT_FAILED,12,12,0,0,fff07b98-bdcf-4170-9e41-5359fe3f87fd,2026-07-27T22:52:16+00:00,fff07b98-bdcf-4170-9e41-5359fe3f87fd,2026-07-27T22:52:16+00:00,done,1,run_smoke_fail:ONINIT_FAILED;INCOMPLETE_RUNS,summary_missing_retries_exhausted,D:\QM\reports\work_items\fff07b98-bdcf-4170-9e41-5359fe3f87fd\QM5_10265\20260727_225014\summary.json,True,60563dfc268087fc09abb4c5be22b8fbd4eb73541bd87a85de68d7f1795478d0,D:\QM\strategy_farm\logs\work_item_fff07b98-bdcf-4170-9e41-5359fe3f87fd.log,False,D:\QM\reports\work_items\fff07b98-bdcf-4170-9e41-5359fe3f87fd,FAIL,ONINIT_FAILED|INCOMPLETE_RUNS,0,,,,,,1,0,True,C:\QM\repo\framework\EAs\QM5_10265_tv-or-psvr\sets\QM5_10265_tv-or-psvr_NDX.DWX_M5_backtest.set,True,bf8663dbeb0fe89568000fa72502d8f0dae77d7ceb3182f6f40fe57993658d25,,,active,tv-or-psvr,C:\QM\repo\framework\EAs\QM5_10265_tv-or-psvr\QM5_10265_tv-or-psvr.ex5,REPAIR_OR_PREFLIGHT_THEN_GOVERNED_CANARY,False,,,,Most recent row carrying a specific failure signature supplies the primary cause.
QM5_10268,NDX.DWX,INVALID_EVIDENCE_DEFECT,NO_HISTORY_TRANSIENT,12,12,0,0,32f5e842-0d41-4c8e-9ab0-6d8625f902a9,2026-07-28T01:26:49+00:00,32f5e842-0d41-4c8e-9ab0-6d8625f902a9,2026-07-28T01:26:49+00:00,failed,3,cold_cache_retries_exhausted:NO_HISTORY,cold_cache_retries_exhausted,D:\QM\reports\work_items\32f5e842-0d41-4c8e-9ab0-6d8625f902a9\QM5_10268\20260728_011828\summary.json,True,92581380dbaabcfdc30f8967d416cb4521dec82baf6666803c2b4408ff32fe67,,False,D:\QM\reports\work_items\32f5e842-0d41-4c8e-9ab0-6d8625f902a9,FAIL,NO_HISTORY|INCOMPLETE_RUNS,0,,,,,,1,0,False,C:\QM\repo\framework\EAs\QM5_10268_gawd-sma25-100-cross\sets\QM5_10268_gawd-sma25-100-cross_NDX.DWX_D1_backtest.set,True,95f1131d12f4e0306153b044c16fa9e4121f619e4b1bd538c4aa01fa8ebff8be,,,active,gawd-sma25-100-cross,C:\QM\repo\framework\EAs\QM5_10268_gawd-sma25-100-cross\QM5_10268_gawd-sma25-100-cross.ex5,REPAIR_OR_PREFLIGHT_THEN_GOVERNED_CANARY,False,,,,Most recent row carrying a specific failure signature supplies the primary cause.
QM5_10269,NDX.DWX,INVALID_EVIDENCE_DEFECT,ONINIT_FAILED,13,13,0,0,9d9c2f6e-6a6c-4a15-b232-928f5d90275c,2026-07-27T22:50:13+00:00,9d9c2f6e-6a6c-4a15-b232-928f5d90275c,2026-07-27T22:50:13+00:00,done,0,run_smoke_fail:ONINIT_FAILED;INCOMPLETE_RUNS,,D:\QM\reports\work_items\9d9c2f6e-6a6c-4a15-b232-928f5d90275c\QM5_10269\20260727_224808\summary.json,True,2c3b7c15406fb3e34f1a213b7385ea13c5815bac2caa5e49210a3dc3845d0aad,D:\QM\strategy_farm\logs\work_item_9d9c2f6e-6a6c-4a15-b232-928f5d90275c.log,False,D:\QM\reports\work_items\9d9c2f6e-6a6c-4a15-b232-928f5d90275c,FAIL,ONINIT_FAILED|INCOMPLETE_RUNS,0,,,,,,1,0,True,C:\QM\repo\framework\EAs\QM5_10269_gawd-wma30-trend\sets\QM5_10269_gawd-wma30-trend_NDX.DWX_D1_backtest.set,True,ff235ce456cea3bd6b4d5a9b84c3c7b6cd15d6e26dff8fd666fb984330c75d80,,,active,gawd-wma30-trend,C:\QM\repo\framework\EAs\QM5_10269_gawd-wma30-trend\QM5_10269_gawd-wma30-trend.ex5,REPAIR_OR_PREFLIGHT_THEN_GOVERNED_CANARY,False,,,,Most recent row carrying a specific failure signature supplies the primary cause.
QM5_10278,NZDUSD.DWX,INVALID_EVIDENCE_DEFECT,ACTIVE_TIMEOUT,12,12,0,0,dadf2abb-1e85-485b-8589-af2f62d05aed,2026-07-29T12:18:03+00:00,dadf2abb-1e85-485b-8589-af2f62d05aed,2026-07-29T12:18:03+00:00,failed,0,ACTIVE_TIMEOUT,summary_missing_retries_exhausted,D:\QM\strategy_farm\logs\work_item_dadf2abb-1e85-485b-8589-af2f62d05aed.log,False,,D:\QM\strategy_farm\logs\work_item_dadf2abb-1e85-485b-8589-af2f62d05aed.log,False,D:\QM\reports\work_items\dadf2abb-1e85-485b-8589-af2f62d05aed,,,,,,,,,0,0,False,C:\QM\repo\framework\EAs\QM5_10278_whc-roc-stoch\sets\QM5_10278_whc-roc-stoch_NZDUSD.DWX_D1_backtest.set,True,8b87fbaba1145a909ba714adff8b6daa1c0b3603376bd242872bca61a7835c79,,,active,whc-roc-stoch,C:\QM\repo\framework\EAs\QM5_10278_whc-roc-stoch\QM5_10278_whc-roc-stoch.ex5,REPAIR_OR_PREFLIGHT_THEN_GOVERNED_CANARY,False,,,,Most recent row carrying a specific failure signature supplies the primary cause.
QM5_10326,NDX.DWX,INVALID_EVIDENCE_DEFECT,NO_HISTORY_TRANSIENT,12,12,0,0,50cb506a-bfdb-4ef0-be9e-123e405dcf61,2026-07-28T10:37:40+00:00,50cb506a-bfdb-4ef0-be9e-123e405dcf61,2026-07-28T10:37:40+00:00,failed,3,cold_cache_retries_exhausted:NO_HISTORY,cold_cache_retries_exhausted,D:\QM\reports\work_items\50cb506a-bfdb-4ef0-be9e-123e405dcf61\QM5_10326\20260728_103025\summary.json,True,c740354cbd1931e9f483e3188abfc421f038067b3bd334ea382337ae65976773,,False,D:\QM\reports\work_items\50cb506a-bfdb-4ef0-be9e-123e405dcf61,FAIL,NO_HISTORY|INCOMPLETE_RUNS,0,,,,,,1,0,False,C:\QM\repo\framework\EAs\QM5_10326_close-auct-rev\sets\QM5_10326_close-auct-rev_NDX.DWX_M15_backtest.set,True,5337f66473f51b816f88e7b0563fc149734fbc2dcabdd7a70a845ac8b7f4c9b7,,,active,close-auct-rev,C:\QM\repo\framework\EAs\QM5_10326_close-auct-rev\QM5_10326_close-auct-rev.ex5,REPAIR_OR_PREFLIGHT_THEN_GOVERNED_CANARY,False,,,,Most recent row carrying a specific failure signature supplies the primary cause.
QM5_10326,SP500.DWX,INVALID_EVIDENCE_DEFECT,TIMEOUT_METATESTER_HUNG,12,12,0,0,29beab40-5a9e-463e-b60a-140618556e94,2026-07-28T09:06:08+00:00,29beab40-5a9e-463e-b60a-140618556e94,2026-07-28T09:06:08+00:00,done,0,run_smoke_fail:TIMEOUT;METATESTER_HUNG;INCOMPLETE_RUNS,summary_missing_retries_exhausted,D:\QM\reports\work_items\29beab40-5a9e-463e-b60a-140618556e94\QM5_10326\20260728_083530\summary.json,True,815f27ec74854441d75e1dfbbe846d63989a837717bdecaa731413c3eb19e5b6,D:\QM\strategy_farm\logs\work_item_29beab40-5a9e-463e-b60a-140618556e94.log,False,D:\QM\reports\work_items\29beab40-5a9e-463e-b60a-140618556e94,FAIL,TIMEOUT|METATESTER_HUNG|INCOMPLETE_RUNS,0,,,,,,1,0,False,C:\QM\repo\framework\EAs\QM5_10326_close-auct-rev\sets\QM5_10326_close-auct-rev_SP500.DWX_M15_backtest.set,True,8f0d2762124f1ae5aa1ec5a40f30475a2c15cce70dbf19c865ed709804ba9855,,,active,close-auct-rev,C:\QM\repo\framework\EAs\QM5_10326_close-auct-rev\QM5_10326_close-auct-rev.ex5,REPAIR_OR_PREFLIGHT_THEN_GOVERNED_CANARY,False,,,,Most recent row carrying a specific failure signature supplies the primary cause.
QM5_10326,WS30.DWX,INVALID_EVIDENCE_DEFECT,TIMEOUT_METATESTER_HUNG,12,12,0,0,785444ba-a207-442f-8111-01b50593e299,2026-07-28T09:20:15+00:00,785444ba-a207-442f-8111-01b50593e299,2026-07-28T09:20:15+00:00,done,0,run_smoke_fail:TIMEOUT;METATESTER_HUNG;INCOMPLETE_RUNS,summary_missing_retries_exhausted,D:\QM\reports\work_items\785444ba-a207-442f-8111-01b50593e299\QM5_10326\20260728_085001\summary.json,True,87acda3b65de2c4fecebd138e1aa289aeaaf1da954c6961dbea518fd4a441783,D:\QM\strategy_farm\logs\work_item_785444ba-a207-442f-8111-01b50593e299.log,False,D:\QM\reports\work_items\785444ba-a207-442f-8111-01b50593e299,FAIL,TIMEOUT|METATESTER_HUNG|INCOMPLETE_RUNS,0,,,,,,1,0,False,C:\QM\repo\framework\EAs\QM5_10326_close-auct-rev\sets\QM5_10326_close-auct-rev_WS30.DWX_M15_backtest.set,True,a5bcddb26f38cfde9f5750658369808777688dbfbea8ad3aaedc345ea83068cf,,,active,close-auct-rev,C:\QM\repo\framework\EAs\QM5_10326_close-auct-rev\QM5_10326_close-auct-rev.ex5,REPAIR_OR_PREFLIGHT_THEN_GOVERNED_CANARY,False,,,,Most recent row carrying a specific failure signature supplies the primary cause.
QM5_10327,GDAXI.DWX,INVALID_EVIDENCE_DEFECT,TIMEOUT_METATESTER_HUNG,12,12,0,0,11ccf611-b70a-47d4-a05c-09ff4139114f,2026-07-28T01:35:53+00:00,11ccf611-b70a-47d4-a05c-09ff4139114f,2026-07-28T01:35:53+00:00,done,0,run_smoke_fail:TIMEOUT;METATESTER_HUNG;INCOMPLETE_RUNS,,D:\QM\reports\work_items\11ccf611-b70a-47d4-a05c-09ff4139114f\QM5_10327\20260728_010538\summary.json,True,ba801546674509d73a85bb699f4c7c8e5c4934c000f3b899e902af2fbea29aae,D:\QM\strategy_farm\logs\work_item_11ccf611-b70a-47d4-a05c-09ff4139114f.log,False,D:\QM\reports\work_items\11ccf611-b70a-47d4-a05c-09ff4139114f,FAIL,TIMEOUT|METATESTER_HUNG|INCOMPLETE_RUNS,0,,,,,,1,0,False,C:\QM\repo\framework\EAs\QM5_10327_eod-reversal\sets\QM5_10327_eod-reversal_GDAXI.DWX_M30_backtest.set,True,bddd03e2c8a88efc37c4bec99eb77026e35d4bf419677efddc4e5772c1e01130,,,active,eod-reversal,C:\QM\repo\framework\EAs\QM5_10327_eod-reversal\QM5_10327_eod-reversal.ex5,REPAIR_OR_PREFLIGHT_THEN_GOVERNED_CANARY,False,,,,Most recent row carrying a specific failure signature supplies the primary cause.
QM5_10327,NDX.DWX,INVALID_EVIDENCE_DEFECT,ONINIT_FAILED,12,12,0,0,7e5b48c6-c374-4e07-8836-5cb01b9e1dc6,2026-07-27T22:54:25+00:00,7e5b48c6-c374-4e07-8836-5cb01b9e1dc6,2026-07-27T22:54:25+00:00,done,0,run_smoke_fail:ONINIT_FAILED;INCOMPLETE_RUNS,summary_missing_retries_exhausted,D:\QM\reports\work_items\7e5b48c6-c374-4e07-8836-5cb01b9e1dc6\QM5_10327\20260727_225218\summary.json,True,7ef4102b15d05e65481d173cfa45abd7dc2fa985ebfc098f5c9dbf86fa8511ad,D:\QM\strategy_farm\logs\work_item_7e5b48c6-c374-4e07-8836-5cb01b9e1dc6.log,False,D:\QM\reports\work_items\7e5b48c6-c374-4e07-8836-5cb01b9e1dc6,FAIL,ONINIT_FAILED|INCOMPLETE_RUNS,0,,,,,,1,0,False,C:\QM\repo\framework\EAs\QM5_10327_eod-reversal\sets\QM5_10327_eod-reversal_NDX.DWX_M30_backtest.set,True,acb6750066d06a9b6f4086b3159cc9450ba720c7be917f6380776f9287fca94f,,,active,eod-reversal,C:\QM\repo\framework\EAs\QM5_10327_eod-reversal\QM5_10327_eod-reversal.ex5,REPAIR_OR_PREFLIGHT_THEN_GOVERNED_CANARY,False,,,,Most recent row carrying a specific failure signature supplies the primary cause.
QM5_10327,SP500.DWX,INVALID_EVIDENCE_DEFECT,TIMEOUT_METATESTER_HUNG,12,12,0,0,ed418b10-e4a4-4aa2-8d7d-f8f480d7bcc3,2026-07-27T23:31:59+00:00,ed418b10-e4a4-4aa2-8d7d-f8f480d7bcc3,2026-07-27T23:31:59+00:00,done,0,run_smoke_fail:TIMEOUT;METATESTER_HUNG;INCOMPLETE_RUNS,,D:\QM\reports\work_items\ed418b10-e4a4-4aa2-8d7d-f8f480d7bcc3\QM5_10327\20260727_230144\summary.json,True,615e54bf7cb63283a50c0044d2038db0eed2e5f730f3fae3e3cd31d3aed0d459,D:\QM\strategy_farm\logs\work_item_ed418b10-e4a4-4aa2-8d7d-f8f480d7bcc3.log,False,D:\QM\reports\work_items\ed418b10-e4a4-4aa2-8d7d-f8f480d7bcc3,FAIL,TIMEOUT|METATESTER_HUNG|INCOMPLETE_RUNS,0,,,,,,1,0,False,C:\QM\repo\framework\EAs\QM5_10327_eod-reversal\sets\QM5_10327_eod-reversal_SP500.DWX_M30_backtest.set,True,10b0ae1ce3e8fe3e5cfefb7f312bcb5301ea8cdab651a06171caa6cb35f82e50,,,active,eod-reversal,C:\QM\repo\framework\EAs\QM5_10327_eod-reversal\QM5_10327_eod-reversal.ex5,REPAIR_OR_PREFLIGHT_THEN_GOVERNED_CANARY,False,,,,Most recent row carrying a specific failure signature supplies the primary cause.
QM5_10327,WS30.DWX,INVALID_EVIDENCE_DEFECT,TIMEOUT_METATESTER_HUNG,12,12,0,0,0a46a7b5-25e6-4307-9184-fcf86bf8dca1,2026-07-27T23:15:02+00:00,0a46a7b5-25e6-4307-9184-fcf86bf8dca1,2026-07-27T23:15:02+00:00,done,0,run_smoke_fail:TIMEOUT;METATESTER_HUNG;INCOMPLETE_RUNS,summary_missing_retries_exhausted,D:\QM\reports\work_items\0a46a7b5-25e6-4307-9184-fcf86bf8dca1\QM5_10327\20260727_224449\summary.json,True,ef6dacb3c71d37c167873707389dd7372684c141a77efc87eb1aaa37808c8bac,D:\QM\strategy_farm\logs\work_item_0a46a7b5-25e6-4307-9184-fcf86bf8dca1.log,False,D:\QM\reports\work_items\0a46a7b5-25e6-4307-9184-fcf86bf8dca1,FAIL,TIMEOUT|METATESTER_HUNG|INCOMPLETE_RUNS,0,,,,,,1,0,False,C:\QM\repo\framework\EAs\QM5_10327_eod-reversal\sets\QM5_10327_eod-reversal_WS30.DWX_M30_backtest.set,True,4a7152c9f3b42b41c254aaf9a9f2a4dae32a6d1504991113ed3ccb18ac1cd0c9,,,active,eod-reversal,C:\QM\repo\framework\EAs\QM5_10327_eod-reversal\QM5_10327_eod-reversal.ex5,REPAIR_OR_PREFLIGHT_THEN_GOVERNED_CANARY,False,,,,Most recent row carrying a specific failure signature supplies the primary cause.
QM5_10328,GER40.DWX,UNCLEAR,SUMMARY_MISSING_NO_ROW_BOUND_AGGREGATE,12,12,0,0,8abbaa82-9043-455f-892a-b6281e1a4942,2026-06-23T16:30:49+00:00,8abbaa82-9043-455f-892a-b6281e1a4942,2026-06-23T16:30:49+00:00,failed,2,summary_missing_retries_exhausted,summary_missing_retries_exhausted,,False,,D:\QM\strategy_farm\logs\work_item_8abbaa82-9043-455f-892a-b6281e1a4942.log,False,D:\QM\reports\work_items\8abbaa82-9043-455f-892a-b6281e1a4942,,,,,,,,,0,0,False,C:\QM\repo\framework\EAs\QM5_10328_residual-rev\sets\QM5_10328_residual-rev_GER40.DWX_M30_backtest.set,True,8c6d0a6c59a02147af23d26606baf4c7217378be3370ae2ddd2bc22674a3f801,,,active,residual-rev,C:\QM\repo\framework\EAs\QM5_10328_residual-rev\QM5_10328_residual-rev.ex5,FORENSIC_REVIEW_NO_REQUEUE,False,,,,Only generic summary-missing history remains; no readable row-bound aggregate or specific failure signature.
QM5_10369,GDAXI.DWX,INVALID_EVIDENCE_DEFECT,BARS_ZERO,12,12,0,0,8d437458-29a1-442a-be4e-1c72f99d8227,2026-08-07T21:44:30+00:00,8d437458-29a1-442a-be4e-1c72f99d8227,2026-08-07T21:44:30+00:00,failed,3,cold_cache_retries_exhausted:BARS_ZERO,cold_cache_retries_exhausted,D:\QM\reports\work_items\8d437458-29a1-442a-be4e-1c72f99d8227\QM5_10369\20260807_214313\summary.json,True,8846ce8d8b383946198c7f0954cedf1a7f176bf2f7bd6b84c63a7cfae24789df,,False,D:\QM\reports\work_items\8d437458-29a1-442a-be4e-1c72f99d8227,FAIL,BARS_ZERO|INCOMPLETE_RUNS,0,,,,,,10,0,False,C:\QM\repo\framework\EAs\QM5_10369_et-magnet-limits\sets\QM5_10369_et-magnet-limits_GDAXI.DWX_M1_backtest.set,True,c8d9066c90ff67ddb68398124e9fc9dc432fa326a52ab0a5b3d0cdc96c89903a,,,active,et-magnet-limits,C:\QM\repo\framework\EAs\QM5_10369_et-magnet-limits\QM5_10369_et-magnet-limits.ex5,REPAIR_OR_PREFLIGHT_THEN_GOVERNED_CANARY,True,BARS_ZERO,1,GOVERNED_SINGLE_ROW_REQUEUE_AFTER_REVIEW,Most recent row carrying a specific failure signature supplies the primary cause.
QM5_10369,NDX.DWX,INVALID_EVIDENCE_DEFECT,ONINIT_FAILED,12,12,0,0,e44ec023-032d-4be5-bee1-897ac6bee2e6,2026-08-08T20:21:36+00:00,e44ec023-032d-4be5-bee1-897ac6bee2e6,2026-08-08T20:21:36+00:00,done,0,run_smoke_fail:ONINIT_FAILED;INCOMPLETE_RUNS,,D:\QM\reports\work_items\e44ec023-032d-4be5-bee1-897ac6bee2e6\QM5_10369\20260808_202050\summary.json,True,2452b4dfdb8d235fdeb86ff9ed9d243baa490295e8845194b21b8f652fdc8b31,D:\QM\strategy_farm\logs\work_item_e44ec023-032d-4be5-bee1-897ac6bee2e6.log,False,D:\QM\reports\work_items\e44ec023-032d-4be5-bee1-897ac6bee2e6,FAIL,ONINIT_FAILED|INCOMPLETE_RUNS,0,,,,,,8,0,True,C:\QM\repo\framework\EAs\QM5_10369_et-magnet-limits\sets\QM5_10369_et-magnet-limits_NDX.DWX_M1_backtest.set,True,2cec90347c90b8d047d4444edbf294db320193b8ce686baa1d36db618d291b38,,,active,et-magnet-limits,C:\QM\repo\framework\EAs\QM5_10369_et-magnet-limits\QM5_10369_et-magnet-limits.ex5,REPAIR_OR_PREFLIGHT_THEN_GOVERNED_CANARY,False,,,,Most recent row carrying a specific failure signature supplies the primary cause.
QM5_10369,SP500.DWX,INVALID_EVIDENCE_DEFECT,ONINIT_FAILED,12,12,0,0,037fbde7-537f-48a4-8ec5-a0fac38f41ea,2026-07-29T12:18:03+00:00,113a2f7d-c165-44e8-8c4f-1bf5fd8c7923,2026-07-28T17:26:15+00:00,done,0,run_smoke_fail:ONINIT_FAILED;INCOMPLETE_RUNS,,D:\QM\reports\work_items\113a2f7d-c165-44e8-8c4f-1bf5fd8c7923\QM5_10369\20260728_172351\summary.json,True,db69e99431fd465bf68c48e1fd6701a1dc47113b56cc7f8785aabb06bd763275,D:\QM\strategy_farm\logs\work_item_113a2f7d-c165-44e8-8c4f-1bf5fd8c7923.log,False,D:\QM\reports\work_items\113a2f7d-c165-44e8-8c4f-1bf5fd8c7923,FAIL,ONINIT_FAILED|INCOMPLETE_RUNS,0,,,,,,8,0,True,C:\QM\repo\framework\EAs\QM5_10369_et-magnet-limits\sets\QM5_10369_et-magnet-limits_SP500.DWX_M1_backtest.set,True,19330b44d5d7b6afed035d27a9af5c9419edea4d09dc14a0624d523f1ad6fe7b,,,active,et-magnet-limits,C:\QM\repo\framework\EAs\QM5_10369_et-magnet-limits\QM5_10369_et-magnet-limits.ex5,REPAIR_OR_PREFLIGHT_THEN_GOVERNED_CANARY,False,,,,Most recent row carrying a specific failure signature supplies the primary cause.
QM5_10466,EURUSD.DWX,INVALID_EVIDENCE_DEFECT,ACTIVE_TIMEOUT,12,12,0,0,a3bc8d81-d7b4-49e6-b771-390903382ff3,2026-08-05T23:26:59+00:00,a3bc8d81-d7b4-49e6-b771-390903382ff3,2026-08-05T23:26:59+00:00,failed,0,ACTIVE_TIMEOUT,,,False,,D:\QM\strategy_farm\logs\work_item_a3bc8d81-d7b4-49e6-b771-390903382ff3.log,False,D:\QM\reports\work_items\a3bc8d81-d7b4-49e6-b771-390903382ff3,,,,,,,,,1,0,False,C:\QM\repo\framework\EAs\QM5_10466_mql5-mom-ma\sets\QM5_10466_mql5-mom-ma_EURUSD.DWX_H1_backtest.set,True,1d521c1df3c074f8ce673e432ada4f9b6260e0cbf22f61df358fa34983c47f27,,,active,mql5-mom-ma,C:\QM\repo\framework\EAs\QM5_10466_mql5-mom-ma\QM5_10466_mql5-mom-ma.ex5,REPAIR_OR_PREFLIGHT_THEN_GOVERNED_CANARY,False,,,,Most recent row carrying a specific failure signature supplies the primary cause.
QM5_10505,EURUSD.DWX,INVALID_EVIDENCE_DEFECT,ONINIT_FAILED,12,12,0,0,20e36574-387b-4494-aefd-34900d74b76b,2026-07-28T17:34:15+00:00,20e36574-387b-4494-aefd-34900d74b76b,2026-07-28T17:34:15+00:00,done,0,run_smoke_fail:ONINIT_FAILED;INCOMPLETE_RUNS,summary_missing_retries_exhausted,D:\QM\reports\work_items\20e36574-387b-4494-aefd-34900d74b76b\QM5_10505\20260728_173144\summary.json,True,eb66b35955b68ee16e30600ef6ca3f70bc3c708dad7df0df67b99264babdd1a6,D:\QM\strategy_farm\logs\work_item_20e36574-387b-4494-aefd-34900d74b76b.log,False,D:\QM\reports\work_items\20e36574-387b-4494-aefd-34900d74b76b,FAIL,ONINIT_FAILED|INCOMPLETE_RUNS,0,,,,,,1,0,False,C:\QM\repo\framework\EAs\QM5_10505_mql5-macd-sar\sets\QM5_10505_mql5-macd-sar_EURUSD.DWX_H1_backtest.set,True,b2d044869f8b0e4ad1ca85b5178884dba672e3205c034b7d5e073d3c6777cb2c,,,active,mql5-macd-sar,C:\QM\repo\framework\EAs\QM5_10505_mql5-macd-sar\QM5_10505_mql5-macd-sar.ex5,REPAIR_OR_PREFLIGHT_THEN_GOVERNED_CANARY,False,,,,Most recent row carrying a specific failure signature supplies the primary cause.
QM5_10505,GBPUSD.DWX,INVALID_EVIDENCE_DEFECT,ONINIT_FAILED,12,12,0,0,4f28d0d2-90ca-41d7-9671-c8032d36d1c4,2026-07-28T11:35:48+00:00,4f28d0d2-90ca-41d7-9671-c8032d36d1c4,2026-07-28T11:35:48+00:00,done,0,run_smoke_fail:ONINIT_FAILED;INCOMPLETE_RUNS,summary_missing_retries_exhausted,D:\QM\reports\work_items\4f28d0d2-90ca-41d7-9671-c8032d36d1c4\QM5_10505\20260728_113308\summary.json,True,c9a00c900adf08b84cec2bb3de0fed689856efc56d542f5f4d90a7858fbd695c,D:\QM\strategy_farm\logs\work_item_4f28d0d2-90ca-41d7-9671-c8032d36d1c4.log,False,D:\QM\reports\work_items\4f28d0d2-90ca-41d7-9671-c8032d36d1c4,FAIL,ONINIT_FAILED|INCOMPLETE_RUNS,0,,,,,,1,0,False,C:\QM\repo\framework\EAs\QM5_10505_mql5-macd-sar\sets\QM5_10505_mql5-macd-sar_GBPUSD.DWX_H1_backtest.set,True,0df07a7e3fbf72d052f9e624168bb6224de68824b9e954bd346b970cd386c210,,,active,mql5-macd-sar,C:\QM\repo\framework\EAs\QM5_10505_mql5-macd-sar\QM5_10505_mql5-macd-sar.ex5,REPAIR_OR_PREFLIGHT_THEN_GOVERNED_CANARY,False,,,,Most recent row carrying a specific failure signature supplies the primary cause.
QM5_10505,USDJPY.DWX,INVALID_EVIDENCE_DEFECT,ONINIT_FAILED,12,12,0,0,c6d4cbf6-0c1d-412e-8e94-98dc53abff64,2026-07-28T11:42:28+00:00,c6d4cbf6-0c1d-412e-8e94-98dc53abff64,2026-07-28T11:42:28+00:00,done,0,run_smoke_fail:ONINIT_FAILED;INCOMPLETE_RUNS,summary_missing_retries_exhausted,D:\QM\reports\work_items\c6d4cbf6-0c1d-412e-8e94-98dc53abff64\QM5_10505\20260728_114015\summary.json,True,cc63c3c7c088c6fc541f4171f2babca69c06d2845f8852ddbe3e5ae382c51bd0,D:\QM\strategy_farm\logs\work_item_c6d4cbf6-0c1d-412e-8e94-98dc53abff64.log,False,D:\QM\reports\work_items\c6d4cbf6-0c1d-412e-8e94-98dc53abff64,FAIL,ONINIT_FAILED|INCOMPLETE_RUNS,0,,,,,,1,0,False,C:\QM\repo\framework\EAs\QM5_10505_mql5-macd-sar\sets\QM5_10505_mql5-macd-sar_USDJPY.DWX_H1_backtest.set,True,f5ff892ca1ab3a85f3a2657c47ab5f793a77928c52fcea97bd8e24ef360f7d1f,,,active,mql5-macd-sar,C:\QM\repo\framework\EAs\QM5_10505_mql5-macd-sar\QM5_10505_mql5-macd-sar.ex5,REPAIR_OR_PREFLIGHT_THEN_GOVERNED_CANARY,False,,,,Most recent row carrying a specific failure signature supplies the primary cause.
QM5_10505,XAUUSD.DWX,INVALID_EVIDENCE_DEFECT,ONINIT_FAILED,13,13,0,0,9586db87-3f3d-4fdd-b9a1-ad9bb031a00e,2026-08-12T19:37:50+00:00,9586db87-3f3d-4fdd-b9a1-ad9bb031a00e,2026-08-12T19:37:50+00:00,done,0,run_smoke_fail:ONINIT_FAILED;INCOMPLETE_RUNS,,D:\QM\reports\work_items\9586db87-3f3d-4fdd-b9a1-ad9bb031a00e\QM5_10505\20260812_193631\summary.json,True,31e03993d2c44643d5abb3f9d373ac4982e5a2825639b56693219b478130d1d3,D:\QM\strategy_farm\logs\work_item_9586db87-3f3d-4fdd-b9a1-ad9bb031a00e.log,True,D:\QM\reports\work_items\9586db87-3f3d-4fdd-b9a1-ad9bb031a00e,FAIL,ONINIT_FAILED|INCOMPLETE_RUNS,0,,,,,,2,0,False,C:\QM\repo\framework\EAs\QM5_10505_mql5-macd-sar\sets\QM5_10505_mql5-macd-sar_XAUUSD.DWX_H1_backtest.set,True,d13392b780774adcc8ef1b0816d8c824c3accd430731ba404f726f8c47d567a9,,,active,mql5-macd-sar,C:\QM\repo\framework\EAs\QM5_10505_mql5-macd-sar\QM5_10505_mql5-macd-sar.ex5,REPAIR_OR_PREFLIGHT_THEN_GOVERNED_CANARY,True,ONINIT_FAILED,1,GOVERNED_SINGLE_ROW_REQUEUE_AFTER_REVIEW,Most recent row carrying a specific failure signature supplies the primary cause.
QM5_10517,EURUSD.DWX,INVALID_EVIDENCE_DEFECT,ONINIT_FAILED,13,13,0,0,04d28c6d-ae8f-4eb8-8750-8d060e119517,2026-06-22T20:46:16+00:00,743f2301-5346-40c0-8b24-029342d67b55,2026-06-19T09:16:47+00:00,failed,99,run_smoke_fail:ONINIT_FAILED;INCOMPLETE_RUNS,,,False,,D:\QM\strategy_farm\logs\work_item_743f2301-5346-40c0-8b24-029342d67b55.log,False,D:\QM\reports\work_items\743f2301-5346-40c0-8b24-029342d67b55,,,,,,,,,0,0,False,C:\QM\repo\framework\EAs\QM5_10517_mql5-pct-chan\sets\QM5_10517_mql5-pct-chan_EURUSD.DWX_H1_backtest.set,True,3a8a3d4450d87b5d3d003145752a7844058c179d106a6e87273d5e3ca5c329b9,,,active,mql5-pct-chan,C:\QM\repo\framework\EAs\QM5_10517_mql5-pct-chan\QM5_10517_mql5-pct-chan.ex5,REPAIR_OR_PREFLIGHT_THEN_GOVERNED_CANARY,False,,,,Most recent row carrying a specific failure signature supplies the primary cause.
QM5_10518,GBPUSD.DWX,INVALID_EVIDENCE_DEFECT,ONINIT_FAILED,12,12,0,0,1ce8051c-2e91-4f8b-8020-e2ef0b398a1e,2026-06-22T14:08:59+00:00,9bc184aa-cfc9-4f06-a1c8-d4fe52b1d885,2026-06-19T09:04:18+00:00,failed,99,run_smoke_fail:ONINIT_FAILED;INCOMPLETE_RUNS,,,False,,D:\QM\strategy_farm\logs\work_item_9bc184aa-cfc9-4f06-a1c8-d4fe52b1d885.log,False,D:\QM\reports\work_items\9bc184aa-cfc9-4f06-a1c8-d4fe52b1d885,,,,,,,,,0,0,False,C:\QM\repo\framework\EAs\QM5_10518_mql5-sarima\sets\QM5_10518_mql5-sarima_GBPUSD.DWX_H1_backtest.set,True,ccb086a01cb43ae7fbfc26121907852130ec7e9ad1f468bb895ca24b12d31a4d,,,active,mql5-sarima,C:\QM\repo\framework\EAs\QM5_10518_mql5-sarima\QM5_10518_mql5-sarima.ex5,REPAIR_OR_PREFLIGHT_THEN_GOVERNED_CANARY,False,,,,Most recent row carrying a specific failure signature supplies the primary cause.
QM5_10565,XAUUSD.DWX,INVALID_EVIDENCE_DEFECT,ACTIVE_TIMEOUT,12,12,0,0,9fb32a34-0bef-4023-a25f-24c4968f1c0a,2026-07-29T12:18:03+00:00,9fb32a34-0bef-4023-a25f-24c4968f1c0a,2026-07-29T12:18:03+00:00,failed,0,ACTIVE_TIMEOUT,summary_missing_retries_exhausted,D:\QM\strategy_farm\logs\work_item_9fb32a34-0bef-4023-a25f-24c4968f1c0a.log,False,,D:\QM\strategy_farm\logs\work_item_9fb32a34-0bef-4023-a25f-24c4968f1c0a.log,False,D:\QM\reports\work_items\9fb32a34-0bef-4023-a25f-24c4968f1c0a,,,,,,,,,0,0,False,C:\QM\repo\framework\EAs\QM5_10565_mql5-rvidiff\sets\QM5_10565_mql5-rvidiff_XAUUSD.DWX_H6_backtest.set,True,4e975e7a91b155170f1a4cc5cf8ac6d8c68fdeb2e8e7c9cb1fd6affc17a8e77b,,,active,mql5-rvidiff,C:\QM\repo\framework\EAs\QM5_10565_mql5-rvidiff\QM5_10565_mql5-rvidiff.ex5,REPAIR_OR_PREFLIGHT_THEN_GOVERNED_CANARY,False,,,,Most recent row carrying a specific failure signature supplies the primary cause.
QM5_10574,EURJPY.DWX,INVALID_EVIDENCE_DEFECT,ACTIVE_TIMEOUT,13,13,0,0,508692f2-969c-425d-90b4-5377a244bdf7,2026-08-13T08:16:11+00:00,8e098c6a-6b45-45a4-81ae-31696250d645,2026-08-10T10:00:38+00:00,failed,0,ACTIVE_TIMEOUT,,,False,,D:\QM\strategy_farm\logs\work_item_8e098c6a-6b45-45a4-81ae-31696250d645.log,True,D:\QM\reports\work_items\8e098c6a-6b45-45a4-81ae-31696250d645,,,,,,,,,5,0,False,C:\QM\repo\framework\EAs\QM5_10574_mql5-bsi\sets\QM5_10574_mql5-bsi_EURJPY.DWX_H8_backtest.set,True,3468c05faf50e23d3822a794e80de79b5f9dcb9809388e55701666b6cdbe6110,,,active,mql5-bsi,C:\QM\repo\framework\EAs\QM5_10574_mql5-bsi\QM5_10574_mql5-bsi.ex5,REPAIR_OR_PREFLIGHT_THEN_GOVERNED_CANARY,False,,,,Most recent row carrying a specific failure signature supplies the primary cause.
QM5_10577,EURUSD.DWX,INVALID_EVIDENCE_DEFECT,ONINIT_FAILED,12,12,0,0,2b663d9b-59f5-489a-81c0-f8aa9c701779,2026-06-22T20:46:37+00:00,f8ffc100-ca7f-47c3-9050-e2b3753ef5a3,2026-06-19T10:03:47+00:00,failed,99,run_smoke_fail:ONINIT_FAILED;INCOMPLETE_RUNS,,,False,,D:\QM\strategy_farm\logs\work_item_f8ffc100-ca7f-47c3-9050-e2b3753ef5a3.log,False,D:\QM\reports\work_items\f8ffc100-ca7f-47c3-9050-e2b3753ef5a3,,,,,,,,,0,0,False,C:\QM\repo\framework\EAs\QM5_10577_mql5-ma-round\sets\QM5_10577_mql5-ma-round_EURUSD.DWX_H4_backtest.set,True,fb82123c1058299e01d45c3e39b2365afd0da7987d3aadf0d634ab2519b30829,,,active,mql5-ma-round,C:\QM\repo\framework\EAs\QM5_10577_mql5-ma-round\QM5_10577_mql5-ma-round.ex5,REPAIR_OR_PREFLIGHT_THEN_GOVERNED_CANARY,False,,,,Most recent row carrying a specific failure signature supplies the primary cause.
QM5_10591,USDJPY.DWX,INVALID_EVIDENCE_DEFECT,ACTIVE_TIMEOUT,13,13,0,0,ee59cf7e-22a3-4281-a6ba-69181441a547,2026-07-29T12:18:03+00:00,ee59cf7e-22a3-4281-a6ba-69181441a547,2026-07-29T12:18:03+00:00,failed,0,ACTIVE_TIMEOUT,summary_missing_retries_exhausted,D:\QM\strategy_farm\logs\work_item_ee59cf7e-22a3-4281-a6ba-69181441a547.log,False,,D:\QM\strategy_farm\logs\work_item_ee59cf7e-22a3-4281-a6ba-69181441a547.log,False,D:\QM\reports\work_items\ee59cf7e-22a3-4281-a6ba-69181441a547,,,,,,,,,0,0,False,C:\QM\repo\framework\EAs\QM5_10591_mql5-ozym\sets\QM5_10591_mql5-ozym_USDJPY.DWX_H4_backtest.set,True,8c236ac2c45acd5cbf78fb19cb42c1b1f23c826c33a56ffa123424eef23dfa04,,,active,mql5-ozym,C:\QM\repo\framework\EAs\QM5_10591_mql5-ozym\QM5_10591_mql5-ozym.ex5,REPAIR_OR_PREFLIGHT_THEN_GOVERNED_CANARY,False,,,,Most recent row carrying a specific failure signature supplies the primary cause.
QM5_10591,XAUUSD.DWX,INVALID_EVIDENCE_DEFECT,ACTIVE_TIMEOUT,12,12,0,0,0b2e8803-4ba2-4b55-9053-81a901a127c7,2026-07-29T12:18:03+00:00,0b2e8803-4ba2-4b55-9053-81a901a127c7,2026-07-29T12:18:03+00:00,failed,0,ACTIVE_TIMEOUT,summary_missing_retries_exhausted,D:\QM\strategy_farm\logs\work_item_0b2e8803-4ba2-4b55-9053-81a901a127c7.log,False,,D:\QM\strategy_farm\logs\work_item_0b2e8803-4ba2-4b55-9053-81a901a127c7.log,False,D:\QM\reports\work_items\0b2e8803-4ba2-4b55-9053-81a901a127c7,,,,,,,,,0,0,True,C:\QM\repo\framework\EAs\QM5_10591_mql5-ozym\sets\QM5_10591_mql5-ozym_XAUUSD.DWX_H4_backtest.set,True,4bc6afec5a87fd966aff9b410c4ddd2196c4e6ff1da723b0bf6a8a9922473d89,,,active,mql5-ozym,C:\QM\repo\framework\EAs\QM5_10591_mql5-ozym\QM5_10591_mql5-ozym.ex5,REPAIR_OR_PREFLIGHT_THEN_GOVERNED_CANARY,False,,,,Most recent row carrying a specific failure signature supplies the primary cause.
QM5_10598,EURUSD.DWX,UNCLEAR,SUMMARY_MISSING_NO_ROW_BOUND_AGGREGATE,12,12,0,0,0971bc5d-e272-4aa7-9ef6-69c82ac8bfb6,2026-06-24T13:57:22+00:00,0971bc5d-e272-4aa7-9ef6-69c82ac8bfb6,2026-06-24T13:57:22+00:00,failed,2,summary_missing_retries_exhausted,summary_missing_retries_exhausted,,False,,D:\QM\strategy_farm\logs\work_item_0971bc5d-e272-4aa7-9ef6-69c82ac8bfb6.log,False,D:\QM\reports\work_items\0971bc5d-e272-4aa7-9ef6-69c82ac8bfb6,,,,,,,,,0,0,False,C:\QM\repo\framework\EAs\QM5_10598_mql5-figseries\sets\QM5_10598_mql5-figseries_EURUSD.DWX_M30_backtest.set,True,e4550a8b999f42565f49db7ce9bcf2c29e9618c13d3bf7ad565f9cc23c5351b9,,,active,mql5-figseries,C:\QM\repo\framework\EAs\QM5_10598_mql5-figseries\QM5_10598_mql5-figseries.ex5,FORENSIC_REVIEW_NO_REQUEUE,False,,,,Only generic summary-missing history remains; no readable row-bound aggregate or specific failure signature.
QM5_10598,GBPUSD.DWX,INVALID_EVIDENCE_DEFECT,ONINIT_FAILED,12,12,0,0,585f6120-7093-4cef-bdd9-5937911ae535,2026-06-24T12:29:29+00:00,37520f8b-51f0-46a2-9b4f-346fe4bf30f5,2026-06-23T18:35:55+00:00,done,0,run_smoke_fail:ONINIT_FAILED;INCOMPLETE_RUNS,,D:\QM\reports\work_items\37520f8b-51f0-46a2-9b4f-346fe4bf30f5\QM5_10598\20260623_183545\summary.json,False,,D:\QM\strategy_farm\logs\work_item_37520f8b-51f0-46a2-9b4f-346fe4bf30f5.log,False,D:\QM\reports\work_items\37520f8b-51f0-46a2-9b4f-346fe4bf30f5,,,,,,,,,0,0,False,C:\QM\repo\framework\EAs\QM5_10598_mql5-figseries\sets\QM5_10598_mql5-figseries_GBPUSD.DWX_M30_backtest.set,True,0d8f1e61a9be09573c6f4291a6369d01f2bde703bb02654ef77781ced4414901,,,active,mql5-figseries,C:\QM\repo\framework\EAs\QM5_10598_mql5-figseries\QM5_10598_mql5-figseries.ex5,REPAIR_OR_PREFLIGHT_THEN_GOVERNED_CANARY,False,,,,Most recent row carrying a specific failure signature supplies the primary cause.
QM5_10598,USDCHF.DWX,INVALID_EVIDENCE_DEFECT,ONINIT_FAILED,12,12,0,0,439174b4-00dd-431d-a14b-8f8f80b43a4d,2026-06-24T12:26:28+00:00,21fd66bd-0a5b-4e6e-aaad-d0ff1fd8f425,2026-06-24T04:54:59+00:00,done,0,run_smoke_fail:ONINIT_FAILED;INCOMPLETE_RUNS,,D:\QM\reports\work_items\21fd66bd-0a5b-4e6e-aaad-d0ff1fd8f425\QM5_10598\20260624_045420\summary.json,False,,D:\QM\strategy_farm\logs\work_item_21fd66bd-0a5b-4e6e-aaad-d0ff1fd8f425.log,False,D:\QM\reports\work_items\21fd66bd-0a5b-4e6e-aaad-d0ff1fd8f425,,,,,,,,,0,0,False,C:\QM\repo\framework\EAs\QM5_10598_mql5-figseries\sets\QM5_10598_mql5-figseries_USDCHF.DWX_M30_backtest.set,True,a47e5632ef6615341219693f692c293ea30e74a1492b6a803b2ce9300fc7b545,,,active,mql5-figseries,C:\QM\repo\framework\EAs\QM5_10598_mql5-figseries\QM5_10598_mql5-figseries.ex5,REPAIR_OR_PREFLIGHT_THEN_GOVERNED_CANARY,False,,,,Most recent row carrying a specific failure signature supplies the primary cause.
QM5_10598,USDJPY.DWX,INVALID_EVIDENCE_DEFECT,ONINIT_FAILED,12,12,0,0,7c33c957-a5bb-46f3-a9c3-d63679f1add0,2026-06-24T12:26:36+00:00,ed62c7ed-c598-4ae5-973b-c54bbbb02b37,2026-06-24T04:55:28+00:00,done,0,run_smoke_fail:ONINIT_FAILED;INCOMPLETE_RUNS,,D:\QM\reports\work_items\ed62c7ed-c598-4ae5-973b-c54bbbb02b37\QM5_10598\20260624_045449\summary.json,False,,D:\QM\strategy_farm\logs\work_item_ed62c7ed-c598-4ae5-973b-c54bbbb02b37.log,False,D:\QM\reports\work_items\ed62c7ed-c598-4ae5-973b-c54bbbb02b37,,,,,,,,,0,0,False,C:\QM\repo\framework\EAs\QM5_10598_mql5-figseries\sets\QM5_10598_mql5-figseries_USDJPY.DWX_M30_backtest.set,True,177d68c37f308b58209b750d8880c73ea9e27475e3f4a801471e9c76e8f5cb76,,,active,mql5-figseries,C:\QM\repo\framework\EAs\QM5_10598_mql5-figseries\QM5_10598_mql5-figseries.ex5,REPAIR_OR_PREFLIGHT_THEN_GOVERNED_CANARY,False,,,,Most recent row carrying a specific failure signature supplies the primary cause.
QM5_10710,GBPUSD.DWX,INVALID_EVIDENCE_DEFECT,ONINIT_FAILED,12,12,0,0,09e805da-6212-471c-9ba4-47d91addb2d0,2026-06-22T14:18:03+00:00,34905d17-b8a5-4d1f-97d6-43dd2b7596d1,2026-06-19T10:00:05+00:00,failed,99,run_smoke_fail:ONINIT_FAILED;INCOMPLETE_RUNS,,,False,,D:\QM\strategy_farm\logs\work_item_34905d17-b8a5-4d1f-97d6-43dd2b7596d1.log,False,D:\QM\reports\work_items\34905d17-b8a5-4d1f-97d6-43dd2b7596d1,,,,,,,,,0,0,False,C:\QM\repo\framework\EAs\QM5_10710_tv-asian-retbrk\sets\QM5_10710_tv-asian-retbrk_GBPUSD.DWX_M15_backtest.set,True,505c6802a9c16cddd0c8d9f7ad0aeb4c17bf908c2e04af5b38a97e5a853be1ed,,,active,tv-asian-retbrk,C:\QM\repo\framework\EAs\QM5_10710_tv-asian-retbrk\QM5_10710_tv-asian-retbrk.ex5,REPAIR_OR_PREFLIGHT_THEN_GOVERNED_CANARY,False,,,,Most recent row carrying a specific failure signature supplies the primary cause.
QM5_10710,XAUUSD.DWX,INVALID_EVIDENCE_DEFECT,ACTIVE_TIMEOUT,12,12,0,0,199d8181-938d-4232-ba41-c81c95346a1f,2026-07-29T12:18:03+00:00,199d8181-938d-4232-ba41-c81c95346a1f,2026-07-29T12:18:03+00:00,failed,0,ACTIVE_TIMEOUT,summary_missing_retries_exhausted,D:\QM\strategy_farm\logs\work_item_199d8181-938d-4232-ba41-c81c95346a1f.log,False,,D:\QM\strategy_farm\logs\work_item_199d8181-938d-4232-ba41-c81c95346a1f.log,False,D:\QM\reports\work_items\199d8181-938d-4232-ba41-c81c95346a1f,,,,,,,,,0,0,False,C:\QM\repo\framework\EAs\QM5_10710_tv-asian-retbrk\sets\QM5_10710_tv-asian-retbrk_XAUUSD.DWX_M15_backtest.set,True,79a6fa67c730e539cda980d4940969f8b69ed243170d15cf94cfd5a404a61fec,,,active,tv-asian-retbrk,C:\QM\repo\framework\EAs\QM5_10710_tv-asian-retbrk\QM5_10710_tv-asian-retbrk.ex5,REPAIR_OR_PREFLIGHT_THEN_GOVERNED_CANARY,False,,,,Most recent row carrying a specific failure signature supplies the primary cause.
QM5_10718,AUDCAD.DWX,INVALID_EVIDENCE_DEFECT,ACTIVE_TIMEOUT,12,12,0,0,024189a5-bc3e-4124-b0c8-6925890634e9,2026-07-29T12:18:03+00:00,024189a5-bc3e-4124-b0c8-6925890634e9,2026-07-29T12:18:03+00:00,failed,1,ACTIVE_TIMEOUT,summary_missing_retries_exhausted,D:\QM\reports\work_items\024189a5-bc3e-4124-b0c8-6925890634e9\QM5_10718\20260728_061451\summary.json,True,68bcb44ef2ac10ab09382cf9f9068d28db22ba5138ae07e192581034390dd17e,D:\QM\strategy_farm\logs\work_item_024189a5-bc3e-4124-b0c8-6925890634e9.log,False,D:\QM\reports\work_items\024189a5-bc3e-4124-b0c8-6925890634e9,FAIL,BARS_ZERO|INCOMPLETE_RUNS,0,,,,,,1,0,False,C:\QM\repo\framework\EAs\QM5_10718_edgelab-regime-filtered-carry\sets\QM5_10718_edgelab-regime-filtered-carry_AUDCAD.DWX_D1_backtest.set,True,e257c555f8de7c772f5b8c0fd5f6ffff68c09f3e37cdffc78e94b9a29fdc33c0,,,active,edgelab-regime-filtered-carry,C:\QM\repo\framework\EAs\QM5_10718_edgelab-regime-filtered-carry\QM5_10718_edgelab-regime-filtered-carry.ex5,REPAIR_OR_PREFLIGHT_THEN_GOVERNED_CANARY,False,,,,Most recent row carrying a specific failure signature supplies the primary cause.
QM5_10718,AUDCHF.DWX,INVALID_EVIDENCE_DEFECT,ACTIVE_TIMEOUT,12,12,0,0,05d3fd36-5876-4b1e-b3dd-af0ef265a12b,2026-07-28T08:56:28+00:00,05d3fd36-5876-4b1e-b3dd-af0ef265a12b,2026-07-28T08:56:28+00:00,failed,3,cold_cache_retries_exhausted:BARS_ZERO,cold_cache_retries_exhausted,D:\QM\reports\work_items\05d3fd36-5876-4b1e-b3dd-af0ef265a12b\QM5_10718\20260728_084945\summary.json,True,d86490d4e2245794784f7bce07da33b9af78170b1d6a0c16ef6bc25c99f15867,,False,D:\QM\reports\work_items\05d3fd36-5876-4b1e-b3dd-af0ef265a12b,FAIL,BARS_ZERO|INCOMPLETE_RUNS,0,,,,,,1,0,False,C:\QM\repo\framework\EAs\QM5_10718_edgelab-regime-filtered-carry\sets\QM5_10718_edgelab-regime-filtered-carry_AUDCHF.DWX_D1_backtest.set,True,ab4271fbd43e611c4224ed68f0b5f570a7e1f2b79f622100fbd720c8d1bb668c,,,active,edgelab-regime-filtered-carry,C:\QM\repo\framework\EAs\QM5_10718_edgelab-regime-filtered-carry\QM5_10718_edgelab-regime-filtered-carry.ex5,REPAIR_OR_PREFLIGHT_THEN_GOVERNED_CANARY,False,,,,Most recent row carrying a specific failure signature supplies the primary cause.
QM5_10718,AUDJPY.DWX,INVALID_EVIDENCE_DEFECT,BARS_ZERO,12,12,0,0,173317cf-d930-4e61-b41c-84117e4da28a,2026-07-28T22:05:26+00:00,173317cf-d930-4e61-b41c-84117e4da28a,2026-07-28T22:05:26+00:00,failed,3,cold_cache_retries_exhausted:BARS_ZERO,cold_cache_retries_exhausted,D:\QM\reports\work_items\173317cf-d930-4e61-b41c-84117e4da28a\QM5_10718\20260728_215824\summary.json,True,f10c25b02e64b417ef20928f1a21e2c36e16554a83aceec47834a6e1a82bf1d5,,False,D:\QM\reports\work_items\173317cf-d930-4e61-b41c-84117e4da28a,FAIL,BARS_ZERO|INCOMPLETE_RUNS,0,,,,,,1,0,False,C:\QM\repo\framework\EAs\QM5_10718_edgelab-regime-filtered-carry\sets\QM5_10718_edgelab-regime-filtered-carry_AUDJPY.DWX_D1_backtest.set,True,ae7cf46e85e12f976e0bee89319568687377c4fda457db737e1d83e4ec4595cf,,,active,edgelab-regime-filtered-carry,C:\QM\repo\framework\EAs\QM5_10718_edgelab-regime-filtered-carry\QM5_10718_edgelab-regime-filtered-carry.ex5,REPAIR_OR_PREFLIGHT_THEN_GOVERNED_CANARY,False,,,,Most recent row carrying a specific failure signature supplies the primary cause.
QM5_10718,AUDNZD.DWX,INVALID_EVIDENCE_DEFECT,BARS_ZERO,12,12,0,0,0e5408ba-214e-4c9d-87cb-17c22719184d,2026-07-28T22:19:12+00:00,0e5408ba-214e-4c9d-87cb-17c22719184d,2026-07-28T22:19:12+00:00,failed,3,cold_cache_retries_exhausted:BARS_ZERO,cold_cache_retries_exhausted,D:\QM\reports\work_items\0e5408ba-214e-4c9d-87cb-17c22719184d\QM5_10718\20260728_221217\summary.json,True,6012490df5cf45508fd0c550def6b78b30f65f9e1e26ad8a543aec6429853cd3,,False,D:\QM\reports\work_items\0e5408ba-214e-4c9d-87cb-17c22719184d,FAIL,BARS_ZERO|INCOMPLETE_RUNS,0,,,,,,1,0,False,C:\QM\repo\framework\EAs\QM5_10718_edgelab-regime-filtered-carry\sets\QM5_10718_edgelab-regime-filtered-carry_AUDNZD.DWX_D1_backtest.set,True,fc29a257af86ade2059afeb4595d28e6096ba7e221f45d1138eb46b23fcd2705,,,active,edgelab-regime-filtered-carry,C:\QM\repo\framework\EAs\QM5_10718_edgelab-regime-filtered-carry\QM5_10718_edgelab-regime-filtered-carry.ex5,REPAIR_OR_PREFLIGHT_THEN_GOVERNED_CANARY,False,,,,Most recent row carrying a specific failure signature supplies the primary cause.
QM5_10718,AUDUSD.DWX,INVALID_EVIDENCE_DEFECT,ACTIVE_TIMEOUT,12,12,0,0,073d06e0-aa0e-4d6b-b2b6-c61784d64021,2026-07-29T12:18:03+00:00,073d06e0-aa0e-4d6b-b2b6-c61784d64021,2026-07-29T12:18:03+00:00,failed,0,ACTIVE_TIMEOUT,summary_missing_retries_exhausted,D:\QM\reports\work_items\073d06e0-aa0e-4d6b-b2b6-c61784d64021\QM5_10718\20260728_074235\raw\run_01\report.htm,True,92851a34c27b81cd4b0efbe5fcfaf02a0a239753752d6added8004f3ceed660f,D:\QM\strategy_farm\logs\work_item_073d06e0-aa0e-4d6b-b2b6-c61784d64021.log,False,D:\QM\reports\work_items\073d06e0-aa0e-4d6b-b2b6-c61784d64021,,,,,,,,,0,0,False,C:\QM\repo\framework\EAs\QM5_10718_edgelab-regime-filtered-carry\sets\QM5_10718_edgelab-regime-filtered-carry_AUDUSD.DWX_D1_backtest.set,True,bb611b8df1d204df03134c58846eed823a7d194517fc85faf5cb27dcf3c9b0c2,,,active,edgelab-regime-filtered-carry,C:\QM\repo\framework\EAs\QM5_10718_edgelab-regime-filtered-carry\QM5_10718_edgelab-regime-filtered-carry.ex5,REPAIR_OR_PREFLIGHT_THEN_GOVERNED_CANARY,False,,,,Most recent row carrying a specific failure signature supplies the primary cause.
QM5_10718,CADCHF.DWX,INVALID_EVIDENCE_DEFECT,BARS_ZERO,12,12,0,0,0af68164-219e-4924-bd7e-05ad0fe5f063,2026-07-28T22:45:37+00:00,0af68164-219e-4924-bd7e-05ad0fe5f063,2026-07-28T22:45:37+00:00,failed,3,cold_cache_retries_exhausted:BARS_ZERO,cold_cache_retries_exhausted,D:\QM\reports\work_items\0af68164-219e-4924-bd7e-05ad0fe5f063\QM5_10718\20260728_223934\summary.json,True,8f8e9bf07abec94958fa02ea69368fdbc5e8a75e723a87b941ce7d140c373c48,,False,D:\QM\reports\work_items\0af68164-219e-4924-bd7e-05ad0fe5f063,FAIL,BARS_ZERO|INCOMPLETE_RUNS,0,,,,,,1,0,False,C:\QM\repo\framework\EAs\QM5_10718_edgelab-regime-filtered-carry\sets\QM5_10718_edgelab-regime-filtered-carry_CADCHF.DWX_D1_backtest.set,True,fd560ccfaa0dbc96d452c6648f903d4762ac41fa3aab943b013544db930b25c8,,,active,edgelab-regime-filtered-carry,C:\QM\repo\framework\EAs\QM5_10718_edgelab-regime-filtered-carry\QM5_10718_edgelab-regime-filtered-carry.ex5,REPAIR_OR_PREFLIGHT_THEN_GOVERNED_CANARY,False,,,,Most recent row carrying a specific failure signature supplies the primary cause.
QM5_10718,CADJPY.DWX,INVALID_EVIDENCE_DEFECT,BARS_ZERO,12,12,0,0,1bb97ebf-774d-46b1-8118-e97c4587a4f3,2026-07-28T09:09:46+00:00,1bb97ebf-774d-46b1-8118-e97c4587a4f3,2026-07-28T09:09:46+00:00,failed,3,cold_cache_retries_exhausted:BARS_ZERO,cold_cache_retries_exhausted,D:\QM\reports\work_items\1bb97ebf-774d-46b1-8118-e97c4587a4f3\QM5_10718\20260728_090310\summary.json,True,888d729a02f3a8a1609a1e37da619e71d46ca6971adbc387ce7c1fe24cca58a1,,False,D:\QM\reports\work_items\1bb97ebf-774d-46b1-8118-e97c4587a4f3,FAIL,BARS_ZERO|INCOMPLETE_RUNS,0,,,,,,1,0,False,C:\QM\repo\framework\EAs\QM5_10718_edgelab-regime-filtered-carry\sets\QM5_10718_edgelab-regime-filtered-carry_CADJPY.DWX_D1_backtest.set,True,b19a7a19929fc3ce6cab7d6034c77d695baef9a4dc50347207249d0aaef16551,,,active,edgelab-regime-filtered-carry,C:\QM\repo\framework\EAs\QM5_10718_edgelab-regime-filtered-carry\QM5_10718_edgelab-regime-filtered-carry.ex5,REPAIR_OR_PREFLIGHT_THEN_GOVERNED_CANARY,False,,,,Most recent row carrying a specific failure signature supplies the primary cause.
QM5_10718,CHFJPY.DWX,INVALID_EVIDENCE_DEFECT,BARS_ZERO,12,12,0,0,017aba27-23db-4e88-b290-8d4f8804e9bc,2026-07-28T23:16:09+00:00,017aba27-23db-4e88-b290-8d4f8804e9bc,2026-07-28T23:16:09+00:00,failed,3,cold_cache_retries_exhausted:BARS_ZERO,cold_cache_retries_exhausted,D:\QM\reports\work_items\017aba27-23db-4e88-b290-8d4f8804e9bc\QM5_10718\20260728_230643\summary.json,True,a1600f1bdec7a52ccaa7fb1bdc9cebb82f8d7caff5282c43dc260852c51e0a7b,,False,D:\QM\reports\work_items\017aba27-23db-4e88-b290-8d4f8804e9bc,FAIL,BARS_ZERO|INCOMPLETE_RUNS,0,,,,,,1,0,False,C:\QM\repo\framework\EAs\QM5_10718_edgelab-regime-filtered-carry\sets\QM5_10718_edgelab-regime-filtered-carry_CHFJPY.DWX_D1_backtest.set,True,bf048ee2d0e5b806a98af803a57f7030a552dbd38b56d721e8784d374d727146,,,active,edgelab-regime-filtered-carry,C:\QM\repo\framework\EAs\QM5_10718_edgelab-regime-filtered-carry\QM5_10718_edgelab-regime-filtered-carry.ex5,REPAIR_OR_PREFLIGHT_THEN_GOVERNED_CANARY,False,,,,Most recent row carrying a specific failure signature supplies the primary cause.
QM5_10718,EURAUD.DWX,INVALID_EVIDENCE_DEFECT,BARS_ZERO,12,12,0,0,2a009621-bb34-4d23-a63c-f102f2475cf4,2026-07-28T22:52:31+00:00,2a009621-bb34-4d23-a63c-f102f2475cf4,2026-07-28T22:52:31+00:00,failed,3,cold_cache_retries_exhausted:BARS_ZERO,cold_cache_retries_exhausted,D:\QM\reports\work_items\2a009621-bb34-4d23-a63c-f102f2475cf4\QM5_10718\20260728_224546\summary.json,True,f14377d33223c9a7c98a23bcbb536234391260ea2b67262c7417037f7d77a1e8,,False,D:\QM\reports\work_items\2a009621-bb34-4d23-a63c-f102f2475cf4,FAIL,BARS_ZERO|INCOMPLETE_RUNS,0,,,,,,1,0,False,C:\QM\repo\framework\EAs\QM5_10718_edgelab-regime-filtered-carry\sets\QM5_10718_edgelab-regime-filtered-carry_EURAUD.DWX_D1_backtest.set,True,caa933bbfd1ab5e10be463d7664b7cffa91fa6503775092e1f4587e04bbbc7ac,,,active,edgelab-regime-filtered-carry,C:\QM\repo\framework\EAs\QM5_10718_edgelab-regime-filtered-carry\QM5_10718_edgelab-regime-filtered-carry.ex5,REPAIR_OR_PREFLIGHT_THEN_GOVERNED_CANARY,False,,,,Most recent row carrying a specific failure signature supplies the primary cause.
QM5_10718,EURGBP.DWX,INVALID_EVIDENCE_DEFECT,NO_HISTORY_TRANSIENT,12,12,0,0,35a7c376-7393-4280-a348-26bc69b4856f,2026-07-28T14:39:40+00:00,35a7c376-7393-4280-a348-26bc69b4856f,2026-07-28T14:39:40+00:00,failed,3,cold_cache_retries_exhausted:BARS_ZERO,cold_cache_retries_exhausted,D:\QM\reports\work_items\35a7c376-7393-4280-a348-26bc69b4856f\QM5_10718\20260728_143240\summary.json,True,edd87eb43f8a6cb7c0fbef66aefe4135cb68bcb58f7a83fd4d0fe80747583b63,,False,D:\QM\reports\work_items\35a7c376-7393-4280-a348-26bc69b4856f,FAIL,NO_HISTORY|BARS_ZERO|INCOMPLETE_RUNS,0,,,,,,1,0,False,C:\QM\repo\framework\EAs\QM5_10718_edgelab-regime-filtered-carry\sets\QM5_10718_edgelab-regime-filtered-carry_EURGBP.DWX_D1_backtest.set,True,cd75f999f6db90384d7b48f815be488d4124a60dadab82550899c50ebf0fa19b,,,active,edgelab-regime-filtered-carry,C:\QM\repo\framework\EAs\QM5_10718_edgelab-regime-filtered-carry\QM5_10718_edgelab-regime-filtered-carry.ex5,REPAIR_OR_PREFLIGHT_THEN_GOVERNED_CANARY,False,,,,Most recent row carrying a specific failure signature supplies the primary cause.
QM5_10718,EURJPY.DWX,INVALID_EVIDENCE_DEFECT,BARS_ZERO,12,12,0,0,07c5e522-2ab6-420d-aea3-96f2f6f4dfb2,2026-07-28T21:58:09+00:00,07c5e522-2ab6-420d-aea3-96f2f6f4dfb2,2026-07-28T21:58:09+00:00,failed,3,cold_cache_retries_exhausted:BARS_ZERO,cold_cache_retries_exhausted,D:\QM\reports\work_items\07c5e522-2ab6-420d-aea3-96f2f6f4dfb2\QM5_10718\20260728_215107\summary.json,True,e5576f47fff39742077a626256bfda096cf3c994dc59f1f7fd12979be43bba30,,False,D:\QM\reports\work_items\07c5e522-2ab6-420d-aea3-96f2f6f4dfb2,FAIL,BARS_ZERO|INCOMPLETE_RUNS,0,,,,,,1,0,False,C:\QM\repo\framework\EAs\QM5_10718_edgelab-regime-filtered-carry\sets\QM5_10718_edgelab-regime-filtered-carry_EURJPY.DWX_D1_backtest.set,True,3a83d27fcbfcbf4d72c7465b4d961dc5ac64b70641be622ce0bef037cc825986,,,active,edgelab-regime-filtered-carry,C:\QM\repo\framework\EAs\QM5_10718_edgelab-regime-filtered-carry\QM5_10718_edgelab-regime-filtered-carry.ex5,REPAIR_OR_PREFLIGHT_THEN_GOVERNED_CANARY,False,,,,Most recent row carrying a specific failure signature supplies the primary cause.
QM5_10718,EURNZD.DWX,INVALID_EVIDENCE_DEFECT,BARS_ZERO,12,12,0,0,2186794f-30d2-4f13-8837-c49a08b2fb62,2026-07-28T21:51:00+00:00,2186794f-30d2-4f13-8837-c49a08b2fb62,2026-07-28T21:51:00+00:00,failed,3,cold_cache_retries_exhausted:BARS_ZERO,cold_cache_retries_exhausted,D:\QM\reports\work_items\2186794f-30d2-4f13-8837-c49a08b2fb62\QM5_10718\20260728_214449\summary.json,True,500ccfe911490bf993812ae67f6879711b40716f7f704597580b6e93d088f2d6,,False,D:\QM\reports\work_items\2186794f-30d2-4f13-8837-c49a08b2fb62,FAIL,BARS_ZERO|INCOMPLETE_RUNS,0,,,,,,1,0,False,C:\QM\repo\framework\EAs\QM5_10718_edgelab-regime-filtered-carry\sets\QM5_10718_edgelab-regime-filtered-carry_EURNZD.DWX_D1_backtest.set,True,13c5d23c7df3914124a89b0fd22dbe277bf56e64b9a4f1d78a65960e4d9eadd2,,,active,edgelab-regime-filtered-carry,C:\QM\repo\framework\EAs\QM5_10718_edgelab-regime-filtered-carry\QM5_10718_edgelab-regime-filtered-carry.ex5,REPAIR_OR_PREFLIGHT_THEN_GOVERNED_CANARY,False,,,,Most recent row carrying a specific failure signature supplies the primary cause.
QM5_10718,GBPAUD.DWX,INVALID_EVIDENCE_DEFECT,BARS_ZERO,12,12,0,0,0d9b4471-7bdd-46e1-940b-7c74eb3874c8,2026-07-28T22:12:16+00:00,0d9b4471-7bdd-46e1-940b-7c74eb3874c8,2026-07-28T22:12:16+00:00,failed,3,cold_cache_retries_exhausted:BARS_ZERO,cold_cache_retries_exhausted,D:\QM\reports\work_items\0d9b4471-7bdd-46e1-940b-7c74eb3874c8\QM5_10718\20260728_220527\summary.json,True,ed2024160c4af259c388a8eecdc896d6e48df4bbeadab084a38b96aa6268e4fa,,False,D:\QM\reports\work_items\0d9b4471-7bdd-46e1-940b-7c74eb3874c8,FAIL,BARS_ZERO|INCOMPLETE_RUNS,0,,,,,,1,0,False,C:\QM\repo\framework\EAs\QM5_10718_edgelab-regime-filtered-carry\sets\QM5_10718_edgelab-regime-filtered-carry_GBPAUD.DWX_D1_backtest.set,True,b933ade906b05f5cf73faa5cc508cc10bad2a4edb611965c8b13da837ff9dc4c,,,active,edgelab-regime-filtered-carry,C:\QM\repo\framework\EAs\QM5_10718_edgelab-regime-filtered-carry\QM5_10718_edgelab-regime-filtered-carry.ex5,REPAIR_OR_PREFLIGHT_THEN_GOVERNED_CANARY,False,,,,Most recent row carrying a specific failure signature supplies the primary cause.
QM5_10718,GBPCAD.DWX,INVALID_EVIDENCE_DEFECT,BARS_ZERO,12,12,0,0,0b895411-0404-46a7-aa93-07a1b709e7d7,2026-07-28T22:58:59+00:00,0b895411-0404-46a7-aa93-07a1b709e7d7,2026-07-28T22:58:59+00:00,failed,3,cold_cache_retries_exhausted:BARS_ZERO,cold_cache_retries_exhausted,D:\QM\reports\work_items\0b895411-0404-46a7-aa93-07a1b709e7d7\QM5_10718\20260728_225237\summary.json,True,703652b4e16165760b25318bb1af6039015cd69aced2b5f3495170c704b24354,,False,D:\QM\reports\work_items\0b895411-0404-46a7-aa93-07a1b709e7d7,FAIL,BARS_ZERO|INCOMPLETE_RUNS,0,,,,,,1,0,False,C:\QM\repo\framework\EAs\QM5_10718_edgelab-regime-filtered-carry\sets\QM5_10718_edgelab-regime-filtered-carry_GBPCAD.DWX_D1_backtest.set,True,3e21269c7c2c8b3cf0eb51071423a81ad62fd01c7d0a0efb11fd0b4f1f6b8f87,,,active,edgelab-regime-filtered-carry,C:\QM\repo\framework\EAs\QM5_10718_edgelab-regime-filtered-carry\QM5_10718_edgelab-regime-filtered-carry.ex5,REPAIR_OR_PREFLIGHT_THEN_GOVERNED_CANARY,False,,,,Most recent row carrying a specific failure signature supplies the primary cause.
QM5_10718,GBPCHF.DWX,INVALID_EVIDENCE_DEFECT,BARS_ZERO,12,12,0,0,00fd266c-f06b-466b-b388-366c6bb08b03,2026-07-28T16:59:12+00:00,00fd266c-f06b-466b-b388-366c6bb08b03,2026-07-28T16:59:12+00:00,failed,3,cold_cache_retries_exhausted:BARS_ZERO,cold_cache_retries_exhausted,D:\QM\reports\work_items\00fd266c-f06b-466b-b388-366c6bb08b03\QM5_10718\20260728_165223\summary.json,True,ccb1f61235a8787448c1a108708428096e61ad21710a3d1d43454d3ca41d1650,,False,D:\QM\reports\work_items\00fd266c-f06b-466b-b388-366c6bb08b03,FAIL,BARS_ZERO|INCOMPLETE_RUNS,0,,,,,,1,0,False,C:\QM\repo\framework\EAs\QM5_10718_edgelab-regime-filtered-carry\sets\QM5_10718_edgelab-regime-filtered-carry_GBPCHF.DWX_D1_backtest.set,True,90115f4d51d193615119f5dae6de33859d2428fabbb4de17888b86e67d2bfe6a,,,active,edgelab-regime-filtered-carry,C:\QM\repo\framework\EAs\QM5_10718_edgelab-regime-filtered-carry\QM5_10718_edgelab-regime-filtered-carry.ex5,REPAIR_OR_PREFLIGHT_THEN_GOVERNED_CANARY,False,,,,Most recent row carrying a specific failure signature supplies the primary cause.
QM5_10718,GBPJPY.DWX,INVALID_EVIDENCE_DEFECT,BARS_ZERO,12,12,0,0,1acf7591-3cd7-4b23-b8b8-06d273f9ba3c,2026-07-28T23:51:25+00:00,1acf7591-3cd7-4b23-b8b8-06d273f9ba3c,2026-07-28T23:51:25+00:00,failed,3,cold_cache_retries_exhausted:BARS_ZERO,cold_cache_retries_exhausted,D:\QM\reports\work_items\1acf7591-3cd7-4b23-b8b8-06d273f9ba3c\QM5_10718\20260728_233733\summary.json,True,bac226d3df3f629e2af74ceda292672464b0d13bf7849a15efda34e0cf41be7e,,False,D:\QM\reports\work_items\1acf7591-3cd7-4b23-b8b8-06d273f9ba3c,FAIL,BARS_ZERO|INCOMPLETE_RUNS,0,,,,,,1,0,False,C:\QM\repo\framework\EAs\QM5_10718_edgelab-regime-filtered-carry\sets\QM5_10718_edgelab-regime-filtered-carry_GBPJPY.DWX_D1_backtest.set,True,831f9e1c6bcbefee5ae1b45c356625e1932afb1e6b5bf3e9efbed9ed77e9909f,,,active,edgelab-regime-filtered-carry,C:\QM\repo\framework\EAs\QM5_10718_edgelab-regime-filtered-carry\QM5_10718_edgelab-regime-filtered-carry.ex5,REPAIR_OR_PREFLIGHT_THEN_GOVERNED_CANARY,False,,,,Most recent row carrying a specific failure signature supplies the primary cause.
QM5_10718,GBPNZD.DWX,INVALID_EVIDENCE_DEFECT,BARS_ZERO,12,12,0,0,0d30dec5-c0be-4df2-9e75-675acba98fc3,2026-07-28T23:24:47+00:00,0d30dec5-c0be-4df2-9e75-675acba98fc3,2026-07-28T23:24:47+00:00,failed,3,cold_cache_retries_exhausted:BARS_ZERO,cold_cache_retries_exhausted,D:\QM\reports\work_items\0d30dec5-c0be-4df2-9e75-675acba98fc3\QM5_10718\20260728_231621\summary.json,True,b58638036394c17f5603bb19cd8da5ddd65320fd5771e3e6ea449e13295184e9,,False,D:\QM\reports\work_items\0d30dec5-c0be-4df2-9e75-675acba98fc3,FAIL,BARS_ZERO|INCOMPLETE_RUNS,0,,,,,,1,0,False,C:\QM\repo\framework\EAs\QM5_10718_edgelab-regime-filtered-carry\sets\QM5_10718_edgelab-regime-filtered-carry_GBPNZD.DWX_D1_backtest.set,True,274be4a1189cd827f8fda6005b095a77a4be8a82033635deb3af39f9b586a621,,,active,edgelab-regime-filtered-carry,C:\QM\repo\framework\EAs\QM5_10718_edgelab-regime-filtered-carry\QM5_10718_edgelab-regime-filtered-carry.ex5,REPAIR_OR_PREFLIGHT_THEN_GOVERNED_CANARY,False,,,,Most recent row carrying a specific failure signature supplies the primary cause.
QM5_10718,GBPUSD.DWX,INVALID_EVIDENCE_DEFECT,BARS_ZERO,12,12,0,0,124a66c5-3b9d-49d1-ba37-8e91f2b06a36,2026-07-28T10:03:30+00:00,124a66c5-3b9d-49d1-ba37-8e91f2b06a36,2026-07-28T10:03:30+00:00,failed,3,cold_cache_retries_exhausted:BARS_ZERO,cold_cache_retries_exhausted,D:\QM\reports\work_items\124a66c5-3b9d-49d1-ba37-8e91f2b06a36\QM5_10718\20260728_095601\summary.json,True,fe4f683fd6e56250052d7f769459684490a7e4ffec9e93e6339e0db3a89a330c,,False,D:\QM\reports\work_items\124a66c5-3b9d-49d1-ba37-8e91f2b06a36,FAIL,BARS_ZERO|INCOMPLETE_RUNS,0,,,,,,1,0,False,C:\QM\repo\framework\EAs\QM5_10718_edgelab-regime-filtered-carry\sets\QM5_10718_edgelab-regime-filtered-carry_GBPUSD.DWX_D1_backtest.set,True,3cbab526e15e7221d116384a2f8bf938f2606c2472e776b8545c8683d8693df6,,,active,edgelab-regime-filtered-carry,C:\QM\repo\framework\EAs\QM5_10718_edgelab-regime-filtered-carry\QM5_10718_edgelab-regime-filtered-carry.ex5,REPAIR_OR_PREFLIGHT_THEN_GOVERNED_CANARY,False,,,,Most recent row carrying a specific failure signature supplies the primary cause.
QM5_10718,NZDCAD.DWX,INVALID_EVIDENCE_DEFECT,BARS_ZERO,12,12,0,0,049a6201-dd30-4735-8be6-74d638aec254,2026-07-28T23:06:41+00:00,049a6201-dd30-4735-8be6-74d638aec254,2026-07-28T23:06:41+00:00,failed,3,cold_cache_retries_exhausted:BARS_ZERO,cold_cache_retries_exhausted,D:\QM\reports\work_items\049a6201-dd30-4735-8be6-74d638aec254\QM5_10718\20260728_225902\summary.json,True,1e14d59888744c7625a16c7958eec4258f04fe363ab24970aba607f271020256,,False,D:\QM\reports\work_items\049a6201-dd30-4735-8be6-74d638aec254,FAIL,BARS_ZERO|INCOMPLETE_RUNS,0,,,,,,1,0,False,C:\QM\repo\framework\EAs\QM5_10718_edgelab-regime-filtered-carry\sets\QM5_10718_edgelab-regime-filtered-carry_NZDCAD.DWX_D1_backtest.set,True,db63aa679f8f972d7516a34649fbb60d2bc810c1b1c7418204be0b25b44b3195,,,active,edgelab-regime-filtered-carry,C:\QM\repo\framework\EAs\QM5_10718_edgelab-regime-filtered-carry\QM5_10718_edgelab-regime-filtered-carry.ex5,REPAIR_OR_PREFLIGHT_THEN_GOVERNED_CANARY,False,,,,Most recent row carrying a specific failure signature supplies the primary cause.
QM5_10718,NZDCHF.DWX,INVALID_EVIDENCE_DEFECT,BARS_ZERO,12,12,0,0,0c5d403e-b36c-43d1-a544-fa67e1c3d306,2026-07-28T16:52:22+00:00,0c5d403e-b36c-43d1-a544-fa67e1c3d306,2026-07-28T16:52:22+00:00,failed,3,cold_cache_retries_exhausted:BARS_ZERO,cold_cache_retries_exhausted,D:\QM\reports\work_items\0c5d403e-b36c-43d1-a544-fa67e1c3d306\QM5_10718\20260728_163804\summary.json,True,5c32702906be127320bd6860a4564067e24a221a0e117b599feac2cc455fa44b,,False,D:\QM\reports\work_items\0c5d403e-b36c-43d1-a544-fa67e1c3d306,FAIL,BARS_ZERO|INCOMPLETE_RUNS,0,,,,,,1,0,False,C:\QM\repo\framework\EAs\QM5_10718_edgelab-regime-filtered-carry\sets\QM5_10718_edgelab-regime-filtered-carry_NZDCHF.DWX_D1_backtest.set,True,1636d2bafd47f43692a0866fa5e462beb5ca8c3394eee94baba05f117cb9b0a8,,,active,edgelab-regime-filtered-carry,C:\QM\repo\framework\EAs\QM5_10718_edgelab-regime-filtered-carry\QM5_10718_edgelab-regime-filtered-carry.ex5,REPAIR_OR_PREFLIGHT_THEN_GOVERNED_CANARY,False,,,,Most recent row carrying a specific failure signature supplies the primary cause.
QM5_10718,NZDJPY.DWX,INVALID_EVIDENCE_DEFECT,ACTIVE_TIMEOUT,12,12,0,0,2c3015cc-9d87-43dd-99ee-91123f89bd18,2026-07-29T12:18:03+00:00,2c3015cc-9d87-43dd-99ee-91123f89bd18,2026-07-29T12:18:03+00:00,failed,1,ACTIVE_TIMEOUT,summary_missing_retries_exhausted,D:\QM\reports\work_items\2c3015cc-9d87-43dd-99ee-91123f89bd18\QM5_10718\20260728_055511\summary.json,True,a739b445365ebb3738092f836eeb56ba5c6338301136c2bd51d2f461dc7caf2b,D:\QM\strategy_farm\logs\work_item_2c3015cc-9d87-43dd-99ee-91123f89bd18.log,False,D:\QM\reports\work_items\2c3015cc-9d87-43dd-99ee-91123f89bd18,FAIL,BARS_ZERO|INCOMPLETE_RUNS,0,,,,,,1,0,False,C:\QM\repo\framework\EAs\QM5_10718_edgelab-regime-filtered-carry\sets\QM5_10718_edgelab-regime-filtered-carry_NZDJPY.DWX_D1_backtest.set,True,e0231a4f6bc7b7071e2ef450450a51f1f05bacb79504c7ebf7ba99787333a8ba,,,active,edgelab-regime-filtered-carry,C:\QM\repo\framework\EAs\QM5_10718_edgelab-regime-filtered-carry\QM5_10718_edgelab-regime-filtered-carry.ex5,REPAIR_OR_PREFLIGHT_THEN_GOVERNED_CANARY,False,,,,Most recent row carrying a specific failure signature supplies the primary cause.
QM5_10718,USDCAD.DWX,INVALID_EVIDENCE_DEFECT,NO_HISTORY_TRANSIENT,12,12,0,0,170ff7d9-c390-4933-b157-f3dcd798719f,2026-07-28T08:49:44+00:00,170ff7d9-c390-4933-b157-f3dcd798719f,2026-07-28T08:49:44+00:00,failed,3,cold_cache_retries_exhausted:NO_HISTORY,cold_cache_retries_exhausted,D:\QM\reports\work_items\170ff7d9-c390-4933-b157-f3dcd798719f\QM5_10718\20260728_084255\summary.json,True,5f2534d5f88972260c6f1f96f90b771608a41ea6b38a38fb38b89d1b583df977,,False,D:\QM\reports\work_items\170ff7d9-c390-4933-b157-f3dcd798719f,FAIL,NO_HISTORY|INCOMPLETE_RUNS,0,,,,,,1,0,False,C:\QM\repo\framework\EAs\QM5_10718_edgelab-regime-filtered-carry\sets\QM5_10718_edgelab-regime-filtered-carry_USDCAD.DWX_D1_backtest.set,True,6fcbbe4e2e5b9f50f8030819c86e480c7e20162dbf2db2dff15a4202bc602f9c,,,active,edgelab-regime-filtered-carry,C:\QM\repo\framework\EAs\QM5_10718_edgelab-regime-filtered-carry\QM5_10718_edgelab-regime-filtered-carry.ex5,REPAIR_OR_PREFLIGHT_THEN_GOVERNED_CANARY,False,,,,Most recent row carrying a specific failure signature supplies the primary cause.
QM5_10782,GBPUSD.DWX,INVALID_EVIDENCE_DEFECT,ONINIT_FAILED,12,12,0,0,4b590d82-863d-43e8-a986-f25559ad5a1a,2026-07-28T15:48:10+00:00,4b590d82-863d-43e8-a986-f25559ad5a1a,2026-07-28T15:48:10+00:00,done,0,run_smoke_fail:ONINIT_FAILED;INCOMPLETE_RUNS,summary_missing_retries_exhausted,D:\QM\reports\work_items\4b590d82-863d-43e8-a986-f25559ad5a1a\QM5_10782\20260728_154318\summary.json,True,37c94f5548779293d300b32141e943123f1e2916fd325f3dcbf221b5d2d80f31,D:\QM\strategy_farm\logs\work_item_4b590d82-863d-43e8-a986-f25559ad5a1a.log,False,D:\QM\reports\work_items\4b590d82-863d-43e8-a986-f25559ad5a1a,FAIL,ONINIT_FAILED|INCOMPLETE_RUNS,0,,,,,,1,0,False,C:\QM\repo\framework\EAs\QM5_10782_tv-smc-btc-r3\sets\QM5_10782_tv-smc-btc-r3_GBPUSD.DWX_M15_backtest.set,True,1c248f1d4057fadde29fa418e77de8a1c42c42e292f584be4f5e567e05ff2e1a,,,active,tv-smc-btc-r3,C:\QM\repo\framework\EAs\QM5_10782_tv-smc-btc-r3\QM5_10782_tv-smc-btc-r3.ex5,REPAIR_OR_PREFLIGHT_THEN_GOVERNED_CANARY,False,,,,Most recent row carrying a specific failure signature supplies the primary cause.
QM5_10782,GDAXI.DWX,INVALID_EVIDENCE_DEFECT,ONINIT_FAILED,12,12,0,0,7e4faadc-ee28-47d4-b0c9-a4dc3b1138ba,2026-07-28T11:17:49+00:00,7e4faadc-ee28-47d4-b0c9-a4dc3b1138ba,2026-07-28T11:17:49+00:00,done,0,run_smoke_fail:ONINIT_FAILED;INCOMPLETE_RUNS,summary_missing_retries_exhausted,D:\QM\reports\work_items\7e4faadc-ee28-47d4-b0c9-a4dc3b1138ba\QM5_10782\20260728_111539\summary.json,True,5994f3b9c52a4452d15c7d6a165181488a5607ae275e2a5133419f5d2d3bb402,D:\QM\strategy_farm\logs\work_item_7e4faadc-ee28-47d4-b0c9-a4dc3b1138ba.log,False,D:\QM\reports\work_items\7e4faadc-ee28-47d4-b0c9-a4dc3b1138ba,FAIL,ONINIT_FAILED|INCOMPLETE_RUNS,0,,,,,,1,0,False,C:\QM\repo\framework\EAs\QM5_10782_tv-smc-btc-r3\sets\QM5_10782_tv-smc-btc-r3_GDAXI.DWX_M15_backtest.set,True,423672a77b2a7cd684385002fc19a00a473d8e3adb4b7849106f3964fd7176bc,,,active,tv-smc-btc-r3,C:\QM\repo\framework\EAs\QM5_10782_tv-smc-btc-r3\QM5_10782_tv-smc-btc-r3.ex5,REPAIR_OR_PREFLIGHT_THEN_GOVERNED_CANARY,False,,,,Most recent row carrying a specific failure signature supplies the primary cause.
QM5_10782,NDX.DWX,INVALID_EVIDENCE_DEFECT,NO_HISTORY_TRANSIENT,12,12,0,0,86cce1dd-caf3-46a2-96cd-063b24547d91,2026-07-28T17:29:26+00:00,86cce1dd-caf3-46a2-96cd-063b24547d91,2026-07-28T17:29:26+00:00,done,2,run_smoke_fail:NO_HISTORY;ONINIT_FAILED;INCOMPLETE_RUNS,summary_missing_retries_exhausted,D:\QM\reports\work_items\86cce1dd-caf3-46a2-96cd-063b24547d91\QM5_10782\20260728_172224\summary.json,True,9cc11def2bcc7ca289aa9546d27e4a7745aa96ea2b1fd5ad53be70010d352a55,D:\QM\strategy_farm\logs\work_item_86cce1dd-caf3-46a2-96cd-063b24547d91.log,False,D:\QM\reports\work_items\86cce1dd-caf3-46a2-96cd-063b24547d91,FAIL,NO_HISTORY|ONINIT_FAILED|INCOMPLETE_RUNS,0,,,,,,1,0,False,C:\QM\repo\framework\EAs\QM5_10782_tv-smc-btc-r3\sets\QM5_10782_tv-smc-btc-r3_NDX.DWX_M15_backtest.set,True,52ee5b4c2d3cd3dab2ad4e98d27ef098132369de162155b4d79c6a6f6c746de8,,,active,tv-smc-btc-r3,C:\QM\repo\framework\EAs\QM5_10782_tv-smc-btc-r3\QM5_10782_tv-smc-btc-r3.ex5,REPAIR_OR_PREFLIGHT_THEN_GOVERNED_CANARY,False,,,,Most recent row carrying a specific failure signature supplies the primary cause.
QM5_10782,WS30.DWX,INVALID_EVIDENCE_DEFECT,ONINIT_FAILED,12,12,0,0,dc293f55-9318-4e50-8434-57eb0734636e,2026-07-28T10:35:15+00:00,dc293f55-9318-4e50-8434-57eb0734636e,2026-07-28T10:35:15+00:00,done,0,run_smoke_fail:ONINIT_FAILED;INCOMPLETE_RUNS,summary_missing_retries_exhausted,D:\QM\reports\work_items\dc293f55-9318-4e50-8434-57eb0734636e\QM5_10782\20260728_103252\summary.json,True,c05958f5b2923b45d45dd933da493bacf715a5183f4a8afef294c4318500bf5a,D:\QM\strategy_farm\logs\work_item_dc293f55-9318-4e50-8434-57eb0734636e.log,False,D:\QM\reports\work_items\dc293f55-9318-4e50-8434-57eb0734636e,FAIL,ONINIT_FAILED|INCOMPLETE_RUNS,0,,,,,,1,0,False,C:\QM\repo\framework\EAs\QM5_10782_tv-smc-btc-r3\sets\QM5_10782_tv-smc-btc-r3_WS30.DWX_M15_backtest.set,True,9b960375c5e1040478914879f6d183201f40815a26b21e4c25d356ab36d389b8,,,active,tv-smc-btc-r3,C:\QM\repo\framework\EAs\QM5_10782_tv-smc-btc-r3\QM5_10782_tv-smc-btc-r3.ex5,REPAIR_OR_PREFLIGHT_THEN_GOVERNED_CANARY,False,,,,Most recent row carrying a specific failure signature supplies the primary cause.
QM5_10782,XAUUSD.DWX,INVALID_EVIDENCE_DEFECT,ONINIT_FAILED,12,12,0,0,953f9158-7e88-4de8-b53a-b06c3b248160,2026-07-31T11:46:32+00:00,953f9158-7e88-4de8-b53a-b06c3b248160,2026-07-31T11:46:32+00:00,done,0,run_smoke_fail:ONINIT_FAILED;INCOMPLETE_RUNS,summary_missing_retries_exhausted,D:\QM\reports\work_items\953f9158-7e88-4de8-b53a-b06c3b248160\QM5_10782\20260731_114607\summary.json,True,98ed66f0eb8157ddf24191997ed4fddbd007290d934ade46251dfc418aa90489,D:\QM\strategy_farm\logs\work_item_953f9158-7e88-4de8-b53a-b06c3b248160.log,False,D:\QM\reports\work_items\953f9158-7e88-4de8-b53a-b06c3b248160,FAIL,ONINIT_FAILED|INCOMPLETE_RUNS,0,,,,,,1,0,False,C:\QM\repo\framework\EAs\QM5_10782_tv-smc-btc-r3\sets\QM5_10782_tv-smc-btc-r3_XAUUSD.DWX_M15_backtest.set,True,94ed478d6c1db9253c64f8cb3720499001267de6957954481107d4d8fc871cb2,,,active,tv-smc-btc-r3,C:\QM\repo\framework\EAs\QM5_10782_tv-smc-btc-r3\QM5_10782_tv-smc-btc-r3.ex5,REPAIR_OR_PREFLIGHT_THEN_GOVERNED_CANARY,False,,,,Most recent row carrying a specific failure signature supplies the primary cause.
QM5_10794,EURUSD.DWX,INVALID_EVIDENCE_DEFECT,ONINIT_FAILED,12,12,0,0,04d5e7f8-f345-48c6-9324-e2d3c4d1926d,2026-06-22T20:22:58+00:00,ced46101-c8d5-44eb-8322-9890f89239ca,2026-06-19T11:10:06+00:00,failed,99,run_smoke_fail:ONINIT_FAILED;INCOMPLETE_RUNS,,,False,,D:\QM\strategy_farm\logs\work_item_ced46101-c8d5-44eb-8322-9890f89239ca.log,False,D:\QM\reports\work_items\ced46101-c8d5-44eb-8322-9890f89239ca,,,,,,,,,0,0,False,C:\QM\repo\framework\EAs\QM5_10794_tv-atr-st\sets\QM5_10794_tv-atr-st_EURUSD.DWX_H1_backtest.set,True,7643748bc980e01d2b0703bf48d6503f88249ec7736eed25757836c68cfef2b0,,,active,tv-atr-st,C:\QM\repo\framework\EAs\QM5_10794_tv-atr-st\QM5_10794_tv-atr-st.ex5,REPAIR_OR_PREFLIGHT_THEN_GOVERNED_CANARY,False,,,,Most recent row carrying a specific failure signature supplies the primary cause.
QM5_10794,NDX.DWX,INVALID_EVIDENCE_DEFECT,ONINIT_FAILED,12,12,0,0,0714fe52-8a20-4c83-8f25-8558e15fab1b,2026-07-27T22:56:33+00:00,0714fe52-8a20-4c83-8f25-8558e15fab1b,2026-07-27T22:56:33+00:00,done,0,run_smoke_fail:ONINIT_FAILED;INCOMPLETE_RUNS,summary_missing_retries_exhausted,D:\QM\reports\work_items\0714fe52-8a20-4c83-8f25-8558e15fab1b\QM5_10794\20260727_225432\summary.json,True,781caba534e01d1975bceffdb13c9aeb86550f2242dfea5c0e6fa5cacf8b3812,D:\QM\strategy_farm\logs\work_item_0714fe52-8a20-4c83-8f25-8558e15fab1b.log,False,D:\QM\reports\work_items\0714fe52-8a20-4c83-8f25-8558e15fab1b,FAIL,ONINIT_FAILED|INCOMPLETE_RUNS,0,,,,,,1,0,False,C:\QM\repo\framework\EAs\QM5_10794_tv-atr-st\sets\QM5_10794_tv-atr-st_NDX.DWX_H1_backtest.set,True,57d363cc28b1d17ca57b29643f5a9bb0d4a0321e5651397d18dc9896a21ca145,,,active,tv-atr-st,C:\QM\repo\framework\EAs\QM5_10794_tv-atr-st\QM5_10794_tv-atr-st.ex5,REPAIR_OR_PREFLIGHT_THEN_GOVERNED_CANARY,False,,,,Most recent row carrying a specific failure signature supplies the primary cause.
QM5_10795,NDX.DWX,INVALID_EVIDENCE_DEFECT,ONINIT_FAILED,13,13,0,0,0e6a9d44-713f-437d-8103-664fec0e0ee7,2026-07-27T23:05:01+00:00,0e6a9d44-713f-437d-8103-664fec0e0ee7,2026-07-27T23:05:01+00:00,done,0,run_smoke_fail:ONINIT_FAILED;INCOMPLETE_RUNS,summary_missing_retries_exhausted,D:\QM\reports\work_items\0e6a9d44-713f-437d-8103-664fec0e0ee7\QM5_10795\20260727_225635\summary.json,True,c42bfa6b01be4f6ddd9086590ae9b626268a8949d2e83fe46837b2f623ad3533,D:\QM\strategy_farm\logs\work_item_0e6a9d44-713f-437d-8103-664fec0e0ee7.log,False,D:\QM\reports\work_items\0e6a9d44-713f-437d-8103-664fec0e0ee7,FAIL,ONINIT_FAILED|INCOMPLETE_RUNS,0,,,,,,1,0,False,C:\QM\repo\framework\EAs\QM5_10795_tv-atr-rip\sets\QM5_10795_tv-atr-rip_NDX.DWX_D1_backtest.set,True,3279b648065768d726cce058e275b79a9e61e2a4d27074fd6d5dfa087d4e62e1,,,active,tv-atr-rip,C:\QM\repo\framework\EAs\QM5_10795_tv-atr-rip\QM5_10795_tv-atr-rip.ex5,REPAIR_OR_PREFLIGHT_THEN_GOVERNED_CANARY,False,,,,Most recent row carrying a specific failure signature supplies the primary cause.
QM5_10850,EURUSD.DWX,INVALID_EVIDENCE_DEFECT,ONINIT_FAILED,12,12,0,0,133f2023-7786-40ea-ba08-83ccd02a93bd,2026-07-28T00:57:22+00:00,133f2023-7786-40ea-ba08-83ccd02a93bd,2026-07-28T00:57:22+00:00,done,0,run_smoke_fail:ONINIT_FAILED;INCOMPLETE_RUNS,summary_missing_retries_exhausted,D:\QM\reports\work_items\133f2023-7786-40ea-ba08-83ccd02a93bd\QM5_10850\20260728_005305\summary.json,True,e388b48a3f4f606d281bdac253274bfd0f8bc6b5c4e1bdd9f99bc95769659959,D:\QM\strategy_farm\logs\work_item_133f2023-7786-40ea-ba08-83ccd02a93bd.log,False,D:\QM\reports\work_items\133f2023-7786-40ea-ba08-83ccd02a93bd,FAIL,ONINIT_FAILED|INCOMPLETE_RUNS,0,,,,,,1,0,False,C:\QM\repo\framework\EAs\QM5_10850_tv-bbmr-long\sets\QM5_10850_tv-bbmr-long_EURUSD.DWX_H1_backtest.set,True,4629aa915bbf1f653b3cf254abc677582cb092894bcde6d28eee6fe2bd07bf99,,,active,tv-bbmr-long,C:\QM\repo\framework\EAs\QM5_10850_tv-bbmr-long\QM5_10850_tv-bbmr-long.ex5,REPAIR_OR_PREFLIGHT_THEN_GOVERNED_CANARY,False,,,,Most recent row carrying a specific failure signature supplies the primary cause.
QM5_10850,GDAXI.DWX,INVALID_EVIDENCE_DEFECT,ONINIT_FAILED,12,12,0,0,01bbbb6a-8e54-4a1d-87e7-9fedb4568e09,2026-07-28T01:40:22+00:00,01bbbb6a-8e54-4a1d-87e7-9fedb4568e09,2026-07-28T01:40:22+00:00,done,0,run_smoke_fail:ONINIT_FAILED;INCOMPLETE_RUNS,summary_missing_retries_exhausted,D:\QM\reports\work_items\01bbbb6a-8e54-4a1d-87e7-9fedb4568e09\QM5_10850\20260728_013555\summary.json,True,0f6dde35adab04315cde72409ea55414cb8f31a6b0303ca17bda125b2b86141d,D:\QM\strategy_farm\logs\work_item_01bbbb6a-8e54-4a1d-87e7-9fedb4568e09.log,False,D:\QM\reports\work_items\01bbbb6a-8e54-4a1d-87e7-9fedb4568e09,FAIL,ONINIT_FAILED|INCOMPLETE_RUNS,0,,,,,,1,0,False,C:\QM\repo\framework\EAs\QM5_10850_tv-bbmr-long\sets\QM5_10850_tv-bbmr-long_GDAXI.DWX_H1_backtest.set,True,510745bb9c630088baece6e3c4cd6722195a4fc4af407cc1889ac8c28358e7c8,,,active,tv-bbmr-long,C:\QM\repo\framework\EAs\QM5_10850_tv-bbmr-long\QM5_10850_tv-bbmr-long.ex5,REPAIR_OR_PREFLIGHT_THEN_GOVERNED_CANARY,False,,,,Most recent row carrying a specific failure signature supplies the primary cause.
QM5_10850,NDX.DWX,INVALID_EVIDENCE_DEFECT,ONINIT_FAILED,12,12,0,0,50a1e9b5-3cf3-4649-8d21-368eac3f076d,2026-07-27T23:09:20+00:00,50a1e9b5-3cf3-4649-8d21-368eac3f076d,2026-07-27T23:09:20+00:00,done,0,run_smoke_fail:ONINIT_FAILED;INCOMPLETE_RUNS,summary_missing_retries_exhausted,D:\QM\reports\work_items\50a1e9b5-3cf3-4649-8d21-368eac3f076d\QM5_10850\20260727_230719\summary.json,True,988fe2bc2e9e9b1f5451e29bbb48d76cf4a8b6088ccefbb96de499f02273b978,D:\QM\strategy_farm\logs\work_item_50a1e9b5-3cf3-4649-8d21-368eac3f076d.log,False,D:\QM\reports\work_items\50a1e9b5-3cf3-4649-8d21-368eac3f076d,FAIL,ONINIT_FAILED|INCOMPLETE_RUNS,0,,,,,,1,0,False,C:\QM\repo\framework\EAs\QM5_10850_tv-bbmr-long\sets\QM5_10850_tv-bbmr-long_NDX.DWX_H1_backtest.set,True,413c9fd23dc2121020bce24ea24360b800bc980aa867005451c14fc9990cf8a3,,,active,tv-bbmr-long,C:\QM\repo\framework\EAs\QM5_10850_tv-bbmr-long\QM5_10850_tv-bbmr-long.ex5,REPAIR_OR_PREFLIGHT_THEN_GOVERNED_CANARY,False,,,,Most recent row carrying a specific failure signature supplies the primary cause.
QM5_10850,WS30.DWX,INVALID_EVIDENCE_DEFECT,ONINIT_FAILED,12,12,0,0,28fe4a90-71d1-4f9a-a70e-0f7a40cdec35,2026-07-27T23:23:19+00:00,28fe4a90-71d1-4f9a-a70e-0f7a40cdec35,2026-07-27T23:23:19+00:00,done,0,run_smoke_fail:ONINIT_FAILED;INCOMPLETE_RUNS,summary_missing_retries_exhausted,D:\QM\reports\work_items\28fe4a90-71d1-4f9a-a70e-0f7a40cdec35\QM5_10850\20260727_231913\summary.json,True,8ce95466ce0e20e9073cd236ffcf2ab31d29f96e6dbbdc73396dfdac92508eac,D:\QM\strategy_farm\logs\work_item_28fe4a90-71d1-4f9a-a70e-0f7a40cdec35.log,False,D:\QM\reports\work_items\28fe4a90-71d1-4f9a-a70e-0f7a40cdec35,FAIL,ONINIT_FAILED|INCOMPLETE_RUNS,0,,,,,,1,0,False,C:\QM\repo\framework\EAs\QM5_10850_tv-bbmr-long\sets\QM5_10850_tv-bbmr-long_WS30.DWX_H1_backtest.set,True,10a1a0110df4b218f909d879a23f14130db12b3cc5864eccc011139b20c05e08,,,active,tv-bbmr-long,C:\QM\repo\framework\EAs\QM5_10850_tv-bbmr-long\QM5_10850_tv-bbmr-long.ex5,REPAIR_OR_PREFLIGHT_THEN_GOVERNED_CANARY,False,,,,Most recent row carrying a specific failure signature supplies the primary cause.
QM5_10850,XAUUSD.DWX,INVALID_EVIDENCE_DEFECT,ONINIT_FAILED,12,12,0,0,15d6d0fd-210d-42fe-9c68-2cc88d99c117,2026-07-28T14:54:10+00:00,15d6d0fd-210d-42fe-9c68-2cc88d99c117,2026-07-28T14:54:10+00:00,done,0,run_smoke_fail:ONINIT_FAILED;INCOMPLETE_RUNS,summary_missing_retries_exhausted,D:\QM\reports\work_items\15d6d0fd-210d-42fe-9c68-2cc88d99c117\QM5_10850\20260728_145144\summary.json,True,7ff3da0722fc5764949c7b78065d51c052ba1c328f1e487d5e7b9def4adedba1,D:\QM\strategy_farm\logs\work_item_15d6d0fd-210d-42fe-9c68-2cc88d99c117.log,False,D:\QM\reports\work_items\15d6d0fd-210d-42fe-9c68-2cc88d99c117,FAIL,ONINIT_FAILED|INCOMPLETE_RUNS,0,,,,,,1,0,False,C:\QM\repo\framework\EAs\QM5_10850_tv-bbmr-long\sets\QM5_10850_tv-bbmr-long_XAUUSD.DWX_H1_backtest.set,True,0935142b83baf78e5c3e7ce19bf8a24bd29ccebae0fc8127e2a2402847711661,,,active,tv-bbmr-long,C:\QM\repo\framework\EAs\QM5_10850_tv-bbmr-long\QM5_10850_tv-bbmr-long.ex5,REPAIR_OR_PREFLIGHT_THEN_GOVERNED_CANARY,False,,,,Most recent row carrying a specific failure signature supplies the primary cause.
QM5_10882,NDX.DWX,INVALID_EVIDENCE_DEFECT,ONINIT_FAILED,12,12,0,0,2402163d-4370-4065-89b9-00124e1c566f,2026-07-29T06:48:43+00:00,2402163d-4370-4065-89b9-00124e1c566f,2026-07-29T06:48:43+00:00,done,0,run_smoke_fail:ONINIT_FAILED;INCOMPLETE_RUNS,summary_missing_retries_exhausted,D:\QM\reports\work_items\2402163d-4370-4065-89b9-00124e1c566f\QM5_10882\20260729_064630\summary.json,True,6aa2f682535c3847bda6179424a5f8a2292252502ec61d106e8e8b95303f85ac,D:\QM\strategy_farm\logs\work_item_2402163d-4370-4065-89b9-00124e1c566f.log,False,D:\QM\reports\work_items\2402163d-4370-4065-89b9-00124e1c566f,FAIL,ONINIT_FAILED|INCOMPLETE_RUNS,0,,,,,,1,0,True,C:\QM\repo\framework\EAs\QM5_10882_nt-bear-rsi\sets\QM5_10882_nt-bear-rsi_NDX.DWX_D1_backtest.set,True,fe1f2ddb8e343ff17806422920587bfbd5321277a18478ee70a6045091839c24,,,active,nt-bear-rsi,C:\QM\repo\framework\EAs\QM5_10882_nt-bear-rsi\QM5_10882_nt-bear-rsi.ex5,REPAIR_OR_PREFLIGHT_THEN_GOVERNED_CANARY,False,,,,Most recent row carrying a specific failure signature supplies the primary cause.
QM5_10882,SP500.DWX,INVALID_EVIDENCE_DEFECT,ONINIT_FAILED,12,12,0,0,9cb9395b-b882-4d52-9d0e-0ce71cd3fb5d,2026-07-28T18:35:40+00:00,9cb9395b-b882-4d52-9d0e-0ce71cd3fb5d,2026-07-28T18:35:40+00:00,done,0,run_smoke_fail:ONINIT_FAILED;INCOMPLETE_RUNS,summary_missing_retries_exhausted,D:\QM\reports\work_items\9cb9395b-b882-4d52-9d0e-0ce71cd3fb5d\QM5_10882\20260728_183310\summary.json,True,57868a7ac4f648645554fefacfff15a43b97816e63b3d41909047c42ae92b7dc,D:\QM\strategy_farm\logs\work_item_9cb9395b-b882-4d52-9d0e-0ce71cd3fb5d.log,False,D:\QM\reports\work_items\9cb9395b-b882-4d52-9d0e-0ce71cd3fb5d,FAIL,ONINIT_FAILED|INCOMPLETE_RUNS,0,,,,,,1,0,False,C:\QM\repo\framework\EAs\QM5_10882_nt-bear-rsi\sets\QM5_10882_nt-bear-rsi_SP500.DWX_D1_backtest.set,True,2ded16f3098e0536f3b448b91910c90639307307678b2d66b5af9a2a285d3210,,,active,nt-bear-rsi,C:\QM\repo\framework\EAs\QM5_10882_nt-bear-rsi\QM5_10882_nt-bear-rsi.ex5,REPAIR_OR_PREFLIGHT_THEN_GOVERNED_CANARY,False,,,,Most recent row carrying a specific failure signature supplies the primary cause.
QM5_10882,WS30.DWX,INVALID_EVIDENCE_DEFECT,ONINIT_FAILED,12,12,0,0,047210eb-272b-4e26-88ab-ed23f0fd525f,2026-07-28T18:38:15+00:00,047210eb-272b-4e26-88ab-ed23f0fd525f,2026-07-28T18:38:15+00:00,done,0,run_smoke_fail:ONINIT_FAILED;INCOMPLETE_RUNS,summary_missing_retries_exhausted,D:\QM\reports\work_items\047210eb-272b-4e26-88ab-ed23f0fd525f\QM5_10882\20260728_183542\summary.json,True,6b5b78db186f8e6db60675914857cec3769b5948a5b54eb35d1c928eedd2e0f7,D:\QM\strategy_farm\logs\work_item_047210eb-272b-4e26-88ab-ed23f0fd525f.log,False,D:\QM\reports\work_items\047210eb-272b-4e26-88ab-ed23f0fd525f,FAIL,ONINIT_FAILED|INCOMPLETE_RUNS,0,,,,,,1,0,False,C:\QM\repo\framework\EAs\QM5_10882_nt-bear-rsi\sets\QM5_10882_nt-bear-rsi_WS30.DWX_D1_backtest.set,True,fd874a06d68033694e19030269ba5e0a67f75b2d5d242843d441c15d4e84506f,,,active,nt-bear-rsi,C:\QM\repo\framework\EAs\QM5_10882_nt-bear-rsi\QM5_10882_nt-bear-rsi.ex5,REPAIR_OR_PREFLIGHT_THEN_GOVERNED_CANARY,False,,,,Most recent row carrying a specific failure signature supplies the primary cause.
QM5_10907,EURUSD.DWX,INVALID_EVIDENCE_DEFECT,ACTIVE_TIMEOUT,12,12,0,0,a012dfad-e627-4d1a-a40f-683864036a38,2026-07-29T12:18:03+00:00,a012dfad-e627-4d1a-a40f-683864036a38,2026-07-29T12:18:03+00:00,failed,2,ACTIVE_TIMEOUT,,D:\QM\reports\work_items\a012dfad-e627-4d1a-a40f-683864036a38\QM5_10907\20260726_224639\summary.json,True,8fb2a715d7460595fc4f2e5b6b35a9005eae5582ae55fad4d04bfe9243d03823,D:\QM\strategy_farm\logs\work_item_a012dfad-e627-4d1a-a40f-683864036a38.log,False,D:\QM\reports\work_items\a012dfad-e627-4d1a-a40f-683864036a38,FAIL,NO_HISTORY|INCOMPLETE_RUNS,0,,,,,,1,0,True,C:\QM\repo\framework\EAs\QM5_10907_carter-ema60-pb\sets\QM5_10907_carter-ema60-pb_EURUSD.DWX_H1_backtest.set,True,c772a9f241565061c1b47c7fc9062bfcde74cf1010ab7252c6805266026a1b3f,,,active,carter-ema60-pb,C:\QM\repo\framework\EAs\QM5_10907_carter-ema60-pb\QM5_10907_carter-ema60-pb.ex5,REPAIR_OR_PREFLIGHT_THEN_GOVERNED_CANARY,False,,,,Most recent row carrying a specific failure signature supplies the primary cause.
QM5_11029,EURJPY.DWX,UNCLEAR,SUMMARY_MISSING_NO_ROW_BOUND_AGGREGATE,12,12,0,0,96732da9-2117-4d89-99e3-0df574faef97,2026-06-24T07:31:54+00:00,96732da9-2117-4d89-99e3-0df574faef97,2026-06-24T07:31:54+00:00,failed,2,summary_missing_retries_exhausted,summary_missing_retries_exhausted,,False,,D:\QM\strategy_farm\logs\work_item_96732da9-2117-4d89-99e3-0df574faef97.log,False,D:\QM\reports\work_items\96732da9-2117-4d89-99e3-0df574faef97,,,,,,,,,0,0,False,C:\QM\repo\framework\EAs\QM5_11029_atc-time-momo\sets\QM5_11029_atc-time-momo_EURJPY.DWX_M5_backtest.set,True,d60d361d6eacbda8364ca0f905a5bc525752e113b173ee68689236ea9c445af1,,,active,atc-time-momo,C:\QM\repo\framework\EAs\QM5_11029_atc-time-momo\QM5_11029_atc-time-momo.ex5,FORENSIC_REVIEW_NO_REQUEUE,False,,,,Only generic summary-missing history remains; no readable row-bound aggregate or specific failure signature.
QM5_11029,GBPUSD.DWX,UNCLEAR,SUMMARY_MISSING_NO_ROW_BOUND_AGGREGATE,12,12,0,0,7f472a60-ae41-4515-b783-27f0dac6cf6f,2026-06-24T10:27:55+00:00,7f472a60-ae41-4515-b783-27f0dac6cf6f,2026-06-24T10:27:55+00:00,failed,2,summary_missing_retries_exhausted,summary_missing_retries_exhausted,,False,,D:\QM\strategy_farm\logs\work_item_7f472a60-ae41-4515-b783-27f0dac6cf6f.log,False,D:\QM\reports\work_items\7f472a60-ae41-4515-b783-27f0dac6cf6f,,,,,,,,,0,0,False,C:\QM\repo\framework\EAs\QM5_11029_atc-time-momo\sets\QM5_11029_atc-time-momo_GBPUSD.DWX_M5_backtest.set,True,432a99c0b540cf82c5244e28e255d5db0ea3bc29bf7c43e42d6cc510948b22eb,,,active,atc-time-momo,C:\QM\repo\framework\EAs\QM5_11029_atc-time-momo\QM5_11029_atc-time-momo.ex5,FORENSIC_REVIEW_NO_REQUEUE,False,,,,Only generic summary-missing history remains; no readable row-bound aggregate or specific failure signature.
QM5_11029,USDJPY.DWX,UNCLEAR,SUMMARY_MISSING_NO_ROW_BOUND_AGGREGATE,12,12,0,0,4fa13f1d-29d8-4643-b9b0-cf2b8b278588,2026-06-24T07:34:13+00:00,4fa13f1d-29d8-4643-b9b0-cf2b8b278588,2026-06-24T07:34:13+00:00,failed,2,summary_missing_retries_exhausted,summary_missing_retries_exhausted,,False,,D:\QM\strategy_farm\logs\work_item_4fa13f1d-29d8-4643-b9b0-cf2b8b278588.log,False,D:\QM\reports\work_items\4fa13f1d-29d8-4643-b9b0-cf2b8b278588,,,,,,,,,0,0,False,C:\QM\repo\framework\EAs\QM5_11029_atc-time-momo\sets\QM5_11029_atc-time-momo_USDJPY.DWX_M5_backtest.set,True,f6811183383eaf6bfbc7d21c16282a62dedb7195284f0ca5138548204c32264f,,,active,atc-time-momo,C:\QM\repo\framework\EAs\QM5_11029_atc-time-momo\QM5_11029_atc-time-momo.ex5,FORENSIC_REVIEW_NO_REQUEUE,False,,,,Only generic summary-missing history remains; no readable row-bound aggregate or specific failure signature.
QM5_11056,NDX.DWX,INVALID_EVIDENCE_DEFECT,ACTIVE_TIMEOUT,12,12,0,0,090e3cdb-1e97-4d3c-ad56-daebf6ae2b5a,2026-08-07T17:14:13+00:00,090e3cdb-1e97-4d3c-ad56-daebf6ae2b5a,2026-08-07T17:14:13+00:00,failed,1,ACTIVE_TIMEOUT,,,False,,D:\QM\strategy_farm\logs\work_item_090e3cdb-1e97-4d3c-ad56-daebf6ae2b5a.log,False,D:\QM\reports\work_items\090e3cdb-1e97-4d3c-ad56-daebf6ae2b5a,,,,,,,,,5,0,True,C:\QM\repo\framework\EAs\QM5_11056_pst-normmom\sets\QM5_11056_pst-normmom_NDX.DWX_H1_backtest.set,True,7585019c56044a466252e91425b8688c4e75e5a42010d74ae4fb7e633382c55e,,,active,pst-normmom,C:\QM\repo\framework\EAs\QM5_11056_pst-normmom\QM5_11056_pst-normmom.ex5,REPAIR_OR_PREFLIGHT_THEN_GOVERNED_CANARY,False,,,,Most recent row carrying a specific failure signature supplies the primary cause.
QM5_11062,AUDUSD.DWX,INVALID_EVIDENCE_DEFECT,LOG_BOMB,15,15,0,0,0b919d67-60ce-4188-9073-e6ac904a58ce,2026-07-28T14:23:15+00:00,0b919d67-60ce-4188-9073-e6ac904a58ce,2026-07-28T14:23:15+00:00,done,0,run_smoke_fail:LOG_BOMB;INCOMPLETE_RUNS,summary_missing_retries_exhausted,D:\QM\reports\work_items\0b919d67-60ce-4188-9073-e6ac904a58ce\QM5_11062\20260728_141533\summary.json,True,8f71eb20bf984699afc33e4a4a23d90e770f09d2051c22a964461b0d794c7a86,D:\QM\strategy_farm\logs\work_item_0b919d67-60ce-4188-9073-e6ac904a58ce.log,False,D:\QM\reports\work_items\0b919d67-60ce-4188-9073-e6ac904a58ce,FAIL,LOG_BOMB|INCOMPLETE_RUNS,0,,,,,,1,0,False,C:\QM\repo\framework\EAs\QM5_11062_pst-scalper\sets\QM5_11062_pst-scalper_AUDUSD.DWX_M1_backtest.set,True,6c8dac1e255d7d263d57c458c0ca0ca32ffd17f35b8a1c1343a6748f77db1316,,,active,pst-scalper,C:\QM\repo\framework\EAs\QM5_11062_pst-scalper\QM5_11062_pst-scalper.ex5,REPAIR_OR_PREFLIGHT_THEN_GOVERNED_CANARY,False,,,,Most recent row carrying a specific failure signature supplies the primary cause.
QM5_11062,EURUSD.DWX,INVALID_EVIDENCE_DEFECT,ONINIT_FAILED,15,15,0,0,dd6ecd29-3bbc-41d8-b34a-7240e8d3bfc5,2026-07-28T16:51:54+00:00,dd6ecd29-3bbc-41d8-b34a-7240e8d3bfc5,2026-07-28T16:51:54+00:00,done,0,run_smoke_fail:ONINIT_FAILED;INCOMPLETE_RUNS,summary_missing_retries_exhausted,D:\QM\reports\work_items\dd6ecd29-3bbc-41d8-b34a-7240e8d3bfc5\QM5_11062\20260728_164919\summary.json,True,9b7041ad3aaf5d607f989eb19cc17c6de63f05ea1695b00d42b1705bed0e6b69,D:\QM\strategy_farm\logs\work_item_dd6ecd29-3bbc-41d8-b34a-7240e8d3bfc5.log,False,D:\QM\reports\work_items\dd6ecd29-3bbc-41d8-b34a-7240e8d3bfc5,FAIL,ONINIT_FAILED|INCOMPLETE_RUNS,0,,,,,,1,0,False,C:\QM\repo\framework\EAs\QM5_11062_pst-scalper\sets\QM5_11062_pst-scalper_EURUSD.DWX_M1_backtest.set,True,59b3d8e7f7483ed2403c4fdee895fe4f93810c963551c271e0bda53d3a4f2110,,,active,pst-scalper,C:\QM\repo\framework\EAs\QM5_11062_pst-scalper\QM5_11062_pst-scalper.ex5,REPAIR_OR_PREFLIGHT_THEN_GOVERNED_CANARY,False,,,,Most recent row carrying a specific failure signature supplies the primary cause.
QM5_11062,NDX.DWX,INVALID_EVIDENCE_DEFECT,ACTIVE_TIMEOUT,15,15,0,0,e012f2d0-4c96-4a13-84e0-7ab0187239dd,2026-07-29T12:18:03+00:00,e012f2d0-4c96-4a13-84e0-7ab0187239dd,2026-07-29T12:18:03+00:00,failed,2,ACTIVE_TIMEOUT,summary_missing_retries_exhausted,D:\QM\reports\work_items\e012f2d0-4c96-4a13-84e0-7ab0187239dd\QM5_11062\20260728_144616\summary.json,True,0eebeb180ad2ae368457a896e4284bd56dfa2df5fb79376b4b0c9f4ae3f10328,D:\QM\strategy_farm\logs\work_item_e012f2d0-4c96-4a13-84e0-7ab0187239dd.log,False,D:\QM\reports\work_items\e012f2d0-4c96-4a13-84e0-7ab0187239dd,FAIL,NO_HISTORY|INCOMPLETE_RUNS,0,,,,,,1,0,False,C:\QM\repo\framework\EAs\QM5_11062_pst-scalper\sets\QM5_11062_pst-scalper_NDX.DWX_M1_backtest.set,True,7d5ab45e1fd120b4005d587fd2be55f8873bca99b35133e694863c2143de519e,,,active,pst-scalper,C:\QM\repo\framework\EAs\QM5_11062_pst-scalper\QM5_11062_pst-scalper.ex5,REPAIR_OR_PREFLIGHT_THEN_GOVERNED_CANARY,False,,,,Most recent row carrying a specific failure signature supplies the primary cause.
QM5_11078,GBPUSD.DWX,INVALID_EVIDENCE_DEFECT,ONINIT_FAILED,12,12,0,0,f42e4787-01cc-405f-9b81-84b723073587,2026-07-28T11:51:05+00:00,f42e4787-01cc-405f-9b81-84b723073587,2026-07-28T11:51:05+00:00,done,0,run_smoke_fail:ONINIT_FAILED;INCOMPLETE_RUNS,summary_missing_retries_exhausted,D:\QM\reports\work_items\f42e4787-01cc-405f-9b81-84b723073587\QM5_11078\20260728_114230\summary.json,True,97c05211fb96a8efc10dab6e006cd65476511b77e892fcb19dc557426c83161d,D:\QM\strategy_farm\logs\work_item_f42e4787-01cc-405f-9b81-84b723073587.log,False,D:\QM\reports\work_items\f42e4787-01cc-405f-9b81-84b723073587,FAIL,ONINIT_FAILED|INCOMPLETE_RUNS,0,,,,,,1,0,False,C:\QM\repo\framework\EAs\QM5_11078_rsioma-reversal\sets\QM5_11078_rsioma-reversal_GBPUSD.DWX_H4_backtest.set,True,0a7b88fa2fe3a0aa83a80587d436d7541c72da63800f8558ed3ef81d41145cdd,,,active,rsioma-reversal,C:\QM\repo\framework\EAs\QM5_11078_rsioma-reversal\QM5_11078_rsioma-reversal.ex5,REPAIR_OR_PREFLIGHT_THEN_GOVERNED_CANARY,False,,,,Most recent row carrying a specific failure signature supplies the primary cause.
QM5_11078,USDCAD.DWX,INVALID_EVIDENCE_DEFECT,ACTIVE_TIMEOUT,12,12,0,0,8b32696d-b5cf-45c0-bd4e-429b799b7e59,2026-07-29T12:18:03+00:00,8b32696d-b5cf-45c0-bd4e-429b799b7e59,2026-07-29T12:18:03+00:00,failed,0,ACTIVE_TIMEOUT,summary_missing_retries_exhausted,D:\QM\strategy_farm\logs\work_item_8b32696d-b5cf-45c0-bd4e-429b799b7e59.log,False,,D:\QM\strategy_farm\logs\work_item_8b32696d-b5cf-45c0-bd4e-429b799b7e59.log,False,D:\QM\reports\work_items\8b32696d-b5cf-45c0-bd4e-429b799b7e59,,,,,,,,,0,0,False,C:\QM\repo\framework\EAs\QM5_11078_rsioma-reversal\sets\QM5_11078_rsioma-reversal_USDCAD.DWX_H4_backtest.set,True,9ad6dd21308f0a4d042a73b03cbcb4ef85185b77312380fbc6e9ecc1cb87189b,,,active,rsioma-reversal,C:\QM\repo\framework\EAs\QM5_11078_rsioma-reversal\QM5_11078_rsioma-reversal.ex5,REPAIR_OR_PREFLIGHT_THEN_GOVERNED_CANARY,False,,,,Most recent row carrying a specific failure signature supplies the primary cause.
QM5_11091,GBPUSD.DWX,INVALID_EVIDENCE_DEFECT,ONINIT_FAILED,12,12,0,0,139a4999-c82d-4453-bbb4-686faea1512e,2026-07-27T22:48:07+00:00,139a4999-c82d-4453-bbb4-686faea1512e,2026-07-27T22:48:07+00:00,done,0,run_smoke_fail:ONINIT_FAILED;INCOMPLETE_RUNS,summary_missing_retries_exhausted,D:\QM\reports\work_items\139a4999-c82d-4453-bbb4-686faea1512e\QM5_11091\20260727_224559\summary.json,True,e87fdcf1d8920b41a4a8208d0a95f129d50401ccf1f4a61286ea96771438d2d0,D:\QM\strategy_farm\logs\work_item_139a4999-c82d-4453-bbb4-686faea1512e.log,False,D:\QM\reports\work_items\139a4999-c82d-4453-bbb4-686faea1512e,FAIL,ONINIT_FAILED|INCOMPLETE_RUNS,0,,,,,,1,0,True,C:\QM\repo\framework\EAs\QM5_11091_stoch-mtf-state\sets\QM5_11091_stoch-mtf-state_GBPUSD.DWX_H1_backtest.set,True,9b214cd9cb337f00764e18add9ebf7eb63076f2586bc65375bbb8a50f12e0855,,,active,stoch-mtf-state,C:\QM\repo\framework\EAs\QM5_11091_stoch-mtf-state\QM5_11091_stoch-mtf-state.ex5,REPAIR_OR_PREFLIGHT_THEN_GOVERNED_CANARY,False,,,,Most recent row carrying a specific failure signature supplies the primary cause.
QM5_11091,USDJPY.DWX,INVALID_EVIDENCE_DEFECT,ONINIT_FAILED,12,12,0,0,13c8e7af-cc28-463a-8749-261472858b74,2026-07-28T00:17:25+00:00,13c8e7af-cc28-463a-8749-261472858b74,2026-07-28T00:17:25+00:00,done,0,run_smoke_fail:ONINIT_FAILED;INCOMPLETE_RUNS,summary_missing_retries_exhausted,D:\QM\reports\work_items\13c8e7af-cc28-463a-8749-261472858b74\QM5_11091\20260728_000847\summary.json,True,61338d915df53a96ac1775f0f5bc413bc413fb03799f32b60644380893a7640c,D:\QM\strategy_farm\logs\work_item_13c8e7af-cc28-463a-8749-261472858b74.log,False,D:\QM\reports\work_items\13c8e7af-cc28-463a-8749-261472858b74,FAIL,ONINIT_FAILED|INCOMPLETE_RUNS,0,,,,,,1,0,False,C:\QM\repo\framework\EAs\QM5_11091_stoch-mtf-state\sets\QM5_11091_stoch-mtf-state_USDJPY.DWX_H1_backtest.set,True,d59688803a01474022921d79220d70946eb4f08d2066584ede38ccd27c38b283,,,active,stoch-mtf-state,C:\QM\repo\framework\EAs\QM5_11091_stoch-mtf-state\QM5_11091_stoch-mtf-state.ex5,REPAIR_OR_PREFLIGHT_THEN_GOVERNED_CANARY,False,,,,Most recent row carrying a specific failure signature supplies the primary cause.
QM5_11091,XAUUSD.DWX,INVALID_EVIDENCE_DEFECT,ONINIT_FAILED,12,12,0,0,2c4658b1-07a3-48c2-886c-7bf51c0b0767,2026-07-28T14:44:01+00:00,2c4658b1-07a3-48c2-886c-7bf51c0b0767,2026-07-28T14:44:01+00:00,done,0,run_smoke_fail:ONINIT_FAILED;INCOMPLETE_RUNS,summary_missing_retries_exhausted,D:\QM\reports\work_items\2c4658b1-07a3-48c2-886c-7bf51c0b0767\QM5_11091\20260728_144101\summary.json,True,e3d55202d286578bdc072c838250e1b30bd09e70cf1bfdd44ac5dc36724141f6,D:\QM\strategy_farm\logs\work_item_2c4658b1-07a3-48c2-886c-7bf51c0b0767.log,False,D:\QM\reports\work_items\2c4658b1-07a3-48c2-886c-7bf51c0b0767,FAIL,ONINIT_FAILED|INCOMPLETE_RUNS,0,,,,,,1,0,False,C:\QM\repo\framework\EAs\QM5_11091_stoch-mtf-state\sets\QM5_11091_stoch-mtf-state_XAUUSD.DWX_H1_backtest.set,True,14b380aee9a7a9f9f461e6860a2497bcb4c7d0b24a7934d8d20903fa247b1b80,,,active,stoch-mtf-state,C:\QM\repo\framework\EAs\QM5_11091_stoch-mtf-state\QM5_11091_stoch-mtf-state.ex5,REPAIR_OR_PREFLIGHT_THEN_GOVERNED_CANARY,False,,,,Most recent row carrying a specific failure signature supplies the primary cause.
QM5_11096,XAUUSD.DWX,INVALID_EVIDENCE_DEFECT,ACTIVE_TIMEOUT,12,12,0,0,533c2222-bff6-4276-b0d2-ff2a136f7721,2026-07-31T11:27:59+00:00,533c2222-bff6-4276-b0d2-ff2a136f7721,2026-07-31T11:27:59+00:00,failed,0,ACTIVE_TIMEOUT,summary_missing_retries_exhausted,,False,,D:\QM\strategy_farm\logs\work_item_533c2222-bff6-4276-b0d2-ff2a136f7721.log,False,D:\QM\reports\work_items\533c2222-bff6-4276-b0d2-ff2a136f7721,,,,,,,,,0,0,False,C:\QM\repo\framework\EAs\QM5_11096_tdi-mbl-cross\sets\QM5_11096_tdi-mbl-cross_XAUUSD.DWX_H1_backtest.set,True,d0bed2d8f9074fd3162648e02fea353a4d10e5218e036c2fca33e72a755a2dfc,,,active,tdi-mbl-cross,C:\QM\repo\framework\EAs\QM5_11096_tdi-mbl-cross\QM5_11096_tdi-mbl-cross.ex5,REPAIR_OR_PREFLIGHT_THEN_GOVERNED_CANARY,False,,,,Most recent row carrying a specific failure signature supplies the primary cause.
QM5_11100,AUDUSD.DWX,INVALID_EVIDENCE_DEFECT,ACTIVE_TIMEOUT,13,13,0,0,3047390b-7336-448a-a62d-93b86defe021,2026-08-02T07:20:32+00:00,3047390b-7336-448a-a62d-93b86defe021,2026-08-02T07:20:32+00:00,failed,1,ACTIVE_TIMEOUT,,,False,,D:\QM\strategy_farm\logs\work_item_3047390b-7336-448a-a62d-93b86defe021.log,False,D:\QM\reports\work_items\3047390b-7336-448a-a62d-93b86defe021,,,,,,,,,0,0,False,C:\QM\repo\framework\EAs\QM5_11100_csl-strength-cross\sets\QM5_11100_csl-strength-cross_AUDUSD.DWX_H1_backtest.set,True,77ab664ff4bb526a4497c20aaf9f479947017467f883cdf749655c5e23938574,,,active,csl-strength-cross,C:\QM\repo\framework\EAs\QM5_11100_csl-strength-cross\QM5_11100_csl-strength-cross.ex5,REPAIR_OR_PREFLIGHT_THEN_GOVERNED_CANARY,False,,,,Most recent row carrying a specific failure signature supplies the primary cause.
QM5_11145,GER40.DWX,INVALID_EVIDENCE_DEFECT,SETFILE_MISSING,12,12,0,0,1e550769-acdd-4b02-87c1-36560504d04a,2026-06-25T15:31:16+00:00,1e550769-acdd-4b02-87c1-36560504d04a,2026-06-25T15:31:16+00:00,done,2,run_smoke_fail:REPORT_MISSING;INCOMPLETE_RUNS,,D:\QM\reports\work_items\1e550769-acdd-4b02-87c1-36560504d04a\QM5_11145\20260625_152707\summary.json,False,,D:\QM\strategy_farm\logs\work_item_1e550769-acdd-4b02-87c1-36560504d04a.log,False,D:\QM\reports\work_items\1e550769-acdd-4b02-87c1-36560504d04a,,,,,,,,,0,0,False,C:\QM\repo\framework\EAs\QM5_11145_vbt-pair-z\sets\QM5_11145_vbt-pair-z_GER40.DWX_D1_backtest.set,False,,SETFILE_MISSING,,active,vbt-pair-z,C:\QM\repo\framework\EAs\QM5_11145_vbt-pair-z\QM5_11145_vbt-pair-z.ex5,REPAIR_SETFILE_BEFORE_ANY_CANARY,False,,,,Latest bound setfile path is absent on the canonical checkout.
QM5_11147,FTSE100.DWX,INVALID_EVIDENCE_DEFECT,SETFILE_MISSING,12,12,0,0,27cbab9d-0e29-4c13-9caa-39ff9d4c86d7,2026-06-25T12:39:47+00:00,27cbab9d-0e29-4c13-9caa-39ff9d4c86d7,2026-06-25T12:39:47+00:00,done,1,run_smoke_fail:REPORT_MISSING;INCOMPLETE_RUNS,,D:\QM\reports\work_items\27cbab9d-0e29-4c13-9caa-39ff9d4c86d7\QM5_11147\20260625_123539\summary.json,False,,D:\QM\strategy_farm\logs\work_item_27cbab9d-0e29-4c13-9caa-39ff9d4c86d7.log,False,D:\QM\reports\work_items\27cbab9d-0e29-4c13-9caa-39ff9d4c86d7,,,,,,,,,0,0,False,C:\QM\repo\framework\EAs\QM5_11147_clenow-vam-rot\sets\QM5_11147_clenow-vam-rot_FTSE100.DWX_D1_backtest.set,False,,SETFILE_MISSING,,active,clenow-vam-rot,C:\QM\repo\framework\EAs\QM5_11147_clenow-vam-rot\QM5_11147_clenow-vam-rot.ex5,REPAIR_SETFILE_BEFORE_ANY_CANARY,False,,,,Latest bound setfile path is absent on the canonical checkout.
QM5_11147,GER40.DWX,INVALID_EVIDENCE_DEFECT,SETFILE_MISSING,12,12,0,0,af578b68-ba7a-47f5-bd47-9dd1d35d6465,2026-06-25T13:03:55+00:00,af578b68-ba7a-47f5-bd47-9dd1d35d6465,2026-06-25T13:03:55+00:00,done,1,run_smoke_fail:REPORT_MISSING;INCOMPLETE_RUNS,,D:\QM\reports\work_items\af578b68-ba7a-47f5-bd47-9dd1d35d6465\QM5_11147\20260625_125947\summary.json,False,,D:\QM\strategy_farm\logs\work_item_af578b68-ba7a-47f5-bd47-9dd1d35d6465.log,False,D:\QM\reports\work_items\af578b68-ba7a-47f5-bd47-9dd1d35d6465,,,,,,,,,0,0,False,C:\QM\repo\framework\EAs\QM5_11147_clenow-vam-rot\sets\QM5_11147_clenow-vam-rot_GER40.DWX_D1_backtest.set,False,,SETFILE_MISSING,,active,clenow-vam-rot,C:\QM\repo\framework\EAs\QM5_11147_clenow-vam-rot\QM5_11147_clenow-vam-rot.ex5,REPAIR_SETFILE_BEFORE_ANY_CANARY,False,,,,Latest bound setfile path is absent on the canonical checkout.
QM5_11160,GER40.DWX,INVALID_EVIDENCE_DEFECT,SETFILE_MISSING,12,12,0,0,00ed8067-60fe-4df8-922d-2563b77f54d2,2026-06-25T00:36:35+00:00,00ed8067-60fe-4df8-922d-2563b77f54d2,2026-06-25T00:36:35+00:00,failed,2,summary_missing_retries_exhausted,summary_missing_retries_exhausted,,False,,D:\QM\strategy_farm\logs\work_item_00ed8067-60fe-4df8-922d-2563b77f54d2.log,False,D:\QM\reports\work_items\00ed8067-60fe-4df8-922d-2563b77f54d2,,,,,,,,,0,0,False,C:\QM\repo\framework\EAs\QM5_11160_dwx-brk-risk\sets\QM5_11160_dwx-brk-risk_GER40.DWX_H1_backtest.set,False,,SETFILE_MISSING,,active,dwx-brk-risk,C:\QM\repo\framework\EAs\QM5_11160_dwx-brk-risk\QM5_11160_dwx-brk-risk.ex5,REPAIR_SETFILE_BEFORE_ANY_CANARY,False,,,,Latest bound setfile path is absent on the canonical checkout.
QM5_11223,EURUSD.DWX,UNCLEAR,SUMMARY_MISSING_NO_ROW_BOUND_AGGREGATE,13,13,0,0,0fd26a14-b6eb-4d7a-a001-3e82de22c465,2026-06-22T19:37:26+00:00,0fd26a14-b6eb-4d7a-a001-3e82de22c465,2026-06-22T19:37:26+00:00,done,99,summary_missing_retries_exhausted,summary_missing_retries_exhausted,,False,,D:\QM\strategy_farm\logs\work_item_0fd26a14-b6eb-4d7a-a001-3e82de22c465.log,False,D:\QM\reports\work_items\0fd26a14-b6eb-4d7a-a001-3e82de22c465,,,,,,,,,0,0,False,C:\QM\repo\framework\EAs\QM5_11223_ft-simple\sets\QM5_11223_ft-simple_EURUSD.DWX_M5_backtest.set,True,abba1cb7eb2d3fefa5b305df28a811db659e521c5760ebb3a4e80f7fbe875e7f,,,active,ft-simple,C:\QM\repo\framework\EAs\QM5_11223_ft-simple\QM5_11223_ft-simple.ex5,FORENSIC_REVIEW_NO_REQUEUE,False,,,,Only generic summary-missing history remains; no readable row-bound aggregate or specific failure signature.
QM5_11223,USDJPY.DWX,INVALID_EVIDENCE_DEFECT,ONINIT_FAILED,13,13,0,0,238fa71b-85a6-4212-839f-3f02abc8b029,2026-07-28T00:19:47+00:00,238fa71b-85a6-4212-839f-3f02abc8b029,2026-07-28T00:19:47+00:00,done,0,run_smoke_fail:ONINIT_FAILED;INCOMPLETE_RUNS,summary_missing_retries_exhausted,D:\QM\reports\work_items\238fa71b-85a6-4212-839f-3f02abc8b029\QM5_11223\20260728_001727\summary.json,True,7f893fa5094b5ae3bbfd7efbe85616f02e4df203a250895bbf957b340fa7975f,D:\QM\strategy_farm\logs\work_item_238fa71b-85a6-4212-839f-3f02abc8b029.log,False,D:\QM\reports\work_items\238fa71b-85a6-4212-839f-3f02abc8b029,FAIL,ONINIT_FAILED|INCOMPLETE_RUNS,0,,,,,,1,0,False,C:\QM\repo\framework\EAs\QM5_11223_ft-simple\sets\QM5_11223_ft-simple_USDJPY.DWX_M5_backtest.set,True,da0bb24631429c3a4536cf1d74e28151e8aa4861c755e9ba0d9035cad045b517,,,active,ft-simple,C:\QM\repo\framework\EAs\QM5_11223_ft-simple\QM5_11223_ft-simple.ex5,REPAIR_OR_PREFLIGHT_THEN_GOVERNED_CANARY,False,,,,Most recent row carrying a specific failure signature supplies the primary cause.
QM5_11223,XAUUSD.DWX,INVALID_EVIDENCE_DEFECT,ONINIT_FAILED,13,13,0,0,14a4ad85-e3a2-469a-bf82-badd22d57955,2026-07-28T15:20:32+00:00,14a4ad85-e3a2-469a-bf82-badd22d57955,2026-07-28T15:20:32+00:00,done,0,run_smoke_fail:ONINIT_FAILED;INCOMPLETE_RUNS,summary_missing_retries_exhausted,D:\QM\reports\work_items\14a4ad85-e3a2-469a-bf82-badd22d57955\QM5_11223\20260728_151758\summary.json,True,fc1007d9ff591d8aa20cf762b311ec958554fa0939e5a0edc924a4efaf26a5b2,D:\QM\strategy_farm\logs\work_item_14a4ad85-e3a2-469a-bf82-badd22d57955.log,False,D:\QM\reports\work_items\14a4ad85-e3a2-469a-bf82-badd22d57955,FAIL,ONINIT_FAILED|INCOMPLETE_RUNS,0,,,,,,1,0,False,C:\QM\repo\framework\EAs\QM5_11223_ft-simple\sets\QM5_11223_ft-simple_XAUUSD.DWX_M5_backtest.set,True,8750da7fac0a70a078838093d49dce05fddc5d4c9ef60539ad691a039a2877f9,,,active,ft-simple,C:\QM\repo\framework\EAs\QM5_11223_ft-simple\QM5_11223_ft-simple.ex5,REPAIR_OR_PREFLIGHT_THEN_GOVERNED_CANARY,False,,,,Most recent row carrying a specific failure signature supplies the primary cause.
QM5_11224,EURUSD.DWX,UNCLEAR,SUMMARY_MISSING_NO_ROW_BOUND_AGGREGATE,13,13,0,0,161dff44-eaf8-4f83-8b7a-a91e2e97e79b,2026-06-22T20:43:18+00:00,161dff44-eaf8-4f83-8b7a-a91e2e97e79b,2026-06-22T20:43:18+00:00,done,99,summary_missing_retries_exhausted,summary_missing_retries_exhausted,,False,,D:\QM\strategy_farm\logs\work_item_161dff44-eaf8-4f83-8b7a-a91e2e97e79b.log,False,D:\QM\reports\work_items\161dff44-eaf8-4f83-8b7a-a91e2e97e79b,,,,,,,,,0,0,False,C:\QM\repo\framework\EAs\QM5_11224_ft-tdseq\sets\QM5_11224_ft-tdseq_EURUSD.DWX_H1_backtest.set,True,59e15b004a25b9d9104aaad5c6be08aa5386628fb37d3bb0e5d0c289ad7beec4,,,active,ft-tdseq,C:\QM\repo\framework\EAs\QM5_11224_ft-tdseq\QM5_11224_ft-tdseq.ex5,FORENSIC_REVIEW_NO_REQUEUE,False,,,,Only generic summary-missing history remains; no readable row-bound aggregate or specific failure signature.
QM5_11224,GBPUSD.DWX,INVALID_EVIDENCE_DEFECT,ONINIT_FAILED,13,13,0,0,1fee74f0-8e0a-41da-8043-5188254aab8c,2026-06-22T14:05:54+00:00,966ef766-c3e3-4051-82a5-398cbbcc05a7,2026-06-19T11:07:57+00:00,failed,99,run_smoke_fail:ONINIT_FAILED;INCOMPLETE_RUNS,,,False,,D:\QM\strategy_farm\logs\work_item_966ef766-c3e3-4051-82a5-398cbbcc05a7.log,False,D:\QM\reports\work_items\966ef766-c3e3-4051-82a5-398cbbcc05a7,,,,,,,,,0,0,False,C:\QM\repo\framework\EAs\QM5_11224_ft-tdseq\sets\QM5_11224_ft-tdseq_GBPUSD.DWX_H1_backtest.set,True,0886874cd6129669b0fffaa6c7c33c5624ce0da6f4957ab3fc80f603e722ab92,,,active,ft-tdseq,C:\QM\repo\framework\EAs\QM5_11224_ft-tdseq\QM5_11224_ft-tdseq.ex5,REPAIR_OR_PREFLIGHT_THEN_GOVERNED_CANARY,False,,,,Most recent row carrying a specific failure signature supplies the primary cause.
QM5_11232,EURUSD.DWX,INVALID_EVIDENCE_DEFECT,NO_HISTORY_TRANSIENT,12,12,0,0,8c0f5a34-448e-4cf4-808d-13dde7895eb3,2026-07-31T15:31:33+00:00,8c0f5a34-448e-4cf4-808d-13dde7895eb3,2026-07-31T15:31:33+00:00,failed,3,cold_cache_retries_exhausted:NO_HISTORY,cold_cache_retries_exhausted,D:\QM\reports\work_items\8c0f5a34-448e-4cf4-808d-13dde7895eb3\QM5_11232\20260731_152920\summary.json,True,42ecf52ad805b51d11d64e6a90dc6d4c9aa7af0cba6f0fce8a5217089c5083f2,,False,D:\QM\reports\work_items\8c0f5a34-448e-4cf4-808d-13dde7895eb3,FAIL,NO_HISTORY|INCOMPLETE_RUNS,0,,,,,,10,0,True,C:\QM\repo\framework\EAs\QM5_11232_ft-tr-pullback\sets\QM5_11232_ft-tr-pullback_EURUSD.DWX_H1_backtest.set,True,8118ea199633c53d609d4e54dbe4c26bea2a9b75d34556e51af99dab53d4bea1,,,active,ft-tr-pullback,C:\QM\repo\framework\EAs\QM5_11232_ft-tr-pullback\QM5_11232_ft-tr-pullback.ex5,REPAIR_OR_PREFLIGHT_THEN_GOVERNED_CANARY,False,,,,Most recent row carrying a specific failure signature supplies the primary cause.
QM5_11235,NDX.DWX,INVALID_EVIDENCE_DEFECT,NO_HISTORY_TRANSIENT,12,12,0,0,119e2522-3719-4553-a1c9-2c42f06c03f0,2026-08-07T22:21:43+00:00,119e2522-3719-4553-a1c9-2c42f06c03f0,2026-08-07T22:21:43+00:00,failed,3,cold_cache_retries_exhausted:BARS_ZERO,cold_cache_retries_exhausted,D:\QM\reports\work_items\119e2522-3719-4553-a1c9-2c42f06c03f0\QM5_11235\20260807_221528\summary.json,True,97408d03d2e2c5e11bab377be3084d4939b1167b3f371390b31345be607c3fe7,,False,D:\QM\reports\work_items\119e2522-3719-4553-a1c9-2c42f06c03f0,FAIL,BARS_ZERO|NO_HISTORY|INCOMPLETE_RUNS,0,,,,,,7,0,True,C:\QM\repo\framework\EAs\QM5_11235_ft-tr-emax\sets\QM5_11235_ft-tr-emax_NDX.DWX_H1_backtest.set,True,b63c610fac4e3ed6abfd5c423a9cd77cfa6986d8562985db2094806496730ff0,,,active,ft-tr-emax,C:\QM\repo\framework\EAs\QM5_11235_ft-tr-emax\QM5_11235_ft-tr-emax.ex5,REPAIR_OR_PREFLIGHT_THEN_GOVERNED_CANARY,False,,,,Most recent row carrying a specific failure signature supplies the primary cause.
QM5_11257,GER40.DWX,INVALID_EVIDENCE_DEFECT,REPORT_MISSING,12,12,0,0,b7ce29ce-efce-486c-9d07-4ed8ad766628,2026-06-25T00:26:18+00:00,bc5ef9bf-518a-4feb-95da-dbf58a898a19,2026-06-23T11:07:03+00:00,done,0,run_smoke_fail:REPORT_MISSING;INCOMPLETE_RUNS,,D:\QM\reports\work_items\bc5ef9bf-518a-4feb-95da-dbf58a898a19\QM5_11257\20260623_093632\summary.json,False,,D:\QM\strategy_farm\logs\work_item_bc5ef9bf-518a-4feb-95da-dbf58a898a19.log,False,D:\QM\reports\work_items\bc5ef9bf-518a-4feb-95da-dbf58a898a19,,,,,,,,,0,0,False,C:\QM\repo\framework\EAs\QM5_11257_cs-rsi-mtf\sets\QM5_11257_cs-rsi-mtf_GER40.DWX_H1_backtest.set,True,b52678eed814a7b17f21d95c3f242e8ca05925f151341ba4a0b9009edc3222ce,,,active,cs-rsi-mtf,C:\QM\repo\framework\EAs\QM5_11257_cs-rsi-mtf\QM5_11257_cs-rsi-mtf.ex5,REPAIR_OR_PREFLIGHT_THEN_GOVERNED_CANARY,False,,,,Most recent row carrying a specific failure signature supplies the primary cause.
QM5_11257,NDX.DWX,INVALID_EVIDENCE_DEFECT,NO_HISTORY_TRANSIENT,12,12,0,0,4a64b7be-4d7f-49b9-ab05-81765c502925,2026-07-28T19:41:03+00:00,4a64b7be-4d7f-49b9-ab05-81765c502925,2026-07-28T19:41:03+00:00,failed,3,cold_cache_retries_exhausted:NO_HISTORY,cold_cache_retries_exhausted,D:\QM\reports\work_items\4a64b7be-4d7f-49b9-ab05-81765c502925\QM5_11257\20260728_193154\summary.json,True,9476bdc46d909579967e48d250869602ff9e20e6ddbe9f01b750b4dd70eb1e47,,False,D:\QM\reports\work_items\4a64b7be-4d7f-49b9-ab05-81765c502925,FAIL,NO_HISTORY|INCOMPLETE_RUNS,0,,,,,,1,0,False,C:\QM\repo\framework\EAs\QM5_11257_cs-rsi-mtf\sets\QM5_11257_cs-rsi-mtf_NDX.DWX_H1_backtest.set,True,85b6e00f15e78e8495595733844e67861856564955c0c1fa40c705af2dae31b0,,,active,cs-rsi-mtf,C:\QM\repo\framework\EAs\QM5_11257_cs-rsi-mtf\QM5_11257_cs-rsi-mtf.ex5,REPAIR_OR_PREFLIGHT_THEN_GOVERNED_CANARY,False,,,,Most recent row carrying a specific failure signature supplies the primary cause.
QM5_11261,EURUSD.DWX,INVALID_EVIDENCE_DEFECT,ACTIVE_TIMEOUT,12,12,0,0,c82f684d-f56b-43a0-b0b1-64817835f516,2026-07-29T12:18:03+00:00,c82f684d-f56b-43a0-b0b1-64817835f516,2026-07-29T12:18:03+00:00,failed,0,ACTIVE_TIMEOUT,summary_missing_retries_exhausted,D:\QM\reports\work_items\c82f684d-f56b-43a0-b0b1-64817835f516\QM5_11261\20260728_185608\raw\run_01\report.htm,True,8d4f4ea7eaa4cc14aa782671faf0763ace69cee9a4e174f02bbd2942a5d37b79,D:\QM\strategy_farm\logs\work_item_c82f684d-f56b-43a0-b0b1-64817835f516.log,False,D:\QM\reports\work_items\c82f684d-f56b-43a0-b0b1-64817835f516,,,,,,,,,0,0,True,C:\QM\repo\framework\EAs\QM5_11261_cs-mom-zero\sets\QM5_11261_cs-mom-zero_EURUSD.DWX_H1_backtest.set,True,99d82159a9ce9ab6f1721294f60ab384e7eb99fb7f116f8dcb062e8fbd23eb63,,,active,cs-mom-zero,C:\QM\repo\framework\EAs\QM5_11261_cs-mom-zero\QM5_11261_cs-mom-zero.ex5,REPAIR_OR_PREFLIGHT_THEN_GOVERNED_CANARY,True,ACTIVE_TIMEOUT,2,GOVERNED_SINGLE_ROW_REQUEUE_AFTER_REVIEW,Most recent row carrying a specific failure signature supplies the primary cause.
QM5_11261,GER40.DWX,UNCLEAR,SUMMARY_MISSING_NO_ROW_BOUND_AGGREGATE,12,12,0,0,13f047e5-05b9-46c3-834d-636753f5e6c8,2026-06-25T00:26:48+00:00,13f047e5-05b9-46c3-834d-636753f5e6c8,2026-06-25T00:26:48+00:00,failed,2,summary_missing_retries_exhausted,summary_missing_retries_exhausted,,False,,D:\QM\strategy_farm\logs\work_item_13f047e5-05b9-46c3-834d-636753f5e6c8.log,False,D:\QM\reports\work_items\13f047e5-05b9-46c3-834d-636753f5e6c8,,,,,,,,,0,0,False,C:\QM\repo\framework\EAs\QM5_11261_cs-mom-zero\sets\QM5_11261_cs-mom-zero_GER40.DWX_H1_backtest.set,True,ef180fdf3f1d87a459027838baa9e888e1d9847cc51f0d032143bdd079e8877a,,,active,cs-mom-zero,C:\QM\repo\framework\EAs\QM5_11261_cs-mom-zero\QM5_11261_cs-mom-zero.ex5,FORENSIC_REVIEW_NO_REQUEUE,False,,,,Only generic summary-missing history remains; no readable row-bound aggregate or specific failure signature.
QM5_11261,NDX.DWX,INVALID_EVIDENCE_DEFECT,NO_HISTORY_TRANSIENT,12,12,0,0,ef91b81e-555d-4c9d-ac55-c70699cec46c,2026-07-28T19:56:09+00:00,ef91b81e-555d-4c9d-ac55-c70699cec46c,2026-07-28T19:56:09+00:00,failed,3,cold_cache_retries_exhausted:BARS_ZERO,cold_cache_retries_exhausted,D:\QM\reports\work_items\ef91b81e-555d-4c9d-ac55-c70699cec46c\QM5_11261\20260728_194224\summary.json,True,8088830126ea8c3be01026d98b756003c461f8ad95cc94c26cfd112296082981,,False,D:\QM\reports\work_items\ef91b81e-555d-4c9d-ac55-c70699cec46c,FAIL,BARS_ZERO|NO_HISTORY|INCOMPLETE_RUNS,0,,,,,,1,0,False,C:\QM\repo\framework\EAs\QM5_11261_cs-mom-zero\sets\QM5_11261_cs-mom-zero_NDX.DWX_H1_backtest.set,True,565017222eecdba81e7b232602244c6de039e296096ab2a5a4a3a1d4ad33a5e9,,,active,cs-mom-zero,C:\QM\repo\framework\EAs\QM5_11261_cs-mom-zero\QM5_11261_cs-mom-zero.ex5,REPAIR_OR_PREFLIGHT_THEN_GOVERNED_CANARY,False,,,,Most recent row carrying a specific failure signature supplies the primary cause.
QM5_11286,NDX.DWX,INVALID_EVIDENCE_DEFECT,NO_HISTORY_TRANSIENT,12,12,0,0,53de16e2-c822-43b3-8a3e-88b1f269f96f,2026-08-08T20:16:40+00:00,53de16e2-c822-43b3-8a3e-88b1f269f96f,2026-08-08T20:16:40+00:00,failed,3,cold_cache_retries_exhausted:NO_HISTORY,cold_cache_retries_exhausted,D:\QM\reports\work_items\53de16e2-c822-43b3-8a3e-88b1f269f96f\QM5_11286\20260808_201503\summary.json,True,54f6eb18067dc0c154ba9835dd06695aefe00df1e9d6f7602c30119f6cb7dd7d,,False,D:\QM\reports\work_items\53de16e2-c822-43b3-8a3e-88b1f269f96f,FAIL,NO_HISTORY|INCOMPLETE_RUNS,0,,,,,,8,0,True,C:\QM\repo\framework\EAs\QM5_11286_at-macd-ema\sets\QM5_11286_at-macd-ema_NDX.DWX_H1_backtest.set,True,faa56e55e61b24451f4d92308eebaf549495d6cd2158c81c6c8457501e13b599,,,active,at-macd-ema,C:\QM\repo\framework\EAs\QM5_11286_at-macd-ema\QM5_11286_at-macd-ema.ex5,REPAIR_OR_PREFLIGHT_THEN_GOVERNED_CANARY,True,NO_HISTORY_TRANSIENT,1,GOVERNED_SINGLE_ROW_REQUEUE_AFTER_REVIEW,Most recent row carrying a specific failure signature supplies the primary cause.
QM5_11325,GBPUSD.DWX,INVALID_EVIDENCE_DEFECT,ONINIT_FAILED,12,12,0,0,955025a1-735c-4aec-b5dd-7f587147d9b2,2026-08-11T11:24:20+00:00,955025a1-735c-4aec-b5dd-7f587147d9b2,2026-08-11T11:24:20+00:00,done,0,run_smoke_fail:ONINIT_FAILED;INCOMPLETE_RUNS,,D:\QM\reports\work_items\955025a1-735c-4aec-b5dd-7f587147d9b2\QM5_11325\20260811_112337\summary.json,True,2e76c2718b05d01951faa07e4f0142f74d5577b80fabfe1925b4072bc9b613fa,D:\QM\strategy_farm\logs\work_item_955025a1-735c-4aec-b5dd-7f587147d9b2.log,True,D:\QM\reports\work_items\955025a1-735c-4aec-b5dd-7f587147d9b2,FAIL,ONINIT_FAILED|INCOMPLETE_RUNS,0,,,,,,12,0,False,C:\QM\repo\framework\EAs\QM5_11325_tc-m5-9-ema50-100-macd-partial-exit\sets\QM5_11325_tc-m5-9-ema50-100-macd-partial-exit_GBPUSD.DWX_M5_backtest.set,True,cc28917116225ac4ee0a7fc0b274b49f3f90013114130734f8a7e0dae89139fd,,,active,tc-m5-9-ema50-100-macd-partial-exit,C:\QM\repo\framework\EAs\QM5_11325_tc-m5-9-ema50-100-macd-partial-exit\QM5_11325_tc-m5-9-ema50-100-macd-partial-exit.ex5,REPAIR_OR_PREFLIGHT_THEN_GOVERNED_CANARY,False,,,,Most recent row carrying a specific failure signature supplies the primary cause.
QM5_11325,USDJPY.DWX,INVALID_EVIDENCE_DEFECT,ONINIT_FAILED,12,12,0,0,e763acba-f1cc-4911-8119-76a7a650241d,2026-08-11T07:05:26+00:00,e763acba-f1cc-4911-8119-76a7a650241d,2026-08-11T07:05:26+00:00,done,1,run_smoke_fail:ONINIT_FAILED;INCOMPLETE_RUNS,,D:\QM\reports\work_items\e763acba-f1cc-4911-8119-76a7a650241d\QM5_11325\20260811_070422\summary.json,True,21b3a67a307b5bdcbcc96352f35c2aa4ff5eebba142609ece4ef31bac997eda5,D:\QM\strategy_farm\logs\work_item_e763acba-f1cc-4911-8119-76a7a650241d.log,True,D:\QM\reports\work_items\e763acba-f1cc-4911-8119-76a7a650241d,FAIL,ONINIT_FAILED|INCOMPLETE_RUNS,0,,,,,,12,0,False,C:\QM\repo\framework\EAs\QM5_11325_tc-m5-9-ema50-100-macd-partial-exit\sets\QM5_11325_tc-m5-9-ema50-100-macd-partial-exit_USDJPY.DWX_M5_backtest.set,True,4e4508f90ed2766c7dd58abc71161743eaf4f92d219147eef3893649496a0dcf,,,active,tc-m5-9-ema50-100-macd-partial-exit,C:\QM\repo\framework\EAs\QM5_11325_tc-m5-9-ema50-100-macd-partial-exit\QM5_11325_tc-m5-9-ema50-100-macd-partial-exit.ex5,REPAIR_OR_PREFLIGHT_THEN_GOVERNED_CANARY,False,,,,Most recent row carrying a specific failure signature supplies the primary cause.
QM5_11332,GBPUSD.DWX,UNCLEAR,SUMMARY_MISSING_NO_ROW_BOUND_AGGREGATE,12,12,0,0,623af057-2bbe-47b4-be2b-3e99582a2b31,2026-06-26T19:49:36+00:00,623af057-2bbe-47b4-be2b-3e99582a2b31,2026-06-26T19:49:36+00:00,failed,2,summary_missing_retries_exhausted,summary_missing_retries_exhausted,,False,,D:\QM\strategy_farm\logs\work_item_623af057-2bbe-47b4-be2b-3e99582a2b31.log,False,D:\QM\reports\work_items\623af057-2bbe-47b4-be2b-3e99582a2b31,,,,,,,,,0,0,False,C:\QM\repo\framework\EAs\QM5_11332_tc-m5-18-ema20-macd-cross-trail\sets\QM5_11332_tc-m5-18-ema20-macd-cross-trail_GBPUSD.DWX_M5_backtest.set,True,6c57a25a2ebc4169de8793e9c9f6587c5533ee5f9e471b253ffd85d2adfa1b88,,,active,tc-m5-18-ema20-macd-cross-trail,C:\QM\repo\framework\EAs\QM5_11332_tc-m5-18-ema20-macd-cross-trail\QM5_11332_tc-m5-18-ema20-macd-cross-trail.ex5,FORENSIC_REVIEW_NO_REQUEUE,False,,,,Only generic summary-missing history remains; no readable row-bound aggregate or specific failure signature.
QM5_11332,USDJPY.DWX,UNCLEAR,SUMMARY_MISSING_NO_ROW_BOUND_AGGREGATE,12,12,0,0,00ea8576-0179-4882-91ed-6a2b1062d30c,2026-06-24T13:50:57+00:00,00ea8576-0179-4882-91ed-6a2b1062d30c,2026-06-24T13:50:57+00:00,failed,2,summary_missing_retries_exhausted,summary_missing_retries_exhausted,,False,,D:\QM\strategy_farm\logs\work_item_00ea8576-0179-4882-91ed-6a2b1062d30c.log,False,D:\QM\reports\work_items\00ea8576-0179-4882-91ed-6a2b1062d30c,,,,,,,,,0,0,False,C:\QM\repo\framework\EAs\QM5_11332_tc-m5-18-ema20-macd-cross-trail\sets\QM5_11332_tc-m5-18-ema20-macd-cross-trail_USDJPY.DWX_M5_backtest.set,True,b14f3b3b4443619baef4502d76e0defc93f6df18b8b9b6653f1dc52f77db625a,,,active,tc-m5-18-ema20-macd-cross-trail,C:\QM\repo\framework\EAs\QM5_11332_tc-m5-18-ema20-macd-cross-trail\QM5_11332_tc-m5-18-ema20-macd-cross-trail.ex5,FORENSIC_REVIEW_NO_REQUEUE,False,,,,Only generic summary-missing history remains; no readable row-bound aggregate or specific failure signature.
QM5_11353,AUDCHF.DWX,INVALID_EVIDENCE_DEFECT,ONINIT_FAILED,12,12,0,0,dda4325b-572a-4ae8-b796-14815bd5ac90,2026-07-28T15:07:53+00:00,dda4325b-572a-4ae8-b796-14815bd5ac90,2026-07-28T15:07:53+00:00,done,0,run_smoke_fail:ONINIT_FAILED;INCOMPLETE_RUNS,,D:\QM\reports\work_items\dda4325b-572a-4ae8-b796-14815bd5ac90\QM5_11353\20260728_150536\summary.json,True,46df9d4e42214fd1061b8573a657ee9906b4b47e711f0d419c77afdf528c4480,D:\QM\strategy_farm\logs\work_item_dda4325b-572a-4ae8-b796-14815bd5ac90.log,False,D:\QM\reports\work_items\dda4325b-572a-4ae8-b796-14815bd5ac90,FAIL,ONINIT_FAILED|INCOMPLETE_RUNS,0,,,,,,12,0,True,C:\QM\repo\framework\EAs\QM5_11353_rbt-cci14-zone-cross-h1\sets\QM5_11353_rbt-cci14-zone-cross-h1_AUDCHF.DWX_H1_backtest.set,True,a61f3497cb07f6693845b2bbc3e2932f7d7a4a1a75b922292421a48e9d86ee2f,,,active,rbt-cci14-zone-cross-h1,C:\QM\repo\framework\EAs\QM5_11353_rbt-cci14-zone-cross-h1\QM5_11353_rbt-cci14-zone-cross-h1.ex5,REPAIR_OR_PREFLIGHT_THEN_GOVERNED_CANARY,False,,,,Most recent row carrying a specific failure signature supplies the primary cause.
QM5_11353,AUDJPY.DWX,INVALID_EVIDENCE_DEFECT,ONINIT_FAILED,12,12,0,0,c2600156-a1d6-48b2-ac5b-909596c6b539,2026-07-28T16:24:01+00:00,c2600156-a1d6-48b2-ac5b-909596c6b539,2026-07-28T16:24:01+00:00,done,0,run_smoke_fail:ONINIT_FAILED;INCOMPLETE_RUNS,,D:\QM\reports\work_items\c2600156-a1d6-48b2-ac5b-909596c6b539\QM5_11353\20260728_162137\summary.json,True,1e3ee155361324bf7bde61e6aa47f55616f85ce0e7b7b2c140b274c7d342c80d,D:\QM\strategy_farm\logs\work_item_c2600156-a1d6-48b2-ac5b-909596c6b539.log,False,D:\QM\reports\work_items\c2600156-a1d6-48b2-ac5b-909596c6b539,FAIL,ONINIT_FAILED|INCOMPLETE_RUNS,0,,,,,,12,0,True,C:\QM\repo\framework\EAs\QM5_11353_rbt-cci14-zone-cross-h1\sets\QM5_11353_rbt-cci14-zone-cross-h1_AUDJPY.DWX_H1_backtest.set,True,6abcabe0cfe05a535fccdfc2298e1344543cc0d4d39f53eb9ca18a75eb3bb134,,,active,rbt-cci14-zone-cross-h1,C:\QM\repo\framework\EAs\QM5_11353_rbt-cci14-zone-cross-h1\QM5_11353_rbt-cci14-zone-cross-h1.ex5,REPAIR_OR_PREFLIGHT_THEN_GOVERNED_CANARY,False,,,,Most recent row carrying a specific failure signature supplies the primary cause.
QM5_11353,AUDNZD.DWX,INVALID_EVIDENCE_DEFECT,ONINIT_FAILED,12,12,0,0,bbc12e4b-7681-406e-8533-faf84884c74f,2026-07-28T16:00:16+00:00,bbc12e4b-7681-406e-8533-faf84884c74f,2026-07-28T16:00:16+00:00,done,0,run_smoke_fail:ONINIT_FAILED;INCOMPLETE_RUNS,,D:\QM\reports\work_items\bbc12e4b-7681-406e-8533-faf84884c74f\QM5_11353\20260728_155750\summary.json,True,bb7ddbb270676e558aba08c81e82fc1a765338c6e6a08a96359c0e23ac3db268,D:\QM\strategy_farm\logs\work_item_bbc12e4b-7681-406e-8533-faf84884c74f.log,False,D:\QM\reports\work_items\bbc12e4b-7681-406e-8533-faf84884c74f,FAIL,ONINIT_FAILED|INCOMPLETE_RUNS,0,,,,,,12,0,True,C:\QM\repo\framework\EAs\QM5_11353_rbt-cci14-zone-cross-h1\sets\QM5_11353_rbt-cci14-zone-cross-h1_AUDNZD.DWX_H1_backtest.set,True,6f371e98f73f44b9b22c1b00635c5ea20fc8e057c101d3c8aaaaab545d4898a1,,,active,rbt-cci14-zone-cross-h1,C:\QM\repo\framework\EAs\QM5_11353_rbt-cci14-zone-cross-h1\QM5_11353_rbt-cci14-zone-cross-h1.ex5,REPAIR_OR_PREFLIGHT_THEN_GOVERNED_CANARY,False,,,,Most recent row carrying a specific failure signature supplies the primary cause.
QM5_11354,EURUSD.DWX,UNCLEAR,SUMMARY_MISSING_NO_ROW_BOUND_AGGREGATE,12,12,0,0,7a371379-01f8-4392-bf4e-1e430abae580,2026-06-25T04:24:17+00:00,7a371379-01f8-4392-bf4e-1e430abae580,2026-06-25T04:24:17+00:00,failed,2,summary_missing_retries_exhausted,summary_missing_retries_exhausted,,False,,D:\QM\strategy_farm\logs\work_item_7a371379-01f8-4392-bf4e-1e430abae580.log,False,D:\QM\reports\work_items\7a371379-01f8-4392-bf4e-1e430abae580,,,,,,,,,0,0,False,C:\QM\repo\framework\EAs\QM5_11354_rbt-ha-adx-stoch-m5\sets\QM5_11354_rbt-ha-adx-stoch-m5_EURUSD.DWX_M5_backtest.set,True,dfe68e009c9f2edf06789c9ba11c81f7c37532b31a0a83aa0033c0826e7b1e24,,,active,rbt-ha-adx-stoch-m5,C:\QM\repo\framework\EAs\QM5_11354_rbt-ha-adx-stoch-m5\QM5_11354_rbt-ha-adx-stoch-m5.ex5,FORENSIC_REVIEW_NO_REQUEUE,False,,,,Only generic summary-missing history remains; no readable row-bound aggregate or specific failure signature.
QM5_11354,GBPUSD.DWX,UNCLEAR,SUMMARY_MISSING_NO_ROW_BOUND_AGGREGATE,12,12,0,0,aad787cc-d43d-4ab1-a0af-ccbaab3f93ec,2026-06-25T02:15:24+00:00,aad787cc-d43d-4ab1-a0af-ccbaab3f93ec,2026-06-25T02:15:24+00:00,failed,2,summary_missing_retries_exhausted,summary_missing_retries_exhausted,,False,,D:\QM\strategy_farm\logs\work_item_aad787cc-d43d-4ab1-a0af-ccbaab3f93ec.log,False,D:\QM\reports\work_items\aad787cc-d43d-4ab1-a0af-ccbaab3f93ec,,,,,,,,,0,0,False,C:\QM\repo\framework\EAs\QM5_11354_rbt-ha-adx-stoch-m5\sets\QM5_11354_rbt-ha-adx-stoch-m5_GBPUSD.DWX_M5_backtest.set,True,a74b3abde9179394fc24c359614f3be33af83bc2fdf7c546b1abb4f595959ed1,,,active,rbt-ha-adx-stoch-m5,C:\QM\repo\framework\EAs\QM5_11354_rbt-ha-adx-stoch-m5\QM5_11354_rbt-ha-adx-stoch-m5.ex5,FORENSIC_REVIEW_NO_REQUEUE,False,,,,Only generic summary-missing history remains; no readable row-bound aggregate or specific failure signature.
QM5_11354,USDJPY.DWX,UNCLEAR,SUMMARY_MISSING_NO_ROW_BOUND_AGGREGATE,12,12,0,0,d4ad7816-5711-4dcf-908c-feec799ae413,2026-06-25T02:11:35+00:00,d4ad7816-5711-4dcf-908c-feec799ae413,2026-06-25T02:11:35+00:00,failed,2,summary_missing_retries_exhausted,summary_missing_retries_exhausted,,False,,D:\QM\strategy_farm\logs\work_item_d4ad7816-5711-4dcf-908c-feec799ae413.log,False,D:\QM\reports\work_items\d4ad7816-5711-4dcf-908c-feec799ae413,,,,,,,,,0,0,False,C:\QM\repo\framework\EAs\QM5_11354_rbt-ha-adx-stoch-m5\sets\QM5_11354_rbt-ha-adx-stoch-m5_USDJPY.DWX_M5_backtest.set,True,22c69e7651654087d2dcdef037ade5fd4d5bb557a43599362af328e167dceec4,,,active,rbt-ha-adx-stoch-m5,C:\QM\repo\framework\EAs\QM5_11354_rbt-ha-adx-stoch-m5\QM5_11354_rbt-ha-adx-stoch-m5.ex5,FORENSIC_REVIEW_NO_REQUEUE,False,,,,Only generic summary-missing history remains; no readable row-bound aggregate or specific failure signature.
QM5_11388,GBPUSD.DWX,INVALID_EVIDENCE_DEFECT,ONINIT_FAILED,12,12,0,0,53ba1a53-dda6-4c1a-a051-277f57054d65,2026-08-11T11:28:34+00:00,53ba1a53-dda6-4c1a-a051-277f57054d65,2026-08-11T11:28:34+00:00,done,0,run_smoke_fail:ONINIT_FAILED;INCOMPLETE_RUNS,,D:\QM\reports\work_items\53ba1a53-dda6-4c1a-a051-277f57054d65\QM5_11388\20260811_112728\summary.json,True,8786d0552dc6f55641178c431b6923d784be92a252171da4c12ebb91499ff4db,D:\QM\strategy_farm\logs\work_item_53ba1a53-dda6-4c1a-a051-277f57054d65.log,True,D:\QM\reports\work_items\53ba1a53-dda6-4c1a-a051-277f57054d65,FAIL,ONINIT_FAILED|INCOMPLETE_RUNS,0,,,,,,12,0,False,C:\QM\repo\framework\EAs\QM5_11388_russ-horn-golden-smma55-wpr55-stoch555\sets\QM5_11388_russ-horn-golden-smma55-wpr55-stoch555_GBPUSD.DWX_M5_backtest.set,True,22b7da7e577bd9d6a35e868a801a6179aec19a2844c79329e39bff5ea9d0b59a,,,active,russ-horn-golden-smma55-wpr55-stoch555,C:\QM\repo\framework\EAs\QM5_11388_russ-horn-golden-smma55-wpr55-stoch555\QM5_11388_russ-horn-golden-smma55-wpr55-stoch555.ex5,REPAIR_OR_PREFLIGHT_THEN_GOVERNED_CANARY,False,,,,Most recent row carrying a specific failure signature supplies the primary cause.
QM5_11388,USDJPY.DWX,INVALID_EVIDENCE_DEFECT,ONINIT_FAILED,12,12,0,0,30b11b5d-fa63-4771-91ce-d02282e71351,2026-08-11T07:56:51+00:00,30b11b5d-fa63-4771-91ce-d02282e71351,2026-08-11T07:56:51+00:00,done,0,run_smoke_fail:ONINIT_FAILED;INCOMPLETE_RUNS,,D:\QM\reports\work_items\30b11b5d-fa63-4771-91ce-d02282e71351\QM5_11388\20260811_075551\summary.json,True,cd3440d37d276cd9260bd8b91b12c4232d373eb56269cc3cd97542f652adb169,D:\QM\strategy_farm\logs\work_item_30b11b5d-fa63-4771-91ce-d02282e71351.log,True,D:\QM\reports\work_items\30b11b5d-fa63-4771-91ce-d02282e71351,FAIL,ONINIT_FAILED|INCOMPLETE_RUNS,0,,,,,,12,0,False,C:\QM\repo\framework\EAs\QM5_11388_russ-horn-golden-smma55-wpr55-stoch555\sets\QM5_11388_russ-horn-golden-smma55-wpr55-stoch555_USDJPY.DWX_M5_backtest.set,True,16df34ac933d79acf4f4614fb21bbb2145b61fee4810b2e7c39e614e92742106,,,active,russ-horn-golden-smma55-wpr55-stoch555,C:\QM\repo\framework\EAs\QM5_11388_russ-horn-golden-smma55-wpr55-stoch555\QM5_11388_russ-horn-golden-smma55-wpr55-stoch555.ex5,REPAIR_OR_PREFLIGHT_THEN_GOVERNED_CANARY,False,,,,Most recent row carrying a specific failure signature supplies the primary cause.
QM5_11521,GBPUSD.DWX,INVALID_EVIDENCE_DEFECT,ACTIVE_TIMEOUT,12,12,0,0,dde45e0d-a2a2-4e4a-89e5-db0b3a916eb1,2026-07-29T12:18:03+00:00,dde45e0d-a2a2-4e4a-89e5-db0b3a916eb1,2026-07-29T12:18:03+00:00,failed,0,ACTIVE_TIMEOUT,summary_missing_retries_exhausted,D:\QM\strategy_farm\logs\work_item_dde45e0d-a2a2-4e4a-89e5-db0b3a916eb1.log,False,,D:\QM\strategy_farm\logs\work_item_dde45e0d-a2a2-4e4a-89e5-db0b3a916eb1.log,False,D:\QM\reports\work_items\dde45e0d-a2a2-4e4a-89e5-db0b3a916eb1,,,,,,,,,0,0,False,C:\QM\repo\framework\EAs\QM5_11521_carter-t-ema6-13-macd-psar-h4-gbp\sets\QM5_11521_carter-t-ema6-13-macd-psar-h4-gbp_GBPUSD.DWX_H4_backtest.set,True,a8a63eccaa54ec3e4e4cde429e6c44883f53100827d4da3118e178001c6615f9,,,active,carter-t-ema6-13-macd-psar-h4-gbp,C:\QM\repo\framework\EAs\QM5_11521_carter-t-ema6-13-macd-psar-h4-gbp\QM5_11521_carter-t-ema6-13-macd-psar-h4-gbp.ex5,REPAIR_OR_PREFLIGHT_THEN_GOVERNED_CANARY,False,,,,Most recent row carrying a specific failure signature supplies the primary cause.
QM5_11528,EURUSD.DWX,UNCLEAR,SUMMARY_MISSING_NO_ROW_BOUND_AGGREGATE,12,12,0,0,774a2200-bf30-4921-875e-966deaf9ca11,2026-06-25T04:55:19+00:00,774a2200-bf30-4921-875e-966deaf9ca11,2026-06-25T04:55:19+00:00,failed,2,summary_missing_retries_exhausted,summary_missing_retries_exhausted,,False,,D:\QM\strategy_farm\logs\work_item_774a2200-bf30-4921-875e-966deaf9ca11.log,False,D:\QM\reports\work_items\774a2200-bf30-4921-875e-966deaf9ca11,,,,,,,,,0,0,False,C:\QM\repo\framework\EAs\QM5_11528_ciurea-inv-hammer-shooting-star-m30\sets\QM5_11528_ciurea-inv-hammer-shooting-star-m30_EURUSD.DWX_M30_backtest.set,True,f32e7be73daa8fd0ed9cd2376c532769438d3148a3b77a2a5eda6e4d3be9f932,,,active,ciurea-inv-hammer-shooting-star-m30,C:\QM\repo\framework\EAs\QM5_11528_ciurea-inv-hammer-shooting-star-m30\QM5_11528_ciurea-inv-hammer-shooting-star-m30.ex5,FORENSIC_REVIEW_NO_REQUEUE,False,,,,Only generic summary-missing history remains; no readable row-bound aggregate or specific failure signature.
QM5_11528,GBPUSD.DWX,INVALID_EVIDENCE_DEFECT,NO_HISTORY_TRANSIENT,12,12,0,0,af2253ff-d0f9-4f59-936b-070fb84b216e,2026-06-25T03:45:26+00:00,6b3893cf-8922-44a5-89c5-085607d911e3,2026-06-22T23:06:57+00:00,done,0,run_smoke_fail:NO_HISTORY;INCOMPLETE_RUNS,,D:\QM\reports\work_items\6b3893cf-8922-44a5-89c5-085607d911e3\QM5_11528\20260622_230618\summary.json,False,,D:\QM\strategy_farm\logs\work_item_6b3893cf-8922-44a5-89c5-085607d911e3.log,False,D:\QM\reports\work_items\6b3893cf-8922-44a5-89c5-085607d911e3,,,,,,,,,0,0,False,C:\QM\repo\framework\EAs\QM5_11528_ciurea-inv-hammer-shooting-star-m30\sets\QM5_11528_ciurea-inv-hammer-shooting-star-m30_GBPUSD.DWX_M30_backtest.set,True,4a7b172f4a4a432d8fe59a6606fca3ae4e88bd525c9a7b98410f55fb468731d4,,,active,ciurea-inv-hammer-shooting-star-m30,C:\QM\repo\framework\EAs\QM5_11528_ciurea-inv-hammer-shooting-star-m30\QM5_11528_ciurea-inv-hammer-shooting-star-m30.ex5,REPAIR_OR_PREFLIGHT_THEN_GOVERNED_CANARY,False,,,,Most recent row carrying a specific failure signature supplies the primary cause.
QM5_11554,EURUSD.DWX,UNCLEAR,SUMMARY_MISSING_NO_ROW_BOUND_AGGREGATE,12,12,0,0,86f13495-1975-4cb0-9360-06e3e965dabb,2026-06-24T16:15:51+00:00,86f13495-1975-4cb0-9360-06e3e965dabb,2026-06-24T16:15:51+00:00,failed,2,summary_missing_retries_exhausted,summary_missing_retries_exhausted,,False,,D:\QM\strategy_farm\logs\work_item_86f13495-1975-4cb0-9360-06e3e965dabb.log,False,D:\QM\reports\work_items\86f13495-1975-4cb0-9360-06e3e965dabb,,,,,,,,,0,0,False,C:\QM\repo\framework\EAs\QM5_11554_carter-t-m5-wma10-sma20-stoch-rsi28-macd\sets\QM5_11554_carter-t-m5-wma10-sma20-stoch-rsi28-macd_EURUSD.DWX_M5_backtest.set,True,8d79e8fc457af5de829ec4d1a5acbd8afb5269e3e8696d3c5951f9e825473433,,,active,carter-t-m5-wma10-sma20-stoch-rsi28-macd,C:\QM\repo\framework\EAs\QM5_11554_carter-t-m5-wma10-sma20-stoch-rsi28-macd\QM5_11554_carter-t-m5-wma10-sma20-stoch-rsi28-macd.ex5,FORENSIC_REVIEW_NO_REQUEUE,False,,,,Only generic summary-missing history remains; no readable row-bound aggregate or specific failure signature.
QM5_11555,AUDUSD.DWX,UNCLEAR,SUMMARY_MISSING_NO_ROW_BOUND_AGGREGATE,12,12,0,0,4acd1b1d-fa93-4403-b4e2-cf886db4c9d8,2026-06-24T16:02:00+00:00,4acd1b1d-fa93-4403-b4e2-cf886db4c9d8,2026-06-24T16:02:00+00:00,failed,2,summary_missing_retries_exhausted,summary_missing_retries_exhausted,,False,,D:\QM\strategy_farm\logs\work_item_4acd1b1d-fa93-4403-b4e2-cf886db4c9d8.log,False,D:\QM\reports\work_items\4acd1b1d-fa93-4403-b4e2-cf886db4c9d8,,,,,,,,,0,0,False,C:\QM\repo\framework\EAs\QM5_11555_carter-t-m5-wma5-sma11-psar-adx14\sets\QM5_11555_carter-t-m5-wma5-sma11-psar-adx14_AUDUSD.DWX_M5_backtest.set,True,fd6de6df53c84dfe62f1b13a8506b530fbb0c06e2962888ff8c87292a9aa5fcc,,,active,carter-t-m5-wma5-sma11-psar-adx14,C:\QM\repo\framework\EAs\QM5_11555_carter-t-m5-wma5-sma11-psar-adx14\QM5_11555_carter-t-m5-wma5-sma11-psar-adx14.ex5,FORENSIC_REVIEW_NO_REQUEUE,False,,,,Only generic summary-missing history remains; no readable row-bound aggregate or specific failure signature.
QM5_11555,EURUSD.DWX,UNCLEAR,SUMMARY_MISSING_NO_ROW_BOUND_AGGREGATE,12,12,0,0,ff642cfc-c3f1-4b65-b7a5-2ceec0e076d8,2026-06-24T18:09:54+00:00,ff642cfc-c3f1-4b65-b7a5-2ceec0e076d8,2026-06-24T18:09:54+00:00,failed,2,summary_missing_retries_exhausted,summary_missing_retries_exhausted,,False,,D:\QM\strategy_farm\logs\work_item_ff642cfc-c3f1-4b65-b7a5-2ceec0e076d8.log,False,D:\QM\reports\work_items\ff642cfc-c3f1-4b65-b7a5-2ceec0e076d8,,,,,,,,,0,0,False,C:\QM\repo\framework\EAs\QM5_11555_carter-t-m5-wma5-sma11-psar-adx14\sets\QM5_11555_carter-t-m5-wma5-sma11-psar-adx14_EURUSD.DWX_M5_backtest.set,True,dcfac1fa08b3665250150f6e837aa55b6b027d69cde842579307a4d30a775198,,,active,carter-t-m5-wma5-sma11-psar-adx14,C:\QM\repo\framework\EAs\QM5_11555_carter-t-m5-wma5-sma11-psar-adx14\QM5_11555_carter-t-m5-wma5-sma11-psar-adx14.ex5,FORENSIC_REVIEW_NO_REQUEUE,False,,,,Only generic summary-missing history remains; no readable row-bound aggregate or specific failure signature.
QM5_11555,GBPUSD.DWX,UNCLEAR,SUMMARY_MISSING_NO_ROW_BOUND_AGGREGATE,12,12,0,0,ae6fe3ec-683a-4f88-9263-f97cbc4b9792,2026-06-24T16:09:51+00:00,ae6fe3ec-683a-4f88-9263-f97cbc4b9792,2026-06-24T16:09:51+00:00,failed,2,summary_missing_retries_exhausted,summary_missing_retries_exhausted,,False,,D:\QM\strategy_farm\logs\work_item_ae6fe3ec-683a-4f88-9263-f97cbc4b9792.log,False,D:\QM\reports\work_items\ae6fe3ec-683a-4f88-9263-f97cbc4b9792,,,,,,,,,0,0,False,C:\QM\repo\framework\EAs\QM5_11555_carter-t-m5-wma5-sma11-psar-adx14\sets\QM5_11555_carter-t-m5-wma5-sma11-psar-adx14_GBPUSD.DWX_M5_backtest.set,True,3d4d80df040b2fb6ee5b7779863193914b4ca03a4e4207f86a961f9829761348,,,active,carter-t-m5-wma5-sma11-psar-adx14,C:\QM\repo\framework\EAs\QM5_11555_carter-t-m5-wma5-sma11-psar-adx14\QM5_11555_carter-t-m5-wma5-sma11-psar-adx14.ex5,FORENSIC_REVIEW_NO_REQUEUE,False,,,,Only generic summary-missing history remains; no readable row-bound aggregate or specific failure signature.
QM5_11555,USDCHF.DWX,UNCLEAR,SUMMARY_MISSING_NO_ROW_BOUND_AGGREGATE,12,12,0,0,33a06142-0ea7-43b3-9392-f509d96487e4,2026-06-24T15:59:34+00:00,33a06142-0ea7-43b3-9392-f509d96487e4,2026-06-24T15:59:34+00:00,failed,2,summary_missing_retries_exhausted,summary_missing_retries_exhausted,,False,,D:\QM\strategy_farm\logs\work_item_33a06142-0ea7-43b3-9392-f509d96487e4.log,False,D:\QM\reports\work_items\33a06142-0ea7-43b3-9392-f509d96487e4,,,,,,,,,0,0,False,C:\QM\repo\framework\EAs\QM5_11555_carter-t-m5-wma5-sma11-psar-adx14\sets\QM5_11555_carter-t-m5-wma5-sma11-psar-adx14_USDCHF.DWX_M5_backtest.set,True,a3d7b8aeed55e65f2ae9f463ec5f1104b8f37a7a9f5c92ca3a3e16c95c60ef6c,,,active,carter-t-m5-wma5-sma11-psar-adx14,C:\QM\repo\framework\EAs\QM5_11555_carter-t-m5-wma5-sma11-psar-adx14\QM5_11555_carter-t-m5-wma5-sma11-psar-adx14.ex5,FORENSIC_REVIEW_NO_REQUEUE,False,,,,Only generic summary-missing history remains; no readable row-bound aggregate or specific failure signature.
QM5_11556,EURUSD.DWX,UNCLEAR,SUMMARY_MISSING_NO_ROW_BOUND_AGGREGATE,12,12,0,0,f07e77fa-be0a-4d2b-961d-9b661ceb1fa3,2026-06-24T16:16:21+00:00,f07e77fa-be0a-4d2b-961d-9b661ceb1fa3,2026-06-24T16:16:21+00:00,failed,2,summary_missing_retries_exhausted,summary_missing_retries_exhausted,,False,,D:\QM\strategy_farm\logs\work_item_f07e77fa-be0a-4d2b-961d-9b661ceb1fa3.log,False,D:\QM\reports\work_items\f07e77fa-be0a-4d2b-961d-9b661ceb1fa3,,,,,,,,,0,0,False,C:\QM\repo\framework\EAs\QM5_11556_carter-t-m5-ema3-8-macd-stoch-psar-sd20\sets\QM5_11556_carter-t-m5-ema3-8-macd-stoch-psar-sd20_EURUSD.DWX_M5_backtest.set,True,5b9592263c5e89f49e78634c46ee71e11f8f33834fa6e77618d6176fa3f0318e,,,active,carter-t-m5-ema3-8-macd-stoch-psar-sd20,C:\QM\repo\framework\EAs\QM5_11556_carter-t-m5-ema3-8-macd-stoch-psar-sd20\QM5_11556_carter-t-m5-ema3-8-macd-stoch-psar-sd20.ex5,FORENSIC_REVIEW_NO_REQUEUE,False,,,,Only generic summary-missing history remains; no readable row-bound aggregate or specific failure signature.
QM5_11605,GBPUSD.DWX,INVALID_EVIDENCE_DEFECT,ACTIVE_TIMEOUT,12,12,0,0,e4d954ab-d641-4da8-89ce-5b62451ad919,2026-07-29T12:18:03+00:00,e4d954ab-d641-4da8-89ce-5b62451ad919,2026-07-29T12:18:03+00:00,failed,0,ACTIVE_TIMEOUT,,D:\QM\strategy_farm\logs\work_item_e4d954ab-d641-4da8-89ce-5b62451ad919.log,False,,D:\QM\strategy_farm\logs\work_item_e4d954ab-d641-4da8-89ce-5b62451ad919.log,False,D:\QM\reports\work_items\e4d954ab-d641-4da8-89ce-5b62451ad919,,,,,,,,,0,0,False,C:\QM\repo\framework\EAs\QM5_11605_ar-supertrend\sets\QM5_11605_ar-supertrend_GBPUSD.DWX_H4_backtest.set,True,d42eed17b5ec7bc720be1ca03ed2a014886cb88cc7f174e115fd8baf5dd47714,,,active,ar-supertrend,C:\QM\repo\framework\EAs\QM5_11605_ar-supertrend\QM5_11605_ar-supertrend.ex5,REPAIR_OR_PREFLIGHT_THEN_GOVERNED_CANARY,False,,,,Most recent row carrying a specific failure signature supplies the primary cause.
QM5_11619,AUDUSD.DWX,INVALID_EVIDENCE_DEFECT,ONINIT_FAILED,12,12,0,0,2321e54c-5f39-4842-b27b-931841c6090b,2026-08-02T16:17:17+00:00,2321e54c-5f39-4842-b27b-931841c6090b,2026-08-02T16:17:17+00:00,done,0,run_smoke_fail:ONINIT_FAILED;INCOMPLETE_RUNS,,D:\QM\reports\work_items\2321e54c-5f39-4842-b27b-931841c6090b\QM5_11619\20260802_161644\summary.json,True,a908bba6ad268fc56acf5321b592ecf2a18d7ce17a0dd9740dea4ab279d58969,D:\QM\strategy_farm\logs\work_item_2321e54c-5f39-4842-b27b-931841c6090b.log,False,D:\QM\reports\work_items\2321e54c-5f39-4842-b27b-931841c6090b,FAIL,ONINIT_FAILED|INCOMPLETE_RUNS,0,,,,,,12,0,True,C:\QM\repo\framework\EAs\QM5_11619_robo-psar01-ema6-11-34-h1\sets\QM5_11619_robo-psar01-ema6-11-34-h1_AUDUSD.DWX_H1_backtest.set,True,e1e504b4fb9a0a15130c3ca666abe8404cca5fceaf786a34ffcaf289c40b0927,,,active,robo-psar01-ema6-11-34-h1,C:\QM\repo\framework\EAs\QM5_11619_robo-psar01-ema6-11-34-h1\QM5_11619_robo-psar01-ema6-11-34-h1.ex5,REPAIR_OR_PREFLIGHT_THEN_GOVERNED_CANARY,False,,,,Most recent row carrying a specific failure signature supplies the primary cause.
QM5_11619,EURUSD.DWX,INVALID_EVIDENCE_DEFECT,NO_HISTORY_TRANSIENT,12,12,0,0,7a25fdcb-494e-44cd-a534-065bc017c94b,2026-08-05T09:02:57+00:00,7a25fdcb-494e-44cd-a534-065bc017c94b,2026-08-05T09:02:57+00:00,failed,3,cold_cache_retries_exhausted:NO_HISTORY,cold_cache_retries_exhausted,D:\QM\reports\work_items\7a25fdcb-494e-44cd-a534-065bc017c94b\QM5_11619\20260805_090103\summary.json,True,6c313e64fc6e0b33a27982aaa14b10045f2aaa1836de39b2f12226d608ae2630,,False,D:\QM\reports\work_items\7a25fdcb-494e-44cd-a534-065bc017c94b,FAIL,NO_HISTORY|INCOMPLETE_RUNS,0,,,,,,12,0,True,C:\QM\repo\framework\EAs\QM5_11619_robo-psar01-ema6-11-34-h1\sets\QM5_11619_robo-psar01-ema6-11-34-h1_EURUSD.DWX_H1_backtest.set,True,5d23e3d7eaadc800dff5309ec78860d3abf158125f0995f455f03617d20ee52d,,,active,robo-psar01-ema6-11-34-h1,C:\QM\repo\framework\EAs\QM5_11619_robo-psar01-ema6-11-34-h1\QM5_11619_robo-psar01-ema6-11-34-h1.ex5,REPAIR_OR_PREFLIGHT_THEN_GOVERNED_CANARY,False,,,,Most recent row carrying a specific failure signature supplies the primary cause.
QM5_11619,GBPUSD.DWX,INVALID_EVIDENCE_DEFECT,ONINIT_FAILED,12,12,0,0,cb6dee0a-ab14-4fca-b08a-14e8dbe90f40,2026-08-02T16:17:25+00:00,cb6dee0a-ab14-4fca-b08a-14e8dbe90f40,2026-08-02T16:17:25+00:00,done,0,run_smoke_fail:ONINIT_FAILED;INCOMPLETE_RUNS,,D:\QM\reports\work_items\cb6dee0a-ab14-4fca-b08a-14e8dbe90f40\QM5_11619\20260802_161700\summary.json,True,8a7824bd823e0b72bd55dd34d54ea7d0a16b24e035ecebff282a8b18ed8837d5,D:\QM\strategy_farm\logs\work_item_cb6dee0a-ab14-4fca-b08a-14e8dbe90f40.log,False,D:\QM\reports\work_items\cb6dee0a-ab14-4fca-b08a-14e8dbe90f40,FAIL,ONINIT_FAILED|INCOMPLETE_RUNS,0,,,,,,12,0,True,C:\QM\repo\framework\EAs\QM5_11619_robo-psar01-ema6-11-34-h1\sets\QM5_11619_robo-psar01-ema6-11-34-h1_GBPUSD.DWX_H1_backtest.set,True,da1129daac379c50c17ced4d6a11142e986e7c2caa009a43421498b72d4978e4,,,active,robo-psar01-ema6-11-34-h1,C:\QM\repo\framework\EAs\QM5_11619_robo-psar01-ema6-11-34-h1\QM5_11619_robo-psar01-ema6-11-34-h1.ex5,REPAIR_OR_PREFLIGHT_THEN_GOVERNED_CANARY,False,,,,Most recent row carrying a specific failure signature supplies the primary cause.
QM5_11625,NDX.DWX,INVALID_EVIDENCE_DEFECT,NO_HISTORY_TRANSIENT,15,15,0,0,bdb0be61-b5ab-4ba3-8cc2-964a9f774a32,2026-07-29T12:18:03+00:00,238952c9-ee65-4b55-a1c7-d03427712213,2026-07-28T22:12:34+00:00,failed,3,cold_cache_retries_exhausted:NO_HISTORY,cold_cache_retries_exhausted,D:\QM\reports\work_items\238952c9-ee65-4b55-a1c7-d03427712213\QM5_11625\20260728_220627\summary.json,True,bc3fc7e2b474fd4d1a7f4b39f789a84e40bf507f28069dc9fdeabd6166fbaa4a,,False,D:\QM\reports\work_items\238952c9-ee65-4b55-a1c7-d03427712213,FAIL,NO_HISTORY|INCOMPLETE_RUNS,0,,,,,,2,0,True,C:\QM\repo\framework\EAs\QM5_11625_ba-ema-dual\sets\QM5_11625_ba-ema-dual_NDX.DWX_H1_backtest.set,True,38f8c33952682440bd066ce40cf422f0fa50d0571af805e92cc074e010616703,,,active,ba-ema-dual,C:\QM\repo\framework\EAs\QM5_11625_ba-ema-dual\QM5_11625_ba-ema-dual.ex5,REPAIR_OR_PREFLIGHT_THEN_GOVERNED_CANARY,False,,,,Most recent row carrying a specific failure signature supplies the primary cause.
QM5_11673,GBPUSD.DWX,UNCLEAR,SUMMARY_MISSING_NO_ROW_BOUND_AGGREGATE,12,12,0,0,12b555b8-9156-4475-bd32-06a41d11cd14,2026-06-24T14:24:34+00:00,12b555b8-9156-4475-bd32-06a41d11cd14,2026-06-24T14:24:34+00:00,done,99,,,,False,,D:\QM\strategy_farm\logs\work_item_12b555b8-9156-4475-bd32-06a41d11cd14.log,False,D:\QM\reports\work_items\12b555b8-9156-4475-bd32-06a41d11cd14,,,,,,,,,0,0,False,C:\QM\repo\framework\EAs\QM5_11673_tc-h1-s8-bb20-ema3-macd617-rsi\sets\QM5_11673_tc-h1-s8-bb20-ema3-macd617-rsi_GBPUSD.DWX_H1_backtest.set,True,549cc53041a24cc4c988cdf7ae70b93e4ba3cb80a90fa7cabd3e846dd3f445f9,,,active,tc-h1-s8-bb20-ema3-macd617-rsi,C:\QM\repo\framework\EAs\QM5_11673_tc-h1-s8-bb20-ema3-macd617-rsi\QM5_11673_tc-h1-s8-bb20-ema3-macd617-rsi.ex5,FORENSIC_REVIEW_NO_REQUEUE,False,,,,Only generic summary-missing history remains; no readable row-bound aggregate or specific failure signature.
QM5_11721,GBPJPY.DWX,UNCLEAR,SUMMARY_MISSING_NO_ROW_BOUND_AGGREGATE,12,12,0,0,6d3177c9-51b1-4b72-b998-3f4d223523af,2026-06-24T13:50:57+00:00,6d3177c9-51b1-4b72-b998-3f4d223523af,2026-06-24T13:50:57+00:00,failed,2,summary_missing_retries_exhausted,summary_missing_retries_exhausted,,False,,D:\QM\strategy_farm\logs\work_item_6d3177c9-51b1-4b72-b998-3f4d223523af.log,False,D:\QM\reports\work_items\6d3177c9-51b1-4b72-b998-3f4d223523af,,,,,,,,,0,0,False,C:\QM\repo\framework\EAs\QM5_11721_tc-m5-s7-london-box-breakout\sets\QM5_11721_tc-m5-s7-london-box-breakout_GBPJPY.DWX_M5_backtest.set,True,4816cf334e55b434d8d0b4894e863fc0c4b89287be046a06e14a2989fb7d7b95,,,active,tc-m5-s7-london-box-breakout,C:\QM\repo\framework\EAs\QM5_11721_tc-m5-s7-london-box-breakout\QM5_11721_tc-m5-s7-london-box-breakout.ex5,FORENSIC_REVIEW_NO_REQUEUE,False,,,,Only generic summary-missing history remains; no readable row-bound aggregate or specific failure signature.
QM5_11721,GBPUSD.DWX,INVALID_EVIDENCE_DEFECT,NO_HISTORY_TRANSIENT,12,12,0,0,1873873a-080d-443f-8ca9-470a3fe9c6d8,2026-06-24T13:57:52+00:00,c2e658de-f7cf-466e-8c9e-4719521fff88,2026-06-23T08:19:15+00:00,done,1,run_smoke_fail:NO_HISTORY;INCOMPLETE_RUNS,,D:\QM\reports\work_items\c2e658de-f7cf-466e-8c9e-4719521fff88\QM5_11721\20260623_081904\summary.json,False,,D:\QM\strategy_farm\logs\work_item_c2e658de-f7cf-466e-8c9e-4719521fff88.log,False,D:\QM\reports\work_items\c2e658de-f7cf-466e-8c9e-4719521fff88,,,,,,,,,0,0,False,C:\QM\repo\framework\EAs\QM5_11721_tc-m5-s7-london-box-breakout\sets\QM5_11721_tc-m5-s7-london-box-breakout_GBPUSD.DWX_M5_backtest.set,True,ff148615c57aed9f38d67d25ea981364f573cfdc411fc9cd762d10b5791fef45,,,active,tc-m5-s7-london-box-breakout,C:\QM\repo\framework\EAs\QM5_11721_tc-m5-s7-london-box-breakout\QM5_11721_tc-m5-s7-london-box-breakout.ex5,REPAIR_OR_PREFLIGHT_THEN_GOVERNED_CANARY,False,,,,Most recent row carrying a specific failure signature supplies the primary cause.
QM5_11807,GER40.DWX,UNCLEAR,SUMMARY_MISSING_NO_ROW_BOUND_AGGREGATE,12,12,0,0,9bdef369-efb6-42f2-9700-4deb3dfac974,2026-06-25T03:31:53+00:00,9bdef369-efb6-42f2-9700-4deb3dfac974,2026-06-25T03:31:53+00:00,failed,2,summary_missing_retries_exhausted,summary_missing_retries_exhausted,,False,,D:\QM\strategy_farm\logs\work_item_9bdef369-efb6-42f2-9700-4deb3dfac974.log,False,D:\QM\reports\work_items\9bdef369-efb6-42f2-9700-4deb3dfac974,,,,,,,,,0,0,False,C:\QM\repo\framework\EAs\QM5_11807_fin-kelt10\sets\QM5_11807_fin-kelt10_GER40.DWX_D1_backtest.set,True,f3a9b6ab161975826cad6f28b20d60d0e77efee1ae18983f3d6dd8e1bce45516,,,active,fin-kelt10,C:\QM\repo\framework\EAs\QM5_11807_fin-kelt10\QM5_11807_fin-kelt10.ex5,FORENSIC_REVIEW_NO_REQUEUE,False,,,,Only generic summary-missing history remains; no readable row-bound aggregate or specific failure signature.
QM5_11895,AUDJPY.DWX,INVALID_EVIDENCE_DEFECT,ACTIVE_TIMEOUT,12,12,0,0,5be0b313-788d-4bb0-a287-f9f421c31368,2026-07-29T12:18:03+00:00,5be0b313-788d-4bb0-a287-f9f421c31368,2026-07-29T12:18:03+00:00,failed,0,ACTIVE_TIMEOUT,summary_missing_retries_exhausted,D:\QM\strategy_farm\logs\work_item_5be0b313-788d-4bb0-a287-f9f421c31368.log,False,,D:\QM\strategy_farm\logs\work_item_5be0b313-788d-4bb0-a287-f9f421c31368.log,False,D:\QM\reports\work_items\5be0b313-788d-4bb0-a287-f9f421c31368,,,,,,,,,0,0,False,C:\QM\repo\framework\EAs\QM5_11895_carter-ema-cross-rsi-candlestick-confirmation\sets\QM5_11895_carter-ema-cross-rsi-candlestick-confirmation_AUDJPY.DWX_H1_backtest.set,True,02521fa7adab5fa22d30a0bb7c871b32dd028583319e2e55bfe473c1b9f142d9,,,active,carter-ema-cross-rsi-candlestick-confirmation,C:\QM\repo\framework\EAs\QM5_11895_carter-ema-cross-rsi-candlestick-confirmation\QM5_11895_carter-ema-cross-rsi-candlestick-confirmation.ex5,REPAIR_OR_PREFLIGHT_THEN_GOVERNED_CANARY,False,,,,Most recent row carrying a specific failure signature supplies the primary cause.
QM5_11895,AUDUSD.DWX,INVALID_EVIDENCE_DEFECT,ONINIT_FAILED,12,12,0,0,838a59a2-db31-47e6-8406-78557cbe3716,2026-07-28T13:12:53+00:00,838a59a2-db31-47e6-8406-78557cbe3716,2026-07-28T13:12:53+00:00,done,0,run_smoke_fail:ONINIT_FAILED;INCOMPLETE_RUNS,summary_missing_retries_exhausted,D:\QM\reports\work_items\838a59a2-db31-47e6-8406-78557cbe3716\QM5_11895\20260728_130844\summary.json,True,1d43551f2c848854b7dbd3257881e8d6004e420359f6c0a93627e1f13b765306,D:\QM\strategy_farm\logs\work_item_838a59a2-db31-47e6-8406-78557cbe3716.log,False,D:\QM\reports\work_items\838a59a2-db31-47e6-8406-78557cbe3716,FAIL,ONINIT_FAILED|INCOMPLETE_RUNS,0,,,,,,1,0,False,C:\QM\repo\framework\EAs\QM5_11895_carter-ema-cross-rsi-candlestick-confirmation\sets\QM5_11895_carter-ema-cross-rsi-candlestick-confirmation_AUDUSD.DWX_H1_backtest.set,True,75b8365c06358f2cd7aaba508a0f6f7a813806247dbc49ba816cf2028d9f22e9,,,active,carter-ema-cross-rsi-candlestick-confirmation,C:\QM\repo\framework\EAs\QM5_11895_carter-ema-cross-rsi-candlestick-confirmation\QM5_11895_carter-ema-cross-rsi-candlestick-confirmation.ex5,REPAIR_OR_PREFLIGHT_THEN_GOVERNED_CANARY,False,,,,Most recent row carrying a specific failure signature supplies the primary cause.
QM5_11895,EURJPY.DWX,INVALID_EVIDENCE_DEFECT,ONINIT_FAILED,12,12,0,0,2eb1f1ea-f8df-4691-a295-15d42fa1b4e5,2026-07-28T13:08:46+00:00,2eb1f1ea-f8df-4691-a295-15d42fa1b4e5,2026-07-28T13:08:46+00:00,done,0,run_smoke_fail:ONINIT_FAILED;INCOMPLETE_RUNS,summary_missing_retries_exhausted,D:\QM\reports\work_items\2eb1f1ea-f8df-4691-a295-15d42fa1b4e5\QM5_11895\20260728_130630\summary.json,True,1f32b48b8a50dfe083664aa3f02a9968b219f8add63581e2acc25e348af5279a,D:\QM\strategy_farm\logs\work_item_2eb1f1ea-f8df-4691-a295-15d42fa1b4e5.log,False,D:\QM\reports\work_items\2eb1f1ea-f8df-4691-a295-15d42fa1b4e5,FAIL,ONINIT_FAILED|INCOMPLETE_RUNS,0,,,,,,1,0,False,C:\QM\repo\framework\EAs\QM5_11895_carter-ema-cross-rsi-candlestick-confirmation\sets\QM5_11895_carter-ema-cross-rsi-candlestick-confirmation_EURJPY.DWX_H1_backtest.set,True,d8d9a11c97e212a73e3bc5418e56ee891d81db6062531cb939fd6d5b18663a3c,,,active,carter-ema-cross-rsi-candlestick-confirmation,C:\QM\repo\framework\EAs\QM5_11895_carter-ema-cross-rsi-candlestick-confirmation\QM5_11895_carter-ema-cross-rsi-candlestick-confirmation.ex5,REPAIR_OR_PREFLIGHT_THEN_GOVERNED_CANARY,False,,,,Most recent row carrying a specific failure signature supplies the primary cause.
QM5_11895,EURUSD.DWX,INVALID_EVIDENCE_DEFECT,ONINIT_FAILED,12,12,0,0,c51acfce-2864-438e-890e-881973a6e13c,2026-07-28T23:10:37+00:00,c51acfce-2864-438e-890e-881973a6e13c,2026-07-28T23:10:37+00:00,done,0,run_smoke_fail:ONINIT_FAILED;INCOMPLETE_RUNS,summary_missing_retries_exhausted,D:\QM\reports\work_items\c51acfce-2864-438e-890e-881973a6e13c\QM5_11895\20260728_230540\summary.json,True,0ca63a11008c25a57f5e7ecf66f291121655e552e4d5159a96c75895613badc3,D:\QM\strategy_farm\logs\work_item_c51acfce-2864-438e-890e-881973a6e13c.log,False,D:\QM\reports\work_items\c51acfce-2864-438e-890e-881973a6e13c,FAIL,ONINIT_FAILED|INCOMPLETE_RUNS,0,,,,,,1,0,True,C:\QM\repo\framework\EAs\QM5_11895_carter-ema-cross-rsi-candlestick-confirmation\sets\QM5_11895_carter-ema-cross-rsi-candlestick-confirmation_EURUSD.DWX_H1_backtest.set,True,ae9ec4a4da48f407fbdc34c4c70c0cd449e3ceb58474c70a65f0a573e6d74a07,,,active,carter-ema-cross-rsi-candlestick-confirmation,C:\QM\repo\framework\EAs\QM5_11895_carter-ema-cross-rsi-candlestick-confirmation\QM5_11895_carter-ema-cross-rsi-candlestick-confirmation.ex5,REPAIR_OR_PREFLIGHT_THEN_GOVERNED_CANARY,False,,,,Most recent row carrying a specific failure signature supplies the primary cause.
QM5_11895,GBPJPY.DWX,INVALID_EVIDENCE_DEFECT,ONINIT_FAILED,12,12,0,0,895a0974-0d0b-42af-b9a9-9f5b37c1ea25,2026-07-28T13:26:16+00:00,895a0974-0d0b-42af-b9a9-9f5b37c1ea25,2026-07-28T13:26:16+00:00,done,0,run_smoke_fail:ONINIT_FAILED;INCOMPLETE_RUNS,summary_missing_retries_exhausted,D:\QM\reports\work_items\895a0974-0d0b-42af-b9a9-9f5b37c1ea25\QM5_11895\20260728_131255\summary.json,True,5167b0241c1281fc58aae094f156151d430ce93e5b6aa4edc1311db33b4fe940,D:\QM\strategy_farm\logs\work_item_895a0974-0d0b-42af-b9a9-9f5b37c1ea25.log,False,D:\QM\reports\work_items\895a0974-0d0b-42af-b9a9-9f5b37c1ea25,FAIL,ONINIT_FAILED|INCOMPLETE_RUNS,0,,,,,,1,0,False,C:\QM\repo\framework\EAs\QM5_11895_carter-ema-cross-rsi-candlestick-confirmation\sets\QM5_11895_carter-ema-cross-rsi-candlestick-confirmation_GBPJPY.DWX_H1_backtest.set,True,99536455478692a6e75efcf9edfab434a247a57fa5ae57afb3955b369105ce7e,,,active,carter-ema-cross-rsi-candlestick-confirmation,C:\QM\repo\framework\EAs\QM5_11895_carter-ema-cross-rsi-candlestick-confirmation\QM5_11895_carter-ema-cross-rsi-candlestick-confirmation.ex5,REPAIR_OR_PREFLIGHT_THEN_GOVERNED_CANARY,False,,,,Most recent row carrying a specific failure signature supplies the primary cause.
QM5_11895,GBPUSD.DWX,INVALID_EVIDENCE_DEFECT,ONINIT_FAILED,12,12,0,0,7a2b5aeb-fcf9-45da-bc50-549ef103c8e8,2026-07-28T19:30:57+00:00,7a2b5aeb-fcf9-45da-bc50-549ef103c8e8,2026-07-28T19:30:57+00:00,done,0,run_smoke_fail:ONINIT_FAILED;INCOMPLETE_RUNS,summary_missing_retries_exhausted,D:\QM\reports\work_items\7a2b5aeb-fcf9-45da-bc50-549ef103c8e8\QM5_11895\20260728_192835\summary.json,True,9078e0425ea645f481a4b7944fb1d3c83791889a819c13185300b7a93183d8c7,D:\QM\strategy_farm\logs\work_item_7a2b5aeb-fcf9-45da-bc50-549ef103c8e8.log,False,D:\QM\reports\work_items\7a2b5aeb-fcf9-45da-bc50-549ef103c8e8,FAIL,ONINIT_FAILED|INCOMPLETE_RUNS,0,,,,,,1,0,True,C:\QM\repo\framework\EAs\QM5_11895_carter-ema-cross-rsi-candlestick-confirmation\sets\QM5_11895_carter-ema-cross-rsi-candlestick-confirmation_GBPUSD.DWX_H1_backtest.set,True,42ee1edac8db527e90abdaffbe73045cf85d771682e5c35a21b3ed318b80cf48,,,active,carter-ema-cross-rsi-candlestick-confirmation,C:\QM\repo\framework\EAs\QM5_11895_carter-ema-cross-rsi-candlestick-confirmation\QM5_11895_carter-ema-cross-rsi-candlestick-confirmation.ex5,REPAIR_OR_PREFLIGHT_THEN_GOVERNED_CANARY,False,,,,Most recent row carrying a specific failure signature supplies the primary cause.
QM5_11895,NZDUSD.DWX,INVALID_EVIDENCE_DEFECT,ONINIT_FAILED,12,12,0,0,543b5c7f-801e-4465-8415-df35b26b19db,2026-07-28T13:16:04+00:00,543b5c7f-801e-4465-8415-df35b26b19db,2026-07-28T13:16:04+00:00,done,0,run_smoke_fail:ONINIT_FAILED;INCOMPLETE_RUNS,summary_missing_retries_exhausted,D:\QM\reports\work_items\543b5c7f-801e-4465-8415-df35b26b19db\QM5_11895\20260728_131340\summary.json,True,f1d3d2541cd30ab6a51b5018eca87778ab49e473312b140457681827e00b9ee1,D:\QM\strategy_farm\logs\work_item_543b5c7f-801e-4465-8415-df35b26b19db.log,False,D:\QM\reports\work_items\543b5c7f-801e-4465-8415-df35b26b19db,FAIL,ONINIT_FAILED|INCOMPLETE_RUNS,0,,,,,,1,0,False,C:\QM\repo\framework\EAs\QM5_11895_carter-ema-cross-rsi-candlestick-confirmation\sets\QM5_11895_carter-ema-cross-rsi-candlestick-confirmation_NZDUSD.DWX_H1_backtest.set,True,a54827ea9d21d24fcb6a45bab0aa2fe2c226da91b8ebceb9f06ac4ff11fbdc4d,,,active,carter-ema-cross-rsi-candlestick-confirmation,C:\QM\repo\framework\EAs\QM5_11895_carter-ema-cross-rsi-candlestick-confirmation\QM5_11895_carter-ema-cross-rsi-candlestick-confirmation.ex5,REPAIR_OR_PREFLIGHT_THEN_GOVERNED_CANARY,False,,,,Most recent row carrying a specific failure signature supplies the primary cause.
QM5_11895,USDCAD.DWX,INVALID_EVIDENCE_DEFECT,ONINIT_FAILED,12,12,0,0,27348255-1564-4104-a430-ecbd14477246,2026-07-28T13:17:23+00:00,27348255-1564-4104-a430-ecbd14477246,2026-07-28T13:17:23+00:00,done,0,run_smoke_fail:ONINIT_FAILED;INCOMPLETE_RUNS,summary_missing_retries_exhausted,D:\QM\reports\work_items\27348255-1564-4104-a430-ecbd14477246\QM5_11895\20260728_131459\summary.json,True,a39b31e794da0f6abb3fc29eea29c257be8a06f278c0114ef49d15520e45a553,D:\QM\strategy_farm\logs\work_item_27348255-1564-4104-a430-ecbd14477246.log,False,D:\QM\reports\work_items\27348255-1564-4104-a430-ecbd14477246,FAIL,ONINIT_FAILED|INCOMPLETE_RUNS,0,,,,,,1,0,False,C:\QM\repo\framework\EAs\QM5_11895_carter-ema-cross-rsi-candlestick-confirmation\sets\QM5_11895_carter-ema-cross-rsi-candlestick-confirmation_USDCAD.DWX_H1_backtest.set,True,41c714d669d60372b11c5d65a0ef96e484dbe756e401f3419a9ca011f3759a3f,,,active,carter-ema-cross-rsi-candlestick-confirmation,C:\QM\repo\framework\EAs\QM5_11895_carter-ema-cross-rsi-candlestick-confirmation\QM5_11895_carter-ema-cross-rsi-candlestick-confirmation.ex5,REPAIR_OR_PREFLIGHT_THEN_GOVERNED_CANARY,False,,,,Most recent row carrying a specific failure signature supplies the primary cause.
QM5_11895,USDCHF.DWX,INVALID_EVIDENCE_DEFECT,ONINIT_FAILED,12,12,0,0,2ac64dda-88ff-48aa-8335-b41a3f67a389,2026-07-28T13:18:35+00:00,2ac64dda-88ff-48aa-8335-b41a3f67a389,2026-07-28T13:18:35+00:00,done,0,run_smoke_fail:ONINIT_FAILED;INCOMPLETE_RUNS,summary_missing_retries_exhausted,D:\QM\reports\work_items\2ac64dda-88ff-48aa-8335-b41a3f67a389\QM5_11895\20260728_131607\summary.json,True,c04d2973e08b065cca285e21dbb99e8e9d052fe6a5f171bdabdc0c4259ceeba5,D:\QM\strategy_farm\logs\work_item_2ac64dda-88ff-48aa-8335-b41a3f67a389.log,False,D:\QM\reports\work_items\2ac64dda-88ff-48aa-8335-b41a3f67a389,FAIL,ONINIT_FAILED|INCOMPLETE_RUNS,0,,,,,,1,0,False,C:\QM\repo\framework\EAs\QM5_11895_carter-ema-cross-rsi-candlestick-confirmation\sets\QM5_11895_carter-ema-cross-rsi-candlestick-confirmation_USDCHF.DWX_H1_backtest.set,True,92fc3ac85bec6d1dfff95c5d653346db073b821b0ea0ba9c17a39323e2a34f77,,,active,carter-ema-cross-rsi-candlestick-confirmation,C:\QM\repo\framework\EAs\QM5_11895_carter-ema-cross-rsi-candlestick-confirmation\QM5_11895_carter-ema-cross-rsi-candlestick-confirmation.ex5,REPAIR_OR_PREFLIGHT_THEN_GOVERNED_CANARY,False,,,,Most recent row carrying a specific failure signature supplies the primary cause.
QM5_11895,USDJPY.DWX,INVALID_EVIDENCE_DEFECT,ONINIT_FAILED,12,12,0,0,3971ccfc-49b6-4385-84cb-b06fe7f2ac6b,2026-07-28T15:45:12+00:00,3971ccfc-49b6-4385-84cb-b06fe7f2ac6b,2026-07-28T15:45:12+00:00,done,0,run_smoke_fail:ONINIT_FAILED;INCOMPLETE_RUNS,summary_missing_retries_exhausted,D:\QM\reports\work_items\3971ccfc-49b6-4385-84cb-b06fe7f2ac6b\QM5_11895\20260728_154302\summary.json,True,16c92ebc2b93f1fa46187956bc886eed404e23c3eae0d3678f9814dbc151bfe3,D:\QM\strategy_farm\logs\work_item_3971ccfc-49b6-4385-84cb-b06fe7f2ac6b.log,False,D:\QM\reports\work_items\3971ccfc-49b6-4385-84cb-b06fe7f2ac6b,FAIL,ONINIT_FAILED|INCOMPLETE_RUNS,0,,,,,,1,0,False,C:\QM\repo\framework\EAs\QM5_11895_carter-ema-cross-rsi-candlestick-confirmation\sets\QM5_11895_carter-ema-cross-rsi-candlestick-confirmation_USDJPY.DWX_H1_backtest.set,True,1dff3bd9ac30a6905cf032bf6c4acb8cc3125c5a3ba2f586e2c2b9a4955425b8,,,active,carter-ema-cross-rsi-candlestick-confirmation,C:\QM\repo\framework\EAs\QM5_11895_carter-ema-cross-rsi-candlestick-confirmation\QM5_11895_carter-ema-cross-rsi-candlestick-confirmation.ex5,REPAIR_OR_PREFLIGHT_THEN_GOVERNED_CANARY,False,,,,Most recent row carrying a specific failure signature supplies the primary cause.
QM5_11896,EURJPY.DWX,INVALID_EVIDENCE_DEFECT,BARS_ZERO,12,12,0,0,f94405fd-98de-462f-a483-06544c0b9271,2026-07-28T09:27:41+00:00,f94405fd-98de-462f-a483-06544c0b9271,2026-07-28T09:27:41+00:00,failed,3,cold_cache_retries_exhausted:BARS_ZERO,cold_cache_retries_exhausted,D:\QM\reports\work_items\f94405fd-98de-462f-a483-06544c0b9271\QM5_11896\20260728_092017\summary.json,True,48d66dce63a90a9310aaf056a840b0663441fea5b5cdc9e6702aedbfb0806f15,,False,D:\QM\reports\work_items\f94405fd-98de-462f-a483-06544c0b9271,FAIL,BARS_ZERO|INCOMPLETE_RUNS,0,,,,,,1,0,False,C:\QM\repo\framework\EAs\QM5_11896_morris-rsi10-divergence-candle-confirm\sets\QM5_11896_morris-rsi10-divergence-candle-confirm_EURJPY.DWX_H1_backtest.set,True,78d579ece133de1b65e9b468d5ccec417f575248f1ee300a38d56ae6d2f113a1,,,active,morris-rsi10-divergence-candle-confirm,C:\QM\repo\framework\EAs\QM5_11896_morris-rsi10-divergence-candle-confirm\QM5_11896_morris-rsi10-divergence-candle-confirm.ex5,REPAIR_OR_PREFLIGHT_THEN_GOVERNED_CANARY,False,,,,Most recent row carrying a specific failure signature supplies the primary cause.
QM5_11900,AUDJPY.DWX,INVALID_EVIDENCE_DEFECT,ONINIT_FAILED,12,12,0,0,7eb8a129-07d5-4e36-b96a-9d0366412f66,2026-07-28T13:21:25+00:00,7eb8a129-07d5-4e36-b96a-9d0366412f66,2026-07-28T13:21:25+00:00,done,0,run_smoke_fail:ONINIT_FAILED;INCOMPLETE_RUNS,summary_missing_retries_exhausted,D:\QM\reports\work_items\7eb8a129-07d5-4e36-b96a-9d0366412f66\QM5_11900\20260728_131837\summary.json,True,78f12d6052f957536abbe3fb3a374f7160d0734555de2a4378b267007c3b7d96,D:\QM\strategy_farm\logs\work_item_7eb8a129-07d5-4e36-b96a-9d0366412f66.log,False,D:\QM\reports\work_items\7eb8a129-07d5-4e36-b96a-9d0366412f66,FAIL,ONINIT_FAILED|INCOMPLETE_RUNS,0,,,,,,1,0,False,C:\QM\repo\framework\EAs\QM5_11900_kobasfx-4ema-macd-sentiment-h1\sets\QM5_11900_kobasfx-4ema-macd-sentiment-h1_AUDJPY.DWX_H1_backtest.set,True,119bdc5dae263b4ab3e34e6f15286f48a665bad98e45ed3c4ea673011dc06a32,,,active,kobasfx-4ema-macd-sentiment-h1,C:\QM\repo\framework\EAs\QM5_11900_kobasfx-4ema-macd-sentiment-h1\QM5_11900_kobasfx-4ema-macd-sentiment-h1.ex5,REPAIR_OR_PREFLIGHT_THEN_GOVERNED_CANARY,False,,,,Most recent row carrying a specific failure signature supplies the primary cause.
QM5_11900,AUDUSD.DWX,INVALID_EVIDENCE_DEFECT,ONINIT_FAILED,12,12,0,0,d268ec2b-56b5-48b3-b5d6-87bef428ce49,2026-07-28T13:24:42+00:00,d268ec2b-56b5-48b3-b5d6-87bef428ce49,2026-07-28T13:24:42+00:00,done,0,run_smoke_fail:ONINIT_FAILED;INCOMPLETE_RUNS,summary_missing_retries_exhausted,D:\QM\reports\work_items\d268ec2b-56b5-48b3-b5d6-87bef428ce49\QM5_11900\20260728_132127\summary.json,True,09cb0150cfb61f0cab39cf75228107ba6f41ef24380e93b58d50da7bb7399308,D:\QM\strategy_farm\logs\work_item_d268ec2b-56b5-48b3-b5d6-87bef428ce49.log,False,D:\QM\reports\work_items\d268ec2b-56b5-48b3-b5d6-87bef428ce49,FAIL,ONINIT_FAILED|INCOMPLETE_RUNS,0,,,,,,1,0,False,C:\QM\repo\framework\EAs\QM5_11900_kobasfx-4ema-macd-sentiment-h1\sets\QM5_11900_kobasfx-4ema-macd-sentiment-h1_AUDUSD.DWX_H1_backtest.set,True,77f6da647fa3f01e01c8be383fe15682f7546bfdd242ff2d3504ea7e5834784d,,,active,kobasfx-4ema-macd-sentiment-h1,C:\QM\repo\framework\EAs\QM5_11900_kobasfx-4ema-macd-sentiment-h1\QM5_11900_kobasfx-4ema-macd-sentiment-h1.ex5,REPAIR_OR_PREFLIGHT_THEN_GOVERNED_CANARY,False,,,,Most recent row carrying a specific failure signature supplies the primary cause.
QM5_11900,EURJPY.DWX,INVALID_EVIDENCE_DEFECT,ONINIT_FAILED,12,12,0,0,542453c1-e135-4986-94e1-f64115b4268a,2026-07-28T13:27:42+00:00,542453c1-e135-4986-94e1-f64115b4268a,2026-07-28T13:27:42+00:00,done,0,run_smoke_fail:ONINIT_FAILED;INCOMPLETE_RUNS,summary_missing_retries_exhausted,D:\QM\reports\work_items\542453c1-e135-4986-94e1-f64115b4268a\QM5_11900\20260728_132445\summary.json,True,bd420ee72008676edcb59caacace2e36ce54ddba60d710d1ccac74caad0a9623,D:\QM\strategy_farm\logs\work_item_542453c1-e135-4986-94e1-f64115b4268a.log,False,D:\QM\reports\work_items\542453c1-e135-4986-94e1-f64115b4268a,FAIL,ONINIT_FAILED|INCOMPLETE_RUNS,0,,,,,,1,0,False,C:\QM\repo\framework\EAs\QM5_11900_kobasfx-4ema-macd-sentiment-h1\sets\QM5_11900_kobasfx-4ema-macd-sentiment-h1_EURJPY.DWX_H1_backtest.set,True,763f4691deaeb81368741128f230dab066893db6d540a522867a0993939ccdc7,,,active,kobasfx-4ema-macd-sentiment-h1,C:\QM\repo\framework\EAs\QM5_11900_kobasfx-4ema-macd-sentiment-h1\QM5_11900_kobasfx-4ema-macd-sentiment-h1.ex5,REPAIR_OR_PREFLIGHT_THEN_GOVERNED_CANARY,False,,,,Most recent row carrying a specific failure signature supplies the primary cause.
QM5_11900,EURUSD.DWX,INVALID_EVIDENCE_DEFECT,ONINIT_FAILED,12,12,0,0,7b64c967-501b-4b2e-abe4-d5c250594649,2026-07-28T23:37:49+00:00,7b64c967-501b-4b2e-abe4-d5c250594649,2026-07-28T23:37:49+00:00,done,0,run_smoke_fail:ONINIT_FAILED;INCOMPLETE_RUNS,summary_missing_retries_exhausted,D:\QM\reports\work_items\7b64c967-501b-4b2e-abe4-d5c250594649\QM5_11900\20260728_233536\summary.json,True,8d1185438f7410c866bed7db8b26e28536137168ab2a42d36df973a788b0a680,D:\QM\strategy_farm\logs\work_item_7b64c967-501b-4b2e-abe4-d5c250594649.log,False,D:\QM\reports\work_items\7b64c967-501b-4b2e-abe4-d5c250594649,FAIL,ONINIT_FAILED|INCOMPLETE_RUNS,0,,,,,,1,0,True,C:\QM\repo\framework\EAs\QM5_11900_kobasfx-4ema-macd-sentiment-h1\sets\QM5_11900_kobasfx-4ema-macd-sentiment-h1_EURUSD.DWX_H1_backtest.set,True,d6d503b3fd75a5c57017bc6b4e7005ca28e373dccbb9405ff9fc0057938de461,,,active,kobasfx-4ema-macd-sentiment-h1,C:\QM\repo\framework\EAs\QM5_11900_kobasfx-4ema-macd-sentiment-h1\QM5_11900_kobasfx-4ema-macd-sentiment-h1.ex5,REPAIR_OR_PREFLIGHT_THEN_GOVERNED_CANARY,False,,,,Most recent row carrying a specific failure signature supplies the primary cause.
QM5_11900,GBPJPY.DWX,INVALID_EVIDENCE_DEFECT,ONINIT_FAILED,12,12,0,0,eb017ddc-4abe-4f08-86ce-8fc379c9134b,2026-07-28T13:31:39+00:00,eb017ddc-4abe-4f08-86ce-8fc379c9134b,2026-07-28T13:31:39+00:00,done,0,run_smoke_fail:ONINIT_FAILED;INCOMPLETE_RUNS,summary_missing_retries_exhausted,D:\QM\reports\work_items\eb017ddc-4abe-4f08-86ce-8fc379c9134b\QM5_11900\20260728_132620\summary.json,True,3b973c8a7dd40dd70a0188e13edb5d580b7ec07ccf229df9f744258b16605d6f,D:\QM\strategy_farm\logs\work_item_eb017ddc-4abe-4f08-86ce-8fc379c9134b.log,False,D:\QM\reports\work_items\eb017ddc-4abe-4f08-86ce-8fc379c9134b,FAIL,ONINIT_FAILED|INCOMPLETE_RUNS,0,,,,,,1,0,False,C:\QM\repo\framework\EAs\QM5_11900_kobasfx-4ema-macd-sentiment-h1\sets\QM5_11900_kobasfx-4ema-macd-sentiment-h1_GBPJPY.DWX_H1_backtest.set,True,cdd7a6cf87085141c7230d6c435539dbf380a18d6d830314958a8f44e2243a7c,,,active,kobasfx-4ema-macd-sentiment-h1,C:\QM\repo\framework\EAs\QM5_11900_kobasfx-4ema-macd-sentiment-h1\QM5_11900_kobasfx-4ema-macd-sentiment-h1.ex5,REPAIR_OR_PREFLIGHT_THEN_GOVERNED_CANARY,False,,,,Most recent row carrying a specific failure signature supplies the primary cause.
QM5_11900,GBPUSD.DWX,INVALID_EVIDENCE_DEFECT,ONINIT_FAILED,12,12,0,0,5f17a010-5ac9-4975-85e8-155fa8b6715c,2026-07-28T21:14:41+00:00,5f17a010-5ac9-4975-85e8-155fa8b6715c,2026-07-28T21:14:41+00:00,done,0,run_smoke_fail:ONINIT_FAILED;INCOMPLETE_RUNS,summary_missing_retries_exhausted,D:\QM\reports\work_items\5f17a010-5ac9-4975-85e8-155fa8b6715c\QM5_11900\20260728_211225\summary.json,True,922a7c7c4af7597ea8188b2852066404be5710f1c8aae231fef4ed2ae78212f0,D:\QM\strategy_farm\logs\work_item_5f17a010-5ac9-4975-85e8-155fa8b6715c.log,False,D:\QM\reports\work_items\5f17a010-5ac9-4975-85e8-155fa8b6715c,FAIL,ONINIT_FAILED|INCOMPLETE_RUNS,0,,,,,,1,0,True,C:\QM\repo\framework\EAs\QM5_11900_kobasfx-4ema-macd-sentiment-h1\sets\QM5_11900_kobasfx-4ema-macd-sentiment-h1_GBPUSD.DWX_H1_backtest.set,True,9552754f3db8ae3e032682ba5c657ea7a637ecb9ff26de3c800ae2fbae63f3f3,,,active,kobasfx-4ema-macd-sentiment-h1,C:\QM\repo\framework\EAs\QM5_11900_kobasfx-4ema-macd-sentiment-h1\QM5_11900_kobasfx-4ema-macd-sentiment-h1.ex5,REPAIR_OR_PREFLIGHT_THEN_GOVERNED_CANARY,False,,,,Most recent row carrying a specific failure signature supplies the primary cause.
QM5_11900,NZDUSD.DWX,INVALID_EVIDENCE_DEFECT,ONINIT_FAILED,12,12,0,0,a4dfe743-af07-4d1a-b4ca-3e83857d2966,2026-07-28T13:30:34+00:00,a4dfe743-af07-4d1a-b4ca-3e83857d2966,2026-07-28T13:30:34+00:00,done,0,run_smoke_fail:ONINIT_FAILED;INCOMPLETE_RUNS,summary_missing_retries_exhausted,D:\QM\reports\work_items\a4dfe743-af07-4d1a-b4ca-3e83857d2966\QM5_11900\20260728_132745\summary.json,True,326c3b9fb782b3a749dea84305464e566c19daaf67cad6105b10f0f98dd1c082,D:\QM\strategy_farm\logs\work_item_a4dfe743-af07-4d1a-b4ca-3e83857d2966.log,False,D:\QM\reports\work_items\a4dfe743-af07-4d1a-b4ca-3e83857d2966,FAIL,ONINIT_FAILED|INCOMPLETE_RUNS,0,,,,,,1,0,False,C:\QM\repo\framework\EAs\QM5_11900_kobasfx-4ema-macd-sentiment-h1\sets\QM5_11900_kobasfx-4ema-macd-sentiment-h1_NZDUSD.DWX_H1_backtest.set,True,c1fbfe5681b80e6787ededf7122c81c71a719d836588eaecba2b7055d54376c3,,,active,kobasfx-4ema-macd-sentiment-h1,C:\QM\repo\framework\EAs\QM5_11900_kobasfx-4ema-macd-sentiment-h1\QM5_11900_kobasfx-4ema-macd-sentiment-h1.ex5,REPAIR_OR_PREFLIGHT_THEN_GOVERNED_CANARY,False,,,,Most recent row carrying a specific failure signature supplies the primary cause.
QM5_11900,USDCAD.DWX,INVALID_EVIDENCE_DEFECT,ONINIT_FAILED,12,12,0,0,616d6820-3807-47f4-a9d1-2b1c9a77e3ff,2026-07-28T13:46:30+00:00,616d6820-3807-47f4-a9d1-2b1c9a77e3ff,2026-07-28T13:46:30+00:00,done,0,run_smoke_fail:ONINIT_FAILED;INCOMPLETE_RUNS,summary_missing_retries_exhausted,D:\QM\reports\work_items\616d6820-3807-47f4-a9d1-2b1c9a77e3ff\QM5_11900\20260728_133036\summary.json,True,ec89777c30085437d623a3b6dc81c9db9adc30f3d589b1bcac73b69a8ba860ac,D:\QM\strategy_farm\logs\work_item_616d6820-3807-47f4-a9d1-2b1c9a77e3ff.log,False,D:\QM\reports\work_items\616d6820-3807-47f4-a9d1-2b1c9a77e3ff,FAIL,ONINIT_FAILED|INCOMPLETE_RUNS,0,,,,,,1,0,False,C:\QM\repo\framework\EAs\QM5_11900_kobasfx-4ema-macd-sentiment-h1\sets\QM5_11900_kobasfx-4ema-macd-sentiment-h1_USDCAD.DWX_H1_backtest.set,True,7edaa39f071eec83c3d95cbb9a08e47d0b71507cbcedab3c7671414b065d3dcb,,,active,kobasfx-4ema-macd-sentiment-h1,C:\QM\repo\framework\EAs\QM5_11900_kobasfx-4ema-macd-sentiment-h1\QM5_11900_kobasfx-4ema-macd-sentiment-h1.ex5,REPAIR_OR_PREFLIGHT_THEN_GOVERNED_CANARY,False,,,,Most recent row carrying a specific failure signature supplies the primary cause.
QM5_11900,USDCHF.DWX,INVALID_EVIDENCE_DEFECT,ACTIVE_TIMEOUT,12,12,0,0,fe21ca57-20eb-44af-90f1-d961618b2900,2026-07-29T12:18:03+00:00,fe21ca57-20eb-44af-90f1-d961618b2900,2026-07-29T12:18:03+00:00,failed,0,ACTIVE_TIMEOUT,summary_missing_retries_exhausted,D:\QM\strategy_farm\logs\work_item_fe21ca57-20eb-44af-90f1-d961618b2900.log,False,,D:\QM\strategy_farm\logs\work_item_fe21ca57-20eb-44af-90f1-d961618b2900.log,False,D:\QM\reports\work_items\fe21ca57-20eb-44af-90f1-d961618b2900,,,,,,,,,0,0,False,C:\QM\repo\framework\EAs\QM5_11900_kobasfx-4ema-macd-sentiment-h1\sets\QM5_11900_kobasfx-4ema-macd-sentiment-h1_USDCHF.DWX_H1_backtest.set,True,f45c84d44dc9caacae50bb0a17717a9cf6a524ab55bdb889e8b94a376440c4fe,,,active,kobasfx-4ema-macd-sentiment-h1,C:\QM\repo\framework\EAs\QM5_11900_kobasfx-4ema-macd-sentiment-h1\QM5_11900_kobasfx-4ema-macd-sentiment-h1.ex5,REPAIR_OR_PREFLIGHT_THEN_GOVERNED_CANARY,False,,,,Most recent row carrying a specific failure signature supplies the primary cause.
QM5_11900,USDJPY.DWX,INVALID_EVIDENCE_DEFECT,ONINIT_FAILED,12,12,0,0,eaef2f55-53ea-4970-b650-5e374a3b6931,2026-07-28T15:47:35+00:00,eaef2f55-53ea-4970-b650-5e374a3b6931,2026-07-28T15:47:35+00:00,done,0,run_smoke_fail:ONINIT_FAILED;INCOMPLETE_RUNS,summary_missing_retries_exhausted,D:\QM\reports\work_items\eaef2f55-53ea-4970-b650-5e374a3b6931\QM5_11900\20260728_154523\summary.json,True,db8ceddc614f7e0798a990a4eee275b23f7d848e4e2827cab6afc26c7c0d3300,D:\QM\strategy_farm\logs\work_item_eaef2f55-53ea-4970-b650-5e374a3b6931.log,False,D:\QM\reports\work_items\eaef2f55-53ea-4970-b650-5e374a3b6931,FAIL,ONINIT_FAILED|INCOMPLETE_RUNS,0,,,,,,1,0,False,C:\QM\repo\framework\EAs\QM5_11900_kobasfx-4ema-macd-sentiment-h1\sets\QM5_11900_kobasfx-4ema-macd-sentiment-h1_USDJPY.DWX_H1_backtest.set,True,75ac3d569ac2b99ea7a8704dad1b38518dc8da6a647ce945dc0bc1ca3a6a2b0f,,,active,kobasfx-4ema-macd-sentiment-h1,C:\QM\repo\framework\EAs\QM5_11900_kobasfx-4ema-macd-sentiment-h1\QM5_11900_kobasfx-4ema-macd-sentiment-h1.ex5,REPAIR_OR_PREFLIGHT_THEN_GOVERNED_CANARY,False,,,,Most recent row carrying a specific failure signature supplies the primary cause.
QM5_12348,GER40.DWX,UNCLEAR,SUMMARY_MISSING_NO_ROW_BOUND_AGGREGATE,12,12,0,0,fb973bb0-b008-48b5-b81c-f9092c2e0b73,2026-06-25T03:40:03+00:00,fb973bb0-b008-48b5-b81c-f9092c2e0b73,2026-06-25T03:40:03+00:00,failed,2,summary_missing_retries_exhausted,summary_missing_retries_exhausted,,False,,D:\QM\strategy_farm\logs\work_item_fb973bb0-b008-48b5-b81c-f9092c2e0b73.log,False,D:\QM\reports\work_items\fb973bb0-b008-48b5-b81c-f9092c2e0b73,,,,,,,,,0,0,False,C:\QM\repo\framework\EAs\QM5_12348_liu-momo-break\sets\QM5_12348_liu-momo-break_GER40.DWX_M1_backtest.set,True,d3b2ad1af0796a5c1b9fdbf44f4ea65a03adb9dec4652deaad985980d89f9e8b,,,active,liu-momo-break,C:\QM\repo\framework\EAs\QM5_12348_liu-momo-break\QM5_12348_liu-momo-break.ex5,FORENSIC_REVIEW_NO_REQUEUE,False,,,,Only generic summary-missing history remains; no readable row-bound aggregate or specific failure signature.
QM5_12348,NDX.DWX,INVALID_EVIDENCE_DEFECT,NO_HISTORY_TRANSIENT,12,12,0,0,4f9e07df-9425-4ded-85a7-af1c1b0b69af,2026-07-28T20:52:24+00:00,4f9e07df-9425-4ded-85a7-af1c1b0b69af,2026-07-28T20:52:24+00:00,failed,3,cold_cache_retries_exhausted:NO_HISTORY,cold_cache_retries_exhausted,D:\QM\reports\work_items\4f9e07df-9425-4ded-85a7-af1c1b0b69af\QM5_12348\20260728_204459\summary.json,True,5c72f8871dabc4af241d9fa786e9764e6da10a702833b91d64e6c27cf4ebcdc3,,False,D:\QM\reports\work_items\4f9e07df-9425-4ded-85a7-af1c1b0b69af,FAIL,NO_HISTORY|INCOMPLETE_RUNS,0,,,,,,1,0,False,C:\QM\repo\framework\EAs\QM5_12348_liu-momo-break\sets\QM5_12348_liu-momo-break_NDX.DWX_M1_backtest.set,True,cafb700075b7b70c3bdeba778a45603d168ca2bf539e73cf571d34ec16198cd6,,,active,liu-momo-break,C:\QM\repo\framework\EAs\QM5_12348_liu-momo-break\QM5_12348_liu-momo-break.ex5,REPAIR_OR_PREFLIGHT_THEN_GOVERNED_CANARY,False,,,,Most recent row carrying a specific failure signature supplies the primary cause.
QM5_12349,EURUSD.DWX,INVALID_EVIDENCE_DEFECT,ONINIT_FAILED,12,12,0,0,303d358d-8102-41c4-bd03-f70e9701e0a8,2026-07-28T16:46:08+00:00,303d358d-8102-41c4-bd03-f70e9701e0a8,2026-07-28T16:46:08+00:00,done,0,run_smoke_fail:ONINIT_FAILED;INCOMPLETE_RUNS,summary_missing_retries_exhausted,D:\QM\reports\work_items\303d358d-8102-41c4-bd03-f70e9701e0a8\QM5_12349\20260728_164329\summary.json,True,170d06c2146aee5568a799fbc45a7303305859c3875232610dd91493de4a5132,D:\QM\strategy_farm\logs\work_item_303d358d-8102-41c4-bd03-f70e9701e0a8.log,False,D:\QM\reports\work_items\303d358d-8102-41c4-bd03-f70e9701e0a8,FAIL,ONINIT_FAILED|INCOMPLETE_RUNS,0,,,,,,1,0,False,C:\QM\repo\framework\EAs\QM5_12349_sb-ema10-20\sets\QM5_12349_sb-ema10-20_EURUSD.DWX_M1_backtest.set,True,dfb1ede57c3edcf544a68ea51e1d46ae5880fb0346d4319c27a4188da997c041,,,active,sb-ema10-20,C:\QM\repo\framework\EAs\QM5_12349_sb-ema10-20\QM5_12349_sb-ema10-20.ex5,REPAIR_OR_PREFLIGHT_THEN_GOVERNED_CANARY,False,,,,Most recent row carrying a specific failure signature supplies the primary cause.
QM5_12356,NDX.DWX,INVALID_EVIDENCE_DEFECT,NO_HISTORY_TRANSIENT,15,15,0,0,8a9af591-82c0-4dfb-9bfe-6a7fe3ad8031,2026-08-07T23:29:57+00:00,8a9af591-82c0-4dfb-9bfe-6a7fe3ad8031,2026-08-07T23:29:57+00:00,failed,3,cold_cache_retries_exhausted:NO_HISTORY,cold_cache_retries_exhausted,D:\QM\reports\work_items\8a9af591-82c0-4dfb-9bfe-6a7fe3ad8031\QM5_12356\20260807_232845\summary.json,True,97cfe73257eada93c6cf1dd43c458ef6bb6dfc0027ab450bc022cdae6205c774,,False,D:\QM\reports\work_items\8a9af591-82c0-4dfb-9bfe-6a7fe3ad8031,FAIL,NO_HISTORY|INCOMPLETE_RUNS,0,,,,,,5,0,True,C:\QM\repo\framework\EAs\QM5_12356_orev-ma-break\sets\QM5_12356_orev-ma-break_NDX.DWX_D1_backtest.set,True,05b73a38d54da3effaf8aebca70d7f86eee47363bd0c1fd9f02c43640d047ab1,,,active,orev-ma-break,C:\QM\repo\framework\EAs\QM5_12356_orev-ma-break\QM5_12356_orev-ma-break.ex5,REPAIR_OR_PREFLIGHT_THEN_GOVERNED_CANARY,True,NO_HISTORY_TRANSIENT,2,GOVERNED_SINGLE_ROW_REQUEUE_AFTER_REVIEW,Most recent row carrying a specific failure signature supplies the primary cause.
QM5_12361,GER40.DWX,UNCLEAR,SUMMARY_MISSING_NO_ROW_BOUND_AGGREGATE,12,12,0,0,3021d75d-f972-4e4c-8070-6390ca0bd9d4,2026-06-25T04:18:10+00:00,3021d75d-f972-4e4c-8070-6390ca0bd9d4,2026-06-25T04:18:10+00:00,failed,2,summary_missing_retries_exhausted,summary_missing_retries_exhausted,,False,,D:\QM\strategy_farm\logs\work_item_3021d75d-f972-4e4c-8070-6390ca0bd9d4.log,False,D:\QM\reports\work_items\3021d75d-f972-4e4c-8070-6390ca0bd9d4,,,,,,,,,0,0,False,C:\QM\repo\framework\EAs\QM5_12361_tmom-ibs\sets\QM5_12361_tmom-ibs_GER40.DWX_D1_backtest.set,True,872efdf1688f23c922eb3fb5238d6b6edb7795c44abcc0131a2231349841ea19,,,active,tmom-ibs,C:\QM\repo\framework\EAs\QM5_12361_tmom-ibs\QM5_12361_tmom-ibs.ex5,FORENSIC_REVIEW_NO_REQUEUE,False,,,,Only generic summary-missing history remains; no readable row-bound aggregate or specific failure signature.
QM5_12382,XAGUSD.DWX,INVALID_EVIDENCE_DEFECT,BARS_ZERO,13,13,0,0,b9e67420-f853-458b-997f-01b66fb0ccd9,2026-08-04T07:53:51+00:00,b9e67420-f853-458b-997f-01b66fb0ccd9,2026-08-04T07:53:51+00:00,failed,3,cold_cache_retries_exhausted:BARS_ZERO,cold_cache_retries_exhausted,D:\QM\reports\work_items\b9e67420-f853-458b-997f-01b66fb0ccd9\QM5_12382\20260804_074752\summary.json,True,a16c556b062acec239f3e7f235f6449bce7924bfc3ae9a33a32c5f09d17df86c,,False,D:\QM\reports\work_items\b9e67420-f853-458b-997f-01b66fb0ccd9,FAIL,BARS_ZERO|INCOMPLETE_RUNS,0,,,,,,1,0,False,C:\QM\repo\framework\EAs\QM5_12382_ts-mom-12m\sets\QM5_12382_ts-mom-12m_XAGUSD.DWX_D1_backtest.set,True,9eb4203a8299a55f519156bc432f85d8a22daefa8a745263e51b5424192ebcab,,,active,ts-mom-12m,C:\QM\repo\framework\EAs\QM5_12382_ts-mom-12m\QM5_12382_ts-mom-12m.ex5,REPAIR_OR_PREFLIGHT_THEN_GOVERNED_CANARY,False,,,,Most recent row carrying a specific failure signature supplies the primary cause.
QM5_12405,GDAXI.DWX,INVALID_EVIDENCE_DEFECT,ONINIT_FAILED,12,12,0,0,12493b78-3c18-4be8-9eb2-1fbd0ee1855b,2026-07-28T17:38:04+00:00,12493b78-3c18-4be8-9eb2-1fbd0ee1855b,2026-07-28T17:38:04+00:00,done,0,run_smoke_fail:ONINIT_FAILED;INCOMPLETE_RUNS,summary_missing_retries_exhausted,D:\QM\reports\work_items\12493b78-3c18-4be8-9eb2-1fbd0ee1855b\QM5_12405\20260728_173540\summary.json,True,fd62288e26926b081236f51d4cfd52c7a3039c679d2903016f5b94ab7a47db4c,D:\QM\strategy_farm\logs\work_item_12493b78-3c18-4be8-9eb2-1fbd0ee1855b.log,False,D:\QM\reports\work_items\12493b78-3c18-4be8-9eb2-1fbd0ee1855b,FAIL,ONINIT_FAILED|INCOMPLETE_RUNS,0,,,,,,1,0,False,C:\QM\repo\framework\EAs\QM5_12405_stock-cycle12\sets\QM5_12405_stock-cycle12_GDAXI.DWX_D1_backtest.set,True,7de6ed0e1634f5d12c588aa2fa000e7e7c24f15f4ad2733872cb4b369c459112,,,active,stock-cycle12,C:\QM\repo\framework\EAs\QM5_12405_stock-cycle12\QM5_12405_stock-cycle12.ex5,REPAIR_OR_PREFLIGHT_THEN_GOVERNED_CANARY,False,,,,Most recent row carrying a specific failure signature supplies the primary cause.
QM5_12405,NDX.DWX,INVALID_EVIDENCE_DEFECT,ONINIT_FAILED,12,12,0,0,7da67529-1673-403f-b725-598b5386a7d0,2026-07-29T01:22:18+00:00,7da67529-1673-403f-b725-598b5386a7d0,2026-07-29T01:22:18+00:00,done,0,run_smoke_fail:ONINIT_FAILED;INCOMPLETE_RUNS,summary_missing_retries_exhausted,D:\QM\reports\work_items\7da67529-1673-403f-b725-598b5386a7d0\QM5_12405\20260729_012004\summary.json,True,52ca3652f3760c9466b47cae44901b6857d06d672b565dbcb33feabebf47047d,D:\QM\strategy_farm\logs\work_item_7da67529-1673-403f-b725-598b5386a7d0.log,False,D:\QM\reports\work_items\7da67529-1673-403f-b725-598b5386a7d0,FAIL,ONINIT_FAILED|INCOMPLETE_RUNS,0,,,,,,1,0,False,C:\QM\repo\framework\EAs\QM5_12405_stock-cycle12\sets\QM5_12405_stock-cycle12_NDX.DWX_D1_backtest.set,True,d4ee48ee5ce5fe1f7e0c97f316644fdebd51c9d52bc8cf95459a497944f0c021,,,active,stock-cycle12,C:\QM\repo\framework\EAs\QM5_12405_stock-cycle12\QM5_12405_stock-cycle12.ex5,REPAIR_OR_PREFLIGHT_THEN_GOVERNED_CANARY,False,,,,Most recent row carrying a specific failure signature supplies the primary cause.
QM5_12405,SP500.DWX,INVALID_EVIDENCE_DEFECT,ACTIVE_TIMEOUT,12,12,0,0,d119f278-5901-4ab5-93de-089201323756,2026-07-29T12:18:03+00:00,d119f278-5901-4ab5-93de-089201323756,2026-07-29T12:18:03+00:00,failed,0,ACTIVE_TIMEOUT,summary_missing_retries_exhausted,D:\QM\reports\work_items\d119f278-5901-4ab5-93de-089201323756\QM5_12405\20260728_184738\summary.json,True,5a722e9bdbcca53828d0315bdf467ee8d1447791b44020548e539c8bff815ecc,D:\QM\strategy_farm\logs\work_item_d119f278-5901-4ab5-93de-089201323756.log,False,D:\QM\reports\work_items\d119f278-5901-4ab5-93de-089201323756,FAIL,ONINIT_FAILED|INCOMPLETE_RUNS,0,,,,,,1,0,False,C:\QM\repo\framework\EAs\QM5_12405_stock-cycle12\sets\QM5_12405_stock-cycle12_SP500.DWX_D1_backtest.set,True,a77b10319a2451e8e7dfa9f833fc1d72cc456de9dfb87f6d636c655da4fa99f3,,,active,stock-cycle12,C:\QM\repo\framework\EAs\QM5_12405_stock-cycle12\QM5_12405_stock-cycle12.ex5,REPAIR_OR_PREFLIGHT_THEN_GOVERNED_CANARY,True,ACTIVE_TIMEOUT,1,GOVERNED_SINGLE_ROW_REQUEUE_AFTER_REVIEW,Most recent row carrying a specific failure signature supplies the primary cause.
QM5_12405,WS30.DWX,INVALID_EVIDENCE_DEFECT,ONINIT_FAILED,12,12,0,0,4d50854c-3a75-498e-b100-6b88bb273485,2026-07-28T19:12:07+00:00,4d50854c-3a75-498e-b100-6b88bb273485,2026-07-28T19:12:07+00:00,done,0,run_smoke_fail:ONINIT_FAILED;INCOMPLETE_RUNS,summary_missing_retries_exhausted,D:\QM\reports\work_items\4d50854c-3a75-498e-b100-6b88bb273485\QM5_12405\20260728_190943\summary.json,True,a186bbef025635149d9376e00ef81a992d83b3b90911b117681891cfa0575556,D:\QM\strategy_farm\logs\work_item_4d50854c-3a75-498e-b100-6b88bb273485.log,False,D:\QM\reports\work_items\4d50854c-3a75-498e-b100-6b88bb273485,FAIL,ONINIT_FAILED|INCOMPLETE_RUNS,0,,,,,,1,0,False,C:\QM\repo\framework\EAs\QM5_12405_stock-cycle12\sets\QM5_12405_stock-cycle12_WS30.DWX_D1_backtest.set,True,da4e19eefda7579769649212f7b3334936de38589d08014167e6ef6d86b3adbb,,,active,stock-cycle12,C:\QM\repo\framework\EAs\QM5_12405_stock-cycle12\QM5_12405_stock-cycle12.ex5,REPAIR_OR_PREFLIGHT_THEN_GOVERNED_CANARY,False,,,,Most recent row carrying a specific failure signature supplies the primary cause.
QM5_12406,NDX.DWX,INVALID_EVIDENCE_DEFECT,ONINIT_FAILED,24,24,0,0,b9741f07-c26d-4860-b9f4-44999d7109d9,2026-07-27T18:58:09+00:00,b9741f07-c26d-4860-b9f4-44999d7109d9,2026-07-27T18:58:09+00:00,done,0,run_smoke_fail:ONINIT_FAILED;INCOMPLETE_RUNS,summary_missing_retries_exhausted,D:\QM\reports\work_items\b9741f07-c26d-4860-b9f4-44999d7109d9\QM5_12406\20260727_185537\summary.json,True,e9edd6e89829617e34de9b63fbe9a0853c67f73c6f2c5988aefcfe27bded82ce,D:\QM\strategy_farm\logs\work_item_b9741f07-c26d-4860-b9f4-44999d7109d9.log,False,D:\QM\reports\work_items\b9741f07-c26d-4860-b9f4-44999d7109d9,FAIL,ONINIT_FAILED|INCOMPLETE_RUNS,0,,,,,,2,0,False,C:\QM\repo\framework\EAs\QM5_12406_btc-22utc\sets\QM5_12406_btc-22utc_NDX.DWX_M5_backtest.set,True,31df539c72136f655432c8438c960b6547a5c148a8ab969b9c8a3ac7b77155a7,,,active,btc-22utc,C:\QM\repo\framework\EAs\QM5_12406_btc-22utc\QM5_12406_btc-22utc.ex5,REPAIR_OR_PREFLIGHT_THEN_GOVERNED_CANARY,False,,,,Most recent row carrying a specific failure signature supplies the primary cause.
QM5_12430,XAUUSD.DWX,INVALID_EVIDENCE_DEFECT,ONINIT_FAILED,12,12,0,0,7cd5de5d-cc5e-48f6-8257-e9dbade10230,2026-08-11T20:25:23+00:00,7cd5de5d-cc5e-48f6-8257-e9dbade10230,2026-08-11T20:25:23+00:00,done,0,run_smoke_fail:ONINIT_FAILED;INCOMPLETE_RUNS,,D:\QM\reports\work_items\7cd5de5d-cc5e-48f6-8257-e9dbade10230\QM5_12430\20260811_202428\summary.json,True,e5a3c9cba5cddfaef7ee025171ffd2fa5f54aee04f96bbe435aa13584beed146,D:\QM\strategy_farm\logs\work_item_7cd5de5d-cc5e-48f6-8257-e9dbade10230.log,True,D:\QM\reports\work_items\7cd5de5d-cc5e-48f6-8257-e9dbade10230,FAIL,ONINIT_FAILED|INCOMPLETE_RUNS,0,,,,,,12,0,False,C:\QM\repo\framework\EAs\QM5_12430_ea31337-stoch\sets\QM5_12430_ea31337-stoch_XAUUSD.DWX_H1_backtest.set,True,822d4b94f7b12b43ddaa9627f4bbf75adfb1e1666a7ff6da8591a65c18ce70e3,,,active,ea31337-stoch,C:\QM\repo\framework\EAs\QM5_12430_ea31337-stoch\QM5_12430_ea31337-stoch.ex5,REPAIR_OR_PREFLIGHT_THEN_GOVERNED_CANARY,False,,,,Most recent row carrying a specific failure signature supplies the primary cause.
QM5_12435,XAUUSD.DWX,INVALID_EVIDENCE_DEFECT,ONINIT_FAILED,12,12,0,0,5582cd68-52b2-408c-8f0c-685f5df8c5bd,2026-08-11T20:30:16+00:00,5582cd68-52b2-408c-8f0c-685f5df8c5bd,2026-08-11T20:30:16+00:00,done,0,run_smoke_fail:ONINIT_FAILED;INCOMPLETE_RUNS,,D:\QM\reports\work_items\5582cd68-52b2-408c-8f0c-685f5df8c5bd\QM5_12435\20260811_202802\summary.json,True,ea0e23f13e140a6dc8786e8c029a948572d0ac21daaa5318510b3af08dcae4c6,D:\QM\strategy_farm\logs\work_item_5582cd68-52b2-408c-8f0c-685f5df8c5bd.log,True,D:\QM\reports\work_items\5582cd68-52b2-408c-8f0c-685f5df8c5bd,FAIL,ONINIT_FAILED|INCOMPLETE_RUNS,0,,,,,,12,0,False,C:\QM\repo\framework\EAs\QM5_12435_ea31337-cci\sets\QM5_12435_ea31337-cci_XAUUSD.DWX_H1_backtest.set,True,67f1990b6c0c8cca50ea05335893df29fafbbdc064a9d409047dd1eb1ab092f5,,,active,ea31337-cci,C:\QM\repo\framework\EAs\QM5_12435_ea31337-cci\QM5_12435_ea31337-cci.ex5,REPAIR_OR_PREFLIGHT_THEN_GOVERNED_CANARY,False,,,,Most recent row carrying a specific failure signature supplies the primary cause.
QM5_12436,XAUUSD.DWX,INVALID_EVIDENCE_DEFECT,ONINIT_FAILED,12,12,0,0,3391cc7d-0115-4a7a-8416-01d1aa37928f,2026-08-11T22:19:34+00:00,3391cc7d-0115-4a7a-8416-01d1aa37928f,2026-08-11T22:19:34+00:00,done,0,run_smoke_fail:ONINIT_FAILED;INCOMPLETE_RUNS,,D:\QM\reports\work_items\3391cc7d-0115-4a7a-8416-01d1aa37928f\QM5_12436\20260811_221820\summary.json,True,8e04a1d6bf474b4361974588cf26fa4ac3751d873bbafad9d80403ab8a51f277,D:\QM\strategy_farm\logs\work_item_3391cc7d-0115-4a7a-8416-01d1aa37928f.log,True,D:\QM\reports\work_items\3391cc7d-0115-4a7a-8416-01d1aa37928f,FAIL,ONINIT_FAILED|INCOMPLETE_RUNS,0,,,,,,12,0,False,C:\QM\repo\framework\EAs\QM5_12436_ea31337-wpr\sets\QM5_12436_ea31337-wpr_XAUUSD.DWX_H1_backtest.set,True,088540de433db9ebc77e849a74a70f9f6333a03a7a52a11e9478e6b7735564d3,,,active,ea31337-wpr,C:\QM\repo\framework\EAs\QM5_12436_ea31337-wpr\QM5_12436_ea31337-wpr.ex5,REPAIR_OR_PREFLIGHT_THEN_GOVERNED_CANARY,False,,,,Most recent row carrying a specific failure signature supplies the primary cause.
QM5_12449,EURUSD.DWX,INVALID_EVIDENCE_DEFECT,NO_HISTORY_TRANSIENT,12,12,0,0,f29ee2de-3abf-4824-adfa-5d99ce267978,2026-07-28T16:07:17+00:00,f29ee2de-3abf-4824-adfa-5d99ce267978,2026-07-28T16:07:17+00:00,failed,3,cold_cache_retries_exhausted:NO_HISTORY,cold_cache_retries_exhausted,D:\QM\reports\work_items\f29ee2de-3abf-4824-adfa-5d99ce267978\QM5_12449\20260728_155933\summary.json,True,c5d1dfaad9df81bf674f2767347a92cb3779fd7f011c00fb73f366fc3631703e,,False,D:\QM\reports\work_items\f29ee2de-3abf-4824-adfa-5d99ce267978,FAIL,NO_HISTORY|INCOMPLETE_RUNS,0,,,,,,1,0,False,C:\QM\repo\framework\EAs\QM5_12449_ea31337-mabrk\sets\QM5_12449_ea31337-mabrk_EURUSD.DWX_H1_backtest.set,True,86903afbf9b4da66305799dba5d72e760565dbff8dbcbb3b7d32c7105ec223f3,,,active,ea31337-mabrk,C:\QM\repo\framework\EAs\QM5_12449_ea31337-mabrk\QM5_12449_ea31337-mabrk.ex5,REPAIR_OR_PREFLIGHT_THEN_GOVERNED_CANARY,False,,,,Most recent row carrying a specific failure signature supplies the primary cause.
QM5_12455,EURUSD.DWX,INVALID_EVIDENCE_DEFECT,ONINIT_FAILED,12,12,0,0,2cb70bd8-ebaa-4470-80ad-3f541a578344,2026-07-28T16:49:16+00:00,2cb70bd8-ebaa-4470-80ad-3f541a578344,2026-07-28T16:49:16+00:00,done,0,run_smoke_fail:ONINIT_FAILED;INCOMPLETE_RUNS,summary_missing_retries_exhausted,D:\QM\reports\work_items\2cb70bd8-ebaa-4470-80ad-3f541a578344\QM5_12455\20260728_164622\summary.json,True,578582e8cc0284d0bf85d9bb45e19b3ec2176a72b8361d426ff98c73a07a54a5,D:\QM\strategy_farm\logs\work_item_2cb70bd8-ebaa-4470-80ad-3f541a578344.log,False,D:\QM\reports\work_items\2cb70bd8-ebaa-4470-80ad-3f541a578344,FAIL,ONINIT_FAILED|INCOMPLETE_RUNS,0,,,,,,1,0,False,C:\QM\repo\framework\EAs\QM5_12455_ea31337-pinbar\sets\QM5_12455_ea31337-pinbar_EURUSD.DWX_H1_backtest.set,True,a94b8cb8c686af5c43da5ba39a80e83fbfff751b76b4c94700780b4a7880106d,,,active,ea31337-pinbar,C:\QM\repo\framework\EAs\QM5_12455_ea31337-pinbar\QM5_12455_ea31337-pinbar.ex5,REPAIR_OR_PREFLIGHT_THEN_GOVERNED_CANARY,False,,,,Most recent row carrying a specific failure signature supplies the primary cause.
QM5_12486,GBPUSD.DWX,INVALID_EVIDENCE_DEFECT,SETFILE_MISSING,12,12,0,0,11abcc49-c00f-482b-b1ca-4428c3a03972,2026-08-11T15:34:27+00:00,11abcc49-c00f-482b-b1ca-4428c3a03972,2026-08-11T15:34:27+00:00,failed,0,setfile_missing,,D:\QM\reports\work_items\11abcc49-c00f-482b-b1ca-4428c3a03972\QM5_12486\Q02\preflight_failure.json,True,4318708e40df7b17a41cd4f3794c7d2038f05352c10aac08e1c1aa3418412916,,False,D:\QM\reports\work_items\11abcc49-c00f-482b-b1ca-4428c3a03972,,,,,,,,,5,0,False,C:\QM\repo\framework\EAs\QM5_12486_shv-supertrend\sets\QM5_12486_shv-supertrend_GBPUSD.DWX_H1_backtest.set,False,,SETFILE_MISSING,,active,shv-supertrend,C:\QM\repo\framework\EAs\QM5_12486_shv-supertrend\QM5_12486_shv-supertrend.ex5,REPAIR_SETFILE_BEFORE_ANY_CANARY,False,,,,Latest bound setfile path is absent on the canonical checkout.
QM5_12538,AUDUSD.DWX,INVALID_EVIDENCE_DEFECT,ACTIVE_TIMEOUT,12,12,0,0,dc02c52b-02ee-48e4-900e-5aee594273f3,2026-08-07T22:24:57+00:00,dc02c52b-02ee-48e4-900e-5aee594273f3,2026-08-07T22:24:57+00:00,failed,0,ACTIVE_TIMEOUT,,,False,,D:\QM\strategy_farm\logs\work_item_dc02c52b-02ee-48e4-900e-5aee594273f3.log,False,D:\QM\reports\work_items\dc02c52b-02ee-48e4-900e-5aee594273f3,,,,,,,,,0,0,False,C:\QM\repo\framework\EAs\QM5_12538_nnfx-canonical-stack2-st-vortex\sets\QM5_12538_nnfx-canonical-stack2-st-vortex_AUDUSD.DWX_D1_backtest.set,True,ec78b5b748ff9465bb9ff3ea9be6d3c5243364c5a52ce414931ead39b1401690,,,active,nnfx-canonical-stack2-st-vortex,C:\QM\repo\framework\EAs\QM5_12538_nnfx-canonical-stack2-st-vortex\QM5_12538_nnfx-canonical-stack2-st-vortex.ex5,REPAIR_OR_PREFLIGHT_THEN_GOVERNED_CANARY,False,,,,Most recent row carrying a specific failure signature supplies the primary cause.
QM5_12538,GBPJPY.DWX,INVALID_EVIDENCE_DEFECT,ACTIVE_TIMEOUT,12,12,0,0,81f1c1da-54a5-444d-8500-888572dd71af,2026-08-08T21:19:36+00:00,81f1c1da-54a5-444d-8500-888572dd71af,2026-08-08T21:19:36+00:00,failed,0,ACTIVE_TIMEOUT,,,False,,D:\QM\strategy_farm\logs\work_item_81f1c1da-54a5-444d-8500-888572dd71af.log,False,D:\QM\reports\work_items\81f1c1da-54a5-444d-8500-888572dd71af,,,,,,,,,0,0,False,C:\QM\repo\framework\EAs\QM5_12538_nnfx-canonical-stack2-st-vortex\sets\QM5_12538_nnfx-canonical-stack2-st-vortex_GBPJPY.DWX_D1_backtest.set,True,5826fe906bc47b8b4a99aa9fb32f1fe3a69fb0d6e0f906f7766b5bcff52f05e1,,,active,nnfx-canonical-stack2-st-vortex,C:\QM\repo\framework\EAs\QM5_12538_nnfx-canonical-stack2-st-vortex\QM5_12538_nnfx-canonical-stack2-st-vortex.ex5,REPAIR_OR_PREFLIGHT_THEN_GOVERNED_CANARY,False,,,,Most recent row carrying a specific failure signature supplies the primary cause.
QM5_12538,GBPUSD.DWX,INVALID_EVIDENCE_DEFECT,ACTIVE_TIMEOUT,12,12,0,0,6f60d222-18e0-4990-9397-dd2d27948079,2026-08-07T11:40:12+00:00,6f60d222-18e0-4990-9397-dd2d27948079,2026-08-07T11:40:12+00:00,failed,0,ACTIVE_TIMEOUT,,,False,,D:\QM\strategy_farm\logs\work_item_6f60d222-18e0-4990-9397-dd2d27948079.log,False,D:\QM\reports\work_items\6f60d222-18e0-4990-9397-dd2d27948079,,,,,,,,,0,0,False,C:\QM\repo\framework\EAs\QM5_12538_nnfx-canonical-stack2-st-vortex\sets\QM5_12538_nnfx-canonical-stack2-st-vortex_GBPUSD.DWX_D1_backtest.set,True,8f8b4e84e2ddd94bb618d90f99169f3776e915787339c40a1821bf32b2f2af46,,,active,nnfx-canonical-stack2-st-vortex,C:\QM\repo\framework\EAs\QM5_12538_nnfx-canonical-stack2-st-vortex\QM5_12538_nnfx-canonical-stack2-st-vortex.ex5,REPAIR_OR_PREFLIGHT_THEN_GOVERNED_CANARY,False,,,,Most recent row carrying a specific failure signature supplies the primary cause.
QM5_12538,NZDUSD.DWX,INVALID_EVIDENCE_DEFECT,ACTIVE_TIMEOUT,12,12,0,0,2947c1a1-3019-465a-ba0c-8e76f2c5aa00,2026-08-08T21:19:36+00:00,2947c1a1-3019-465a-ba0c-8e76f2c5aa00,2026-08-08T21:19:36+00:00,failed,0,ACTIVE_TIMEOUT,,,False,,D:\QM\strategy_farm\logs\work_item_2947c1a1-3019-465a-ba0c-8e76f2c5aa00.log,False,D:\QM\reports\work_items\2947c1a1-3019-465a-ba0c-8e76f2c5aa00,,,,,,,,,0,0,False,C:\QM\repo\framework\EAs\QM5_12538_nnfx-canonical-stack2-st-vortex\sets\QM5_12538_nnfx-canonical-stack2-st-vortex_NZDUSD.DWX_D1_backtest.set,True,8143fc09db751bcb4f895bee69a350dc7873e6760bd3b980512b4773ac1e5d13,,,active,nnfx-canonical-stack2-st-vortex,C:\QM\repo\framework\EAs\QM5_12538_nnfx-canonical-stack2-st-vortex\QM5_12538_nnfx-canonical-stack2-st-vortex.ex5,REPAIR_OR_PREFLIGHT_THEN_GOVERNED_CANARY,False,,,,Most recent row carrying a specific failure signature supplies the primary cause.
QM5_12538,USDCAD.DWX,INVALID_EVIDENCE_DEFECT,ACTIVE_TIMEOUT,12,12,0,0,58623ee1-0a6e-4364-a3db-671642ee1b77,2026-08-10T11:31:44+00:00,58623ee1-0a6e-4364-a3db-671642ee1b77,2026-08-10T11:31:44+00:00,failed,0,ACTIVE_TIMEOUT,,,False,,D:\QM\strategy_farm\logs\work_item_58623ee1-0a6e-4364-a3db-671642ee1b77.log,True,D:\QM\reports\work_items\58623ee1-0a6e-4364-a3db-671642ee1b77,,,,,,,,,0,0,False,C:\QM\repo\framework\EAs\QM5_12538_nnfx-canonical-stack2-st-vortex\sets\QM5_12538_nnfx-canonical-stack2-st-vortex_USDCAD.DWX_D1_backtest.set,True,6dceed052238a1a43a31ac046ced330ec90aea4f496be1b323eca704dc96e6a0,,,active,nnfx-canonical-stack2-st-vortex,C:\QM\repo\framework\EAs\QM5_12538_nnfx-canonical-stack2-st-vortex\QM5_12538_nnfx-canonical-stack2-st-vortex.ex5,REPAIR_OR_PREFLIGHT_THEN_GOVERNED_CANARY,False,,,,Most recent row carrying a specific failure signature supplies the primary cause.
QM5_12538,USDCHF.DWX,INVALID_EVIDENCE_DEFECT,ACTIVE_TIMEOUT,12,12,0,0,a0b28a46-8581-4a37-a379-441595559dc5,2026-08-08T21:19:36+00:00,a0b28a46-8581-4a37-a379-441595559dc5,2026-08-08T21:19:36+00:00,failed,0,ACTIVE_TIMEOUT,,,False,,D:\QM\strategy_farm\logs\work_item_a0b28a46-8581-4a37-a379-441595559dc5.log,False,D:\QM\reports\work_items\a0b28a46-8581-4a37-a379-441595559dc5,,,,,,,,,0,0,False,C:\QM\repo\framework\EAs\QM5_12538_nnfx-canonical-stack2-st-vortex\sets\QM5_12538_nnfx-canonical-stack2-st-vortex_USDCHF.DWX_D1_backtest.set,True,300e27c8a0f9de2df0a8efbbec3e901d84e34981e6b140d9dd99f3de3c3bccd3,,,active,nnfx-canonical-stack2-st-vortex,C:\QM\repo\framework\EAs\QM5_12538_nnfx-canonical-stack2-st-vortex\QM5_12538_nnfx-canonical-stack2-st-vortex.ex5,REPAIR_OR_PREFLIGHT_THEN_GOVERNED_CANARY,False,,,,Most recent row carrying a specific failure signature supplies the primary cause.
QM5_12538,USDJPY.DWX,INVALID_EVIDENCE_DEFECT,ACTIVE_TIMEOUT,12,12,0,0,97e5b05f-8367-4c15-ad8a-7c81f9ddea39,2026-08-06T00:51:18+00:00,97e5b05f-8367-4c15-ad8a-7c81f9ddea39,2026-08-06T00:51:18+00:00,failed,0,ACTIVE_TIMEOUT,,,False,,D:\QM\strategy_farm\logs\work_item_97e5b05f-8367-4c15-ad8a-7c81f9ddea39.log,False,D:\QM\reports\work_items\97e5b05f-8367-4c15-ad8a-7c81f9ddea39,,,,,,,,,0,0,False,C:\QM\repo\framework\EAs\QM5_12538_nnfx-canonical-stack2-st-vortex\sets\QM5_12538_nnfx-canonical-stack2-st-vortex_USDJPY.DWX_D1_backtest.set,True,fc11fd3889ede0071cd01ee534a7fe122f63ea7e03576c6abfba1613c27594e3,,,active,nnfx-canonical-stack2-st-vortex,C:\QM\repo\framework\EAs\QM5_12538_nnfx-canonical-stack2-st-vortex\QM5_12538_nnfx-canonical-stack2-st-vortex.ex5,REPAIR_OR_PREFLIGHT_THEN_GOVERNED_CANARY,False,,,,Most recent row carrying a specific failure signature supplies the primary cause.
QM5_12582,XNGUSD.DWX,INVALID_EVIDENCE_DEFECT,ONINIT_FAILED,12,12,0,0,028d4e54-7a7b-4a8f-b47b-29fa1e826841,2026-07-28T16:54:59+00:00,028d4e54-7a7b-4a8f-b47b-29fa1e826841,2026-07-28T16:54:59+00:00,done,0,run_smoke_fail:ONINIT_FAILED;INCOMPLETE_RUNS,,D:\QM\reports\work_items\028d4e54-7a7b-4a8f-b47b-29fa1e826841\QM5_12582\20260728_164935\summary.json,True,7f9e2aecfb210239b2538c4defffd2330d2a22b28b73bf43c6dface075fd8b07,D:\QM\strategy_farm\logs\work_item_028d4e54-7a7b-4a8f-b47b-29fa1e826841.log,False,D:\QM\reports\work_items\028d4e54-7a7b-4a8f-b47b-29fa1e826841,FAIL,ONINIT_FAILED|INCOMPLETE_RUNS,0,,,,,,2,0,True,C:\QM\repo\framework\EAs\QM5_12582_chan-ng-spring\sets\QM5_12582_chan-ng-spring_XNGUSD.DWX_D1_backtest.set,True,9b621a172e1cafe92d973598703947ec4326043feebb72be00170c497a29b182,,,active,chan-ng-spring,C:\QM\repo\framework\EAs\QM5_12582_chan-ng-spring\QM5_12582_chan-ng-spring.ex5,REPAIR_OR_PREFLIGHT_THEN_GOVERNED_CANARY,False,,,,Most recent row carrying a specific failure signature supplies the primary cause.
QM5_12705,XNGUSD.DWX,INVALID_EVIDENCE_DEFECT,ONINIT_FAILED,12,12,0,0,a8f560a0-f4e7-45d3-a7fd-3e4f0363a96e,2026-07-28T17:14:11+00:00,a8f560a0-f4e7-45d3-a7fd-3e4f0363a96e,2026-07-28T17:14:11+00:00,done,0,run_smoke_fail:ONINIT_FAILED;INCOMPLETE_RUNS,,D:\QM\reports\work_items\a8f560a0-f4e7-45d3-a7fd-3e4f0363a96e\QM5_12705\20260728_171122\summary.json,True,4c28e2e9ac76a0b1e2cb8c1623a52fa93efde37fcc835b8437ac833307816f3c,D:\QM\strategy_farm\logs\work_item_a8f560a0-f4e7-45d3-a7fd-3e4f0363a96e.log,False,D:\QM\reports\work_items\a8f560a0-f4e7-45d3-a7fd-3e4f0363a96e,FAIL,ONINIT_FAILED|INCOMPLETE_RUNS,0,,,,,,10,0,True,C:\QM\repo\framework\EAs\QM5_12705_xngusd-fall-storage-short\sets\QM5_12705_xngusd-fall-storage-short_XNGUSD.DWX_D1_backtest.set,True,109363c48614c9b1b884f7cf4d6866342567fcdb40913181e86550ec99d63c8e,,,active,xngusd-fall-storage-short,C:\QM\repo\framework\EAs\QM5_12705_xngusd-fall-storage-short\QM5_12705_xngusd-fall-storage-short.ex5,REPAIR_OR_PREFLIGHT_THEN_GOVERNED_CANARY,False,,,,Most recent row carrying a specific failure signature supplies the primary cause.
QM5_12972,GDAXI.DWX,INVALID_EVIDENCE_DEFECT,ONINIT_FAILED,12,12,0,0,fd340c0a-2144-4fb6-a305-397d025d6f40,2026-08-10T13:59:12+00:00,fd340c0a-2144-4fb6-a305-397d025d6f40,2026-08-10T13:59:12+00:00,done,0,run_smoke_fail:ONINIT_FAILED;INCOMPLETE_RUNS,,D:\QM\reports\work_items\fd340c0a-2144-4fb6-a305-397d025d6f40\QM5_12972\20260810_135716\summary.json,True,c133798b9271c0090e4f83adbcb8d3f7bdd5bdefbd57a39815527e82f625c89e,D:\QM\strategy_farm\logs\work_item_fd340c0a-2144-4fb6-a305-397d025d6f40.log,True,D:\QM\reports\work_items\fd340c0a-2144-4fb6-a305-397d025d6f40,FAIL,ONINIT_FAILED|INCOMPLETE_RUNS,0,,,,,,12,0,False,C:\QM\repo\framework\EAs\QM5_12972_gdaxi-pre-ecb-drift\sets\QM5_12972_gdaxi-pre-ecb-drift_GDAXI.DWX_M30_backtest.set,True,215a7bb205897f830d044ccdfe215a15edaa9f3fd1247a80e7f2181c93566d12,,,active,gdaxi-pre-ecb-drift,C:\QM\repo\framework\EAs\QM5_12972_gdaxi-pre-ecb-drift\QM5_12972_gdaxi-pre-ecb-drift.ex5,REPAIR_OR_PREFLIGHT_THEN_GOVERNED_CANARY,False,,,,Most recent row carrying a specific failure signature supplies the primary cause.
QM5_12975,NDX.DWX,INVALID_EVIDENCE_DEFECT,ACTIVE_TIMEOUT,12,12,0,0,676c2c4a-1068-433c-80b9-802a7a1a63d1,2026-08-04T20:50:53+00:00,676c2c4a-1068-433c-80b9-802a7a1a63d1,2026-08-04T20:50:53+00:00,failed,0,ACTIVE_TIMEOUT,,,False,,D:\QM\strategy_farm\logs\work_item_676c2c4a-1068-433c-80b9-802a7a1a63d1.log,False,D:\QM\reports\work_items\676c2c4a-1068-433c-80b9-802a7a1a63d1,,,,,,,,,2,0,True,C:\QM\repo\framework\EAs\QM5_12975_ehlers-pma-triple-swing\sets\QM5_12975_ehlers-pma-triple-swing_NDX.DWX_D1_backtest.set,True,0e6f4acfd6e56b1c281a525f6b426d07abcf9a425c475d0e5a13abdc6842298e,,,active,ehlers-pma-triple-swing,C:\QM\repo\framework\EAs\QM5_12975_ehlers-pma-triple-swing\QM5_12975_ehlers-pma-triple-swing.ex5,REPAIR_OR_PREFLIGHT_THEN_GOVERNED_CANARY,False,,,,Most recent row carrying a specific failure signature supplies the primary cause.
QM5_12997,XNGUSD.DWX,INVALID_EVIDENCE_DEFECT,ONINIT_FAILED,12,12,0,0,23b7ed51-bff7-4a16-9400-04f64af30014,2026-07-28T17:04:55+00:00,23b7ed51-bff7-4a16-9400-04f64af30014,2026-07-28T17:04:55+00:00,done,0,run_smoke_fail:ONINIT_FAILED;INCOMPLETE_RUNS,,D:\QM\reports\work_items\23b7ed51-bff7-4a16-9400-04f64af30014\QM5_12997\20260728_170234\summary.json,True,8ca4169de6d8ce53eb917e0467b688f0b8a0027ba5f1423c99b1e599df19d2fe,D:\QM\strategy_farm\logs\work_item_23b7ed51-bff7-4a16-9400-04f64af30014.log,False,D:\QM\reports\work_items\23b7ed51-bff7-4a16-9400-04f64af30014,FAIL,ONINIT_FAILED|INCOMPLETE_RUNS,0,,,,,,10,0,True,C:\QM\repo\framework\EAs\QM5_12997_xng-rig-fri-mom\sets\QM5_12997_xng-rig-fri-mom_XNGUSD.DWX_D1_backtest.set,True,07b2ee7c3a73c53c058ba791917296155c00b79b11d409b2b5940c3f123ac231,,,active,xng-rig-fri-mom,C:\QM\repo\framework\EAs\QM5_12997_xng-rig-fri-mom\QM5_12997_xng-rig-fri-mom.ex5,REPAIR_OR_PREFLIGHT_THEN_GOVERNED_CANARY,False,,,,Most recent row carrying a specific failure signature supplies the primary cause.
QM5_13037,XNGUSD.DWX,INVALID_EVIDENCE_DEFECT,ONINIT_FAILED,12,12,0,0,bc7e341b-9473-4e5b-a263-9f0ba1fc2b8c,2026-07-28T17:23:49+00:00,bc7e341b-9473-4e5b-a263-9f0ba1fc2b8c,2026-07-28T17:23:49+00:00,done,0,run_smoke_fail:ONINIT_FAILED;INCOMPLETE_RUNS,,D:\QM\reports\work_items\bc7e341b-9473-4e5b-a263-9f0ba1fc2b8c\QM5_13037\20260728_171413\summary.json,True,0e315b5dde31cc53af9ab3d8df34f51a9eafff95d63426ac9614f943ada2687e,D:\QM\strategy_farm\logs\work_item_bc7e341b-9473-4e5b-a263-9f0ba1fc2b8c.log,False,D:\QM\reports\work_items\bc7e341b-9473-4e5b-a263-9f0ba1fc2b8c,FAIL,ONINIT_FAILED|INCOMPLETE_RUNS,0,,,,,,10,0,True,C:\QM\repo\framework\EAs\QM5_13037_xng-prod-brk\sets\QM5_13037_xng-prod-brk_XNGUSD.DWX_D1_backtest.set,True,b31700f7756bd52be4f596dd7545bc0c04b57da663b2a4cc1e8f7a942b10c61e,,,active,xng-prod-brk,C:\QM\repo\framework\EAs\QM5_13037_xng-prod-brk\QM5_13037_xng-prod-brk.ex5,REPAIR_OR_PREFLIGHT_THEN_GOVERNED_CANARY,False,,,,Most recent row carrying a specific failure signature supplies the primary cause.
QM5_13212,SP500.DWX,INVALID_EVIDENCE_DEFECT,ONINIT_FAILED,12,12,0,0,13d97397-67c7-495b-b884-164c9812e218,2026-07-29T12:18:03+00:00,7a722809-7747-47d2-97c3-58df881f62d9,2026-07-28T17:28:53+00:00,done,0,run_smoke_fail:ONINIT_FAILED;INCOMPLETE_RUNS,,D:\QM\reports\work_items\7a722809-7747-47d2-97c3-58df881f62d9\QM5_13212\20260728_172616\summary.json,True,e1262386c7cd2620cb26ecad06816384d0ad004571a4c31223f101b18f155935,D:\QM\strategy_farm\logs\work_item_7a722809-7747-47d2-97c3-58df881f62d9.log,False,D:\QM\reports\work_items\7a722809-7747-47d2-97c3-58df881f62d9,FAIL,ONINIT_FAILED|INCOMPLETE_RUNS,0,,,,,,10,0,True,C:\QM\repo\framework\EAs\QM5_13212_mulham-us500-org\sets\QM5_13212_mulham-us500-org_SP500.DWX_M15_backtest.set,True,b994ddd3b44f524a2e99b2fc87b36ff2d0d6ff765651ac68c4fb8bd7cd00721f,,,active,mulham-us500-org,C:\QM\repo\framework\EAs\QM5_13212_mulham-us500-org\QM5_13212_mulham-us500-org.ex5,REPAIR_OR_PREFLIGHT_THEN_GOVERNED_CANARY,False,,,,Most recent row carrying a specific failure signature supplies the primary cause.
QM5_20073,XAUUSD.DWX,INVALID_EVIDENCE_DEFECT,ONINIT_FAILED,12,12,0,0,abb01855-75d6-4322-a39c-86cffe574961,2026-08-11T22:26:03+00:00,abb01855-75d6-4322-a39c-86cffe574961,2026-08-11T22:26:03+00:00,done,0,run_smoke_fail:ONINIT_FAILED;INCOMPLETE_RUNS,,D:\QM\reports\work_items\abb01855-75d6-4322-a39c-86cffe574961\QM5_20073\20260811_222452\summary.json,True,4c0af11c29e8bc964dc651ad65ed6afa1f7756af791ea55926e256d6f6a61a63,D:\QM\strategy_farm\logs\work_item_abb01855-75d6-4322-a39c-86cffe574961.log,True,D:\QM\reports\work_items\abb01855-75d6-4322-a39c-86cffe574961,FAIL,ONINIT_FAILED|INCOMPLETE_RUNS,0,,,,,,12,0,False,C:\QM\repo\framework\EAs\QM5_20073_pip-hunter-heiken-ashi-r1-recovery\sets\QM5_20073_pip-hunter-heiken-ashi-r1-recovery_XAUUSD.DWX_H1_backtest.set,True,5e5e5a9e8d72d8970152f3541a29d374bc2f5fc76bc59a079d358cd00187edaf,,,active,pip-hunter-heiken-ashi-r1-recovery,C:\QM\repo\framework\EAs\QM5_20073_pip-hunter-heiken-ashi-r1-recovery\QM5_20073_pip-hunter-heiken-ashi-r1-recovery.ex5,REPAIR_OR_PREFLIGHT_THEN_GOVERNED_CANARY,True,ONINIT_FAILED,2,GOVERNED_SINGLE_ROW_REQUEUE_AFTER_REVIEW,Most recent row carrying a specific failure signature supplies the primary cause.
QM5_20143,EURUSD.DWX,INVALID_EVIDENCE_DEFECT,NO_HISTORY_TRANSIENT,12,12,0,0,57af5db0-b07d-4288-a8da-a6bffd08efed,2026-08-05T07:09:21+00:00,57af5db0-b07d-4288-a8da-a6bffd08efed,2026-08-05T07:09:21+00:00,done,0,run_smoke_fail:NO_HISTORY;ONINIT_FAILED;INCOMPLETE_RUNS,,D:\QM\reports\work_items\57af5db0-b07d-4288-a8da-a6bffd08efed\QM5_20143\20260805_070259\summary.json,True,b02170517821a8c2a9060f77d51654ec41845405c47ca53423e87976bddf9f34,D:\QM\strategy_farm\logs\work_item_57af5db0-b07d-4288-a8da-a6bffd08efed.log,False,D:\QM\reports\work_items\57af5db0-b07d-4288-a8da-a6bffd08efed,FAIL,NO_HISTORY|ONINIT_FAILED|INCOMPLETE_RUNS,0,,,,,,11,0,False,C:\QM\repo\framework\EAs\QM5_20143_macd-bb-campaign-m5\sets\QM5_20143_macd-bb-campaign-m5_EURUSD.DWX_M5_backtest.set,True,37633d454f9ce6e23c265fa108f00162b18a845b62aac06ce802058db028cd6a,,,active,macd-bb-campaign-m5,C:\QM\repo\framework\EAs\QM5_20143_macd-bb-campaign-m5\QM5_20143_macd-bb-campaign-m5.ex5,REPAIR_OR_PREFLIGHT_THEN_GOVERNED_CANARY,False,,,,Most recent row carrying a specific failure signature supplies the primary cause.
QM5_20143,GBPUSD.DWX,INVALID_EVIDENCE_DEFECT,ONINIT_FAILED,13,13,0,0,97c83ebb-2290-4d75-916a-db0ce34d85ab,2026-08-01T01:20:31+00:00,97c83ebb-2290-4d75-916a-db0ce34d85ab,2026-08-01T01:20:31+00:00,done,0,run_smoke_fail:ONINIT_FAILED;INCOMPLETE_RUNS,,D:\QM\reports\work_items\97c83ebb-2290-4d75-916a-db0ce34d85ab\QM5_20143\20260801_011933\summary.json,True,b84a6dc332431b4af92ecc8ac6020168d2985d067df70f460b49cbd036a47985,D:\QM\strategy_farm\logs\work_item_97c83ebb-2290-4d75-916a-db0ce34d85ab.log,False,D:\QM\reports\work_items\97c83ebb-2290-4d75-916a-db0ce34d85ab,FAIL,ONINIT_FAILED|INCOMPLETE_RUNS,0,,,,,,13,0,True,C:\QM\repo\framework\EAs\QM5_20143_macd-bb-campaign-m5\sets\QM5_20143_macd-bb-campaign-m5_GBPUSD.DWX_M5_backtest.set,True,07a0e73612727d485e2c0dccd3652333742ab5fbdbf85dd4d3a1e4d6f3e7e8bb,,,active,macd-bb-campaign-m5,C:\QM\repo\framework\EAs\QM5_20143_macd-bb-campaign-m5\QM5_20143_macd-bb-campaign-m5.ex5,REPAIR_OR_PREFLIGHT_THEN_GOVERNED_CANARY,False,,,,Most recent row carrying a specific failure signature supplies the primary cause.
QM5_20144,USDCHF.DWX,INVALID_EVIDENCE_DEFECT,ONINIT_FAILED,12,12,0,0,c0d0e446-29c7-4193-8aa8-54e279f8a041,2026-07-28T22:55:26+00:00,c0d0e446-29c7-4193-8aa8-54e279f8a041,2026-07-28T22:55:26+00:00,done,0,run_smoke_fail:ONINIT_FAILED;INCOMPLETE_RUNS,,D:\QM\reports\work_items\c0d0e446-29c7-4193-8aa8-54e279f8a041\QM5_20144\20260728_225320\summary.json,True,53a01fb9b69f28b0fd8df10227d591a4fbf88e689ebba646687a27e9553f005a,D:\QM\strategy_farm\logs\work_item_c0d0e446-29c7-4193-8aa8-54e279f8a041.log,False,D:\QM\reports\work_items\c0d0e446-29c7-4193-8aa8-54e279f8a041,FAIL,ONINIT_FAILED|INCOMPLETE_RUNS,0,,,,,,12,0,True,C:\QM\repo\framework\EAs\QM5_20144_ichimoku-atr-cloud-d1\sets\QM5_20144_ichimoku-atr-cloud-d1_USDCHF.DWX_D1_backtest.set,True,dc6d039009ec57c3a9c35c0efcc899486d7bfc571beb76d40ac96151b4f2551c,,,active,ichimoku-atr-cloud-d1,C:\QM\repo\framework\EAs\QM5_20144_ichimoku-atr-cloud-d1\QM5_20144_ichimoku-atr-cloud-d1.ex5,REPAIR_OR_PREFLIGHT_THEN_GOVERNED_CANARY,False,,,,Most recent row carrying a specific failure signature supplies the primary cause.
