ea_id,era,slug,first_lifecycle_date,n_work_items,n_pairs,deepest_pass,head_phase,head_verdict,head_status,head_date,superseded_any,portfolio_states
QM5_10000,PRE_JUNE,ff-tasayc-cci-breakout,2026-05-19,28,4,Q03,Q03,,pending,2026-08-31,False,
QM5_10001,PRE_JUNE,ff-static-fib-open,2026-05-19,59,4,,Q02,INVALID,failed,2026-09-03,False,
QM5_10002,PRE_JUNE,ff-sisyphus-2ma-rsi-d1,2026-05-19,37,6,Q03,Q04,,pending,2026-08-17,False,
QM5_10003,PRE_JUNE,ff-xaron-morning-breakout,2026-05-19,32,4,Q03,Q02,PASS,done,2026-07-07,False,
QM5_10004,PRE_JUNE,ff-razor-h1-5pip,2026-05-19,10,4,Q02,Q04,FAIL,done,2026-07-15,False,
QM5_10005,PRE_JUNE,ff-profigenics-channel,2026-05-19,41,4,Q02,Q04,,pending,2026-08-17,False,
QM5_10006,PRE_JUNE,ff-weekly-stop-straddle,2026-05-19,472,4,Q03,Q04,,pending,2026-08-17,False,
QM5_10007,PRE_JUNE,ff-prevday-breakout-edge,2026-05-19,20,5,Q02,Q04,,pending,2026-08-17,False,
QM5_10008,PRE_JUNE,ff-sd-first-touch-h1,2026-05-19,55,4,Q03,Q02,INVALID,failed,2026-08-23,False,
QM5_10009,PRE_JUNE,rw-fx-cointeg-bb,2026-05-19,58,4,Q03,Q04,,pending,2026-08-17,False,
QM5_10010,PRE_JUNE,rw-fx-ar10-rev,2026-05-19,7,4,,Q02,ZERO_TRADES,done,2026-08-05,False,
QM5_10012,PRE_JUNE,rw-fx-intraday-seas,2026-05-19,13,4,Q03,Q04,,pending,2026-08-17,False,
QM5_10013,PRE_JUNE,rw-fx-weekend-gap,2026-05-19,44,6,Q03,Q04,FAIL,done,2026-06-16,False,
QM5_10014,PRE_JUNE,ff-stoch-833-uk-m15,2026-05-19,27,4,Q03,Q02,PASS,done,2026-07-03,False,
QM5_10015,PRE_JUNE,ff-bb-stoch-h1,2026-05-19,12,4,Q02,Q04,,pending,2026-08-17,False,
QM5_10016,PRE_JUNE,ff-ema100-bb-tdi-h1,2026-05-19,53,4,Q02,Q02,,pending,2026-08-30,False,
QM5_10017,PRE_JUNE,ff-stoch-ema50-h4,2026-05-19,125,4,Q04,Q04,,pending,2026-08-17,False,
QM5_10018,PRE_JUNE,ff-bb-shadow-reversal-h1,2026-05-19,8,4,Q02,Q04,FAIL,done,2026-06-17,False,
QM5_10019,PRE_JUNE,rw-fx-nfp-drift,2026-05-19,7,3,,Q02,FAIL,done,2026-07-10,False,
QM5_10020,PRE_JUNE,rw-spx-overnight,2026-05-19,8,3,,Q02,INFRA_FAIL,failed,2026-07-29,False,
QM5_10021,PRE_JUNE,rw-fx-abs-mom,2026-05-19,35,4,Q02,Q04,,pending,2026-08-18,True,
QM5_10022,PRE_JUNE,rw-dual-mom,2026-05-19,156,4,Q06,Q07,,pending,2026-08-17,False,
QM5_10023,PRE_JUNE,rw-eom-flow,2026-05-19,1505,3,Q03,Q04,FAIL,done,2026-07-19,False,
QM5_10024,PRE_JUNE,rw-fx-comm-basket,2026-05-19,58,5,,Q02,FAIL,done,2026-07-04,False,
QM5_10025,PRE_JUNE,rw-fx-broad-pairs,2026-05-19,75,37,,COMPILE_EA,COMPILE_OK,done,2026-09-02,True,
QM5_10026,PRE_JUNE,rw-fx-squeeze-mr,2026-05-19,1173,7,Q06,Q04,,pending,2026-08-17,False,
QM5_10027,PRE_JUNE,rw-fx-carry,2026-05-19,16,6,,Q02,FAIL,done,2026-07-23,False,
QM5_10028,PRE_JUNE,rw-risk-premia,2026-05-19,141,5,Q03,Q04,,pending,2026-08-17,False,
QM5_10029,PRE_JUNE,rw-fx-ny-rev,2026-05-19,33,6,Q03,Q04,FAIL,done,2026-07-15,False,
QM5_10030,PRE_JUNE,rw-fx-eur-basket,2026-05-19,49,7,,Q02,,pending,2026-07-31,False,
QM5_10031,PRE_JUNE,rw-gold-week-seas,2026-05-19,13,1,Q02,Q04,FAIL,done,2026-07-28,False,
QM5_10034,PRE_JUNE,rw-pairs-z,2026-05-19,14,4,,Q02,INFRA_FAIL,failed,2026-07-29,False,
QM5_10035,PRE_JUNE,rw-stat-arb,2026-05-19,144,5,Q04,Q04,FAIL,done,2026-07-20,False,
QM5_10037,PRE_JUNE,rw-caa-mvo,2026-05-19,58,4,Q03,Q02,RETIRE,done,2026-08-30,False,
QM5_10038,PRE_JUNE,ff-4x25ema-mtf-h4,2026-05-19,410,13,Q07,Q05,,pending,2026-09-02,False,
QM5_10039,PRE_JUNE,ff-hline-sma50-h1,2026-05-19,15,4,Q03,Q04,,pending,2026-08-17,False,
QM5_10040,PRE_JUNE,ff-d3-body-psych-d1,2026-05-19,32,4,Q02,Q04,,pending,2026-08-17,False,
QM5_10041,PRE_JUNE,ff-bb-demarker-adx-m5,2026-05-19,21,4,Q02,Q04,,pending,2026-08-17,False,
QM5_10042,PRE_JUNE,ff-notable-numbers,2026-05-19,1259,6,Q04,Q04,,pending,2026-08-17,False,
QM5_10043,PRE_JUNE,ff-50macd-4h,2026-05-20,28,5,Q02,Q02,PASS,done,2026-07-20,False,
QM5_10045,PRE_JUNE,ff-quad-candle-d1,2026-05-19,30,4,Q02,Q04,,pending,2026-08-17,False,
QM5_10046,PRE_JUNE,ff-momentum-div-h4,2026-05-21,62,4,Q03,Q04,FAIL,done,2026-08-02,False,
QM5_10047,PRE_JUNE,ff-wick-system-h1,2026-05-19,44,37,Q02,Q04,FAIL,done,2026-07-08,False,
QM5_10049,PRE_JUNE,ff-dailyopen-h1,2026-05-22,10,2,Q02,Q04,FAIL,done,2026-08-07,False,
QM5_10050,PRE_JUNE,ff-corr-triad-h1,2026-05-19,81,38,,Q01,FAIL,done,2026-08-29,False,
QM5_10061,PRE_JUNE,connors-trin3-d1,2026-05-19,18,3,,Q02,ZERO_TRADES,done,2026-07-28,False,
QM5_10062,PRE_JUNE,connors-cvr1-d1,2026-05-19,37,3,,Q02,INVALID,failed,2026-08-23,False,
QM5_10063,PRE_JUNE,connors-cvr3-d1,2026-05-19,0,0,,,,,,False,
QM5_10069,PRE_JUNE,mql5-hs-rev,2026-05-19,124,13,Q07,Q02,INVALID,failed,2026-08-25,False,
QM5_10070,PRE_JUNE,mql5-fib-pa,2026-05-19,196,4,Q03,Q02,PASS,done,2026-07-03,False,
QM5_10071,PRE_JUNE,mql5-bb-touch,2026-05-19,17,4,Q02,Q04,FAIL,done,2026-07-20,False,
QM5_10074,PRE_JUNE,gh-santi-adxma,2026-05-19,19,4,Q02,Q04,FAIL,done,2026-08-08,False,
QM5_10075,PRE_JUNE,gh-santi-pa2,2026-05-19,194,4,Q03,Q04,,pending,2026-08-17,False,
QM5_10076,PRE_JUNE,gh-santi-cci2ma,2026-05-19,283,4,Q04,Q04,,pending,2026-08-17,False,
QM5_10077,PRE_JUNE,gh-kai-setup91,2026-05-19,59,4,Q02,Q04,,pending,2026-08-17,False,
QM5_10078,PRE_JUNE,gh-rfv-ma-rsi,2026-05-19,49,4,,Q02,INVALID,failed,2026-08-23,False,
QM5_10079,PRE_JUNE,gh-victor-kumo,2026-05-19,14,4,Q03,Q02,FAIL,done,2026-06-20,False,
QM5_10080,PRE_JUNE,gh-victor-gap,2026-05-19,16,4,,Q02,INFRA_FAIL,failed,2026-07-29,False,
QM5_10081,PRE_JUNE,gh-victor-rsi,2026-05-19,11,4,Q03,Q04,,pending,2026-08-16,False,
QM5_10082,PRE_JUNE,gh-dax-adxday,2026-05-19,13,1,,Q02,INVALID,failed,2026-08-23,False,
QM5_10083,PRE_JUNE,gh-rwr-pullback,2026-05-19,24,3,Q02,Q04,FAIL,done,2026-08-08,False,
QM5_10087,PRE_JUNE,mql5-cloud-rsi,2026-05-19,52,4,,Q02,ZERO_TRADES,done,2026-07-28,False,
QM5_10088,PRE_JUNE,mql5-hammer-rsi,2026-05-19,49,4,,Q02,INVALID,failed,2026-08-23,False,
QM5_10089,PRE_JUNE,mql5-bcw-rsi-h1,2026-05-19,13,4,,Q02,FAIL,done,2026-08-12,False,
QM5_10090,PRE_JUNE,mql5-harami-h1,2026-05-19,23,4,Q04,Q05,,pending,2026-09-02,False,
QM5_10091,PRE_JUNE,mql5-meet-h1,2026-05-19,4,4,,Q02,ZERO_TRADES,done,2026-07-28,False,
QM5_10092,PRE_JUNE,gh-asian-sweep,2026-05-19,4,4,,Q02,FAIL,done,2026-07-10,False,
QM5_10093,PRE_JUNE,gh-ssp-breakout,2026-05-19,41,5,Q02,Q04,,pending,2026-08-17,False,
QM5_10094,PRE_JUNE,gh-h4-zone,2026-05-19,69,4,Q09,Q09,PASS,done,2026-08-27,False,
QM5_10095,PRE_JUNE,gh-ict-orderblk,2026-05-19,6,3,,Q02,ZERO_TRADES,done,2026-08-12,False,
QM5_10096,PRE_JUNE,gh-ema-pullstop,2026-05-19,22,3,Q02,Q02,INVALID,failed,2026-08-17,False,
QM5_10097,PRE_JUNE,mql5-swing-ext,2026-05-19,22,3,,Q02,FAIL,done,2026-07-13,False,
QM5_10098,PRE_JUNE,mql5-memory,2026-05-19,38,3,Q02,Q02,INVALID,failed,2026-08-23,False,
QM5_10099,PRE_JUNE,mql5-trend3,2026-05-19,25,3,Q03,Q03,PASS,done,2026-08-08,False,
QM5_10100,PRE_JUNE,mql5-ga-fractal,2026-05-19,29,3,Q03,Q03,PASS,done,2026-08-01,False,
QM5_10107,PRE_JUNE,gh-novts-sidus,2026-05-19,10,4,Q02,Q04,,pending,2026-08-17,False,
QM5_10108,PRE_JUNE,gh-getynet-2bar,2026-05-19,32,4,Q02,Q02,FAIL,done,2026-07-04,False,
QM5_10109,PRE_JUNE,tv-tqqq-1pct-week,2026-05-19,16,2,Q04,Q04,,pending,2026-08-17,False,
QM5_10110,PRE_JUNE,tv-sma20-200-pullback,2026-05-19,165,4,Q04,Q04,,pending,2026-09-02,False,
QM5_10111,PRE_JUNE,tv-pmax-flip,2026-05-19,115,4,Q03,Q04,,pending,2026-08-17,False,
QM5_10112,PRE_JUNE,tv-double-tap,2026-05-19,31,4,Q02,Q04,,pending,2026-08-17,False,
QM5_10113,PRE_JUNE,tv-ob-matrix,2026-05-19,20,5,Q03,Q04,FAIL,done,2026-07-19,False,
QM5_10114,PRE_JUNE,tv-golden-cross-50-200,2026-05-19,156,4,Q09,Q10_NEWS,REVIEW_REQUIRED,done,2026-09-02,True,
QM5_10115,PRE_JUNE,tv-ma-scalper-relief,2026-05-19,96,4,Q09,Q09,PASS,done,2026-08-29,True,
QM5_10116,PRE_JUNE,tv-multi-ma-exit,2026-05-19,104,13,Q07,Q02,INVALID,failed,2026-08-25,False,
QM5_10117,PRE_JUNE,tv-ma-psar-atr-trend,2026-05-19,28,4,,Q02,INVALID,failed,2026-08-17,False,
QM5_10118,PRE_JUNE,tv-rsi-trend-cont,2026-05-19,14,4,Q04,Q04,,pending,2026-08-17,False,
QM5_1012,PRE_JUNE,lien-fader,2026-04-28,12,10,,Q02,FAIL,done,2026-08-11,False,
QM5_10122,PRE_JUNE,don-mid-cross,2026-05-19,328,37,Q07,Q04,,pending,2026-08-17,False,
QM5_10123,PRE_JUNE,don20-break,2026-05-19,898,37,Q10,Q06,,pending,2026-09-02,True,
QM5_10125,PRE_JUNE,psar-sma-stop,2026-05-19,575,37,Q03,Q04,,pending,2026-08-17,False,
QM5_10126,PRE_JUNE,carver-sma,2026-05-22,54,3,Q03,Q02,PASS,done,2026-07-07,False,
QM5_10127,PRE_JUNE,bb-meanrev,2026-05-19,369,37,Q09,Q06,,pending,2026-09-02,False,
QM5_10128,PRE_JUNE,bb-breakout,2026-05-19,308,37,Q10,Q09_NEWS,,pending,2026-09-02,True,
QM5_10129,PRE_JUNE,tv-rsi-gauss-breakout,2026-05-19,12,4,,Q02,INFRA_FAIL,failed,2026-06-18,False,
QM5_1013,PRE_JUNE,lien-20day-breakout,2026-04-28,13,11,,Q02,FAIL,done,2026-08-09,False,
QM5_10130,PRE_JUNE,tv-sma40-scaleout,2026-05-19,53,4,Q03,Q04,,pending,2026-08-17,False,
QM5_10131,PRE_JUNE,tv-nifty-range-short,2026-05-19,18,4,Q03,Q04,,pending,2026-09-02,False,
QM5_10132,PRE_JUNE,tv-mtf-body-bos,2026-05-19,14,4,Q04,Q04,,pending,2026-08-17,False,
QM5_10133,PRE_JUNE,tv-ema80-scalp,2026-05-19,357,4,Q04,Q04,,pending,2026-08-17,False,
QM5_10134,PRE_JUNE,bb-double,2026-05-19,233,37,Q04,Q03,,pending,2026-08-23,False,
QM5_10135,PRE_JUNE,bbwidth-ema,2026-05-19,521,37,Q07,Q08,FAIL_HARD,done,2026-08-21,False,
QM5_10140,PRE_JUNE,tv-london-session-break,2026-05-19,12,3,,Q02,FAIL,done,2026-07-10,False,
QM5_10141,PRE_JUNE,rsi-meanrev,2026-05-19,175,37,Q03,Q04,,pending,2026-08-17,False,
QM5_10142,PRE_JUNE,rsi2-sma,2026-05-19,75,3,Q10,Q09_NEWS,,pending,2026-09-02,False,
QM5_10143,PRE_JUNE,rsi-momentum,2026-05-19,493,37,Q06,Q04,,pending,2026-08-17,False,
QM5_10144,PRE_JUNE,rsi-sma-trend,2026-05-19,499,37,Q03,Q04,,pending,2026-08-17,False,
QM5_10145,PRE_JUNE,tsm-meanret,2026-05-19,762,37,Q11,Q10_NEWS,,pending,2026-09-03,True,
QM5_10146,PRE_JUNE,tii-meanrev,2026-05-19,373,37,Q09,Q09_NEWS,,pending,2026-09-02,True,
QM5_10147,PRE_JUNE,tii-momentum,2026-05-19,449,37,,Q02,INVALID,failed,2026-08-23,False,
QM5_10148,PRE_JUNE,tii-signal,2026-05-19,168,37,Q07,Q08,INVALID,done,2026-08-20,False,
QM5_10150,PRE_JUNE,sma50-200,2026-05-19,133,5,Q07,Q07,,pending,2026-09-02,False,
QM5_10151,PRE_JUNE,tv-ema-vwap-scalp,2026-05-19,127,37,Q02,Q02,,pending,2026-07-26,False,
QM5_10158,PRE_JUNE,tv-es-wicklength-hold,2026-05-19,14,3,,Q02,FAIL,done,2026-07-10,False,
QM5_10161,PRE_JUNE,tv-mtf-macd-confirm,2026-05-19,286,4,Q04,Q04,,pending,2026-08-17,False,
QM5_10162,PRE_JUNE,tv-ema10-20-rsi-trail,2026-05-19,15,4,Q04,Q04,FAIL,done,2026-07-18,False,
QM5_10163,PRE_JUNE,tv-rsi-macd-long,2026-05-21,203,11,Q07,Q05,,pending,2026-09-02,False,
QM5_10165,PRE_JUNE,tv-postopen-bb-atr,2026-05-19,18,5,,Q02,FAIL,done,2026-07-10,False,
QM5_10166,PRE_JUNE,stochrsi-mr,2026-05-19,67,3,Q04,Q05,,pending,2026-09-02,False,
QM5_10167,PRE_JUNE,stochrsi-mom,2026-05-19,60,3,Q03,Q04,,pending,2026-08-17,False,
QM5_10168,PRE_JUNE,rsi-div,2026-05-19,17,3,Q02,Q04,FAIL,done,2026-07-06,False,
QM5_10169,PRE_JUNE,rsi-div-trend,2026-05-19,23,3,Q02,Q02,FAIL,done,2026-07-08,False,
QM5_10170,PRE_JUNE,carver-cont,2026-05-19,70,3,Q07,Q04,,pending,2026-08-17,False,
QM5_10171,PRE_JUNE,tv-vwap-rsi-dip,2026-05-19,35,2,Q04,Q05,,pending,2026-09-02,False,
QM5_10172,PRE_JUNE,tv-vwap-bb-dip,2026-05-19,10,2,Q02,Q04,,pending,2026-08-17,False,
QM5_10174,PRE_JUNE,tv-rsi-atr-3tp,2026-05-19,3,3,,Q02,FAIL,done,2026-06-18,False,
QM5_10175,PRE_JUNE,tv-atr-ema-vwap,2026-05-19,38,5,Q03,Q04,,pending,2026-08-17,False,
QM5_10176,PRE_JUNE,sma-ext-mr,2026-05-19,52,37,,Q02,FAIL,done,2026-08-03,False,
QM5_10177,PRE_JUNE,sma-ext-safe,2026-05-21,336,37,Q04,Q04,,pending,2026-08-17,False,
QM5_10178,PRE_JUNE,tv-vwap-mr-forex,2026-05-19,10,4,Q03,Q03,PASS,done,2026-07-25,False,
QM5_10179,PRE_JUNE,tv-ema-channel-rr,2026-05-19,16,5,Q04,Q04,FAIL,done,2026-08-03,False,
QM5_10180,PRE_JUNE,tv-fut-ema-rsi-pull,2026-05-19,8,4,Q03,Q03,PASS,done,2026-07-31,False,
QM5_10181,PRE_JUNE,tv-xau-ny-orb-retest,2026-05-19,6,4,,Q02,FAIL,done,2026-07-23,False,
QM5_10182,PRE_JUNE,tv-vwap-rsi-momo,2026-05-19,14,5,Q04,Q05,FAIL,done,2026-07-14,False,
QM5_10183,PRE_JUNE,carver-multi-sig,2026-05-19,105,37,Q10,Q09_NEWS,,pending,2026-09-02,True,
QM5_10184,PRE_JUNE,tv-atr-zigzag-break,2026-05-19,20,5,Q03,Q02,PASS,done,2026-08-03,False,
QM5_10185,PRE_JUNE,tv-kumo-ichi-long,2026-05-19,25,5,Q07,Q03,PASS,done,2026-08-03,False,
QM5_10186,PRE_JUNE,tv-pivot-time-break,2026-05-19,0,0,,,,,,False,
QM5_10187,PRE_JUNE,tv-vwap-rsi-scalp,2026-05-19,24,5,Q02,Q04,FAIL,done,2026-07-13,False,
QM5_10188,PRE_JUNE,tv-adx-di-ema-long,2026-05-19,0,0,,,,,,False,
QM5_10189,PRE_JUNE,tv-piv-vwap-brk,2026-05-19,30,5,,Q02,,pending,2026-08-25,False,
QM5_10191,PRE_JUNE,tv-gold-vol2bar,2026-05-19,18,5,,Q02,INFRA_FAIL,failed,2026-07-29,False,
QM5_10192,PRE_JUNE,tv-ma922-trail,2026-05-19,175,4,Q04,Q04,,pending,2026-08-17,False,
QM5_10193,PRE_JUNE,tv-asia-gc-brk,2026-05-19,35,4,Q03,Q04,FAIL,done,2026-08-03,False,
QM5_10194,PRE_JUNE,tv-st-rsi-pos,2026-05-19,133,4,Q03,Q04,,pending,2026-08-17,False,
QM5_10195,PRE_JUNE,tv-st-macd-ema,2026-05-19,151,5,Q03,Q03,PASS,done,2026-06-28,False,
QM5_10196,PRE_JUNE,tv-dual-st-macd,2026-05-19,174,5,Q07,Q04,,pending,2026-08-17,False,
QM5_10197,PRE_JUNE,tv-ssl-wavetrend,2026-05-19,59,4,Q07,Q05,FAIL,done,2026-07-15,False,
QM5_10198,PRE_JUNE,tv-barcount-rev,2026-05-19,55,5,Q04,Q05,FAIL,done,2026-07-14,False,
QM5_10199,PRE_JUNE,tv-vsa-absorb-fx,2026-05-19,31,5,Q03,Q04,,pending,2026-08-17,False,
QM5_10200,PRE_JUNE,tv-bhd-trend-tp,2026-05-19,21,5,Q04,Q04,,pending,2026-08-17,False,
QM5_10201,PRE_JUNE,tv-ema20-50-multitp,2026-05-19,30,5,Q03,Q02,,pending,2026-08-17,False,
QM5_10202,PRE_JUNE,tv-dema-atr-scaleout,2026-05-19,16,5,Q02,Q04,,pending,2026-08-17,False,
QM5_10203,PRE_JUNE,tv-actionzone-atr-rev,2026-05-19,30,5,Q03,Q04,,pending,2026-08-17,False,
QM5_10204,PRE_JUNE,tv-ema-wma-2tpbe,2026-05-19,12,5,Q03,Q02,,pending,2026-08-13,False,
QM5_10205,PRE_JUNE,tv-chop-dmi-psar,2026-05-20,12,5,,Q02,FAIL,done,2026-08-03,False,
QM5_10206,PRE_JUNE,tv-9ema-full-candle,2026-05-19,15,5,Q02,Q04,,pending,2026-08-17,False,
QM5_10207,PRE_JUNE,tv-bb-wick-reversal,2026-05-19,37,5,Q03,Q04,,pending,2026-08-17,False,
QM5_10208,PRE_JUNE,tv-psar-atr-sma,2026-05-19,16,5,,Q02,INFRA_FAIL,failed,2026-07-29,False,
QM5_10209,PRE_JUNE,tv-atr-ema-session,2026-05-19,28,6,Q02,Q04,,pending,2026-08-17,False,
QM5_10210,PRE_JUNE,tv-turtle-ny-sweep,2026-05-19,4,3,,Q02,FAIL,done,2026-07-09,False,
QM5_10211,PRE_JUNE,tv-williams-r-spy,2026-05-19,12,3,Q03,Q04,,pending,2026-08-17,False,
QM5_10212,PRE_JUNE,tv-hilo-period-break,2026-05-19,68,5,Q03,Q04,,pending,2026-08-17,False,
QM5_10213,PRE_JUNE,tv-wpr-macd-scalp,2026-05-19,12,5,Q02,Q04,FAIL,done,2026-08-06,False,
QM5_10214,PRE_JUNE,tv-gvto-trend,2026-05-19,29,5,Q03,Q03,PASS,done,2026-08-07,False,
QM5_10215,PRE_JUNE,tv-cci-ema-fx,2026-05-19,164,5,Q03,Q04,,pending,2026-08-17,False,
QM5_10216,PRE_JUNE,tv-break-retest,2026-05-19,20,5,Q03,Q04,,pending,2026-08-17,False,
QM5_10217,PRE_JUNE,tv-price-vol-brk,2026-05-19,19,5,Q03,Q02,,pending,2026-08-17,False,
QM5_10218,PRE_JUNE,tv-oops-gap,2026-05-19,30,6,Q03,Q02,INFRA_FAIL,failed,2026-07-09,False,
QM5_10219,PRE_JUNE,tv-open-impulse,2026-05-19,25,5,Q04,Q02,PASS,done,2026-08-03,False,
QM5_10220,PRE_JUNE,tv-3ema-stoch-atr,2026-05-19,22,5,Q02,Q02,,pending,2026-08-17,False,
QM5_10221,PRE_JUNE,tv-ichi-ema-rsi,2026-05-19,14,5,Q02,Q04,,pending,2026-08-17,False,
QM5_10222,PRE_JUNE,tv-bbsr-jma-atr,2026-05-19,15,5,,Q02,ZERO_TRADES,done,2026-08-07,False,
QM5_10223,PRE_JUNE,tv-bb-wd-break,2026-05-19,12,5,,Q02,INFRA_FAIL,failed,2026-07-29,False,
QM5_10224,PRE_JUNE,tv-viop-atr-snipe,2026-05-19,18,5,Q02,Q04,,pending,2026-08-17,False,
QM5_10225,PRE_JUNE,tv-keltner-gc,2026-05-19,11,4,,Q02,FAIL,done,2026-08-12,False,
QM5_10226,PRE_JUNE,tv-psar-sma-exit,2026-05-19,91,4,Q04,Q04,,pending,2026-08-17,False,
QM5_10227,PRE_JUNE,tv-triple-st-adx,2026-05-19,14,5,Q03,Q04,,pending,2026-08-17,False,
QM5_10228,PRE_JUNE,tv-di-atr-cross,2026-05-19,48,5,Q03,Q04,,pending,2026-08-17,False,
QM5_10229,PRE_JUNE,tv-donchian-base,2026-05-19,18,5,Q07,Q08,FAIL_HARD,done,2026-08-20,False,
QM5_1023,PRE_JUNE,chan-at-bb-pair,2026-04-28,2,1,Q02,Q04,FAIL,done,2026-06-27,False,
QM5_10230,PRE_JUNE,tv-ema-stoch-atr,2026-05-19,21,5,Q04,Q05,,pending,2026-09-02,False,
QM5_10231,PRE_JUNE,tv-range-stoch,2026-05-19,13,4,,Q02,INFRA_FAIL,failed,2026-07-29,False,
QM5_10232,PRE_JUNE,tv-donchian-macd,2026-05-19,25,5,Q02,Q04,,pending,2026-08-17,False,
QM5_10233,PRE_JUNE,tv-macd-rsi-day,2026-05-19,10,5,Q02,Q02,FAIL,done,2026-07-09,False,
QM5_10234,PRE_JUNE,tv-rsi-atr-band,2026-05-19,53,4,Q04,Q02,INVALID,failed,2026-08-23,False,
QM5_10240,PRE_JUNE,tv-vwap-orb-pull,2026-05-19,13,5,Q02,Q04,FAIL,done,2026-07-10,False,
QM5_10241,PRE_JUNE,tv-vwap-retest,2026-05-19,33,7,Q02,Q04,FAIL,done,2026-08-03,False,
QM5_10242,PRE_JUNE,tv-keltner-dual,2026-05-19,15,5,Q02,Q04,FAIL,done,2026-08-16,False,
QM5_10248,PRE_JUNE,tv-macd-sma200,2026-05-19,24,5,Q06,Q07,,pending,2026-08-21,False,
QM5_10249,PRE_JUNE,tv-supertrend-4h,2026-05-19,19,5,Q03,Q04,,pending,2026-08-17,False,
QM5_10250,PRE_JUNE,tv-bb-scalp,2026-05-19,52,4,,Q02,FAIL,done,2026-07-28,False,
QM5_10251,PRE_JUNE,tv-nova-rev,2026-05-19,16,4,Q03,COMPILE_EA,COMPILE_OK,done,2026-08-26,False,
QM5_10252,PRE_JUNE,tv-msl-atr,2026-05-19,15,4,Q02,Q04,,pending,2026-08-17,False,
QM5_10253,PRE_JUNE,tv-ifvg-sweep,2026-05-19,51,4,Q02,Q02,INVALID,failed,2026-08-23,False,
QM5_10254,PRE_JUNE,tv-double-atr,2026-05-19,52,4,Q03,Q04,FAIL,done,2026-07-08,False,
QM5_10255,PRE_JUNE,tv-postopen-atr,2026-05-19,74,5,,Q02,INVALID,failed,2026-08-23,False,
QM5_10257,PRE_JUNE,tv-sma-rsi-macd,2026-05-19,17,5,Q03,Q02,INFRA_FAIL,failed,2026-07-29,False,
QM5_10258,PRE_JUNE,tv-rsi-macd-mtf,2026-05-19,16,5,Q03,Q04,FAIL,done,2026-07-16,False,
QM5_10259,PRE_JUNE,tv-stoch-rsi,2026-05-19,14,5,,Q02,ZERO_TRADES,done,2026-08-07,False,
QM5_10260,PRE_JUNE,cieslak-fomc-cycle-idx,2026-05-17,288,11,Q07,Q04,,pending,2026-09-02,False,
QM5_10265,PRE_JUNE,tv-or-psvr,2026-05-21,102,5,Q02,Q02,INVALID,failed,2026-08-23,False,
QM5_10266,PRE_JUNE,coasensi-bb20-mr,2026-05-21,11,4,Q02,Q04,,pending,2026-08-17,False,
QM5_10267,PRE_JUNE,gawd-sma25-trend,2026-05-21,60,4,Q03,Q04,,pending,2026-08-17,False,
QM5_10268,PRE_JUNE,gawd-sma25-100-cross,2026-05-21,63,4,Q07,Q07,,pending,2026-08-30,False,
QM5_10269,PRE_JUNE,gawd-wma30-trend,2026-05-21,72,13,Q07,Q02,,pending,2026-08-25,False,
QM5_10270,PRE_JUNE,jst-rsi-atr-filter,2026-05-21,48,4,,Q02,ZERO_TRADES,done,2026-07-28,False,
QM5_10271,PRE_JUNE,ltz-rbreaker,2026-05-21,41,3,Q03,Q04,,pending,2026-08-17,False,
QM5_10272,PRE_JUNE,ltz-turtle20,2026-05-21,62,4,Q07,Q08,FAIL_HARD,done,2026-08-21,False,
QM5_10273,PRE_JUNE,ltz-ghost,2026-05-21,58,4,Q03,Q04,,pending,2026-08-17,False,
QM5_10276,PRE_JUNE,whc-rsi-bb,2026-05-21,146,12,Q02,Q04,,pending,2026-08-17,False,
QM5_10277,PRE_JUNE,whc-triple-rsi,2026-05-21,143,11,Q03,Q04,,pending,2026-08-17,False,
QM5_10278,PRE_JUNE,whc-roc-stoch,2026-05-21,133,11,,Q02,INVALID,failed,2026-08-23,False,
QM5_10279,PRE_JUNE,whc-roc-ma,2026-05-21,132,11,,Q02,FAIL,done,2026-07-28,False,
QM5_10280,PRE_JUNE,whc-rsrs,2026-05-21,167,11,Q07,Q07,,pending,2026-08-31,False,
QM5_10281,PRE_JUNE,jstm-shootstar,2026-05-21,426,35,,Q02,INVALID,failed,2026-08-17,False,
QM5_10286,PRE_JUNE,cinar-supertrend,2026-05-21,482,37,Q04,Q03,,pending,2026-08-23,False,
QM5_10287,PRE_JUNE,cinar-ichimoku,2026-05-21,425,32,Q07,Q08,,pending,2026-09-02,False,
QM5_10288,PRE_JUNE,cinar-aroon,2026-05-21,468,37,Q03,Q04,,pending,2026-08-17,False,
QM5_10289,PRE_JUNE,cinar-cci,2026-05-21,453,35,Q07,Q04,,pending,2026-08-17,False,
QM5_10290,PRE_JUNE,cinar-trix,2026-05-21,447,37,Q04,Q04,,pending,2026-08-17,False,
QM5_10291,PRE_JUNE,cinar-alligator,2026-05-21,450,37,Q09,Q04,,pending,2026-09-02,False,
QM5_10292,PRE_JUNE,cinar-williamsr,2026-05-21,63,6,Q04,Q04,,pending,2026-08-17,False,
QM5_10293,PRE_JUNE,cinar-bop,2026-05-21,296,37,Q04,Q04,,pending,2026-08-17,False,
QM5_10294,PRE_JUNE,cinar-cfo,2026-05-21,300,37,Q05,Q06,,pending,2026-09-02,False,
QM5_10295,PRE_JUNE,cinar-tsi,2026-05-21,288,35,Q04,Q04,,pending,2026-09-02,False,
QM5_10296,PRE_JUNE,cinar-cmf,2026-05-21,279,37,Q03,Q04,,pending,2026-08-17,False,
QM5_10297,PRE_JUNE,cinar-mfi,2026-05-21,299,37,Q03,Q04,,pending,2026-08-22,False,
QM5_10298,PRE_JUNE,cinar-force,2026-05-21,309,37,Q05,Q04,,pending,2026-08-17,False,
QM5_10299,PRE_JUNE,cinar-obv,2026-05-21,288,37,Q03,Q04,,pending,2026-08-17,False,
QM5_10300,PRE_JUNE,cinar-vwap,2026-05-21,291,37,Q04,Q04,,pending,2026-08-17,False,
QM5_10301,PRE_JUNE,narang-trend-mom,2026-05-21,32,5,,Q02,INVALID,failed,2026-08-17,False,
QM5_10302,PRE_JUNE,narang-price-revert,2026-05-21,41,5,Q02,Q04,,pending,2026-08-17,False,
QM5_10303,PRE_JUNE,narang-trend,2026-05-21,79,13,Q03,Q02,PASS,done,2026-08-01,False,
QM5_10304,PRE_JUNE,narang-revert,2026-05-21,135,37,,Q02,FAIL,done,2026-08-08,False,
QM5_10305,PRE_JUNE,narang-xmom,2026-05-21,10,10,,Q02,RETIRE,failed,2026-08-12,False,
QM5_10307,PRE_JUNE,narang-blend,2026-05-21,102,37,Q03,Q04,,pending,2026-08-17,False,
QM5_10308,PRE_JUNE,hft-pairs-z,2026-05-21,18,8,,Q02,FAIL,done,2026-07-13,False,
QM5_10309,PRE_JUNE,cointeg-hft-pairs,2026-05-21,34,7,Q02,Q04,,pending,2026-09-01,False,
QM5_10310,PRE_JUNE,ust-pairs-risk,2026-05-21,22,8,Q03,Q04,,pending,2026-08-17,False,
QM5_10311,PRE_JUNE,hf-momo-buffer,2026-05-21,10,6,,Q02,FAIL,done,2026-07-10,False,
QM5_10314,PRE_JUNE,fx-open-close-momentum,2026-05-21,15,6,Q02,Q04,FAIL,done,2026-07-14,False,
QM5_10316,PRE_JUNE,overnight-intraday-reversal,2026-05-21,22,7,Q02,Q04,,pending,2026-08-17,False,
QM5_10318,PRE_JUNE,oil-intra-momo,2026-05-21,1,1,,Q02,FAIL,done,2026-06-18,False,
QM5_10319,PRE_JUNE,eia-oil-momo,2026-05-21,10,1,Q03,Q03,PASS,done,2026-07-14,False,
QM5_10320,PRE_JUNE,index-leadlag,2026-05-21,0,0,,,,,,False,
QM5_10321,PRE_JUNE,halfhour-cont,2026-05-21,0,0,,,,,,False,
QM5_10322,PRE_JUNE,realized-moments,2026-05-22,78,11,,Q02,INVALID,failed,2026-08-17,False,
QM5_10323,PRE_JUNE,payoff-bias,2026-05-21,8,3,Q02,Q02,FAIL,done,2026-07-05,False,
QM5_10324,PRE_JUNE,overnight-drift,2026-05-21,5,3,,Q02,FAIL,done,2026-07-10,False,
QM5_10325,PRE_JUNE,round-close,2026-05-21,35,4,Q02,Q04,,pending,2026-08-17,False,
QM5_10326,PRE_JUNE,close-auct-rev,2026-05-21,39,3,,Q02,INVALID,failed,2026-08-23,False,
QM5_10327,PRE_JUNE,eod-reversal,2026-05-21,52,4,,Q02,,pending,2026-08-25,False,
QM5_10328,PRE_JUNE,residual-rev,2026-05-21,50,4,Q02,Q02,INVALID,failed,2026-08-23,False,
QM5_10329,PRE_JUNE,imbalance-rev,2026-05-21,48,4,,Q02,FAIL,done,2026-07-28,False,
QM5_10330,PRE_JUNE,illiq-rev,2026-05-21,42,5,Q02,Q04,,pending,2026-08-17,False,
QM5_10331,PRE_JUNE,treasury-pairs,2026-05-21,35,5,Q02,Q04,FAIL,done,2026-07-10,False,
QM5_10332,PRE_JUNE,coi-flow,2026-05-21,28,4,,Q02,,pending,2026-07-26,False,
QM5_10333,PRE_JUNE,dax-loser-rev,2026-05-21,11,4,,Q02,FAIL,done,2026-07-10,False,
QM5_10334,PRE_JUNE,stockplay-orb,2026-05-21,8,3,,Q02,FAIL,done,2026-07-10,False,
QM5_10335,PRE_JUNE,nse-vol-orb,2026-05-21,11,4,,Q02,FAIL,done,2026-07-10,False,
QM5_10336,PRE_JUNE,smallcap-volmom,2026-05-21,33,4,Q03,Q04,,pending,2026-08-17,False,
QM5_10337,PRE_JUNE,smallcap-mr,2026-05-21,28,4,Q02,Q04,FAIL,done,2026-07-10,False,
QM5_10338,PRE_JUNE,intraday-comp-mom,2026-05-21,30,4,,Q02,INFRA_FAIL,failed,2026-07-29,False,
QM5_10339,PRE_JUNE,fx-zscore-mr,2026-05-21,12,5,Q02,Q04,FAIL,done,2026-07-20,False,
QM5_10340,PRE_JUNE,fx-vwap-adx,2026-05-21,18,5,Q03,Q04,,pending,2026-08-17,False,
QM5_10343,PRE_JUNE,tr8dr-amp-trend,2026-05-21,39,5,Q03,Q04,,pending,2026-08-17,False,
QM5_10344,PRE_JUNE,et-3ducks-mtf,2026-05-21,39,5,Q02,Q04,,pending,2026-08-17,False,
QM5_10345,PRE_JUNE,et-oil-lwma,2026-05-21,7,4,,Q02,FAIL,done,2026-07-10,False,
QM5_10346,PRE_JUNE,et-turtle-intra,2026-05-21,18,5,Q03,Q02,INFRA_FAIL,failed,2026-07-09,False,
QM5_10347,PRE_JUNE,et-donchian210,2026-05-21,68,5,,Q02,ZERO_TRADES,done,2026-08-13,False,
QM5_10348,PRE_JUNE,et-gann-pivot,2026-05-21,24,5,Q02,Q02,PASS,done,2026-08-01,False,
QM5_10349,PRE_JUNE,et-pgo-breakout,2026-05-21,20,5,,Q02,FAIL,done,2026-08-12,False,
QM5_10350,PRE_JUNE,et-sp-adx15,2026-05-21,13,5,Q02,Q04,,pending,2026-08-17,False,
QM5_10351,PRE_JUNE,et-rally-x,2026-05-21,17,5,Q02,Q04,,pending,2026-08-17,False,
QM5_10352,PRE_JUNE,et-rsi-psar,2026-05-21,18,5,Q03,Q04,,pending,2026-08-17,False,
QM5_10353,PRE_JUNE,et-macd-r1,2026-05-21,17,5,Q02,Q02,FAIL,done,2026-07-25,False,
QM5_10354,PRE_JUNE,et-crude-orb,2026-05-21,11,4,Q02,Q04,FAIL,done,2026-07-13,False,
QM5_10355,PRE_JUNE,et-session-orb,2026-05-21,19,5,Q02,Q04,,pending,2026-08-17,False,
QM5_10356,PRE_JUNE,et-trigger-sar,2026-05-21,48,4,,Q02,FAIL,done,2026-07-10,False,
QM5_10357,PRE_JUNE,et-downgap-close,2026-05-21,20,5,,Q02,ZERO_TRADES,done,2026-08-12,False,
QM5_10358,PRE_JUNE,et-atr-dayrange,2026-05-21,14,4,Q03,Q04,FAIL,done,2026-08-17,False,
QM5_10359,PRE_JUNE,et-gap-fade,2026-05-21,7,4,,Q02,FAIL,done,2026-07-26,False,
QM5_10360,PRE_JUNE,et-donch-decay,2026-05-21,67,7,,Q02,FAIL,done,2026-08-01,False,
QM5_10361,PRE_JUNE,et-range-offset,2026-05-21,12,3,Q03,Q02,INFRA_FAIL,failed,2026-07-09,False,
QM5_10362,PRE_JUNE,et-firstbar-orb,2026-05-21,16,5,Q03,Q04,,pending,2026-08-17,False,
QM5_10363,PRE_JUNE,et-exp-cont,2026-05-21,27,3,Q03,Q04,,pending,2026-08-17,False,
QM5_10364,PRE_JUNE,et-lbr-310,2026-05-21,6,4,,Q02,FAIL,done,2026-07-10,False,
QM5_10365,PRE_JUNE,et-fx-fi-ema,2026-05-21,45,8,Q04,Q04,,pending,2026-08-17,False,
QM5_10366,PRE_JUNE,et-qqq-pullback,2026-05-21,35,4,Q04,Q04,FAIL,done,2026-08-01,False,
QM5_10367,PRE_JUNE,et-gbs-breakout,2026-05-21,2,0,,COMPILE_EA,COMPILE_FAIL,failed,2026-08-22,False,
QM5_10368,PRE_JUNE,et-ema-stop,2026-05-21,10,4,Q02,Q04,,pending,2026-08-17,False,
QM5_10369,PRE_JUNE,et-magnet-limits,2026-05-21,40,4,,Q02,RETIRE,done,2026-08-30,False,
QM5_10370,PRE_JUNE,et-es-tlbreak,2026-05-21,7,4,Q02,Q04,FAIL,done,2026-07-26,False,
QM5_10371,PRE_JUNE,et-er2-afternoon,2026-05-21,6,4,,Q02,ZERO_TRADES,done,2026-08-07,False,
QM5_10372,PRE_JUNE,et-1005-bracket,2026-05-21,16,4,Q04,Q04,FAIL,done,2026-07-20,False,
QM5_10373,PRE_JUNE,et-15ors-scalp,2026-05-21,6,4,,Q02,FAIL,done,2026-07-10,False,
QM5_10374,PRE_JUNE,et-ma-stack30,2026-05-21,29,7,Q03,Q02,FAIL,done,2026-07-04,True,
QM5_10375,PRE_JUNE,et-open-atrbrk,2026-05-21,56,5,Q07,Q05,,pending,2026-09-02,False,
QM5_10376,PRE_JUNE,et-high-fade,2026-05-21,25,5,Q02,Q02,PASS,done,2026-08-12,False,
QM5_10377,PRE_JUNE,et-ma50-cross,2026-05-21,34,5,Q03,Q04,,pending,2026-08-17,False,
QM5_10378,PRE_JUNE,et-daily-limfade,2026-05-21,26,4,Q03,Q04,,pending,2026-08-17,False,
QM5_10379,PRE_JUNE,et-30min-brk,2026-05-21,5,4,,Q02,FAIL,done,2026-07-10,False,
QM5_10380,PRE_JUNE,et-pbbo,2026-05-21,69,5,Q04,Q05,FAIL,done,2026-08-30,False,
QM5_10381,PRE_JUNE,et-macd-pos,2026-05-21,21,4,Q03,Q04,FAIL,done,2026-08-22,False,
QM5_10382,PRE_JUNE,et-ema-rsi144,2026-05-21,27,4,,Q02,ZERO_TRADES,done,2026-08-12,False,
QM5_10383,PRE_JUNE,et-sma-rsi150,2026-05-21,9,4,,Q02,FAIL,done,2026-07-10,False,
QM5_10384,PRE_JUNE,et-pivot-limit,2026-05-21,20,6,Q02,Q04,,pending,2026-08-17,False,
QM5_10385,PRE_JUNE,et-3bar-filter,2026-05-21,9,4,,Q02,FAIL,done,2026-07-09,False,
QM5_10386,PRE_JUNE,et-lunch-brk,2026-05-21,29,4,Q03,Q04,,pending,2026-08-17,False,
QM5_10387,PRE_JUNE,et-stoch-range,2026-05-21,9,6,,Q02,FAIL,done,2026-07-10,False,
QM5_10388,PRE_JUNE,et-afternoon-orb,2026-05-21,52,4,Q03,Q04,,pending,2026-08-17,False,
QM5_10389,PRE_JUNE,et-boll-break,2026-05-21,67,5,Q03,Q04,FAIL,done,2026-06-19,False,
QM5_10390,PRE_JUNE,et-dcb-median,2026-05-21,67,5,Q03,Q03,PASS,done,2026-06-19,False,
QM5_10391,PRE_JUNE,et-uptick-limit,2026-05-21,24,3,Q03,Q04,,pending,2026-08-17,False,
QM5_10392,PRE_JUNE,et-holy-adx,2026-05-21,65,5,Q02,Q04,FAIL,done,2026-06-19,False,
QM5_10393,PRE_JUNE,et-stoch-cash,2026-05-21,49,4,Q02,Q04,FAIL,done,2026-07-13,False,
QM5_10394,PRE_JUNE,et-rsi-trend,2026-05-21,21,4,,Q02,INFRA_FAIL,done,2026-07-10,False,
QM5_10395,PRE_JUNE,et-ttm-squeeze,2026-05-21,28,5,Q03,Q04,,pending,2026-08-17,False,
QM5_10396,PRE_JUNE,et-es-ma-rev,2026-05-23,17,4,Q03,Q04,,pending,2026-08-17,False,
QM5_10397,PRE_JUNE,et-keltner-classic,2026-05-21,85,6,Q03,Q04,,pending,2026-08-17,False,
QM5_10398,PRE_JUNE,et-hershey-rocket,2026-05-21,7,4,Q02,Q04,FAIL,done,2026-07-10,False,
QM5_10399,PRE_JUNE,et-day1-break,2026-05-21,24,6,Q02,Q04,,pending,2026-08-17,False,
QM5_10401,PRE_JUNE,et-frama-band,2026-05-21,60,5,,Q02,FAIL,done,2026-06-19,False,
QM5_10402,PRE_JUNE,et-kiss-env,2026-05-21,12,4,Q02,Q04,FAIL,done,2026-07-18,False,
QM5_10403,PRE_JUNE,et-turtle20x,2026-05-22,112,5,Q11,Q09_NEWS,,pending,2026-09-02,True,Q12_REVIEW_READY
QM5_10404,PRE_JUNE,et-lbr-1cross,2026-05-22,12,4,Q02,Q04,,pending,2026-08-17,False,
QM5_10405,PRE_JUNE,et-or-riskbrk,2026-05-22,16,5,Q02,Q03,,pending,2026-08-23,False,
QM5_10406,PRE_JUNE,et-ema-stoprev,2026-05-22,9,4,Q02,Q04,FAIL,done,2026-07-10,False,
QM5_10407,PRE_JUNE,et-macd-zero,2026-05-21,49,4,Q02,Q04,FAIL,done,2026-07-13,False,
QM5_10408,PRE_JUNE,et-sample-brk,2026-05-21,10,5,Q02,Q04,FAIL,done,2026-07-19,False,
QM5_10409,PRE_JUNE,et-openpct-orb,2026-05-21,5,4,,Q02,FAIL,done,2026-07-10,False,
QM5_10410,PRE_JUNE,et-donch-6x4,2026-05-21,17,5,Q03,Q04,,pending,2026-08-17,False,
QM5_10411,PRE_JUNE,et-td-setup,2026-05-21,22,5,Q02,Q04,,pending,2026-08-17,False,
QM5_10412,PRE_JUNE,et-td-camo,2026-05-21,35,5,Q03,Q04,,pending,2026-08-17,False,
QM5_10413,PRE_JUNE,et-123-bounce,2026-05-21,16,5,Q02,Q04,,pending,2026-08-17,False,
QM5_10414,PRE_JUNE,et-stoch-scalp,2026-05-21,8,5,Q02,Q04,FAIL,done,2026-07-19,False,
QM5_10415,PRE_JUNE,et-pivot-offset,2026-05-21,22,5,Q02,Q04,,pending,2026-08-17,False,
QM5_10416,PRE_JUNE,et-sma-dev,2026-05-21,12,5,,Q02,FAIL,done,2026-07-09,False,
QM5_10417,PRE_JUNE,et-pricepivot-x,2026-05-21,9,5,,Q02,FAIL,done,2026-07-10,False,
QM5_10418,PRE_JUNE,et-sma5-trend,2026-05-21,13,5,,Q02,FAIL,done,2026-07-20,False,
QM5_10419,PRE_JUNE,et-spm-macd,2026-05-21,12,5,Q02,Q04,FAIL,done,2026-07-10,False,
QM5_10420,PRE_JUNE,et-ema2-5,2026-05-21,8,5,,Q02,FAIL,done,2026-07-10,False,
QM5_10421,PRE_JUNE,et-cci100-cross,2026-05-21,13,5,,Q02,FAIL,done,2026-08-07,False,
QM5_10422,PRE_JUNE,et-mtf-stoch,2026-05-21,31,5,Q03,Q02,,pending,2026-07-26,False,
QM5_10423,PRE_JUNE,et-close-channel,2026-05-22,33,5,Q03,Q02,,pending,2026-08-13,False,
QM5_10424,PRE_JUNE,et-ema-stack,2026-05-21,49,5,Q04,Q04,,pending,2026-08-17,False,
QM5_10425,PRE_JUNE,et-dema13-x,2026-05-21,11,5,Q02,Q04,FAIL,done,2026-07-20,False,
QM5_10426,PRE_JUNE,et-seq-break,2026-05-21,44,5,Q03,Q02,,pending,2026-07-26,False,
QM5_10427,PRE_JUNE,et-3bar-xma,2026-05-21,28,6,Q04,Q05,,pending,2026-09-02,False,
QM5_10428,PRE_JUNE,et-hg-adx,2026-05-21,51,13,Q07,Q02,INVALID,failed,2026-08-25,False,
QM5_10429,PRE_JUNE,et-rsi2-es,2026-05-21,18,5,Q02,Q04,FAIL,done,2026-07-15,False,
QM5_10430,PRE_JUNE,et-cum-rsi2,2026-05-22,27,5,Q06,Q07,FAIL,done,2026-07-15,False,
QM5_10431,PRE_JUNE,et-bb-break8,2026-05-21,167,5,Q06,Q05,,pending,2026-09-02,False,
QM5_10432,PRE_JUNE,et-sp-bbshort,2026-05-21,248,4,Q04,Q03,FAIL,done,2026-06-28,False,
QM5_10433,PRE_JUNE,mql5-range-brk,2026-05-21,41,4,Q03,Q04,,pending,2026-08-17,False,
QM5_10434,PRE_JUNE,mql5-dom-d1,2026-05-21,22,4,Q02,Q02,PASS,done,2026-07-05,False,
QM5_10435,PRE_JUNE,mql5-ma-cross,2026-05-21,16,4,,Q02,FAIL,done,2026-08-12,False,
QM5_10436,PRE_JUNE,mql5-h4m15-sweep,2026-05-21,29,4,Q03,Q03,PASS,done,2026-08-01,False,
QM5_10437,PRE_JUNE,mql5-prevhi-brk,2026-05-21,14,4,Q03,Q04,,pending,2026-08-17,False,
QM5_10438,PRE_JUNE,mql5-fvg-pull,2026-05-21,5,4,,Q02,FAIL,done,2026-07-09,False,
QM5_10439,PRE_JUNE,mql5-asq-break,2026-05-21,142,4,Q03,Q04,FAIL,done,2026-08-17,False,
QM5_1044,PRE_JUNE,vpmacd-us-indices,2026-05-15,3,3,,Q02,INVALID,failed,2026-06-13,False,
QM5_10440,PRE_JUNE,mql5-ohlc-mtf,2026-05-21,361,4,Q09,Q09_NEWS,,pending,2026-09-02,False,EVIDENCE_STALE
QM5_10441,PRE_JUNE,mql5-vr-rsi,2026-05-21,17,4,Q02,Q04,,pending,2026-08-17,False,
QM5_10442,PRE_JUNE,mql5-pa-day,2026-05-21,137,4,Q03,Q04,,pending,2026-08-17,False,
QM5_10443,PRE_JUNE,mql5-trend-mom,2026-05-21,60,5,Q03,Q04,,pending,2026-08-17,False,
QM5_10444,PRE_JUNE,mql5-rsi-cross,2026-05-21,40,5,Q02,Q04,,pending,2026-08-17,False,
QM5_10445,PRE_JUNE,mql5-stddev-rsi,2026-05-21,12,2,,Q02,FAIL,done,2026-06-20,False,
QM5_10447,PRE_JUNE,mql5-bbands-rsi,2026-05-21,13,1,,Q02,FAIL,done,2026-06-19,False,
QM5_1045,PRE_JUNE,zarattini-spy-intraday-momentum,2026-05-16,141,3,Q04,Q03,PASS,done,2026-06-28,False,
QM5_10451,PRE_JUNE,mql5-wprbb,2026-05-21,76,6,Q03,Q02,,pending,2026-07-26,False,
QM5_10452,PRE_JUNE,mql5-div3,2026-05-21,176,6,Q07,Q04,,pending,2026-09-02,False,
QM5_10454,PRE_JUNE,mql5-supermac,2026-05-21,108,8,Q02,Q03,,pending,2026-08-23,False,
QM5_10457,PRE_JUNE,mql5-keltner,2026-05-21,118,34,Q04,Q04,,pending,2026-08-17,False,
QM5_10458,PRE_JUNE,mql5-rect-ema,2026-05-21,178,5,Q03,Q04,FAIL,done,2026-07-19,False,
QM5_10459,PRE_JUNE,mql5-aussie-surf,2026-05-21,52,8,Q03,Q02,PASS,done,2026-07-09,False,
QM5_1046,PRE_JUNE,maroy-intraday-vwap-exit,2026-05-16,32,3,Q07,Q04,,pending,2026-08-17,False,
QM5_10460,PRE_JUNE,mql5-cci-macd,2026-05-21,1,1,,Q02,FAIL,done,2026-06-18,False,
QM5_10461,PRE_JUNE,mql5-lazy-dbrk,2026-05-21,6,3,Q02,Q02,,pending,2026-08-17,False,
QM5_10462,PRE_JUNE,mql5-wpr-cloud,2026-05-21,24,8,Q02,Q04,,pending,2026-08-17,False,
QM5_10463,PRE_JUNE,mql5-ividya,2026-05-21,41,13,Q03,Q04,,pending,2026-08-17,False,
QM5_10464,PRE_JUNE,mql5-osma4,2026-05-21,10,4,Q02,Q04,,pending,2026-08-17,False,
QM5_10465,PRE_JUNE,mql5-rsi-cloud,2026-05-21,88,13,Q03,Q04,,pending,2026-09-02,False,
QM5_10466,PRE_JUNE,mql5-mom-ma,2026-05-22,28,3,,Q02,,pending,2026-08-30,False,
QM5_10467,PRE_JUNE,mql5-bol-rsi-ma,2026-05-22,198,8,Q05,Q05,,pending,2026-09-02,False,
QM5_10468,PRE_JUNE,mql5-psar,2026-05-21,198,13,Q04,Q04,,pending,2026-09-02,False,
QM5_10469,PRE_JUNE,mql5-explode,2026-05-21,505,14,Q04,Q04,,pending,2026-09-02,False,
QM5_1047,PRE_JUNE,halloween-sell-in-may-idx,2026-05-16,88,37,Q03,Q04,,pending,2026-08-17,False,
QM5_10470,PRE_JUNE,mql5-adxmacd,2026-05-21,118,13,Q04,Q02,INFRA_FAIL,failed,2026-07-29,False,
QM5_10471,PRE_JUNE,mql5-ma-trend,2026-05-21,74,13,Q03,Q04,FAIL,done,2026-08-17,False,
QM5_10472,PRE_JUNE,mql5-plateau,2026-05-21,67,8,Q03,Q04,FAIL,done,2026-07-09,False,
QM5_10473,PRE_JUNE,mql5-spearman,2026-05-22,61,5,Q03,Q04,,pending,2026-08-17,False,
QM5_10474,PRE_JUNE,mql5-tdsglobal,2026-05-22,0,0,,,,,,False,
QM5_10475,PRE_JUNE,mql5-puria,2026-05-22,0,0,,,,,,False,
QM5_10476,PRE_JUNE,mql5-pamxa,2026-05-22,66,8,Q08,Q09,,pending,2026-09-01,False,RETIRED
QM5_10477,PRE_JUNE,mql5-yday-today,2026-05-21,148,13,Q03,Q04,,pending,2026-08-17,False,
QM5_10478,PRE_JUNE,mql5-bago,2026-05-21,57,14,Q02,Q04,,pending,2026-08-13,False,
QM5_10479,PRE_JUNE,mql5-lbs-atr,2026-05-22,0,0,,,,,,False,
QM5_1048,PRE_JUNE,estrada-lazy-6m-rotation,2026-05-16,44,6,,Q02,INVALID,failed,2026-08-17,False,
QM5_10480,PRE_JUNE,mql5-tri-ind,2026-05-22,68,37,Q02,Q04,,pending,2026-08-17,False,
QM5_10481,PRE_JUNE,mql5-exec-ao,2026-05-22,244,37,Q02,Q04,,pending,2026-08-17,False,
QM5_10482,PRE_JUNE,mql5-secwenta,2026-05-22,174,14,Q03,Q02,PASS,done,2026-07-25,False,
QM5_10483,PRE_JUNE,mql5-badx,2026-05-21,32,4,Q02,Q04,,pending,2026-08-17,False,
QM5_10484,PRE_JUNE,mql5-ft-cci,2026-05-21,15,4,Q03,Q04,,pending,2026-08-17,False,
QM5_10485,PRE_JUNE,mql5-exec-ac,2026-05-21,36,4,Q02,Q04,,pending,2026-08-17,False,
QM5_10486,PRE_JUNE,mql5-openclose,2026-05-21,13,4,Q02,Q04,,pending,2026-08-17,False,
QM5_10487,PRE_JUNE,mql5-cho-123,2026-05-21,6,4,,Q02,FAIL,done,2026-07-10,False,
QM5_10488,PRE_JUNE,mql5-ccirsi,2026-05-22,52,4,Q02,Q04,,pending,2026-08-17,False,
QM5_10489,PRE_JUNE,mql5-trendmgr,2026-05-22,298,14,Q07,Q02,INVALID,failed,2026-08-25,False,
QM5_1049,PRE_JUNE,mcconnell-turn-of-month,2026-05-16,393,36,Q03,Q03,PASS,done,2026-06-28,False,
QM5_10490,PRE_JUNE,mql5-adx-ama,2026-05-22,67,4,Q03,Q04,,pending,2026-08-17,False,
QM5_10491,PRE_JUNE,mql5-bullbear,2026-05-22,119,4,Q03,Q04,,pending,2026-08-17,False,
QM5_10492,PRE_JUNE,mql5-daydream,2026-05-22,57,4,Q02,Q03,,pending,2026-08-24,False,
QM5_10493,PRE_JUNE,mql5-sidus,2026-05-22,52,4,Q02,Q04,FAIL,done,2026-07-27,False,
QM5_10494,PRE_JUNE,mql5-dema-chan,2026-05-22,219,14,Q09,Q09,PASS,done,2026-08-28,False,
QM5_10495,PRE_JUNE,mql5-sep-trade,2026-05-22,10,4,Q02,Q04,FAIL,done,2026-07-19,False,
QM5_10496,PRE_JUNE,mql5-mom-cross,2026-05-22,14,4,Q03,Q04,,pending,2026-08-17,False,
QM5_10497,PRE_JUNE,mql5-3sma,2026-05-22,11,4,,Q02,FAIL,done,2026-07-13,False,
QM5_10498,PRE_JUNE,mql5-aocci,2026-05-22,128,4,Q03,Q04,,pending,2026-08-17,False,
QM5_10499,PRE_JUNE,mql5-cloud,2026-05-22,27,4,,Q02,FAIL,done,2026-07-13,False,
QM5_1050,PRE_JUNE,mql5-smc-order-blocks,2026-05-16,248,9,Q04,Q02,PASS,done,2026-07-09,False,
QM5_10500,PRE_JUNE,mql5-auto-adx,2026-05-22,32,4,Q02,Q04,FAIL,done,2026-07-16,False,
QM5_10501,PRE_JUNE,mql5-area-macd,2026-05-22,18,4,Q03,Q04,,pending,2026-08-17,False,
QM5_10502,PRE_JUNE,mql5-breakout15,2026-05-22,42,4,Q03,Q04,,pending,2026-08-17,False,
QM5_10503,PRE_JUNE,mql5-candlebw,2026-05-22,79,4,Q02,Q04,,pending,2026-08-17,False,
QM5_10504,PRE_JUNE,mql5-prevc-break,2026-05-22,33,4,Q02,Q04,FAIL,done,2026-07-21,False,
QM5_10505,PRE_JUNE,mql5-macd-sar,2026-05-22,53,4,,Q02,INVALID,failed,2026-08-23,False,
QM5_10506,PRE_JUNE,mql5-nightflat,2026-05-22,40,4,Q02,Q02,PASS,done,2026-07-20,False,
QM5_10507,PRE_JUNE,mql5-ao-lightning,2026-05-22,17,4,Q02,Q04,,pending,2026-08-17,False,
QM5_10508,PRE_JUNE,mql5-sar-tm,2026-05-22,40,4,Q03,Q02,PASS,done,2026-07-09,False,
QM5_10509,PRE_JUNE,mql5-doji-brk,2026-05-22,24,4,Q02,Q02,PASS,done,2026-07-01,False,
QM5_1051,PRE_JUNE,cc-3ducks-sma60-mtf,2026-05-16,17,6,Q02,Q04,FAIL,done,2026-07-13,False,
QM5_10510,PRE_JUNE,mql5-absorb-stop,2026-05-22,53,4,Q04,Q03,PASS,done,2026-08-01,False,
QM5_10511,PRE_JUNE,mql5-n-candles,2026-05-22,18,4,Q02,Q04,,pending,2026-08-17,False,
QM5_10512,PRE_JUNE,mql5-donchian-ctr,2026-05-22,54,4,Q04,Q04,,pending,2026-08-17,False,
QM5_10513,PRE_JUNE,mql5-ichimoku,2026-05-22,360,13,Q11,Q10_NEWS,,pending,2026-09-03,True,Q12_REVIEW_READY
QM5_10514,PRE_JUNE,mql5-frac-stop,2026-05-22,19,4,Q04,Q04,,pending,2026-08-17,False,
QM5_10515,PRE_JUNE,mql5-macd-sign,2026-05-22,12,4,Q02,Q04,,pending,2026-08-17,False,
QM5_10516,PRE_JUNE,mql5-sar-rsi,2026-05-22,207,4,Q03,Q04,,pending,2026-08-17,False,
QM5_10517,PRE_JUNE,mql5-pct-chan,2026-05-22,57,4,Q02,Q02,INVALID,failed,2026-08-23,False,
QM5_10518,PRE_JUNE,mql5-sarima,2026-05-22,54,4,Q02,Q03,,pending,2026-08-24,False,
QM5_10519,PRE_JUNE,mql5-mashift,2026-05-22,15,4,,Q02,ZERO_TRADES,done,2026-08-04,False,
QM5_1052,PRE_JUNE,sidus-ema-method-v2,2026-05-16,16,5,Q02,Q04,,pending,2026-08-17,False,
QM5_10520,PRE_JUNE,mql5-momo,2026-05-22,17,4,Q02,Q04,FAIL,done,2026-08-05,False,
QM5_10521,PRE_JUNE,mql5-daybreak,2026-05-22,17,4,Q02,Q04,,pending,2026-08-17,False,
QM5_10522,PRE_JUNE,mql5-billy,2026-05-22,10,4,Q02,Q04,FAIL,done,2026-07-18,False,
QM5_10523,PRE_JUNE,mql5-larry-rsi2,2026-05-22,25,4,Q02,Q04,,pending,2026-08-17,False,
QM5_10524,PRE_JUNE,mql5-ma590-pend,2026-05-22,27,4,Q02,Q02,,pending,2026-07-26,False,
QM5_10525,PRE_JUNE,mql5-mamacd,2026-05-22,41,5,Q02,Q04,,pending,2026-08-17,False,
QM5_10526,PRE_JUNE,mql5-flat-chan,2026-05-22,10,4,Q02,Q04,,pending,2026-08-17,False,
QM5_10527,PRE_JUNE,mql5-vortex-brk,2026-05-22,68,4,Q03,Q04,,pending,2026-08-17,False,
QM5_10528,PRE_JUNE,mql5-vlt-compress,2026-05-22,12,4,Q02,Q04,,pending,2026-08-13,False,
QM5_10529,PRE_JUNE,mql5-rsi-stoch-ma,2026-05-22,19,4,Q03,Q04,,pending,2026-08-17,False,
QM5_1053,PRE_JUNE,vegas-tunnel-ema144-169,2026-05-16,8,4,,Q02,FAIL,done,2026-08-07,False,
QM5_10530,PRE_JUNE,mql5-evening-star,2026-05-22,164,4,Q03,Q02,PASS,done,2026-07-09,False,
QM5_10531,PRE_JUNE,mql5-engulfing,2026-05-22,14,4,Q03,Q04,,pending,2026-08-17,False,
QM5_10532,PRE_JUNE,mql5-nrtr-atr,2026-05-22,32,4,Q03,Q02,PASS,done,2026-06-17,False,
QM5_10537,PRE_JUNE,mql5-kolier-x2,2026-05-22,10,4,Q02,Q04,,pending,2026-08-17,False,
QM5_10538,PRE_JUNE,mql5-morse,2026-05-22,14,4,Q03,Q04,,pending,2026-08-17,False,
QM5_10539,PRE_JUNE,mql5-stoch-chaik,2026-05-22,36,4,Q02,Q02,PASS,done,2026-07-04,False,
QM5_1054,PRE_JUNE,bigdog-tms-tdi-hma-h4,2026-05-16,42,37,,Q02,INFRA_FAIL,done,2026-06-26,False,
QM5_10540,PRE_JUNE,mql5-boll-rev,2026-05-22,19,4,Q03,Q04,,pending,2026-08-17,False,
QM5_10541,PRE_JUNE,mql5-20prexp,2026-05-22,52,4,Q02,Q04,,pending,2026-08-17,False,
QM5_10542,PRE_JUNE,mql5-bigdog,2026-05-22,17,4,Q04,Q04,,pending,2026-08-17,False,
QM5_10543,PRE_JUNE,mql5-turbofx,2026-05-22,21,4,Q03,Q04,,pending,2026-08-17,False,
QM5_10544,PRE_JUNE,mql5-forexprof,2026-05-22,144,4,Q03,Q04,,pending,2026-08-17,False,
QM5_10545,PRE_JUNE,mql5-gazonkos,2026-05-22,149,4,Q04,Q05,FAIL,done,2026-07-16,False,
QM5_10546,PRE_JUNE,mql5-ma4060,2026-05-22,33,4,Q04,Q04,,pending,2026-08-17,False,
QM5_10547,PRE_JUNE,mql5-macdpat,2026-05-22,15,4,Q04,Q04,,pending,2026-08-17,False,
QM5_10548,PRE_JUNE,mql5-fract-mfi,2026-05-22,12,4,Q02,Q04,,pending,2026-08-17,False,
QM5_10549,PRE_JUNE,mql5-rideallig,2026-05-22,31,4,Q04,Q02,PASS,done,2026-07-08,False,
QM5_1055,PRE_JUNE,tro-mtf-heiken-ashi,2026-05-16,46,37,,Q02,FAIL,done,2026-06-21,False,
QM5_10550,PRE_JUNE,mql5-ft-billw,2026-05-22,19,4,Q02,Q04,,pending,2026-08-17,False,
QM5_10551,PRE_JUNE,mql5-macd-atr,2026-05-22,18,4,Q02,Q04,,pending,2026-08-17,False,
QM5_10552,PRE_JUNE,mql5-weightosc,2026-05-22,57,4,Q03,Q04,,pending,2026-08-17,False,
QM5_10553,PRE_JUNE,mql5-rsioma,2026-05-22,49,13,Q09,Q09,PASS,done,2026-08-28,False,
QM5_10554,PRE_JUNE,mql5-frforce,2026-05-22,192,4,Q06,Q04,,pending,2026-09-02,False,
QM5_10555,PRE_JUNE,mql5-fradx,2026-05-22,50,13,Q07,Q02,INVALID,failed,2026-08-25,False,
QM5_10556,PRE_JUNE,mql5-3rvi,2026-05-22,12,4,Q02,Q04,,pending,2026-08-17,False,
QM5_10557,PRE_JUNE,mql5-trigger,2026-05-22,33,4,Q03,Q03,PASS,done,2026-07-04,False,
QM5_10558,PRE_JUNE,mql5-mfi-slow,2026-05-22,314,14,Q07,Q07,,pending,2026-09-02,False,
QM5_10559,PRE_JUNE,mql5-wpr-slow,2026-05-22,156,4,Q04,Q02,,pending,2026-07-26,False,
QM5_1056,PRE_JUNE,moskowitz-tsmom-multiasset,2026-05-17,41,14,Q02,Q02,,pending,2026-07-31,False,
QM5_10560,PRE_JUNE,mql5-delta-wpr,2026-05-22,160,4,Q03,Q02,,pending,2026-07-26,False,
QM5_10561,PRE_JUNE,mql5-delta-mfi,2026-05-22,19,4,Q03,Q04,,pending,2026-08-17,False,
QM5_10562,PRE_JUNE,mql5-donch-sys,2026-05-22,361,4,Q03,Q04,,pending,2026-08-17,False,
QM5_10563,PRE_JUNE,mql5-vwma-candle,2026-05-22,57,4,Q03,Q04,,pending,2026-08-17,False,
QM5_10564,PRE_JUNE,mql5-fisher-sign,2026-05-22,37,4,Q03,Q02,PASS,done,2026-07-09,False,
QM5_10565,PRE_JUNE,mql5-rvidiff,2026-05-22,56,4,Q02,Q02,,pending,2026-08-30,False,
QM5_10566,PRE_JUNE,mql5-ravi-hist,2026-05-22,172,10,Q07,Q02,INVALID,failed,2026-08-25,False,
QM5_10567,PRE_JUNE,mql5-aroonhorn,2026-05-22,191,4,Q07,Q04,,pending,2026-08-17,False,
QM5_10568,PRE_JUNE,mql5-xdpo-hist,2026-05-22,55,4,Q03,Q03,PASS,done,2026-07-07,False,
QM5_10569,PRE_JUNE,mql5-supertrend,2026-05-22,417,4,Q09,Q10_NEWS,,pending,2026-09-03,False,
QM5_1057,PRE_JUNE,asness-xsmom-rank,2026-05-17,85,13,Q02,Q04,,pending,2026-08-17,False,
QM5_10570,PRE_JUNE,mql5-stepma-nrtr,2026-05-22,16,4,Q03,Q04,FAIL,done,2026-06-27,False,
QM5_10571,PRE_JUNE,mql5-pchan-stop,2026-05-22,66,4,Q06,Q07,INFRA_FAIL,failed,2026-08-31,False,
QM5_10572,PRE_JUNE,mql5-forexline,2026-05-22,18,4,Q02,Q04,FAIL,done,2026-07-09,False,
QM5_10573,PRE_JUNE,mql5-extrem-n,2026-05-22,33,4,Q03,Q04,,pending,2026-08-17,False,
QM5_10574,PRE_JUNE,mql5-bsi,2026-05-22,24,4,Q02,Q02,,pending,2026-08-30,False,
QM5_10575,PRE_JUNE,mql5-volqual,2026-05-22,189,4,Q07,Q04,,pending,2026-08-17,False,
QM5_10576,PRE_JUNE,mql5-digft01,2026-05-22,16,4,Q02,Q04,,pending,2026-08-17,False,
QM5_10577,PRE_JUNE,mql5-ma-round,2026-05-22,52,4,Q02,Q02,INVALID,failed,2026-08-23,False,
QM5_10578,PRE_JUNE,mql5-zldem,2026-05-22,8,4,,Q02,ZERO_TRADES,done,2026-08-12,False,
QM5_10579,PRE_JUNE,mql5-schaffdm,2026-05-22,63,4,Q03,Q04,,pending,2026-08-17,False,
QM5_1058,PRE_JUNE,gatev-fx-pairs-zscore,2026-05-17,63,8,Q07,Q02,INVALID,failed,2026-08-23,False,
QM5_10580,PRE_JUNE,mql5-lsma-ang,2026-05-22,52,4,Q03,Q04,FAIL,done,2026-07-21,False,
QM5_10581,PRE_JUNE,mql5-lr-slope,2026-05-22,64,4,Q03,Q03,,pending,2026-08-23,False,
QM5_10582,PRE_JUNE,mql5-ema-pred,2026-05-22,55,4,Q07,Q08,,pending,2026-09-02,False,
QM5_10583,PRE_JUNE,mql5-ema-xsig,2026-05-22,56,4,Q03,Q04,,pending,2026-08-17,False,
QM5_10584,PRE_JUNE,mql5-digvar,2026-05-22,12,4,Q06,Q07,FAIL,done,2026-08-20,False,
QM5_10585,PRE_JUNE,mql5-dinapoli,2026-05-22,17,4,Q03,Q03,PASS,done,2026-06-22,False,
QM5_10586,PRE_JUNE,mql5-cycleper,2026-05-22,140,4,Q03,Q02,PASS,done,2026-07-07,False,
QM5_10587,PRE_JUNE,mql5-modopt,2026-05-22,58,4,Q03,Q02,PASS,done,2026-07-04,False,
QM5_10588,PRE_JUNE,mql5-fpb2nb,2026-05-22,282,4,Q07,Q04,,pending,2026-08-17,False,
QM5_10589,PRE_JUNE,mql5-leading,2026-05-22,31,4,Q04,Q03,PASS,done,2026-07-25,False,
QM5_1059,PRE_JUNE,jegadeesh-stm-reversal-indices,2026-05-17,46,4,Q02,Q04,,pending,2026-08-17,False,
QM5_10590,PRE_JUNE,mql5-elderimp,2026-05-22,46,4,Q07,Q04,,pending,2026-08-17,False,
QM5_10591,PRE_JUNE,mql5-ozym,2026-05-22,61,4,Q03,Q02,,pending,2026-08-30,False,
QM5_10592,PRE_JUNE,mql5-asymstoch,2026-05-22,297,4,Q03,Q04,,pending,2026-08-17,False,
QM5_10593,PRE_JUNE,mql5-adxhull,2026-05-22,18,1,Q03,COMPILE_EA,COMPILE_OK,done,2026-08-26,False,
QM5_10594,PRE_JUNE,mql5-beginner,2026-05-22,64,4,Q03,Q04,,pending,2026-08-17,False,
QM5_10595,PRE_JUNE,mql5-stochcg,2026-05-22,42,4,Q03,Q04,,pending,2026-08-17,False,
QM5_10596,PRE_JUNE,mql5-highlow,2026-05-22,204,4,Q03,Q04,,pending,2026-08-17,False,
QM5_10597,PRE_JUNE,mql5-qqecloud,2026-05-22,14,4,,Q02,ZERO_TRADES,done,2026-08-04,False,
QM5_10598,PRE_JUNE,mql5-figseries,2026-05-22,52,4,,Q02,INVALID,failed,2026-08-23,False,
QM5_10599,PRE_JUNE,mql5-candletrend,2026-05-22,139,4,Q04,Q05,FAIL_DD_PORTFOLIO_REVIEW,done,2026-08-30,False,
QM5_1060,PRE_JUNE,george-hwang-52w-high,2026-05-17,91,11,,Q02,INVALID,failed,2026-08-17,False,
QM5_10600,PRE_JUNE,mql5-narrowrng,2026-05-22,9,4,Q02,Q02,,pending,2026-08-17,False,
QM5_10601,PRE_JUNE,mql5-trendcont,2026-05-22,34,4,Q04,Q02,INVALID,failed,2026-08-17,False,
QM5_10602,PRE_JUNE,mql5-oshma,2026-05-22,38,4,Q03,COMPILE_EA,COMPILE_OK,done,2026-08-26,False,
QM5_10603,PRE_JUNE,mql5-mafn,2026-05-22,7,4,,Q02,,pending,2026-07-26,False,
QM5_10604,PRE_JUNE,mql5-jvar,2026-05-22,40,4,Q03,Q04,,pending,2026-08-17,False,
QM5_10605,PRE_JUNE,mql5-stepxccx,2026-05-22,21,8,,Q02,ZERO_TRADES,done,2026-07-26,False,
QM5_10606,PRE_JUNE,mql5-xrvi,2026-05-22,52,8,Q02,Q03,,pending,2026-08-23,False,
QM5_10607,PRE_JUNE,mql5-coeffline,2026-05-22,34,4,Q03,Q04,FAIL,done,2026-08-07,False,
QM5_10608,PRE_JUNE,mql5-cog,2026-05-22,42,5,Q03,Q02,INVALID,failed,2026-08-17,False,
QM5_10609,PRE_JUNE,mql5-marsi,2026-05-22,42,4,Q06,Q04,,pending,2026-08-17,False,
QM5_1061,PRE_JUNE,unger-larry-williams-vola-breakout,2026-05-17,73,6,Q07,Q04,,pending,2026-09-02,False,
QM5_10610,PRE_JUNE,mql5-cmo,2026-05-22,12,4,Q03,Q04,FAIL,done,2026-08-06,False,
QM5_10611,PRE_JUNE,mql5-buysell,2026-05-22,40,4,Q04,Q02,PASS,done,2026-07-09,False,
QM5_10612,PRE_JUNE,mql5-3xma-rev,2026-05-22,25,4,,Q02,INVALID,failed,2026-08-17,False,
QM5_10613,PRE_JUNE,mql5-univ-ma,2026-05-22,32,4,Q03,Q02,INVALID,failed,2026-08-17,False,
QM5_10614,PRE_JUNE,mql5-3genxma,2026-05-22,40,4,Q03,Q04,,pending,2026-09-02,False,
QM5_10615,PRE_JUNE,mql5-pivotstop,2026-05-22,26,3,Q03,Q04,FAIL,done,2026-08-05,False,
QM5_10616,PRE_JUNE,mql5-pivotlimit,2026-05-22,33,3,Q02,Q04,,pending,2026-08-17,False,
QM5_10617,PRE_JUNE,mql5-harami-sto,2026-05-22,30,4,Q02,Q04,,pending,2026-08-17,False,
QM5_10618,PRE_JUNE,mql5-engulf-rsi,2026-05-22,14,4,Q02,Q04,FAIL,done,2026-08-05,False,
QM5_10619,PRE_JUNE,mql5-dcpl-rsi,2026-05-22,9,4,,Q02,,pending,2026-07-26,False,
QM5_1062,PRE_JUNE,unger-orb-index,2026-05-17,3,3,,Q02,INVALID,failed,2026-06-14,False,
QM5_10620,PRE_JUNE,mql5-crows-rsi,2026-05-22,15,4,Q02,Q04,,pending,2026-08-17,False,
QM5_10621,PRE_JUNE,mql5-bband-dema,2026-05-22,6,4,,Q02,FAIL,done,2026-07-14,False,
QM5_10622,PRE_JUNE,mql5-20200,2026-05-22,9,4,Q02,Q02,,pending,2026-08-13,False,
QM5_10623,PRE_JUNE,mql5-adx-di,2026-05-22,30,4,,Q02,FAIL,done,2026-08-04,False,
QM5_10624,PRE_JUNE,mql5-ma-adx,2026-05-22,9,4,Q02,Q04,,pending,2026-08-17,False,
QM5_10625,PRE_JUNE,mql5-ima,2026-05-22,29,4,Q03,Q04,,pending,2026-08-17,False,
QM5_10626,PRE_JUNE,mql5-night-sto,2026-05-22,23,3,Q02,Q04,,pending,2026-08-17,False,
QM5_10627,PRE_JUNE,tq-spy-zscore,2026-05-22,159,3,Q07,Q04,,pending,2026-09-02,False,
QM5_10628,PRE_JUNE,et-fvg-sweep-fill,2026-05-22,20,5,Q04,Q04,,pending,2026-08-17,False,
QM5_10629,PRE_JUNE,et-ob-bos-imb,2026-05-22,49,5,Q03,Q04,,pending,2026-08-17,False,
QM5_1063,PRE_JUNE,unger-bollinger-fx-meanrev,2026-05-17,17,5,Q02,Q04,FAIL,done,2026-06-26,False,
QM5_10630,PRE_JUNE,et-ob-bos-bounce,2026-05-22,23,5,Q02,Q04,,pending,2026-08-17,False,
QM5_10631,PRE_JUNE,et-ob-choch-retest,2026-05-22,37,5,Q04,Q04,FAIL,done,2026-07-07,False,
QM5_10632,PRE_JUNE,et-vsa-thrust-ndns,2026-05-22,38,5,Q04,Q05,FAIL,done,2026-07-09,False,
QM5_10633,PRE_JUNE,et-orb-5m-tqqq,2026-05-22,21,3,Q02,Q04,FAIL,done,2026-07-10,False,
QM5_10634,PRE_JUNE,et-crude-rwe,2026-05-22,33,4,Q02,Q04,,pending,2026-08-17,False,
QM5_10635,PRE_JUNE,et-consol-break,2026-05-22,27,4,,Q02,FAIL,done,2026-07-13,False,
QM5_10636,PRE_JUNE,et-open-reclaim,2026-05-22,11,4,,Q02,FAIL,done,2026-07-10,False,
QM5_10637,PRE_JUNE,et-obv-trend,2026-05-22,18,5,Q03,Q02,INFRA_FAIL,failed,2026-07-09,False,
QM5_10638,PRE_JUNE,et-rsi-bb-break,2026-05-22,8,3,,Q02,FAIL,done,2026-07-20,False,
QM5_10639,PRE_JUNE,et-macd-xover,2026-05-22,29,3,Q03,Q04,FAIL,done,2026-07-22,False,
QM5_1064,PRE_JUNE,unger-inside-day-bias-dax,2026-05-17,3,3,,Q02,INVALID,failed,2026-06-14,False,
QM5_10640,PRE_JUNE,et-rsi-trail,2026-05-22,19,3,,Q02,INVALID,failed,2026-08-17,False,
QM5_10641,PRE_JUNE,et-rsi-bb-daily,2026-05-22,23,3,Q04,Q05,FAIL,done,2026-06-28,False,
QM5_10642,PRE_JUNE,et-newhigh-scalp,2026-05-22,20,3,,Q02,FAIL,done,2026-07-10,False,
QM5_10643,PRE_JUNE,qa-cpi-mom,2026-05-22,8,3,,Q02,FAIL,done,2026-07-10,False,
QM5_10644,PRE_JUNE,qa-volz-event,2026-05-22,27,4,,Q02,FAIL,done,2026-07-13,False,
QM5_10646,PRE_JUNE,tv-qss-regime,2026-05-22,0,0,,,,,,False,
QM5_10647,PRE_JUNE,tv-crypto-st,2026-05-22,20,4,Q03,Q04,,pending,2026-08-17,False,
QM5_1065,PRE_JUNE,unger-friday-close-reversal-fx,2026-05-17,21,2,,Q02,ZERO_TRADES,done,2026-07-23,False,
QM5_10650,PRE_JUNE,tv-wyckoff-ma,2026-05-22,0,0,,,,,,False,
QM5_10651,PRE_JUNE,tv-koz-sweep,2026-05-22,31,4,Q02,Q04,FAIL,done,2026-07-13,False,
QM5_10652,PRE_JUNE,tv-ls-filter,2026-05-22,0,0,,,,,,False,
QM5_10653,PRE_JUNE,tv-lsf-fvg,2026-05-22,0,0,,,,,,False,
QM5_10654,PRE_JUNE,tv-orb-width,2026-05-22,29,4,Q04,Q05,FAIL,done,2026-07-18,False,
QM5_10655,PRE_JUNE,tv-liq-sweeper,2026-05-22,0,0,,,,,,False,
QM5_10656,PRE_JUNE,tv-ob-vol-fvg,2026-05-31,22,6,Q03,Q02,PASS,done,2026-08-03,False,
QM5_10657,PRE_JUNE,tv-fvg-retrace,2026-05-22,0,0,,,,,,False,
QM5_1066,PRE_JUNE,carver-ewmac-trend,2026-05-17,69,37,Q06,Q07,,pending,2026-08-30,False,
QM5_10660,PRE_JUNE,tv-smc-ema-fvg,2026-05-22,0,0,,,,,,False,
QM5_10661,PRE_JUNE,tv-smc-btc-ob,2026-05-22,41,4,Q03,Q04,,pending,2026-08-17,False,
QM5_10662,PRE_JUNE,tv-srfx-score,2026-05-22,0,0,,,,,,False,
QM5_10663,PRE_JUNE,tv-sweep-t3,2026-05-22,0,0,,,,,,False,
QM5_10664,PRE_JUNE,tv-ict-ny-fvg,2026-05-22,0,0,,,,,,False,
QM5_10666,PRE_JUNE,tv-ds-macd-rsi,2026-05-22,0,0,,,,,,False,
QM5_10668,PRE_JUNE,tv-vwap-orb-pb,2026-05-22,5,4,,Q02,FAIL,done,2026-07-13,False,
QM5_10669,PRE_JUNE,tv-cleighty-bos,2026-05-22,0,0,,,,,,False,
QM5_1067,PRE_JUNE,carver-carry-fx,2026-05-17,67,8,Q03,Q02,PASS,done,2026-06-25,False,
QM5_10670,PRE_JUNE,tv-ls-bos-retest,2026-05-22,27,5,Q03,Q02,INFRA_FAIL,failed,2026-07-29,False,
QM5_10671,PRE_JUNE,tv-wyck-gemini,2026-05-22,45,5,,Q02,INFRA_FAIL,failed,2026-07-29,False,
QM5_10672,PRE_JUNE,tv-orb-ny-trail,2026-05-22,275,6,Q03,Q04,,pending,2026-08-17,False,
QM5_10673,PRE_JUNE,tv-gapfill-orb,2026-05-22,0,0,,,,,,False,
QM5_10674,PRE_JUNE,tv-orb-gap-vwap,2026-05-22,0,0,,,,,,False,
QM5_10675,PRE_JUNE,tv-ls-mr-xau,2026-05-22,0,0,,,,,,False,
QM5_10676,PRE_JUNE,tv-pdh-vwap,2026-05-22,294,6,Q04,Q05,,pending,2026-09-02,False,
QM5_10677,PRE_JUNE,tv-session-sweep,2026-05-22,244,6,Q04,Q04,,pending,2026-08-17,False,
QM5_10678,PRE_JUNE,tv-tokyo-lsb,2026-05-22,33,4,Q02,Q04,FAIL,done,2026-07-17,False,
QM5_10679,PRE_JUNE,tv-fvg-rr1,2026-05-22,48,7,Q04,Q04,,pending,2026-09-02,False,
QM5_1068,PRE_JUNE,carver-breakout-range,2026-05-17,40,8,Q07,Q04,,pending,2026-08-17,False,
QM5_10680,PRE_JUNE,tv-liq-engulf,2026-05-22,11,5,Q02,Q04,FAIL,done,2026-07-18,False,
QM5_10681,PRE_JUNE,tv-sd-engulf,2026-05-22,77,5,Q03,Q04,,pending,2026-08-17,False,
QM5_10682,PRE_JUNE,tv-keltner-zones,2026-05-22,0,0,,,,,,False,
QM5_10683,PRE_JUNE,tv-sd-ob-break,2026-05-22,62,5,,Q02,FAIL,done,2026-08-08,False,
QM5_10684,PRE_JUNE,tv-ssl-hama,2026-05-22,7,5,,Q02,FAIL,done,2026-07-10,False,
QM5_10685,PRE_JUNE,tv-usdjpy-fvg,2026-05-22,13,5,,Q02,FAIL,done,2026-07-10,False,
QM5_10686,PRE_JUNE,tv-fvg-0931,2026-05-22,0,0,,,,,,False,
QM5_10687,PRE_JUNE,tv-parent-sweep,2026-05-22,65,5,Q03,Q04,,pending,2026-08-17,False,
QM5_10688,PRE_JUNE,tv-ict-sess-v3,2026-05-22,15,5,Q02,Q04,,pending,2026-08-17,False,
QM5_10689,PRE_JUNE,tv-zigzag-bos,2026-05-22,66,5,Q02,Q04,FAIL,done,2026-07-31,False,
QM5_1069,PRE_JUNE,carver-assettrend,2026-05-17,94,37,Q06,Q07,,pending,2026-08-17,False,
QM5_10690,PRE_JUNE,tv-pdh-pdl-rev,2026-05-22,15,6,Q02,Q04,,pending,2026-08-17,False,
QM5_10691,PRE_JUNE,tv-smc-pro-btc,2026-05-22,70,5,Q04,Q05,,pending,2026-09-02,False,
QM5_10692,PRE_JUNE,tv-ls-ms,2026-05-22,318,6,Q10,Q10_NEWS,,pending,2026-09-03,True,EVIDENCE_STALE
QM5_10693,PRE_JUNE,tv-smp-gma-bos,2026-05-22,242,6,Q04,Q04,,pending,2026-08-17,False,
QM5_10694,PRE_JUNE,tv-ict-silver,2026-05-22,96,8,Q02,Q04,,pending,2026-08-17,False,
QM5_10697,PRE_JUNE,tv-sess-ls-ema,2026-05-22,48,6,Q03,Q04,FAIL,done,2026-07-22,False,
QM5_10698,PRE_JUNE,tv-liq-retest,2026-05-22,19,6,Q02,Q04,FAIL,done,2026-07-17,False,
QM5_10699,PRE_JUNE,tv-cisd-hma,2026-05-22,8,5,,Q02,FAIL,done,2026-07-13,False,
QM5_1070,PRE_JUNE,carver-relative-carry,2026-05-17,71,9,Q03,Q02,FAIL,done,2026-07-19,False,
QM5_10700,PRE_JUNE,tv-liq-break,2026-05-22,162,6,Q09,COMPILE_EA,COMPILE_OK,done,2026-09-03,False,Q12_REVIEW_READY
QM5_10701,PRE_JUNE,tv-or-ny-rr,2026-05-22,19,5,Q04,Q04,,pending,2026-08-17,False,
QM5_10702,PRE_JUNE,tv-range-pivot,2026-05-22,200,6,Q04,Q04,,pending,2026-09-02,False,
QM5_10703,PRE_JUNE,tv-neura-orb,2026-05-22,16,5,Q03,Q02,INFRA_FAIL,failed,2026-07-29,False,
QM5_10704,PRE_JUNE,tv-bos-retest,2026-05-22,149,6,Q04,Q04,,pending,2026-08-17,False,
QM5_10705,PRE_JUNE,tv-liq-trap,2026-05-22,39,8,Q03,Q04,,pending,2026-08-17,False,
QM5_10706,PRE_JUNE,tv-mon-ls,2026-05-22,115,6,Q14,Q10_NEWS,,pending,2026-09-03,True,Q12_REVIEW_READY
QM5_10707,PRE_JUNE,tv-asian-reclaim,2026-05-22,11,5,Q02,Q04,,pending,2026-08-17,False,
QM5_10708,PRE_JUNE,tv-crypto-ils,2026-05-22,41,5,Q02,Q02,INVALID,failed,2026-08-17,False,
QM5_10709,PRE_JUNE,tv-orb-multitp,2026-05-22,11,5,Q03,Q04,,pending,2026-08-17,False,
QM5_1071,PRE_JUNE,as-gtaa5-sma,2026-05-18,42,5,,Q02,INFRA_FAIL,failed,2026-07-29,False,
QM5_10710,PRE_JUNE,tv-asian-retbrk,2026-05-22,64,5,Q03,Q02,INVALID,failed,2026-08-23,False,
QM5_10711,PRE_JUNE,tv-mktopen-imp,2026-05-22,63,5,Q02,Q02,INFRA_FAIL,failed,2026-06-22,False,
QM5_10712,PRE_JUNE,tv-ict-retest,2026-05-22,74,5,Q03,Q04,,pending,2026-08-17,False,
QM5_10713,PRE_JUNE,tv-ultsmc-ema,2026-05-22,15,5,Q03,Q04,FAIL,done,2026-08-03,False,
QM5_10714,PRE_JUNE,tv-inside-day,2026-05-22,20,6,Q06,Q07,FAIL,done,2026-08-21,False,
QM5_10715,PRE_JUNE,tv-asian-box,2026-05-22,29,6,Q08,Q04,,pending,2026-09-02,False,EVIDENCE_STALE
QM5_10716,PRE_JUNE,tv-wyckoff-2brk,2026-05-22,29,5,Q03,Q04,,pending,2026-08-17,False,
QM5_10717,PRE_JUNE,edgelab-xsec-fx-momentum,2026-05-22,105,29,,Q02,,pending,2026-09-02,True,
QM5_10718,PRE_JUNE,edgelab-regime-filtered-carry,2026-05-22,378,29,Q02,Q02,SUPERSEDED_BY_LOGICAL_BASKET,done,2026-09-02,True,
QM5_10719,PRE_JUNE,tv-gap-or,2026-05-22,41,4,,Q02,FAIL,done,2026-07-10,False,
QM5_1072,PRE_JUNE,as-gem-dualmom,2026-05-18,37,4,,Q02,FAIL,done,2026-07-22,False,
QM5_10720,PRE_JUNE,tv-htf-fvg,2026-05-22,23,5,Q03,Q04,,pending,2026-08-17,False,
QM5_10721,PRE_JUNE,tv-wyck-range,2026-05-22,15,5,Q03,Q04,,pending,2026-08-17,False,
QM5_10722,PRE_JUNE,tv-smc-btc,2026-05-22,12,4,,Q02,INFRA_FAIL,failed,2026-07-29,False,
QM5_10723,PRE_JUNE,tv-tns-fvg,2026-05-22,19,4,,Q02,FAIL,done,2026-06-20,False,
QM5_10724,PRE_JUNE,tv-orb-burdiga,2026-05-22,49,6,Q03,Q03,INFRA_FAIL,failed,2026-07-29,False,
QM5_10725,PRE_JUNE,tv-nifty-orb,2026-05-22,16,5,,Q02,FAIL,done,2026-06-21,False,
QM5_10726,PRE_JUNE,tv-frac-react,2026-05-22,18,5,Q02,Q04,,pending,2026-08-17,False,
QM5_10727,PRE_JUNE,tv-dy-vol-push,2026-05-22,11,5,Q03,Q03,PASS,done,2026-07-14,False,
QM5_10728,PRE_JUNE,tv-smc-liqgrab,2026-05-22,51,5,,Q02,,pending,2026-07-26,False,
QM5_10729,PRE_JUNE,tv-smc-mss-fvg,2026-05-22,10,4,,Q02,FAIL,done,2026-07-13,False,
QM5_1073,PRE_JUNE,as-vaa-breadth,2026-05-18,49,5,,Q02,FAIL,done,2026-08-07,False,
QM5_10730,PRE_JUNE,tv-orb-sessions,2026-05-22,26,4,Q02,Q04,,pending,2026-08-17,False,
QM5_10731,PRE_JUNE,tv-liq-engulf-sr,2026-05-22,12,4,Q02,Q04,FAIL,done,2026-07-19,False,
QM5_10732,PRE_JUNE,tv-bdns-orb,2026-05-22,31,3,,Q02,FAIL,done,2026-07-10,False,
QM5_10733,PRE_JUNE,tv-xiznit-orb,2026-05-22,11,3,,Q02,FAIL,done,2026-07-10,False,
QM5_10734,PRE_JUNE,tv-tasc-week,2026-05-22,25,3,Q03,Q04,FAIL,done,2026-07-05,False,
QM5_10735,PRE_JUNE,tv-hilo-atr,2026-05-22,31,4,Q02,Q04,,pending,2026-08-17,False,
QM5_10736,PRE_JUNE,tv-ema-wma-2tp,2026-05-22,30,4,Q02,Q04,,pending,2026-08-17,False,
QM5_10737,PRE_JUNE,tv-utc-candle,2026-05-22,12,4,Q02,Q04,,pending,2026-08-17,False,
QM5_10738,PRE_JUNE,tv-yd-range,2026-05-22,16,4,Q03,Q04,,pending,2026-08-17,False,
QM5_1074,PRE_JUNE,as-daa-canary,2026-05-18,26,3,,Q02,INFRA_FAIL,failed,2026-07-29,False,
QM5_10743,PRE_JUNE,tv-nq-orb,2026-05-22,33,4,Q03,Q04,,pending,2026-09-02,False,
QM5_10744,PRE_JUNE,tv-ict-ote,2026-05-22,12,4,Q02,Q04,,pending,2026-08-17,False,
QM5_10745,PRE_JUNE,tv-voltrap-fvg,2026-05-22,25,4,,Q02,FAIL,done,2026-07-13,False,
QM5_10746,PRE_JUNE,tv-smart-pivot,2026-05-22,16,4,Q04,Q05,FAIL,done,2026-07-19,False,
QM5_10747,PRE_JUNE,tv-vwap-ema-pb,2026-05-22,35,4,Q03,Q04,,pending,2026-08-17,False,
QM5_10748,PRE_JUNE,tv-qc-orb,2026-05-22,45,6,Q04,Q02,INFRA_FAIL,failed,2026-07-29,False,
QM5_10749,PRE_JUNE,tv-orb-atlas,2026-05-22,27,7,Q04,Q04,,pending,2026-08-17,False,
QM5_1075,PRE_JUNE,as-accel-dualmom,2026-05-18,24,4,,Q02,FAIL,done,2026-06-25,False,
QM5_10750,PRE_JUNE,tv-rev-brk-orb,2026-05-22,57,6,Q03,Q04,FAIL,done,2026-08-22,False,
QM5_10751,PRE_JUNE,tv-orb-ext-sl,2026-05-22,0,0,,,,,,False,
QM5_10752,PRE_JUNE,tv-nq-vwap-orb,2026-05-22,51,6,Q02,Q04,,pending,2026-08-17,False,
QM5_10753,PRE_JUNE,tv-three-musk,2026-05-22,12,5,Q02,Q04,,pending,2026-08-17,False,
QM5_10754,PRE_JUNE,tv-sma-5-9,2026-05-22,10,6,Q02,Q04,FAIL,done,2026-07-13,False,
QM5_10755,PRE_JUNE,tv-sweep-rider,2026-05-22,33,5,,Q02,FAIL,done,2026-07-13,False,
QM5_10756,PRE_JUNE,tv-range-bias,2026-05-22,50,6,Q03,Q04,,pending,2026-08-17,False,
QM5_10757,PRE_JUNE,tv-sess-brk-scalp,2026-05-22,15,4,Q03,Q04,,pending,2026-08-17,False,
QM5_10758,PRE_JUNE,tv-smc-ob,2026-05-22,34,7,Q02,Q04,FAIL,done,2026-08-17,False,
QM5_10759,PRE_JUNE,tv-scp-score,2026-05-22,63,8,Q03,Q04,,pending,2026-08-17,False,
QM5_1076,PRE_JUNE,as-high-switch,2026-05-18,44,6,,Q02,INVALID,failed,2026-08-17,False,
QM5_10760,PRE_JUNE,tv-iu-orb,2026-05-22,28,8,Q02,Q04,FAIL,done,2026-08-03,False,
QM5_10761,PRE_JUNE,tv-vortex,2026-05-22,54,7,Q02,Q04,,pending,2026-08-13,False,
QM5_10762,PRE_JUNE,tv-trend-brk,2026-05-22,25,7,Q03,Q04,,pending,2026-08-17,False,
QM5_10769,PRE_JUNE,tv-axis-rev,2026-05-22,19,7,Q03,Q04,,pending,2026-08-17,False,
QM5_1077,PRE_JUNE,as-sector-rs,2026-05-18,35,7,Q06,Q04,,pending,2026-08-17,False,
QM5_10770,PRE_JUNE,tv-bigdaddy-orb,2026-05-22,14,7,Q02,Q02,FAIL,done,2026-07-14,False,
QM5_10771,PRE_JUNE,tv-trail-hunter,2026-05-22,61,7,Q07,Q08,,pending,2026-09-02,False,
QM5_10772,PRE_JUNE,tv-ny-vwap-ret,2026-05-22,92,7,Q02,Q02,FAIL,done,2026-08-02,False,
QM5_10773,PRE_JUNE,tv-harami-bb,2026-05-22,172,7,Q03,Q04,,pending,2026-09-02,False,
QM5_10774,PRE_JUNE,tv-liq-day,2026-05-22,44,7,Q04,Q05,FAIL,done,2026-07-15,False,
QM5_10775,PRE_JUNE,tv-liq-ims,2026-05-22,41,6,,Q02,FAIL,done,2026-07-13,False,
QM5_10776,PRE_JUNE,tv-rsi-macd-ema,2026-05-22,10,6,Q02,Q04,FAIL,done,2026-07-10,False,
QM5_10777,PRE_JUNE,tv-rsi-bb-mr,2026-05-22,50,6,Q03,Q02,PASS,done,2026-07-07,False,
QM5_10778,PRE_JUNE,tv-atr-t3,2026-05-22,48,6,Q04,Q05,,pending,2026-09-02,False,
QM5_10779,PRE_JUNE,tv-orb-fvg,2026-05-22,16,7,,Q02,FAIL,done,2026-07-10,False,
QM5_1078,PRE_JUNE,as-trinity-lite,2026-05-18,73,6,,Q02,FAIL,done,2026-07-31,False,
QM5_10780,PRE_JUNE,tv-ny-orb-dyn,2026-05-22,20,7,Q02,Q04,,pending,2026-08-17,False,
QM5_10781,PRE_JUNE,tv-orb-100ema,2026-05-22,33,7,Q04,Q02,PASS,done,2026-08-02,False,
QM5_10782,PRE_JUNE,tv-smc-btc-r3,2026-05-22,78,6,,Q02,INVALID,failed,2026-08-23,False,
QM5_10783,PRE_JUNE,tv-bos-forex,2026-05-22,0,0,,,,,,False,
QM5_10784,PRE_JUNE,tv-orbo-basic,2026-05-22,71,7,Q04,Q04,,pending,2026-08-17,False,
QM5_10785,PRE_JUNE,tv-momo-200,2026-05-22,59,7,Q03,Q04,,pending,2026-09-02,False,
QM5_10786,PRE_JUNE,tv-daily-bias,2026-05-22,18,7,Q03,Q02,INFRA_FAIL,failed,2026-06-22,False,
QM5_10787,PRE_JUNE,tv-ema-rsi-adx,2026-05-22,27,7,Q02,Q02,PASS,done,2026-08-02,False,
QM5_10788,PRE_JUNE,tv-triple-ema-vol,2026-05-22,51,7,Q07,Q04,,pending,2026-08-17,False,
QM5_10789,PRE_JUNE,tv-band-zigzag,2026-05-22,52,7,Q03,Q04,FAIL,done,2026-07-01,False,
QM5_1079,PRE_JUNE,as-ivy-taa,2026-05-18,78,6,,Q02,,pending,2026-08-12,False,
QM5_10790,PRE_JUNE,tv-bb-trend,2026-05-22,51,7,Q04,Q04,FAIL,done,2026-08-10,False,
QM5_10791,PRE_JUNE,tv-stc-tt,2026-05-22,19,8,Q02,Q04,,pending,2026-08-17,False,
QM5_10792,PRE_JUNE,tv-cipher-div,2026-05-22,179,7,Q03,Q04,,pending,2026-08-17,False,
QM5_10793,PRE_JUNE,tv-macd-mfi,2026-05-22,0,0,,,,,,False,
QM5_10794,PRE_JUNE,tv-atr-st,2026-05-22,93,7,Q05,Q02,INVALID,failed,2026-08-23,False,
QM5_10795,PRE_JUNE,tv-atr-rip,2026-05-22,92,7,,Q02,INVALID,failed,2026-08-23,False,
QM5_10796,PRE_JUNE,tv-sma-atr,2026-05-22,92,7,Q06,Q07,,pending,2026-08-30,False,
QM5_10797,PRE_JUNE,tv-rsi-ma,2026-05-22,0,0,,,,,,False,
QM5_10798,PRE_JUNE,tv-ema9-full,2026-05-22,0,0,,,,,,False,
QM5_10799,PRE_JUNE,tv-mtf-pullback,2026-05-22,33,7,Q04,Q05,FAIL_DD_PORTFOLIO_REVIEW,done,2026-08-11,False,
QM5_1080,PRE_JUNE,as-sell-may,2026-05-16,8,8,,Q02,RETIRED_LOW_FREQ,done,2026-05-25,False,
QM5_10800,PRE_JUNE,tv-ema-vwap,2026-05-22,15,7,Q02,Q04,,pending,2026-08-17,False,
QM5_10801,PRE_JUNE,tv-dbl-ema-rsi,2026-05-22,20,7,Q02,Q04,,pending,2026-08-17,False,
QM5_10802,PRE_JUNE,tv-wma-vwap,2026-05-22,18,7,Q02,Q04,FAIL,done,2026-07-18,False,
QM5_10803,PRE_JUNE,tv-3x-super,2026-05-22,71,7,,Q02,,pending,2026-08-17,False,
QM5_10804,PRE_JUNE,tv-st-long,2026-05-22,39,7,Q07,Q04,,pending,2026-08-17,False,
QM5_10805,PRE_JUNE,tv-bb-stormer,2026-05-22,80,7,Q04,Q04,,pending,2026-09-02,False,
QM5_10806,PRE_JUNE,tv-ha-st-adx,2026-05-22,70,7,Q07,Q04,,pending,2026-08-17,False,
QM5_10807,PRE_JUNE,tv-mtf-st-zone,2026-05-22,53,7,Q02,Q04,,pending,2026-08-17,False,
QM5_10808,PRE_JUNE,tv-tqqq-ema,2026-05-22,63,6,Q07,Q04,,pending,2026-08-17,False,
QM5_10809,PRE_JUNE,tv-dual-st-adx,2026-05-22,137,7,Q03,Q04,,pending,2026-08-17,False,
QM5_1081,PRE_JUNE,chan-lo-1d-reversal,2026-05-17,37,14,,Q02,INFRA_FAIL,failed,2026-07-29,False,
QM5_10810,PRE_JUNE,tv-bb80-daily,2026-05-22,51,7,Q03,Q04,,pending,2026-08-17,False,
QM5_10811,PRE_JUNE,tv-inakis-bb,2026-05-22,43,7,Q04,Q04,,pending,2026-08-17,False,
QM5_10812,PRE_JUNE,tv-bb-atrtrail,2026-05-22,0,0,,,,,,False,
QM5_10813,PRE_JUNE,tv-gm8-adx,2026-05-22,24,7,Q04,Q04,,pending,2026-08-17,False,
QM5_10814,PRE_JUNE,tv-tetrad-bb,2026-05-22,83,7,Q05,Q04,,pending,2026-08-17,False,
QM5_10815,PRE_JUNE,tv-post-vwap,2026-05-22,64,7,Q09,Q10_NEWS,,pending,2026-08-31,False,Q12_REVIEW_READY
QM5_10816,PRE_JUNE,tv-kalman-tl,2026-05-22,33,7,Q03,Q02,PASS,done,2026-08-03,False,
QM5_10817,PRE_JUNE,tv-trend-flow,2026-05-22,81,7,Q06,Q04,,pending,2026-08-17,False,
QM5_10818,PRE_JUNE,tv-gemini-ema,2026-05-22,79,7,Q02,Q04,,pending,2026-08-17,False,
QM5_10819,PRE_JUNE,tv-dema-vwap,2026-05-22,0,0,,,,,,False,
QM5_1082,PRE_JUNE,chan-intraday-reversal,2026-05-17,8,8,,Q02,FAIL,done,2026-06-18,False,
QM5_10820,PRE_JUNE,tv-real-strength,2026-05-22,28,7,Q02,Q04,FAIL,done,2026-08-22,False,
QM5_10821,PRE_JUNE,tv-wpr-zone,2026-05-22,14,7,Q02,Q04,FAIL,done,2026-08-06,False,
QM5_10822,PRE_JUNE,tv-vwap-brt,2026-05-22,0,0,,,,,,False,
QM5_10823,PRE_JUNE,tv-st-atr-trail,2026-05-22,68,7,Q07,Q02,PASS,done,2026-08-03,False,
QM5_10824,PRE_JUNE,tv-ny3h-sweep,2026-05-22,17,5,Q03,Q02,INFRA_FAIL,failed,2026-07-29,False,
QM5_10825,PRE_JUNE,tv-macd-mtf,2026-05-22,81,7,Q04,Q04,,pending,2026-08-17,False,
QM5_10826,PRE_JUNE,tv-rr-master,2026-05-22,24,7,Q04,Q05,,pending,2026-09-02,False,
QM5_10827,PRE_JUNE,tv-vol-exp,2026-05-22,0,0,,,,,,False,
QM5_10828,PRE_JUNE,tv-prison-esc,2026-05-22,15,4,Q07,Q03,PASS,done,2026-08-01,False,
QM5_10829,PRE_JUNE,tv-macd200-sr,2026-05-22,12,5,,Q02,FAIL,done,2026-08-03,False,
QM5_1083,PRE_JUNE,chan-gld-gdx-z2,2026-05-18,36,3,,Q02,ZERO_TRADES,done,2026-07-31,False,
QM5_10830,PRE_JUNE,tv-ts461-sweep,2026-05-22,0,0,,,,,,False,
QM5_10831,PRE_JUNE,tv-ref-st-tsl,2026-05-22,0,0,,,,,,False,
QM5_10833,PRE_JUNE,tv-autobot12,2026-05-22,11,5,Q02,COMPILE_EA,COMPILE_FAIL,failed,2026-08-26,False,
QM5_10834,PRE_JUNE,tv-nq-ict-ob,2026-05-22,5,5,,Q02,ZERO_TRADES,done,2026-07-24,False,
QM5_10835,PRE_JUNE,tv-st-long-filter,2026-05-22,54,5,,Q02,FAIL,done,2026-08-04,False,
QM5_10836,PRE_JUNE,tv-gann-phase,2026-05-22,37,5,Q02,Q04,,pending,2026-08-17,False,
QM5_10837,PRE_JUNE,tv-zscore-mr,2026-05-22,16,5,Q03,Q04,,pending,2026-08-17,False,
QM5_10838,PRE_JUNE,tv-m15-eurusd,2026-05-22,34,5,,Q02,FAIL,done,2026-07-13,False,
QM5_10839,PRE_JUNE,tv-momo-slope,2026-05-22,15,5,Q02,Q04,,pending,2026-09-02,False,
QM5_1084,PRE_JUNE,chan-xle-basket-z2,2026-05-17,369,4,Q03,Q02,FAIL,done,2026-07-21,False,
QM5_10840,PRE_JUNE,tv-prison-orb,2026-05-22,8,5,,Q02,FAIL,done,2026-07-10,False,
QM5_10841,PRE_JUNE,tv-930-body,2026-05-22,24,5,Q03,Q04,FAIL,done,2026-08-09,False,
QM5_10842,PRE_JUNE,tv-kalki-sweep,2026-05-22,27,8,Q02,Q04,,pending,2026-08-17,False,
QM5_10843,PRE_JUNE,tv-fracture-th,2026-05-22,0,0,,,,,,False,
QM5_10844,PRE_JUNE,tv-trend-pb-rsi,2026-05-22,0,0,,,,,,False,
QM5_10845,PRE_JUNE,tv-ls-short-3r,2026-05-22,64,5,Q06,Q02,INFRA_FAIL,failed,2026-07-29,False,
QM5_10847,PRE_JUNE,tv-inside-gem,2026-05-22,61,5,Q08,Q10_NEWS,RETIRE,done,2026-08-30,False,
QM5_10848,PRE_JUNE,tv-mtf-ambush,2026-05-22,45,5,Q09,Q05,,pending,2026-09-02,True,
QM5_10849,PRE_JUNE,tv-smema-sovereign,2026-05-22,12,5,,Q02,INFRA_FAIL,failed,2026-07-29,False,
QM5_1085,PRE_JUNE,chan-plat-gold-seasonal,2026-05-18,2,2,,Q02,RETIRED_LOW_FREQ,done,2026-06-10,False,
QM5_10850,PRE_JUNE,tv-bbmr-long,2026-05-22,66,5,,COMPILE_EA,COMPILE_FAIL,failed,2026-09-01,False,
QM5_10851,PRE_JUNE,tv-pb-wt,2026-05-22,74,5,Q03,Q04,FAIL,done,2026-09-02,False,
QM5_10852,PRE_JUNE,tv-brosio-8range,2026-05-22,11,5,Q03,Q03,PASS,done,2026-07-31,False,
QM5_10853,PRE_JUNE,tv-trendpulse-obv,2026-05-22,25,5,Q03,Q04,,pending,2026-08-17,False,
QM5_10854,PRE_JUNE,tv-liq-entry,2026-05-22,33,5,Q04,Q04,,pending,2026-08-17,False,
QM5_10855,PRE_JUNE,tv-inside2-bo,2026-05-22,18,5,Q02,Q04,,pending,2026-08-17,False,
QM5_10856,PRE_JUNE,tv-xiznit-er,2026-05-22,7,5,,Q02,FAIL,done,2026-07-13,False,
QM5_10857,PRE_JUNE,tv-qing-lrc,2026-05-22,13,5,Q04,Q04,,pending,2026-08-17,False,
QM5_10858,PRE_JUNE,tv-qing-sqz,2026-05-22,28,5,Q04,Q02,INFRA_FAIL,failed,2026-07-29,False,
QM5_10859,PRE_JUNE,tv-ema-rslaik,2026-05-22,12,5,,Q02,FAIL,done,2026-08-03,False,
QM5_1086,PRE_JUNE,aa-dpm-tmom-ma,2026-05-17,189,20,Q03,Q04,,pending,2026-08-17,False,
QM5_10860,PRE_JUNE,tv-htf-candle,2026-05-22,63,5,Q03,Q04,,pending,2026-08-17,False,
QM5_10861,PRE_JUNE,tv-fli-stc,2026-05-22,0,0,,,,,,False,
QM5_10862,PRE_JUNE,tv-mtf-trend-bo,2026-05-22,0,0,,,,,,False,
QM5_10863,PRE_JUNE,tv-fade-crowd,2026-05-22,14,5,Q02,Q02,INFRA_FAIL,failed,2026-07-29,False,
QM5_10866,PRE_JUNE,tv-smc-fractal,2026-05-22,15,5,Q02,Q04,,pending,2026-08-17,False,
QM5_10867,PRE_JUNE,tv-xau-smc-0618,2026-05-22,78,5,Q04,Q02,INFRA_FAIL,failed,2026-07-29,False,
QM5_10868,PRE_JUNE,tv-atr-vol-rev,2026-05-22,26,5,Q03,Q04,,pending,2026-08-17,False,
QM5_10869,PRE_JUNE,tv-trinity-flow,2026-05-22,20,5,Q03,Q04,,pending,2026-08-17,False,
QM5_1087,PRE_JUNE,aa-spx-20-252-ma,2026-05-17,23,13,Q02,Q02,FAIL,done,2026-06-18,False,
QM5_10870,PRE_JUNE,tv-mnq-orb-vol,2026-05-22,0,0,,,,,,False,
QM5_10871,PRE_JUNE,sysls-ct-mom,2026-05-22,38,5,Q03,Q04,,pending,2026-08-17,False,
QM5_10872,PRE_JUNE,sysls-msci-drift,2026-05-22,29,4,,Q02,INVALID,failed,2026-08-17,False,
QM5_10873,PRE_JUNE,sysls-msci-rev,2026-05-22,0,0,,,,,,False,
QM5_10874,PRE_JUNE,sysls-d1-rev,2026-05-22,13,5,Q02,Q04,FAIL,done,2026-07-27,False,
QM5_10875,PRE_JUNE,nt-200sma-rebal,2026-05-22,0,0,,,,,,False,
QM5_10876,PRE_JUNE,nt-mag7-mixed,2026-05-22,22,3,Q03,Q04,FAIL,done,2026-06-21,False,
QM5_10877,PRE_JUNE,nt-mag7-equal,2026-05-22,26,3,,Q02,FAIL,done,2026-08-07,False,
QM5_10878,PRE_JUNE,nt-claude-mr,2026-05-22,0,0,,,,,,False,
QM5_10879,PRE_JUNE,nt-quasar-mr,2026-05-22,0,0,,,,,,False,
QM5_1088,PRE_JUNE,aa-faa-ravc,2026-05-17,25,15,,Q02,FAIL,done,2026-08-07,False,
QM5_10881,PRE_JUNE,nt-aw-mom,2026-05-22,0,0,,,,,,False,
QM5_10882,PRE_JUNE,nt-bear-rsi,2026-05-22,39,3,,Q02,INVALID,failed,2026-08-23,False,
QM5_10884,PRE_JUNE,risk-carry-3x3,2026-05-22,12,7,,Q02,ZERO_TRADES,done,2026-08-06,False,
QM5_10885,PRE_JUNE,risk-carry-vol,2026-05-22,49,7,Q02,Q02,FAIL,done,2026-07-07,False,
QM5_10886,PRE_JUNE,risk-comm-rot,2026-05-22,12,4,Q03,Q02,,pending,2026-07-26,False,
QM5_10888,PRE_JUNE,risk-tom-index,2026-05-22,17,4,Q03,Q04,,pending,2026-08-17,False,
QM5_1089,PRE_JUNE,aa-raa-robust-pairs,2026-05-17,100,16,Q03,Q04,,pending,2026-08-17,False,
QM5_10895,PRE_JUNE,brown-bb-break,2026-05-22,28,4,Q02,Q04,FAIL,done,2026-06-21,False,
QM5_10896,PRE_JUNE,brown-ema-trend,2026-05-22,11,3,Q02,Q04,FAIL,done,2026-07-17,False,
QM5_10897,PRE_JUNE,brown-micro-ema,2026-05-22,16,2,Q02,Q04,,pending,2026-08-17,False,
QM5_10898,PRE_JUNE,muranno-bb-adx,2026-05-22,29,4,Q02,Q04,,pending,2026-08-17,False,
QM5_10899,PRE_JUNE,muranno-mfi-hma,2026-05-22,26,4,,Q02,FAIL,done,2026-07-10,False,
QM5_1090,PRE_JUNE,aa-dualmom-pairs,2026-05-17,252,8,Q03,Q04,FAIL,done,2026-06-28,False,
QM5_10900,PRE_JUNE,carter-sma-stoch,2026-05-22,6,1,,Q02,FAIL,done,2026-06-21,False,
QM5_10901,PRE_JUNE,carter-sma-x,2026-05-22,7,1,,Q02,FAIL,done,2026-06-23,False,
QM5_10902,PRE_JUNE,carter-ema-macd,2026-05-22,6,1,,Q02,FAIL,done,2026-06-21,False,
QM5_10903,PRE_JUNE,carter-ha-osma,2026-05-22,15,2,Q02,Q04,,pending,2026-08-17,False,
QM5_10904,PRE_JUNE,carter-wpr-smma,2026-05-22,15,2,Q03,Q04,FAIL,done,2026-08-01,False,
QM5_10905,PRE_JUNE,carter-sma3-ema50,2026-05-22,6,1,,Q02,FAIL,done,2026-06-21,False,
QM5_10906,PRE_JUNE,carter-ema6-23,2026-05-22,6,1,,Q02,FAIL,done,2026-06-21,False,
QM5_10907,PRE_JUNE,carter-ema60-pb,2026-05-22,26,2,Q02,Q02,,pending,2026-08-25,False,
QM5_10908,PRE_JUNE,carter-ema-stack-rsi,2026-05-22,8,1,Q02,Q04,,pending,2026-08-17,False,
QM5_10909,PRE_JUNE,carter-bb-ema-rsi,2026-05-22,13,2,,Q02,ZERO_TRADES,done,2026-07-26,False,
QM5_1091,PRE_JUNE,qp-fx-carry-rates,2026-05-17,67,7,Q02,Q02,ZERO_TRADES,done,2026-07-23,False,
QM5_10910,PRE_JUNE,grimes-pullback,2026-05-22,13,5,,Q02,FAIL,done,2026-08-09,False,
QM5_10911,PRE_JUNE,grimes-complex-pb,2026-05-22,75,4,Q11,Q09_NEWS,,pending,2026-09-02,True,Q12_REVIEW_READY
QM5_10912,PRE_JUNE,grimes-failtest,2026-05-31,66,5,Q02,Q04,,pending,2026-08-17,False,
QM5_10913,PRE_JUNE,grimes-snap-pb,2026-05-22,16,4,Q02,Q04,,pending,2026-08-17,False,
QM5_10914,PRE_JUNE,grimes-vol-comp,2026-05-22,12,4,,Q02,INFRA_FAIL,failed,2026-07-29,False,
QM5_10915,PRE_JUNE,grimes-range-brk,2026-05-22,6,4,,Q02,FAIL,done,2026-07-10,False,
QM5_10916,PRE_JUNE,grimes-impulse,2026-05-22,76,4,Q09,Q09,PASS,done,2026-09-02,False,
QM5_10917,PRE_JUNE,grimes-freebar,2026-05-22,36,5,,Q02,INFRA_FAIL,failed,2026-07-29,False,
QM5_10918,PRE_JUNE,grimes-slide,2026-05-22,53,4,Q03,Q03,PASS,done,2026-06-19,False,
QM5_10919,PRE_JUNE,grimes-overshoot,2026-05-22,73,4,Q10,Q09_NEWS,,pending,2026-09-02,False,RETIRED
QM5_1092,PRE_JUNE,qp-fx-value-ppp,2026-05-18,9,7,,Q02,,pending,2026-08-30,False,
QM5_10920,PRE_JUNE,grimes-ib-break,2026-05-22,60,4,Q09,Q09,PASS,done,2026-08-27,False,
QM5_10921,PRE_JUNE,grimes-bearflag,2026-05-22,16,5,Q03,Q02,INFRA_FAIL,failed,2026-07-09,False,
QM5_10922,PRE_JUNE,grimes-kc-fade,2026-05-22,37,4,Q04,Q02,PASS,done,2026-08-01,False,
QM5_10923,PRE_JUNE,grimes-donchian,2026-05-22,44,5,Q03,Q04,,pending,2026-08-17,False,
QM5_10924,PRE_JUNE,grimes-mac-spike,2026-05-22,26,4,Q03,Q02,,pending,2026-07-26,False,
QM5_10925,PRE_JUNE,grimes-polarity,2026-05-22,18,5,Q04,Q04,,pending,2026-08-17,False,
QM5_10926,PRE_JUNE,grimes-powerpull,2026-05-22,33,5,Q04,Q04,,pending,2026-09-02,False,
QM5_10927,PRE_JUNE,grimes-powerpush,2026-05-22,14,5,,Q02,FAIL,done,2026-07-13,False,
QM5_10928,PRE_JUNE,grimes-yoyo-break,2026-05-22,20,5,Q05,Q04,,pending,2026-08-17,False,
QM5_10929,PRE_JUNE,grimes-clearair,2026-05-22,19,5,Q03,Q04,,pending,2026-08-17,False,
QM5_1093,PRE_JUNE,qp-preholiday-sp500,2026-05-18,4,1,Q03,Q04,,pending,2026-08-17,False,
QM5_10930,PRE_JUNE,grimes-nr7-orb,2026-05-22,7,4,,Q02,FAIL,done,2026-07-23,False,
QM5_10931,PRE_JUNE,grimes-band-snap,2026-05-22,33,5,,Q02,FAIL,done,2026-07-31,False,
QM5_10932,PRE_JUNE,grimes-volshock,2026-05-22,46,5,Q03,Q04,,pending,2026-09-02,False,
QM5_10933,PRE_JUNE,grimes-cup-hndl,2026-05-22,17,5,Q03,Q04,,pending,2026-08-17,False,
QM5_10934,PRE_JUNE,grimes-pong,2026-05-22,8,5,,Q02,FAIL,done,2026-07-10,False,
QM5_10935,PRE_JUNE,grimes-news-rev,2026-05-22,6,4,,Q02,FAIL,done,2026-07-10,False,
QM5_10936,PRE_JUNE,grimes-accum-close,2026-05-22,8,4,,Q02,FAIL,done,2026-07-26,False,
QM5_10937,PRE_JUNE,grimes-mtf-crack,2026-05-22,32,5,,Q02,INVALID,failed,2026-08-17,False,
QM5_10938,PRE_JUNE,grimes-accept-high,2026-05-22,56,5,Q10,Q09,PASS,done,2026-08-28,True,
QM5_10939,PRE_JUNE,grimes-context-pb,2026-05-22,50,5,Q10,Q09_NEWS,,pending,2026-09-02,True,Q12_REVIEW_READY
QM5_1094,PRE_JUNE,qp-fomc-sp500,2026-05-18,28,3,,Q02,FAIL,done,2026-08-01,False,
QM5_10940,PRE_JUNE,grimes-nested-pb,2026-05-22,30,5,Q09,Q09,FAIL,done,2026-08-27,False,Q12_REVIEW_READY
QM5_10941,PRE_JUNE,grimes-keltner-pb,2026-05-22,35,5,Q03,Q02,FAIL,done,2026-07-08,False,
QM5_10942,PRE_JUNE,grimes-run-fade,2026-05-22,20,5,Q03,Q03,PASS,done,2026-06-23,False,
QM5_10943,PRE_JUNE,grimes-trendday,2026-05-22,24,4,Q08,Q09,FAIL,done,2026-08-26,False,
QM5_10944,PRE_JUNE,grimes-time-trend,2026-05-22,16,4,Q03,Q04,,pending,2026-08-17,False,
QM5_10945,PRE_JUNE,zuck-event-rebound,2026-05-22,33,5,,Q02,FAIL,done,2026-07-10,False,
QM5_10946,PRE_JUNE,zuck-weekend-cont,2026-05-22,53,7,Q03,Q04,FAIL,done,2026-08-01,False,
QM5_10947,PRE_JUNE,zuck-24h-cont,2026-05-22,45,6,Q04,Q05,,pending,2026-09-02,False,
QM5_10948,PRE_JUNE,zuck-fx-period-momo,2026-05-22,26,4,,Q02,FAIL,done,2026-08-02,False,
QM5_10949,PRE_JUNE,zuck-fri-band,2026-05-22,47,5,Q04,Q04,,pending,2026-08-17,False,
QM5_1095,PRE_JUNE,qp-dollar-carry-basket,2026-05-18,22,7,Q02,Q04,,pending,2026-08-17,False,
QM5_10950,PRE_JUNE,rentech-short-trend,2026-05-22,29,7,Q04,Q04,,pending,2026-09-02,False,
QM5_10951,PRE_JUNE,rentech-short-revert,2026-05-22,34,6,Q04,Q02,,pending,2026-07-26,False,
QM5_10952,PRE_JUNE,ftmo-fvg-edge,2026-05-22,33,4,Q02,Q04,,pending,2026-08-17,False,
QM5_10953,PRE_JUNE,ftmo-inside-brk,2026-05-22,14,4,Q04,Q02,,pending,2026-09-01,False,
QM5_10954,PRE_JUNE,ftmo-orb-fvg,2026-05-22,8,3,Q03,Q04,FAIL,done,2026-06-30,False,
QM5_10955,PRE_JUNE,ftmo-mr-div,2026-05-22,30,4,,Q02,INFRA_FAIL,failed,2026-07-29,False,
QM5_10956,PRE_JUNE,ftmo-vwap-pb,2026-05-22,28,4,Q02,Q04,FAIL,done,2026-07-14,False,
QM5_10957,PRE_JUNE,ftmo-mtf-range,2026-05-22,27,4,,Q02,ZERO_TRADES,done,2026-08-02,False,
QM5_10958,PRE_JUNE,ftmo-ib-brk,2026-05-22,12,4,Q02,Q04,,pending,2026-08-17,False,
QM5_10959,PRE_JUNE,ftmo-mp-80,2026-05-22,11,4,Q03,Q04,FAIL,done,2026-07-14,False,
QM5_1096,PRE_JUNE,unger-donchian-channel-tf,2026-05-17,260,37,,Q02,FAIL,done,2026-08-12,False,
QM5_10960,PRE_JUNE,ftmo-hma-rsi,2026-05-22,18,4,Q03,COMPILE_EA,COMPILE_OK,done,2026-08-26,False,
QM5_10961,PRE_JUNE,ftmo-chop-kc,2026-05-22,35,4,Q03,Q04,,pending,2026-08-17,False,
QM5_10962,PRE_JUNE,ftmo-ichi-fib,2026-05-22,6,4,,Q02,,pending,2026-07-26,False,
QM5_10963,PRE_JUNE,ftmo-amd-dist,2026-05-22,26,4,,Q02,FAIL,done,2026-07-10,False,
QM5_10964,PRE_JUNE,ftmo-va-break,2026-05-22,8,4,Q02,Q04,FAIL,done,2026-07-19,False,
QM5_10965,PRE_JUNE,ftmo-morn-star,2026-05-22,7,4,,Q02,ZERO_TRADES,done,2026-08-03,False,
QM5_10966,PRE_JUNE,ftmo-even-star,2026-05-22,7,4,,Q02,FAIL,done,2026-08-07,False,
QM5_10967,PRE_JUNE,ftmo-ifvg-rev,2026-05-22,39,4,Q03,Q04,FAIL,done,2026-08-22,False,
QM5_10968,PRE_JUNE,ftmo-stoch-x,2026-05-22,11,4,Q02,Q04,,pending,2026-08-17,False,
QM5_1097,PRE_JUNE,unger-gold-intraday-bias,2026-05-17,259,37,Q02,Q02,INVALID,failed,2026-07-29,False,
QM5_10970,PRE_JUNE,ftmo-dbl-neck,2026-05-22,37,4,Q06,Q04,,pending,2026-08-17,False,
QM5_10971,PRE_JUNE,ftmo-flag-brk,2026-05-22,33,4,Q02,Q04,FAIL,done,2026-07-08,False,
QM5_10972,PRE_JUNE,ftmo-trap-rev,2026-05-22,38,4,Q02,Q04,,pending,2026-08-17,False,
QM5_10974,PRE_JUNE,ftmo-obv-brk,2026-05-22,35,4,Q02,Q04,FAIL,done,2026-08-12,False,
QM5_10975,PRE_JUNE,ftmo-rsi-trend,2026-05-22,28,4,,Q02,ZERO_TRADES,done,2026-08-12,False,
QM5_10976,PRE_JUNE,ftmo-ma-cross,2026-05-22,48,4,,Q02,FAIL,done,2026-07-31,False,
QM5_10977,PRE_JUNE,ftmo-bb-sqz,2026-05-22,51,4,Q03,Q03,PASS,done,2026-08-11,False,
QM5_10978,PRE_JUNE,ftmo-macd-x,2026-05-22,19,4,Q07,Q04,,pending,2026-08-17,False,
QM5_10979,PRE_JUNE,ftmo-macd-div,2026-05-22,9,4,Q02,Q04,,pending,2026-08-17,False,
QM5_1098,PRE_JUNE,unger-sp500-pivot-trend,2026-05-17,45,37,Q03,Q04,,pending,2026-08-17,False,
QM5_10980,PRE_JUNE,ftmo-dhilo-brk,2026-05-22,32,4,Q03,Q04,,pending,2026-08-17,False,
QM5_10981,PRE_JUNE,ftmo-scalp-brk,2026-05-22,6,3,,Q02,FAIL,done,2026-06-20,False,
QM5_10982,PRE_JUNE,ftmo-bos-flip,2026-05-22,20,4,Q04,Q02,INFRA_FAIL,failed,2026-07-09,False,
QM5_10983,PRE_JUNE,ftmo-trend-123,2026-05-22,35,4,Q03,Q04,,pending,2026-08-17,False,
QM5_10984,PRE_JUNE,ftmo-rsi-macd,2026-05-22,8,4,Q02,Q02,ZERO_TRADES,done,2026-08-13,False,
QM5_10985,PRE_JUNE,ftmo-adx-brk,2026-05-22,39,4,,Q02,INVALID,failed,2026-08-17,False,
QM5_10986,PRE_JUNE,ftmo-psar-rev,2026-05-22,35,4,Q02,Q04,,pending,2026-08-17,False,
QM5_10987,PRE_JUNE,ftmo-kc-pb,2026-05-22,44,4,Q02,Q04,,pending,2026-08-17,False,
QM5_10988,PRE_JUNE,ftmo-rsi-tl,2026-05-22,9,4,Q04,Q05,FAIL,done,2026-07-03,False,
QM5_10989,PRE_JUNE,ftmo-bo-retest,2026-05-22,49,4,,Q02,FAIL,done,2026-08-01,False,
QM5_1099,PRE_JUNE,dax-weekly-donchian50-breakout,2026-05-17,44,27,,Q02,,pending,2026-08-12,False,
QM5_10990,PRE_JUNE,ftmo-woodcci,2026-05-22,31,4,,Q02,INVALID,failed,2026-08-17,False,
QM5_10991,PRE_JUNE,ftmo-season,2026-05-22,29,4,,Q02,INVALID,failed,2026-08-17,False,
QM5_10992,PRE_JUNE,ftmo-cci-fvg,2026-05-22,38,4,,Q02,INFRA_FAIL,failed,2026-07-29,False,
QM5_10993,PRE_JUNE,ftmo-atr-fvg,2026-05-22,30,4,Q03,Q04,FAIL,done,2026-08-03,False,
QM5_10994,PRE_JUNE,ftmo-vwap-macd,2026-05-22,39,4,,Q02,FAIL,done,2026-07-10,False,
QM5_10995,PRE_JUNE,ftmo-bb-rev,2026-05-22,25,4,Q02,Q02,INVALID,failed,2026-08-17,False,
QM5_10996,PRE_JUNE,ftmo-obv-tl,2026-05-22,32,4,,Q02,INVALID,failed,2026-08-17,False,
QM5_10997,PRE_JUNE,the5ers-ema-rsi-stoch,2026-05-22,0,0,,,,,,False,
QM5_10998,PRE_JUNE,the5ers-ema-cci-pullback,2026-05-22,11,5,Q02,Q04,FAIL,done,2026-07-27,False,
QM5_10999,PRE_JUNE,the5ers-outside-bollinger,2026-05-22,74,5,Q04,Q04,,pending,2026-08-17,False,
QM5_1100,PRE_JUNE,index-weekly-reversal-monday,2026-05-17,335,37,Q03,Q04,,pending,2026-08-22,False,
QM5_11000,PRE_JUNE,the5ers-macd-third-div,2026-05-22,38,5,,Q02,INVALID,failed,2026-08-17,False,
QM5_11001,PRE_JUNE,the5ers-bollinger-squeeze,2026-05-22,0,0,,,,,,False,
QM5_11002,PRE_JUNE,the5ers-m1-ema-stoch,2026-05-22,32,4,Q02,Q04,FAIL,done,2026-07-17,False,
QM5_11003,PRE_JUNE,the5ers-ma-macd-filter,2026-05-22,0,0,,,,,,False,
QM5_11004,PRE_JUNE,the5ers-ema-rsi-pullback,2026-05-22,37,5,,Q02,FAIL,done,2026-07-10,False,
QM5_11005,PRE_JUNE,the5ers-sd-first-touch,2026-05-22,0,0,,,,,,False,
QM5_11006,PRE_JUNE,the5ers-trendline-rsi,2026-05-22,0,0,,,,,,False,
QM5_11007,PRE_JUNE,the5ers-pitchfork-bounce,2026-05-22,49,5,,Q02,INVALID,failed,2026-08-17,False,
QM5_11008,PRE_JUNE,the5ers-hs-neckline,2026-05-22,42,5,Q04,Q02,INVALID,failed,2026-08-17,False,
QM5_11009,PRE_JUNE,the5ers-double-trigger,2026-05-22,40,5,Q02,Q02,INVALID,failed,2026-08-17,False,
QM5_1101,PRE_JUNE,qp-comm-mom12,2026-05-17,52,37,Q03,Q04,,pending,2026-08-17,False,
QM5_11010,PRE_JUNE,the5ers-quasimodo-retest,2026-05-22,41,5,Q02,Q02,,pending,2026-07-26,False,
QM5_11011,PRE_JUNE,the5ers-pinbar-sr,2026-05-22,11,5,Q06,Q04,,pending,2026-08-19,False,
QM5_11012,PRE_JUNE,the5ers-strength-pair,2026-05-22,58,9,,Q02,,pending,2026-07-26,False,
QM5_11013,PRE_JUNE,the5ers-stoch-div,2026-05-22,0,0,,,,,,False,
QM5_11014,PRE_JUNE,the5ers-mprof-va,2026-05-22,36,5,Q02,Q04,FAIL,done,2026-07-19,False,
QM5_11015,PRE_JUNE,the5ers-weekly-ny,2026-05-22,44,5,Q05,Q06,,pending,2026-09-02,False,
QM5_11016,PRE_JUNE,the5ers-fib-breaker,2026-05-22,71,5,Q03,Q04,,pending,2026-08-17,False,
QM5_11017,PRE_JUNE,the5ers-outbar-rev,2026-05-22,0,0,,,,,,False,
QM5_11018,PRE_JUNE,the5ers-outbar-cont,2026-05-22,40,6,,Q02,FAIL,done,2026-07-31,False,
QM5_11019,PRE_JUNE,the5ers-ema-tunnel,2026-05-22,40,6,,Q02,ZERO_TRADES,done,2026-08-02,False,
QM5_1102,PRE_JUNE,qp-comm-skew-low,2026-05-18,17,4,Q03,Q04,,pending,2026-08-17,False,
QM5_11020,PRE_JUNE,the5ers-london-bo,2026-05-22,35,5,Q02,Q04,FAIL,done,2026-07-19,False,
QM5_11021,PRE_JUNE,the5ers-stoprun-bos,2026-05-22,40,6,,Q02,FAIL,done,2026-07-10,False,
QM5_11022,PRE_JUNE,mql5-macd-env,2026-05-22,13,4,Q02,Q04,FAIL,done,2026-07-08,False,
QM5_11023,PRE_JUNE,mql5-env-rev,2026-05-22,31,4,Q02,Q04,,pending,2026-08-17,False,
QM5_11024,PRE_JUNE,mql5-ma-boll,2026-05-22,12,4,Q02,Q02,INFRA_FAIL,done,2026-06-22,False,
QM5_11025,PRE_JUNE,atc-fib-levels,2026-05-22,9,4,Q02,Q02,PASS,done,2026-07-06,False,
QM5_11026,PRE_JUNE,ema-wpr-m5,2026-05-22,10,4,,Q02,FAIL,done,2026-07-10,False,
QM5_11027,PRE_JUNE,atc-lr-slope,2026-05-22,11,4,,Q02,FAIL,done,2026-08-01,False,
QM5_11028,PRE_JUNE,atc-wma-rev,2026-05-22,59,4,Q03,Q04,,pending,2026-08-17,False,
QM5_11029,PRE_JUNE,atc-time-momo,2026-05-22,53,4,Q02,Q02,INVALID,failed,2026-08-23,False,
QM5_1103,PRE_JUNE,qp-comm-ie-low,2026-05-18,10,4,Q02,Q04,,pending,2026-08-17,False,
QM5_11030,PRE_JUNE,atc-zigzag-pend,2026-05-22,35,4,Q02,Q04,FAIL,done,2026-08-17,False,
QM5_11031,PRE_JUNE,atc-ohlc-pend,2026-05-22,23,4,Q03,Q04,,pending,2026-08-17,False,
QM5_11032,PRE_JUNE,atc-horiz-chan,2026-05-22,10,4,Q02,Q04,FAIL,done,2026-09-02,False,
QM5_11033,PRE_JUNE,atc-bulls-trend,2026-05-22,36,4,Q02,Q04,,pending,2026-08-17,False,
QM5_11034,PRE_JUNE,atc-reverse-atr,2026-05-22,24,4,Q02,Q02,INFRA_FAIL,failed,2026-07-29,False,
QM5_11035,PRE_JUNE,atc-atr-channel,2026-05-22,7,4,,Q02,FAIL,done,2026-07-23,False,
QM5_11036,PRE_JUNE,atc-cci-ha,2026-05-22,35,4,Q02,Q04,,pending,2026-08-17,False,
QM5_11037,PRE_JUNE,atc-ma-limit,2026-05-22,17,4,Q02,Q04,FAIL,done,2026-07-22,False,
QM5_11038,PRE_JUNE,atc-imex-time,2026-05-22,41,4,Q02,Q02,,pending,2026-08-13,False,
QM5_11039,PRE_JUNE,atc-azxy-daily,2026-05-22,35,4,Q02,Q04,FAIL,done,2026-07-08,False,
QM5_1104,PRE_JUNE,qp-country-bab,2026-05-18,12,5,Q02,Q04,,pending,2026-08-17,False,
QM5_11040,PRE_JUNE,atc-super-g,2026-05-22,15,4,,Q02,FAIL,done,2026-07-13,False,
QM5_11041,PRE_JUNE,atc-ma-dynsl,2026-05-22,15,4,,Q02,ZERO_TRADES,done,2026-08-02,False,
QM5_11042,PRE_JUNE,atc-m15-zigzag,2026-05-22,19,4,Q02,Q04,,pending,2026-08-17,False,
QM5_11043,PRE_JUNE,atc-d1-correct,2026-05-22,15,4,,Q02,ZERO_TRADES,done,2026-08-08,False,
QM5_11044,PRE_JUNE,atc-daily-trend,2026-05-22,11,4,Q02,Q02,FAIL,done,2026-06-30,False,
QM5_11045,PRE_JUNE,roman-ma-rev,2026-05-22,24,4,Q02,Q02,PASS,done,2026-07-07,False,
QM5_11046,PRE_JUNE,roman-stoch-rev,2026-05-22,10,4,Q02,Q02,FAIL,done,2026-08-08,False,
QM5_11047,PRE_JUNE,roman-sar-break,2026-05-22,18,4,Q02,Q04,,pending,2026-08-17,False,
QM5_11048,PRE_JUNE,cs2011-macd,2026-05-22,13,4,Q02,Q04,,pending,2026-08-17,False,
QM5_11049,PRE_JUNE,pst-simple-ewmac,2026-05-31,30,7,Q02,Q04,,pending,2026-08-17,False,
QM5_1105,PRE_JUNE,qp-country-reversal,2026-05-18,10,5,,Q02,INFRA_FAIL,failed,2026-07-29,False,
QM5_11051,PRE_JUNE,pst-volatten-break,2026-05-22,8,7,,Q02,,pending,2026-07-31,False,
QM5_11054,PRE_JUNE,pst-accel,2026-05-22,52,7,,Q02,ZERO_TRADES,done,2026-08-08,False,
QM5_11055,PRE_JUNE,pst-assettrend,2026-05-22,58,7,,Q02,INVALID,failed,2026-08-17,False,
QM5_11056,PRE_JUNE,pst-normmom,2026-05-22,42,7,Q02,Q02,,pending,2026-08-30,False,
QM5_11058,PRE_JUNE,pst-skewfactor,2026-05-22,28,7,,Q02,INFRA_FAIL,failed,2026-07-29,False,
QM5_11059,PRE_JUNE,pst-momentum,2026-05-22,41,7,Q02,Q04,,pending,2026-08-17,False,
QM5_1106,PRE_JUNE,unger-nasdaq-pullback-tf,2026-05-18,35,3,Q03,Q04,,pending,2026-08-17,False,
QM5_11062,PRE_JUNE,pst-scalper,2026-05-22,94,6,Q02,Q02,INVALID,failed,2026-08-23,False,
QM5_11063,PRE_JUNE,atc-macd-reverse,2026-05-22,56,4,Q09,Q09,PASS,done,2026-08-24,False,
QM5_11064,PRE_JUNE,atc-zigzag-break,2026-05-22,22,4,Q02,Q04,,pending,2026-08-17,False,
QM5_11065,PRE_JUNE,atc-macd-prob,2026-05-22,31,4,,Q02,ZERO_TRADES,done,2026-08-07,False,
QM5_11066,PRE_JUNE,atc-channel-brk,2026-05-22,0,0,,,,,,False,
QM5_11067,PRE_JUNE,bulls-trend80,2026-05-22,11,1,,Q02,FAIL,done,2026-06-25,False,
QM5_11068,PRE_JUNE,ma-limit-pull,2026-05-22,4,1,,Q02,FAIL,done,2026-06-24,False,
QM5_11069,PRE_JUNE,han-invert,2026-05-22,14,4,Q04,Q02,FAIL,done,2026-07-06,False,
QM5_1107,PRE_JUNE,unger-nasdaq-3pm-breakout,2026-05-18,19,3,Q03,Q04,,pending,2026-08-17,False,
QM5_11070,PRE_JUNE,persistent-anti,2026-05-22,19,4,Q03,Q02,RETIRE,failed,2026-08-12,False,
QM5_11071,PRE_JUNE,spike-reversal,2026-05-22,34,4,Q03,Q03,PASS,done,2026-07-07,False,
QM5_11072,PRE_JUNE,binario-ma-band,2026-05-22,60,4,Q03,Q04,,pending,2026-09-02,False,
QM5_11073,PRE_JUNE,adj-ma-cross,2026-05-22,15,4,,Q02,ZERO_TRADES,done,2026-08-07,False,
QM5_11074,PRE_JUNE,adj-ma-3g,2026-05-22,11,4,,Q02,ZERO_TRADES,done,2026-08-01,False,
QM5_11075,PRE_JUNE,rsi-cross-ea,2026-05-22,15,4,Q03,Q04,FAIL,done,2026-07-17,False,
QM5_11076,PRE_JUNE,tbo-breakout,2026-05-22,20,4,Q03,Q02,INFRA_FAIL,failed,2026-07-29,False,
QM5_11077,PRE_JUNE,qqe-50-cross,2026-05-22,28,4,Q02,Q04,FAIL,done,2026-06-21,False,
QM5_11078,PRE_JUNE,rsioma-reversal,2026-05-22,59,4,Q03,Q02,INVALID,failed,2026-08-23,False,
QM5_11079,PRE_JUNE,cci-zero-cross,2026-05-22,32,4,Q02,Q04,,pending,2026-08-17,False,
QM5_1108,PRE_JUNE,unger-gold-bb-breakout,2026-05-18,11,1,,Q02,FAIL,done,2026-06-23,False,
QM5_11080,PRE_JUNE,bb-macd-flip,2026-05-22,28,4,Q02,Q04,FAIL,done,2026-06-21,False,
QM5_11081,PRE_JUNE,schaff-cycle,2026-05-22,30,4,Q04,Q04,FAIL,done,2026-07-07,False,
QM5_11082,PRE_JUNE,recent-hilo,2026-05-22,18,4,Q03,Q04,,pending,2026-08-17,False,
QM5_11083,PRE_JUNE,dots-two-color,2026-05-22,11,4,,Q02,ZERO_TRADES,done,2026-08-01,False,
QM5_11084,PRE_JUNE,tlb-flip,2026-05-22,17,4,Q03,Q02,FAIL,done,2026-07-07,False,
QM5_11085,PRE_JUNE,box-breakout,2026-05-22,31,4,Q02,Q04,,pending,2026-08-17,False,
QM5_11086,PRE_JUNE,pinbar-rev,2026-05-22,16,4,Q03,Q03,PASS,done,2026-07-08,False,
QM5_11087,PRE_JUNE,laguerre-cross,2026-05-22,35,4,Q03,Q04,FAIL,done,2026-07-08,False,
QM5_11088,PRE_JUNE,coppock-turn,2026-05-22,31,4,Q03,Q04,FAIL,done,2026-07-02,False,
QM5_11089,PRE_JUNE,trade-asst-conf,2026-05-22,15,4,Q03,Q02,FAIL,done,2026-07-08,False,
QM5_1109,PRE_JUNE,unger-gold-prev-session-breakout,2026-05-18,14,1,Q02,Q04,,pending,2026-08-17,False,
QM5_11090,PRE_JUNE,ma-mtf-align,2026-05-22,10,4,Q03,Q02,PASS,done,2026-07-06,False,
QM5_11092,PRE_JUNE,cvd-zero,2026-05-22,18,4,Q03,Q04,,pending,2026-08-17,False,
QM5_11093,PRE_JUNE,wick-reject,2026-05-22,14,4,Q03,Q04,FAIL,done,2026-07-01,False,
QM5_11094,PRE_JUNE,bbs-adv-zero,2026-05-22,8,4,Q02,Q04,FAIL,done,2026-06-16,False,
QM5_11095,PRE_JUNE,rei-60-fade,2026-05-22,14,4,Q07,Q08,FAIL_HARD,done,2026-07-03,False,
QM5_11096,PRE_JUNE,tdi-mbl-cross,2026-05-22,58,4,Q02,Q03,,pending,2026-08-31,False,
QM5_11098,PRE_JUNE,channel-break,2026-05-22,15,4,,Q02,ZERO_TRADES,done,2026-08-04,False,
QM5_11099,PRE_JUNE,prm-engulf-rev,2026-05-22,29,4,Q04,Q05,FAIL,done,2026-07-03,False,
QM5_1110,PRE_JUNE,unger-crude-ma-crossover,2026-05-18,10,1,Q02,Q04,,pending,2026-08-17,False,
QM5_11100,PRE_JUNE,csl-strength-cross,2026-05-22,57,4,Q02,Q02,,pending,2026-08-30,False,
QM5_11101,PRE_JUNE,mp-value-break,2026-05-22,48,4,,Q02,ZERO_TRADES,done,2026-07-31,False,
QM5_11102,PRE_JUNE,basing-breakout,2026-05-23,19,4,,Q02,ZERO_TRADES,done,2026-08-04,False,
QM5_11103,PRE_JUNE,psar-zigzag-rev,2026-05-22,15,4,,Q02,ZERO_TRADES,done,2026-08-07,False,
QM5_11104,PRE_JUNE,tpi-power-cross,2026-05-22,18,4,Q07,Q04,,pending,2026-08-17,False,
QM5_11105,PRE_JUNE,wrb-hg-breach,2026-05-22,15,4,Q02,Q02,FAIL,done,2026-07-05,False,
QM5_11106,PRE_JUNE,ma-exc-fade,2026-05-22,12,4,,Q02,ZERO_TRADES,done,2026-08-12,False,
QM5_11107,PRE_JUNE,bma-band-fade,2026-05-22,15,4,,Q02,ZERO_TRADES,done,2026-08-08,False,
QM5_11108,PRE_JUNE,raghee-grab,2026-05-22,12,4,Q02,Q02,INFRA_FAIL,done,2026-06-20,False,
QM5_11109,PRE_JUNE,bb-mtf-reentry,2026-05-22,8,4,,Q02,ZERO_TRADES,done,2026-08-09,False,
QM5_1111,PRE_JUNE,qp-fx-momentum-12m,2026-05-18,17,7,Q03,Q04,,pending,2026-08-17,False,
QM5_11110,PRE_JUNE,macd-alert-cross,2026-05-22,10,4,Q03,Q04,FAIL,done,2026-06-16,False,
QM5_11111,PRE_JUNE,rsi-mtf-extreme,2026-05-22,12,4,Q03,Q04,,pending,2026-08-17,False,
QM5_11112,PRE_JUNE,sr-lines-fade,2026-05-22,55,4,Q04,Q04,,pending,2026-08-17,False,
QM5_11113,PRE_JUNE,tdseq-setup9,2026-05-22,14,4,Q04,Q05,FAIL,done,2026-07-03,False,
QM5_11114,PRE_JUNE,bb-alert-break,2026-05-23,14,4,Q03,Q04,,pending,2026-08-13,False,
QM5_11115,PRE_JUNE,dpo-zero-ef,2026-05-23,9,4,Q03,Q02,,pending,2026-07-26,False,
QM5_11116,PRE_JUNE,fractal-alert-rev,2026-05-23,13,4,Q03,Q04,,pending,2026-08-13,False,
QM5_11117,PRE_JUNE,murrey-breach,2026-05-22,14,4,Q03,Q02,INFRA_FAIL,done,2026-06-22,False,
QM5_11118,PRE_JUNE,stoch-alert-cross,2026-05-22,13,4,Q03,Q02,,pending,2026-08-17,False,
QM5_11119,PRE_JUNE,ma-cross-alert,2026-05-22,12,4,Q02,Q02,INFRA_FAIL,done,2026-06-22,False,
QM5_1112,PRE_JUNE,qp-country-momentum,2026-05-18,75,7,,Q02,INFRA_FAIL,failed,2026-07-29,False,
QM5_11120,PRE_JUNE,ma-price-cross,2026-05-22,34,4,Q03,Q02,INVALID,failed,2026-08-17,False,
QM5_11121,PRE_JUNE,easy-trend-adx,2026-05-22,9,4,Q03,Q02,,pending,2026-07-26,False,
QM5_11122,PRE_JUNE,rainbow-ma-stack,2026-05-22,15,4,,Q02,ZERO_TRADES,done,2026-08-05,False,
QM5_11123,PRE_JUNE,sr-fractal-break,2026-05-22,20,4,Q04,Q05,FAIL_DD_PORTFOLIO_REVIEW,done,2026-07-23,False,
QM5_11124,PRE_JUNE,tm-r2-index,2026-05-22,139,3,Q09,Q09,PASS,done,2026-08-29,True,
QM5_11125,PRE_JUNE,tm-rsi2-extreme,2026-05-22,42,4,Q08,Q09,FAIL,done,2026-09-02,False,
QM5_11126,PRE_JUNE,tm-rsi2-limit,2026-05-22,8,4,,Q02,FAIL,done,2026-06-20,False,
QM5_11127,PRE_JUNE,tm-crsi-pullback,2026-05-22,30,3,,Q02,FAIL,done,2026-06-22,False,
QM5_11128,PRE_JUNE,tm-rsi25-75,2026-05-22,49,4,Q09,Q09,PASS,done,2026-08-26,False,
QM5_11129,PRE_JUNE,tm-rsi25,2026-05-22,51,4,Q09,Q07,,pending,2026-09-02,False,
QM5_1113,PRE_JUNE,qp-country-cape-value,2026-05-18,15,7,,Q02,INFRA_FAIL,failed,2026-07-29,False,
QM5_11130,PRE_JUNE,tm-vix-stretch,2026-05-22,21,3,Q04,Q02,FAIL,done,2026-07-05,False,
QM5_11131,PRE_JUNE,tm-first-pb,2026-05-22,10,4,,Q02,INFRA_FAIL,failed,2026-07-29,False,
QM5_11132,PRE_JUNE,tm-cum-rsi2,2026-05-23,110,4,Q10,Q09_NEWS,,pending,2026-09-02,False,DUPLICATE_SUPERSEDED;Q12_REVIEW_READY
QM5_11133,PRE_JUNE,tm-rsi4-week,2026-05-23,21,4,,Q02,INFRA_FAIL,failed,2026-07-09,False,
QM5_11134,PRE_JUNE,clenow-50d-break,2026-05-22,21,8,Q03,Q02,FAIL,done,2026-07-04,False,
QM5_11135,PRE_JUNE,bt-sma-cross,2026-05-23,0,0,,,,,,False,
QM5_11136,PRE_JUNE,bt-macd-atr,2026-05-23,0,0,,,,,,False,
QM5_11137,PRE_JUNE,bt-btfd-hold,2026-05-23,0,0,,,,,,False,
QM5_11138,PRE_JUNE,bt-bracket-ma,2026-05-22,0,0,,,,,,False,
QM5_11139,PRE_JUNE,bt-pink-20high,2026-05-22,0,0,,,,,,False,
QM5_1114,PRE_JUNE,qp-crossasset-valmom,2026-05-18,100,8,,Q02,INVALID,failed,2026-08-23,False,
QM5_11140,PRE_JUNE,bt-rsi-mid,2026-05-22,0,0,,,,,,False,
QM5_11141,PRE_JUNE,bt-ema-stop,2026-05-22,0,0,,,,,,False,
QM5_11142,PRE_JUNE,bt-close-sma,2026-05-22,0,0,,,,,,False,
QM5_11143,PRE_JUNE,vbt-dmac,2026-05-22,13,5,Q03,Q02,FAIL,done,2026-06-27,False,
QM5_11144,PRE_JUNE,vbt-macd-zero,2026-05-22,14,5,,Q02,INFRA_FAIL,failed,2026-07-29,False,
QM5_11145,PRE_JUNE,vbt-pair-z,2026-05-22,74,7,,Q02,RETIRE,done,2026-08-30,False,
QM5_11146,PRE_JUNE,vbt-rsi-band,2026-05-22,19,5,,Q02,FAIL,done,2026-07-13,False,
QM5_11147,PRE_JUNE,clenow-vam-rot,2026-05-22,138,10,Q08,Q02,RETIRE,done,2026-08-30,False,
QM5_11148,PRE_JUNE,hpetf-3hl-d1,2026-05-22,0,0,,,,,,False,
QM5_11149,PRE_JUNE,hpetf-r3-d1,2026-05-23,0,0,,,,,,False,
QM5_1115,PRE_JUNE,qp-lunch-sp500,2026-05-18,15,1,Q02,Q04,,pending,2026-08-17,False,
QM5_11150,PRE_JUNE,hpetf-pctb-d1,2026-05-23,0,0,,,,,,False,
QM5_11151,PRE_JUNE,hpetf-mdu-mdd-d1,2026-05-23,0,0,,,,,,False,
QM5_11152,PRE_JUNE,hpetf-rsi106-9094-d1,2026-05-22,0,0,,,,,,False,
QM5_11153,PRE_JUNE,qc-orb30,2026-05-23,21,3,Q04,Q05,FAIL,done,2026-07-13,False,
QM5_11154,PRE_JUNE,qc-gap-fade,2026-05-23,19,3,,Q02,FAIL,done,2026-07-10,False,
QM5_11156,PRE_JUNE,qc-tact-mom,2026-05-23,48,4,,Q02,ZERO_TRADES,done,2026-08-02,False,
QM5_11159,PRE_JUNE,dwx-donchian,2026-05-23,11,3,,Q02,ZERO_TRADES,done,2026-08-02,False,
QM5_1116,PRE_JUNE,hopwood-asctrend-h1-tf,2026-05-18,63,6,Q06,Q07,FAIL,done,2026-08-17,False,
QM5_11160,PRE_JUNE,dwx-brk-risk,2026-05-23,54,4,Q03,Q02,INVALID,failed,2026-08-23,False,
QM5_11161,PRE_JUNE,dwx-night-mr,2026-05-23,11,3,,Q02,FAIL,done,2026-07-10,False,
QM5_11162,PRE_JUNE,weiss-ma2-cross,2026-05-23,37,5,Q03,Q04,,pending,2026-08-17,False,
QM5_11163,PRE_JUNE,weiss-bb-adx,2026-05-23,7,5,,Q02,ZERO_TRADES,done,2026-07-23,False,
QM5_11164,PRE_JUNE,weiss-ss-cci,2026-05-23,23,5,Q02,Q02,PASS,done,2026-07-14,False,
QM5_11165,PRE_JUNE,weiss-rsi-ma,2026-05-23,72,5,Q10,Q08,,pending,2026-09-02,False,Q12_REVIEW_READY
QM5_11166,PRE_JUNE,weiss-chan-swing,2026-05-23,42,5,Q07,Q08,FAIL_HARD,done,2026-08-20,False,
QM5_11167,PRE_JUNE,weiss-ichi2-ma,2026-05-23,71,5,Q06,Q07,,pending,2026-08-30,False,
QM5_11168,PRE_JUNE,weiss-ma3-flat,2026-05-23,40,5,Q04,Q04,,pending,2026-08-17,False,
QM5_11169,PRE_JUNE,weiss-ichi3-ma,2026-05-23,56,5,Q07,Q07,,pending,2026-09-02,False,
QM5_1117,PRE_JUNE,hopwood-rsi-pullback-h1,2026-05-17,59,37,Q04,Q04,,pending,2026-08-17,False,
QM5_11170,PRE_JUNE,weiss-macd-sar,2026-05-23,51,5,Q03,Q04,,pending,2026-08-17,False,
QM5_11171,PRE_JUNE,weiss-bb-break,2026-05-23,40,5,Q03,Q04,FAIL,done,2026-07-08,False,
QM5_11172,PRE_JUNE,weiss-dmi,2026-05-23,53,5,Q06,Q07,,pending,2026-08-22,False,
QM5_11173,PRE_JUNE,weiss-dmi-adx,2026-05-23,61,5,Q07,Q04,,pending,2026-08-17,False,
QM5_11174,PRE_JUNE,weiss-7rev,2026-05-23,80,5,Q03,Q03,,pending,2026-08-23,False,
QM5_11175,PRE_JUNE,weiss-rsi-xover,2026-05-23,16,5,Q02,Q04,,pending,2026-09-02,False,
QM5_11176,PRE_JUNE,zip-sma-cross,2026-05-23,33,7,Q03,Q02,PASS,done,2026-08-03,False,
QM5_11177,PRE_JUNE,zip-ema-cross,2026-05-23,59,7,Q07,Q04,,pending,2026-08-17,False,
QM5_11178,PRE_JUNE,zip-rsi-ls,2026-05-23,44,7,Q04,Q04,,pending,2026-08-17,False,
QM5_11179,PRE_JUNE,ft001-ema-ha,2026-05-23,27,4,Q06,Q07,,pending,2026-08-31,False,
QM5_1118,PRE_JUNE,renko-street-v2-trend,2026-05-17,99,37,Q03,Q04,FAIL,done,2026-08-22,False,
QM5_11180,PRE_JUNE,ft002-bb-hammer,2026-05-23,16,4,Q04,Q05,,pending,2026-09-02,False,
QM5_11181,PRE_JUNE,ft003-mfi-fish,2026-05-23,14,4,Q03,Q04,FAIL,done,2026-08-03,False,
QM5_11182,PRE_JUNE,ft004-adx-cci,2026-05-23,33,4,Q06,Q07,,pending,2026-08-23,False,
QM5_11183,PRE_JUNE,ft005-vol-sma,2026-05-23,12,4,Q02,Q04,FAIL,done,2026-07-13,False,
QM5_11185,PRE_JUNE,ft-rsi-hammer,2026-05-23,11,4,,Q02,FAIL,done,2026-07-10,False,
QM5_11186,PRE_JUNE,ft-mfi-fisher,2026-05-25,11,4,,Q02,FAIL,done,2026-07-10,False,
QM5_11187,PRE_JUNE,ft-adx-stoch,2026-05-23,11,4,,Q02,FAIL,done,2026-07-10,False,
QM5_11188,PRE_JUNE,ft-vol-fisher,2026-05-23,11,4,,Q02,FAIL,done,2026-07-10,False,
QM5_11189,PRE_JUNE,ft-hlhb,2026-05-23,9,4,,Q02,,pending,2026-07-26,False,
QM5_1119,PRE_JUNE,fps-toms-ma-rsi-h1,2026-05-17,130,37,Q03,Q04,,pending,2026-08-22,False,
QM5_11190,PRE_JUNE,ft-umacd,2026-05-23,11,4,,Q02,FAIL,done,2026-07-10,False,
QM5_11191,PRE_JUNE,ft-supertrend,2026-05-23,33,4,,Q02,INVALID,failed,2026-08-17,False,
QM5_11192,PRE_JUNE,ft-bandtastic,2026-05-23,18,4,Q02,Q04,FAIL,done,2026-07-19,False,
QM5_11193,PRE_JUNE,ft-multima,2026-05-23,15,4,,Q02,ZERO_TRADES,done,2026-08-03,False,
QM5_11194,PRE_JUNE,ft-hour,2026-05-23,7,3,Q03,Q03,PASS,done,2026-08-31,False,
QM5_11195,PRE_JUNE,ft-cdlwave,2026-05-23,11,4,,Q02,,pending,2026-07-26,False,
QM5_11196,PRE_JUNE,ft-heracles,2026-05-23,40,4,Q04,Q05,,pending,2026-09-02,False,
QM5_11197,PRE_JUNE,ft-inform-btc,2026-05-23,48,4,,Q02,ZERO_TRADES,done,2026-08-01,False,
QM5_11198,PRE_JUNE,ft-swing-rsi,2026-05-23,11,4,,Q02,FAIL,done,2026-07-10,False,
QM5_11199,PRE_JUNE,ft-fadxsma,2026-05-23,12,4,,Q02,FAIL,done,2026-08-12,False,
QM5_1120,PRE_JUNE,bigben-london-open-breakout,2026-05-18,45,5,Q03,Q04,,pending,2026-08-17,False,
QM5_11200,PRE_JUNE,ft-fsuper,2026-05-23,14,4,,Q02,,pending,2026-07-26,False,
QM5_11201,PRE_JUNE,ft-fott,2026-05-23,12,4,,Q02,FAIL,done,2026-08-09,False,
QM5_11202,PRE_JUNE,ft-adxmom,2026-05-23,11,4,,Q02,,pending,2026-07-26,False,
QM5_11203,PRE_JUNE,ft-bbrsi,2026-05-23,15,4,Q04,Q02,,pending,2026-08-13,False,
QM5_11205,PRE_JUNE,ft-adx-smas,2026-05-23,18,4,Q06,Q07,,pending,2026-08-22,False,
QM5_11206,PRE_JUNE,ft-asdts-macd,2026-05-23,11,4,,Q02,FAIL,done,2026-07-10,False,
QM5_11207,PRE_JUNE,ft-avg-ema,2026-05-23,15,4,,Q02,FAIL,done,2026-08-03,False,
QM5_11208,PRE_JUNE,ft-awesome,2026-05-23,12,4,,Q02,FAIL,done,2026-08-09,False,
QM5_11209,PRE_JUNE,ft-cci-cmf,2026-05-23,7,4,,Q02,FAIL,done,2026-07-13,False,
QM5_1121,PRE_JUNE,unger-crude-inventory-release,2026-05-17,10,1,Q02,Q04,,pending,2026-08-17,False,
QM5_11210,PRE_JUNE,ft-binhv27,2026-05-23,14,4,Q03,Q03,PASS,done,2026-07-31,False,
QM5_11216,PRE_JUNE,ft-ema-skip,2026-05-23,15,4,,Q02,FAIL,done,2026-07-13,False,
QM5_11218,PRE_JUNE,ft-macd-cci,2026-05-23,17,4,Q02,Q03,FAIL,done,2026-07-14,False,
QM5_11219,PRE_JUNE,ft-macdx-cci,2026-05-23,15,4,,Q02,FAIL,done,2026-07-13,False,
QM5_1122,PRE_JUNE,unger-crude-donchian160,2026-05-17,11,1,Q02,Q02,PASS,done,2026-07-24,False,
QM5_11220,PRE_JUNE,ft-multirsi,2026-05-23,12,4,,Q02,FAIL,done,2026-07-13,False,
QM5_11221,PRE_JUNE,ft-quickie,2026-05-23,25,4,,Q02,FAIL,done,2026-07-10,False,
QM5_11222,PRE_JUNE,ft-scalp,2026-05-23,7,4,,Q02,FAIL,done,2026-07-10,False,
QM5_11223,PRE_JUNE,ft-simple,2026-05-23,57,4,Q02,Q02,INVALID,failed,2026-08-23,False,
QM5_11224,PRE_JUNE,ft-tdseq,2026-05-23,56,4,Q02,Q02,INVALID,failed,2026-08-23,False,
QM5_11225,PRE_JUNE,ft-rquickie,2026-05-23,11,4,,Q02,FAIL,done,2026-07-13,False,
QM5_11226,PRE_JUNE,ft-ravg,2026-05-23,12,4,,Q02,ZERO_TRADES,done,2026-08-12,False,
QM5_11227,PRE_JUNE,ft-rsmooth,2026-05-23,11,4,,Q02,FAIL,done,2026-07-13,False,
QM5_11228,PRE_JUNE,ft-smoothscalp,2026-05-23,16,4,Q02,Q04,FAIL,done,2026-07-14,False,
QM5_11229,PRE_JUNE,ft-freinforced,2026-05-23,14,4,Q02,Q04,,pending,2026-08-17,False,
QM5_1123,PRE_JUNE,unger-crude-prevday-meanrev,2026-05-17,39,37,Q02,Q04,FAIL,done,2026-07-22,False,
QM5_11230,PRE_JUNE,ft-obv-ema,2026-05-23,22,5,Q02,Q04,,pending,2026-08-17,False,
QM5_11231,PRE_JUNE,ft-ema-ha-rsi,2026-05-23,21,5,Q02,Q04,FAIL,done,2026-08-12,False,
QM5_11232,PRE_JUNE,ft-tr-pullback,2026-05-23,30,5,Q02,Q02,,pending,2026-08-25,False,
QM5_11233,PRE_JUNE,ft-tr-ema50,2026-05-23,25,5,Q02,Q04,,pending,2026-08-17,False,
QM5_11234,PRE_JUNE,ft-tr-rsi,2026-05-23,19,5,,Q02,FAIL,done,2026-08-09,False,
QM5_11235,PRE_JUNE,ft-tr-emax,2026-05-23,28,5,Q02,Q02,,pending,2026-08-25,False,
QM5_11236,PRE_JUNE,ft-tr-bb,2026-05-23,20,5,,Q02,ZERO_TRADES,done,2026-08-12,False,
QM5_11237,PRE_JUNE,ft-tr-macd,2026-05-23,31,5,Q03,Q04,,pending,2026-08-17,False,
QM5_1124,PRE_JUNE,unger-index-holiday-long,2026-05-18,44,4,,Q02,INFRA_FAIL,failed,2026-07-29,False,
QM5_11240,PRE_JUNE,ht-dist-pairs,2026-05-23,42,9,Q02,Q03,,pending,2026-08-23,False,
QM5_11241,PRE_JUNE,ht-coint-spread,2026-05-23,17,6,,Q02,,pending,2026-07-26,False,
QM5_11242,PRE_JUNE,ht-copula-mpi,2026-05-23,20,6,,Q02,INFRA_FAIL,failed,2026-07-29,False,
QM5_11243,PRE_JUNE,ht-h-contrarian,2026-05-23,25,6,Q02,Q04,,pending,2026-08-17,False,
QM5_11244,PRE_JUNE,ht-ou-zeng,2026-05-23,57,5,Q03,Q04,,pending,2026-08-17,False,
QM5_11245,PRE_JUNE,ht-pca-sscore,2026-05-23,44,6,,Q02,INVALID,failed,2026-08-17,False,
QM5_11246,PRE_JUNE,ht-kalman-bb,2026-05-23,17,6,,Q02,,pending,2026-07-26,False,
QM5_11247,PRE_JUNE,ht-ou-bertram,2026-05-23,14,5,,Q02,,pending,2026-07-26,False,
QM5_11248,PRE_JUNE,ht-xou-levels,2026-05-23,14,5,,Q02,,pending,2026-07-26,False,
QM5_11249,PRE_JUNE,ht-cir-levels,2026-05-23,19,5,,Q02,,pending,2026-07-26,False,
QM5_1125,PRE_JUNE,unger-sp500-eom-pullback,2026-05-18,8,3,,Q02,INFRA_FAIL,failed,2026-07-29,False,
QM5_11250,PRE_JUNE,ht-ou-optstop,2026-05-23,19,5,,Q02,,pending,2026-07-26,False,
QM5_11251,PRE_JUNE,ht-minprofit,2026-05-23,60,5,,Q02,FAIL,done,2026-06-25,False,
QM5_11252,PRE_JUNE,ht-multicoint,2026-05-23,72,6,,Q02,FAIL,done,2026-06-25,False,
QM5_11253,PRE_JUNE,ht-basic-cop,2026-05-23,19,5,,Q02,,pending,2026-07-26,False,
QM5_11254,PRE_JUNE,ht-cvine-cmpi,2026-05-23,22,5,,Q02,INFRA_FAIL,failed,2026-07-29,False,
QM5_11255,PRE_JUNE,ht-regime-rvarb,2026-05-23,19,5,,Q02,,pending,2026-07-26,False,
QM5_11256,PRE_JUNE,ht-pearson-div,2026-05-23,26,6,,Q02,INFRA_FAIL,failed,2026-07-29,False,
QM5_11257,PRE_JUNE,cs-rsi-mtf,2026-05-23,62,5,,Q02,INVALID,failed,2026-08-23,False,
QM5_11258,PRE_JUNE,cs-ema10-30,2026-05-23,23,5,,Q02,FAIL,done,2026-08-02,False,
QM5_11259,PRE_JUNE,cs-macd-cross,2026-05-23,19,5,,Q02,FAIL,done,2026-07-13,False,
QM5_1126,PRE_JUNE,moskowitz-tsmom-12m,2026-05-18,74,9,,Q02,INVALID,failed,2026-08-17,False,
QM5_11260,PRE_JUNE,cs-stoch-mfi,2026-05-23,35,6,Q02,Q02,INFRA_FAIL,failed,2026-07-29,False,
QM5_11261,PRE_JUNE,cs-mom-zero,2026-05-23,63,5,,Q02,INVALID,failed,2026-08-23,False,
QM5_11262,PRE_JUNE,qt-london-brk,2026-05-23,11,3,,Q02,FAIL,done,2026-07-10,False,
QM5_11263,PRE_JUNE,qt-dual-thrust,2026-05-23,15,4,Q03,Q04,,pending,2026-08-17,False,
QM5_11264,PRE_JUNE,qt-psar,2026-05-23,37,5,Q02,Q04,,pending,2026-08-17,False,
QM5_11265,PRE_JUNE,qt-awesome,2026-05-23,22,5,Q04,Q05,,pending,2026-09-02,False,
QM5_11266,PRE_JUNE,qt-ha-trend,2026-05-23,22,5,,Q02,ZERO_TRADES,done,2026-08-03,False,
QM5_11267,PRE_JUNE,qt-macd-ma,2026-05-23,34,5,Q07,Q02,,pending,2026-07-26,False,
QM5_11268,PRE_JUNE,qt-rsi-3070,2026-05-23,22,5,Q03,Q04,,pending,2026-08-17,False,
QM5_11269,PRE_JUNE,qt-rsi-hs,2026-05-23,19,5,,Q02,ZERO_TRADES,done,2026-08-12,False,
QM5_1127,PRE_JUNE,menkhoff-carry-fxvol-filter,2026-05-18,30,7,Q03,Q04,,pending,2026-08-17,False,
QM5_11270,PRE_JUNE,qt-bb-w,2026-05-23,31,4,,Q02,INVALID,failed,2026-08-17,False,
QM5_11271,PRE_JUNE,qt-shoot-star,2026-05-23,17,5,,Q02,INFRA_FAIL,failed,2026-07-29,False,
QM5_11272,PRE_JUNE,iaf-ema-x,2026-05-23,0,0,,,,,,False,
QM5_11273,PRE_JUNE,iaf-bb-rsi,2026-05-23,0,0,,,,,,False,
QM5_11274,PRE_JUNE,iaf-rsi-ema,2026-05-23,5,3,,Q02,,pending,2026-07-26,False,
QM5_11275,PRE_JUNE,iaf-st-ema,2026-05-23,7,3,Q02,Q04,FAIL,done,2026-08-12,False,
QM5_11276,PRE_JUNE,iaf-donchian,2026-05-23,0,0,,,,,,False,
QM5_11277,PRE_JUNE,blade-m5-ema-zone-scalp,2026-05-23,22,3,Q02,Q04,FAIL,done,2026-07-14,False,
QM5_11278,PRE_JUNE,blade-4h-multi-ema-breakout,2026-05-23,0,0,,,,,,False,
QM5_11279,PRE_JUNE,blade-macd-stoch-divergence,2026-05-23,0,0,,,,,,False,
QM5_1128,PRE_JUNE,daniel-momentum-crash-vol-scale,2026-05-18,50,6,,Q02,INVALID,failed,2026-08-17,False,
QM5_11281,PRE_JUNE,macd-5-13-1-pattern-h4,2026-05-23,0,0,,,,,,False,
QM5_11285,PRE_JUNE,ptf-open-close,2026-05-23,0,0,,,,,,False,
QM5_11286,PRE_JUNE,at-macd-ema,2026-05-23,23,5,Q02,Q02,,pending,2026-08-21,False,
QM5_11287,PRE_JUNE,tc20-sma3-ema50-stoch-macd-h1,2026-05-23,21,3,Q03,Q04,,pending,2026-08-18,False,
QM5_11288,PRE_JUNE,tc20-ema6-23-macd3060-stoch-h1,2026-05-23,29,3,Q09,Q10_NEWS,,active,2026-09-03,True,
QM5_11289,PRE_JUNE,tc20-ha-sma14-osma-mom-rsi-h1,2026-05-23,10,3,Q03,Q02,PASS,done,2026-08-08,False,
QM5_1129,PRE_JUNE,gatev-pairs-trading-distance,2026-05-17,18,8,Q03,Q04,,pending,2026-08-17,False,
QM5_11290,PRE_JUNE,tc20-smma55-band-wpr-stoch-h1,2026-05-23,22,3,Q02,Q04,FAIL,done,2026-08-07,False,
QM5_11293,PRE_JUNE,ema5-13-fib-cross-h1,2026-05-23,17,5,Q04,Q04,PASS_SOFT,done,2026-07-17,False,
QM5_11297,PRE_JUNE,cs-sma9-cross,2026-05-23,23,5,Q02,Q04,,pending,2026-08-17,False,
QM5_11298,PRE_JUNE,cs-bb-close,2026-05-23,16,5,Q04,Q03,PASS,done,2026-08-12,False,
QM5_1130,PRE_JUNE,lou-polk-overnight-intraday,2026-05-17,13,5,Q02,Q04,,pending,2026-08-17,False,
QM5_11303,PRE_JUNE,tc-m5-bb-midband-retrace,2026-05-23,13,2,Q02,Q04,,pending,2026-08-17,False,
QM5_11304,PRE_JUNE,kathy-lien-double-bollinger-trend,2026-05-23,0,0,,,,,,False,
QM5_11305,PRE_JUNE,alp-sma20-scalp,2026-05-23,0,0,,,,,,False,
QM5_11306,PRE_JUNE,bf-golden-x,2026-05-23,0,0,,,,,,False,
QM5_1131,PRE_JUNE,qp-payday-sp500,2026-05-18,10,1,,Q02,FAIL,done,2026-06-22,False,
QM5_11310,PRE_JUNE,tc20-h1-7-ema-cascade-rsi21,2026-05-23,28,3,Q04,Q05,FAIL,done,2026-07-17,False,
QM5_11311,PRE_JUNE,tc20-h1-8-bb3dev-macd617-rsi14,2026-05-23,15,3,Q03,Q04,,pending,2026-08-17,False,
QM5_11312,PRE_JUNE,tc20-h1-10-ema14-high-low-psar,2026-05-23,9,3,Q02,Q04,,pending,2026-08-17,False,
QM5_11313,PRE_JUNE,tc20-h1-12-ema5-rsi3-stoch-adx,2026-05-23,11,3,Q03,Q04,,pending,2026-08-17,False,
QM5_11314,PRE_JUNE,tc-m5-7-london-open-box-breakout,2026-05-23,8,3,Q02,Q04,FAIL,done,2026-09-03,False,
QM5_11315,PRE_JUNE,tc-m5-8-triple-bb50-rsi3-stoch,2026-05-31,0,0,,,,,,False,
QM5_11316,PRE_JUNE,tc20-h1-9-ema5-12-34-psar,2026-05-23,6,3,Q02,Q04,FAIL,done,2026-07-08,False,
QM5_11317,PRE_JUNE,tc-m5-9-ema50-100-macd,2026-05-23,17,3,Q02,Q02,PASS,done,2026-06-26,False,
QM5_11318,PRE_JUNE,tc-m5-10-ema40-80-cci,2026-05-23,30,3,Q02,Q04,FAIL,done,2026-07-17,False,
QM5_11319,PRE_JUNE,tc-m5-11-mtf-ema-rsi-stoch-macd,2026-05-23,5,3,Q02,Q04,FAIL,done,2026-07-14,False,
QM5_1132,PRE_JUNE,qp-futures-weekly-reversal,2026-05-17,71,37,,Q02,,pending,2026-07-31,False,
QM5_11320,PRE_JUNE,tc-m5-13-cci100-macd,2026-05-23,13,3,Q02,Q04,,pending,2026-08-17,False,
QM5_11321,PRE_JUNE,tc-m5-17-ema3-8-sd-filter,2026-05-23,14,4,Q03,Q04,FAIL,done,2026-06-30,False,
QM5_11322,PRE_JUNE,tc20-h1-16-mtf-4candle-same-color,2026-05-23,0,0,,,,,,False,
QM5_1133,PRE_JUNE,qp-country-etf-pairs,2026-05-17,51,5,Q03,Q04,,pending,2026-08-17,False,
QM5_11330,PRE_JUNE,tc-m5-16-wma5-sma11-psar-adx,2026-05-23,0,0,,,,,,False,
QM5_11331,PRE_JUNE,tc-m5-17-ema3-8-macd-stoch-psar-stddev,2026-05-23,6,3,,Q02,FAIL,done,2026-06-26,False,
QM5_11332,PRE_JUNE,tc-m5-18-ema20-macd-cross-trail,2026-05-23,38,3,,Q02,INVALID,failed,2026-08-23,False,
QM5_11333,PRE_JUNE,tc-m5-19-psar-macd64128-ema100,2026-05-23,9,3,Q02,Q04,FAIL,done,2026-06-25,False,
QM5_11334,PRE_JUNE,tc-m5-20-ema3-bb20-3-macd,2026-05-23,11,3,Q02,Q04,,pending,2026-08-17,False,
QM5_11335,PRE_JUNE,tc20-h1-6-ema5-15-60-pullback,2026-05-23,3,3,,Q02,FAIL,done,2026-06-26,False,
QM5_11336,PRE_JUNE,tc20-h1-11-ema5shift-75ema-bb-rsi14,2026-05-23,18,3,Q02,Q04,FAIL,done,2026-08-06,False,
QM5_11337,PRE_JUNE,tc20-h1-13-ema5-10-rsi10-hl2,2026-05-23,16,3,Q03,Q04,FAIL,done,2026-06-25,False,
QM5_11339,PRE_JUNE,tc20-h1-15-ema5-21-rsi21-candle-pattern,2026-05-23,7,3,Q02,Q04,FAIL,done,2026-08-05,False,
QM5_1134,PRE_JUNE,qp-asset-trend-sma10,2026-05-17,72,6,,Q02,FAIL,done,2026-07-28,False,
QM5_11340,PRE_JUNE,tc-m5-18-ema20-macd,2026-05-23,16,4,Q04,Q04,,pending,2026-08-17,False,
QM5_11341,PRE_JUNE,tc-m5-20-ema3-bb-macd,2026-05-23,15,4,Q02,Q04,FAIL,done,2026-07-17,False,
QM5_11342,PRE_JUNE,triad-offhours-watermark,2026-05-23,25,3,Q02,Q04,FAIL,done,2026-08-05,False,
QM5_11343,PRE_JUNE,triad-session-breakout,2026-05-23,0,0,,,,,,False,
QM5_11344,PRE_JUNE,ichimoku-stack-d1,2026-05-23,0,0,,,,,,False,
QM5_11345,PRE_JUNE,continuation-method-ema50-sma5-wpr,2026-05-23,0,0,,,,,,False,
QM5_11346,PRE_JUNE,triad-deadtime-range-scalp,2026-05-23,11,3,Q02,Q04,FAIL,done,2026-08-07,False,
QM5_11347,PRE_JUNE,rbt-adx-momentum-m5,2026-05-23,13,4,Q02,Q04,FAIL,done,2026-07-14,False,
QM5_11348,PRE_JUNE,rbt-cci200-ema-triple-m5,2026-05-23,7,4,,Q02,FAIL,done,2026-07-10,False,
QM5_11349,PRE_JUNE,rbt-cutting-points-bb-rsi-adx-m5,2026-05-23,12,4,,Q02,FAIL,done,2026-07-10,False,
QM5_1135,PRE_JUNE,qp-asset-mom-top3,2026-05-17,76,6,Q03,Q02,INVALID,failed,2026-08-23,False,
QM5_11350,PRE_JUNE,rbt-follow-trend-ema-adx-macd-h4,2026-05-23,0,0,,,,,,False,
QM5_11351,PRE_JUNE,rbt-sma150-stoch-rsi3-d1,2026-05-23,0,0,,,,,,False,
QM5_11352,PRE_JUNE,rbt-bb-rsi11-breakout-m15,2026-05-23,20,4,Q02,Q04,FAIL,done,2026-07-14,False,
QM5_11353,PRE_JUNE,rbt-cci14-zone-cross-h1,2026-05-23,176,28,Q02,Q03,,pending,2026-08-31,False,
QM5_11354,PRE_JUNE,rbt-ha-adx-stoch-m5,2026-05-23,39,3,,Q02,INVALID,failed,2026-08-23,False,
QM5_11355,PRE_JUNE,robo-psar-cci,2026-05-23,6,3,,Q02,FAIL,done,2026-06-20,False,
QM5_11356,PRE_JUNE,robo-10pts,2026-05-23,5,3,,Q02,FAIL,done,2026-07-10,False,
QM5_11357,PRE_JUNE,robo-bb-gjpy,2026-05-23,6,3,Q02,Q04,FAIL,done,2026-07-13,False,
QM5_11358,PRE_JUNE,robo-cci-macd,2026-05-23,132,28,Q02,Q04,,pending,2026-08-17,False,
QM5_11359,PRE_JUNE,robo-adx-mom,2026-05-23,9,5,,Q02,FAIL,done,2026-07-10,False,
QM5_1136,PRE_JUNE,qp-option-exp-sp500,2026-05-18,10,1,,Q02,FAIL,done,2026-06-22,False,
QM5_11360,PRE_JUNE,robo-range-wma-ema-rsi,2026-05-23,13,3,Q02,Q04,FAIL,done,2026-07-14,False,
QM5_11361,PRE_JUNE,robo-bb-macd-ma-m15,2026-05-23,19,6,Q02,Q04,FAIL,done,2026-07-13,False,
QM5_11365,PRE_JUNE,connors-rsi2-sma200-pullback-d1,2026-05-23,0,0,,,,,,False,
QM5_11366,PRE_JUNE,connors-double7s-sma200-d1,2026-05-23,0,0,,,,,,False,
QM5_11367,PRE_JUNE,caroline-ayuk-lwma-osma-fractal-d1,2026-05-23,0,0,,,,,,False,
QM5_11368,PRE_JUNE,macd-psar-atr-h4,2026-05-23,28,3,Q02,Q04,FAIL,done,2026-08-02,False,
QM5_11369,PRE_JUNE,london-asian-range-breakout-m15,2026-05-23,6,3,Q02,Q04,FAIL,done,2026-07-13,False,
QM5_1137,PRE_JUNE,qp-sp500-down-day-rebound,2026-05-17,1,1,,Q02,FAIL,done,2026-06-18,False,
QM5_11370,PRE_JUNE,forex-profit-system-ema3-psar-h1,2026-05-23,26,3,Q02,Q04,,pending,2026-08-17,False,
QM5_11371,PRE_JUNE,tom-demark-ema9-30-momentum-h1,2026-05-23,0,0,,,,,,False,
QM5_11372,PRE_JUNE,micro-trading-bb18-ema3-macd-m1,2026-05-23,10,2,Q02,Q04,FAIL,done,2026-07-14,False,
QM5_11377,PRE_JUNE,vegas-wave-ema144-169-fractal-h1,2026-05-23,14,4,Q02,Q04,,pending,2026-08-17,False,
QM5_11378,PRE_JUNE,big-ben-london-fade-m5,2026-05-23,27,3,Q02,Q04,FAIL,done,2026-07-14,False,
QM5_11379,PRE_JUNE,144lwma-5smma-cross-m5,2026-05-23,15,2,,Q02,FAIL,done,2026-07-13,False,
QM5_1138,PRE_JUNE,qp-sp500-lowvol-nextday,2026-05-17,1,1,,Q02,FAIL,done,2026-06-18,False,
QM5_11381,PRE_JUNE,psar-ao-ac-trend-align-h1,2026-05-23,34,3,Q02,Q02,FAIL,done,2026-06-25,False,
QM5_11382,PRE_JUNE,sma10-15-50-trend-cross-m5,2026-05-23,5,2,,Q02,FAIL,done,2026-07-13,False,
QM5_11383,PRE_JUNE,blade-m5-ema-zone-scalper,2026-05-23,5,2,,Q02,FAIL,done,2026-07-10,False,
QM5_11384,PRE_JUNE,blade-h4-ema30-breakout-retrace,2026-05-23,22,3,Q02,Q04,FAIL,done,2026-08-07,False,
QM5_11385,PRE_JUNE,mario-singh-good-morning-asia-usdjpy-d1,2026-05-23,6,1,,Q02,FAIL,done,2026-06-20,False,
QM5_11386,PRE_JUNE,4h-macd513-ema-cascade-zero-cross,2026-05-23,16,3,,Q02,FAIL,done,2026-08-05,False,
QM5_11387,PRE_JUNE,bermuda-123-fib-retrace-h1h4,2026-05-23,8,3,Q02,Q04,FAIL,done,2026-07-14,False,
QM5_11389,PRE_JUNE,munzer-d1-ema34-sma150-double-cci,2026-05-23,12,3,Q03,Q04,,pending,2026-08-17,False,
QM5_1139,PRE_JUNE,qp-sp500-rsi35-rebound,2026-05-17,3,1,,Q02,FAIL,done,2026-07-20,False,
QM5_11390,PRE_JUNE,midnight-setup-d1-candle-breakout,2026-05-23,5,2,Q02,Q04,,pending,2026-08-17,False,
QM5_11391,PRE_JUNE,d1-rsi3-stoch633-sma150-reversal,2026-05-23,0,0,,,,,,False,
QM5_11392,PRE_JUNE,justforex-momentum7-divergence-fib,2026-05-23,6,3,Q03,Q03,PASS,done,2026-08-07,False,
QM5_11394,PRE_JUNE,paul-langer-m5-bb20-scalper,2026-05-23,0,0,,,,,,False,
QM5_11395,PRE_JUNE,connors-rsi2-sma200-pullback-h4,2026-05-23,9,4,Q02,Q04,FAIL,done,2026-06-26,False,
QM5_11396,PRE_JUNE,connors-double7s-sma200-h4,2026-05-23,9,4,Q03,Q04,FAIL,done,2026-08-14,False,
QM5_11397,PRE_JUNE,naked-forex-kangaroo-tail-h4d1,2026-05-23,57,4,Q06,Q07,FAIL,done,2026-08-20,False,
QM5_11398,PRE_JUNE,naked-forex-big-shadow-d1,2026-05-23,39,5,,Q02,ZERO_TRADES,done,2026-08-03,False,
QM5_11399,PRE_JUNE,naked-forex-big-belt-d1,2026-05-23,5,5,,Q02,FAIL,done,2026-08-12,False,
QM5_1140,PRE_JUNE,qp-sp500-ma10-breakout,2026-05-18,30,3,,Q02,FAIL,done,2026-06-23,False,
QM5_11400,PRE_JUNE,davey-big-range-momentum-d1,2026-05-23,53,4,Q02,Q04,,pending,2026-08-17,False,
QM5_11403,PRE_JUNE,carter-tf3-ema50-100-macd-partial-exit,2026-05-23,18,4,Q08,Q09,,pending,2026-09-01,False,
QM5_11404,PRE_JUNE,carter-tf6-sma32-hl-channel-psar,2026-05-23,17,5,Q03,Q04,FAIL,done,2026-07-17,False,
QM5_11405,PRE_JUNE,carter-tf11-adx-weak-prevday-breakout-h1,2026-05-23,13,6,,Q02,FAIL,done,2026-08-12,False,
QM5_11406,PRE_JUNE,carter-tf16-ema7-21-pullback,2026-05-23,28,5,Q03,Q04,FAIL,done,2026-07-17,False,
QM5_11407,PRE_JUNE,carter-tf17-ema18-adx-pullback,2026-05-23,10,4,Q04,Q03,PASS,done,2026-08-31,False,
QM5_11408,PRE_JUNE,robles-continuation-method-ema50-wpct-d1,2026-05-23,0,0,,,,,,False,
QM5_11409,PRE_JUNE,big-ben-london-fade-asian-range-m15,2026-05-23,48,4,,Q02,FAIL,done,2026-07-28,False,
QM5_1141,PRE_JUNE,debondt-thaler-3y-reversal-idx,2026-05-18,18,5,Q02,Q04,,pending,2026-08-17,False,
QM5_11410,PRE_JUNE,london-free-breakfast-asian-range-breakout-m15,2026-05-23,48,4,,Q02,FAIL,done,2026-06-25,False,
QM5_11411,PRE_JUNE,wilder-parabolic-sar-reversal-d1,2026-05-23,7,5,,Q02,ZERO_TRADES,done,2026-08-09,False,
QM5_11412,PRE_JUNE,wilder-volatility-system-atr-sar-d1,2026-05-23,0,0,,,,,,False,
QM5_11413,PRE_JUNE,wilder-directional-movement-di14-cross-d1,2026-05-23,0,0,,,,,,False,
QM5_11414,PRE_JUNE,wilder-accumulative-swing-index-asi-breakout-d1,2026-05-23,0,0,,,,,,False,
QM5_11415,PRE_JUNE,winning-pips-psar-ao-ac-h1,2026-05-23,20,3,Q02,Q04,FAIL,done,2026-06-25,False,
QM5_11416,PRE_JUNE,ichimoku-tenkan-kijun-cross-cloud-h4,2026-05-23,7,3,Q03,Q02,FAIL,done,2026-08-04,False,
QM5_11417,PRE_JUNE,lasker-triple-bb-mean-reversion-gbpjpy-m15,2026-05-23,7,2,,Q02,INFRA_FAIL,done,2026-07-10,False,
QM5_11418,PRE_JUNE,nordstrom-abc-fib-reversal-h1,2026-05-23,18,3,,Q02,FAIL,done,2026-06-21,False,
QM5_11419,PRE_JUNE,144-lwma-5smma-proximity-crossover-m5,2026-05-23,6,2,Q02,Q04,FAIL,done,2026-07-14,False,
QM5_1142,PRE_JUNE,usdjpy-time-range-breakout,2026-05-17,115,9,Q03,Q03,PASS,done,2026-06-26,False,
QM5_11420,PRE_JUNE,macd-stochastic-pullback-scalp-m5,2026-05-23,7,2,,Q02,FAIL,done,2026-07-13,False,
QM5_11421,PRE_JUNE,ohlc-daily-squeeze-reversal-d1,2026-05-23,83,4,Q14,Q12,,pending,2026-09-03,True,Q12_REVIEW_READY;RETIRED
QM5_11422,PRE_JUNE,williams-18ma-outside-bar-entry-d1,2026-05-23,59,5,Q14,Q09_NEWS,,pending,2026-09-02,False,Q12_REVIEW_READY
QM5_11423,PRE_JUNE,williams-naked-close-stop-entry-d1,2026-05-23,4,1,Q03,Q04,FAIL,done,2026-08-11,False,
QM5_11424,PRE_JUNE,williams-fakeout-day-stop-entry-d1,2026-05-23,24,4,Q03,Q04,FAIL,done,2026-08-17,False,
QM5_11425,PRE_JUNE,williams-smash-day-stop-entry-d1,2026-05-23,7,4,,Q02,FAIL,done,2026-08-07,False,
QM5_11426,PRE_JUNE,williams-consecutive-down-closes-d1,2026-05-23,0,0,,,,,,False,
QM5_11427,PRE_JUNE,connors-rsi2-sma200-pullback-d1,2026-05-23,12,5,Q02,Q04,FAIL,done,2026-08-04,False,
QM5_11428,PRE_JUNE,connors-double7s-sma200-d1,2026-05-23,0,0,,,,,,False,
QM5_11429,PRE_JUNE,carter-london-open-box-breakout-m5,2026-05-23,16,3,Q03,Q04,FAIL,done,2026-07-18,False,
QM5_1143,PRE_JUNE,carver-ewmac-indices-grid,2026-05-17,384,32,,Q02,ZERO_TRADES,done,2026-08-02,False,
QM5_11430,PRE_JUNE,carter-cci21-ema4080-zero-cross-m5,2026-05-23,33,4,Q02,Q04,FAIL,done,2026-07-13,False,
QM5_11431,PRE_JUNE,lien-xtreme-fade-bb-adx-m15,2026-05-23,15,5,Q02,Q04,FAIL,done,2026-07-14,False,
QM5_11432,PRE_JUNE,carter-multitf-candle-color-h1,2026-05-23,0,0,,,,,,False,
QM5_11433,PRE_JUNE,ibr-mean-reversion-d1,2026-05-23,20,5,,Q02,FAIL,done,2026-06-25,False,
QM5_11436,PRE_JUNE,carter-t-sma150-rsi3-stoch-d1,2026-05-23,0,0,,,,,,False,
QM5_11437,PRE_JUNE,carter-t-ema18-adx-pullback-h1,2026-05-23,0,0,,,,,,False,
QM5_11438,PRE_JUNE,td-ema9ema30-momentum-h1,2026-05-23,0,0,,,,,,False,
QM5_11439,PRE_JUNE,pivot9level-macd-ema-m5,2026-05-23,17,5,Q02,Q02,FAIL,done,2026-06-25,False,
QM5_1144,PRE_JUNE,baur-gold-autumn-effect,2026-05-18,12,1,,Q02,FAIL,done,2026-07-28,False,
QM5_11440,PRE_JUNE,janus-100pips-daily-range-layered,2026-05-23,6,3,Q02,Q04,FAIL,done,2026-08-05,False,
QM5_11441,PRE_JUNE,ayuk-pftmms-lwma-fractal-osma-d1,2026-05-23,0,0,,,,,,False,
QM5_11442,PRE_JUNE,burke-frd-fgd-daily-pump-m5,2026-05-23,0,0,,,,,,False,
QM5_11443,PRE_JUNE,burke-day3-breakout-trap-m5,2026-05-23,0,0,,,,,,False,
QM5_11444,PRE_JUNE,burke-inside-day-m5,2026-05-23,21,5,Q02,Q04,FAIL,done,2026-06-25,False,
QM5_11445,PRE_JUNE,burke-low-hanging-fruit-m5,2026-05-23,25,5,Q02,Q04,FAIL,done,2026-06-25,False,
QM5_11446,PRE_JUNE,burke-3day-rectangle-breakout-m5,2026-05-23,15,5,,Q02,ZERO_TRADES,done,2026-07-26,False,
QM5_11447,PRE_JUNE,burke-parabolic-short-squeeze-m5,2026-05-23,10,5,,Q02,ZERO_TRADES,done,2026-08-11,False,
QM5_11448,PRE_JUNE,crue-ichimoku-5line-rank-d1,2026-05-23,0,0,,,,,,False,
QM5_11449,PRE_JUNE,macd-psar-atr-trend-h4,2026-05-23,14,5,Q03,Q03,PASS,done,2026-08-31,False,
QM5_1145,PRE_JUNE,cliff-cooper-intraday-only-idx,2026-05-18,64,5,Q03,Q04,,pending,2026-08-17,False,
QM5_11450,PRE_JUNE,london-breakfast-asian-range-m15,2026-05-23,14,5,Q02,Q04,FAIL,done,2026-07-14,False,
QM5_11451,PRE_JUNE,vegas-wave-ema144ema169-fractal-h1,2026-05-23,14,5,Q03,Q04,,pending,2026-09-02,False,
QM5_11452,PRE_JUNE,big-ben-fade-asian-range-m5,2026-05-23,11,5,Q02,Q04,FAIL,done,2026-07-13,False,
QM5_11454,PRE_JUNE,davey-session-open-bracket-breakout,2026-05-23,0,0,,,,,,False,
QM5_11458,PRE_JUNE,goodwin-friday-monday-gap-d1,2026-05-23,40,5,Q02,Q04,,pending,2026-08-17,False,
QM5_11459,PRE_JUNE,blade-macd-stoch-divergence-h1,2026-05-23,0,0,,,,,,False,
QM5_1146,PRE_JUNE,unger-dax-overnight-bias,2026-05-18,31,3,Q02,Q04,FAIL,done,2026-06-22,False,
QM5_11460,PRE_JUNE,sachs-consolidation-breakout-sma50-ema15,2026-05-23,0,0,,,,,,False,
QM5_11462,PRE_JUNE,goodwin-j-kangaroo-tail-breakout-d1,2026-05-23,8,3,Q03,Q04,FAIL,done,2026-08-08,False,
QM5_11463,PRE_JUNE,goodwin-j-session-high-breakout-usdjpy,2026-05-23,31,3,Q02,Q02,,pending,2026-08-31,False,
QM5_11464,PRE_JUNE,robles-continuation-ema50-williams-h4d1,2026-05-23,0,0,,,,,,False,
QM5_11466,PRE_JUNE,samuels-123-pattern-fractal-d1h4,2026-05-23,0,0,,,,,,False,
QM5_11467,PRE_JUNE,duplooy-multiMA-knot-straddle-h1,2026-05-23,0,0,,,,,,False,
QM5_11468,PRE_JUNE,nekritin-peters-last-kiss-d1h4,2026-05-23,5,5,,Q02,FAIL,done,2026-08-13,False,
QM5_11469,PRE_JUNE,nekritin-peters-big-shadow-d1h4,2026-05-23,36,5,,Q02,FAIL,done,2026-08-01,False,
QM5_1147,PRE_JUNE,unger-dax-false-break-reversal,2026-05-17,10,1,Q02,Q04,,pending,2026-08-17,False,
QM5_11470,PRE_JUNE,nekritin-peters-kangaroo-tail-d1,2026-05-23,12,5,Q04,Q05,FAIL,done,2026-08-10,False,
QM5_11471,PRE_JUNE,nekritin-peters-wammie-moolah-d1,2026-05-23,42,5,Q03,Q04,,pending,2026-08-17,False,
QM5_11472,PRE_JUNE,nekritin-peters-big-belt-d1,2026-05-23,40,5,,Q02,FAIL,done,2026-08-10,False,
QM5_11473,PRE_JUNE,carter-t-smma55-channel-wpr-stoch-h1,2026-05-23,0,0,,,,,,False,
QM5_11474,PRE_JUNE,carter-t-mtf-candle-alignment-h1,2026-05-23,10,2,Q02,Q04,FAIL,done,2026-06-25,False,
QM5_11475,PRE_JUNE,lien-k-xtreme-fade-bb3sd-adx-m15,2026-05-23,44,5,,Q02,FAIL,done,2026-07-10,False,
QM5_11476,PRE_JUNE,lien-k-double-bb-trend-h1,2026-05-23,59,5,Q08,Q10_NEWS,,pending,2026-09-03,False,
QM5_11477,PRE_JUNE,williams-l-fakeout-day-d1,2026-05-23,16,5,Q02,Q04,,pending,2026-08-17,False,
QM5_11478,PRE_JUNE,williams-l-smash-day-d1,2026-05-23,46,5,Q03,Q03,INFRA_FAIL,failed,2026-07-29,False,
QM5_11479,PRE_JUNE,davey-k-low-volume-mean-reversion-d1,2026-05-23,39,5,Q02,Q04,,pending,2026-08-17,False,
QM5_1148,PRE_JUNE,unger-dax-gap-reversal,2026-05-17,8,1,,Q02,FAIL,done,2026-06-22,False,
QM5_11480,PRE_JUNE,capra-pristine-pbs-pss-pullback-d1,2026-05-23,7,5,Q02,Q04,FAIL,done,2026-08-15,False,
QM5_11481,PRE_JUNE,carter-t-ny-open-box-m5,2026-05-23,17,5,Q04,Q05,FAIL,done,2026-07-13,False,
QM5_11482,PRE_JUNE,singh-m-good-morning-asia-d1,2026-05-23,5,1,Q02,Q04,FAIL,done,2026-06-22,False,
QM5_11483,PRE_JUNE,williams-l-outside-bar-exhaustion-d1,2026-05-23,16,5,Q06,Q07,FAIL,done,2026-08-16,False,
QM5_11484,PRE_JUNE,carter-t-40-80-ema-cci-zero-m5,2026-05-23,42,5,Q02,Q04,FAIL,done,2026-07-18,False,
QM5_11485,PRE_JUNE,carter-t-cci100-macd-momentum-m5,2026-05-23,13,3,Q02,Q04,FAIL,done,2026-06-25,False,
QM5_11486,PRE_JUNE,carter-t-20ema-macd-zero-m5,2026-05-23,19,5,Q02,Q02,FAIL,done,2026-06-25,False,
QM5_11487,PRE_JUNE,carter-t-50-100-ema-macd-breakout-m5,2026-05-23,62,5,Q03,Q04,,pending,2026-08-17,False,
QM5_11488,PRE_JUNE,samuels-j-123-pattern-pullback-d1,2026-05-23,0,0,,,,,,False,
QM5_11489,PRE_JUNE,suhr-s-bank-stop-run-reversal-d1,2026-05-23,11,4,Q04,Q05,FAIL,done,2026-08-08,False,
QM5_1149,PRE_JUNE,unger-dax-adx-low-breakout,2026-05-17,8,1,,Q02,FAIL,done,2026-07-10,False,
QM5_11490,PRE_JUNE,robles-c-continuation-50ema-wpr-d1,2026-05-23,0,0,,,,,,False,
QM5_11491,PRE_JUNE,watthana-candlestick-rsi-stochastic-h4,2026-05-23,6,2,,Q02,FAIL,done,2026-06-26,False,
QM5_11492,PRE_JUNE,carter-t-bb-stoch-outside-reversal-m5,2026-05-23,16,4,Q02,Q04,FAIL,done,2026-06-30,False,
QM5_11493,PRE_JUNE,carter-t-bb-slope-midline-bounce-m5,2026-05-23,34,3,,Q02,FAIL,done,2026-07-10,False,
QM5_11494,PRE_JUNE,carter-t-mtf-triple-ema-bb-align-m5h1,2026-05-23,2,1,,Q02,FAIL,done,2026-08-02,False,
QM5_11495,PRE_JUNE,carter-t-ema3-8-macd-stoch-psar-sd-m5,2026-05-23,0,0,,,,,,False,
QM5_11497,PRE_JUNE,connors-alvarez-double7s-sma200-d1,2026-05-23,5,5,,Q02,DRAFT_DEFECT,done,2026-08-10,False,
QM5_11498,PRE_JUNE,connors-alvarez-cumulative-rsi2-sma200-d1,2026-05-23,3,3,,Q02,ZERO_TRADES,done,2026-08-09,False,
QM5_11499,PRE_JUNE,langer-bb20-d1trend-m5-scalp,2026-05-23,16,4,,Q02,FAIL,done,2026-06-25,False,
QM5_1150,PRE_JUNE,unger-gold-session-breakout-tf,2026-05-18,14,1,Q02,Q04,,pending,2026-08-17,False,
QM5_11500,PRE_JUNE,langer-engulfing-w1-position,2026-05-23,16,6,,Q02,,pending,2026-08-12,False,
QM5_11501,PRE_JUNE,langer-engulfing-d1-swing,2026-05-23,10,5,,Q02,FAIL,done,2026-06-26,False,
QM5_11502,PRE_JUNE,watthana-hammer-rsi-stoch-h1,2026-05-23,33,4,Q02,Q04,FAIL,done,2026-08-17,False,
QM5_11503,PRE_JUNE,goodwin-outside-daily-bar-d1,2026-05-23,11,3,Q04,Q05,FAIL,done,2026-08-03,False,
QM5_11504,PRE_JUNE,goodwin-kangaroo-tail-d1,2026-05-23,10,3,Q03,Q04,,pending,2026-08-17,False,
QM5_11505,PRE_JUNE,goodwin-hourly-breakout-h1,2026-05-23,19,2,Q02,Q04,FAIL,done,2026-07-20,False,
QM5_11506,PRE_JUNE,carter-t-ema10-25-50-psar-m30,2026-05-23,7,3,Q02,Q04,FAIL,done,2026-07-13,False,
QM5_11507,PRE_JUNE,carter-t-ema20-macd-buystop-m15,2026-05-23,7,3,Q02,Q04,FAIL,done,2026-07-13,False,
QM5_11508,PRE_JUNE,carter-t-ema50-100-macd-breakout,2026-05-23,0,0,,,,,,False,
QM5_11509,PRE_JUNE,carter-t-ema5-10-stoch-rsi,2026-05-23,28,3,Q02,Q04,FAIL,done,2026-08-07,False,
QM5_1151,PRE_JUNE,unger-gold-keltner-meanrev,2026-05-18,9,1,Q02,Q04,,pending,2026-08-17,False,
QM5_11510,PRE_JUNE,carter-t-wma10-sma20-stoch-rsi-macd-m5,2026-05-23,31,3,Q02,Q04,FAIL,done,2026-07-14,False,
QM5_11511,PRE_JUNE,carter-t-sma32-band-psar-sma100-200,2026-05-23,9,3,Q02,Q04,,pending,2026-08-17,False,
QM5_11512,PRE_JUNE,carter-t-ema2-4-stoch-d1,2026-05-23,14,3,Q03,Q03,PASS,done,2026-06-29,False,
QM5_11513,PRE_JUNE,carter-t-ema4-11-adx13-d1,2026-05-23,2,2,,Q02,ZERO_TRADES,done,2026-08-03,False,
QM5_11514,PRE_JUNE,carter-t-macd3916-adx16-d1,2026-05-23,6,2,Q04,Q04,FAIL,done,2026-08-03,False,
QM5_11515,PRE_JUNE,carter-t-adx14-prev-day-range-h1,2026-05-23,4,3,Q02,Q04,FAIL,done,2026-08-07,False,
QM5_11519,PRE_JUNE,carter-t-ema7-21-pullback,2026-05-23,9,3,Q02,Q04,,pending,2026-08-17,False,
QM5_1152,PRE_JUNE,unger-crude-round-number-tf,2026-05-18,8,1,,Q02,FAIL,done,2026-06-22,False,
QM5_11520,PRE_JUNE,carter-t-ema18-adx12-pullback,2026-05-23,13,3,Q02,Q04,FAIL,done,2026-07-18,False,
QM5_11521,PRE_JUNE,carter-t-ema6-13-macd-psar-h4-gbp,2026-05-23,29,2,Q04,Q03,,pending,2026-08-31,False,
QM5_11522,PRE_JUNE,carter-t-ema4-10-adx28-macd5104-h4,2026-05-23,9,4,,Q02,ZERO_TRADES,done,2026-08-12,False,
QM5_11523,PRE_JUNE,ciurea-sma100-price-cross-h4,2026-05-23,6,2,Q02,Q04,FAIL,done,2026-08-07,False,
QM5_11524,PRE_JUNE,ciurea-ema200-price-cross-m30,2026-05-23,10,1,,Q02,FAIL,done,2026-06-24,False,
QM5_11525,PRE_JUNE,ciurea-stoch1435-bounce-h4,2026-05-23,4,2,Q02,Q04,FAIL,done,2026-08-01,False,
QM5_11526,PRE_JUNE,ciurea-rsi10-50-d1,2026-05-23,7,1,,Q02,FAIL,done,2026-06-25,False,
QM5_11527,PRE_JUNE,ciurea-engulfing-m30,2026-05-23,4,2,Q02,Q04,FAIL,done,2026-07-13,False,
QM5_11528,PRE_JUNE,ciurea-inv-hammer-shooting-star-m30,2026-05-23,26,2,,Q02,INVALID,failed,2026-08-23,False,
QM5_11529,PRE_JUNE,ciurea-hammer-hanging-man-m15,2026-05-23,20,2,Q02,Q04,FAIL,done,2026-07-14,False,
QM5_1153,PRE_JUNE,unger-nasdaq-priorclose-expansion,2026-05-17,35,3,Q03,Q04,,pending,2026-08-17,False,
QM5_11530,PRE_JUNE,carter-t-h1-sma9-100-cross,2026-05-23,0,0,,,,,,False,
QM5_11534,PRE_JUNE,carter-t-h1-bb20-ema3-macd617-rsi14,2026-05-23,6,2,Q02,Q04,FAIL,done,2026-08-08,False,
QM5_11535,PRE_JUNE,carter-t-h1-psar01-ema5-12-34,2026-05-23,3,1,Q02,Q04,FAIL,done,2026-06-25,False,
QM5_11536,PRE_JUNE,carter-t-h1-ema14hl-psar,2026-05-23,1,1,,Q02,FAIL,done,2026-06-26,False,
QM5_1154,PRE_JUNE,unger-dax-4h-high-breakout,2026-05-17,19,1,Q03,Q03,PASS,done,2026-06-28,False,
QM5_11540,PRE_JUNE,carter-t-h1-ema5-13-62-macd3060-sep,2026-05-23,0,0,,,,,,False,
QM5_11541,PRE_JUNE,carter-t-h1-ema5-21-rsi21-candlestick,2026-05-23,10,2,Q02,Q04,FAIL,done,2026-08-07,False,
QM5_11542,PRE_JUNE,carter-t-h1-mtf-4candle-align,2026-05-23,5,2,Q02,Q04,,pending,2026-08-17,False,
QM5_11543,PRE_JUNE,carter-t-h1-ema100-smma28-macd3060,2026-05-23,0,0,,,,,,False,
QM5_11544,PRE_JUNE,carter-t-h1-psar02-adx50,2026-05-23,0,0,,,,,,False,
QM5_11545,PRE_JUNE,carter-t-h1-ema18-28-wma5-12-rsi21,2026-05-23,5,1,Q02,Q04,FAIL,done,2026-06-25,False,
QM5_11546,PRE_JUNE,carter-t-m5-macd1226-stoch533-ema5oc,2026-05-23,3,1,Q02,Q04,,pending,2026-08-17,False,
QM5_11547,PRE_JUNE,carter-t-m5-bb20-midband-pullback,2026-05-23,19,2,,Q02,FAIL,done,2026-07-13,False,
QM5_11548,PRE_JUNE,carter-t-m5-session-box-breakout,2026-05-23,2,2,,Q02,INFRA_FAIL,failed,2026-06-22,False,
QM5_11549,PRE_JUNE,carter-t-m5-bb503234-rsi3-stoch633,2026-05-23,1,1,,Q02,FAIL,done,2026-06-22,False,
QM5_1155,PRE_JUNE,unger-nasdaq-atr-spike-short,2026-05-17,29,3,Q02,Q04,FAIL,done,2026-07-10,False,
QM5_11550,PRE_JUNE,carter-t-m5-ema50-100-macd-partial,2026-05-23,9,1,,Q02,FAIL,done,2026-06-24,False,
QM5_11551,PRE_JUNE,carter-t-m5-ema40-80-cci21,2026-05-23,5,1,,Q02,FAIL,done,2026-06-24,False,
QM5_11552,PRE_JUNE,carter-t-m5-ema5-10-mtf4h-rsi-stoch-macd,2026-05-24,11,1,Q02,Q04,FAIL,done,2026-06-25,False,
QM5_11553,PRE_JUNE,carter-t-m5-cci14-macd1269,2026-05-23,8,2,Q02,Q04,FAIL,done,2026-07-14,False,
QM5_11554,PRE_JUNE,carter-t-m5-wma10-sma20-stoch-rsi28-macd,2026-05-23,13,1,,Q02,INVALID,failed,2026-08-23,False,
QM5_11555,PRE_JUNE,carter-t-m5-wma5-sma11-psar-adx14,2026-05-23,52,4,,Q02,INVALID,failed,2026-08-23,False,
QM5_11556,PRE_JUNE,carter-t-m5-ema3-8-macd-stoch-psar-sd20,2026-05-23,13,1,,Q02,INVALID,failed,2026-08-23,False,
QM5_11557,PRE_JUNE,carter-t-m5-ema20-macd-buystop-partial,2026-05-23,1,1,,Q02,FAIL,done,2026-06-22,False,
QM5_11558,PRE_JUNE,carter-t-m5-psar-macd64128-ema100,2026-05-23,0,0,,,,,,False,
QM5_11559,PRE_JUNE,carter-t-m5-ema3-bb203-macd,2026-05-23,0,0,,,,,,False,
QM5_1156,PRE_JUNE,caldeira-cointegration-pairs-fx,2026-05-18,66,7,Q02,Q04,,pending,2026-08-17,False,
QM5_11560,PRE_JUNE,lien-xtreme-fade-bb3-adx25-m15,2026-05-23,6,2,Q04,Q05,FAIL,done,2026-07-14,False,
QM5_11561,PRE_JUNE,singh-good-morning-asia-d1-usdjpy,2026-05-23,0,0,,,,,,False,
QM5_11562,PRE_JUNE,watthana-2018-candlestick-rsi14-stoch14-h4,2026-05-23,13,1,,Q02,DRAFT_DEFECT,done,2026-07-29,False,
QM5_11564,PRE_JUNE,connors-double7s-sma200-d1,2026-05-23,12,3,Q02,Q03,FAIL,done,2026-08-04,False,
QM5_11565,PRE_JUNE,connors-3down-days-sma200-d1,2026-05-23,8,3,Q04,Q03,PASS,done,2026-08-08,False,
QM5_1157,PRE_JUNE,plastun-crude-oil-autumn,2026-05-17,0,0,,,,,,False,
QM5_11570,PRE_JUNE,wilder-tbp-momentum-d1,2026-05-23,0,0,,,,,,False,
QM5_11573,PRE_JUNE,robo-ema200-awesome-h1,2026-05-23,0,0,,,,,,False,
QM5_11574,PRE_JUNE,robo-ichi-awesome-h1,2026-05-23,0,0,,,,,,False,
QM5_11575,PRE_JUNE,robo-32points-d1,2026-05-23,0,0,,,,,,False,
QM5_11576,PRE_JUNE,robo-daily-break-ma-d1,2026-05-23,0,0,,,,,,False,
QM5_11577,PRE_JUNE,robo-psar-awesome2-m30,2026-05-23,12,3,Q02,Q04,,pending,2026-08-17,False,
QM5_11578,PRE_JUNE,neely-weller-pct-filter-rule-d1,2026-05-23,10,4,Q03,Q03,PASS,done,2026-07-26,False,
QM5_11580,PRE_JUNE,williams-outside-bar-daily-d1,2026-05-24,0,0,,,,,,False,
QM5_11581,PRE_JUNE,goodwin-kangaroo-tail-breakout-d1,2026-05-24,11,1,Q03,Q03,PASS,done,2026-06-25,False,
QM5_11582,PRE_JUNE,goodwin-asian-session-breakout-usdjpy-h1,2026-05-24,14,1,Q03,Q03,PASS,done,2026-07-28,False,
QM5_11584,PRE_JUNE,watthana-hammer-rsi-stoch-d1,2026-05-23,0,0,,,,,,False,
QM5_11585,PRE_JUNE,neely-weller-channel-buffer-band-d1,2026-05-23,12,6,Q02,Q04,FAIL,done,2026-07-18,False,
QM5_11587,PRE_JUNE,bf-ha-ema,2026-05-23,16,4,Q02,Q04,FAIL,done,2026-06-23,False,
QM5_11588,PRE_JUNE,bf-ha-ema2,2026-05-23,13,4,,Q02,FAIL,done,2026-07-10,False,
QM5_11589,PRE_JUNE,bf-break-vol,2026-05-23,13,4,,Q02,FAIL,done,2026-07-10,False,
QM5_1159,PRE_JUNE,qp-spy-overnight-ma20,2026-05-17,11,3,Q04,Q05,,pending,2026-09-02,False,
QM5_11591,PRE_JUNE,robo-ao-macd574-h4,2026-05-23,0,0,,,,,,False,
QM5_11592,PRE_JUNE,robo-3candle-fade-h4,2026-05-23,9,2,Q02,Q02,PASS,done,2026-08-02,False,
QM5_11593,PRE_JUNE,robo-midnight-hammer-adx-d1,2026-05-24,17,6,Q03,Q04,FAIL,done,2026-09-02,False,
QM5_1160,PRE_JUNE,qp-gold-christmas-drift,2026-05-18,12,1,,Q02,FAIL,done,2026-07-28,False,
QM5_11601,PRE_JUNE,cobra-sma72-ema12-band-adx-h1,2026-05-23,0,0,,,,,,False,
QM5_11605,PRE_JUNE,ar-supertrend,2026-05-23,32,5,Q03,Q02,,pending,2026-08-30,False,
QM5_1161,PRE_JUNE,unger-crude-intraday-bias,2026-05-17,8,1,,Q02,FAIL,done,2026-06-22,False,
QM5_11612,PRE_JUNE,robo-alligator-sma144-m15,2026-05-24,0,0,,,,,,False,
QM5_11613,PRE_JUNE,robo-bb-wpr25-rsi5-m15,2026-05-24,0,0,,,,,,False,
QM5_11614,PRE_JUNE,robo-sma11-21-momentum30-rsi14-m15,2026-05-24,0,0,,,,,,False,
QM5_11615,PRE_JUNE,robo-dual-sma-band-rsi11-m15,2026-05-25,0,0,,,,,,False,
QM5_11616,PRE_JUNE,robo-ema8-28-cci30-m30,2026-05-24,18,5,Q02,Q02,PASS,done,2026-06-26,False,
QM5_11617,PRE_JUNE,robo-psar001-ao-ema5-m30,2026-05-24,8,3,Q02,Q04,FAIL,done,2026-06-25,False,
QM5_11618,PRE_JUNE,robo-lwma-low-macd1526-m30,2026-05-24,13,4,Q02,Q04,FAIL,done,2026-06-26,False,
QM5_1162,PRE_JUNE,unger-nasdaq-close-channel,2026-05-18,34,3,Q03,Q03,PASS,done,2026-06-28,False,
QM5_11621,PRE_JUNE,robo-ema100hl-bb10-23-reversal-h4,2026-05-25,14,4,Q03,Q04,FAIL,done,2026-06-27,False,
QM5_11622,PRE_JUNE,ba-sma12-x,2026-05-23,24,7,Q02,Q04,,pending,2026-08-17,False,
QM5_11623,PRE_JUNE,ba-rsi7-3070,2026-05-23,23,7,Q02,Q04,FAIL,done,2026-08-08,False,
QM5_11624,PRE_JUNE,ba-bb30-mid,2026-05-23,23,7,Q02,Q04,FAIL,done,2026-08-08,False,
QM5_11625,PRE_JUNE,ba-ema-dual,2026-05-23,83,7,Q03,Q02,,pending,2026-08-30,False,
QM5_11626,PRE_JUNE,pj-ema8-30,2026-05-23,22,7,,Q02,ZERO_TRADES,done,2026-08-05,False,
QM5_11628,PRE_JUNE,cat-dualma,2026-05-23,0,0,,,,,,False,
QM5_11629,PRE_JUNE,cat-rsi6070,2026-05-24,25,5,Q03,Q04,FAIL,done,2026-06-25,False,
QM5_1163,PRE_JUNE,unger-dax-bb-multiday,2026-05-18,27,3,,Q02,FAIL,done,2026-06-22,False,
QM5_11630,PRE_JUNE,cat-rsi-pt,2026-05-24,62,5,Q03,Q04,,pending,2026-09-02,False,
QM5_11632,PRE_JUNE,cat-btd-rsi,2026-05-23,0,0,,,,,,False,
QM5_11634,PRE_JUNE,fsr-double-stoch21-9-h1,2026-05-24,7,4,,Q02,ZERO_TRADES,done,2026-07-31,False,
QM5_11635,PRE_JUNE,fsr-adv6-ema20-40-adx-h4,2026-05-24,15,4,Q02,Q04,,pending,2026-08-17,False,
QM5_11636,PRE_JUNE,fsr-ema7-21-adx14-macd-h1,2026-05-24,25,4,Q03,Q02,INVALID,failed,2026-08-17,False,
QM5_11638,PRE_JUNE,robo-bb120-3dev-ema48-h1,2026-05-24,0,0,,,,,,False,
QM5_11639,PRE_JUNE,robo-ma6-35-150-365-h1,2026-05-24,0,0,,,,,,False,
QM5_1164,PRE_JUNE,unger-gold-donchian-bias,2026-05-18,9,1,Q02,Q04,,pending,2026-08-17,False,
QM5_11640,PRE_JUNE,robo-ema100hl-bb10-h4,2026-05-26,0,0,,,,,,False,
QM5_11641,PRE_JUNE,robo-sma20l-ema34-adx13-d1,2026-05-31,0,0,,,,,,False,
QM5_11642,PRE_JUNE,robo-smma818-psar026-stoch1225-h1,2026-05-26,0,0,,,,,,False,
QM5_1165,PRE_JUNE,unger-gold-linreg-trend,2026-05-17,7,1,,Q02,FAIL,done,2026-06-23,False,
QM5_11657,PRE_JUNE,pp-hs-rev,2026-05-24,7,5,Q04,Q05,FAIL_DD_PORTFOLIO_REVIEW,done,2026-08-29,False,
QM5_11658,PRE_JUNE,pp-mtops-bots,2026-05-24,0,0,,,,,,False,
QM5_11659,PRE_JUNE,pp-triangle,2026-05-24,13,5,Q02,Q04,,pending,2026-09-02,False,
QM5_1166,PRE_JUNE,qp-gold-treasury-mom,2026-05-18,7,1,,Q02,FAIL,done,2026-06-23,False,
QM5_11660,PRE_JUNE,pp-wedge,2026-05-24,25,5,Q11,Q12,,pending,2026-08-31,False,
QM5_11661,PRE_JUNE,pp-double-tb,2026-05-23,12,5,Q03,Q04,,pending,2026-08-19,False,
QM5_11662,PRE_JUNE,fps-ema10-25-50-h1,2026-05-24,0,0,,,,,,False,
QM5_11663,PRE_JUNE,fps-ema25-50-100-m1,2026-05-24,10,4,Q02,Q04,FAIL,done,2026-07-13,False,
QM5_11664,PRE_JUNE,ma11-macd-m30,2026-05-24,16,6,Q02,Q04,,pending,2026-08-17,False,
QM5_11665,PRE_JUNE,micro-bb18-ema3-macd-rsi-m1,2026-05-24,11,4,Q02,Q04,FAIL,done,2026-07-13,False,
QM5_11666,PRE_JUNE,td-ema9-30-momentum-h1,2026-05-24,0,0,,,,,,False,
QM5_1167,PRE_JUNE,qp-inflation-gold-bond,2026-05-18,12,1,,Q02,ZERO_TRADES,done,2026-07-28,False,
QM5_11670,PRE_JUNE,suhr-bank-stop-run-m5,2026-05-24,29,5,Q04,Q04,FAIL,done,2026-07-14,False,
QM5_11671,PRE_JUNE,tc-h1-s6-ema5-15-60-pullback,2026-05-24,0,0,,,,,,False,
QM5_11672,PRE_JUNE,tc-h1-s7-ema3-5-13-21-80-rsi,2026-05-24,0,0,,,,,,False,
QM5_11673,PRE_JUNE,tc-h1-s8-bb20-ema3-macd617-rsi,2026-05-24,26,2,,Q02,RETIRE,done,2026-08-30,False,
QM5_11674,PRE_JUNE,tc-h1-s9-psar-ema5-12-34,2026-05-24,0,0,,,,,,False,
QM5_11675,PRE_JUNE,tc-h1-s11-ema75-bb20-rsi,2026-05-24,0,0,,,,,,False,
QM5_11676,PRE_JUNE,tc-h1-s12-ema3-5-34-89-rsi3-stoch-adx,2026-05-24,0,0,,,,,,False,
QM5_11678,PRE_JUNE,tc-h1-s16-4tf-candle-align,2026-05-24,0,0,,,,,,False,
QM5_11679,PRE_JUNE,tc-h1-s18-ema5-10-stoch-rsi,2026-05-24,0,0,,,,,,False,
QM5_1168,PRE_JUNE,qp-oil-preholiday,2026-05-18,12,1,,Q02,FAIL,done,2026-07-10,False,
QM5_11680,PRE_JUNE,tc-h1-s20-ema18-28-wma5-12-rsi,2026-05-24,0,0,,,,,,False,
QM5_11682,PRE_JUNE,tc-h1-s10-ema14hl-psar,2026-05-24,0,0,,,,,,False,
QM5_11685,PRE_JUNE,tc-h1-s19-psar-adx50,2026-05-24,0,0,,,,,,False,
QM5_11688,PRE_JUNE,tc-h1-s17-smma28-ema100-macd,2026-05-24,0,0,,,,,,False,
QM5_1169,PRE_JUNE,qp-comm-corr-mom,2026-05-18,12,4,Q02,Q04,,pending,2026-08-22,False,
QM5_11690,PRE_JUNE,strat-ma-trend,2026-05-24,7,3,Q04,Q02,,pending,2026-07-26,False,
QM5_11692,PRE_JUNE,strat-macd,2026-05-24,20,3,Q03,Q02,PASS,done,2026-08-03,False,
QM5_11693,PRE_JUNE,strat-mom,2026-05-24,0,0,,,,,,False,
QM5_11697,PRE_JUNE,pl-bb20-m5-scalp-d1trend,2026-05-24,16,5,Q02,Q04,FAIL,done,2026-07-13,False,
QM5_11698,PRE_JUNE,pl-daily-engulfing-swing-d1,2026-05-24,0,0,,,,,,False,
QM5_11699,PRE_JUNE,anon-sma10-15-50-m5-scalp,2026-05-24,38,5,Q02,Q04,,pending,2026-08-17,False,
QM5_11700,PRE_JUNE,ciurea-inv-hammer-star-m30,2026-05-24,15,2,,Q02,FAIL,done,2026-07-13,False,
QM5_11701,PRE_JUNE,fsr-trix14-zerolinecross,2026-05-24,29,4,,Q02,ZERO_TRADES,done,2026-08-05,False,
QM5_11702,PRE_JUNE,fsr-trix14-signalcross,2026-05-24,0,0,,,,,,False,
QM5_11704,PRE_JUNE,fsr-macd-stoch-m5-scalp,2026-05-24,19,2,,Q02,FAIL,done,2026-07-13,False,
QM5_11705,PRE_JUNE,fsr-ema5-13-cross-h1,2026-05-24,0,0,,,,,,False,
QM5_11708,PRE_JUNE,anon-market-squeeze-d1,2026-05-24,35,4,Q11,Q12,,pending,2026-09-03,True,Q12_REVIEW_READY
QM5_11709,PRE_JUNE,anon-h4-macd513-extreme-reversal,2026-05-24,0,0,,,,,,False,
QM5_1171,PRE_JUNE,qp-gold-global-holiday,2026-05-18,7,1,,Q02,FAIL,done,2026-06-23,False,
QM5_11713,PRE_JUNE,blade-macd-divergence-stoch,2026-05-24,0,0,,,,,,False,
QM5_11714,PRE_JUNE,chelo-gbpjpy-triple-bb50-scalp,2026-05-24,4,1,,Q02,FAIL,done,2026-06-22,False,
QM5_11715,PRE_JUNE,tradingwalk-abc-fib-extension,2026-05-24,0,0,,,,,,False,
QM5_11716,PRE_JUNE,nico-smi-vq-m15-eurjpy,2026-05-24,0,0,,,,,,False,
QM5_11719,PRE_JUNE,tc-m5-s4-bb-midband-trend,2026-05-24,0,0,,,,,,False,
QM5_11720,PRE_JUNE,tc-m5-s6-mtf-ema-bb,2026-05-24,0,0,,,,,,False,
QM5_11721,PRE_JUNE,tc-m5-s7-london-box-breakout,2026-05-24,26,2,,Q02,INVALID,failed,2026-08-23,False,
QM5_11722,PRE_JUNE,tc-m5-s8-triple-bb-rsi-stoch,2026-05-24,16,4,,Q02,FAIL,done,2026-07-13,False,
QM5_11724,PRE_JUNE,tc-m5-s11-mtf-h4-ema-macd-stoch,2026-05-24,35,4,Q02,Q04,,pending,2026-08-17,False,
QM5_11725,PRE_JUNE,tc-m5-s12-ema-laguerre,2026-05-24,0,0,,,,,,False,
QM5_11726,PRE_JUNE,tc-m5-s13-cci-macd-breakthrough,2026-05-24,6,2,Q02,Q04,FAIL,done,2026-07-14,False,
QM5_11728,PRE_JUNE,tc-m5-s16-wma-psar-adx,2026-05-24,0,0,,,,,,False,
QM5_11729,PRE_JUNE,tc-m5-s17-ema-macd-psar-stddev,2026-05-24,32,6,Q02,Q04,,pending,2026-08-17,False,
QM5_1173,PRE_JUNE,qp-eafe-spy-sma-spread,2026-05-18,26,2,,Q02,RETIRE,failed,2026-08-12,False,
QM5_11730,PRE_JUNE,tc-m5-s19-psar-macd-ema100,2026-05-24,0,0,,,,,,False,
QM5_11731,PRE_JUNE,tc-m5-s20-ema3-bb-macd,2026-05-24,0,0,,,,,,False,
QM5_11733,PRE_JUNE,tc-m5-s15-ema-bb-channel-macd,2026-05-24,11,4,Q02,Q04,FAIL,done,2026-07-14,False,
QM5_11734,PRE_JUNE,tc-m5-s18-ema20-macd-cross,2026-05-24,19,4,Q02,Q04,FAIL,done,2026-07-13,False,
QM5_11735,PRE_JUNE,rfs-psar-cci-ema-m5,2026-05-24,0,0,,,,,,False,
QM5_11736,PRE_JUNE,rfs-cutting-points-bb-rsi-adx-m5,2026-05-24,0,0,,,,,,False,
QM5_11737,PRE_JUNE,rfs-adx-momentum-m5,2026-05-24,38,4,Q02,Q04,FAIL,done,2026-07-13,False,
QM5_11738,PRE_JUNE,rfs-ha-adx-stoch-m5,2026-05-24,39,4,Q02,Q04,FAIL,done,2026-07-18,False,
QM5_11739,PRE_JUNE,rfs-alligator-sma144-m15,2026-05-24,37,5,Q02,Q04,,pending,2026-08-17,False,
QM5_11740,PRE_JUNE,rfs-momentum-sma-m15,2026-05-24,39,5,Q02,Q04,FAIL,done,2026-07-14,False,
QM5_11741,PRE_JUNE,rfs-ema200-ao-h1,2026-05-24,42,5,Q02,Q04,FAIL,done,2026-07-09,False,
QM5_11742,PRE_JUNE,rfs-ema3-psar-h1,2026-05-24,0,0,,,,,,False,
QM5_11743,PRE_JUNE,rfs-ichimoku-ao-h1,2026-05-24,0,0,,,,,,False,
QM5_11744,PRE_JUNE,rfs-ema5-stoch-rsi-h1,2026-05-24,0,0,,,,,,False,
QM5_11745,PRE_JUNE,rfs-3sma-h4,2026-05-24,0,0,,,,,,False,
QM5_11748,PRE_JUNE,bigben-london-range-fade,2026-05-24,32,5,Q02,Q04,FAIL,done,2026-07-31,False,
QM5_11749,PRE_JUNE,london-breakfast-asia-box-breakout,2026-05-24,32,5,Q02,Q04,FAIL,done,2026-07-17,False,
QM5_1175,PRE_JUNE,qp-alt-etf-extrema-rev,2026-05-18,14,6,,Q02,INFRA_FAIL,failed,2026-07-29,False,
QM5_11750,PRE_JUNE,nfs-ema3-psar-h1-profit,2026-05-24,31,4,Q03,Q04,,pending,2026-08-17,False,
QM5_11751,PRE_JUNE,nfs-tom-demark-ema-momentum-h1,2026-05-24,0,0,,,,,,False,
QM5_11752,PRE_JUNE,nfs-intraday-pivots-ema-macd,2026-05-24,20,4,Q02,Q04,FAIL,done,2026-06-25,False,
QM5_11753,PRE_JUNE,5min-sma10-15-50-scalp,2026-05-24,36,5,Q02,Q04,FAIL,done,2026-07-18,False,
QM5_11754,PRE_JUNE,continuation-ema50-williamsr-mtf,2026-05-24,27,6,Q09,Q10_NEWS,REVIEW_REQUIRED,done,2026-08-24,False,
QM5_11755,PRE_JUNE,davey-big-range-momentum-h1,2026-05-24,42,6,Q02,Q04,FAIL,done,2026-08-07,False,
QM5_11759,PRE_JUNE,continuation-ema50-williamsr-w1d1,2026-05-24,0,0,,,,,,False,
QM5_1176,PRE_JUNE,qp-stock-ath-atr-trend,2026-05-18,26,3,,Q02,INVALID,failed,2026-08-17,False,
QM5_11760,PRE_JUNE,144-trend-shift-sma5-lwma144-m5,2026-05-24,22,2,,Q02,FAIL,done,2026-06-25,False,
QM5_11764,PRE_JUNE,ichimoku-cloud-tenkan-kijun,2026-05-24,0,0,,,,,,False,
QM5_11765,PRE_JUNE,ema5-ema13-fibonacci-cross-h1,2026-05-24,0,0,,,,,,False,
QM5_11766,PRE_JUNE,trix-signal-zero-cross-h4,2026-05-24,0,0,,,,,,False,
QM5_11767,PRE_JUNE,connors-double7s-200sma-d1,2026-05-24,56,6,Q03,Q04,,pending,2026-08-17,False,
QM5_11768,PRE_JUNE,connors-cumrsi2-200sma-d1,2026-05-24,0,0,,,,,,False,
QM5_11769,PRE_JUNE,tc-tf-s1-psar-ema102550-h30,2026-05-24,0,0,,,,,,False,
QM5_1177,PRE_JUNE,qp-vix80-sp500-premia,2026-05-18,1,1,,Q02,RETIRED_LOW_FREQ,done,2026-06-15,False,
QM5_11770,PRE_JUNE,tc-tf-s6-sma32hl-psar-sma200-m15,2026-05-24,0,0,,,,,,False,
QM5_11776,PRE_JUNE,tc-tf-s12-sma-cci5-m15,2026-05-24,35,6,Q02,Q04,FAIL,done,2026-07-18,False,
QM5_1178,PRE_JUNE,qp-oil-equity-lag-sign,2026-05-18,7,3,,Q02,INFRA_FAIL,failed,2026-07-29,False,
QM5_11780,PRE_JUNE,tc-tf-s18-ema613-macd-psar-h4,2026-05-24,8,2,Q02,Q04,FAIL,done,2026-08-04,False,
QM5_11781,PRE_JUNE,turtle-trading-20day-breakout-d1,2026-05-24,14,6,Q02,Q04,FAIL,done,2026-07-26,False,
QM5_11782,PRE_JUNE,sma520-cross-scalp-m15,2026-05-24,32,6,Q02,Q04,FAIL,done,2026-07-14,False,
QM5_11783,PRE_JUNE,rsi14-8020-counter-trend-m15,2026-05-24,0,0,,,,,,False,
QM5_11784,PRE_JUNE,psar-ao-ac-trend-alignment-h1,2026-05-24,0,0,,,,,,False,
QM5_11785,PRE_JUNE,fps-ema102550-psar-h1,2026-05-24,0,0,,,,,,False,
QM5_11789,PRE_JUNE,carter-h1-s3-ema623-stoch-macd-h1,2026-05-24,0,0,,,,,,False,
QM5_1179,PRE_JUNE,qp-comm-term-carry,2026-05-17,5,5,,Q02,RETIRED_LOW_FREQ,done,2026-06-15,False,
QM5_11790,PRE_JUNE,carter-h1-s5-smma55-wpr-stoch-h1,2026-05-24,0,0,,,,,,False,
QM5_11791,PRE_JUNE,carter-h1-s6-ema51560-pullback-h1,2026-05-24,0,0,,,,,,False,
QM5_11792,PRE_JUNE,carter-h1-s7-ema35132180-rsi-h1,2026-05-24,0,0,,,,,,False,
QM5_11793,PRE_JUNE,carter-h1-s8-bb20-ema3-macd617-rsi-h1,2026-05-24,0,0,,,,,,False,
QM5_11799,PRE_JUNE,carter-h1-s9-psar0102-ema51234-h1,2026-05-24,0,0,,,,,,False,
QM5_1180,PRE_JUNE,qp-composite-seasonality,2026-05-17,13,1,,Q02,INVALID,failed,2026-08-23,False,
QM5_11800,PRE_JUNE,carter-h1-s10-ema14hl-psar-h1,2026-05-24,0,0,,,,,,False,
QM5_11801,PRE_JUNE,carter-h1-s12-ema353489-rsi3-stoch-adx-h1,2026-05-24,0,0,,,,,,False,
QM5_11803,PRE_JUNE,carter-h1-s14-ema51362-macd-gap-h1,2026-05-24,0,0,,,,,,False,
QM5_11805,PRE_JUNE,carter-h1-s17-smma28-ema100-macd-h1,2026-05-26,7,3,Q03,Q04,FAIL,done,2026-08-04,False,
QM5_11806,PRE_JUNE,carter-h1-s18-ema510-stoch-rsi-h1,2026-05-25,12,4,Q02,Q04,FAIL,done,2026-07-31,False,
QM5_11807,PRE_JUNE,fin-kelt10,2026-05-24,85,7,,Q02,INVALID,failed,2026-08-23,False,
QM5_11808,PRE_JUNE,fin-boll10,2026-05-24,84,7,Q03,Q04,,pending,2026-08-17,False,
QM5_11809,PRE_JUNE,fin-macd-zx,2026-05-24,34,7,Q06,Q07,FAIL,done,2026-08-20,False,
QM5_1181,PRE_JUNE,qp-pre-ecb-dax,2026-05-17,13,1,,Q02,INVALID,failed,2026-08-23,False,
QM5_11810,PRE_JUNE,fin-rsi14x,2026-05-24,79,7,,Q02,ZERO_TRADES,done,2026-08-07,False,
QM5_11812,PRE_JUNE,carter-h1-s20-ema1828-wma512-rsi-h1,2026-05-25,0,0,,,,,,False,
QM5_11813,PRE_JUNE,carter-h1-s19-psar-adx50-di-h1,2026-05-24,0,0,,,,,,False,
QM5_11814,PRE_JUNE,carter-m5-s1-macd1-stoch-ema5oc-m5,2026-05-24,12,1,Q02,Q04,FAIL,done,2026-06-25,False,
QM5_11815,PRE_JUNE,carter-m5-s2-ema102150-zone-pullback-m5,2026-05-24,0,0,,,,,,False,
QM5_11816,PRE_JUNE,carter-m5-s3-bb20-stoch-trend-reversal-m5,2026-05-24,30,4,,Q02,FAIL,done,2026-07-13,False,
QM5_11818,PRE_JUNE,carter-m5-s6-mtf-ema142150-bb20-m5h1,2026-05-24,2,1,,Q02,INFRA_FAIL,done,2026-07-25,False,
QM5_11819,PRE_JUNE,carter-m5-s8-bb50-rsi3-stoch-reversal-m5,2026-05-24,11,5,Q02,Q02,FAIL,done,2026-06-26,False,
QM5_1182,PRE_JUNE,qp-ecb-d0-dax-short,2026-05-17,13,1,,Q02,INVALID,failed,2026-08-23,False,
QM5_11820,PRE_JUNE,carter-m5-s9-ema50100-macd-m5,2026-05-24,12,5,Q02,Q02,PASS,done,2026-07-20,False,
QM5_11821,PRE_JUNE,carter-m5-s10-ema4080-cci21-m5,2026-05-24,20,5,Q02,Q04,FAIL,done,2026-06-25,False,
QM5_11822,PRE_JUNE,carter-m5-s11-mtf-ema510-rsi-stoch-macd-m5h4,2026-05-24,0,0,,,,,,False,
QM5_11823,PRE_JUNE,carter-m5-s13-cci14-macd-m5,2026-05-24,12,2,Q02,Q04,,pending,2026-08-17,False,
QM5_11824,PRE_JUNE,carter-m5-s14-wma10-sma20-stoch-rsi-macd-m5,2026-05-24,0,0,,,,,,False,
QM5_11825,PRE_JUNE,carter-m5-s15-ema15-ema50hl-macd-m5,2026-05-24,0,0,,,,,,False,
QM5_11827,PRE_JUNE,carter-m5-s17-ema38-macd-stoch-psar-sd-m5,2026-05-24,17,5,Q02,Q02,FAIL,done,2026-07-19,False,
QM5_11828,PRE_JUNE,carter-m5-s18-ema20-macd-10pip-m5,2026-05-24,18,5,Q02,Q02,FAIL,done,2026-06-25,False,
QM5_11829,PRE_JUNE,carter-m5-s19-psar-macd64128-ema100-m5,2026-05-24,0,0,,,,,,False,
QM5_1183,PRE_JUNE,qp-boxppi-sp500-risk,2026-05-17,1,1,,Q02,FAIL,done,2026-06-18,False,
QM5_11830,PRE_JUNE,carter-m5-s20-ema3-bb20-macd-m5,2026-05-24,20,5,Q02,Q04,FAIL,done,2026-07-18,False,
QM5_11831,PRE_JUNE,scalp-macd1269-stoch833-m5,2026-05-24,27,5,,Q02,FAIL,done,2026-07-10,False,
QM5_11834,PRE_JUNE,robo-psar-ema102550-h1,2026-05-24,0,0,,,,,,False,
QM5_11835,PRE_JUNE,robo-cci14-150-h1,2026-05-24,0,0,,,,,,False,
QM5_11836,PRE_JUNE,robo-psar-macd1269-h4,2026-05-24,0,0,,,,,,False,
QM5_11837,PRE_JUNE,robo-macd3916-adx16-d1,2026-05-24,0,0,,,,,,False,
QM5_11838,PRE_JUNE,robo-two-pairs-ema-macd-h4,2026-05-24,6,2,Q02,Q04,FAIL,done,2026-08-08,False,
QM5_1184,PRE_JUNE,qp-sp500-voltarget20,2026-05-18,2,1,Q02,Q04,FAIL,done,2026-06-18,False,
QM5_11843,PRE_JUNE,ait-bb20,2026-05-31,37,7,,Q02,FAIL,done,2026-08-04,False,
QM5_11844,PRE_JUNE,macd-psar-atr-h4,2026-05-24,0,0,,,,,,False,
QM5_11845,PRE_JUNE,macd513-ema-stack-h4,2026-05-24,0,0,,,,,,False,
QM5_11846,PRE_JUNE,ema513-cross-h1,2026-05-24,0,0,,,,,,False,
QM5_11847,PRE_JUNE,trix14-zero-cross-h1,2026-05-24,0,0,,,,,,False,
QM5_11848,PRE_JUNE,smi-stoch-ha-m15,2026-05-24,0,0,,,,,,False,
QM5_1185,PRE_JUNE,qp-stress-gold-rebound,2026-05-18,13,1,,Q02,INVALID,failed,2026-08-23,False,
QM5_11850,PRE_JUNE,vegas-wave-ema144169-h1,2026-05-24,0,0,,,,,,False,
QM5_11851,PRE_JUNE,bermuda-123-fib-h1,2026-05-24,0,0,,,,,,False,
QM5_11852,PRE_JUNE,bb50-234-meanturn-m1,2026-05-24,3,3,,Q02,FAIL,done,2026-07-10,False,
QM5_11853,PRE_JUNE,wpr-ema50-pullback-h1,2026-05-24,0,0,,,,,,False,
QM5_11857,PRE_JUNE,blade-macd-stoch-divergence-h1,2026-05-24,28,4,,Q02,FAIL,done,2026-08-04,False,
QM5_1186,PRE_JUNE,qp-comm-sma12-filter,2026-05-18,38,5,,Q02,INVALID,failed,2026-08-17,False,
QM5_11865,PRE_JUNE,ema5-15-60-pullback-h1,2026-05-24,0,0,,,,,,False,
QM5_11867,PRE_JUNE,psar-adx50-di-h1,2026-05-24,0,0,,,,,,False,
QM5_11868,PRE_JUNE,hour-box-breakout-m5,2026-05-24,14,2,Q02,Q04,FAIL,done,2026-07-13,False,
QM5_11869,PRE_JUNE,ema40-80-cci-m5,2026-05-24,54,4,Q02,Q04,,pending,2026-08-17,False,
QM5_1187,PRE_JUNE,qp-comm-voltarget-mom,2026-05-18,61,5,,Q02,INVALID,failed,2026-08-23,False,
QM5_11870,PRE_JUNE,dead-time-range-fade,2026-05-24,10,4,Q02,Q04,FAIL,done,2026-08-04,False,
QM5_11871,PRE_JUNE,sma5-20-cross-m15-scalp,2026-05-24,18,4,Q02,Q04,FAIL,done,2026-07-13,False,
QM5_11872,PRE_JUNE,rsi-80-20-fade-m15,2026-05-24,0,0,,,,,,False,
QM5_11873,PRE_JUNE,trix-signal-line-cross,2026-05-24,0,0,,,,,,False,
QM5_11874,PRE_JUNE,usdjpy-24hr-range-breakout,2026-05-24,43,3,Q03,Q03,PASS,done,2026-07-14,False,
QM5_11875,PRE_JUNE,ema144-169-fractal-breakout-h1,2026-05-24,43,4,Q02,Q03,,pending,2026-08-31,False,
QM5_11879,PRE_JUNE,turtle-20day-breakout,2026-05-24,59,6,Q02,Q04,FAIL,done,2026-07-18,False,
QM5_1188,PRE_JUNE,qp-oil-negshock-rebound,2026-05-18,26,2,,Q02,INVALID,failed,2026-08-23,False,
QM5_11880,PRE_JUNE,continuation-method-ema50-williams,2026-05-24,0,0,,,,,,False,
QM5_11881,PRE_JUNE,connors-rsi2-mean-reversion,2026-05-24,49,12,Q11,Q09_NEWS,,pending,2026-09-02,False,
QM5_11882,PRE_JUNE,connors-double-7s,2026-05-24,53,12,Q03,Q04,,pending,2026-09-02,False,
QM5_11886,PRE_JUNE,floor-pivot-intraday-breakout-retest,2026-05-24,40,6,Q03,Q04,,pending,2026-08-17,False,
QM5_11887,PRE_JUNE,lien-double-bollinger-bands-regime,2026-05-24,36,10,Q03,Q03,PASS,done,2026-08-31,False,
QM5_11888,PRE_JUNE,lien-perfect-order-sma-stack,2026-05-24,137,10,Q02,Q04,,pending,2026-08-17,False,
QM5_11889,PRE_JUNE,lien-xtreme-fade-double-bb-adx,2026-05-24,76,7,Q03,Q04,,pending,2026-08-17,False,
QM5_1189,PRE_JUNE,qp-oil-posshock-pullback,2026-05-18,27,2,,Q02,RETIRE,done,2026-08-15,False,
QM5_11891,PRE_JUNE,unger-daily-factor-indecision-pattern,2026-05-25,148,10,Q07,Q04,,pending,2026-08-17,False,
QM5_11892,PRE_JUNE,samuels-123-reversal-pattern,2026-05-25,79,10,,Q02,ZERO_TRADES,done,2026-08-06,False,
QM5_11893,PRE_JUNE,robles-continuation-method-ema50-wpr,2026-05-25,109,10,,Q02,ZERO_TRADES,done,2026-08-07,False,
QM5_11894,PRE_JUNE,carter-55-smma-channel-wpr-stoch,2026-05-25,166,10,Q03,Q04,,pending,2026-08-17,False,
QM5_11895,PRE_JUNE,carter-ema-cross-rsi-candlestick-confirmation,2026-05-25,130,10,,Q02,INVALID,failed,2026-08-23,False,
QM5_11896,PRE_JUNE,morris-rsi10-divergence-candle-confirm,2026-05-25,134,10,Q02,Q03,,pending,2026-08-23,False,
QM5_11899,PRE_JUNE,psar-ao-ac-confluence-h1,2026-05-25,3,0,,COMPILE_EA,COMPILE_OK,done,2026-08-26,False,
QM5_1190,PRE_JUNE,qp-index-double-bottom,2026-05-18,26,3,,Q02,INFRA_FAIL,failed,2026-07-29,False,
QM5_11900,PRE_JUNE,kobasfx-4ema-macd-sentiment-h1,2026-05-25,132,10,,Q02,,pending,2026-08-28,False,
QM5_11901,PRE_JUNE,london-asia-range-breakout-m15,2026-05-25,46,5,Q03,Q04,FAIL,done,2026-07-17,False,
QM5_11902,PRE_JUNE,bermuda-triangle-123-fib-extension-h1,2026-05-25,13,10,Q03,Q02,FAIL,done,2026-07-26,False,
QM5_11903,PRE_JUNE,lawler-supply-demand-zones-20-dma-h1,2026-05-25,146,10,Q03,Q04,,pending,2026-08-17,False,
QM5_11905,PRE_JUNE,hui-chan-shiryaev-zhou-3day-d1,2026-05-25,23,10,Q03,Q04,,pending,2026-08-17,False,
QM5_11906,PRE_JUNE,watthana-candlestick-rsi-stoch-ea-h1,2026-05-25,138,10,Q02,Q04,,pending,2026-08-17,False,
QM5_11907,PRE_JUNE,davey-momentum-big-range-h1,2026-05-25,140,10,Q03,Q04,,pending,2026-08-17,False,
QM5_11908,PRE_JUNE,davey-dueling-momentum-h1,2026-05-25,141,10,Q02,Q03,,pending,2026-08-23,False,
QM5_11909,PRE_JUNE,singh-good-morning-asia-usdjpy-d1,2026-05-25,14,1,Q02,Q04,FAIL,done,2026-06-26,False,
QM5_1191,PRE_JUNE,qp-pair-switch-spx-gold,2026-05-18,7,2,Q03,Q04,,pending,2026-08-17,False,
QM5_11910,PRE_JUNE,larry-williams-18ma-2outside-bars-d1,2026-05-25,159,10,Q09,Q02,PASS,done,2026-09-03,True,Q12_REVIEW_READY
QM5_11911,PRE_JUNE,larry-williams-smash-day-d1,2026-05-25,136,10,Q02,Q04,,pending,2026-08-17,False,
QM5_11912,PRE_JUNE,cheng-triangle-2touch-second-break-h1,2026-05-25,148,10,Q04,Q04,,pending,2026-08-17,False,
QM5_11913,PRE_JUNE,crue-ichimoku-5line-alignment-d1,2026-05-25,130,10,,Q02,FAIL,done,2026-07-10,False,
QM5_11914,PRE_JUNE,ciurea-100sma-cross-h4,2026-05-25,145,10,Q03,Q04,,pending,2026-08-17,False,
QM5_11915,PRE_JUNE,fielder-deadtime-midpoint-reversion-h1,2026-05-25,107,10,Q02,Q04,FAIL,done,2026-07-18,False,
QM5_1192,PRE_JUNE,qp-stress-oil-rebound,2026-05-18,26,2,,Q02,INVALID,failed,2026-08-23,False,
QM5_1193,PRE_JUNE,qp-stress-usd-rebound,2026-05-18,66,5,,Q02,INVALID,failed,2026-08-23,False,
QM5_1194,PRE_JUNE,qp-stress-spx-composite,2026-05-18,15,1,,Q02,RETIRE,done,2026-08-30,False,
QM5_1195,PRE_JUNE,qp-spy-overnight-931,2026-05-18,3,1,Q02,Q04,,pending,2026-08-17,False,
QM5_1196,PRE_JUNE,qp-fx-meanrev-linear,2026-05-18,83,6,Q02,Q03,,pending,2026-08-23,False,
QM5_1197,PRE_JUNE,qp-sp500-lowret-rebound,2026-05-18,1,1,,Q02,FAIL,done,2026-06-18,False,
QM5_1198,PRE_JUNE,qp-sp500-highret-fade,2026-05-18,7,1,,Q02,FAIL,done,2026-06-22,False,
QM5_1199,PRE_JUNE,qp-sp500-min10-rebound,2026-05-18,15,1,Q02,Q03,,pending,2026-08-24,False,
QM5_1200,PRE_JUNE,qp-sp500-max10-fade,2026-05-18,14,1,Q03,Q03,PASS,done,2026-08-04,False,
QM5_1202,PRE_JUNE,qp-sp500-rv-vix-short,2026-05-18,1,1,,Q02,FAIL,done,2026-06-18,False,
QM5_1203,PRE_JUNE,ananta-fx-rate-mom,2026-05-18,7,7,,Q02,RETIRED_LOW_FREQ,done,2026-06-15,False,
QM5_1204,PRE_JUNE,zarattini-vwap-ndx,2026-05-18,13,1,,Q02,INVALID,failed,2026-08-23,False,
QM5_1205,PRE_JUNE,bhatti-gold-vwap-ema,2026-05-18,13,1,Q02,Q04,FAIL,done,2026-08-02,False,
QM5_1206,PRE_JUNE,lento-sp500-csa-ma,2026-05-18,18,1,Q07,Q03,,pending,2026-08-24,False,
QM5_1207,PRE_JUNE,bbadx-index-skew,2026-05-18,39,3,Q02,Q02,INVALID,failed,2026-08-23,False,
QM5_1208,PRE_JUNE,carver-normmom,2026-05-18,114,8,Q04,Q02,RETIRE,done,2026-08-30,False,
QM5_1209,PRE_JUNE,carver-mrinasset,2026-05-18,109,9,,Q02,,pending,2026-07-31,False,
QM5_1210,PRE_JUNE,carver-skewabs,2026-05-19,97,8,,Q02,,pending,2026-07-31,False,
QM5_12108,PRE_JUNE,hopwood-cup-of-coffee-h1,2026-05-19,16,6,Q03,Q04,,pending,2026-08-17,False,
QM5_12109,PRE_JUNE,camarilla-weekly-pivots-swing,2026-05-19,20,7,Q04,Q04,,pending,2026-08-22,False,
QM5_1211,PRE_JUNE,carver-skewrv,2026-05-19,109,9,,Q02,,pending,2026-07-31,False,
QM5_12110,PRE_JUNE,mtf-stochastic-confirmation,2026-05-19,99,6,Q03,Q03,,pending,2026-08-24,False,
QM5_12111,PRE_JUNE,bressert-double-stochastic-h1,2026-05-19,16,6,Q02,Q04,,pending,2026-08-17,False,
QM5_12112,PRE_JUNE,channel-keltner-trend,2026-05-19,23,7,Q07,Q03,PASS,done,2026-07-06,False,
QM5_12113,PRE_JUNE,bb-width-regime-breakout,2026-05-19,17,9,Q02,Q04,,pending,2026-08-17,False,
QM5_12114,PRE_JUNE,donchian-vegas-hybrid,2026-05-19,24,9,Q02,Q04,,pending,2026-08-17,False,
QM5_12115,PRE_JUNE,classic-pivot-points-fade-break,2026-05-19,32,11,Q04,Q02,,pending,2026-08-13,False,
QM5_12116,PRE_JUNE,carter-ttm-squeeze-h1,2026-05-18,21,9,Q02,Q04,,pending,2026-08-17,False,
QM5_12117,PRE_JUNE,demark-td-sequential-h4,2026-05-19,18,9,,Q02,INFRA_FAIL,failed,2026-07-29,False,
QM5_1212,PRE_JUNE,carver-kurtsabs,2026-05-19,97,8,,Q02,,pending,2026-07-31,False,
QM5_1213,PRE_JUNE,lucca-prefomc-drift,2026-05-18,36,3,,Q02,FAIL,done,2026-07-28,False,
QM5_1214,PRE_JUNE,vidal-holiday-effect,2026-05-18,49,4,,Q02,,pending,2026-07-31,False,
QM5_1215,PRE_JUNE,papailias-ma-trail,2026-05-18,66,5,Q03,Q02,INFRA_FAIL,failed,2026-07-29,False,
QM5_1216,PRE_JUNE,bell-gold-fix-overnight,2026-05-18,15,1,Q04,Q03,PASS,done,2026-08-03,False,
QM5_1217,PRE_JUNE,zarattini-donchian-ensemble,2026-05-18,73,6,,Q02,,pending,2026-07-31,False,
QM5_1218,PRE_JUNE,carver-relmomentum,2026-05-18,142,11,,Q02,,pending,2026-07-31,False,
QM5_1219,PRE_JUNE,carver-accel,2026-05-19,45,9,Q04,Q04,,pending,2026-08-17,False,
QM5_1220,PRE_JUNE,carver-mrwings,2026-05-19,87,7,,Q02,INFRA_FAIL,failed,2026-07-29,False,
QM5_1221,PRE_JUNE,carver-kurtsrv,2026-05-19,135,11,,Q02,INFRA_FAIL,failed,2026-07-29,False,
QM5_1222,PRE_JUNE,carver-scalp-bracket,2026-05-18,8,3,Q02,Q04,,pending,2026-08-17,False,
QM5_1223,PRE_JUNE,bhatti-fx-zscore-mr,2026-05-18,0,0,,,,,,False,
QM5_1224,PRE_JUNE,white-okunev-fx-xmom,2026-05-18,26,8,,Q02,,pending,2026-07-26,False,
QM5_1225,PRE_JUNE,dahlquist-fx-econmom,2026-05-18,86,7,,Q02,RETIRE,done,2026-08-30,False,
QM5_1226,PRE_JUNE,psaradellis-oil-channel,2026-05-19,19,1,Q06,Q07,,pending,2026-08-17,False,
QM5_1227,PRE_JUNE,neely-fx-channel,2026-05-19,50,4,Q02,Q04,,pending,2026-08-17,False,
QM5_1228,PRE_JUNE,carver-volatten-ewmac,2026-05-19,300,37,Q02,Q04,,pending,2026-08-17,False,
QM5_1229,PRE_JUNE,carver-statevol,2026-05-19,460,35,Q02,Q02,,pending,2026-08-25,False,
QM5_1230,PRE_JUNE,carver-dynvol-mav,2026-05-19,378,36,Q07,Q08,,pending,2026-09-02,False,
QM5_1231,PRE_JUNE,carver-pca-alpha,2026-05-18,137,11,,Q02,RETIRE,done,2026-08-30,False,
QM5_1232,PRE_JUNE,carver-fastmom-cost,2026-05-18,166,12,Q04,Q03,,pending,2026-08-31,False,
QM5_1233,PRE_JUNE,ict-silver-bullet,2026-05-18,157,12,Q03,Q03,,pending,2026-08-24,False,
QM5_1234,PRE_JUNE,ict-golden-bullet,2026-05-18,35,12,,Q02,,pending,2026-07-26,False,
QM5_12347,PRE_JUNE,qd-threebar,2026-05-26,64,7,Q04,Q05,FAIL_DD_PORTFOLIO_REVIEW,done,2026-08-30,False,
QM5_12348,PRE_JUNE,liu-momo-break,2026-05-26,74,6,,Q02,INVALID,failed,2026-08-23,False,
QM5_12349,PRE_JUNE,sb-ema10-20,2026-05-26,86,7,Q02,Q02,INVALID,failed,2026-08-23,False,
QM5_1235,PRE_JUNE,connors-rsi2,2026-05-18,43,12,Q03,Q04,,pending,2026-08-17,False,
QM5_12350,PRE_JUNE,spec-ema20-40,2026-05-26,117,8,Q06,Q07,,pending,2026-08-30,False,
QM5_12356,PRE_JUNE,orev-ma-break,2026-05-26,71,8,,Q02,,pending,2026-08-25,False,
QM5_12357,PRE_JUNE,tmom-fx-hp,2026-05-26,102,7,Q09,Q09,PASS,done,2026-08-28,False,
QM5_12358,PRE_JUNE,tmom-fut-mom,2026-05-26,58,8,Q03,Q02,,pending,2026-07-26,False,
QM5_12359,PRE_JUNE,tmom-two-ma,2026-05-26,52,7,Q03,Q04,FAIL,done,2026-06-29,False,
QM5_1236,PRE_JUNE,gh-donchian-55,2026-05-18,155,12,Q05,Q02,INVALID,failed,2026-08-23,False,
QM5_12360,PRE_JUNE,tmom-three-ma,2026-05-26,57,7,Q03,Q04,,pending,2026-08-17,False,
QM5_12361,PRE_JUNE,tmom-ibs,2026-05-26,99,7,Q04,Q02,INVALID,failed,2026-08-23,False,
QM5_12362,PRE_JUNE,nikh-supertrend,2026-05-26,70,8,Q03,Q04,FAIL,done,2026-06-26,False,
QM5_12363,PRE_JUNE,nikh-aroon,2026-05-26,53,7,Q03,Q03,PASS,done,2026-06-27,False,
QM5_12364,PRE_JUNE,nikh-kc,2026-05-26,65,7,Q03,Q04,,pending,2026-08-17,False,
QM5_12365,PRE_JUNE,nikh-ao,2026-05-26,67,7,Q06,Q07,,pending,2026-08-31,False,
QM5_12366,PRE_JUNE,nikh-macd,2026-05-26,57,7,Q03,Q04,,pending,2026-08-17,False,
QM5_12367,PRE_JUNE,tmom-single-ma,2026-05-26,56,7,Q03,Q03,PASS,done,2026-06-28,False,
QM5_12368,PRE_JUNE,tmom-channel,2026-05-26,60,7,Q02,Q04,,pending,2026-08-17,False,
QM5_12369,PRE_JUNE,tmom-pivots,2026-05-26,25,7,,Q02,ZERO_TRADES,done,2026-08-08,False,
QM5_1237,PRE_JUNE,tv-supertrend-atr,2026-05-18,87,12,,Q02,INFRA_FAIL,failed,2026-07-29,False,
QM5_12371,PRE_JUNE,tmom-skew,2026-05-26,95,8,Q03,Q04,FAIL,done,2026-07-08,False,
QM5_12372,PRE_JUNE,tmom-sector-mom,2026-05-26,29,4,Q03,Q04,,pending,2026-08-17,False,
QM5_12373,PRE_JUNE,tmom-alpha-rot,2026-05-26,44,4,Q03,Q03,PASS,done,2026-06-28,False,
QM5_12374,PRE_JUNE,tmom-rsq-sel,2026-05-26,37,4,Q03,Q04,,pending,2026-08-17,False,
QM5_12375,PRE_JUNE,tmom-masset-trend,2026-05-26,66,7,Q07,Q04,,pending,2026-08-17,False,
QM5_12376,PRE_JUNE,tmom-fut-contr,2026-05-26,63,7,Q03,Q04,,pending,2026-09-02,False,
QM5_12377,PRE_JUNE,gbc-good-carry,2026-05-26,77,7,Q02,Q02,INVALID,failed,2026-08-17,False,
QM5_12378,PRE_JUNE,fx-top-sharpe,2026-05-26,24,7,,Q02,,pending,2026-07-26,False,
QM5_1238,PRE_JUNE,tv-vwap-rsi-cont,2026-05-18,37,12,Q03,Q04,,pending,2026-08-17,False,
QM5_12381,PRE_JUNE,btc-minmax10,2026-05-26,33,6,Q04,Q05,FAIL,done,2026-07-14,False,
QM5_12382,PRE_JUNE,ts-mom-12m,2026-05-26,174,12,Q03,Q02,INVALID,failed,2026-08-23,False,
QM5_12386,PRE_JUNE,comm-mom12m,2026-05-26,30,4,,Q02,,pending,2026-07-26,False,
QM5_12389,PRE_JUNE,asset-rot-mom,2026-05-26,47,6,,Q02,INVALID,failed,2026-08-17,False,
QM5_1239,PRE_JUNE,raposa-ma-atr,2026-05-18,87,12,,Q02,INVALID,failed,2026-08-17,False,
QM5_12390,PRE_JUNE,paired-switch,2026-05-26,31,4,Q02,Q02,,pending,2026-07-26,False,
QM5_12391,PRE_JUNE,comm-skew,2026-05-26,30,4,Q02,Q04,FAIL,done,2026-06-23,False,
QM5_12392,PRE_JUNE,comm-asym-ie,2026-05-26,16,4,Q02,Q02,FAIL,done,2026-07-21,False,
QM5_12394,PRE_JUNE,sector-mom12m,2026-05-26,37,6,,Q02,INFRA_FAIL,failed,2026-07-29,False,
QM5_12395,PRE_JUNE,country-pairs,2026-05-26,61,5,Q02,Q04,,pending,2026-08-17,False,
QM5_12396,PRE_JUNE,country-bab,2026-05-26,38,6,Q02,Q04,,pending,2026-08-17,False,
QM5_12397,PRE_JUNE,oil-eq-reg,2026-05-26,27,3,,Q02,FAIL,done,2026-06-23,False,
QM5_12398,PRE_JUNE,style-mom,2026-05-26,41,5,Q02,Q02,FAIL,done,2026-07-22,False,
QM5_12399,PRE_JUNE,stock-newhigh,2026-05-26,49,6,Q02,Q02,FAIL,done,2026-07-08,False,
QM5_1240,PRE_JUNE,bandy-prank-mr,2026-05-18,51,12,Q03,Q04,,pending,2026-08-17,False,
QM5_12402,PRE_JUNE,cons-mom,2026-05-26,42,5,Q02,Q02,ZERO_TRADES,done,2026-07-23,False,
QM5_12403,PRE_JUNE,stock-bab,2026-05-26,35,6,Q02,Q02,INFRA_FAIL,failed,2026-07-09,False,
QM5_12404,PRE_JUNE,stock-lowvol,2026-05-26,71,7,Q02,Q04,,pending,2026-08-17,False,
QM5_12405,PRE_JUNE,stock-cycle12,2026-05-26,64,5,,Q02,INVALID,failed,2026-08-23,False,
QM5_12406,PRE_JUNE,btc-22utc,2026-05-26,101,5,Q02,Q03,,pending,2026-08-23,False,
QM5_12407,PRE_JUNE,oil-pred-eq,2026-05-26,36,3,,Q02,ZERO_TRADES,done,2026-07-29,False,
QM5_12409,PRE_JUNE,stock-st-rev,2026-05-26,28,8,,Q02,,pending,2026-07-26,False,
QM5_1241,PRE_JUNE,mql5-macd-signal,2026-05-18,91,12,Q03,Q04,,pending,2026-08-17,False,
QM5_12410,PRE_JUNE,opt-exp-week,2026-05-26,32,3,Q02,Q04,,pending,2026-09-02,False,
QM5_12411,PRE_JUNE,payday-sp500,2026-05-26,33,3,Q04,Q03,PASS,done,2026-06-23,False,
QM5_12412,PRE_JUNE,ger-3maf,2026-05-26,34,4,Q03,Q04,FAIL,done,2026-07-17,False,
QM5_12413,PRE_JUNE,ger-bbrsi,2026-05-26,40,3,Q03,Q03,PASS,done,2026-08-03,False,
QM5_12414,PRE_JUNE,ger-cezlsma,2026-05-26,35,3,Q03,Q04,,pending,2026-08-17,False,
QM5_12415,PRE_JUNE,ger-2macdsto,2026-05-26,24,3,Q04,Q03,PASS,done,2026-07-07,False,
QM5_12416,PRE_JUNE,ger-2maaos,2026-05-26,18,3,,Q02,FAIL,done,2026-06-21,False,
QM5_1242,PRE_JUNE,connors-double7,2026-05-18,86,12,,Q02,INVALID,failed,2026-08-17,False,
QM5_12425,PRE_JUNE,gold-orb,2026-05-26,0,0,,,,,,False,
QM5_12427,PRE_JUNE,ea31337-rsi,2026-05-26,15,4,Q02,Q04,FAIL,done,2026-07-20,False,
QM5_12428,PRE_JUNE,ea31337-bands,2026-05-26,17,6,Q02,Q04,FAIL,done,2026-07-09,False,
QM5_12429,PRE_JUNE,ea31337-macd,2026-05-26,0,0,,,,,,False,
QM5_1243,PRE_JUNE,carver-ewmac-lev,2026-05-18,87,12,,Q02,INVALID,failed,2026-08-17,False,
QM5_1244,PRE_JUNE,mql5-ma-trail,2026-05-18,87,12,,Q02,INVALID,failed,2026-08-17,False,
QM5_12447,PRE_JUNE,carver-ab-rev,2026-05-26,38,5,,Q02,INVALID,failed,2026-08-17,False,
QM5_12448,PRE_JUNE,ea31337-env,2026-05-26,38,5,,Q02,INVALID,failed,2026-08-17,False,
QM5_12449,PRE_JUNE,ea31337-mabrk,2026-05-26,64,5,Q02,Q02,INVALID,failed,2026-08-23,False,
QM5_1245,PRE_JUNE,urquhart-gold-intraday-ma,2026-05-19,12,1,,Q02,ZERO_TRADES,done,2026-07-28,False,
QM5_12450,PRE_JUNE,ea31337-matrend,2026-05-26,48,5,Q03,Q04,,pending,2026-08-17,False,
QM5_12453,PRE_JUNE,ea31337-bulls,2026-05-26,44,5,Q03,Q04,,pending,2026-08-17,False,
QM5_12454,PRE_JUNE,ea31337-pivot,2026-05-26,0,0,,,,,,False,
QM5_12455,PRE_JUNE,ea31337-pinbar,2026-05-26,65,5,Q04,Q02,,pending,2026-08-21,False,
QM5_12456,PRE_JUNE,ea31337-retrace,2026-05-26,0,0,,,,,,False,
QM5_1246,PRE_JUNE,miffre-comm-mom,2026-05-19,8,3,Q02,Q04,,pending,2026-08-17,False,
QM5_1247,PRE_JUNE,fuertes-comm-tsmom,2026-05-19,22,3,,Q02,INVALID,failed,2026-08-17,False,
QM5_12473,PRE_JUNE,gh-london-break,2026-05-26,46,4,Q02,Q04,FAIL,done,2026-07-14,False,
QM5_12474,PRE_JUNE,gh-dual-thrust,2026-05-26,50,4,Q08,Q04,,pending,2026-09-02,False,EVIDENCE_STALE
QM5_12475,PRE_JUNE,gh-macd-cross,2026-05-26,38,4,Q08,Q09,FAIL,done,2026-08-26,False,
QM5_12476,PRE_JUNE,gh-ao-saucer,2026-05-26,49,4,Q02,Q04,,pending,2026-08-17,False,
QM5_12478,PRE_JUNE,gh-rsi-obos,2026-05-26,49,7,,Q02,ZERO_TRADES,done,2026-08-07,False,
QM5_12479,PRE_JUNE,gh-ha-momo,2026-05-26,25,6,Q02,Q04,,pending,2026-08-17,False,
QM5_1248,PRE_JUNE,levich-fx-filter,2026-05-19,32,4,Q02,Q04,,pending,2026-08-17,False,
QM5_12480,PRE_JUNE,gh-shoot-star,2026-05-26,52,6,,Q02,INVALID,failed,2026-08-17,False,
QM5_12481,PRE_JUNE,gh-bb-w,2026-05-26,21,6,,Q02,ZERO_TRADES,done,2026-08-08,False,
QM5_12482,PRE_JUNE,gh-oil-nok,2026-05-26,3,2,,Q02,FAIL,done,2026-07-26,False,
QM5_12483,PRE_JUNE,shv-ema20-price,2026-05-26,42,7,,Q02,ZERO_TRADES,done,2026-08-08,False,
QM5_12484,PRE_JUNE,shv-ma-cross,2026-05-26,100,7,Q06,Q07,,pending,2026-09-01,False,
QM5_12485,PRE_JUNE,shv-rwb-ribbon,2026-05-26,25,7,Q02,Q02,,pending,2026-07-26,False,
QM5_12486,PRE_JUNE,shv-supertrend,2026-05-26,42,7,Q03,Q02,RETIRE,done,2026-08-30,False,
QM5_12487,PRE_JUNE,shv-astral-swing,2026-05-26,24,7,,Q02,ZERO_TRADES,done,2026-08-07,False,
QM5_12488,PRE_JUNE,myh-turtle60,2026-05-26,14,6,Q02,Q04,,pending,2026-08-17,False,
QM5_1249,PRE_JUNE,hsu-carry-stop,2026-05-19,18,6,,Q02,INFRA_FAIL,failed,2026-06-18,False,
QM5_12493,PRE_JUNE,lean-fx-sma-rev,2026-05-26,3,1,Q04,Q05,FAIL,done,2026-06-26,False,
QM5_12494,PRE_JUNE,lean-gap-fade,2026-05-26,0,0,,,,,,False,
QM5_12495,PRE_JUNE,lean-lunch-rev,2026-05-26,37,3,Q02,Q04,,pending,2026-08-17,False,
QM5_12497,PRE_JUNE,lean-dual-thrust,2026-05-26,265,35,Q03,Q04,,pending,2026-08-17,False,
QM5_12499,PRE_JUNE,dual-thrust,2026-05-26,4,3,,Q02,ZERO_TRADES,done,2026-08-11,False,
QM5_1250,PRE_JUNE,carver-slowabs-mr,2026-05-19,82,12,,Q02,INVALID,failed,2026-08-17,False,
QM5_12503,PRE_JUNE,awesome-osc,2026-05-26,17,6,,Q02,ZERO_TRADES,done,2026-08-12,False,
QM5_12504,PRE_JUNE,rsi-3070-rev,2026-05-26,18,6,Q02,Q04,FAIL,done,2026-08-12,False,
QM5_12505,PRE_JUNE,shooting-star,2026-05-26,17,6,,Q02,ZERO_TRADES,done,2026-08-12,False,
QM5_12506,PRE_JUNE,bb-bottom-w,2026-05-26,41,6,,Q02,INVALID,failed,2026-08-17,False,
QM5_12507,PRE_JUNE,pair-coint-z,2026-05-26,60,5,Q04,Q02,,pending,2026-08-29,False,
QM5_12508,PRE_JUNE,bt-sma50-select,2026-05-26,27,7,Q02,Q04,,pending,2026-08-17,False,
QM5_1251,PRE_JUNE,carver-trendconvert,2026-05-19,150,12,,Q02,ZERO_TRADES,done,2026-08-04,False,
QM5_12510,PRE_JUNE,bt-tsmom-median,2026-05-26,60,8,Q04,Q04,,pending,2026-08-17,False,
QM5_12511,PRE_JUNE,bt-target-vol,2026-05-26,41,5,Q04,Q02,FAIL,done,2026-07-23,False,
QM5_12516,PRE_JUNE,inside-bar-mom,2026-05-26,49,4,Q02,Q04,FAIL,done,2026-07-28,False,
QM5_12517,PRE_JUNE,hlhb-trend,2026-05-26,26,2,Q02,Q04,,pending,2026-08-17,False,
QM5_12519,PRE_JUNE,atr-sma-stop,2026-05-26,0,0,,,,,,False,
QM5_1252,PRE_JUNE,carver-handcraft-ens,2026-05-19,88,12,,COMPILE_EA,COMPILE_FAIL,failed,2026-09-01,False,
QM5_12521,PRE_JUNE,ftse-month-long,2026-05-26,0,0,,,,,,False,
QM5_12522,PRE_JUNE,ftse-month-short,2026-05-26,0,0,,,,,,False,
QM5_12523,PRE_JUNE,stoch-zone-cross,2026-05-26,0,0,,,,,,False,
QM5_12524,PRE_JUNE,stoch-zone-exit,2026-05-26,36,4,Q03,Q04,,pending,2026-08-17,False,
QM5_12525,PRE_JUNE,macd-sig-cross,2026-05-26,0,0,,,,,,False,
QM5_12526,PRE_JUNE,macd-zero-cross,2026-05-26,0,0,,,,,,False,
QM5_12527,PRE_JUNE,macd-diverge,2026-05-26,0,0,,,,,,False,
QM5_12528,PRE_JUNE,chan-xsec-mr,2026-05-26,83,8,Q03,Q04,,pending,2026-08-17,False,
QM5_12529,PRE_JUNE,chan-xsec-topn,2026-05-26,61,8,Q02,Q02,INVALID,failed,2026-08-17,False,
QM5_1253,PRE_JUNE,carver-lowbeta-rv,2026-05-19,143,11,,Q02,INVALID,failed,2026-08-23,False,
QM5_12530,PRE_JUNE,chan-xsec-lowvol,2026-05-26,55,8,,Q02,INVALID,failed,2026-08-17,False,
QM5_12531,PRE_JUNE,clenow-mom,2026-05-26,99,8,Q02,Q04,FAIL,done,2026-08-09,False,
QM5_1254,PRE_JUNE,carver-fixedvol-ewmac,2026-05-19,83,12,,Q02,INVALID,failed,2026-08-17,False,
QM5_1255,PRE_JUNE,zarattini-qqq-orb,2026-05-19,11,1,Q03,Q04,,pending,2026-08-17,False,
QM5_1256,PRE_JUNE,desai-goldsilver-stochpair,2026-05-19,3,2,,Q02,,pending,2026-07-26,False,
QM5_1257,PRE_JUNE,lemishko-fx-cointpair,2026-05-19,25,8,Q03,Q03,PASS,done,2026-09-03,True,
QM5_1258,PRE_JUNE,hopwood-bermaui-rsi-h1,2026-05-19,430,6,Q03,Q04,,pending,2026-08-17,False,
QM5_1259,PRE_JUNE,hopwood-wilders-vol-stop-h1,2026-05-19,17,6,Q03,Q03,PASS,done,2026-08-06,False,
QM5_1260,PRE_JUNE,hopwood-macd-hist-zero-h1,2026-05-19,34,6,Q02,Q03,,pending,2026-08-23,False,
QM5_1267,PRE_JUNE,as-faa-rvc,2026-05-19,0,0,,,,,,False,
QM5_1268,PRE_JUNE,as-baa-g12,2026-05-19,0,0,,,,,,False,
QM5_1269,PRE_JUNE,as-haa-balanced,2026-05-19,0,0,,,,,,False,
QM5_1276,PRE_JUNE,chan-monthly-stock-seasonal,2026-05-19,0,0,,,,,,False,
QM5_1277,PRE_JUNE,chan-buy-on-gap-close,2026-05-19,2,1,,Q02,RETIRED_LOW_FREQ,done,2026-06-13,False,
QM5_1281,PRE_JUNE,as-aaa-minvar,2026-05-19,0,0,,,,,,False,
QM5_12918,PRE_JUNE,jegadeesh-1w-reversal-fx,2026-05-18,25,7,Q06,Q06,FAIL,done,2026-08-21,False,
QM5_12919,PRE_JUNE,amp-value-momentum-xasset,2026-05-18,26,8,,Q02,ZERO_TRADES,done,2026-08-08,False,
QM5_12920,PRE_JUNE,qp-pre-election-sp500,2026-05-18,1,1,,Q02,INFRA_FAIL,failed,2026-08-24,False,
QM5_12922,PRE_JUNE,ariel-first-half-month-idx,2026-05-18,1,0,,COMPILE_EA,COMPILE_FAIL,failed,2026-08-24,False,
QM5_12923,PRE_JUNE,hopwood-dmi-cross-h1-card,2026-05-19,0,0,,,,,,False,
QM5_12924,PRE_JUNE,hopwood-stochastic-cross-h1,2026-05-19,28,13,Q04,Q03,PASS,done,2026-08-31,False,
QM5_12925,PRE_JUNE,hopwood-ma-rainbow-h4,2026-05-19,41,13,Q09,Q10_NEWS,REVIEW_REQUIRED,done,2026-09-02,False,
QM5_12926,PRE_JUNE,renko-color-streak-h1,2026-05-18,6,3,Q02,Q04,FAIL,done,2026-08-12,False,
QM5_12927,PRE_JUNE,chande-vidya-trend-h4,2026-05-19,17,13,Q03,Q03,PASS,done,2026-08-31,False,
QM5_12928,PRE_JUNE,renko-double-flip-confirm-h1,2026-05-18,27,13,Q04,Q04,FAIL,done,2026-08-29,False,
QM5_12929,PRE_JUNE,brooks-expanded-micro-channel-h1,2026-05-19,1,0,,COMPILE_EA,COMPILE_OK,done,2026-08-31,False,
QM5_12930,PRE_JUNE,classical-ascending-triangle-breakout-h4,2026-05-19,0,0,,,,,,False,
QM5_12931,PRE_JUNE,classical-triple-top-reversal-h4,2026-05-18,5,0,,COMPILE_EA,COMPILE_FAIL,failed,2026-08-26,False,
QM5_12932,PRE_JUNE,wyckoff-phase-e-markdown-continuation-h4,2026-05-19,2,0,,COMPILE_EA,COMPILE_FAIL,failed,2026-08-22,False,
QM5_12933,PRE_JUNE,aa-tom-sma10-card,2026-05-19,16,3,Q03,Q04,,pending,2026-08-17,False,
QM5_12934,PRE_JUNE,aa-comm-spot-rev-card,2026-05-19,10,4,Q02,Q02,INFRA_FAIL,failed,2026-07-29,False,
QM5_12935,PRE_JUNE,sperandeo-tlb-refinement-h4,2026-05-19,47,10,Q06,Q04,,pending,2026-09-02,False,
QM5_12936,PRE_JUNE,demark-td-reverse-differential-h4,2026-05-19,0,0,,,,,,False,
QM5_12938,PRE_JUNE,hopwood-bermaui-dss-h4,2026-05-19,29,13,Q06,Q07,FAIL,done,2026-08-29,False,
QM5_12939,PRE_JUNE,carney-alternate-bat-h4,2026-05-19,0,0,,,,,,False,
QM5_12940,PRE_JUNE,bressert-cycle-trigger-line-h4-card,2026-05-19,2,0,,COMPILE_EA,COMPILE_FAIL,failed,2026-08-24,False,
QM5_12943,PRE_JUNE,robopip-hlhb-trend-catcher-h1,2026-05-19,1,1,,Q02,INFRA_FAIL,failed,2026-08-24,False,
QM5_12944,PRE_JUNE,sperandeo-trend-fault-line-h4,2026-05-19,0,0,,,,,,False,
QM5_12945,PRE_JUNE,tv-kn-ema-cross-atr-tp,2026-05-19,0,0,,,,,,False,
QM5_12946,PRE_JUNE,mql5-macd-obv-div-card,2026-05-19,2,0,,COMPILE_EA,COMPILE_OK,done,2026-08-26,False,
QM5_12947,PRE_JUNE,mql5-ha-ema-trend-card,2026-05-19,7,1,,COMPILE_EA,COMPILE_FAIL,failed,2026-08-25,False,
QM5_12948,PRE_JUNE,mql5-mfi-trend-card,2026-05-19,9,1,Q02,Q04,FAIL,done,2026-09-02,False,
QM5_12949,PRE_JUNE,mql5-rvi-ma-card,2026-05-19,7,3,Q02,Q04,FAIL,done,2026-08-29,False,
QM5_12950,PRE_JUNE,mql5-ad-price-card,2026-05-19,7,3,Q02,Q04,FAIL,done,2026-08-29,False,
QM5_12951,PRE_JUNE,mql5-chaikin-zero-card,2026-05-19,1,0,,COMPILE_EA,COMPILE_OK,done,2026-08-25,False,
QM5_12952,PRE_JUNE,mql5-force-ema-card,2026-05-19,1,0,,COMPILE_EA,COMPILE_FAIL,failed,2026-08-25,False,
QM5_12953,PRE_JUNE,mql5-gator-ma-card,2026-05-19,5,3,Q02,Q04,FAIL,done,2026-08-07,False,
QM5_12954,PRE_JUNE,pring-coppock-h4-variant,2026-05-19,3,0,,COMPILE_EA,COMPILE_OK,done,2026-08-26,False,
QM5_12955,PRE_JUNE,mql5-aroon-cross-card,2026-05-19,0,0,,,,,,False,
QM5_1297,PRE_JUNE,coppock-curve-cross-zero-w1,2026-05-19,0,0,,,,,,False,
QM5_1298,PRE_JUNE,kst-know-sure-thing-cross-d1,2026-05-19,0,0,,,,,,False,
QM5_1305,PRE_JUNE,camarilla-vwap-confluence-intraday,2026-05-19,0,0,,,,,,False,
QM5_1309,PRE_JUNE,bressert-dss-slope-h1,2026-05-19,0,0,,,,,,False,
QM5_1311,PRE_JUNE,carter-ttm-wave-h1,2026-05-19,0,0,,,,,,False,
QM5_1313,PRE_JUNE,heiken-ashi-smoothed-flip-h1,2026-05-19,0,0,,,,,,False,
QM5_1314,PRE_JUNE,vwap-sigma-bands-breakout-m15,2026-05-19,0,0,,,,,,False,
QM5_1315,PRE_JUNE,alma-ichimoku-h1,2026-05-19,0,0,,,,,,False,
QM5_1316,PRE_JUNE,tom-fps-stochastic-h1,2026-05-18,0,0,,,,,,False,
QM5_1317,PRE_JUNE,kase-peak-oscillator-h1,2026-05-19,0,0,,,,,,False,
QM5_1318,PRE_JUNE,tom-fps-donchian-h1,2026-05-19,0,0,,,,,,False,
QM5_1319,PRE_JUNE,carter-squeeze-pro-4regime-h1,2026-05-19,0,0,,,,,,False,
QM5_1320,PRE_JUNE,vwap-sigma-band-fade-intraday,2026-05-19,0,0,,,,,,False,
QM5_1322,PRE_JUNE,connors-rsi2-fx-port-d1,2026-05-18,0,0,,,,,,False,
QM5_1324,PRE_JUNE,carter-ttm-squeeze-pro-h1,2026-05-19,0,0,,,,,,False,
QM5_1325,PRE_JUNE,connors-rsi2-fx-intraday-h1,2026-05-19,0,0,,,,,,False,
QM5_1326,PRE_JUNE,tom-fps-donchian-h4,2026-05-19,0,0,,,,,,False,
QM5_1327,PRE_JUNE,brooks-pin-bar-reversal-h4,2026-05-19,0,0,,,,,,False,
QM5_1328,PRE_JUNE,brooks-3bar-reversal-h4,2026-05-19,428,37,Q10,Q08,,pending,2026-09-02,False,
QM5_1329,PRE_JUNE,raschke-holy-grail-adx-pullback-h1,2026-05-18,0,0,,,,,,False,
QM5_1330,PRE_JUNE,demark-td-pressure-h4,2026-05-19,0,0,,,,,,False,
QM5_1332,PRE_JUNE,chan-london-bb-breakout,2026-05-18,2,1,,Q02,INFRA_FAIL,failed,2026-06-18,False,
QM5_1333,PRE_JUNE,chan-fx-local-hours,2026-05-19,0,0,,,,,,False,
QM5_1334,PRE_JUNE,chan-param-spread-sizing,2026-05-19,0,0,,,,,,False,
QM5_1336,PRE_JUNE,chan-index-10d-low,2026-05-22,2,1,,Q02,FAIL,done,2026-06-18,False,
QM5_1342,PRE_JUNE,chan-lev-etf-close-momo,2026-05-19,2,1,,Q02,FAIL,done,2026-06-18,False,
QM5_1343,PRE_JUNE,chan-open-gap-ls,2026-05-19,0,0,,,,,,False,
QM5_1344,PRE_JUNE,chan-session-pctl-momo,2026-05-19,0,0,,,,,,False,
QM5_1345,PRE_JUNE,chan-cot-spec-momo,2026-05-19,3,0,,COMPILE_EA,COMPILE_FAIL,failed,2026-08-25,False,
QM5_1346,PRE_JUNE,chan-vpin-flow-momo,2026-05-19,0,0,,,,,,False,
QM5_1347,PRE_JUNE,lebeau-chandelier-exit-trail-h4,2026-05-19,0,0,,,,,,False,
QM5_1348,PRE_JUNE,wilder-adx-di-cross-system-h1,2026-05-19,0,0,,,,,,False,
QM5_1349,PRE_JUNE,williams-vol-breakout-prevday-range-h1,2026-05-19,0,0,,,,,,False,
QM5_1350,PRE_JUNE,tom-fps-williams-percent-r-h1,2026-05-19,0,0,,,,,,False,
QM5_1351,PRE_JUNE,frankfurt-box-first-hour-breakout-m30,2026-05-19,0,0,,,,,,False,
QM5_1352,PRE_JUNE,murrey-math-octave-reaction-h1,2026-05-19,0,0,,,,,,False,
QM5_1353,PRE_JUNE,fisher-transform-zerocross-h1,2026-05-19,0,0,,,,,,False,
QM5_1357,PRE_JUNE,as-pragmatic-aa,2026-05-19,0,0,,,,,,False,
QM5_1358,PRE_JUNE,as-gpm-corrhedge,2026-05-19,0,0,,,,,,False,
QM5_1359,PRE_JUNE,as-us-rptf,2026-05-19,14,4,Q03,Q04,,pending,2026-08-17,False,
QM5_1362,PRE_JUNE,brooks-2bar-reversal-h4,2026-05-18,0,0,,,,,,False,
QM5_1363,PRE_JUNE,brooks-wedge-3push-h4,2026-05-19,0,0,,,,,,False,
QM5_1364,PRE_JUNE,brooks-double-top-bottom-h4,2026-05-19,0,0,,,,,,False,
QM5_1365,PRE_JUNE,tokyo-open-fade-asian-short-m15,2026-05-19,0,0,,,,,,False,
QM5_1366,PRE_JUNE,brooks-micro-channel-h1,2026-05-19,0,0,,,,,,False,
QM5_1367,PRE_JUNE,schaff-trend-cycle-stc-h1,2026-05-19,0,0,,,,,,False,
QM5_1368,PRE_JUNE,andrews-pitchfork-median-line-h4,2026-05-19,0,0,,,,,,False,
QM5_1369,PRE_JUNE,goodman-wave-theory-3c-h1,2026-05-19,0,0,,,,,,False,
QM5_1370,PRE_JUNE,linreg-channel-slope-flip-h1,2026-05-19,0,0,,,,,,False,
QM5_1371,PRE_JUNE,bernstein-stochastic-pop-h1,2026-05-19,337,37,Q03,Q04,,pending,2026-08-22,False,
QM5_1372,PRE_JUNE,williams-awesome-oscillator-twin-peaks-h1,2026-05-19,0,0,,,,,,False,
QM5_1373,PRE_JUNE,williams-accelerator-decelerator-zerocross-h1,2026-05-19,0,0,,,,,,False,
QM5_1374,PRE_JUNE,carter-ttm-wave-h1,2026-05-19,0,0,,,,,,False,
QM5_1375,PRE_JUNE,heiken-ashi-sma-smoothed-color-flip-h1,2026-05-19,0,0,,,,,,False,
QM5_1376,PRE_JUNE,harmonic-gartley-xabcd-h4,2026-05-19,0,0,,,,,,False,
QM5_1377,PRE_JUNE,schiff-pitchfork-median-h4,2026-05-19,0,0,,,,,,False,
QM5_1378,PRE_JUNE,brooks-4bar-continuation-h4,2026-05-19,0,0,,,,,,False,
QM5_1379,PRE_JUNE,forex-profit-loader-bounded-grid-h1,2026-05-19,0,0,,,,,,False,
QM5_1380,PRE_JUNE,brooks-h2l2-second-pullback-h4,2026-05-19,0,0,,,,,,False,
QM5_1382,PRE_JUNE,darvas-box-breakout-h1,2026-05-19,0,0,,,,,,False,
QM5_1383,PRE_JUNE,wave59-quickstrike-gann-h4,2026-05-19,104,14,,Q02,,pending,2026-08-30,False,
QM5_1384,PRE_JUNE,wave59-time-cycle-tlb-h4,2026-05-19,0,0,,,,,,False,
QM5_1385,PRE_JUNE,demark-td-range-expansion-h4,2026-05-19,119,16,Q02,Q04,,pending,2026-08-17,False,
QM5_1386,PRE_JUNE,forex-pulse-detector-multi-tf-momo-h1,2026-05-19,122,12,Q03,Q04,,pending,2026-08-17,False,
QM5_1387,PRE_JUNE,modified-schiff-pitchfork-h4,2026-05-19,263,37,,Q02,INVALID,failed,2026-08-17,False,
QM5_1388,PRE_JUNE,brooks-micro-channel-failed-test-h1,2026-05-19,0,0,,,,,,False,
QM5_1389,PRE_JUNE,goodman-wave-theory-measured-move-h1,2026-05-19,0,0,,,,,,False,
QM5_1390,PRE_JUNE,williams-percent-r-divergence-h4,2026-05-19,0,0,,,,,,False,
QM5_1391,PRE_JUNE,harmonic-bat-xabcd-h4,2026-05-19,0,0,,,,,,False,
QM5_1392,PRE_JUNE,wyckoff-spring-test-h4,2026-05-19,0,0,,,,,,False,
QM5_1393,PRE_JUNE,classical-head-shoulders-top-h4,2026-05-19,0,0,,,,,,False,
QM5_1394,PRE_JUNE,demark-td-differential-h4,2026-05-18,0,0,,,,,,False,
QM5_1395,PRE_JUNE,harmonic-butterfly-xabcd-h4,2026-05-19,80,11,,Q02,INVALID,failed,2026-08-17,False,
QM5_1396,PRE_JUNE,brooks-tight-micro-channel-trend-h1,2026-05-19,0,0,,,,,,False,
QM5_1397,PRE_JUNE,harmonic-gartley-xabcd-h4,2026-05-19,0,0,,,,,,False,
QM5_1399,PRE_JUNE,classical-double-top-h4,2026-05-19,0,0,,,,,,False,
QM5_1400,PRE_JUNE,wyckoff-upthrust-distribution-h4,2026-05-18,53,7,,Q02,INVALID,failed,2026-08-17,False,
QM5_1401,PRE_JUNE,harmonic-shark-xabcd-h4,2026-05-19,0,0,,,,,,False,
QM5_1402,PRE_JUNE,harmonic-cypher-xabcd-h4,2026-05-19,0,0,,,,,,False,
QM5_1403,PRE_JUNE,harmonic-5-0-pattern-h4,2026-05-19,72,13,,Q02,ZERO_TRADES,done,2026-07-24,False,
QM5_1404,PRE_JUNE,as-raa-unemp-canary,2026-05-19,2,0,,COMPILE_EA,COMPILE_FAIL,failed,2026-08-22,False,
QM5_1405,PRE_JUNE,as-rpv-bestvalue,2026-05-19,3,0,,COMPILE_EA,COMPILE_FAIL,failed,2026-08-25,False,
QM5_1406,PRE_JUNE,classical-descending-triangle-breakdown-h4,2026-05-19,244,37,,Q02,INVALID,failed,2026-08-17,False,
QM5_1407,PRE_JUNE,classical-symmetric-triangle-breakout-h4,2026-05-19,0,0,,,,,,False,
QM5_1408,PRE_JUNE,classical-bull-flag-continuation-h1,2026-05-19,0,0,,,,,,False,
QM5_1409,PRE_JUNE,wyckoff-sign-of-strength-phase-d-h4,2026-05-19,0,0,,,,,,False,
QM5_1410,PRE_JUNE,bressert-dual-cycle-oscillator-h4,2026-05-19,0,0,,,,,,False,
QM5_1416,PRE_JUNE,classical-bear-flag-continuation-h1,2026-05-19,0,0,,,,,,False,
QM5_1417,PRE_JUNE,classical-pennant-continuation-h1,2026-05-19,0,0,,,,,,False,
QM5_1418,PRE_JUNE,classical-falling-wedge-reversal-h4,2026-05-19,15,13,,Q02,ZERO_TRADES,done,2026-08-09,False,
QM5_1419,PRE_JUNE,wyckoff-lpsy-distribution-phase-d-h4,2026-05-19,12,11,,Q02,ZERO_TRADES,done,2026-08-11,False,
QM5_1420,PRE_JUNE,bressert-cycle-counting-h4,2026-05-19,14,13,,Q02,ZERO_TRADES,done,2026-08-08,False,
QM5_1421,PRE_JUNE,classical-rising-wedge-reversal-h4,2026-05-18,18,13,,Q02,ZERO_TRADES,done,2026-08-11,False,
QM5_1422,PRE_JUNE,classical-broadening-formation-h4,2026-05-19,18,13,,Q02,ZERO_TRADES,done,2026-08-11,False,
QM5_1423,PRE_JUNE,wyckoff-sign-of-weakness-phase-d-h4,2026-05-19,12,11,,Q02,ZERO_TRADES,done,2026-08-12,False,
QM5_1424,PRE_JUNE,bressert-short-cycle-counting-h4,2026-05-19,19,13,,Q02,ZERO_TRADES,done,2026-08-12,False,
QM5_1425,PRE_JUNE,classical-triple-bottom-reversal-h4,2026-05-18,0,0,,,,,,False,
QM5_1426,PRE_JUNE,classical-complex-head-shoulders-h4,2026-05-18,0,0,,,,,,False,
QM5_1428,PRE_JUNE,wyckoff-phase-e-mark-up-continuation-h4,2026-05-19,0,0,,,,,,False,
QM5_1429,PRE_JUNE,wyckoff-phase-e-mark-down-continuation-h4,2026-05-19,0,0,,,,,,False,
QM5_1430,PRE_JUNE,andrews-pitchfork-parallel-line-h4,2026-05-19,0,0,,,,,,False,
QM5_1431,PRE_JUNE,williams-r-hidden-divergence-h4,2026-05-19,0,0,,,,,,False,
QM5_1432,PRE_JUNE,demark-td-setup-trend-h4,2026-05-19,0,0,,,,,,False,
QM5_1433,PRE_JUNE,wyckoff-phase-e-mark-up-continuation-h4,2026-05-19,262,37,,Q02,INVALID,failed,2026-08-17,False,
QM5_1434,PRE_JUNE,andrews-pitchfork-sliding-parallel-h4,2026-05-19,226,37,,Q02,ZERO_TRADES,done,2026-08-12,False,
QM5_1435,PRE_JUNE,andrews-pitchfork-central-h4,2026-05-19,229,37,,Q02,INVALID,failed,2026-08-17,False,
QM5_1436,PRE_JUNE,williams-r-cross-zero-h4,2026-05-19,0,0,,,,,,False,
QM5_1437,PRE_JUNE,carter-ttm-squeeze-h4,2026-05-19,0,0,,,,,,False,
QM5_1438,PRE_JUNE,demark-td-demarker-h4,2026-05-19,0,0,,,,,,False,
QM5_1439,PRE_JUNE,wyckoff-spring-test-phase-c-h4,2026-05-19,0,0,,,,,,False,
QM5_1440,PRE_JUNE,carter-ttm-wave-h4,2026-05-19,110,14,Q03,Q04,,pending,2026-08-17,False,
QM5_1441,PRE_JUNE,aroon-up-down-crossover-h4,2026-05-19,0,0,,,,,,False,
QM5_1442,PRE_JUNE,wyckoff-phase-e-mark-up-multi-pullback-h4,2026-05-19,102,14,,Q02,INVALID,failed,2026-08-17,False,
QM5_1443,PRE_JUNE,demark-td-lines-h4,2026-05-19,126,14,Q03,Q04,,pending,2026-08-17,False,
QM5_1444,PRE_JUNE,vortex-indicator-cross-h4,2026-05-19,0,0,,,,,,False,
QM5_1445,PRE_JUNE,carney-three-drive-h4,2026-05-18,0,0,,,,,,False,
QM5_1446,PRE_JUNE,demark-td-open-range-h4,2026-05-19,12,11,,Q02,ZERO_TRADES,done,2026-08-08,False,
QM5_1447,PRE_JUNE,wilder-parabolic-sar-atr-h4,2026-05-19,0,0,,,,,,False,
QM5_1448,PRE_JUNE,demark-td-combo-h4,2026-05-18,99,14,,Q02,INVALID,failed,2026-08-17,False,
QM5_1449,PRE_JUNE,wilder-adx-dmi-crossover-h4,2026-05-18,0,0,,,,,,False,
QM5_1463,PRE_JUNE,as-papa-bear,2026-05-19,29,5,Q03,Q02,PASS,done,2026-08-04,False,
QM5_1480,PRE_JUNE,carter-ttm-trend-h4,2026-05-19,0,0,,,,,,False,
QM5_1481,PRE_JUNE,wilder-adx-dmi-crossover-h4,2026-05-19,0,0,,,,,,False,
QM5_1482,PRE_JUNE,carney-three-drive-harmonic-h4,2026-05-19,0,0,,,,,,False,
QM5_1485,PRE_JUNE,bw-awesome-oscillator-saucer-h4,2026-05-19,0,0,,,,,,False,
QM5_1486,PRE_JUNE,ehlers-cg-oscillator-cross-h4,2026-05-19,10,3,,Q02,ZERO_TRADES,done,2026-08-07,False,
QM5_1487,PRE_JUNE,raschke-3-10-oscillator-cross-h4,2026-05-19,0,0,,,,,,False,
QM5_1488,PRE_JUNE,as-ddm-pods,2026-05-19,2,0,,COMPILE_EA,COMPILE_FAIL,failed,2026-08-22,False,
QM5_1489,PRE_JUNE,as-permanent-tactical,2026-05-19,2,0,,COMPILE_EA,COMPILE_FAIL,failed,2026-08-22,False,
QM5_1490,PRE_JUNE,raschke-anti-pullback-reversal-h4,2026-05-19,15,11,,Q02,ZERO_TRADES,done,2026-08-11,False,
QM5_1491,PRE_JUNE,ehlers-sinewave-leadsine-cross-h4,2026-05-19,11,10,,Q02,ZERO_TRADES,done,2026-08-11,False,
QM5_1492,PRE_JUNE,connors-vix-spike-reversal-h4,2026-05-19,11,5,,Q02,FAIL,done,2026-08-07,False,
QM5_1493,PRE_JUNE,hopwood-pattern-recognition-master-h4,2026-05-19,15,11,,Q02,ZERO_TRADES,done,2026-08-12,False,
QM5_1494,PRE_JUNE,dorsey-mass-index-reversal-bulge-h4,2026-05-19,12,11,,Q02,FAIL,done,2026-08-08,False,
QM5_1502,PRE_JUNE,hopwood-reversal-indicator-h4,2026-05-19,0,0,,,,,,False,
QM5_1503,PRE_JUNE,ehlers-decycler-low-pass-h4,2026-05-19,0,0,,,,,,False,
QM5_1504,PRE_JUNE,raschke-three-little-indians-h4,2026-05-19,0,0,,,,,,False,
QM5_1505,PRE_JUNE,connors-cumulative-rsi-h4,2026-05-19,33,12,Q03,Q04,,pending,2026-08-17,False,
QM5_1506,PRE_JUNE,demark-td-sequential-combo-h4,2026-05-19,18,11,,Q02,ZERO_TRADES,done,2026-08-08,False,
QM5_1507,PRE_JUNE,ehlers-mama-fama-cross-h4,2026-05-19,0,0,,,,,,False,
QM5_1508,PRE_JUNE,hopwood-triple-trend-h4,2026-05-19,0,0,,,,,,False,
QM5_1509,PRE_JUNE,ehlers-even-better-sinewave-h4,2026-05-19,0,0,,,,,,False,
QM5_1510,PRE_JUNE,demark-td-camouflage-h4,2026-05-19,78,11,,Q02,INVALID,failed,2026-08-17,False,
QM5_1511,PRE_JUNE,connors-tps-time-price-score-h4,2026-05-19,0,0,,,,,,False,
QM5_1517,PRE_JUNE,ehlers-roofing-filter-trend-h4,2026-05-19,240,37,,Q02,INVALID,failed,2026-08-17,False,
QM5_1518,PRE_JUNE,hopwood-wilders-stoch-donchian-h4,2026-05-19,84,11,Q03,Q04,,pending,2026-08-17,False,
QM5_1521,PRE_JUNE,ehlers-predictive-moving-average-h4,2026-05-19,0,0,,,,,,False,
QM5_1524,PRE_JUNE,williams-r-of-rsi-composite-h4,2026-05-19,0,0,,,,,,False,
QM5_1525,PRE_JUNE,ehlers-empirical-mode-decomp-h4,2026-05-19,0,0,,,,,,False,
QM5_1526,PRE_JUNE,demark-td-open-h4,2026-05-19,0,0,,,,,,False,
QM5_1527,PRE_JUNE,connors-crsi-composite-h4,2026-05-19,0,0,,,,,,False,
QM5_1529,PRE_JUNE,ehlers-reflex-indicator-h4,2026-05-19,0,0,,,,,,False,
QM5_1530,PRE_JUNE,connors-double-sevens-h4,2026-05-19,16,8,Q03,Q02,INFRA_FAIL,failed,2026-07-29,False,
QM5_1531,PRE_JUNE,demark-td-open-bar-reversal-h4,2026-05-19,0,0,,,,,,False,
QM5_1532,PRE_JUNE,ehlers-stochastic-rsi-h4,2026-05-19,0,0,,,,,,False,
QM5_1533,PRE_JUNE,williams-sentiment-index-h4,2026-05-19,0,0,,,,,,False,
QM5_1536,PRE_JUNE,aa-mrat-21-200,2026-05-19,55,10,,Q02,RETIRE,done,2026-08-30,False,
QM5_1537,PRE_JUNE,aa-vol-sma10,2026-05-19,87,37,Q11,Q09_NEWS,,pending,2026-09-02,False,
QM5_1538,PRE_JUNE,aa-tsmom-1-3-12,2026-05-19,5,0,,COMPILE_EA,,pending,2026-08-30,False,
QM5_1539,PRE_JUNE,aa-canary-13612w,2026-05-19,3,0,,COMPILE_EA,COMPILE_FAIL,failed,2026-08-25,False,
QM5_1540,PRE_JUNE,aa-vix-trend-top2,2026-05-19,28,9,,Q02,ZERO_TRADES,done,2026-08-07,False,
QM5_1546,PRE_JUNE,connors-multi-day-high-low-h4,2026-05-19,0,0,,,,,,False,
QM5_1547,PRE_JUNE,demark-td-range-projection-h4,2026-05-19,0,0,,,,,,False,
QM5_1548,PRE_JUNE,ehlers-hilbert-transform-dft-h4,2026-05-19,67,9,,Q02,INVALID,failed,2026-08-17,False,
QM5_1550,PRE_JUNE,bressert-double-cycle-composite-h4,2026-05-19,0,0,,,,,,False,
QM5_1551,PRE_JUNE,demark-td-range-projection-h4,2026-05-19,340,9,Q09,Q09,,pending,2026-09-01,False,
QM5_1552,PRE_JUNE,aa-reit-vamom,2026-05-19,40,5,Q03,Q04,FAIL,done,2026-06-26,False,
QM5_1553,PRE_JUNE,hopwood-bermaui-rsi-mtf-h4,2026-05-19,0,0,,,,,,False,
QM5_1554,PRE_JUNE,bressert-double-cycle-composite-h4,2026-05-19,9,8,,Q02,ZERO_TRADES,done,2026-07-21,False,
QM5_1555,PRE_JUNE,aa-factor-ma50,2026-05-19,0,0,,,,,,False,
QM5_1556,PRE_JUNE,aa-zak-mom12,2026-05-19,59,9,Q10,Q10_NEWS,,pending,2026-09-03,False,Q12_REVIEW_READY
QM5_1557,PRE_JUNE,aa-zak-psma10,2026-05-19,0,0,,,,,,False,
QM5_1558,PRE_JUNE,aa-zak-mac-3-10,2026-05-19,34,9,,Q02,FAIL,done,2026-08-08,False,
QM5_1559,PRE_JUNE,aa-zak-mae-10-5,2026-05-19,4,4,,Q02,FAIL,done,2026-06-18,False,
QM5_1560,PRE_JUNE,aa-zak-macd-3-12-6,2026-05-19,79,9,,Q02,INVALID,failed,2026-08-25,False,
QM5_1562,PRE_JUNE,demark-td-range-projection-h4,2026-05-19,0,0,,,,,,False,
QM5_1563,PRE_JUNE,ehlers-hilbert-transform-dft-h4,2026-05-19,0,0,,,,,,False,
QM5_1567,PRE_JUNE,demark-td-reverse-sequential-h4,2026-05-19,386,37,Q10,Q10_NEWS,,pending,2026-09-03,False,Q12_REVIEW_READY;RETIRED
QM5_1568,PRE_JUNE,ehlers-two-pole-butterworth-h4,2026-05-19,266,37,,Q02,INVALID,failed,2026-08-17,False,
QM5_1572,PRE_JUNE,aa-ls-mom-bear24,2026-05-19,2,0,,COMPILE_EA,COMPILE_FAIL,failed,2026-08-22,False,
QM5_1573,PRE_JUNE,aa-sell-may,2026-05-19,4,3,,Q02,FAIL,done,2026-08-01,False,
QM5_1574,PRE_JUNE,aa-intraday-fh-lh,2026-05-19,19,3,Q03,Q02,FAIL,done,2026-07-04,False,
QM5_1576,PRE_JUNE,demark-td-termination-count-h4,2026-05-19,79,10,,Q02,INVALID,failed,2026-08-17,False,
QM5_1577,PRE_JUNE,ehlers-super-smoother-2pole-h4,2026-05-19,0,0,,,,,,False,
QM5_1578,PRE_JUNE,hopwood-ts3-standalone-h4,2026-05-19,0,0,,,,,,False,
QM5_1579,PRE_JUNE,sperandeo-tlb-swing-pivot-h4,2026-05-19,14,7,Q02,Q04,,pending,2026-08-17,False,
QM5_1581,PRE_JUNE,aa-rod-lh-mom,2026-05-19,0,0,,,,,,False,
QM5_1582,PRE_JUNE,ehlers-super-smoother-h4,2026-05-19,0,0,,,,,,False,
QM5_1583,PRE_JUNE,aa-sma10-tr4-risk,2026-05-19,3,0,,COMPILE_EA,COMPILE_FAIL,failed,2026-08-25,False,
QM5_1585,PRE_JUNE,demark-td-differential-h4,2026-05-19,0,0,,,,,,False,
QM5_1588,PRE_JUNE,aa-tsmom-vol12,2026-05-19,34,6,Q02,Q04,,pending,2026-08-17,False,
QM5_1591,PRE_JUNE,demark-td-anti-differential-h4,2026-05-19,0,0,,,,,,False,
QM5_1592,PRE_JUNE,ehlers-even-better-sinewave-mtf-h4,2026-05-19,0,0,,,,,,False,
QM5_1593,PRE_JUNE,carney-bat-pattern-h4,2026-05-19,0,0,,,,,,False,
QM5_1594,PRE_JUNE,hopwood-ts6-standalone-h4,2026-05-19,0,0,,,,,,False,
QM5_1595,PRE_JUNE,sperandeo-2b-pivot-h4,2026-05-19,0,0,,,,,,False,
QM5_1601,PRE_JUNE,aa-tsrev-double,2026-05-19,52,5,Q03,Q04,,pending,2026-08-17,False,
QM5_1604,PRE_JUNE,sperandeo-123-reversal-h4,2026-05-19,0,0,,,,,,False,
QM5_1605,PRE_JUNE,ehlers-spectral-dilation-h4,2026-05-19,0,0,,,,,,False,
QM5_1606,PRE_JUNE,aa-gvmt-robust,2026-05-19,3,0,,COMPILE_EA,COMPILE_FAIL,failed,2026-08-25,False,
QM5_1607,PRE_JUNE,aa-mom-tol-band,2026-05-19,3,0,,COMPILE_EA,COMPILE_FAIL,failed,2026-08-26,False,
QM5_1611,PRE_JUNE,aa-dsp-hpes024,2026-05-19,2,0,,COMPILE_EA,COMPILE_FAIL,failed,2026-08-22,False,
QM5_1612,PRE_JUNE,aa-dsp-hplwma10,2026-05-19,3,0,,COMPILE_EA,COMPILE_FAIL,failed,2026-08-26,False,
QM5_1613,PRE_JUNE,aa-dsp-atsmom,2026-05-19,3,0,,COMPILE_EA,COMPILE_FAIL,failed,2026-08-26,False,
QM5_1614,PRE_JUNE,aa-dsp-fbank-turn,2026-05-19,50,9,Q03,Q04,,pending,2026-08-17,False,
QM5_1615,PRE_JUNE,aa-breaktrend-2-12,2026-05-19,18,9,Q06,Q04,FAIL,done,2026-08-08,False,
QM5_1617,PRE_JUNE,mql5-sar-sma-rapid,2026-05-19,3,0,,COMPILE_EA,COMPILE_FAIL,failed,2026-08-26,False,
QM5_1618,PRE_JUNE,mql5-ma-support,2026-05-19,3,0,,COMPILE_EA,COMPILE_FAIL,failed,2026-08-26,False,
QM5_1619,PRE_JUNE,ehlers-adaptive-cg-h4,2026-05-19,0,0,,,,,,False,
QM5_1623,PRE_JUNE,hopwood-bermaui-dss-h4,2026-05-19,0,0,,,,,,False,
QM5_1624,PRE_JUNE,ehlers-adaptive-cg-h4,2026-05-19,0,0,,,,,,False,
QM5_1629,PRE_JUNE,ehlers-cybernetic-cycle-h4,2026-05-19,0,0,,,,,,False,
QM5_1634,PRE_JUNE,mql5-consolid-break,2026-05-19,46,3,Q04,Q05,,pending,2026-09-02,False,
QM5_1635,PRE_JUNE,mql5-donchian-break,2026-05-19,0,0,,,,,,False,
QM5_1636,PRE_JUNE,sperandeo-3day-pivot-rule-h4,2026-05-19,0,0,,,,,,False,
QM5_1637,PRE_JUNE,mql5-golden-death,2026-05-19,7,3,Q02,Q02,,pending,2026-07-26,False,
QM5_1638,PRE_JUNE,mql5-ma-slope-close,2026-05-19,9,3,Q02,Q04,,pending,2026-08-17,False,
QM5_1640,PRE_JUNE,aa-indmom-12-0,2026-05-19,3,0,,COMPILE_EA,COMPILE_FAIL,failed,2026-08-26,False,
QM5_1641,PRE_JUNE,aa-qend-mom-season,2026-05-19,41,5,,Q02,INVALID,failed,2026-08-17,False,
QM5_1642,PRE_JUNE,aa-xasset-xmom-third,2026-05-19,159,12,Q02,Q02,,pending,2026-08-25,False,
QM5_1643,PRE_JUNE,aa-overnight-mom,2026-05-19,0,0,,,,,,False,
QM5_1644,PRE_JUNE,aa-sector-xmom-third,2026-05-19,51,5,Q02,Q02,FAIL,done,2026-08-08,False,
QM5_1645,PRE_JUNE,carney-cypher-pattern-h4,2026-05-19,0,0,,,,,,False,
QM5_1647,PRE_JUNE,ehlers-ebsw-cycle-extraction-h4,2026-05-19,0,0,,,,,,False,
QM5_1649,PRE_JUNE,carney-cypher-pattern-h4,2026-05-19,0,0,,,,,,False,
QM5_1651,PRE_JUNE,ehlers-ebsw-cycle-extract-composite-h4,2026-05-19,0,0,,,,,,False,
QM5_1652,PRE_JUNE,demark-td-sequential-tdst-overlay-h4,2026-05-19,0,0,,,,,,False,
QM5_1653,PRE_JUNE,sperandeo-test-of-strength-h4,2026-05-19,0,0,,,,,,False,
QM5_1671,PRE_JUNE,ehlers-ebsw-cycle-extract-composite-h4,2026-05-19,3,0,,COMPILE_EA,COMPILE_FAIL,failed,2026-08-26,False,
QM5_1673,PRE_JUNE,sperandeo-tvii-trendline-failure-h4,2026-05-19,35,13,Q04,Q05,FAIL,done,2026-09-02,False,
QM5_1701,PRE_JUNE,demark-td-sequential-tdst-overlay-h4,2026-05-19,0,0,,,,,,False,
QM5_1702,PRE_JUNE,ehlers-ebsw-cycle-extraction-h4,2026-05-19,0,0,,,,,,False,
QM5_1703,PRE_JUNE,sperandeo-multiple-top-bottom-h4,2026-05-19,251,37,,Q02,ZERO_TRADES,done,2026-08-09,False,
QM5_1751,PRE_JUNE,ehlers-hilbert-fft-cleanup-h4,2026-05-19,0,0,,,,,,False,
QM5_1800,PRE_JUNE,chande-vidya-cross-h4,2026-05-19,259,37,Q03,Q02,,pending,2026-08-25,False,
QM5_1801,PRE_JUNE,chande-momentum-oscillator-h4,2026-05-19,17,14,,Q02,FAIL,done,2026-08-08,False,
QM5_1802,PRE_JUNE,elder-impulse-system-h4,2026-05-19,0,0,,,,,,False,
QM5_1803,PRE_JUNE,elder-triple-screen-h4,2026-05-19,0,0,,,,,,False,
QM5_1804,PRE_JUNE,hutson-trix-cross-h4,2026-05-19,235,37,,Q02,INVALID,failed,2026-08-17,False,
QM5_1856,PRE_JUNE,elder-force-index-spike-reversal-h4,2026-05-19,0,0,,,,,,False,
QM5_1857,PRE_JUNE,chande-forecast-oscillator-h4,2026-05-19,0,0,,,,,,False,
QM5_1858,PRE_JUNE,elder-ray-bull-bear-power-zerocross-h4,2026-05-19,0,0,,,,,,False,
QM5_1859,PRE_JUNE,carney-pesavento-ratio-symmetry-h4,2026-05-19,0,0,,,,,,False,
QM5_1910,PRE_JUNE,chande-stochastic-rsi-pop-h4,2026-05-19,64,14,Q05,Q06,,pending,2026-09-02,False,
QM5_1911,PRE_JUNE,elder-macd-histogram-hook-h4,2026-05-19,0,0,,,,,,False,
QM5_1912,PRE_JUNE,hopwood-asc-trend-channel-h4,2026-05-19,0,0,,,,,,False,
QM5_1913,PRE_JUNE,hutson-dpo-zero-cross-h4,2026-05-19,0,0,,,,,,False,
QM5_1914,PRE_JUNE,colby-mfi-divergence-h4,2026-05-19,0,0,,,,,,False,
QM5_1965,PRE_JUNE,elder-bull-bear-power-confirm-h4,2026-05-19,0,0,,,,,,False,
QM5_1966,PRE_JUNE,colby-demand-index-h4,2026-05-19,0,0,,,,,,False,
QM5_1967,PRE_JUNE,pring-kst-h4,2026-05-19,0,0,,,,,,False,
QM5_1968,PRE_JUNE,chande-aroon-oscillator-cross-h4,2026-05-19,0,0,,,,,,False,
QM5_1969,PRE_JUNE,chande-fo-histogram-h4,2026-05-19,0,0,,,,,,False,
QM5_2001,PRE_JUNE,nnfx-classic-ssl,2026-05-19,234,37,,Q02,INVALID,failed,2026-08-17,False,
QM5_2002,PRE_JUNE,nnfx-qqe-trend,2026-05-19,246,37,Q05,Q06,FAIL,done,2026-08-30,False,
QM5_2003,PRE_JUNE,nnfx-wave-sniper,2026-05-19,236,37,,Q02,ZERO_TRADES,done,2026-08-08,False,
QM5_2004,PRE_JUNE,nnfx-trix-momentum,2026-05-19,246,37,Q03,Q04,FAIL,done,2026-07-04,False,
QM5_2005,PRE_JUNE,nnfx-donchian-flow,2026-05-19,233,37,,Q02,INVALID,failed,2026-08-17,False,
QM5_2006,PRE_JUNE,nnfx-ichimoku-core,2026-05-19,233,37,,Q02,INVALID,failed,2026-08-17,False,
QM5_2007,PRE_JUNE,nnfx-rsi-macd-synergy,2026-05-19,229,37,,Q02,INVALID,failed,2026-08-17,False,
QM5_2010,PRE_JUNE,nnfx-v2-h4-bias-h1-pullback,2026-05-20,4,4,,Q02,FAIL,done,2026-06-18,False,
QM5_2011,PRE_JUNE,nnfx-v2-h4-bias-h1-breakout,2026-05-20,4,4,,Q02,FAIL,done,2026-06-18,False,
QM5_2012,PRE_JUNE,nnfx-v2-fx-basket-top3-trend,2026-05-20,153,13,Q03,Q04,,pending,2026-08-17,False,
QM5_2013,PRE_JUNE,nnfx-v2-carry-momentum-filter,2026-05-20,177,8,Q03,Q04,,pending,2026-08-17,False,
QM5_2014,PRE_JUNE,nnfx-v2-range-filter-meanrev,2026-05-20,10,4,Q03,Q04,,pending,2026-08-17,False,
QM5_20175,PRE_JUNE,alpha-inst-magnet-r1-recovery,2026-05-19,0,0,,,,,,False,
QM5_2020,PRE_JUNE,chaikin-volatility-h4,2026-05-19,0,0,,,,,,False,
QM5_2021,PRE_JUNE,chaikin-money-flow-h4,2026-05-19,0,0,,,,,,False,
QM5_2022,PRE_JUNE,ehlers-hilbert-phase-trend-h4,2026-05-19,0,0,,,,,,False,
QM5_2023,PRE_JUNE,demark-td-d-wave-wave5-h4,2026-05-19,0,0,,,,,,False,
QM5_2024,PRE_JUNE,pring-trend-deviation-oscillator-h4,2026-05-19,16,10,,Q02,ZERO_TRADES,done,2026-08-08,False,
QM5_2025,PRE_JUNE,williams-accumulation-distribution-h4,2026-05-19,0,0,,,,,,False,
QM5_2077,PRE_JUNE,demark-td-rei-h4,2026-05-19,103,10,,Q02,FAIL,done,2026-08-05,False,
QM5_2078,PRE_JUNE,ehlers-sine-wave-h4,2026-05-19,40,10,Q04,Q04,,pending,2026-08-17,False,
QM5_2079,PRE_JUNE,williams-ultimate-oscillator-h4,2026-05-19,0,0,,,,,,False,
QM5_2080,PRE_JUNE,pring-special-k-h4,2026-05-19,18,9,,Q02,ZERO_TRADES,done,2026-08-08,False,
QM5_2131,PRE_JUNE,ehlers-laguerre-filter-h4,2026-05-19,42,10,,Q02,ZERO_TRADES,done,2026-08-08,False,
QM5_2132,PRE_JUNE,pring-kst-histogram-h4,2026-05-19,29,10,,Q02,FAIL,done,2026-08-11,False,
QM5_2133,PRE_JUNE,demark-td-trend-factor-h4,2026-05-19,36,10,Q06,Q02,INFRA_FAIL,failed,2026-07-29,False,
QM5_2134,PRE_JUNE,brooks-major-trend-reversal-h4,2026-05-19,30,10,,Q02,FAIL,done,2026-08-08,False,
QM5_2135,PRE_JUNE,chande-trendscore-h4,2026-05-19,0,0,,,,,,False,
QM5_2186,PRE_JUNE,ehlers-frama-cross-h4,2026-05-19,0,0,,,,,,False,
QM5_2187,PRE_JUNE,demark-td-trap-h4,2026-05-19,0,0,,,,,,False,
QM5_2188,PRE_JUNE,chande-ravi-regime-cross-h4,2026-05-19,0,0,,,,,,False,
QM5_2189,PRE_JUNE,brooks-h1-l1-pullback-h4,2026-05-19,0,0,,,,,,False,
QM5_2190,PRE_JUNE,chande-qstick-zero-cross-h4,2026-05-19,0,0,,,,,,False,
QM5_2241,PRE_JUNE,ehlers-inverse-fisher-transform-h4,2026-05-19,0,0,,,,,,False,
QM5_2242,PRE_JUNE,demark-td-magic-letters-h4,2026-05-19,0,0,,,,,,False,
QM5_2243,PRE_JUNE,chande-aroon-divergence-h4,2026-05-19,0,0,,,,,,False,
QM5_2244,PRE_JUNE,brooks-h2-l2-pullback-h4,2026-05-19,0,0,,,,,,False,
QM5_2296,PRE_JUNE,demark-td-diff-alt-h4,2026-05-19,0,0,,,,,,False,
QM5_2297,PRE_JUNE,sperandeo-channel-buster-h4,2026-05-19,0,0,,,,,,False,
QM5_2298,PRE_JUNE,williams-smash-day-h4,2026-05-19,0,0,,,,,,False,
QM5_2299,PRE_JUNE,brooks-final-flag-h4,2026-05-19,0,0,,,,,,False,
QM5_2300,PRE_JUNE,chande-vidya-slope-h4,2026-05-19,0,0,,,,,,False,
QM5_2351,PRE_JUNE,demark-td-diff-rsi-h4,2026-05-19,0,0,,,,,,False,
QM5_2352,PRE_JUNE,williams-3day-failure-h4,2026-05-19,0,0,,,,,,False,
QM5_2353,PRE_JUNE,ehlers-voss-predictor-h4,2026-05-19,0,0,,,,,,False,
QM5_2354,PRE_JUNE,brooks-failed-final-flag-h4,2026-05-19,0,0,,,,,,False,
QM5_2355,PRE_JUNE,demark-td-clopwin-h4,2026-05-19,0,0,,,,,,False,
QM5_2406,PRE_JUNE,brooks-triangle-h4,2026-05-19,0,0,,,,,,False,
QM5_2407,PRE_JUNE,demark-td-clop-h4,2026-05-19,0,0,,,,,,False,
QM5_2408,PRE_JUNE,williams-mmm-h4,2026-05-19,0,0,,,,,,False,
QM5_2409,PRE_JUNE,demark-td-lines-active-h4,2026-05-19,0,0,,,,,,False,
QM5_2410,PRE_JUNE,ehlers-universal-oscillator-h4,2026-05-19,0,0,,,,,,False,
QM5_2461,PRE_JUNE,brooks-failed-wedge-h4,2026-05-19,0,0,,,,,,False,
QM5_2462,PRE_JUNE,demark-td-channel-1-h4,2026-05-19,0,0,,,,,,False,
QM5_2463,PRE_JUNE,sperandeo-spring-channel-h4,2026-05-19,0,0,,,,,,False,
QM5_2464,PRE_JUNE,pring-special-k-histogram-h4,2026-05-19,0,0,,,,,,False,
QM5_2465,PRE_JUNE,demark-td-channel-2-h4,2026-05-19,0,0,,,,,,False,
QM5_3001,PRE_JUNE,alpha-rubber-band,2026-05-19,0,0,,,,,,False,
QM5_3002,PRE_JUNE,alpha-unger-method,2026-05-19,0,0,,,,,,False,
QM5_3003,PRE_JUNE,alpha-quants-hook,2026-05-19,0,0,,,,,,False,
QM5_3004,PRE_JUNE,alpha-morning-rush,2026-05-19,0,0,,,,,,False,
QM5_4001,PRE_JUNE,elite-multi-factor-scoring,2026-05-20,0,0,,,,,,False,
QM5_4002,PRE_JUNE,elite-jpy-carry-fade,2026-05-20,0,0,,,,,,False,
QM5_4003,PRE_JUNE,elite-gamma-proxy-reversion,2026-05-20,0,0,,,,,,False,
QM5_4004,PRE_JUNE,elite-vsa-liquidity-sweep,2026-05-20,0,0,,,,,,False,
QM5_5001,PRE_JUNE,legend-unger-breakout,2026-05-20,0,0,,,,,,False,
QM5_5002,PRE_JUNE,legend-davey-trend,2026-05-20,0,0,,,,,,False,
QM5_5003,PRE_JUNE,legend-balke-session,2026-05-20,0,0,,,,,,False,
QM5_5004,PRE_JUNE,legend-simons-proxy,2026-05-20,0,0,,,,,,False,
QM5_5005,PRE_JUNE,legend-williams-expansion,2026-05-20,0,0,,,,,,False,
QM5_6001,PRE_JUNE,macro-pure-alpha-trend,2026-05-21,0,0,,,,,,False,
QM5_6002,PRE_JUNE,macro-thorp-reversion,2026-05-21,0,0,,,,,,False,
QM5_6003,PRE_JUNE,macro-vcp-breakout,2026-05-21,0,0,,,,,,False,
QM5_6004,PRE_JUNE,macro-turtle-system,2026-05-21,0,0,,,,,,False,
QM5_6005,PRE_JUNE,macro-optimal-risk-trend,2026-05-21,0,0,,,,,,False,
QM5_7001,PRE_JUNE,quant-gold-sovereign-sweep,2026-05-21,0,0,,,,,,False,
QM5_7002,PRE_JUNE,quant-ndx-gamma-flip,2026-05-21,0,0,,,,,,False,
QM5_7003,PRE_JUNE,quant-real-yield-arb,2026-05-21,0,0,,,,,,False,
QM5_8001,PRE_JUNE,quant-vix-macro-rotation,2026-05-21,0,0,,,,,,False,
QM5_8002,PRE_JUNE,quant-energy-roll-yield,2026-05-21,0,0,,,,,,False,
QM5_9007,PRE_JUNE,mql5-adx-sar,2026-05-19,10,3,Q02,Q04,,pending,2026-08-17,False,
QM5_9008,PRE_JUNE,mql5-cci-zero-ema,2026-05-19,11,3,Q02,Q04,,pending,2026-08-17,False,
QM5_9009,PRE_JUNE,mql5-cci-ao-reversal,2026-05-19,11,3,Q02,Q04,,pending,2026-08-17,False,
QM5_9010,PRE_JUNE,mql5-envelope-bounce,2026-05-19,0,0,,,,,,False,
QM5_9011,PRE_JUNE,aa-smartbeta-mom70,2026-05-19,0,0,,,,,,False,
QM5_9102,PRE_JUNE,mql5-ichi-price-ki,2026-05-19,0,0,,,,,,False,
QM5_9103,PRE_JUNE,mql5-ichi-ten-ki,2026-05-19,0,0,,,,,,False,
QM5_9104,PRE_JUNE,mql5-bb-sideways,2026-05-19,0,0,,,,,,False,
QM5_9107,PRE_JUNE,aa-mom-filter111,2026-05-19,225,37,,Q02,,pending,2026-08-12,False,
QM5_9111,PRE_JUNE,aa-dlwma-trend10,2026-05-19,3,0,,COMPILE_EA,COMPILE_FAIL,failed,2026-08-26,False,
QM5_9112,PRE_JUNE,aa-des-trend0177,2026-05-19,3,0,,COMPILE_EA,COMPILE_FAIL,failed,2026-08-26,False,
QM5_9113,PRE_JUNE,aa-ab-velocity,2026-05-19,3,0,,COMPILE_EA,COMPILE_OK,done,2026-08-26,False,
QM5_9121,PRE_JUNE,aa-tma10-cross,2026-05-19,197,10,Q03,Q04,,pending,2026-08-17,False,
QM5_9122,PRE_JUNE,aa-tlwma10-cross,2026-05-19,176,9,Q03,Q04,,pending,2026-08-17,False,
QM5_9123,PRE_JUNE,aa-tes01325-cross,2026-05-19,68,9,Q06,Q07,,pending,2026-08-30,False,
QM5_9124,PRE_JUNE,aa-abg-velocity,2026-05-19,26,9,Q03,Q04,,pending,2026-08-17,False,
QM5_9125,PRE_JUNE,aa-regslope10,2026-05-19,22,9,Q02,Q04,,pending,2026-08-17,False,
QM5_9132,PRE_JUNE,aa-currency-econmom,2026-05-19,33,7,Q02,Q02,,pending,2026-07-26,True,
QM5_9133,PRE_JUNE,aa-valmom-scale,2026-05-19,25,6,,Q02,FAIL,done,2026-08-03,False,
QM5_9136,PRE_JUNE,aa-mri-regime,2026-05-19,11,9,,Q02,FAIL,done,2026-08-08,False,
QM5_9147,PRE_JUNE,aa-ew6-ma12,2026-05-19,0,0,,,,,,False,
QM5_9151,PRE_JUNE,chan-at-fstx-gap-mom,2026-05-19,108,3,Q03,Q04,FAIL,done,2026-06-17,False,
QM5_9152,PRE_JUNE,chan-at-buy-on-gap,2026-05-19,0,0,,,,,,False,
QM5_9161,PRE_JUNE,aa-ew6-ma12,2026-05-19,62,7,Q03,Q04,,pending,2026-08-17,False,
QM5_9165,PRE_JUNE,tv-joovier-london-session-breakout,2026-05-19,0,0,,,,,,False,
QM5_9166,PRE_JUNE,aa-vol-ma-timing,2026-05-19,3,0,,COMPILE_EA,COMPILE_OK,done,2026-08-26,False,
QM5_9167,PRE_JUNE,tv-boswaves-supertrend-extensions,2026-05-19,0,0,,,,,,False,
QM5_9168,PRE_JUNE,tv-elaris-confluence-scalping,2026-05-19,0,0,,,,,,False,
QM5_9169,PRE_JUNE,tv-mou-triple-lens-mtf,2026-05-19,0,0,,,,,,False,
QM5_9176,PRE_JUNE,mql5-sar-rvi-reverse,2026-05-19,0,0,,,,,,False,
QM5_9177,PRE_JUNE,mql5-sar-rvi-zero,2026-05-19,0,0,,,,,,False,
QM5_9181,PRE_JUNE,jstm-dual-thrust-fx-intraday,2026-05-19,0,0,,,,,,False,
QM5_9182,PRE_JUNE,jstm-heikin-ashi-trend-long,2026-05-19,0,0,,,,,,False,
QM5_9183,PRE_JUNE,jstm-parabolic-sar-flip,2026-05-19,0,0,,,,,,False,
QM5_9184,PRE_JUNE,jstm-pair-cointegration-fx,2026-05-19,10,3,Q02,Q04,FAIL,done,2026-07-10,False,
QM5_9190,PRE_JUNE,mql5-asian-break,2026-05-19,40,3,Q03,Q03,PASS,done,2026-08-03,False,
QM5_9191,PRE_JUNE,mql5-butterfly,2026-05-19,41,3,Q02,Q02,INVALID,failed,2026-08-17,False,
QM5_9192,PRE_JUNE,mql5-trend-flat,2026-05-19,13,3,Q03,Q04,,pending,2026-08-17,False,
QM5_9193,PRE_JUNE,mql5-rsi-sweep,2026-05-19,36,3,,Q02,FAIL,done,2026-07-31,False,
QM5_9194,PRE_JUNE,mql5-rvgi-cci,2026-05-19,38,3,,Q02,INVALID,failed,2026-08-23,False,
QM5_9195,PRE_JUNE,mql5-signal-pulse,2026-05-19,22,3,Q02,Q03,FAIL,done,2026-07-14,False,
QM5_9196,PRE_JUNE,mql5-macd-obv-zero,2026-05-19,0,0,,,,,,False,
QM5_9197,PRE_JUNE,mql5-bb-stoch-mtf,2026-05-19,36,3,,Q02,FAIL,done,2026-07-31,False,
QM5_9198,PRE_JUNE,mql5-cci-zero,2026-05-19,8,3,Q02,Q04,,pending,2026-08-17,False,
QM5_9199,PRE_JUNE,mql5-liq-ma-sweep,2026-05-19,19,3,,Q02,FAIL,done,2026-07-10,False,
QM5_9203,PRE_JUNE,mql5-cci-zero,2026-05-19,0,0,,,,,,False,
QM5_9204,PRE_JUNE,mql5-mfi-trend,2026-05-19,0,0,,,,,,False,
QM5_9205,PRE_JUNE,mql5-stoch-side,2026-05-19,0,0,,,,,,False,
QM5_9206,PRE_JUNE,mql5-wpr-ma,2026-05-19,11,3,Q03,Q04,,pending,2026-08-17,False,
QM5_9207,PRE_JUNE,mql5-mom-trend,2026-05-19,23,3,Q02,Q04,FAIL,done,2026-08-08,False,
QM5_9208,PRE_JUNE,mql5-obv-price,2026-05-19,0,0,,,,,,False,
QM5_9209,PRE_JUNE,mql5-ac-ma-break,2026-05-19,0,0,,,,,,False,
QM5_9211,PRE_JUNE,mql5-trendloom,2026-05-19,0,0,,,,,,False,
QM5_9212,PRE_JUNE,mql5-rsi-fail,2026-05-19,23,3,,Q02,ZERO_TRADES,done,2026-08-08,False,
QM5_9213,PRE_JUNE,mql5-adx-rsi50,2026-05-19,23,3,Q02,Q04,FAIL,done,2026-08-09,False,
QM5_9215,PRE_JUNE,mql5-bear-ema,2026-05-19,0,0,,,,,,False,
QM5_9216,PRE_JUNE,mql5-bull-ema,2026-05-19,0,0,,,,,,False,
QM5_9217,PRE_JUNE,mql5-dpo-ma,2026-05-19,32,3,Q02,Q04,FAIL,done,2026-07-14,False,
QM5_9218,PRE_JUNE,mql5-aroon-cross,2026-05-19,40,3,Q02,Q04,FAIL,done,2026-08-02,False,
QM5_9219,PRE_JUNE,mql5-chv-ma,2026-05-19,22,3,Q02,Q02,INVALID,failed,2026-08-17,False,
QM5_9220,PRE_JUNE,mql5-alligator-trend,2026-05-19,0,0,,,,,,False,
QM5_9221,PRE_JUNE,mql5-stddev-ma,2026-05-19,18,3,Q02,Q04,,pending,2026-08-17,False,
QM5_9222,PRE_JUNE,mql5-bwmfi-ma,2026-05-19,0,0,,,,,,False,
QM5_9223,PRE_JUNE,mql5-demarker-div,2026-05-19,0,0,,,,,,False,
QM5_9224,PRE_JUNE,mql5-vol-ma-cross,2026-05-19,0,0,,,,,,False,
QM5_9225,PRE_JUNE,mql5-rvi-ma,2026-05-19,0,0,,,,,,False,
QM5_9228,PRE_JUNE,mql5-alligator-teeth,2026-05-19,36,3,,Q02,FAIL,done,2026-07-31,False,
QM5_9229,PRE_JUNE,mql5-dem-div,2026-05-19,100,3,Q02,Q04,,pending,2026-08-17,False,
QM5_9230,PRE_JUNE,mql5-alligator-trend,2026-05-19,0,0,,,,,,False,
QM5_9231,PRE_JUNE,mql5-ad-price,2026-05-19,0,0,,,,,,False,
QM5_9232,PRE_JUNE,mql5-bwmfi-ma,2026-05-19,0,0,,,,,,False,
QM5_9233,PRE_JUNE,mql5-ad-div,2026-05-19,0,0,,,,,,False,
QM5_9234,PRE_JUNE,mql5-vol-ma-cross,2026-05-19,0,0,,,,,,False,
QM5_9235,PRE_JUNE,mql5-am-price-cross,2026-05-19,32,3,Q02,Q02,,pending,2026-07-26,False,
QM5_9236,PRE_JUNE,mql5-hm-divergence,2026-05-19,12,3,Q02,Q04,,pending,2026-08-17,False,
QM5_9237,PRE_JUNE,mql5-gm-band-cross,2026-05-19,9,3,Q02,Q04,FAIL,done,2026-08-08,False,
QM5_9238,PRE_JUNE,mql5-hurst-ma-regime,2026-05-19,8,3,Q02,Q04,FAIL,done,2026-08-09,False,
QM5_9239,PRE_JUNE,mql5-dma-angle-band,2026-05-19,14,3,Q02,Q04,,pending,2026-08-17,False,
QM5_9240,PRE_JUNE,mql5-macd-us-session,2026-05-19,12,3,,Q02,FAIL,done,2026-06-23,False,
QM5_9241,PRE_JUNE,mql5-engulf-retest,2026-05-19,0,0,,,,,,False,
QM5_9242,PRE_JUNE,mql5-fvg-retest,2026-05-19,38,3,Q02,Q04,,pending,2026-08-17,False,
QM5_9243,PRE_JUNE,mql5-astar-swing,2026-05-19,20,3,Q03,Q04,,pending,2026-08-17,False,
QM5_9244,PRE_JUNE,mql5-matrix-score,2026-05-19,12,3,Q02,Q04,FAIL,done,2026-07-24,False,
QM5_9245,PRE_JUNE,mql5-ao-zero,2026-05-19,12,3,Q03,Q02,,pending,2026-08-13,False,
QM5_9246,PRE_JUNE,mql5-ao-bounce,2026-05-19,15,3,Q02,Q04,,pending,2026-08-17,False,
QM5_9247,PRE_JUNE,mql5-trix-wpr,2026-05-19,5,3,,Q02,ZERO_TRADES,done,2026-08-12,False,
QM5_9248,PRE_JUNE,mql5-atr-reversal,2026-05-19,8,3,,Q02,FAIL,done,2026-08-06,False,
QM5_9249,PRE_JUNE,mql5-bb-angle,2026-05-19,9,3,,Q02,FAIL,done,2026-08-12,False,
QM5_9250,PRE_JUNE,mql5-crt-amd,2026-05-19,4,2,,Q02,ZERO_TRADES,done,2026-08-08,False,
QM5_9251,PRE_JUNE,mql5-kagi-reversal,2026-05-19,0,0,,,,,,False,
QM5_9252,PRE_JUNE,mql5-ls-trendline,2026-05-19,0,0,,,,,,False,
QM5_9253,PRE_JUNE,mql5-3swing-break,2026-05-19,19,3,Q04,Q03,PASS,done,2026-07-24,False,
QM5_9254,PRE_JUNE,mql5-ga-break,2026-05-19,0,0,,,,,,False,
QM5_9255,PRE_JUNE,mql5-ema50-bounce,2026-05-19,15,3,Q02,Q04,,pending,2026-08-17,False,
QM5_9256,PRE_JUNE,mql5-3swing-tl,2026-05-19,0,0,,,,,,False,
QM5_9257,PRE_JUNE,mql5-ga-breakout,2026-05-19,23,3,Q04,Q05,FAIL,done,2026-08-07,False,
QM5_9258,PRE_JUNE,mql5-liq-flip,2026-05-19,0,0,,,,,,False,
QM5_9259,PRE_JUNE,mql5-struct-pull,2026-05-19,5,3,Q02,Q02,FAIL,done,2026-07-08,False,
QM5_9260,PRE_JUNE,mql5-force-ema,2026-05-19,16,3,Q02,Q04,FAIL,done,2026-07-08,False,
QM5_9261,PRE_JUNE,mql5-rvi-ma-cross,2026-05-19,16,3,Q02,Q04,FAIL,done,2026-07-20,False,
QM5_9262,PRE_JUNE,mql5-vidya-dual,2026-05-19,18,3,Q02,Q04,FAIL,done,2026-06-26,False,
QM5_9263,PRE_JUNE,mql5-chaikin-zero,2026-05-19,36,3,Q04,Q04,FAIL,done,2026-07-18,False,
QM5_9264,PRE_JUNE,mql5-demarker-div,2026-05-19,0,0,,,,,,False,
QM5_9265,PRE_JUNE,mql5-adx-di-trend,2026-05-19,7,3,Q02,Q04,FAIL,done,2026-07-27,False,
QM5_9266,PRE_JUNE,mql5-fractal-chain,2026-05-19,12,3,Q03,Q03,PASS,done,2026-07-25,False,
QM5_9267,PRE_JUNE,mql5-fractal-level-break,2026-05-19,10,3,Q03,Q03,PASS,done,2026-07-08,False,
QM5_9268,PRE_JUNE,mql5-fractal-fail-swing,2026-05-19,6,3,,Q02,ZERO_TRADES,done,2026-08-12,False,
QM5_9269,PRE_JUNE,mql5-gator-ad-hidden,2026-05-19,3,3,,Q02,FAIL,done,2026-08-08,False,
QM5_9270,PRE_JUNE,mql5-bos-liq-sweep,2026-05-19,28,4,,Q02,INVALID,failed,2026-08-17,False,
QM5_9271,PRE_JUNE,mql5-ifvg-reversal,2026-05-19,51,4,Q02,Q02,INVALID,failed,2026-08-23,False,
QM5_9272,PRE_JUNE,mql5-rsi-reg-div,2026-05-19,25,4,,Q02,INVALID,failed,2026-08-17,False,
QM5_9273,PRE_JUNE,mql5-rsi-hidden-div,2026-05-19,0,0,,,,,,False,
QM5_9274,PRE_JUNE,mql5-five-drives,2026-05-19,45,4,,Q02,FAIL,done,2026-06-25,False,
QM5_9275,PRE_JUNE,mql5-lw-down-close,2026-05-19,0,0,,,,,,False,
QM5_9276,PRE_JUNE,mql5-lw-3down,2026-05-19,0,0,,,,,,False,
QM5_9277,PRE_JUNE,mql5-lw-obj-pull,2026-05-19,0,0,,,,,,False,
QM5_9278,PRE_JUNE,mql5-lw-outside,2026-05-19,4,4,,Q02,ZERO_TRADES,done,2026-08-08,False,
QM5_9279,PRE_JUNE,mql5-lw-3bull-fade,2026-05-19,0,0,,,,,,False,
QM5_9280,PRE_JUNE,brooks-failed-triangle-h4,2026-05-19,0,0,,,,,,False,
QM5_9281,PRE_JUNE,demark-td-demand-supply-line-h4,2026-05-19,0,0,,,,,,False,
QM5_9282,PRE_JUNE,demark-td-stress-h4,2026-05-19,0,0,,,,,,False,
QM5_9283,PRE_JUNE,mql5-keltner-break,2026-05-19,11,3,Q03,Q04,FAIL,done,2026-07-26,False,
QM5_9284,PRE_JUNE,brooks-tight-trading-range-h4,2026-05-19,0,0,,,,,,False,
QM5_9285,PRE_JUNE,mql5-gator-ad-trap,2026-05-19,15,3,Q02,Q04,FAIL,done,2026-06-20,False,
QM5_9286,PRE_JUNE,mql5-gator-ad-range,2026-05-19,18,3,Q02,Q04,,pending,2026-08-17,False,
QM5_9287,PRE_JUNE,mql5-gator-ad-flip,2026-05-19,14,3,Q02,Q04,FAIL,done,2026-07-25,False,
QM5_9288,PRE_JUNE,mql5-gator-ad-mtf,2026-05-19,18,3,Q02,Q04,FAIL,done,2026-08-05,False,
QM5_9289,PRE_JUNE,mql5-gator-ad-pull,2026-05-19,41,3,Q02,Q04,,pending,2026-08-17,False,
QM5_9290,PRE_JUNE,mql5-dem-env-fakeout,2026-05-19,23,3,,Q02,ZERO_TRADES,done,2026-08-06,False,
QM5_9291,PRE_JUNE,mql5-dem-env-break,2026-05-19,43,3,Q04,Q02,INVALID,failed,2026-08-23,False,
QM5_9292,PRE_JUNE,mql5-dem-env-squeeze,2026-05-19,22,3,Q02,Q02,INVALID,failed,2026-08-17,False,
QM5_9293,PRE_JUNE,mql5-trix-wpr-cross,2026-05-19,9,3,Q03,Q04,FAIL,done,2026-08-03,False,
QM5_9294,PRE_JUNE,mql5-trix-wpr-break,2026-05-19,36,3,,Q02,FAIL,done,2026-07-28,False,
QM5_9295,PRE_JUNE,mql5-cmf-zero,2026-05-19,17,4,Q02,Q04,,pending,2026-08-17,False,
QM5_9296,PRE_JUNE,mql5-cmf-obos,2026-05-19,59,4,Q02,Q04,FAIL,done,2026-08-22,False,
QM5_9297,PRE_JUNE,mql5-cmf-ma-cross,2026-05-19,0,0,,,,,,False,
QM5_9298,PRE_JUNE,mql5-bears-div,2026-05-19,52,4,,Q02,ZERO_TRADES,done,2026-07-28,False,
QM5_9299,PRE_JUNE,mql5-bears-ema,2026-05-19,52,4,,Q02,FAIL,done,2026-07-28,False,
QM5_9300,PRE_JUNE,mql5-london-break,2026-05-19,18,4,Q02,Q04,,pending,2026-08-17,False,
QM5_9301,PRE_JUNE,mql5-sd-retest,2026-05-19,19,4,Q02,Q04,,pending,2026-08-17,False,
QM5_9302,PRE_JUNE,mql5-ob-bos,2026-05-19,14,4,Q03,Q04,FAIL,done,2026-08-22,False,
QM5_9303,PRE_JUNE,mql5-ma-rsi-day,2026-05-19,0,0,,,,,,False,
QM5_9304,PRE_JUNE,mql5-nrtr-flip,2026-05-19,0,0,,,,,,False,
QM5_9350,PRE_JUNE,brooks-failed-ttr-h4,2026-05-19,16,14,,Q02,ZERO_TRADES,done,2026-08-12,False,
QM5_9351,PRE_JUNE,demark-td-demand-line-active-h4,2026-05-19,46,14,Q05,Q03,PASS,done,2026-08-02,False,
QM5_9352,PRE_JUNE,pring-kst-trend-deviation-h4,2026-05-19,5,4,,Q02,FAIL,done,2026-08-08,False,
QM5_9353,PRE_JUNE,chande-stochrsi-base-cross-h4,2026-05-19,3,0,,COMPILE_EA,COMPILE_OK,done,2026-08-26,False,
QM5_9355,PRE_JUNE,mql5-daily-range,2026-05-19,47,4,Q03,Q04,FAIL,done,2026-07-20,False,
QM5_9356,PRE_JUNE,mql5-ema-rsi-revert,2026-05-19,11,4,Q02,Q04,FAIL,done,2026-07-27,False,
QM5_9357,PRE_JUNE,mql5-orb-break,2026-05-19,40,3,,Q02,INVALID,failed,2026-08-23,False,
QM5_9360,PRE_JUNE,mql5-ichi-kumo-cross,2026-05-19,26,4,,Q02,FAIL,done,2026-07-13,False,
QM5_9361,PRE_JUNE,mql5-ichi-kumo-bounce,2026-05-19,26,4,,Q02,FAIL,done,2026-07-13,False,
QM5_9362,PRE_JUNE,mql5-ichi-chikou-span,2026-05-19,31,4,Q04,Q04,,pending,2026-08-17,False,
QM5_9363,PRE_JUNE,mql5-ichi-spanb-bounce,2026-05-19,0,0,,,,,,False,
QM5_9364,PRE_JUNE,mql5-ichi-cloud-trend,2026-05-19,32,4,Q02,Q04,FAIL,done,2026-07-14,False,
QM5_9400,PRE_JUNE,brooks-failed-outside-outside-h4,2026-05-19,15,13,,Q02,FAIL,done,2026-08-08,False,
QM5_9401,PRE_JUNE,demark-tdprl-fade-h4,2026-05-19,26,13,Q03,Q02,INFRA_FAIL,failed,2026-07-29,False,
QM5_9402,PRE_JUNE,williams-big-trade-h4,2026-05-19,59,13,Q03,Q04,,pending,2026-08-17,False,
QM5_9403,PRE_JUNE,williams-pro-go-h4,2026-05-19,64,14,Q09,Q09,PASS,done,2026-08-28,True,
QM5_9404,PRE_JUNE,chande-vr-rsi-mr-composite-h4,2026-05-19,41,13,,Q02,ZERO_TRADES,done,2026-08-12,False,
QM5_9405,PRE_JUNE,qs-forex-mac,2026-05-19,13,2,,Q02,FAIL,done,2026-07-10,False,
QM5_9406,PRE_JUNE,qs-daily-mac,2026-05-19,3,0,,COMPILE_EA,COMPILE_OK,done,2026-08-26,False,
QM5_9410,PRE_JUNE,mql5-boom-crash,2026-05-19,0,0,,,,,,False,
QM5_9411,PRE_JUNE,mql5-paq-pinbar,2026-05-19,30,4,Q02,Q02,INVALID,failed,2026-08-17,False,
QM5_9412,PRE_JUNE,mql5-paq-engulf,2026-05-19,30,4,Q02,Q04,,pending,2026-08-17,False,
QM5_9413,PRE_JUNE,mql5-paq-marubozu,2026-05-19,28,4,Q02,Q02,INVALID,failed,2026-08-17,False,
QM5_9414,PRE_JUNE,mql5-paq-doji,2026-05-19,32,4,Q03,Q02,INVALID,failed,2026-08-17,False,
QM5_9415,PRE_JUNE,qs-kalman-pair,2026-05-19,10,3,,Q02,,pending,2026-07-26,False,
QM5_9416,PRE_JUNE,qs-coint-bb,2026-05-19,5,2,,Q02,INFRA_FAIL,failed,2026-07-29,False,
QM5_9417,PRE_JUNE,qs-sma10-30,2026-05-19,3,0,,COMPILE_EA,COMPILE_OK,done,2026-08-26,False,
QM5_9418,PRE_JUNE,silver-bullet,2026-05-19,32,5,Q02,Q04,FAIL,done,2026-07-14,False,
QM5_9450,PRE_JUNE,brooks-failed-spike-and-channel-h4,2026-05-19,36,14,,Q02,FAIL,done,2026-08-12,False,
QM5_9451,PRE_JUNE,demark-td-dwa-fade-h4,2026-05-19,14,13,,Q02,ZERO_TRADES,done,2026-08-12,False,
QM5_9452,PRE_JUNE,williams-ocr-h4,2026-05-19,0,0,,,,,,False,
QM5_9453,PRE_JUNE,chande-cmo-vr-composite-h4,2026-05-19,3,3,,Q02,FAIL,done,2026-08-08,False,
QM5_9454,PRE_JUNE,williams-pro-go-go-trigger-h4,2026-05-19,166,14,Q03,Q03,PASS,done,2026-08-01,False,
QM5_9455,PRE_JUNE,gk-ce-zlsma,2026-05-19,30,4,Q02,Q04,FAIL,done,2026-07-18,False,
QM5_9456,PRE_JUNE,gk-3maf,2026-05-19,28,4,Q02,Q04,FAIL,done,2026-07-13,False,
QM5_9457,PRE_JUNE,gk-bbrsi,2026-05-19,28,4,Q02,Q04,FAIL,done,2026-08-06,False,
QM5_9458,PRE_JUNE,gk-2macd-sto,2026-05-19,54,4,Q02,Q02,INFRA_FAIL,failed,2026-06-22,False,
QM5_9459,PRE_JUNE,gk-af-aos-md,2026-05-19,35,4,Q03,Q04,,pending,2026-08-17,False,
QM5_9460,PRE_JUNE,gh-gold-orb,2026-05-19,8,4,,Q02,FAIL,done,2026-06-23,False,
QM5_9461,PRE_JUNE,gh-rsi-breakin,2026-05-19,0,0,,,,,,False,
QM5_9462,PRE_JUNE,gh-bbands-fade,2026-05-19,26,4,,Q02,INVALID,failed,2026-08-17,False,
QM5_9463,PRE_JUNE,gh-macd-zero,2026-05-19,30,4,Q02,Q04,,pending,2026-08-17,False,
QM5_9464,PRE_JUNE,gh-ichi-tk-cross,2026-05-19,27,4,Q02,Q02,INVALID,failed,2026-08-17,False,
QM5_9465,PRE_JUNE,connors-rsi25-d1,2026-05-19,3,0,,COMPILE_EA,COMPILE_FAIL,failed,2026-08-26,False,
QM5_9466,PRE_JUNE,connors-r2-d1,2026-05-19,3,0,,COMPILE_EA,COMPILE_OK,done,2026-08-26,False,
QM5_9467,PRE_JUNE,connors-crsi-pullback-d1,2026-05-19,3,0,,COMPILE_EA,COMPILE_OK,done,2026-08-26,False,
QM5_9468,PRE_JUNE,connors-rsi4-3day-d1,2026-05-19,4,0,,COMPILE_EA,COMPILE_OK,done,2026-08-26,False,
QM5_9502,PRE_JUNE,chande-cmo-vr-divergence-h4,2026-05-19,38,14,Q09,Q09,PASS,done,2026-08-28,True,
QM5_9503,PRE_JUNE,williams-ocr-extension-h4,2026-05-19,46,13,Q09,Q09,PASS,done,2026-08-30,True,
QM5_9504,PRE_JUNE,brooks-failed-channel-h4,2026-05-19,13,13,,Q02,FAIL,done,2026-08-08,False,
QM5_9505,PRE_JUNE,chande-fo-bband-fade-h4,2026-05-19,19,14,,Q02,ZERO_TRADES,done,2026-08-01,False,
QM5_9506,PRE_JUNE,carver-starter,2026-05-19,17,8,,Q02,,pending,2026-07-26,True,
QM5_9507,PRE_JUNE,carver-breakout,2026-05-19,18,8,,Q02,ZERO_TRADES,done,2026-08-12,False,
QM5_9508,PRE_JUNE,carver-carrybook,2026-05-19,30,8,Q03,Q03,PASS,done,2026-06-23,False,
QM5_9510,PRE_JUNE,carver-forecast,2026-05-19,37,8,Q09,Q09,PASS,done,2026-08-30,False,
QM5_9511,PRE_JUNE,lt-starter-ma,2026-05-19,67,9,,Q02,INVALID,failed,2026-08-17,False,
QM5_9512,PRE_JUNE,lt-mom-stack,2026-05-19,61,8,Q03,Q04,,pending,2026-08-17,False,
QM5_9513,PRE_JUNE,lt-breakout-stack,2026-05-19,100,8,,Q02,FAIL,done,2026-08-11,False,
QM5_9515,PRE_JUNE,lt-multi-rule,2026-05-19,53,8,Q07,Q04,,pending,2026-08-17,False,
QM5_9516,PRE_JUNE,mql5-l1-ma,2026-05-19,0,0,,,,,,False,
QM5_9517,PRE_JUNE,mql5-l1-macd,2026-05-19,27,4,Q02,Q02,INVALID,failed,2026-08-17,False,
QM5_9518,PRE_JUNE,mql5-l1-adx,2026-05-19,29,4,Q04,Q04,FAIL,done,2026-07-26,False,
QM5_9519,PRE_JUNE,mql5-l1-ema,2026-05-19,0,0,,,,,,False,
QM5_9520,PRE_JUNE,mql5-entropy,2026-05-19,17,4,Q02,Q04,FAIL,done,2026-07-18,False,
QM5_9521,PRE_JUNE,mql5-hidden-smash,2026-05-19,0,0,,,,,,False,
QM5_9522,PRE_JUNE,mql5-ob-induce,2026-05-19,26,4,,Q02,FAIL,done,2026-07-13,False,
QM5_9523,PRE_JUNE,mql5-asia-sweep,2026-05-19,26,4,,Q02,FAIL,done,2026-07-13,False,
QM5_9525,PRE_JUNE,mql5-ema50-retest,2026-05-19,52,4,Q02,Q02,INVALID,failed,2026-08-23,False,
QM5_9571,PRE_JUNE,williams-smash-day-failure-h4,2026-05-19,47,13,Q03,Q04,,pending,2026-08-17,False,
QM5_9572,PRE_JUNE,chande-stochrsi-vr-h4,2026-05-19,30,13,,Q02,FAIL,done,2026-08-12,False,
QM5_9573,PRE_JUNE,brooks-ib-breakout-failure-h4,2026-05-19,41,13,Q07,Q08,,pending,2026-09-02,False,
QM5_9574,PRE_JUNE,demark-td-anti-diff-3bar-h4,2026-05-19,40,13,Q03,Q04,,pending,2026-08-17,False,
QM5_9575,PRE_JUNE,pring-kst-monthly,2026-05-19,37,13,,Q02,ZERO_TRADES,done,2026-08-10,False,
QM5_9579,PRE_JUNE,bandy-atr-channel-breakout-trend,2026-05-19,0,0,,,,,,False,
QM5_9580,PRE_JUNE,bandy-regslope-pullback-mr-index,2026-05-19,3,0,,COMPILE_EA,COMPILE_FAIL,failed,2026-08-26,False,
QM5_9581,PRE_JUNE,ff-dibs-breakout,2026-05-19,17,4,Q03,Q04,FAIL,done,2026-07-08,False,
QM5_9582,PRE_JUNE,ff-sdtr-h4,2026-05-19,33,5,,Q02,FAIL,done,2026-08-08,False,
QM5_9583,PRE_JUNE,ff-brv-sr-fade,2026-05-19,0,0,,,,,,False,
QM5_9584,PRE_JUNE,ff-brv-spikebase,2026-05-19,9,4,Q02,Q04,,pending,2026-09-02,False,
QM5_9585,PRE_JUNE,ff-ch-stoch-m15,2026-05-19,16,4,Q02,Q04,FAIL,done,2026-07-19,False,
QM5_9636,PRE_JUNE,brooks-failed-ob-h4,2026-05-19,33,4,Q04,Q04,FAIL,done,2026-06-27,False,
QM5_9637,PRE_JUNE,williams-ocr-reversal-h4,2026-05-19,50,4,Q03,Q02,FAIL,done,2026-07-31,False,
QM5_9638,PRE_JUNE,demark-td-termination-active-h4,2026-05-19,36,4,Q07,Q04,,pending,2026-08-17,False,
QM5_9639,PRE_JUNE,ehlers-highpass-raw-h4,2026-05-19,10,4,Q05,Q04,FAIL,done,2026-08-08,False,
QM5_9640,PRE_JUNE,colby-disparity-index-h4,2026-05-19,48,4,,Q02,FAIL,done,2026-07-31,False,
QM5_9696,PRE_JUNE,ff-genesis-matrix-m5,2026-05-19,2,0,,COMPILE_EA,COMPILE_FAIL,failed,2026-08-22,False,
QM5_9697,PRE_JUNE,ff-thv-trix-coral-m5,2026-05-19,29,4,Q02,Q04,FAIL,done,2026-07-19,False,
QM5_9698,PRE_JUNE,ff-symphonie-4lights-m15,2026-05-19,37,5,Q03,Q03,PASS,done,2026-07-14,False,
QM5_9699,PRE_JUNE,ff-sonicr-wave-h1,2026-05-19,32,4,Q03,Q04,,pending,2026-08-17,False,
QM5_9700,PRE_JUNE,ff-roadmap-channel-m15,2026-05-19,12,4,Q02,Q04,FAIL,done,2026-07-19,False,
QM5_9701,PRE_JUNE,ff-ema-rsi-m15,2026-05-19,26,4,,Q02,FAIL,done,2026-07-13,False,
QM5_9702,PRE_JUNE,ff-mtf-rsi-stack-m5,2026-05-19,16,4,Q02,Q02,FAIL,done,2026-06-30,False,
QM5_9703,PRE_JUNE,ff-rsi2-scalp-m15,2026-05-19,40,4,Q02,Q02,FAIL,done,2026-06-30,False,
QM5_9704,PRE_JUNE,ff-easy15-jumper-m15,2026-05-19,28,4,Q02,Q04,FAIL,done,2026-07-19,False,
QM5_9705,PRE_JUNE,ff-simple1ema-m15,2026-05-19,28,4,Q02,Q04,FAIL,done,2026-07-14,False,
QM5_9716,PRE_JUNE,bandy-trend-stretch-ratio-mr-index,2026-05-19,3,0,,COMPILE_EA,COMPILE_OK,done,2026-08-26,False,
QM5_9717,PRE_JUNE,bandy-pir-position-in-range-mr-index,2026-05-19,3,0,,COMPILE_EA,COMPILE_FAIL,failed,2026-08-26,False,
QM5_9718,PRE_JUNE,bandy-cumulative-rsi2-mr-index,2026-05-19,3,0,,COMPILE_EA,COMPILE_FAIL,failed,2026-08-26,False,
QM5_9719,PRE_JUNE,bandy-percentrank-channel-mr-index,2026-05-19,3,0,,COMPILE_EA,COMPILE_FAIL,failed,2026-08-26,False,
QM5_9720,PRE_JUNE,bandy-adx-regime-filter-trend,2026-05-19,3,0,,COMPILE_EA,COMPILE_FAIL,failed,2026-08-26,False,
QM5_9721,PRE_JUNE,ff-dance-ema-touch-h1,2026-05-19,0,0,,,,,,False,
QM5_9722,PRE_JUNE,ff-thv-6lights-m1,2026-05-19,12,4,Q02,Q04,FAIL,done,2026-07-14,False,
QM5_9723,PRE_JUNE,ff-sonicr-scout-h1,2026-05-19,4,4,,Q02,FAIL,done,2026-08-08,False,
QM5_9724,PRE_JUNE,ff-alien-adx-bbs-h1,2026-05-19,35,4,Q03,Q04,,pending,2026-08-17,False,
QM5_9725,PRE_JUNE,ff-roadmap-tl-retest-m5,2026-05-19,28,4,Q02,Q04,FAIL,done,2026-07-13,False,
QM5_9727,PRE_JUNE,bandy-atr-ratio-compression-breakout-trend,2026-05-19,3,0,,COMPILE_EA,COMPILE_FAIL,failed,2026-08-26,False,
QM5_9730,PRE_JUNE,bandy-weekly-rsi-extreme-d1-trigger-mr-index,2026-05-19,4,0,,COMPILE_EA,COMPILE_FAIL,failed,2026-08-26,False,
QM5_9901,PRE_JUNE,ff-alien-dds-rubber-h1,2026-05-19,28,4,,Q02,INVALID,failed,2026-08-17,False,
QM5_9902,PRE_JUNE,ff-dance-3550-bounce-m15,2026-05-19,33,4,Q03,Q02,INFRA_FAIL,failed,2026-07-29,False,
QM5_9903,PRE_JUNE,ff-roadmap-do-fail-m5,2026-05-19,28,4,Q02,Q04,FAIL,done,2026-07-13,False,
QM5_9904,PRE_JUNE,ff-sonicr-pvsra-h1,2026-05-19,0,0,,,,,,False,
QM5_9905,PRE_JUNE,ff-wmd-bop-hook-h1,2026-05-19,9,4,Q03,Q04,FAIL,done,2026-08-02,False,
QM5_9907,PRE_JUNE,bandy-bbands-midband-reversion-mr-index,2026-05-19,5,3,Q03,Q04,FAIL,done,2026-08-10,False,
QM5_9908,PRE_JUNE,bandy-psar-flip-trend,2026-05-19,3,0,,COMPILE_EA,COMPILE_OK,done,2026-08-26,False,
QM5_9909,PRE_JUNE,bandy-lrchannel-breakout-trend,2026-05-19,4,0,,COMPILE_EA,COMPILE_OK,done,2026-08-26,False,
QM5_9910,PRE_JUNE,bandy-tema-adx-crossover-trend,2026-05-19,3,0,,COMPILE_EA,COMPILE_OK,done,2026-08-26,False,
QM5_9911,PRE_JUNE,bandy-donchian-20-classic-breakout-trend,2026-05-19,3,0,,COMPILE_EA,COMPILE_FAIL,failed,2026-08-26,False,
QM5_9912,PRE_JUNE,bandy-zscore-returns-5d-mr-index,2026-05-19,12,3,Q06,Q07,FAIL,done,2026-08-04,False,
QM5_9913,PRE_JUNE,bandy-rsi3-low-adx-mr-index,2026-05-19,3,0,,COMPILE_EA,COMPILE_OK,done,2026-08-26,False,
QM5_9914,PRE_JUNE,bandy-zlema-distance-trend,2026-05-19,4,0,,COMPILE_EA,COMPILE_OK,done,2026-08-26,False,
QM5_9916,PRE_JUNE,ff-roadmap-adr-fail-m5,2026-05-19,11,4,Q02,Q04,FAIL,done,2026-07-14,False,
QM5_9917,PRE_JUNE,ff-roadmap-adr-counter-m5,2026-05-19,36,4,Q04,Q04,FAIL,done,2026-07-27,False,
QM5_9918,PRE_JUNE,ff-alien-rsioma-div-h1,2026-05-19,27,4,,Q02,INVALID,failed,2026-08-17,False,
QM5_9919,PRE_JUNE,ff-holo-h1-open-fade-m5,2026-05-19,27,4,Q02,Q04,FAIL,done,2026-07-14,False,
QM5_9920,PRE_JUNE,ff-mtf-candle-color-m5,2026-05-19,44,6,Q02,Q04,FAIL,done,2026-07-14,False,
QM5_9921,PRE_JUNE,bandy-cmo-extreme-fade-mr-index,2026-05-19,3,0,,COMPILE_EA,COMPILE_FAIL,failed,2026-08-26,False,
QM5_9922,PRE_JUNE,bandy-vortex-crossover-trend,2026-05-19,3,0,,COMPILE_EA,COMPILE_FAIL,failed,2026-08-26,False,
QM5_9923,PRE_JUNE,bandy-hma-crossover-trend,2026-05-19,3,0,,COMPILE_EA,COMPILE_FAIL,failed,2026-08-26,False,
QM5_9924,PRE_JUNE,bandy-dema-crossover-trend,2026-05-19,3,0,,COMPILE_EA,COMPILE_FAIL,failed,2026-08-26,False,
QM5_9925,PRE_JUNE,bandy-cci-momentum-breakout-trend,2026-05-19,3,0,,COMPILE_EA,COMPILE_FAIL,failed,2026-08-26,False,
QM5_9926,PRE_JUNE,ff-riverband-sop-m5,2026-05-19,52,4,Q03,Q04,FAIL,done,2026-08-02,False,
QM5_9927,PRE_JUNE,ff-2b2b-base-m1,2026-05-19,31,4,,Q02,FAIL,done,2026-07-13,False,
QM5_9928,PRE_JUNE,ff-d1-elasticity-m15,2026-05-19,27,4,,Q02,FAIL,done,2026-07-13,False,
QM5_9929,PRE_JUNE,ff-bb-rsi-stoch-m30,2026-05-19,52,5,Q09,Q09,PASS,done,2026-08-28,False,
QM5_9930,PRE_JUNE,ff-hline-do-breakout-m30,2026-05-19,9,4,Q02,Q04,FAIL,done,2026-08-10,False,
QM5_9931,PRE_JUNE,bandy-turn-of-month-overlay-index,2026-05-22,20,3,Q03,Q04,FAIL,done,2026-07-19,False,
QM5_9932,PRE_JUNE,bandy-roc-zscore-normalised-mr-index,2026-05-24,3,0,,COMPILE_EA,COMPILE_OK,done,2026-08-26,False,
QM5_9933,PRE_JUNE,bandy-choppiness-index-sideways-rsi2-mr-index,2026-05-21,3,0,,COMPILE_EA,COMPILE_OK,done,2026-08-26,False,
QM5_9934,PRE_JUNE,bandy-ulcer-index-spike-rsi2-mr-index,2026-05-31,3,0,,COMPILE_EA,COMPILE_OK,done,2026-08-26,False,
QM5_9935,PRE_JUNE,bandy-mn1-rsi-setup-w1-rsi-trigger-mr-index,2026-05-19,12,3,,Q02,FAIL,done,2026-06-23,False,
QM5_9936,PRE_JUNE,ff-range-breakout-gmt3-h1,2026-05-19,31,3,Q09,Q09,PASS,done,2026-08-30,False,
QM5_9937,PRE_JUNE,ff-magic100-ema-pullback-h1,2026-05-19,40,5,Q02,Q04,,pending,2026-08-17,False,
QM5_9938,PRE_JUNE,ff-stoch-ma-ignition-h1,2026-05-19,33,4,Q03,Q04,,pending,2026-08-17,False,
QM5_9939,PRE_JUNE,ff-atr-breakout-h1,2026-05-19,10,4,,Q02,FAIL,done,2026-08-05,False,
QM5_9940,PRE_JUNE,ff-ha-ma-fractal-h1,2026-05-19,87,5,Q03,Q02,,pending,2026-08-25,False,
QM5_9941,PRE_JUNE,ff-5x5-hilo-break-h1,2026-05-19,35,4,Q04,Q04,FAIL,done,2026-07-19,False,
QM5_9942,PRE_JUNE,ff-psar-flip-m30,2026-05-19,27,4,,Q02,FAIL,done,2026-07-10,False,
QM5_9943,PRE_JUNE,ff-fractal-hilo-break-h4,2026-05-19,29,4,Q02,Q02,,pending,2026-07-26,False,
QM5_9944,PRE_JUNE,ff-144ema-shift34-m5,2026-05-19,12,4,Q02,Q04,FAIL,done,2026-07-14,False,
QM5_9945,PRE_JUNE,ff-77-144ema-pullback-m15,2026-05-19,12,4,Q02,Q04,FAIL,done,2026-07-19,False,
QM5_9946,PRE_JUNE,bandy-supertrend-flip-trend,2026-05-19,3,0,,COMPILE_EA,COMPILE_OK,done,2026-08-26,False,
QM5_9947,PRE_JUNE,bandy-double-bottom-formalised-mr-index,2026-05-19,3,0,,COMPILE_EA,COMPILE_OK,done,2026-08-26,False,
QM5_9948,PRE_JUNE,bandy-d1-setup-h1-trigger-mr-index,2026-05-19,19,3,Q05,Q06,FAIL,done,2026-06-25,False,
QM5_9949,PRE_JUNE,bandy-bbwidth-contraction-breakout-trend,2026-05-20,3,0,,COMPILE_EA,COMPILE_FAIL,failed,2026-08-26,False,
QM5_9951,PRE_JUNE,ff-macd-bias-ema48-m15,2026-05-19,43,5,Q02,Q04,,pending,2026-08-17,False,
QM5_9952,PRE_JUNE,ff-zigzag-trendline-4060-m5,2026-05-19,42,5,Q03,Q04,FAIL,done,2026-07-19,False,
QM5_9953,PRE_JUNE,ff-supertrend-pullback-100p-h4,2026-05-19,40,5,Q03,Q04,,pending,2026-08-17,False,
QM5_9954,PRE_JUNE,ff-weekly-hilo-breakout-d1,2026-05-19,43,5,Q02,Q04,,pending,2026-08-17,False,
QM5_9955,PRE_JUNE,ff-rectangle-sweep-m1,2026-05-19,27,4,Q02,Q04,FAIL,done,2026-07-14,False,
QM5_9956,PRE_JUNE,ff-daylight-wpr-smma-h4,2026-05-19,38,5,,Q02,FAIL,done,2026-08-12,False,
QM5_9957,PRE_JUNE,ff-tf15-tdi-10ema-m15,2026-05-19,16,2,,Q02,FAIL,done,2026-08-11,False,
QM5_9958,PRE_JUNE,ff-rsi-ema-cci-h1h4,2026-05-19,30,4,Q02,Q04,,pending,2026-08-17,False,
QM5_9959,PRE_JUNE,ff-daily-wick-hilo-d1,2026-05-19,22,5,Q03,Q04,,pending,2026-08-17,False,
QM5_9960,PRE_JUNE,ff-lwma5-openclose-cross,2026-05-19,55,4,Q03,Q03,,pending,2026-08-24,False,
QM5_9961,PRE_JUNE,bandy-hma-supertrend-confluence-trend,2026-05-19,3,0,,COMPILE_EA,COMPILE_OK,done,2026-08-26,False,
QM5_9962,PRE_JUNE,bandy-h4-rsi-setup-m30-trigger-mr-index,2026-05-19,12,3,,Q02,FAIL,done,2026-06-23,False,
QM5_9963,PRE_JUNE,bandy-lr-slope-sign-flip-trend,2026-05-19,3,0,,COMPILE_EA,COMPILE_OK,done,2026-08-26,False,
QM5_9964,PRE_JUNE,bandy-wide-range-bar-continuation-trend,2026-05-19,3,0,,COMPILE_EA,COMPILE_OK,done,2026-08-26,False,
QM5_9965,PRE_JUNE,bandy-index-gap-and-go-continuation,2026-05-19,3,0,,COMPILE_EA,COMPILE_OK,done,2026-08-26,False,
QM5_9966,PRE_JUNE,ff-simple-daily-ema2050-d1,2026-05-19,36,4,Q03,Q04,,pending,2026-08-17,False,
QM5_9967,PRE_JUNE,ff-ema2550-rsi-h1,2026-05-19,41,5,Q02,Q04,,pending,2026-08-17,False,
QM5_9968,PRE_JUNE,ff-ema-band-scalp-m1,2026-05-19,5,3,,Q02,FAIL,done,2026-07-10,False,
QM5_9969,PRE_JUNE,ff-ema34-204-touch-m5,2026-05-19,6,1,,Q02,FAIL,done,2026-06-21,False,
QM5_9970,PRE_JUNE,ff-369ema-scalp-m5,2026-05-19,2,0,,COMPILE_EA,COMPILE_FAIL,failed,2026-08-22,False,
QM5_9971,PRE_JUNE,bandy-dpo-zero-cross-mr-index,2026-05-19,3,0,,COMPILE_EA,COMPILE_OK,done,2026-08-26,False,
QM5_9972,PRE_JUNE,bandy-heikin-ashi-color-flip-trend,2026-05-19,3,0,,COMPILE_EA,COMPILE_OK,done,2026-08-26,False,
QM5_9973,PRE_JUNE,bandy-ibs-extreme-mr-index,2026-05-19,11,3,Q04,Q04,FAIL,done,2026-09-02,False,
QM5_9974,PRE_JUNE,ff-bladerunner-20ema,2026-05-19,20,4,Q03,Q04,,pending,2026-08-17,False,
QM5_9975,PRE_JUNE,ff-pipsaccumulator-d1,2026-05-19,32,4,Q03,Q04,,pending,2026-08-17,False,
QM5_9976,PRE_JUNE,ff-ema-fibo-rsi-stoch,2026-05-19,33,4,Q03,Q04,,pending,2026-08-17,False,
QM5_9977,PRE_JUNE,ff-simplicity-ha-ema100,2026-05-19,15,4,Q02,Q04,FAIL,done,2026-08-03,False,
QM5_9978,PRE_JUNE,ff-mr-ema50-h1,2026-05-19,28,4,Q02,Q04,FAIL,done,2026-06-21,False,
QM5_9979,PRE_JUNE,bandy-index-gap-fade-mr-index,2026-05-19,3,0,,COMPILE_EA,COMPILE_FAIL,failed,2026-08-26,False,
QM5_9980,PRE_JUNE,bandy-double-top-formalised-mr-index,2026-05-19,7,7,,Q02,FAIL,done,2026-08-08,False,
QM5_9981,PRE_JUNE,bandy-d1-setup-m30-trigger-mr-index,2026-05-19,8,3,,Q02,FAIL,done,2026-07-10,False,
QM5_9982,PRE_JUNE,bandy-h1-setup-m15-trigger-mr-index,2026-05-19,12,3,,Q02,FAIL,done,2026-06-23,False,
QM5_9983,PRE_JUNE,bandy-wide-range-bar-fade-mr-index,2026-05-19,2,0,,COMPILE_EA,COMPILE_FAIL,failed,2026-08-22,False,
QM5_9984,PRE_JUNE,tv-bb-outside-candle-scalping,2026-05-19,17,7,Q02,Q04,FAIL,done,2026-07-13,False,
QM5_9985,PRE_JUNE,tv-mes-mr-ema9-200ma,2026-05-19,12,3,,Q02,FAIL,done,2026-06-23,False,
QM5_9986,PRE_JUNE,tv-donchian20-breakout-flip,2026-05-19,36,8,Q02,Q04,,pending,2026-08-17,False,
QM5_9987,PRE_JUNE,tv-ict-session-break-reentry-retest,2026-05-19,14,8,,Q02,FAIL,done,2026-07-13,False,
QM5_9988,PRE_JUNE,tv-opening-range-breakout-dual,2026-05-19,19,7,,Q02,FAIL,done,2026-07-13,False,
QM5_9989,PRE_JUNE,ff-channel-ma-m15,2026-05-19,34,4,Q03,Q04,,pending,2026-08-17,False,
QM5_9990,PRE_JUNE,ff-dual-candle-bb-rsi,2026-05-19,17,4,Q03,Q04,,pending,2026-08-17,False,
QM5_9991,PRE_JUNE,ff-tmt-scalp-m15,2026-05-19,24,3,Q02,Q04,FAIL,done,2026-07-19,False,
QM5_9992,PRE_JUNE,ff-rsi-cci-4555,2026-05-19,52,4,,Q02,INVALID,failed,2026-08-23,False,
QM5_9993,PRE_JUNE,ff-open-levels-mwd,2026-05-19,17,4,Q02,Q04,,pending,2026-08-16,False,
QM5_9994,PRE_JUNE,tv-ut-bot-atr-trailing-flip,2026-05-19,19,8,Q02,Q02,,pending,2026-07-26,False,
QM5_9995,PRE_JUNE,tv-halftrend-channel-reversal,2026-05-19,28,8,,Q02,ZERO_TRADES,done,2026-08-05,False,
QM5_9996,PRE_JUNE,tv-range-filter-buysell,2026-05-19,25,8,Q02,Q04,FAIL,done,2026-07-19,False,
QM5_9997,PRE_JUNE,tv-pmax-atr-ma-flip,2026-05-19,45,8,Q03,Q04,,pending,2026-09-02,False,
QM5_9998,PRE_JUNE,tv-hull-suite-hma-color-flip,2026-05-19,34,8,Q03,COMPILE_EA,COMPILE_OK,done,2026-08-26,False,
QM5_9999,PRE_JUNE,ff-pb-dual-stoch-m15,2026-05-19,35,4,Q02,Q04,,pending,2026-08-17,False,
QM5_10000,JUNE,ff-tasayc-cci-breakout,2026-05-19,28,4,Q03,Q03,,pending,2026-08-31,False,
QM5_10008,JUNE,ff-sd-first-touch-h1,2026-05-19,55,4,Q03,Q02,INVALID,failed,2026-08-23,False,
QM5_10016,JUNE,ff-ema100-bb-tdi-h1,2026-05-19,53,4,Q02,Q02,,pending,2026-08-30,False,
QM5_10024,JUNE,rw-fx-comm-basket,2026-05-19,58,5,,Q02,FAIL,done,2026-07-04,False,
QM5_10044,JUNE,ff-vr-gap-fade,2026-05-21,19,4,Q02,Q04,FAIL,done,2026-07-23,False,
QM5_10048,JUNE,ff-toby-inside-d1,2026-05-21,290,8,Q03,Q04,,pending,2026-08-17,False,
QM5_10074,JUNE,gh-santi-adxma,2026-05-19,19,4,Q02,Q04,FAIL,done,2026-08-08,False,
QM5_10075,JUNE,gh-santi-pa2,2026-05-19,194,4,Q03,Q04,,pending,2026-08-17,False,
QM5_10078,JUNE,gh-rfv-ma-rsi,2026-05-19,49,4,,Q02,INVALID,failed,2026-08-23,False,
QM5_10111,JUNE,tv-pmax-flip,2026-05-19,115,4,Q03,Q04,,pending,2026-08-17,False,
QM5_10115,JUNE,tv-ma-scalper-relief,2026-05-19,96,4,Q09,Q09,PASS,done,2026-08-29,True,
QM5_1012,JUNE,lien-fader,2026-04-28,12,10,,Q02,FAIL,done,2026-08-11,False,
QM5_10141,JUNE,rsi-meanrev,2026-05-19,175,37,Q03,Q04,,pending,2026-08-17,False,
QM5_10150,JUNE,sma50-200,2026-05-19,133,5,Q07,Q07,,pending,2026-09-02,False,
QM5_10165,JUNE,tv-postopen-bb-atr,2026-05-19,18,5,,Q02,FAIL,done,2026-07-10,False,
QM5_10178,JUNE,tv-vwap-mr-forex,2026-05-19,10,4,Q03,Q03,PASS,done,2026-07-25,False,
QM5_10179,JUNE,tv-ema-channel-rr,2026-05-19,16,5,Q04,Q04,FAIL,done,2026-08-03,False,
QM5_10180,JUNE,tv-fut-ema-rsi-pull,2026-05-19,8,4,Q03,Q03,PASS,done,2026-07-31,False,
QM5_10181,JUNE,tv-xau-ny-orb-retest,2026-05-19,6,4,,Q02,FAIL,done,2026-07-23,False,
QM5_10182,JUNE,tv-vwap-rsi-momo,2026-05-19,14,5,Q04,Q05,FAIL,done,2026-07-14,False,
QM5_10184,JUNE,tv-atr-zigzag-break,2026-05-19,20,5,Q03,Q02,PASS,done,2026-08-03,False,
QM5_10186,JUNE,tv-pivot-time-break,2026-05-19,0,0,,,,,,False,
QM5_10188,JUNE,tv-adx-di-ema-long,2026-05-19,0,0,,,,,,False,
QM5_10189,JUNE,tv-piv-vwap-brk,2026-05-19,30,5,,Q02,,pending,2026-08-25,False,
QM5_10191,JUNE,tv-gold-vol2bar,2026-05-19,18,5,,Q02,INFRA_FAIL,failed,2026-07-29,False,
QM5_10192,JUNE,tv-ma922-trail,2026-05-19,175,4,Q04,Q04,,pending,2026-08-17,False,
QM5_10193,JUNE,tv-asia-gc-brk,2026-05-19,35,4,Q03,Q04,FAIL,done,2026-08-03,False,
QM5_10200,JUNE,tv-bhd-trend-tp,2026-05-19,21,5,Q04,Q04,,pending,2026-08-17,False,
QM5_10202,JUNE,tv-dema-atr-scaleout,2026-05-19,16,5,Q02,Q04,,pending,2026-08-17,False,
QM5_10205,JUNE,tv-chop-dmi-psar,2026-05-20,12,5,,Q02,FAIL,done,2026-08-03,False,
QM5_10206,JUNE,tv-9ema-full-candle,2026-05-19,15,5,Q02,Q04,,pending,2026-08-17,False,
QM5_10208,JUNE,tv-psar-atr-sma,2026-05-19,16,5,,Q02,INFRA_FAIL,failed,2026-07-29,False,
QM5_10209,JUNE,tv-atr-ema-session,2026-05-19,28,6,Q02,Q04,,pending,2026-08-17,False,
QM5_10212,JUNE,tv-hilo-period-break,2026-05-19,68,5,Q03,Q04,,pending,2026-08-17,False,
QM5_10213,JUNE,tv-wpr-macd-scalp,2026-05-19,12,5,Q02,Q04,FAIL,done,2026-08-06,False,
QM5_10216,JUNE,tv-break-retest,2026-05-19,20,5,Q03,Q04,,pending,2026-08-17,False,
QM5_10217,JUNE,tv-price-vol-brk,2026-05-19,19,5,Q03,Q02,,pending,2026-08-17,False,
QM5_10218,JUNE,tv-oops-gap,2026-05-19,30,6,Q03,Q02,INFRA_FAIL,failed,2026-07-09,False,
QM5_10219,JUNE,tv-open-impulse,2026-05-19,25,5,Q04,Q02,PASS,done,2026-08-03,False,
QM5_10221,JUNE,tv-ichi-ema-rsi,2026-05-19,14,5,Q02,Q04,,pending,2026-08-17,False,
QM5_10222,JUNE,tv-bbsr-jma-atr,2026-05-19,15,5,,Q02,ZERO_TRADES,done,2026-08-07,False,
QM5_10223,JUNE,tv-bb-wd-break,2026-05-19,12,5,,Q02,INFRA_FAIL,failed,2026-07-29,False,
QM5_10225,JUNE,tv-keltner-gc,2026-05-19,11,4,,Q02,FAIL,done,2026-08-12,False,
QM5_10228,JUNE,tv-di-atr-cross,2026-05-19,48,5,Q03,Q04,,pending,2026-08-17,False,
QM5_1023,JUNE,chan-at-bb-pair,2026-04-28,2,1,Q02,Q04,FAIL,done,2026-06-27,False,
QM5_10232,JUNE,tv-donchian-macd,2026-05-19,25,5,Q02,Q04,,pending,2026-08-17,False,
QM5_10234,JUNE,tv-rsi-atr-band,2026-05-19,53,4,Q04,Q02,INVALID,failed,2026-08-23,False,
QM5_10240,JUNE,tv-vwap-orb-pull,2026-05-19,13,5,Q02,Q04,FAIL,done,2026-07-10,False,
QM5_10241,JUNE,tv-vwap-retest,2026-05-19,33,7,Q02,Q04,FAIL,done,2026-08-03,False,
QM5_10242,JUNE,tv-keltner-dual,2026-05-19,15,5,Q02,Q04,FAIL,done,2026-08-16,False,
QM5_10249,JUNE,tv-supertrend-4h,2026-05-19,19,5,Q03,Q04,,pending,2026-08-17,False,
QM5_10255,JUNE,tv-postopen-atr,2026-05-19,74,5,,Q02,INVALID,failed,2026-08-23,False,
QM5_10259,JUNE,tv-stoch-rsi,2026-05-19,14,5,,Q02,ZERO_TRADES,done,2026-08-07,False,
QM5_10260,JUNE,cieslak-fomc-cycle-idx,2026-05-17,288,11,Q07,Q04,,pending,2026-09-02,False,
QM5_10272,JUNE,ltz-turtle20,2026-05-21,62,4,Q07,Q08,FAIL_HARD,done,2026-08-21,False,
QM5_10292,JUNE,cinar-williamsr,2026-05-21,63,6,Q04,Q04,,pending,2026-08-17,False,
QM5_10308,JUNE,hft-pairs-z,2026-05-21,18,8,,Q02,FAIL,done,2026-07-13,False,
QM5_10309,JUNE,cointeg-hft-pairs,2026-05-21,34,7,Q02,Q04,,pending,2026-09-01,False,
QM5_10311,JUNE,hf-momo-buffer,2026-05-21,10,6,,Q02,FAIL,done,2026-07-10,False,
QM5_10320,JUNE,index-leadlag,2026-05-21,0,0,,,,,,False,
QM5_10329,JUNE,imbalance-rev,2026-05-21,48,4,,Q02,FAIL,done,2026-07-28,False,
QM5_10331,JUNE,treasury-pairs,2026-05-21,35,5,Q02,Q04,FAIL,done,2026-07-10,False,
QM5_10345,JUNE,et-oil-lwma,2026-05-21,7,4,,Q02,FAIL,done,2026-07-10,False,
QM5_10349,JUNE,et-pgo-breakout,2026-05-21,20,5,,Q02,FAIL,done,2026-08-12,False,
QM5_10350,JUNE,et-sp-adx15,2026-05-21,13,5,Q02,Q04,,pending,2026-08-17,False,
QM5_10351,JUNE,et-rally-x,2026-05-21,17,5,Q02,Q04,,pending,2026-08-17,False,
QM5_10355,JUNE,et-session-orb,2026-05-21,19,5,Q02,Q04,,pending,2026-08-17,False,
QM5_10356,JUNE,et-trigger-sar,2026-05-21,48,4,,Q02,FAIL,done,2026-07-10,False,
QM5_10357,JUNE,et-downgap-close,2026-05-21,20,5,,Q02,ZERO_TRADES,done,2026-08-12,False,
QM5_10359,JUNE,et-gap-fade,2026-05-21,7,4,,Q02,FAIL,done,2026-07-26,False,
QM5_10363,JUNE,et-exp-cont,2026-05-21,27,3,Q03,Q04,,pending,2026-08-17,False,
QM5_10364,JUNE,et-lbr-310,2026-05-21,6,4,,Q02,FAIL,done,2026-07-10,False,
QM5_10369,JUNE,et-magnet-limits,2026-05-21,40,4,,Q02,RETIRE,done,2026-08-30,False,
QM5_10381,JUNE,et-macd-pos,2026-05-21,21,4,Q03,Q04,FAIL,done,2026-08-22,False,
QM5_10391,JUNE,et-uptick-limit,2026-05-21,24,3,Q03,Q04,,pending,2026-08-17,False,
QM5_10394,JUNE,et-rsi-trend,2026-05-21,21,4,,Q02,INFRA_FAIL,done,2026-07-10,False,
QM5_1040,JUNE,singh-cmd-corr,2026-06-29,1,1,,Q02,ZERO_TRADES,done,2026-07-24,False,
QM5_10458,JUNE,mql5-rect-ema,2026-05-21,178,5,Q03,Q04,FAIL,done,2026-07-19,False,
QM5_10466,JUNE,mql5-mom-ma,2026-05-22,28,3,,Q02,,pending,2026-08-30,False,
QM5_10481,JUNE,mql5-exec-ao,2026-05-22,244,37,Q02,Q04,,pending,2026-08-17,False,
QM5_10490,JUNE,mql5-adx-ama,2026-05-22,67,4,Q03,Q04,,pending,2026-08-17,False,
QM5_10492,JUNE,mql5-daydream,2026-05-22,57,4,Q02,Q03,,pending,2026-08-24,False,
QM5_10493,JUNE,mql5-sidus,2026-05-22,52,4,Q02,Q04,FAIL,done,2026-07-27,False,
QM5_10496,JUNE,mql5-mom-cross,2026-05-22,14,4,Q03,Q04,,pending,2026-08-17,False,
QM5_10516,JUNE,mql5-sar-rsi,2026-05-22,207,4,Q03,Q04,,pending,2026-08-17,False,
QM5_10518,JUNE,mql5-sarima,2026-05-22,54,4,Q02,Q03,,pending,2026-08-24,False,
QM5_10541,JUNE,mql5-20prexp,2026-05-22,52,4,Q02,Q04,,pending,2026-08-17,False,
QM5_10557,JUNE,mql5-trigger,2026-05-22,33,4,Q03,Q03,PASS,done,2026-07-04,False,
QM5_10571,JUNE,mql5-pchan-stop,2026-05-22,66,4,Q06,Q07,INFRA_FAIL,failed,2026-08-31,False,
QM5_10573,JUNE,mql5-extrem-n,2026-05-22,33,4,Q03,Q04,,pending,2026-08-17,False,
QM5_10577,JUNE,mql5-ma-round,2026-05-22,52,4,Q02,Q02,INVALID,failed,2026-08-23,False,
QM5_10584,JUNE,mql5-digvar,2026-05-22,12,4,Q06,Q07,FAIL,done,2026-08-20,False,
QM5_10602,JUNE,mql5-oshma,2026-05-22,38,4,Q03,COMPILE_EA,COMPILE_OK,done,2026-08-26,False,
QM5_10607,JUNE,mql5-coeffline,2026-05-22,34,4,Q03,Q04,FAIL,done,2026-08-07,False,
QM5_10615,JUNE,mql5-pivotstop,2026-05-22,26,3,Q03,Q04,FAIL,done,2026-08-05,False,
QM5_10631,JUNE,et-ob-choch-retest,2026-05-22,37,5,Q04,Q04,FAIL,done,2026-07-07,False,
QM5_10634,JUNE,et-crude-rwe,2026-05-22,33,4,Q02,Q04,,pending,2026-08-17,False,
QM5_10644,JUNE,qa-volz-event,2026-05-22,27,4,,Q02,FAIL,done,2026-07-13,False,
QM5_10651,JUNE,tv-koz-sweep,2026-05-22,31,4,Q02,Q04,FAIL,done,2026-07-13,False,
QM5_10658,JUNE,tv-orb-vwap,2026-06-01,25,7,Q03,Q04,,pending,2026-08-17,False,
QM5_10659,JUNE,tv-orb-retest,2026-06-01,34,7,,Q02,FAIL,done,2026-07-13,False,
QM5_10684,JUNE,tv-ssl-hama,2026-05-22,7,5,,Q02,FAIL,done,2026-07-10,False,
QM5_10689,JUNE,tv-zigzag-bos,2026-05-22,66,5,Q02,Q04,FAIL,done,2026-07-31,False,
QM5_10708,JUNE,tv-crypto-ils,2026-05-22,41,5,Q02,Q02,INVALID,failed,2026-08-17,False,
QM5_10709,JUNE,tv-orb-multitp,2026-05-22,11,5,Q03,Q04,,pending,2026-08-17,False,
QM5_10743,JUNE,tv-nq-orb,2026-05-22,33,4,Q03,Q04,,pending,2026-09-02,False,
QM5_1075,JUNE,as-accel-dualmom,2026-05-18,24,4,,Q02,FAIL,done,2026-06-25,False,
QM5_10750,JUNE,tv-rev-brk-orb,2026-05-22,57,6,Q03,Q04,FAIL,done,2026-08-22,False,
QM5_10760,JUNE,tv-iu-orb,2026-05-22,28,8,Q02,Q04,FAIL,done,2026-08-03,False,
QM5_10763,JUNE,fx-month-end-rebal,2026-06-12,58,6,Q04,Q05,,pending,2026-09-02,False,
QM5_10775,JUNE,tv-liq-ims,2026-05-22,41,6,,Q02,FAIL,done,2026-07-13,False,
QM5_10780,JUNE,tv-ny-orb-dyn,2026-05-22,20,7,Q02,Q04,,pending,2026-08-17,False,
QM5_10785,JUNE,tv-momo-200,2026-05-22,59,7,Q03,Q04,,pending,2026-09-02,False,
QM5_10792,JUNE,tv-cipher-div,2026-05-22,179,7,Q03,Q04,,pending,2026-08-17,False,
QM5_10802,JUNE,tv-wma-vwap,2026-05-22,18,7,Q02,Q04,FAIL,done,2026-07-18,False,
QM5_10812,JUNE,tv-bb-atrtrail,2026-05-22,0,0,,,,,,False,
QM5_10821,JUNE,tv-wpr-zone,2026-05-22,14,7,Q02,Q04,FAIL,done,2026-08-06,False,
QM5_10845,JUNE,tv-ls-short-3r,2026-05-22,64,5,Q06,Q02,INFRA_FAIL,failed,2026-07-29,False,
QM5_10846,JUNE,tv-growth-bo,2026-06-06,10,5,,Q02,INFRA_FAIL,failed,2026-07-29,False,
QM5_10849,JUNE,tv-smema-sovereign,2026-05-22,12,5,,Q02,INFRA_FAIL,failed,2026-07-29,False,
QM5_10853,JUNE,tv-trendpulse-obv,2026-05-22,25,5,Q03,Q04,,pending,2026-08-17,False,
QM5_10858,JUNE,tv-qing-sqz,2026-05-22,28,5,Q04,Q02,INFRA_FAIL,failed,2026-07-29,False,
QM5_1087,JUNE,aa-spx-20-252-ma,2026-05-17,23,13,Q02,Q02,FAIL,done,2026-06-18,False,
QM5_10874,JUNE,sysls-d1-rev,2026-05-22,13,5,Q02,Q04,FAIL,done,2026-07-27,False,
QM5_10892,JUNE,el-d3-t11-month-end-rev,2026-06-12,59,7,Q03,Q02,,pending,2026-08-30,False,
QM5_10922,JUNE,grimes-kc-fade,2026-05-22,37,4,Q04,Q02,PASS,done,2026-08-01,False,
QM5_10928,JUNE,grimes-yoyo-break,2026-05-22,20,5,Q05,Q04,,pending,2026-08-17,False,
QM5_10933,JUNE,grimes-cup-hndl,2026-05-22,17,5,Q03,Q04,,pending,2026-08-17,False,
QM5_10941,JUNE,grimes-keltner-pb,2026-05-22,35,5,Q03,Q02,FAIL,done,2026-07-08,False,
QM5_10947,JUNE,zuck-24h-cont,2026-05-22,45,6,Q04,Q05,,pending,2026-09-02,False,
QM5_10979,JUNE,ftmo-macd-div,2026-05-22,9,4,Q02,Q04,,pending,2026-08-17,False,
QM5_1098,JUNE,unger-sp500-pivot-trend,2026-05-17,45,37,Q03,Q04,,pending,2026-08-17,False,
QM5_11034,JUNE,atc-reverse-atr,2026-05-22,24,4,Q02,Q02,INFRA_FAIL,failed,2026-07-29,False,
QM5_11047,JUNE,roman-sar-break,2026-05-22,18,4,Q02,Q04,,pending,2026-08-17,False,
QM5_11050,JUNE,pst-ch15-tfcarry,2026-06-07,56,7,Q03,Q04,,pending,2026-08-17,False,
QM5_11051,JUNE,pst-volatten-break,2026-05-22,8,7,,Q02,,pending,2026-07-31,False,
QM5_11052,JUNE,pst-relmom,2026-06-03,30,7,,Q02,INFRA_FAIL,failed,2026-07-29,False,
QM5_11076,JUNE,tbo-breakout,2026-05-22,20,4,Q03,Q02,INFRA_FAIL,failed,2026-07-29,False,
QM5_11077,JUNE,qqe-50-cross,2026-05-22,28,4,Q02,Q04,FAIL,done,2026-06-21,False,
QM5_11091,JUNE,stoch-mtf-state,2026-06-07,55,4,Q02,Q03,,pending,2026-08-31,False,
QM5_11094,JUNE,bbs-adv-zero,2026-05-22,8,4,Q02,Q04,FAIL,done,2026-06-16,False,
QM5_1112,JUNE,qp-country-momentum,2026-05-18,75,7,,Q02,INFRA_FAIL,failed,2026-07-29,False,
QM5_1113,JUNE,qp-country-cape-value,2026-05-18,15,7,,Q02,INFRA_FAIL,failed,2026-07-29,False,
QM5_11134,JUNE,clenow-50d-break,2026-05-22,21,8,Q03,Q02,FAIL,done,2026-07-04,False,
QM5_11144,JUNE,vbt-macd-zero,2026-05-22,14,5,,Q02,INFRA_FAIL,failed,2026-07-29,False,
QM5_11172,JUNE,weiss-dmi,2026-05-23,53,5,Q06,Q07,,pending,2026-08-22,False,
QM5_11184,JUNE,ft-ema-ha,2026-06-01,9,4,,Q02,FAIL,done,2026-07-10,False,
QM5_11237,JUNE,ft-tr-macd,2026-05-23,31,5,Q03,Q04,,pending,2026-08-17,False,
QM5_11355,JUNE,robo-psar-cci,2026-05-23,6,3,,Q02,FAIL,done,2026-06-20,False,
QM5_11385,JUNE,mario-singh-good-morning-asia-usdjpy-d1,2026-05-23,6,1,,Q02,FAIL,done,2026-06-20,False,
QM5_11418,JUNE,nordstrom-abc-fib-reversal-h1,2026-05-23,18,3,,Q02,FAIL,done,2026-06-21,False,
QM5_11471,JUNE,nekritin-peters-wammie-moolah-d1,2026-05-23,42,5,Q03,Q04,,pending,2026-08-17,False,
QM5_11505,JUNE,goodwin-hourly-breakout-h1,2026-05-23,19,2,Q02,Q04,FAIL,done,2026-07-20,False,
QM5_11555,JUNE,carter-t-m5-wma5-sma11-psar-adx14,2026-05-23,52,4,,Q02,INVALID,failed,2026-08-23,False,
QM5_1158,JUNE,french-weekend-effect-idx,2026-06-12,12,5,,Q02,FAIL,done,2026-07-09,False,
QM5_11585,JUNE,neely-weller-channel-buffer-band-d1,2026-05-23,12,6,Q02,Q04,FAIL,done,2026-07-18,False,
QM5_11643,JUNE,robo-ema828-cci30-psar-h1,2026-06-03,0,0,,,,,,False,
QM5_11646,JUNE,robo-rsi8-pending-d1,2026-06-01,11,5,Q03,Q04,FAIL,done,2026-08-07,False,
QM5_11697,JUNE,pl-bb20-m5-scalp-d1trend,2026-05-24,16,5,Q02,Q04,FAIL,done,2026-07-13,False,
QM5_11739,JUNE,rfs-alligator-sma144-m15,2026-05-24,37,5,Q02,Q04,,pending,2026-08-17,False,
QM5_11755,JUNE,davey-big-range-momentum-h1,2026-05-24,42,6,Q02,Q04,FAIL,done,2026-08-07,False,
QM5_1179,JUNE,qp-comm-term-carry,2026-05-17,5,5,,Q02,RETIRED_LOW_FREQ,done,2026-06-15,False,
QM5_11802,JUNE,carter-h1-s13-ema510-rsi10-median-h1,2026-06-01,0,0,,,,,,False,
QM5_11804,JUNE,carter-h1-s16-mtf-candle-align-h1,2026-06-08,0,0,,,,,,False,
QM5_1181,JUNE,qp-pre-ecb-dax,2026-05-17,13,1,,Q02,INVALID,failed,2026-08-23,False,
QM5_11811,JUNE,fin-wr14x,2026-06-03,35,7,Q03,Q04,,pending,2026-09-02,False,
QM5_1182,JUNE,qp-ecb-d0-dax-short,2026-05-17,13,1,,Q02,INVALID,failed,2026-08-23,False,
QM5_11838,JUNE,robo-two-pairs-ema-macd-h4,2026-05-24,6,2,Q02,Q04,FAIL,done,2026-08-08,False,
QM5_11839,JUNE,ait-sma5-37,2026-06-03,78,8,Q03,Q04,,pending,2026-08-17,False,
QM5_11840,JUNE,ait-rsi-bb,2026-06-01,33,7,Q03,Q04,,pending,2026-08-17,False,
QM5_11841,JUNE,ait-triple-rsi,2026-06-03,63,7,Q03,Q04,,pending,2026-08-17,False,
QM5_11842,JUNE,ait-macd-pos,2026-06-01,76,7,Q02,Q02,INFRA_FAIL,failed,2026-07-09,False,
QM5_1186,JUNE,qp-comm-sma12-filter,2026-05-18,38,5,,Q02,INVALID,failed,2026-08-17,False,
QM5_1187,JUNE,qp-comm-voltarget-mom,2026-05-18,61,5,,Q02,INVALID,failed,2026-08-23,False,
QM5_11909,JUNE,singh-good-morning-asia-usdjpy-d1,2026-05-25,14,1,Q02,Q04,FAIL,done,2026-06-26,False,
QM5_11916,JUNE,neely-weller-alexander-filter-2pct-d1,2026-05-28,156,10,Q07,Q04,FAIL,done,2026-08-01,False,
QM5_1207,JUNE,bbadx-index-skew,2026-05-18,39,3,Q02,Q02,INVALID,failed,2026-08-23,False,
QM5_1208,JUNE,carver-normmom,2026-05-18,114,8,Q04,Q02,RETIRE,done,2026-08-30,False,
QM5_1209,JUNE,carver-mrinasset,2026-05-18,109,9,,Q02,,pending,2026-07-31,False,
QM5_1211,JUNE,carver-skewrv,2026-05-19,109,9,,Q02,,pending,2026-07-31,False,
QM5_1212,JUNE,carver-kurtsabs,2026-05-19,97,8,,Q02,,pending,2026-07-31,False,
QM5_1214,JUNE,vidal-holiday-effect,2026-05-18,49,4,,Q02,,pending,2026-07-31,False,
QM5_1215,JUNE,papailias-ma-trail,2026-05-18,66,5,Q03,Q02,INFRA_FAIL,failed,2026-07-29,False,
QM5_1217,JUNE,zarattini-donchian-ensemble,2026-05-18,73,6,,Q02,,pending,2026-07-31,False,
QM5_1218,JUNE,carver-relmomentum,2026-05-18,142,11,,Q02,,pending,2026-07-31,False,
QM5_1219,JUNE,carver-accel,2026-05-19,45,9,Q04,Q04,,pending,2026-08-17,False,
QM5_1220,JUNE,carver-mrwings,2026-05-19,87,7,,Q02,INFRA_FAIL,failed,2026-07-29,False,
QM5_1221,JUNE,carver-kurtsrv,2026-05-19,135,11,,Q02,INFRA_FAIL,failed,2026-07-29,False,
QM5_1230,JUNE,carver-dynvol-mav,2026-05-19,378,36,Q07,Q08,,pending,2026-09-02,False,
QM5_1233,JUNE,ict-silver-bullet,2026-05-18,157,12,Q03,Q03,,pending,2026-08-24,False,
QM5_12348,JUNE,liu-momo-break,2026-05-26,74,6,,Q02,INVALID,failed,2026-08-23,False,
QM5_12372,JUNE,tmom-sector-mom,2026-05-26,29,4,Q03,Q04,,pending,2026-08-17,False,
QM5_12376,JUNE,tmom-fut-contr,2026-05-26,63,7,Q03,Q04,,pending,2026-09-02,False,
QM5_1238,JUNE,tv-vwap-rsi-cont,2026-05-18,37,12,Q03,Q04,,pending,2026-08-17,False,
QM5_12450,JUNE,ea31337-matrend,2026-05-26,48,5,Q03,Q04,,pending,2026-08-17,False,
QM5_1249,JUNE,hsu-carry-stop,2026-05-19,18,6,,Q02,INFRA_FAIL,failed,2026-06-18,False,
QM5_12532,JUNE,edgelab-audnzd-cointegration,2026-06-09,10,3,Q04,Q05,FAIL,done,2026-07-03,False,
QM5_12533,JUNE,edgelab-eurjpy-gbpjpy-cointegration,2026-06-09,38,3,Q02,Q04,FAIL,done,2026-06-27,False,
QM5_12534,JUNE,nnfx-canonical-d1-fullstack,2026-06-12,78,9,Q03,Q04,,pending,2026-08-17,False,
QM5_12535,JUNE,ict-killzone-sweep-idx,2026-06-12,36,4,Q04,Q05,,pending,2026-09-02,False,
QM5_12536,JUNE,ict-ob-retest-idx,2026-06-12,15,2,,Q02,FAIL,done,2026-07-10,False,
QM5_12537,JUNE,ict-ote-displacement-xau,2026-06-12,14,2,Q02,Q04,FAIL,done,2026-07-19,False,
QM5_12538,JUNE,nnfx-canonical-stack2-st-vortex,2026-06-12,114,9,,Q02,,pending,2026-08-30,False,
QM5_12539,JUNE,ict-london-kz-cable-sweep,2026-06-12,26,2,Q02,Q04,FAIL,done,2026-07-29,False,
QM5_12540,JUNE,ict-amd-judas-xau,2026-06-12,13,2,,Q02,FAIL,done,2026-07-13,False,
QM5_12541,JUNE,ker-regime-dual-idx,2026-06-12,25,3,Q04,Q04,FAIL,done,2026-06-23,False,
QM5_12542,JUNE,katsanos-gold-multidiv-d1,2026-06-12,12,1,,Q02,FAIL,done,2026-08-02,False,
QM5_12543,JUNE,katz-fx-hhll-limit-pullback,2026-06-12,44,9,Q07,Q04,PASS,done,2026-07-19,False,
QM5_12544,JUNE,katz-macd-divergence-limit-d1,2026-06-12,27,3,Q03,Q04,,pending,2026-09-02,False,
QM5_12545,JUNE,katz-sma-support-resistance-stop-d1,2026-06-12,41,5,Q03,Q02,FAIL,done,2026-07-05,False,
QM5_12546,JUNE,katz-seasonal-crossover-stoch-confirmation-stop-d1,2026-06-12,13,2,,Q02,INVALID,failed,2026-08-17,False,
QM5_12547,JUNE,wilder-rsi14-failure-swing-d1,2026-06-12,0,0,,,,,,False,
QM5_12548,JUNE,turtle-s1-pyramid-d1,2026-06-12,20,6,Q03,Q02,,pending,2026-07-26,False,
QM5_12549,JUNE,turtle-s2-pyramid-d1,2026-06-12,19,5,Q03,Q04,FAIL,done,2026-08-17,False,
QM5_12550,JUNE,ict-london-close-reversal-m15,2026-06-12,8,4,,Q02,FAIL,done,2026-07-13,False,
QM5_12551,JUNE,ict-turtle-soup-asian-false-break-m15,2026-06-12,4,4,,Q02,FAIL,done,2026-07-10,False,
QM5_12552,JUNE,ema-stretch-mr-bounded-grid,2026-06-16,151,12,Q08,Q04,,pending,2026-09-02,False,
QM5_12561,JUNE,session-open-pdh-breakout,2026-06-25,9,3,,Q02,FAIL,done,2026-06-25,False,
QM5_12562,JUNE,fx-london-open-breakout,2026-06-25,6,3,,Q02,FAIL,done,2026-07-03,False,
QM5_12563,JUNE,donchian-turtle-trend-commodity,2026-06-25,9,3,Q03,Q03,PASS,done,2026-06-28,False,
QM5_12564,JUNE,ohlc-mtf-index-energy,2026-06-25,11,4,Q02,Q04,FAIL,done,2026-06-26,False,
QM5_12565,JUNE,ls-ms-cross-sweep,2026-06-25,21,6,Q02,Q04,FAIL,done,2026-06-30,False,
QM5_12566,JUNE,nested-pb-cross-asset,2026-06-25,21,5,Q03,Q03,FAIL,done,2026-06-28,False,
QM5_12567,JUNE,cum-rsi2-commodity,2026-06-25,74,16,Q10,Q09_NEWS,,pending,2026-09-02,False,Q12_REVIEW_READY;RETIRED
QM5_12568,JUNE,ichimoku-jpy-xag-trend,2026-06-25,32,4,Q03,Q04,FAIL,done,2026-07-06,False,
QM5_12569,JUNE,r2-euro-index,2026-06-25,16,2,Q03,Q02,INFRA_FAIL,failed,2026-06-26,False,
QM5_12571,JUNE,ict-silver-bullet-fvg,2026-06-26,19,4,Q05,Q04,,pending,2026-09-02,False,
QM5_12575,JUNE,eia-xng-season,2026-06-26,4,1,Q02,Q02,FAIL,done,2026-07-23,False,
QM5_12576,JUNE,eia-wti-season,2026-06-26,1,1,,Q02,FAIL,done,2026-06-26,False,
QM5_12577,JUNE,cme-xauxag-ratio,2026-06-26,7,1,Q03,Q03,PASS,done,2026-08-25,False,
QM5_12578,JUNE,eia-oilgas-ratio,2026-06-26,4,1,,Q02,,pending,2026-08-17,False,
QM5_12579,JUNE,eia-wti-aftershock,2026-06-26,9,1,,Q02,FAIL,done,2026-06-27,False,
QM5_1258,JUNE,hopwood-bermaui-rsi-h1,2026-05-19,430,6,Q03,Q04,,pending,2026-08-17,False,
QM5_12580,JUNE,fx-usd-exhaustion-reversal,2026-06-26,51,7,Q08,Q09,,pending,2026-08-23,False,Q12_REVIEW_READY
QM5_12581,JUNE,eia-rbob-crack,2026-06-26,3,1,Q03,Q03,PASS,done,2026-06-26,False,
QM5_12582,JUNE,chan-ng-spring,2026-06-26,13,1,,Q02,,pending,2026-08-25,False,
QM5_12583,JUNE,eia-distillate-winter,2026-06-26,12,1,,Q02,FAIL,done,2026-07-23,False,
QM5_12584,JUNE,eia-xng-storage,2026-06-26,7,1,,Q02,FAIL,done,2026-07-21,False,
QM5_12585,JUNE,eia-rbob-pullback,2026-06-26,4,1,,Q02,FAIL,done,2026-06-26,False,
QM5_12586,JUNE,eia-xng-winter-brk,2026-06-26,2,1,,Q02,FAIL,done,2026-06-26,False,
QM5_12587,JUNE,eia-xng-inj-brk,2026-06-26,4,1,,Q02,FAIL,done,2026-06-26,False,
QM5_12588,JUNE,eia-xng-sum-sqz,2026-06-26,3,1,,Q02,FAIL,done,2026-06-26,False,
QM5_12589,JUNE,eia-rbob-shoulder,2026-06-26,9,1,,Q02,FAIL,done,2026-07-24,False,
QM5_12590,JUNE,eia-wti-wpsr-fade,2026-06-26,2,1,,Q02,FAIL,done,2026-06-27,False,
QM5_12591,JUNE,eia-wti-hurr-brk,2026-06-27,8,1,Q04,Q02,PASS,done,2026-07-24,False,
QM5_12592,JUNE,eia-wti-prewpsr,2026-06-27,1,1,,Q02,FAIL,done,2026-06-27,False,
QM5_12593,JUNE,eia-wti-ref-fade,2026-06-27,1,1,,Q02,FAIL,done,2026-06-27,False,
QM5_12594,JUNE,yang-wti-reversal,2026-06-27,7,1,Q06,Q07,FAIL,done,2026-07-22,False,
QM5_12595,JUNE,eia-xng-shfade,2026-06-27,4,1,,Q02,FAIL,done,2026-07-24,False,
QM5_12596,JUNE,wti-mon-fade,2026-06-27,8,1,Q03,Q03,PASS,done,2026-08-24,False,
QM5_12597,JUNE,wti-fri-prem,2026-06-27,1,1,,Q02,FAIL,done,2026-06-27,False,
QM5_12598,JUNE,opec-wti-brk,2026-06-27,2,1,,Q02,FAIL,done,2026-07-10,False,
QM5_12599,JUNE,wti-feb-prem,2026-06-27,3,1,,Q02,FAIL,done,2026-07-26,False,
QM5_12600,JUNE,cme-wti-exp-brk,2026-06-27,1,1,,Q02,FAIL,done,2026-07-21,False,
QM5_12601,JUNE,eia-xng-hurr-brk,2026-06-27,1,1,,Q02,FAIL,done,2026-07-21,False,
QM5_12602,JUNE,eia-xng-frzfade,2026-06-27,1,1,,Q02,DRAFT_DEFECT,done,2026-07-21,False,
QM5_12603,JUNE,wti-tsmom12m,2026-06-27,2,1,Q02,Q04,FAIL,done,2026-07-21,False,
QM5_12604,JUNE,cme-oilgold-ratio,2026-06-27,4,1,Q02,Q02,PASS,done,2026-07-24,False,
QM5_12605,JUNE,cme-oilgold-brk,2026-06-27,7,2,Q03,Q02,PASS,done,2026-07-04,False,
QM5_12606,JUNE,oil-silver-ratio,2026-06-27,4,1,Q02,Q02,PASS,done,2026-07-04,False,
QM5_12607,JUNE,wti-cad-confirm,2026-06-27,1,1,,Q02,FAIL,done,2026-07-21,False,
QM5_12608,JUNE,eia-oilgas-breakout,2026-06-27,3,1,Q02,Q02,PASS,done,2026-07-01,False,
QM5_12609,JUNE,wti-cad-spread-mr,2026-06-27,4,1,Q02,Q02,PASS,done,2026-06-29,False,
QM5_12610,JUNE,wti-tue-fade,2026-06-27,13,1,Q02,Q04,FAIL,done,2026-07-26,False,
QM5_12611,JUNE,tsmom-12m-fx-sign-eurusd,2026-06-29,3,1,Q02,Q04,,pending,2026-08-17,False,
QM5_12612,JUNE,tsmom-12m-vol-scaled-ndx,2026-06-29,0,0,,,,,,False,
QM5_12613,JUNE,tsmom-3m-commodity-xauusd,2026-06-29,1,1,,Q02,FAIL,done,2026-07-05,False,
QM5_12614,JUNE,tsmom-6m-fx-basket-3pair,2026-06-29,3,3,,Q02,FAIL,done,2026-08-08,False,
QM5_12615,JUNE,tsmom-12m-cross-asset-basket,2026-06-29,8,1,,Q02,FAIL,done,2026-08-12,False,
QM5_12616,JUNE,tsmom-9m-commodity-xtiusd,2026-06-27,4,1,Q02,Q02,PASS,done,2026-07-26,False,
QM5_12617,JUNE,tsmom-12m-fx-usdjpy,2026-06-29,2,1,Q02,Q04,FAIL,done,2026-07-05,False,
QM5_12618,JUNE,tsmom-dual-confirm-3m-12m-eurusd,2026-06-29,3,1,Q02,Q04,,pending,2026-08-17,False,
QM5_12619,JUNE,comm-reversal-4wk-xauusd,2026-06-29,2,1,Q02,Q04,FAIL,done,2026-07-05,False,
QM5_12620,JUNE,comm-reversal-4wk-xngusd,2026-06-27,13,1,,Q02,INFRA_FAIL,done,2026-07-28,False,
QM5_12621,JUNE,comm-reversal-4wk-xtiusd,2026-06-27,14,1,Q04,Q05,FAIL,done,2026-07-26,False,
QM5_12623,JUNE,comm-mom-rev-interaction-xauusd,2026-06-29,16,1,Q09,Q09_NEWS,,pending,2026-09-02,True,
QM5_12624,JUNE,edgelab-eurjpy-audjpy-cointegration,2026-06-27,6,1,Q02,Q04,FAIL,done,2026-06-29,False,
QM5_12701,JUNE,wti-oct-fade,2026-06-27,1,1,,Q02,FAIL,done,2026-07-21,False,
QM5_12702,JUNE,xngusd-winter-withdrawal-long,2026-06-28,3,1,,Q02,FAIL,done,2026-07-26,False,
QM5_12703,JUNE,xngusd-spring-shoulder-short,2026-06-29,1,1,,Q02,FAIL,done,2026-07-21,False,
QM5_12704,JUNE,xngusd-summer-power-long,2026-06-28,1,1,,Q02,FAIL,done,2026-07-21,False,
QM5_12705,JUNE,xngusd-fall-storage-short,2026-06-29,13,1,,Q02,,pending,2026-08-25,False,
QM5_12706,JUNE,xngusd-seasonal-dual-peak,2026-06-29,13,1,,Q02,FAIL,done,2026-07-26,False,
QM5_12707,JUNE,commodity-tsmom-12m,2026-06-29,18,4,Q03,Q04,,pending,2026-08-22,False,
QM5_12708,JUNE,commodity-tsmom-6m,2026-06-28,28,4,Q09,Q09_NEWS,,pending,2026-09-02,False,
QM5_12709,JUNE,commodity-reversal-1m,2026-06-28,2,1,Q02,Q04,FAIL,done,2026-06-30,False,
QM5_12710,JUNE,commodity-tsmom-12m-atr,2026-06-29,23,1,Q09,COMPILE_EA,,pending,2026-09-03,False,Q12_REVIEW_READY
QM5_12711,JUNE,commodity-tsmom-dual-6-12,2026-06-28,1,1,,Q02,FAIL,done,2026-07-21,False,
QM5_12712,JUNE,edgelab-eurgbp-euraud-cointegration,2026-06-27,10,1,Q08,Q09,,pending,2026-08-23,False,
QM5_12722,JUNE,wti-cad-brk,2026-06-27,5,1,Q02,Q02,PASS,done,2026-06-29,False,
QM5_12723,JUNE,edgelab-nzdusd-eurjpy-cointegration,2026-06-27,4,1,Q02,Q04,FAIL,done,2026-06-28,False,
QM5_12724,JUNE,cme-xauxag-brk,2026-06-27,5,1,Q02,Q03,,pending,2026-08-16,False,
QM5_12725,JUNE,eia-xng-prestor,2026-06-27,1,1,,Q02,FAIL,done,2026-07-21,False,
QM5_12726,JUNE,wti-nov-fade,2026-06-27,2,1,,Q02,FAIL,done,2026-07-24,False,
QM5_12727,JUNE,wti-apr-prem,2026-06-28,1,1,,Q02,FAIL,done,2026-07-21,False,
QM5_12728,JUNE,edgelab-nzdusd-gbpjpy-cointegration,2026-06-28,4,1,Q02,Q04,FAIL,done,2026-07-03,False,
QM5_12729,JUNE,wti-aug-prem,2026-06-28,2,1,,Q02,FAIL,done,2026-07-22,False,
QM5_12730,JUNE,wti-mar-prem,2026-06-28,2,1,,Q02,FAIL,done,2026-07-25,False,
QM5_12731,JUNE,edgelab-usdcad-eurgbp-cointegration,2026-06-28,3,1,Q02,Q04,FAIL,done,2026-06-28,False,
QM5_12732,JUNE,edgelab-eurusd-gbpusd-cointegration,2026-06-28,3,1,Q03,Q04,FAIL,done,2026-06-28,False,
QM5_12733,JUNE,xti-xng-xmom,2026-06-28,3,1,Q02,Q04,FAIL,done,2026-06-29,False,
QM5_12734,JUNE,wti-febsep-prem,2026-06-28,14,1,Q03,Q03,PASS,done,2026-07-28,False,
QM5_12736,JUNE,wti-roll-fade,2026-06-28,2,1,Q02,Q04,FAIL,done,2026-07-21,False,
QM5_12737,JUNE,eia-wti-drive,2026-06-28,3,1,,Q02,FAIL,done,2026-07-26,False,
QM5_12738,JUNE,xng-weekend-gap,2026-06-28,14,1,Q02,Q03,,pending,2026-08-23,False,
QM5_12740,JUNE,eia-wti-postdrive,2026-06-28,2,1,,Q02,FAIL,done,2026-07-25,True,
QM5_12741,JUNE,nnfx-fx-basket-pooled,2026-06-28,4,1,Q03,Q04,FAIL,done,2026-09-02,False,
QM5_12742,JUNE,nnfx-configurable-engine,2026-06-28,31,12,Q05,Q06,,pending,2026-09-02,False,
QM5_12743,JUNE,wti-postroll-fade,2026-06-28,1,1,,Q02,FAIL,done,2026-07-21,False,
QM5_12744,JUNE,eia-xng-storfade,2026-06-28,2,1,,Q02,INFRA_FAIL,failed,2026-07-29,False,
QM5_12745,JUNE,chan-wti-cl3040,2026-06-28,3,1,,Q02,FAIL,done,2026-07-26,False,
QM5_12746,JUNE,eia-wti-drive-pb,2026-06-28,12,1,,Q02,FAIL,done,2026-07-27,False,
QM5_12748,JUNE,eia-distill-pb,2026-06-28,2,1,,Q02,FAIL,done,2026-07-25,False,
QM5_12749,JUNE,edgelab-nzdusd-audjpy-cointegration,2026-06-28,3,1,Q02,Q04,FAIL,done,2026-06-30,False,
QM5_12750,JUNE,wti-weekend-gap-fade,2026-06-28,1,1,,Q02,FAIL,done,2026-07-21,False,
QM5_12752,JUNE,eia-wti-wpsr-idbrk,2026-06-28,12,1,,Q02,FAIL,done,2026-07-26,False,
QM5_12753,JUNE,wti-thu-pb-fri-bounce,2026-06-28,15,1,Q02,Q04,,pending,2026-08-17,False,
QM5_12754,JUNE,eia-wti-hurr-fade,2026-06-28,2,1,,Q02,FAIL,done,2026-07-25,False,
QM5_12755,JUNE,wti-spr-refill-bounce,2026-06-28,1,1,,Q02,FAIL,done,2026-07-21,False,
QM5_12757,JUNE,abraham-xti-pb,2026-06-28,15,1,Q03,Q03,PASS,done,2026-07-25,False,
QM5_12758,JUNE,edgelab-gbpusd-euraud-cointegration,2026-06-28,3,1,Q02,Q04,FAIL,done,2026-07-02,False,
QM5_12759,JUNE,wti-roll-relief,2026-06-29,3,1,,Q02,FAIL,done,2026-07-26,False,
QM5_12760,JUNE,edgelab-gbpusd-gbpjpy-cointegration,2026-06-29,3,1,Q02,Q04,FAIL,done,2026-06-30,False,
QM5_12761,JUNE,eia-xng-stor-idbrk,2026-06-29,3,1,,Q02,DRAFT_DEFECT,done,2026-07-26,False,
QM5_12763,JUNE,wti-ref-sqz-brk,2026-06-29,2,1,,Q02,FAIL,done,2026-07-21,True,
QM5_12764,JUNE,edgelab-usdjpy-gbpjpy-cointegration,2026-06-29,2,1,Q02,Q04,FAIL,done,2026-07-01,False,
QM5_12765,JUNE,edgelab-gbpusd-nzdusd-cointegration,2026-06-29,2,1,Q02,Q04,FAIL,done,2026-06-29,False,
QM5_12766,JUNE,edgelab-usdjpy-usdchf-cointegration,2026-06-29,3,1,Q02,Q04,FAIL,done,2026-07-01,False,
QM5_12767,JUNE,collins-15rex,2026-06-29,2,1,Q02,Q04,FAIL,done,2026-07-21,False,
QM5_12768,JUNE,edgelab-usdjpy-eurjpy-cointegration,2026-06-29,2,1,Q02,Q04,FAIL,done,2026-07-01,False,
QM5_12769,JUNE,eia-xng-lng-brk,2026-06-29,1,1,,Q02,FAIL,done,2026-07-21,False,
QM5_12770,JUNE,edgelab-eurusd-eurgbp-cointegration,2026-06-29,2,1,Q02,Q04,FAIL,done,2026-06-29,False,
QM5_12771,JUNE,wti-thu-prem,2026-06-29,1,1,,Q02,FAIL,done,2026-07-21,False,
QM5_12772,JUNE,edgelab-gbpjpy-audjpy-cointegration,2026-06-29,6,1,Q07,Q08,FAIL_HARD,done,2026-07-05,False,
QM5_12773,JUNE,opec-wti-fade,2026-06-29,1,1,,Q02,FAIL,done,2026-07-21,False,
QM5_12774,JUNE,williams-8wk-xti,2026-06-29,1,1,,Q02,FAIL,done,2026-07-21,False,
QM5_12775,JUNE,wti-wed-prem,2026-06-29,13,1,Q02,Q04,FAIL,done,2026-07-26,False,
QM5_12776,JUNE,edgelab-audusd-gbpjpy-cointegration,2026-06-29,4,1,Q03,Q04,FAIL,done,2026-06-30,False,
QM5_12777,JUNE,wti-dec-fade,2026-06-29,1,1,,Q02,FAIL,done,2026-07-21,False,
QM5_12778,JUNE,edgelab-audusd-eurjpy-cointegration,2026-06-29,17,2,Q10,Q09_NEWS,,pending,2026-09-02,False,Q12_REVIEW_READY
QM5_12779,JUNE,wti-weekend-gap-bounce,2026-06-29,1,1,,Q02,FAIL,done,2026-07-21,False,
QM5_12780,JUNE,wti-52w-anchor,2026-06-29,2,1,,Q02,FAIL,done,2026-07-25,False,
QM5_12781,JUNE,edgelab-usdjpy-audjpy-cointegration,2026-06-29,7,1,Q07,Q08,FAIL_HARD,done,2026-07-08,False,
QM5_12782,JUNE,katz-seas-xti,2026-06-29,1,1,,Q02,DRAFT_DEFECT,done,2026-07-21,False,
QM5_12783,JUNE,edgelab-audusd-audjpy-cointegration,2026-06-29,3,1,Q03,Q04,FAIL,done,2026-07-01,False,
QM5_12784,JUNE,progo-xti,2026-06-29,4,1,Q03,Q04,FAIL,done,2026-08-01,False,
QM5_12785,JUNE,timerangebreakout-orb,2026-06-29,35,10,Q04,Q04,,pending,2026-08-17,False,
QM5_12786,JUNE,edgelab-usdchf-eurgbp-cointegration,2026-06-29,2,1,Q02,Q04,FAIL,done,2026-06-30,False,
QM5_12787,JUNE,vol-contraction-breakout,2026-06-29,16,6,Q03,Q04,,pending,2026-08-17,False,
QM5_12788,JUNE,turnaround-tuesday,2026-06-29,6,3,Q02,Q04,FAIL,done,2026-08-05,False,
QM5_12791,JUNE,monday-range-breakout,2026-06-29,4,4,,Q02,FAIL,done,2026-08-08,False,
QM5_12792,JUNE,gold-asian-drift,2026-06-29,1,1,,Q02,FAIL,done,2026-07-13,False,
QM5_12796,JUNE,carver-vol-trend,2026-06-29,26,7,Q07,Q04,,pending,2026-09-02,False,
QM5_12797,JUNE,oil-silver-brk,2026-06-29,2,1,Q02,Q04,FAIL,done,2026-07-05,False,
QM5_12801,JUNE,wyckoff-trend-swing,2026-06-29,5,4,,Q02,ZERO_TRADES,done,2026-08-01,False,
QM5_12802,JUNE,rapidfire-scalper,2026-06-29,13,5,Q02,Q02,INFRA_FAIL,failed,2026-07-29,False,
QM5_12803,JUNE,edgelab-usdcad-euraud-cointegration,2026-06-29,2,1,Q02,Q04,FAIL,done,2026-06-30,False,
QM5_12804,JUNE,xng-tsmom12m-atr,2026-06-29,15,1,Q04,Q03,,pending,2026-08-23,False,
QM5_12805,JUNE,capfree-nbar-breakout,2026-06-29,10,4,Q02,Q04,FAIL,done,2026-09-02,False,
QM5_12806,JUNE,xng-rev-weekend,2026-06-29,3,1,Q02,Q04,,pending,2026-08-17,False,
QM5_12807,JUNE,xng-52w-anchor,2026-06-29,1,1,,Q02,FAIL,done,2026-07-21,False,
QM5_12808,JUNE,ftmo-xti-pb,2026-06-29,3,1,Q03,Q03,PASS,done,2026-07-22,False,
QM5_12809,JUNE,eia-jetfuel-brk,2026-06-30,1,1,,Q02,FAIL,done,2026-07-21,False,
QM5_12810,JUNE,wti-month-orb,2026-06-30,3,1,Q02,Q04,,pending,2026-08-17,False,
QM5_12811,JUNE,xti-vcb,2026-06-30,1,1,,Q02,FAIL,done,2026-07-21,False,
QM5_12812,JUNE,xng-month-orb,2026-06-30,14,1,Q03,Q03,PASS,done,2026-07-26,False,
QM5_12813,JUNE,eia-energy-switch,2026-06-30,2,1,Q02,Q04,FAIL,done,2026-07-01,False,
QM5_12814,JUNE,wti-usd-confirm,2026-06-30,17,1,Q03,Q03,PASS,done,2026-07-31,False,
QM5_12815,JUNE,stat-mr-confint,2026-06-30,13,4,Q02,Q04,,pending,2026-08-17,False,
QM5_12816,JUNE,harmonic-cypher,2026-06-30,13,4,,Q02,ZERO_TRADES,done,2026-08-10,False,
QM5_12817,JUNE,xng-volshock-fade,2026-06-30,1,1,,Q02,FAIL,done,2026-07-21,False,
QM5_12818,JUNE,xng-tue-prem,2026-06-30,14,1,Q02,Q03,,pending,2026-08-23,False,
QM5_12819,JUNE,xng-thu-fade,2026-06-30,1,1,,Q02,FAIL,done,2026-07-21,False,
QM5_12820,JUNE,eia-xng-frzbrk,2026-06-30,1,1,,Q02,FAIL,done,2026-07-21,False,
QM5_12821,JUNE,twin-csm-basket,2026-06-30,36,29,,Q02,RETIRED_ARCHIVED,done,2026-07-03,True,
QM5_12822,JUNE,eia-jetfuel-pb,2026-06-30,16,1,,Q02,FAIL,done,2026-07-25,False,
QM5_12823,JUNE,lien-double-bb-trend-pyramid-h1,2026-06-30,25,1,Q08,Q10_NEWS,REVIEW_REQUIRED,done,2026-09-02,True,
QM5_12824,JUNE,cme-gasgold-ratio,2026-06-30,2,1,Q02,Q04,FAIL,done,2026-07-01,False,
QM5_12825,JUNE,wti-eurusd-spread,2026-06-30,3,1,Q02,Q04,FAIL,done,2026-07-05,False,
QM5_12826,JUNE,cme-gassilver-ratio,2026-06-30,3,1,Q02,Q04,FAIL,done,2026-07-20,False,
QM5_12827,JUNE,cme-gassilver-brk,2026-06-30,4,1,Q03,Q04,FAIL,done,2026-07-19,False,
QM5_12830,JUNE,xng-exp-brk,2026-06-30,4,2,,Q02,ZERO_TRADES,done,2026-07-22,False,
QM5_12831,JUNE,wti-audusd-brk,2026-06-30,15,1,Q09,Q10_NEWS,,pending,2026-09-03,False,
QM5_12832,JUNE,dax-range-breakout,2026-06-30,3,1,,Q02,FAIL,done,2026-07-25,False,
QM5_12834,JUNE,wti-jpy-spread,2026-06-30,7,1,Q06,Q07,,pending,2026-09-02,False,
QM5_12835,JUNE,wti-usdchf-brk,2026-06-30,3,1,Q03,Q03,PASS,done,2026-07-09,False,
QM5_12836,JUNE,turnaround-tuesday-ws30,2026-06-30,26,4,Q03,Q03,INFRA_FAIL,failed,2026-07-29,False,
QM5_12837,JUNE,wti-audnzd-mr,2026-06-30,4,1,Q02,Q04,FAIL,done,2026-07-20,False,
QM5_12956,JUNE,commodity-tsmom-6m-card,2026-06-28,2,1,Q02,Q04,FAIL,done,2026-07-22,False,
QM5_12957,JUNE,commodity-reversal-1m-card,2026-06-28,5,1,Q03,Q03,PASS,done,2026-08-25,False,
QM5_1490,JUNE,raschke-anti-pullback-reversal-h4,2026-05-19,15,11,,Q02,ZERO_TRADES,done,2026-08-11,False,
QM5_1505,JUNE,connors-cumulative-rsi-h4,2026-05-19,33,12,Q03,Q04,,pending,2026-08-17,False,
QM5_1552,JUNE,aa-reit-vamom,2026-05-19,40,5,Q03,Q04,FAIL,done,2026-06-26,False,
QM5_1556,JUNE,aa-zak-mom12,2026-05-19,59,9,Q10,Q10_NEWS,,pending,2026-09-03,False,Q12_REVIEW_READY
QM5_1579,JUNE,sperandeo-tlb-swing-pivot-h4,2026-05-19,14,7,Q02,Q04,,pending,2026-08-17,False,
QM5_1644,JUNE,aa-sector-xmom-third,2026-05-19,51,5,Q02,Q02,FAIL,done,2026-08-08,False,
QM5_20007,JUNE,intraday-config-engine,2026-06-29,44,4,Q02,Q03,,pending,2026-08-31,False,
QM5_9260,JUNE,mql5-force-ema,2026-05-19,16,3,Q02,Q04,FAIL,done,2026-07-08,False,
QM5_9287,JUNE,mql5-gator-ad-flip,2026-05-19,14,3,Q02,Q04,FAIL,done,2026-07-25,False,
QM5_9416,JUNE,qs-coint-bb,2026-05-19,5,2,,Q02,INFRA_FAIL,failed,2026-07-29,False,
QM5_9506,JUNE,carver-starter,2026-05-19,17,8,,Q02,,pending,2026-07-26,True,
QM5_9725,JUNE,ff-roadmap-tl-retest-m5,2026-05-19,28,4,Q02,Q04,FAIL,done,2026-07-13,False,
QM5_9916,JUNE,ff-roadmap-adr-fail-m5,2026-05-19,11,4,Q02,Q04,FAIL,done,2026-07-14,False,
QM5_9919,JUNE,ff-holo-h1-open-fade-m5,2026-05-19,27,4,Q02,Q04,FAIL,done,2026-07-14,False,
QM5_9920,JUNE,ff-mtf-candle-color-m5,2026-05-19,44,6,Q02,Q04,FAIL,done,2026-07-14,False,
QM5_9929,JUNE,ff-bb-rsi-stoch-m30,2026-05-19,52,5,Q09,Q09,PASS,done,2026-08-28,False,
QM5_9959,JUNE,ff-daily-wick-hilo-d1,2026-05-19,22,5,Q03,Q04,,pending,2026-08-17,False,
QM5_9974,JUNE,ff-bladerunner-20ema,2026-05-19,20,4,Q03,Q04,,pending,2026-08-17,False,
QM5_9990,JUNE,ff-dual-candle-bb-rsi,2026-05-19,17,4,Q03,Q04,,pending,2026-08-17,False,
QM5_9992,JUNE,ff-rsi-cci-4555,2026-05-19,52,4,,Q02,INVALID,failed,2026-08-23,False,
QM5_10025,AUGUST,rw-fx-broad-pairs,2026-05-19,75,37,,COMPILE_EA,COMPILE_OK,done,2026-09-02,True,
QM5_11011,AUGUST,the5ers-pinbar-sr,2026-05-22,11,5,Q06,Q04,,pending,2026-08-19,False,
QM5_11091,AUGUST,stoch-mtf-state,2026-06-07,55,4,Q02,Q03,,pending,2026-08-31,False,
QM5_11194,AUGUST,ft-hour,2026-05-23,7,3,Q03,Q03,PASS,done,2026-08-31,False,
QM5_11205,AUGUST,ft-adx-smas,2026-05-23,18,4,Q06,Q07,,pending,2026-08-22,False,
QM5_11214,AUGUST,ft-clucmay,2026-07-23,0,0,,,,,,False,
QM5_11289,AUGUST,tc20-ha-sma14-osma-mom-rsi-h1,2026-05-23,10,3,Q03,Q02,PASS,done,2026-08-08,False,
QM5_11294,AUGUST,cs-ichi-cloud,2026-07-26,55,13,Q11,Q09_NEWS,,pending,2026-09-02,False,
QM5_11298,AUGUST,cs-bb-close,2026-05-23,16,5,Q04,Q03,PASS,done,2026-08-12,False,
QM5_11325,AUGUST,tc-m5-9-ema50-100-macd-partial-exit,2026-07-26,40,3,Q02,Q02,INVALID,failed,2026-08-25,False,
QM5_11388,AUGUST,russ-horn-golden-smma55-wpr55-stoch555,2026-07-27,40,3,Q02,Q02,INVALID,failed,2026-08-25,False,
QM5_11389,AUGUST,munzer-d1-ema34-sma150-double-cci,2026-05-23,12,3,Q03,Q04,,pending,2026-08-17,False,
QM5_11396,AUGUST,connors-double7s-sma200-h4,2026-05-23,9,4,Q03,Q04,FAIL,done,2026-08-14,False,
QM5_11399,AUGUST,naked-forex-big-belt-d1,2026-05-23,5,5,,Q02,FAIL,done,2026-08-12,False,
QM5_11401,AUGUST,davey-low-volume-mean-reversion-d1,2026-07-27,20,3,Q02,Q04,FAIL,done,2026-08-11,False,
QM5_11402,AUGUST,davey-dueling-momentum-d1,2026-07-26,13,3,Q02,Q04,FAIL,done,2026-08-11,False,
QM5_11405,AUGUST,carter-tf11-adx-weak-prevday-breakout-h1,2026-05-23,13,6,,Q02,FAIL,done,2026-08-12,False,
QM5_11407,AUGUST,carter-tf17-ema18-adx-pullback,2026-05-23,10,4,Q04,Q03,PASS,done,2026-08-31,False,
QM5_11411,AUGUST,wilder-parabolic-sar-reversal-d1,2026-05-23,7,5,,Q02,ZERO_TRADES,done,2026-08-09,False,
QM5_11416,AUGUST,ichimoku-tenkan-kijun-cross-cloud-h4,2026-05-23,7,3,Q03,Q02,FAIL,done,2026-08-04,False,
QM5_11435,AUGUST,carter-t-adx35-priorday-range-h1,2026-07-26,25,3,Q04,Q05,FAIL,done,2026-08-11,False,
QM5_11442,AUGUST,burke-frd-fgd-daily-pump-m5,2026-05-23,0,0,,,,,,False,
QM5_11447,AUGUST,burke-parabolic-short-squeeze-m5,2026-05-23,10,5,,Q02,ZERO_TRADES,done,2026-08-11,False,
QM5_11449,AUGUST,macd-psar-atr-trend-h4,2026-05-23,14,5,Q03,Q03,PASS,done,2026-08-31,False,
QM5_11462,AUGUST,goodwin-j-kangaroo-tail-breakout-d1,2026-05-23,8,3,Q03,Q04,FAIL,done,2026-08-08,False,
QM5_11465,AUGUST,suhr-bank-trading-stop-run-fade-h1,2026-07-27,14,5,Q02,Q04,FAIL,done,2026-08-29,False,
QM5_11468,AUGUST,nekritin-peters-last-kiss-d1h4,2026-05-23,5,5,,Q02,FAIL,done,2026-08-13,False,
QM5_11477,AUGUST,williams-l-fakeout-day-d1,2026-05-23,16,5,Q02,Q04,,pending,2026-08-17,False,
QM5_11480,AUGUST,capra-pristine-pbs-pss-pullback-d1,2026-05-23,7,5,Q02,Q04,FAIL,done,2026-08-15,False,
QM5_11483,AUGUST,williams-l-outside-bar-exhaustion-d1,2026-05-23,16,5,Q06,Q07,FAIL,done,2026-08-16,False,
QM5_11497,AUGUST,connors-alvarez-double7s-sma200-d1,2026-05-23,5,5,,Q02,DRAFT_DEFECT,done,2026-08-10,False,
QM5_11503,AUGUST,goodwin-outside-daily-bar-d1,2026-05-23,11,3,Q04,Q05,FAIL,done,2026-08-03,False,
QM5_11513,AUGUST,carter-t-ema4-11-adx13-d1,2026-05-23,2,2,,Q02,ZERO_TRADES,done,2026-08-03,False,
QM5_11514,AUGUST,carter-t-macd3916-adx16-d1,2026-05-23,6,2,Q04,Q04,FAIL,done,2026-08-03,False,
QM5_11515,AUGUST,carter-t-adx14-prev-day-range-h1,2026-05-23,4,3,Q02,Q04,FAIL,done,2026-08-07,False,
QM5_1156,AUGUST,caldeira-cointegration-pairs-fx,2026-05-18,66,7,Q02,Q04,,pending,2026-08-17,False,
QM5_11561,AUGUST,singh-good-morning-asia-d1-usdjpy,2026-05-23,0,0,,,,,,False,
QM5_11593,AUGUST,robo-midnight-hammer-adx-d1,2026-05-24,17,6,Q03,Q04,FAIL,done,2026-09-02,False,
QM5_11646,AUGUST,robo-rsi8-pending-d1,2026-06-01,11,5,Q03,Q04,FAIL,done,2026-08-07,False,
QM5_11657,AUGUST,pp-hs-rev,2026-05-24,7,5,Q04,Q05,FAIL_DD_PORTFOLIO_REVIEW,done,2026-08-29,False,
QM5_11659,AUGUST,pp-triangle,2026-05-24,13,5,Q02,Q04,,pending,2026-09-02,False,
QM5_11660,AUGUST,pp-wedge,2026-05-24,25,5,Q11,Q12,,pending,2026-08-31,False,
QM5_11661,AUGUST,pp-double-tb,2026-05-23,12,5,Q03,Q04,,pending,2026-08-19,False,
QM5_11731,AUGUST,tc-m5-s20-ema3-bb-macd,2026-05-24,0,0,,,,,,False,
QM5_11754,AUGUST,continuation-ema50-williamsr-mtf,2026-05-24,27,6,Q09,Q10_NEWS,REVIEW_REQUIRED,done,2026-08-24,False,
QM5_11805,AUGUST,carter-h1-s17-smma28-ema100-macd-h1,2026-05-26,7,3,Q03,Q04,FAIL,done,2026-08-04,False,
QM5_11881,AUGUST,connors-rsi2-mean-reversion,2026-05-24,49,12,Q11,Q09_NEWS,,pending,2026-09-02,False,
QM5_11887,AUGUST,lien-double-bollinger-bands-regime,2026-05-24,36,10,Q03,Q03,PASS,done,2026-08-31,False,
QM5_11895,AUGUST,carter-ema-cross-rsi-candlestick-confirmation,2026-05-25,130,10,,Q02,INVALID,failed,2026-08-23,False,
QM5_11900,AUGUST,kobasfx-4ema-macd-sentiment-h1,2026-05-25,132,10,,Q02,,pending,2026-08-28,False,
QM5_11904,AUGUST,grimes-sperandeo-failure-test-2b-h1,2026-07-26,34,10,Q02,Q03,,pending,2026-08-31,False,
QM5_12433,AUGUST,ea31337-ichi,2026-07-26,7,3,Q02,Q04,,pending,2026-08-17,False,
QM5_12552,AUGUST,ema-stretch-mr-bounded-grid,2026-06-16,151,12,Q08,Q04,,pending,2026-09-02,False,
QM5_1257,AUGUST,lemishko-fx-cointpair,2026-05-19,25,8,Q03,Q03,PASS,done,2026-09-03,True,
QM5_13029,AUGUST,gbpcad-gbpnzd-coint,2026-07-07,7,1,Q03,Q02,PASS,done,2026-08-14,False,
QM5_13148,AUGUST,energy-rank-lmh,2026-07-11,3,1,,Q02,,pending,2026-08-13,False,
QM5_13302,AUGUST,profactus-bb-limitmr,2026-07-15,6,2,Q03,Q03,PASS,done,2026-08-24,False,
QM5_1457,AUGUST,as-predict-bonds,2026-07-10,0,0,,,,,,False,
QM5_1459,AUGUST,as-lumber-gold,2026-07-10,0,0,,,,,,False,
QM5_1537,AUGUST,aa-vol-sma10,2026-05-19,87,37,Q11,Q09_NEWS,,pending,2026-09-02,False,
QM5_1583,AUGUST,aa-sma10-tr4-risk,2026-05-19,3,0,,COMPILE_EA,COMPILE_FAIL,failed,2026-08-25,False,
QM5_1673,AUGUST,sperandeo-tvii-trendline-failure-h4,2026-05-19,35,13,Q04,Q05,FAIL,done,2026-09-02,False,
QM5_20016,AUGUST,xti-xng-mon-rv,2026-07-20,6,1,Q04,Q03,PASS,done,2026-08-25,False,
QM5_20068,AUGUST,pricebob-bounded-fixedr-intraday-ws30,2026-07-27,3,1,Q02,Q04,,pending,2026-08-17,False,
QM5_20069,AUGUST,pricebob-eodflat-session-breakout-xtiusd,2026-07-27,1,1,,Q02,DRAFT_DEFECT,done,2026-07-31,False,
QM5_20091,AUGUST,pricebob-extreme-reversal-fade-gdaxi,2026-07-27,1,1,,Q02,ZERO_TRADES,done,2026-08-02,False,
QM5_20160,AUGUST,xng-fri-trend,2026-07-25,1,1,,Q02,DRAFT_DEFECT,done,2026-07-25,False,
QM5_20162,AUGUST,xng-winter-dualtrend,2026-07-26,1,1,,Q02,FAIL,done,2026-08-03,False,
QM5_20188,AUGUST,ff-rb-tue-off,2026-07-31,22,3,Q09,Q10_NEWS,REVIEW_REQUIRED,done,2026-09-03,False,
QM5_20190,AUGUST,oilbench-cal,2026-08-01,1,1,,Q02,ZERO_TRADES,done,2026-07-31,False,
QM5_20191,AUGUST,eurusd-chf-coint,2026-08-01,1,1,,Q02,FAIL,done,2026-08-01,False,
QM5_20192,AUGUST,xauxag-ivol,2026-08-01,12,1,Q03,Q03,PASS,done,2026-08-13,False,
QM5_20193,AUGUST,eurusd-cad-coint,2026-08-01,1,1,,Q02,FAIL,done,2026-08-01,False,
QM5_20194,AUGUST,xauxag-momrev,2026-08-01,1,1,,Q02,FAIL,done,2026-08-01,False,
QM5_20195,AUGUST,nzd-eurgbp-coint,2026-08-01,6,1,Q02,Q04,FAIL,done,2026-08-11,False,
QM5_20196,AUGUST,eurusd-jpy-coint,2026-08-01,3,1,Q02,Q04,FAIL,done,2026-08-13,False,
QM5_20197,AUGUST,eurjpy-eurgbp,2026-08-01,3,1,Q02,Q04,FAIL,done,2026-08-08,False,
QM5_20198,AUGUST,xng-tue-bear,2026-08-01,1,1,,Q02,ZERO_TRADES,done,2026-08-01,False,
QM5_20199,AUGUST,eurjpy-euraud,2026-08-01,3,1,Q02,Q03,FAIL,done,2026-08-26,False,
QM5_20200,AUGUST,audjpy-euraud,2026-08-01,1,1,,Q02,FAIL,done,2026-08-01,False,
QM5_20201,AUGUST,gbpjpy-eurgbp,2026-08-01,3,1,Q02,Q04,FAIL,done,2026-08-09,False,
QM5_20202,AUGUST,xauxag-rev18,2026-08-02,7,1,Q02,Q03,,pending,2026-08-31,False,
QM5_20203,AUGUST,eurusd-audjpy,2026-08-02,4,1,Q03,Q03,PASS,done,2026-09-01,False,
QM5_20204,AUGUST,xng-tsmom1m,2026-08-03,5,1,Q03,Q04,,pending,2026-09-02,False,
QM5_20205,AUGUST,wti-calmom1,2026-08-03,1,1,,Q02,ZERO_TRADES,done,2026-08-02,False,
QM5_20206,AUGUST,xauxag-momivol,2026-08-03,15,1,Q03,Q03,PASS,done,2026-09-01,False,
QM5_20207,AUGUST,usdcad-audusd,2026-08-03,3,1,Q02,Q04,FAIL,done,2026-08-21,False,
QM5_20208,AUGUST,nzdusd-euraud,2026-08-03,5,1,Q05,Q03,PASS,done,2026-08-26,False,
QM5_20209,AUGUST,wti-winter-mom1,2026-08-03,3,1,Q03,Q04,FAIL,done,2026-08-03,False,
QM5_20210,AUGUST,gbpusd-audjpy,2026-08-03,2,1,Q02,Q04,FAIL,done,2026-08-21,False,
QM5_20211,AUGUST,gbpjpy-euraud,2026-08-04,4,1,Q04,Q05,FAIL,done,2026-08-22,False,
QM5_20212,AUGUST,gbpusd-eurjpy,2026-08-04,3,1,Q03,Q03,PASS,done,2026-08-26,False,
QM5_20213,AUGUST,wti-summer-mom1,2026-08-04,1,1,,Q02,FAIL,done,2026-08-04,False,
QM5_20214,AUGUST,wti-sum-rev1,2026-08-04,1,1,,Q02,FAIL,done,2026-08-04,False,
QM5_20215,AUGUST,wti-dom-trend,2026-08-04,1,1,,Q02,ZERO_TRADES,done,2026-08-04,False,
QM5_20216,AUGUST,audusd-euraud,2026-08-05,1,1,,Q02,FAIL,done,2026-08-05,False,
QM5_20217,AUGUST,wti-wkend-mom,2026-08-05,1,1,,Q02,ZERO_TRADES,done,2026-08-05,False,
QM5_20218,AUGUST,wti-winter-rev1,2026-08-05,4,1,Q04,Q03,PASS,done,2026-08-31,False,
QM5_20219,AUGUST,usdjpy-nzdusd,2026-08-05,3,1,Q03,Q04,FAIL,done,2026-08-29,False,
QM5_20220,AUGUST,usdcad-audjpy,2026-08-05,3,1,Q03,Q04,FAIL,done,2026-08-29,False,
QM5_20221,AUGUST,wti-win-signmom,2026-08-05,4,1,Q03,Q04,FAIL,done,2026-08-05,False,
QM5_20222,AUGUST,wti-seas-sign,2026-08-05,3,1,Q03,Q03,PASS,done,2026-08-05,False,
QM5_20223,AUGUST,gbpusd-eurgbp,2026-08-05,3,1,Q03,Q04,FAIL,done,2026-08-29,False,
QM5_20224,AUGUST,eurusd-eurjpy,2026-08-05,8,1,Q06,Q07,FAIL,done,2026-08-31,False,
QM5_20225,AUGUST,eurusd-gbpjpy,2026-08-05,1,1,,Q02,FAIL,done,2026-08-05,False,
QM5_20226,AUGUST,wti-seas-dow,2026-08-05,1,1,,Q02,ZERO_TRADES,done,2026-08-05,False,
QM5_20227,AUGUST,wti-seas-mom1,2026-08-05,4,1,Q03,Q04,FAIL,done,2026-08-05,False,
QM5_20228,AUGUST,usdcad-gbpjpy,2026-08-05,3,1,Q03,Q04,FAIL,done,2026-08-30,False,
QM5_20229,AUGUST,wti-seas-rev1,2026-08-05,1,1,,Q02,FAIL,done,2026-08-05,False,
QM5_20230,AUGUST,wti-seas-gap,2026-08-05,1,1,,Q02,ZERO_TRADES,done,2026-08-05,False,
QM5_20231,AUGUST,wti-seas-mom12,2026-08-05,4,1,Q03,Q04,FAIL,done,2026-08-05,False,
QM5_20232,AUGUST,usdchf-nzdusd,2026-08-05,3,1,Q03,Q04,FAIL,done,2026-08-30,False,
QM5_20233,AUGUST,xauxag-skew-rank,2026-08-06,18,1,Q04,Q03,INVALID,failed,2026-09-01,False,
QM5_20234,AUGUST,xauxag-rsj,2026-08-06,13,1,Q02,Q03,INFRA_FAIL,failed,2026-08-21,False,
QM5_20235,AUGUST,xauxag-es-rank,2026-08-06,13,1,,Q02,,pending,2026-08-17,False,
QM5_20236,AUGUST,xauxag-vov-rank,2026-08-06,13,1,,Q02,,pending,2026-08-17,False,
QM5_20237,AUGUST,xtixng-ecm-rv,2026-08-06,1,1,,Q02,FAIL,done,2026-08-06,False,
QM5_20238,AUGUST,usdcad-eurjpy,2026-08-06,3,1,Q03,Q04,FAIL,done,2026-08-30,False,
QM5_20239,AUGUST,wti-pulltrend,2026-08-06,1,1,,Q02,FAIL,done,2026-08-06,False,
QM5_20240,AUGUST,usdchf-gbpjpy,2026-08-06,4,1,Q03,Q04,FAIL,done,2026-08-31,False,
QM5_20241,AUGUST,wti-seas-anchor,2026-08-06,1,1,,Q02,FAIL,done,2026-08-06,False,
QM5_20242,AUGUST,xng-rsm-window,2026-08-06,1,1,,Q02,FAIL,done,2026-08-06,False,
QM5_20243,AUGUST,xauxag-tom-xmom3,2026-08-06,3,1,Q02,Q04,,pending,2026-08-16,False,
QM5_20244,AUGUST,wti-trend-sign,2026-08-06,3,1,Q03,Q03,PASS,done,2026-08-06,False,
QM5_20245,AUGUST,wti-vr-rsm,2026-08-06,1,1,,Q02,ZERO_TRADES,done,2026-08-06,False,
QM5_20246,AUGUST,usdjpy-eurgbp,2026-08-06,3,1,Q03,Q04,FAIL,done,2026-08-31,False,
QM5_20247,AUGUST,wti-vr-calreg,2026-08-06,1,1,,Q02,ZERO_TRADES,done,2026-08-06,False,
QM5_20248,AUGUST,xng-vr-window,2026-08-06,1,1,,Q02,ZERO_TRADES,done,2026-08-06,False,
QM5_20249,AUGUST,xauxag-vr-spread,2026-08-06,1,1,,Q02,ZERO_TRADES,done,2026-08-07,False,
QM5_20250,AUGUST,usdchf-audjpy,2026-08-06,3,1,Q02,Q03,FAIL,done,2026-08-27,False,
QM5_20251,AUGUST,wti-cal-rsm,2026-08-06,1,1,,Q02,FAIL,done,2026-08-06,False,
QM5_20252,AUGUST,usdchf-euraud,2026-08-06,1,1,,Q02,FAIL,done,2026-08-07,False,
QM5_20253,AUGUST,wti-vr3-mom,2026-08-06,1,1,,Q02,ZERO_TRADES,done,2026-08-06,False,
QM5_20254,AUGUST,xauxag-vr-fade,2026-08-06,1,1,,Q02,ZERO_TRADES,done,2026-08-07,False,
QM5_20255,AUGUST,usdchf-eurjpy,2026-08-06,3,1,Q03,Q04,FAIL,done,2026-08-29,False,
QM5_20256,AUGUST,wti-vr6-mom,2026-08-07,1,1,,Q02,ZERO_TRADES,done,2026-08-06,False,
QM5_20257,AUGUST,wti-vr12-mom,2026-08-07,1,1,,Q02,ZERO_TRADES,done,2026-08-07,False,
QM5_20258,AUGUST,wti-mom-vote,2026-08-07,3,1,Q03,Q04,FAIL,done,2026-08-07,False,
QM5_20259,AUGUST,xng-mom-vote,2026-08-07,4,1,Q03,Q04,FAIL,done,2026-08-07,False,
QM5_20260,AUGUST,xauxag-mom-vote,2026-08-07,10,1,,Q02,,pending,2026-08-17,False,
QM5_20261,AUGUST,wti-lr-trend,2026-08-07,1,1,,Q02,FAIL,done,2026-08-07,False,
QM5_20262,AUGUST,xng-lr-trend,2026-08-07,2,1,,Q02,FAIL,done,2026-08-17,False,
QM5_20263,AUGUST,xauxag-mad-rv,2026-08-07,3,1,Q03,Q03,PASS,done,2026-08-27,False,
QM5_20264,AUGUST,wti-rank-trend,2026-08-07,5,1,Q05,Q06,FAIL,done,2026-08-07,False,
QM5_20265,AUGUST,xauxag-fail-rv,2026-08-07,3,1,Q02,Q04,,pending,2026-08-16,False,
QM5_20266,AUGUST,collins-66mom,2026-08-08,17,1,Q11,Q09_NEWS,,pending,2026-09-02,False,
QM5_20267,AUGUST,xng-rank-trend,2026-08-08,3,1,Q02,Q03,FAIL,done,2026-08-10,False,
QM5_20268,AUGUST,xauxag-qtail-rv,2026-08-09,3,1,Q03,Q03,PASS,done,2026-08-27,False,
QM5_20269,AUGUST,wti-medret-mom,2026-08-09,2,1,Q02,Q04,FAIL,done,2026-08-10,False,
QM5_20270,AUGUST,wti-trimmean-mom,2026-08-10,2,1,Q02,Q04,FAIL,done,2026-08-10,False,
QM5_20271,AUGUST,wti-theilsen-tr,2026-08-10,7,1,Q05,Q06,FAIL,done,2026-08-11,False,
QM5_20272,AUGUST,wti-qtrvote-tr,2026-08-10,4,1,Q03,Q04,FAIL,done,2026-08-10,False,
QM5_20273,AUGUST,wti-signrun-tr,2026-08-10,3,1,Q03,Q04,FAIL,done,2026-08-11,False,
QM5_20274,AUGUST,wti-path-eff,2026-08-10,1,1,,Q02,FAIL,done,2026-08-10,False,
QM5_20275,AUGUST,gsr-runfade,2026-08-11,3,1,Q02,Q03,,pending,2026-08-31,False,
QM5_20276,AUGUST,wti-hl-mom,2026-08-11,4,1,Q04,Q05,FAIL,done,2026-08-11,False,
QM5_20277,AUGUST,wti-winsor-mom,2026-08-11,2,1,Q02,Q04,FAIL,done,2026-08-11,False,
QM5_20278,AUGUST,wti-linw-mom,2026-08-11,4,1,Q03,Q04,FAIL,done,2026-08-11,False,
QM5_20279,AUGUST,wti-expw-mom,2026-08-11,4,1,Q03,Q04,FAIL,done,2026-08-11,False,
QM5_20280,AUGUST,wti-tsmom4m,2026-08-11,4,1,Q03,Q04,FAIL,done,2026-08-11,False,
QM5_20281,AUGUST,wti-tsmom-h2,2026-08-11,5,1,Q04,Q04,PASS_LOWFREQ,done,2026-08-11,False,
QM5_20282,AUGUST,wti-madcap-mom,2026-08-11,3,1,Q04,Q05,FAIL,done,2026-08-12,False,
QM5_20283,AUGUST,wti-trimean-mom,2026-08-11,2,1,Q02,Q04,FAIL,done,2026-08-11,False,
QM5_20284,AUGUST,wti-skip1-trend,2026-08-11,2,1,Q02,Q04,FAIL,done,2026-08-12,False,
QM5_20285,AUGUST,wti-huber-mom,2026-08-12,2,1,Q02,Q04,FAIL,done,2026-08-12,False,
QM5_20286,AUGUST,wti-bisquare-mom,2026-08-12,2,1,Q02,Q04,FAIL,done,2026-08-12,False,
QM5_20287,AUGUST,wti-blockmed-mom,2026-08-12,6,1,Q05,Q06,FAIL,done,2026-08-12,False,
QM5_20288,AUGUST,wti-volnorm-mom,2026-08-12,4,1,Q03,Q04,FAIL,done,2026-08-12,False,
QM5_20289,AUGUST,wti-rsj-rev,2026-08-12,4,1,Q04,Q02,PASS,done,2026-08-17,False,
QM5_20290,AUGUST,wti-skew-prem,2026-08-12,5,1,Q03,Q02,PASS,done,2026-08-17,False,
QM5_20291,AUGUST,xauxag-kurt-rk,2026-08-12,3,1,,Q02,INFRA_FAIL,done,2026-08-24,False,
QM5_20292,AUGUST,fx-carry-unwind,2026-08-06,3,1,,Q02,ZERO_TRADES,done,2026-09-02,False,
QM5_20293,AUGUST,wti-tsmom9m,2026-08-12,4,1,Q03,Q04,,pending,2026-08-17,False,
QM5_20294,AUGUST,xauxag-max-rk,2026-08-12,7,1,Q05,Q03,INVALID,failed,2026-08-31,False,
QM5_20295,AUGUST,wti-kurt-prem,2026-08-13,4,1,Q03,Q02,PASS,done,2026-08-17,False,
QM5_20296,AUGUST,xng-skew-prem,2026-08-13,4,1,Q03,Q03,PASS,done,2026-08-31,False,
QM5_20297,AUGUST,xng-kurt-prem,2026-08-13,5,1,Q03,Q02,PASS,done,2026-08-17,False,
QM5_20298,AUGUST,wti-vov-regime,2026-08-13,3,1,Q02,Q02,PASS,done,2026-08-17,False,
QM5_20299,AUGUST,xng-vov-regime,2026-08-13,4,1,Q02,Q02,PASS,done,2026-08-17,False,
QM5_20300,AUGUST,wti-max-regime,2026-08-13,4,1,Q02,Q02,PASS,done,2026-08-17,False,
QM5_20301,AUGUST,wti-es-regime,2026-08-13,3,1,Q02,Q02,PASS,done,2026-08-17,False,
QM5_20302,AUGUST,wti-aliq-regime,2026-08-13,4,1,Q02,Q02,PASS,done,2026-08-17,False,
QM5_20303,AUGUST,wti-volbeta-reg,2026-08-13,1,1,,Q02,FAIL,done,2026-08-13,False,
QM5_20304,AUGUST,wti-jumpbeta-reg,2026-08-13,1,1,,Q02,FAIL,done,2026-08-13,False,
QM5_20305,AUGUST,xng-aliq-regime,2026-08-13,2,1,Q02,Q04,FAIL,done,2026-08-19,False,
QM5_20306,AUGUST,xng-jumpbeta-reg,2026-08-13,1,1,,Q02,FAIL,done,2026-08-13,False,
QM5_21502,AUGUST,xau-weekly-tsmom,2026-08-13,12,1,Q11,Q12,,pending,2026-08-30,False,
QM5_21503,AUGUST,xti-weekly-tsmom-lowvol,2026-08-13,4,1,Q03,Q04,,pending,2026-08-19,False,
QM5_21504,AUGUST,xng-flowrev,2026-08-13,5,1,Q04,Q03,PASS,done,2026-08-31,False,
QM5_21505,AUGUST,xag-weekly-lowvol-momentum,2026-08-13,20,1,Q11,Q09_NEWS,,pending,2026-09-02,False,
QM5_21506,AUGUST,xau-weekly-trend-confirm,2026-08-14,11,1,Q09,Q09,PASS,done,2026-08-24,False,
QM5_21507,AUGUST,qs-kama-trend-xau,2026-08-14,16,1,Q11,Q11,PASS,done,2026-08-29,False,
QM5_21508,AUGUST,qs-ma-envelope-eur,2026-08-14,2,1,,Q02,FAIL,done,2026-08-30,False,
QM5_21509,AUGUST,qs-emv-trend-ndx,2026-08-15,0,0,,,,,,False,
QM5_21510,AUGUST,qs-nvi-ema-sp500,2026-08-13,1,1,,Q02,ZERO_TRADES,done,2026-08-17,False,
QM5_21511,AUGUST,qs-pvt-cross-ws30,2026-08-13,4,1,Q03,Q04,,pending,2026-08-19,False,
QM5_21512,AUGUST,qs-fibonacci-ma-band-gbp,2026-08-13,4,1,Q03,Q04,,pending,2026-08-19,False,
QM5_21513,AUGUST,qs-double-seven-trend-ndx,2026-08-13,4,1,Q03,Q04,,pending,2026-08-19,False,
QM5_21514,AUGUST,qs-klinger-vol-osc-xag,2026-08-13,5,1,Q04,Q03,PASS,done,2026-08-31,False,
QM5_21515,AUGUST,qs-acceleration-bands-xti,2026-08-15,7,1,Q06,Q04,,pending,2026-08-19,False,
QM5_21516,AUGUST,wti-decoup-trend,2026-08-14,7,1,Q05,Q02,PASS,done,2026-08-17,False,
QM5_21517,AUGUST,xauxag-seas-rv,2026-08-14,1,1,,Q02,FAIL,done,2026-08-14,False,
QM5_21518,AUGUST,wti-brent-cfm,2026-08-14,7,1,,Q02,RETIRE,done,2026-08-15,False,
QM5_21519,AUGUST,xng-wkend-hold,2026-08-14,1,1,,Q02,ZERO_TRADES,done,2026-08-14,False,
QM5_21520,AUGUST,xng-flow-mom,2026-08-14,2,1,Q02,Q04,FAIL,done,2026-08-14,False,
QM5_21521,AUGUST,wti-flow-switch,2026-08-14,2,1,Q02,Q04,FAIL,done,2026-08-15,False,
QM5_21522,AUGUST,wti-lowdb-trend,2026-08-14,1,1,,Q02,FAIL,done,2026-08-14,False,
QM5_21523,AUGUST,wti-xau-div-tr,2026-08-14,1,1,,Q02,ZERO_TRADES,done,2026-08-15,False,
QM5_21524,AUGUST,wti-xcu-relmom,2026-08-14,1,1,,Q02,,pending,2026-09-02,False,
QM5_21525,AUGUST,wti-xcu-cadf,2026-08-15,1,1,,Q02,,pending,2026-09-02,False,
QM5_21526,AUGUST,xau-xag-cadf,2026-08-15,1,1,,Q02,ZERO_TRADES,done,2026-08-21,False,
QM5_21527,AUGUST,wti-fallcorr-tr,2026-08-15,6,1,Q03,Q02,PASS,done,2026-08-17,False,
QM5_30001,AUGUST,bollinger-bands-grid-waka-waka,2026-08-15,0,0,,,,,,False,
QM5_30002,AUGUST,zigzag-gold-breakout-happy-gold,2026-08-15,2,1,Q02,Q04,FAIL,done,2026-08-18,False,
QM5_30003,AUGUST,multisystem-gold-scalper-forex-gold-investor,2026-08-15,2,1,Q02,Q04,FAIL,done,2026-08-18,False,
QM5_30005,AUGUST,bollinger-bands-grid-dark-venus,2026-08-15,2,0,,COMPILE_EA,COMPILE_FAIL,failed,2026-08-22,False,
QM5_30006,AUGUST,adx-ma-trend-grid-dark-kronos,2026-08-15,2,0,,COMPILE_EA,COMPILE_FAIL,failed,2026-08-22,False,
QM5_30008,AUGUST,rollover-hour-multifilter-forex-fury,2026-08-15,4,3,Q02,Q04,FAIL,done,2026-08-19,False,
QM5_31002,AUGUST,us-indices-opening-range-breakout,2026-08-15,4,2,Q02,Q04,FAIL,done,2026-08-18,False,
QM5_31003,AUGUST,london-open-currency-strength-dispersion,2026-08-15,3,3,,Q02,,pending,2026-08-16,False,
QM5_31004,AUGUST,xauusd-vwap-liquidity-sweep-scalp,2026-08-15,1,1,,Q02,FAIL,done,2026-08-17,False,
QM5_31005,AUGUST,japanstrike-tokyo-liquidity-breakout,2026-08-15,2,2,,Q02,FAIL,done,2026-08-17,False,
QM5_31006,AUGUST,night-forex-bot-asian-stochastic-scalper,2026-08-15,4,3,Q02,Q04,FAIL,done,2026-08-19,False,
QM5_31007,AUGUST,forex-trend-hunter-triple-ema,2026-08-15,5,3,Q02,Q04,FAIL,done,2026-08-19,False,
QM5_32001,AUGUST,nq-micro-momentum-apex-scalper,2026-08-15,2,1,Q02,Q04,FAIL,done,2026-08-18,False,
QM5_32003,AUGUST,cl-pit-open-volatility-breakout,2026-08-15,2,1,Q02,Q04,FAIL,done,2026-08-16,False,
QM5_32007,AUGUST,london-fix-wm-reuters-currency-drift,2026-08-15,4,2,Q02,Q04,FAIL,done,2026-08-19,False,
QM5_32008,AUGUST,euro-triplet-statistical-arbitrage-eurostable,2026-08-15,1,1,,Q02,FAIL,done,2026-08-17,False,
QM5_33001,AUGUST,kaufman-adaptive-moving-average-breakout,2026-08-15,6,3,Q02,Q04,FAIL,done,2026-08-19,False,
QM5_33002,AUGUST,larry-williams-volatility-expansion-breakout,2026-08-15,12,3,Q03,Q04,,pending,2026-08-19,False,
QM5_33003,AUGUST,ehlers-superpassband-fisher-cycle-scalper,2026-08-15,6,3,Q02,Q04,FAIL,done,2026-08-19,False,
QM5_33004,AUGUST,kevin-davey-3bar-momentum-expansion,2026-08-15,10,3,Q03,Q04,,pending,2026-08-19,False,
QM5_33005,AUGUST,andrea-unger-dax-intraday-bias-breakout,2026-08-15,4,1,Q03,Q04,,pending,2026-08-19,False,
QM5_33006,AUGUST,andrea-unger-turtle-soup-false-breakout,2026-08-15,3,3,,Q02,,pending,2026-08-17,False,
QM5_33007,AUGUST,george-pruitt-king-keltner-trend-buster,2026-08-15,4,3,,COMPILE_EA,COMPILE_FAIL,failed,2026-08-24,False,
QM5_33008,AUGUST,thomas-stridsman-rvi-noise-buster,2026-08-15,6,2,Q03,Q04,,pending,2026-08-19,False,
QM5_34001,AUGUST,kalman-filter-state-estimation-scalper,2026-08-15,3,3,,Q02,,pending,2026-08-17,False,
QM5_34003,AUGUST,triple-timeframe-williams-r-champion,2026-08-15,3,3,,Q02,,pending,2026-08-17,False,
QM5_34004,AUGUST,kositsin-step-trend-parabolic-envelope,2026-08-15,4,3,Q02,Q04,FAIL,done,2026-08-19,False,
QM5_34005,AUGUST,sokolov-cstrategy-donchian-atr-breakout,2026-08-15,3,3,,Q02,,pending,2026-08-17,False,
QM5_34006,AUGUST,golubev-pricechannel-parabolic-breakout,2026-08-15,3,3,,Q02,,pending,2026-08-17,False,
QM5_34007,AUGUST,sergeev-hft-tick-momentum-interceptor,2026-08-15,2,2,,Q02,,pending,2026-08-17,False,
QM5_34008,AUGUST,multicurrency-basket-dispersion-hedger,2026-08-15,0,0,,,,,,False,
QM5_35001,AUGUST,cowabunga-multi-timeframe-trend-system,2026-08-15,4,2,Q02,Q04,FAIL,done,2026-08-19,False,
QM5_35002,AUGUST,hlhb-trend-catcher-system,2026-08-15,3,3,,Q02,,pending,2026-08-17,False,
QM5_35003,AUGUST,three-ducks-multi-timeframe-system,2026-08-15,8,4,Q02,Q04,FAIL,done,2026-08-19,False,
QM5_35004,AUGUST,babypips-asian-box-london-breakout,2026-08-15,3,3,,Q02,,pending,2026-08-17,False,
QM5_35005,AUGUST,sma-crossover-pullback-system,2026-08-15,6,3,,Q11,ARTIFACT_READY,done,2026-08-27,False,
QM5_35006,AUGUST,guppy-multiple-moving-average-breakout,2026-08-15,6,2,Q03,Q04,,pending,2026-08-19,False,
QM5_35007,AUGUST,inside-bar-momentum-breakout-system,2026-08-15,6,3,Q02,Q04,FAIL,done,2026-08-19,False,
QM5_35008,AUGUST,short-term-bollinger-reversion-system,2026-08-15,3,3,,Q02,FAIL,done,2026-08-17,False,
QM5_36001,AUGUST,nnfx-classic-mcginley-ssl-wae,2026-08-15,0,0,,,,,,False,
QM5_36002,AUGUST,nnfx-kijunsen-absolute-strength-damiani,2026-08-15,3,0,,COMPILE_EA,COMPILE_OK,done,2026-09-01,False,
QM5_36003,AUGUST,nnfx-hull-ma-zerolag-macd-stc,2026-08-15,0,0,,,,,,False,
QM5_36004,AUGUST,nnfx-alma-qqe-volume-flow-sniper,2026-08-15,0,0,,,,,,False,
QM5_36005,AUGUST,nnfx-coral-trendlord-woodies-harvester,2026-08-15,2,1,,Q02,FAIL,done,2026-09-01,False,
QM5_36006,AUGUST,nnfx-halftrend-jurik-coppock-engine,2026-08-15,3,1,,Q02,,pending,2026-09-02,False,
QM5_36007,AUGUST,nnfx-vidya-trix-fisher-momentum,2026-08-15,5,3,Q02,Q04,FAIL,done,2026-08-29,False,
QM5_36008,AUGUST,nnfx-gold-kama-vortex-supertrend,2026-08-15,0,0,,,,,,False,
QM5_37001,AUGUST,ernest-chan-ornstein-uhlenbeck-statarb,2026-08-15,0,0,,,,,,False,
QM5_37002,AUGUST,dual-thrust-asymmetric-range-breakout,2026-08-15,0,0,,,,,,False,
QM5_37003,AUGUST,hurst-exponent-dynamic-regime-switch,2026-08-15,2,1,,Q02,,pending,2026-09-03,False,
QM5_37004,AUGUST,volatility-targeted-momentum-kelly,2026-08-15,2,1,,Q02,INFRA_FAIL,done,2026-09-01,False,
QM5_37005,AUGUST,chan-bollinger-adx-mean-reversion,2026-08-15,0,0,,,,,,False,
QM5_37006,AUGUST,cusum-filter-structural-breakout,2026-08-15,1,1,,Q02,INFRA_FAIL,failed,2026-08-24,False,
QM5_37007,AUGUST,cross-sectional-momentum-factor-dispersion,2026-08-15,10,7,Q02,Q04,FAIL,done,2026-08-29,False,
QM5_37008,AUGUST,garch-volatility-forecast-breakout,2026-08-15,0,0,,,,,,False,
QM5_38001,AUGUST,codetrading-vwap-bollinger-rsi-scalper,2026-08-15,1,0,,COMPILE_EA,COMPILE_FAIL,failed,2026-08-25,False,
QM5_38002,AUGUST,codetrading-macd-ema-trend-pullback,2026-08-15,2,1,,COMPILE_EA,COMPILE_OK,done,2026-09-01,False,
QM5_38003,AUGUST,codetrading-bollinger-engulfing-reversal,2026-08-15,2,1,,Q02,FAIL,done,2026-09-01,False,
QM5_38004,AUGUST,codetrading-triple-ema-momentum-scalper,2026-08-15,0,0,,,,,,False,
QM5_38005,AUGUST,codetrading-ascending-triangle-breakout,2026-08-15,2,0,,COMPILE_EA,COMPILE_FAIL,failed,2026-09-01,False,
QM5_38006,AUGUST,codetrading-doji-hammer-pivot-rejection,2026-08-15,2,0,,COMPILE_EA,COMPILE_OK,done,2026-08-30,False,
QM5_38007,AUGUST,codetrading-python-atr-grid-engine,2026-08-15,0,0,,,,,,False,
QM5_38008,AUGUST,codetrading-optimized-bollinger-trend-breakout,2026-08-15,0,0,,,,,,False,
QM5_39001,AUGUST,forexfactory-trading-made-simple-tms,2026-08-15,1,0,,COMPILE_EA,COMPILE_FAIL,failed,2026-08-25,False,
QM5_39002,AUGUST,forexfactory-sonic-r-system,2026-08-15,0,0,,,,,,False,
QM5_39003,AUGUST,forexfactory-james16-price-action-ppz,2026-08-15,1,0,,COMPILE_EA,COMPILE_OK,done,2026-08-29,False,
QM5_39004,AUGUST,forexfactory-thv-cobra-trix-scalper,2026-08-15,0,0,,,,,,False,
QM5_39005,AUGUST,forexfactory-genesis-matrix-scalper,2026-08-15,1,1,,Q02,INFRA_FAIL,failed,2026-08-24,False,
QM5_39006,AUGUST,forexfactory-spudfyre-stochastic-ribbon,2026-08-15,0,0,,,,,,False,
QM5_39007,AUGUST,forexfactory-100-pips-early-bird-breakout,2026-08-15,0,0,,,,,,False,
QM5_39008,AUGUST,forexfactory-symphonie-matrix-system,2026-08-15,6,3,Q02,Q04,FAIL,done,2026-08-20,False,
QM5_40002,AUGUST,quantpedia-fx-momentum-volatility-parity,2026-08-15,16,6,Q03,Q04,,pending,2026-08-19,False,
QM5_40005,AUGUST,tradingview-multitimeframe-supertrend-atr,2026-08-15,0,0,,,,,,False,
QM5_40008,AUGUST,aqr-value-and-momentum-everywhere,2026-08-15,0,0,,,,,,False,
QM5_41001,AUGUST,keith-fitschen-aberration-trading-system,2026-08-15,0,0,,,,,,False,
QM5_41002,AUGUST,robert-pardo-checkmate-breakout-engine,2026-08-15,8,3,Q03,Q04,FAIL,done,2026-08-29,False,
QM5_41003,AUGUST,kaufman-ready-set-go-momentum,2026-08-15,0,0,,,,,,False,
QM5_41005,AUGUST,richard-donchian-50day-cta-benchmark,2026-08-15,0,0,,,,,,False,
QM5_41006,AUGUST,man-ahl-multispeed-ewma-trend,2026-08-15,0,0,,,,,,False,
QM5_41009,AUGUST,volume-profile-value-area-rejection,2026-08-15,1,1,,Q02,INFRA_FAIL,failed,2026-08-24,False,
QM5_41010,AUGUST,developing-poc-migration-scalper,2026-08-15,0,0,,,,,,False,
QM5_41011,AUGUST,tokyo-london-bank-flow-handover,2026-08-15,4,1,Q02,Q04,FAIL,done,2026-08-31,False,
QM5_41013,AUGUST,wti-mopen-mom,2026-08-15,4,1,Q03,Q04,FAIL,done,2026-08-15,False,
QM5_41014,AUGUST,xtixng-thu-rv,2026-08-15,1,1,,Q02,ZERO_TRADES,done,2026-08-16,False,
QM5_41015,AUGUST,xtixng-tue-rv,2026-08-15,1,1,,Q02,ZERO_TRADES,done,2026-08-16,False,
QM5_41016,AUGUST,wti-mclose-mom,2026-08-15,1,1,,Q02,ZERO_TRADES,done,2026-08-15,False,
QM5_41017,AUGUST,wti-dom-ctrreg,2026-08-15,1,1,,Q02,ZERO_TRADES,done,2026-08-15,False,
QM5_41018,AUGUST,xtixng-wed-rv,2026-08-16,1,1,,Q02,ZERO_TRADES,done,2026-08-16,False,
QM5_41019,AUGUST,wti-wopen-mom,2026-08-16,2,1,Q02,Q04,FAIL,done,2026-08-16,False,
QM5_41020,AUGUST,wti-wclose-mom,2026-08-16,2,1,Q02,Q04,FAIL,done,2026-08-16,False,
QM5_41021,AUGUST,wti-mdual-mom,2026-08-16,1,1,,Q02,ZERO_TRADES,done,2026-08-16,False,
QM5_41022,AUGUST,wti-wdual-mom,2026-08-16,3,1,Q03,Q04,FAIL,done,2026-08-16,False,
QM5_41023,AUGUST,wti-mends-mom,2026-08-16,3,1,Q03,Q04,FAIL,done,2026-08-17,False,
QM5_41024,AUGUST,wti-1wed-mom1,2026-08-16,3,1,Q03,Q04,FAIL,done,2026-08-17,False,
QM5_41025,AUGUST,wti-dom-mom1,2026-08-16,2,1,Q02,Q04,FAIL,done,2026-08-16,False,
QM5_41026,AUGUST,wti-1fri-rev1,2026-08-16,1,1,,Q02,FAIL,done,2026-08-16,False,
QM5_41027,AUGUST,wti-mopen-rev1,2026-08-16,2,1,Q02,Q04,FAIL,done,2026-08-16,False,
QM5_41028,AUGUST,wti-mgap-fade,2026-08-16,3,1,Q03,Q04,FAIL,done,2026-08-17,False,
QM5_41029,AUGUST,wti-flow-agree,2026-08-16,4,1,Q03,Q04,,pending,2026-08-19,False,
QM5_41030,AUGUST,xauxag-flowdiv,2026-08-16,5,1,Q02,Q03,INFRA_FAIL,failed,2026-08-20,False,
QM5_41031,AUGUST,xauxag-goldlead,2026-08-16,3,1,Q02,Q03,,pending,2026-08-31,False,
QM5_41032,AUGUST,wti-flow-div,2026-08-16,4,1,Q02,Q04,FAIL,done,2026-08-19,False,
QM5_41033,AUGUST,wti-flow-dom,2026-08-17,5,1,Q03,Q03,PASS,done,2026-08-19,False,
QM5_41034,AUGUST,wti-mflow-agree,2026-08-17,3,1,Q02,Q03,FAIL,done,2026-08-19,False,
QM5_41035,AUGUST,wti-mflow-div,2026-08-17,1,1,,Q02,FAIL,done,2026-08-17,False,
QM5_41036,AUGUST,wti-mflow-dom,2026-08-17,1,1,,Q02,FAIL,done,2026-08-17,False,
QM5_41037,AUGUST,xng-mflow-div,2026-08-17,2,1,Q02,Q04,FAIL,done,2026-08-19,False,
QM5_41038,AUGUST,xng-mflow-dom,2026-08-17,6,1,Q03,Q04,,pending,2026-08-19,False,
QM5_41039,AUGUST,xauxag-mflow-div,2026-08-17,8,1,Q05,Q06,INFRA_FAIL,done,2026-09-02,False,
QM5_41040,AUGUST,xauxag-wflow-fade,2026-08-17,3,1,Q02,Q03,,pending,2026-08-31,False,
QM5_41041,AUGUST,wti-wed-flow-fade,2026-08-17,6,1,Q04,Q05,FAIL,done,2026-09-02,False,
QM5_41042,AUGUST,wti-wed-flow-agree,2026-08-17,3,1,Q02,Q04,FAIL,done,2026-08-19,False,
QM5_41043,AUGUST,xng-thu-flow-agree,2026-08-17,2,1,Q02,Q04,FAIL,done,2026-08-19,False,
QM5_41044,AUGUST,xng-thu-flow-fade,2026-08-17,2,1,Q02,Q04,FAIL,done,2026-08-19,False,
QM5_41045,AUGUST,wti-wed-trend-agree,2026-08-17,4,1,Q03,Q03,PASS,done,2026-08-19,False,
QM5_41046,AUGUST,wti-wed-trend-pb,2026-08-17,2,1,Q02,Q04,FAIL,done,2026-08-19,False,
QM5_41047,AUGUST,xng-thu-trend-pb,2026-08-17,2,1,Q02,Q04,FAIL,done,2026-08-19,False,
QM5_41048,AUGUST,xng-thu-trend-agree,2026-08-17,2,1,Q02,Q04,FAIL,done,2026-08-19,False,
QM5_41049,AUGUST,wti-wed-overnight-dom,2026-08-17,1,1,,Q02,FAIL,done,2026-08-17,False,
QM5_41050,AUGUST,wti-postwed-gap-agree,2026-08-17,2,1,Q02,Q04,FAIL,done,2026-08-19,False,
QM5_41051,AUGUST,wti-fri-weekfade,2026-08-17,2,1,Q02,Q04,FAIL,done,2026-08-19,False,
QM5_41052,AUGUST,xng-postthu-gap-agree,2026-08-17,2,1,Q02,Q04,FAIL,done,2026-08-19,False,
QM5_41053,AUGUST,wti-postwed-gap-fade,2026-08-18,4,1,Q03,Q04,,pending,2026-08-19,False,
QM5_41054,AUGUST,xng-postthu-gap-fade,2026-08-18,2,1,Q02,Q04,FAIL,done,2026-08-19,False,
QM5_41055,AUGUST,wti-medcal,2026-08-18,1,1,,Q02,FAIL,done,2026-08-18,False,
QM5_41056,AUGUST,energy-rev18,2026-08-18,5,1,Q05,Q03,PASS,done,2026-09-01,False,
QM5_41057,AUGUST,xauxag-wflow-agree-fade,2026-08-18,3,1,Q02,Q03,,pending,2026-08-31,False,
QM5_41058,AUGUST,xng-wflow-agree,2026-08-18,5,1,Q03,Q04,,pending,2026-08-19,False,
QM5_41059,AUGUST,wti-samecal-hit,2026-08-18,1,1,,Q02,FAIL,done,2026-08-18,False,
QM5_41060,AUGUST,xauxag-week-nr7-brk,2026-08-18,3,1,Q02,Q04,FAIL,done,2026-08-29,False,
QM5_41061,AUGUST,wti-week-nr7-brk,2026-08-18,5,1,Q05,Q06,INFRA_FAIL,done,2026-09-02,False,
QM5_41062,AUGUST,xauxag-wgap-fade,2026-08-20,3,1,Q02,Q03,,pending,2026-08-31,False,
QM5_41063,AUGUST,xng-week-nr7-brk,2026-08-20,1,1,,Q02,FAIL,done,2026-08-20,False,
QM5_41064,AUGUST,wti-mflip-mom,2026-08-20,1,1,,Q02,ZERO_TRADES,done,2026-08-20,False,
QM5_41065,AUGUST,wti-wflip-mom,2026-08-20,4,1,Q03,Q04,,pending,2026-08-20,False,
QM5_41066,AUGUST,xauxag-wdecay-rv,2026-08-20,3,1,Q02,Q03,,pending,2026-08-31,False,
QM5_41067,AUGUST,xng-wflip-mom,2026-08-20,2,1,Q02,Q04,FAIL,done,2026-08-20,False,
QM5_41068,AUGUST,wti-waccel-mom,2026-08-20,4,1,Q03,Q04,,pending,2026-08-20,False,
QM5_41069,AUGUST,wti-wpull-trend,2026-08-20,2,1,Q02,Q04,FAIL,done,2026-08-20,False,
QM5_41070,AUGUST,wti-wdecel-mom,2026-08-20,4,1,Q03,Q04,,pending,2026-08-20,False,
QM5_41071,AUGUST,wti-wresume-dom,2026-08-20,2,1,Q02,Q04,FAIL,done,2026-08-20,False,
QM5_41072,AUGUST,wti-wcounter-dom,2026-08-20,1,1,,Q02,FAIL,done,2026-08-20,False,
QM5_41073,AUGUST,wti-woutside-settle,2026-08-20,1,1,,Q02,FAIL,done,2026-08-20,False,
QM5_41074,AUGUST,wti-wstreak3-mom,2026-08-20,4,1,Q03,Q04,,pending,2026-08-20,False,
QM5_41075,AUGUST,xauxag-wovershoot-rv,2026-08-20,4,1,Q04,Q03,,pending,2026-08-31,False,
QM5_41076,AUGUST,xauxag-waccel-rv,2026-08-20,5,1,Q05,Q03,,pending,2026-08-31,False,
QM5_41077,AUGUST,xauxag-wretr-rv,2026-08-21,6,1,Q05,Q06,INFRA_FAIL,done,2026-09-02,False,
QM5_41078,AUGUST,xauxag-wstreak3-rv,2026-08-21,5,1,Q05,Q03,,pending,2026-08-31,False,
QM5_41079,AUGUST,xauxag-wclose-extreme-rv,2026-08-21,3,1,Q02,Q03,,pending,2026-08-31,False,
QM5_41080,AUGUST,wti-wclose-location-mom,2026-08-21,4,1,Q03,Q04,,pending,2026-08-21,False,
QM5_41081,AUGUST,xng-wclose-location-mom,2026-08-21,2,1,Q02,Q04,FAIL,done,2026-08-21,False,
QM5_41082,AUGUST,wti-wrunbreak-dom,2026-08-21,1,1,,Q02,FAIL,done,2026-08-21,False,
QM5_41083,AUGUST,xauxag-wlegdiv-rv,2026-08-21,3,1,Q02,Q03,,pending,2026-08-31,False,
QM5_41084,AUGUST,wti-wdaybreadth-mom,2026-08-21,4,1,Q03,Q04,,pending,2026-08-21,False,
QM5_41085,AUGUST,xauxag-wdaybreadth-rv,2026-08-21,3,1,Q02,Q03,,pending,2026-08-31,False,
QM5_41086,AUGUST,xauxag-commonshock-rv,2026-08-21,3,1,Q02,Q03,,pending,2026-08-31,False,
QM5_41087,AUGUST,wti-wr4-close-mom,2026-08-21,4,1,Q03,Q04,,pending,2026-08-21,False,
QM5_41088,AUGUST,xauxag-wclv-div-rv,2026-08-21,1,1,,Q02,FAIL,done,2026-08-28,False,
QM5_41089,AUGUST,wti-wrange-migrate-mom,2026-08-21,4,1,Q03,Q04,,pending,2026-08-21,False,
QM5_41090,AUGUST,wti-wmid-overlap-mom,2026-08-21,4,1,Q03,Q04,,pending,2026-08-21,False,
QM5_41091,AUGUST,wti-winside-body-mom,2026-08-21,1,1,,Q02,ZERO_TRADES,done,2026-08-21,False,
QM5_41092,AUGUST,wti-wbody-dominance-mom,2026-08-21,1,1,,Q02,ZERO_TRADES,done,2026-08-21,False,
QM5_41093,AUGUST,wti-wclose-breakout-mom,2026-08-21,1,1,,Q02,ZERO_TRADES,done,2026-08-21,False,
QM5_41094,AUGUST,xng-wbody-dominance-mom,2026-08-21,1,1,,Q02,ZERO_TRADES,done,2026-08-21,False,
QM5_41095,AUGUST,wti-wexcursion-imbalance-mom,2026-08-21,2,0,,COMPILE_EA,COMPILE_OK,done,2026-08-22,False,
QM5_41096,AUGUST,wti-wexcursion-reject-rv,2026-08-21,2,0,,COMPILE_EA,COMPILE_OK,done,2026-08-22,False,
QM5_41098,AUGUST,wti-wextreme-sequence-mom,2026-08-21,2,0,,COMPILE_EA,COMPILE_OK,done,2026-08-22,False,
QM5_41099,AUGUST,wti-wclose-turn-mom,2026-08-22,2,0,,COMPILE_EA,COMPILE_OK,done,2026-08-22,False,
QM5_41100,AUGUST,xng-wclose-turn-mom,2026-08-21,2,0,,COMPILE_EA,COMPILE_OK,done,2026-08-22,False,
QM5_41101,AUGUST,xng-wrange-migrate-mom,2026-08-22,2,0,,COMPILE_EA,COMPILE_OK,done,2026-08-22,False,
QM5_41102,AUGUST,wti-mrange-migrate-mom,2026-08-22,2,0,,COMPILE_EA,COMPILE_FAIL,failed,2026-08-22,False,
QM5_41103,AUGUST,xauxag-mrange-migrate-rv,2026-08-22,2,0,,COMPILE_EA,COMPILE_OK,done,2026-08-22,False,
QM5_41104,AUGUST,xauxag-mmedian-shift-rv,2026-08-22,3,0,,COMPILE_EA,COMPILE_OK,done,2026-08-25,False,
QM5_41106,AUGUST,wti-mbody-dominance-mom,2026-08-22,1,0,,COMPILE_EA,COMPILE_FAIL,failed,2026-08-23,False,
QM5_41107,AUGUST,wti-minside-body-mom,2026-08-22,1,0,,COMPILE_EA,COMPILE_OK,done,2026-08-23,False,
QM5_41108,AUGUST,wti-mrange-expansion-mom,2026-08-22,1,0,,COMPILE_EA,COMPILE_OK,done,2026-08-23,False,
QM5_41109,AUGUST,xauxag-mmean-median-rv,2026-08-22,2,0,,COMPILE_EA,COMPILE_OK,done,2026-08-23,False,
QM5_41110,AUGUST,xauxag-moutside-res-rv,2026-08-22,2,0,,COMPILE_EA,COMPILE_OK,done,2026-08-25,False,
QM5_41112,AUGUST,xauxag-mdaybreadth-rv,2026-08-22,2,0,,COMPILE_EA,COMPILE_OK,done,2026-08-25,False,
QM5_41113,AUGUST,xauxag-mhalfagree-rv,2026-08-22,2,0,,COMPILE_EA,COMPILE_OK,done,2026-08-25,False,
QM5_41116,AUGUST,xauxag-mthirdvote-rv,2026-08-22,1,0,,COMPILE_EA,COMPILE_OK,done,2026-08-25,False,
QM5_41117,AUGUST,wti-mlatehalf-dom-mom,2026-08-22,0,0,,,,,,False,
QM5_41118,AUGUST,xauxag-mlatehalf-dom-rv,2026-08-22,1,0,,COMPILE_EA,COMPILE_OK,done,2026-08-25,False,
QM5_41119,AUGUST,xauxag-mclose-quartile-rv,2026-08-22,2,0,,COMPILE_EA,COMPILE_OK,done,2026-08-25,False,
QM5_41120,AUGUST,xauxag-mopen-residence-rv,2026-08-22,2,0,,COMPILE_EA,COMPILE_OK,done,2026-08-25,False,
QM5_41121,AUGUST,xauxag-mseqdom-rv,2026-08-23,1,0,,COMPILE_EA,COMPILE_OK,done,2026-08-25,False,
QM5_41122,AUGUST,wti-mextreme-sequence-mom,2026-08-23,0,0,,,,,,False,
QM5_41123,AUGUST,xauxag-mpath-eff-rv,2026-08-23,2,0,,COMPILE_EA,COMPILE_OK,done,2026-08-25,False,
QM5_41124,AUGUST,wti-mrms-coherence-mom,2026-08-23,1,0,,COMPILE_EA,COMPILE_OK,done,2026-08-25,False,
QM5_41125,AUGUST,xauxag-mrms-coherence-rv,2026-08-23,1,0,,COMPILE_EA,COMPILE_OK,done,2026-08-25,False,
QM5_41126,AUGUST,wti-mpath-eff-mom,2026-08-23,1,0,,COMPILE_EA,COMPILE_OK,done,2026-08-25,False,
QM5_41127,AUGUST,wti-mdaily-persist-mom,2026-08-23,1,0,,COMPILE_EA,COMPILE_OK,done,2026-08-25,False,
QM5_41128,AUGUST,xauxag-mdaily-persist-rv,2026-08-23,2,0,,COMPILE_EA,COMPILE_OK,done,2026-08-25,False,
QM5_41132,AUGUST,wti-mweekday-med-mom,2026-08-23,2,0,,COMPILE_EA,COMPILE_OK,done,2026-08-25,False,
QM5_41133,AUGUST,wti-mdaily-median-mom,2026-08-23,2,0,,COMPILE_EA,COMPILE_OK,done,2026-08-26,False,
QM5_41134,AUGUST,wti-mdaily-iqrmean-mom,2026-08-23,0,0,,,,,,False,
QM5_41135,AUGUST,xauxag-mdaily-iqrmean-rv,2026-08-23,0,0,,,,,,False,
QM5_41136,AUGUST,xng-mdaily-iqrmean-mom,2026-08-24,3,0,,COMPILE_EA,COMPILE_OK,done,2026-08-26,False,
QM5_41137,AUGUST,wti-mmedian-shift-mom,2026-08-24,1,0,,COMPILE_EA,COMPILE_OK,done,2026-08-24,False,
QM5_41138,AUGUST,xauxag-mdaily-hl-rv,2026-08-24,0,0,,,,,,False,
QM5_41139,AUGUST,wti-mdaily-hl-mom,2026-08-24,0,0,,,,,,False,
QM5_41140,AUGUST,nzdjpy-carry-unwind-crisis-momentum,2026-08-24,2,1,,Q02,,pending,2026-08-28,False,
QM5_41141,AUGUST,gbpusd-quarter-end-benchmark-fix-hedge-flow,2026-08-24,0,0,,,,,,False,
QM5_41142,AUGUST,eurusd-month-end-benchmark-fix-hedge-flow,2026-08-24,3,0,,COMPILE_EA,COMPILE_OK,done,2026-09-02,False,
QM5_41143,AUGUST,gbpusd-month-end-benchmark-fix-hedge-flow,2026-08-24,0,0,,,,,,False,
QM5_41144,AUGUST,eurusd-quarter-end-benchmark-fix-hedge-flow,2026-08-24,0,0,,,,,,False,
QM5_41145,AUGUST,sp500-highvol-liquidity-reversal,2026-08-24,0,0,,,,,,False,
QM5_41146,AUGUST,uk100-highvol-liquidity-reversal,2026-08-24,0,0,,,,,,False,
QM5_41147,AUGUST,gdaxi-highvol-liquidity-reversal,2026-08-24,0,0,,,,,,False,
QM5_41148,AUGUST,ws30-highvol-liquidity-reversal,2026-08-24,0,0,,,,,,False,
QM5_41149,AUGUST,audusd-local-session-inventory-drift,2026-08-24,0,0,,,,,,False,
QM5_41150,AUGUST,gbpusd-local-session-inventory-drift,2026-08-24,0,0,,,,,,False,
QM5_41151,AUGUST,usdjpy-local-session-inventory-drift,2026-08-24,0,0,,,,,,False,
QM5_41152,AUGUST,eurusd-local-session-inventory-drift,2026-08-24,0,0,,,,,,False,
QM5_41153,AUGUST,audjpy-carry-unwind-crisis-momentum,2026-08-24,2,1,,Q02,,pending,2026-08-28,False,
QM5_41154,AUGUST,eurjpy-carry-unwind-crisis-momentum,2026-08-24,2,1,,Q02,,pending,2026-08-29,False,
QM5_41155,AUGUST,gbpjpy-carry-unwind-crisis-momentum,2026-08-24,2,1,,Q02,,pending,2026-08-29,False,
QM5_41156,AUGUST,gdaxi-scheduled-announcement-risk-day,2026-08-24,0,0,,,,,,False,
QM5_41157,AUGUST,xauxag-mtheilsen-rv,2026-08-25,0,0,,,,,,False,
QM5_41158,AUGUST,wti-repmedian-tr,2026-08-25,0,0,,,,,,False,
QM5_41159,AUGUST,wti-lad-tr,2026-08-25,0,0,,,,,,False,
QM5_41160,AUGUST,xauxag-mlad-rv,2026-08-26,0,0,,,,,,False,
QM5_41164,AUGUST,xauxag-mrepmedian-rv,2026-08-26,2,0,,COMPILE_EA,,pending,2026-08-29,False,
QM5_41165,AUGUST,wti-mrobust3-agree-tr,2026-08-26,2,0,,COMPILE_EA,,pending,2026-08-29,False,
QM5_41166,AUGUST,xauxag-mrobust3-agree-rv,2026-08-26,2,0,,COMPILE_EA,,pending,2026-08-29,False,
QM5_41167,AUGUST,wti-coxstuart-tr,2026-08-26,1,0,,COMPILE_EA,COMPILE_FAIL,failed,2026-08-26,False,
QM5_41168,AUGUST,xauxag-mcoxstuart-rv,2026-08-26,2,0,,COMPILE_EA,,pending,2026-08-29,False,
QM5_41170,AUGUST,wti-bartels-rank-tr,2026-08-26,0,0,,,,,,False,
QM5_41171,AUGUST,wti-mturnpoint-tr,2026-08-26,0,0,,,,,,False,
QM5_41172,AUGUST,wti-mpettitt-shift-tr,2026-08-26,2,0,,COMPILE_EA,,pending,2026-08-29,False,
QM5_41174,AUGUST,xauxag-mspearman-rv,2026-08-27,1,0,,COMPILE_EA,COMPILE_OK,done,2026-08-27,False,
QM5_41175,AUGUST,xtixng-mpettitt-rv,2026-08-27,1,0,,COMPILE_EA,,pending,2026-08-27,False,
QM5_41176,AUGUST,wti-mwilcoxon-shift-tr,2026-08-27,1,0,,COMPILE_EA,,pending,2026-08-27,False,
QM5_41177,AUGUST,xauxag-mwilcoxon-shift-rv,2026-08-27,1,0,,COMPILE_EA,,pending,2026-08-27,False,
QM5_41178,AUGUST,xtixng-mwilcoxon-rv,2026-08-27,0,0,,,,,,False,
QM5_41179,AUGUST,xtixng-mcoxstuart-rv,2026-08-27,1,0,,COMPILE_EA,,pending,2026-08-27,False,
QM5_41185,AUGUST,xauxag-fracd-rv,2026-08-27,2,0,,COMPILE_EA,COMPILE_OK,done,2026-08-31,False,
QM5_41190,AUGUST,xtixng-mtheilsen-rv,2026-08-28,1,0,,COMPILE_EA,,pending,2026-08-28,False,
QM5_41191,AUGUST,wti-samecal-srank,2026-08-28,3,1,,Q02,FAIL,done,2026-08-30,False,
QM5_41192,AUGUST,xtixng-mdaily-hl-rv,2026-08-29,2,1,,COMPILE_EA,,pending,2026-09-01,False,
QM5_41193,AUGUST,xtixng-fracd-rv,2026-08-29,1,0,,COMPILE_EA,,pending,2026-08-29,False,
QM5_41194,AUGUST,brent-tom-mom-opt,2026-08-29,1096,1,Q04,OPT_CENSUS,MEASURED,done,2026-09-02,False,
QM5_41195,AUGUST,aa-vol-sma10-opt,2026-08-29,1101,1,Q04,OPT_CENSUS,,pending,2026-09-03,False,
QM5_41196,AUGUST,qs-kama-trend-xau-opt,2026-08-29,1097,1,Q04,OPT_CENSUS,,pending,2026-09-03,False,
QM5_41197,AUGUST,connors-rsi2-mean-reversion-opt,2026-08-29,1090,1,Q03,OPT_CENSUS,,pending,2026-09-02,False,
QM5_41198,AUGUST,collins-66mom-opt,2026-08-29,1091,1,Q04,OPT_CENSUS,,pending,2026-09-03,False,
QM5_41199,AUGUST,wti-samecal-trim5,2026-08-29,2,1,,Q02,FAIL,done,2026-08-30,False,
QM5_41200,AUGUST,wti-h1m-short,2026-08-29,4,1,Q04,Q05,FAIL,done,2026-08-30,False,
QM5_41202,AUGUST,wti-samecal-win5,2026-08-29,2,1,,Q02,FAIL,done,2026-08-29,False,
QM5_41203,AUGUST,xauxag-samecal-srank,2026-08-29,3,1,,Q02,,pending,2026-08-29,False,
QM5_41204,AUGUST,wti-samecal-huber10,2026-08-29,2,1,,Q02,DRAFT_DEFECT,done,2026-08-29,False,
QM5_41205,AUGUST,xng-samecal-huber10,2026-08-29,2,1,,Q02,DRAFT_DEFECT,done,2026-08-29,False,
QM5_41206,AUGUST,xauxag-samecal-huber10,2026-08-29,2,1,,Q02,,pending,2026-08-29,False,
QM5_41207,AUGUST,xauxag-corrbreak-rv,2026-08-30,2,0,,COMPILE_EA,,pending,2026-08-29,False,
QM5_41208,AUGUST,xng-seas-surprise-rv,2026-08-29,2,1,,Q02,DRAFT_DEFECT,done,2026-08-30,False,
QM5_41209,AUGUST,wti-seas-resid-mom,2026-08-30,2,1,,Q02,DRAFT_DEFECT,done,2026-08-30,False,
QM5_41210,AUGUST,xauxag-samecal-tstat,2026-08-30,2,1,,Q02,,pending,2026-08-30,False,
QM5_41211,AUGUST,wti-samecal-tstat,2026-08-30,2,1,,Q02,FAIL,done,2026-08-30,False,
QM5_41212,AUGUST,wti-samecal-signscore,2026-08-30,2,1,,Q02,FAIL,done,2026-08-30,False,
QM5_41213,AUGUST,xauxag-samecal-signscore,2026-08-30,2,1,,Q02,,pending,2026-08-30,False,
QM5_41214,AUGUST,xng-samecal-signscore,2026-08-30,2,1,,Q02,DRAFT_DEFECT,done,2026-08-30,False,
QM5_41215,AUGUST,pre-fomc-drift-ndx-requal8,2026-08-30,5,1,,Q02,FAIL,done,2026-08-30,False,
QM5_41216,AUGUST,grimes-nested-pb-v2-requal8,2026-08-30,2,1,,Q02,FAIL,done,2026-08-31,False,
QM5_41217,AUGUST,tv-post-vwap-requal8,2026-08-30,2,1,,Q02,FAIL,done,2026-08-31,False,
QM5_41218,AUGUST,demark-td-reverse-sequential-h4-requal8,2026-08-30,2,1,,Q02,FAIL,done,2026-09-01,False,
QM5_41219,AUGUST,cum-rsi2-commodity-requal8,2026-08-30,13,1,Q09,Q10_NEWS,,pending,2026-09-03,False,
QM5_41220,AUGUST,grimes-context-pb-requal8,2026-08-30,9,1,Q08,Q09,FAIL,done,2026-09-02,False,
QM5_41221,AUGUST,ohlc-daily-squeeze-reversal-d1-requal8,2026-08-30,13,1,Q09,Q10_NEWS,,pending,2026-09-03,False,
QM5_41222,AUGUST,lien-k-double-bb-trend-h1-requal8,2026-08-30,4,1,Q04,Q05,,pending,2026-09-03,False,
QM5_41223,AUGUST,wti-samecal-expw4,2026-08-30,3,1,,Q02,FAIL,done,2026-08-30,False,
QM5_41224,AUGUST,wti-samecal-regimeshift,2026-08-30,1,0,,COMPILE_EA,,pending,2026-08-30,False,
QM5_41227,AUGUST,wti-samecal-blockmed,2026-08-30,2,1,,Q02,FAIL,done,2026-08-30,False,
QM5_41228,AUGUST,wti-samecal-shorth5,2026-08-30,3,1,,Q02,FAIL,done,2026-08-30,False,
QM5_41229,AUGUST,wti-samecal-trimean5,2026-08-30,3,1,,COMPILE_EA,COMPILE_OK,done,2026-08-30,False,
QM5_41230,AUGUST,wti-samecal-midhinge5,2026-08-30,2,1,,Q02,FAIL,done,2026-08-30,False,
QM5_41231,AUGUST,wti-samecal-bisquare5,2026-08-30,2,1,,Q02,FAIL,done,2026-08-30,False,
QM5_41232,AUGUST,wti-samecal-madcap5,2026-08-30,2,1,,Q02,FAIL,done,2026-08-30,False,
QM5_41233,AUGUST,wti-samecal-gast5,2026-08-30,2,1,,Q02,FAIL,done,2026-08-30,False,
QM5_41234,AUGUST,wti-samecal-hd5,2026-08-30,1,0,,COMPILE_EA,COMPILE_OK,done,2026-08-30,False,
QM5_41235,AUGUST,wti-samecal-hampel5,2026-08-30,1,0,,COMPILE_EA,COMPILE_OK,done,2026-08-30,False,
QM5_41237,AUGUST,wti-samecal-cauchy5,2026-08-31,0,0,,,,,,False,
QM5_41238,AUGUST,wti-samecal-arctan5,2026-08-31,2,1,,Q02,FAIL,done,2026-08-31,False,
QM5_41239,AUGUST,wti-samecal-softl1-5,2026-08-31,2,1,,Q02,FAIL,done,2026-08-31,False,
QM5_41240,AUGUST,wti-samecal-ramsaye5,2026-08-31,1,0,,COMPILE_EA,COMPILE_OK,done,2026-08-31,False,
QM5_41241,AUGUST,wti-ch3-dmac-confirm,2026-08-31,6,1,Q03,Q04,,pending,2026-08-31,False,
QM5_41242,AUGUST,wti-eia-negdrift-m1,2026-08-31,3,1,Q02,Q04,FAIL,done,2026-08-31,False,
QM5_41244,AUGUST,xng-tail-mtsm-s2,2026-08-31,1,0,,COMPILE_EA,COMPILE_OK,done,2026-08-31,False,
QM5_41245,AUGUST,wti-mcusum-shift-tr,2026-08-31,2,0,,COMPILE_EA,COMPILE_FAIL,failed,2026-08-31,False,
QM5_41246,AUGUST,xauxag-mturnpoint-rv,2026-08-31,2,0,,COMPILE_EA,COMPILE_OK,done,2026-08-31,False,
QM5_41247,AUGUST,xauxag-mcusum-rv,2026-08-31,1,0,,COMPILE_EA,COMPILE_OK,done,2026-08-31,False,
QM5_41248,AUGUST,xauxag-mpettitt-rv,2026-08-31,2,1,,Q02,,pending,2026-08-31,False,
QM5_41249,AUGUST,wti-mwelch-shift-tr,2026-08-31,2,1,,Q02,FAIL,done,2026-08-31,False,
QM5_41250,AUGUST,wti-mperm-scale-tr,2026-08-31,2,1,,Q02,FAIL,done,2026-08-31,False,
QM5_41251,AUGUST,wti-mbrunner-shift-tr,2026-08-31,3,1,,Q02,FAIL,done,2026-08-31,False,
QM5_41252,AUGUST,wti-css-volshift-tr,2026-08-31,1,0,,COMPILE_EA,COMPILE_FAIL,failed,2026-08-31,False,
QM5_41253,AUGUST,gbpusd-weekend-tail-fade,2026-08-31,3,1,,Q02,FAIL,done,2026-09-01,False,
QM5_41254,AUGUST,wti-chow-break-tr,2026-08-31,1,0,,COMPILE_EA,COMPILE_FAIL,failed,2026-08-31,False,
QM5_41255,AUGUST,wti-mcvm-shift-tr,2026-08-31,4,1,Q02,Q03,FAIL,done,2026-09-01,False,
QM5_41257,AUGUST,wti-mmedscore524-tr,2026-08-31,4,1,Q02,Q03,FAIL,done,2026-09-01,False,
QM5_41258,AUGUST,wti-menergy-shift-tr,2026-08-31,3,1,Q02,Q04,FAIL,done,2026-09-01,False,
QM5_9576,AUGUST,bandy-zscore-mr-index,2026-07-26,11,3,Q05,Q03,PASS,done,2026-08-31,False,
QM5_9578,AUGUST,bandy-percentb-bb-mr-index,2026-07-26,8,3,Q03,Q03,PASS,done,2026-08-03,False,
QM5_9642,AUGUST,bandy-williams-r-reversal-mr-index,2026-07-26,8,3,Q02,Q04,FAIL,done,2026-08-17,False,
QM5_9643,AUGUST,bandy-rsi2-atr-regime-filter-mr-index,2026-07-26,3,3,,Q02,FAIL,done,2026-08-09,False,
QM5_9645,AUGUST,bandy-stochastic-extreme-mr-index,2026-07-26,3,3,,Q02,FAIL,done,2026-08-02,False,
QM5_9912,AUGUST,bandy-zscore-returns-5d-mr-index,2026-05-19,12,3,Q06,Q07,FAIL,done,2026-08-04,False,
QM5_9923,AUGUST,bandy-hma-crossover-trend,2026-05-19,3,0,,COMPILE_EA,COMPILE_FAIL,failed,2026-08-26,False,
QM5_9924,AUGUST,bandy-dema-crossover-trend,2026-05-19,3,0,,COMPILE_EA,COMPILE_FAIL,failed,2026-08-26,False,
QM5_9932,AUGUST,bandy-roc-zscore-normalised-mr-index,2026-05-24,3,0,,COMPILE_EA,COMPILE_OK,done,2026-08-26,False,
QM5_9973,AUGUST,bandy-ibs-extreme-mr-index,2026-05-19,11,3,Q04,Q04,FAIL,done,2026-09-02,False,
