ea_id,slug,registry_created_at,registry_owner,evidence_class,action,magic_rows,reason
QM5_10011,rw-fx-weekly-seas,2026-05-19,Research,CARD_REJECTED,RETIRE,0,"RETIRE: card carries a terminal g0_status REJECTED with an explicit g0_rejection_reason; the registry slug still matches that card (the id was never re-purposed); no EA directory, no work_items, no magic rows."
QM5_10032,rw-bond-window,2026-05-19,Research,CARD_REJECTED,RETIRE,0,"RETIRE: card carries a terminal g0_status REJECTED with an explicit g0_rejection_reason; the registry slug still matches that card (the id was never re-purposed); no EA directory, no work_items, no magic rows."
QM5_10033,rw-spy-tlt-pair,2026-05-19,Research,CARD_REJECTED,RETIRE,0,"RETIRE: card carries a terminal g0_status REJECTED with an explicit g0_rejection_reason; the registry slug still matches that card (the id was never re-purposed); no EA directory, no work_items, no magic rows."
QM5_10036,rw-vol-risk,2026-05-19,Research,CARD_REJECTED,RETIRE,0,"RETIRE: card carries a terminal g0_status REJECTED with an explicit g0_rejection_reason; the registry slug still matches that card (the id was never re-purposed); no EA directory, no work_items, no magic rows."
QM5_10051,gh-ma-cross,2026-05-19,Research,CARD_REJECTED,RETIRE,0,"RETIRE: card carries a terminal g0_status REJECTED with an explicit g0_rejection_reason; the registry slug still matches that card (the id was never re-purposed); no EA directory, no work_items, no magic rows."
QM5_10052,gh-time-range,2026-05-19,Research,CARD_REJECTED,RETIRE,0,"RETIRE: card carries a terminal g0_status REJECTED with an explicit g0_rejection_reason; the registry slug still matches that card (the id was never re-purposed); no EA directory, no work_items, no magic rows."
QM5_10053,gh-box-brk,2026-05-19,Research,CARD_REJECTED,RETIRE,0,"RETIRE: card carries a terminal g0_status REJECTED with an explicit g0_rejection_reason; the registry slug still matches that card (the id was never re-purposed); no EA directory, no work_items, no magic rows."
QM5_10054,gh-ict-imb,2026-05-19,Research,CARD_REJECTED,RETIRE,0,"RETIRE: card carries a terminal g0_status REJECTED with an explicit g0_rejection_reason; the registry slug still matches that card (the id was never re-purposed); no EA directory, no work_items, no magic rows."
QM5_10055,gh-allegro,2026-05-19,Research,CARD_REJECTED,RETIRE,0,"RETIRE: card carries a terminal g0_status REJECTED with an explicit g0_rejection_reason; the registry slug still matches that card (the id was never re-purposed); no EA directory, no work_items, no magic rows."
QM5_10056,gh-dillon-macd,2026-05-19,Research,CARD_REJECTED,RETIRE,0,"RETIRE: card carries a terminal g0_status REJECTED with an explicit g0_rejection_reason; the registry slug still matches that card (the id was never re-purposed); no EA directory, no work_items, no magic rows."
QM5_10057,gh-cci-arrows,2026-05-19,Research,CARD_REJECTED,RETIRE,0,"RETIRE: card carries a terminal g0_status REJECTED with an explicit g0_rejection_reason; the registry slug still matches that card (the id was never re-purposed); no EA directory, no work_items, no magic rows."
QM5_10058,gh-ima-stoch,2026-05-19,Research,CARD_REJECTED,RETIRE,0,"RETIRE: card carries a terminal g0_status REJECTED with an explicit g0_rejection_reason; the registry slug still matches that card (the id was never re-purposed); no EA directory, no work_items, no magic rows."
QM5_10059,gh-puria,2026-05-19,Research,CARD_REJECTED,RETIRE,0,"RETIRE: card carries a terminal g0_status REJECTED with an explicit g0_rejection_reason; the registry slug still matches that card (the id was never re-purposed); no EA directory, no work_items, no magic rows."
QM5_10060,gh-ichi-chikou,2026-05-19,Research,CARD_REJECTED,RETIRE,0,"RETIRE: card carries a terminal g0_status REJECTED with an explicit g0_rejection_reason; the registry slug still matches that card (the id was never re-purposed); no EA directory, no work_items, no magic rows."
QM5_10064,mql5-astar-path,2026-05-19,Research,CARD_REJECTED,RETIRE,0,"RETIRE: card carries a terminal g0_status REJECTED with an explicit g0_rejection_reason; the registry slug still matches that card (the id was never re-purposed); no EA directory, no work_items, no magic rows."
QM5_10065,mql5-tod-rotate,2026-05-19,Research,CARD_REJECTED,RETIRE,0,"RETIRE: card carries a terminal g0_status REJECTED with an explicit g0_rejection_reason; the registry slug still matches that card (the id was never re-purposed); no EA directory, no work_items, no magic rows."
QM5_10066,mql5-dfs-path,2026-05-19,Research,CARD_REJECTED,RETIRE,0,"RETIRE: card carries a terminal g0_status REJECTED with an explicit g0_rejection_reason; the registry slug still matches that card (the id was never re-purposed); no EA directory, no work_items, no magic rows."
QM5_10067,mql5-channel-bo,2026-05-19,Research,CARD_REJECTED,RETIRE,0,"RETIRE: card carries a terminal g0_status REJECTED with an explicit g0_rejection_reason; the registry slug still matches that card (the id was never re-purposed); no EA directory, no work_items, no magic rows."
QM5_10068,mql5-liq-mtf,2026-05-19,Research,CARD_REJECTED,RETIRE,0,"RETIRE: card carries a terminal g0_status REJECTED with an explicit g0_rejection_reason; the registry slug still matches that card (the id was never re-purposed); no EA directory, no work_items, no magic rows."
QM5_10072,mql5-prevbar-stop,2026-05-19,Research,CARD_REJECTED,RETIRE,0,"RETIRE: card carries a terminal g0_status REJECTED with an explicit g0_rejection_reason; the registry slug still matches that card (the id was never re-purposed); no EA directory, no work_items, no magic rows."
QM5_10073,mql5-ob-ema,2026-05-19,Research,CARD_REJECTED,RETIRE,0,"RETIRE: card carries a terminal g0_status REJECTED with an explicit g0_rejection_reason; the registry slug still matches that card (the id was never re-purposed); no EA directory, no work_items, no magic rows."
QM5_10084,mql5-bcw-rsi,2026-05-19,Research,CARD_REJECTED,RETIRE,0,"RETIRE: card carries a terminal g0_status REJECTED with an explicit g0_rejection_reason; the registry slug still matches that card (the id was never re-purposed); no EA directory, no work_items, no magic rows."
QM5_10085,mql5-harami-rsi,2026-05-19,Research,CARD_REJECTED,RETIRE,0,"RETIRE: card carries a terminal g0_status REJECTED with an explicit g0_rejection_reason; the registry slug still matches that card (the id was never re-purposed); no EA directory, no work_items, no magic rows."
QM5_10086,mql5-meet-rsi,2026-05-19,Research,CARD_REJECTED,RETIRE,0,"RETIRE: card carries a terminal g0_status REJECTED with an explicit g0_rejection_reason; the registry slug still matches that card (the id was never re-purposed); no EA directory, no work_items, no magic rows."
QM5_10101,mql5-bfs-bias,2026-05-19,Research,CARD_REJECTED,RETIRE,0,"RETIRE: card carries a terminal g0_status REJECTED with an explicit g0_rejection_reason; the registry slug still matches that card (the id was never re-purposed); no EA directory, no work_items, no magic rows."
QM5_10102,gh-news-trader,2026-05-19,Research,CARD_REJECTED,RETIRE,0,"RETIRE: card carries a terminal g0_status REJECTED with an explicit g0_rejection_reason; the registry slug still matches that card (the id was never re-purposed); no EA directory, no work_items, no magic rows."
QM5_10103,gh-amazing-news,2026-05-19,Research,CARD_REJECTED,RETIRE,0,"RETIRE: card carries a terminal g0_status REJECTED with an explicit g0_rejection_reason; the registry slug still matches that card (the id was never re-purposed); no EA directory, no work_items, no magic rows."
QM5_10104,gh-jimtin-rsi,2026-05-19,Research,CARD_REJECTED,RETIRE,0,"RETIRE: card carries a terminal g0_status REJECTED with an explicit g0_rejection_reason; the registry slug still matches that card (the id was never re-purposed); no EA directory, no work_items, no magic rows."
QM5_10105,gh-golden-atr,2026-05-19,Research,CARD_REJECTED,RETIRE,0,"RETIRE: card carries a terminal g0_status REJECTED with an explicit g0_rejection_reason; the registry slug still matches that card (the id was never re-purposed); no EA directory, no work_items, no magic rows."
QM5_10106,gh-mw-trend,2026-05-19,Research,CARD_REJECTED,RETIRE,0,"RETIRE: card carries a terminal g0_status REJECTED with an explicit g0_rejection_reason; the registry slug still matches that card (the id was never re-purposed); no EA directory, no work_items, no magic rows."
QM5_10119,mad-ratio,2026-05-19,Research,CARD_REJECTED,RETIRE,0,"RETIRE: card carries a terminal g0_status REJECTED with an explicit g0_rejection_reason; the registry slug still matches that card (the id was never re-purposed); no EA directory, no work_items, no magic rows."
QM5_10120,psar-sma-trail,2026-05-19,Research,CARD_REJECTED,RETIRE,0,"RETIRE: card carries a terminal g0_status REJECTED with an explicit g0_rejection_reason; the registry slug still matches that card (the id was never re-purposed); no EA directory, no work_items, no magic rows."
QM5_10121,don100-trail,2026-05-19,Research,CARD_REJECTED,RETIRE,0,"RETIRE: card carries a terminal g0_status REJECTED with an explicit g0_rejection_reason; the registry slug still matches that card (the id was never re-purposed); no EA directory, no work_items, no magic rows."
QM5_10124,donchian-100,2026-05-19,Research,CARD_REJECTED,RETIRE,0,"RETIRE: card carries a terminal g0_status REJECTED with an explicit g0_rejection_reason; the registry slug still matches that card (the id was never re-purposed); no EA directory, no work_items, no magic rows."
QM5_10136,tv-concordance-allocation,2026-05-19,Research,CARD_REJECTED,RETIRE,0,"RETIRE: card carries a terminal g0_status REJECTED with an explicit g0_rejection_reason; the registry slug still matches that card (the id was never re-purposed); no EA directory, no work_items, no magic rows."
QM5_10137,tv-aureate-architecture,2026-05-19,Research,CARD_REJECTED,RETIRE,0,"RETIRE: card carries a terminal g0_status REJECTED with an explicit g0_rejection_reason; the registry slug still matches that card (the id was never re-purposed); no EA directory, no work_items, no magic rows."
QM5_10138,tv-ema-stack-single,2026-05-19,Research,CARD_REJECTED,RETIRE,0,"RETIRE: card carries a terminal g0_status REJECTED with an explicit g0_rejection_reason; the registry slug still matches that card (the id was never re-purposed); no EA directory, no work_items, no magic rows."
QM5_10139,tv-gap-or-break,2026-05-19,Research,CARD_REJECTED,RETIRE,0,"RETIRE: card carries a terminal g0_status REJECTED with an explicit g0_rejection_reason; the registry slug still matches that card (the id was never re-purposed); no EA directory, no work_items, no magic rows."
QM5_10149,tii-sig-mom,2026-05-19,Research,CARD_REJECTED,RETIRE,0,"RETIRE: card carries a terminal g0_status REJECTED with an explicit g0_rejection_reason; the registry slug still matches that card (the id was never re-purposed); no EA directory, no work_items, no magic rows."
QM5_10152,tv-nq-supertrend-macd,2026-05-19,Research,CARD_REJECTED,RETIRE,0,"RETIRE: card carries a terminal g0_status REJECTED with an explicit g0_rejection_reason; the registry slug still matches that card (the id was never re-purposed); no EA directory, no work_items, no magic rows."
QM5_10153,tv-mnq-orb15-confirm,2026-05-19,Research,CARD_REJECTED,RETIRE,0,"RETIRE: card carries a terminal g0_status REJECTED with an explicit g0_rejection_reason; the registry slug still matches that card (the id was never re-purposed); no EA directory, no work_items, no magic rows."
QM5_10154,tv-rsi-exhaust-trail,2026-05-19,Research,CARD_REJECTED,RETIRE,0,"RETIRE: card carries a terminal g0_status REJECTED with an explicit g0_rejection_reason; the registry slug still matches that card (the id was never re-purposed); no EA directory, no work_items, no magic rows."
QM5_10155,tv-smc-orb-choch,2026-05-19,Research,CARD_REJECTED,RETIRE,0,"RETIRE: card carries a terminal g0_status REJECTED with an explicit g0_rejection_reason; the registry slug still matches that card (the id was never re-purposed); no EA directory, no work_items, no magic rows."
QM5_10156,tv-candle-close-pattern,2026-05-19,Research,CARD_REJECTED,RETIRE,0,"RETIRE: card carries a terminal g0_status REJECTED with an explicit g0_rejection_reason; the registry slug still matches that card (the id was never re-purposed); no EA directory, no work_items, no magic rows."
QM5_10157,tv-nyrange-close-break,2026-05-19,Research,CARD_REJECTED,RETIRE,0,"RETIRE: card carries a terminal g0_status REJECTED with an explicit g0_rejection_reason; the registry slug still matches that card (the id was never re-purposed); no EA directory, no work_items, no magic rows."
QM5_10159,tv-vwap-sma-cross,2026-05-19,Research,CARD_REJECTED,RETIRE,0,"RETIRE: card carries a terminal g0_status REJECTED with an explicit g0_rejection_reason; the registry slug still matches that card (the id was never re-purposed); no EA directory, no work_items, no magic rows."
QM5_10160,tv-es-ema13-vwap-vol,2026-05-19,Research,CARD_REJECTED,RETIRE,0,"RETIRE: card carries a terminal g0_status REJECTED with an explicit g0_rejection_reason; the registry slug still matches that card (the id was never re-purposed); no EA directory, no work_items, no magic rows."
QM5_10164,tv-hilo-atr-break,2026-05-19,Research,CARD_REJECTED,RETIRE,0,"RETIRE: card carries a terminal g0_status REJECTED with an explicit g0_rejection_reason; the registry slug still matches that card (the id was never re-purposed); no EA directory, no work_items, no magic rows."
QM5_10173,tv-range-atr-break,2026-05-19,Research,CARD_REJECTED,RETIRE,0,"RETIRE: card carries a terminal g0_status REJECTED with an explicit g0_rejection_reason; the registry slug still matches that card (the id was never re-purposed); no EA directory, no work_items, no magic rows."
QM5_1018,williams-pro-go,2026-05-09,Development,NO_CARD_ANYWHERE,RETIRE,0,"RETIRE: id was reserved before the current card process (316 of 321 date from 2026-05, 260 owned by the retired ""DeepSeek"" provenance) and no card exists in any pool; nothing is lost by retiring it because no strategy was ever written."
QM5_1019,williams-pinch-paunch,2026-05-09,Development,NO_CARD_ANYWHERE,RETIRE,0,"RETIRE: id was reserved before the current card process (316 of 321 date from 2026-05, 260 owned by the retired ""DeepSeek"" provenance) and no card exists in any pool; nothing is lost by retiring it because no strategy was ever written."
QM5_10190,tv-vsa-absorb,2026-05-19,Research,CARD_REJECTED,RETIRE,0,"RETIRE: card carries a terminal g0_status REJECTED with an explicit g0_rejection_reason; the registry slug still matches that card (the id was never re-purposed); no EA directory, no work_items, no magic rows."
QM5_1020,williams-vol-bo,2026-05-13,Development,NO_CARD_ANYWHERE,RETIRE,0,"RETIRE: id was reserved before the current card process (316 of 321 date from 2026-05, 260 owned by the retired ""DeepSeek"" provenance) and no card exists in any pool; nothing is lost by retiring it because no strategy was ever written."
QM5_1021,lien-dbb-pick-tops,2026-05-13,Development,NO_CARD_ANYWHERE,RETIRE,0,"RETIRE: id was reserved before the current card process (316 of 321 date from 2026-05, 260 owned by the retired ""DeepSeek"" provenance) and no card exists in any pool; nothing is lost by retiring it because no strategy was ever written."
QM5_1022,lien-dbb-trend-join,2026-05-13,Development,NO_CARD_ANYWHERE,RETIRE,0,"RETIRE: id was reserved before the current card process (316 of 321 date from 2026-05, 260 owned by the retired ""DeepSeek"" provenance) and no card exists in any pool; nothing is lost by retiring it because no strategy was ever written."
QM5_10235,tv-candle-brk,2026-05-19,Research,CARD_REJECTED,RETIRE,0,"RETIRE: card carries a terminal g0_status REJECTED with an explicit g0_rejection_reason; the registry slug still matches that card (the id was never re-purposed); no EA directory, no work_items, no magic rows."
QM5_10236,tv-macd-ema18,2026-05-19,Research,CARD_REJECTED,RETIRE,0,"RETIRE: card carries a terminal g0_status REJECTED with an explicit g0_rejection_reason; the registry slug still matches that card (the id was never re-purposed); no EA directory, no work_items, no magic rows."
QM5_10237,tv-ma-wt-shift,2026-05-19,Research,CARD_REJECTED,RETIRE,0,"RETIRE: card carries a terminal g0_status REJECTED with an explicit g0_rejection_reason; the registry slug still matches that card (the id was never re-purposed); no EA directory, no work_items, no magic rows."
QM5_10238,tv-rsi-stoch-hh,2026-05-19,Research,CARD_REJECTED,RETIRE,0,"RETIRE: card carries a terminal g0_status REJECTED with an explicit g0_rejection_reason; the registry slug still matches that card (the id was never re-purposed); no EA directory, no work_items, no magic rows."
QM5_10239,tv-smi-macd,2026-05-19,Research,CARD_REJECTED,RETIRE,0,"RETIRE: card carries a terminal g0_status REJECTED with an explicit g0_rejection_reason; the registry slug still matches that card (the id was never re-purposed); no EA directory, no work_items, no magic rows."
QM5_1024,chan-at-kf-pair,2026-05-13,Development,NO_CARD_ANYWHERE,RETIRE,0,"RETIRE: id was reserved before the current card process (316 of 321 date from 2026-05, 260 owned by the retired ""DeepSeek"" provenance) and no card exists in any pool; nothing is lost by retiring it because no strategy was ever written."
QM5_10243,tv-bb-kc-vol,2026-05-19,Research,CARD_REJECTED,RETIRE,0,"RETIRE: card carries a terminal g0_status REJECTED with an explicit g0_rejection_reason; the registry slug still matches that card (the id was never re-purposed); no EA directory, no work_items, no magic rows."
QM5_10244,tv-vwap-band-x,2026-05-19,Research,CARD_REJECTED,RETIRE,0,"RETIRE: card carries a terminal g0_status REJECTED with an explicit g0_rejection_reason; the registry slug still matches that card (the id was never re-purposed); no EA directory, no work_items, no magic rows."
QM5_10245,tv-ema34-be,2026-05-19,Research,CARD_REJECTED,RETIRE,0,"RETIRE: card carries a terminal g0_status REJECTED with an explicit g0_rejection_reason; the registry slug still matches that card (the id was never re-purposed); no EA directory, no work_items, no magic rows."
QM5_10246,tv-wilder-atr-stop,2026-05-19,Research,CARD_REJECTED,RETIRE,0,"RETIRE: card carries a terminal g0_status REJECTED with an explicit g0_rejection_reason; the registry slug still matches that card (the id was never re-purposed); no EA directory, no work_items, no magic rows."
QM5_10247,tv-ma-ds-zones,2026-05-19,Research,CARD_REJECTED,RETIRE,0,"RETIRE: card carries a terminal g0_status REJECTED with an explicit g0_rejection_reason; the registry slug still matches that card (the id was never re-purposed); no EA directory, no work_items, no magic rows."
QM5_1025,chan-at-buy-on-gap-src05,2026-05-13,Development,NO_CARD_ANYWHERE,RETIRE,0,"RETIRE: id was reserved before the current card process (316 of 321 date from 2026-05, 260 owned by the retired ""DeepSeek"" provenance) and no card exists in any pool; nothing is lost by retiring it because no strategy was ever written."
QM5_10256,tv-ema20-50-tp,2026-05-19,Research,CARD_REJECTED,RETIRE,0,"RETIRE: card carries a terminal g0_status REJECTED with an explicit g0_rejection_reason; the registry slug still matches that card (the id was never re-purposed); no EA directory, no work_items, no magic rows."
QM5_1026,chan-at-fx-coint-pair,2026-05-13,Development,NO_CARD_ANYWHERE,RETIRE,0,"RETIRE: id was reserved before the current card process (316 of 321 date from 2026-05, 260 owned by the retired ""DeepSeek"" provenance) and no card exists in any pool; nothing is lost by retiring it because no strategy was ever written."
QM5_10261,tv-adx-plusdi,2026-05-21,Research,CARD_REJECTED,RETIRE,0,"RETIRE: card carries a terminal g0_status REJECTED with an explicit g0_rejection_reason; the registry slug still matches that card (the id was never re-purposed); no EA directory, no work_items, no magic rows."
QM5_10262,tv-atr-hh-trail,2026-05-21,Research,CARD_REJECTED,RETIRE,0,"RETIRE: card carries a terminal g0_status REJECTED with an explicit g0_rejection_reason; the registry slug still matches that card (the id was never re-purposed); no EA directory, no work_items, no magic rows."
QM5_10263,tv-rsi-tpsl,2026-05-21,Research,CARD_REJECTED,RETIRE,0,"RETIRE: card carries a terminal g0_status REJECTED with an explicit g0_rejection_reason; the registry slug still matches that card (the id was never re-purposed); no EA directory, no work_items, no magic rows."
QM5_10264,tv-orb-multisess,2026-05-21,Research,CARD_REJECTED,RETIRE,0,"RETIRE: card carries a terminal g0_status REJECTED with an explicit g0_rejection_reason; the registry slug still matches that card (the id was never re-purposed); no EA directory, no work_items, no magic rows."
QM5_1027,chan-at-cal-spread,2026-05-13,Development,NO_CARD_ANYWHERE,RETIRE,0,"RETIRE: id was reserved before the current card process (316 of 321 date from 2026-05, 260 owned by the retired ""DeepSeek"" provenance) and no card exists in any pool; nothing is lost by retiring it because no strategy was ever written."
QM5_10274,ltz-boll-mr,2026-05-21,Research,CARD_REJECTED,RETIRE,0,"RETIRE: card carries a terminal g0_status REJECTED with an explicit g0_rejection_reason; the registry slug still matches that card (the id was never re-purposed); no EA directory, no work_items, no magic rows."
QM5_10275,vemuri-rwb,2026-05-21,Research,CARD_REJECTED,RETIRE,0,"RETIRE: card carries a terminal g0_status REJECTED with an explicit g0_rejection_reason; the registry slug still matches that card (the id was never re-purposed); no EA directory, no work_items, no magic rows."
QM5_1028,chan-at-ts-mom-fut,2026-05-13,Development,NO_CARD_ANYWHERE,RETIRE,0,"RETIRE: id was reserved before the current card process (316 of 321 date from 2026-05, 260 owned by the retired ""DeepSeek"" provenance) and no card exists in any pool; nothing is lost by retiring it because no strategy was ever written."
QM5_10283,jstm-rsi-hs,2026-05-21,Research,CARD_REJECTED,RETIRE,0,"RETIRE: card carries a terminal g0_status REJECTED with an explicit g0_rejection_reason; the registry slug still matches that card (the id was never re-purposed); no EA directory, no work_items, no magic rows."
QM5_10284,kernc-mtf-rsi,2026-05-21,Research,CARD_REJECTED,RETIRE,0,"RETIRE: card carries a terminal g0_status REJECTED with an explicit g0_rejection_reason; the registry slug still matches that card (the id was never re-purposed); no EA directory, no work_items, no magic rows."
QM5_10285,kernc-sma-x,2026-05-21,Research,CARD_REJECTED,RETIRE,0,"RETIRE: card carries a terminal g0_status REJECTED with an explicit g0_rejection_reason; the registry slug still matches that card (the id was never re-purposed); no EA directory, no work_items, no magic rows."
QM5_1029,chan-at-fstx-gap-mom-src05,2026-05-13,Development,NO_CARD_ANYWHERE,RETIRE,0,"RETIRE: id was reserved before the current card process (316 of 321 date from 2026-05, 260 owned by the retired ""DeepSeek"" provenance) and no card exists in any pool; nothing is lost by retiring it because no strategy was ever written."
QM5_1030,singh-rapid-fire,2026-05-13,Development,NO_CARD_ANYWHERE,RETIRE,0,"RETIRE: id was reserved before the current card process (316 of 321 date from 2026-05, 260 owned by the retired ""DeepSeek"" provenance) and no card exists in any pool; nothing is lost by retiring it because no strategy was ever written."
QM5_10306,narang-carry,2026-05-21,Research,CARD_REJECTED,RETIRE,0,"RETIRE: card carries a terminal g0_status REJECTED with an explicit g0_rejection_reason; the registry slug still matches that card (the id was never re-purposed); no EA directory, no work_items, no magic rows."
QM5_1031,singh-piranha,2026-05-13,Development,NO_CARD_ANYWHERE,RETIRE,0,"RETIRE: id was reserved before the current card process (316 of 321 date from 2026-05, 260 owned by the retired ""DeepSeek"" provenance) and no card exists in any pool; nothing is lost by retiring it because no strategy was ever written."
QM5_10312,obi-thin-taker,2026-05-21,Research,CARD_REJECTED,RETIRE,0,"RETIRE: card carries a terminal g0_status REJECTED with an explicit g0_rejection_reason; the registry slug still matches that card (the id was never re-purposed); no EA directory, no work_items, no magic rows."
QM5_10313,market-intraday-momentum,2026-05-21,Research,CARD_REJECTED,RETIRE,0,"RETIRE: card carries a terminal g0_status REJECTED with an explicit g0_rejection_reason; the registry slug still matches that card (the id was never re-purposed); no EA directory, no work_items, no magic rows."
QM5_10315,fx-local-session-drift,2026-05-21,Research,CARD_REJECTED,RETIRE,0,"RETIRE: card carries a terminal g0_status REJECTED with an explicit g0_rejection_reason; the registry slug still matches that card (the id was never re-purposed); no EA directory, no work_items, no magic rows."
QM5_10317,interday-last-halfhour-momentum,2026-05-21,Research,CARD_REJECTED,RETIRE,0,"RETIRE: card carries a terminal g0_status REJECTED with an explicit g0_rejection_reason; the registry slug still matches that card (the id was never re-purposed); no EA directory, no work_items, no magic rows."
QM5_1032,singh-fade-break,2026-05-13,Development,NO_CARD_ANYWHERE,RETIRE,0,"RETIRE: id was reserved before the current card process (316 of 321 date from 2026-05, 260 owned by the retired ""DeepSeek"" provenance) and no card exists in any pool; nothing is lost by retiring it because no strategy was ever written."
QM5_1033,singh-trade-break,2026-05-13,Development,NO_CARD_ANYWHERE,RETIRE,0,"RETIRE: id was reserved before the current card process (316 of 321 date from 2026-05, 260 owned by the retired ""DeepSeek"" provenance) and no card exists in any pool; nothing is lost by retiring it because no strategy was ever written."
QM5_1034,singh-trend-rider,2026-05-13,Development,NO_CARD_ANYWHERE,RETIRE,0,"RETIRE: id was reserved before the current card process (316 of 321 date from 2026-05, 260 owned by the retired ""DeepSeek"" provenance) and no card exists in any pool; nothing is lost by retiring it because no strategy was ever written."
QM5_10341,fx-gap-trend-rev,2026-05-21,Research,CARD_REJECTED,RETIRE,0,"RETIRE: card carries a terminal g0_status REJECTED with an explicit g0_rejection_reason; the registry slug still matches that card (the id was never re-purposed); no EA directory, no work_items, no magic rows."
QM5_10342,tr8dr-hawkes-bsi,2026-05-21,Research,CARD_REJECTED,RETIRE,0,"RETIRE: card carries a terminal g0_status REJECTED with an explicit g0_rejection_reason; the registry slug still matches that card (the id was never re-purposed); no EA directory, no work_items, no magic rows."
QM5_1035,singh-trend-bouncer,2026-05-13,Development,NO_CARD_ANYWHERE,RETIRE,0,"RETIRE: id was reserved before the current card process (316 of 321 date from 2026-05, 260 owned by the retired ""DeepSeek"" provenance) and no card exists in any pool; nothing is lost by retiring it because no strategy was ever written."
QM5_1036,singh-fifth-element,2026-05-13,Development,NO_CARD_ANYWHERE,RETIRE,0,"RETIRE: id was reserved before the current card process (316 of 321 date from 2026-05, 260 owned by the retired ""DeepSeek"" provenance) and no card exists in any pool; nothing is lost by retiring it because no strategy was ever written."
QM5_1037,singh-power-ranger,2026-05-13,Development,NO_CARD_ANYWHERE,RETIRE,0,"RETIRE: id was reserved before the current card process (316 of 321 date from 2026-05, 260 owned by the retired ""DeepSeek"" provenance) and no card exists in any pool; nothing is lost by retiring it because no strategy was ever written."
QM5_1038,singh-pendulum,2026-05-13,Development,NO_CARD_ANYWHERE,RETIRE,0,"RETIRE: id was reserved before the current card process (316 of 321 date from 2026-05, 260 owned by the retired ""DeepSeek"" provenance) and no card exists in any pool; nothing is lost by retiring it because no strategy was ever written."
QM5_1039,singh-swap-fly,2026-05-13,Development,NO_CARD_ANYWHERE,RETIRE,0,"RETIRE: id was reserved before the current card process (316 of 321 date from 2026-05, 260 owned by the retired ""DeepSeek"" provenance) and no card exists in any pool; nothing is lost by retiring it because no strategy was ever written."
QM5_10400,et-sp-vixdiv,2026-05-21,Research,CARD_REJECTED,RETIRE,0,"RETIRE: card carries a terminal g0_status REJECTED with an explicit g0_rejection_reason; the registry slug still matches that card (the id was never re-purposed); no EA directory, no work_items, no magic rows."
QM5_1041,singh-guppy-burst,2026-05-13,Development,NO_CARD_ANYWHERE,RETIRE,0,"RETIRE: id was reserved before the current card process (316 of 321 date from 2026-05, 260 owned by the retired ""DeepSeek"" provenance) and no card exists in any pool; nothing is lost by retiring it because no strategy was ever written."
QM5_1042,singh-eng-bk-tea,2026-05-13,Development,NO_CARD_ANYWHERE,RETIRE,0,"RETIRE: id was reserved before the current card process (316 of 321 date from 2026-05, 260 owned by the retired ""DeepSeek"" provenance) and no card exists in any pool; nothing is lost by retiring it because no strategy was ever written."
QM5_1043,singh-gd-morn-asia,2026-05-13,Development,NO_CARD_ANYWHERE,RETIRE,0,"RETIRE: id was reserved before the current card process (316 of 321 date from 2026-05, 260 owned by the retired ""DeepSeek"" provenance) and no card exists in any pool; nothing is lost by retiring it because no strategy was ever written."
QM5_10446,mql5-macd-sr,2026-05-21,Research,CARD_REJECTED,RETIRE,0,"RETIRE: card carries a terminal g0_status REJECTED with an explicit g0_rejection_reason; the registry slug still matches that card (the id was never re-purposed); no EA directory, no work_items, no magic rows."
QM5_10448,mql5-price-nbar,2026-05-21,Research,CARD_REJECTED,RETIRE,0,"RETIRE: card carries a terminal g0_status REJECTED with an explicit g0_rejection_reason; the registry slug still matches that card (the id was never re-purposed); no EA directory, no work_items, no magic rows."
QM5_10449,mql5-3inside,2026-05-21,Research,CARD_REJECTED,RETIRE,0,"RETIRE: card carries a terminal g0_status REJECTED with an explicit g0_rejection_reason; the registry slug still matches that card (the id was never re-purposed); no EA directory, no work_items, no magic rows."
QM5_10450,mql5-pinbar,2026-05-21,Research,CARD_REJECTED,RETIRE,0,"RETIRE: card carries a terminal g0_status REJECTED with an explicit g0_rejection_reason; the registry slug still matches that card (the id was never re-purposed); no EA directory, no work_items, no magic rows."
QM5_10453,mql5-icho-cci,2026-05-21,Research,CARD_REJECTED,RETIRE,0,"RETIRE: card carries a terminal g0_status REJECTED with an explicit g0_rejection_reason; the registry slug still matches that card (the id was never re-purposed); no EA directory, no work_items, no magic rows."
QM5_10455,mql5-qtrend,2026-05-21,Research,CARD_REJECTED,RETIRE,0,"RETIRE: card carries a terminal g0_status REJECTED with an explicit g0_rejection_reason; the registry slug still matches that card (the id was never re-purposed); no EA directory, no work_items, no magic rows."
QM5_10456,mql5-donchian,2026-05-21,Research,CARD_REJECTED,RETIRE,0,"RETIRE: card carries a terminal g0_status REJECTED with an explicit g0_rejection_reason; the registry slug still matches that card (the id was never re-purposed); no EA directory, no work_items, no magic rows."
QM5_10533,mql5-rsi-stoma,2026-05-22,Research,NO_CARD_ANYWHERE,RETIRE,0,"RETIRE: id was reserved before the current card process (316 of 321 date from 2026-05, 260 owned by the retired ""DeepSeek"" provenance) and no card exists in any pool; nothing is lost by retiring it because no strategy was ever written."
QM5_10534,mql5-vlt-compr,2026-05-22,Research,NO_CARD_ANYWHERE,RETIRE,0,"RETIRE: id was reserved before the current card process (316 of 321 date from 2026-05, 260 owned by the retired ""DeepSeek"" provenance) and no card exists in any pool; nothing is lost by retiring it because no strategy was ever written."
QM5_10535,mql5-evenstar,2026-05-22,Research,NO_CARD_ANYWHERE,RETIRE,0,"RETIRE: id was reserved before the current card process (316 of 321 date from 2026-05, 260 owned by the retired ""DeepSeek"" provenance) and no card exists in any pool; nothing is lost by retiring it because no strategy was ever written."
QM5_10536,mql5-engulf,2026-05-22,Research,NO_CARD_ANYWHERE,RETIRE,0,"RETIRE: id was reserved before the current card process (316 of 321 date from 2026-05, 260 owned by the retired ""DeepSeek"" provenance) and no card exists in any pool; nothing is lost by retiring it because no strategy was ever written."
QM5_10665,tv-smc-basic,2026-05-22,Research,CARD_REJECTED,RETIRE,0,"RETIRE: card carries a terminal g0_status REJECTED with an explicit g0_rejection_reason; the registry slug still matches that card (the id was never re-purposed); no EA directory, no work_items, no magic rows."
QM5_10667,tv-8020-zones,2026-05-22,Research,CARD_REJECTED,RETIRE,0,"RETIRE: card carries a terminal g0_status REJECTED with an explicit g0_rejection_reason; the registry slug still matches that card (the id was never re-purposed); no EA directory, no work_items, no magic rows."
QM5_10695,edge-lab-t1-fx-mom,2026-05-22,Gemini,NO_CARD_ANYWHERE,RETIRE,0,"RETIRE: id was reserved before the current card process (316 of 321 date from 2026-05, 260 owned by the retired ""DeepSeek"" provenance) and no card exists in any pool; nothing is lost by retiring it because no strategy was ever written."
QM5_10696,edge-lab-t2-filt-carry,2026-05-22,Gemini,NO_CARD_ANYWHERE,RETIRE,0,"RETIRE: id was reserved before the current card process (316 of 321 date from 2026-05, 260 owned by the retired ""DeepSeek"" provenance) and no card exists in any pool; nothing is lost by retiring it because no strategy was ever written."
QM5_10764,idx-totm,2026-05-22,Research,CARD_review,ADJUDICATE,0,ADJUDICATE: a card sits in cards_review and was never given a G0 decision. Needs approve or reject with a reason - not a registry edit.
QM5_10765,gold-monthly-seasonal,2026-05-22,Research,CARD_review,ADJUDICATE,0,ADJUDICATE: a card sits in cards_review and was never given a G0 decision. Needs approve or reject with a reason - not a registry edit.
QM5_10766,pre-nfp-drift,2026-05-22,Research,CARD_review,ADJUDICATE,0,ADJUDICATE: a card sits in cards_review and was never given a G0 decision. Needs approve or reject with a reason - not a registry edit.
QM5_10767,idx-earnings-drift,2026-05-22,Research,CARD_review,ADJUDICATE,0,ADJUDICATE: a card sits in cards_review and was never given a G0 decision. Needs approve or reject with a reason - not a registry edit.
QM5_10768,fomc-post-mom,2026-05-22,Research,CARD_review,ADJUDICATE,0,ADJUDICATE: a card sits in cards_review and was never given a G0 decision. Needs approve or reject with a reason - not a registry edit.
QM5_10832,tv-nq-ib-ema,2026-05-22,Research,CARD_REJECTED,RETIRE,0,"RETIRE: card carries a terminal g0_status REJECTED with an explicit g0_rejection_reason; the registry slug still matches that card (the id was never re-purposed); no EA directory, no work_items, no magic rows."
QM5_10864,edge-lab-d1-momentum-v1,2026-05-22,gemini,CARD_review,ADJUDICATE,0,ADJUDICATE: a card sits in cards_review and was never given a G0 decision. Needs approve or reject with a reason - not a registry edit.
QM5_10865,edge-lab-d1-carry-v1,2026-05-22,gemini,CARD_review,ADJUDICATE,0,ADJUDICATE: a card sits in cards_review and was never given a G0 decision. Needs approve or reject with a reason - not a registry edit.
QM5_10880,nt-spxl-dd,2026-05-22,Research,CARD_REJECTED,RETIRE,0,"RETIRE: card carries a terminal g0_status REJECTED with an explicit g0_rejection_reason; the registry slug still matches that card (the id was never re-purposed); no EA directory, no work_items, no magic rows."
QM5_10883,nt-cap-protect,2026-05-22,Research,CARD_REJECTED,RETIRE,0,"RETIRE: card carries a terminal g0_status REJECTED with an explicit g0_rejection_reason; the registry slug still matches that card (the id was never re-purposed); no EA directory, no work_items, no magic rows."
QM5_10887,risk-xasset-mom,2026-05-22,Research,CARD_REJECTED,RETIRE,0,"RETIRE: card carries a terminal g0_status REJECTED with an explicit g0_rejection_reason; the registry slug still matches that card (the id was never re-purposed); no EA directory, no work_items, no magic rows."
QM5_10889,el-d1-t8-macro-cycle,2026-05-22,Research,CARD_review,ADJUDICATE,0,ADJUDICATE: a card sits in cards_review and was never given a G0 decision. Needs approve or reject with a reason - not a registry edit.
QM5_10890,el-d1-t9-cbi-rs,2026-05-22,Research,CARD_review,ADJUDICATE,0,ADJUDICATE: a card sits in cards_review and was never given a G0 decision. Needs approve or reject with a reason - not a registry edit.
QM5_10891,el-d2-t10-fomc-drift,2026-05-22,Research,CARD_review,ADJUDICATE,0,ADJUDICATE: a card sits in cards_review and was never given a G0 decision. Needs approve or reject with a reason - not a registry edit.
QM5_10893,el-d4-t12-ls-ob-micro,2026-05-22,Research,CARD_review,ADJUDICATE,0,ADJUDICATE: a card sits in cards_review and was never given a G0 decision. Needs approve or reject with a reason - not a registry edit.
QM5_10894,el-d1-t13-ctot-momentum,2026-05-22,Research,CARD_review,ADJUDICATE,0,ADJUDICATE: a card sits in cards_review and was never given a G0 decision. Needs approve or reject with a reason - not a registry edit.
QM5_10969,ftmo-cot-bias,2026-05-22,Research,CARD_REJECTED,RETIRE,0,"RETIRE: card carries a terminal g0_status REJECTED with an explicit g0_rejection_reason; the registry slug still matches that card (the id was never re-purposed); no EA directory, no work_items, no magic rows."
QM5_11053,pst-csmr,2026-05-22,Research,CARD_REJECTED,RETIRE,0,"RETIRE: card carries a terminal g0_status REJECTED with an explicit g0_rejection_reason; the registry slug still matches that card (the id was never re-purposed); no EA directory, no work_items, no magic rows."
QM5_11057,pst-relcarry,2026-05-22,Research,CARD_REJECTED,RETIRE,0,"RETIRE: card carries a terminal g0_status REJECTED with an explicit g0_rejection_reason; the registry slug still matches that card (the id was never re-purposed); no EA directory, no work_items, no magic rows."
QM5_11060,pst-carry,2026-05-22,Research,CARD_REJECTED,RETIRE,0,"RETIRE: card carries a terminal g0_status REJECTED with an explicit g0_rejection_reason; the registry slug still matches that card (the id was never re-purposed); no EA directory, no work_items, no magic rows."
QM5_11061,pst-mrwings,2026-05-22,Research,CARD_REJECTED,RETIRE,0,"RETIRE: card carries a terminal g0_status REJECTED with an explicit g0_rejection_reason; the registry slug still matches that card (the id was never re-purposed); no EA directory, no work_items, no magic rows."
QM5_11097,pnf-reversal,2026-05-22,Research,CARD_REJECTED,RETIRE,0,"RETIRE: card carries a terminal g0_status REJECTED with an explicit g0_rejection_reason; the registry slug still matches that card (the id was never re-purposed); no EA directory, no work_items, no magic rows."
QM5_11155,qc-ema50-200,2026-05-23,Research,CARD_REJECTED,RETIRE,0,"RETIRE: card carries a terminal g0_status REJECTED with an explicit g0_rejection_reason; the registry slug still matches that card (the id was never re-purposed); no EA directory, no work_items, no magic rows."
QM5_11157,qc-liq-top8,2026-05-23,Research,CARD_REJECTED,RETIRE,0,"RETIRE: card carries a terminal g0_status REJECTED with an explicit g0_rejection_reason; the registry slug still matches that card (the id was never re-purposed); no EA directory, no work_items, no magic rows."
QM5_11158,qc-pairs-sma,2026-05-23,Research,CARD_REJECTED,RETIRE,0,"RETIRE: card carries a terminal g0_status REJECTED with an explicit g0_rejection_reason; the registry slug still matches that card (the id was never re-purposed); no EA directory, no work_items, no magic rows."
QM5_11204,ft-adx-mom,2026-05-23,Research,NO_CARD_ANYWHERE,RETIRE,0,"RETIRE: id was reserved before the current card process (316 of 321 date from 2026-05, 260 owned by the retired ""DeepSeek"" provenance) and no card exists in any pool; nothing is lost by retiring it because no strategy was ever written."
QM5_11211,ft-binhv45,2026-05-23,Research,CARD_REJECTED,RETIRE,0,"RETIRE: card carries a terminal g0_status REJECTED with an explicit g0_rejection_reason; the registry slug still matches that card (the id was never re-purposed); no EA directory, no work_items, no magic rows."
QM5_11215,ft-comb-bhcluc,2026-05-23,Research,CARD_REJECTED,RETIRE,0,"RETIRE: card carries a terminal g0_status REJECTED with an explicit g0_rejection_reason; the registry slug still matches that card (the id was never re-purposed); no EA directory, no work_items, no magic rows."
QM5_11217,ft-low-bb,2026-05-23,Research,CARD_REJECTED,RETIRE,0,"RETIRE: card carries a terminal g0_status REJECTED with an explicit g0_rejection_reason; the registry slug still matches that card (the id was never re-purposed); no EA directory, no work_items, no magic rows."
QM5_11238,ft-diamond,2026-05-23,Research,CARD_REJECTED,RETIRE,0,"RETIRE: card carries a terminal g0_status REJECTED with an explicit g0_rejection_reason; the registry slug still matches that card (the id was never re-purposed); no EA directory, no work_items, no magic rows."
QM5_11239,ft-godstra,2026-05-23,Research,CARD_REJECTED,RETIRE,0,"RETIRE: card carries a terminal g0_status REJECTED with an explicit g0_rejection_reason; the registry slug still matches that card (the id was never re-purposed); no EA directory, no work_items, no magic rows."
QM5_11280,vegas-wave-ema144-169-fractal,2026-05-23,Research,CARD_REJECTED,RETIRE,0,"RETIRE: card carries a terminal g0_status REJECTED with an explicit g0_rejection_reason; the registry slug still matches that card (the id was never re-purposed); no EA directory, no work_items, no magic rows."
QM5_11282,ptf-ewmac,2026-05-23,Research,CARD_REJECTED,RETIRE,0,"RETIRE: card carries a terminal g0_status REJECTED with an explicit g0_rejection_reason; the registry slug still matches that card (the id was never re-purposed); no EA directory, no work_items, no magic rows."
QM5_11283,ptf-breakout,2026-05-23,Research,CARD_REJECTED,RETIRE,0,"RETIRE: card carries a terminal g0_status REJECTED with an explicit g0_rejection_reason; the registry slug still matches that card (the id was never re-purposed); no EA directory, no work_items, no magic rows."
QM5_11284,ptf-mr-ewmac,2026-05-23,Research,CARD_REJECTED,RETIRE,0,"RETIRE: card carries a terminal g0_status REJECTED with an explicit g0_rejection_reason; the registry slug still matches that card (the id was never re-purposed); no EA directory, no work_items, no magic rows."
QM5_11295,cs-obv-zero,2026-05-23,Research,CARD_REJECTED,RETIRE,0,"RETIRE: card carries a terminal g0_status REJECTED with an explicit g0_rejection_reason; the registry slug still matches that card (the id was never re-purposed); no EA directory, no work_items, no magic rows."
QM5_11296,cs-vwap-cross,2026-05-23,Research,CARD_REJECTED,RETIRE,0,"RETIRE: card carries a terminal g0_status REJECTED with an explicit g0_rejection_reason; the registry slug still matches that card (the id was never re-purposed); no EA directory, no work_items, no magic rows."
QM5_11307,bf-stoch-macd,2026-05-23,Research,CARD_REJECTED,RETIRE,0,"RETIRE: card carries a terminal g0_status REJECTED with an explicit g0_rejection_reason; the registry slug still matches that card (the id was never re-purposed); no EA directory, no work_items, no magic rows."
QM5_11308,bf-stoch-bb,2026-05-23,Research,CARD_REJECTED,RETIRE,0,"RETIRE: card carries a terminal g0_status REJECTED with an explicit g0_rejection_reason; the registry slug still matches that card (the id was never re-purposed); no EA directory, no work_items, no magic rows."
QM5_11309,bf-triple-ema,2026-05-23,Research,CARD_REJECTED,RETIRE,0,"RETIRE: card carries a terminal g0_status REJECTED with an explicit g0_rejection_reason; the registry slug still matches that card (the id was never re-purposed); no EA directory, no work_items, no magic rows."
QM5_11323,tc20-h1-17-smma28-ema100-macd,2026-05-23,Research,CARD_REJECTED,RETIRE,0,"RETIRE: card carries a terminal g0_status REJECTED with an explicit g0_rejection_reason; the registry slug still matches that card (the id was never re-purposed); no EA directory, no work_items, no magic rows."
QM5_11324,tc20-h1-18-ema5-10-stoch-rsi14,2026-05-23,Research,CARD_REJECTED,RETIRE,0,"RETIRE: card carries a terminal g0_status REJECTED with an explicit g0_rejection_reason; the registry slug still matches that card (the id was never re-purposed); no EA directory, no work_items, no magic rows."
QM5_11326,tc-m5-10-ema40-80-cci21,2026-05-23,Research,CARD_REJECTED,RETIRE,0,"RETIRE: card carries a terminal g0_status REJECTED with an explicit g0_rejection_reason; the registry slug still matches that card (the id was never re-purposed); no EA directory, no work_items, no magic rows."
QM5_11327,tc-m5-11-mtf-4h-ema5-10-rsi-stoch-macd,2026-05-23,Research,CARD_REJECTED,RETIRE,0,"RETIRE: card carries a terminal g0_status REJECTED with an explicit g0_rejection_reason; the registry slug still matches that card (the id was never re-purposed); no EA directory, no work_items, no magic rows."
QM5_11328,tc-m5-13-cci14-overbought-macd,2026-05-23,Research,CARD_REJECTED,RETIRE,0,"RETIRE: card carries a terminal g0_status REJECTED with an explicit g0_rejection_reason; the registry slug still matches that card (the id was never re-purposed); no EA directory, no work_items, no magic rows."
QM5_11329,tc-m5-14-wma10-sma20-slowstoch-rsi28-macd,2026-05-23,Research,CARD_REJECTED,RETIRE,0,"RETIRE: card carries a terminal g0_status REJECTED with an explicit g0_rejection_reason; the registry slug still matches that card (the id was never re-purposed); no EA directory, no work_items, no magic rows."
QM5_11338,tc20-h1-14-ema5-13-62-macd-separation,2026-05-23,Research,CARD_REJECTED,RETIRE,0,"RETIRE: card carries a terminal g0_status REJECTED with an explicit g0_rejection_reason; the registry slug still matches that card (the id was never re-purposed); no EA directory, no work_items, no magic rows."
QM5_11373,100pips-daily-range-bracket-usdjpy,2026-05-23,Research,CARD_REJECTED,RETIRE,0,"RETIRE: card carries a terminal g0_status REJECTED with an explicit g0_rejection_reason; the registry slug still matches that card (the id was never re-purposed); no EA directory, no work_items, no magic rows."
QM5_11374,kathy-lien-xtreme-fade-bb3sigma-adx-m15,2026-05-23,Research,CARD_REJECTED,RETIRE,0,"RETIRE: card carries a terminal g0_status REJECTED with an explicit g0_rejection_reason; the registry slug still matches that card (the id was never re-purposed); no EA directory, no work_items, no magic rows."
QM5_11393,paul-langer-w1-engulfing-sr-position,2026-05-23,Research,CARD_REJECTED,RETIRE,0,"RETIRE: card carries a terminal g0_status REJECTED with an explicit g0_rejection_reason; the registry slug still matches that card (the id was never re-purposed); no EA directory, no work_items, no magic rows."
QM5_11453,davey-big-range-bar-momentum-d1,2026-05-23,Research,CARD_REJECTED,RETIRE,0,"RETIRE: card carries a terminal g0_status REJECTED with an explicit g0_rejection_reason; the registry slug still matches that card (the id was never re-purposed); no EA directory, no work_items, no magic rows."
QM5_11456,davey-dueling-momentum-d1-alt-a,2026-05-23,Research,CARD_REJECTED,INVESTIGATE,0,INVESTIGATE: registry slug is a variant of the rejected card slug (e.g. -alt-a). Decide per id whether the variant was ever a separate strategy.
QM5_11572,robo-psar-awesome-m30,2026-05-23,Research,NO_CARD_ANYWHERE,RETIRE,0,"RETIRE: id was reserved before the current card process (316 of 321 date from 2026-05, 260 owned by the retired ""DeepSeek"" provenance) and no card exists in any pool; nothing is lost by retiring it because no strategy was ever written."
QM5_11586,bf-candle-wick,2026-05-23,Research,CARD_REJECTED,RETIRE,0,"RETIRE: card carries a terminal g0_status REJECTED with an explicit g0_rejection_reason; the registry slug still matches that card (the id was never re-purposed); no EA directory, no work_items, no magic rows."
QM5_11590,bf-ema-stoch,2026-05-23,Research,CARD_REJECTED,RETIRE,0,"RETIRE: card carries a terminal g0_status REJECTED with an explicit g0_rejection_reason; the registry slug still matches that card (the id was never re-purposed); no EA directory, no work_items, no magic rows."
QM5_11602,ar-macd-long,2026-05-23,Research,CARD_REJECTED,RETIRE,0,"RETIRE: card carries a terminal g0_status REJECTED with an explicit g0_rejection_reason; the registry slug still matches that card (the id was never re-purposed); no EA directory, no work_items, no magic rows."
QM5_11603,ar-sma-x,2026-05-23,Research,CARD_REJECTED,RETIRE,0,"RETIRE: card carries a terminal g0_status REJECTED with an explicit g0_rejection_reason; the registry slug still matches that card (the id was never re-purposed); no EA directory, no work_items, no magic rows."
QM5_11604,ar-psar,2026-05-23,Research,CARD_REJECTED,RETIRE,0,"RETIRE: card carries a terminal g0_status REJECTED with an explicit g0_rejection_reason; the registry slug still matches that card (the id was never re-purposed); no EA directory, no work_items, no magic rows."
QM5_11606,ar-doten-brk,2026-05-23,Research,CARD_REJECTED,RETIRE,0,"RETIRE: card carries a terminal g0_status REJECTED with an explicit g0_rejection_reason; the registry slug still matches that card (the id was never re-purposed); no EA directory, no work_items, no magic rows."
QM5_11607,sd-prev-close,2026-05-23,Research,CARD_REJECTED,RETIRE,0,"RETIRE: card carries a terminal g0_status REJECTED with an explicit g0_rejection_reason; the registry slug still matches that card (the id was never re-purposed); no EA directory, no work_items, no magic rows."
QM5_11608,sd-bnf-orb,2026-05-23,Research,CARD_REJECTED,RETIRE,0,"RETIRE: card carries a terminal g0_status REJECTED with an explicit g0_rejection_reason; the registry slug still matches that card (the id was never re-purposed); no EA directory, no work_items, no magic rows."
QM5_11609,id-sma5-20,2026-05-23,Research,CARD_REJECTED,RETIRE,0,"RETIRE: card carries a terminal g0_status REJECTED with an explicit g0_rejection_reason; the registry slug still matches that card (the id was never re-purposed); no EA directory, no work_items, no magic rows."
QM5_11610,id-connors-rsi2,2026-05-23,Research,CARD_REJECTED,RETIRE,0,"RETIRE: card carries a terminal g0_status REJECTED with an explicit g0_rejection_reason; the registry slug still matches that card (the id was never re-purposed); no EA directory, no work_items, no magic rows."
QM5_11611,pj-hma20-cross,2026-05-23,Research,CARD_REJECTED,RETIRE,0,"RETIRE: card carries a terminal g0_status REJECTED with an explicit g0_rejection_reason; the registry slug still matches that card (the id was never re-purposed); no EA directory, no work_items, no magic rows."
QM5_11627,carter-tf19-schaff-ema100-stoch-m15,2026-05-24,Research,CARD_REJECTED,RETIRE,0,"RETIRE: card carries a terminal g0_status REJECTED with an explicit g0_rejection_reason; the registry slug still matches that card (the id was never re-purposed); no EA directory, no work_items, no magic rows."
QM5_11631,cat-ta-sma-macd,2026-05-24,Research,CARD_REJECTED,RETIRE,0,"RETIRE: card carries a terminal g0_status REJECTED with an explicit g0_rejection_reason; the registry slug still matches that card (the id was never re-purposed); no EA directory, no work_items, no magic rows."
QM5_11633,fps-ema10-25-50-psar-h1,2026-05-24,claude,CARD_REJECTED,RETIRE,0,"RETIRE: card carries a terminal g0_status REJECTED with an explicit g0_rejection_reason; the registry slug still matches that card (the id was never re-purposed); no EA directory, no work_items, no magic rows."
QM5_11637,robo-ema-fan-ribbon-m1,2026-05-24,claude,CARD_REJECTED,RETIRE,0,"RETIRE: card carries a terminal g0_status REJECTED with an explicit g0_rejection_reason; the registry slug still matches that card (the id was never re-purposed); no EA directory, no work_items, no magic rows."
QM5_11644,robo-day-hour-macd12120-h4,2026-05-24,claude,CARD_REJECTED,RETIRE,0,"RETIRE: card carries a terminal g0_status REJECTED with an explicit g0_rejection_reason; the registry slug still matches that card (the id was never re-purposed); no EA directory, no work_items, no magic rows."
QM5_11645,robo-sma13-26-100-h4,2026-05-24,claude,CARD_REJECTED,RETIRE,0,"RETIRE: card carries a terminal g0_status REJECTED with an explicit g0_rejection_reason; the registry slug still matches that card (the id was never re-purposed); no EA directory, no work_items, no magic rows."
QM5_11647,h4-macd5131-ma5cascade,2026-05-24,claude,CARD_REJECTED,RETIRE,0,"RETIRE: card carries a terminal g0_status REJECTED with an explicit g0_rejection_reason; the registry slug still matches that card (the id was never re-purposed); no EA directory, no work_items, no magic rows."
QM5_11648,gbpjpy-bb50-triple-dev-m1,2026-05-24,claude,CARD_REJECTED,RETIRE,0,"RETIRE: card carries a terminal g0_status REJECTED with an explicit g0_rejection_reason; the registry slug still matches that card (the id was never re-purposed); no EA directory, no work_items, no magic rows."
QM5_11649,trix14-zero-cross,2026-05-24,claude,CARD_REJECTED,RETIRE,0,"RETIRE: card carries a terminal g0_status REJECTED with an explicit g0_rejection_reason; the registry slug still matches that card (the id was never re-purposed); no EA directory, no work_items, no magic rows."
QM5_11650,sma5-sma20-m15-scalp,2026-05-24,claude,CARD_REJECTED,RETIRE,0,"RETIRE: card carries a terminal g0_status REJECTED with an explicit g0_rejection_reason; the registry slug still matches that card (the id was never re-purposed); no EA directory, no work_items, no magic rows."
QM5_11651,rsi14-80-20-m15-counter,2026-05-24,claude,CARD_REJECTED,RETIRE,0,"RETIRE: card carries a terminal g0_status REJECTED with an explicit g0_rejection_reason; the registry slug still matches that card (the id was never re-purposed); no EA directory, no work_items, no magic rows."
QM5_11652,nikh-adx-rsi,2026-05-24,Research,CARD_REJECTED,RETIRE,0,"RETIRE: card carries a terminal g0_status REJECTED with an explicit g0_rejection_reason; the registry slug still matches that card (the id was never re-purposed); no EA directory, no work_items, no magic rows."
QM5_11653,nikh-bb-kc-rsi,2026-05-24,Research,CARD_REJECTED,RETIRE,0,"RETIRE: card carries a terminal g0_status REJECTED with an explicit g0_rejection_reason; the registry slug still matches that card (the id was never re-purposed); no EA directory, no work_items, no magic rows."
QM5_11654,nikh-bb-stoch,2026-05-24,Research,CARD_REJECTED,RETIRE,0,"RETIRE: card carries a terminal g0_status REJECTED with an explicit g0_rejection_reason; the registry slug still matches that card (the id was never re-purposed); no EA directory, no work_items, no magic rows."
QM5_11655,nikh-stoch-macd,2026-05-24,Research,CARD_REJECTED,RETIRE,0,"RETIRE: card carries a terminal g0_status REJECTED with an explicit g0_rejection_reason; the registry slug still matches that card (the id was never re-purposed); no EA directory, no work_items, no magic rows."
QM5_11656,nikh-wr-macd,2026-05-24,Research,CARD_REJECTED,RETIRE,0,"RETIRE: card carries a terminal g0_status REJECTED with an explicit g0_rejection_reason; the registry slug still matches that card (the id was never re-purposed); no EA directory, no work_items, no magic rows."
QM5_11667,pivots-ema9-18-macd-m5,2026-05-24,claude,CARD_REJECTED,RETIRE,0,"RETIRE: card carries a terminal g0_status REJECTED with an explicit g0_rejection_reason; the registry slug still matches that card (the id was never re-purposed); no EA directory, no work_items, no magic rows."
QM5_11668,jody-123-pattern-reversal-h4,2026-05-24,claude,CARD_REJECTED,RETIRE,0,"RETIRE: card carries a terminal g0_status REJECTED with an explicit g0_rejection_reason; the registry slug still matches that card (the id was never re-purposed); no EA directory, no work_items, no magic rows."
QM5_11669,robles-ema50-willr-continuation-d1,2026-05-24,claude,CARD_REJECTED,RETIRE,0,"RETIRE: card carries a terminal g0_status REJECTED with an explicit g0_rejection_reason; the registry slug still matches that card (the id was never re-purposed); no EA directory, no work_items, no magic rows."
QM5_11677,tc-h1-s15-ema5-21-rsi-candle,2026-05-24,claude,CARD_REJECTED,RETIRE,0,"RETIRE: card carries a terminal g0_status REJECTED with an explicit g0_rejection_reason; the registry slug still matches that card (the id was never re-purposed); no EA directory, no work_items, no magic rows."
QM5_11681,tc-h1-s1-sma3-ema50-stoch-macd,2026-05-24,claude,CARD_REJECTED,RETIRE,0,"RETIRE: card carries a terminal g0_status REJECTED with an explicit g0_rejection_reason; the registry slug still matches that card (the id was never re-purposed); no EA directory, no work_items, no magic rows."
QM5_11683,tc-h1-s13-ema5-10-rsi10,2026-05-24,claude,CARD_REJECTED,RETIRE,0,"RETIRE: card carries a terminal g0_status REJECTED with an explicit g0_rejection_reason; the registry slug still matches that card (the id was never re-purposed); no EA directory, no work_items, no magic rows."
QM5_11684,tc-h1-s14-ema5-13-62-macd,2026-05-24,claude,CARD_REJECTED,RETIRE,0,"RETIRE: card carries a terminal g0_status REJECTED with an explicit g0_rejection_reason; the registry slug still matches that card (the id was never re-purposed); no EA directory, no work_items, no magic rows."
QM5_11686,tc-h1-s3-ema6-23-stoch-macd,2026-05-24,claude,CARD_REJECTED,RETIRE,0,"RETIRE: card carries a terminal g0_status REJECTED with an explicit g0_rejection_reason; the registry slug still matches that card (the id was never re-purposed); no EA directory, no work_items, no magic rows."
QM5_11687,tc-h1-s5-smma55-wr55-stoch,2026-05-24,claude,CARD_REJECTED,RETIRE,0,"RETIRE: card carries a terminal g0_status REJECTED with an explicit g0_rejection_reason; the registry slug still matches that card (the id was never re-purposed); no EA directory, no work_items, no magic rows."
QM5_11691,strat-ma-x,2026-05-24,Research,CARD_REJECTED,RETIRE,0,"RETIRE: card carries a terminal g0_status REJECTED with an explicit g0_rejection_reason; the registry slug still matches that card (the id was never re-purposed); no EA directory, no work_items, no magic rows."
QM5_11694,tc-h1-s2-sma9-100,2026-05-24,claude,CARD_REJECTED,RETIRE,0,"RETIRE: card carries a terminal g0_status REJECTED with an explicit g0_rejection_reason; the registry slug still matches that card (the id was never re-purposed); no EA directory, no work_items, no magic rows."
QM5_11695,tc-h1-s4-ha-sma14-osma-momentum-rsi,2026-05-24,claude,CARD_REJECTED,RETIRE,0,"RETIRE: card carries a terminal g0_status REJECTED with an explicit g0_rejection_reason; the registry slug still matches that card (the id was never re-purposed); no EA directory, no work_items, no magic rows."
QM5_11696,pl-weekly-engulfing-w1-sr,2026-05-24,claude,CARD_REJECTED,RETIRE,0,"RETIRE: card carries a terminal g0_status REJECTED with an explicit g0_rejection_reason; the registry slug still matches that card (the id was never re-purposed); no EA directory, no work_items, no magic rows."
QM5_1170,qp-wti-brent-spread,2026-05-17,Research,CARD_REJECTED,RETIRE,0,"RETIRE: card carries a terminal g0_status REJECTED with an explicit g0_rejection_reason; the registry slug still matches that card (the id was never re-purposed); no EA directory, no work_items, no magic rows."
QM5_11703,janus-100pips-daily-range-breakout,2026-05-24,claude,CARD_REJECTED,RETIRE,0,"RETIRE: card carries a terminal g0_status REJECTED with an explicit g0_rejection_reason; the registry slug still matches that card (the id was never re-purposed); no EA directory, no work_items, no magic rows."
QM5_11706,anon-parallel-motion-abcd,2026-05-24,claude,CARD_REJECTED,RETIRE,0,"RETIRE: card carries a terminal g0_status REJECTED with an explicit g0_rejection_reason; the registry slug still matches that card (the id was never re-purposed); no EA directory, no work_items, no magic rows."
QM5_11707,anon-channel-scalp-pivot,2026-05-24,claude,CARD_REJECTED,RETIRE,0,"RETIRE: card carries a terminal g0_status REJECTED with an explicit g0_rejection_reason; the registry slug still matches that card (the id was never re-purposed); no EA directory, no work_items, no magic rows."
QM5_11710,anon-h4-macd513-zeroline-bounce,2026-05-24,claude,CARD_REJECTED,RETIRE,0,"RETIRE: card carries a terminal g0_status REJECTED with an explicit g0_rejection_reason; the registry slug still matches that card (the id was never re-purposed); no EA directory, no work_items, no magic rows."
QM5_11711,blade-m5-zone-scalp,2026-05-24,claude,CARD_REJECTED,RETIRE,0,"RETIRE: card carries a terminal g0_status REJECTED with an explicit g0_rejection_reason; the registry slug still matches that card (the id was never re-purposed); no EA directory, no work_items, no magic rows."
QM5_11712,blade-h4-breakout-retrace,2026-05-24,claude,CARD_REJECTED,RETIRE,0,"RETIRE: card carries a terminal g0_status REJECTED with an explicit g0_rejection_reason; the registry slug still matches that card (the id was never re-purposed); no EA directory, no work_items, no magic rows."
QM5_11717,tc-m5-s1-macd-stoch-ema5co,2026-05-24,claude,CARD_REJECTED,RETIRE,0,"RETIRE: card carries a terminal g0_status REJECTED with an explicit g0_rejection_reason; the registry slug still matches that card (the id was never re-purposed); no EA directory, no work_items, no magic rows."
QM5_11718,tc-m5-s3-bb-stoch-breakout,2026-05-24,claude,CARD_REJECTED,RETIRE,0,"RETIRE: card carries a terminal g0_status REJECTED with an explicit g0_rejection_reason; the registry slug still matches that card (the id was never re-purposed); no EA directory, no work_items, no magic rows."
QM5_1172,qp-eafe-spy-roc-spread,2026-05-17,Research,CARD_REJECTED,RETIRE,0,"RETIRE: card carries a terminal g0_status REJECTED with an explicit g0_rejection_reason; the registry slug still matches that card (the id was never re-purposed); no EA directory, no work_items, no magic rows."
QM5_11723,tc-m5-s10-ema-cci-cross,2026-05-24,claude,CARD_REJECTED,RETIRE,0,"RETIRE: card carries a terminal g0_status REJECTED with an explicit g0_rejection_reason; the registry slug still matches that card (the id was never re-purposed); no EA directory, no work_items, no magic rows."
QM5_11727,tc-m5-s14-wma-sma-stoch-rsi-macd,2026-05-24,claude,CARD_REJECTED,RETIRE,0,"RETIRE: card carries a terminal g0_status REJECTED with an explicit g0_rejection_reason; the registry slug still matches that card (the id was never re-purposed); no EA directory, no work_items, no magic rows."
QM5_11732,tc-m5-s9-ema50-100-macd,2026-05-24,claude,CARD_REJECTED,RETIRE,0,"RETIRE: card carries a terminal g0_status REJECTED with an explicit g0_rejection_reason; the registry slug still matches that card (the id was never re-purposed); no EA directory, no work_items, no magic rows."
QM5_1174,qp-em-sp500-roc-spread,2026-05-17,Research,CARD_REJECTED,RETIRE,0,"RETIRE: card carries a terminal g0_status REJECTED with an explicit g0_rejection_reason; the registry slug still matches that card (the id was never re-purposed); no EA directory, no work_items, no magic rows."
QM5_11746,rfs-ema-adx-macd-h4,2026-05-24,claude,CARD_REJECTED,RETIRE,0,"RETIRE: card carries a terminal g0_status REJECTED with an explicit g0_rejection_reason; the registry slug still matches that card (the id was never re-purposed); no EA directory, no work_items, no magic rows."
QM5_11747,rfs-midnight-d1,2026-05-24,claude,CARD_REJECTED,RETIRE,0,"RETIRE: card carries a terminal g0_status REJECTED with an explicit g0_rejection_reason; the registry slug still matches that card (the id was never re-purposed); no EA directory, no work_items, no magic rows."
QM5_11756,davey-mean-reversion-lowvol-h4,2026-05-24,claude,CARD_REJECTED,RETIRE,0,"RETIRE: card carries a terminal g0_status REJECTED with an explicit g0_rejection_reason; the registry slug still matches that card (the id was never re-purposed); no EA directory, no work_items, no magic rows."
QM5_11757,davey-donchian-close-breakout-d1,2026-05-24,claude,CARD_REJECTED,RETIRE,0,"RETIRE: card carries a terminal g0_status REJECTED with an explicit g0_rejection_reason; the registry slug still matches that card (the id was never re-purposed); no EA directory, no work_items, no magic rows."
QM5_11758,davey-dueling-momentum-h4,2026-05-24,claude,CARD_REJECTED,RETIRE,0,"RETIRE: card carries a terminal g0_status REJECTED with an explicit g0_rejection_reason; the registry slug still matches that card (the id was never re-purposed); no EA directory, no work_items, no magic rows."
QM5_11761,stoch-sma70-scalp-m1,2026-05-24,claude,CARD_REJECTED,RETIRE,0,"RETIRE: card carries a terminal g0_status REJECTED with an explicit g0_rejection_reason; the registry slug still matches that card (the id was never re-purposed); no EA directory, no work_items, no magic rows."
QM5_11762,100pips-daily-range-breakout-usdjpy,2026-05-24,claude,CARD_REJECTED,RETIRE,0,"RETIRE: card carries a terminal g0_status REJECTED with an explicit g0_rejection_reason; the registry slug still matches that card (the id was never re-purposed); no EA directory, no work_items, no magic rows."
QM5_11763,macd-trender-psar-atr-h4,2026-05-24,claude,CARD_REJECTED,RETIRE,0,"RETIRE: card carries a terminal g0_status REJECTED with an explicit g0_rejection_reason; the registry slug still matches that card (the id was never re-purposed); no EA directory, no work_items, no magic rows."
QM5_11771,tc-tf-s7-ema24-stoch-d1,2026-05-24,claude,CARD_REJECTED,RETIRE,0,"RETIRE: card carries a terminal g0_status REJECTED with an explicit g0_rejection_reason; the registry slug still matches that card (the id was never re-purposed); no EA directory, no work_items, no magic rows."
QM5_11772,tc-tf-s8-ema411-adx-d1,2026-05-24,claude,CARD_REJECTED,RETIRE,0,"RETIRE: card carries a terminal g0_status REJECTED with an explicit g0_rejection_reason; the registry slug still matches that card (the id was never re-purposed); no EA directory, no work_items, no magic rows."
QM5_11773,tc-tf-s9-macd3916-adx-d1,2026-05-24,claude,CARD_REJECTED,RETIRE,0,"RETIRE: card carries a terminal g0_status REJECTED with an explicit g0_rejection_reason; the registry slug still matches that card (the id was never re-purposed); no EA directory, no work_items, no magic rows."
QM5_11774,tc-tf-s10-sma315-macd-adx-dpo-h1,2026-05-24,claude,CARD_REJECTED,RETIRE,0,"RETIRE: card carries a terminal g0_status REJECTED with an explicit g0_rejection_reason; the registry slug still matches that card (the id was never re-purposed); no EA directory, no work_items, no magic rows."
QM5_11775,tc-tf-s11-adx-prevday-breakout-h1,2026-05-24,claude,CARD_REJECTED,RETIRE,0,"RETIRE: card carries a terminal g0_status REJECTED with an explicit g0_rejection_reason; the registry slug still matches that card (the id was never re-purposed); no EA directory, no work_items, no magic rows."
QM5_11777,tc-tf-s13-sma150-stoch-rsi3-d1,2026-05-24,claude,CARD_REJECTED,RETIRE,0,"RETIRE: card carries a terminal g0_status REJECTED with an explicit g0_rejection_reason; the registry slug still matches that card (the id was never re-purposed); no EA directory, no work_items, no magic rows."
QM5_11778,tc-tf-s16-ema721-pullback-any,2026-05-24,claude,CARD_REJECTED,RETIRE,0,"RETIRE: card carries a terminal g0_status REJECTED with an explicit g0_rejection_reason; the registry slug still matches that card (the id was never re-purposed); no EA directory, no work_items, no magic rows."
QM5_11779,tc-tf-s17-ema18-adx12-pullback,2026-05-24,claude,CARD_REJECTED,RETIRE,0,"RETIRE: card carries a terminal g0_status REJECTED with an explicit g0_rejection_reason; the registry slug still matches that card (the id was never re-purposed); no EA directory, no work_items, no magic rows."
QM5_11786,micro-ema3-bb18-macd-rsi-m1,2026-05-24,claude,CARD_REJECTED,RETIRE,0,"RETIRE: card carries a terminal g0_status REJECTED with an explicit g0_rejection_reason; the registry slug still matches that card (the id was never re-purposed); no EA directory, no work_items, no magic rows."
QM5_11787,intraday-pivots-ema918-macd-m5,2026-05-24,claude,CARD_REJECTED,RETIRE,0,"RETIRE: card carries a terminal g0_status REJECTED with an explicit g0_rejection_reason; the registry slug still matches that card (the id was never re-purposed); no EA directory, no work_items, no magic rows."
QM5_11788,carter-h1-s2-sma9100-h1,2026-05-24,claude,CARD_REJECTED,RETIRE,0,"RETIRE: card carries a terminal g0_status REJECTED with an explicit g0_rejection_reason; the registry slug still matches that card (the id was never re-purposed); no EA directory, no work_items, no magic rows."
QM5_11794,fin-keltner10,2026-05-24,Research,NO_CARD_ANYWHERE,RETIRE,0,"RETIRE: id was reserved before the current card process (316 of 321 date from 2026-05, 260 owned by the retired ""DeepSeek"" provenance) and no card exists in any pool; nothing is lost by retiring it because no strategy was ever written."
QM5_11795,fin-bb10,2026-05-24,Research,NO_CARD_ANYWHERE,RETIRE,0,"RETIRE: id was reserved before the current card process (316 of 321 date from 2026-05, 260 owned by the retired ""DeepSeek"" provenance) and no card exists in any pool; nothing is lost by retiring it because no strategy was ever written."
QM5_11796,fin-macd,2026-05-24,Research,NO_CARD_ANYWHERE,RETIRE,0,"RETIRE: id was reserved before the current card process (316 of 321 date from 2026-05, 260 owned by the retired ""DeepSeek"" provenance) and no card exists in any pool; nothing is lost by retiring it because no strategy was ever written."
QM5_11797,fin-rsi14,2026-05-24,Research,NO_CARD_ANYWHERE,RETIRE,0,"RETIRE: id was reserved before the current card process (316 of 321 date from 2026-05, 260 owned by the retired ""DeepSeek"" provenance) and no card exists in any pool; nothing is lost by retiring it because no strategy was ever written."
QM5_11798,fin-wr14,2026-05-24,Research,NO_CARD_ANYWHERE,RETIRE,0,"RETIRE: id was reserved before the current card process (316 of 321 date from 2026-05, 260 owned by the retired ""DeepSeek"" provenance) and no card exists in any pool; nothing is lost by retiring it because no strategy was ever written."
QM5_11817,carter-m5-s4-bb20-mid-slope-m5,2026-05-24,claude,CARD_REJECTED,RETIRE,0,"RETIRE: card carries a terminal g0_status REJECTED with an explicit g0_rejection_reason; the registry slug still matches that card (the id was never re-purposed); no EA directory, no work_items, no magic rows."
QM5_11826,carter-m5-s16-adx-wma5-sma11-psar-m5,2026-05-24,claude,CARD_REJECTED,RETIRE,0,"RETIRE: card carries a terminal g0_status REJECTED with an explicit g0_rejection_reason; the registry slug still matches that card (the id was never re-purposed); no EA directory, no work_items, no magic rows."
QM5_11832,scalp-sma101550-m5,2026-05-24,claude,CARD_REJECTED,RETIRE,0,"RETIRE: card carries a terminal g0_status REJECTED with an explicit g0_rejection_reason; the registry slug still matches that card (the id was never re-purposed); no EA directory, no work_items, no magic rows."
QM5_11833,robo-ema510-stoch1433-rsi14-h1,2026-05-24,claude,CARD_REJECTED,RETIRE,0,"RETIRE: card carries a terminal g0_status REJECTED with an explicit g0_rejection_reason; the registry slug still matches that card (the id was never re-purposed); no EA directory, no work_items, no magic rows."
QM5_11849,range-breakout-24h-usdjpy,2026-05-24,claude,CARD_REJECTED,RETIRE,0,"RETIRE: card carries a terminal g0_status REJECTED with an explicit g0_rejection_reason; the registry slug still matches that card (the id was never re-purposed); no EA directory, no work_items, no magic rows."
QM5_11854,xtreme-fade-bb-adx-m15,2026-05-24,claude,CARD_REJECTED,RETIRE,0,"RETIRE: card carries a terminal g0_status REJECTED with an explicit g0_rejection_reason; the registry slug still matches that card (the id was never re-purposed); no EA directory, no work_items, no magic rows."
QM5_11855,blade-m5-ema-zone-scalp-alt-b,2026-05-24,claude,CARD_REJECTED,INVESTIGATE,0,INVESTIGATE: registry slug is a variant of the rejected card slug (e.g. -alt-a). Decide per id whether the variant was ever a separate strategy.
QM5_11856,blade-4h-ema30-breakout-retrace,2026-05-24,claude,CARD_REJECTED,RETIRE,0,"RETIRE: card carries a terminal g0_status REJECTED with an explicit g0_rejection_reason; the registry slug still matches that card (the id was never re-purposed); no EA directory, no work_items, no magic rows."
QM5_11858,psar-ao-ac-triple-confluence,2026-05-24,claude,CARD_REJECTED,RETIRE,0,"RETIRE: card carries a terminal g0_status REJECTED with an explicit g0_rejection_reason; the registry slug still matches that card (the id was never re-purposed); no EA directory, no work_items, no magic rows."
QM5_11859,kobas-ema5-10-15-65-macd,2026-05-24,claude,CARD_REJECTED,RETIRE,0,"RETIRE: card carries a terminal g0_status REJECTED with an explicit g0_rejection_reason; the registry slug still matches that card (the id was never re-purposed); no EA directory, no work_items, no magic rows."
QM5_11860,macd-stoch-m1-scalp,2026-05-24,claude,CARD_REJECTED,RETIRE,0,"RETIRE: card carries a terminal g0_status REJECTED with an explicit g0_rejection_reason; the registry slug still matches that card (the id was never re-purposed); no EA directory, no work_items, no magic rows."
QM5_11861,london-open-range-fade,2026-05-24,claude,CARD_REJECTED,RETIRE,0,"RETIRE: card carries a terminal g0_status REJECTED with an explicit g0_rejection_reason; the registry slug still matches that card (the id was never re-purposed); no EA directory, no work_items, no magic rows."
QM5_11862,smma5-lwma144-fractal-m5,2026-05-24,claude,CARD_REJECTED,RETIRE,0,"RETIRE: card carries a terminal g0_status REJECTED with an explicit g0_rejection_reason; the registry slug still matches that card (the id was never re-purposed); no EA directory, no work_items, no magic rows."
QM5_11863,sma10-15-50-cross-m5-scalp,2026-05-24,claude,CARD_REJECTED,RETIRE,0,"RETIRE: card carries a terminal g0_status REJECTED with an explicit g0_rejection_reason; the registry slug still matches that card (the id was never re-purposed); no EA directory, no work_items, no magic rows."
QM5_11864,ichimoku-5line-alignment-d1,2026-05-24,claude,CARD_REJECTED,RETIRE,0,"RETIRE: card carries a terminal g0_status REJECTED with an explicit g0_rejection_reason; the registry slug still matches that card (the id was never re-purposed); no EA directory, no work_items, no magic rows."
QM5_11866,multi-tf-candle-color-h1,2026-05-24,claude,CARD_REJECTED,RETIRE,0,"RETIRE: card carries a terminal g0_status REJECTED with an explicit g0_rejection_reason; the registry slug still matches that card (the id was never re-purposed); no EA directory, no work_items, no magic rows."
QM5_11876,gbpjpy-triple-bb50-fade,2026-05-24,claude,CARD_REJECTED,RETIRE,0,"RETIRE: card carries a terminal g0_status REJECTED with an explicit g0_rejection_reason; the registry slug still matches that card (the id was never re-purposed); no EA directory, no work_items, no magic rows."
QM5_11877,ema5-13-cross-h1,2026-05-24,claude,CARD_REJECTED,RETIRE,0,"RETIRE: card carries a terminal g0_status REJECTED with an explicit g0_rejection_reason; the registry slug still matches that card (the id was never re-purposed); no EA directory, no work_items, no magic rows."
QM5_11878,macd-5-13-1-zero-cross-h4,2026-05-24,claude,CARD_REJECTED,RETIRE,0,"RETIRE: card carries a terminal g0_status REJECTED with an explicit g0_rejection_reason; the registry slug still matches that card (the id was never re-purposed); no EA directory, no work_items, no magic rows."
QM5_11883,blade-h4-double-top-breakout-retest,2026-05-24,claude,CARD_REJECTED,RETIRE,0,"RETIRE: card carries a terminal g0_status REJECTED with an explicit g0_rejection_reason; the registry slug still matches that card (the id was never re-purposed); no EA directory, no work_items, no magic rows."
QM5_11884,blade-macd-divergence-stoch-trigger,2026-05-24,claude,CARD_REJECTED,RETIRE,0,"RETIRE: card carries a terminal g0_status REJECTED with an explicit g0_rejection_reason; the registry slug still matches that card (the id was never re-purposed); no EA directory, no work_items, no magic rows."
QM5_11885,fps-ema-stack-parabolic-sar-h1,2026-05-24,claude,CARD_REJECTED,RETIRE,0,"RETIRE: card carries a terminal g0_status REJECTED with an explicit g0_rejection_reason; the registry slug still matches that card (the id was never re-purposed); no EA directory, no work_items, no magic rows."
QM5_11890,big-ben-london-breakout-fade,2026-05-24,claude,CARD_REJECTED,RETIRE,0,"RETIRE: card carries a terminal g0_status REJECTED with an explicit g0_rejection_reason; the registry slug still matches that card (the id was never re-purposed); no EA directory, no work_items, no magic rows."
QM5_11917,el-d1-t14-simons-leadlag,2026-05-26,Research,CARD_review,ADJUDICATE,0,ADJUDICATE: a card sits in cards_review and was never given a G0 decision. Needs approve or reject with a reason - not a registry edit.
QM5_11918,el-d1-t5-bond-convergence,2026-05-26,Research,CARD_review,ADJUDICATE,0,ADJUDICATE: a card sits in cards_review and was never given a G0 decision. Needs approve or reject with a reason - not a registry edit.
QM5_11919,el-d2-t6-cb-exp-gap,2026-05-26,Research,CARD_review,ADJUDICATE,0,ADJUDICATE: a card sits in cards_review and was never given a G0 decision. Needs approve or reject with a reason - not a registry edit.
QM5_11920,el-d1-t7-vol-premium,2026-05-26,Research,CARD_review,ADJUDICATE,0,ADJUDICATE: a card sits in cards_review and was never given a G0 decision. Needs approve or reject with a reason - not a registry edit.
QM5_11921,rb-range-breakout,2026-05-26,Research,CARD_review,ADJUDICATE,0,ADJUDICATE: a card sits in cards_review and was never given a G0 decision. Needs approve or reject with a reason - not a registry edit.
QM5_11922,rb-go-long,2026-05-26,Research,CARD_review,ADJUDICATE,0,ADJUDICATE: a card sits in cards_review and was never given a G0 decision. Needs approve or reject with a reason - not a registry edit.
QM5_11923,rb-turnaround-tue,2026-05-26,Research,CARD_review,ADJUDICATE,0,ADJUDICATE: a card sits in cards_review and was never given a G0 decision. Needs approve or reject with a reason - not a registry edit.
QM5_11924,rb-mean-reversion,2026-05-26,Research,CARD_review,ADJUDICATE,0,ADJUDICATE: a card sits in cards_review and was never given a G0 decision. Needs approve or reject with a reason - not a registry edit.
QM5_11925,rb-open-scalp,2026-05-26,Research,CARD_review,ADJUDICATE,0,ADJUDICATE: a card sits in cards_review and was never given a G0 decision. Needs approve or reject with a reason - not a registry edit.
QM5_11926,rb-rsi-ma-filter,2026-05-26,Research,CARD_review,ADJUDICATE,0,ADJUDICATE: a card sits in cards_review and was never given a G0 decision. Needs approve or reject with a reason - not a registry edit.
QM5_11927,rb-atr-candle-break,2026-05-26,Research,CARD_review,ADJUDICATE,0,ADJUDICATE: a card sits in cards_review and was never given a G0 decision. Needs approve or reject with a reason - not a registry edit.
QM5_11928,rb-crypto-prev-day,2026-05-26,Research,CARD_review,ADJUDICATE,0,ADJUDICATE: a card sits in cards_review and was never given a G0 decision. Needs approve or reject with a reason - not a registry edit.
QM5_11929,sts-3wicks-reversal,2026-05-26,Research,CARD_review,ADJUDICATE,0,ADJUDICATE: a card sits in cards_review and was never given a G0 decision. Needs approve or reject with a reason - not a registry edit.
QM5_11930,carver-ewm-volat,2026-05-26,Research,CARD_review,ADJUDICATE,0,ADJUDICATE: a card sits in cards_review and was never given a G0 decision. Needs approve or reject with a reason - not a registry edit.
QM5_11931,qp-spy-overnight-gap,2026-05-26,Research,CARD_review,ADJUDICATE,0,ADJUDICATE: a card sits in cards_review and was never given a G0 decision. Needs approve or reject with a reason - not a registry edit.
QM5_11932,ff-tms-big-e,2026-05-26,Research,CARD_review,ADJUDICATE,0,ADJUDICATE: a card sits in cards_review and was never given a G0 decision. Needs approve or reject with a reason - not a registry edit.
QM5_11933,ff-holo-tooslow,2026-05-26,Research,CARD_review,ADJUDICATE,0,ADJUDICATE: a card sits in cards_review and was never given a G0 decision. Needs approve or reject with a reason - not a registry edit.
QM5_11934,ff-nel-4h-macd,2026-05-26,Research,CARD_review,ADJUDICATE,0,ADJUDICATE: a card sits in cards_review and was never given a G0 decision. Needs approve or reject with a reason - not a registry edit.
QM5_11935,ff-sonic-r,2026-05-26,Research,CARD_review,ADJUDICATE,0,ADJUDICATE: a card sits in cards_review and was never given a G0 decision. Needs approve or reject with a reason - not a registry edit.
QM5_11936,ff-millipede-pipeasy,2026-05-26,Research,CARD_review,ADJUDICATE,0,ADJUDICATE: a card sits in cards_review and was never given a G0 decision. Needs approve or reject with a reason - not a registry edit.
QM5_11937,ff-agnew-h1-break,2026-05-26,Research,CARD_review,ADJUDICATE,0,ADJUDICATE: a card sits in cards_review and was never given a G0 decision. Needs approve or reject with a reason - not a registry edit.
QM5_11938,ff-paulus-4h-trend,2026-05-26,Research,CARD_review,ADJUDICATE,0,ADJUDICATE: a card sits in cards_review and was never given a G0 decision. Needs approve or reject with a reason - not a registry edit.
QM5_11939,ff-j16-pin-rejection,2026-05-26,Research,CARD_review,ADJUDICATE,0,ADJUDICATE: a card sits in cards_review and was never given a G0 decision. Needs approve or reject with a reason - not a registry edit.
QM5_11940,ff-two-stroke-chow,2026-05-26,Research,CARD_review,ADJUDICATE,0,ADJUDICATE: a card sits in cards_review and was never given a G0 decision. Needs approve or reject with a reason - not a registry edit.
QM5_11941,ff-inst-code-levels,2026-05-26,Research,CARD_review,ADJUDICATE,0,ADJUDICATE: a card sits in cards_review and was never given a G0 decision. Needs approve or reject with a reason - not a registry edit.
QM5_11942,ff-10gmt-ema50,2026-05-26,Research,CARD_review,ADJUDICATE,0,ADJUDICATE: a card sits in cards_review and was never given a G0 decision. Needs approve or reject with a reason - not a registry edit.
QM5_11943,ff-wae-explosion,2026-05-26,Research,CARD_review,ADJUDICATE,0,ADJUDICATE: a card sits in cards_review and was never given a G0 decision. Needs approve or reject with a reason - not a registry edit.
QM5_11944,ff-d1-simplicity,2026-05-26,Research,CARD_review,ADJUDICATE,0,ADJUDICATE: a card sits in cards_review and was never given a G0 decision. Needs approve or reject with a reason - not a registry edit.
QM5_11945,ff-the-strat-212,2026-05-26,Research,CARD_review,ADJUDICATE,0,ADJUDICATE: a card sits in cards_review and was never given a G0 decision. Needs approve or reject with a reason - not a registry edit.
QM5_11946,ff-genesis-matrix,2026-05-26,Research,CARD_review,ADJUDICATE,0,ADJUDICATE: a card sits in cards_review and was never given a G0 decision. Needs approve or reject with a reason - not a registry edit.
QM5_11947,ff-baguba-pullback,2026-05-26,Research,CARD_review,ADJUDICATE,0,ADJUDICATE: a card sits in cards_review and was never given a G0 decision. Needs approve or reject with a reason - not a registry edit.
QM5_11948,ff-davit-pivots,2026-05-26,Research,CARD_review,ADJUDICATE,0,ADJUDICATE: a card sits in cards_review and was never given a G0 decision. Needs approve or reject with a reason - not a registry edit.
QM5_11949,ff-london-7am-break,2026-05-26,Research,CARD_review,ADJUDICATE,0,ADJUDICATE: a card sits in cards_review and was never given a G0 decision. Needs approve or reject with a reason - not a registry edit.
QM5_11950,ff-ozfx-mechanical,2026-05-26,Research,CARD_review,ADJUDICATE,0,ADJUDICATE: a card sits in cards_review and was never given a G0 decision. Needs approve or reject with a reason - not a registry edit.
QM5_11951,ff-extreme-tma,2026-05-26,Research,CARD_review,ADJUDICATE,0,ADJUDICATE: a card sits in cards_review and was never given a G0 decision. Needs approve or reject with a reason - not a registry edit.
QM5_11952,ff-mad-scalper,2026-05-26,Research,CARD_review,ADJUDICATE,0,ADJUDICATE: a card sits in cards_review and was never given a G0 decision. Needs approve or reject with a reason - not a registry edit.
QM5_11953,ff-g7-strategy,2026-05-26,Research,CARD_review,ADJUDICATE,0,ADJUDICATE: a card sits in cards_review and was never given a G0 decision. Needs approve or reject with a reason - not a registry edit.
QM5_11954,ff-jarroo-boss,2026-05-26,Research,CARD_review,ADJUDICATE,0,ADJUDICATE: a card sits in cards_review and was never given a G0 decision. Needs approve or reject with a reason - not a registry edit.
QM5_11955,breakout-momentum-scalp,2026-05-26,Research,CARD_review,ADJUDICATE,0,ADJUDICATE: a card sits in cards_review and was never given a G0 decision. Needs approve or reject with a reason - not a registry edit.
QM5_11956,waka-waka-grid,2026-05-26,Research,CARD_REJECTED,RETIRE,0,"RETIRE: card carries a terminal g0_status REJECTED with an explicit g0_rejection_reason; the registry slug still matches that card (the id was never re-purposed); no EA directory, no work_items, no magic rows."
QM5_11957,hft-momentum-ny,2026-05-26,Research,CARD_review,ADJUDICATE,0,ADJUDICATE: a card sits in cards_review and was never given a G0 decision. Needs approve or reject with a reason - not a registry edit.
QM5_11958,bollinger-rsi-meanrev,2026-05-26,Research,CARD_review,ADJUDICATE,0,ADJUDICATE: a card sits in cards_review and was never given a G0 decision. Needs approve or reject with a reason - not a registry edit.
QM5_11959,time-range-bo-fade,2026-05-26,Research,CARD_review,ADJUDICATE,0,ADJUDICATE: a card sits in cards_review and was never given a G0 decision. Needs approve or reject with a reason - not a registry edit.
QM5_11960,ai-ema-rsi-exhaustion,2026-05-26,Research,CARD_review,ADJUDICATE,0,ADJUDICATE: a card sits in cards_review and was never given a G0 decision. Needs approve or reject with a reason - not a registry edit.
QM5_11961,ai-sar-stop-activation,2026-05-26,Research,CARD_review,ADJUDICATE,0,ADJUDICATE: a card sits in cards_review and was never given a G0 decision. Needs approve or reject with a reason - not a registry edit.
QM5_11962,ff-3ema-trend-cont,2026-05-26,Research,CARD_review,ADJUDICATE,0,ADJUDICATE: a card sits in cards_review and was never given a G0 decision. Needs approve or reject with a reason - not a registry edit.
QM5_11963,nnfx-mcginley-tdfi,2026-05-26,Research,CARD_review,ADJUDICATE,0,ADJUDICATE: a card sits in cards_review and was never given a G0 decision. Needs approve or reject with a reason - not a registry edit.
QM5_11964,nnfx-supercycle-surge,2026-05-26,Research,CARD_review,ADJUDICATE,0,ADJUDICATE: a card sits in cards_review and was never given a G0 decision. Needs approve or reject with a reason - not a registry edit.
QM5_11965,nnfx-algotrade-pro,2026-05-26,Research,CARD_review,ADJUDICATE,0,ADJUDICATE: a card sits in cards_review and was never given a G0 decision. Needs approve or reject with a reason - not a registry edit.
QM5_11966,systematic-fx-carry-vol-filt,2026-05-26,Research,CARD_review,ADJUDICATE,0,ADJUDICATE: a card sits in cards_review and was never given a G0 decision. Needs approve or reject with a reason - not a registry edit.
QM5_11967,crypto-funding-momentum,2026-05-26,Research,CARD_review,ADJUDICATE,0,ADJUDICATE: a card sits in cards_review and was never given a G0 decision. Needs approve or reject with a reason - not a registry edit.
QM5_11968,smc-fvg-mechanical,2026-05-26,Research,CARD_review,ADJUDICATE,0,ADJUDICATE: a card sits in cards_review and was never given a G0 decision. Needs approve or reject with a reason - not a registry edit.
QM5_11969,commodity-price-momentum-rotation,2026-05-26,Research,CARD_review,ADJUDICATE,0,ADJUDICATE: a card sits in cards_review and was never given a G0 decision. Needs approve or reject with a reason - not a registry edit.
QM5_11970,mql5-mech-engulfing,2026-05-26,Research,CARD_review,ADJUDICATE,0,ADJUDICATE: a card sits in cards_review and was never given a G0 decision. Needs approve or reject with a reason - not a registry edit.
QM5_11971,mql5-123-trend,2026-05-26,Research,CARD_review,ADJUDICATE,0,ADJUDICATE: a card sits in cards_review and was never given a G0 decision. Needs approve or reject with a reason - not a registry edit.
QM5_11972,mql5-wolfe-waves,2026-05-26,Research,CARD_review,ADJUDICATE,0,ADJUDICATE: a card sits in cards_review and was never given a G0 decision. Needs approve or reject with a reason - not a registry edit.
QM5_11973,mql5-stat-arb-pairs,2026-05-26,Research,CARD_review,ADJUDICATE,0,ADJUDICATE: a card sits in cards_review and was never given a G0 decision. Needs approve or reject with a reason - not a registry edit.
QM5_11974,mql5-seo-harmonic-x3,2026-05-26,Research,CARD_review,ADJUDICATE,0,ADJUDICATE: a card sits in cards_review and was never given a G0 decision. Needs approve or reject with a reason - not a registry edit.
QM5_11975,mql5-ml-rf-sentiment,2026-05-26,Research,CARD_review,ADJUDICATE,0,ADJUDICATE: a card sits in cards_review and was never given a G0 decision. Needs approve or reject with a reason - not a registry edit.
QM5_11976,mql5-tick-vol-scalp,2026-05-26,Research,CARD_review,ADJUDICATE,0,ADJUDICATE: a card sits in cards_review and was never given a G0 decision. Needs approve or reject with a reason - not a registry edit.
QM5_11977,mql5-ema-rsi-trend,2026-05-26,Research,CARD_review,ADJUDICATE,0,ADJUDICATE: a card sits in cards_review and was never given a G0 decision. Needs approve or reject with a reason - not a registry edit.
QM5_11978,bp-cowabunga-system,2026-05-26,Research,CARD_review,ADJUDICATE,0,ADJUDICATE: a card sits in cards_review and was never given a G0 decision. Needs approve or reject with a reason - not a registry edit.
QM5_11979,bp-3-little-pigs,2026-05-26,Research,CARD_review,ADJUDICATE,0,ADJUDICATE: a card sits in cards_review and was never given a G0 decision. Needs approve or reject with a reason - not a registry edit.
QM5_11980,bp-amazing-crossover,2026-05-26,Research,CARD_review,ADJUDICATE,0,ADJUDICATE: a card sits in cards_review and was never given a G0 decision. Needs approve or reject with a reason - not a registry edit.
QM5_11981,bp-psar-ema-system,2026-05-26,Research,CARD_review,ADJUDICATE,0,ADJUDICATE: a card sits in cards_review and was never given a G0 decision. Needs approve or reject with a reason - not a registry edit.
QM5_11982,bp-bollinger-reversion,2026-05-26,Research,CARD_review,ADJUDICATE,0,ADJUDICATE: a card sits in cards_review and was never given a G0 decision. Needs approve or reject with a reason - not a registry edit.
QM5_11983,bp-simple-system-32,2026-05-26,Research,CARD_review,ADJUDICATE,0,ADJUDICATE: a card sits in cards_review and was never given a G0 decision. Needs approve or reject with a reason - not a registry edit.
QM5_11984,bp-stoch-crossover-pullback,2026-05-26,Research,CARD_review,ADJUDICATE,0,ADJUDICATE: a card sits in cards_review and was never given a G0 decision. Needs approve or reject with a reason - not a registry edit.
QM5_11985,ff-ghost-cci-hs,2026-05-26,Research,CARD_review,ADJUDICATE,0,ADJUDICATE: a card sits in cards_review and was never given a G0 decision. Needs approve or reject with a reason - not a registry edit.
QM5_11986,ff-vegas-tunnel-144,2026-05-26,Research,CARD_review,ADJUDICATE,0,ADJUDICATE: a card sits in cards_review and was never given a G0 decision. Needs approve or reject with a reason - not a registry edit.
QM5_11987,ff-wind-runner-scalp,2026-05-26,Research,CARD_review,ADJUDICATE,0,ADJUDICATE: a card sits in cards_review and was never given a G0 decision. Needs approve or reject with a reason - not a registry edit.
QM5_11988,connors-rsi-2-meanrev,2026-05-26,Research,CARD_review,ADJUDICATE,0,ADJUDICATE: a card sits in cards_review and was never given a G0 decision. Needs approve or reject with a reason - not a registry edit.
QM5_11989,connors-double-7,2026-05-26,Research,CARD_review,ADJUDICATE,0,ADJUDICATE: a card sits in cards_review and was never given a G0 decision. Needs approve or reject with a reason - not a registry edit.
QM5_11990,ff-rubber-band-bb,2026-05-26,Research,CARD_review,ADJUDICATE,0,ADJUDICATE: a card sits in cards_review and was never given a G0 decision. Needs approve or reject with a reason - not a registry edit.
QM5_11991,cup-vix-divergence,2026-05-26,Research,CARD_review,ADJUDICATE,0,ADJUDICATE: a card sits in cards_review and was never given a G0 decision. Needs approve or reject with a reason - not a registry edit.
QM5_11992,cup-vol-breakout-atr,2026-05-26,Research,CARD_review,ADJUDICATE,0,ADJUDICATE: a card sits in cards_review and was never given a G0 decision. Needs approve or reject with a reason - not a registry edit.
QM5_11993,cup-time-bias-serafini,2026-05-26,Research,CARD_review,ADJUDICATE,0,ADJUDICATE: a card sits in cards_review and was never given a G0 decision. Needs approve or reject with a reason - not a registry edit.
QM5_11994,cup-cot-commercial-trend,2026-05-26,Research,CARD_review,ADJUDICATE,0,ADJUDICATE: a card sits in cards_review and was never given a G0 decision. Needs approve or reject with a reason - not a registry edit.
QM5_11995,cup-fib-set-forget,2026-05-26,Research,CARD_review,ADJUDICATE,0,ADJUDICATE: a card sits in cards_review and was never given a G0 decision. Needs approve or reject with a reason - not a registry edit.
QM5_11996,qc-dual-thrust,2026-05-26,Research,CARD_review,ADJUDICATE,0,ADJUDICATE: a card sits in cards_review and was never given a G0 decision. Needs approve or reject with a reason - not a registry edit.
QM5_11997,qc-dynamic-breakout-ii,2026-05-26,Research,CARD_review,ADJUDICATE,0,ADJUDICATE: a card sits in cards_review and was never given a G0 decision. Needs approve or reject with a reason - not a registry edit.
QM5_11998,ssrn-fx-vrp-straddle,2026-05-26,Research,CARD_review,ADJUDICATE,0,ADJUDICATE: a card sits in cards_review and was never given a G0 decision. Needs approve or reject with a reason - not a registry edit.
QM5_11999,academic-macro-surprise-mom,2026-05-26,Research,CARD_review,ADJUDICATE,0,ADJUDICATE: a card sits in cards_review and was never given a G0 decision. Needs approve or reject with a reason - not a registry edit.
QM5_12000,ano-pfs-time-asymmetry,2026-05-26,Research,CARD_review,ADJUDICATE,0,ADJUDICATE: a card sits in cards_review and was never given a G0 decision. Needs approve or reject with a reason - not a registry edit.
QM5_12001,ano-totm-ultimo,2026-05-26,Research,CARD_review,ADJUDICATE,0,ADJUDICATE: a card sits in cards_review and was never given a G0 decision. Needs approve or reject with a reason - not a registry edit.
QM5_12002,ano-triple-witching-mr,2026-05-26,Research,CARD_review,ADJUDICATE,0,ADJUDICATE: a card sits in cards_review and was never given a G0 decision. Needs approve or reject with a reason - not a registry edit.
QM5_12003,ano-commodity-lead-lag,2026-05-26,Research,CARD_review,ADJUDICATE,0,ADJUDICATE: a card sits in cards_review and was never given a G0 decision. Needs approve or reject with a reason - not a registry edit.
QM5_12004,ssrn-vanna-skew-harvest,2026-05-26,Research,CARD_review,ADJUDICATE,0,ADJUDICATE: a card sits in cards_review and was never given a G0 decision. Needs approve or reject with a reason - not a registry edit.
QM5_12005,ssrn-short-horizon-xmom,2026-05-26,Research,CARD_review,ADJUDICATE,0,ADJUDICATE: a card sits in cards_review and was never given a G0 decision. Needs approve or reject with a reason - not a registry edit.
QM5_12006,ssrn-crash-neutral-carry,2026-05-26,Research,CARD_review,ADJUDICATE,0,ADJUDICATE: a card sits in cards_review and was never given a G0 decision. Needs approve or reject with a reason - not a registry edit.
QM5_12007,ssrn-agentic-factor-miner,2026-05-26,Research,CARD_REJECTED,RETIRE,0,"RETIRE: card carries a terminal g0_status REJECTED with an explicit g0_rejection_reason; the registry slug still matches that card (the id was never re-purposed); no EA directory, no work_items, no magic rows."
QM5_12008,qc-vladimir-in-out,2026-05-26,Research,CARD_review,ADJUDICATE,0,ADJUDICATE: a card sits in cards_review and was never given a G0 decision. Needs approve or reject with a reason - not a registry edit.
QM5_12009,qc-liquid-value,2026-05-26,Research,CARD_review,ADJUDICATE,0,ADJUDICATE: a card sits in cards_review and was never given a G0 decision. Needs approve or reject with a reason - not a registry edit.
QM5_1201,qp-sp500-vixrv-long,2026-05-18,Research,CARD_REJECTED,RETIRE,0,"RETIRE: card carries a terminal g0_status REJECTED with an explicit g0_rejection_reason; the registry slug still matches that card (the id was never re-purposed); no EA directory, no work_items, no magic rows."
QM5_12010,qc-vrp-jade-lizard,2026-05-26,Research,CARD_review,ADJUDICATE,0,ADJUDICATE: a card sits in cards_review and was never given a G0 decision. Needs approve or reject with a reason - not a registry edit.
QM5_12011,qc-asset-class-tf,2026-05-26,Research,CARD_review,ADJUDICATE,0,ADJUDICATE: a card sits in cards_review and was never given a G0 decision. Needs approve or reject with a reason - not a registry edit.
QM5_12012,qc-january-barometer,2026-05-26,Research,CARD_review,ADJUDICATE,0,ADJUDICATE: a card sits in cards_review and was never given a G0 decision. Needs approve or reject with a reason - not a registry edit.
QM5_12013,qc-pairs-kalman,2026-05-26,Research,CARD_review,ADJUDICATE,0,ADJUDICATE: a card sits in cards_review and was never given a G0 decision. Needs approve or reject with a reason - not a registry edit.
QM5_12014,qc-fx-multi-factor-alpha,2026-05-26,Research,CARD_review,ADJUDICATE,0,ADJUDICATE: a card sits in cards_review and was never given a G0 decision. Needs approve or reject with a reason - not a registry edit.
QM5_12015,qc-fx-currency-strength-index,2026-05-26,Research,CARD_review,ADJUDICATE,0,ADJUDICATE: a card sits in cards_review and was never given a G0 decision. Needs approve or reject with a reason - not a registry edit.
QM5_12016,qc-fx-short-term-rates-lag,2026-05-26,Research,CARD_review,ADJUDICATE,0,ADJUDICATE: a card sits in cards_review and was never given a G0 decision. Needs approve or reject with a reason - not a registry edit.
QM5_12017,qc-fx-big-mac-ppp,2026-05-26,Research,CARD_review,ADJUDICATE,0,ADJUDICATE: a card sits in cards_review and was never given a G0 decision. Needs approve or reject with a reason - not a registry edit.
QM5_12018,ru-kravchuk-digital-filters,2026-05-26,Research,CARD_review,ADJUDICATE,0,ADJUDICATE: a card sits in cards_review and was never given a G0 decision. Needs approve or reject with a reason - not a registry edit.
QM5_12019,ru-garch-quantile-action,2026-05-26,Research,CARD_review,ADJUDICATE,0,ADJUDICATE: a card sits in cards_review and was never given a G0 decision. Needs approve or reject with a reason - not a registry edit.
QM5_12020,ru-fourier-extrapolation,2026-05-26,Research,CARD_review,ADJUDICATE,0,ADJUDICATE: a card sits in cards_review and was never given a G0 decision. Needs approve or reject with a reason - not a registry edit.
QM5_12021,ru-hmm-regime-switching,2026-05-26,Research,CARD_review,ADJUDICATE,0,ADJUDICATE: a card sits in cards_review and was never given a G0 decision. Needs approve or reject with a reason - not a registry edit.
QM5_12022,prop-london-ny-breakout,2026-05-26,Research,CARD_review,ADJUDICATE,0,ADJUDICATE: a card sits in cards_review and was never given a G0 decision. Needs approve or reject with a reason - not a registry edit.
QM5_12023,prop-ict-silver-bullet,2026-05-26,Research,CARD_review,ADJUDICATE,0,ADJUDICATE: a card sits in cards_review and was never given a G0 decision. Needs approve or reject with a reason - not a registry edit.
QM5_12024,prop-ict-unicorn,2026-05-26,Research,CARD_review,ADJUDICATE,0,ADJUDICATE: a card sits in cards_review and was never given a G0 decision. Needs approve or reject with a reason - not a registry edit.
QM5_12025,prop-nq-vwap-reversion,2026-05-26,Research,CARD_review,ADJUDICATE,0,ADJUDICATE: a card sits in cards_review and was never given a G0 decision. Needs approve or reject with a reason - not a registry edit.
QM5_12026,prop-gold-m15-trend,2026-05-26,Research,CARD_review,ADJUDICATE,0,ADJUDICATE: a card sits in cards_review and was never given a G0 decision. Needs approve or reject with a reason - not a registry edit.
QM5_12027,ru-spider-gold-smc,2026-05-26,Research,CARD_review,ADJUDICATE,0,ADJUDICATE: a card sits in cards_review and was never given a G0 decision. Needs approve or reject with a reason - not a registry edit.
QM5_12028,ru-silent-ilan-fixed,2026-05-26,Research,CARD_review,ADJUDICATE,0,ADJUDICATE: a card sits in cards_review and was never given a G0 decision. Needs approve or reject with a reason - not a registry edit.
QM5_12029,ru-ppr-reversal-mech,2026-05-26,Research,CARD_review,ADJUDICATE,0,ADJUDICATE: a card sits in cards_review and was never given a G0 decision. Needs approve or reject with a reason - not a registry edit.
QM5_12030,ru-basket-zscore-arb,2026-05-26,Research,CARD_review,ADJUDICATE,0,ADJUDICATE: a card sits in cards_review and was never given a G0 decision. Needs approve or reject with a reason - not a registry edit.
QM5_12031,ru-t101-basket-hedge,2026-05-26,Research,CARD_review,ADJUDICATE,0,ADJUDICATE: a card sits in cards_review and was never given a G0 decision. Needs approve or reject with a reason - not a registry edit.
QM5_12032,ru-skyline-relative-mom,2026-05-26,Research,CARD_review,ADJUDICATE,0,ADJUDICATE: a card sits in cards_review and was never given a G0 decision. Needs approve or reject with a reason - not a registry edit.
QM5_12033,ru-twister-gold-veto,2026-05-26,Research,CARD_review,ADJUDICATE,0,ADJUDICATE: a card sits in cards_review and was never given a G0 decision. Needs approve or reject with a reason - not a registry edit.
QM5_12034,ru-adaptive-breakthrough,2026-05-26,Research,CARD_review,ADJUDICATE,0,ADJUDICATE: a card sits in cards_review and was never given a G0 decision. Needs approve or reject with a reason - not a registry edit.
QM5_12035,ru-cluster-delta-cvd,2026-05-26,Research,CARD_review,ADJUDICATE,0,ADJUDICATE: a card sits in cards_review and was never given a G0 decision. Needs approve or reject with a reason - not a registry edit.
QM5_12036,ru-fisher-rsi-square,2026-05-26,Research,CARD_review,ADJUDICATE,0,ADJUDICATE: a card sits in cards_review and was never given a G0 decision. Needs approve or reject with a reason - not a registry edit.
QM5_12037,ru-tdi-angle-attack,2026-05-26,Research,CARD_review,ADJUDICATE,0,ADJUDICATE: a card sits in cards_review and was never given a G0 decision. Needs approve or reject with a reason - not a registry edit.
QM5_12038,ru-poc-retest-vol,2026-05-26,Research,CARD_review,ADJUDICATE,0,ADJUDICATE: a card sits in cards_review and was never given a G0 decision. Needs approve or reject with a reason - not a registry edit.
QM5_12039,ru-ctr-box-breakout,2026-05-26,Research,CARD_review,ADJUDICATE,0,ADJUDICATE: a card sits in cards_review and was never given a G0 decision. Needs approve or reject with a reason - not a registry edit.
QM5_12040,ru-catboost-classifier,2026-05-26,Research,CARD_REJECTED,RETIRE,0,"RETIRE: card carries a terminal g0_status REJECTED with an explicit g0_rejection_reason; the registry slug still matches that card (the id was never re-purposed); no EA directory, no work_items, no magic rows."
QM5_12041,ru-tick-density-hft,2026-05-26,Research,CARD_review,ADJUDICATE,0,ADJUDICATE: a card sits in cards_review and was never given a G0 decision. Needs approve or reject with a reason - not a registry edit.
QM5_12042,ru-safe-dynamic-grid,2026-05-26,Research,CARD_review,ADJUDICATE,0,ADJUDICATE: a card sits in cards_review and was never given a G0 decision. Needs approve or reject with a reason - not a registry edit.
QM5_12043,ru-adaptive-walkforward,2026-05-26,Research,CARD_review,ADJUDICATE,0,ADJUDICATE: a card sits in cards_review and was never given a G0 decision. Needs approve or reject with a reason - not a registry edit.
QM5_12044,pro-delta-absorption,2026-05-26,Research,CARD_review,ADJUDICATE,0,ADJUDICATE: a card sits in cards_review and was never given a G0 decision. Needs approve or reject with a reason - not a registry edit.
QM5_12045,pro-inst-mean-rev,2026-05-26,Research,CARD_review,ADJUDICATE,0,ADJUDICATE: a card sits in cards_review and was never given a G0 decision. Needs approve or reject with a reason - not a registry edit.
QM5_12046,pro-brooks-h2l2,2026-05-26,Research,CARD_review,ADJUDICATE,0,ADJUDICATE: a card sits in cards_review and was never given a G0 decision. Needs approve or reject with a reason - not a registry edit.
QM5_12047,pro-nr7-contraction,2026-05-26,Research,CARD_review,ADJUDICATE,0,ADJUDICATE: a card sits in cards_review and was never given a G0 decision. Needs approve or reject with a reason - not a registry edit.
QM5_12048,pro-vola-squeeze,2026-05-26,Research,CARD_review,ADJUDICATE,0,ADJUDICATE: a card sits in cards_review and was never given a G0 decision. Needs approve or reject with a reason - not a registry edit.
QM5_12049,pro-liquidity-void-fill,2026-05-26,Research,CARD_review,ADJUDICATE,0,ADJUDICATE: a card sits in cards_review and was never given a G0 decision. Needs approve or reject with a reason - not a registry edit.
QM5_12050,pro-orb-5min-opt,2026-05-26,Research,CARD_review,ADJUDICATE,0,ADJUDICATE: a card sits in cards_review and was never given a G0 decision. Needs approve or reject with a reason - not a registry edit.
QM5_12051,yt-rayner-200day-tf,2026-05-26,Research,CARD_review,ADJUDICATE,0,ADJUDICATE: a card sits in cards_review and was never given a G0 decision. Needs approve or reject with a reason - not a registry edit.
QM5_12052,yt-secret-bb-squeeze,2026-05-26,Research,CARD_review,ADJUDICATE,0,ADJUDICATE: a card sits in cards_review and was never given a G0 decision. Needs approve or reject with a reason - not a registry edit.
QM5_12053,yt-tsg-tdi-allinone,2026-05-26,Research,CARD_review,ADJUDICATE,0,ADJUDICATE: a card sits in cards_review and was never given a G0 decision. Needs approve or reject with a reason - not a registry edit.
QM5_12054,yt-triple-supertrend-ema,2026-05-26,Research,CARD_review,ADJUDICATE,0,ADJUDICATE: a card sits in cards_review and was never given a G0 decision. Needs approve or reject with a reason - not a registry edit.
QM5_12055,yt-secret-monday-sweep,2026-05-26,Research,CARD_review,ADJUDICATE,0,ADJUDICATE: a card sits in cards_review and was never given a G0 decision. Needs approve or reject with a reason - not a registry edit.
QM5_12056,yt-apex-swing-smc,2026-05-26,Research,CARD_review,ADJUDICATE,0,ADJUDICATE: a card sits in cards_review and was never given a G0 decision. Needs approve or reject with a reason - not a registry edit.
QM5_12057,yt-3step-checklist-day,2026-05-26,Research,CARD_review,ADJUDICATE,0,ADJUDICATE: a card sits in cards_review and was never given a G0 decision. Needs approve or reject with a reason - not a registry edit.
QM5_12058,yt-ema-rsi-2025,2026-05-26,Research,CARD_review,ADJUDICATE,0,ADJUDICATE: a card sits in cards_review and was never given a G0 decision. Needs approve or reject with a reason - not a registry edit.
QM5_12059,yt-rockzfx-1cdt,2026-05-26,Research,CARD_review,ADJUDICATE,0,ADJUDICATE: a card sits in cards_review and was never given a G0 decision. Needs approve or reject with a reason - not a registry edit.
QM5_12060,yt-orb-vwap-bias,2026-05-26,Research,CARD_review,ADJUDICATE,0,ADJUDICATE: a card sits in cards_review and was never given a G0 decision. Needs approve or reject with a reason - not a registry edit.
QM5_12061,yt-ict-amd-po3,2026-05-26,Research,CARD_review,ADJUDICATE,0,ADJUDICATE: a card sits in cards_review and was never given a G0 decision. Needs approve or reject with a reason - not a registry edit.
QM5_12062,yt-karyong-structure,2026-05-26,Research,CARD_review,ADJUDICATE,0,ADJUDICATE: a card sits in cards_review and was never given a G0 decision. Needs approve or reject with a reason - not a registry edit.
QM5_12063,yt-prob-tdt-levels,2026-05-26,Research,CARD_review,ADJUDICATE,0,ADJUDICATE: a card sits in cards_review and was never given a G0 decision. Needs approve or reject with a reason - not a registry edit.
QM5_12064,yt-inst-gap-fill,2026-05-26,Research,CARD_review,ADJUDICATE,0,ADJUDICATE: a card sits in cards_review and was never given a G0 decision. Needs approve or reject with a reason - not a registry edit.
QM5_12065,yt-ict-ote-fib,2026-05-26,Research,CARD_review,ADJUDICATE,0,ADJUDICATE: a card sits in cards_review and was never given a G0 decision. Needs approve or reject with a reason - not a registry edit.
QM5_12066,yt-ema-stack-momentum,2026-05-26,Research,CARD_review,ADJUDICATE,0,ADJUDICATE: a card sits in cards_review and was never given a G0 decision. Needs approve or reject with a reason - not a registry edit.
QM5_12067,yt-smc-orderblock-mitigation,2026-05-26,Research,CARD_review,ADJUDICATE,0,ADJUDICATE: a card sits in cards_review and was never given a G0 decision. Needs approve or reject with a reason - not a registry edit.
QM5_12068,yt-ha-smoothed-scalp,2026-05-26,Research,CARD_review,ADJUDICATE,0,ADJUDICATE: a card sits in cards_review and was never given a G0 decision. Needs approve or reject with a reason - not a registry edit.
QM5_12069,enhanced-rapid-fire-scalp,2026-05-26,Research,NO_CARD_ANYWHERE,RETIRE,0,"RETIRE: id was reserved before the current card process (316 of 321 date from 2026-05, 260 owned by the retired ""DeepSeek"" provenance) and no card exists in any pool; nothing is lost by retiring it because no strategy was ever written."
QM5_12070,enhanced-triple-filter,2026-05-26,Research,NO_CARD_ANYWHERE,RETIRE,0,"RETIRE: id was reserved before the current card process (316 of 321 date from 2026-05, 260 owned by the retired ""DeepSeek"" provenance) and no card exists in any pool; nothing is lost by retiring it because no strategy was ever written."
QM5_12071,enhanced-fvg-smc-mech,2026-05-26,Research,NO_CARD_ANYWHERE,RETIRE,0,"RETIRE: id was reserved before the current card process (316 of 321 date from 2026-05, 260 owned by the retired ""DeepSeek"" provenance) and no card exists in any pool; nothing is lost by retiring it because no strategy was ever written."
QM5_12072,enhanced-zone-recovery-safe,2026-05-26,Research,NO_CARD_ANYWHERE,RETIRE,0,"RETIRE: id was reserved before the current card process (316 of 321 date from 2026-05, 260 owned by the retired ""DeepSeek"" provenance) and no card exists in any pool; nothing is lost by retiring it because no strategy was ever written."
QM5_12073,enhanced-crt-amd-breakout,2026-05-26,Research,NO_CARD_ANYWHERE,RETIRE,0,"RETIRE: id was reserved before the current card process (316 of 321 date from 2026-05, 260 owned by the retired ""DeepSeek"" provenance) and no card exists in any pool; nothing is lost by retiring it because no strategy was ever written."
QM5_12075,qp-january-barometer,2026-05-26,DeepSeek,NO_CARD_ANYWHERE,RETIRE,0,"RETIRE: id was reserved before the current card process (316 of 321 date from 2026-05, 260 owned by the retired ""DeepSeek"" provenance) and no card exists in any pool; nothing is lost by retiring it because no strategy was ever written."
QM5_12076,hopwood-dmi-cross-h1,2026-05-26,DeepSeek,NO_CARD_ANYWHERE,RETIRE,0,"RETIRE: id was reserved before the current card process (316 of 321 date from 2026-05, 260 owned by the retired ""DeepSeek"" provenance) and no card exists in any pool; nothing is lost by retiring it because no strategy was ever written."
QM5_12077,QM5_1228_hopwood-stochastic-cross-h1,2026-05-26,DeepSeek,NO_CARD_ANYWHERE,RETIRE,0,"RETIRE: id was reserved before the current card process (316 of 321 date from 2026-05, 260 owned by the retired ""DeepSeek"" provenance) and no card exists in any pool; nothing is lost by retiring it because no strategy was ever written."
QM5_12078,QM5_1229_hopwood-ma-rainbow-h4,2026-05-26,DeepSeek,NO_CARD_ANYWHERE,RETIRE,0,"RETIRE: id was reserved before the current card process (316 of 321 date from 2026-05, 260 owned by the retired ""DeepSeek"" provenance) and no card exists in any pool; nothing is lost by retiring it because no strategy was ever written."
QM5_12079,QM5_1230_renko-color-streak-h1,2026-05-26,DeepSeek,NO_CARD_ANYWHERE,RETIRE,0,"RETIRE: id was reserved before the current card process (316 of 321 date from 2026-05, 260 owned by the retired ""DeepSeek"" provenance) and no card exists in any pool; nothing is lost by retiring it because no strategy was ever written."
QM5_12080,QM5_1327_chande-vidya-trend-h4,2026-05-26,DeepSeek,NO_CARD_ANYWHERE,RETIRE,0,"RETIRE: id was reserved before the current card process (316 of 321 date from 2026-05, 260 owned by the retired ""DeepSeek"" provenance) and no card exists in any pool; nothing is lost by retiring it because no strategy was ever written."
QM5_12081,QM5_1330_renko-double-flip-confirm-h1,2026-05-26,DeepSeek,NO_CARD_ANYWHERE,RETIRE,0,"RETIRE: id was reserved before the current card process (316 of 321 date from 2026-05, 260 owned by the retired ""DeepSeek"" provenance) and no card exists in any pool; nothing is lost by retiring it because no strategy was ever written."
QM5_12082,QM5_1404_brooks-expanded-micro-channel-h1,2026-05-26,DeepSeek,NO_CARD_ANYWHERE,RETIRE,0,"RETIRE: id was reserved before the current card process (316 of 321 date from 2026-05, 260 owned by the retired ""DeepSeek"" provenance) and no card exists in any pool; nothing is lost by retiring it because no strategy was ever written."
QM5_12083,QM5_1405_classical-ascending-triangle-breakout-h4,2026-05-26,DeepSeek,NO_CARD_ANYWHERE,RETIRE,0,"RETIRE: id was reserved before the current card process (316 of 321 date from 2026-05, 260 owned by the retired ""DeepSeek"" provenance) and no card exists in any pool; nothing is lost by retiring it because no strategy was ever written."
QM5_12084,QM5_1424_classical-triple-top-reversal-h4,2026-05-26,DeepSeek,NO_CARD_ANYWHERE,RETIRE,0,"RETIRE: id was reserved before the current card process (316 of 321 date from 2026-05, 260 owned by the retired ""DeepSeek"" provenance) and no card exists in any pool; nothing is lost by retiring it because no strategy was ever written."
QM5_12085,QM5_1428_wyckoff-phase-e-markdown-continuation-h4,2026-05-26,DeepSeek,NO_CARD_ANYWHERE,RETIRE,0,"RETIRE: id was reserved before the current card process (316 of 321 date from 2026-05, 260 owned by the retired ""DeepSeek"" provenance) and no card exists in any pool; nothing is lost by retiring it because no strategy was ever written."
QM5_12086,QM5_1582_ehlers-super-smoother-h4,2026-05-26,DeepSeek,NO_CARD_ANYWHERE,RETIRE,0,"RETIRE: id was reserved before the current card process (316 of 321 date from 2026-05, 260 owned by the retired ""DeepSeek"" provenance) and no card exists in any pool; nothing is lost by retiring it because no strategy was ever written."
QM5_12087,QM5_1583_sperandeo-tlb-refinement-h4,2026-05-26,DeepSeek,NO_CARD_ANYWHERE,RETIRE,0,"RETIRE: id was reserved before the current card process (316 of 321 date from 2026-05, 260 owned by the retired ""DeepSeek"" provenance) and no card exists in any pool; nothing is lost by retiring it because no strategy was ever written."
QM5_12088,QM5_1601_demark-td-reverse-differential-h4,2026-05-26,DeepSeek,NO_CARD_ANYWHERE,RETIRE,0,"RETIRE: id was reserved before the current card process (316 of 321 date from 2026-05, 260 owned by the retired ""DeepSeek"" provenance) and no card exists in any pool; nothing is lost by retiring it because no strategy was ever written."
QM5_12089,QM5_1617_mql5-sar-sma-rapid,2026-05-26,DeepSeek,NO_CARD_ANYWHERE,RETIRE,0,"RETIRE: id was reserved before the current card process (316 of 321 date from 2026-05, 260 owned by the retired ""DeepSeek"" provenance) and no card exists in any pool; nothing is lost by retiring it because no strategy was ever written."
QM5_12090,QM5_1618_mql5-ma-support,2026-05-26,DeepSeek,NO_CARD_ANYWHERE,RETIRE,0,"RETIRE: id was reserved before the current card process (316 of 321 date from 2026-05, 260 owned by the retired ""DeepSeek"" provenance) and no card exists in any pool; nothing is lost by retiring it because no strategy was ever written."
QM5_12091,QM5_1635_mql5-donchian-break,2026-05-26,DeepSeek,NO_CARD_ANYWHERE,RETIRE,0,"RETIRE: id was reserved before the current card process (316 of 321 date from 2026-05, 260 owned by the retired ""DeepSeek"" provenance) and no card exists in any pool; nothing is lost by retiring it because no strategy was ever written."
QM5_12092,QM5_1637_mql5-golden-death,2026-05-26,DeepSeek,NO_CARD_ANYWHERE,RETIRE,0,"RETIRE: id was reserved before the current card process (316 of 321 date from 2026-05, 260 owned by the retired ""DeepSeek"" provenance) and no card exists in any pool; nothing is lost by retiring it because no strategy was ever written."
QM5_12093,QM5_1647_hopwood-bermaui-macd-h4,2026-05-26,DeepSeek,NO_CARD_ANYWHERE,RETIRE,0,"RETIRE: id was reserved before the current card process (316 of 321 date from 2026-05, 260 owned by the retired ""DeepSeek"" provenance) and no card exists in any pool; nothing is lost by retiring it because no strategy was ever written."
QM5_12094,QM5_1648_ehlers-ebsw-cycle-composite-h4,2026-05-26,DeepSeek,NO_CARD_ANYWHERE,RETIRE,0,"RETIRE: id was reserved before the current card process (316 of 321 date from 2026-05, 260 owned by the retired ""DeepSeek"" provenance) and no card exists in any pool; nothing is lost by retiring it because no strategy was ever written."
QM5_12095,QM5_1649_robopip-hlhb-trend-catcher-h1,2026-05-26,DeepSeek,NO_CARD_ANYWHERE,RETIRE,0,"RETIRE: id was reserved before the current card process (316 of 321 date from 2026-05, 260 owned by the retired ""DeepSeek"" provenance) and no card exists in any pool; nothing is lost by retiring it because no strategy was ever written."
QM5_12096,QM5_1649_sperandeo-trend-fault-line-h4,2026-05-26,DeepSeek,NO_CARD_ANYWHERE,RETIRE,0,"RETIRE: id was reserved before the current card process (316 of 321 date from 2026-05, 260 owned by the retired ""DeepSeek"" provenance) and no card exists in any pool; nothing is lost by retiring it because no strategy was ever written."
QM5_12097,QM5_9166_tv-kn-ema-cross-atr-tp,2026-05-26,DeepSeek,NO_CARD_ANYWHERE,RETIRE,0,"RETIRE: id was reserved before the current card process (316 of 321 date from 2026-05, 260 owned by the retired ""DeepSeek"" provenance) and no card exists in any pool; nothing is lost by retiring it because no strategy was ever written."
QM5_12098,mql5-macd-obv-div,2026-05-26,DeepSeek,NO_CARD_ANYWHERE,RETIRE,0,"RETIRE: id was reserved before the current card process (316 of 321 date from 2026-05, 260 owned by the retired ""DeepSeek"" provenance) and no card exists in any pool; nothing is lost by retiring it because no strategy was ever written."
QM5_12099,mql5-ha-ema-trend,2026-05-26,DeepSeek,NO_CARD_ANYWHERE,RETIRE,0,"RETIRE: id was reserved before the current card process (316 of 321 date from 2026-05, 260 owned by the retired ""DeepSeek"" provenance) and no card exists in any pool; nothing is lost by retiring it because no strategy was ever written."
QM5_12100,QM5_9199_mql5-mfi-trend,2026-05-26,DeepSeek,NO_CARD_ANYWHERE,RETIRE,0,"RETIRE: id was reserved before the current card process (316 of 321 date from 2026-05, 260 owned by the retired ""DeepSeek"" provenance) and no card exists in any pool; nothing is lost by retiring it because no strategy was ever written."
QM5_12101,QM5_9220_mql5-rvi-ma,2026-05-26,DeepSeek,NO_CARD_ANYWHERE,RETIRE,0,"RETIRE: id was reserved before the current card process (316 of 321 date from 2026-05, 260 owned by the retired ""DeepSeek"" provenance) and no card exists in any pool; nothing is lost by retiring it because no strategy was ever written."
QM5_12102,QM5_9221_mql5-chaikin-zero,2026-05-26,DeepSeek,NO_CARD_ANYWHERE,RETIRE,0,"RETIRE: id was reserved before the current card process (316 of 321 date from 2026-05, 260 owned by the retired ""DeepSeek"" provenance) and no card exists in any pool; nothing is lost by retiring it because no strategy was ever written."
QM5_12103,QM5_9221_mql5-stddev-ma,2026-05-26,DeepSeek,NO_CARD_ANYWHERE,RETIRE,0,"RETIRE: id was reserved before the current card process (316 of 321 date from 2026-05, 260 owned by the retired ""DeepSeek"" provenance) and no card exists in any pool; nothing is lost by retiring it because no strategy was ever written."
QM5_12104,QM5_9222_mql5-force-ema,2026-05-26,DeepSeek,NO_CARD_ANYWHERE,RETIRE,0,"RETIRE: id was reserved before the current card process (316 of 321 date from 2026-05, 260 owned by the retired ""DeepSeek"" provenance) and no card exists in any pool; nothing is lost by retiring it because no strategy was ever written."
QM5_12105,QM5_9222_mql5-gator-ma,2026-05-26,DeepSeek,NO_CARD_ANYWHERE,RETIRE,0,"RETIRE: id was reserved before the current card process (316 of 321 date from 2026-05, 260 owned by the retired ""DeepSeek"" provenance) and no card exists in any pool; nothing is lost by retiring it because no strategy was ever written."
QM5_12106,QM5_9283_pring-coppock-h4-variant,2026-05-26,DeepSeek,NO_CARD_ANYWHERE,RETIRE,0,"RETIRE: id was reserved before the current card process (316 of 321 date from 2026-05, 260 owned by the retired ""DeepSeek"" provenance) and no card exists in any pool; nothing is lost by retiring it because no strategy was ever written."
QM5_12107,QM5_9284_mql5-aroon-cross,2026-05-26,DeepSeek,NO_CARD_ANYWHERE,RETIRE,0,"RETIRE: id was reserved before the current card process (316 of 321 date from 2026-05, 260 owned by the retired ""DeepSeek"" provenance) and no card exists in any pool; nothing is lost by retiring it because no strategy was ever written."
QM5_12118,QM5_1297_coppock-curve-cross-zero-w1,2026-05-26,DeepSeek,NO_CARD_ANYWHERE,RETIRE,0,"RETIRE: id was reserved before the current card process (316 of 321 date from 2026-05, 260 owned by the retired ""DeepSeek"" provenance) and no card exists in any pool; nothing is lost by retiring it because no strategy was ever written."
QM5_12119,QM5_1298_kst-know-sure-thing-cross-d1,2026-05-26,DeepSeek,NO_CARD_ANYWHERE,RETIRE,0,"RETIRE: id was reserved before the current card process (316 of 321 date from 2026-05, 260 owned by the retired ""DeepSeek"" provenance) and no card exists in any pool; nothing is lost by retiring it because no strategy was ever written."
QM5_12120,QM5_1305_camarilla-vwap-confluence-intraday,2026-05-26,DeepSeek,NO_CARD_ANYWHERE,RETIRE,0,"RETIRE: id was reserved before the current card process (316 of 321 date from 2026-05, 260 owned by the retired ""DeepSeek"" provenance) and no card exists in any pool; nothing is lost by retiring it because no strategy was ever written."
QM5_12121,QM5_1309_bressert-dss-slope-h1,2026-05-26,DeepSeek,NO_CARD_ANYWHERE,RETIRE,0,"RETIRE: id was reserved before the current card process (316 of 321 date from 2026-05, 260 owned by the retired ""DeepSeek"" provenance) and no card exists in any pool; nothing is lost by retiring it because no strategy was ever written."
QM5_12122,QM5_1311_carter-ttm-wave-h1,2026-05-26,DeepSeek,NO_CARD_ANYWHERE,RETIRE,0,"RETIRE: id was reserved before the current card process (316 of 321 date from 2026-05, 260 owned by the retired ""DeepSeek"" provenance) and no card exists in any pool; nothing is lost by retiring it because no strategy was ever written."
QM5_12123,QM5_1313_heiken-ashi-smoothed-flip-h1,2026-05-26,DeepSeek,NO_CARD_ANYWHERE,RETIRE,0,"RETIRE: id was reserved before the current card process (316 of 321 date from 2026-05, 260 owned by the retired ""DeepSeek"" provenance) and no card exists in any pool; nothing is lost by retiring it because no strategy was ever written."
QM5_12124,QM5_1314_vwap-sigma-bands-breakout-m15,2026-05-26,DeepSeek,NO_CARD_ANYWHERE,RETIRE,0,"RETIRE: id was reserved before the current card process (316 of 321 date from 2026-05, 260 owned by the retired ""DeepSeek"" provenance) and no card exists in any pool; nothing is lost by retiring it because no strategy was ever written."
QM5_12125,QM5_1315_alma-ichimoku-h1,2026-05-26,DeepSeek,NO_CARD_ANYWHERE,RETIRE,0,"RETIRE: id was reserved before the current card process (316 of 321 date from 2026-05, 260 owned by the retired ""DeepSeek"" provenance) and no card exists in any pool; nothing is lost by retiring it because no strategy was ever written."
QM5_12126,QM5_1316_tom-fps-stochastic-h1,2026-05-26,DeepSeek,NO_CARD_ANYWHERE,RETIRE,0,"RETIRE: id was reserved before the current card process (316 of 321 date from 2026-05, 260 owned by the retired ""DeepSeek"" provenance) and no card exists in any pool; nothing is lost by retiring it because no strategy was ever written."
QM5_12127,QM5_1317_kase-peak-oscillator-h1,2026-05-26,DeepSeek,NO_CARD_ANYWHERE,RETIRE,0,"RETIRE: id was reserved before the current card process (316 of 321 date from 2026-05, 260 owned by the retired ""DeepSeek"" provenance) and no card exists in any pool; nothing is lost by retiring it because no strategy was ever written."
QM5_12128,QM5_1318_tom-fps-donchian-h1,2026-05-26,DeepSeek,NO_CARD_ANYWHERE,RETIRE,0,"RETIRE: id was reserved before the current card process (316 of 321 date from 2026-05, 260 owned by the retired ""DeepSeek"" provenance) and no card exists in any pool; nothing is lost by retiring it because no strategy was ever written."
QM5_12129,QM5_1319_carter-squeeze-pro-4regime-h1,2026-05-26,DeepSeek,NO_CARD_ANYWHERE,RETIRE,0,"RETIRE: id was reserved before the current card process (316 of 321 date from 2026-05, 260 owned by the retired ""DeepSeek"" provenance) and no card exists in any pool; nothing is lost by retiring it because no strategy was ever written."
QM5_12130,QM5_1320_vwap-sigma-band-fade-intraday,2026-05-26,DeepSeek,NO_CARD_ANYWHERE,RETIRE,0,"RETIRE: id was reserved before the current card process (316 of 321 date from 2026-05, 260 owned by the retired ""DeepSeek"" provenance) and no card exists in any pool; nothing is lost by retiring it because no strategy was ever written."
QM5_12131,QM5_1322_connors-rsi2-fx-port-d1,2026-05-26,DeepSeek,NO_CARD_ANYWHERE,RETIRE,0,"RETIRE: id was reserved before the current card process (316 of 321 date from 2026-05, 260 owned by the retired ""DeepSeek"" provenance) and no card exists in any pool; nothing is lost by retiring it because no strategy was ever written."
QM5_12132,QM5_1324_carter-ttm-squeeze-pro-h1,2026-05-26,DeepSeek,NO_CARD_ANYWHERE,RETIRE,0,"RETIRE: id was reserved before the current card process (316 of 321 date from 2026-05, 260 owned by the retired ""DeepSeek"" provenance) and no card exists in any pool; nothing is lost by retiring it because no strategy was ever written."
QM5_12133,QM5_1325_connors-rsi2-fx-intraday-h1,2026-05-26,DeepSeek,NO_CARD_ANYWHERE,RETIRE,0,"RETIRE: id was reserved before the current card process (316 of 321 date from 2026-05, 260 owned by the retired ""DeepSeek"" provenance) and no card exists in any pool; nothing is lost by retiring it because no strategy was ever written."
QM5_12134,QM5_1326_tom-fps-donchian-h4,2026-05-26,DeepSeek,NO_CARD_ANYWHERE,RETIRE,0,"RETIRE: id was reserved before the current card process (316 of 321 date from 2026-05, 260 owned by the retired ""DeepSeek"" provenance) and no card exists in any pool; nothing is lost by retiring it because no strategy was ever written."
QM5_12135,QM5_1327_brooks-pin-bar-reversal-h4,2026-05-26,DeepSeek,NO_CARD_ANYWHERE,RETIRE,0,"RETIRE: id was reserved before the current card process (316 of 321 date from 2026-05, 260 owned by the retired ""DeepSeek"" provenance) and no card exists in any pool; nothing is lost by retiring it because no strategy was ever written."
QM5_12136,QM5_1327_chande-vidya-trend-h4,2026-05-26,DeepSeek,NO_CARD_ANYWHERE,RETIRE,0,"RETIRE: id was reserved before the current card process (316 of 321 date from 2026-05, 260 owned by the retired ""DeepSeek"" provenance) and no card exists in any pool; nothing is lost by retiring it because no strategy was ever written."
QM5_12137,QM5_1329_raschke-holy-grail-adx-pullback-h1,2026-05-26,DeepSeek,NO_CARD_ANYWHERE,RETIRE,0,"RETIRE: id was reserved before the current card process (316 of 321 date from 2026-05, 260 owned by the retired ""DeepSeek"" provenance) and no card exists in any pool; nothing is lost by retiring it because no strategy was ever written."
QM5_12138,QM5_1330_demark-td-pressure-h4,2026-05-26,DeepSeek,NO_CARD_ANYWHERE,RETIRE,0,"RETIRE: id was reserved before the current card process (316 of 321 date from 2026-05, 260 owned by the retired ""DeepSeek"" provenance) and no card exists in any pool; nothing is lost by retiring it because no strategy was ever written."
QM5_12139,QM5_1330_renko-double-flip-confirm-h1,2026-05-26,DeepSeek,NO_CARD_ANYWHERE,RETIRE,0,"RETIRE: id was reserved before the current card process (316 of 321 date from 2026-05, 260 owned by the retired ""DeepSeek"" provenance) and no card exists in any pool; nothing is lost by retiring it because no strategy was ever written."
QM5_12140,QM5_1347_lebeau-chandelier-exit-trail-h4,2026-05-26,DeepSeek,NO_CARD_ANYWHERE,RETIRE,0,"RETIRE: id was reserved before the current card process (316 of 321 date from 2026-05, 260 owned by the retired ""DeepSeek"" provenance) and no card exists in any pool; nothing is lost by retiring it because no strategy was ever written."
QM5_12141,QM5_1348_wilder-adx-di-cross-system-h1,2026-05-26,DeepSeek,NO_CARD_ANYWHERE,RETIRE,0,"RETIRE: id was reserved before the current card process (316 of 321 date from 2026-05, 260 owned by the retired ""DeepSeek"" provenance) and no card exists in any pool; nothing is lost by retiring it because no strategy was ever written."
QM5_12142,QM5_1349_williams-vol-breakout-prevday-range-h1,2026-05-26,DeepSeek,NO_CARD_ANYWHERE,RETIRE,0,"RETIRE: id was reserved before the current card process (316 of 321 date from 2026-05, 260 owned by the retired ""DeepSeek"" provenance) and no card exists in any pool; nothing is lost by retiring it because no strategy was ever written."
QM5_12143,QM5_1350_tom-fps-williams-percent-r-h1,2026-05-26,DeepSeek,NO_CARD_ANYWHERE,RETIRE,0,"RETIRE: id was reserved before the current card process (316 of 321 date from 2026-05, 260 owned by the retired ""DeepSeek"" provenance) and no card exists in any pool; nothing is lost by retiring it because no strategy was ever written."
QM5_12144,QM5_1351_frankfurt-box-first-hour-breakout-m30,2026-05-26,DeepSeek,NO_CARD_ANYWHERE,RETIRE,0,"RETIRE: id was reserved before the current card process (316 of 321 date from 2026-05, 260 owned by the retired ""DeepSeek"" provenance) and no card exists in any pool; nothing is lost by retiring it because no strategy was ever written."
QM5_12145,QM5_1352_murrey-math-octave-reaction-h1,2026-05-26,DeepSeek,NO_CARD_ANYWHERE,RETIRE,0,"RETIRE: id was reserved before the current card process (316 of 321 date from 2026-05, 260 owned by the retired ""DeepSeek"" provenance) and no card exists in any pool; nothing is lost by retiring it because no strategy was ever written."
QM5_12146,QM5_1353_fisher-transform-zerocross-h1,2026-05-26,DeepSeek,NO_CARD_ANYWHERE,RETIRE,0,"RETIRE: id was reserved before the current card process (316 of 321 date from 2026-05, 260 owned by the retired ""DeepSeek"" provenance) and no card exists in any pool; nothing is lost by retiring it because no strategy was ever written."
QM5_12147,QM5_1362_brooks-2bar-reversal-h4,2026-05-26,DeepSeek,NO_CARD_ANYWHERE,RETIRE,0,"RETIRE: id was reserved before the current card process (316 of 321 date from 2026-05, 260 owned by the retired ""DeepSeek"" provenance) and no card exists in any pool; nothing is lost by retiring it because no strategy was ever written."
QM5_12148,QM5_1363_brooks-wedge-3push-h4,2026-05-26,DeepSeek,NO_CARD_ANYWHERE,RETIRE,0,"RETIRE: id was reserved before the current card process (316 of 321 date from 2026-05, 260 owned by the retired ""DeepSeek"" provenance) and no card exists in any pool; nothing is lost by retiring it because no strategy was ever written."
QM5_12149,QM5_1364_brooks-double-top-bottom-h4,2026-05-26,DeepSeek,NO_CARD_ANYWHERE,RETIRE,0,"RETIRE: id was reserved before the current card process (316 of 321 date from 2026-05, 260 owned by the retired ""DeepSeek"" provenance) and no card exists in any pool; nothing is lost by retiring it because no strategy was ever written."
QM5_12150,QM5_1365_tokyo-open-fade-asian-short-m15,2026-05-26,DeepSeek,NO_CARD_ANYWHERE,RETIRE,0,"RETIRE: id was reserved before the current card process (316 of 321 date from 2026-05, 260 owned by the retired ""DeepSeek"" provenance) and no card exists in any pool; nothing is lost by retiring it because no strategy was ever written."
QM5_12151,QM5_1366_brooks-micro-channel-h1,2026-05-26,DeepSeek,NO_CARD_ANYWHERE,RETIRE,0,"RETIRE: id was reserved before the current card process (316 of 321 date from 2026-05, 260 owned by the retired ""DeepSeek"" provenance) and no card exists in any pool; nothing is lost by retiring it because no strategy was ever written."
QM5_12152,QM5_1367_schaff-trend-cycle-stc-h1,2026-05-26,DeepSeek,NO_CARD_ANYWHERE,RETIRE,0,"RETIRE: id was reserved before the current card process (316 of 321 date from 2026-05, 260 owned by the retired ""DeepSeek"" provenance) and no card exists in any pool; nothing is lost by retiring it because no strategy was ever written."
QM5_12153,QM5_1368_andrews-pitchfork-median-line-h4,2026-05-26,DeepSeek,NO_CARD_ANYWHERE,RETIRE,0,"RETIRE: id was reserved before the current card process (316 of 321 date from 2026-05, 260 owned by the retired ""DeepSeek"" provenance) and no card exists in any pool; nothing is lost by retiring it because no strategy was ever written."
QM5_12154,QM5_1369_goodman-wave-theory-3c-h1,2026-05-26,DeepSeek,NO_CARD_ANYWHERE,RETIRE,0,"RETIRE: id was reserved before the current card process (316 of 321 date from 2026-05, 260 owned by the retired ""DeepSeek"" provenance) and no card exists in any pool; nothing is lost by retiring it because no strategy was ever written."
QM5_12155,QM5_1370_linreg-channel-slope-flip-h1,2026-05-26,DeepSeek,NO_CARD_ANYWHERE,RETIRE,0,"RETIRE: id was reserved before the current card process (316 of 321 date from 2026-05, 260 owned by the retired ""DeepSeek"" provenance) and no card exists in any pool; nothing is lost by retiring it because no strategy was ever written."
QM5_12156,QM5_1372_williams-awesome-oscillator-twin-peaks-h1,2026-05-26,DeepSeek,NO_CARD_ANYWHERE,RETIRE,0,"RETIRE: id was reserved before the current card process (316 of 321 date from 2026-05, 260 owned by the retired ""DeepSeek"" provenance) and no card exists in any pool; nothing is lost by retiring it because no strategy was ever written."
QM5_12157,QM5_1373_williams-accelerator-decelerator-zerocross-h1,2026-05-26,DeepSeek,NO_CARD_ANYWHERE,RETIRE,0,"RETIRE: id was reserved before the current card process (316 of 321 date from 2026-05, 260 owned by the retired ""DeepSeek"" provenance) and no card exists in any pool; nothing is lost by retiring it because no strategy was ever written."
QM5_12158,QM5_1374_carter-ttm-wave-h1,2026-05-26,DeepSeek,NO_CARD_ANYWHERE,RETIRE,0,"RETIRE: id was reserved before the current card process (316 of 321 date from 2026-05, 260 owned by the retired ""DeepSeek"" provenance) and no card exists in any pool; nothing is lost by retiring it because no strategy was ever written."
QM5_12159,QM5_1375_heiken-ashi-sma-smoothed-color-flip-h1,2026-05-26,DeepSeek,NO_CARD_ANYWHERE,RETIRE,0,"RETIRE: id was reserved before the current card process (316 of 321 date from 2026-05, 260 owned by the retired ""DeepSeek"" provenance) and no card exists in any pool; nothing is lost by retiring it because no strategy was ever written."
QM5_12160,QM5_1376_harmonic-gartley-xabcd-h4,2026-05-26,DeepSeek,NO_CARD_ANYWHERE,RETIRE,0,"RETIRE: id was reserved before the current card process (316 of 321 date from 2026-05, 260 owned by the retired ""DeepSeek"" provenance) and no card exists in any pool; nothing is lost by retiring it because no strategy was ever written."
QM5_12161,QM5_1377_schiff-pitchfork-median-h4,2026-05-26,DeepSeek,NO_CARD_ANYWHERE,RETIRE,0,"RETIRE: id was reserved before the current card process (316 of 321 date from 2026-05, 260 owned by the retired ""DeepSeek"" provenance) and no card exists in any pool; nothing is lost by retiring it because no strategy was ever written."
QM5_12162,QM5_1378_brooks-4bar-continuation-h4,2026-05-26,DeepSeek,NO_CARD_ANYWHERE,RETIRE,0,"RETIRE: id was reserved before the current card process (316 of 321 date from 2026-05, 260 owned by the retired ""DeepSeek"" provenance) and no card exists in any pool; nothing is lost by retiring it because no strategy was ever written."
QM5_12163,QM5_1379_forex-profit-loader-bounded-grid-h1,2026-05-26,DeepSeek,NO_CARD_ANYWHERE,RETIRE,0,"RETIRE: id was reserved before the current card process (316 of 321 date from 2026-05, 260 owned by the retired ""DeepSeek"" provenance) and no card exists in any pool; nothing is lost by retiring it because no strategy was ever written."
QM5_12164,QM5_1380_brooks-h2l2-second-pullback-h4,2026-05-26,DeepSeek,NO_CARD_ANYWHERE,RETIRE,0,"RETIRE: id was reserved before the current card process (316 of 321 date from 2026-05, 260 owned by the retired ""DeepSeek"" provenance) and no card exists in any pool; nothing is lost by retiring it because no strategy was ever written."
QM5_12165,QM5_1382_darvas-box-breakout-h1,2026-05-26,DeepSeek,NO_CARD_ANYWHERE,RETIRE,0,"RETIRE: id was reserved before the current card process (316 of 321 date from 2026-05, 260 owned by the retired ""DeepSeek"" provenance) and no card exists in any pool; nothing is lost by retiring it because no strategy was ever written."
QM5_12166,QM5_1384_wave59-time-cycle-tlb-h4,2026-05-26,DeepSeek,NO_CARD_ANYWHERE,RETIRE,0,"RETIRE: id was reserved before the current card process (316 of 321 date from 2026-05, 260 owned by the retired ""DeepSeek"" provenance) and no card exists in any pool; nothing is lost by retiring it because no strategy was ever written."
QM5_12167,QM5_1388_brooks-micro-channel-failed-test-h1,2026-05-26,DeepSeek,NO_CARD_ANYWHERE,RETIRE,0,"RETIRE: id was reserved before the current card process (316 of 321 date from 2026-05, 260 owned by the retired ""DeepSeek"" provenance) and no card exists in any pool; nothing is lost by retiring it because no strategy was ever written."
QM5_12168,QM5_1389_goodman-wave-theory-measured-move-h1,2026-05-26,DeepSeek,NO_CARD_ANYWHERE,RETIRE,0,"RETIRE: id was reserved before the current card process (316 of 321 date from 2026-05, 260 owned by the retired ""DeepSeek"" provenance) and no card exists in any pool; nothing is lost by retiring it because no strategy was ever written."
QM5_12169,QM5_1390_williams-percent-r-divergence-h4,2026-05-26,DeepSeek,NO_CARD_ANYWHERE,RETIRE,0,"RETIRE: id was reserved before the current card process (316 of 321 date from 2026-05, 260 owned by the retired ""DeepSeek"" provenance) and no card exists in any pool; nothing is lost by retiring it because no strategy was ever written."
QM5_12170,QM5_1391_harmonic-bat-xabcd-h4,2026-05-26,DeepSeek,NO_CARD_ANYWHERE,RETIRE,0,"RETIRE: id was reserved before the current card process (316 of 321 date from 2026-05, 260 owned by the retired ""DeepSeek"" provenance) and no card exists in any pool; nothing is lost by retiring it because no strategy was ever written."
QM5_12171,QM5_1392_wyckoff-spring-test-h4,2026-05-26,DeepSeek,NO_CARD_ANYWHERE,RETIRE,0,"RETIRE: id was reserved before the current card process (316 of 321 date from 2026-05, 260 owned by the retired ""DeepSeek"" provenance) and no card exists in any pool; nothing is lost by retiring it because no strategy was ever written."
QM5_12172,QM5_1393_classical-head-shoulders-top-h4,2026-05-26,DeepSeek,NO_CARD_ANYWHERE,RETIRE,0,"RETIRE: id was reserved before the current card process (316 of 321 date from 2026-05, 260 owned by the retired ""DeepSeek"" provenance) and no card exists in any pool; nothing is lost by retiring it because no strategy was ever written."
QM5_12173,QM5_1394_demark-td-differential-h4,2026-05-26,DeepSeek,NO_CARD_ANYWHERE,RETIRE,0,"RETIRE: id was reserved before the current card process (316 of 321 date from 2026-05, 260 owned by the retired ""DeepSeek"" provenance) and no card exists in any pool; nothing is lost by retiring it because no strategy was ever written."
QM5_12174,QM5_1396_brooks-tight-micro-channel-trend-h1,2026-05-26,DeepSeek,NO_CARD_ANYWHERE,RETIRE,0,"RETIRE: id was reserved before the current card process (316 of 321 date from 2026-05, 260 owned by the retired ""DeepSeek"" provenance) and no card exists in any pool; nothing is lost by retiring it because no strategy was ever written."
QM5_12175,QM5_1397_harmonic-gartley-xabcd-h4,2026-05-26,DeepSeek,NO_CARD_ANYWHERE,RETIRE,0,"RETIRE: id was reserved before the current card process (316 of 321 date from 2026-05, 260 owned by the retired ""DeepSeek"" provenance) and no card exists in any pool; nothing is lost by retiring it because no strategy was ever written."
QM5_12176,QM5_1399_classical-double-top-h4,2026-05-26,DeepSeek,NO_CARD_ANYWHERE,RETIRE,0,"RETIRE: id was reserved before the current card process (316 of 321 date from 2026-05, 260 owned by the retired ""DeepSeek"" provenance) and no card exists in any pool; nothing is lost by retiring it because no strategy was ever written."
QM5_12177,QM5_1407_classical-symmetric-triangle-breakout-h4,2026-05-26,DeepSeek,NO_CARD_ANYWHERE,RETIRE,0,"RETIRE: id was reserved before the current card process (316 of 321 date from 2026-05, 260 owned by the retired ""DeepSeek"" provenance) and no card exists in any pool; nothing is lost by retiring it because no strategy was ever written."
QM5_12178,QM5_1408_classical-bull-flag-continuation-h1,2026-05-26,DeepSeek,NO_CARD_ANYWHERE,RETIRE,0,"RETIRE: id was reserved before the current card process (316 of 321 date from 2026-05, 260 owned by the retired ""DeepSeek"" provenance) and no card exists in any pool; nothing is lost by retiring it because no strategy was ever written."
QM5_12179,QM5_1409_wyckoff-sign-of-strength-phase-d-h4,2026-05-26,DeepSeek,NO_CARD_ANYWHERE,RETIRE,0,"RETIRE: id was reserved before the current card process (316 of 321 date from 2026-05, 260 owned by the retired ""DeepSeek"" provenance) and no card exists in any pool; nothing is lost by retiring it because no strategy was ever written."
QM5_12180,QM5_1410_bressert-dual-cycle-oscillator-h4,2026-05-26,DeepSeek,NO_CARD_ANYWHERE,RETIRE,0,"RETIRE: id was reserved before the current card process (316 of 321 date from 2026-05, 260 owned by the retired ""DeepSeek"" provenance) and no card exists in any pool; nothing is lost by retiring it because no strategy was ever written."
QM5_12181,QM5_1416_classical-bear-flag-continuation-h1,2026-05-26,DeepSeek,NO_CARD_ANYWHERE,RETIRE,0,"RETIRE: id was reserved before the current card process (316 of 321 date from 2026-05, 260 owned by the retired ""DeepSeek"" provenance) and no card exists in any pool; nothing is lost by retiring it because no strategy was ever written."
QM5_12182,QM5_1417_classical-pennant-continuation-h1,2026-05-26,DeepSeek,NO_CARD_ANYWHERE,RETIRE,0,"RETIRE: id was reserved before the current card process (316 of 321 date from 2026-05, 260 owned by the retired ""DeepSeek"" provenance) and no card exists in any pool; nothing is lost by retiring it because no strategy was ever written."
QM5_12183,QM5_1418_classical-falling-wedge-reversal-h4,2026-05-26,DeepSeek,NO_CARD_ANYWHERE,RETIRE,0,"RETIRE: id was reserved before the current card process (316 of 321 date from 2026-05, 260 owned by the retired ""DeepSeek"" provenance) and no card exists in any pool; nothing is lost by retiring it because no strategy was ever written."
QM5_12184,QM5_1419_wyckoff-lpsy-distribution-phase-d-h4,2026-05-26,DeepSeek,NO_CARD_ANYWHERE,RETIRE,0,"RETIRE: id was reserved before the current card process (316 of 321 date from 2026-05, 260 owned by the retired ""DeepSeek"" provenance) and no card exists in any pool; nothing is lost by retiring it because no strategy was ever written."
QM5_12185,QM5_1420_bressert-cycle-counting-h4,2026-05-26,DeepSeek,NO_CARD_ANYWHERE,RETIRE,0,"RETIRE: id was reserved before the current card process (316 of 321 date from 2026-05, 260 owned by the retired ""DeepSeek"" provenance) and no card exists in any pool; nothing is lost by retiring it because no strategy was ever written."
QM5_12186,QM5_1421_classical-rising-wedge-reversal-h4,2026-05-26,DeepSeek,NO_CARD_ANYWHERE,RETIRE,0,"RETIRE: id was reserved before the current card process (316 of 321 date from 2026-05, 260 owned by the retired ""DeepSeek"" provenance) and no card exists in any pool; nothing is lost by retiring it because no strategy was ever written."
QM5_12187,QM5_1422_classical-broadening-formation-h4,2026-05-26,DeepSeek,NO_CARD_ANYWHERE,RETIRE,0,"RETIRE: id was reserved before the current card process (316 of 321 date from 2026-05, 260 owned by the retired ""DeepSeek"" provenance) and no card exists in any pool; nothing is lost by retiring it because no strategy was ever written."
QM5_12188,QM5_1423_wyckoff-sign-of-weakness-phase-d-h4,2026-05-26,DeepSeek,NO_CARD_ANYWHERE,RETIRE,0,"RETIRE: id was reserved before the current card process (316 of 321 date from 2026-05, 260 owned by the retired ""DeepSeek"" provenance) and no card exists in any pool; nothing is lost by retiring it because no strategy was ever written."
QM5_12189,QM5_1424_bressert-short-cycle-counting-h4,2026-05-26,DeepSeek,NO_CARD_ANYWHERE,RETIRE,0,"RETIRE: id was reserved before the current card process (316 of 321 date from 2026-05, 260 owned by the retired ""DeepSeek"" provenance) and no card exists in any pool; nothing is lost by retiring it because no strategy was ever written."
QM5_12190,QM5_1424_classical-triple-top-reversal-h4,2026-05-26,DeepSeek,NO_CARD_ANYWHERE,RETIRE,0,"RETIRE: id was reserved before the current card process (316 of 321 date from 2026-05, 260 owned by the retired ""DeepSeek"" provenance) and no card exists in any pool; nothing is lost by retiring it because no strategy was ever written."
QM5_12191,QM5_1425_classical-triple-bottom-reversal-h4,2026-05-26,DeepSeek,NO_CARD_ANYWHERE,RETIRE,0,"RETIRE: id was reserved before the current card process (316 of 321 date from 2026-05, 260 owned by the retired ""DeepSeek"" provenance) and no card exists in any pool; nothing is lost by retiring it because no strategy was ever written."
QM5_12192,QM5_1426_classical-complex-head-shoulders-h4,2026-05-26,DeepSeek,NO_CARD_ANYWHERE,RETIRE,0,"RETIRE: id was reserved before the current card process (316 of 321 date from 2026-05, 260 owned by the retired ""DeepSeek"" provenance) and no card exists in any pool; nothing is lost by retiring it because no strategy was ever written."
QM5_12193,QM5_1428_wyckoff-phase-e-mark-up-continuation-h4,2026-05-26,DeepSeek,NO_CARD_ANYWHERE,RETIRE,0,"RETIRE: id was reserved before the current card process (316 of 321 date from 2026-05, 260 owned by the retired ""DeepSeek"" provenance) and no card exists in any pool; nothing is lost by retiring it because no strategy was ever written."
QM5_12194,QM5_1428_wyckoff-phase-e-markdown-continuation-h4,2026-05-26,DeepSeek,NO_CARD_ANYWHERE,RETIRE,0,"RETIRE: id was reserved before the current card process (316 of 321 date from 2026-05, 260 owned by the retired ""DeepSeek"" provenance) and no card exists in any pool; nothing is lost by retiring it because no strategy was ever written."
QM5_12195,QM5_1429_wyckoff-phase-e-mark-down-continuation-h4,2026-05-26,DeepSeek,NO_CARD_ANYWHERE,RETIRE,0,"RETIRE: id was reserved before the current card process (316 of 321 date from 2026-05, 260 owned by the retired ""DeepSeek"" provenance) and no card exists in any pool; nothing is lost by retiring it because no strategy was ever written."
QM5_12196,QM5_1430_andrews-pitchfork-parallel-line-h4,2026-05-26,DeepSeek,NO_CARD_ANYWHERE,RETIRE,0,"RETIRE: id was reserved before the current card process (316 of 321 date from 2026-05, 260 owned by the retired ""DeepSeek"" provenance) and no card exists in any pool; nothing is lost by retiring it because no strategy was ever written."
QM5_12197,QM5_1431_williams-r-hidden-divergence-h4,2026-05-26,DeepSeek,NO_CARD_ANYWHERE,RETIRE,0,"RETIRE: id was reserved before the current card process (316 of 321 date from 2026-05, 260 owned by the retired ""DeepSeek"" provenance) and no card exists in any pool; nothing is lost by retiring it because no strategy was ever written."
QM5_12198,QM5_1432_demark-td-setup-trend-h4,2026-05-26,DeepSeek,NO_CARD_ANYWHERE,RETIRE,0,"RETIRE: id was reserved before the current card process (316 of 321 date from 2026-05, 260 owned by the retired ""DeepSeek"" provenance) and no card exists in any pool; nothing is lost by retiring it because no strategy was ever written."
QM5_12199,QM5_1436_williams-r-cross-zero-h4,2026-05-26,DeepSeek,NO_CARD_ANYWHERE,RETIRE,0,"RETIRE: id was reserved before the current card process (316 of 321 date from 2026-05, 260 owned by the retired ""DeepSeek"" provenance) and no card exists in any pool; nothing is lost by retiring it because no strategy was ever written."
QM5_12200,QM5_1437_carter-ttm-squeeze-h4,2026-05-26,DeepSeek,NO_CARD_ANYWHERE,RETIRE,0,"RETIRE: id was reserved before the current card process (316 of 321 date from 2026-05, 260 owned by the retired ""DeepSeek"" provenance) and no card exists in any pool; nothing is lost by retiring it because no strategy was ever written."
QM5_12201,QM5_1438_demark-td-demarker-h4,2026-05-26,DeepSeek,NO_CARD_ANYWHERE,RETIRE,0,"RETIRE: id was reserved before the current card process (316 of 321 date from 2026-05, 260 owned by the retired ""DeepSeek"" provenance) and no card exists in any pool; nothing is lost by retiring it because no strategy was ever written."
QM5_12202,QM5_1439_wyckoff-spring-test-phase-c-h4,2026-05-26,DeepSeek,NO_CARD_ANYWHERE,RETIRE,0,"RETIRE: id was reserved before the current card process (316 of 321 date from 2026-05, 260 owned by the retired ""DeepSeek"" provenance) and no card exists in any pool; nothing is lost by retiring it because no strategy was ever written."
QM5_12203,QM5_1441_aroon-up-down-crossover-h4,2026-05-26,DeepSeek,NO_CARD_ANYWHERE,RETIRE,0,"RETIRE: id was reserved before the current card process (316 of 321 date from 2026-05, 260 owned by the retired ""DeepSeek"" provenance) and no card exists in any pool; nothing is lost by retiring it because no strategy was ever written."
QM5_12204,QM5_1444_vortex-indicator-cross-h4,2026-05-26,DeepSeek,NO_CARD_ANYWHERE,RETIRE,0,"RETIRE: id was reserved before the current card process (316 of 321 date from 2026-05, 260 owned by the retired ""DeepSeek"" provenance) and no card exists in any pool; nothing is lost by retiring it because no strategy was ever written."
QM5_12205,QM5_1445_carney-three-drive-h4,2026-05-26,DeepSeek,NO_CARD_ANYWHERE,RETIRE,0,"RETIRE: id was reserved before the current card process (316 of 321 date from 2026-05, 260 owned by the retired ""DeepSeek"" provenance) and no card exists in any pool; nothing is lost by retiring it because no strategy was ever written."
QM5_12206,QM5_1446_demark-td-open-range-h4,2026-05-26,DeepSeek,NO_CARD_ANYWHERE,RETIRE,0,"RETIRE: id was reserved before the current card process (316 of 321 date from 2026-05, 260 owned by the retired ""DeepSeek"" provenance) and no card exists in any pool; nothing is lost by retiring it because no strategy was ever written."
QM5_12207,QM5_1447_wilder-parabolic-sar-atr-h4,2026-05-26,DeepSeek,NO_CARD_ANYWHERE,RETIRE,0,"RETIRE: id was reserved before the current card process (316 of 321 date from 2026-05, 260 owned by the retired ""DeepSeek"" provenance) and no card exists in any pool; nothing is lost by retiring it because no strategy was ever written."
QM5_12208,QM5_1449_wilder-adx-dmi-crossover-h4,2026-05-26,DeepSeek,NO_CARD_ANYWHERE,RETIRE,0,"RETIRE: id was reserved before the current card process (316 of 321 date from 2026-05, 260 owned by the retired ""DeepSeek"" provenance) and no card exists in any pool; nothing is lost by retiring it because no strategy was ever written."
QM5_12209,QM5_1480_carter-ttm-trend-h4,2026-05-26,DeepSeek,NO_CARD_ANYWHERE,RETIRE,0,"RETIRE: id was reserved before the current card process (316 of 321 date from 2026-05, 260 owned by the retired ""DeepSeek"" provenance) and no card exists in any pool; nothing is lost by retiring it because no strategy was ever written."
QM5_12210,QM5_1481_wilder-adx-dmi-crossover-h4,2026-05-26,DeepSeek,NO_CARD_ANYWHERE,RETIRE,0,"RETIRE: id was reserved before the current card process (316 of 321 date from 2026-05, 260 owned by the retired ""DeepSeek"" provenance) and no card exists in any pool; nothing is lost by retiring it because no strategy was ever written."
QM5_12211,QM5_1482_carney-three-drive-harmonic-h4,2026-05-26,DeepSeek,NO_CARD_ANYWHERE,RETIRE,0,"RETIRE: id was reserved before the current card process (316 of 321 date from 2026-05, 260 owned by the retired ""DeepSeek"" provenance) and no card exists in any pool; nothing is lost by retiring it because no strategy was ever written."
QM5_12212,QM5_1490_raschke-anti-pullback-reversal-h4,2026-05-26,DeepSeek,NO_CARD_ANYWHERE,RETIRE,0,"RETIRE: id was reserved before the current card process (316 of 321 date from 2026-05, 260 owned by the retired ""DeepSeek"" provenance) and no card exists in any pool; nothing is lost by retiring it because no strategy was ever written."
QM5_12213,QM5_1491_ehlers-sinewave-leadsine-cross-h4,2026-05-26,DeepSeek,NO_CARD_ANYWHERE,RETIRE,0,"RETIRE: id was reserved before the current card process (316 of 321 date from 2026-05, 260 owned by the retired ""DeepSeek"" provenance) and no card exists in any pool; nothing is lost by retiring it because no strategy was ever written."
QM5_12214,QM5_1502_hopwood-reversal-indicator-h4,2026-05-26,DeepSeek,NO_CARD_ANYWHERE,RETIRE,0,"RETIRE: id was reserved before the current card process (316 of 321 date from 2026-05, 260 owned by the retired ""DeepSeek"" provenance) and no card exists in any pool; nothing is lost by retiring it because no strategy was ever written."
QM5_12215,QM5_1503_ehlers-decycler-low-pass-h4,2026-05-26,DeepSeek,NO_CARD_ANYWHERE,RETIRE,0,"RETIRE: id was reserved before the current card process (316 of 321 date from 2026-05, 260 owned by the retired ""DeepSeek"" provenance) and no card exists in any pool; nothing is lost by retiring it because no strategy was ever written."
QM5_12216,QM5_1504_raschke-three-little-indians-h4,2026-05-26,DeepSeek,NO_CARD_ANYWHERE,RETIRE,0,"RETIRE: id was reserved before the current card process (316 of 321 date from 2026-05, 260 owned by the retired ""DeepSeek"" provenance) and no card exists in any pool; nothing is lost by retiring it because no strategy was ever written."
QM5_12217,QM5_1505_connors-cumulative-rsi-h4,2026-05-26,DeepSeek,NO_CARD_ANYWHERE,RETIRE,0,"RETIRE: id was reserved before the current card process (316 of 321 date from 2026-05, 260 owned by the retired ""DeepSeek"" provenance) and no card exists in any pool; nothing is lost by retiring it because no strategy was ever written."
QM5_12218,QM5_1506_demark-td-sequential-combo-h4,2026-05-26,DeepSeek,NO_CARD_ANYWHERE,RETIRE,0,"RETIRE: id was reserved before the current card process (316 of 321 date from 2026-05, 260 owned by the retired ""DeepSeek"" provenance) and no card exists in any pool; nothing is lost by retiring it because no strategy was ever written."
QM5_12219,QM5_1507_ehlers-mama-fama-cross-h4,2026-05-26,DeepSeek,NO_CARD_ANYWHERE,RETIRE,0,"RETIRE: id was reserved before the current card process (316 of 321 date from 2026-05, 260 owned by the retired ""DeepSeek"" provenance) and no card exists in any pool; nothing is lost by retiring it because no strategy was ever written."
QM5_12220,QM5_1508_hopwood-triple-trend-h4,2026-05-26,DeepSeek,NO_CARD_ANYWHERE,RETIRE,0,"RETIRE: id was reserved before the current card process (316 of 321 date from 2026-05, 260 owned by the retired ""DeepSeek"" provenance) and no card exists in any pool; nothing is lost by retiring it because no strategy was ever written."
QM5_12221,QM5_1509_ehlers-even-better-sinewave-h4,2026-05-26,DeepSeek,NO_CARD_ANYWHERE,RETIRE,0,"RETIRE: id was reserved before the current card process (316 of 321 date from 2026-05, 260 owned by the retired ""DeepSeek"" provenance) and no card exists in any pool; nothing is lost by retiring it because no strategy was ever written."
QM5_12222,QM5_1511_connors-tps-time-price-score-h4,2026-05-26,DeepSeek,NO_CARD_ANYWHERE,RETIRE,0,"RETIRE: id was reserved before the current card process (316 of 321 date from 2026-05, 260 owned by the retired ""DeepSeek"" provenance) and no card exists in any pool; nothing is lost by retiring it because no strategy was ever written."
QM5_12223,QM5_1521_ehlers-predictive-moving-average-h4,2026-05-26,DeepSeek,NO_CARD_ANYWHERE,RETIRE,0,"RETIRE: id was reserved before the current card process (316 of 321 date from 2026-05, 260 owned by the retired ""DeepSeek"" provenance) and no card exists in any pool; nothing is lost by retiring it because no strategy was ever written."
QM5_12224,QM5_1524_williams-r-of-rsi-composite-h4,2026-05-26,DeepSeek,NO_CARD_ANYWHERE,RETIRE,0,"RETIRE: id was reserved before the current card process (316 of 321 date from 2026-05, 260 owned by the retired ""DeepSeek"" provenance) and no card exists in any pool; nothing is lost by retiring it because no strategy was ever written."
QM5_12225,QM5_1525_ehlers-empirical-mode-decomp-h4,2026-05-26,DeepSeek,NO_CARD_ANYWHERE,RETIRE,0,"RETIRE: id was reserved before the current card process (316 of 321 date from 2026-05, 260 owned by the retired ""DeepSeek"" provenance) and no card exists in any pool; nothing is lost by retiring it because no strategy was ever written."
QM5_12226,QM5_1526_demark-td-open-h4,2026-05-26,DeepSeek,NO_CARD_ANYWHERE,RETIRE,0,"RETIRE: id was reserved before the current card process (316 of 321 date from 2026-05, 260 owned by the retired ""DeepSeek"" provenance) and no card exists in any pool; nothing is lost by retiring it because no strategy was ever written."
QM5_12227,QM5_1527_connors-crsi-composite-h4,2026-05-26,DeepSeek,NO_CARD_ANYWHERE,RETIRE,0,"RETIRE: id was reserved before the current card process (316 of 321 date from 2026-05, 260 owned by the retired ""DeepSeek"" provenance) and no card exists in any pool; nothing is lost by retiring it because no strategy was ever written."
QM5_12228,QM5_1529_ehlers-reflex-indicator-h4,2026-05-26,DeepSeek,NO_CARD_ANYWHERE,RETIRE,0,"RETIRE: id was reserved before the current card process (316 of 321 date from 2026-05, 260 owned by the retired ""DeepSeek"" provenance) and no card exists in any pool; nothing is lost by retiring it because no strategy was ever written."
QM5_12229,QM5_1530_connors-double-sevens-h4,2026-05-26,DeepSeek,NO_CARD_ANYWHERE,RETIRE,0,"RETIRE: id was reserved before the current card process (316 of 321 date from 2026-05, 260 owned by the retired ""DeepSeek"" provenance) and no card exists in any pool; nothing is lost by retiring it because no strategy was ever written."
QM5_12230,QM5_1531_demark-td-open-bar-reversal-h4,2026-05-26,DeepSeek,NO_CARD_ANYWHERE,RETIRE,0,"RETIRE: id was reserved before the current card process (316 of 321 date from 2026-05, 260 owned by the retired ""DeepSeek"" provenance) and no card exists in any pool; nothing is lost by retiring it because no strategy was ever written."
QM5_12231,QM5_1532_ehlers-stochastic-rsi-h4,2026-05-26,DeepSeek,NO_CARD_ANYWHERE,RETIRE,0,"RETIRE: id was reserved before the current card process (316 of 321 date from 2026-05, 260 owned by the retired ""DeepSeek"" provenance) and no card exists in any pool; nothing is lost by retiring it because no strategy was ever written."
QM5_12232,QM5_1533_williams-sentiment-index-h4,2026-05-26,DeepSeek,NO_CARD_ANYWHERE,RETIRE,0,"RETIRE: id was reserved before the current card process (316 of 321 date from 2026-05, 260 owned by the retired ""DeepSeek"" provenance) and no card exists in any pool; nothing is lost by retiring it because no strategy was ever written."
QM5_12233,QM5_1546_connors-multi-day-high-low-h4,2026-05-26,DeepSeek,NO_CARD_ANYWHERE,RETIRE,0,"RETIRE: id was reserved before the current card process (316 of 321 date from 2026-05, 260 owned by the retired ""DeepSeek"" provenance) and no card exists in any pool; nothing is lost by retiring it because no strategy was ever written."
QM5_12234,QM5_1547_demark-td-range-projection-h4,2026-05-26,DeepSeek,NO_CARD_ANYWHERE,RETIRE,0,"RETIRE: id was reserved before the current card process (316 of 321 date from 2026-05, 260 owned by the retired ""DeepSeek"" provenance) and no card exists in any pool; nothing is lost by retiring it because no strategy was ever written."
QM5_12235,QM5_1550_bressert-double-cycle-composite-h4,2026-05-26,DeepSeek,NO_CARD_ANYWHERE,RETIRE,0,"RETIRE: id was reserved before the current card process (316 of 321 date from 2026-05, 260 owned by the retired ""DeepSeek"" provenance) and no card exists in any pool; nothing is lost by retiring it because no strategy was ever written."
QM5_12236,QM5_1563_ehlers-hilbert-transform-dft-h4,2026-05-26,DeepSeek,NO_CARD_ANYWHERE,RETIRE,0,"RETIRE: id was reserved before the current card process (316 of 321 date from 2026-05, 260 owned by the retired ""DeepSeek"" provenance) and no card exists in any pool; nothing is lost by retiring it because no strategy was ever written."
QM5_12237,QM5_1577_ehlers-super-smoother-2pole-h4,2026-05-26,DeepSeek,NO_CARD_ANYWHERE,RETIRE,0,"RETIRE: id was reserved before the current card process (316 of 321 date from 2026-05, 260 owned by the retired ""DeepSeek"" provenance) and no card exists in any pool; nothing is lost by retiring it because no strategy was ever written."
QM5_12238,QM5_1578_hopwood-ts3-standalone-h4,2026-05-26,DeepSeek,NO_CARD_ANYWHERE,RETIRE,0,"RETIRE: id was reserved before the current card process (316 of 321 date from 2026-05, 260 owned by the retired ""DeepSeek"" provenance) and no card exists in any pool; nothing is lost by retiring it because no strategy was ever written."
QM5_12239,QM5_1579_sperandeo-tlb-swing-pivot-h4,2026-05-26,DeepSeek,NO_CARD_ANYWHERE,RETIRE,0,"RETIRE: id was reserved before the current card process (316 of 321 date from 2026-05, 260 owned by the retired ""DeepSeek"" provenance) and no card exists in any pool; nothing is lost by retiring it because no strategy was ever written."
QM5_12240,QM5_1591_demark-td-anti-differential-h4,2026-05-26,DeepSeek,NO_CARD_ANYWHERE,RETIRE,0,"RETIRE: id was reserved before the current card process (316 of 321 date from 2026-05, 260 owned by the retired ""DeepSeek"" provenance) and no card exists in any pool; nothing is lost by retiring it because no strategy was ever written."
QM5_12241,QM5_1592_ehlers-even-better-sinewave-mtf-h4,2026-05-26,DeepSeek,NO_CARD_ANYWHERE,RETIRE,0,"RETIRE: id was reserved before the current card process (316 of 321 date from 2026-05, 260 owned by the retired ""DeepSeek"" provenance) and no card exists in any pool; nothing is lost by retiring it because no strategy was ever written."
QM5_12242,QM5_1593_carney-bat-pattern-h4,2026-05-26,DeepSeek,NO_CARD_ANYWHERE,RETIRE,0,"RETIRE: id was reserved before the current card process (316 of 321 date from 2026-05, 260 owned by the retired ""DeepSeek"" provenance) and no card exists in any pool; nothing is lost by retiring it because no strategy was ever written."
QM5_12243,QM5_1594_hopwood-ts6-standalone-h4,2026-05-26,DeepSeek,NO_CARD_ANYWHERE,RETIRE,0,"RETIRE: id was reserved before the current card process (316 of 321 date from 2026-05, 260 owned by the retired ""DeepSeek"" provenance) and no card exists in any pool; nothing is lost by retiring it because no strategy was ever written."
QM5_12244,QM5_1595_sperandeo-2b-pivot-h4,2026-05-26,DeepSeek,NO_CARD_ANYWHERE,RETIRE,0,"RETIRE: id was reserved before the current card process (316 of 321 date from 2026-05, 260 owned by the retired ""DeepSeek"" provenance) and no card exists in any pool; nothing is lost by retiring it because no strategy was ever written."
QM5_12245,QM5_1622_demark-td-termination-count-alt-h4,2026-05-26,DeepSeek,NO_CARD_ANYWHERE,RETIRE,0,"RETIRE: id was reserved before the current card process (316 of 321 date from 2026-05, 260 owned by the retired ""DeepSeek"" provenance) and no card exists in any pool; nothing is lost by retiring it because no strategy was ever written."
QM5_12246,QM5_1623_hopwood-bermaui-dss-h4,2026-05-26,DeepSeek,NO_CARD_ANYWHERE,RETIRE,0,"RETIRE: id was reserved before the current card process (316 of 321 date from 2026-05, 260 owned by the retired ""DeepSeek"" provenance) and no card exists in any pool; nothing is lost by retiring it because no strategy was ever written."
QM5_12248,QM5_1629_ehlers-cybernetic-cycle-h4,2026-05-26,DeepSeek,NO_CARD_ANYWHERE,RETIRE,0,"RETIRE: id was reserved before the current card process (316 of 321 date from 2026-05, 260 owned by the retired ""DeepSeek"" provenance) and no card exists in any pool; nothing is lost by retiring it because no strategy was ever written."
QM5_12250,QM5_1645_carney-cypher-pattern-h4,2026-05-26,DeepSeek,NO_CARD_ANYWHERE,RETIRE,0,"RETIRE: id was reserved before the current card process (316 of 321 date from 2026-05, 260 owned by the retired ""DeepSeek"" provenance) and no card exists in any pool; nothing is lost by retiring it because no strategy was ever written."
QM5_12251,QM5_1647_ehlers-ebsw-cycle-extraction-h4,2026-05-26,DeepSeek,NO_CARD_ANYWHERE,RETIRE,0,"RETIRE: id was reserved before the current card process (316 of 321 date from 2026-05, 260 owned by the retired ""DeepSeek"" provenance) and no card exists in any pool; nothing is lost by retiring it because no strategy was ever written."
QM5_12252,QM5_1647_hopwood-bermaui-macd-h4,2026-05-26,DeepSeek,NO_CARD_ANYWHERE,RETIRE,0,"RETIRE: id was reserved before the current card process (316 of 321 date from 2026-05, 260 owned by the retired ""DeepSeek"" provenance) and no card exists in any pool; nothing is lost by retiring it because no strategy was ever written."
QM5_12253,QM5_1648_demark-td-sequential-tdst-overlay-h4,2026-05-26,DeepSeek,NO_CARD_ANYWHERE,RETIRE,0,"RETIRE: id was reserved before the current card process (316 of 321 date from 2026-05, 260 owned by the retired ""DeepSeek"" provenance) and no card exists in any pool; nothing is lost by retiring it because no strategy was ever written."
QM5_12254,QM5_1648_ehlers-ebsw-cycle-composite-h4,2026-05-26,DeepSeek,NO_CARD_ANYWHERE,RETIRE,0,"RETIRE: id was reserved before the current card process (316 of 321 date from 2026-05, 260 owned by the retired ""DeepSeek"" provenance) and no card exists in any pool; nothing is lost by retiring it because no strategy was ever written."
QM5_12255,QM5_1649_carney-cypher-pattern-h4,2026-05-26,DeepSeek,NO_CARD_ANYWHERE,RETIRE,0,"RETIRE: id was reserved before the current card process (316 of 321 date from 2026-05, 260 owned by the retired ""DeepSeek"" provenance) and no card exists in any pool; nothing is lost by retiring it because no strategy was ever written."
QM5_12256,QM5_1649_robopip-hlhb-trend-catcher-h1,2026-05-26,DeepSeek,NO_CARD_ANYWHERE,RETIRE,0,"RETIRE: id was reserved before the current card process (316 of 321 date from 2026-05, 260 owned by the retired ""DeepSeek"" provenance) and no card exists in any pool; nothing is lost by retiring it because no strategy was ever written."
QM5_12257,QM5_1649_sperandeo-trend-fault-line-h4,2026-05-26,DeepSeek,NO_CARD_ANYWHERE,RETIRE,0,"RETIRE: id was reserved before the current card process (316 of 321 date from 2026-05, 260 owned by the retired ""DeepSeek"" provenance) and no card exists in any pool; nothing is lost by retiring it because no strategy was ever written."
QM5_12258,QM5_1650_sperandeo-trader-vic-ii-pattern-h4,2026-05-26,DeepSeek,NO_CARD_ANYWHERE,RETIRE,0,"RETIRE: id was reserved before the current card process (316 of 321 date from 2026-05, 260 owned by the retired ""DeepSeek"" provenance) and no card exists in any pool; nothing is lost by retiring it because no strategy was ever written."
QM5_12259,QM5_1651_ehlers-ebsw-cycle-extract-composite-h4,2026-05-26,DeepSeek,NO_CARD_ANYWHERE,RETIRE,0,"RETIRE: id was reserved before the current card process (316 of 321 date from 2026-05, 260 owned by the retired ""DeepSeek"" provenance) and no card exists in any pool; nothing is lost by retiring it because no strategy was ever written."
QM5_12260,QM5_1652_demark-td-sequential-tdst-overlay-h4,2026-05-26,DeepSeek,NO_CARD_ANYWHERE,RETIRE,0,"RETIRE: id was reserved before the current card process (316 of 321 date from 2026-05, 260 owned by the retired ""DeepSeek"" provenance) and no card exists in any pool; nothing is lost by retiring it because no strategy was ever written."
QM5_12261,QM5_1653_sperandeo-test-of-strength-h4,2026-05-26,DeepSeek,NO_CARD_ANYWHERE,RETIRE,0,"RETIRE: id was reserved before the current card process (316 of 321 date from 2026-05, 260 owned by the retired ""DeepSeek"" provenance) and no card exists in any pool; nothing is lost by retiring it because no strategy was ever written."
QM5_12262,QM5_1701_demark-td-sequential-tdst-overlay-h4,2026-05-26,DeepSeek,NO_CARD_ANYWHERE,RETIRE,0,"RETIRE: id was reserved before the current card process (316 of 321 date from 2026-05, 260 owned by the retired ""DeepSeek"" provenance) and no card exists in any pool; nothing is lost by retiring it because no strategy was ever written."
QM5_12263,QM5_1702_ehlers-ebsw-cycle-extraction-h4,2026-05-26,DeepSeek,NO_CARD_ANYWHERE,RETIRE,0,"RETIRE: id was reserved before the current card process (316 of 321 date from 2026-05, 260 owned by the retired ""DeepSeek"" provenance) and no card exists in any pool; nothing is lost by retiring it because no strategy was ever written."
QM5_12264,QM5_1751_ehlers-hilbert-fft-cleanup-h4,2026-05-26,DeepSeek,NO_CARD_ANYWHERE,RETIRE,0,"RETIRE: id was reserved before the current card process (316 of 321 date from 2026-05, 260 owned by the retired ""DeepSeek"" provenance) and no card exists in any pool; nothing is lost by retiring it because no strategy was ever written."
QM5_12265,QM5_1801_chande-momentum-oscillator-h4,2026-05-26,DeepSeek,NO_CARD_ANYWHERE,RETIRE,0,"RETIRE: id was reserved before the current card process (316 of 321 date from 2026-05, 260 owned by the retired ""DeepSeek"" provenance) and no card exists in any pool; nothing is lost by retiring it because no strategy was ever written."
QM5_12266,QM5_1802_elder-impulse-system-h4,2026-05-26,DeepSeek,NO_CARD_ANYWHERE,RETIRE,0,"RETIRE: id was reserved before the current card process (316 of 321 date from 2026-05, 260 owned by the retired ""DeepSeek"" provenance) and no card exists in any pool; nothing is lost by retiring it because no strategy was ever written."
QM5_12267,QM5_1803_elder-triple-screen-h4,2026-05-26,DeepSeek,NO_CARD_ANYWHERE,RETIRE,0,"RETIRE: id was reserved before the current card process (316 of 321 date from 2026-05, 260 owned by the retired ""DeepSeek"" provenance) and no card exists in any pool; nothing is lost by retiring it because no strategy was ever written."
QM5_12268,QM5_1856_elder-force-index-spike-reversal-h4,2026-05-26,DeepSeek,NO_CARD_ANYWHERE,RETIRE,0,"RETIRE: id was reserved before the current card process (316 of 321 date from 2026-05, 260 owned by the retired ""DeepSeek"" provenance) and no card exists in any pool; nothing is lost by retiring it because no strategy was ever written."
QM5_12269,QM5_1857_chande-forecast-oscillator-h4,2026-05-26,DeepSeek,NO_CARD_ANYWHERE,RETIRE,0,"RETIRE: id was reserved before the current card process (316 of 321 date from 2026-05, 260 owned by the retired ""DeepSeek"" provenance) and no card exists in any pool; nothing is lost by retiring it because no strategy was ever written."
QM5_12270,QM5_1858_elder-ray-bull-bear-power-zerocross-h4,2026-05-26,DeepSeek,NO_CARD_ANYWHERE,RETIRE,0,"RETIRE: id was reserved before the current card process (316 of 321 date from 2026-05, 260 owned by the retired ""DeepSeek"" provenance) and no card exists in any pool; nothing is lost by retiring it because no strategy was ever written."
QM5_12271,QM5_1859_carney-pesavento-ratio-symmetry-h4,2026-05-26,DeepSeek,NO_CARD_ANYWHERE,RETIRE,0,"RETIRE: id was reserved before the current card process (316 of 321 date from 2026-05, 260 owned by the retired ""DeepSeek"" provenance) and no card exists in any pool; nothing is lost by retiring it because no strategy was ever written."
QM5_12272,QM5_1910_chande-stochastic-rsi-pop-h4,2026-05-26,DeepSeek,NO_CARD_ANYWHERE,RETIRE,0,"RETIRE: id was reserved before the current card process (316 of 321 date from 2026-05, 260 owned by the retired ""DeepSeek"" provenance) and no card exists in any pool; nothing is lost by retiring it because no strategy was ever written."
QM5_12273,QM5_1911_elder-macd-histogram-hook-h4,2026-05-26,DeepSeek,NO_CARD_ANYWHERE,RETIRE,0,"RETIRE: id was reserved before the current card process (316 of 321 date from 2026-05, 260 owned by the retired ""DeepSeek"" provenance) and no card exists in any pool; nothing is lost by retiring it because no strategy was ever written."
QM5_12274,QM5_1912_hopwood-asc-trend-channel-h4,2026-05-26,DeepSeek,NO_CARD_ANYWHERE,RETIRE,0,"RETIRE: id was reserved before the current card process (316 of 321 date from 2026-05, 260 owned by the retired ""DeepSeek"" provenance) and no card exists in any pool; nothing is lost by retiring it because no strategy was ever written."
QM5_12275,QM5_1913_hutson-dpo-zero-cross-h4,2026-05-26,DeepSeek,NO_CARD_ANYWHERE,RETIRE,0,"RETIRE: id was reserved before the current card process (316 of 321 date from 2026-05, 260 owned by the retired ""DeepSeek"" provenance) and no card exists in any pool; nothing is lost by retiring it because no strategy was ever written."
QM5_12276,QM5_1914_colby-mfi-divergence-h4,2026-05-26,DeepSeek,NO_CARD_ANYWHERE,RETIRE,0,"RETIRE: id was reserved before the current card process (316 of 321 date from 2026-05, 260 owned by the retired ""DeepSeek"" provenance) and no card exists in any pool; nothing is lost by retiring it because no strategy was ever written."
QM5_12277,QM5_1965_elder-bull-bear-power-confirm-h4,2026-05-26,DeepSeek,NO_CARD_ANYWHERE,RETIRE,0,"RETIRE: id was reserved before the current card process (316 of 321 date from 2026-05, 260 owned by the retired ""DeepSeek"" provenance) and no card exists in any pool; nothing is lost by retiring it because no strategy was ever written."
QM5_12278,QM5_1966_colby-demand-index-h4,2026-05-26,DeepSeek,NO_CARD_ANYWHERE,RETIRE,0,"RETIRE: id was reserved before the current card process (316 of 321 date from 2026-05, 260 owned by the retired ""DeepSeek"" provenance) and no card exists in any pool; nothing is lost by retiring it because no strategy was ever written."
QM5_12279,QM5_1967_pring-kst-h4,2026-05-26,DeepSeek,NO_CARD_ANYWHERE,RETIRE,0,"RETIRE: id was reserved before the current card process (316 of 321 date from 2026-05, 260 owned by the retired ""DeepSeek"" provenance) and no card exists in any pool; nothing is lost by retiring it because no strategy was ever written."
QM5_12280,QM5_1968_chande-aroon-oscillator-cross-h4,2026-05-26,DeepSeek,NO_CARD_ANYWHERE,RETIRE,0,"RETIRE: id was reserved before the current card process (316 of 321 date from 2026-05, 260 owned by the retired ""DeepSeek"" provenance) and no card exists in any pool; nothing is lost by retiring it because no strategy was ever written."
QM5_12281,QM5_1969_chande-fo-histogram-h4,2026-05-26,DeepSeek,NO_CARD_ANYWHERE,RETIRE,0,"RETIRE: id was reserved before the current card process (316 of 321 date from 2026-05, 260 owned by the retired ""DeepSeek"" provenance) and no card exists in any pool; nothing is lost by retiring it because no strategy was ever written."
QM5_12282,QM5_2020_chaikin-volatility-h4,2026-05-26,DeepSeek,NO_CARD_ANYWHERE,RETIRE,0,"RETIRE: id was reserved before the current card process (316 of 321 date from 2026-05, 260 owned by the retired ""DeepSeek"" provenance) and no card exists in any pool; nothing is lost by retiring it because no strategy was ever written."
QM5_12283,QM5_2021_chaikin-money-flow-h4,2026-05-26,DeepSeek,NO_CARD_ANYWHERE,RETIRE,0,"RETIRE: id was reserved before the current card process (316 of 321 date from 2026-05, 260 owned by the retired ""DeepSeek"" provenance) and no card exists in any pool; nothing is lost by retiring it because no strategy was ever written."
QM5_12284,QM5_2022_ehlers-hilbert-phase-trend-h4,2026-05-26,DeepSeek,NO_CARD_ANYWHERE,RETIRE,0,"RETIRE: id was reserved before the current card process (316 of 321 date from 2026-05, 260 owned by the retired ""DeepSeek"" provenance) and no card exists in any pool; nothing is lost by retiring it because no strategy was ever written."
QM5_12285,QM5_2023_demark-td-d-wave-wave5-h4,2026-05-26,DeepSeek,NO_CARD_ANYWHERE,RETIRE,0,"RETIRE: id was reserved before the current card process (316 of 321 date from 2026-05, 260 owned by the retired ""DeepSeek"" provenance) and no card exists in any pool; nothing is lost by retiring it because no strategy was ever written."
QM5_12286,QM5_2024_pring-trend-deviation-oscillator-h4,2026-05-26,DeepSeek,NO_CARD_ANYWHERE,RETIRE,0,"RETIRE: id was reserved before the current card process (316 of 321 date from 2026-05, 260 owned by the retired ""DeepSeek"" provenance) and no card exists in any pool; nothing is lost by retiring it because no strategy was ever written."
QM5_12287,QM5_2025_williams-accumulation-distribution-h4,2026-05-26,DeepSeek,NO_CARD_ANYWHERE,RETIRE,0,"RETIRE: id was reserved before the current card process (316 of 321 date from 2026-05, 260 owned by the retired ""DeepSeek"" provenance) and no card exists in any pool; nothing is lost by retiring it because no strategy was ever written."
QM5_12288,QM5_2077_demark-td-rei-h4,2026-05-26,DeepSeek,NO_CARD_ANYWHERE,RETIRE,0,"RETIRE: id was reserved before the current card process (316 of 321 date from 2026-05, 260 owned by the retired ""DeepSeek"" provenance) and no card exists in any pool; nothing is lost by retiring it because no strategy was ever written."
QM5_12289,QM5_2078_ehlers-sine-wave-h4,2026-05-26,DeepSeek,NO_CARD_ANYWHERE,RETIRE,0,"RETIRE: id was reserved before the current card process (316 of 321 date from 2026-05, 260 owned by the retired ""DeepSeek"" provenance) and no card exists in any pool; nothing is lost by retiring it because no strategy was ever written."
QM5_12290,QM5_2079_williams-ultimate-oscillator-h4,2026-05-26,DeepSeek,NO_CARD_ANYWHERE,RETIRE,0,"RETIRE: id was reserved before the current card process (316 of 321 date from 2026-05, 260 owned by the retired ""DeepSeek"" provenance) and no card exists in any pool; nothing is lost by retiring it because no strategy was ever written."
QM5_12291,QM5_2080_pring-special-k-h4,2026-05-26,DeepSeek,NO_CARD_ANYWHERE,RETIRE,0,"RETIRE: id was reserved before the current card process (316 of 321 date from 2026-05, 260 owned by the retired ""DeepSeek"" provenance) and no card exists in any pool; nothing is lost by retiring it because no strategy was ever written."
QM5_12292,QM5_2131_ehlers-laguerre-filter-h4,2026-05-26,DeepSeek,NO_CARD_ANYWHERE,RETIRE,0,"RETIRE: id was reserved before the current card process (316 of 321 date from 2026-05, 260 owned by the retired ""DeepSeek"" provenance) and no card exists in any pool; nothing is lost by retiring it because no strategy was ever written."
QM5_12293,QM5_2132_pring-kst-histogram-h4,2026-05-26,DeepSeek,NO_CARD_ANYWHERE,RETIRE,0,"RETIRE: id was reserved before the current card process (316 of 321 date from 2026-05, 260 owned by the retired ""DeepSeek"" provenance) and no card exists in any pool; nothing is lost by retiring it because no strategy was ever written."
QM5_12294,QM5_2133_demark-td-trend-factor-h4,2026-05-26,DeepSeek,NO_CARD_ANYWHERE,RETIRE,0,"RETIRE: id was reserved before the current card process (316 of 321 date from 2026-05, 260 owned by the retired ""DeepSeek"" provenance) and no card exists in any pool; nothing is lost by retiring it because no strategy was ever written."
QM5_12295,QM5_2134_brooks-major-trend-reversal-h4,2026-05-26,DeepSeek,NO_CARD_ANYWHERE,RETIRE,0,"RETIRE: id was reserved before the current card process (316 of 321 date from 2026-05, 260 owned by the retired ""DeepSeek"" provenance) and no card exists in any pool; nothing is lost by retiring it because no strategy was ever written."
QM5_12296,QM5_2135_chande-trendscore-h4,2026-05-26,DeepSeek,NO_CARD_ANYWHERE,RETIRE,0,"RETIRE: id was reserved before the current card process (316 of 321 date from 2026-05, 260 owned by the retired ""DeepSeek"" provenance) and no card exists in any pool; nothing is lost by retiring it because no strategy was ever written."
QM5_12297,QM5_2186_ehlers-frama-cross-h4,2026-05-26,DeepSeek,NO_CARD_ANYWHERE,RETIRE,0,"RETIRE: id was reserved before the current card process (316 of 321 date from 2026-05, 260 owned by the retired ""DeepSeek"" provenance) and no card exists in any pool; nothing is lost by retiring it because no strategy was ever written."
QM5_12298,QM5_2187_demark-td-trap-h4,2026-05-26,DeepSeek,NO_CARD_ANYWHERE,RETIRE,0,"RETIRE: id was reserved before the current card process (316 of 321 date from 2026-05, 260 owned by the retired ""DeepSeek"" provenance) and no card exists in any pool; nothing is lost by retiring it because no strategy was ever written."
QM5_12299,QM5_2188_chande-ravi-regime-cross-h4,2026-05-26,DeepSeek,NO_CARD_ANYWHERE,RETIRE,0,"RETIRE: id was reserved before the current card process (316 of 321 date from 2026-05, 260 owned by the retired ""DeepSeek"" provenance) and no card exists in any pool; nothing is lost by retiring it because no strategy was ever written."
QM5_12300,QM5_2189_brooks-h1-l1-pullback-h4,2026-05-26,DeepSeek,NO_CARD_ANYWHERE,RETIRE,0,"RETIRE: id was reserved before the current card process (316 of 321 date from 2026-05, 260 owned by the retired ""DeepSeek"" provenance) and no card exists in any pool; nothing is lost by retiring it because no strategy was ever written."
QM5_12301,QM5_2190_chande-qstick-zero-cross-h4,2026-05-26,DeepSeek,NO_CARD_ANYWHERE,RETIRE,0,"RETIRE: id was reserved before the current card process (316 of 321 date from 2026-05, 260 owned by the retired ""DeepSeek"" provenance) and no card exists in any pool; nothing is lost by retiring it because no strategy was ever written."
QM5_12302,QM5_2241_ehlers-inverse-fisher-transform-h4,2026-05-26,DeepSeek,NO_CARD_ANYWHERE,RETIRE,0,"RETIRE: id was reserved before the current card process (316 of 321 date from 2026-05, 260 owned by the retired ""DeepSeek"" provenance) and no card exists in any pool; nothing is lost by retiring it because no strategy was ever written."
QM5_12303,QM5_2242_demark-td-magic-letters-h4,2026-05-26,DeepSeek,NO_CARD_ANYWHERE,RETIRE,0,"RETIRE: id was reserved before the current card process (316 of 321 date from 2026-05, 260 owned by the retired ""DeepSeek"" provenance) and no card exists in any pool; nothing is lost by retiring it because no strategy was ever written."
QM5_12304,QM5_2243_chande-aroon-divergence-h4,2026-05-26,DeepSeek,NO_CARD_ANYWHERE,RETIRE,0,"RETIRE: id was reserved before the current card process (316 of 321 date from 2026-05, 260 owned by the retired ""DeepSeek"" provenance) and no card exists in any pool; nothing is lost by retiring it because no strategy was ever written."
QM5_12305,QM5_2244_brooks-h2-l2-pullback-h4,2026-05-26,DeepSeek,NO_CARD_ANYWHERE,RETIRE,0,"RETIRE: id was reserved before the current card process (316 of 321 date from 2026-05, 260 owned by the retired ""DeepSeek"" provenance) and no card exists in any pool; nothing is lost by retiring it because no strategy was ever written."
QM5_12306,QM5_2296_demark-td-diff-alt-h4,2026-05-26,DeepSeek,NO_CARD_ANYWHERE,RETIRE,0,"RETIRE: id was reserved before the current card process (316 of 321 date from 2026-05, 260 owned by the retired ""DeepSeek"" provenance) and no card exists in any pool; nothing is lost by retiring it because no strategy was ever written."
QM5_12307,QM5_2297_sperandeo-channel-buster-h4,2026-05-26,DeepSeek,NO_CARD_ANYWHERE,RETIRE,0,"RETIRE: id was reserved before the current card process (316 of 321 date from 2026-05, 260 owned by the retired ""DeepSeek"" provenance) and no card exists in any pool; nothing is lost by retiring it because no strategy was ever written."
QM5_12308,QM5_2298_williams-smash-day-h4,2026-05-26,DeepSeek,NO_CARD_ANYWHERE,RETIRE,0,"RETIRE: id was reserved before the current card process (316 of 321 date from 2026-05, 260 owned by the retired ""DeepSeek"" provenance) and no card exists in any pool; nothing is lost by retiring it because no strategy was ever written."
QM5_12309,QM5_2299_brooks-final-flag-h4,2026-05-26,DeepSeek,NO_CARD_ANYWHERE,RETIRE,0,"RETIRE: id was reserved before the current card process (316 of 321 date from 2026-05, 260 owned by the retired ""DeepSeek"" provenance) and no card exists in any pool; nothing is lost by retiring it because no strategy was ever written."
QM5_12310,QM5_2300_chande-vidya-slope-h4,2026-05-26,DeepSeek,NO_CARD_ANYWHERE,RETIRE,0,"RETIRE: id was reserved before the current card process (316 of 321 date from 2026-05, 260 owned by the retired ""DeepSeek"" provenance) and no card exists in any pool; nothing is lost by retiring it because no strategy was ever written."
QM5_12311,QM5_2351_demark-td-diff-rsi-h4,2026-05-26,DeepSeek,NO_CARD_ANYWHERE,RETIRE,0,"RETIRE: id was reserved before the current card process (316 of 321 date from 2026-05, 260 owned by the retired ""DeepSeek"" provenance) and no card exists in any pool; nothing is lost by retiring it because no strategy was ever written."
QM5_12312,QM5_2352_williams-3day-failure-h4,2026-05-26,DeepSeek,NO_CARD_ANYWHERE,RETIRE,0,"RETIRE: id was reserved before the current card process (316 of 321 date from 2026-05, 260 owned by the retired ""DeepSeek"" provenance) and no card exists in any pool; nothing is lost by retiring it because no strategy was ever written."
QM5_12313,QM5_2353_ehlers-voss-predictor-h4,2026-05-26,DeepSeek,NO_CARD_ANYWHERE,RETIRE,0,"RETIRE: id was reserved before the current card process (316 of 321 date from 2026-05, 260 owned by the retired ""DeepSeek"" provenance) and no card exists in any pool; nothing is lost by retiring it because no strategy was ever written."
QM5_12314,QM5_2354_brooks-failed-final-flag-h4,2026-05-26,DeepSeek,NO_CARD_ANYWHERE,RETIRE,0,"RETIRE: id was reserved before the current card process (316 of 321 date from 2026-05, 260 owned by the retired ""DeepSeek"" provenance) and no card exists in any pool; nothing is lost by retiring it because no strategy was ever written."
QM5_12315,QM5_2355_demark-td-clopwin-h4,2026-05-26,DeepSeek,NO_CARD_ANYWHERE,RETIRE,0,"RETIRE: id was reserved before the current card process (316 of 321 date from 2026-05, 260 owned by the retired ""DeepSeek"" provenance) and no card exists in any pool; nothing is lost by retiring it because no strategy was ever written."
QM5_12316,QM5_2406_brooks-triangle-h4,2026-05-26,DeepSeek,NO_CARD_ANYWHERE,RETIRE,0,"RETIRE: id was reserved before the current card process (316 of 321 date from 2026-05, 260 owned by the retired ""DeepSeek"" provenance) and no card exists in any pool; nothing is lost by retiring it because no strategy was ever written."
QM5_12317,QM5_2407_demark-td-clop-h4,2026-05-26,DeepSeek,NO_CARD_ANYWHERE,RETIRE,0,"RETIRE: id was reserved before the current card process (316 of 321 date from 2026-05, 260 owned by the retired ""DeepSeek"" provenance) and no card exists in any pool; nothing is lost by retiring it because no strategy was ever written."
QM5_12318,QM5_2408_williams-mmm-h4,2026-05-26,DeepSeek,NO_CARD_ANYWHERE,RETIRE,0,"RETIRE: id was reserved before the current card process (316 of 321 date from 2026-05, 260 owned by the retired ""DeepSeek"" provenance) and no card exists in any pool; nothing is lost by retiring it because no strategy was ever written."
QM5_12319,QM5_2409_demark-td-lines-active-h4,2026-05-26,DeepSeek,NO_CARD_ANYWHERE,RETIRE,0,"RETIRE: id was reserved before the current card process (316 of 321 date from 2026-05, 260 owned by the retired ""DeepSeek"" provenance) and no card exists in any pool; nothing is lost by retiring it because no strategy was ever written."
QM5_12320,QM5_2410_ehlers-universal-oscillator-h4,2026-05-26,DeepSeek,NO_CARD_ANYWHERE,RETIRE,0,"RETIRE: id was reserved before the current card process (316 of 321 date from 2026-05, 260 owned by the retired ""DeepSeek"" provenance) and no card exists in any pool; nothing is lost by retiring it because no strategy was ever written."
QM5_12321,QM5_2461_brooks-failed-wedge-h4,2026-05-26,DeepSeek,NO_CARD_ANYWHERE,RETIRE,0,"RETIRE: id was reserved before the current card process (316 of 321 date from 2026-05, 260 owned by the retired ""DeepSeek"" provenance) and no card exists in any pool; nothing is lost by retiring it because no strategy was ever written."
QM5_12322,QM5_2462_demark-td-channel-1-h4,2026-05-26,DeepSeek,NO_CARD_ANYWHERE,RETIRE,0,"RETIRE: id was reserved before the current card process (316 of 321 date from 2026-05, 260 owned by the retired ""DeepSeek"" provenance) and no card exists in any pool; nothing is lost by retiring it because no strategy was ever written."
QM5_12323,QM5_2463_sperandeo-spring-channel-h4,2026-05-26,DeepSeek,NO_CARD_ANYWHERE,RETIRE,0,"RETIRE: id was reserved before the current card process (316 of 321 date from 2026-05, 260 owned by the retired ""DeepSeek"" provenance) and no card exists in any pool; nothing is lost by retiring it because no strategy was ever written."
QM5_12324,QM5_2464_pring-special-k-histogram-h4,2026-05-26,DeepSeek,NO_CARD_ANYWHERE,RETIRE,0,"RETIRE: id was reserved before the current card process (316 of 321 date from 2026-05, 260 owned by the retired ""DeepSeek"" provenance) and no card exists in any pool; nothing is lost by retiring it because no strategy was ever written."
QM5_12325,QM5_2465_demark-td-channel-2-h4,2026-05-26,DeepSeek,NO_CARD_ANYWHERE,RETIRE,0,"RETIRE: id was reserved before the current card process (316 of 321 date from 2026-05, 260 owned by the retired ""DeepSeek"" provenance) and no card exists in any pool; nothing is lost by retiring it because no strategy was ever written."
QM5_12326,QM5_3005_alpha-inst-magnet,2026-05-26,DeepSeek,NO_CARD_ANYWHERE,RETIRE,0,"RETIRE: id was reserved before the current card process (316 of 321 date from 2026-05, 260 owned by the retired ""DeepSeek"" provenance) and no card exists in any pool; nothing is lost by retiring it because no strategy was ever written."
QM5_12327,QM5_9147_aa-ew6-ma12,2026-05-26,DeepSeek,NO_CARD_ANYWHERE,RETIRE,0,"RETIRE: id was reserved before the current card process (316 of 321 date from 2026-05, 260 owned by the retired ""DeepSeek"" provenance) and no card exists in any pool; nothing is lost by retiring it because no strategy was ever written."
QM5_12328,QM5_9176_mql5-sar-rvi-reverse,2026-05-26,DeepSeek,NO_CARD_ANYWHERE,RETIRE,0,"RETIRE: id was reserved before the current card process (316 of 321 date from 2026-05, 260 owned by the retired ""DeepSeek"" provenance) and no card exists in any pool; nothing is lost by retiring it because no strategy was ever written."
QM5_12329,QM5_9177_mql5-sar-rvi-zero,2026-05-26,DeepSeek,NO_CARD_ANYWHERE,RETIRE,0,"RETIRE: id was reserved before the current card process (316 of 321 date from 2026-05, 260 owned by the retired ""DeepSeek"" provenance) and no card exists in any pool; nothing is lost by retiring it because no strategy was ever written."
QM5_12330,QM5_9181_jstm-dual-thrust-fx-intraday,2026-05-26,DeepSeek,NO_CARD_ANYWHERE,RETIRE,0,"RETIRE: id was reserved before the current card process (316 of 321 date from 2026-05, 260 owned by the retired ""DeepSeek"" provenance) and no card exists in any pool; nothing is lost by retiring it because no strategy was ever written."
QM5_12331,QM5_9182_jstm-heikin-ashi-trend-long,2026-05-26,DeepSeek,NO_CARD_ANYWHERE,RETIRE,0,"RETIRE: id was reserved before the current card process (316 of 321 date from 2026-05, 260 owned by the retired ""DeepSeek"" provenance) and no card exists in any pool; nothing is lost by retiring it because no strategy was ever written."
QM5_12332,QM5_9183_jstm-parabolic-sar-flip,2026-05-26,DeepSeek,NO_CARD_ANYWHERE,RETIRE,0,"RETIRE: id was reserved before the current card process (316 of 321 date from 2026-05, 260 owned by the retired ""DeepSeek"" provenance) and no card exists in any pool; nothing is lost by retiring it because no strategy was ever written."
QM5_12333,QM5_9184_jstm-pair-cointegration-fx,2026-05-26,DeepSeek,NO_CARD_ANYWHERE,RETIRE,0,"RETIRE: id was reserved before the current card process (316 of 321 date from 2026-05, 260 owned by the retired ""DeepSeek"" provenance) and no card exists in any pool; nothing is lost by retiring it because no strategy was ever written."
QM5_12334,QM5_9220_mql5-alligator-trend,2026-05-26,DeepSeek,NO_CARD_ANYWHERE,RETIRE,0,"RETIRE: id was reserved before the current card process (316 of 321 date from 2026-05, 260 owned by the retired ""DeepSeek"" provenance) and no card exists in any pool; nothing is lost by retiring it because no strategy was ever written."
QM5_12335,QM5_9220_mql5-rvi-ma,2026-05-26,DeepSeek,NO_CARD_ANYWHERE,RETIRE,0,"RETIRE: id was reserved before the current card process (316 of 321 date from 2026-05, 260 owned by the retired ""DeepSeek"" provenance) and no card exists in any pool; nothing is lost by retiring it because no strategy was ever written."
QM5_12336,QM5_9221_mql5-ad-price,2026-05-26,DeepSeek,NO_CARD_ANYWHERE,RETIRE,0,"RETIRE: id was reserved before the current card process (316 of 321 date from 2026-05, 260 owned by the retired ""DeepSeek"" provenance) and no card exists in any pool; nothing is lost by retiring it because no strategy was ever written."
QM5_12337,QM5_9221_mql5-chaikin-zero,2026-05-26,DeepSeek,NO_CARD_ANYWHERE,RETIRE,0,"RETIRE: id was reserved before the current card process (316 of 321 date from 2026-05, 260 owned by the retired ""DeepSeek"" provenance) and no card exists in any pool; nothing is lost by retiring it because no strategy was ever written."
QM5_12338,QM5_9221_mql5-stddev-ma,2026-05-26,DeepSeek,NO_CARD_ANYWHERE,RETIRE,0,"RETIRE: id was reserved before the current card process (316 of 321 date from 2026-05, 260 owned by the retired ""DeepSeek"" provenance) and no card exists in any pool; nothing is lost by retiring it because no strategy was ever written."
QM5_12339,QM5_9222_mql5-bwmfi-ma,2026-05-26,DeepSeek,NO_CARD_ANYWHERE,RETIRE,0,"RETIRE: id was reserved before the current card process (316 of 321 date from 2026-05, 260 owned by the retired ""DeepSeek"" provenance) and no card exists in any pool; nothing is lost by retiring it because no strategy was ever written."
QM5_12340,QM5_9222_mql5-force-ema,2026-05-26,DeepSeek,NO_CARD_ANYWHERE,RETIRE,0,"RETIRE: id was reserved before the current card process (316 of 321 date from 2026-05, 260 owned by the retired ""DeepSeek"" provenance) and no card exists in any pool; nothing is lost by retiring it because no strategy was ever written."
QM5_12341,QM5_9222_mql5-gator-ma,2026-05-26,DeepSeek,NO_CARD_ANYWHERE,RETIRE,0,"RETIRE: id was reserved before the current card process (316 of 321 date from 2026-05, 260 owned by the retired ""DeepSeek"" provenance) and no card exists in any pool; nothing is lost by retiring it because no strategy was ever written."
QM5_12342,QM5_9223_mql5-demarker-div,2026-05-26,DeepSeek,NO_CARD_ANYWHERE,RETIRE,0,"RETIRE: id was reserved before the current card process (316 of 321 date from 2026-05, 260 owned by the retired ""DeepSeek"" provenance) and no card exists in any pool; nothing is lost by retiring it because no strategy was ever written."
QM5_12343,QM5_9224_mql5-vol-ma-cross,2026-05-26,DeepSeek,NO_CARD_ANYWHERE,RETIRE,0,"RETIRE: id was reserved before the current card process (316 of 321 date from 2026-05, 260 owned by the retired ""DeepSeek"" provenance) and no card exists in any pool; nothing is lost by retiring it because no strategy was ever written."
QM5_12344,QM5_9265_mql5-adx-di-trend,2026-05-26,DeepSeek,NO_CARD_ANYWHERE,RETIRE,0,"RETIRE: id was reserved before the current card process (316 of 321 date from 2026-05, 260 owned by the retired ""DeepSeek"" provenance) and no card exists in any pool; nothing is lost by retiring it because no strategy was ever written."
QM5_12345,QM5_9284_brooks-tight-trading-range-h4,2026-05-26,DeepSeek,NO_CARD_ANYWHERE,RETIRE,0,"RETIRE: id was reserved before the current card process (316 of 321 date from 2026-05, 260 owned by the retired ""DeepSeek"" provenance) and no card exists in any pool; nothing is lost by retiring it because no strategy was ever written."
QM5_12346,QM5_9284_mql5-aroon-cross,2026-05-26,DeepSeek,NO_CARD_ANYWHERE,RETIRE,0,"RETIRE: id was reserved before the current card process (316 of 321 date from 2026-05, 260 owned by the retired ""DeepSeek"" provenance) and no card exists in any pool; nothing is lost by retiring it because no strategy was ever written."
QM5_12353,orev-ma-pull,2026-05-26,Research,CARD_REJECTED,RETIRE,0,"RETIRE: card carries a terminal g0_status REJECTED with an explicit g0_rejection_reason; the registry slug still matches that card (the id was never re-purposed); no EA directory, no work_items, no magic rows."
QM5_12370,tmom-comm-val,2026-05-26,Research,CARD_REJECTED,RETIRE,0,"RETIRE: card carries a terminal g0_status REJECTED with an explicit g0_rejection_reason; the registry slug still matches that card (the id was never re-purposed); no EA directory, no work_items, no magic rows."
QM5_12379,tf-ema-regime,2026-05-26,Research,CARD_REJECTED,RETIRE,0,"RETIRE: card carries a terminal g0_status REJECTED with an explicit g0_rejection_reason; the registry slug still matches that card (the id was never re-purposed); no EA directory, no work_items, no magic rows."
QM5_12380,tf-macd-regime,2026-05-26,Research,CARD_REJECTED,RETIRE,0,"RETIRE: card carries a terminal g0_status REJECTED with an explicit g0_rejection_reason; the registry slug still matches that card (the id was never re-purposed); no EA directory, no work_items, no magic rows."
QM5_12383,asset-sma10m,2026-05-26,Research,CARD_REJECTED,RETIRE,0,"RETIRE: card carries a terminal g0_status REJECTED with an explicit g0_rejection_reason; the registry slug still matches that card (the id was never re-purposed); no EA directory, no work_items, no magic rows."
QM5_12384,fx-mom12m,2026-05-26,Research,CARD_REJECTED,RETIRE,0,"RETIRE: card carries a terminal g0_status REJECTED with an explicit g0_rejection_reason; the registry slug still matches that card (the id was never re-purposed); no EA directory, no work_items, no magic rows."
QM5_12385,fx-carry-rates,2026-05-26,Research,CARD_REJECTED,RETIRE,0,"RETIRE: card carries a terminal g0_status REJECTED with an explicit g0_rejection_reason; the registry slug still matches that card (the id was never re-purposed); no EA directory, no work_items, no magic rows."
QM5_12387,dollar-carry,2026-05-26,Research,CARD_REJECTED,RETIRE,0,"RETIRE: card carries a terminal g0_status REJECTED with an explicit g0_rejection_reason; the registry slug still matches that card (the id was never re-purposed); no EA directory, no work_items, no magic rows."
QM5_12388,fx-ppp-value,2026-05-26,Research,CARD_REJECTED,RETIRE,0,"RETIRE: card carries a terminal g0_status REJECTED with an explicit g0_rejection_reason; the registry slug still matches that card (the id was never re-purposed); no EA directory, no work_items, no magic rows."
QM5_12393,oil-spread-ma,2026-05-26,Research,CARD_REJECTED,RETIRE,0,"RETIRE: card carries a terminal g0_status REJECTED with an explicit g0_rejection_reason; the registry slug still matches that card (the id was never re-purposed); no EA directory, no work_items, no magic rows."
QM5_12400,stock-rev-week,2026-05-26,Research,CARD_REJECTED,RETIRE,0,"RETIRE: card carries a terminal g0_status REJECTED with an explicit g0_rejection_reason; the registry slug still matches that card (the id was never re-purposed); no EA directory, no work_items, no magic rows."
QM5_12408,stock-ath-trend,2026-05-26,Research,CARD_REJECTED,RETIRE,0,"RETIRE: card carries a terminal g0_status REJECTED with an explicit g0_rejection_reason; the registry slug still matches that card (the id was never re-purposed); no EA directory, no work_items, no magic rows."
QM5_12417,bbrsi-revert,2026-05-26,Research,CARD_REJECTED,RETIRE,0,"RETIRE: card carries a terminal g0_status REJECTED with an explicit g0_rejection_reason; the registry slug still matches that card (the id was never re-purposed); no EA directory, no work_items, no magic rows."
QM5_12418,ma3-fractal,2026-05-26,Research,CARD_REJECTED,RETIRE,0,"RETIRE: card carries a terminal g0_status REJECTED with an explicit g0_rejection_reason; the registry slug still matches that card (the id was never re-purposed); no EA directory, no work_items, no magic rows."
QM5_12419,macd-stoch,2026-05-26,Research,CARD_REJECTED,RETIRE,0,"RETIRE: card carries a terminal g0_status REJECTED with an explicit g0_rejection_reason; the registry slug still matches that card (the id was never re-purposed); no EA directory, no work_items, no magic rows."
QM5_12420,lrc-utbot,2026-05-26,Research,CARD_REJECTED,RETIRE,0,"RETIRE: card carries a terminal g0_status REJECTED with an explicit g0_rejection_reason; the registry slug still matches that card (the id was never re-purposed); no EA directory, no work_items, no magic rows."
QM5_12421,dhl-aos,2026-05-26,Research,CARD_REJECTED,RETIRE,0,"RETIRE: card carries a terminal g0_status REJECTED with an explicit g0_rejection_reason; the registry slug still matches that card (the id was never re-purposed); no EA directory, no work_items, no magic rows."
QM5_12422,ger-3macd,2026-05-26,Research,CARD_REJECTED,RETIRE,0,"RETIRE: card carries a terminal g0_status REJECTED with an explicit g0_rejection_reason; the registry slug still matches that card (the id was never re-purposed); no EA directory, no work_items, no magic rows."
QM5_12423,ger-afaosmd,2026-05-26,Research,CARD_REJECTED,RETIRE,0,"RETIRE: card carries a terminal g0_status REJECTED with an explicit g0_rejection_reason; the registry slug still matches that card (the id was never re-purposed); no EA directory, no work_items, no magic rows."
QM5_12424,ger-nwersiasf,2026-05-26,Research,CARD_REJECTED,RETIRE,0,"RETIRE: card carries a terminal g0_status REJECTED with an explicit g0_rejection_reason; the registry slug still matches that card (the id was never re-purposed); no EA directory, no work_items, no magic rows."
QM5_12426,ladino-ma,2026-05-26,Research,CARD_REJECTED,RETIRE,0,"RETIRE: card carries a terminal g0_status REJECTED with an explicit g0_rejection_reason; the registry slug still matches that card (the id was never re-purposed); no EA directory, no work_items, no magic rows."
QM5_12431,ea31337-super,2026-05-26,Research,CARD_REJECTED,RETIRE,0,"RETIRE: card carries a terminal g0_status REJECTED with an explicit g0_rejection_reason; the registry slug still matches that card (the id was never re-purposed); no EA directory, no work_items, no magic rows."
QM5_12432,ea31337-adx,2026-05-26,Research,CARD_REJECTED,RETIRE,0,"RETIRE: card carries a terminal g0_status REJECTED with an explicit g0_rejection_reason; the registry slug still matches that card (the id was never re-purposed); no EA directory, no work_items, no magic rows."
QM5_12434,ea31337-sar,2026-05-26,Research,CARD_REJECTED,RETIRE,0,"RETIRE: card carries a terminal g0_status REJECTED with an explicit g0_rejection_reason; the registry slug still matches that card (the id was never re-purposed); no EA directory, no work_items, no magic rows."
QM5_12437,ea31337-alligator,2026-05-26,Research,CARD_REJECTED,RETIRE,0,"RETIRE: card carries a terminal g0_status REJECTED with an explicit g0_rejection_reason; the registry slug still matches that card (the id was never re-purposed); no EA directory, no work_items, no magic rows."
QM5_12438,ea31337-demarker,2026-05-26,Research,CARD_REJECTED,RETIRE,0,"RETIRE: card carries a terminal g0_status REJECTED with an explicit g0_rejection_reason; the registry slug still matches that card (the id was never re-purposed); no EA directory, no work_items, no magic rows."
QM5_12439,ea31337-mfi,2026-05-26,Research,CARD_REJECTED,RETIRE,0,"RETIRE: card carries a terminal g0_status REJECTED with an explicit g0_rejection_reason; the registry slug still matches that card (the id was never re-purposed); no EA directory, no work_items, no magic rows."
QM5_12440,ea31337-momentum,2026-05-26,Research,CARD_REJECTED,RETIRE,0,"RETIRE: card carries a terminal g0_status REJECTED with an explicit g0_rejection_reason; the registry slug still matches that card (the id was never re-purposed); no EA directory, no work_items, no magic rows."
QM5_12441,ea31337-rvi,2026-05-26,Research,CARD_REJECTED,RETIRE,0,"RETIRE: card carries a terminal g0_status REJECTED with an explicit g0_rejection_reason; the registry slug still matches that card (the id was never re-purposed); no EA directory, no work_items, no magic rows."
QM5_12442,ea31337-ac,2026-05-26,Research,CARD_REJECTED,RETIRE,0,"RETIRE: card carries a terminal g0_status REJECTED with an explicit g0_rejection_reason; the registry slug still matches that card (the id was never re-purposed); no EA directory, no work_items, no magic rows."
QM5_12443,ea31337-ad,2026-05-26,Research,CARD_REJECTED,RETIRE,0,"RETIRE: card carries a terminal g0_status REJECTED with an explicit g0_rejection_reason; the registry slug still matches that card (the id was never re-purposed); no EA directory, no work_items, no magic rows."
QM5_12444,ea31337-ama,2026-05-26,Research,CARD_REJECTED,RETIRE,0,"RETIRE: card carries a terminal g0_status REJECTED with an explicit g0_rejection_reason; the registry slug still matches that card (the id was never re-purposed); no EA directory, no work_items, no magic rows."
QM5_12445,ea31337-asi,2026-05-26,Research,CARD_REJECTED,RETIRE,0,"RETIRE: card carries a terminal g0_status REJECTED with an explicit g0_rejection_reason; the registry slug still matches that card (the id was never re-purposed); no EA directory, no work_items, no magic rows."
QM5_12446,ea31337-awesome,2026-05-26,Research,CARD_REJECTED,RETIRE,0,"RETIRE: card carries a terminal g0_status REJECTED with an explicit g0_rejection_reason; the registry slug still matches that card (the id was never re-purposed); no EA directory, no work_items, no magic rows."
QM5_12451,ea31337-mapivot,2026-05-26,Research,CARD_REJECTED,RETIRE,0,"RETIRE: card carries a terminal g0_status REJECTED with an explicit g0_rejection_reason; the registry slug still matches that card (the id was never re-purposed); no EA directory, no work_items, no magic rows."
QM5_12452,ea31337-bears,2026-05-26,Research,CARD_REJECTED,RETIRE,0,"RETIRE: card carries a terminal g0_status REJECTED with an explicit g0_rejection_reason; the registry slug still matches that card (the id was never re-purposed); no EA directory, no work_items, no magic rows."
QM5_12457,ea31337-zigzag,2026-05-26,Research,CARD_REJECTED,RETIRE,0,"RETIRE: card carries a terminal g0_status REJECTED with an explicit g0_rejection_reason; the registry slug still matches that card (the id was never re-purposed); no EA directory, no work_items, no magic rows."
QM5_12458,ea31337-atrma,2026-05-26,Research,CARD_REJECTED,RETIRE,0,"RETIRE: card carries a terminal g0_status REJECTED with an explicit g0_rejection_reason; the registry slug still matches that card (the id was never re-purposed); no EA directory, no work_items, no magic rows."
QM5_12459,ea31337-dema,2026-05-26,Research,CARD_REJECTED,RETIRE,0,"RETIRE: card carries a terminal g0_status REJECTED with an explicit g0_rejection_reason; the registry slug still matches that card (the id was never re-purposed); no EA directory, no work_items, no magic rows."
QM5_12460,ea31337-force,2026-05-26,Research,CARD_REJECTED,RETIRE,0,"RETIRE: card carries a terminal g0_status REJECTED with an explicit g0_rejection_reason; the registry slug still matches that card (the id was never re-purposed); no EA directory, no work_items, no magic rows."
QM5_12461,ea31337-fractal,2026-05-26,Research,CARD_REJECTED,RETIRE,0,"RETIRE: card carries a terminal g0_status REJECTED with an explicit g0_rejection_reason; the registry slug still matches that card (the id was never re-purposed); no EA directory, no work_items, no magic rows."
QM5_12462,ea31337-heiken,2026-05-26,Research,CARD_REJECTED,RETIRE,0,"RETIRE: card carries a terminal g0_status REJECTED with an explicit g0_rejection_reason; the registry slug still matches that card (the id was never re-purposed); no EA directory, no work_items, no magic rows."
QM5_12463,ea31337-dpo,2026-05-26,Research,CARD_REJECTED,RETIRE,0,"RETIRE: card carries a terminal g0_status REJECTED with an explicit g0_rejection_reason; the registry slug still matches that card (the id was never re-purposed); no EA directory, no work_items, no magic rows."
QM5_12464,ea31337-bwmfi,2026-05-26,Research,CARD_REJECTED,RETIRE,0,"RETIRE: card carries a terminal g0_status REJECTED with an explicit g0_rejection_reason; the registry slug still matches that card (the id was never re-purposed); no EA directory, no work_items, no magic rows."
QM5_12465,ea31337-chaikin,2026-05-26,Research,CARD_REJECTED,RETIRE,0,"RETIRE: card carries a terminal g0_status REJECTED with an explicit g0_rejection_reason; the registry slug still matches that card (the id was never re-purposed); no EA directory, no work_items, no magic rows."
QM5_12466,ea31337-elliott,2026-05-26,Research,CARD_REJECTED,RETIRE,0,"RETIRE: card carries a terminal g0_status REJECTED with an explicit g0_rejection_reason; the registry slug still matches that card (the id was never re-purposed); no EA directory, no work_items, no magic rows."
QM5_12467,ea31337-ichimoku,2026-05-26,Research,CARD_REJECTED,RETIRE,0,"RETIRE: card carries a terminal g0_status REJECTED with an explicit g0_rejection_reason; the registry slug still matches that card (the id was never re-purposed); no EA directory, no work_items, no magic rows."
QM5_12468,ea31337-gator,2026-05-26,Research,CARD_REJECTED,RETIRE,0,"RETIRE: card carries a terminal g0_status REJECTED with an explicit g0_rejection_reason; the registry slug still matches that card (the id was never re-purposed); no EA directory, no work_items, no magic rows."
QM5_12469,ea31337-obv,2026-05-26,Research,CARD_REJECTED,RETIRE,0,"RETIRE: card carries a terminal g0_status REJECTED with an explicit g0_rejection_reason; the registry slug still matches that card (the id was never re-purposed); no EA directory, no work_items, no magic rows."
QM5_12470,ea31337-osma,2026-05-26,Research,CARD_REJECTED,RETIRE,0,"RETIRE: card carries a terminal g0_status REJECTED with an explicit g0_rejection_reason; the registry slug still matches that card (the id was never re-purposed); no EA directory, no work_items, no magic rows."
QM5_12471,ea31337-svebb,2026-05-26,Research,CARD_REJECTED,RETIRE,0,"RETIRE: card carries a terminal g0_status REJECTED with an explicit g0_rejection_reason; the registry slug still matches that card (the id was never re-purposed); no EA directory, no work_items, no magic rows."
QM5_12472,ea31337-mashift,2026-05-26,Research,CARD_REJECTED,RETIRE,0,"RETIRE: card carries a terminal g0_status REJECTED with an explicit g0_rejection_reason; the registry slug still matches that card (the id was never re-purposed); no EA directory, no work_items, no magic rows."
QM5_12477,gh-psar-flip,2026-05-26,Research,CARD_REJECTED,RETIRE,0,"RETIRE: card carries a terminal g0_status REJECTED with an explicit g0_rejection_reason; the registry slug still matches that card (the id was never re-purposed); no EA directory, no work_items, no magic rows."
QM5_12489,myh-platform60,2026-05-26,Research,CARD_REJECTED,RETIRE,0,"RETIRE: card carries a terminal g0_status REJECTED with an explicit g0_rejection_reason; the registry slug still matches that card (the id was never re-purposed); no EA directory, no work_items, no magic rows."
QM5_12490,myh-ma250-pull,2026-05-26,Research,CARD_REJECTED,RETIRE,0,"RETIRE: card carries a terminal g0_status REJECTED with an explicit g0_rejection_reason; the registry slug still matches that card (the id was never re-purposed); no EA directory, no work_items, no magic rows."
QM5_12491,myh-ma30-ramp,2026-05-26,Research,CARD_REJECTED,RETIRE,0,"RETIRE: card carries a terminal g0_status REJECTED with an explicit g0_rejection_reason; the registry slug still matches that card (the id was never re-purposed); no EA directory, no work_items, no magic rows."
QM5_12492,myh-lowatr-grow,2026-05-26,Research,CARD_REJECTED,RETIRE,0,"RETIRE: card carries a terminal g0_status REJECTED with an explicit g0_rejection_reason; the registry slug still matches that card (the id was never re-purposed); no EA directory, no work_items, no magic rows."
QM5_12496,lean-energy-lead,2026-05-26,Research,CARD_REJECTED,RETIRE,0,"RETIRE: card carries a terminal g0_status REJECTED with an explicit g0_rejection_reason; the registry slug still matches that card (the id was never re-purposed); no EA directory, no work_items, no magic rows."
QM5_12498,london-breakout,2026-05-26,Research,CARD_REJECTED,RETIRE,0,"RETIRE: card carries a terminal g0_status REJECTED with an explicit g0_rejection_reason; the registry slug still matches that card (the id was never re-purposed); no EA directory, no work_items, no magic rows."
QM5_12500,macd-ma-cross,2026-05-26,Research,CARD_REJECTED,RETIRE,0,"RETIRE: card carries a terminal g0_status REJECTED with an explicit g0_rejection_reason; the registry slug still matches that card (the id was never re-purposed); no EA directory, no work_items, no magic rows."
QM5_12501,heikin-ashi,2026-05-26,Research,CARD_REJECTED,RETIRE,0,"RETIRE: card carries a terminal g0_status REJECTED with an explicit g0_rejection_reason; the registry slug still matches that card (the id was never re-purposed); no EA directory, no work_items, no magic rows."
QM5_12502,psar-reversal,2026-05-26,Research,CARD_REJECTED,RETIRE,0,"RETIRE: card carries a terminal g0_status REJECTED with an explicit g0_rejection_reason; the registry slug still matches that card (the id was never re-purposed); no EA directory, no work_items, no magic rows."
QM5_12509,bt-ma50-200,2026-05-26,Research,CARD_REJECTED,RETIRE,0,"RETIRE: card carries a terminal g0_status REJECTED with an explicit g0_rejection_reason; the registry slug still matches that card (the id was never re-purposed); no EA directory, no work_items, no magic rows."
QM5_12513,ftse-friday,2026-05-27,Research,CARD_REJECTED,RETIRE,0,"RETIRE: card carries a terminal g0_status REJECTED with an explicit g0_rejection_reason; the registry slug still matches that card (the id was never re-purposed); no EA directory, no work_items, no magic rows."
QM5_12514,ema-sma-revert,2026-05-27,Research,CARD_REJECTED,RETIRE,0,"RETIRE: card carries a terminal g0_status REJECTED with an explicit g0_rejection_reason; the registry slug still matches that card (the id was never re-purposed); no EA directory, no work_items, no magic rows."
QM5_12515,boll-revert,2026-05-27,Research,CARD_REJECTED,RETIRE,0,"RETIRE: card carries a terminal g0_status REJECTED with an explicit g0_rejection_reason; the registry slug still matches that card (the id was never re-purposed); no EA directory, no work_items, no magic rows."
QM5_12518,sma-xover,2026-05-27,Research,CARD_REJECTED,RETIRE,0,"RETIRE: card carries a terminal g0_status REJECTED with an explicit g0_rejection_reason; the registry slug still matches that card (the id was never re-purposed); no EA directory, no work_items, no magic rows."
QM5_12520,ma-pct-revert,2026-05-27,Research,CARD_REJECTED,RETIRE,0,"RETIRE: card carries a terminal g0_status REJECTED with an explicit g0_rejection_reason; the registry slug still matches that card (the id was never re-purposed); no EA directory, no work_items, no magic rows."
QM5_12570,monster-multistrat-portfolio,2026-06-25,Research,NO_CARD_ANYWHERE,RETIRE,0,"RETIRE: id was reserved before the current card process (316 of 321 date from 2026-05, 260 owned by the retired ""DeepSeek"" provenance) and no card exists in any pool; nothing is lost by retiring it because no strategy was ever written."
QM5_12572,yang-mom-volume,2026-06-26,Research,NO_CARD_ANYWHERE,RETIRE,0,"RETIRE: id was reserved before the current card process (316 of 321 date from 2026-05, 260 owned by the retired ""DeepSeek"" provenance) and no card exists in any pool; nothing is lost by retiring it because no strategy was ever written."
QM5_12573,yang-rev-volatility,2026-06-26,Research,NO_CARD_ANYWHERE,RETIRE,0,"RETIRE: id was reserved before the current card process (316 of 321 date from 2026-05, 260 owned by the retired ""DeepSeek"" provenance) and no card exists in any pool; nothing is lost by retiring it because no strategy was ever written."
QM5_12574,yang-single-momentum,2026-06-26,Research,NO_CARD_ANYWHERE,RETIRE,0,"RETIRE: id was reserved before the current card process (316 of 321 date from 2026-05, 260 owned by the retired ""DeepSeek"" provenance) and no card exists in any pool; nothing is lost by retiring it because no strategy was ever written."
QM5_1261,4h-box-frankfurt-london,2026-05-18,Research,CARD_REJECTED,INVESTIGATE,0,INVESTIGATE: registry slug is a variant of the rejected card slug (e.g. -alt-a). Decide per id whether the variant was ever a separate strategy.
QM5_1262,pip-hunter-heiken-ashi,2026-05-18,Research,CARD_REJECTED,INVESTIGATE,0,INVESTIGATE: registry slug is a variant of the rejected card slug (e.g. -alt-a). Decide per id whether the variant was ever a separate strategy.
QM5_12622,comm-reversal-12m-contrarian-xauusd,2026-06-27,Research,CARD_REJECTED,RETIRE,0,"RETIRE: card carries a terminal g0_status REJECTED with an explicit g0_rejection_reason; the registry slug still matches that card (the id was never re-purposed); no EA directory, no work_items, no magic rows."
QM5_12625,as-raa-balanced,2026-05-19,Research,NO_CARD_ANYWHERE,RETIRE,0,"RETIRE: id was reserved before the current card process (316 of 321 date from 2026-05, 260 owned by the retired ""DeepSeek"" provenance) and no card exists in any pool; nothing is lost by retiring it because no strategy was ever written."
QM5_12626,blade-m5-ema-zone-scalp-alt,2026-05-23,Research,NO_CARD_ANYWHERE,RETIRE,0,"RETIRE: id was reserved before the current card process (316 of 321 date from 2026-05, 260 owned by the retired ""DeepSeek"" provenance) and no card exists in any pool; nothing is lost by retiring it because no strategy was ever written."
QM5_12627,connors-rsi2-sma200-pullback-d1-alt,2026-05-23,Research,NO_CARD_ANYWHERE,RETIRE,0,"RETIRE: id was reserved before the current card process (316 of 321 date from 2026-05, 260 owned by the retired ""DeepSeek"" provenance) and no card exists in any pool; nothing is lost by retiring it because no strategy was ever written."
QM5_12628,blade-macd-stoch-divergence-h1-alt,2026-05-24,claude,NO_CARD_ANYWHERE,RETIRE,0,"RETIRE: id was reserved before the current card process (316 of 321 date from 2026-05, 260 owned by the retired ""DeepSeek"" provenance) and no card exists in any pool; nothing is lost by retiring it because no strategy was ever written."
QM5_1266,as-paa-cpr,2026-05-18,Research,CARD_REJECTED,RETIRE,0,"RETIRE: card carries a terminal g0_status REJECTED with an explicit g0_rejection_reason; the registry slug still matches that card (the id was never re-purposed); no EA directory, no work_items, no magic rows."
QM5_1270,as-piard-seasonal,2026-05-18,Research,CARD_REJECTED,RETIRE,0,"RETIRE: card carries a terminal g0_status REJECTED with an explicit g0_rejection_reason; the registry slug still matches that card (the id was never re-purposed); no EA directory, no work_items, no magic rows."
QM5_1278,chan-cl-vrp-quartile,2026-05-18,Research,CARD_REJECTED,RETIRE,0,"RETIRE: card carries a terminal g0_status REJECTED with an explicit g0_rejection_reason; the registry slug still matches that card (the id was never re-purposed); no EA directory, no work_items, no magic rows."
QM5_1279,chan-es-vrp-reverse,2026-05-18,Research,CARD_REJECTED,RETIRE,0,"RETIRE: card carries a terminal g0_status REJECTED with an explicit g0_rejection_reason; the registry slug still matches that card (the id was never re-purposed); no EA directory, no work_items, no magic rows."
QM5_1280,chan-ou-half-life-exit,2026-05-18,Research,CARD_REJECTED,RETIRE,0,"RETIRE: card carries a terminal g0_status REJECTED with an explicit g0_rejection_reason; the registry slug still matches that card (the id was never re-purposed); no EA directory, no work_items, no magic rows."
QM5_1282,as-tpp-voltarget,2026-05-18,Research,CARD_REJECTED,RETIRE,0,"RETIRE: card carries a terminal g0_status REJECTED with an explicit g0_rejection_reason; the registry slug still matches that card (the id was never re-purposed); no EA directory, no work_items, no magic rows."
QM5_1283,as-cdm-modules,2026-05-18,Research,CARD_REJECTED,RETIRE,0,"RETIRE: card carries a terminal g0_status REJECTED with an explicit g0_rejection_reason; the registry slug still matches that card (the id was never re-purposed); no EA directory, no work_items, no magic rows."
QM5_1284,as-trendycmacro,2026-05-18,Research,CARD_REJECTED,RETIRE,0,"RETIRE: card carries a terminal g0_status REJECTED with an explicit g0_rejection_reason; the registry slug still matches that card (the id was never re-purposed); no EA directory, no work_items, no magic rows."
QM5_1285,as-gold-xasset,2026-05-18,Research,CARD_REJECTED,RETIRE,0,"RETIRE: card carries a terminal g0_status REJECTED with an explicit g0_rejection_reason; the registry slug still matches that card (the id was never re-purposed); no EA directory, no work_items, no magic rows."
QM5_12875,xag-q4-industrial-season,2026-07-02,Codex,CARD_review,ADJUDICATE,0,ADJUDICATE: a card sits in cards_review and was never given a G0 decision. Needs approve or reject with a reason - not a registry edit.
QM5_12876,xag-goldlead-mom,2026-07-02,Codex,CARD_review,ADJUDICATE,0,ADJUDICATE: a card sits in cards_review and was never given a G0 decision. Needs approve or reject with a reason - not a registry edit.
QM5_12877,xag-london-fix-rev,2026-07-02,Codex,CARD_review,ADJUDICATE,0,ADJUDICATE: a card sits in cards_review and was never given a G0 decision. Needs approve or reject with a reason - not a registry edit.
QM5_12878,bp-simple-system-32-review,2026-07-02,Codex,CARD_review,ADJUDICATE,0,ADJUDICATE: a card sits in cards_review and was never given a G0 decision. Needs approve or reject with a reason - not a registry edit.
QM5_12879,ftmo-set-up-4-fibs-break-out-v2,2026-07-02,Codex,CARD_review,ADJUDICATE,0,ADJUDICATE: a card sits in cards_review and was never given a G0 decision. Needs approve or reject with a reason - not a registry edit.
QM5_12880,ftmo-set-up-4-fibs-break-out-v3,2026-07-02,Codex,CARD_review,ADJUDICATE,0,ADJUDICATE: a card sits in cards_review and was never given a G0 decision. Needs approve or reject with a reason - not a registry edit.
QM5_12881,ftmo-set-up-4-fibs-break-out-v4,2026-07-02,Codex,CARD_review,ADJUDICATE,0,ADJUDICATE: a card sits in cards_review and was never given a G0 decision. Needs approve or reject with a reason - not a registry edit.
QM5_12882,ftmo-set-up-3-20-ma-v2,2026-07-02,Codex,CARD_review,ADJUDICATE,0,ADJUDICATE: a card sits in cards_review and was never given a G0 decision. Needs approve or reject with a reason - not a registry edit.
QM5_12883,ftmo-set-up-3-20-ma-v3,2026-07-02,Codex,CARD_review,ADJUDICATE,0,ADJUDICATE: a card sits in cards_review and was never given a G0 decision. Needs approve or reject with a reason - not a registry edit.
QM5_12884,ftmo-set-up-3-20-ma-v4,2026-07-02,Codex,CARD_review,ADJUDICATE,0,ADJUDICATE: a card sits in cards_review and was never given a G0 decision. Needs approve or reject with a reason - not a registry edit.
QM5_12885,ftmo-set-up-1-quick-move-v3,2026-07-02,Codex,CARD_review,ADJUDICATE,0,ADJUDICATE: a card sits in cards_review and was never given a G0 decision. Needs approve or reject with a reason - not a registry edit.
QM5_12886,ftmo-set-up-1-quick-move-v4,2026-07-02,Codex,CARD_review,ADJUDICATE,0,ADJUDICATE: a card sits in cards_review and was never given a G0 decision. Needs approve or reject with a reason - not a registry edit.
QM5_12887,ftmo-set-up-1-quick-move-v5,2026-07-02,Codex,CARD_review,ADJUDICATE,0,ADJUDICATE: a card sits in cards_review and was never given a G0 decision. Needs approve or reject with a reason - not a registry edit.
QM5_12888,ftmo-set-up-2-fibs-retracement-v3,2026-07-02,Codex,CARD_review,ADJUDICATE,0,ADJUDICATE: a card sits in cards_review and was never given a G0 decision. Needs approve or reject with a reason - not a registry edit.
QM5_12889,ftmo-set-up-2-fibs-retracement-v4,2026-07-02,Codex,CARD_review,ADJUDICATE,0,ADJUDICATE: a card sits in cards_review and was never given a G0 decision. Needs approve or reject with a reason - not a registry edit.
QM5_12890,ftmo-set-up-2-fibs-retracement-v5,2026-07-02,Codex,CARD_review,ADJUDICATE,0,ADJUDICATE: a card sits in cards_review and was never given a G0 decision. Needs approve or reject with a reason - not a registry edit.
QM5_12891,ftmo-system-overview-v3,2026-07-02,Codex,CARD_review,ADJUDICATE,0,ADJUDICATE: a card sits in cards_review and was never given a G0 decision. Needs approve or reject with a reason - not a registry edit.
QM5_12892,ftmo-system-overview-v4,2026-07-02,Codex,CARD_review,ADJUDICATE,0,ADJUDICATE: a card sits in cards_review and was never given a G0 decision. Needs approve or reject with a reason - not a registry edit.
QM5_12899,xag-goldlead-follow,2026-07-02,Codex,CARD_review,ADJUDICATE,0,ADJUDICATE: a card sits in cards_review and was never given a G0 decision. Needs approve or reject with a reason - not a registry edit.
QM5_12900,xag-xau-filter-trend,2026-07-02,Codex,CARD_review,ADJUDICATE,0,ADJUDICATE: a card sits in cards_review and was never given a G0 decision. Needs approve or reject with a reason - not a registry edit.
QM5_12901,xag-industrial-3m-mom,2026-07-02,Codex,CARD_review,ADJUDICATE,0,ADJUDICATE: a card sits in cards_review and was never given a G0 decision. Needs approve or reject with a reason - not a registry edit.
QM5_12902,xag-vol-regime-donchian,2026-07-02,Codex,CARD_review,ADJUDICATE,0,ADJUDICATE: a card sits in cards_review and was never given a G0 decision. Needs approve or reject with a reason - not a registry edit.
QM5_12903,xag-xau-lag-entry,2026-07-02,Codex,CARD_review,ADJUDICATE,0,ADJUDICATE: a card sits in cards_review and was never given a G0 decision. Needs approve or reject with a reason - not a registry edit.
QM5_12904,uk100-tom-pension,2026-07-02,Research,CARD_review,ADJUDICATE,0,ADJUDICATE: a card sits in cards_review and was never given a G0 decision. Needs approve or reject with a reason - not a registry edit.
QM5_12905,uk100-london-open-breakout,2026-07-02,Research,CARD_review,ADJUDICATE,0,ADJUDICATE: a card sits in cards_review and was never given a G0 decision. Needs approve or reject with a reason - not a registry edit.
QM5_12906,uk100-exdiv-reversion,2026-07-02,Research,CARD_review,ADJUDICATE,0,ADJUDICATE: a card sits in cards_review and was never given a G0 decision. Needs approve or reject with a reason - not a registry edit.
QM5_12907,ws30-orb-15m,2026-07-02,Research,CARD_review,ADJUDICATE,0,ADJUDICATE: a card sits in cards_review and was never given a G0 decision. Needs approve or reject with a reason - not a registry edit.
QM5_12908,ndx-orb-30m,2026-07-02,Research,CARD_review,ADJUDICATE,0,ADJUDICATE: a card sits in cards_review and was never given a G0 decision. Needs approve or reject with a reason - not a registry edit.
QM5_12909,sp500-orb-60m,2026-07-02,Research,CARD_review,ADJUDICATE,0,ADJUDICATE: a card sits in cards_review and was never given a G0 decision. Needs approve or reject with a reason - not a registry edit.
QM5_12987,xti-cum-rsi2-daily,2026-07-03,claude,CARD_REJECTED,RETIRE,0,"RETIRE: card carries a terminal g0_status REJECTED with an explicit g0_rejection_reason; the registry slug still matches that card (the id was never re-purposed); no EA directory, no work_items, no magic rows."
QM5_1335,chan-hurst-term-regime,2026-05-18,Research,CARD_REJECTED,RETIRE,0,"RETIRE: card carries a terminal g0_status REJECTED with an explicit g0_rejection_reason; the registry slug still matches that card (the id was never re-purposed); no EA directory, no work_items, no magic rows."
QM5_1360,as-global-rptf,2026-05-18,Research,CARD_REJECTED,RETIRE,0,"RETIRE: card carries a terminal g0_status REJECTED with an explicit g0_rejection_reason; the registry slug still matches that card (the id was never re-purposed); no EA directory, no work_items, no magic rows."
QM5_1361,as-defense-first,2026-05-18,Research,CARD_REJECTED,RETIRE,0,"RETIRE: card carries a terminal g0_status REJECTED with an explicit g0_rejection_reason; the registry slug still matches that card (the id was never re-purposed); no EA directory, no work_items, no magic rows."
QM5_1381,chan-fx-flow-quintile,2026-05-18,Research,CARD_REJECTED,RETIRE,0,"RETIRE: card carries a terminal g0_status REJECTED with an explicit g0_rejection_reason; the registry slug still matches that card (the id was never re-purposed); no EA directory, no work_items, no magic rows."
QM5_1411,as-tactical-yield,2026-05-19,Research,CARD_REJECTED,RETIRE,0,"RETIRE: card carries a terminal g0_status REJECTED with an explicit g0_rejection_reason; the registry slug still matches that card (the id was never re-purposed); no EA directory, no work_items, no magic rows."
QM5_1412,as-yield-rotation,2026-05-19,Research,CARD_REJECTED,RETIRE,0,"RETIRE: card carries a terminal g0_status REJECTED with an explicit g0_rejection_reason; the registry slug still matches that card (the id was never re-purposed); no EA directory, no work_items, no magic rows."
QM5_1413,as-percentile-channels,2026-05-19,Research,CARD_REJECTED,RETIRE,0,"RETIRE: card carries a terminal g0_status REJECTED with an explicit g0_rejection_reason; the registry slug still matches that card (the id was never re-purposed); no EA directory, no work_items, no magic rows."
QM5_1414,as-growth-infl-sector,2026-05-19,Research,CARD_REJECTED,RETIRE,0,"RETIRE: card carries a terminal g0_status REJECTED with an explicit g0_rejection_reason; the registry slug still matches that card (the id was never re-purposed); no EA directory, no work_items, no magic rows."
QM5_1415,as-stoken-aca,2026-05-19,Research,CARD_REJECTED,RETIRE,0,"RETIRE: card carries a terminal g0_status REJECTED with an explicit g0_rejection_reason; the registry slug still matches that card (the id was never re-purposed); no EA directory, no work_items, no magic rows."
QM5_1450,as-crossasset-tsm,2026-05-19,Research,CARD_REJECTED,RETIRE,0,"RETIRE: card carries a terminal g0_status REJECTED with an explicit g0_rejection_reason; the registry slug still matches that card (the id was never re-purposed); no EA directory, no work_items, no magic rows."
QM5_1451,as-eey-valuation,2026-05-19,Research,CARD_REJECTED,RETIRE,0,"RETIRE: card carries a terminal g0_status REJECTED with an explicit g0_rejection_reason; the registry slug still matches that card (the id was never re-purposed); no EA directory, no work_items, no magic rows."
QM5_1452,as-eey-momentum,2026-05-19,Research,CARD_REJECTED,RETIRE,0,"RETIRE: card carries a terminal g0_status REJECTED with an explicit g0_rejection_reason; the registry slug still matches that card (the id was never re-purposed); no EA directory, no work_items, no magic rows."
QM5_1453,as-gtt-macro,2026-05-19,Research,CARD_REJECTED,RETIRE,0,"RETIRE: card carries a terminal g0_status REJECTED with an explicit g0_rejection_reason; the registry slug still matches that card (the id was never re-purposed); no EA directory, no work_items, no magic rows."
QM5_1454,as-tactical-bond,2026-05-19,Research,CARD_REJECTED,RETIRE,0,"RETIRE: card carries a terminal g0_status REJECTED with an explicit g0_rejection_reason; the registry slug still matches that card (the id was never re-purposed); no EA directory, no work_items, no magic rows."
QM5_1455,as-ggc-cli,2026-05-19,Research,CARD_BLOCKED_DATA,RECHECK,0,RECHECK: card was blocked on R3 data availability. Re-test against today's DWX symbol matrix before any terminal disposition.
QM5_1456,as-ggc-enhanced,2026-05-19,Research,CARD_BLOCKED_DATA,RECHECK,0,RECHECK: card was blocked on R3 data availability. Re-test against today's DWX symbol matrix before any terminal disposition.
QM5_1458,as-rpv-weighted,2026-05-19,Research,CARD_REJECTED,INVESTIGATE,0,INVESTIGATE: registry slug is a variant of the rejected card slug (e.g. -alt-a). Decide per id whether the variant was ever a separate strategy.
QM5_1460,as-gtaa-agg3,2026-05-19,Research,CARD_REJECTED,RETIRE,0,"RETIRE: card carries a terminal g0_status REJECTED with an explicit g0_rejection_reason; the registry slug still matches that card (the id was never re-purposed); no EA directory, no work_items, no magic rows."
QM5_1461,as-gtaa-agg6,2026-05-19,Research,CARD_REJECTED,RETIRE,0,"RETIRE: card carries a terminal g0_status REJECTED with an explicit g0_rejection_reason; the registry slug still matches that card (the id was never re-purposed); no EA directory, no work_items, no magic rows."
QM5_1462,as-eaa-elastic,2026-05-19,Research,CARD_REJECTED,RETIRE,0,"RETIRE: card carries a terminal g0_status REJECTED with an explicit g0_rejection_reason; the registry slug still matches that card (the id was never re-purposed); no EA directory, no work_items, no magic rows."
QM5_1464,as-multi-mom,2026-05-19,Research,CARD_REJECTED,RETIRE,0,"RETIRE: card carries a terminal g0_status REJECTED with an explicit g0_rejection_reason; the registry slug still matches that card (the id was never re-purposed); no EA directory, no work_items, no magic rows."
QM5_1465,as-gtt-ue-rate,2026-05-19,Research,CARD_REJECTED,RETIRE,0,"RETIRE: card carries a terminal g0_status REJECTED with an explicit g0_rejection_reason; the registry slug still matches that card (the id was never re-purposed); no EA directory, no work_items, no magic rows."
QM5_1466,as-spf-recession,2026-05-19,Research,CARD_REJECTED,RETIRE,0,"RETIRE: card carries a terminal g0_status REJECTED with an explicit g0_rejection_reason; the registry slug still matches that card (the id was never re-purposed); no EA directory, no work_items, no magic rows."
QM5_1467,as-quint-switch,2026-05-19,Research,CARD_REJECTED,RETIRE,0,"RETIRE: card carries a terminal g0_status REJECTED with an explicit g0_rejection_reason; the registry slug still matches that card (the id was never re-purposed); no EA directory, no work_items, no magic rows."
QM5_1468,as-div-growth,2026-05-19,Research,CARD_REJECTED,RETIRE,0,"RETIRE: card carries a terminal g0_status REJECTED with an explicit g0_rejection_reason; the registry slug still matches that card (the id was never re-purposed); no EA directory, no work_items, no magic rows."
QM5_1469,as-movement-comp,2026-05-19,Research,CARD_REJECTED,RETIRE,0,"RETIRE: card carries a terminal g0_status REJECTED with an explicit g0_rejection_reason; the registry slug still matches that card (the id was never re-purposed); no EA directory, no work_items, no magic rows."
QM5_1470,as-mama-bear,2026-05-19,Research,CARD_REJECTED,RETIRE,0,"RETIRE: card carries a terminal g0_status REJECTED with an explicit g0_rejection_reason; the registry slug still matches that card (the id was never re-purposed); no EA directory, no work_items, no magic rows."
QM5_1471,as-three-way,2026-05-19,Research,CARD_REJECTED,RETIRE,0,"RETIRE: card carries a terminal g0_status REJECTED with an explicit g0_rejection_reason; the registry slug still matches that card (the id was never re-purposed); no EA directory, no work_items, no magic rows."
QM5_1472,as-nlx-haa6040,2026-05-19,Research,CARD_REJECTED,RETIRE,0,"RETIRE: card carries a terminal g0_status REJECTED with an explicit g0_rejection_reason; the registry slug still matches that card (the id was never re-purposed); no EA directory, no work_items, no magic rows."
QM5_1473,as-eff-index,2026-05-19,Research,CARD_REJECTED,RETIRE,0,"RETIRE: card carries a terminal g0_status REJECTED with an explicit g0_rejection_reason; the registry slug still matches that card (the id was never re-purposed); no EA directory, no work_items, no magic rows."
QM5_1474,as-paired-switch,2026-05-19,Research,CARD_REJECTED,RETIRE,0,"RETIRE: card carries a terminal g0_status REJECTED with an explicit g0_rejection_reason; the registry slug still matches that card (the id was never re-purposed); no EA directory, no work_items, no magic rows."
QM5_1495,as-all-weather,2026-05-19,Research,CARD_REJECTED,RETIRE,0,"RETIRE: card carries a terminal g0_status REJECTED with an explicit g0_rejection_reason; the registry slug still matches that card (the id was never re-purposed); no EA directory, no work_items, no magic rows."
QM5_1496,as-golden-butterfly,2026-05-19,Research,CARD_REJECTED,RETIRE,0,"RETIRE: card carries a terminal g0_status REJECTED with an explicit g0_rejection_reason; the registry slug still matches that card (the id was never re-purposed); no EA directory, no work_items, no magic rows."
QM5_1497,as-max-divers,2026-05-19,Research,CARD_REJECTED,RETIRE,0,"RETIRE: card carries a terminal g0_status REJECTED with an explicit g0_rejection_reason; the registry slug still matches that card (the id was never re-purposed); no EA directory, no work_items, no magic rows."
QM5_1498,as-erc-opt,2026-05-19,Research,CARD_REJECTED,RETIRE,0,"RETIRE: card carries a terminal g0_status REJECTED with an explicit g0_rejection_reason; the registry slug still matches that card (the id was never re-purposed); no EA directory, no work_items, no magic rows."
QM5_1499,as-min-corr,2026-05-19,Research,CARD_REJECTED,RETIRE,0,"RETIRE: card carries a terminal g0_status REJECTED with an explicit g0_rejection_reason; the registry slug still matches that card (the id was never re-purposed); no EA directory, no work_items, no magic rows."
QM5_1500,as-max-sharpe,2026-05-19,Research,CARD_REJECTED,RETIRE,0,"RETIRE: card carries a terminal g0_status REJECTED with an explicit g0_rejection_reason; the registry slug still matches that card (the id was never re-purposed); no EA directory, no work_items, no magic rows."
QM5_1501,as-6040-bench,2026-05-19,Research,CARD_REJECTED,RETIRE,0,"RETIRE: card carries a terminal g0_status REJECTED with an explicit g0_rejection_reason; the registry slug still matches that card (the id was never re-purposed); no EA directory, no work_items, no magic rows."
QM5_1512,as-baa-aggr,2026-05-19,Research,CARD_REJECTED,RETIRE,0,"RETIRE: card carries a terminal g0_status REJECTED with an explicit g0_rejection_reason; the registry slug still matches that card (the id was never re-purposed); no EA directory, no work_items, no magic rows."
QM5_1513,as-vaa-balanced,2026-05-19,Research,CARD_REJECTED,RETIRE,0,"RETIRE: card carries a terminal g0_status REJECTED with an explicit g0_rejection_reason; the registry slug still matches that card (the id was never re-purposed); no EA directory, no work_items, no magic rows."
QM5_1514,as-opt-trend,2026-05-19,Research,CARD_REJECTED,RETIRE,0,"RETIRE: card carries a terminal g0_status REJECTED with an explicit g0_rejection_reason; the registry slug still matches that card (the id was never re-purposed); no EA directory, no work_items, no magic rows."
QM5_1515,as-gtaa13-sma,2026-05-19,Research,CARD_REJECTED,RETIRE,0,"RETIRE: card carries a terminal g0_status REJECTED with an explicit g0_rejection_reason; the registry slug still matches that card (the id was never re-purposed); no EA directory, no work_items, no magic rows."
QM5_1516,as-paa-ief,2026-05-19,Research,CARD_REJECTED,RETIRE,0,"RETIRE: card carries a terminal g0_status REJECTED with an explicit g0_rejection_reason; the registry slug still matches that card (the id was never re-purposed); no EA directory, no work_items, no magic rows."
QM5_1561,aa-tom-sma10,2026-05-19,Research,CARD_REJECTED,INVESTIGATE,0,INVESTIGATE: registry slug is a variant of the rejected card slug (e.g. -alt-a). Decide per id whether the variant was ever a separate strategy.
QM5_1571,aa-ls-mom-ma2-10,2026-05-19,Research,CARD_REJECTED,RETIRE,0,"RETIRE: card carries a terminal g0_status REJECTED with an explicit g0_rejection_reason; the registry slug still matches that card (the id was never re-purposed); no EA directory, no work_items, no magic rows."
QM5_1575,aa-bond-mom-top3,2026-05-19,Research,CARD_REJECTED,RETIRE,0,"RETIRE: card carries a terminal g0_status REJECTED with an explicit g0_rejection_reason; the registry slug still matches that card (the id was never re-purposed); no EA directory, no work_items, no magic rows."
QM5_1584,aa-10y30y-risk,2026-05-19,Research,CARD_REJECTED,RETIRE,0,"RETIRE: card carries a terminal g0_status REJECTED with an explicit g0_rejection_reason; the registry slug still matches that card (the id was never re-purposed); no EA directory, no work_items, no magic rows."
QM5_1586,aa-valmom-timing,2026-05-19,Research,CARD_REJECTED,RETIRE,0,"RETIRE: card carries a terminal g0_status REJECTED with an explicit g0_rejection_reason; the registry slug still matches that card (the id was never re-purposed); no EA directory, no work_items, no magic rows."
QM5_1587,aa-avg-vm-rank,2026-05-19,Research,CARD_REJECTED,RETIRE,0,"RETIRE: card carries a terminal g0_status REJECTED with an explicit g0_rejection_reason; the registry slug still matches that card (the id was never re-purposed); no EA directory, no work_items, no magic rows."
QM5_1589,aa-skew-mf-switch,2026-05-19,Research,CARD_BLOCKED_DATA,RECHECK,0,RECHECK: card was blocked on R3 data availability. Re-test against today's DWX symbol matrix before any terminal disposition.
QM5_1590,aa-econ-trend,2026-05-19,Research,CARD_REJECTED,RETIRE,0,"RETIRE: card carries a terminal g0_status REJECTED with an explicit g0_rejection_reason; the registry slug still matches that card (the id was never re-purposed); no EA directory, no work_items, no magic rows."
QM5_1596,aa-g10-carry,2026-05-19,Research,CARD_REJECTED,RETIRE,0,"RETIRE: card carries a terminal g0_status REJECTED with an explicit g0_rejection_reason; the registry slug still matches that card (the id was never re-purposed); no EA directory, no work_items, no magic rows."
QM5_1597,aa-qmom-fip50,2026-05-19,Research,CARD_BLOCKED_DATA,RECHECK,0,RECHECK: card was blocked on R3 data availability. Re-test against today's DWX symbol matrix before any terminal disposition.
QM5_1598,aa-lowvol-plus,2026-05-19,Research,CARD_REJECTED,RETIRE,0,"RETIRE: card carries a terminal g0_status REJECTED with an explicit g0_rejection_reason; the registry slug still matches that card (the id was never re-purposed); no EA directory, no work_items, no magic rows."
QM5_1599,aa-bab-third-beta,2026-05-19,Research,CARD_REJECTED,RETIRE,0,"RETIRE: card carries a terminal g0_status REJECTED with an explicit g0_rejection_reason; the registry slug still matches that card (the id was never re-purposed); no EA directory, no work_items, no magic rows."
QM5_1600,aa-trendclar-mom,2026-05-19,Research,CARD_BLOCKED_DATA,RECHECK,0,RECHECK: card was blocked on R3 data availability. Re-test against today's DWX symbol matrix before any terminal disposition.
QM5_1602,aa-factor-mom1,2026-05-19,Research,CARD_REJECTED,RETIRE,0,"RETIRE: card carries a terminal g0_status REJECTED with an explicit g0_rejection_reason; the registry slug still matches that card (the id was never re-purposed); no EA directory, no work_items, no magic rows."
QM5_1603,aa-factor-zmom,2026-05-19,Research,CARD_REJECTED,RETIRE,0,"RETIRE: card carries a terminal g0_status REJECTED with an explicit g0_rejection_reason; the registry slug still matches that card (the id was never re-purposed); no EA directory, no work_items, no magic rows."
QM5_1608,aa-vm-intersect,2026-05-19,Research,CARD_REJECTED,RETIRE,0,"RETIRE: card carries a terminal g0_status REJECTED with an explicit g0_rejection_reason; the registry slug still matches that card (the id was never re-purposed); no EA directory, no work_items, no magic rows."
QM5_1609,aa-dma-trend10,2026-05-19,Research,CARD_REJECTED,RETIRE,0,"RETIRE: card carries a terminal g0_status REJECTED with an explicit g0_rejection_reason; the registry slug still matches that card (the id was never re-purposed); no EA directory, no work_items, no magic rows."
QM5_1610,aa-somr-trend10,2026-05-19,Research,CARD_REJECTED,RETIRE,0,"RETIRE: card carries a terminal g0_status REJECTED with an explicit g0_rejection_reason; the registry slug still matches that card (the id was never re-purposed); no EA directory, no work_items, no magic rows."
QM5_1616,mql5-rsi-sar,2026-05-19,Research,CARD_REJECTED,RETIRE,0,"RETIRE: card carries a terminal g0_status REJECTED with an explicit g0_rejection_reason; the registry slug still matches that card (the id was never re-purposed); no EA directory, no work_items, no magic rows."
QM5_1620,mql5-ma-body-cross,2026-05-19,Research,CARD_REJECTED,RETIRE,0,"RETIRE: card carries a terminal g0_status REJECTED with an explicit g0_rejection_reason; the registry slug still matches that card (the id was never re-purposed); no EA directory, no work_items, no magic rows."
QM5_1621,mql5-ma2-slope,2026-05-19,Research,CARD_REJECTED,INVESTIGATE,0,INVESTIGATE: registry slug is a variant of the rejected card slug (e.g. -alt-a). Decide per id whether the variant was ever a separate strategy.
QM5_1672,demark-td-sequential-tdst-overlay-h4,2026-05-19,Research,CARD_REJECTED,RETIRE,0,"RETIRE: card carries a terminal g0_status REJECTED with an explicit g0_rejection_reason; the registry slug still matches that card (the id was never re-purposed); no EA directory, no work_items, no magic rows."
QM5_1674,bressert-cycle-trigger-line-h4,2026-05-19,Research,CARD_REJECTED,RETIRE,0,"RETIRE: card carries a terminal g0_status REJECTED with an explicit g0_rejection_reason; the registry slug still matches that card (the id was never re-purposed); no EA directory, no work_items, no magic rows."
QM5_20001,master-xauusd,2026-07-13,Development,NO_CARD_ANYWHERE,INVESTIGATE,1,INVESTIGATE (safety override): id carries 1 magic-number row(s) but has no card and no EA directory. Magic rows imply something once claimed this id's magic space (ea_id*10000+slot); retiring it without understanding that risks the 2026-08-15 re-symbol collision class. Resolve individually.
QM5_20024,london-fix-reversion,2026-07-21,Research+Development (collision fix ex-20006),CARD_review,ADJUDICATE,0,ADJUDICATE: a card sits in cards_review and was never given a G0 decision. Needs approve or reject with a reason - not a registry edit.
QM5_20066,pricebob-atr-gated-lbma-breakout-xauusd,2026-07-23,Research,CARD_REJECTED,RETIRE,0,"RETIRE: card carries a terminal g0_status REJECTED with an explicit g0_rejection_reason; the registry slug still matches that card (the id was never re-purposed); no EA directory, no work_items, no magic rows."
QM5_20067,pricebob-retracement-reentry-usdjpy,2026-07-23,Research,CARD_REJECTED,RETIRE,0,"RETIRE: card carries a terminal g0_status REJECTED with an explicit g0_rejection_reason; the registry slug still matches that card (the id was never re-purposed); no EA directory, no work_items, no magic rows."
QM5_20083,pricebob-sar-invalidation-flip-gbpusd,2026-07-23,Research,CARD_REJECTED,RETIRE,0,"RETIRE: card carries a terminal g0_status REJECTED with an explicit g0_rejection_reason; the registry slug still matches that card (the id was never re-purposed); no EA directory, no work_items, no magic rows."
QM5_20084,pricebob-ib30-settled-continuation-ndx,2026-07-23,Research,CARD_REJECTED,RETIRE,0,"RETIRE: card carries a terminal g0_status REJECTED with an explicit g0_rejection_reason; the registry slug still matches that card (the id was never re-purposed); no EA directory, no work_items, no magic rows."
QM5_9001,chan-at-roll-arb-etf,2026-05-19,Research,CARD_REJECTED,RETIRE,0,"RETIRE: card carries a terminal g0_status REJECTED with an explicit g0_rejection_reason; the registry slug still matches that card (the id was never re-purposed); no EA directory, no work_items, no magic rows."
QM5_9002,chan-at-vx-es-roll-mom,2026-05-19,Research,CARD_REJECTED,RETIRE,0,"RETIRE: card carries a terminal g0_status REJECTED with an explicit g0_rejection_reason; the registry slug still matches that card (the id was never re-purposed); no EA directory, no work_items, no magic rows."
QM5_9003,chan-at-spy-arb,2026-05-19,Research,CARD_REJECTED,RETIRE,0,"RETIRE: card carries a terminal g0_status REJECTED with an explicit g0_rejection_reason; the registry slug still matches that card (the id was never re-purposed); no EA directory, no work_items, no magic rows."
QM5_9004,chan-at-xs-mom-fut,2026-05-19,Research,CARD_REJECTED,RETIRE,0,"RETIRE: card carries a terminal g0_status REJECTED with an explicit g0_rejection_reason; the registry slug still matches that card (the id was never re-purposed); no EA directory, no work_items, no magic rows."
QM5_9005,chan-at-xs-mom-stock,2026-05-19,Research,CARD_REJECTED,RETIRE,0,"RETIRE: card carries a terminal g0_status REJECTED with an explicit g0_rejection_reason; the registry slug still matches that card (the id was never re-purposed); no EA directory, no work_items, no magic rows."
QM5_9006,mql5-piranha-bbands,2026-05-19,Research,CARD_REJECTED,RETIRE,0,"RETIRE: card carries a terminal g0_status REJECTED with an explicit g0_rejection_reason; the registry slug still matches that card (the id was never re-purposed); no EA directory, no work_items, no magic rows."
QM5_9012,aa-pure-vm-50,2026-05-19,Research,CARD_REJECTED,RETIRE,0,"RETIRE: card carries a terminal g0_status REJECTED with an explicit g0_rejection_reason; the registry slug still matches that card (the id was never re-purposed); no EA directory, no work_items, no magic rows."
QM5_9014,aa-friday-earn-drift,2026-05-19,Research,CARD_REJECTED,RETIRE,0,"RETIRE: card carries a terminal g0_status REJECTED with an explicit g0_rejection_reason; the registry slug still matches that card (the id was never re-purposed); no EA directory, no work_items, no magic rows."
QM5_9015,aa-grossprof-ls,2026-05-19,Research,CARD_REJECTED,RETIRE,0,"RETIRE: card carries a terminal g0_status REJECTED with an explicit g0_rejection_reason; the registry slug still matches that card (the id was never re-purposed); no EA directory, no work_items, no magic rows."
QM5_9016,aa-msm-pes0199,2026-05-19,Research,CARD_REJECTED,RETIRE,0,"RETIRE: card carries a terminal g0_status REJECTED with an explicit g0_rejection_reason; the registry slug still matches that card (the id was never re-purposed); no EA directory, no work_items, no magic rows."
QM5_9101,mql5-bbonkc-cross,2026-05-19,Research,CARD_REJECTED,RETIRE,0,"RETIRE: card carries a terminal g0_status REJECTED with an explicit g0_rejection_reason; the registry slug still matches that card (the id was never re-purposed); no EA directory, no work_items, no magic rows."
QM5_9105,mql5-bb-trend-band,2026-05-19,Research,CARD_REJECTED,RETIRE,0,"RETIRE: card carries a terminal g0_status REJECTED with an explicit g0_rejection_reason; the registry slug still matches that card (the id was never re-purposed); no EA directory, no work_items, no magic rows."
QM5_9106,aa-eamom-stock,2026-05-19,Research,CARD_REJECTED,RETIRE,0,"RETIRE: card carries a terminal g0_status REJECTED with an explicit g0_rejection_reason; the registry slug still matches that card (the id was never re-purposed); no EA directory, no work_items, no magic rows."
QM5_9108,aa-xc-factor-mom,2026-05-19,Research,CARD_REJECTED,RETIRE,0,"RETIRE: card carries a terminal g0_status REJECTED with an explicit g0_rejection_reason; the registry slug still matches that card (the id was never re-purposed); no EA directory, no work_items, no magic rows."
QM5_9109,aa-priority-best,2026-05-19,Research,CARD_REJECTED,RETIRE,0,"RETIRE: card carries a terminal g0_status REJECTED with an explicit g0_rejection_reason; the registry slug still matches that card (the id was never re-purposed); no EA directory, no work_items, no magic rows."
QM5_9110,aa-factor-season,2026-05-19,Research,CARD_REJECTED,RETIRE,0,"RETIRE: card carries a terminal g0_status REJECTED with an explicit g0_rejection_reason; the registry slug still matches that card (the id was never re-purposed); no EA directory, no work_items, no magic rows."
QM5_9114,aa-asset-growth,2026-05-19,Research,CARD_REJECTED,RETIRE,0,"RETIRE: card carries a terminal g0_status REJECTED with an explicit g0_rejection_reason; the registry slug still matches that card (the id was never re-purposed); no EA directory, no work_items, no magic rows."
QM5_9115,aa-profit-trend,2026-05-19,Research,CARD_REJECTED,RETIRE,0,"RETIRE: card carries a terminal g0_status REJECTED with an explicit g0_rejection_reason; the registry slug still matches that card (the id was never re-purposed); no EA directory, no work_items, no magic rows."
QM5_9116,aa-ebit-tev-value,2026-05-19,Research,CARD_REJECTED,RETIRE,0,"RETIRE: card carries a terminal g0_status REJECTED with an explicit g0_rejection_reason; the registry slug still matches that card (the id was never re-purposed); no EA directory, no work_items, no magic rows."
QM5_9117,aa-fscore-value,2026-05-19,Research,CARD_REJECTED,RETIRE,0,"RETIRE: card carries a terminal g0_status REJECTED with an explicit g0_rejection_reason; the registry slug still matches that card (the id was never re-purposed); no EA directory, no work_items, no magic rows."
QM5_9118,aa-accrual-mom4,2026-05-19,Research,CARD_REJECTED,RETIRE,0,"RETIRE: card carries a terminal g0_status REJECTED with an explicit g0_rejection_reason; the registry slug still matches that card (the id was never re-purposed); no EA directory, no work_items, no magic rows."
QM5_9119,aa-percent-accrual,2026-05-19,Research,CARD_REJECTED,RETIRE,0,"RETIRE: card carries a terminal g0_status REJECTED with an explicit g0_rejection_reason; the registry slug still matches that card (the id was never re-purposed); no EA directory, no work_items, no magic rows."
QM5_9120,aa-skew-mom,2026-05-19,Research,CARD_REJECTED,RETIRE,0,"RETIRE: card carries a terminal g0_status REJECTED with an explicit g0_rejection_reason; the registry slug still matches that card (the id was never re-purposed); no EA directory, no work_items, no magic rows."
QM5_9126,aa-techlink-mom,2026-05-19,Research,CARD_REJECTED,RETIRE,0,"RETIRE: card carries a terminal g0_status REJECTED with an explicit g0_rejection_reason; the registry slug still matches that card (the id was never re-purposed); no EA directory, no work_items, no magic rows."
QM5_9127,aa-pe-attention,2026-05-19,Research,CARD_REJECTED,RETIRE,0,"RETIRE: card carries a terminal g0_status REJECTED with an explicit g0_rejection_reason; the registry slug still matches that card (the id was never re-purposed); no EA directory, no work_items, no magic rows."
QM5_9128,aa-shortint-ls,2026-05-19,Research,CARD_REJECTED,RETIRE,0,"RETIRE: card carries a terminal g0_status REJECTED with an explicit g0_rejection_reason; the registry slug still matches that card (the id was never re-purposed); no EA directory, no work_items, no magic rows."
QM5_9129,aa-relvalue-zpe,2026-05-19,Research,CARD_REJECTED,RETIRE,0,"RETIRE: card carries a terminal g0_status REJECTED with an explicit g0_rejection_reason; the registry slug still matches that card (the id was never re-purposed); no EA directory, no work_items, no magic rows."
QM5_9130,aa-index-rebal-ls,2026-05-19,Research,CARD_REJECTED,RETIRE,0,"RETIRE: card carries a terminal g0_status REJECTED with an explicit g0_rejection_reason; the registry slug still matches that card (the id was never re-purposed); no EA directory, no work_items, no magic rows."
QM5_9131,aa-good-carry,2026-05-19,Research,CARD_REJECTED,RETIRE,0,"RETIRE: card carries a terminal g0_status REJECTED with an explicit g0_rejection_reason; the registry slug still matches that card (the id was never re-purposed); no EA directory, no work_items, no magic rows."
QM5_9134,aa-value-trend,2026-05-19,Research,CARD_REJECTED,RETIRE,0,"RETIRE: card carries a terminal g0_status REJECTED with an explicit g0_rejection_reason; the registry slug still matches that card (the id was never re-purposed); no EA directory, no work_items, no magic rows."
QM5_9135,aa-short-duration,2026-05-19,Research,CARD_REJECTED,RETIRE,0,"RETIRE: card carries a terminal g0_status REJECTED with an explicit g0_rejection_reason; the registry slug still matches that card (the id was never re-purposed); no EA directory, no work_items, no magic rows."
QM5_9137,aa-stmom-turnover,2026-05-19,Research,CARD_REJECTED,RETIRE,0,"RETIRE: card carries a terminal g0_status REJECTED with an explicit g0_rejection_reason; the registry slug still matches that card (the id was never re-purposed); no EA directory, no work_items, no magic rows."
QM5_9138,aa-pead-value,2026-05-19,Research,CARD_REJECTED,RETIRE,0,"RETIRE: card carries a terminal g0_status REJECTED with an explicit g0_rejection_reason; the registry slug still matches that card (the id was never re-purposed); no EA directory, no work_items, no magic rows."
QM5_9139,aa-pead-recency,2026-05-19,Research,CARD_REJECTED,RETIRE,0,"RETIRE: card carries a terminal g0_status REJECTED with an explicit g0_rejection_reason; the registry slug still matches that card (the id was never re-purposed); no EA directory, no work_items, no magic rows."
QM5_9140,aa-short-sig-combo,2026-05-19,Research,CARD_REJECTED,RETIRE,0,"RETIRE: card carries a terminal g0_status REJECTED with an explicit g0_rejection_reason; the registry slug still matches that card (the id was never re-purposed); no EA directory, no work_items, no magic rows."
QM5_9141,aa-tolband-20,2026-05-19,Research,CARD_REJECTED,RETIRE,0,"RETIRE: card carries a terminal g0_status REJECTED with an explicit g0_rejection_reason; the registry slug still matches that card (the id was never re-purposed); no EA directory, no work_items, no magic rows."
QM5_9142,aa-tolband-mom,2026-05-19,Research,CARD_REJECTED,RETIRE,0,"RETIRE: card carries a terminal g0_status REJECTED with an explicit g0_rejection_reason; the registry slug still matches that card (the id was never re-purposed); no EA directory, no work_items, no magic rows."
QM5_9143,aa-tolband-extreme,2026-05-19,Research,CARD_REJECTED,RETIRE,0,"RETIRE: card carries a terminal g0_status REJECTED with an explicit g0_rejection_reason; the registry slug still matches that card (the id was never re-purposed); no EA directory, no work_items, no magic rows."
QM5_9144,aa-size-mom25,2026-05-19,Research,CARD_REJECTED,RETIRE,0,"RETIRE: card carries a terminal g0_status REJECTED with an explicit g0_rejection_reason; the registry slug still matches that card (the id was never re-purposed); no EA directory, no work_items, no magic rows."
QM5_9145,aa-cheap-sp500-hedge,2026-05-19,Research,CARD_REJECTED,RETIRE,0,"RETIRE: card carries a terminal g0_status REJECTED with an explicit g0_rejection_reason; the registry slug still matches that card (the id was never re-purposed); no EA directory, no work_items, no magic rows."
QM5_9153,chan-at-pead,2026-05-19,Research,CARD_REJECTED,RETIRE,0,"RETIRE: card carries a terminal g0_status REJECTED with an explicit g0_rejection_reason; the registry slug still matches that card (the id was never re-purposed); no EA directory, no work_items, no magic rows."
QM5_9154,chan-at-lev-etf-rebal,2026-05-19,Research,CARD_REJECTED,RETIRE,0,"RETIRE: card carries a terminal g0_status REJECTED with an explicit g0_rejection_reason; the registry slug still matches that card (the id was never re-purposed); no EA directory, no work_items, no magic rows."
QM5_9160,aa-opportun-insider,2026-05-19,Research,CARD_REJECTED,RETIRE,0,"RETIRE: card carries a terminal g0_status REJECTED with an explicit g0_rejection_reason; the registry slug still matches that card (the id was never re-purposed); no EA directory, no work_items, no magic rows."
QM5_9162,aa-valprof-combo,2026-05-19,Research,CARD_REJECTED,RETIRE,0,"RETIRE: card carries a terminal g0_status REJECTED with an explicit g0_rejection_reason; the registry slug still matches that card (the id was never re-purposed); no EA directory, no work_items, no magic rows."
QM5_9163,aa-inst-duration,2026-05-19,Research,CARD_REJECTED,RETIRE,0,"RETIRE: card carries a terminal g0_status REJECTED with an explicit g0_rejection_reason; the registry slug still matches that card (the id was never re-purposed); no EA directory, no work_items, no magic rows."
QM5_9164,aa-cashflow-duration,2026-05-19,Research,CARD_REJECTED,RETIRE,0,"RETIRE: card carries a terminal g0_status REJECTED with an explicit g0_rejection_reason; the registry slug still matches that card (the id was never re-purposed); no EA directory, no work_items, no magic rows."
QM5_9170,aa-hiring-rate,2026-05-19,Research,CARD_REJECTED,RETIRE,0,"RETIRE: card carries a terminal g0_status REJECTED with an explicit g0_rejection_reason; the registry slug still matches that card (the id was never re-purposed); no EA directory, no work_items, no magic rows."
QM5_9171,aa-inst-herd-rev,2026-05-19,Research,CARD_REJECTED,RETIRE,0,"RETIRE: card carries a terminal g0_status REJECTED with an explicit g0_rejection_reason; the registry slug still matches that card (the id was never re-purposed); no EA directory, no work_items, no magic rows."
QM5_9172,aa-pension-underfund,2026-05-19,Research,CARD_REJECTED,RETIRE,0,"RETIRE: card carries a terminal g0_status REJECTED with an explicit g0_rejection_reason; the registry slug still matches that card (the id was never re-purposed); no EA directory, no work_items, no magic rows."
QM5_9173,aa-low-at-spread,2026-05-19,Research,CARD_REJECTED,RETIRE,0,"RETIRE: card carries a terminal g0_status REJECTED with an explicit g0_rejection_reason; the registry slug still matches that card (the id was never re-purposed); no EA directory, no work_items, no magic rows."
QM5_9174,aa-inflation-beta,2026-05-19,Research,CARD_REJECTED,RETIRE,0,"RETIRE: card carries a terminal g0_status REJECTED with an explicit g0_rejection_reason; the registry slug still matches that card (the id was never re-purposed); no EA directory, no work_items, no magic rows."
QM5_9200,mql5-ha-fractal,2026-05-19,Research,CARD_REJECTED,RETIRE,0,"RETIRE: card carries a terminal g0_status REJECTED with an explicit g0_rejection_reason; the registry slug still matches that card (the id was never re-purposed); no EA directory, no work_items, no magic rows."
QM5_9201,mql5-ha-ema20,2026-05-19,Research,CARD_REJECTED,RETIRE,0,"RETIRE: card carries a terminal g0_status REJECTED with an explicit g0_rejection_reason; the registry slug still matches that card (the id was never re-purposed); no EA directory, no work_items, no magic rows."
QM5_9202,mql5-bb-stoch-mtf,2026-05-19,Research,CARD_REJECTED,RETIRE,0,"RETIRE: card carries a terminal g0_status REJECTED with an explicit g0_rejection_reason; the registry slug still matches that card (the id was never re-purposed); no EA directory, no work_items, no magic rows."
QM5_9210,mql5-vol-break,2026-05-19,Research,CARD_REJECTED,RETIRE,0,"RETIRE: card carries a terminal g0_status REJECTED with an explicit g0_rejection_reason; the registry slug still matches that card (the id was never re-purposed); no EA directory, no work_items, no magic rows."
QM5_9214,mql5-frac-squeeze,2026-05-19,Research,CARD_REJECTED,RETIRE,0,"RETIRE: card carries a terminal g0_status REJECTED with an explicit g0_rejection_reason; the registry slug still matches that card (the id was never re-purposed); no EA directory, no work_items, no magic rows."
QM5_9226,mql5-stddev-ma,2026-05-19,Research,CARD_REJECTED,RETIRE,0,"RETIRE: card carries a terminal g0_status REJECTED with an explicit g0_rejection_reason; the registry slug still matches that card (the id was never re-purposed); no EA directory, no work_items, no magic rows."
QM5_9227,mql5-gator-ma,2026-05-19,Research,CARD_REJECTED,RETIRE,0,"RETIRE: card carries a terminal g0_status REJECTED with an explicit g0_rejection_reason; the registry slug still matches that card (the id was never re-purposed); no EA directory, no work_items, no magic rows."
QM5_9358,mql5-vbo-thresh,2026-05-19,Research,CARD_REJECTED,RETIRE,0,"RETIRE: card carries a terminal g0_status REJECTED with an explicit g0_rejection_reason; the registry slug still matches that card (the id was never re-purposed); no EA directory, no work_items, no magic rows."
QM5_9359,mql5-nfp-fib,2026-05-19,Research,CARD_REJECTED,RETIRE,0,"RETIRE: card carries a terminal g0_status REJECTED with an explicit g0_rejection_reason; the registry slug still matches that card (the id was never re-purposed); no EA directory, no work_items, no magic rows."
QM5_9407,qs-pairs-z,2026-05-19,Research,CARD_REJECTED,RETIRE,0,"RETIRE: card carries a terminal g0_status REJECTED with an explicit g0_rejection_reason; the registry slug still matches that card (the id was never re-purposed); no EA directory, no work_items, no magic rows."
QM5_9408,qs-dual-mom,2026-05-19,Research,CARD_REJECTED,RETIRE,0,"RETIRE: card carries a terminal g0_status REJECTED with an explicit g0_rejection_reason; the registry slug still matches that card (the id was never re-purposed); no EA directory, no work_items, no magic rows."
QM5_9409,qs-topn-mom,2026-05-19,Research,CARD_REJECTED,RETIRE,0,"RETIRE: card carries a terminal g0_status REJECTED with an explicit g0_rejection_reason; the registry slug still matches that card (the id was never re-purposed); no EA directory, no work_items, no magic rows."
QM5_9469,connors-mom6m-d1,2026-05-19,Research,CARD_REJECTED,RETIRE,0,"RETIRE: card carries a terminal g0_status REJECTED with an explicit g0_rejection_reason; the registry slug still matches that card (the id was never re-purposed); no EA directory, no work_items, no magic rows."
QM5_9509,carver-rulemix,2026-05-19,Research,CARD_REJECTED,RETIRE,0,"RETIRE: card carries a terminal g0_status REJECTED with an explicit g0_rejection_reason; the registry slug still matches that card (the id was never re-purposed); no EA directory, no work_items, no magic rows."
QM5_9514,lt-fx-carry,2026-05-19,Research,CARD_REJECTED,RETIRE,0,"RETIRE: card carries a terminal g0_status REJECTED with an explicit g0_rejection_reason; the registry slug still matches that card (the id was never re-purposed); no EA directory, no work_items, no magic rows."
QM5_9524,mql5-struct-swing,2026-05-19,Research,CARD_REJECTED,RETIRE,0,"RETIRE: card carries a terminal g0_status REJECTED with an explicit g0_rejection_reason; the registry slug still matches that card (the id was never re-purposed); no EA directory, no work_items, no magic rows."
QM5_9577,bandy-dvi-varadi-mr-index,2026-05-19,Research,CARD_REJECTED,RETIRE,0,"RETIRE: card carries a terminal g0_status REJECTED with an explicit g0_rejection_reason; the registry slug still matches that card (the id was never re-purposed); no EA directory, no work_items, no magic rows."
QM5_9706,bandy-dvb-daily-volatility-breakout-trend,2026-05-19,Research,NO_CARD_ANYWHERE,RETIRE,0,"RETIRE: id was reserved before the current card process (316 of 321 date from 2026-05, 260 owned by the retired ""DeepSeek"" provenance) and no card exists in any pool; nothing is lost by retiring it because no strategy was ever written."
QM5_9707,bandy-dv2-varadi-mr-index,2026-05-19,Research,NO_CARD_ANYWHERE,RETIRE,0,"RETIRE: id was reserved before the current card process (316 of 321 date from 2026-05, 260 owned by the retired ""DeepSeek"" provenance) and no card exists in any pool; nothing is lost by retiring it because no strategy was ever written."
QM5_9708,bandy-bb-squeeze-expansion-breakout,2026-05-19,Research,NO_CARD_ANYWHERE,RETIRE,0,"RETIRE: id was reserved before the current card process (316 of 321 date from 2026-05, 260 owned by the retired ""DeepSeek"" provenance) and no card exists in any pool; nothing is lost by retiring it because no strategy was ever written."
QM5_9709,bandy-nr7-inside-day-breakout,2026-05-19,Research,NO_CARD_ANYWHERE,RETIRE,0,"RETIRE: id was reserved before the current card process (316 of 321 date from 2026-05, 260 owned by the retired ""DeepSeek"" provenance) and no card exists in any pool; nothing is lost by retiring it because no strategy was ever written."
QM5_9710,bandy-mtf-d1regime-h4rsi-mr-index,2026-05-19,Research,NO_CARD_ANYWHERE,RETIRE,0,"RETIRE: id was reserved before the current card process (316 of 321 date from 2026-05, 260 owned by the retired ""DeepSeek"" provenance) and no card exists in any pool; nothing is lost by retiring it because no strategy was ever written."
QM5_9711,ff-alien-adx-stoch-h1,2026-05-19,Research,NO_CARD_ANYWHERE,RETIRE,0,"RETIRE: id was reserved before the current card process (316 of 321 date from 2026-05, 260 owned by the retired ""DeepSeek"" provenance) and no card exists in any pool; nothing is lost by retiring it because no strategy was ever written."
QM5_9712,ff-roadmap-tl-retest-m15,2026-05-19,Research,NO_CARD_ANYWHERE,RETIRE,0,"RETIRE: id was reserved before the current card process (316 of 321 date from 2026-05, 260 owned by the retired ""DeepSeek"" provenance) and no card exists in any pool; nothing is lost by retiring it because no strategy was ever written."
QM5_9713,ff-thv-sixlights-m1,2026-05-19,Research,NO_CARD_ANYWHERE,RETIRE,0,"RETIRE: id was reserved before the current card process (316 of 321 date from 2026-05, 260 owned by the retired ""DeepSeek"" provenance) and no card exists in any pool; nothing is lost by retiring it because no strategy was ever written."
QM5_9714,ff-choros-ma-touch-m15,2026-05-19,Research,NO_CARD_ANYWHERE,RETIRE,0,"RETIRE: id was reserved before the current card process (316 of 321 date from 2026-05, 260 owned by the retired ""DeepSeek"" provenance) and no card exists in any pool; nothing is lost by retiring it because no strategy was ever written."
QM5_9715,ff-sonicr-scout-m15,2026-05-19,Research,NO_CARD_ANYWHERE,RETIRE,0,"RETIRE: id was reserved before the current card process (316 of 321 date from 2026-05, 260 owned by the retired ""DeepSeek"" provenance) and no card exists in any pool; nothing is lost by retiring it because no strategy was ever written."
QM5_9726,bandy-roc-reversal-mr-index,2026-05-19,Research,CARD_REJECTED,RETIRE,0,"RETIRE: card carries a terminal g0_status REJECTED with an explicit g0_rejection_reason; the registry slug still matches that card (the id was never re-purposed); no EA directory, no work_items, no magic rows."
QM5_9728,bandy-three-down-closes-mr-index,2026-05-19,Research,CARD_REJECTED,RETIRE,0,"RETIRE: card carries a terminal g0_status REJECTED with an explicit g0_rejection_reason; the registry slug still matches that card (the id was never re-purposed); no EA directory, no work_items, no magic rows."
QM5_9729,bandy-macd-adx-regime-filter-trend,2026-05-19,Research,CARD_REJECTED,RETIRE,0,"RETIRE: card carries a terminal g0_status REJECTED with an explicit g0_rejection_reason; the registry slug still matches that card (the id was never re-purposed); no EA directory, no work_items, no magic rows."
QM5_9906,bandy-aroon-crossover-trend,2026-05-19,Research,CARD_REJECTED,RETIRE,0,"RETIRE: card carries a terminal g0_status REJECTED with an explicit g0_rejection_reason; the registry slug still matches that card (the id was never re-purposed); no EA directory, no work_items, no magic rows."
QM5_9915,bandy-smacross-donchian-confirm-trend,2026-05-19,Research,CARD_REJECTED,RETIRE,0,"RETIRE: card carries a terminal g0_status REJECTED with an explicit g0_rejection_reason; the registry slug still matches that card (the id was never re-purposed); no EA directory, no work_items, no magic rows."
QM5_9950,bandy-monthly-momentum-rebalance-trend,2026-05-19,Research,CARD_REJECTED,RETIRE,0,"RETIRE: card carries a terminal g0_status REJECTED with an explicit g0_rejection_reason; the registry slug still matches that card (the id was never re-purposed); no EA directory, no work_items, no magic rows."
