file,currency,event,year,n,top_times
ff_clean,EUR,CPI Flash Estimate y/y,2015,12,19:30x5; 10:00x3; 20:30x3; 09:00x1
ff_clean,EUR,CPI Flash Estimate y/y,2016,12,19:30x6; 20:30x5; 10:00x1
ff_clean,EUR,CPI Flash Estimate y/y,2017,12,19:30x6; 20:30x5; 10:00x1
ff_clean,EUR,CPI Flash Estimate y/y,2018,12,19:30x6; 20:30x4; 10:00x2
ff_clean,EUR,CPI Flash Estimate y/y,2019,12,19:30x5; 20:30x3; 09:00x2; 10:00x2
ff_clean,EUR,CPI Flash Estimate y/y,2020,3,10:00x3
ff_clean,EUR,CPI Flash Estimate y/y,2021,1,09:00x1
ff_clean,EUR,CPI Flash Estimate y/y,2022,9,20:30x4; 09:00x3; 19:30x2
ff_clean,EUR,CPI Flash Estimate y/y,2023,12,20:30x6; 19:30x5; 08:00x1
ff_clean,EUR,CPI Flash Estimate y/y,2024,12,20:30x6; 19:30x5; 08:00x1
ff_clean,EUR,CPI Flash Estimate y/y,2025,4,20:30x3; 19:30x1
ff_clean,EUR,CPI Flash Estimate y/y,2026,2,09:00x2
ff_clean,EUR,Core CPI Flash Estimate y/y,2015,12,09:00x6; 20:30x3; 10:00x2; 19:30x1
ff_clean,EUR,Core CPI Flash Estimate y/y,2016,12,09:00x7; 10:00x4; 20:30x1
ff_clean,EUR,Core CPI Flash Estimate y/y,2017,12,09:00x7; 10:00x4; 20:30x1
ff_clean,EUR,Core CPI Flash Estimate y/y,2018,12,09:00x7; 10:00x3; 20:30x2
ff_clean,EUR,Core CPI Flash Estimate y/y,2019,8,09:00x5; 10:00x3
ff_clean,EUR,Core CPI Flash Estimate y/y,2022,7,10:00x3; 09:00x3; 19:30x1
ff_clean,EUR,Core CPI Flash Estimate y/y,2023,12,10:00x5; 08:00x5; 19:30x1; 09:00x1
ff_clean,EUR,Core CPI Flash Estimate y/y,2024,12,10:00x5; 08:00x5; 19:30x1; 09:00x1
ff_clean,EUR,Core CPI Flash Estimate y/y,2025,4,10:00x3; 08:00x1
ff_clean,EUR,Core CPI Flash Estimate y/y,2026,2,09:00x2
ff_clean,EUR,Dutch Parliamentary Election,2017,1,20:29x1
ff_clean,EUR,Dutch Parliamentary Election,2021,1,20:29x1
ff_clean,EUR,Dutch Parliamentary Election,2023,1,20:29x1
ff_clean,EUR,EBA Bank Stress Test Results,2016,1,20:00x1
ff_clean,EUR,ECB Economic Bulletin,2015,1,09:00x1
ff_clean,EUR,ECB Financial Stability Review,2020,2,13:00x1; 09:30x1
ff_clean,EUR,ECB Financial Stability Review,2021,2,08:00x1; 09:00x1
ff_clean,EUR,ECB Financial Stability Review,2022,2,19:30x1; 09:00x1
ff_clean,EUR,ECB Financial Stability Review,2023,2,19:30x1; 09:00x1
ff_clean,EUR,ECB Financial Stability Review,2024,2,07:00x1; 09:00x1
ff_clean,EUR,ECB Monetary Policy Meeting Accounts,2015,7,11:30x5; 12:30x2
ff_clean,EUR,ECB Monetary Policy Meeting Accounts,2016,8,11:30x5; 12:30x3
ff_clean,EUR,ECB Monetary Policy Meeting Accounts,2017,8,11:30x5; 12:30x3
ff_clean,EUR,ECB Monetary Policy Meeting Accounts,2018,7,11:30x5; 12:30x2
ff_clean,EUR,ECB Monetary Policy Meeting Accounts,2019,8,11:30x5; 12:30x3
ff_clean,EUR,ECB Monetary Policy Meeting Accounts,2020,5,11:30x3; 12:30x2
ff_clean,EUR,ECB Monetary Policy Meeting Accounts,2022,3,11:30x3
ff_clean,EUR,ECB President Draghi Speaks,2015,25,08:00x4; 14:00x2; 20:30x2; 16:30x1
ff_clean,EUR,ECB President Draghi Speaks,2016,25,14:00x5; 16:00x2; 07:00x2; 15:00x2
ff_clean,EUR,ECB President Draghi Speaks,2017,32,13:30x3; 08:00x2; 14:00x2; 17:00x2
ff_clean,EUR,ECB President Draghi Speaks,2018,22,13:00x3; 08:00x2; 08:30x2; 16:00x1
ff_clean,EUR,ECB President Draghi Speaks,2019,13,15:00x2; 20:30x2; 08:00x2; 15:30x1
ff_clean,EUR,ECB President Lagarde Speaks,2019,5,08:50x1; 19:30x1; 08:27x1; 14:00x1
ff_clean,EUR,ECB President Lagarde Speaks,2020,36,08:00x3; 13:00x3; 09:30x2; 07:30x2
ff_clean,EUR,ECB President Lagarde Speaks,2021,38,10:00x4; 11:00x3; 16:15x2; 15:45x2
ff_clean,EUR,ECB President Lagarde Speaks,2022,41,13:00x4; 09:30x3; 15:00x3; 20:30x3
ff_clean,EUR,ECB President Lagarde Speaks,2023,44,14:00x6; 13:00x4; 12:00x3; 12:30x3
ff_clean,EUR,ECB President Lagarde Speaks,2024,33,14:00x5; 20:30x4; 15:15x2; 13:00x2
ff_clean,EUR,ECB President Lagarde Speaks,2025,8,15:15x1; 10:00x1; 08:10x1; 16:15x1
ff_clean,EUR,ECB President Lagarde Speaks,2026,2,07:10x1; 10:15x1
ff_clean,EUR,ECB Press Conference,2015,8,19:30x4; 13:30x3; 20:30x1
ff_clean,EUR,ECB Press Conference,2016,8,12:30x3; 20:30x2; 19:30x2; 13:30x1
ff_clean,EUR,ECB Press Conference,2017,8,20:30x3; 12:30x3; 19:30x2
ff_clean,EUR,ECB Press Conference,2018,8,20:30x3; 12:30x3; 19:30x2
ff_clean,EUR,ECB Press Conference,2019,8,12:30x3; 13:30x2; 19:30x2; 20:30x1
ff_clean,EUR,ECB Press Conference,2020,8,13:30x4; 19:30x3; 12:30x1
ff_clean,EUR,ECB Press Conference,2021,8,12:30x4; 20:30x2; 13:30x1; 19:30x1
ff_clean,EUR,ECB Press Conference,2022,8,12:45x3; 13:30x2; 19:30x1; 12:30x1
ff_clean,EUR,ECB Press Conference,2023,8,11:45x4; 13:45x3; 12:45x1
ff_clean,EUR,ECB Press Conference,2024,8,11:45x4; 13:45x3; 12:45x1
ff_clean,EUR,ECB Press Conference,2025,2,13:45x2
ff_clean,EUR,ECB Press Conference,2026,1,12:45x1
ff_clean,EUR,ECOFIN Meetings,2015,11,20:29x6; 19:29x5
ff_clean,EUR,ECOFIN Meetings,2016,11,20:29x6; 19:29x5
ff_clean,EUR,ECOFIN Meetings,2017,10,20:29x6; 19:29x4
ff_clean,EUR,ECOFIN Meetings,2019,1,20:29x1
ff_clean,EUR,EU Economic Forecasts,2015,3,10:00x2; 09:00x1
ff_clean,EUR,EU Economic Forecasts,2016,3,10:00x2; 09:00x1
ff_clean,EUR,EU Economic Forecasts,2017,3,10:00x2; 08:00x1
ff_clean,EUR,EU Economic Forecasts,2018,4,10:00x2; 11:30x1; 19:30x1
ff_clean,EUR,EU Economic Forecasts,2019,4,10:00x2; 11:50x1; 09:15x1
ff_clean,EUR,EU Economic Forecasts,2020,4,10:00x2; 09:00x2
ff_clean,EUR,EU Economic Forecasts,2021,4,10:00x2; 09:00x2
ff_clean,EUR,EU Economic Forecasts,2022,4,09:00x2; 20:30x1; 10:00x1
ff_clean,EUR,EU Economic Forecasts,2023,1,09:00x1
ff_clean,EUR,EU Economic Summit,2015,5,20:29x3; 19:29x2
ff_clean,EUR,EU Economic Summit,2016,5,19:29x3; 20:29x2
ff_clean,EUR,EU Economic Summit,2018,5,20:29x3; 19:29x2
ff_clean,EUR,EU Economic Summit,2019,3,20:29x3
ff_clean,EUR,EU Economic Summit,2020,11,19:29x6; 20:29x5
ff_clean,EUR,EU Economic Summit,2021,2,19:29x2
ff_clean,EUR,EU Economic Summit,2022,1,19:29x1
ff_clean,EUR,Euro Summit,2015,3,19:29x3
ff_clean,EUR,Euro Summit,2018,1,20:29x1
ff_clean,EUR,Euro Summit,2020,1,20:29x1
ff_clean,EUR,Euro Summit,2021,1,19:29x1
ff_clean,EUR,Euro Summit,2023,2,19:29x1; 20:29x1
ff_clean,EUR,Euro Summit,2024,1,19:29x1
ff_clean,EUR,Euro Summit,2025,1,20:29x1
ff_clean,EUR,Eurogroup Meetings,2015,28,19:29x17; 20:29x11
ff_clean,EUR,Eurogroup Meetings,2016,12,20:29x6; 19:29x6
ff_clean,EUR,Eurogroup Meetings,2017,10,20:29x6; 19:29x4
ff_clean,EUR,Eurogroup Meetings,2019,1,20:29x1
ff_clean,EUR,Eurogroup Meetings,2020,8,19:29x7; 20:29x1
ff_clean,EUR,European Court of Justice Ruling,2015,2,08:35x1; 07:36x1
ff_clean,EUR,European Parliamentary Elections,2019,1,19:29x1
ff_clean,EUR,European Parliamentary Elections,2024,4,19:29x4
ff_clean,EUR,Final CPI y/y,2015,12,09:00x4; 10:00x3; 19:30x3; 20:30x2
ff_clean,EUR,Final CPI y/y,2016,12,09:00x7; 10:00x4; 20:30x1
ff_clean,EUR,Final CPI y/y,2017,11,09:00x7; 10:00x4
ff_clean,EUR,Final CPI y/y,2018,9,09:00x6; 10:00x3
ff_clean,EUR,Flash GDP q/q,2015,4,10:00x2; 09:00x1; 19:30x1
ff_clean,EUR,Flash GDP q/q,2016,4,10:00x2; 09:00x2
ff_clean,EUR,Flash GDP q/q,2017,4,09:00x2; 10:00x1; 20:30x1
ff_clean,EUR,Flash GDP q/q,2018,4,10:00x2; 09:00x2
ff_clean,EUR,Flash GDP q/q,2019,2,10:00x1; 09:00x1
ff_clean,EUR,Flash Manufacturing PMI,2015,12,08:00x7; 09:00x5
ff_clean,EUR,Flash Manufacturing PMI,2016,12,08:00x7; 09:00x4; 19:30x1
ff_clean,EUR,Flash Manufacturing PMI,2017,12,08:00x6; 09:00x5; 19:30x1
ff_clean,EUR,Flash Manufacturing PMI,2018,12,08:00x6; 09:00x5; 19:30x1
ff_clean,EUR,Flash Manufacturing PMI,2019,12,08:00x6; 09:00x5; 19:30x1
ff_clean,EUR,Flash Manufacturing PMI,2020,12,08:00x7; 09:00x5
ff_clean,EUR,Flash Manufacturing PMI,2021,12,08:00x7; 09:00x4; 20:30x1
ff_clean,EUR,Flash Manufacturing PMI,2023,10,07:00x5; 08:00x2; 09:00x2; 20:30x1
ff_clean,EUR,Flash Manufacturing PMI,2024,12,07:00x5; 09:00x4; 08:00x2; 19:30x1
ff_clean,EUR,Flash Manufacturing PMI,2025,3,09:00x2; 08:00x1
ff_clean,EUR,Flash Services PMI,2015,12,20:30x6; 19:30x6
ff_clean,EUR,Flash Services PMI,2016,12,20:30x6; 19:30x6
ff_clean,EUR,Flash Services PMI,2017,12,20:30x6; 19:30x6
ff_clean,EUR,Flash Services PMI,2018,12,19:30x7; 20:30x5
ff_clean,EUR,Flash Services PMI,2019,12,20:30x6; 19:30x6
ff_clean,EUR,Flash Services PMI,2020,12,20:30x6; 19:30x6
ff_clean,EUR,Flash Services PMI,2021,12,20:30x6; 19:30x6
ff_clean,EUR,Flash Services PMI,2023,10,19:30x6; 20:30x4
ff_clean,EUR,Flash Services PMI,2024,12,20:30x6; 19:30x6
ff_clean,EUR,Flash Services PMI,2025,3,20:30x2; 19:30x1
ff_clean,EUR,French Consumer Spending m/m,2015,3,07:45x2; 06:45x1
ff_clean,EUR,French Flash GDP q/q,2020,1,05:30x1
ff_clean,EUR,French Flash GDP q/q,2022,1,05:30x1
ff_clean,EUR,French Flash GDP q/q,2023,1,04:30x1
ff_clean,EUR,French Flash Manufacturing PMI,2015,12,07:00x7; 08:00x5
ff_clean,EUR,French Flash Manufacturing PMI,2016,12,07:00x7; 08:00x5
ff_clean,EUR,French Flash Manufacturing PMI,2017,12,07:00x7; 08:00x5
ff_clean,EUR,French Flash Manufacturing PMI,2018,12,07:00x4; 08:00x3; 07:15x3; 08:15x2
ff_clean,EUR,French Flash Manufacturing PMI,2019,12,19:30x6; 20:30x5; 08:15x1
ff_clean,EUR,French Flash Manufacturing PMI,2020,12,20:30x6; 19:30x6
ff_clean,EUR,French Flash Manufacturing PMI,2021,10,07:15x6; 20:30x2; 19:30x2
ff_clean,EUR,French Flash Manufacturing PMI,2022,6,20:30x4; 19:30x2
ff_clean,EUR,French Flash Manufacturing PMI,2023,12,06:15x5; 08:15x4; 07:15x3
ff_clean,EUR,French Flash Manufacturing PMI,2024,12,06:15x5; 08:15x4; 07:15x3
ff_clean,EUR,French Flash Manufacturing PMI,2025,3,08:15x2; 07:15x1
ff_clean,EUR,French Flash Manufacturing PMI,2026,2,07:15x2
ff_clean,EUR,French Flash Services PMI,2015,12,20:30x6; 19:30x6
ff_clean,EUR,French Flash Services PMI,2016,12,20:30x6; 19:30x6
ff_clean,EUR,French Flash Services PMI,2017,12,20:30x6; 19:30x6
ff_clean,EUR,French Flash Services PMI,2018,12,19:30x7; 20:30x5
ff_clean,EUR,French Flash Services PMI,2019,12,07:15x7; 08:15x4; 20:30x1
ff_clean,EUR,French Flash Services PMI,2020,12,07:15x7; 08:15x5
ff_clean,EUR,French Flash Services PMI,2021,12,08:15x5; 19:30x4; 20:30x2; 07:15x1
ff_clean,EUR,French Flash Services PMI,2022,12,07:15x7; 08:15x5
ff_clean,EUR,French Flash Services PMI,2023,12,20:30x6; 19:30x6
ff_clean,EUR,French Flash Services PMI,2024,12,20:30x6; 19:30x6
ff_clean,EUR,French Flash Services PMI,2025,3,20:30x2; 19:30x1
ff_clean,EUR,French Flash Services PMI,2026,2,07:15x2
ff_clean,EUR,French Industrial Production m/m,2015,3,07:45x3
ff_clean,EUR,French Parliamentary Elections,2017,2,19:29x2
ff_clean,EUR,French Parliamentary Elections,2022,2,19:29x2
ff_clean,EUR,French Parliamentary Elections,2024,2,19:29x2
ff_clean,EUR,French Prelim CPI m/m,2024,1,05:45x1
ff_clean,EUR,French Prelim GDP q/q,2015,2,06:30x1; 19:30x1
ff_clean,EUR,French Prelim Private Payrolls q/q,2015,1,07:45x1
ff_clean,EUR,French Presidential Election,2017,2,19:29x2
ff_clean,EUR,French Presidential Election,2022,2,19:29x2
ff_clean,EUR,German 10-y Bond Auction,2015,4,10:33x2; 09:33x1; 09:34x1
ff_clean,EUR,German Buba Monthly Report,2015,1,11:00x1
ff_clean,EUR,German Buba President Weidmann Speaks,2015,14,16:30x2; 07:00x2; 16:15x1; 17:30x1
ff_clean,EUR,German Buba President Weidmann Speaks,2016,12,07:00x2; 20:30x2; 16:00x2; 12:40x1
ff_clean,EUR,German Buba President Weidmann Speaks,2017,10,10:00x2; 13:00x2; 08:30x1; 16:45x1
ff_clean,EUR,German Buba President Weidmann Speaks,2018,23,16:30x2; 08:00x2; 16:00x2; 13:00x2
ff_clean,EUR,German Buba President Weidmann Speaks,2019,7,16:00x1; 08:20x1; 10:00x1; 08:15x1
ff_clean,EUR,German Constitutional Court Ruling,2016,1,08:10x1
ff_clean,EUR,German Constitutional Court Ruling,2020,1,08:11x1
ff_clean,EUR,German Factory Orders m/m,2015,11,06:00x7; 07:00x4
ff_clean,EUR,German Factory Orders m/m,2016,11,06:00x6; 07:00x5
ff_clean,EUR,German Factory Orders m/m,2017,4,07:00x3; 06:00x1
ff_clean,EUR,German Federal Elections,2017,1,20:29x1
ff_clean,EUR,German Federal Elections,2021,1,20:29x1
ff_clean,EUR,German Federal Elections,2025,1,20:29x1
ff_clean,EUR,German Final Manufacturing PMI,2015,7,07:55x4; 08:55x3
ff_clean,EUR,German Final Manufacturing PMI,2021,5,07:55x5
ff_clean,EUR,German Final Services PMI,2015,6,08:55x3; 07:55x3
ff_clean,EUR,German Flash Manufacturing PMI,2015,12,07:30x7; 08:30x5
ff_clean,EUR,German Flash Manufacturing PMI,2016,12,07:30x7; 08:30x4; 20:30x1
ff_clean,EUR,German Flash Manufacturing PMI,2017,12,07:30x7; 08:30x4; 20:30x1
ff_clean,EUR,German Flash Manufacturing PMI,2018,12,07:30x6; 08:30x5; 19:30x1
ff_clean,EUR,German Flash Manufacturing PMI,2019,12,07:30x7; 08:30x5
ff_clean,EUR,German Flash Manufacturing PMI,2020,12,07:30x7; 08:30x5
ff_clean,EUR,German Flash Manufacturing PMI,2021,12,07:30x6; 08:30x4; 20:30x2
ff_clean,EUR,German Flash Manufacturing PMI,2022,12,07:30x7; 08:30x4; 19:30x1
ff_clean,EUR,German Flash Manufacturing PMI,2023,12,06:30x5; 08:30x4; 07:30x3
ff_clean,EUR,German Flash Manufacturing PMI,2024,12,06:30x5; 08:30x4; 07:30x2; 19:30x1
ff_clean,EUR,German Flash Manufacturing PMI,2025,3,08:30x2; 07:30x1
ff_clean,EUR,German Flash Manufacturing PMI,2026,2,07:30x2
ff_clean,EUR,German Flash Services PMI,2015,12,20:30x6; 19:30x6
ff_clean,EUR,German Flash Services PMI,2016,12,20:30x6; 19:30x6
ff_clean,EUR,German Flash Services PMI,2017,12,20:30x6; 19:30x6
ff_clean,EUR,German Flash Services PMI,2018,12,19:30x7; 20:30x5
ff_clean,EUR,German Flash Services PMI,2019,12,20:30x6; 19:30x6
ff_clean,EUR,German Flash Services PMI,2020,12,20:30x6; 19:30x6
ff_clean,EUR,German Flash Services PMI,2021,12,20:30x6; 19:30x6
ff_clean,EUR,German Flash Services PMI,2022,12,20:30x6; 19:30x6
ff_clean,EUR,German Flash Services PMI,2023,12,20:30x6; 19:30x6
ff_clean,EUR,German Flash Services PMI,2024,12,20:30x6; 19:30x6
ff_clean,EUR,German Flash Services PMI,2025,3,20:30x2; 19:30x1
ff_clean,EUR,German Flash Services PMI,2026,2,07:30x2
ff_clean,EUR,German GfK Consumer Climate,2015,7,19:30x3; 07:00x2; 20:30x1; 06:00x1
ff_clean,EUR,German Industrial Production m/m,2015,1,06:00x1
ff_clean,EUR,German Industrial Production m/m,2020,1,06:00x1
ff_clean,EUR,German Prelim CPI m/m,2015,12,20:29x6; 19:29x6
ff_clean,EUR,German Prelim CPI m/m,2016,12,20:29x6; 19:29x6
ff_clean,EUR,German Prelim CPI m/m,2017,13,20:29x7; 19:29x6
ff_clean,EUR,German Prelim CPI m/m,2018,12,20:29x6; 19:29x6
ff_clean,EUR,German Prelim CPI m/m,2019,11,19:29x6; 20:29x5
ff_clean,EUR,German Prelim CPI m/m,2020,2,20:29x2
ff_clean,EUR,German Prelim CPI m/m,2022,3,19:29x2; 20:29x1
ff_clean,EUR,German Prelim CPI m/m,2023,9,19:29x6; 20:29x3
ff_clean,EUR,German Prelim CPI m/m,2024,12,20:29x6; 19:29x6
ff_clean,EUR,German Prelim CPI m/m,2025,4,20:29x3; 19:29x1
ff_clean,EUR,German Prelim CPI m/m,2026,2,06:29x2
ff_clean,EUR,German Prelim GDP q/q,2015,4,07:00x2; 06:00x2
ff_clean,EUR,German Prelim GDP q/q,2016,4,07:00x2; 06:00x2
ff_clean,EUR,German Prelim GDP q/q,2017,4,07:00x2; 06:00x2
ff_clean,EUR,German Prelim GDP q/q,2018,4,07:00x2; 06:00x2
ff_clean,EUR,German Prelim GDP q/q,2019,4,07:00x2; 06:00x2
ff_clean,EUR,German Prelim GDP q/q,2020,4,08:00x2; 07:00x1; 09:00x1
ff_clean,EUR,German Prelim GDP q/q,2021,4,08:00x2; 09:00x1; 19:30x1
ff_clean,EUR,German Prelim GDP q/q,2022,1,19:30x1
ff_clean,EUR,German Prelim GDP q/q,2023,1,09:00x1
ff_clean,EUR,German Prelim GDP q/q,2026,1,08:00x1
ff_clean,EUR,German Retail Sales m/m,2015,12,06:00x6; 07:00x5; 20:30x1
ff_clean,EUR,German Retail Sales m/m,2016,12,06:00x6; 07:00x3; 20:30x2; 19:30x1
ff_clean,EUR,German Retail Sales m/m,2017,12,06:00x6; 07:00x4; 20:30x1; 19:30x1
ff_clean,EUR,German Retail Sales m/m,2018,10,06:00x7; 07:00x2; 20:30x1
ff_clean,EUR,German Unemployment Change,2015,12,07:55x7; 08:55x5
ff_clean,EUR,German Unemployment Change,2016,12,07:55x7; 08:55x5
ff_clean,EUR,German Unemployment Change,2017,5,08:55x3; 07:55x2
ff_clean,EUR,German ZEW Economic Sentiment,2015,12,09:00x7; 10:00x5
ff_clean,EUR,German ZEW Economic Sentiment,2016,12,09:00x7; 10:00x4; 20:30x1
ff_clean,EUR,German ZEW Economic Sentiment,2017,12,09:00x5; 10:00x3; 20:30x3; 19:30x1
ff_clean,EUR,German ZEW Economic Sentiment,2018,11,10:00x5; 09:00x3; 19:30x3
ff_clean,EUR,German ZEW Economic Sentiment,2019,12,09:00x7; 10:00x5
ff_clean,EUR,German ZEW Economic Sentiment,2020,4,10:00x3; 09:00x1
ff_clean,EUR,German ZEW Economic Sentiment,2021,7,19:30x4; 20:30x2; 10:00x1
ff_clean,EUR,German ZEW Economic Sentiment,2022,6,20:30x3; 10:00x2; 19:30x1
ff_clean,EUR,German ZEW Economic Sentiment,2023,10,08:00x6; 10:00x3; 09:00x1
ff_clean,EUR,German ZEW Economic Sentiment,2024,4,10:00x2; 08:00x1; 09:00x1
ff_clean,EUR,German ZEW Economic Sentiment,2025,3,10:00x3
ff_clean,EUR,German ifo Business Climate,2015,12,09:00x6; 08:00x4; 19:30x2
ff_clean,EUR,German ifo Business Climate,2016,12,08:00x7; 09:00x5
ff_clean,EUR,German ifo Business Climate,2017,12,08:00x7; 20:30x3; 09:00x2
ff_clean,EUR,German ifo Business Climate,2018,12,08:00x6; 09:00x4; 19:30x2
ff_clean,EUR,German ifo Business Climate,2019,12,09:00x5; 08:00x5; 19:30x2
ff_clean,EUR,German ifo Business Climate,2020,6,09:00x4; 19:30x1; 08:00x1
ff_clean,EUR,German ifo Business Climate,2021,11,08:00x6; 09:00x3; 19:30x1; 20:30x1
ff_clean,EUR,German ifo Business Climate,2022,12,08:00x7; 09:00x5
ff_clean,EUR,German ifo Business Climate,2023,12,07:00x6; 20:30x3; 09:00x2; 08:00x1
ff_clean,EUR,German ifo Business Climate,2024,12,09:00x4; 07:00x4; 08:00x3; 19:30x1
ff_clean,EUR,German ifo Business Climate,2025,3,09:00x2; 08:00x1
ff_clean,EUR,Greek Bailout Vote,2015,1,19:29x1
ff_clean,EUR,Greek Gov Debt Crisis Vote,2015,3,22:53x1; 01:11x1; 06:57x1
ff_clean,EUR,Greek Parliamentary Election,2015,2,20:29x1; 19:29x1
ff_clean,EUR,Greek Parliamentary Election,2019,1,19:29x1
ff_clean,EUR,Greek Parliamentary Election,2023,1,19:29x1
ff_clean,EUR,Greek Presidential Elections,2020,1,20:29x1
ff_clean,EUR,Greek Presidential Elections,2025,1,20:29x1
ff_clean,EUR,Italian 10-y Bond Auction,2015,1,10:19x1
ff_clean,EUR,Italian 10-y Bond Auction,2018,1,09:22x1
ff_clean,EUR,Italian Constitution Amendment Vote,2016,1,20:29x1
ff_clean,EUR,Italian Manufacturing PMI,2015,6,08:45x3; 07:45x3
ff_clean,EUR,Italian Parliamentary Election,2018,1,20:29x1
ff_clean,EUR,Italian Parliamentary Election,2022,1,20:29x1
ff_clean,EUR,Italian Prelim GDP q/q,2015,2,09:00x1; 08:00x1
ff_clean,EUR,Italian Services PMI,2015,6,08:45x3; 07:45x3
ff_clean,EUR,Long Term Refinancing Operation,2015,4,10:20x1; 09:30x1; 09:31x1; 10:30x1
ff_clean,EUR,Long Term Refinancing Operation,2016,5,09:30x3; 10:30x2
ff_clean,EUR,Long Term Refinancing Operation,2017,1,10:30x1
ff_clean,EUR,M3 Money Supply y/y,2015,12,09:00x6; 08:00x5; 19:30x1
ff_clean,EUR,M3 Money Supply y/y,2016,12,08:00x8; 09:00x4
ff_clean,EUR,M3 Money Supply y/y,2017,12,09:00x4; 08:00x4; 19:30x3; 20:30x1
ff_clean,EUR,M3 Money Supply y/y,2018,8,08:00x4; 09:00x2; 19:30x2
ff_clean,EUR,Main Refinancing Rate,2015,8,11:45x5; 12:45x3
ff_clean,EUR,Main Refinancing Rate,2016,8,11:45x5; 12:45x3
ff_clean,EUR,Main Refinancing Rate,2017,8,11:45x5; 12:45x3
ff_clean,EUR,Main Refinancing Rate,2018,8,11:45x5; 12:45x3
ff_clean,EUR,Main Refinancing Rate,2019,8,11:45x3; 12:45x2; 12:44x1; 19:30x1
ff_clean,EUR,Main Refinancing Rate,2020,8,12:45x4; 11:45x4
ff_clean,EUR,Main Refinancing Rate,2021,8,19:30x4; 20:30x3; 12:45x1
ff_clean,EUR,Main Refinancing Rate,2022,8,12:15x3; 12:45x2; 11:45x2; 20:30x1
ff_clean,EUR,Main Refinancing Rate,2023,8,11:15x4; 13:15x3; 12:15x1
ff_clean,EUR,Main Refinancing Rate,2024,8,11:15x4; 13:15x3; 12:15x1
ff_clean,EUR,Main Refinancing Rate,2025,2,13:15x2
ff_clean,EUR,Main Refinancing Rate,2026,1,12:15x1
ff_clean,EUR,Monetary Policy Statement,2016,7,19:30x4; 20:30x3
ff_clean,EUR,Monetary Policy Statement,2017,8,20:30x4; 19:30x4
ff_clean,EUR,Monetary Policy Statement,2018,8,20:30x4; 19:30x4
ff_clean,EUR,Monetary Policy Statement,2019,8,19:30x3; 20:30x2; 11:45x2; 12:45x1
ff_clean,EUR,Monetary Policy Statement,2020,8,20:30x4; 19:30x4
ff_clean,EUR,Monetary Policy Statement,2021,8,11:45x5; 12:45x2; 20:30x1
ff_clean,EUR,Monetary Policy Statement,2022,8,20:30x4; 19:30x4
ff_clean,EUR,Monetary Policy Statement,2023,8,20:30x4; 19:30x4
ff_clean,EUR,Monetary Policy Statement,2024,8,20:30x4; 19:30x4
ff_clean,EUR,Monetary Policy Statement,2025,2,20:30x2
ff_clean,EUR,Monetary Policy Statement,2026,1,12:15x1
ff_clean,EUR,Prelim Flash GDP q/q,2016,3,19:30x2; 20:30x1
ff_clean,EUR,Prelim Flash GDP q/q,2017,4,20:30x2; 09:00x2
ff_clean,EUR,Prelim Flash GDP q/q,2018,4,10:00x2; 09:00x1; 19:30x1
ff_clean,EUR,Prelim Flash GDP q/q,2019,2,10:00x1; 09:00x1
ff_clean,EUR,Prelim Flash GDP q/q,2020,1,09:00x1
ff_clean,EUR,Private Loans y/y,2015,5,19:30x3; 20:30x2
ff_clean,EUR,Retail Sales m/m,2015,7,09:00x4; 10:00x3
ff_clean,EUR,Spanish Flash CPI y/y,2015,12,19:30x4; 07:00x3; 08:00x3; 20:30x2
ff_clean,EUR,Spanish Flash CPI y/y,2016,12,07:00x4; 08:00x3; 19:30x3; 20:30x2
ff_clean,EUR,Spanish Flash CPI y/y,2017,12,19:30x4; 08:00x3; 07:00x3; 20:30x2
ff_clean,EUR,Spanish Flash CPI y/y,2018,9,07:00x3; 19:30x3; 08:00x2; 20:30x1
ff_clean,EUR,Spanish Flash CPI y/y,2023,10,19:30x5; 20:30x2; 06:00x1; 07:00x1
ff_clean,EUR,Spanish Flash CPI y/y,2024,12,20:30x4; 19:30x3; 07:00x2; 06:00x2
ff_clean,EUR,Spanish Flash CPI y/y,2025,3,20:30x2; 19:30x1
ff_clean,EUR,Spanish Flash GDP q/q,2015,4,20:30x2; 19:30x2
ff_clean,EUR,Spanish Flash GDP q/q,2016,4,20:30x2; 19:30x2
ff_clean,EUR,Spanish Flash GDP q/q,2017,4,20:30x2; 19:30x2
ff_clean,EUR,Spanish Flash GDP q/q,2018,4,20:30x1; 19:30x1; 07:00x1; 08:00x1
ff_clean,EUR,Spanish Flash GDP q/q,2019,4,08:00x2; 19:30x1; 07:00x1
ff_clean,EUR,Spanish Flash GDP q/q,2020,2,08:00x1; 19:30x1
ff_clean,EUR,Spanish Manufacturing PMI,2015,12,07:15x6; 08:15x4; 20:30x2
ff_clean,EUR,Spanish Manufacturing PMI,2016,12,19:30x5; 08:15x3; 20:30x3; 07:15x1
ff_clean,EUR,Spanish Manufacturing PMI,2017,10,19:30x4; 08:15x3; 07:15x2; 20:30x1
ff_clean,EUR,Spanish Manufacturing PMI,2019,1,08:15x1
ff_clean,EUR,Spanish Manufacturing PMI,2023,1,06:15x1
ff_clean,EUR,Spanish Parliamentary Election,2015,1,20:29x1
ff_clean,EUR,Spanish Parliamentary Election,2016,1,19:29x1
ff_clean,EUR,Spanish Parliamentary Election,2019,2,19:29x1; 20:29x1
ff_clean,EUR,Spanish Parliamentary Election,2023,1,19:29x1
ff_clean,EUR,Spanish Services PMI,2015,8,07:15x4; 08:15x3; 19:30x1
ff_clean,EUR,Spanish Services PMI,2022,1,07:15x1
ff_clean,EUR,Spanish Unemployment Change,2015,12,07:00x7; 08:00x5
ff_clean,EUR,Spanish Unemployment Change,2016,12,07:00x7; 08:00x5
ff_clean,EUR,Spanish Unemployment Change,2017,12,07:00x7; 08:00x4; 09:00x1
ff_clean,EUR,Spanish Unemployment Change,2018,3,08:00x3
ff_clean,EUR,Spanish Unemployment Change,2020,1,07:00x1
ff_clean,EUR,Spanish Unemployment Change,2021,6,07:00x2; 19:30x2; 08:00x2
ff_clean,EUR,Spanish Unemployment Change,2022,6,07:00x3; 08:00x2; 08:02x1
ff_clean,EUR,Spanish Unemployment Rate,2015,4,07:00x2; 08:00x1; 19:30x1
ff_clean,EUR,Spanish Unemployment Rate,2016,4,07:00x2; 08:00x1; 19:30x1
ff_clean,EUR,Spanish Unemployment Rate,2017,4,07:00x2; 08:00x1; 19:30x1
ff_clean,EUR,Spanish Unemployment Rate,2018,4,07:00x3; 08:00x1
ff_clean,EUR,Spanish Unemployment Rate,2019,4,07:00x3; 08:00x1
ff_clean,EUR,Spanish Unemployment Rate,2020,3,07:00x2; 08:00x1
ff_clean,EUR,Unemployment Rate,2015,12,20:30x5; 19:30x5; 09:00x1; 10:00x1
ff_clean,EUR,Unemployment Rate,2016,4,10:00x3; 09:00x1
ff_clean,EUR,ZEW Economic Sentiment,2015,12,20:30x6; 19:30x6
ff_clean,EUR,ZEW Economic Sentiment,2016,10,19:30x7; 20:30x3
ff_clean,EUR,ZEW Economic Sentiment,2021,7,09:00x5; 20:30x1; 10:00x1
ff_clean,EUR,ZEW Economic Sentiment,2022,4,10:00x3; 09:00x1
ff_clean,GBP,Annual Budget Release,2015,2,20:30x1; 11:30x1
ff_clean,GBP,Annual Budget Release,2016,1,20:30x1
ff_clean,GBP,Annual Budget Release,2017,1,12:30x1
ff_clean,GBP,Annual Budget Release,2018,1,12:30x1
ff_clean,GBP,Annual Budget Release,2019,1,12:42x1
ff_clean,GBP,Annual Budget Release,2020,1,20:30x1
ff_clean,GBP,Annual Budget Release,2021,2,12:35x1; 11:34x1
ff_clean,GBP,Annual Budget Release,2022,1,12:43x1
ff_clean,GBP,Annual Budget Release,2023,1,12:30x1
ff_clean,GBP,Annual Budget Release,2024,1,12:34x1
ff_clean,GBP,Annual Budget Release,2025,1,11:30x1
ff_clean,GBP,Asset Purchase Facility,2015,12,20:30x6; 19:30x6
ff_clean,GBP,Asset Purchase Facility,2016,11,19:30x6; 20:30x5
ff_clean,GBP,Asset Purchase Facility,2017,7,19:30x4; 20:30x3
ff_clean,GBP,Asset Purchase Facility,2018,3,19:30x3
ff_clean,GBP,Asset Purchase Facility,2019,5,19:30x4; 20:30x1
ff_clean,GBP,Asset Purchase Facility,2020,2,11:00x1; 20:30x1
ff_clean,GBP,Asset Purchase Facility,2021,7,11:00x4; 12:00x3
ff_clean,GBP,Asset Purchase Facility,2022,1,12:00x1
ff_clean,GBP,Autumn Forecast Statement,2015,1,12:30x1
ff_clean,GBP,Autumn Forecast Statement,2016,1,12:30x1
ff_clean,GBP,Autumn Forecast Statement,2017,1,12:30x1
ff_clean,GBP,Autumn Forecast Statement,2018,1,15:25x1
ff_clean,GBP,Autumn Forecast Statement,2020,1,12:45x1
ff_clean,GBP,Autumn Forecast Statement,2021,1,20:30x1
ff_clean,GBP,Autumn Forecast Statement,2022,1,11:32x1
ff_clean,GBP,Autumn Forecast Statement,2023,1,12:35x1
ff_clean,GBP,Autumn Forecast Statement,2024,1,12:33x1
ff_clean,GBP,Average Earnings Index 3m/y,2015,12,08:30x7; 09:30x5
ff_clean,GBP,Average Earnings Index 3m/y,2016,12,08:30x7; 09:30x5
ff_clean,GBP,Average Earnings Index 3m/y,2017,12,08:30x7; 09:30x5
ff_clean,GBP,Average Earnings Index 3m/y,2018,12,08:30x7; 09:30x5
ff_clean,GBP,Average Earnings Index 3m/y,2019,12,08:30x5; 09:30x4; 09:18x1; 19:30x1
ff_clean,GBP,Average Earnings Index 3m/y,2020,3,09:30x3
ff_clean,GBP,Average Earnings Index 3m/y,2022,3,20:30x2; 06:00x1
ff_clean,GBP,Average Earnings Index 3m/y,2023,12,19:30x6; 20:30x5; 06:00x1
ff_clean,GBP,Average Earnings Index 3m/y,2024,12,20:30x6; 19:30x6
ff_clean,GBP,Average Earnings Index 3m/y,2025,3,20:30x3
ff_clean,GBP,Average Earnings Index 3m/y,2026,2,06:00x2
ff_clean,GBP,BOE Credit Conditions Survey,2015,4,20:30x2; 08:30x2
ff_clean,GBP,BOE Credit Conditions Survey,2016,4,08:30x3; 09:30x1
ff_clean,GBP,BOE Credit Conditions Survey,2017,4,08:30x3; 09:30x1
ff_clean,GBP,BOE Credit Conditions Survey,2018,4,08:30x3; 09:30x1
ff_clean,GBP,BOE Credit Conditions Survey,2019,4,19:30x2; 09:30x1; 20:30x1
ff_clean,GBP,BOE Credit Conditions Survey,2020,3,08:30x2; 09:30x1
ff_clean,GBP,BOE Financial Stability Report,2015,2,19:30x1; 20:30x1
ff_clean,GBP,BOE Financial Stability Report,2016,2,09:30x1; 20:30x1
ff_clean,GBP,BOE Financial Stability Report,2017,2,09:30x1; 20:30x1
ff_clean,GBP,BOE Financial Stability Report,2018,2,09:30x1; 20:30x1
ff_clean,GBP,BOE Financial Stability Report,2019,2,09:30x1; 20:30x1
ff_clean,GBP,BOE Gov Bailey Speaks,2020,27,13:30x3; 14:00x3; 09:00x2; 16:00x2
ff_clean,GBP,BOE Gov Bailey Speaks,2021,37,19:30x5; 20:30x4; 17:00x4; 16:00x4
ff_clean,GBP,BOE Gov Bailey Speaks,2022,22,14:15x2; 17:00x2; 11:00x2; 11:30x2
ff_clean,GBP,BOE Gov Bailey Speaks,2023,27,13:00x3; 15:00x2; 12:30x2; 12:00x2
ff_clean,GBP,BOE Gov Bailey Speaks,2024,21,15:00x3; 12:30x2; 16:00x2; 10:30x2
ff_clean,GBP,BOE Gov Bailey Speaks,2025,6,14:15x1; 12:30x1; 21:05x1; 12:15x1
ff_clean,GBP,BOE Gov Bailey Speaks,2026,2,11:30x1; 08:50x1
ff_clean,GBP,BOE Gov Carney Speaks,2015,28,14:15x2; 10:00x2; 12:45x2; 09:30x2
ff_clean,GBP,BOE Gov Carney Speaks,2016,23,12:00x2; 10:00x2; 12:30x2; 19:30x2
ff_clean,GBP,BOE Gov Carney Speaks,2017,27,14:00x3; 18:30x2; 12:30x2; 11:30x2
ff_clean,GBP,BOE Gov Carney Speaks,2018,26,20:30x2; 14:00x2; 10:00x2; 15:30x1
ff_clean,GBP,BOE Gov Carney Speaks,2019,28,13:00x3; 12:30x2; 10:00x2; 11:30x2
ff_clean,GBP,BOE Gov Carney Speaks,2020,5,09:30x1; 12:30x1; 15:35x1; 17:00x1
ff_clean,GBP,BOE Inflation Letter,2015,4,20:30x2; 19:30x2
ff_clean,GBP,BOE Inflation Letter,2016,1,20:30x1
ff_clean,GBP,BOE Inflation Letter,2018,1,20:30x1
ff_clean,GBP,BOE Inflation Letter,2020,2,11:20x1; 19:30x1
ff_clean,GBP,BOE Inflation Letter,2021,3,20:30x2; 19:30x1
ff_clean,GBP,BOE Inflation Letter,2022,4,20:30x3; 19:30x1
ff_clean,GBP,BOE Monetary Policy Report,2015,4,20:30x1; 19:30x1; 11:00x1; 12:00x1
ff_clean,GBP,BOE Monetary Policy Report,2016,4,12:00x2; 11:00x2
ff_clean,GBP,BOE Monetary Policy Report,2017,4,12:00x2; 11:00x2
ff_clean,GBP,BOE Monetary Policy Report,2018,4,12:00x2; 11:00x2
ff_clean,GBP,BOE Monetary Policy Report,2019,4,12:00x2; 11:00x2
ff_clean,GBP,BOE Monetary Policy Report,2020,4,19:30x2; 12:00x1; 20:30x1
ff_clean,GBP,BOE Monetary Policy Report,2021,4,20:30x2; 19:30x2
ff_clean,GBP,BOE Monetary Policy Report,2022,4,11:00x2; 20:30x1; 12:00x1
ff_clean,GBP,BOE Monetary Policy Report,2023,4,12:00x2; 10:00x2
ff_clean,GBP,BOE Monetary Policy Report,2024,4,12:00x2; 10:00x2
ff_clean,GBP,BOE Monetary Policy Report,2025,1,12:00x1
ff_clean,GBP,BOE Monetary Policy Report,2026,1,11:00x1
ff_clean,GBP,Bank Stress Test Results,2015,1,07:00x1
ff_clean,GBP,Bank Stress Test Results,2016,1,20:30x1
ff_clean,GBP,Bank Stress Test Results,2017,1,20:30x1
ff_clean,GBP,Bank Stress Test Results,2018,1,16:40x1
ff_clean,GBP,Bank Stress Test Results,2019,1,17:00x1
ff_clean,GBP,Bank Stress Test Results,2021,1,17:00x1
ff_clean,GBP,CBI Industrial Order Expectations,2015,4,11:00x2; 19:30x1; 10:00x1
ff_clean,GBP,CBI Realized Sales,2015,3,11:00x3
ff_clean,GBP,CPI y/y,2015,12,08:30x7; 09:30x5
ff_clean,GBP,CPI y/y,2016,12,08:30x7; 09:30x5
ff_clean,GBP,CPI y/y,2017,12,08:30x7; 09:30x5
ff_clean,GBP,CPI y/y,2018,12,08:30x7; 09:30x5
ff_clean,GBP,CPI y/y,2019,12,08:30x7; 09:30x5
ff_clean,GBP,CPI y/y,2020,9,06:00x6; 09:30x2; 07:00x1
ff_clean,GBP,CPI y/y,2021,11,06:00x6; 07:00x4; 20:30x1
ff_clean,GBP,CPI y/y,2022,12,06:00x6; 07:00x4; 20:30x1; 19:30x1
ff_clean,GBP,CPI y/y,2023,12,05:00x4; 07:00x2; 06:00x2; 20:30x2
ff_clean,GBP,CPI y/y,2024,12,05:00x6; 07:00x3; 20:30x2; 06:00x1
ff_clean,GBP,CPI y/y,2025,3,20:30x1; 07:00x1; 06:00x1
ff_clean,GBP,CPI y/y,2026,2,06:00x2
ff_clean,GBP,Claimant Count Change,2015,12,20:30x6; 19:30x6
ff_clean,GBP,Claimant Count Change,2016,12,20:30x6; 19:30x6
ff_clean,GBP,Claimant Count Change,2017,12,20:30x6; 19:30x6
ff_clean,GBP,Claimant Count Change,2018,9,19:30x6; 20:30x3
ff_clean,GBP,Claimant Count Change,2020,7,06:00x5; 19:30x2
ff_clean,GBP,Claimant Count Change,2021,2,07:00x1; 06:02x1
ff_clean,GBP,Claimant Count Change,2022,3,20:30x3
ff_clean,GBP,Claimant Count Change,2023,12,20:30x4; 05:00x3; 19:30x3; 07:00x2
ff_clean,GBP,Claimant Count Change,2024,12,20:30x4; 19:30x4; 07:00x2; 05:00x2
ff_clean,GBP,Claimant Count Change,2025,3,07:00x2; 20:30x1
ff_clean,GBP,Claimant Count Change,2026,2,06:00x2
ff_clean,GBP,Construction PMI,2015,12,08:30x7; 09:30x4; 20:30x1
ff_clean,GBP,Construction PMI,2016,12,09:30x5; 08:30x5; 19:30x2
ff_clean,GBP,Construction PMI,2017,12,08:30x6; 09:30x4; 19:30x1; 20:30x1
ff_clean,GBP,Construction PMI,2018,12,08:30x6; 09:30x5; 19:30x1
ff_clean,GBP,Construction PMI,2022,1,08:30x1
ff_clean,GBP,Construction PMI,2023,3,08:30x1; 20:30x1; 09:30x1
ff_clean,GBP,Construction PMI,2024,12,07:30x6; 09:30x5; 08:30x1
ff_clean,GBP,Construction PMI,2025,4,09:30x3; 07:30x1
ff_clean,GBP,Current Account,2015,4,08:30x3; 09:30x1
ff_clean,GBP,Current Account,2016,4,08:30x3; 09:30x1
ff_clean,GBP,Current Account,2017,4,08:30x3; 09:30x1
ff_clean,GBP,Current Account,2018,4,08:30x3; 09:30x1
ff_clean,GBP,Current Account,2019,4,09:30x2; 08:30x2
ff_clean,GBP,Current Account,2020,1,19:30x1
ff_clean,GBP,EU Membership Court Ruling,2016,1,20:30x1
ff_clean,GBP,EU Membership Court Ruling,2017,1,09:30x1
ff_clean,GBP,EU Membership Vote,2016,1,19:29x1
ff_clean,GBP,FPC Statement,2015,2,19:30x2
ff_clean,GBP,Final GDP q/q,2015,4,19:30x2; 20:30x2
ff_clean,GBP,Final GDP q/q,2016,4,19:30x2; 20:30x2
ff_clean,GBP,Final GDP q/q,2017,4,19:30x2; 20:30x2
ff_clean,GBP,Final GDP q/q,2018,4,19:30x2; 20:30x2
ff_clean,GBP,Final GDP q/q,2019,4,19:30x2; 20:30x2
ff_clean,GBP,Final GDP q/q,2021,1,06:00x1
ff_clean,GBP,Final Manufacturing PMI,2015,12,08:30x7; 09:30x5
ff_clean,GBP,Final Manufacturing PMI,2016,13,08:30x8; 09:30x5
ff_clean,GBP,Final Manufacturing PMI,2017,12,08:30x7; 09:30x5
ff_clean,GBP,Final Manufacturing PMI,2018,12,08:30x7; 09:30x5
ff_clean,GBP,Final Manufacturing PMI,2019,12,08:30x7; 09:30x5
ff_clean,GBP,Final Manufacturing PMI,2020,6,09:30x5; 08:30x1
ff_clean,GBP,Final Manufacturing PMI,2021,4,09:30x3; 08:30x1
ff_clean,GBP,Final Services PMI,2015,12,09:30x5; 08:30x5; 19:30x1; 20:30x1
ff_clean,GBP,Final Services PMI,2016,13,08:30x6; 09:30x4; 19:30x2; 20:30x1
ff_clean,GBP,Final Services PMI,2017,12,08:30x7; 09:30x5
ff_clean,GBP,Final Services PMI,2018,12,08:30x7; 20:30x3; 09:30x2
ff_clean,GBP,Final Services PMI,2019,12,08:30x6; 09:30x5; 19:30x1
ff_clean,GBP,Final Services PMI,2020,6,08:30x4; 09:30x2
ff_clean,GBP,Final Services PMI,2021,2,09:30x1; 08:30x1
ff_clean,GBP,Flash Manufacturing PMI,2019,2,09:30x2
ff_clean,GBP,Flash Manufacturing PMI,2020,12,08:30x7; 09:30x4; 20:30x1
ff_clean,GBP,Flash Manufacturing PMI,2021,12,08:30x6; 09:30x4; 20:30x2
ff_clean,GBP,Flash Manufacturing PMI,2022,12,08:30x7; 09:30x5
ff_clean,GBP,Flash Manufacturing PMI,2023,12,07:30x5; 09:30x4; 08:30x3
ff_clean,GBP,Flash Manufacturing PMI,2024,12,07:30x5; 09:30x4; 08:30x3
ff_clean,GBP,Flash Manufacturing PMI,2025,3,09:30x2; 08:30x1
ff_clean,GBP,Flash Manufacturing PMI,2026,2,08:30x2
ff_clean,GBP,Flash Services PMI,2019,2,20:30x2
ff_clean,GBP,Flash Services PMI,2020,12,20:30x6; 19:30x6
ff_clean,GBP,Flash Services PMI,2021,12,19:30x6; 20:30x5; 09:30x1
ff_clean,GBP,Flash Services PMI,2022,12,20:30x6; 19:30x6
ff_clean,GBP,Flash Services PMI,2023,12,20:30x6; 19:30x6
ff_clean,GBP,Flash Services PMI,2024,12,20:30x6; 19:30x6
ff_clean,GBP,Flash Services PMI,2025,3,20:30x2; 19:30x1
ff_clean,GBP,Flash Services PMI,2026,2,08:30x2
ff_clean,GBP,GDP m/m,2018,6,08:30x3; 19:30x1; 09:30x1; 20:30x1
ff_clean,GBP,GDP m/m,2019,12,08:30x6; 09:30x4; 19:30x1; 20:30x1
ff_clean,GBP,GDP m/m,2020,8,19:30x3; 09:30x2; 06:00x2; 20:30x1
ff_clean,GBP,GDP m/m,2022,6,06:00x3; 19:30x1; 20:30x1; 07:00x1
ff_clean,GBP,GDP m/m,2023,12,07:00x4; 05:00x4; 19:30x2; 20:30x1
ff_clean,GBP,GDP m/m,2024,12,20:30x4; 19:30x3; 05:00x3; 07:00x2
ff_clean,GBP,GDP m/m,2025,3,20:30x3
ff_clean,GBP,GDP m/m,2026,1,06:00x1
ff_clean,GBP,Goods Trade Balance,2015,12,08:30x6; 09:30x3; 20:30x2; 19:30x1
ff_clean,GBP,Goods Trade Balance,2016,12,09:30x5; 08:30x4; 19:30x2; 20:30x1
ff_clean,GBP,Goods Trade Balance,2017,12,20:30x6; 19:30x6
ff_clean,GBP,Goods Trade Balance,2018,9,19:30x6; 20:30x3
ff_clean,GBP,Govt Confidence Vote,2019,1,19:15x1
ff_clean,GBP,Govt Confidence Vote,2022,1,20:00x1
ff_clean,GBP,Halifax HPI m/m,2015,12,07:00x6; 08:00x4; 07:58x1; 06:59x1
ff_clean,GBP,Halifax HPI m/m,2016,12,07:30x7; 08:30x4; 20:30x1
ff_clean,GBP,Halifax HPI m/m,2017,12,07:30x7; 08:30x4; 20:30x1
ff_clean,GBP,Halifax HPI m/m,2018,8,07:30x5; 08:30x3
ff_clean,GBP,High Street Lending,2015,2,20:30x1; 09:30x1
ff_clean,GBP,MPC Asset Purchase Facility Votes,2015,12,20:30x6; 19:30x6
ff_clean,GBP,MPC Asset Purchase Facility Votes,2016,11,20:30x5; 19:30x5; 11:04x1
ff_clean,GBP,MPC Asset Purchase Facility Votes,2017,8,20:30x4; 19:30x4
ff_clean,GBP,MPC Asset Purchase Facility Votes,2018,4,19:30x3; 20:30x1
ff_clean,GBP,MPC Asset Purchase Facility Votes,2019,5,19:30x4; 20:30x1
ff_clean,GBP,MPC Asset Purchase Facility Votes,2020,5,19:30x2; 20:30x2; 11:02x1
ff_clean,GBP,MPC Asset Purchase Facility Votes,2021,8,20:30x5; 19:30x3
ff_clean,GBP,MPC Asset Purchase Facility Votes,2022,1,20:30x1
ff_clean,GBP,MPC Member Broadbent Speaks,2015,2,09:15x1; 16:00x1
ff_clean,GBP,MPC Member Broadbent Speaks,2016,4,20:30x1; 14:05x1; 14:45x1; 09:10x1
ff_clean,GBP,MPC Member Broadbent Speaks,2017,4,19:30x1; 12:30x1; 13:45x1; 13:00x1
ff_clean,GBP,MPC Member Broadbent Speaks,2018,5,17:00x2; 06:30x1; 07:50x1; 14:35x1
ff_clean,GBP,MPC Member Broadbent Speaks,2019,4,09:30x1; 11:00x1; 16:30x1; 12:15x1
ff_clean,GBP,MPC Member Broadbent Speaks,2020,3,20:30x1; 18:00x1; 14:30x1
ff_clean,GBP,MPC Member Broadbent Speaks,2021,6,11:15x2; 10:00x1; 08:30x1; 15:30x1
ff_clean,GBP,MPC Member Broadbent Speaks,2022,2,12:15x1; 08:10x1
ff_clean,GBP,MPC Member Broadbent Speaks,2023,1,20:30x1
ff_clean,GBP,MPC Member Cunliffe Speaks,2015,5,07:45x1; 18:00x1; 07:00x1; 08:20x1
ff_clean,GBP,MPC Member Cunliffe Speaks,2016,11,12:00x2; 20:30x2; 14:00x2; 08:55x1
ff_clean,GBP,MPC Member Cunliffe Speaks,2017,4,13:00x1; 11:00x1; 09:45x1; 17:30x1
ff_clean,GBP,MPC Member Cunliffe Speaks,2018,6,16:45x1; 16:30x1; 10:00x1; 11:30x1
ff_clean,GBP,MPC Member Cunliffe Speaks,2019,4,12:15x1; 08:00x1; 12:10x1; 21:15x1
ff_clean,GBP,MPC Member Cunliffe Speaks,2020,1,14:30x1
ff_clean,GBP,MPC Member Forbes Speaks,2015,4,09:10x1; 17:30x1; 11:30x1; 10:30x1
ff_clean,GBP,MPC Member Forbes Speaks,2016,6,13:30x1; 12:00x1; 13:00x1; 11:45x1
ff_clean,GBP,MPC Member Haldane Speaks,2015,7,17:00x2; 15:15x1; 08:00x1; 11:00x1
ff_clean,GBP,MPC Member Haldane Speaks,2016,9,17:00x3; 17:45x1; 09:10x1; 19:30x1
ff_clean,GBP,MPC Member Haldane Speaks,2017,11,17:30x2; 13:00x1; 18:20x1; 21:00x1
ff_clean,GBP,MPC Member Haldane Speaks,2018,9,09:00x2; 18:15x1; 16:00x1; 13:30x1
ff_clean,GBP,MPC Member Haldane Speaks,2019,3,16:30x1; 12:20x1; 08:20x1
ff_clean,GBP,MPC Member Haldane Speaks,2020,1,18:30x1
ff_clean,GBP,MPC Member Haskel Speaks,2018,1,09:00x1
ff_clean,GBP,MPC Member Haskel Speaks,2019,3,13:00x1; 17:30x1; 11:00x1
ff_clean,GBP,MPC Member Haskel Speaks,2020,4,11:00x2; 20:30x1; 17:00x1
ff_clean,GBP,MPC Member Haskel Speaks,2021,2,19:30x1; 11:00x1
ff_clean,GBP,MPC Member Hogg Speaks,2017,2,09:15x1; 11:30x1
ff_clean,GBP,MPC Member Mann Speaks,2022,2,15:30x1; 18:00x1
ff_clean,GBP,MPC Member McCafferty Speaks,2015,3,18:30x1; 10:00x1; 09:45x1
ff_clean,GBP,MPC Member McCafferty Speaks,2016,1,13:00x1
ff_clean,GBP,MPC Member McCafferty Speaks,2017,1,16:00x1
ff_clean,GBP,MPC Member McCafferty Speaks,2018,3,16:30x1; 16:00x1; 09:30x1
ff_clean,GBP,MPC Member Miles Speaks,2015,2,09:00x1; 17:00x1
ff_clean,GBP,MPC Member Pill Speaks,2022,4,18:00x1; 07:30x1; 11:15x1; 11:35x1
ff_clean,GBP,MPC Member Pill Speaks,2024,1,15:15x1
ff_clean,GBP,MPC Member Ramsden Speaks,2017,3,08:15x1; 18:30x1; 14:45x1
ff_clean,GBP,MPC Member Ramsden Speaks,2018,5,12:00x1; 17:00x1; 15:00x1; 13:20x1
ff_clean,GBP,MPC Member Ramsden Speaks,2019,3,07:40x1; 08:15x1; 19:30x1
ff_clean,GBP,MPC Member Ramsden Speaks,2020,1,12:10x1
ff_clean,GBP,MPC Member Saunders Speaks,2016,1,20:30x1
ff_clean,GBP,MPC Member Saunders Speaks,2017,3,20:30x1; 11:45x1; 07:25x1
ff_clean,GBP,MPC Member Saunders Speaks,2018,3,11:45x1; 09:30x1; 20:55x1
ff_clean,GBP,MPC Member Saunders Speaks,2019,3,17:30x1; 17:00x1; 07:00x1
ff_clean,GBP,MPC Member Saunders Speaks,2020,4,09:30x2; 08:40x1; 10:00x1
ff_clean,GBP,MPC Member Saunders Speaks,2021,4,12:00x1; 10:00x1; 07:30x1; 11:00x1
ff_clean,GBP,MPC Member Saunders Speaks,2022,3,18:30x1; 13:00x1; 09:00x1
ff_clean,GBP,MPC Member Shafik Speaks,2015,6,17:30x1; 09:00x1; 09:45x1; 18:00x1
ff_clean,GBP,MPC Member Shafik Speaks,2016,6,19:30x1; 20:00x1; 14:30x1; 08:05x1
ff_clean,GBP,MPC Member Shafik Speaks,2017,1,20:00x1
ff_clean,GBP,MPC Member Tenreyro Speaks,2017,1,09:15x1
ff_clean,GBP,MPC Member Tenreyro Speaks,2018,4,18:15x1; 17:00x1; 10:40x1; 13:00x1
ff_clean,GBP,MPC Member Tenreyro Speaks,2019,10,12:00x2; 20:30x1; 09:00x1; 19:30x1
ff_clean,GBP,MPC Member Tenreyro Speaks,2021,1,16:00x1
ff_clean,GBP,MPC Member Tenreyro Speaks,2022,1,15:00x1
ff_clean,GBP,MPC Member Vlieghe Speaks,2015,1,20:30x1
ff_clean,GBP,MPC Member Vlieghe Speaks,2016,1,17:00x1
ff_clean,GBP,MPC Member Vlieghe Speaks,2017,2,12:30x1; 08:50x1
ff_clean,GBP,MPC Member Vlieghe Speaks,2018,6,09:50x1; 19:30x1; 08:15x1; 08:40x1
ff_clean,GBP,MPC Member Vlieghe Speaks,2019,3,09:30x1; 19:30x1; 12:30x1
ff_clean,GBP,MPC Member Vlieghe Speaks,2020,1,09:30x1
ff_clean,GBP,MPC Member Vlieghe Speaks,2021,1,11:00x1
ff_clean,GBP,MPC Member Weale Speaks,2015,4,15:00x1; 23:00x1; 13:00x1; 15:35x1
ff_clean,GBP,MPC Member Weale Speaks,2016,3,17:00x1; 12:30x1; 08:15x1
ff_clean,GBP,MPC Official Bank Rate Votes,2015,12,20:30x6; 08:30x3; 19:30x3
ff_clean,GBP,MPC Official Bank Rate Votes,2016,11,19:30x6; 20:30x5
ff_clean,GBP,MPC Official Bank Rate Votes,2017,8,20:30x4; 19:30x4
ff_clean,GBP,MPC Official Bank Rate Votes,2018,8,19:30x5; 20:30x3
ff_clean,GBP,MPC Official Bank Rate Votes,2019,8,20:30x4; 19:30x4
ff_clean,GBP,MPC Official Bank Rate Votes,2020,10,20:30x5; 19:30x5
ff_clean,GBP,MPC Official Bank Rate Votes,2021,8,20:30x5; 19:30x3
ff_clean,GBP,MPC Official Bank Rate Votes,2022,8,20:30x5; 19:30x3
ff_clean,GBP,MPC Official Bank Rate Votes,2023,8,19:30x5; 20:30x3
ff_clean,GBP,MPC Official Bank Rate Votes,2024,8,19:30x5; 20:30x3
ff_clean,GBP,MPC Official Bank Rate Votes,2025,2,20:30x2
ff_clean,GBP,MPC Official Bank Rate Votes,2026,1,11:00x1
ff_clean,GBP,Manufacturing Production m/m,2015,12,08:30x7; 09:30x5
ff_clean,GBP,Manufacturing Production m/m,2016,12,08:30x7; 09:30x5
ff_clean,GBP,Manufacturing Production m/m,2017,12,08:30x6; 09:30x5; 19:30x1
ff_clean,GBP,Manufacturing Production m/m,2018,12,09:30x3; 08:30x3; 19:30x3; 20:30x3
ff_clean,GBP,Manufacturing Production m/m,2019,12,20:30x6; 19:30x6
ff_clean,GBP,Manufacturing Production m/m,2020,5,20:30x3; 06:02x1; 19:30x1
ff_clean,GBP,Monetary Policy Report Hearings,2015,4,20:30x1; 09:15x1; 13:15x1; 10:00x1
ff_clean,GBP,Monetary Policy Report Hearings,2016,4,10:00x1; 19:30x1; 13:15x1; 20:30x1
ff_clean,GBP,Monetary Policy Report Hearings,2017,2,10:00x2
ff_clean,GBP,Monetary Policy Report Hearings,2018,4,14:15x1; 09:00x1; 12:15x1; 10:00x1
ff_clean,GBP,Monetary Policy Report Hearings,2019,4,20:30x1; 10:00x1; 09:15x1; 13:15x1
ff_clean,GBP,Monetary Policy Report Hearings,2020,2,09:30x1; 15:30x1
ff_clean,GBP,Monetary Policy Report Hearings,2021,4,14:30x3; 15:00x1
ff_clean,GBP,Monetary Policy Report Hearings,2022,4,14:15x2; 09:30x1; 19:30x1
ff_clean,GBP,Monetary Policy Report Hearings,2023,5,08:15x2; 09:45x1; 12:15x1; 10:15x1
ff_clean,GBP,Monetary Policy Report Hearings,2024,2,10:15x1; 20:30x1
ff_clean,GBP,Monetary Policy Report Hearings,2025,1,14:30x1
ff_clean,GBP,Monetary Policy Summary,2015,5,11:00x2; 19:30x1; 20:30x1; 12:00x1
ff_clean,GBP,Monetary Policy Summary,2016,11,11:00x4; 12:00x3; 20:30x2; 19:30x2
ff_clean,GBP,Monetary Policy Summary,2017,8,20:30x2; 12:00x2; 19:30x2; 11:00x2
ff_clean,GBP,Monetary Policy Summary,2018,8,20:30x2; 12:00x2; 19:30x2; 11:00x2
ff_clean,GBP,Monetary Policy Summary,2019,8,20:30x2; 12:00x2; 19:30x2; 11:00x2
ff_clean,GBP,Monetary Policy Summary,2020,10,19:30x3; 20:30x2; 12:00x2; 07:00x1
ff_clean,GBP,Monetary Policy Summary,2021,8,20:30x4; 19:30x3; 12:00x1
ff_clean,GBP,Monetary Policy Summary,2022,8,20:30x2; 12:00x2; 19:30x2; 11:00x2
ff_clean,GBP,Monetary Policy Summary,2023,8,20:30x2; 19:30x2; 10:00x2; 11:00x1
ff_clean,GBP,Monetary Policy Summary,2024,8,20:30x2; 19:30x2; 10:00x2; 11:00x1
ff_clean,GBP,Monetary Policy Summary,2025,2,20:30x1; 12:00x1
ff_clean,GBP,Monetary Policy Summary,2026,1,11:00x1
ff_clean,GBP,NIESR GDP Estimate,2015,12,14:00x6; 14:49x1; 14:35x1; 14:57x1
ff_clean,GBP,Nationwide HPI m/m,2015,3,07:00x1; 06:49x1; 19:30x1
ff_clean,GBP,Net Lending to Individuals m/m,2015,12,08:30x4; 09:30x3; 19:30x3; 20:30x2
ff_clean,GBP,Net Lending to Individuals m/m,2016,12,08:30x5; 09:30x3; 20:30x2; 19:30x2
ff_clean,GBP,Net Lending to Individuals m/m,2017,12,08:30x5; 20:30x3; 09:30x3; 19:30x1
ff_clean,GBP,Net Lending to Individuals m/m,2018,11,20:30x3; 09:30x3; 19:30x3; 08:30x2
ff_clean,GBP,Net Lending to Individuals m/m,2019,5,20:30x2; 19:30x2; 09:30x1
ff_clean,GBP,Official Bank Rate,2015,12,11:00x4; 12:00x3; 20:30x3; 19:30x2
ff_clean,GBP,Official Bank Rate,2016,11,19:30x6; 20:30x5
ff_clean,GBP,Official Bank Rate,2017,8,20:30x4; 19:30x4
ff_clean,GBP,Official Bank Rate,2018,8,19:30x5; 20:30x3
ff_clean,GBP,Official Bank Rate,2019,8,20:30x4; 19:30x4
ff_clean,GBP,Official Bank Rate,2020,10,20:30x5; 19:30x5
ff_clean,GBP,Official Bank Rate,2021,8,20:30x5; 19:30x3
ff_clean,GBP,Official Bank Rate,2022,8,20:30x5; 19:30x3
ff_clean,GBP,Official Bank Rate,2023,8,19:30x5; 20:30x3
ff_clean,GBP,Official Bank Rate,2024,8,19:30x5; 20:30x3
ff_clean,GBP,Official Bank Rate,2025,2,20:30x2
ff_clean,GBP,Official Bank Rate,2026,1,11:00x1
ff_clean,GBP,PPI Input m/m,2015,12,19:30x7; 20:30x5
ff_clean,GBP,PPI Input m/m,2016,12,19:30x7; 20:30x5
ff_clean,GBP,PPI Input m/m,2017,12,20:30x6; 19:30x6
ff_clean,GBP,PPI Input m/m,2018,12,20:30x6; 19:30x6
ff_clean,GBP,PPI Input m/m,2019,11,19:30x6; 20:30x5
ff_clean,GBP,PPI Input m/m,2020,3,20:30x2; 07:02x1
ff_clean,GBP,Parliament Brexit Vote,2019,11,19:39x1; 19:22x1; 19:16x1; 18:23x1
ff_clean,GBP,Parliamentary Elections,2015,1,19:29x1
ff_clean,GBP,Parliamentary Elections,2017,1,19:29x1
ff_clean,GBP,Parliamentary Elections,2019,1,20:29x1
ff_clean,GBP,Parliamentary Elections,2024,1,19:29x1
ff_clean,GBP,Prelim Business Investment q/q,2015,4,20:30x2; 19:30x2
ff_clean,GBP,Prelim Business Investment q/q,2016,4,20:30x2; 19:30x2
ff_clean,GBP,Prelim Business Investment q/q,2017,4,20:30x2; 19:30x2
ff_clean,GBP,Prelim Business Investment q/q,2018,4,20:30x2; 19:30x2
ff_clean,GBP,Prelim Business Investment q/q,2019,2,20:30x1; 19:30x1
ff_clean,GBP,Prelim GDP q/q,2015,4,09:30x2; 08:30x2
ff_clean,GBP,Prelim GDP q/q,2016,4,08:30x3; 09:30x1
ff_clean,GBP,Prelim GDP q/q,2017,4,08:30x3; 09:30x1
ff_clean,GBP,Prelim GDP q/q,2018,4,09:30x1; 08:30x1; 19:30x1; 20:30x1
ff_clean,GBP,Prelim GDP q/q,2019,4,19:30x2; 20:30x1; 09:30x1
ff_clean,GBP,Prelim GDP q/q,2020,4,09:30x1; 06:00x1; 19:30x1; 20:30x1
ff_clean,GBP,Prelim GDP q/q,2021,4,07:00x2; 19:30x1; 06:00x1
ff_clean,GBP,Prelim GDP q/q,2022,4,20:30x2; 06:00x1; 19:30x1
ff_clean,GBP,Prelim GDP q/q,2023,4,20:30x2; 19:30x2
ff_clean,GBP,Prelim GDP q/q,2024,4,20:30x2; 19:30x2
ff_clean,GBP,Prelim GDP q/q,2025,1,20:30x1
ff_clean,GBP,Prelim GDP q/q,2026,1,06:00x1
ff_clean,GBP,Prime Minister Johnson Speaks,2019,3,10:30x2; 20:00x1
ff_clean,GBP,Prime Minister May Speaks,2017,7,11:45x1; 10:05x1; 14:00x1; 18:00x1
ff_clean,GBP,Prime Minister May Speaks,2018,5,13:43x1; 13:03x1; 14:34x1; 12:39x1
ff_clean,GBP,Prime Minister May Speaks,2019,3,15:35x1; 20:15x1; 15:00x1
ff_clean,GBP,Public Sector Net Borrowing,2015,12,08:30x6; 09:30x4; 20:30x1; 19:30x1
ff_clean,GBP,Public Sector Net Borrowing,2016,12,08:30x5; 19:30x3; 20:30x2; 09:30x2
ff_clean,GBP,Public Sector Net Borrowing,2017,12,08:30x7; 09:30x3; 20:30x2
ff_clean,GBP,Public Sector Net Borrowing,2018,12,08:30x7; 20:30x3; 09:30x2
ff_clean,GBP,Public Sector Net Borrowing,2019,8,08:30x4; 20:30x2; 09:30x1; 19:30x1
ff_clean,GBP,Public Sector Net Borrowing,2020,1,06:00x1
ff_clean,GBP,RPI y/y,2015,12,19:30x7; 20:30x5
ff_clean,GBP,RPI y/y,2016,12,19:30x7; 20:30x5
ff_clean,GBP,RPI y/y,2017,12,20:30x6; 19:30x6
ff_clean,GBP,RPI y/y,2018,10,20:30x5; 19:30x5
ff_clean,GBP,RPI y/y,2019,4,20:30x3; 19:30x1
ff_clean,GBP,Retail Sales m/m,2015,12,08:30x7; 09:30x5
ff_clean,GBP,Retail Sales m/m,2016,12,08:30x7; 09:30x5
ff_clean,GBP,Retail Sales m/m,2017,12,08:30x7; 09:30x4; 20:30x1
ff_clean,GBP,Retail Sales m/m,2018,12,08:30x7; 09:30x4; 09:29x1
ff_clean,GBP,Retail Sales m/m,2019,12,08:30x7; 09:30x5
ff_clean,GBP,Retail Sales m/m,2020,10,19:30x3; 06:00x3; 09:30x2; 20:30x2
ff_clean,GBP,Retail Sales m/m,2021,12,06:00x5; 20:30x3; 07:00x2; 19:30x2
ff_clean,GBP,Retail Sales m/m,2022,12,07:00x5; 06:00x5; 19:30x2
ff_clean,GBP,Retail Sales m/m,2023,12,05:00x5; 20:30x4; 06:00x2; 07:00x1
ff_clean,GBP,Retail Sales m/m,2024,12,19:30x5; 20:30x4; 05:00x2; 06:00x1
ff_clean,GBP,Retail Sales m/m,2025,3,07:00x2; 19:30x1
ff_clean,GBP,Retail Sales m/m,2026,2,06:00x2
ff_clean,GBP,Second Estimate GDP q/q,2015,4,09:30x2; 08:30x2
ff_clean,GBP,Second Estimate GDP q/q,2016,4,09:30x2; 08:30x2
ff_clean,GBP,Second Estimate GDP q/q,2017,4,09:30x2; 08:30x2
ff_clean,GBP,Second Estimate GDP q/q,2018,2,09:30x1; 08:30x1
ff_clean,GBP,Unemployment Rate,2015,12,20:30x6; 19:30x6
ff_clean,GBP,Unemployment Rate,2016,12,20:30x6; 19:30x6
ff_clean,GBP,Unemployment Rate,2017,12,20:30x6; 19:30x6
ff_clean,GBP,Unemployment Rate,2018,12,20:30x6; 19:30x6
ff_clean,GBP,Unemployment Rate,2019,5,20:30x3; 19:30x2
ff_clean,JPY,30-y Bond Auction,2016,1,03:45x1
ff_clean,JPY,Average Cash Earnings y/y,2015,6,19:30x3; 01:30x2; 05:44x1
ff_clean,JPY,Average Cash Earnings y/y,2018,4,00:00x4
ff_clean,JPY,Average Cash Earnings y/y,2019,2,00:00x1; 23:30x1
ff_clean,JPY,BOJ Gov Kuroda Speaks,2015,7,06:35x2; 03:40x1; 19:30x1; 04:00x1
ff_clean,JPY,BOJ Gov Kuroda Speaks,2016,15,02:30x2; 00:30x2; 10:30x1; 03:40x1
ff_clean,JPY,BOJ Gov Kuroda Speaks,2017,10,00:25x1; 06:15x1; 19:30x1; 05:35x1
ff_clean,JPY,BOJ Gov Kuroda Speaks,2018,11,20:30x2; 00:30x2; 00:00x1; 19:30x1
ff_clean,JPY,BOJ Gov Kuroda Speaks,2019,11,03:20x1; 08:55x1; 03:00x1; 00:00x1
ff_clean,JPY,BOJ Gov Kuroda Speaks,2020,6,00:30x2; 20:30x1; 01:00x1; 12:00x1
ff_clean,JPY,BOJ Gov Kuroda Speaks,2021,10,04:06x1; 02:15x1; 11:06x1; 07:30x1
ff_clean,JPY,BOJ Gov Kuroda Speaks,2022,8,00:30x1; 06:15x1; 11:05x1; 00:58x1
ff_clean,JPY,BOJ Gov Kuroda Speaks,2023,2,20:30x1; 03:00x1
ff_clean,JPY,BOJ Gov Ueda Speaks,2023,8,19:30x2; 00:34x1; 04:10x1; 05:35x1
ff_clean,JPY,BOJ Gov Ueda Speaks,2024,7,04:00x1; 23:05x1; 23:33x1; 03:00x1
ff_clean,JPY,BOJ Gov Ueda Speaks,2025,1,20:30x1
ff_clean,JPY,BOJ Outlook Report,2015,2,19:30x1; 06:00x1
ff_clean,JPY,BOJ Outlook Report,2016,4,05:00x2; 03:44x1; 02:55x1
ff_clean,JPY,BOJ Outlook Report,2017,4,02:56x1; 03:14x1; 03:10x1; 03:05x1
ff_clean,JPY,BOJ Outlook Report,2018,4,03:14x1; 03:03x1; 04:03x1; 03:08x1
ff_clean,JPY,BOJ Outlook Report,2019,4,02:59x1; 03:27x1; 02:55x1; 03:32x1
ff_clean,JPY,BOJ Outlook Report,2020,4,03:02x1; 03:09x1; 02:57x1; 03:12x1
ff_clean,JPY,BOJ Outlook Report,2021,4,02:38x1; 03:02x1; 02:56x1; 02:45x1
ff_clean,JPY,BOJ Outlook Report,2022,4,02:45x1; 03:11x1; 03:05x1; 02:50x1
ff_clean,JPY,BOJ Outlook Report,2023,4,02:40x1; 03:00x1; 02:28x1; 03:28x1
ff_clean,JPY,BOJ Outlook Report,2024,4,03:09x1; 02:22x1; 02:57x1; 02:48x1
ff_clean,JPY,BOJ Outlook Report,2025,1,03:23x1
ff_clean,JPY,BOJ Outlook Report,2026,1,02:31x1
ff_clean,JPY,BOJ Policy Rate,2016,8,03:38x1; 03:35x1; 03:00x1; 02:45x1
ff_clean,JPY,BOJ Policy Rate,2017,8,20:30x3; 02:54x2; 19:30x2; 03:15x1
ff_clean,JPY,BOJ Policy Rate,2018,8,19:30x4; 20:30x3; 02:46x1
ff_clean,JPY,BOJ Policy Rate,2019,1,20:30x1
ff_clean,JPY,BOJ Policy Rate,2020,1,05:06x1
ff_clean,JPY,BOJ Policy Rate,2023,6,19:30x3; 20:30x3
ff_clean,JPY,BOJ Policy Rate,2024,8,20:30x2; 19:30x2; 03:36x1; 02:23x1
ff_clean,JPY,BOJ Policy Rate,2025,2,20:30x1; 02:25x1
ff_clean,JPY,BOJ Policy Rate,2026,1,02:30x1
ff_clean,JPY,BOJ Press Conference,2015,14,06:30x5; 06:31x5; 06:32x4
ff_clean,JPY,BOJ Press Conference,2016,8,06:30x6; 20:30x1; 06:32x1
ff_clean,JPY,BOJ Press Conference,2017,8,06:30x6; 20:30x2
ff_clean,JPY,BOJ Press Conference,2018,8,06:30x5; 06:29x2; 06:28x1
ff_clean,JPY,BOJ Press Conference,2019,8,06:30x6; 06:32x2
ff_clean,JPY,BOJ Press Conference,2020,8,06:30x4; 06:32x2; 06:31x1; 07:00x1
ff_clean,JPY,BOJ Press Conference,2021,8,06:30x7; 06:33x1
ff_clean,JPY,BOJ Press Conference,2022,8,06:30x8
ff_clean,JPY,BOJ Press Conference,2023,8,06:30x4; 19:30x2; 05:30x1; 06:40x1
ff_clean,JPY,BOJ Press Conference,2024,8,06:30x4; 05:30x4
ff_clean,JPY,BOJ Press Conference,2025,2,06:30x2
ff_clean,JPY,BOJ Press Conference,2026,1,05:30x1
ff_clean,JPY,BSI Manufacturing Index,2015,4,23:50x4
ff_clean,JPY,BSI Manufacturing Index,2016,3,23:50x3
ff_clean,JPY,BSI Manufacturing Index,2017,1,23:50x1
ff_clean,JPY,Capital Spending q/y,2016,1,23:50x1
ff_clean,JPY,Core Machinery Orders m/m,2015,12,23:50x12
ff_clean,JPY,Current Account,2015,12,23:50x11; 20:30x1
ff_clean,JPY,Current Account,2016,12,23:50x12
ff_clean,JPY,Final GDP q/q,2015,4,20:30x2; 19:30x2
ff_clean,JPY,Final GDP q/q,2016,4,20:30x2; 19:30x2
ff_clean,JPY,Final GDP q/q,2017,4,23:50x4
ff_clean,JPY,Final GDP q/q,2024,1,23:50x1
ff_clean,JPY,Household Spending y/y,2015,12,23:30x10; 19:30x1; 20:30x1
ff_clean,JPY,Household Spending y/y,2016,12,23:30x11; 19:30x1
ff_clean,JPY,Household Spending y/y,2017,4,23:30x4
ff_clean,JPY,Leading Indicators,2018,1,05:00x1
ff_clean,JPY,Lower House Elections,2017,1,20:29x1
ff_clean,JPY,Lower House Elections,2021,1,20:29x1
ff_clean,JPY,Lower House Elections,2024,1,20:29x1
ff_clean,JPY,Monetary Policy Meeting Minutes,2015,14,23:50x13; 19:30x1
ff_clean,JPY,Monetary Policy Meeting Minutes,2016,3,23:50x3
ff_clean,JPY,Monetary Policy Statement,2015,14,02:49x2; 03:04x2; 03:18x2; 03:29x1
ff_clean,JPY,Monetary Policy Statement,2016,8,20:30x5; 19:30x3
ff_clean,JPY,Monetary Policy Statement,2017,8,19:30x4; 20:30x3; 02:46x1
ff_clean,JPY,Monetary Policy Statement,2018,8,20:30x3; 19:30x2; 02:41x1; 02:47x1
ff_clean,JPY,Monetary Policy Statement,2019,8,20:30x2; 19:30x2; 02:45x2; 02:40x1
ff_clean,JPY,Monetary Policy Statement,2020,9,20:30x2; 03:01x1; 03:08x1; 01:00x1
ff_clean,JPY,Monetary Policy Statement,2021,8,20:30x2; 19:30x2; 03:39x1; 03:30x1
ff_clean,JPY,Monetary Policy Statement,2022,8,20:30x2; 02:51x2; 19:30x2; 02:43x1
ff_clean,JPY,Monetary Policy Statement,2023,8,20:30x2; 19:30x2; 02:31x1; 01:47x1
ff_clean,JPY,Monetary Policy Statement,2024,8,20:30x4; 19:30x4
ff_clean,JPY,Monetary Policy Statement,2025,2,20:30x2
ff_clean,JPY,Monetary Policy Statement,2026,1,02:30x1
ff_clean,JPY,National Core CPI y/y,2023,2,22:30x2
ff_clean,JPY,National Core CPI y/y,2024,1,22:30x1
ff_clean,JPY,National Core CPI y/y,2025,1,23:30x1
ff_clean,JPY,Prelim GDP q/q,2015,4,23:50x4
ff_clean,JPY,Prelim GDP q/q,2016,4,23:50x4
ff_clean,JPY,Prelim GDP q/q,2017,4,23:50x4
ff_clean,JPY,Prelim GDP q/q,2018,3,23:50x3
ff_clean,JPY,Prelim GDP q/q,2019,1,23:50x1
ff_clean,JPY,Prelim GDP q/q,2024,1,22:50x1
ff_clean,JPY,Prelim Industrial Production m/m,2015,4,23:50x4
ff_clean,JPY,Retail Sales y/y,2015,12,23:50x11; 20:30x1
ff_clean,JPY,Retail Sales y/y,2016,7,23:50x7
ff_clean,JPY,Tankan Manufacturing Index,2015,4,23:50x4
ff_clean,JPY,Tankan Manufacturing Index,2016,4,23:50x4
ff_clean,JPY,Tankan Manufacturing Index,2017,4,23:50x4
ff_clean,JPY,Tankan Non-Manufacturing Index,2015,4,19:30x2; 20:30x2
ff_clean,JPY,Tankan Non-Manufacturing Index,2016,4,19:30x2; 20:30x2
ff_clean,JPY,Tankan Non-Manufacturing Index,2017,4,19:30x2; 20:30x2
ff_clean,JPY,Tertiary Industry Activity m/m,2015,2,23:50x2
ff_clean,JPY,Tokyo Core CPI y/y,2015,12,19:30x6; 20:30x4; 23:30x2
ff_clean,JPY,Tokyo Core CPI y/y,2016,12,23:30x5; 20:30x4; 19:30x3
ff_clean,JPY,Tokyo Core CPI y/y,2017,1,23:30x1
ff_clean,JPY,Tokyo Core CPI y/y,2023,9,22:30x6; 23:30x3
ff_clean,JPY,Tokyo Core CPI y/y,2024,13,23:30x7; 22:30x6
ff_clean,JPY,Tokyo Core CPI y/y,2025,3,23:30x2; 22:30x1
ff_clean,JPY,Tokyo Core CPI y/y,2026,2,23:30x2
ff_clean,JPY,Trade Balance,2015,9,23:50x8; 20:30x1
ff_clean,JPY,Upper House Elections,2016,1,19:29x1
ff_clean,JPY,Upper House Elections,2017,1,20:29x1
ff_clean,JPY,Upper House Elections,2022,1,19:29x1
ff_clean,USD,10-y Bond Auction,2015,4,18:01x2; 17:01x2
ff_clean,USD,10-y Bond Auction,2017,1,18:01x1
ff_clean,USD,10-y Bond Auction,2019,2,18:01x2
ff_clean,USD,10-y Bond Auction,2020,1,17:01x1
ff_clean,USD,10-y Bond Auction,2021,10,17:01x6; 18:01x3; 17:03x1
ff_clean,USD,10-y Bond Auction,2022,4,18:01x3; 17:01x1
ff_clean,USD,10-y Bond Auction,2023,9,16:01x5; 18:01x4
ff_clean,USD,10-y Bond Auction,2024,8,16:01x5; 18:01x2; 17:01x1
ff_clean,USD,30-y Bond Auction,2017,1,18:01x1
ff_clean,USD,30-y Bond Auction,2018,1,18:01x1
ff_clean,USD,30-y Bond Auction,2019,1,18:01x1
ff_clean,USD,30-y Bond Auction,2020,1,18:01x1
ff_clean,USD,30-y Bond Auction,2021,10,17:01x7; 18:01x3
ff_clean,USD,30-y Bond Auction,2022,4,18:01x3; 17:01x1
ff_clean,USD,30-y Bond Auction,2023,3,16:01x1; 16:04x1; 18:01x1
ff_clean,USD,30-y Bond Auction,2024,9,16:01x6; 18:01x2; 17:01x1
ff_clean,USD,ADP Non-Farm Employment Change,2015,12,12:15x7; 13:15x5
ff_clean,USD,ADP Non-Farm Employment Change,2016,12,12:15x8; 13:15x4
ff_clean,USD,ADP Non-Farm Employment Change,2017,12,12:15x8; 13:15x3; 20:30x1
ff_clean,USD,ADP Non-Farm Employment Change,2018,12,12:15x8; 13:15x4
ff_clean,USD,ADP Non-Farm Employment Change,2019,12,12:15x7; 13:15x4; 19:30x1
ff_clean,USD,ADP Non-Farm Employment Change,2020,12,12:15x7; 13:15x5
ff_clean,USD,ADP Non-Farm Employment Change,2021,12,12:15x8; 13:15x4
ff_clean,USD,ADP Non-Farm Employment Change,2022,10,12:15x6; 13:15x3; 13:17x1
ff_clean,USD,ADP Non-Farm Employment Change,2023,12,11:15x6; 13:15x4; 12:15x2
ff_clean,USD,ADP Non-Farm Employment Change,2024,12,11:15x6; 13:15x4; 12:15x2
ff_clean,USD,ADP Non-Farm Employment Change,2025,4,13:15x3; 11:15x1
ff_clean,USD,ADP Non-Farm Employment Change,2026,2,12:15x2
ff_clean,USD,Advance GDP Price Index q/q,2015,4,20:30x2; 19:30x2
ff_clean,USD,Advance GDP Price Index q/q,2016,4,20:30x2; 19:30x2
ff_clean,USD,Advance GDP Price Index q/q,2017,4,20:30x2; 19:30x2
ff_clean,USD,Advance GDP Price Index q/q,2018,4,20:30x2; 19:30x2
ff_clean,USD,Advance GDP Price Index q/q,2019,4,20:30x2; 19:30x2
ff_clean,USD,Advance GDP Price Index q/q,2020,4,20:30x1; 12:34x1; 19:30x1; 12:32x1
ff_clean,USD,Advance GDP Price Index q/q,2021,4,13:32x1; 19:30x1; 12:32x1; 20:30x1
ff_clean,USD,Advance GDP Price Index q/q,2022,4,20:30x2; 19:30x2
ff_clean,USD,Advance GDP Price Index q/q,2023,4,20:30x2; 19:30x2
ff_clean,USD,Advance GDP Price Index q/q,2024,4,20:30x2; 19:30x2
ff_clean,USD,Advance GDP Price Index q/q,2025,1,20:30x1
ff_clean,USD,Advance GDP Price Index q/q,2026,1,12:30x1
ff_clean,USD,Advance GDP q/q,2015,4,20:30x2; 19:30x1; 12:30x1
ff_clean,USD,Advance GDP q/q,2016,4,12:30x2; 20:30x1; 19:30x1
ff_clean,USD,Advance GDP q/q,2017,4,19:30x2; 13:30x1; 12:30x1
ff_clean,USD,Advance GDP q/q,2018,4,12:30x3; 20:30x1
ff_clean,USD,Advance GDP q/q,2019,4,12:30x3; 20:30x1
ff_clean,USD,Advance GDP q/q,2020,4,13:30x1; 12:32x1; 12:30x1; 20:30x1
ff_clean,USD,Advance GDP q/q,2021,4,20:30x2; 12:30x2
ff_clean,USD,Advance GDP q/q,2022,4,12:30x3; 13:30x1
ff_clean,USD,Advance GDP q/q,2023,4,11:30x2; 13:30x1; 12:30x1
ff_clean,USD,Advance GDP q/q,2024,4,11:30x2; 13:30x1; 12:30x1
ff_clean,USD,Advance GDP q/q,2025,1,13:30x1
ff_clean,USD,Advance GDP q/q,2026,1,12:30x1
ff_clean,USD,Average Hourly Earnings m/m,2015,12,19:30x6; 20:30x5; 12:30x1
ff_clean,USD,Average Hourly Earnings m/m,2016,12,20:30x6; 19:30x5; 12:30x1
ff_clean,USD,Average Hourly Earnings m/m,2017,12,20:30x5; 19:30x5; 13:30x1; 12:30x1
ff_clean,USD,Average Hourly Earnings m/m,2018,12,20:30x5; 19:30x4; 12:30x2; 13:30x1
ff_clean,USD,Average Hourly Earnings m/m,2019,12,19:30x5; 20:30x4; 12:30x2; 13:30x1
ff_clean,USD,Average Hourly Earnings m/m,2020,12,20:30x5; 19:30x5; 12:30x2
ff_clean,USD,Average Hourly Earnings m/m,2021,12,20:30x6; 19:30x5; 12:30x1
ff_clean,USD,Average Hourly Earnings m/m,2022,12,20:30x6; 19:30x5; 12:30x1
ff_clean,USD,Average Hourly Earnings m/m,2023,12,20:30x5; 19:30x4; 11:30x2; 13:30x1
ff_clean,USD,Average Hourly Earnings m/m,2024,12,19:30x4; 20:30x3; 11:30x2; 12:30x2
ff_clean,USD,Average Hourly Earnings m/m,2025,4,20:30x3; 19:30x1
ff_clean,USD,Average Hourly Earnings m/m,2026,2,12:30x2
ff_clean,USD,Bank Stress Test Results,2015,2,21:30x1; 20:30x1
ff_clean,USD,Bank Stress Test Results,2016,1,20:30x1
ff_clean,USD,Bank Stress Test Results,2017,1,20:30x1
ff_clean,USD,Bank Stress Test Results,2020,1,20:30x1
ff_clean,USD,Building Permits,2015,12,20:30x5; 12:30x4; 19:30x2; 13:30x1
ff_clean,USD,Building Permits,2016,12,20:30x5; 12:30x4; 19:30x3
ff_clean,USD,Building Permits,2017,12,19:30x5; 20:30x4; 13:30x2; 12:30x1
ff_clean,USD,Building Permits,2018,12,20:30x4; 19:30x3; 12:30x3; 13:30x2
ff_clean,USD,Building Permits,2019,11,19:30x5; 20:30x4; 12:30x2
ff_clean,USD,Building Permits,2020,6,20:30x3; 19:30x2; 12:30x1
ff_clean,USD,Building Permits,2023,6,19:30x3; 20:30x2; 12:30x1
ff_clean,USD,Building Permits,2024,12,19:30x6; 20:30x4; 12:30x1; 13:30x1
ff_clean,USD,Building Permits,2025,1,20:30x1
ff_clean,USD,Business Inventories m/m,2015,7,14:00x5; 15:00x2
ff_clean,USD,CB Consumer Confidence,2015,12,14:00x8; 15:00x4
ff_clean,USD,CB Consumer Confidence,2016,12,14:00x8; 15:00x4
ff_clean,USD,CB Consumer Confidence,2017,12,14:00x8; 15:00x4
ff_clean,USD,CB Consumer Confidence,2018,12,14:00x8; 15:00x4
ff_clean,USD,CB Consumer Confidence,2019,12,14:00x8; 15:00x4
ff_clean,USD,CB Consumer Confidence,2020,11,14:00x7; 15:00x3; 19:30x1
ff_clean,USD,CB Consumer Confidence,2021,12,14:00x7; 20:30x3; 15:00x2
ff_clean,USD,CB Consumer Confidence,2022,12,14:00x7; 15:00x3; 19:30x1; 20:30x1
ff_clean,USD,CB Consumer Confidence,2023,12,13:00x6; 15:00x3; 14:00x2; 20:30x1
ff_clean,USD,CB Consumer Confidence,2024,12,13:00x5; 15:00x3; 14:00x2; 19:30x1
ff_clean,USD,CB Consumer Confidence,2025,3,15:00x2; 13:00x1
ff_clean,USD,CB Consumer Confidence,2026,2,14:00x2
ff_clean,USD,CB Leading Index m/m,2020,6,14:00x5; 20:30x1
ff_clean,USD,CB Leading Index m/m,2021,1,15:00x1
ff_clean,USD,CPI m/m,2015,12,19:30x7; 20:30x5
ff_clean,USD,CPI m/m,2016,12,20:30x6; 19:30x6
ff_clean,USD,CPI m/m,2017,12,20:30x6; 19:30x6
ff_clean,USD,CPI m/m,2018,12,20:30x6; 19:30x6
ff_clean,USD,CPI m/m,2019,12,20:30x6; 19:30x6
ff_clean,USD,CPI m/m,2020,12,20:30x6; 19:30x6
ff_clean,USD,CPI m/m,2021,12,19:30x6; 20:30x5; 13:30x1
ff_clean,USD,CPI m/m,2022,12,20:30x6; 19:30x6
ff_clean,USD,CPI m/m,2023,12,20:30x6; 19:30x6
ff_clean,USD,CPI m/m,2024,12,20:30x6; 19:30x6
ff_clean,USD,CPI m/m,2025,3,20:30x3
ff_clean,USD,CPI m/m,2026,1,12:30x1
ff_clean,USD,CPI y/y,2015,12,19:30x7; 20:30x5
ff_clean,USD,CPI y/y,2016,12,20:30x6; 19:30x6
ff_clean,USD,CPI y/y,2017,12,20:30x6; 19:30x6
ff_clean,USD,CPI y/y,2018,12,20:30x6; 19:30x6
ff_clean,USD,CPI y/y,2019,12,20:30x6; 19:30x6
ff_clean,USD,CPI y/y,2020,12,19:30x5; 20:30x4; 12:30x2; 13:30x1
ff_clean,USD,CPI y/y,2021,12,19:30x6; 20:30x4; 13:30x1; 12:30x1
ff_clean,USD,CPI y/y,2022,12,19:30x6; 20:30x5; 12:30x1
ff_clean,USD,CPI y/y,2023,12,20:30x6; 19:30x6
ff_clean,USD,CPI y/y,2024,12,20:30x6; 19:30x6
ff_clean,USD,CPI y/y,2025,3,20:30x3
ff_clean,USD,CPI y/y,2026,1,12:30x1
ff_clean,USD,Capacity Utilization Rate,2015,12,13:15x8; 14:15x4
ff_clean,USD,Capacity Utilization Rate,2016,12,13:15x8; 14:15x4
ff_clean,USD,Capacity Utilization Rate,2017,12,13:15x7; 14:15x4; 12:47x1
ff_clean,USD,Capacity Utilization Rate,2018,7,13:15x5; 14:15x2
ff_clean,USD,Chicago PMI,2015,12,13:45x8; 14:45x4
ff_clean,USD,Chicago PMI,2016,12,13:45x8; 14:45x4
ff_clean,USD,Chicago PMI,2017,12,13:45x7; 14:45x4; 20:30x1
ff_clean,USD,Chicago PMI,2018,11,13:45x7; 14:45x4
ff_clean,USD,Chicago PMI,2019,12,13:45x8; 14:45x4
ff_clean,USD,Chicago PMI,2020,11,13:45x7; 14:45x3; 12:20x1
ff_clean,USD,Chicago PMI,2021,8,13:45x6; 14:45x2
ff_clean,USD,Chicago PMI,2022,5,14:45x3; 13:45x2
ff_clean,USD,Chicago PMI,2023,7,14:45x3; 12:45x2; 13:45x2
ff_clean,USD,Chicago PMI,2024,12,12:45x6; 14:45x4; 13:45x2
ff_clean,USD,Chicago PMI,2025,2,14:45x2
ff_clean,USD,Congressional Elections,2018,1,20:29x1
ff_clean,USD,Congressional Elections,2020,1,20:29x1
ff_clean,USD,Congressional Elections,2022,1,20:29x1
ff_clean,USD,Congressional Elections,2024,1,20:29x1
ff_clean,USD,Core CPI m/m,2015,12,12:30x4; 19:30x4; 13:30x2; 20:30x2
ff_clean,USD,Core CPI m/m,2016,12,20:30x6; 19:30x6
ff_clean,USD,Core CPI m/m,2017,12,12:30x7; 13:30x3; 20:30x1; 19:30x1
ff_clean,USD,Core CPI m/m,2018,12,19:30x4; 13:30x3; 20:30x3; 12:30x2
ff_clean,USD,Core CPI m/m,2019,12,19:30x4; 13:30x3; 12:30x3; 20:30x2
ff_clean,USD,Core CPI m/m,2020,12,20:30x4; 12:30x4; 13:30x2; 19:30x2
ff_clean,USD,Core CPI m/m,2021,12,12:30x5; 20:30x4; 19:30x2; 13:30x1
ff_clean,USD,Core CPI m/m,2022,12,12:30x6; 13:30x4; 20:30x1; 19:30x1
ff_clean,USD,Core CPI m/m,2023,12,11:30x5; 13:30x4; 20:30x1; 19:30x1
ff_clean,USD,Core CPI m/m,2024,12,13:30x4; 11:30x4; 12:30x2; 19:30x2
ff_clean,USD,Core CPI m/m,2025,3,20:30x1; 13:30x1; 12:30x1
ff_clean,USD,Core CPI m/m,2026,1,12:30x1
ff_clean,USD,Core CPI y/y,2026,1,12:30x1
ff_clean,USD,Core Durable Goods Orders m/m,2015,12,12:30x8; 13:30x2; 20:30x2
ff_clean,USD,Core Durable Goods Orders m/m,2016,12,12:30x6; 13:30x2; 20:30x2; 19:30x2
ff_clean,USD,Core Durable Goods Orders m/m,2017,12,12:30x6; 20:30x2; 13:30x2; 19:30x2
ff_clean,USD,Core Durable Goods Orders m/m,2018,12,20:30x4; 12:30x4; 19:30x3; 13:30x1
ff_clean,USD,Core Durable Goods Orders m/m,2019,12,12:30x6; 20:30x3; 19:30x2; 13:30x1
ff_clean,USD,Core Durable Goods Orders m/m,2020,10,12:30x7; 13:30x1; 20:30x1; 19:30x1
ff_clean,USD,Core Durable Goods Orders m/m,2021,5,12:30x3; 20:30x2
ff_clean,USD,Core Durable Goods Orders m/m,2022,11,12:30x5; 20:30x4; 19:30x2
ff_clean,USD,Core Durable Goods Orders m/m,2023,12,20:30x5; 19:30x5; 11:30x1; 12:30x1
ff_clean,USD,Core Durable Goods Orders m/m,2024,12,20:30x6; 19:30x4; 11:30x2
ff_clean,USD,Core Durable Goods Orders m/m,2025,3,13:30x1; 20:30x1; 19:30x1
ff_clean,USD,Core PCE Price Index m/m,2015,12,20:30x5; 19:30x4; 12:30x2; 13:30x1
ff_clean,USD,Core PCE Price Index m/m,2016,12,12:30x4; 20:30x3; 15:00x2; 19:30x2
ff_clean,USD,Core PCE Price Index m/m,2017,12,20:30x4; 19:30x4; 12:30x3; 13:30x1
ff_clean,USD,Core PCE Price Index m/m,2018,12,19:30x6; 20:30x4; 13:30x1; 12:30x1
ff_clean,USD,Core PCE Price Index m/m,2019,12,19:30x5; 20:30x3; 12:30x2; 15:00x2
ff_clean,USD,Core PCE Price Index m/m,2020,8,20:30x4; 19:30x3; 12:30x1
ff_clean,USD,Core PCE Price Index m/m,2021,8,20:30x3; 12:30x2; 19:30x2; 15:00x1
ff_clean,USD,Core PCE Price Index m/m,2022,12,19:30x4; 12:30x3; 20:30x3; 13:30x2
ff_clean,USD,Core PCE Price Index m/m,2023,12,19:30x5; 20:30x3; 13:30x2; 11:30x1
ff_clean,USD,Core PCE Price Index m/m,2024,12,20:30x4; 11:30x3; 19:30x3; 13:30x1
ff_clean,USD,Core PCE Price Index m/m,2025,3,20:30x2; 19:30x1
ff_clean,USD,Core PCE Price Index m/m,2026,2,12:30x2
ff_clean,USD,Core PPI m/m,2015,12,20:30x6; 19:30x6
ff_clean,USD,Core PPI m/m,2016,12,20:30x6; 19:30x6
ff_clean,USD,Core PPI m/m,2017,12,20:30x6; 19:30x6
ff_clean,USD,Core PPI m/m,2018,12,20:30x6; 19:30x5; 12:30x1
ff_clean,USD,Core PPI m/m,2019,12,20:30x6; 19:30x5; 12:30x1
ff_clean,USD,Core PPI m/m,2020,11,12:30x4; 19:30x3; 13:30x2; 20:30x2
ff_clean,USD,Core PPI m/m,2021,7,19:30x4; 20:30x3
ff_clean,USD,Core PPI m/m,2022,12,20:30x6; 19:30x6
ff_clean,USD,Core PPI m/m,2023,12,11:30x5; 20:30x4; 13:30x2; 19:30x1
ff_clean,USD,Core PPI m/m,2024,12,20:30x4; 11:30x3; 19:30x3; 13:30x2
ff_clean,USD,Core PPI m/m,2025,3,13:30x2; 20:30x1
ff_clean,USD,Core PPI m/m,2026,1,12:30x1
ff_clean,USD,Core Retail Sales m/m,2015,12,12:30x5; 13:30x3; 20:30x2; 19:30x2
ff_clean,USD,Core Retail Sales m/m,2016,12,12:30x6; 13:30x4; 19:30x2
ff_clean,USD,Core Retail Sales m/m,2017,12,20:30x5; 19:30x4; 12:30x2; 13:30x1
ff_clean,USD,Core Retail Sales m/m,2018,12,12:30x6; 20:30x3; 19:30x2; 13:30x1
ff_clean,USD,Core Retail Sales m/m,2019,12,12:30x5; 20:30x3; 19:30x3; 13:30x1
ff_clean,USD,Core Retail Sales m/m,2020,12,20:30x5; 19:30x5; 13:30x1; 12:30x1
ff_clean,USD,Core Retail Sales m/m,2021,12,19:30x4; 13:30x3; 20:30x3; 12:32x1
ff_clean,USD,Core Retail Sales m/m,2022,12,20:30x4; 19:30x3; 12:30x3; 13:30x2
ff_clean,USD,Core Retail Sales m/m,2023,12,20:30x6; 19:30x6
ff_clean,USD,Core Retail Sales m/m,2024,12,20:30x6; 19:30x5; 11:30x1
ff_clean,USD,Core Retail Sales m/m,2025,3,20:30x2; 13:30x1
ff_clean,USD,Core Retail Sales m/m,2026,1,12:30x1
ff_clean,USD,Crude Oil Inventories,2015,52,14:30x31; 15:30x15; 16:00x3; 15:00x3
ff_clean,USD,Crude Oil Inventories,2016,52,14:30x29; 15:30x15; 15:00x4; 16:00x3
ff_clean,USD,Crude Oil Inventories,2017,52,14:30x29; 15:30x14; 16:00x4; 15:00x4
ff_clean,USD,Crude Oil Inventories,2018,49,14:30x30; 15:30x9; 16:00x5; 15:00x4
ff_clean,USD,Crude Oil Inventories,2019,17,14:30x7; 15:30x6; 15:00x2; 16:00x2
ff_clean,USD,Crude Oil Inventories,2020,23,14:30x11; 15:30x7; 16:00x3; 19:30x1
ff_clean,USD,Crude Oil Inventories,2021,45,14:30x27; 15:30x11; 15:00x4; 19:30x2
ff_clean,USD,Crude Oil Inventories,2022,12,15:30x7; 16:00x2; 14:30x2; 19:30x1
ff_clean,USD,Crude Oil Inventories,2023,1,15:30x1
ff_clean,USD,Crude Oil Inventories,2024,19,15:30x5; 13:30x4; 14:30x4; 20:30x2
ff_clean,USD,Crude Oil Inventories,2025,9,15:30x5; 17:00x2; 16:00x1; 20:30x1
ff_clean,USD,Current Account,2015,4,20:30x2; 19:30x2
ff_clean,USD,Current Account,2016,4,20:30x2; 19:30x2
ff_clean,USD,Current Account,2017,4,20:30x2; 19:30x2
ff_clean,USD,Current Account,2018,2,12:30x2
ff_clean,USD,Durable Goods Orders m/m,2015,11,19:30x6; 20:30x5
ff_clean,USD,Durable Goods Orders m/m,2016,12,20:30x6; 19:30x6
ff_clean,USD,Durable Goods Orders m/m,2017,12,20:30x6; 19:30x6
ff_clean,USD,Durable Goods Orders m/m,2018,12,20:30x6; 19:30x6
ff_clean,USD,Durable Goods Orders m/m,2019,12,20:30x6; 19:30x6
ff_clean,USD,Durable Goods Orders m/m,2020,10,19:30x6; 20:30x4
ff_clean,USD,Durable Goods Orders m/m,2021,4,20:30x4
ff_clean,USD,Durable Goods Orders m/m,2022,11,19:30x6; 20:30x5
ff_clean,USD,Durable Goods Orders m/m,2023,12,20:30x6; 19:30x6
ff_clean,USD,Durable Goods Orders m/m,2024,12,19:30x6; 20:30x5; 13:30x1
ff_clean,USD,Durable Goods Orders m/m,2025,3,20:30x2; 19:30x1
ff_clean,USD,Empire State Manufacturing Index,2015,12,20:30x6; 19:30x6
ff_clean,USD,Empire State Manufacturing Index,2016,12,20:30x6; 19:30x3; 12:30x2; 12:25x1
ff_clean,USD,Empire State Manufacturing Index,2017,12,20:30x5; 19:30x4; 12:30x2; 13:30x1
ff_clean,USD,Empire State Manufacturing Index,2018,9,19:30x6; 20:30x2; 13:30x1
ff_clean,USD,Empire State Manufacturing Index,2019,1,12:30x1
ff_clean,USD,Empire State Manufacturing Index,2020,1,12:30x1
ff_clean,USD,Empire State Manufacturing Index,2021,4,20:30x3; 19:30x1
ff_clean,USD,Empire State Manufacturing Index,2022,12,19:30x5; 20:30x4; 12:30x2; 13:30x1
ff_clean,USD,Empire State Manufacturing Index,2023,12,20:30x6; 19:30x5; 11:30x1
ff_clean,USD,Empire State Manufacturing Index,2024,12,19:30x6; 20:30x5; 13:30x1
ff_clean,USD,Empire State Manufacturing Index,2025,3,20:30x3
ff_clean,USD,Employment Cost Index q/q,2015,4,20:30x2; 19:30x2
ff_clean,USD,Employment Cost Index q/q,2016,4,20:30x2; 19:30x2
ff_clean,USD,Employment Cost Index q/q,2017,4,20:30x2; 19:30x2
ff_clean,USD,Employment Cost Index q/q,2018,4,20:30x2; 19:30x2
ff_clean,USD,Employment Cost Index q/q,2019,4,20:30x2; 19:30x2
ff_clean,USD,Employment Cost Index q/q,2020,1,20:30x1
ff_clean,USD,Employment Cost Index q/q,2023,3,19:30x2; 20:30x1
ff_clean,USD,Employment Cost Index q/q,2024,4,20:30x2; 19:30x2
ff_clean,USD,Employment Cost Index q/q,2025,1,20:30x1
ff_clean,USD,Employment Cost Index q/q,2026,1,12:30x1
ff_clean,USD,Existing Home Sales,2015,12,15:00x4; 14:00x4; 19:30x3; 20:30x1
ff_clean,USD,Existing Home Sales,2016,12,14:00x6; 20:30x3; 15:00x2; 19:30x1
ff_clean,USD,Existing Home Sales,2017,12,14:00x6; 15:00x4; 19:30x2
ff_clean,USD,Existing Home Sales,2018,8,14:00x4; 15:00x2; 20:30x1; 19:30x1
ff_clean,USD,Existing Home Sales,2021,1,20:30x1
ff_clean,USD,Existing Home Sales,2022,11,14:00x7; 15:00x3; 19:30x1
ff_clean,USD,Existing Home Sales,2023,12,19:30x4; 15:00x3; 14:00x2; 13:00x2
ff_clean,USD,Existing Home Sales,2024,12,13:00x5; 20:30x3; 15:00x2; 19:30x2
ff_clean,USD,Existing Home Sales,2025,3,15:00x2; 14:00x1
ff_clean,USD,FOMC Economic Projections,2015,4,20:30x2; 19:30x2
ff_clean,USD,FOMC Economic Projections,2016,4,20:30x3; 19:30x1
ff_clean,USD,FOMC Economic Projections,2017,4,20:30x2; 19:30x2
ff_clean,USD,FOMC Economic Projections,2018,4,20:30x3; 19:30x1
ff_clean,USD,FOMC Economic Projections,2019,4,20:30x2; 19:30x2
ff_clean,USD,FOMC Economic Projections,2020,3,19:30x1; 18:00x1; 19:00x1
ff_clean,USD,FOMC Economic Projections,2021,4,18:00x3; 20:30x1
ff_clean,USD,FOMC Economic Projections,2022,4,20:30x2; 19:30x2
ff_clean,USD,FOMC Economic Projections,2023,4,19:30x3; 20:30x1
ff_clean,USD,FOMC Economic Projections,2024,4,20:30x2; 19:30x2
ff_clean,USD,FOMC Economic Projections,2025,1,20:30x1
ff_clean,USD,FOMC Meeting Minutes,2015,8,19:00x3; 18:00x3; 17:46x1; 20:30x1
ff_clean,USD,FOMC Meeting Minutes,2016,8,18:00x5; 19:00x3
ff_clean,USD,FOMC Meeting Minutes,2017,8,18:00x5; 19:00x3
ff_clean,USD,FOMC Meeting Minutes,2018,8,18:00x5; 19:00x3
ff_clean,USD,FOMC Meeting Minutes,2019,8,18:00x5; 19:00x3
ff_clean,USD,FOMC Meeting Minutes,2020,8,18:00x4; 19:00x3; 19:30x1
ff_clean,USD,FOMC Meeting Minutes,2021,8,18:00x5; 19:00x3
ff_clean,USD,FOMC Meeting Minutes,2022,8,18:00x5; 19:00x2; 20:30x1
ff_clean,USD,FOMC Meeting Minutes,2023,8,17:00x4; 19:00x3; 18:00x1
ff_clean,USD,FOMC Meeting Minutes,2024,8,17:00x4; 19:00x3; 18:00x1
ff_clean,USD,FOMC Meeting Minutes,2025,2,19:00x2
ff_clean,USD,FOMC Meeting Minutes,2026,1,18:00x1
ff_clean,USD,FOMC Member Barkin Speaks,2018,3,18:00x1; 12:45x1; 12:05x1
ff_clean,USD,FOMC Member Barkin Speaks,2021,3,16:00x1; 17:00x1; 16:30x1
ff_clean,USD,FOMC Member Barkin Speaks,2023,1,14:30x1
ff_clean,USD,FOMC Member Barkin Speaks,2024,11,13:30x1; 18:30x1; 17:30x1; 20:30x1
ff_clean,USD,FOMC Member Bostic Speaks,2018,36,17:00x5; 16:00x4; 13:00x2; 15:00x2
ff_clean,USD,FOMC Member Bostic Speaks,2021,6,14:00x1; 19:30x1; 16:00x1; 17:00x1
ff_clean,USD,FOMC Member Bostic Speaks,2024,1,11:00x1
ff_clean,USD,FOMC Member Bowman Speaks,2019,8,16:15x1; 14:00x1; 20:00x1; 19:00x1
ff_clean,USD,FOMC Member Bowman Speaks,2020,2,15:00x1; 13:15x1
ff_clean,USD,FOMC Member Bowman Speaks,2021,4,20:30x2; 17:40x1; 17:15x1
ff_clean,USD,FOMC Member Brainard Speaks,2015,9,19:45x1; 19:30x1; 14:15x1; 00:15x1
ff_clean,USD,FOMC Member Brainard Speaks,2016,7,18:30x1; 18:00x1; 16:30x1; 17:15x1
ff_clean,USD,FOMC Member Brainard Speaks,2017,13,20:30x2; 23:00x2; 17:15x1; 23:30x1
ff_clean,USD,FOMC Member Brainard Speaks,2018,12,20:30x2; 17:00x2; 22:30x1; 12:00x1
ff_clean,USD,FOMC Member Brainard Speaks,2019,10,14:00x2; 17:15x1; 12:45x1; 12:30x1
ff_clean,USD,FOMC Member Brainard Speaks,2021,3,18:00x1; 16:50x1; 20:30x1
ff_clean,USD,FOMC Member Brainard Speaks,2022,12,15:00x1; 18:30x1; 14:05x1; 16:10x1
ff_clean,USD,FOMC Member Brainard Speaks,2023,1,18:15x1
ff_clean,USD,FOMC Member Bullard Speaks,2016,21,14:15x2; 20:30x2; 00:00x1; 18:00x1
ff_clean,USD,FOMC Member Bullard Speaks,2019,20,14:00x2; 17:40x1; 20:30x1; 18:30x1
ff_clean,USD,FOMC Member Bullard Speaks,2022,24,13:00x3; 19:30x3; 17:00x3; 13:30x2
ff_clean,USD,FOMC Member Clarida Speaks,2018,3,16:15x1; 13:30x1; 11:30x1
ff_clean,USD,FOMC Member Clarida Speaks,2019,21,17:00x2; 16:00x2; 13:30x2; 15:30x2
ff_clean,USD,FOMC Member Clarida Speaks,2020,1,13:00x1
ff_clean,USD,FOMC Member Clarida Speaks,2021,4,15:15x1; 14:00x1; 17:15x1; 18:00x1
ff_clean,USD,FOMC Member Collins Speaks,2022,1,20:30x1
ff_clean,USD,FOMC Member Daly Speaks,2018,2,20:15x1; 19:30x1
ff_clean,USD,FOMC Member Daly Speaks,2021,1,19:00x1
ff_clean,USD,FOMC Member Daly Speaks,2024,1,21:05x1
ff_clean,USD,FOMC Member Dudley Speaks,2015,18,12:30x3; 13:00x2; 15:15x1; 13:30x1
ff_clean,USD,FOMC Member Dudley Speaks,2016,22,20:30x3; 14:00x2; 19:30x2; 14:30x2
ff_clean,USD,FOMC Member Dudley Speaks,2017,21,20:30x3; 14:00x2; 16:15x2; 12:00x2
ff_clean,USD,FOMC Member Dudley Speaks,2018,8,20:30x2; 15:15x1; 12:30x1; 16:30x1
ff_clean,USD,FOMC Member Evans Speaks,2015,14,23:30x1; 14:00x1; 15:30x1; 10:30x1
ff_clean,USD,FOMC Member Evans Speaks,2017,17,17:15x2; 20:30x1; 14:15x1; 18:10x1
ff_clean,USD,FOMC Member Evans Speaks,2019,18,14:45x2; 20:30x2; 14:00x1; 18:00x1
ff_clean,USD,FOMC Member Evans Speaks,2021,5,12:00x1; 16:30x1; 18:50x1; 21:05x1
ff_clean,USD,FOMC Member Fischer Speaks,2015,19,19:30x5; 18:30x1; 16:20x1; 10:30x1
ff_clean,USD,FOMC Member Fischer Speaks,2016,12,20:30x3; 18:15x1; 18:00x1; 01:30x1
ff_clean,USD,FOMC Member Fischer Speaks,2017,7,12:30x1; 20:30x1; 20:00x1; 15:30x1
ff_clean,USD,FOMC Member George Speaks,2016,9,18:00x1; 00:15x1; 18:15x1; 14:00x1
ff_clean,USD,FOMC Member George Speaks,2019,9,16:45x2; 20:30x2; 18:00x1; 00:30x1
ff_clean,USD,FOMC Member George Speaks,2022,6,17:40x1; 17:00x1; 17:20x1; 16:00x1
ff_clean,USD,FOMC Member Goolsbee Speaks,2024,1,15:30x1
ff_clean,USD,FOMC Member Harker Speaks,2017,19,15:15x3; 14:00x2; 17:00x2; 20:30x1
ff_clean,USD,FOMC Member Harker Speaks,2020,2,16:00x1; 14:00x1
ff_clean,USD,FOMC Member Harker Speaks,2023,17,20:30x4; 19:15x2; 21:00x1; 22:45x1
ff_clean,USD,FOMC Member Harker Speaks,2024,4,19:30x1; 17:00x1; 20:30x1; 22:00x1
ff_clean,USD,FOMC Member Kaplan Speaks,2017,26,18:00x5; 16:45x2; 20:30x2; 16:00x1
ff_clean,USD,FOMC Member Kaplan Speaks,2020,4,20:30x2; 17:00x1; 22:00x1
ff_clean,USD,FOMC Member Kashkari Speaks,2017,23,19:30x2; 14:00x2; 15:30x2; 17:20x2
ff_clean,USD,FOMC Member Kashkari Speaks,2020,2,14:30x1; 19:15x1
ff_clean,USD,FOMC Member Kugler Speaks,2024,1,16:00x1
ff_clean,USD,FOMC Member Lacker Speaks,2015,8,18:20x1; 13:20x1; 12:00x1; 19:30x1
ff_clean,USD,FOMC Member Lockhart Speaks,2015,23,13:10x3; 13:00x2; 17:00x2; 17:40x1
ff_clean,USD,FOMC Member Mester Speaks,2016,11,20:30x2; 22:00x1; 16:00x1; 16:20x1
ff_clean,USD,FOMC Member Mester Speaks,2018,13,21:30x2; 17:30x1; 15:15x1; 13:00x1
ff_clean,USD,FOMC Member Mester Speaks,2022,21,16:00x4; 17:00x3; 20:30x1; 22:00x1
ff_clean,USD,FOMC Member Mester Speaks,2024,6,17:00x2; 18:15x1; 16:30x1; 15:05x1
ff_clean,USD,FOMC Member Powell Speaks,2015,8,15:00x1; 21:00x1; 22:00x1; 12:00x1
ff_clean,USD,FOMC Member Powell Speaks,2016,10,14:00x2; 15:15x1; 16:15x1; 12:35x1
ff_clean,USD,FOMC Member Powell Speaks,2017,10,19:30x2; 20:30x2; 18:00x1; 17:15x1
ff_clean,USD,FOMC Member Quarles Speaks,2017,2,17:35x1; 17:30x1
ff_clean,USD,FOMC Member Quarles Speaks,2018,21,15:00x3; 20:15x2; 14:00x2; 13:00x2
ff_clean,USD,FOMC Member Quarles Speaks,2019,15,20:30x2; 15:45x1; 23:05x1; 11:15x1
ff_clean,USD,FOMC Member Quarles Speaks,2021,1,17:15x1
ff_clean,USD,FOMC Member Rosengren Speaks,2016,6,07:15x1; 00:30x1; 15:00x1; 15:45x1
ff_clean,USD,FOMC Member Rosengren Speaks,2019,10,20:30x2; 16:30x1; 12:30x1; 00:30x1
ff_clean,USD,FOMC Member Tarullo Speaks,2015,1,09:15x1
ff_clean,USD,FOMC Member Waller Speaks,2021,5,14:00x1; 19:00x1; 13:00x1; 15:45x1
ff_clean,USD,FOMC Member Waller Speaks,2022,13,19:30x2; 15:00x2; 15:45x1; 01:25x1
ff_clean,USD,FOMC Member Waller Speaks,2023,18,15:00x2; 16:00x2; 18:00x1; 18:45x1
ff_clean,USD,FOMC Member Waller Speaks,2024,18,12:00x2; 12:35x2; 18:15x1; 00:35x1
ff_clean,USD,FOMC Member Waller Speaks,2025,6,13:00x1; 19:30x1; 22:05x1; 23:00x1
ff_clean,USD,FOMC Member Williams Speaks,2015,22,13:00x2; 19:30x2; 17:00x2; 16:00x1
ff_clean,USD,FOMC Member Williams Speaks,2018,18,19:30x3; 20:30x2; 13:00x1; 18:35x1
ff_clean,USD,FOMC Member Williams Speaks,2019,23,14:00x3; 17:00x2; 14:05x1; 15:15x1
ff_clean,USD,FOMC Member Williams Speaks,2020,1,20:30x1
ff_clean,USD,FOMC Member Williams Speaks,2021,8,17:10x2; 11:00x1; 16:00x1; 20:30x1
ff_clean,USD,FOMC Member Williams Speaks,2022,1,15:00x1
ff_clean,USD,FOMC Member Williams Speaks,2023,1,14:15x1
ff_clean,USD,FOMC Member Williams Speaks,2024,2,13:40x1; 11:45x1
ff_clean,USD,FOMC Press Conference,2015,4,18:30x3; 19:30x1
ff_clean,USD,FOMC Press Conference,2016,4,18:30x3; 19:30x1
ff_clean,USD,FOMC Press Conference,2017,4,18:30x3; 19:30x1
ff_clean,USD,FOMC Press Conference,2018,4,18:30x3; 19:30x1
ff_clean,USD,FOMC Press Conference,2019,8,18:30x6; 19:30x2
ff_clean,USD,FOMC Press Conference,2020,9,18:30x4; 19:30x3; 16:00x1; 22:30x1
ff_clean,USD,FOMC Press Conference,2021,8,18:30x6; 19:30x2
ff_clean,USD,FOMC Press Conference,2022,8,18:30x6; 19:30x2
ff_clean,USD,FOMC Press Conference,2023,8,17:30x5; 19:30x2; 18:30x1
ff_clean,USD,FOMC Press Conference,2024,8,17:30x4; 19:30x3; 18:30x1
ff_clean,USD,FOMC Press Conference,2025,2,19:30x1; 18:30x1
ff_clean,USD,FOMC Press Conference,2026,1,18:30x1
ff_clean,USD,FOMC Statement,2015,8,20:30x4; 19:30x4
ff_clean,USD,FOMC Statement,2016,8,20:30x5; 19:30x3
ff_clean,USD,FOMC Statement,2017,8,20:30x3; 19:30x3; 18:00x2
ff_clean,USD,FOMC Statement,2018,8,20:30x5; 19:30x3
ff_clean,USD,FOMC Statement,2019,8,20:30x4; 19:30x4
ff_clean,USD,FOMC Statement,2020,9,20:30x4; 18:00x2; 19:30x2; 19:00x1
ff_clean,USD,FOMC Statement,2021,8,20:30x4; 18:00x2; 19:00x1; 19:30x1
ff_clean,USD,FOMC Statement,2022,8,20:30x4; 19:30x4
ff_clean,USD,FOMC Statement,2023,8,19:30x5; 20:30x3
ff_clean,USD,FOMC Statement,2024,8,20:30x4; 19:30x4
ff_clean,USD,FOMC Statement,2025,2,20:30x2
ff_clean,USD,FOMC Statement,2026,1,18:00x1
ff_clean,USD,Factory Orders m/m,2015,12,14:00x7; 20:30x3; 15:00x2
ff_clean,USD,Factory Orders m/m,2016,12,20:30x5; 19:30x3; 14:00x3; 15:00x1
ff_clean,USD,Factory Orders m/m,2017,12,14:00x5; 20:30x3; 15:00x2; 19:30x2
ff_clean,USD,Fed Announcement,2020,14,19:30x3; 14:00x2; 15:00x2; 21:00x1
ff_clean,USD,Fed Announcement,2021,1,20:30x1
ff_clean,USD,Fed Announcement,2023,2,22:20x1; 21:00x1
ff_clean,USD,Fed Chair Powell Speaks,2018,14,17:30x2; 19:30x2; 23:00x2; 07:15x1
ff_clean,USD,Fed Chair Powell Speaks,2019,21,23:00x3; 17:00x3; 17:45x2; 00:00x2
ff_clean,USD,Fed Chair Powell Speaks,2020,13,14:00x2; 11:06x1; 13:00x1; 23:00x1
ff_clean,USD,Fed Chair Powell Speaks,2021,18,14:00x3; 17:30x2; 19:30x2; 16:00x2
ff_clean,USD,Fed Chair Powell Speaks,2022,15,19:30x3; 18:00x2; 16:30x1; 15:00x1
ff_clean,USD,Fed Chair Powell Speaks,2023,14,14:00x2; 16:00x2; 19:00x2; 17:40x1
ff_clean,USD,Fed Chair Powell Speaks,2024,14,19:30x3; 13:00x2; 20:30x1; 14:30x1
ff_clean,USD,Fed Chair Powell Speaks,2025,2,17:30x1; 14:25x1
ff_clean,USD,Fed Chair Powell Testifies,2017,1,14:45x1
ff_clean,USD,Fed Chair Powell Testifies,2018,4,14:00x2; 20:30x1; 15:00x1
ff_clean,USD,Fed Chair Powell Testifies,2019,6,15:00x2; 14:45x1; 19:30x1; 14:00x1
ff_clean,USD,Fed Chair Powell Testifies,2020,11,15:00x3; 14:00x3; 20:30x2; 16:00x1
ff_clean,USD,Fed Chair Powell Testifies,2021,11,15:00x4; 14:00x3; 16:00x2; 18:00x1
ff_clean,USD,Fed Chair Powell Testifies,2022,5,15:00x2; 20:30x1; 13:30x1; 14:00x1
ff_clean,USD,Fed Chair Powell Testifies,2023,4,15:00x1; 20:30x1; 13:00x1; 19:30x1
ff_clean,USD,Fed Chair Powell Testifies,2024,4,20:30x1; 15:00x1; 13:00x1; 19:30x1
ff_clean,USD,Fed Chair Powell Testifies,2025,2,15:00x1; 20:30x1
ff_clean,USD,Fed Chair Yellen Speaks,2015,12,01:15x1; 19:45x1; 12:40x1; 13:15x1
ff_clean,USD,Fed Chair Yellen Speaks,2016,8,16:20x1; 21:30x1; 17:15x1; 16:30x1
ff_clean,USD,Fed Chair Yellen Speaks,2017,16,20:30x2; 00:00x1; 20:00x1; 01:00x1
ff_clean,USD,Fed Chair Yellen Testifies,2015,6,15:00x3; 20:30x1; 19:30x1; 18:30x1
ff_clean,USD,Fed Chair Yellen Testifies,2016,6,15:00x2; 14:00x2; 20:30x1; 19:30x1
ff_clean,USD,Fed Chair Yellen Testifies,2017,5,15:00x3; 19:30x1; 13:30x1
ff_clean,USD,Fed Chairman Warsh Speaks,2026,1,14:00x1
ff_clean,USD,Fed Monetary Policy Report,2017,1,15:00x1
ff_clean,USD,Federal Funds Rate,2015,8,18:00x6; 19:00x2
ff_clean,USD,Federal Funds Rate,2016,8,18:00x6; 19:00x2
ff_clean,USD,Federal Funds Rate,2017,8,18:00x4; 19:00x2; 19:30x1; 20:30x1
ff_clean,USD,Federal Funds Rate,2018,8,18:00x5; 19:00x3
ff_clean,USD,Federal Funds Rate,2019,8,18:00x6; 19:00x2
ff_clean,USD,Federal Funds Rate,2020,9,20:30x3; 19:30x3; 19:00x1; 15:00x1
ff_clean,USD,Federal Funds Rate,2021,8,20:30x3; 19:30x3; 18:00x1; 19:00x1
ff_clean,USD,Federal Funds Rate,2022,8,18:00x5; 19:00x2; 20:30x1
ff_clean,USD,Federal Funds Rate,2023,8,17:00x5; 19:00x2; 18:00x1
ff_clean,USD,Federal Funds Rate,2024,8,17:00x4; 19:00x3; 18:00x1
ff_clean,USD,Federal Funds Rate,2025,2,19:00x1; 18:00x1
ff_clean,USD,Federal Funds Rate,2026,1,18:00x1
ff_clean,USD,Final GDP Price Index q/q,2023,4,19:30x2; 20:30x2
ff_clean,USD,Final GDP Price Index q/q,2024,4,19:30x2; 20:30x2
ff_clean,USD,Final GDP Price Index q/q,2025,1,19:30x1
ff_clean,USD,Final GDP q/q,2015,4,12:30x3; 13:30x1
ff_clean,USD,Final GDP q/q,2016,4,12:30x3; 20:30x1
ff_clean,USD,Final GDP q/q,2017,4,12:30x2; 19:30x1; 20:30x1
ff_clean,USD,Final GDP q/q,2018,4,12:30x2; 20:30x2
ff_clean,USD,Final GDP q/q,2019,4,12:30x3; 20:30x1
ff_clean,USD,Final GDP q/q,2020,4,19:30x2; 20:30x1; 13:30x1
ff_clean,USD,Final GDP q/q,2021,4,12:30x3; 13:30x1
ff_clean,USD,Final GDP q/q,2022,4,12:30x2; 20:30x1; 13:30x1
ff_clean,USD,Final GDP q/q,2023,4,11:30x2; 12:30x1; 20:30x1
ff_clean,USD,Final GDP q/q,2024,4,19:30x1; 11:30x1; 12:30x1; 13:30x1
ff_clean,USD,Final GDP q/q,2025,1,11:30x1
ff_clean,USD,Final Manufacturing PMI,2021,1,14:45x1
ff_clean,USD,Final Manufacturing PMI,2024,6,12:45x4; 13:45x1; 14:45x1
ff_clean,USD,Final Manufacturing PMI,2025,4,14:45x3; 12:45x1
ff_clean,USD,Final Services PMI,2022,1,13:45x1
ff_clean,USD,Final Services PMI,2024,9,12:45x5; 14:45x2; 19:30x1; 13:45x1
ff_clean,USD,Final Services PMI,2025,4,14:45x3; 12:45x1
ff_clean,USD,Flash Manufacturing PMI,2015,8,13:45x6; 14:45x2
ff_clean,USD,Flash Manufacturing PMI,2019,7,13:45x5; 14:45x2
ff_clean,USD,Flash Manufacturing PMI,2020,12,13:45x8; 14:45x4
ff_clean,USD,Flash Manufacturing PMI,2021,12,13:45x7; 14:45x4; 19:30x1
ff_clean,USD,Flash Manufacturing PMI,2022,12,13:45x4; 20:30x4; 14:45x2; 19:30x2
ff_clean,USD,Flash Manufacturing PMI,2023,12,12:45x6; 20:30x2; 13:45x2; 14:45x2
ff_clean,USD,Flash Manufacturing PMI,2024,12,12:45x5; 14:45x3; 13:45x2; 20:30x1
ff_clean,USD,Flash Manufacturing PMI,2025,3,14:45x2; 12:45x1
ff_clean,USD,Flash Services PMI,2020,3,20:30x2; 19:30x1
ff_clean,USD,Flash Services PMI,2021,7,20:30x4; 19:30x3
ff_clean,USD,Flash Services PMI,2022,12,19:30x4; 13:45x4; 20:30x2; 14:45x2
ff_clean,USD,Flash Services PMI,2023,12,19:30x6; 20:30x5; 14:45x1
ff_clean,USD,Flash Services PMI,2024,12,20:30x6; 19:30x6
ff_clean,USD,Flash Services PMI,2025,3,20:30x2; 19:30x1
ff_clean,USD,Goods Trade Balance,2015,6,20:30x2; 12:37x1; 19:30x1; 12:30x1
ff_clean,USD,Goods Trade Balance,2016,2,20:30x2
ff_clean,USD,Housing Starts,2015,12,20:30x6; 19:30x6
ff_clean,USD,Housing Starts,2016,12,20:30x6; 19:30x6
ff_clean,USD,Housing Starts,2017,12,20:30x6; 19:30x6
ff_clean,USD,Housing Starts,2018,11,19:30x6; 20:30x5
ff_clean,USD,Housing Starts,2023,1,11:30x1
ff_clean,USD,ISM Manufacturing PMI,2015,12,14:00x6; 15:00x5; 13:45x1
ff_clean,USD,ISM Manufacturing PMI,2016,12,14:00x7; 15:00x4; 19:30x1
ff_clean,USD,ISM Manufacturing PMI,2017,12,14:00x8; 15:00x3; 20:30x1
ff_clean,USD,ISM Manufacturing PMI,2018,12,14:00x8; 15:00x3; 20:30x1
ff_clean,USD,ISM Manufacturing PMI,2019,12,14:00x8; 15:00x4
ff_clean,USD,ISM Manufacturing PMI,2020,12,14:00x7; 15:00x4; 20:30x1
ff_clean,USD,ISM Manufacturing PMI,2021,12,14:00x8; 15:00x3; 20:30x1
ff_clean,USD,ISM Manufacturing PMI,2022,12,14:00x7; 15:00x4; 19:30x1
ff_clean,USD,ISM Manufacturing PMI,2023,12,13:00x6; 15:00x4; 14:00x2
ff_clean,USD,ISM Manufacturing PMI,2024,12,13:00x6; 15:00x4; 20:30x1; 14:00x1
ff_clean,USD,ISM Manufacturing PMI,2025,4,15:00x3; 13:00x1
ff_clean,USD,ISM Manufacturing PMI,2026,2,14:00x2
ff_clean,USD,ISM Manufacturing Prices,2023,9,19:30x6; 20:30x3
ff_clean,USD,ISM Manufacturing Prices,2024,12,20:30x6; 19:30x6
ff_clean,USD,ISM Manufacturing Prices,2025,4,20:30x3; 19:30x1
ff_clean,USD,ISM Manufacturing Prices,2026,2,14:00x2
ff_clean,USD,ISM Services PMI,2015,12,14:00x5; 20:30x4; 19:30x2; 15:00x1
ff_clean,USD,ISM Services PMI,2016,12,14:00x8; 15:00x4
ff_clean,USD,ISM Services PMI,2017,12,14:00x7; 15:00x4; 19:30x1
ff_clean,USD,ISM Services PMI,2018,12,14:00x7; 15:00x3; 20:30x2
ff_clean,USD,ISM Services PMI,2019,12,14:00x6; 20:30x3; 15:00x3
ff_clean,USD,ISM Services PMI,2020,12,14:00x5; 15:00x3; 20:30x2; 19:30x2
ff_clean,USD,ISM Services PMI,2021,12,14:00x8; 15:00x3; 20:30x1
ff_clean,USD,ISM Services PMI,2022,12,14:00x7; 15:00x3; 20:30x1; 19:30x1
ff_clean,USD,ISM Services PMI,2023,12,13:00x4; 15:00x3; 19:30x2; 14:00x2
ff_clean,USD,ISM Services PMI,2024,12,13:00x6; 15:00x4; 20:30x1; 14:00x1
ff_clean,USD,ISM Services PMI,2025,4,15:00x2; 20:30x1; 13:00x1
ff_clean,USD,ISM Services PMI,2026,2,14:00x2
ff_clean,USD,Import Prices m/m,2015,12,19:30x6; 20:30x5; 13:30x1
ff_clean,USD,Import Prices m/m,2016,12,20:30x5; 12:30x3; 19:30x3; 13:30x1
ff_clean,USD,Import Prices m/m,2017,12,20:30x5; 12:30x4; 19:30x3
ff_clean,USD,Import Prices m/m,2018,2,20:30x2
ff_clean,USD,Industrial Production m/m,2015,12,20:30x6; 19:30x6
ff_clean,USD,Industrial Production m/m,2016,12,20:30x6; 19:30x6
ff_clean,USD,Industrial Production m/m,2017,12,20:30x6; 19:30x6
ff_clean,USD,Industrial Production m/m,2018,7,19:30x4; 20:30x3
ff_clean,USD,Industrial Production m/m,2019,1,13:15x1
ff_clean,USD,Industrial Production m/m,2020,1,13:15x1
ff_clean,USD,Industrial Production m/m,2021,8,13:15x6; 14:15x2
ff_clean,USD,Industrial Production m/m,2022,3,14:15x2; 13:15x1
ff_clean,USD,Industrial Production m/m,2023,7,12:15x4; 14:15x2; 13:15x1
ff_clean,USD,Industrial Production m/m,2024,7,12:15x4; 14:15x2; 13:15x1
ff_clean,USD,JOLTS Job Openings,2015,12,14:00x4; 15:00x3; 19:30x2; 14:02x1
ff_clean,USD,JOLTS Job Openings,2016,12,14:00x5; 15:00x2; 19:30x2; 20:30x2
ff_clean,USD,JOLTS Job Openings,2017,10,14:00x8; 15:00x1; 20:30x1
ff_clean,USD,JOLTS Job Openings,2021,6,19:30x3; 14:00x1; 15:00x1; 20:30x1
ff_clean,USD,JOLTS Job Openings,2022,12,14:00x5; 20:30x3; 15:00x2; 19:30x2
ff_clean,USD,JOLTS Job Openings,2023,12,20:30x5; 13:00x3; 19:30x3; 14:00x1
ff_clean,USD,JOLTS Job Openings,2024,12,20:30x5; 13:00x4; 19:30x2; 15:00x1
ff_clean,USD,JOLTS Job Openings,2025,4,20:30x1; 15:00x1; 14:00x1; 19:30x1
ff_clean,USD,JOLTS Job Openings,2026,2,14:00x2
ff_clean,USD,Mortgage Delinquencies,2015,4,20:30x1; 19:30x1; 14:00x1; 15:00x1
ff_clean,USD,Mortgage Delinquencies,2016,4,15:00x2; 14:00x2
ff_clean,USD,Mortgage Delinquencies,2017,4,20:30x1; 14:00x1; 19:30x1; 15:00x1
ff_clean,USD,Mortgage Delinquencies,2018,2,15:00x1; 14:00x1
ff_clean,USD,NAHB Housing Market Index,2015,6,14:00x3; 20:30x1; 15:00x1; 19:30x1
ff_clean,USD,New Home Sales,2015,12,14:00x5; 19:30x3; 20:30x2; 15:00x2
ff_clean,USD,New Home Sales,2016,12,14:00x5; 15:00x4; 19:30x3
ff_clean,USD,New Home Sales,2017,12,14:00x4; 15:00x3; 20:30x3; 19:30x2
ff_clean,USD,New Home Sales,2018,2,15:00x2
ff_clean,USD,New Home Sales,2020,2,15:00x1; 14:00x1
ff_clean,USD,New Home Sales,2022,4,20:30x2; 19:30x1; 15:00x1
ff_clean,USD,New Home Sales,2023,12,19:30x4; 15:00x3; 20:30x3; 13:00x2
ff_clean,USD,New Home Sales,2024,12,13:00x4; 15:00x2; 19:30x2; 14:00x2
ff_clean,USD,New Home Sales,2025,3,15:00x2; 19:30x1
ff_clean,USD,Non-Farm Employment Change,2015,12,20:30x6; 19:30x4; 12:30x2
ff_clean,USD,Non-Farm Employment Change,2016,12,20:30x6; 19:30x6
ff_clean,USD,Non-Farm Employment Change,2017,12,20:30x6; 19:30x6
ff_clean,USD,Non-Farm Employment Change,2018,12,20:30x6; 19:30x6
ff_clean,USD,Non-Farm Employment Change,2019,12,20:30x6; 19:30x6
ff_clean,USD,Non-Farm Employment Change,2020,12,20:30x6; 19:30x6
ff_clean,USD,Non-Farm Employment Change,2021,12,20:30x6; 19:30x6
ff_clean,USD,Non-Farm Employment Change,2022,12,20:30x6; 19:30x6
ff_clean,USD,Non-Farm Employment Change,2023,12,20:30x6; 19:30x6
ff_clean,USD,Non-Farm Employment Change,2024,12,20:30x6; 19:30x6
ff_clean,USD,Non-Farm Employment Change,2025,4,20:30x3; 19:30x1
ff_clean,USD,Non-Farm Employment Change,2026,2,12:30x2
ff_clean,USD,PPI m/m,2015,12,20:30x5; 19:30x4; 12:30x2; 13:30x1
ff_clean,USD,PPI m/m,2016,12,20:30x6; 19:30x6
ff_clean,USD,PPI m/m,2017,12,19:30x4; 13:30x3; 12:30x3; 20:30x2
ff_clean,USD,PPI m/m,2018,12,19:30x5; 20:30x4; 13:30x2; 12:30x1
ff_clean,USD,PPI m/m,2019,12,20:30x5; 19:30x5; 13:30x1; 12:30x1
ff_clean,USD,PPI m/m,2020,11,20:30x6; 19:30x5
ff_clean,USD,PPI m/m,2021,7,19:30x3; 13:30x2; 12:30x1; 20:30x1
ff_clean,USD,PPI m/m,2022,12,12:30x4; 20:30x3; 19:30x3; 13:30x2
ff_clean,USD,PPI m/m,2023,12,20:30x6; 19:30x6
ff_clean,USD,PPI m/m,2024,12,20:30x6; 19:30x6
ff_clean,USD,PPI m/m,2025,3,20:30x3
ff_clean,USD,PPI m/m,2026,1,12:30x1
ff_clean,USD,Pending Home Sales m/m,2015,12,14:00x8; 15:00x4
ff_clean,USD,Pending Home Sales m/m,2016,12,14:00x7; 15:00x4; 20:30x1
ff_clean,USD,Pending Home Sales m/m,2017,12,14:00x8; 15:00x2; 20:30x2
ff_clean,USD,Pending Home Sales m/m,2018,2,15:00x2
ff_clean,USD,Pending Home Sales m/m,2020,9,14:00x7; 15:00x2
ff_clean,USD,Pending Home Sales m/m,2021,9,14:00x8; 15:00x1
ff_clean,USD,Pending Home Sales m/m,2022,8,14:00x6; 15:00x1; 20:30x1
ff_clean,USD,Pending Home Sales m/m,2023,12,13:00x6; 15:00x4; 14:00x2
ff_clean,USD,Pending Home Sales m/m,2024,12,13:00x6; 15:00x3; 14:00x2; 20:30x1
ff_clean,USD,Pending Home Sales m/m,2025,3,15:00x2; 13:00x1
ff_clean,USD,Personal Spending m/m,2015,12,19:30x6; 20:30x5; 00:50x1
ff_clean,USD,Personal Spending m/m,2016,12,20:30x6; 19:30x6
ff_clean,USD,Personal Spending m/m,2017,12,20:30x6; 19:30x6
ff_clean,USD,Personal Spending m/m,2018,12,20:30x6; 19:30x6
ff_clean,USD,Personal Spending m/m,2019,12,19:30x7; 20:30x5
ff_clean,USD,Personal Spending m/m,2020,9,19:30x5; 20:30x4
ff_clean,USD,Philly Fed Manufacturing Index,2015,12,14:00x6; 15:00x2; 19:30x2; 20:30x1
ff_clean,USD,Philly Fed Manufacturing Index,2016,12,20:30x6; 19:30x6
ff_clean,USD,Philly Fed Manufacturing Index,2017,12,20:30x5; 19:30x5; 12:30x1; 13:38x1
ff_clean,USD,Philly Fed Manufacturing Index,2018,11,20:30x5; 19:30x5; 12:32x1
ff_clean,USD,Philly Fed Manufacturing Index,2019,12,20:30x6; 19:30x5; 12:30x1
ff_clean,USD,Philly Fed Manufacturing Index,2020,12,20:30x4; 19:30x3; 12:30x3; 12:32x1
ff_clean,USD,Philly Fed Manufacturing Index,2021,12,20:30x5; 19:30x4; 12:30x2; 13:29x1
ff_clean,USD,Philly Fed Manufacturing Index,2022,12,19:30x5; 12:30x3; 13:30x2; 20:30x2
ff_clean,USD,Philly Fed Manufacturing Index,2023,12,20:30x6; 19:30x6
ff_clean,USD,Philly Fed Manufacturing Index,2024,12,19:30x7; 20:30x5
ff_clean,USD,Philly Fed Manufacturing Index,2025,3,20:30x3
ff_clean,USD,Philly Fed Manufacturing Index,2026,1,12:30x1
ff_clean,USD,Prelim Benchmark Payrolls Revision,2026,1,14:00x1
ff_clean,USD,Prelim GDP Price Index q/q,2023,3,19:30x2; 20:30x1
ff_clean,USD,Prelim GDP Price Index q/q,2024,4,20:30x2; 19:30x2
ff_clean,USD,Prelim GDP Price Index q/q,2025,1,20:30x1
ff_clean,USD,Prelim GDP Price Index q/q,2026,1,12:30x1
ff_clean,USD,Prelim GDP q/q,2015,4,13:30x2; 19:30x2
ff_clean,USD,Prelim GDP q/q,2016,4,12:30x2; 13:30x1; 20:30x1
ff_clean,USD,Prelim GDP q/q,2017,4,19:30x2; 20:30x1; 13:30x1
ff_clean,USD,Prelim GDP q/q,2018,4,19:30x2; 20:30x1; 13:30x1
ff_clean,USD,Prelim GDP q/q,2019,3,19:30x2; 20:30x1
ff_clean,USD,Prelim GDP q/q,2020,4,19:30x2; 20:30x1; 13:30x1
ff_clean,USD,Prelim GDP q/q,2021,4,13:30x2; 12:30x2
ff_clean,USD,Prelim GDP q/q,2022,4,13:30x2; 19:30x1; 12:30x1
ff_clean,USD,Prelim GDP q/q,2023,4,20:30x2; 11:30x2
ff_clean,USD,Prelim GDP q/q,2024,4,19:30x2; 20:30x1; 13:30x1
ff_clean,USD,Prelim GDP q/q,2025,1,20:30x1
ff_clean,USD,Prelim GDP q/q,2026,1,12:30x1
ff_clean,USD,Prelim Nonfarm Productivity q/q,2015,4,20:30x2; 19:30x2
ff_clean,USD,Prelim Nonfarm Productivity q/q,2016,4,20:30x2; 19:30x1; 12:30x1
ff_clean,USD,Prelim Nonfarm Productivity q/q,2017,4,20:30x2; 19:30x2
ff_clean,USD,Prelim Nonfarm Productivity q/q,2018,2,13:30x1; 19:30x1
ff_clean,USD,Prelim Unit Labor Costs q/q,2015,4,20:30x2; 12:30x2
ff_clean,USD,Prelim Unit Labor Costs q/q,2016,4,20:30x2; 19:30x2
ff_clean,USD,Prelim Unit Labor Costs q/q,2017,4,20:30x2; 19:30x2
ff_clean,USD,Prelim Unit Labor Costs q/q,2018,2,20:30x1; 19:30x1
ff_clean,USD,Prelim UoM Consumer Sentiment,2015,12,14:00x8; 15:00x4
ff_clean,USD,Prelim UoM Consumer Sentiment,2016,12,14:00x8; 15:00x4
ff_clean,USD,Prelim UoM Consumer Sentiment,2017,12,14:00x8; 15:00x4
ff_clean,USD,Prelim UoM Consumer Sentiment,2018,12,14:00x8; 15:00x4
ff_clean,USD,Prelim UoM Consumer Sentiment,2019,12,14:00x8; 15:00x4
ff_clean,USD,Prelim UoM Consumer Sentiment,2020,11,14:00x6; 15:00x3; 19:30x2
ff_clean,USD,Prelim UoM Consumer Sentiment,2021,9,14:00x7; 20:30x1; 15:00x1
ff_clean,USD,Prelim UoM Consumer Sentiment,2022,12,14:00x7; 15:00x5
ff_clean,USD,Prelim UoM Consumer Sentiment,2023,12,13:00x6; 15:00x4; 14:00x2
ff_clean,USD,Prelim UoM Consumer Sentiment,2024,12,13:00x6; 15:00x3; 14:00x2; 20:30x1
ff_clean,USD,Prelim UoM Consumer Sentiment,2025,3,15:00x2; 14:00x1
ff_clean,USD,Prelim UoM Consumer Sentiment,2026,1,14:00x1
ff_clean,USD,Prelim UoM Inflation Expectations,2022,4,20:30x3; 19:30x1
ff_clean,USD,Prelim UoM Inflation Expectations,2023,12,20:30x6; 19:30x6
ff_clean,USD,Prelim UoM Inflation Expectations,2024,12,20:30x6; 19:30x6
ff_clean,USD,Prelim UoM Inflation Expectations,2025,3,20:30x3
ff_clean,USD,Prelim UoM Inflation Expectations,2026,1,14:00x1
ff_clean,USD,President Biden Speaks,2021,5,00:15x1; 16:52x1; 20:20x1; 17:45x1
ff_clean,USD,President Biden Speaks,2024,1,00:00x1
ff_clean,USD,President Trump Speaks,2017,11,20:00x2; 16:00x1; 17:00x1; 17:30x1
ff_clean,USD,President Trump Speaks,2018,7,15:00x2; 13:07x1; 02:00x1; 16:00x1
ff_clean,USD,President Trump Speaks,2019,5,02:00x2; 18:30x1; 17:45x1; 17:00x1
ff_clean,USD,President Trump Speaks,2020,47,19:30x4; 21:00x3; 21:30x2; 21:43x2
ff_clean,USD,President Trump Speaks,2025,29,19:00x3; 16:00x2; 20:30x2; 19:39x2
ff_clean,USD,President Trump Speaks,2026,4,18:50x1; 19:00x1; 18:30x1; 23:00x1
ff_clean,USD,Presidential Election,2016,1,20:29x1
ff_clean,USD,Presidential Election,2020,1,20:29x1
ff_clean,USD,Presidential Election,2024,1,20:29x1
ff_clean,USD,Retail Sales m/m,2015,12,20:30x6; 19:30x6
ff_clean,USD,Retail Sales m/m,2016,12,20:30x6; 19:30x6
ff_clean,USD,Retail Sales m/m,2017,12,20:30x6; 19:30x6
ff_clean,USD,Retail Sales m/m,2018,12,20:30x6; 19:30x6
ff_clean,USD,Retail Sales m/m,2019,12,19:30x7; 20:30x5
ff_clean,USD,Retail Sales m/m,2020,12,20:30x6; 19:30x6
ff_clean,USD,Retail Sales m/m,2021,12,20:30x6; 19:30x6
ff_clean,USD,Retail Sales m/m,2022,12,20:30x6; 19:30x6
ff_clean,USD,Retail Sales m/m,2023,12,20:30x6; 19:30x6
ff_clean,USD,Retail Sales m/m,2024,12,20:30x6; 19:30x6
ff_clean,USD,Retail Sales m/m,2025,3,20:30x3
ff_clean,USD,Retail Sales m/m,2026,1,12:30x1
ff_clean,USD,Revised Nonfarm Productivity q/q,2015,4,20:30x2; 19:30x1; 12:30x1
ff_clean,USD,Revised Nonfarm Productivity q/q,2016,4,20:30x2; 12:30x1; 19:30x1
ff_clean,USD,Revised Nonfarm Productivity q/q,2017,2,20:30x1; 12:30x1
ff_clean,USD,Revised UoM Consumer Sentiment,2015,12,14:00x6; 20:30x4; 15:00x1; 19:30x1
ff_clean,USD,Revised UoM Consumer Sentiment,2016,12,14:00x6; 20:30x3; 19:30x2; 15:00x1
ff_clean,USD,Revised UoM Consumer Sentiment,2017,12,14:00x5; 20:30x4; 19:30x2; 15:00x1
ff_clean,USD,Revised UoM Consumer Sentiment,2018,11,14:00x5; 15:00x3; 20:30x2; 19:30x1
ff_clean,USD,Revised UoM Consumer Sentiment,2019,7,14:00x5; 20:30x2
ff_clean,USD,Revised UoM Consumer Sentiment,2020,7,14:00x6; 15:00x1
ff_clean,USD,Revised UoM Consumer Sentiment,2021,6,14:00x3; 20:30x2; 19:30x1
ff_clean,USD,Revised UoM Consumer Sentiment,2022,11,14:00x6; 15:00x2; 20:30x2; 19:30x1
ff_clean,USD,Revised UoM Consumer Sentiment,2023,12,13:00x6; 20:30x3; 14:00x2; 15:00x1
ff_clean,USD,Revised UoM Consumer Sentiment,2024,12,13:00x5; 15:00x2; 20:30x2; 14:00x2
ff_clean,USD,Revised UoM Consumer Sentiment,2025,3,20:30x2; 13:00x1
ff_clean,USD,Revised UoM Consumer Sentiment,2026,2,14:00x2
ff_clean,USD,Revised UoM Inflation Expectations,2026,2,14:00x2
ff_clean,USD,Richmond Manufacturing Index,2019,3,13:59x2; 14:59x1
ff_clean,USD,Richmond Manufacturing Index,2020,3,14:59x2; 13:59x1
ff_clean,USD,Richmond Manufacturing Index,2021,1,13:59x1
ff_clean,USD,Richmond Manufacturing Index,2022,6,13:59x4; 20:30x2
ff_clean,USD,Richmond Manufacturing Index,2023,12,12:59x5; 14:59x4; 13:59x2; 19:30x1
ff_clean,USD,Richmond Manufacturing Index,2024,12,12:59x6; 14:59x4; 13:59x2
ff_clean,USD,Richmond Manufacturing Index,2025,3,14:59x1; 20:30x1; 12:59x1
ff_clean,USD,S&P/CS Composite-20 HPI y/y,2023,4,12:00x1; 13:03x1; 13:00x1; 20:30x1
ff_clean,USD,S&P/CS Composite-20 HPI y/y,2024,12,12:00x6; 14:00x4; 13:00x2
ff_clean,USD,S&P/CS Composite-20 HPI y/y,2025,3,14:00x1; 20:30x1; 12:00x1
ff_clean,USD,Trade Balance,2015,12,20:30x6; 19:30x6
ff_clean,USD,Trade Balance,2016,11,20:30x6; 19:30x5
ff_clean,USD,Trade Balance,2017,11,20:30x6; 19:30x5
ff_clean,USD,Treasury Currency Report,2015,2,20:30x2
ff_clean,USD,Treasury Currency Report,2016,2,20:00x1; 19:00x1
ff_clean,USD,Treasury Currency Report,2017,2,21:00x2
ff_clean,USD,Treasury Currency Report,2018,2,21:00x2
ff_clean,USD,Treasury Currency Report,2019,1,22:00x1
ff_clean,USD,Treasury Currency Report,2020,2,22:00x1; 20:30x1
ff_clean,USD,Treasury Currency Report,2021,2,13:00x1; 14:00x1
ff_clean,USD,Treasury Currency Report,2022,2,13:00x1; 14:00x1
ff_clean,USD,Treasury Currency Report,2023,2,17:00x1; 21:00x1
ff_clean,USD,Treasury Currency Report,2024,2,19:00x1; 21:00x1
ff_clean,USD,Treasury Sec Bessent Speaks,2026,2,18:00x1; 17:00x1
ff_clean,USD,Treasury Sec Lew Speaks,2015,3,14:00x1; 20:30x1; 18:30x1
ff_clean,USD,Treasury Sec Lew Speaks,2016,1,12:30x1
ff_clean,USD,Treasury Sec Lew Speaks,2017,1,15:00x1
ff_clean,USD,Treasury Sec Mnuchin Speaks,2017,6,12:00x1; 17:15x1; 20:15x1; 14:45x1
ff_clean,USD,Treasury Sec Mnuchin Speaks,2020,3,20:30x2; 14:00x1
ff_clean,USD,Treasury Sec Yellen Speaks,2021,7,20:30x3; 14:00x2; 15:00x1; 16:30x1
ff_clean,USD,Treasury Sec Yellen Speaks,2022,9,19:30x2; 16:30x1; 14:30x1; 13:45x1
ff_clean,USD,Treasury Sec Yellen Speaks,2023,7,14:00x1; 20:30x1; 19:30x1; 18:00x1
ff_clean,USD,Treasury Sec Yellen Speaks,2024,5,19:30x2; 15:00x1; 15:15x1; 19:00x1
ff_clean,USD,Unemployment Claims,2015,52,19:30x20; 20:30x19; 12:30x8; 13:30x5
ff_clean,USD,Unemployment Claims,2016,52,19:30x22; 20:30x20; 13:30x5; 12:30x5
ff_clean,USD,Unemployment Claims,2017,52,19:30x24; 20:30x21; 12:30x4; 13:30x3
ff_clean,USD,Unemployment Claims,2018,32,19:30x17; 20:30x11; 12:30x4
ff_clean,USD,Unemployment Claims,2019,1,19:30x1
ff_clean,USD,Unemployment Claims,2020,40,19:30x19; 20:30x10; 12:30x9; 13:30x2
ff_clean,USD,Unemployment Claims,2021,42,19:30x19; 20:30x13; 12:30x6; 13:30x4
ff_clean,USD,Unemployment Claims,2022,52,20:30x22; 19:30x22; 12:30x5; 13:30x3
ff_clean,USD,Unemployment Claims,2023,52,19:30x19; 20:30x18; 13:30x7; 11:30x7
ff_clean,USD,Unemployment Claims,2024,52,19:30x19; 20:30x17; 11:30x8; 13:30x6
ff_clean,USD,Unemployment Claims,2025,14,20:30x9; 13:30x3; 19:30x2
ff_clean,USD,Unemployment Claims,2026,7,12:30x7
ff_clean,USD,Unemployment Rate,2015,12,20:30x6; 19:30x6
ff_clean,USD,Unemployment Rate,2016,12,20:30x6; 19:30x6
ff_clean,USD,Unemployment Rate,2017,12,20:30x6; 19:30x6
ff_clean,USD,Unemployment Rate,2018,12,20:30x6; 19:30x6
ff_clean,USD,Unemployment Rate,2019,12,20:30x6; 19:30x6
ff_clean,USD,Unemployment Rate,2020,12,20:30x6; 19:30x6
ff_clean,USD,Unemployment Rate,2021,12,20:30x6; 19:30x6
ff_clean,USD,Unemployment Rate,2022,12,20:30x6; 19:30x6
ff_clean,USD,Unemployment Rate,2023,12,20:30x6; 19:30x6
ff_clean,USD,Unemployment Rate,2024,12,20:30x6; 19:30x6
ff_clean,USD,Unemployment Rate,2025,4,20:30x3; 19:30x1
ff_clean,USD,Unemployment Rate,2026,2,12:30x2
primary,EUR,CPI Flash Estimate y/y,2015,12,19:30x5; 10:00x3; 20:30x3; 09:00x1
primary,EUR,CPI Flash Estimate y/y,2016,12,19:30x6; 20:30x5; 10:00x1
primary,EUR,CPI Flash Estimate y/y,2017,12,19:30x6; 20:30x5; 10:00x1
primary,EUR,CPI Flash Estimate y/y,2018,12,19:30x6; 20:30x4; 10:00x2
primary,EUR,CPI Flash Estimate y/y,2019,12,19:30x5; 20:30x3; 09:00x2; 10:00x2
primary,EUR,CPI Flash Estimate y/y,2020,12,19:30x6; 10:00x3; 20:30x3
primary,EUR,CPI Flash Estimate y/y,2021,12,20:30x6; 19:30x5; 09:00x1
primary,EUR,CPI Flash Estimate y/y,2022,12,20:30x6; 09:00x3; 19:30x3
primary,EUR,CPI Flash Estimate y/y,2023,12,20:30x6; 19:30x5; 08:00x1
primary,EUR,CPI Flash Estimate y/y,2024,12,20:30x6; 19:30x5; 08:00x1
primary,EUR,CPI Flash Estimate y/y,2025,4,20:30x3; 19:30x1
primary,EUR,CPI Flash Estimate y/y,2026,2,09:00x2
primary,EUR,Consumer Confidence,2015,12,14:00x6; 15:00x4; 14:59x1; 13:54x1
primary,EUR,Consumer Confidence,2016,12,14:00x7; 15:00x4; 14:58x1
primary,EUR,Consumer Confidence,2017,12,15:00x5; 14:00x5; 13:56x1; 13:55x1
primary,EUR,Consumer Confidence,2018,12,14:00x5; 15:00x3; 13:55x1; 13:57x1
primary,EUR,Consumer Confidence,2019,12,15:00x2; 14:56x1; 14:54x1; 13:54x1
primary,EUR,Consumer Confidence,2020,12,13:52x2; 14:55x1; 14:57x1; 15:00x1
primary,EUR,Consumer Confidence,2021,12,14:00x2; 14:30x1; 14:10x1; 14:28x1
primary,EUR,Consumer Confidence,2022,12,14:00x5; 14:57x2; 13:46x2; 15:00x2
primary,EUR,Consumer Confidence,2023,12,15:00x4; 13:00x4; 13:57x1; 13:02x1
primary,EUR,Consumer Confidence,2024,12,13:00x6; 15:00x5; 20:30x1
primary,EUR,Consumer Confidence,2025,3,15:00x3
primary,EUR,Core CPI Flash Estimate y/y,2015,12,09:00x6; 20:30x3; 10:00x2; 19:30x1
primary,EUR,Core CPI Flash Estimate y/y,2016,12,09:00x7; 10:00x4; 20:30x1
primary,EUR,Core CPI Flash Estimate y/y,2017,12,09:00x7; 10:00x4; 20:30x1
primary,EUR,Core CPI Flash Estimate y/y,2018,12,09:00x7; 10:00x3; 20:30x2
primary,EUR,Core CPI Flash Estimate y/y,2019,12,09:00x5; 10:00x3; 20:30x3; 19:30x1
primary,EUR,Core CPI Flash Estimate y/y,2020,12,09:00x6; 20:30x3; 10:00x2; 19:30x1
primary,EUR,Core CPI Flash Estimate y/y,2021,12,09:00x7; 10:00x4; 19:30x1
primary,EUR,Core CPI Flash Estimate y/y,2022,12,10:00x5; 09:00x4; 19:30x3
primary,EUR,Core CPI Flash Estimate y/y,2023,12,10:00x5; 08:00x5; 19:30x1; 09:00x1
primary,EUR,Core CPI Flash Estimate y/y,2024,12,10:00x5; 08:00x5; 19:30x1; 09:00x1
primary,EUR,Core CPI Flash Estimate y/y,2025,4,10:00x3; 08:00x1
primary,EUR,Core CPI Flash Estimate y/y,2026,2,09:00x2
primary,EUR,Dutch Parliamentary Election,2017,1,20:29x1
primary,EUR,Dutch Parliamentary Election,2021,1,20:29x1
primary,EUR,Dutch Parliamentary Election,2023,1,20:29x1
primary,EUR,EBA Bank Stress Test Results,2016,1,20:00x1
primary,EUR,ECB Economic Bulletin,2015,8,08:00x4; 09:00x3; 20:30x1
primary,EUR,ECB Economic Bulletin,2016,8,09:00x4; 08:00x3; 19:30x1
primary,EUR,ECB Economic Bulletin,2017,8,09:00x4; 08:00x3; 19:30x1
primary,EUR,ECB Economic Bulletin,2018,8,20:30x3; 08:00x3; 19:30x1; 09:00x1
primary,EUR,ECB Economic Bulletin,2019,8,09:00x3; 08:00x3; 19:30x1; 20:30x1
primary,EUR,ECB Economic Bulletin,2020,7,09:00x3; 08:00x2; 19:30x2
primary,EUR,ECB Economic Bulletin,2021,8,09:00x4; 08:00x2; 19:30x1; 20:30x1
primary,EUR,ECB Economic Bulletin,2022,8,09:00x4; 08:00x3; 20:30x1
primary,EUR,ECB Economic Bulletin,2023,8,07:00x4; 09:00x3; 14:03x1
primary,EUR,ECB Economic Bulletin,2024,8,09:00x3; 19:30x2; 07:00x2; 20:30x1
primary,EUR,ECB Economic Bulletin,2025,3,09:00x2; 20:30x1
primary,EUR,ECB Financial Stability Review,2015,2,08:00x1; 10:00x1
primary,EUR,ECB Financial Stability Review,2016,2,12:00x1; 09:08x1
primary,EUR,ECB Financial Stability Review,2017,2,08:00x1; 10:00x1
primary,EUR,ECB Financial Stability Review,2018,2,08:00x1; 11:30x1
primary,EUR,ECB Financial Stability Review,2019,2,19:30x1; 09:00x1
primary,EUR,ECB Financial Stability Review,2020,2,13:00x1; 09:30x1
primary,EUR,ECB Financial Stability Review,2021,2,08:00x1; 09:00x1
primary,EUR,ECB Financial Stability Review,2022,2,19:30x1; 09:00x1
primary,EUR,ECB Financial Stability Review,2023,2,19:30x1; 09:00x1
primary,EUR,ECB Financial Stability Review,2024,2,07:00x1; 09:00x1
primary,EUR,ECB Monetary Policy Meeting Accounts,2015,7,11:30x5; 12:30x2
primary,EUR,ECB Monetary Policy Meeting Accounts,2016,8,11:30x5; 12:30x3
primary,EUR,ECB Monetary Policy Meeting Accounts,2017,8,11:30x5; 12:30x3
primary,EUR,ECB Monetary Policy Meeting Accounts,2018,8,11:30x5; 12:30x3
primary,EUR,ECB Monetary Policy Meeting Accounts,2019,8,11:30x5; 12:30x3
primary,EUR,ECB Monetary Policy Meeting Accounts,2020,8,11:30x5; 12:30x3
primary,EUR,ECB Monetary Policy Meeting Accounts,2021,9,11:30x6; 12:30x3
primary,EUR,ECB Monetary Policy Meeting Accounts,2022,8,11:30x5; 12:30x3
primary,EUR,ECB Monetary Policy Meeting Accounts,2023,8,10:30x4; 12:30x3; 11:30x1
primary,EUR,ECB Monetary Policy Meeting Accounts,2024,8,10:30x4; 12:30x3; 11:30x1
primary,EUR,ECB Monetary Policy Meeting Accounts,2025,3,12:30x2; 10:30x1
primary,EUR,ECB President Draghi Speaks,2015,25,08:00x4; 14:00x2; 20:30x2; 16:30x1
primary,EUR,ECB President Draghi Speaks,2016,25,14:00x5; 16:00x2; 07:00x2; 15:00x2
primary,EUR,ECB President Draghi Speaks,2017,32,13:30x3; 08:00x2; 14:00x2; 17:00x2
primary,EUR,ECB President Draghi Speaks,2018,22,13:00x3; 08:00x2; 08:30x2; 16:00x1
primary,EUR,ECB President Draghi Speaks,2019,13,15:00x2; 20:30x2; 08:00x2; 15:30x1
primary,EUR,ECB President Lagarde Speaks,2019,5,08:50x1; 19:30x1; 08:27x1; 14:00x1
primary,EUR,ECB President Lagarde Speaks,2020,36,08:00x3; 13:00x3; 09:30x2; 07:30x2
primary,EUR,ECB President Lagarde Speaks,2021,47,10:00x4; 11:00x3; 14:00x3; 12:00x3
primary,EUR,ECB President Lagarde Speaks,2022,45,13:00x4; 15:00x4; 09:30x3; 20:30x3
primary,EUR,ECB President Lagarde Speaks,2023,48,14:00x6; 13:00x4; 10:00x3; 20:30x3
primary,EUR,ECB President Lagarde Speaks,2024,33,14:00x5; 20:30x4; 15:15x2; 13:00x2
primary,EUR,ECB President Lagarde Speaks,2025,9,15:15x1; 10:00x1; 08:10x1; 16:15x1
primary,EUR,ECB President Lagarde Speaks,2026,2,07:10x1; 10:15x1
primary,EUR,ECB Press Conference,2015,8,19:30x4; 13:30x3; 20:30x1
primary,EUR,ECB Press Conference,2016,8,12:30x3; 20:30x2; 19:30x2; 13:30x1
primary,EUR,ECB Press Conference,2017,8,20:30x3; 12:30x3; 19:30x2
primary,EUR,ECB Press Conference,2018,8,20:30x3; 12:30x3; 19:30x2
primary,EUR,ECB Press Conference,2019,8,12:30x3; 13:30x2; 19:30x2; 20:30x1
primary,EUR,ECB Press Conference,2020,8,13:30x4; 19:30x3; 12:30x1
primary,EUR,ECB Press Conference,2021,8,12:30x4; 20:30x2; 13:30x1; 19:30x1
primary,EUR,ECB Press Conference,2022,8,12:45x3; 13:30x2; 19:30x1; 12:30x1
primary,EUR,ECB Press Conference,2023,8,11:45x4; 13:45x3; 12:45x1
primary,EUR,ECB Press Conference,2024,8,11:45x4; 13:45x3; 12:45x1
primary,EUR,ECB Press Conference,2025,2,13:45x2
primary,EUR,ECB Press Conference,2026,1,12:45x1
primary,EUR,ECOFIN Meetings,2015,11,20:29x6; 19:29x5
primary,EUR,ECOFIN Meetings,2016,11,20:29x6; 19:29x5
primary,EUR,ECOFIN Meetings,2017,10,20:29x6; 19:29x4
primary,EUR,ECOFIN Meetings,2019,1,20:29x1
primary,EUR,EU Economic Forecasts,2015,3,10:00x2; 09:00x1
primary,EUR,EU Economic Forecasts,2016,3,10:00x2; 09:00x1
primary,EUR,EU Economic Forecasts,2017,3,10:00x2; 08:00x1
primary,EUR,EU Economic Forecasts,2018,4,10:00x2; 11:30x1; 19:30x1
primary,EUR,EU Economic Forecasts,2019,4,10:00x2; 11:50x1; 09:15x1
primary,EUR,EU Economic Forecasts,2020,4,10:00x2; 09:00x2
primary,EUR,EU Economic Forecasts,2021,4,10:00x2; 09:00x2
primary,EUR,EU Economic Forecasts,2022,4,09:00x2; 20:30x1; 10:00x1
primary,EUR,EU Economic Forecasts,2023,1,09:00x1
primary,EUR,EU Economic Summit,2015,5,20:29x3; 19:29x2
primary,EUR,EU Economic Summit,2016,5,19:29x3; 20:29x2
primary,EUR,EU Economic Summit,2018,5,20:29x3; 19:29x2
primary,EUR,EU Economic Summit,2019,3,20:29x3
primary,EUR,EU Economic Summit,2020,11,19:29x6; 20:29x5
primary,EUR,EU Economic Summit,2021,2,19:29x2
primary,EUR,EU Economic Summit,2022,1,19:29x1
primary,EUR,Euro Summit,2015,3,19:29x3
primary,EUR,Euro Summit,2018,1,20:29x1
primary,EUR,Euro Summit,2020,1,20:29x1
primary,EUR,Euro Summit,2021,1,19:29x1
primary,EUR,Euro Summit,2023,2,19:29x1; 20:29x1
primary,EUR,Euro Summit,2024,1,19:29x1
primary,EUR,Euro Summit,2025,1,20:29x1
primary,EUR,Eurogroup Meetings,2015,28,19:29x17; 20:29x11
primary,EUR,Eurogroup Meetings,2016,12,20:29x6; 19:29x6
primary,EUR,Eurogroup Meetings,2017,10,20:29x6; 19:29x4
primary,EUR,Eurogroup Meetings,2019,1,20:29x1
primary,EUR,Eurogroup Meetings,2020,8,19:29x7; 20:29x1
primary,EUR,European Court of Justice Ruling,2015,2,08:35x1; 07:36x1
primary,EUR,European Parliamentary Elections,2019,1,19:29x1
primary,EUR,European Parliamentary Elections,2024,4,19:29x4
primary,EUR,Final CPI y/y,2015,12,09:00x4; 10:00x3; 19:30x3; 20:30x2
primary,EUR,Final CPI y/y,2016,12,09:00x7; 10:00x4; 20:30x1
primary,EUR,Final CPI y/y,2017,12,09:00x7; 10:00x4; 20:30x1
primary,EUR,Final CPI y/y,2018,12,09:00x6; 10:00x3; 20:30x3
primary,EUR,Final CPI y/y,2019,12,20:30x6; 19:30x6
primary,EUR,Final CPI y/y,2020,12,20:30x6; 19:30x6
primary,EUR,Final CPI y/y,2021,12,20:30x6; 19:30x6
primary,EUR,Final CPI y/y,2022,12,20:30x6; 19:30x6
primary,EUR,Final CPI y/y,2023,12,20:30x6; 19:30x6
primary,EUR,Final CPI y/y,2024,12,20:30x6; 19:30x6
primary,EUR,Final CPI y/y,2025,3,20:30x3
primary,EUR,Final Core CPI y/y,2015,12,20:30x6; 19:30x6
primary,EUR,Final Core CPI y/y,2016,12,20:30x6; 19:30x6
primary,EUR,Final Core CPI y/y,2017,12,19:30x6; 20:30x5; 10:00x1
primary,EUR,Final Core CPI y/y,2018,12,19:30x6; 20:30x3; 10:00x2; 09:00x1
primary,EUR,Final Core CPI y/y,2019,12,09:00x6; 10:00x5; 19:30x1
primary,EUR,Final Core CPI y/y,2020,12,09:00x7; 10:00x5
primary,EUR,Final Core CPI y/y,2021,12,09:00x7; 10:00x5
primary,EUR,Final Core CPI y/y,2022,12,09:00x7; 10:00x5
primary,EUR,Final Core CPI y/y,2023,12,08:00x6; 10:00x5; 09:00x1
primary,EUR,Final Core CPI y/y,2024,12,08:00x6; 10:00x5; 09:00x1
primary,EUR,Final Core CPI y/y,2025,3,10:00x3
primary,EUR,Final Employment Change q/q,2015,4,20:30x2; 19:30x2
primary,EUR,Final Employment Change q/q,2016,4,10:00x1; 09:00x1; 19:30x1; 20:30x1
primary,EUR,Final Employment Change q/q,2017,4,10:00x2; 09:00x1; 07:00x1
primary,EUR,Final Employment Change q/q,2018,4,10:00x2; 09:00x1; 19:30x1
primary,EUR,Final Employment Change q/q,2019,4,10:00x2; 09:00x2
primary,EUR,Final Employment Change q/q,2020,4,10:00x2; 09:00x2
primary,EUR,Final Employment Change q/q,2021,4,19:30x2; 10:00x1; 20:30x1
primary,EUR,Final Employment Change q/q,2022,4,10:00x2; 09:00x2
primary,EUR,Final Employment Change q/q,2023,4,08:00x2; 20:30x1; 10:00x1
primary,EUR,Final Employment Change q/q,2024,4,10:00x2; 08:00x2
primary,EUR,Final Employment Change q/q,2025,1,10:00x1
primary,EUR,Final Manufacturing PMI,2015,12,08:00x7; 09:00x5
primary,EUR,Final Manufacturing PMI,2016,12,08:00x7; 09:00x5
primary,EUR,Final Manufacturing PMI,2017,12,08:00x7; 09:00x5
primary,EUR,Final Manufacturing PMI,2018,12,08:00x7; 09:00x5
primary,EUR,Final Manufacturing PMI,2019,12,08:00x7; 09:00x5
primary,EUR,Final Manufacturing PMI,2020,12,08:00x7; 09:00x5
primary,EUR,Final Manufacturing PMI,2021,12,08:00x7; 09:00x5
primary,EUR,Final Manufacturing PMI,2022,12,08:00x7; 09:00x5
primary,EUR,Final Manufacturing PMI,2023,12,07:00x6; 09:00x5; 08:00x1
primary,EUR,Final Manufacturing PMI,2024,12,09:00x5; 07:00x5; 19:30x1; 08:00x1
primary,EUR,Final Manufacturing PMI,2025,4,09:00x3; 07:00x1
primary,EUR,Final Services PMI,2015,12,08:00x7; 09:00x5
primary,EUR,Final Services PMI,2016,12,08:00x7; 09:00x5
primary,EUR,Final Services PMI,2017,12,08:00x6; 09:00x5; 19:30x1
primary,EUR,Final Services PMI,2018,12,08:00x7; 09:00x5
primary,EUR,Final Services PMI,2019,12,08:00x7; 09:00x4; 20:30x1
primary,EUR,Final Services PMI,2020,12,08:00x7; 09:00x5
primary,EUR,Final Services PMI,2021,12,08:00x7; 09:00x5
primary,EUR,Final Services PMI,2022,12,08:00x7; 09:00x5
primary,EUR,Final Services PMI,2023,12,07:00x6; 09:00x5; 08:00x1
primary,EUR,Final Services PMI,2024,12,07:00x6; 09:00x5; 08:00x1
primary,EUR,Final Services PMI,2025,4,09:00x3; 07:00x1
primary,EUR,Flash Employment Change q/q,2018,1,20:30x1
primary,EUR,Flash Employment Change q/q,2019,4,20:30x1; 19:30x1; 09:00x1; 10:00x1
primary,EUR,Flash Employment Change q/q,2020,4,09:00x2; 10:00x1; 20:30x1
primary,EUR,Flash Employment Change q/q,2021,4,10:00x2; 09:00x2
primary,EUR,Flash Employment Change q/q,2022,4,20:30x2; 09:00x2
primary,EUR,Flash Employment Change q/q,2023,4,10:00x2; 19:30x1; 08:00x1
primary,EUR,Flash Employment Change q/q,2024,4,10:00x2; 19:30x1; 08:00x1
primary,EUR,Flash Employment Change q/q,2025,1,10:00x1
primary,EUR,Flash GDP q/q,2015,4,10:00x2; 09:00x1; 19:30x1
primary,EUR,Flash GDP q/q,2016,4,10:00x2; 09:00x2
primary,EUR,Flash GDP q/q,2017,4,09:00x2; 10:00x1; 20:30x1
primary,EUR,Flash GDP q/q,2018,4,10:00x2; 09:00x2
primary,EUR,Flash GDP q/q,2019,4,10:00x1; 09:00x1; 19:30x1; 20:30x1
primary,EUR,Flash GDP q/q,2020,4,20:30x2; 19:30x2
primary,EUR,Flash GDP q/q,2021,4,20:30x2; 19:30x2
primary,EUR,Flash GDP q/q,2022,4,20:30x2; 19:30x2
primary,EUR,Flash GDP q/q,2023,4,20:30x2; 19:30x2
primary,EUR,Flash GDP q/q,2024,4,20:30x2; 19:30x2
primary,EUR,Flash GDP q/q,2025,1,20:30x1
primary,EUR,Flash Manufacturing PMI,2015,12,08:00x7; 09:00x5
primary,EUR,Flash Manufacturing PMI,2016,12,08:00x7; 09:00x4; 19:30x1
primary,EUR,Flash Manufacturing PMI,2017,12,08:00x6; 09:00x5; 19:30x1
primary,EUR,Flash Manufacturing PMI,2018,12,08:00x6; 09:00x5; 19:30x1
primary,EUR,Flash Manufacturing PMI,2019,12,08:00x6; 09:00x5; 19:30x1
primary,EUR,Flash Manufacturing PMI,2020,12,08:00x7; 09:00x5
primary,EUR,Flash Manufacturing PMI,2021,12,08:00x7; 09:00x4; 20:30x1
primary,EUR,Flash Manufacturing PMI,2022,12,08:00x5; 09:00x4; 19:30x3
primary,EUR,Flash Manufacturing PMI,2023,12,07:00x5; 09:00x4; 08:00x2; 20:30x1
primary,EUR,Flash Manufacturing PMI,2024,12,07:00x5; 09:00x4; 08:00x2; 19:30x1
primary,EUR,Flash Manufacturing PMI,2025,3,09:00x2; 08:00x1
primary,EUR,Flash Services PMI,2015,12,20:30x6; 19:30x6
primary,EUR,Flash Services PMI,2016,12,20:30x6; 19:30x6
primary,EUR,Flash Services PMI,2017,12,20:30x6; 19:30x6
primary,EUR,Flash Services PMI,2018,12,19:30x7; 20:30x5
primary,EUR,Flash Services PMI,2019,12,20:30x6; 19:30x6
primary,EUR,Flash Services PMI,2020,12,20:30x6; 19:30x6
primary,EUR,Flash Services PMI,2021,12,20:30x6; 19:30x6
primary,EUR,Flash Services PMI,2022,12,20:30x6; 19:30x6
primary,EUR,Flash Services PMI,2023,12,20:30x6; 19:30x6
primary,EUR,Flash Services PMI,2024,12,20:30x6; 19:30x6
primary,EUR,Flash Services PMI,2025,3,20:30x2; 19:30x1
primary,EUR,French Consumer Spending m/m,2015,3,07:45x2; 06:45x1
primary,EUR,French Final CPI m/m,2015,12,06:45x7; 07:45x5
primary,EUR,French Final CPI m/m,2016,12,06:45x7; 07:45x5
primary,EUR,French Final CPI m/m,2017,12,06:45x7; 07:45x5
primary,EUR,French Final CPI m/m,2018,12,06:45x7; 07:45x5
primary,EUR,French Final CPI m/m,2019,12,06:45x7; 07:45x5
primary,EUR,French Final CPI m/m,2020,12,06:45x7; 07:45x5
primary,EUR,French Final CPI m/m,2021,12,06:45x7; 07:45x5
primary,EUR,French Final CPI m/m,2022,12,06:45x7; 07:45x5
primary,EUR,French Final CPI m/m,2023,12,05:45x6; 07:45x5; 20:30x1
primary,EUR,French Final CPI m/m,2024,12,05:45x6; 07:45x4; 20:30x1; 06:45x1
primary,EUR,French Final CPI m/m,2025,3,07:45x3
primary,EUR,French Final Manufacturing PMI,2015,12,07:50x7; 08:50x5
primary,EUR,French Final Manufacturing PMI,2016,12,07:50x7; 08:50x5
primary,EUR,French Final Manufacturing PMI,2017,12,07:50x7; 08:50x5
primary,EUR,French Final Manufacturing PMI,2018,12,07:50x7; 08:50x5
primary,EUR,French Final Manufacturing PMI,2019,12,07:50x7; 08:50x5
primary,EUR,French Final Manufacturing PMI,2020,12,07:50x7; 08:50x5
primary,EUR,French Final Manufacturing PMI,2021,12,07:50x7; 08:50x5
primary,EUR,French Final Manufacturing PMI,2022,12,07:50x7; 08:50x5
primary,EUR,French Final Manufacturing PMI,2023,12,06:50x6; 08:50x5; 07:50x1
primary,EUR,French Final Manufacturing PMI,2024,12,06:50x6; 08:50x5; 07:50x1
primary,EUR,French Final Manufacturing PMI,2025,4,08:50x3; 06:50x1
primary,EUR,French Final Services PMI,2015,12,07:50x7; 08:50x5
primary,EUR,French Final Services PMI,2016,12,07:50x7; 08:50x5
primary,EUR,French Final Services PMI,2017,12,07:50x7; 08:50x5
primary,EUR,French Final Services PMI,2018,12,07:50x7; 08:50x5
primary,EUR,French Final Services PMI,2019,12,07:50x7; 08:50x5
primary,EUR,French Final Services PMI,2020,12,07:50x7; 08:50x5
primary,EUR,French Final Services PMI,2021,12,07:50x7; 08:50x5
primary,EUR,French Final Services PMI,2022,12,07:50x7; 08:50x5
primary,EUR,French Final Services PMI,2023,12,06:50x6; 08:50x5; 07:50x1
primary,EUR,French Final Services PMI,2024,12,06:50x6; 08:50x5; 07:50x1
primary,EUR,French Final Services PMI,2025,4,08:50x3; 06:50x1
primary,EUR,French Flash GDP q/q,2016,4,05:30x3; 06:30x1
primary,EUR,French Flash GDP q/q,2017,4,06:30x2; 05:30x2
primary,EUR,French Flash GDP q/q,2018,4,06:30x2; 05:30x2
primary,EUR,French Flash GDP q/q,2019,4,06:30x2; 05:30x2
primary,EUR,French Flash GDP q/q,2020,4,05:30x2; 06:30x1; 20:30x1
primary,EUR,French Flash GDP q/q,2021,4,20:30x2; 19:30x2
primary,EUR,French Flash GDP q/q,2022,4,20:30x2; 19:30x1; 05:30x1
primary,EUR,French Flash GDP q/q,2023,4,20:30x2; 04:30x1; 19:30x1
primary,EUR,French Flash GDP q/q,2024,4,20:30x2; 19:30x2
primary,EUR,French Flash GDP q/q,2025,1,20:30x1
primary,EUR,French Flash Manufacturing PMI,2015,12,07:00x7; 08:00x5
primary,EUR,French Flash Manufacturing PMI,2016,12,07:00x7; 08:00x5
primary,EUR,French Flash Manufacturing PMI,2017,12,07:00x7; 08:00x5
primary,EUR,French Flash Manufacturing PMI,2018,12,07:00x4; 08:00x3; 07:15x3; 08:15x2
primary,EUR,French Flash Manufacturing PMI,2019,12,19:30x6; 20:30x5; 08:15x1
primary,EUR,French Flash Manufacturing PMI,2020,12,20:30x6; 19:30x6
primary,EUR,French Flash Manufacturing PMI,2021,12,07:15x6; 20:30x4; 19:30x2
primary,EUR,French Flash Manufacturing PMI,2022,12,20:30x6; 19:30x6
primary,EUR,French Flash Manufacturing PMI,2023,12,06:15x5; 08:15x4; 07:15x3
primary,EUR,French Flash Manufacturing PMI,2024,12,06:15x5; 08:15x4; 07:15x3
primary,EUR,French Flash Manufacturing PMI,2025,3,08:15x2; 07:15x1
primary,EUR,French Flash Manufacturing PMI,2026,2,07:15x2
primary,EUR,French Flash Services PMI,2015,12,20:30x6; 19:30x6
primary,EUR,French Flash Services PMI,2016,12,20:30x6; 19:30x6
primary,EUR,French Flash Services PMI,2017,12,20:30x6; 19:30x6
primary,EUR,French Flash Services PMI,2018,12,19:30x7; 20:30x5
primary,EUR,French Flash Services PMI,2019,12,07:15x7; 08:15x4; 20:30x1
primary,EUR,French Flash Services PMI,2020,12,07:15x7; 08:15x5
primary,EUR,French Flash Services PMI,2021,12,08:15x5; 19:30x4; 20:30x2; 07:15x1
primary,EUR,French Flash Services PMI,2022,12,07:15x7; 08:15x5
primary,EUR,French Flash Services PMI,2023,12,20:30x6; 19:30x6
primary,EUR,French Flash Services PMI,2024,12,20:30x6; 19:30x6
primary,EUR,French Flash Services PMI,2025,3,20:30x2; 19:30x1
primary,EUR,French Flash Services PMI,2026,2,07:15x2
primary,EUR,French Industrial Production m/m,2015,12,07:45x4; 06:45x4; 19:30x2; 20:30x2
primary,EUR,French Industrial Production m/m,2016,12,07:45x4; 19:30x4; 06:45x2; 20:30x2
primary,EUR,French Industrial Production m/m,2017,12,07:45x4; 19:30x4; 06:45x3; 20:30x1
primary,EUR,French Industrial Production m/m,2018,12,06:45x6; 07:45x4; 20:30x1; 19:30x1
primary,EUR,French Industrial Production m/m,2019,12,06:45x7; 07:45x5
primary,EUR,French Industrial Production m/m,2020,12,06:45x7; 07:45x5
primary,EUR,French Industrial Production m/m,2021,12,06:45x7; 07:45x3; 20:30x2
primary,EUR,French Industrial Production m/m,2022,12,06:45x7; 07:45x3; 20:30x2
primary,EUR,French Industrial Production m/m,2023,12,05:45x6; 07:45x5; 06:45x1
primary,EUR,French Industrial Production m/m,2024,12,05:45x4; 07:45x3; 20:30x2; 19:30x2
primary,EUR,French Industrial Production m/m,2025,4,07:45x2; 20:30x1; 05:45x1
primary,EUR,French Parliamentary Elections,2017,2,19:29x2
primary,EUR,French Parliamentary Elections,2022,2,19:29x2
primary,EUR,French Parliamentary Elections,2024,2,19:29x2
primary,EUR,French Prelim CPI m/m,2016,11,19:30x5; 20:30x4; 06:45x1; 07:45x1
primary,EUR,French Prelim CPI m/m,2017,12,20:30x4; 19:30x4; 07:45x2; 06:45x2
primary,EUR,French Prelim CPI m/m,2018,12,07:45x4; 06:45x3; 20:30x2; 19:30x2
primary,EUR,French Prelim CPI m/m,2019,12,19:30x5; 07:45x3; 20:30x3; 06:45x1
primary,EUR,French Prelim CPI m/m,2020,12,19:30x6; 20:30x4; 07:45x2
primary,EUR,French Prelim CPI m/m,2021,12,19:30x4; 20:30x3; 06:45x3; 07:45x2
primary,EUR,French Prelim CPI m/m,2022,12,19:30x4; 20:30x3; 06:45x3; 07:45x2
primary,EUR,French Prelim CPI m/m,2023,12,19:30x4; 07:45x3; 20:30x3; 05:45x2
primary,EUR,French Prelim CPI m/m,2024,12,07:45x3; 20:30x3; 19:30x3; 05:45x3
primary,EUR,French Prelim CPI m/m,2025,4,07:45x2; 20:30x1; 19:30x1
primary,EUR,French Prelim GDP q/q,2015,4,06:30x2; 19:30x1; 05:30x1
primary,EUR,French Prelim GDP q/q,2016,4,20:30x2; 19:30x1; 06:45x1
primary,EUR,French Prelim GDP q/q,2017,4,20:30x2; 19:30x2
primary,EUR,French Prelim GDP q/q,2018,4,20:30x2; 19:30x2
primary,EUR,French Prelim GDP q/q,2019,4,20:30x2; 19:30x2
primary,EUR,French Prelim GDP q/q,2020,4,20:30x2; 19:30x2
primary,EUR,French Prelim GDP q/q,2021,4,20:30x2; 19:30x2
primary,EUR,French Prelim GDP q/q,2022,4,20:30x2; 19:30x2
primary,EUR,French Prelim GDP q/q,2023,4,20:30x2; 19:30x2
primary,EUR,French Prelim GDP q/q,2024,4,20:30x2; 19:30x2
primary,EUR,French Prelim GDP q/q,2025,1,20:30x1
primary,EUR,French Prelim Private Payrolls q/q,2015,1,07:45x1
primary,EUR,French Presidential Election,2017,2,19:29x2
primary,EUR,French Presidential Election,2022,2,19:29x2
primary,EUR,French Trade Balance,2015,12,20:30x5; 19:30x4; 06:45x3
primary,EUR,French Trade Balance,2016,12,06:45x5; 20:30x4; 07:45x2; 19:30x1
primary,EUR,French Trade Balance,2017,12,07:45x4; 19:30x4; 20:30x2; 06:45x2
primary,EUR,French Trade Balance,2018,12,07:45x4; 19:30x3; 06:45x3; 20:30x2
primary,EUR,French Trade Balance,2019,12,06:45x6; 07:45x3; 20:30x2; 19:30x1
primary,EUR,French Trade Balance,2020,12,06:45x5; 07:45x3; 20:30x2; 19:30x2
primary,EUR,French Trade Balance,2021,12,06:45x5; 07:45x3; 20:30x2; 19:30x2
primary,EUR,French Trade Balance,2022,12,06:45x6; 07:45x3; 20:30x2; 19:30x1
primary,EUR,French Trade Balance,2023,12,05:45x6; 07:45x4; 20:30x1; 06:45x1
primary,EUR,French Trade Balance,2024,12,07:45x4; 05:45x3; 19:30x3; 20:30x1
primary,EUR,French Trade Balance,2025,3,07:45x2; 20:30x1
primary,EUR,German 10-y Bond Auction,2015,4,10:33x2; 09:33x1; 09:34x1
primary,EUR,German Buba Monthly Report,2015,1,11:00x1
primary,EUR,German Buba President Weidmann Speaks,2015,14,16:30x2; 07:00x2; 16:15x1; 17:30x1
primary,EUR,German Buba President Weidmann Speaks,2016,12,07:00x2; 20:30x2; 16:00x2; 12:40x1
primary,EUR,German Buba President Weidmann Speaks,2017,10,10:00x2; 13:00x2; 08:30x1; 16:45x1
primary,EUR,German Buba President Weidmann Speaks,2018,23,16:30x2; 08:00x2; 16:00x2; 13:00x2
primary,EUR,German Buba President Weidmann Speaks,2019,7,16:00x1; 08:20x1; 10:00x1; 08:15x1
primary,EUR,German Constitutional Court Ruling,2016,1,08:10x1
primary,EUR,German Constitutional Court Ruling,2020,1,08:11x1
primary,EUR,German Factory Orders m/m,2015,12,06:00x7; 07:00x5
primary,EUR,German Factory Orders m/m,2016,12,06:00x7; 07:00x5
primary,EUR,German Factory Orders m/m,2017,12,06:00x7; 07:00x5
primary,EUR,German Factory Orders m/m,2018,12,06:00x6; 07:00x5; 05:58x1
primary,EUR,German Factory Orders m/m,2019,12,06:00x7; 07:00x5
primary,EUR,German Factory Orders m/m,2020,12,06:00x7; 07:00x5
primary,EUR,German Factory Orders m/m,2021,12,07:00x5; 06:00x5; 05:58x1; 19:30x1
primary,EUR,German Factory Orders m/m,2022,12,06:00x7; 07:00x5
primary,EUR,German Factory Orders m/m,2023,12,05:00x6; 07:00x5; 06:00x1
primary,EUR,German Factory Orders m/m,2024,12,05:00x6; 07:00x5; 06:00x1
primary,EUR,German Factory Orders m/m,2025,4,07:00x3; 05:00x1
primary,EUR,German Federal Elections,2017,1,20:29x1
primary,EUR,German Federal Elections,2021,1,20:29x1
primary,EUR,German Federal Elections,2025,1,20:29x1
primary,EUR,German Final CPI m/m,2015,12,06:00x6; 07:00x5; 19:30x1
primary,EUR,German Final CPI m/m,2016,12,06:00x5; 07:00x4; 19:30x2; 20:30x1
primary,EUR,German Final CPI m/m,2017,12,06:00x6; 07:00x3; 20:30x2; 19:30x1
primary,EUR,German Final CPI m/m,2018,12,06:00x5; 07:00x4; 20:30x1; 05:30x1
primary,EUR,German Final CPI m/m,2019,12,06:00x7; 07:00x5
primary,EUR,German Final CPI m/m,2020,12,06:00x6; 07:00x5; 05:59x1
primary,EUR,German Final CPI m/m,2021,12,06:00x7; 07:00x5
primary,EUR,German Final CPI m/m,2022,12,06:00x6; 07:00x5; 06:02x1
primary,EUR,German Final CPI m/m,2023,12,05:00x6; 07:00x5; 06:00x1
primary,EUR,German Final CPI m/m,2024,12,05:00x6; 07:00x4; 20:30x1; 06:00x1
primary,EUR,German Final CPI m/m,2025,3,07:00x3
primary,EUR,German Final GDP q/q,2015,4,07:00x2; 06:00x2
primary,EUR,German Final GDP q/q,2016,4,07:00x2; 19:30x1; 06:00x1
primary,EUR,German Final GDP q/q,2017,4,07:00x2; 19:30x1; 06:00x1
primary,EUR,German Final GDP q/q,2018,4,07:00x2; 06:00x2
primary,EUR,German Final GDP q/q,2019,4,07:00x2; 06:00x2
primary,EUR,German Final GDP q/q,2020,4,07:00x2; 06:00x2
primary,EUR,German Final GDP q/q,2021,4,07:00x2; 06:00x2
primary,EUR,German Final GDP q/q,2022,4,07:00x2; 06:00x2
primary,EUR,German Final GDP q/q,2023,4,07:00x2; 05:00x2
primary,EUR,German Final GDP q/q,2024,4,07:00x2; 05:00x1; 05:03x1
primary,EUR,German Final GDP q/q,2025,1,07:00x1
primary,EUR,German Final Manufacturing PMI,2015,12,07:55x6; 08:55x4; 19:30x1; 20:30x1
primary,EUR,German Final Manufacturing PMI,2016,12,07:55x7; 08:55x3; 20:30x2
primary,EUR,German Final Manufacturing PMI,2017,12,07:55x7; 08:55x4; 20:30x1
primary,EUR,German Final Manufacturing PMI,2018,12,07:55x7; 08:55x5
primary,EUR,German Final Manufacturing PMI,2019,12,07:55x7; 08:55x5
primary,EUR,German Final Manufacturing PMI,2020,12,07:55x7; 08:55x5
primary,EUR,German Final Manufacturing PMI,2021,12,07:55x7; 08:55x5
primary,EUR,German Final Manufacturing PMI,2022,12,07:55x7; 08:55x5
primary,EUR,German Final Manufacturing PMI,2023,12,06:55x6; 08:55x5; 07:55x1
primary,EUR,German Final Manufacturing PMI,2024,12,06:55x6; 08:55x5; 07:55x1
primary,EUR,German Final Manufacturing PMI,2025,4,08:55x3; 06:55x1
primary,EUR,German Final Services PMI,2015,12,07:55x7; 08:55x5
primary,EUR,German Final Services PMI,2016,12,07:55x7; 08:55x5
primary,EUR,German Final Services PMI,2017,12,07:55x7; 08:55x5
primary,EUR,German Final Services PMI,2018,12,07:55x7; 08:55x5
primary,EUR,German Final Services PMI,2019,12,07:55x7; 08:55x5
primary,EUR,German Final Services PMI,2020,12,07:55x7; 08:55x5
primary,EUR,German Final Services PMI,2021,12,07:55x7; 08:55x5
primary,EUR,German Final Services PMI,2022,12,07:55x7; 08:55x5
primary,EUR,German Final Services PMI,2023,12,06:55x6; 08:55x5; 07:55x1
primary,EUR,German Final Services PMI,2024,12,06:55x6; 08:55x5; 07:55x1
primary,EUR,German Final Services PMI,2025,4,08:55x3; 06:55x1
primary,EUR,German Flash Manufacturing PMI,2015,12,07:30x7; 08:30x5
primary,EUR,German Flash Manufacturing PMI,2016,12,07:30x7; 08:30x4; 20:30x1
primary,EUR,German Flash Manufacturing PMI,2017,12,07:30x7; 08:30x4; 20:30x1
primary,EUR,German Flash Manufacturing PMI,2018,12,07:30x6; 08:30x5; 19:30x1
primary,EUR,German Flash Manufacturing PMI,2019,12,07:30x7; 08:30x5
primary,EUR,German Flash Manufacturing PMI,2020,12,07:30x7; 08:30x5
primary,EUR,German Flash Manufacturing PMI,2021,12,07:30x6; 08:30x4; 20:30x2
primary,EUR,German Flash Manufacturing PMI,2022,12,07:30x7; 08:30x4; 19:30x1
primary,EUR,German Flash Manufacturing PMI,2023,12,06:30x5; 08:30x4; 07:30x3
primary,EUR,German Flash Manufacturing PMI,2024,12,06:30x5; 08:30x4; 07:30x2; 19:30x1
primary,EUR,German Flash Manufacturing PMI,2025,3,08:30x2; 07:30x1
primary,EUR,German Flash Manufacturing PMI,2026,2,07:30x2
primary,EUR,German Flash Services PMI,2015,12,20:30x6; 19:30x6
primary,EUR,German Flash Services PMI,2016,12,20:30x6; 19:30x6
primary,EUR,German Flash Services PMI,2017,12,20:30x6; 19:30x6
primary,EUR,German Flash Services PMI,2018,12,19:30x7; 20:30x5
primary,EUR,German Flash Services PMI,2019,12,20:30x6; 19:30x6
primary,EUR,German Flash Services PMI,2020,12,20:30x6; 19:30x6
primary,EUR,German Flash Services PMI,2021,12,20:30x6; 19:30x6
primary,EUR,German Flash Services PMI,2022,12,20:30x6; 19:30x6
primary,EUR,German Flash Services PMI,2023,12,20:30x6; 19:30x6
primary,EUR,German Flash Services PMI,2024,12,20:30x6; 19:30x6
primary,EUR,German Flash Services PMI,2025,3,20:30x2; 19:30x1
primary,EUR,German Flash Services PMI,2026,2,07:30x2
primary,EUR,German GfK Consumer Climate,2015,7,19:30x3; 07:00x2; 20:30x1; 06:00x1
primary,EUR,German Industrial Production m/m,2015,12,06:00x7; 07:00x5
primary,EUR,German Industrial Production m/m,2016,12,06:00x7; 07:00x5
primary,EUR,German Industrial Production m/m,2017,12,06:00x7; 07:00x5
primary,EUR,German Industrial Production m/m,2018,12,06:00x6; 07:00x5; 05:56x1
primary,EUR,German Industrial Production m/m,2019,12,06:00x7; 07:00x5
primary,EUR,German Industrial Production m/m,2020,12,06:00x6; 07:00x5; 05:55x1
primary,EUR,German Industrial Production m/m,2021,12,06:00x6; 07:00x5; 05:55x1
primary,EUR,German Industrial Production m/m,2022,12,07:00x5; 06:00x5; 06:02x1; 20:30x1
primary,EUR,German Industrial Production m/m,2023,12,05:00x6; 07:00x5; 06:00x1
primary,EUR,German Industrial Production m/m,2024,12,05:00x6; 07:00x5; 06:00x1
primary,EUR,German Industrial Production m/m,2025,4,07:00x3; 05:00x1
primary,EUR,German Prelim CPI m/m,2015,12,20:29x6; 19:29x6
primary,EUR,German Prelim CPI m/m,2016,12,20:29x6; 19:29x6
primary,EUR,German Prelim CPI m/m,2017,13,20:29x7; 19:29x6
primary,EUR,German Prelim CPI m/m,2018,12,20:29x6; 19:29x6
primary,EUR,German Prelim CPI m/m,2019,11,19:29x6; 20:29x5
primary,EUR,German Prelim CPI m/m,2020,12,20:29x6; 19:29x6
primary,EUR,German Prelim CPI m/m,2021,12,20:29x6; 19:29x6
primary,EUR,German Prelim CPI m/m,2022,12,20:29x6; 19:29x6
primary,EUR,German Prelim CPI m/m,2023,12,20:29x6; 19:29x6
primary,EUR,German Prelim CPI m/m,2024,12,20:29x6; 19:29x6
primary,EUR,German Prelim CPI m/m,2025,4,20:29x3; 19:29x1
primary,EUR,German Prelim CPI m/m,2026,2,06:29x2
primary,EUR,German Prelim GDP q/q,2015,4,07:00x2; 06:00x2
primary,EUR,German Prelim GDP q/q,2016,4,07:00x2; 06:00x2
primary,EUR,German Prelim GDP q/q,2017,4,07:00x2; 06:00x2
primary,EUR,German Prelim GDP q/q,2018,4,07:00x2; 06:00x2
primary,EUR,German Prelim GDP q/q,2019,4,07:00x2; 06:00x2
primary,EUR,German Prelim GDP q/q,2020,4,08:00x2; 07:00x1; 09:00x1
primary,EUR,German Prelim GDP q/q,2021,4,08:00x2; 09:00x1; 19:30x1
primary,EUR,German Prelim GDP q/q,2022,4,08:00x2; 20:30x1; 19:30x1
primary,EUR,German Prelim GDP q/q,2023,4,09:00x2; 19:30x1; 07:00x1
primary,EUR,German Prelim GDP q/q,2024,4,19:30x2; 09:00x1; 20:30x1
primary,EUR,German Prelim GDP q/q,2025,1,20:30x1
primary,EUR,German Prelim GDP q/q,2026,1,08:00x1
primary,EUR,German Retail Sales m/m,2015,12,06:00x6; 07:00x5; 20:30x1
primary,EUR,German Retail Sales m/m,2016,12,06:00x6; 07:00x3; 20:30x2; 19:30x1
primary,EUR,German Retail Sales m/m,2017,12,06:00x6; 07:00x4; 20:30x1; 19:30x1
primary,EUR,German Retail Sales m/m,2018,12,06:00x7; 07:00x3; 20:30x2
primary,EUR,German Retail Sales m/m,2019,12,06:00x6; 07:00x4; 20:30x1; 19:30x1
primary,EUR,German Retail Sales m/m,2020,12,07:00x5; 06:00x4; 06:03x1; 19:30x1
primary,EUR,German Retail Sales m/m,2021,12,06:00x7; 07:00x5
primary,EUR,German Retail Sales m/m,2022,12,06:00x5; 07:00x4; 20:30x2; 19:30x1
primary,EUR,German Retail Sales m/m,2023,12,20:30x5; 19:30x4; 05:00x2; 07:00x1
primary,EUR,German Retail Sales m/m,2024,10,20:30x4; 07:00x2; 06:00x2; 19:30x2
primary,EUR,German Retail Sales m/m,2025,4,20:30x2; 07:00x1; 19:30x1
primary,EUR,German Trade Balance,2015,12,07:00x4; 19:30x4; 06:00x3; 20:30x1
primary,EUR,German Trade Balance,2016,12,06:00x6; 20:30x3; 07:00x2; 19:30x1
primary,EUR,German Trade Balance,2017,12,06:00x5; 07:00x4; 19:30x2; 20:30x1
primary,EUR,German Trade Balance,2018,12,19:30x4; 07:00x3; 06:00x3; 20:30x2
primary,EUR,German Trade Balance,2019,12,06:00x5; 07:00x4; 19:30x2; 20:30x1
primary,EUR,German Trade Balance,2020,12,06:00x4; 20:30x3; 07:00x2; 06:02x1
primary,EUR,German Trade Balance,2021,12,06:00x4; 07:00x3; 19:30x2; 20:30x1
primary,EUR,German Trade Balance,2022,12,06:00x7; 07:00x3; 20:30x2
primary,EUR,German Trade Balance,2023,12,05:00x6; 07:00x5; 06:00x1
primary,EUR,German Trade Balance,2024,12,19:30x5; 07:00x3; 20:30x2; 05:00x1
primary,EUR,German Trade Balance,2025,4,20:30x3; 19:30x1
primary,EUR,German Unemployment Change,2015,12,07:55x7; 08:55x5
primary,EUR,German Unemployment Change,2016,12,07:55x7; 08:55x5
primary,EUR,German Unemployment Change,2017,12,07:55x6; 08:55x4; 19:30x1; 20:30x1
primary,EUR,German Unemployment Change,2018,12,07:55x7; 08:55x5
primary,EUR,German Unemployment Change,2019,12,07:55x5; 08:55x4; 20:30x2; 19:30x1
primary,EUR,German Unemployment Change,2020,12,08:55x4; 07:55x4; 19:30x3; 20:30x1
primary,EUR,German Unemployment Change,2021,12,07:55x7; 08:55x4; 19:30x1
primary,EUR,German Unemployment Change,2022,12,07:55x7; 08:55x3; 20:30x2
primary,EUR,German Unemployment Change,2023,12,06:55x5; 08:55x3; 20:30x2; 19:30x1
primary,EUR,German Unemployment Change,2024,12,08:55x5; 06:55x5; 07:55x2
primary,EUR,German Unemployment Change,2025,4,08:55x3; 07:55x1
primary,EUR,German ZEW Economic Sentiment,2015,12,09:00x7; 10:00x5
primary,EUR,German ZEW Economic Sentiment,2016,12,09:00x7; 10:00x4; 20:30x1
primary,EUR,German ZEW Economic Sentiment,2017,12,09:00x5; 10:00x3; 20:30x3; 19:30x1
primary,EUR,German ZEW Economic Sentiment,2018,12,10:00x5; 09:00x3; 19:30x3; 20:30x1
primary,EUR,German ZEW Economic Sentiment,2019,12,09:00x7; 10:00x5
primary,EUR,German ZEW Economic Sentiment,2020,12,19:30x4; 10:00x3; 20:30x3; 09:00x2
primary,EUR,German ZEW Economic Sentiment,2021,12,20:30x5; 19:30x5; 09:00x1; 10:00x1
primary,EUR,German ZEW Economic Sentiment,2022,12,19:30x5; 20:30x4; 10:00x2; 09:00x1
primary,EUR,German ZEW Economic Sentiment,2023,12,08:00x6; 10:00x3; 20:30x2; 09:00x1
primary,EUR,German ZEW Economic Sentiment,2024,12,10:00x3; 19:30x3; 08:00x3; 20:30x2
primary,EUR,German ZEW Economic Sentiment,2025,3,10:00x3
primary,EUR,German ifo Business Climate,2015,12,09:00x6; 08:00x4; 19:30x2
primary,EUR,German ifo Business Climate,2016,12,08:00x7; 09:00x5
primary,EUR,German ifo Business Climate,2017,12,08:00x7; 20:30x3; 09:00x2
primary,EUR,German ifo Business Climate,2018,12,08:00x6; 09:00x4; 19:30x2
primary,EUR,German ifo Business Climate,2019,12,09:00x5; 08:00x5; 19:30x2
primary,EUR,German ifo Business Climate,2020,13,09:00x6; 08:00x4; 19:30x2; 20:30x1
primary,EUR,German ifo Business Climate,2021,12,08:00x6; 09:00x4; 19:30x1; 20:30x1
primary,EUR,German ifo Business Climate,2022,12,08:00x7; 09:00x5
primary,EUR,German ifo Business Climate,2023,12,07:00x6; 20:30x3; 09:00x2; 08:00x1
primary,EUR,German ifo Business Climate,2024,12,09:00x4; 07:00x4; 08:00x3; 19:30x1
primary,EUR,German ifo Business Climate,2025,3,09:00x2; 08:00x1
primary,EUR,Greek Bailout Vote,2015,1,19:29x1
primary,EUR,Greek Gov Debt Crisis Vote,2015,3,22:53x1; 01:11x1; 06:57x1
primary,EUR,Greek Parliamentary Election,2015,2,20:29x1; 19:29x1
primary,EUR,Greek Parliamentary Election,2019,1,19:29x1
primary,EUR,Greek Parliamentary Election,2023,1,19:29x1
primary,EUR,Greek Presidential Elections,2020,1,20:29x1
primary,EUR,Greek Presidential Elections,2025,1,20:29x1
primary,EUR,Industrial Production m/m,2015,12,10:00x4; 09:00x3; 19:30x3; 20:30x2
primary,EUR,Industrial Production m/m,2016,12,10:00x3; 20:30x3; 09:00x3; 19:30x3
primary,EUR,Industrial Production m/m,2017,12,09:00x5; 20:30x4; 19:30x2; 10:00x1
primary,EUR,Industrial Production m/m,2018,12,19:30x4; 20:30x3; 09:00x3; 10:00x2
primary,EUR,Industrial Production m/m,2019,12,10:00x5; 09:00x5; 19:30x2
primary,EUR,Industrial Production m/m,2020,12,09:00x7; 10:00x5
primary,EUR,Industrial Production m/m,2021,12,09:00x6; 10:00x5; 19:30x1
primary,EUR,Industrial Production m/m,2022,12,09:00x7; 10:00x4; 20:30x1
primary,EUR,Industrial Production m/m,2023,12,10:00x4; 08:00x4; 19:30x2; 09:00x1
primary,EUR,Industrial Production m/m,2024,12,20:30x4; 08:00x4; 10:00x2; 19:30x2
primary,EUR,Industrial Production m/m,2025,3,10:00x3
primary,EUR,Italian 10-y Bond Auction,2015,1,10:19x1
primary,EUR,Italian 10-y Bond Auction,2018,1,09:22x1
primary,EUR,Italian Constitution Amendment Vote,2016,1,20:29x1
primary,EUR,Italian Industrial Production m/m,2015,12,09:00x5; 08:00x4; 19:30x2; 20:30x1
primary,EUR,Italian Industrial Production m/m,2016,12,08:00x7; 09:00x5
primary,EUR,Italian Industrial Production m/m,2017,12,08:00x7; 09:00x4; 20:30x1
primary,EUR,Italian Industrial Production m/m,2018,12,09:00x5; 08:00x5; 19:30x2
primary,EUR,Italian Industrial Production m/m,2019,12,08:00x7; 09:00x5
primary,EUR,Italian Industrial Production m/m,2020,12,08:00x7; 09:00x5
primary,EUR,Italian Industrial Production m/m,2021,12,08:00x7; 09:00x3; 20:30x2
primary,EUR,Italian Industrial Production m/m,2022,12,08:00x7; 09:00x3; 20:30x2
primary,EUR,Italian Industrial Production m/m,2023,12,07:00x6; 09:00x5; 08:00x1
primary,EUR,Italian Industrial Production m/m,2024,12,07:00x5; 09:00x4; 20:30x1; 19:30x1
primary,EUR,Italian Industrial Production m/m,2025,3,09:00x3
primary,EUR,Italian Manufacturing PMI,2015,12,07:45x7; 08:45x5
primary,EUR,Italian Manufacturing PMI,2016,12,07:45x7; 08:45x5
primary,EUR,Italian Manufacturing PMI,2017,12,07:45x7; 08:45x5
primary,EUR,Italian Manufacturing PMI,2018,12,07:45x7; 08:45x5
primary,EUR,Italian Manufacturing PMI,2019,12,07:45x7; 08:45x5
primary,EUR,Italian Manufacturing PMI,2020,12,07:45x7; 08:45x5
primary,EUR,Italian Manufacturing PMI,2021,12,07:45x7; 08:45x5
primary,EUR,Italian Manufacturing PMI,2022,12,07:45x7; 08:45x5
primary,EUR,Italian Manufacturing PMI,2023,12,06:45x6; 08:45x5; 07:45x1
primary,EUR,Italian Manufacturing PMI,2024,12,06:45x6; 08:45x5; 07:45x1
primary,EUR,Italian Manufacturing PMI,2025,4,08:45x3; 06:45x1
primary,EUR,Italian Monthly Unemployment Rate,2015,12,08:00x4; 09:00x3; 19:30x3; 20:30x2
primary,EUR,Italian Monthly Unemployment Rate,2016,12,19:30x4; 20:30x3; 08:00x3; 09:00x2
primary,EUR,Italian Monthly Unemployment Rate,2017,12,09:00x5; 19:30x4; 08:00x2; 20:30x1
primary,EUR,Italian Monthly Unemployment Rate,2018,12,20:30x4; 08:00x4; 09:00x2; 19:30x2
primary,EUR,Italian Monthly Unemployment Rate,2019,12,08:00x5; 09:00x4; 19:30x2; 20:30x1
primary,EUR,Italian Monthly Unemployment Rate,2020,12,09:00x4; 19:30x4; 08:00x2; 20:30x2
primary,EUR,Italian Monthly Unemployment Rate,2021,12,19:30x5; 08:00x2; 09:00x2; 10:00x1
primary,EUR,Italian Monthly Unemployment Rate,2022,12,19:30x4; 20:30x3; 08:00x3; 09:00x2
primary,EUR,Italian Monthly Unemployment Rate,2023,12,09:00x5; 19:30x3; 07:00x3; 20:30x1
primary,EUR,Italian Monthly Unemployment Rate,2024,12,07:00x5; 20:30x4; 09:00x1; 19:30x1
primary,EUR,Italian Monthly Unemployment Rate,2025,4,09:00x2; 10:00x1; 19:30x1
primary,EUR,Italian Parliamentary Election,2018,1,20:29x1
primary,EUR,Italian Parliamentary Election,2022,1,20:29x1
primary,EUR,Italian Prelim CPI m/m,2015,12,19:30x5; 20:30x4; 10:00x2; 09:00x1
primary,EUR,Italian Prelim CPI m/m,2016,12,19:30x6; 20:30x5; 10:00x1
primary,EUR,Italian Prelim CPI m/m,2017,13,20:30x5; 19:30x5; 10:00x2; 09:00x1
primary,EUR,Italian Prelim CPI m/m,2018,12,20:30x6; 09:00x3; 19:30x3
primary,EUR,Italian Prelim CPI m/m,2019,12,20:30x4; 19:30x4; 10:00x2; 09:00x2
primary,EUR,Italian Prelim CPI m/m,2020,12,19:30x5; 20:30x4; 09:00x2; 09:58x1
primary,EUR,Italian Prelim CPI m/m,2021,12,19:30x5; 20:30x4; 09:00x2; 10:00x1
primary,EUR,Italian Prelim CPI m/m,2022,12,19:30x4; 20:30x3; 10:00x2; 09:00x2
primary,EUR,Italian Prelim CPI m/m,2023,12,20:30x6; 19:30x4; 08:00x2
primary,EUR,Italian Prelim CPI m/m,2024,12,20:30x5; 19:30x3; 09:00x2; 08:00x1
primary,EUR,Italian Prelim CPI m/m,2025,4,20:30x2; 10:00x1; 08:00x1
primary,EUR,Italian Prelim GDP q/q,2015,4,09:00x2; 08:00x2
primary,EUR,Italian Prelim GDP q/q,2016,4,09:00x2; 08:00x2
primary,EUR,Italian Prelim GDP q/q,2017,4,09:00x2; 08:00x2
primary,EUR,Italian Prelim GDP q/q,2018,4,09:00x2; 19:30x1; 10:00x1
primary,EUR,Italian Prelim GDP q/q,2019,4,10:00x2; 20:30x1; 11:00x1
primary,EUR,Italian Prelim GDP q/q,2020,4,09:00x1; 10:00x1; 08:00x1; 20:30x1
primary,EUR,Italian Prelim GDP q/q,2021,4,19:30x2; 09:00x1; 20:30x1
primary,EUR,Italian Prelim GDP q/q,2022,4,19:30x2; 20:30x1; 09:00x1
primary,EUR,Italian Prelim GDP q/q,2023,4,20:30x1; 19:30x1; 07:00x1; 09:00x1
primary,EUR,Italian Prelim GDP q/q,2024,4,20:30x2; 07:00x2
primary,EUR,Italian Prelim GDP q/q,2025,1,09:00x1
primary,EUR,Italian Quarterly Unemployment Rate,2015,4,19:30x2; 20:30x1; 11:00x1
primary,EUR,Italian Quarterly Unemployment Rate,2016,4,09:00x2; 08:00x2
primary,EUR,Italian Quarterly Unemployment Rate,2017,4,09:00x2; 08:00x2
primary,EUR,Italian Quarterly Unemployment Rate,2018,4,09:00x2; 08:00x1; 19:30x1
primary,EUR,Italian Quarterly Unemployment Rate,2019,4,09:00x1; 19:30x1; 08:00x1; 20:30x1
primary,EUR,Italian Quarterly Unemployment Rate,2020,4,09:00x1; 08:00x1; 19:30x1; 10:00x1
primary,EUR,Italian Quarterly Unemployment Rate,2021,4,09:00x2; 08:00x2
primary,EUR,Italian Quarterly Unemployment Rate,2022,4,09:00x2; 08:00x2
primary,EUR,Italian Quarterly Unemployment Rate,2023,4,09:00x2; 07:00x2
primary,EUR,Italian Quarterly Unemployment Rate,2024,4,09:00x1; 07:00x1; 07:05x1; 20:30x1
primary,EUR,Italian Quarterly Unemployment Rate,2025,1,09:00x1
primary,EUR,Italian Retail Sales m/m,2015,12,09:00x5; 10:00x3; 20:30x2; 19:30x1
primary,EUR,Italian Retail Sales m/m,2016,12,10:00x4; 08:00x3; 20:30x2; 09:00x2
primary,EUR,Italian Retail Sales m/m,2017,12,08:00x7; 09:00x3; 20:30x2
primary,EUR,Italian Retail Sales m/m,2018,12,08:00x6; 09:03x4; 09:00x2
primary,EUR,Italian Retail Sales m/m,2019,12,08:00x5; 20:30x2; 09:00x2; 09:05x1
primary,EUR,Italian Retail Sales m/m,2020,12,09:00x4; 08:00x4; 09:03x1; 08:07x1
primary,EUR,Italian Retail Sales m/m,2021,12,08:00x6; 09:00x5; 19:30x1
primary,EUR,Italian Retail Sales m/m,2022,12,08:00x6; 09:00x5; 19:30x1
primary,EUR,Italian Retail Sales m/m,2023,12,07:00x4; 09:00x3; 08:00x2; 08:57x1
primary,EUR,Italian Retail Sales m/m,2024,12,07:00x5; 09:00x2; 10:00x2; 08:00x1
primary,EUR,Italian Retail Sales m/m,2025,4,20:30x2; 09:00x1; 07:00x1
primary,EUR,Italian Services PMI,2015,12,07:45x7; 08:45x5
primary,EUR,Italian Services PMI,2016,12,07:45x7; 08:45x5
primary,EUR,Italian Services PMI,2017,12,07:45x7; 08:45x5
primary,EUR,Italian Services PMI,2018,12,07:45x7; 08:45x5
primary,EUR,Italian Services PMI,2019,12,07:45x7; 08:45x5
primary,EUR,Italian Services PMI,2020,12,07:45x7; 08:45x5
primary,EUR,Italian Services PMI,2021,12,07:45x7; 08:45x5
primary,EUR,Italian Services PMI,2022,12,07:45x7; 08:45x5
primary,EUR,Italian Services PMI,2023,12,06:45x6; 08:45x5; 07:45x1
primary,EUR,Italian Services PMI,2024,12,06:45x6; 08:45x5; 07:45x1
primary,EUR,Italian Services PMI,2025,4,08:45x3; 06:45x1
primary,EUR,Italian Trade Balance,2015,12,09:00x3; 08:00x3; 08:02x2; 09:03x1
primary,EUR,Italian Trade Balance,2016,12,09:00x4; 08:00x3; 08:03x2; 09:02x1
primary,EUR,Italian Trade Balance,2017,12,09:00x6; 08:00x3; 08:04x1; 08:02x1
primary,EUR,Italian Trade Balance,2018,12,08:00x3; 10:07x1; 09:00x1; 10:00x1
primary,EUR,Italian Trade Balance,2019,12,09:03x2; 09:04x2; 08:02x2; 08:00x2
primary,EUR,Italian Trade Balance,2020,12,09:02x3; 08:02x2; 08:00x2; 09:00x1
primary,EUR,Italian Trade Balance,2021,12,09:00x3; 20:30x2; 08:00x2; 08:03x2
primary,EUR,Italian Trade Balance,2022,12,08:00x6; 09:00x3; 20:30x2; 19:30x1
primary,EUR,Italian Trade Balance,2023,12,07:00x4; 09:00x3; 19:30x2; 20:30x1
primary,EUR,Italian Trade Balance,2024,12,08:00x5; 09:00x2; 20:30x2; 11:00x1
primary,EUR,Italian Trade Balance,2025,3,09:00x2; 10:00x1
primary,EUR,Long Term Refinancing Operation,2015,4,10:20x1; 09:30x1; 09:31x1; 10:30x1
primary,EUR,Long Term Refinancing Operation,2016,5,09:30x3; 10:30x2
primary,EUR,Long Term Refinancing Operation,2017,1,10:30x1
primary,EUR,M3 Money Supply y/y,2015,12,09:00x6; 08:00x5; 19:30x1
primary,EUR,M3 Money Supply y/y,2016,12,08:00x8; 09:00x4
primary,EUR,M3 Money Supply y/y,2017,12,09:00x4; 08:00x4; 19:30x3; 20:30x1
primary,EUR,M3 Money Supply y/y,2018,8,08:00x4; 09:00x2; 19:30x2
primary,EUR,Main Refinancing Rate,2015,8,11:45x5; 12:45x3
primary,EUR,Main Refinancing Rate,2016,8,11:45x5; 12:45x3
primary,EUR,Main Refinancing Rate,2017,8,11:45x5; 12:45x3
primary,EUR,Main Refinancing Rate,2018,8,11:45x5; 12:45x3
primary,EUR,Main Refinancing Rate,2019,8,11:45x3; 12:45x2; 12:44x1; 19:30x1
primary,EUR,Main Refinancing Rate,2020,8,12:45x4; 11:45x4
primary,EUR,Main Refinancing Rate,2021,8,19:30x4; 20:30x3; 12:45x1
primary,EUR,Main Refinancing Rate,2022,8,12:15x3; 12:45x2; 11:45x2; 20:30x1
primary,EUR,Main Refinancing Rate,2023,8,11:15x4; 13:15x3; 12:15x1
primary,EUR,Main Refinancing Rate,2024,8,11:15x4; 13:15x3; 12:15x1
primary,EUR,Main Refinancing Rate,2025,2,13:15x2
primary,EUR,Main Refinancing Rate,2026,1,12:15x1
primary,EUR,Monetary Policy Statement,2016,7,19:30x4; 20:30x3
primary,EUR,Monetary Policy Statement,2017,8,20:30x4; 19:30x4
primary,EUR,Monetary Policy Statement,2018,8,20:30x4; 19:30x4
primary,EUR,Monetary Policy Statement,2019,8,19:30x3; 20:30x2; 11:45x2; 12:45x1
primary,EUR,Monetary Policy Statement,2020,8,20:30x4; 19:30x4
primary,EUR,Monetary Policy Statement,2021,8,11:45x5; 12:45x2; 20:30x1
primary,EUR,Monetary Policy Statement,2022,8,20:30x4; 19:30x4
primary,EUR,Monetary Policy Statement,2023,8,20:30x4; 19:30x4
primary,EUR,Monetary Policy Statement,2024,8,20:30x4; 19:30x4
primary,EUR,Monetary Policy Statement,2025,2,20:30x2
primary,EUR,Monetary Policy Statement,2026,1,12:15x1
primary,EUR,Prelim Flash GDP q/q,2016,3,19:30x2; 20:30x1
primary,EUR,Prelim Flash GDP q/q,2017,4,20:30x2; 09:00x2
primary,EUR,Prelim Flash GDP q/q,2018,4,10:00x2; 09:00x1; 19:30x1
primary,EUR,Prelim Flash GDP q/q,2019,4,10:00x1; 09:00x1; 19:30x1; 20:30x1
primary,EUR,Prelim Flash GDP q/q,2020,4,20:30x2; 09:00x1; 19:30x1
primary,EUR,Prelim Flash GDP q/q,2021,4,19:30x2; 10:00x1; 20:30x1
primary,EUR,Prelim Flash GDP q/q,2022,4,19:30x2; 10:00x1; 20:30x1
primary,EUR,Prelim Flash GDP q/q,2023,4,10:00x1; 08:00x1; 19:30x1; 20:30x1
primary,EUR,Prelim Flash GDP q/q,2024,4,10:00x2; 19:30x1; 08:00x1
primary,EUR,Prelim Flash GDP q/q,2025,1,20:30x1
primary,EUR,Private Loans y/y,2015,5,19:30x3; 20:30x2
primary,EUR,Retail PMI,2015,12,08:10x7; 09:10x5
primary,EUR,Retail PMI,2016,12,08:10x7; 09:10x5
primary,EUR,Retail PMI,2017,12,08:10x7; 09:10x5
primary,EUR,Retail PMI,2018,7,08:10x4; 09:10x3
primary,EUR,Retail Sales m/m,2015,12,09:00x6; 10:00x3; 20:30x2; 19:30x1
primary,EUR,Retail Sales m/m,2016,12,09:00x7; 10:00x3; 20:30x2
primary,EUR,Retail Sales m/m,2017,12,09:00x7; 10:00x4; 20:30x1
primary,EUR,Retail Sales m/m,2018,12,10:00x5; 09:00x5; 19:30x2
primary,EUR,Retail Sales m/m,2019,12,10:00x4; 09:00x4; 19:30x2; 20:30x2
primary,EUR,Retail Sales m/m,2020,12,09:00x6; 10:00x3; 20:30x2; 19:30x1
primary,EUR,Retail Sales m/m,2021,12,09:00x5; 10:00x4; 19:30x2; 20:30x1
primary,EUR,Retail Sales m/m,2022,12,09:00x6; 10:00x4; 20:30x1; 19:30x1
primary,EUR,Retail Sales m/m,2023,12,08:00x5; 10:00x4; 20:30x2; 19:30x1
primary,EUR,Retail Sales m/m,2024,12,10:00x5; 08:00x5; 19:30x1; 09:00x1
primary,EUR,Retail Sales m/m,2025,4,10:00x3; 08:00x1
primary,EUR,Revised GDP q/q,2015,4,10:00x2; 09:00x2
primary,EUR,Revised GDP q/q,2016,4,10:00x2; 09:00x2
primary,EUR,Revised GDP q/q,2017,4,10:00x2; 09:00x2
primary,EUR,Revised GDP q/q,2018,4,09:00x2; 10:00x1; 20:30x1
primary,EUR,Revised GDP q/q,2019,4,20:30x2; 19:30x2
primary,EUR,Revised GDP q/q,2020,4,20:30x2; 19:30x2
primary,EUR,Revised GDP q/q,2021,4,20:30x2; 19:30x2
primary,EUR,Revised GDP q/q,2022,4,20:30x2; 19:30x2
primary,EUR,Revised GDP q/q,2023,4,20:30x2; 19:30x2
primary,EUR,Revised GDP q/q,2024,4,20:30x2; 19:30x2
primary,EUR,Revised GDP q/q,2025,1,20:30x1
primary,EUR,Spanish Flash CPI y/y,2015,12,19:30x4; 07:00x3; 08:00x3; 20:30x2
primary,EUR,Spanish Flash CPI y/y,2016,12,07:00x4; 08:00x3; 19:30x3; 20:30x2
primary,EUR,Spanish Flash CPI y/y,2017,12,19:30x4; 08:00x3; 07:00x3; 20:30x2
primary,EUR,Spanish Flash CPI y/y,2018,12,08:00x3; 07:00x3; 19:30x3; 20:30x3
primary,EUR,Spanish Flash CPI y/y,2019,12,20:30x4; 07:00x4; 08:00x3; 19:30x1
primary,EUR,Spanish Flash CPI y/y,2020,12,07:00x4; 20:30x3; 19:30x3; 08:00x2
primary,EUR,Spanish Flash CPI y/y,2021,12,07:00x6; 20:30x3; 19:30x2; 08:00x1
primary,EUR,Spanish Flash CPI y/y,2022,12,20:30x4; 19:30x4; 07:00x3; 08:00x1
primary,EUR,Spanish Flash CPI y/y,2023,12,19:30x5; 20:30x4; 06:00x1; 07:00x1
primary,EUR,Spanish Flash CPI y/y,2024,12,20:30x4; 19:30x3; 07:00x2; 06:00x2
primary,EUR,Spanish Flash CPI y/y,2025,3,20:30x2; 19:30x1
primary,EUR,Spanish Flash GDP q/q,2015,4,20:30x2; 19:30x2
primary,EUR,Spanish Flash GDP q/q,2016,4,20:30x2; 19:30x2
primary,EUR,Spanish Flash GDP q/q,2017,4,20:30x2; 19:30x2
primary,EUR,Spanish Flash GDP q/q,2018,4,20:30x1; 19:30x1; 07:00x1; 08:00x1
primary,EUR,Spanish Flash GDP q/q,2019,4,08:00x2; 19:30x1; 07:00x1
primary,EUR,Spanish Flash GDP q/q,2020,4,08:00x1; 19:30x1; 07:00x1; 20:30x1
primary,EUR,Spanish Flash GDP q/q,2021,4,20:30x2; 19:30x2
primary,EUR,Spanish Flash GDP q/q,2022,4,20:30x2; 19:30x2
primary,EUR,Spanish Flash GDP q/q,2023,4,19:30x2; 08:00x1; 07:00x1
primary,EUR,Spanish Flash GDP q/q,2024,4,20:30x2; 19:30x2
primary,EUR,Spanish Flash GDP q/q,2025,1,08:00x1
primary,EUR,Spanish Manufacturing PMI,2015,12,07:15x6; 08:15x4; 20:30x2
primary,EUR,Spanish Manufacturing PMI,2016,12,19:30x5; 08:15x3; 20:30x3; 07:15x1
primary,EUR,Spanish Manufacturing PMI,2017,12,08:15x4; 19:30x4; 07:15x2; 20:30x2
primary,EUR,Spanish Manufacturing PMI,2018,12,20:30x5; 19:30x4; 07:15x2; 08:15x1
primary,EUR,Spanish Manufacturing PMI,2019,12,07:15x7; 08:15x5
primary,EUR,Spanish Manufacturing PMI,2020,12,07:15x7; 08:15x5
primary,EUR,Spanish Manufacturing PMI,2021,12,07:15x7; 08:15x5
primary,EUR,Spanish Manufacturing PMI,2022,12,07:15x7; 08:15x5
primary,EUR,Spanish Manufacturing PMI,2023,12,06:15x6; 08:15x5; 07:15x1
primary,EUR,Spanish Manufacturing PMI,2024,12,06:15x6; 08:15x5; 07:15x1
primary,EUR,Spanish Manufacturing PMI,2025,4,08:15x3; 06:15x1
primary,EUR,Spanish Parliamentary Election,2015,1,20:29x1
primary,EUR,Spanish Parliamentary Election,2016,1,19:29x1
primary,EUR,Spanish Parliamentary Election,2019,2,19:29x1; 20:29x1
primary,EUR,Spanish Parliamentary Election,2023,1,19:29x1
primary,EUR,Spanish Services PMI,2015,12,07:15x6; 08:15x5; 19:30x1
primary,EUR,Spanish Services PMI,2016,12,07:15x7; 08:15x5
primary,EUR,Spanish Services PMI,2017,12,07:15x6; 08:15x4; 19:30x1; 20:30x1
primary,EUR,Spanish Services PMI,2018,12,08:15x5; 07:15x5; 19:30x2
primary,EUR,Spanish Services PMI,2019,12,07:15x7; 08:15x5
primary,EUR,Spanish Services PMI,2020,12,07:15x7; 08:15x5
primary,EUR,Spanish Services PMI,2021,12,07:15x7; 08:15x5
primary,EUR,Spanish Services PMI,2022,12,07:15x7; 08:15x5
primary,EUR,Spanish Services PMI,2023,12,06:15x6; 08:15x5; 07:15x1
primary,EUR,Spanish Services PMI,2024,12,06:15x6; 08:15x5; 07:15x1
primary,EUR,Spanish Services PMI,2025,4,08:15x3; 06:15x1
primary,EUR,Spanish Unemployment Change,2015,12,07:00x7; 08:00x5
primary,EUR,Spanish Unemployment Change,2016,12,07:00x7; 08:00x5
primary,EUR,Spanish Unemployment Change,2017,12,07:00x7; 08:00x4; 09:00x1
primary,EUR,Spanish Unemployment Change,2018,12,07:00x7; 08:00x5
primary,EUR,Spanish Unemployment Change,2019,12,07:00x7; 08:00x5
primary,EUR,Spanish Unemployment Change,2020,12,07:00x7; 08:00x5
primary,EUR,Spanish Unemployment Change,2021,12,08:00x5; 07:00x5; 19:30x2
primary,EUR,Spanish Unemployment Change,2022,12,07:00x6; 08:00x3; 08:02x1; 19:30x1
primary,EUR,Spanish Unemployment Change,2023,12,08:00x4; 06:00x4; 19:30x2; 20:30x1
primary,EUR,Spanish Unemployment Change,2024,12,08:00x5; 06:00x5; 19:30x1; 07:00x1
primary,EUR,Spanish Unemployment Change,2025,4,08:00x3; 06:00x1
primary,EUR,Spanish Unemployment Rate,2015,4,07:00x2; 08:00x1; 19:30x1
primary,EUR,Spanish Unemployment Rate,2016,4,07:00x2; 08:00x1; 19:30x1
primary,EUR,Spanish Unemployment Rate,2017,4,07:00x2; 08:00x1; 19:30x1
primary,EUR,Spanish Unemployment Rate,2018,4,07:00x3; 08:00x1
primary,EUR,Spanish Unemployment Rate,2019,4,07:00x3; 08:00x1
primary,EUR,Spanish Unemployment Rate,2020,4,08:00x2; 07:00x2
primary,EUR,Spanish Unemployment Rate,2021,4,19:30x2; 08:00x1; 20:30x1
primary,EUR,Spanish Unemployment Rate,2022,4,07:00x2; 08:00x1; 19:30x1
primary,EUR,Spanish Unemployment Rate,2023,4,06:00x2; 08:00x1; 07:00x1
primary,EUR,Spanish Unemployment Rate,2024,4,06:00x2; 08:00x1; 07:00x1
primary,EUR,Spanish Unemployment Rate,2025,1,08:00x1
primary,EUR,Trade Balance,2015,12,19:30x4; 09:00x3; 20:30x3; 10:00x2
primary,EUR,Trade Balance,2016,12,09:00x4; 20:30x3; 19:30x3; 10:00x2
primary,EUR,Trade Balance,2017,12,10:00x5; 19:30x4; 09:00x3
primary,EUR,Trade Balance,2018,12,09:00x6; 10:00x3; 20:30x2; 19:30x1
primary,EUR,Trade Balance,2019,12,10:00x4; 19:30x3; 09:00x3; 20:30x2
primary,EUR,Trade Balance,2020,12,20:30x5; 09:00x4; 19:30x2; 10:00x1
primary,EUR,Trade Balance,2021,12,10:00x3; 20:30x3; 19:30x3; 09:00x3
primary,EUR,Trade Balance,2022,12,09:00x4; 20:30x3; 19:30x3; 10:00x2
primary,EUR,Trade Balance,2023,12,08:00x5; 20:30x4; 10:00x1; 19:30x1
primary,EUR,Trade Balance,2024,12,20:30x5; 19:30x3; 08:00x3; 10:00x1
primary,EUR,Trade Balance,2025,3,20:30x2; 10:00x1
primary,EUR,Unemployment Rate,2015,12,20:30x5; 19:30x5; 09:00x1; 10:00x1
primary,EUR,Unemployment Rate,2016,12,10:00x5; 19:30x4; 09:00x2; 20:30x1
primary,EUR,Unemployment Rate,2017,12,20:30x4; 19:30x4; 09:00x3; 10:00x1
primary,EUR,Unemployment Rate,2018,12,19:30x5; 20:30x3; 10:00x2; 09:00x2
primary,EUR,Unemployment Rate,2019,12,20:30x5; 19:30x5; 10:00x1; 09:00x1
primary,EUR,Unemployment Rate,2020,12,20:30x4; 19:30x4; 10:00x2; 09:00x2
primary,EUR,Unemployment Rate,2021,12,20:30x5; 09:00x3; 19:30x3; 10:00x1
primary,EUR,Unemployment Rate,2022,12,10:00x4; 09:00x4; 20:30x2; 19:30x2
primary,EUR,Unemployment Rate,2023,12,19:30x4; 20:30x3; 10:00x2; 08:00x2
primary,EUR,Unemployment Rate,2024,12,20:30x3; 19:30x3; 08:00x3; 10:00x2
primary,EUR,Unemployment Rate,2025,4,20:30x2; 10:00x1; 19:30x1
primary,EUR,ZEW Economic Sentiment,2015,12,20:30x6; 19:30x6
primary,EUR,ZEW Economic Sentiment,2016,12,19:30x7; 20:30x5
primary,EUR,ZEW Economic Sentiment,2017,12,20:30x6; 19:30x6
primary,EUR,ZEW Economic Sentiment,2018,12,20:30x6; 19:30x6
primary,EUR,ZEW Economic Sentiment,2019,12,20:30x6; 19:30x6
primary,EUR,ZEW Economic Sentiment,2020,12,20:30x4; 09:00x4; 19:30x3; 10:00x1
primary,EUR,ZEW Economic Sentiment,2021,12,09:00x6; 10:00x3; 20:30x2; 19:30x1
primary,EUR,ZEW Economic Sentiment,2022,12,09:00x4; 10:00x3; 20:30x2; 09:04x1
primary,EUR,ZEW Economic Sentiment,2023,12,19:30x6; 20:30x5; 10:00x1
primary,EUR,ZEW Economic Sentiment,2024,12,19:30x6; 20:30x4; 10:00x2
primary,EUR,ZEW Economic Sentiment,2025,3,20:30x3
primary,GBP,Annual Budget Release,2015,2,20:30x1; 11:30x1
primary,GBP,Annual Budget Release,2016,1,20:30x1
primary,GBP,Annual Budget Release,2017,1,12:30x1
primary,GBP,Annual Budget Release,2018,1,12:30x1
primary,GBP,Annual Budget Release,2019,1,12:42x1
primary,GBP,Annual Budget Release,2020,1,20:30x1
primary,GBP,Annual Budget Release,2021,2,12:35x1; 11:34x1
primary,GBP,Annual Budget Release,2022,1,12:43x1
primary,GBP,Annual Budget Release,2023,1,12:30x1
primary,GBP,Annual Budget Release,2024,1,12:34x1
primary,GBP,Annual Budget Release,2025,1,11:30x1
primary,GBP,Asset Purchase Facility,2015,12,20:30x6; 19:30x6
primary,GBP,Asset Purchase Facility,2016,11,19:30x6; 20:30x5
primary,GBP,Asset Purchase Facility,2017,7,19:30x4; 20:30x3
primary,GBP,Asset Purchase Facility,2018,3,19:30x3
primary,GBP,Asset Purchase Facility,2019,5,19:30x4; 20:30x1
primary,GBP,Asset Purchase Facility,2020,2,11:00x1; 20:30x1
primary,GBP,Asset Purchase Facility,2021,7,11:00x4; 12:00x3
primary,GBP,Asset Purchase Facility,2022,1,12:00x1
primary,GBP,Autumn Forecast Statement,2015,1,12:30x1
primary,GBP,Autumn Forecast Statement,2016,1,12:30x1
primary,GBP,Autumn Forecast Statement,2017,1,12:30x1
primary,GBP,Autumn Forecast Statement,2018,1,15:25x1
primary,GBP,Autumn Forecast Statement,2020,1,12:45x1
primary,GBP,Autumn Forecast Statement,2021,1,20:30x1
primary,GBP,Autumn Forecast Statement,2022,1,11:32x1
primary,GBP,Autumn Forecast Statement,2023,1,12:35x1
primary,GBP,Autumn Forecast Statement,2024,1,12:33x1
primary,GBP,Average Earnings Index 3m/y,2015,12,08:30x7; 09:30x5
primary,GBP,Average Earnings Index 3m/y,2016,12,08:30x7; 09:30x5
primary,GBP,Average Earnings Index 3m/y,2017,12,08:30x7; 09:30x5
primary,GBP,Average Earnings Index 3m/y,2018,12,08:30x7; 09:30x5
primary,GBP,Average Earnings Index 3m/y,2019,12,08:30x5; 09:30x4; 09:18x1; 19:30x1
primary,GBP,Average Earnings Index 3m/y,2020,3,09:30x3
primary,GBP,Average Earnings Index 3m/y,2022,3,20:30x2; 06:00x1
primary,GBP,Average Earnings Index 3m/y,2023,12,19:30x6; 20:30x5; 06:00x1
primary,GBP,Average Earnings Index 3m/y,2024,12,20:30x6; 19:30x6
primary,GBP,Average Earnings Index 3m/y,2025,3,20:30x3
primary,GBP,Average Earnings Index 3m/y,2026,2,06:00x2
primary,GBP,BOE Credit Conditions Survey,2015,4,20:30x2; 08:30x2
primary,GBP,BOE Credit Conditions Survey,2016,4,08:30x3; 09:30x1
primary,GBP,BOE Credit Conditions Survey,2017,4,08:30x3; 09:30x1
primary,GBP,BOE Credit Conditions Survey,2018,4,08:30x3; 09:30x1
primary,GBP,BOE Credit Conditions Survey,2019,4,19:30x2; 09:30x1; 20:30x1
primary,GBP,BOE Credit Conditions Survey,2020,4,08:30x3; 09:30x1
primary,GBP,BOE Credit Conditions Survey,2021,4,08:30x3; 09:30x1
primary,GBP,BOE Credit Conditions Survey,2022,4,08:30x3; 09:30x1
primary,GBP,BOE Credit Conditions Survey,2023,4,07:30x2; 09:30x1; 08:30x1
primary,GBP,BOE Credit Conditions Survey,2024,4,07:30x2; 09:30x1; 08:30x1
primary,GBP,BOE Credit Conditions Survey,2025,1,09:30x1
primary,GBP,BOE Financial Stability Report,2015,2,19:30x1; 20:30x1
primary,GBP,BOE Financial Stability Report,2016,2,09:30x1; 20:30x1
primary,GBP,BOE Financial Stability Report,2017,2,09:30x1; 20:30x1
primary,GBP,BOE Financial Stability Report,2018,2,09:30x1; 20:30x1
primary,GBP,BOE Financial Stability Report,2019,2,09:30x1; 20:30x1
primary,GBP,BOE Financial Stability Report,2020,3,19:30x2; 20:30x1
primary,GBP,BOE Financial Stability Report,2021,2,19:30x1; 20:30x1
primary,GBP,BOE Financial Stability Report,2022,2,09:30x1; 10:30x1
primary,GBP,BOE Financial Stability Report,2023,2,19:30x1; 10:30x1
primary,GBP,BOE Financial Stability Report,2024,2,19:30x1; 20:30x1
primary,GBP,BOE Gov Bailey Speaks,2020,27,13:30x3; 14:00x3; 09:00x2; 16:00x2
primary,GBP,BOE Gov Bailey Speaks,2021,36,20:30x4; 17:00x4; 19:30x4; 16:00x4
primary,GBP,BOE Gov Bailey Speaks,2022,22,14:15x2; 17:00x2; 11:00x2; 11:30x2
primary,GBP,BOE Gov Bailey Speaks,2023,27,13:00x3; 15:00x2; 12:30x2; 12:00x2
primary,GBP,BOE Gov Bailey Speaks,2024,21,15:00x3; 12:30x2; 16:00x2; 10:30x2
primary,GBP,BOE Gov Bailey Speaks,2025,6,14:15x1; 12:30x1; 21:05x1; 12:15x1
primary,GBP,BOE Gov Bailey Speaks,2026,2,11:30x1; 08:50x1
primary,GBP,BOE Gov Carney Speaks,2015,28,14:15x2; 10:00x2; 12:45x2; 09:30x2
primary,GBP,BOE Gov Carney Speaks,2016,23,12:00x2; 10:00x2; 12:30x2; 19:30x2
primary,GBP,BOE Gov Carney Speaks,2017,27,14:00x3; 18:30x2; 12:30x2; 11:30x2
primary,GBP,BOE Gov Carney Speaks,2018,26,20:30x2; 14:00x2; 10:00x2; 15:30x1
primary,GBP,BOE Gov Carney Speaks,2019,29,13:00x3; 12:30x2; 10:00x2; 11:30x2
primary,GBP,BOE Gov Carney Speaks,2020,5,09:30x1; 12:30x1; 15:35x1; 17:00x1
primary,GBP,BOE Inflation Letter,2015,4,20:30x2; 19:30x2
primary,GBP,BOE Inflation Letter,2016,1,20:30x1
primary,GBP,BOE Inflation Letter,2018,1,20:30x1
primary,GBP,BOE Inflation Letter,2020,2,11:20x1; 19:30x1
primary,GBP,BOE Inflation Letter,2021,3,20:30x2; 19:30x1
primary,GBP,BOE Inflation Letter,2022,4,20:30x3; 19:30x1
primary,GBP,BOE Inflation Letter,2023,4,19:30x3; 20:30x1
primary,GBP,BOE Inflation Letter,2024,1,19:30x1
primary,GBP,BOE Monetary Policy Report,2015,4,20:30x1; 19:30x1; 11:00x1; 12:00x1
primary,GBP,BOE Monetary Policy Report,2016,4,12:00x2; 11:00x2
primary,GBP,BOE Monetary Policy Report,2017,4,12:00x2; 11:00x2
primary,GBP,BOE Monetary Policy Report,2018,4,12:00x2; 11:00x2
primary,GBP,BOE Monetary Policy Report,2019,4,12:00x2; 11:00x2
primary,GBP,BOE Monetary Policy Report,2020,4,19:30x2; 12:00x1; 20:30x1
primary,GBP,BOE Monetary Policy Report,2021,4,20:30x2; 19:30x2
primary,GBP,BOE Monetary Policy Report,2022,4,11:00x2; 20:30x1; 12:00x1
primary,GBP,BOE Monetary Policy Report,2023,4,12:00x2; 10:00x2
primary,GBP,BOE Monetary Policy Report,2024,4,12:00x2; 10:00x2
primary,GBP,BOE Monetary Policy Report,2025,1,12:00x1
primary,GBP,BOE Monetary Policy Report,2026,1,11:00x1
primary,GBP,BOE Quarterly Bulletin,2015,4,00:05x1; 23:05x1; 11:00x1; 12:00x1
primary,GBP,BOE Quarterly Bulletin,2016,4,12:00x2; 11:00x2
primary,GBP,BOE Quarterly Bulletin,2017,4,12:00x2; 11:00x2
primary,GBP,BOE Quarterly Bulletin,2018,4,12:00x2; 11:00x2
primary,GBP,BOE Quarterly Bulletin,2019,4,12:00x2; 11:00x2
primary,GBP,BOE Quarterly Bulletin,2020,3,11:00x2; 12:00x1
primary,GBP,BOE Quarterly Bulletin,2021,4,11:00x3; 12:00x1
primary,GBP,BOE Quarterly Bulletin,2022,4,11:00x3; 12:00x1
primary,GBP,BOE Quarterly Bulletin,2023,2,10:00x1; 14:00x1
primary,GBP,BOE Quarterly Bulletin,2024,4,10:00x2; 13:00x1; 11:00x1
primary,GBP,BRC Retail Sales Monitor y/y,2015,12,23:01x7; 00:01x5
primary,GBP,BRC Retail Sales Monitor y/y,2016,12,23:01x7; 00:01x5
primary,GBP,BRC Retail Sales Monitor y/y,2017,12,23:01x7; 00:01x5
primary,GBP,BRC Retail Sales Monitor y/y,2018,12,23:01x7; 00:01x5
primary,GBP,BRC Retail Sales Monitor y/y,2019,12,23:01x6; 00:01x5; 10:40x1
primary,GBP,BRC Retail Sales Monitor y/y,2020,12,23:01x7; 00:01x5
primary,GBP,BRC Retail Sales Monitor y/y,2021,12,23:01x7; 00:01x5
primary,GBP,BRC Retail Sales Monitor y/y,2022,12,23:01x7; 00:01x5
primary,GBP,BRC Retail Sales Monitor y/y,2023,12,22:01x6; 00:01x5; 23:01x1
primary,GBP,BRC Retail Sales Monitor y/y,2024,12,22:01x6; 00:01x5; 23:01x1
primary,GBP,BRC Retail Sales Monitor y/y,2025,3,00:01x3
primary,GBP,Bank Stress Test Results,2015,1,07:00x1
primary,GBP,Bank Stress Test Results,2016,1,20:30x1
primary,GBP,Bank Stress Test Results,2017,1,20:30x1
primary,GBP,Bank Stress Test Results,2018,1,16:40x1
primary,GBP,Bank Stress Test Results,2019,1,17:00x1
primary,GBP,Bank Stress Test Results,2021,1,17:00x1
primary,GBP,CBI Industrial Order Expectations,2015,4,11:00x2; 19:30x1; 10:00x1
primary,GBP,CBI Realized Sales,2015,3,11:00x3
primary,GBP,CPI y/y,2015,12,08:30x7; 09:30x5
primary,GBP,CPI y/y,2016,12,08:30x7; 09:30x5
primary,GBP,CPI y/y,2017,12,08:30x7; 09:30x5
primary,GBP,CPI y/y,2018,12,08:30x7; 09:30x5
primary,GBP,CPI y/y,2019,12,08:30x7; 09:30x5
primary,GBP,CPI y/y,2020,12,06:00x6; 09:30x2; 20:30x2; 07:00x1
primary,GBP,CPI y/y,2021,12,06:00x6; 07:00x4; 20:30x2
primary,GBP,CPI y/y,2022,12,06:00x6; 07:00x4; 20:30x1; 19:30x1
primary,GBP,CPI y/y,2023,12,05:00x4; 07:00x2; 06:00x2; 20:30x2
primary,GBP,CPI y/y,2024,12,05:00x6; 07:00x3; 20:30x2; 06:00x1
primary,GBP,CPI y/y,2025,3,20:30x1; 07:00x1; 06:00x1
primary,GBP,CPI y/y,2026,2,06:00x2
primary,GBP,Claimant Count Change,2015,12,20:30x6; 19:30x6
primary,GBP,Claimant Count Change,2016,12,20:30x6; 19:30x6
primary,GBP,Claimant Count Change,2017,12,20:30x6; 19:30x6
primary,GBP,Claimant Count Change,2018,9,19:30x6; 20:30x3
primary,GBP,Claimant Count Change,2020,7,06:00x5; 19:30x2
primary,GBP,Claimant Count Change,2021,2,07:00x1; 06:02x1
primary,GBP,Claimant Count Change,2022,3,20:30x3
primary,GBP,Claimant Count Change,2023,12,20:30x4; 05:00x3; 19:30x3; 07:00x2
primary,GBP,Claimant Count Change,2024,12,20:30x4; 19:30x4; 07:00x2; 05:00x2
primary,GBP,Claimant Count Change,2025,3,07:00x2; 20:30x1
primary,GBP,Claimant Count Change,2026,2,06:00x2
primary,GBP,Construction Output m/m,2015,12,09:30x4; 08:30x4; 20:30x2; 19:30x2
primary,GBP,Construction Output m/m,2016,12,08:30x5; 20:30x4; 09:30x2; 19:30x1
primary,GBP,Construction Output m/m,2017,12,20:30x6; 19:30x6
primary,GBP,Construction Output m/m,2018,12,20:30x6; 19:30x6
primary,GBP,Construction Output m/m,2019,12,20:30x6; 19:30x6
primary,GBP,Construction Output m/m,2020,12,20:30x4; 19:30x4; 06:03x1; 06:02x1
primary,GBP,Construction Output m/m,2021,12,20:30x5; 19:30x5; 07:00x1; 06:00x1
primary,GBP,Construction Output m/m,2022,12,20:30x5; 19:30x4; 06:00x2; 07:00x1
primary,GBP,Construction Output m/m,2023,12,20:30x6; 19:30x6
primary,GBP,Construction Output m/m,2024,12,20:30x6; 19:30x6
primary,GBP,Construction Output m/m,2025,3,20:30x3
primary,GBP,Construction PMI,2015,12,08:30x7; 09:30x4; 20:30x1
primary,GBP,Construction PMI,2016,12,09:30x5; 08:30x5; 19:30x2
primary,GBP,Construction PMI,2017,12,08:30x6; 09:30x4; 19:30x1; 20:30x1
primary,GBP,Construction PMI,2018,12,08:30x6; 09:30x5; 19:30x1
primary,GBP,Construction PMI,2019,12,08:30x6; 20:30x3; 09:30x2; 19:30x1
primary,GBP,Construction PMI,2020,12,08:30x4; 09:30x3; 20:30x3; 19:30x2
primary,GBP,Construction PMI,2021,12,08:30x6; 09:30x4; 19:30x1; 20:30x1
primary,GBP,Construction PMI,2022,12,08:30x7; 09:30x4; 20:30x1
primary,GBP,Construction PMI,2023,12,07:30x6; 20:30x3; 09:30x2; 08:30x1
primary,GBP,Construction PMI,2024,12,07:30x6; 09:30x5; 08:30x1
primary,GBP,Construction PMI,2025,4,09:30x3; 07:30x1
primary,GBP,Consumer Inflation Expectations,2015,4,09:30x1; 08:30x1; 19:30x1; 20:30x1
primary,GBP,Consumer Inflation Expectations,2016,4,20:30x2; 19:30x2
primary,GBP,Consumer Inflation Expectations,2017,4,20:30x2; 19:30x2
primary,GBP,Consumer Inflation Expectations,2018,4,08:30x2; 20:30x1; 09:30x1
primary,GBP,Consumer Inflation Expectations,2019,4,08:30x2; 19:30x1; 09:30x1
primary,GBP,Consumer Inflation Expectations,2020,4,09:30x2; 08:30x2
primary,GBP,Consumer Inflation Expectations,2021,4,08:30x2; 09:32x1; 09:30x1
primary,GBP,Consumer Inflation Expectations,2022,4,09:30x2; 08:30x2
primary,GBP,Consumer Inflation Expectations,2023,4,09:30x2; 07:30x2
primary,GBP,Consumer Inflation Expectations,2024,4,09:30x2; 07:30x2
primary,GBP,Consumer Inflation Expectations,2025,1,09:30x1
primary,GBP,Core CPI y/y,2015,12,19:30x7; 20:30x5
primary,GBP,Core CPI y/y,2016,12,19:30x7; 20:30x5
primary,GBP,Core CPI y/y,2017,12,20:30x6; 19:30x6
primary,GBP,Core CPI y/y,2018,12,20:30x6; 19:30x6
primary,GBP,Core CPI y/y,2019,12,20:30x6; 19:30x6
primary,GBP,Core CPI y/y,2020,12,19:30x5; 20:30x3; 07:00x2; 06:02x1
primary,GBP,Core CPI y/y,2021,12,19:30x6; 20:30x5; 06:02x1
primary,GBP,Core CPI y/y,2022,12,19:30x7; 20:30x5
primary,GBP,Core CPI y/y,2023,12,19:30x7; 20:30x5
primary,GBP,Core CPI y/y,2024,12,20:30x6; 19:30x6
primary,GBP,Core CPI y/y,2025,3,20:30x2; 19:30x1
primary,GBP,Current Account,2015,4,08:30x3; 09:30x1
primary,GBP,Current Account,2016,4,08:30x3; 09:30x1
primary,GBP,Current Account,2017,4,08:30x3; 09:30x1
primary,GBP,Current Account,2018,4,08:30x3; 09:30x1
primary,GBP,Current Account,2019,4,09:30x2; 08:30x2
primary,GBP,Current Account,2020,1,19:30x1
primary,GBP,EU Membership Court Ruling,2016,1,20:30x1
primary,GBP,EU Membership Court Ruling,2017,1,09:30x1
primary,GBP,EU Membership Vote,2016,1,19:29x1
primary,GBP,FPC Statement,2015,2,19:30x2
primary,GBP,Final GDP q/q,2015,4,19:30x2; 20:30x2
primary,GBP,Final GDP q/q,2016,4,19:30x2; 20:30x2
primary,GBP,Final GDP q/q,2017,4,19:30x2; 20:30x2
primary,GBP,Final GDP q/q,2018,4,19:30x2; 20:30x2
primary,GBP,Final GDP q/q,2019,4,19:30x2; 20:30x2
primary,GBP,Final GDP q/q,2020,4,19:30x2; 20:30x2
primary,GBP,Final GDP q/q,2021,4,20:30x2; 06:00x1; 19:30x1
primary,GBP,Final GDP q/q,2022,4,19:30x2; 20:30x2
primary,GBP,Final GDP q/q,2023,4,19:30x2; 20:30x2
primary,GBP,Final GDP q/q,2024,4,19:30x2; 20:30x2
primary,GBP,Final GDP q/q,2025,1,19:30x1
primary,GBP,Final Manufacturing PMI,2015,12,08:30x7; 09:30x5
primary,GBP,Final Manufacturing PMI,2016,13,08:30x8; 09:30x5
primary,GBP,Final Manufacturing PMI,2017,12,08:30x7; 09:30x5
primary,GBP,Final Manufacturing PMI,2018,12,08:30x7; 09:30x5
primary,GBP,Final Manufacturing PMI,2019,12,08:30x7; 09:30x5
primary,GBP,Final Manufacturing PMI,2020,12,08:30x7; 09:30x5
primary,GBP,Final Manufacturing PMI,2021,12,08:30x7; 09:30x5
primary,GBP,Final Manufacturing PMI,2022,12,08:30x7; 09:30x5
primary,GBP,Final Manufacturing PMI,2023,12,07:30x6; 09:30x5; 08:30x1
primary,GBP,Final Manufacturing PMI,2024,12,07:30x6; 09:30x5; 08:30x1
primary,GBP,Final Manufacturing PMI,2025,4,09:30x3; 07:30x1
primary,GBP,Final Services PMI,2015,12,09:30x5; 08:30x5; 19:30x1; 20:30x1
primary,GBP,Final Services PMI,2016,13,08:30x6; 09:30x4; 19:30x2; 20:30x1
primary,GBP,Final Services PMI,2017,12,08:30x7; 09:30x5
primary,GBP,Final Services PMI,2018,12,08:30x7; 20:30x3; 09:30x2
primary,GBP,Final Services PMI,2019,12,08:30x6; 09:30x5; 19:30x1
primary,GBP,Final Services PMI,2020,12,08:30x6; 09:30x4; 20:30x2
primary,GBP,Final Services PMI,2021,12,08:30x6; 09:30x5; 19:30x1
primary,GBP,Final Services PMI,2022,12,08:30x5; 09:30x4; 19:30x2; 20:30x1
primary,GBP,Final Services PMI,2023,12,09:30x5; 07:30x5; 19:30x1; 08:30x1
primary,GBP,Final Services PMI,2024,12,07:30x5; 09:30x4; 20:30x1; 19:30x1
primary,GBP,Final Services PMI,2025,4,09:30x2; 20:30x1; 19:30x1
primary,GBP,Flash Manufacturing PMI,2019,2,09:30x2
primary,GBP,Flash Manufacturing PMI,2020,12,08:30x7; 09:30x4; 20:30x1
primary,GBP,Flash Manufacturing PMI,2021,12,08:30x6; 09:30x4; 20:30x2
primary,GBP,Flash Manufacturing PMI,2022,12,08:30x7; 09:30x5
primary,GBP,Flash Manufacturing PMI,2023,12,07:30x5; 09:30x4; 08:30x3
primary,GBP,Flash Manufacturing PMI,2024,12,07:30x5; 09:30x4; 08:30x3
primary,GBP,Flash Manufacturing PMI,2025,3,09:30x2; 08:30x1
primary,GBP,Flash Manufacturing PMI,2026,2,08:30x2
primary,GBP,Flash Services PMI,2019,2,20:30x2
primary,GBP,Flash Services PMI,2020,12,20:30x6; 19:30x6
primary,GBP,Flash Services PMI,2021,12,19:30x6; 20:30x5; 09:30x1
primary,GBP,Flash Services PMI,2022,12,20:30x6; 19:30x6
primary,GBP,Flash Services PMI,2023,12,20:30x6; 19:30x6
primary,GBP,Flash Services PMI,2024,12,20:30x6; 19:30x6
primary,GBP,Flash Services PMI,2025,3,20:30x2; 19:30x1
primary,GBP,Flash Services PMI,2026,2,08:30x2
primary,GBP,GDP m/m,2018,6,08:30x3; 19:30x1; 09:30x1; 20:30x1
primary,GBP,GDP m/m,2019,12,08:30x6; 09:30x4; 19:30x1; 20:30x1
primary,GBP,GDP m/m,2020,12,20:30x4; 19:30x4; 09:30x2; 06:00x2
primary,GBP,GDP m/m,2021,12,20:30x6; 19:30x6
primary,GBP,GDP m/m,2022,12,20:30x4; 19:30x4; 06:00x3; 07:00x1
primary,GBP,GDP m/m,2023,12,07:00x4; 05:00x4; 19:30x2; 20:30x1
primary,GBP,GDP m/m,2024,12,20:30x4; 19:30x3; 05:00x3; 07:00x2
primary,GBP,GDP m/m,2025,3,20:30x3
primary,GBP,GDP m/m,2026,1,06:00x1
primary,GBP,GfK Consumer Confidence,2015,12,00:05x2; 23:05x2; 22:58x1; 22:35x1
primary,GBP,GfK Consumer Confidence,2016,13,23:05x3; 00:05x2; 22:05x2; 23:01x2
primary,GBP,GfK Consumer Confidence,2017,12,23:05x2; 22:05x2; 23:01x2; 23:22x1
primary,GBP,GfK Consumer Confidence,2018,12,23:01x6; 20:30x2; 23:29x1; 22:05x1
primary,GBP,GfK Consumer Confidence,2019,12,00:01x6; 23:01x5; 19:30x1
primary,GBP,GfK Consumer Confidence,2020,16,23:01x12; 00:01x4
primary,GBP,GfK Consumer Confidence,2021,12,23:01x7; 00:01x5
primary,GBP,GfK Consumer Confidence,2022,12,23:01x6; 00:01x5; 22:55x1
primary,GBP,GfK Consumer Confidence,2023,12,22:01x5; 00:01x4; 23:01x3
primary,GBP,GfK Consumer Confidence,2024,12,22:01x6; 00:01x4; 23:01x2
primary,GBP,GfK Consumer Confidence,2025,3,00:01x3
primary,GBP,Goods Trade Balance,2015,12,08:30x6; 09:30x3; 20:30x2; 19:30x1
primary,GBP,Goods Trade Balance,2016,12,09:30x5; 08:30x4; 19:30x2; 20:30x1
primary,GBP,Goods Trade Balance,2017,12,20:30x6; 19:30x6
primary,GBP,Goods Trade Balance,2018,12,20:30x6; 19:30x6
primary,GBP,Goods Trade Balance,2019,12,20:30x6; 19:30x6
primary,GBP,Goods Trade Balance,2020,12,20:30x6; 19:30x4; 06:02x1; 06:04x1
primary,GBP,Goods Trade Balance,2021,12,20:30x6; 19:30x5; 11:00x1
primary,GBP,Goods Trade Balance,2022,12,19:30x6; 20:30x5; 07:02x1
primary,GBP,Goods Trade Balance,2023,12,20:30x6; 19:30x6
primary,GBP,Goods Trade Balance,2024,12,20:30x6; 19:30x6
primary,GBP,Goods Trade Balance,2025,3,20:30x2; 19:30x1
primary,GBP,Govt Confidence Vote,2019,1,19:15x1
primary,GBP,Govt Confidence Vote,2022,1,20:00x1
primary,GBP,Halifax HPI m/m,2015,12,07:00x6; 08:00x4; 07:58x1; 06:59x1
primary,GBP,Halifax HPI m/m,2016,12,07:30x7; 08:30x4; 20:30x1
primary,GBP,Halifax HPI m/m,2017,12,07:30x7; 08:30x4; 20:30x1
primary,GBP,Halifax HPI m/m,2018,8,07:30x5; 08:30x3
primary,GBP,High Street Lending,2015,2,20:30x1; 09:30x1
primary,GBP,Housing Equity Withdrawal q/q,2015,4,19:30x2; 08:30x1; 09:37x1
primary,GBP,Housing Equity Withdrawal q/q,2016,4,08:30x3; 09:30x1
primary,GBP,Housing Equity Withdrawal q/q,2017,3,08:30x2; 08:37x1
primary,GBP,Housing Equity Withdrawal q/q,2018,5,08:30x2; 09:36x1; 12:00x1; 09:30x1
primary,GBP,Housing Equity Withdrawal q/q,2019,3,08:30x3
primary,GBP,Housing Equity Withdrawal q/q,2020,4,08:34x2; 09:55x1; 08:45x1
primary,GBP,Housing Equity Withdrawal q/q,2021,4,19:30x2; 09:32x1; 20:30x1
primary,GBP,Housing Equity Withdrawal q/q,2022,4,20:30x2; 19:30x2
primary,GBP,Housing Equity Withdrawal q/q,2023,4,19:30x2; 09:30x1; 20:30x1
primary,GBP,Housing Equity Withdrawal q/q,2024,4,09:30x1; 19:30x1; 07:30x1; 20:30x1
primary,GBP,Housing Equity Withdrawal q/q,2025,2,20:30x1; 19:30x1
primary,GBP,Index of Services 3m/3m,2015,12,20:30x6; 19:30x6
primary,GBP,Index of Services 3m/3m,2016,12,20:30x6; 19:30x6
primary,GBP,Index of Services 3m/3m,2017,12,20:30x6; 19:30x6
primary,GBP,Index of Services 3m/3m,2018,12,19:30x7; 20:30x5
primary,GBP,Index of Services 3m/3m,2019,12,20:30x6; 19:30x6
primary,GBP,Index of Services 3m/3m,2020,12,20:30x6; 19:30x6
primary,GBP,Index of Services 3m/3m,2021,12,20:30x6; 19:30x6
primary,GBP,Index of Services 3m/3m,2022,12,20:30x6; 19:30x6
primary,GBP,Index of Services 3m/3m,2023,12,20:30x6; 19:30x6
primary,GBP,Index of Services 3m/3m,2024,12,20:30x6; 19:30x6
primary,GBP,Index of Services 3m/3m,2025,3,20:30x3
primary,GBP,Industrial Production m/m,2015,12,20:30x6; 19:30x6
primary,GBP,Industrial Production m/m,2016,12,20:30x6; 19:30x6
primary,GBP,Industrial Production m/m,2017,12,20:30x6; 19:30x6
primary,GBP,Industrial Production m/m,2018,12,20:30x6; 19:30x6
primary,GBP,Industrial Production m/m,2019,12,20:30x6; 19:30x6
primary,GBP,Industrial Production m/m,2020,12,20:30x6; 19:30x6
primary,GBP,Industrial Production m/m,2021,12,20:30x5; 19:30x5; 07:03x1; 06:02x1
primary,GBP,Industrial Production m/m,2022,12,20:30x6; 19:30x6
primary,GBP,Industrial Production m/m,2023,12,20:30x6; 19:30x6
primary,GBP,Industrial Production m/m,2024,12,20:30x6; 19:30x6
primary,GBP,Industrial Production m/m,2025,3,20:30x3
primary,GBP,MPC Asset Purchase Facility Votes,2015,12,20:30x6; 19:30x6
primary,GBP,MPC Asset Purchase Facility Votes,2016,11,20:30x5; 19:30x5; 11:04x1
primary,GBP,MPC Asset Purchase Facility Votes,2017,8,20:30x4; 19:30x4
primary,GBP,MPC Asset Purchase Facility Votes,2018,4,19:30x3; 20:30x1
primary,GBP,MPC Asset Purchase Facility Votes,2019,5,19:30x4; 20:30x1
primary,GBP,MPC Asset Purchase Facility Votes,2020,5,19:30x2; 20:30x2; 11:02x1
primary,GBP,MPC Asset Purchase Facility Votes,2021,8,20:30x5; 19:30x3
primary,GBP,MPC Asset Purchase Facility Votes,2022,1,20:30x1
primary,GBP,MPC Member Broadbent Speaks,2015,2,09:15x1; 16:00x1
primary,GBP,MPC Member Broadbent Speaks,2016,4,20:30x1; 14:05x1; 14:45x1; 09:10x1
primary,GBP,MPC Member Broadbent Speaks,2017,4,19:30x1; 12:30x1; 13:45x1; 13:00x1
primary,GBP,MPC Member Broadbent Speaks,2018,5,17:00x2; 06:30x1; 07:50x1; 14:35x1
primary,GBP,MPC Member Broadbent Speaks,2019,4,09:30x1; 11:00x1; 16:30x1; 12:15x1
primary,GBP,MPC Member Broadbent Speaks,2020,3,20:30x1; 18:00x1; 14:30x1
primary,GBP,MPC Member Broadbent Speaks,2021,6,11:15x2; 10:00x1; 08:30x1; 15:30x1
primary,GBP,MPC Member Broadbent Speaks,2022,2,12:15x1; 08:10x1
primary,GBP,MPC Member Broadbent Speaks,2023,1,20:30x1
primary,GBP,MPC Member Cunliffe Speaks,2015,5,07:45x1; 18:00x1; 07:00x1; 08:20x1
primary,GBP,MPC Member Cunliffe Speaks,2016,11,12:00x2; 20:30x2; 14:00x2; 08:55x1
primary,GBP,MPC Member Cunliffe Speaks,2017,4,13:00x1; 11:00x1; 09:45x1; 17:30x1
primary,GBP,MPC Member Cunliffe Speaks,2018,6,16:45x1; 16:30x1; 10:00x1; 11:30x1
primary,GBP,MPC Member Cunliffe Speaks,2019,4,12:15x1; 08:00x1; 12:10x1; 21:15x1
primary,GBP,MPC Member Cunliffe Speaks,2020,1,14:30x1
primary,GBP,MPC Member Forbes Speaks,2015,4,09:10x1; 17:30x1; 11:30x1; 10:30x1
primary,GBP,MPC Member Forbes Speaks,2016,6,13:30x1; 12:00x1; 13:00x1; 11:45x1
primary,GBP,MPC Member Haldane Speaks,2015,7,17:00x2; 15:15x1; 08:00x1; 11:00x1
primary,GBP,MPC Member Haldane Speaks,2016,9,17:00x3; 17:45x1; 09:10x1; 19:30x1
primary,GBP,MPC Member Haldane Speaks,2017,11,17:30x2; 13:00x1; 18:20x1; 21:00x1
primary,GBP,MPC Member Haldane Speaks,2018,9,09:00x2; 18:15x1; 16:00x1; 13:30x1
primary,GBP,MPC Member Haldane Speaks,2019,3,16:30x1; 12:20x1; 08:20x1
primary,GBP,MPC Member Haldane Speaks,2020,1,18:30x1
primary,GBP,MPC Member Haskel Speaks,2018,1,09:00x1
primary,GBP,MPC Member Haskel Speaks,2019,3,13:00x1; 17:30x1; 11:00x1
primary,GBP,MPC Member Haskel Speaks,2020,4,11:00x2; 20:30x1; 17:00x1
primary,GBP,MPC Member Haskel Speaks,2021,2,19:30x1; 11:00x1
primary,GBP,MPC Member Hogg Speaks,2017,2,09:15x1; 11:30x1
primary,GBP,MPC Member Mann Speaks,2022,2,15:30x1; 18:00x1
primary,GBP,MPC Member McCafferty Speaks,2015,3,18:30x1; 10:00x1; 09:45x1
primary,GBP,MPC Member McCafferty Speaks,2016,1,13:00x1
primary,GBP,MPC Member McCafferty Speaks,2017,1,16:00x1
primary,GBP,MPC Member McCafferty Speaks,2018,3,16:30x1; 16:00x1; 09:30x1
primary,GBP,MPC Member Miles Speaks,2015,2,09:00x1; 17:00x1
primary,GBP,MPC Member Pill Speaks,2022,4,18:00x1; 07:30x1; 11:15x1; 11:35x1
primary,GBP,MPC Member Pill Speaks,2024,1,15:15x1
primary,GBP,MPC Member Ramsden Speaks,2017,3,08:15x1; 18:30x1; 14:45x1
primary,GBP,MPC Member Ramsden Speaks,2018,5,12:00x1; 17:00x1; 15:00x1; 13:20x1
primary,GBP,MPC Member Ramsden Speaks,2019,3,07:40x1; 08:15x1; 19:30x1
primary,GBP,MPC Member Ramsden Speaks,2020,1,12:10x1
primary,GBP,MPC Member Saunders Speaks,2016,1,20:30x1
primary,GBP,MPC Member Saunders Speaks,2017,3,20:30x1; 11:45x1; 07:25x1
primary,GBP,MPC Member Saunders Speaks,2018,3,11:45x1; 09:30x1; 20:55x1
primary,GBP,MPC Member Saunders Speaks,2019,3,17:30x1; 17:00x1; 07:00x1
primary,GBP,MPC Member Saunders Speaks,2020,4,09:30x2; 08:40x1; 10:00x1
primary,GBP,MPC Member Saunders Speaks,2021,4,12:00x1; 10:00x1; 07:30x1; 11:00x1
primary,GBP,MPC Member Saunders Speaks,2022,3,18:30x1; 13:00x1; 09:00x1
primary,GBP,MPC Member Shafik Speaks,2015,6,17:30x1; 09:00x1; 09:45x1; 18:00x1
primary,GBP,MPC Member Shafik Speaks,2016,6,19:30x1; 20:00x1; 14:30x1; 08:05x1
primary,GBP,MPC Member Shafik Speaks,2017,1,20:00x1
primary,GBP,MPC Member Tenreyro Speaks,2017,1,09:15x1
primary,GBP,MPC Member Tenreyro Speaks,2018,4,18:15x1; 17:00x1; 10:40x1; 13:00x1
primary,GBP,MPC Member Tenreyro Speaks,2019,10,12:00x2; 20:30x1; 09:00x1; 19:30x1
primary,GBP,MPC Member Tenreyro Speaks,2021,1,16:00x1
primary,GBP,MPC Member Tenreyro Speaks,2022,1,15:00x1
primary,GBP,MPC Member Vlieghe Speaks,2015,1,20:30x1
primary,GBP,MPC Member Vlieghe Speaks,2016,1,17:00x1
primary,GBP,MPC Member Vlieghe Speaks,2017,2,12:30x1; 08:50x1
primary,GBP,MPC Member Vlieghe Speaks,2018,6,09:50x1; 19:30x1; 08:15x1; 08:40x1
primary,GBP,MPC Member Vlieghe Speaks,2019,3,09:30x1; 19:30x1; 12:30x1
primary,GBP,MPC Member Vlieghe Speaks,2020,1,09:30x1
primary,GBP,MPC Member Vlieghe Speaks,2021,1,11:00x1
primary,GBP,MPC Member Weale Speaks,2015,4,15:00x1; 23:00x1; 13:00x1; 15:35x1
primary,GBP,MPC Member Weale Speaks,2016,3,17:00x1; 12:30x1; 08:15x1
primary,GBP,MPC Official Bank Rate Votes,2015,12,20:30x6; 08:30x3; 19:30x3
primary,GBP,MPC Official Bank Rate Votes,2016,11,19:30x6; 20:30x5
primary,GBP,MPC Official Bank Rate Votes,2017,8,20:30x4; 19:30x4
primary,GBP,MPC Official Bank Rate Votes,2018,8,19:30x5; 20:30x3
primary,GBP,MPC Official Bank Rate Votes,2019,8,20:30x4; 19:30x4
primary,GBP,MPC Official Bank Rate Votes,2020,10,20:30x5; 19:30x5
primary,GBP,MPC Official Bank Rate Votes,2021,8,20:30x5; 19:30x3
primary,GBP,MPC Official Bank Rate Votes,2022,8,20:30x5; 19:30x3
primary,GBP,MPC Official Bank Rate Votes,2023,8,19:30x5; 20:30x3
primary,GBP,MPC Official Bank Rate Votes,2024,8,19:30x5; 20:30x3
primary,GBP,MPC Official Bank Rate Votes,2025,2,20:30x2
primary,GBP,MPC Official Bank Rate Votes,2026,1,11:00x1
primary,GBP,Manufacturing Production m/m,2015,12,08:30x7; 09:30x5
primary,GBP,Manufacturing Production m/m,2016,12,08:30x7; 09:30x5
primary,GBP,Manufacturing Production m/m,2017,12,08:30x6; 09:30x5; 19:30x1
primary,GBP,Manufacturing Production m/m,2018,12,09:30x3; 08:30x3; 19:30x3; 20:30x3
primary,GBP,Manufacturing Production m/m,2019,12,20:30x6; 19:30x6
primary,GBP,Manufacturing Production m/m,2020,12,20:30x6; 19:30x5; 06:02x1
primary,GBP,Manufacturing Production m/m,2021,12,20:30x6; 19:30x6
primary,GBP,Manufacturing Production m/m,2022,12,20:30x6; 19:30x6
primary,GBP,Manufacturing Production m/m,2023,12,20:30x6; 19:30x6
primary,GBP,Manufacturing Production m/m,2024,12,20:30x6; 19:30x6
primary,GBP,Manufacturing Production m/m,2025,3,20:30x3
primary,GBP,Monetary Policy Report Hearings,2015,4,20:30x1; 09:15x1; 13:15x1; 10:00x1
primary,GBP,Monetary Policy Report Hearings,2016,4,10:00x1; 19:30x1; 13:15x1; 20:30x1
primary,GBP,Monetary Policy Report Hearings,2017,2,10:00x2
primary,GBP,Monetary Policy Report Hearings,2018,4,14:15x1; 09:00x1; 12:15x1; 10:00x1
primary,GBP,Monetary Policy Report Hearings,2019,4,20:30x1; 10:00x1; 09:15x1; 13:15x1
primary,GBP,Monetary Policy Report Hearings,2020,2,09:30x1; 15:30x1
primary,GBP,Monetary Policy Report Hearings,2021,4,14:30x3; 15:00x1
primary,GBP,Monetary Policy Report Hearings,2022,4,14:15x2; 09:30x1; 19:30x1
primary,GBP,Monetary Policy Report Hearings,2023,5,08:15x2; 09:45x1; 12:15x1; 10:15x1
primary,GBP,Monetary Policy Report Hearings,2024,2,10:15x1; 20:30x1
primary,GBP,Monetary Policy Report Hearings,2025,1,14:30x1
primary,GBP,Monetary Policy Summary,2015,5,11:00x2; 19:30x1; 20:30x1; 12:00x1
primary,GBP,Monetary Policy Summary,2016,11,11:00x4; 12:00x3; 20:30x2; 19:30x2
primary,GBP,Monetary Policy Summary,2017,8,20:30x2; 12:00x2; 19:30x2; 11:00x2
primary,GBP,Monetary Policy Summary,2018,8,20:30x2; 12:00x2; 19:30x2; 11:00x2
primary,GBP,Monetary Policy Summary,2019,8,20:30x2; 12:00x2; 19:30x2; 11:00x2
primary,GBP,Monetary Policy Summary,2020,10,19:30x3; 20:30x2; 12:00x2; 07:00x1
primary,GBP,Monetary Policy Summary,2021,8,20:30x4; 19:30x3; 12:00x1
primary,GBP,Monetary Policy Summary,2022,8,20:30x2; 12:00x2; 19:30x2; 11:00x2
primary,GBP,Monetary Policy Summary,2023,8,20:30x2; 19:30x2; 10:00x2; 11:00x1
primary,GBP,Monetary Policy Summary,2024,8,20:30x2; 19:30x2; 10:00x2; 11:00x1
primary,GBP,Monetary Policy Summary,2025,2,20:30x1; 12:00x1
primary,GBP,Monetary Policy Summary,2026,1,11:00x1
primary,GBP,NIESR GDP Estimate,2015,12,14:00x6; 14:49x1; 14:35x1; 14:57x1
primary,GBP,NIESR GDP Estimate,2016,12,15:00x2; 14:00x2; 14:47x1; 14:37x1
primary,GBP,NIESR GDP Estimate,2017,12,12:02x2; 14:38x1; 14:03x1; 13:05x1
primary,GBP,NIESR GDP Estimate,2018,12,11:08x2; 12:13x1; 12:03x1; 12:09x1
primary,GBP,NIESR GDP Estimate,2019,12,14:02x1; 13:18x1; 13:07x1; 12:45x1
primary,GBP,NIESR GDP Estimate,2020,12,14:49x1; 17:37x1; 13:02x1; 13:28x1
primary,GBP,NIESR GDP Estimate,2021,12,13:06x2; 12:32x2; 12:56x1; 12:28x1
primary,GBP,NIESR GDP Estimate,2022,12,14:57x1; 13:03x1; 14:45x1; 10:00x1
primary,GBP,NIESR GDP Estimate,2023,12,12:01x1; 12:06x1; 11:40x1; 10:08x1
primary,GBP,NIESR GDP Estimate,2024,12,10:02x2; 12:32x2; 12:35x1; 12:22x1
primary,GBP,NIESR GDP Estimate,2025,3,12:45x1; 12:46x1; 10:27x1
primary,GBP,Nationwide HPI m/m,2015,3,07:00x1; 06:49x1; 19:30x1
primary,GBP,Net Lending to Individuals m/m,2015,12,08:30x4; 09:30x3; 19:30x3; 20:30x2
primary,GBP,Net Lending to Individuals m/m,2016,12,08:30x5; 09:30x3; 20:30x2; 19:30x2
primary,GBP,Net Lending to Individuals m/m,2017,12,08:30x5; 20:30x3; 09:30x3; 19:30x1
primary,GBP,Net Lending to Individuals m/m,2018,11,20:30x3; 09:30x3; 19:30x3; 08:30x2
primary,GBP,Net Lending to Individuals m/m,2019,5,20:30x2; 19:30x2; 09:30x1
primary,GBP,Official Bank Rate,2015,12,11:00x4; 12:00x3; 20:30x3; 19:30x2
primary,GBP,Official Bank Rate,2016,11,19:30x6; 20:30x5
primary,GBP,Official Bank Rate,2017,8,20:30x4; 19:30x4
primary,GBP,Official Bank Rate,2018,8,19:30x5; 20:30x3
primary,GBP,Official Bank Rate,2019,8,20:30x4; 19:30x4
primary,GBP,Official Bank Rate,2020,10,20:30x5; 19:30x5
primary,GBP,Official Bank Rate,2021,8,20:30x5; 19:30x3
primary,GBP,Official Bank Rate,2022,8,20:30x5; 19:30x3
primary,GBP,Official Bank Rate,2023,8,19:30x5; 20:30x3
primary,GBP,Official Bank Rate,2024,8,19:30x5; 20:30x3
primary,GBP,Official Bank Rate,2025,2,20:30x2
primary,GBP,Official Bank Rate,2026,1,11:00x1
primary,GBP,PPI Input m/m,2015,12,19:30x7; 20:30x5
primary,GBP,PPI Input m/m,2016,12,19:30x7; 20:30x5
primary,GBP,PPI Input m/m,2017,12,20:30x6; 19:30x6
primary,GBP,PPI Input m/m,2018,12,20:30x6; 19:30x6
primary,GBP,PPI Input m/m,2019,11,19:30x6; 20:30x5
primary,GBP,PPI Input m/m,2020,3,20:30x2; 07:02x1
primary,GBP,Parliament Brexit Vote,2019,11,19:39x1; 19:22x1; 19:16x1; 18:23x1
primary,GBP,Parliamentary Elections,2015,1,19:29x1
primary,GBP,Parliamentary Elections,2017,1,19:29x1
primary,GBP,Parliamentary Elections,2019,1,20:29x1
primary,GBP,Parliamentary Elections,2024,1,19:29x1
primary,GBP,Prelim Business Investment q/q,2015,4,20:30x2; 19:30x2
primary,GBP,Prelim Business Investment q/q,2016,4,20:30x2; 19:30x2
primary,GBP,Prelim Business Investment q/q,2017,4,20:30x2; 19:30x2
primary,GBP,Prelim Business Investment q/q,2018,4,20:30x2; 19:30x2
primary,GBP,Prelim Business Investment q/q,2019,2,20:30x1; 19:30x1
primary,GBP,Prelim GDP q/q,2015,4,09:30x2; 08:30x2
primary,GBP,Prelim GDP q/q,2016,4,08:30x3; 09:30x1
primary,GBP,Prelim GDP q/q,2017,4,08:30x3; 09:30x1
primary,GBP,Prelim GDP q/q,2018,4,09:30x1; 08:30x1; 19:30x1; 20:30x1
primary,GBP,Prelim GDP q/q,2019,4,19:30x2; 20:30x1; 09:30x1
primary,GBP,Prelim GDP q/q,2020,4,09:30x1; 06:00x1; 19:30x1; 20:30x1
primary,GBP,Prelim GDP q/q,2021,4,07:00x2; 19:30x1; 06:00x1
primary,GBP,Prelim GDP q/q,2022,4,20:30x2; 06:00x1; 19:30x1
primary,GBP,Prelim GDP q/q,2023,4,20:30x2; 19:30x2
primary,GBP,Prelim GDP q/q,2024,4,20:30x2; 19:30x2
primary,GBP,Prelim GDP q/q,2025,1,20:30x1
primary,GBP,Prelim GDP q/q,2026,1,06:00x1
primary,GBP,Prime Minister Johnson Speaks,2019,3,10:30x2; 20:00x1
primary,GBP,Prime Minister May Speaks,2017,7,11:45x1; 10:05x1; 14:00x1; 18:00x1
primary,GBP,Prime Minister May Speaks,2018,5,13:43x1; 13:03x1; 14:34x1; 12:39x1
primary,GBP,Prime Minister May Speaks,2019,3,15:35x1; 20:15x1; 15:00x1
primary,GBP,Public Sector Net Borrowing,2015,12,08:30x6; 09:30x4; 20:30x1; 19:30x1
primary,GBP,Public Sector Net Borrowing,2016,12,08:30x5; 19:30x3; 20:30x2; 09:30x2
primary,GBP,Public Sector Net Borrowing,2017,12,08:30x7; 09:30x3; 20:30x2
primary,GBP,Public Sector Net Borrowing,2018,12,08:30x7; 20:30x3; 09:30x2
primary,GBP,Public Sector Net Borrowing,2019,8,08:30x4; 20:30x2; 09:30x1; 19:30x1
primary,GBP,Public Sector Net Borrowing,2020,1,06:00x1
primary,GBP,RPI y/y,2015,12,19:30x7; 20:30x5
primary,GBP,RPI y/y,2016,12,19:30x7; 20:30x5
primary,GBP,RPI y/y,2017,12,20:30x6; 19:30x6
primary,GBP,RPI y/y,2018,10,20:30x5; 19:30x5
primary,GBP,RPI y/y,2019,4,20:30x3; 19:30x1
primary,GBP,Retail Sales m/m,2015,12,08:30x7; 09:30x5
primary,GBP,Retail Sales m/m,2016,12,08:30x7; 09:30x5
primary,GBP,Retail Sales m/m,2017,12,08:30x7; 09:30x4; 20:30x1
primary,GBP,Retail Sales m/m,2018,12,08:30x7; 09:30x4; 09:29x1
primary,GBP,Retail Sales m/m,2019,12,08:30x7; 09:30x5
primary,GBP,Retail Sales m/m,2020,12,19:30x4; 06:00x4; 09:30x2; 20:30x2
primary,GBP,Retail Sales m/m,2021,12,06:00x5; 20:30x3; 07:00x2; 19:30x2
primary,GBP,Retail Sales m/m,2022,12,07:00x5; 06:00x5; 19:30x2
primary,GBP,Retail Sales m/m,2023,12,05:00x5; 20:30x4; 06:00x2; 07:00x1
primary,GBP,Retail Sales m/m,2024,12,19:30x5; 20:30x4; 05:00x2; 06:00x1
primary,GBP,Retail Sales m/m,2025,3,07:00x2; 19:30x1
primary,GBP,Retail Sales m/m,2026,2,06:00x2
primary,GBP,Second Estimate GDP q/q,2015,4,09:30x2; 08:30x2
primary,GBP,Second Estimate GDP q/q,2016,4,09:30x2; 08:30x2
primary,GBP,Second Estimate GDP q/q,2017,4,09:30x2; 08:30x2
primary,GBP,Second Estimate GDP q/q,2018,2,09:30x1; 08:30x1
primary,GBP,Unemployment Rate,2015,12,20:30x6; 19:30x6
primary,GBP,Unemployment Rate,2016,12,20:30x6; 19:30x6
primary,GBP,Unemployment Rate,2017,12,20:30x6; 19:30x6
primary,GBP,Unemployment Rate,2018,12,20:30x6; 19:30x6
primary,GBP,Unemployment Rate,2019,12,20:30x6; 19:30x6
primary,GBP,Unemployment Rate,2020,12,20:30x6; 19:30x6
primary,GBP,Unemployment Rate,2021,12,19:30x7; 20:30x5
primary,GBP,Unemployment Rate,2022,12,20:30x6; 19:30x6
primary,GBP,Unemployment Rate,2023,12,20:30x6; 19:30x6
primary,GBP,Unemployment Rate,2024,12,20:30x6; 19:30x6
primary,GBP,Unemployment Rate,2025,3,20:30x3
primary,JPY,30-y Bond Auction,2016,1,03:45x1
primary,JPY,Average Cash Earnings y/y,2015,6,19:30x3; 01:30x2; 05:44x1
primary,JPY,Average Cash Earnings y/y,2018,4,00:00x4
primary,JPY,Average Cash Earnings y/y,2019,2,00:00x1; 23:30x1
primary,JPY,BOJ Core CPI y/y,2015,2,05:00x2
primary,JPY,BOJ Core CPI y/y,2016,12,05:00x10; 20:30x1; 19:30x1
primary,JPY,BOJ Core CPI y/y,2017,12,05:00x12
primary,JPY,BOJ Core CPI y/y,2018,12,05:00x12
primary,JPY,BOJ Core CPI y/y,2019,12,05:00x10; 05:07x1; 05:02x1
primary,JPY,BOJ Core CPI y/y,2020,12,05:00x9; 04:59x3
primary,JPY,BOJ Core CPI y/y,2021,12,05:00x6; 04:59x6
primary,JPY,BOJ Core CPI y/y,2022,12,04:59x6; 05:00x4; 05:05x1; 05:02x1
primary,JPY,BOJ Core CPI y/y,2023,12,05:00x5; 04:00x5; 05:02x1; 03:59x1
primary,JPY,BOJ Core CPI y/y,2024,12,04:00x6; 05:00x3; 04:59x2; 05:02x1
primary,JPY,BOJ Core CPI y/y,2025,3,05:00x2; 04:00x1
primary,JPY,BOJ Gov Kuroda Speaks,2015,7,06:35x2; 03:40x1; 19:30x1; 04:00x1
primary,JPY,BOJ Gov Kuroda Speaks,2016,15,02:30x2; 00:30x2; 10:30x1; 03:40x1
primary,JPY,BOJ Gov Kuroda Speaks,2017,10,00:25x1; 06:15x1; 19:30x1; 05:35x1
primary,JPY,BOJ Gov Kuroda Speaks,2018,11,20:30x2; 00:30x2; 00:00x1; 19:30x1
primary,JPY,BOJ Gov Kuroda Speaks,2019,12,03:20x1; 08:55x1; 03:00x1; 00:00x1
primary,JPY,BOJ Gov Kuroda Speaks,2020,7,00:30x2; 20:30x1; 01:00x1; 12:00x1
primary,JPY,BOJ Gov Kuroda Speaks,2021,10,04:06x1; 02:15x1; 11:06x1; 07:30x1
primary,JPY,BOJ Gov Kuroda Speaks,2022,8,00:30x1; 06:15x1; 11:05x1; 00:58x1
primary,JPY,BOJ Gov Kuroda Speaks,2023,2,20:30x1; 03:00x1
primary,JPY,BOJ Gov Ueda Speaks,2023,8,19:30x2; 00:34x1; 04:10x1; 05:35x1
primary,JPY,BOJ Gov Ueda Speaks,2024,8,04:00x1; 23:05x1; 23:33x1; 03:00x1
primary,JPY,BOJ Gov Ueda Speaks,2025,1,20:30x1
primary,JPY,BOJ Monthly Report,2015,12,05:00x12
primary,JPY,BOJ Outlook Report,2015,2,19:30x1; 06:00x1
primary,JPY,BOJ Outlook Report,2016,4,05:00x2; 03:44x1; 02:55x1
primary,JPY,BOJ Outlook Report,2017,4,02:56x1; 03:14x1; 03:10x1; 03:05x1
primary,JPY,BOJ Outlook Report,2018,4,03:14x1; 03:03x1; 04:03x1; 03:08x1
primary,JPY,BOJ Outlook Report,2019,4,02:59x1; 03:27x1; 02:55x1; 03:32x1
primary,JPY,BOJ Outlook Report,2020,4,03:02x1; 03:09x1; 02:57x1; 03:12x1
primary,JPY,BOJ Outlook Report,2021,4,02:38x1; 03:02x1; 02:56x1; 02:45x1
primary,JPY,BOJ Outlook Report,2022,4,02:45x1; 03:11x1; 03:05x1; 02:50x1
primary,JPY,BOJ Outlook Report,2023,4,02:40x1; 03:00x1; 02:28x1; 03:28x1
primary,JPY,BOJ Outlook Report,2024,4,03:09x1; 02:22x1; 02:57x1; 02:48x1
primary,JPY,BOJ Outlook Report,2025,1,03:23x1
primary,JPY,BOJ Outlook Report,2026,1,02:31x1
primary,JPY,BOJ Policy Rate,2016,8,03:38x1; 03:35x1; 03:00x1; 02:45x1
primary,JPY,BOJ Policy Rate,2017,8,20:30x3; 02:54x2; 19:30x2; 03:15x1
primary,JPY,BOJ Policy Rate,2018,8,19:30x4; 20:30x3; 02:46x1
primary,JPY,BOJ Policy Rate,2019,8,20:30x4; 19:30x4
primary,JPY,BOJ Policy Rate,2020,9,19:30x5; 20:30x3; 05:06x1
primary,JPY,BOJ Policy Rate,2021,8,20:30x5; 19:30x3
primary,JPY,BOJ Policy Rate,2022,8,20:30x5; 19:30x3
primary,JPY,BOJ Policy Rate,2023,8,20:30x5; 19:30x3
primary,JPY,BOJ Policy Rate,2024,8,20:30x2; 19:30x2; 03:36x1; 02:23x1
primary,JPY,BOJ Policy Rate,2025,2,20:30x1; 02:25x1
primary,JPY,BOJ Policy Rate,2026,1,02:30x1
primary,JPY,BOJ Press Conference,2015,14,06:30x5; 06:31x5; 06:32x4
primary,JPY,BOJ Press Conference,2016,8,06:30x6; 20:30x1; 06:32x1
primary,JPY,BOJ Press Conference,2017,8,06:30x6; 20:30x2
primary,JPY,BOJ Press Conference,2018,8,06:30x5; 06:29x2; 06:28x1
primary,JPY,BOJ Press Conference,2019,8,06:30x6; 06:32x2
primary,JPY,BOJ Press Conference,2020,8,06:30x4; 06:32x2; 06:31x1; 07:00x1
primary,JPY,BOJ Press Conference,2021,8,06:30x7; 06:33x1
primary,JPY,BOJ Press Conference,2022,8,06:30x8
primary,JPY,BOJ Press Conference,2023,8,06:30x4; 19:30x2; 05:30x1; 06:40x1
primary,JPY,BOJ Press Conference,2024,8,06:30x4; 05:30x4
primary,JPY,BOJ Press Conference,2025,2,06:30x2
primary,JPY,BOJ Press Conference,2026,1,05:30x1
primary,JPY,BOJ Summary of Opinions,2016,9,23:50x5; 19:30x2; 00:00x1; 20:30x1
primary,JPY,BOJ Summary of Opinions,2017,8,23:50x6; 20:30x2
primary,JPY,BOJ Summary of Opinions,2018,8,23:50x5; 19:30x2; 20:30x1
primary,JPY,BOJ Summary of Opinions,2019,8,23:50x7; 20:30x1
primary,JPY,BOJ Summary of Opinions,2020,8,23:50x8
primary,JPY,BOJ Summary of Opinions,2021,8,23:50x8
primary,JPY,BOJ Summary of Opinions,2022,8,23:50x7; 19:30x1
primary,JPY,BOJ Summary of Opinions,2023,8,23:50x4; 22:50x2; 19:30x1; 20:30x1
primary,JPY,BOJ Summary of Opinions,2024,8,23:50x3; 22:50x3; 19:30x1; 20:30x1
primary,JPY,BOJ Summary of Opinions,2025,2,23:50x1; 22:50x1
primary,JPY,BSI Manufacturing Index,2015,4,23:50x4
primary,JPY,BSI Manufacturing Index,2016,4,23:50x4
primary,JPY,BSI Manufacturing Index,2017,4,23:50x4
primary,JPY,BSI Manufacturing Index,2018,4,23:50x4
primary,JPY,BSI Manufacturing Index,2019,4,23:50x4
primary,JPY,BSI Manufacturing Index,2020,4,23:50x4
primary,JPY,BSI Manufacturing Index,2021,4,23:50x4
primary,JPY,BSI Manufacturing Index,2022,4,23:50x4
primary,JPY,BSI Manufacturing Index,2023,4,23:50x2; 22:50x2
primary,JPY,BSI Manufacturing Index,2024,4,23:50x2; 22:50x2
primary,JPY,BSI Manufacturing Index,2025,1,23:50x1
primary,JPY,Capital Spending q/y,2016,1,23:50x1
primary,JPY,Consumer Confidence,2015,12,05:00x11; 19:30x1
primary,JPY,Consumer Confidence,2016,12,05:00x11; 19:30x1
primary,JPY,Consumer Confidence,2017,12,05:00x10; 05:02x1; 20:30x1
primary,JPY,Consumer Confidence,2018,12,05:00x6; 05:02x3; 05:03x2; 05:04x1
primary,JPY,Consumer Confidence,2019,12,05:00x8; 05:07x1; 05:02x1; 05:04x1
primary,JPY,Consumer Confidence,2020,12,05:00x9; 05:02x2; 04:59x1
primary,JPY,Consumer Confidence,2021,12,04:59x6; 05:00x5; 05:02x1
primary,JPY,Consumer Confidence,2022,12,05:00x6; 04:59x4; 05:02x2
primary,JPY,Consumer Confidence,2023,12,05:00x5; 04:00x5; 05:02x1; 03:59x1
primary,JPY,Consumer Confidence,2024,12,05:00x6; 04:00x3; 03:59x3
primary,JPY,Consumer Confidence,2025,3,05:00x3
primary,JPY,Core Machinery Orders m/m,2015,12,23:50x12
primary,JPY,Current Account,2015,12,23:50x11; 20:30x1
primary,JPY,Current Account,2016,12,23:50x12
primary,JPY,Final GDP Price Index y/y,2015,4,20:30x2; 19:30x2
primary,JPY,Final GDP Price Index y/y,2016,4,20:30x2; 19:30x2
primary,JPY,Final GDP Price Index y/y,2017,4,20:30x2; 19:30x2
primary,JPY,Final GDP Price Index y/y,2018,4,19:30x2; 20:30x1; 23:53x1
primary,JPY,Final GDP Price Index y/y,2019,4,23:52x1; 19:30x1; 23:54x1; 20:30x1
primary,JPY,Final GDP Price Index y/y,2020,4,23:52x3; 19:30x1
primary,JPY,Final GDP Price Index y/y,2021,4,23:54x2; 23:50x1; 23:53x1
primary,JPY,Final GDP Price Index y/y,2022,4,19:30x2; 23:53x1; 20:30x1
primary,JPY,Final GDP Price Index y/y,2023,4,19:30x2; 23:50x1; 20:30x1
primary,JPY,Final GDP Price Index y/y,2024,4,20:30x2; 19:30x2
primary,JPY,Final GDP Price Index y/y,2025,1,23:50x1
primary,JPY,Final GDP q/q,2015,4,20:30x2; 19:30x2
primary,JPY,Final GDP q/q,2016,4,20:30x2; 19:30x2
primary,JPY,Final GDP q/q,2017,4,23:50x4
primary,JPY,Final GDP q/q,2018,4,20:30x2; 19:30x2
primary,JPY,Final GDP q/q,2019,4,20:30x2; 19:30x2
primary,JPY,Final GDP q/q,2020,4,20:30x2; 19:30x2
primary,JPY,Final GDP q/q,2021,4,20:30x2; 19:30x2
primary,JPY,Final GDP q/q,2022,4,19:30x2; 23:50x1; 20:30x1
primary,JPY,Final GDP q/q,2023,4,20:30x2; 19:30x2
primary,JPY,Final GDP q/q,2024,4,19:30x2; 23:50x1; 20:30x1
primary,JPY,Final GDP q/q,2025,1,20:30x1
primary,JPY,Final Manufacturing PMI,2015,12,01:35x12
primary,JPY,Final Manufacturing PMI,2016,12,02:00x7; 00:30x3; 01:35x1; 20:30x1
primary,JPY,Final Manufacturing PMI,2017,12,00:30x11; 20:30x1
primary,JPY,Final Manufacturing PMI,2018,12,00:30x8; 20:30x4
primary,JPY,Final Manufacturing PMI,2019,12,00:30x8; 20:30x3; 19:30x1
primary,JPY,Final Manufacturing PMI,2020,12,00:30x7; 20:30x4; 19:30x1
primary,JPY,Final Manufacturing PMI,2021,12,00:30x7; 20:30x4; 19:30x1
primary,JPY,Final Manufacturing PMI,2022,12,00:30x9; 20:30x3
primary,JPY,Final Manufacturing PMI,2023,12,23:30x5; 00:30x4; 20:30x2; 19:30x1
primary,JPY,Final Manufacturing PMI,2024,13,23:30x6; 00:30x4; 20:30x3
primary,JPY,Final Manufacturing PMI,2025,3,20:30x2; 19:30x1
primary,JPY,Flash Manufacturing PMI,2015,12,01:35x12
primary,JPY,Flash Manufacturing PMI,2016,12,02:00x8; 00:30x3; 20:30x1
primary,JPY,Flash Manufacturing PMI,2017,12,00:30x10; 20:30x2
primary,JPY,Flash Manufacturing PMI,2018,12,00:30x9; 19:30x2; 20:30x1
primary,JPY,Flash Manufacturing PMI,2019,12,00:30x10; 20:30x2
primary,JPY,Flash Manufacturing PMI,2020,12,00:30x10; 19:30x1; 20:30x1
primary,JPY,Flash Manufacturing PMI,2021,12,00:30x7; 20:30x4; 19:30x1
primary,JPY,Flash Manufacturing PMI,2022,12,00:30x12
primary,JPY,Flash Manufacturing PMI,2023,12,23:30x6; 00:30x4; 20:30x2
primary,JPY,Flash Manufacturing PMI,2024,12,00:30x6; 23:30x5; 19:30x1
primary,JPY,Flash Manufacturing PMI,2025,3,00:30x2; 23:30x1
primary,JPY,Household Spending y/y,2015,12,23:30x10; 19:30x1; 20:30x1
primary,JPY,Household Spending y/y,2016,12,23:30x11; 19:30x1
primary,JPY,Household Spending y/y,2017,4,23:30x4
primary,JPY,Housing Starts y/y,2015,12,05:00x11; 20:30x1
primary,JPY,Housing Starts y/y,2016,12,05:00x6; 20:30x3; 19:30x2; 05:06x1
primary,JPY,Housing Starts y/y,2017,12,05:00x9; 05:05x1; 20:30x1; 05:02x1
primary,JPY,Housing Starts y/y,2018,12,05:00x11; 05:02x1
primary,JPY,Housing Starts y/y,2019,12,05:00x9; 05:02x2; 20:30x1
primary,JPY,Housing Starts y/y,2020,12,05:00x8; 05:02x4
primary,JPY,Housing Starts y/y,2021,12,05:00x8; 04:59x3; 05:02x1
primary,JPY,Housing Starts y/y,2022,12,05:00x7; 04:59x2; 19:30x1; 05:02x1
primary,JPY,Housing Starts y/y,2023,12,04:00x4; 05:00x3; 20:30x3; 19:30x2
primary,JPY,Housing Starts y/y,2024,12,04:00x6; 05:00x4; 20:30x2
primary,JPY,Housing Starts y/y,2025,3,05:00x2; 04:00x1
primary,JPY,Leading Indicators,2018,1,05:00x1
primary,JPY,Lower House Elections,2017,1,20:29x1
primary,JPY,Lower House Elections,2021,1,20:29x1
primary,JPY,Lower House Elections,2024,1,20:29x1
primary,JPY,Monetary Policy Meeting Minutes,2015,14,23:50x13; 19:30x1
primary,JPY,Monetary Policy Meeting Minutes,2016,8,23:50x8
primary,JPY,Monetary Policy Meeting Minutes,2017,8,23:50x7; 19:30x1
primary,JPY,Monetary Policy Meeting Minutes,2018,8,23:50x7; 20:30x1
primary,JPY,Monetary Policy Meeting Minutes,2019,8,23:50x6; 19:30x2
primary,JPY,Monetary Policy Meeting Minutes,2020,9,23:50x7; 19:30x1; 20:30x1
primary,JPY,Monetary Policy Meeting Minutes,2021,8,23:50x7; 20:30x1
primary,JPY,Monetary Policy Meeting Minutes,2022,8,23:50x7; 20:30x1
primary,JPY,Monetary Policy Meeting Minutes,2023,8,23:50x5; 22:50x2; 19:30x1
primary,JPY,Monetary Policy Meeting Minutes,2024,8,23:50x4; 22:50x3; 19:30x1
primary,JPY,Monetary Policy Meeting Minutes,2025,2,23:50x1; 22:50x1
primary,JPY,Monetary Policy Statement,2015,14,02:49x2; 03:04x2; 03:18x2; 03:29x1
primary,JPY,Monetary Policy Statement,2016,8,20:30x5; 19:30x3
primary,JPY,Monetary Policy Statement,2017,8,19:30x4; 20:30x3; 02:46x1
primary,JPY,Monetary Policy Statement,2018,8,20:30x3; 19:30x2; 02:41x1; 02:47x1
primary,JPY,Monetary Policy Statement,2019,8,20:30x2; 19:30x2; 02:45x2; 02:40x1
primary,JPY,Monetary Policy Statement,2020,9,20:30x2; 03:01x1; 03:08x1; 01:00x1
primary,JPY,Monetary Policy Statement,2021,8,20:30x2; 19:30x2; 03:39x1; 03:30x1
primary,JPY,Monetary Policy Statement,2022,8,20:30x2; 02:51x2; 19:30x2; 02:43x1
primary,JPY,Monetary Policy Statement,2023,8,20:30x2; 19:30x2; 02:31x1; 01:47x1
primary,JPY,Monetary Policy Statement,2024,8,20:30x4; 19:30x4
primary,JPY,Monetary Policy Statement,2025,2,20:30x2
primary,JPY,Monetary Policy Statement,2026,1,02:30x1
primary,JPY,National Core CPI y/y,2015,12,20:30x6; 19:30x6
primary,JPY,National Core CPI y/y,2016,12,20:30x6; 19:30x6
primary,JPY,National Core CPI y/y,2017,12,20:30x5; 19:30x4; 23:30x3
primary,JPY,National Core CPI y/y,2018,12,23:30x12
primary,JPY,National Core CPI y/y,2019,12,23:30x12
primary,JPY,National Core CPI y/y,2020,12,23:30x12
primary,JPY,National Core CPI y/y,2021,12,23:30x12
primary,JPY,National Core CPI y/y,2022,12,23:30x12
primary,JPY,National Core CPI y/y,2023,12,23:30x6; 22:30x6
primary,JPY,National Core CPI y/y,2024,12,22:30x7; 23:30x5
primary,JPY,National Core CPI y/y,2025,3,23:30x3
primary,JPY,Prelim GDP Price Index y/y,2015,4,20:30x2; 19:30x2
primary,JPY,Prelim GDP Price Index y/y,2016,4,20:30x2; 19:30x2
primary,JPY,Prelim GDP Price Index y/y,2017,4,20:30x2; 19:30x2
primary,JPY,Prelim GDP Price Index y/y,2018,4,19:30x2; 23:50x1; 20:30x1
primary,JPY,Prelim GDP Price Index y/y,2019,4,23:53x2; 23:50x1; 19:30x1
primary,JPY,Prelim GDP Price Index y/y,2020,4,23:50x4
primary,JPY,Prelim GDP Price Index y/y,2021,4,23:50x4
primary,JPY,Prelim GDP Price Index y/y,2022,4,23:50x4
primary,JPY,Prelim GDP Price Index y/y,2023,4,23:50x2; 22:50x2
primary,JPY,Prelim GDP Price Index y/y,2024,4,23:50x2; 19:30x1; 22:50x1
primary,JPY,Prelim GDP Price Index y/y,2025,1,23:50x1
primary,JPY,Prelim GDP q/q,2015,4,23:50x4
primary,JPY,Prelim GDP q/q,2016,4,23:50x4
primary,JPY,Prelim GDP q/q,2017,4,23:50x4
primary,JPY,Prelim GDP q/q,2018,4,23:50x3; 20:30x1
primary,JPY,Prelim GDP q/q,2019,4,23:50x2; 19:30x2
primary,JPY,Prelim GDP q/q,2020,4,20:30x2; 19:30x2
primary,JPY,Prelim GDP q/q,2021,4,20:30x2; 19:30x2
primary,JPY,Prelim GDP q/q,2022,4,20:30x2; 19:30x2
primary,JPY,Prelim GDP q/q,2023,4,20:30x2; 19:30x2
primary,JPY,Prelim GDP q/q,2024,4,20:30x2; 22:50x1; 19:30x1
primary,JPY,Prelim GDP q/q,2025,1,20:30x1
primary,JPY,Prelim Industrial Production m/m,2015,12,23:50x8; 20:30x3; 19:30x1
primary,JPY,Prelim Industrial Production m/m,2016,12,23:50x8; 20:30x2; 19:30x2
primary,JPY,Prelim Industrial Production m/m,2017,12,23:50x10; 20:30x2
primary,JPY,Prelim Industrial Production m/m,2018,12,23:50x9; 20:30x3
primary,JPY,Prelim Industrial Production m/m,2019,12,23:50x8; 20:30x3; 19:30x1
primary,JPY,Prelim Industrial Production m/m,2020,12,23:50x11; 20:30x1
primary,JPY,Prelim Industrial Production m/m,2021,12,23:50x11; 20:30x1
primary,JPY,Prelim Industrial Production m/m,2022,12,23:50x10; 19:30x1; 20:30x1
primary,JPY,Prelim Industrial Production m/m,2023,12,23:50x6; 22:50x6
primary,JPY,Prelim Industrial Production m/m,2024,12,22:50x6; 23:50x4; 20:30x2
primary,JPY,Prelim Industrial Production m/m,2025,3,23:50x2; 22:50x1
primary,JPY,Retail Sales y/y,2015,12,23:50x11; 20:30x1
primary,JPY,Retail Sales y/y,2016,12,23:50x10; 20:30x2
primary,JPY,Retail Sales y/y,2017,12,23:50x7; 20:30x3; 19:30x2
primary,JPY,Retail Sales y/y,2018,12,23:50x8; 20:30x3; 19:30x1
primary,JPY,Retail Sales y/y,2019,12,23:50x5; 19:30x4; 20:30x3
primary,JPY,Retail Sales y/y,2020,13,19:30x5; 20:30x4; 23:50x4
primary,JPY,Retail Sales y/y,2021,12,23:50x7; 20:30x3; 19:30x2
primary,JPY,Retail Sales y/y,2022,12,20:30x4; 23:50x4; 19:30x4
primary,JPY,Retail Sales y/y,2023,12,20:30x6; 19:30x5; 22:50x1
primary,JPY,Retail Sales y/y,2024,12,20:30x6; 19:30x5; 22:50x1
primary,JPY,Retail Sales y/y,2025,3,20:30x2; 19:30x1
primary,JPY,Revised Industrial Production m/m,2015,12,04:30x12
primary,JPY,Revised Industrial Production m/m,2016,12,04:30x9; 04:34x2; 04:33x1
primary,JPY,Revised Industrial Production m/m,2017,12,04:30x7; 04:32x4; 04:33x1
primary,JPY,Revised Industrial Production m/m,2018,12,04:30x11; 04:32x1
primary,JPY,Revised Industrial Production m/m,2019,12,04:30x11; 04:32x1
primary,JPY,Revised Industrial Production m/m,2020,12,04:30x11; 04:33x1
primary,JPY,Revised Industrial Production m/m,2021,12,04:30x11; 04:32x1
primary,JPY,Revised Industrial Production m/m,2022,12,04:30x11; 04:32x1
primary,JPY,Revised Industrial Production m/m,2023,12,04:30x6; 03:30x6
primary,JPY,Revised Industrial Production m/m,2024,12,04:30x5; 03:30x5; 20:30x1; 03:29x1
primary,JPY,Revised Industrial Production m/m,2025,3,04:30x3
primary,JPY,Tankan Manufacturing Index,2015,4,23:50x4
primary,JPY,Tankan Manufacturing Index,2016,4,23:50x4
primary,JPY,Tankan Manufacturing Index,2017,4,23:50x4
primary,JPY,Tankan Manufacturing Index,2018,4,23:50x4
primary,JPY,Tankan Manufacturing Index,2019,4,23:50x4
primary,JPY,Tankan Manufacturing Index,2020,4,23:50x4
primary,JPY,Tankan Manufacturing Index,2021,4,23:50x2; 20:30x2
primary,JPY,Tankan Manufacturing Index,2022,4,23:50x2; 20:30x2
primary,JPY,Tankan Manufacturing Index,2023,4,22:50x2; 20:30x1; 23:50x1
primary,JPY,Tankan Manufacturing Index,2024,4,22:50x2; 20:30x1; 23:50x1
primary,JPY,Tankan Manufacturing Index,2025,1,22:50x1
primary,JPY,Tankan Non-Manufacturing Index,2015,4,19:30x2; 20:30x2
primary,JPY,Tankan Non-Manufacturing Index,2016,4,19:30x2; 20:30x2
primary,JPY,Tankan Non-Manufacturing Index,2017,4,19:30x2; 20:30x2
primary,JPY,Tankan Non-Manufacturing Index,2018,4,19:30x2; 20:30x2
primary,JPY,Tankan Non-Manufacturing Index,2019,4,19:30x2; 20:30x2
primary,JPY,Tankan Non-Manufacturing Index,2020,4,19:30x2; 20:30x2
primary,JPY,Tankan Non-Manufacturing Index,2021,4,19:30x2; 20:30x2
primary,JPY,Tankan Non-Manufacturing Index,2022,4,19:30x2; 20:30x2
primary,JPY,Tankan Non-Manufacturing Index,2023,4,19:30x2; 20:30x2
primary,JPY,Tankan Non-Manufacturing Index,2024,4,19:30x2; 20:30x2
primary,JPY,Tankan Non-Manufacturing Index,2025,1,19:30x1
primary,JPY,Tertiary Industry Activity m/m,2015,2,23:50x2
primary,JPY,Tokyo Core CPI y/y,2015,12,19:30x6; 20:30x4; 23:30x2
primary,JPY,Tokyo Core CPI y/y,2016,12,23:30x5; 20:30x4; 19:30x3
primary,JPY,Tokyo Core CPI y/y,2017,12,19:30x6; 20:30x5; 23:30x1
primary,JPY,Tokyo Core CPI y/y,2018,12,23:30x11; 20:30x1
primary,JPY,Tokyo Core CPI y/y,2019,12,23:30x12
primary,JPY,Tokyo Core CPI y/y,2020,12,23:30x12
primary,JPY,Tokyo Core CPI y/y,2021,11,23:30x11
primary,JPY,Tokyo Core CPI y/y,2022,12,23:30x11; 20:30x1
primary,JPY,Tokyo Core CPI y/y,2023,12,22:30x6; 23:30x5; 20:30x1
primary,JPY,Tokyo Core CPI y/y,2024,13,23:30x7; 22:30x6
primary,JPY,Tokyo Core CPI y/y,2025,3,23:30x2; 22:30x1
primary,JPY,Tokyo Core CPI y/y,2026,2,23:30x2
primary,JPY,Trade Balance,2015,12,23:50x11; 20:30x1
primary,JPY,Trade Balance,2016,12,23:50x11; 23:52x1
primary,JPY,Trade Balance,2017,12,23:50x11; 19:30x1
primary,JPY,Trade Balance,2018,12,23:50x11; 20:30x1
primary,JPY,Trade Balance,2019,12,23:50x11; 19:30x1
primary,JPY,Trade Balance,2020,12,23:50x9; 19:30x2; 20:30x1
primary,JPY,Trade Balance,2021,12,23:50x6; 19:30x4; 20:30x2
primary,JPY,Trade Balance,2022,12,23:50x9; 19:30x2; 20:30x1
primary,JPY,Trade Balance,2023,12,23:50x3; 20:30x3; 22:50x3; 19:30x2
primary,JPY,Trade Balance,2024,12,23:50x5; 22:50x4; 19:30x3
primary,JPY,Trade Balance,2025,3,20:30x2; 23:50x1
primary,JPY,Unemployment Rate,2015,12,20:30x6; 19:30x6
primary,JPY,Unemployment Rate,2016,12,20:30x6; 19:30x6
primary,JPY,Unemployment Rate,2017,12,20:30x6; 19:30x6
primary,JPY,Unemployment Rate,2018,12,20:30x5; 19:30x4; 23:30x3
primary,JPY,Unemployment Rate,2019,12,19:30x5; 23:30x4; 20:30x3
primary,JPY,Unemployment Rate,2020,12,23:30x7; 20:30x4; 19:30x1
primary,JPY,Unemployment Rate,2021,12,23:30x8; 20:30x2; 19:30x2
primary,JPY,Unemployment Rate,2022,12,23:30x9; 19:30x2; 20:30x1
primary,JPY,Unemployment Rate,2023,12,23:30x4; 19:30x3; 22:30x3; 20:30x2
primary,JPY,Unemployment Rate,2024,12,23:30x4; 19:30x4; 22:30x2; 20:30x2
primary,JPY,Unemployment Rate,2025,3,20:30x1; 23:30x1; 22:30x1
primary,JPY,Upper House Elections,2016,1,19:29x1
primary,JPY,Upper House Elections,2017,1,20:29x1
primary,JPY,Upper House Elections,2022,1,19:29x1
primary,USD,10-y Bond Auction,2015,4,18:01x2; 17:01x2
primary,USD,10-y Bond Auction,2017,1,18:01x1
primary,USD,10-y Bond Auction,2019,2,18:01x2
primary,USD,10-y Bond Auction,2020,1,17:01x1
primary,USD,10-y Bond Auction,2021,10,17:01x6; 18:01x3; 17:03x1
primary,USD,10-y Bond Auction,2022,4,18:01x3; 17:01x1
primary,USD,10-y Bond Auction,2023,9,16:01x5; 18:01x4
primary,USD,10-y Bond Auction,2024,8,16:01x5; 18:01x2; 17:01x1
primary,USD,30-y Bond Auction,2017,1,18:01x1
primary,USD,30-y Bond Auction,2018,1,18:01x1
primary,USD,30-y Bond Auction,2019,1,18:01x1
primary,USD,30-y Bond Auction,2020,1,18:01x1
primary,USD,30-y Bond Auction,2021,10,17:01x7; 18:01x3
primary,USD,30-y Bond Auction,2022,4,18:01x3; 17:01x1
primary,USD,30-y Bond Auction,2023,3,16:01x1; 16:04x1; 18:01x1
primary,USD,30-y Bond Auction,2024,9,16:01x6; 18:01x2; 17:01x1
primary,USD,ADP Non-Farm Employment Change,2015,12,12:15x7; 13:15x5
primary,USD,ADP Non-Farm Employment Change,2016,12,12:15x8; 13:15x4
primary,USD,ADP Non-Farm Employment Change,2017,12,12:15x8; 13:15x3; 20:30x1
primary,USD,ADP Non-Farm Employment Change,2018,12,12:15x8; 13:15x4
primary,USD,ADP Non-Farm Employment Change,2019,12,12:15x7; 13:15x4; 19:30x1
primary,USD,ADP Non-Farm Employment Change,2020,12,12:15x7; 13:15x5
primary,USD,ADP Non-Farm Employment Change,2021,12,12:15x8; 13:15x4
primary,USD,ADP Non-Farm Employment Change,2022,10,12:15x6; 13:15x3; 13:17x1
primary,USD,ADP Non-Farm Employment Change,2023,12,11:15x6; 13:15x4; 12:15x2
primary,USD,ADP Non-Farm Employment Change,2024,12,11:15x6; 13:15x4; 12:15x2
primary,USD,ADP Non-Farm Employment Change,2025,4,13:15x3; 11:15x1
primary,USD,ADP Non-Farm Employment Change,2026,2,12:15x2
primary,USD,Advance GDP Price Index q/q,2015,4,20:30x2; 19:30x2
primary,USD,Advance GDP Price Index q/q,2016,4,20:30x2; 19:30x2
primary,USD,Advance GDP Price Index q/q,2017,4,20:30x2; 19:30x2
primary,USD,Advance GDP Price Index q/q,2018,4,20:30x2; 19:30x2
primary,USD,Advance GDP Price Index q/q,2019,4,20:30x2; 19:30x2
primary,USD,Advance GDP Price Index q/q,2020,4,20:30x1; 12:34x1; 19:30x1; 12:32x1
primary,USD,Advance GDP Price Index q/q,2021,4,13:32x1; 19:30x1; 12:32x1; 20:30x1
primary,USD,Advance GDP Price Index q/q,2022,4,20:30x2; 19:30x2
primary,USD,Advance GDP Price Index q/q,2023,4,20:30x2; 19:30x2
primary,USD,Advance GDP Price Index q/q,2024,4,20:30x2; 19:30x2
primary,USD,Advance GDP Price Index q/q,2025,1,20:30x1
primary,USD,Advance GDP Price Index q/q,2026,1,12:30x1
primary,USD,Advance GDP q/q,2015,4,20:30x2; 19:30x1; 12:30x1
primary,USD,Advance GDP q/q,2016,4,12:30x2; 20:30x1; 19:30x1
primary,USD,Advance GDP q/q,2017,4,19:30x2; 13:30x1; 12:30x1
primary,USD,Advance GDP q/q,2018,4,12:30x3; 20:30x1
primary,USD,Advance GDP q/q,2019,4,12:30x3; 20:30x1
primary,USD,Advance GDP q/q,2020,4,13:30x1; 12:32x1; 12:30x1; 20:30x1
primary,USD,Advance GDP q/q,2021,4,20:30x2; 12:30x2
primary,USD,Advance GDP q/q,2022,4,12:30x3; 13:30x1
primary,USD,Advance GDP q/q,2023,4,11:30x2; 13:30x1; 12:30x1
primary,USD,Advance GDP q/q,2024,4,11:30x2; 13:30x1; 12:30x1
primary,USD,Advance GDP q/q,2025,1,13:30x1
primary,USD,Advance GDP q/q,2026,1,12:30x1
primary,USD,Average Hourly Earnings m/m,2015,12,19:30x6; 20:30x5; 12:30x1
primary,USD,Average Hourly Earnings m/m,2016,12,20:30x6; 19:30x5; 12:30x1
primary,USD,Average Hourly Earnings m/m,2017,12,20:30x5; 19:30x5; 13:30x1; 12:30x1
primary,USD,Average Hourly Earnings m/m,2018,12,20:30x5; 19:30x4; 12:30x2; 13:30x1
primary,USD,Average Hourly Earnings m/m,2019,12,19:30x5; 20:30x4; 12:30x2; 13:30x1
primary,USD,Average Hourly Earnings m/m,2020,12,20:30x5; 19:30x5; 12:30x2
primary,USD,Average Hourly Earnings m/m,2021,12,20:30x6; 19:30x5; 12:30x1
primary,USD,Average Hourly Earnings m/m,2022,12,20:30x6; 19:30x5; 12:30x1
primary,USD,Average Hourly Earnings m/m,2023,12,20:30x5; 19:30x4; 11:30x2; 13:30x1
primary,USD,Average Hourly Earnings m/m,2024,12,19:30x4; 20:30x3; 11:30x2; 12:30x2
primary,USD,Average Hourly Earnings m/m,2025,4,20:30x3; 19:30x1
primary,USD,Average Hourly Earnings m/m,2026,2,12:30x2
primary,USD,Bank Stress Test Results,2015,2,21:30x1; 20:30x1
primary,USD,Bank Stress Test Results,2016,1,20:30x1
primary,USD,Bank Stress Test Results,2017,1,20:30x1
primary,USD,Bank Stress Test Results,2020,1,20:30x1
primary,USD,Building Permits,2015,12,20:30x5; 12:30x4; 19:30x2; 13:30x1
primary,USD,Building Permits,2016,12,20:30x5; 12:30x4; 19:30x3
primary,USD,Building Permits,2017,12,19:30x5; 20:30x4; 13:30x2; 12:30x1
primary,USD,Building Permits,2018,12,20:30x4; 19:30x3; 12:30x3; 13:30x2
primary,USD,Building Permits,2019,11,19:30x5; 20:30x4; 12:30x2
primary,USD,Building Permits,2020,6,20:30x3; 19:30x2; 12:30x1
primary,USD,Building Permits,2023,6,19:30x3; 20:30x2; 12:30x1
primary,USD,Building Permits,2024,12,19:30x6; 20:30x4; 12:30x1; 13:30x1
primary,USD,Building Permits,2025,1,20:30x1
primary,USD,Business Inventories m/m,2015,7,14:00x5; 15:00x2
primary,USD,CB Consumer Confidence,2015,12,14:00x8; 15:00x4
primary,USD,CB Consumer Confidence,2016,12,14:00x8; 15:00x4
primary,USD,CB Consumer Confidence,2017,12,14:00x8; 15:00x4
primary,USD,CB Consumer Confidence,2018,12,14:00x8; 15:00x4
primary,USD,CB Consumer Confidence,2019,12,14:00x8; 15:00x4
primary,USD,CB Consumer Confidence,2020,12,14:00x7; 15:00x4; 19:30x1
primary,USD,CB Consumer Confidence,2021,12,14:00x7; 20:30x3; 15:00x2
primary,USD,CB Consumer Confidence,2022,12,14:00x7; 15:00x3; 19:30x1; 20:30x1
primary,USD,CB Consumer Confidence,2023,12,13:00x6; 15:00x3; 14:00x2; 20:30x1
primary,USD,CB Consumer Confidence,2024,12,13:00x5; 15:00x3; 14:00x2; 19:30x1
primary,USD,CB Consumer Confidence,2025,3,15:00x2; 13:00x1
primary,USD,CB Consumer Confidence,2026,2,14:00x2
primary,USD,CB Leading Index m/m,2020,6,14:00x5; 20:30x1
primary,USD,CB Leading Index m/m,2021,1,15:00x1
primary,USD,CPI m/m,2015,12,19:30x7; 20:30x5
primary,USD,CPI m/m,2016,12,20:30x6; 19:30x6
primary,USD,CPI m/m,2017,12,20:30x6; 19:30x6
primary,USD,CPI m/m,2018,12,20:30x6; 19:30x6
primary,USD,CPI m/m,2019,12,20:30x6; 19:30x6
primary,USD,CPI m/m,2020,12,20:30x6; 19:30x6
primary,USD,CPI m/m,2021,12,19:30x6; 20:30x5; 13:30x1
primary,USD,CPI m/m,2022,12,20:30x6; 19:30x6
primary,USD,CPI m/m,2023,12,20:30x6; 19:30x6
primary,USD,CPI m/m,2024,12,20:30x6; 19:30x6
primary,USD,CPI m/m,2025,3,20:30x3
primary,USD,CPI m/m,2026,1,12:30x1
primary,USD,CPI y/y,2015,12,19:30x7; 20:30x5
primary,USD,CPI y/y,2016,12,20:30x6; 19:30x6
primary,USD,CPI y/y,2017,12,20:30x6; 19:30x6
primary,USD,CPI y/y,2018,12,20:30x6; 19:30x6
primary,USD,CPI y/y,2019,12,20:30x6; 19:30x6
primary,USD,CPI y/y,2020,12,19:30x5; 20:30x4; 12:30x2; 13:30x1
primary,USD,CPI y/y,2021,12,19:30x6; 20:30x4; 13:30x1; 12:30x1
primary,USD,CPI y/y,2022,12,19:30x6; 20:30x5; 12:30x1
primary,USD,CPI y/y,2023,12,20:30x6; 19:30x6
primary,USD,CPI y/y,2024,12,20:30x6; 19:30x6
primary,USD,CPI y/y,2025,3,20:30x3
primary,USD,CPI y/y,2026,1,12:30x1
primary,USD,Capacity Utilization Rate,2015,12,13:15x8; 14:15x4
primary,USD,Capacity Utilization Rate,2016,12,13:15x8; 14:15x4
primary,USD,Capacity Utilization Rate,2017,12,13:15x7; 14:15x4; 12:47x1
primary,USD,Capacity Utilization Rate,2018,7,13:15x5; 14:15x2
primary,USD,Chicago PMI,2015,12,13:45x8; 14:45x4
primary,USD,Chicago PMI,2016,12,13:45x8; 14:45x4
primary,USD,Chicago PMI,2017,12,13:45x7; 14:45x4; 20:30x1
primary,USD,Chicago PMI,2018,12,13:45x8; 14:45x4
primary,USD,Chicago PMI,2019,12,13:45x8; 14:45x4
primary,USD,Chicago PMI,2020,12,13:45x7; 14:45x4; 12:20x1
primary,USD,Chicago PMI,2021,12,13:45x8; 14:45x4
primary,USD,Chicago PMI,2022,12,13:45x8; 14:45x4
primary,USD,Chicago PMI,2023,12,12:45x6; 14:45x4; 13:45x2
primary,USD,Chicago PMI,2024,12,12:45x6; 14:45x4; 13:45x2
primary,USD,Chicago PMI,2025,3,14:45x2; 12:45x1
primary,USD,Cleveland Fed Inflation Expectations,2023,3,12:45x2; 14:45x1
primary,USD,Cleveland Fed Inflation Expectations,2024,4,14:45x2; 12:45x1; 12:56x1
primary,USD,Cleveland Fed Inflation Expectations,2025,1,14:45x1
primary,USD,Congressional Elections,2018,1,20:29x1
primary,USD,Congressional Elections,2020,1,20:29x1
primary,USD,Congressional Elections,2022,1,20:29x1
primary,USD,Congressional Elections,2024,1,20:29x1
primary,USD,Construction Spending m/m,2015,12,20:30x6; 19:30x5; 14:00x1
primary,USD,Construction Spending m/m,2016,12,20:30x6; 19:30x6
primary,USD,Construction Spending m/m,2017,12,20:30x6; 19:30x6
primary,USD,Construction Spending m/m,2018,12,20:30x6; 19:30x6
primary,USD,Construction Spending m/m,2019,12,19:30x6; 20:30x4; 15:00x1; 14:00x1
primary,USD,Construction Spending m/m,2020,12,20:30x6; 19:30x6
primary,USD,Construction Spending m/m,2021,12,19:30x6; 20:30x5; 15:00x1
primary,USD,Construction Spending m/m,2022,12,19:30x6; 20:30x5; 15:00x1
primary,USD,Construction Spending m/m,2023,12,19:30x6; 20:30x5; 15:00x1
primary,USD,Construction Spending m/m,2024,12,19:30x6; 20:30x5; 15:00x1
primary,USD,Construction Spending m/m,2025,4,20:30x2; 15:00x1; 19:30x1
primary,USD,Core CPI m/m,2015,12,12:30x4; 19:30x4; 13:30x2; 20:30x2
primary,USD,Core CPI m/m,2016,12,20:30x6; 19:30x6
primary,USD,Core CPI m/m,2017,12,12:30x7; 13:30x3; 20:30x1; 19:30x1
primary,USD,Core CPI m/m,2018,12,19:30x4; 13:30x3; 20:30x3; 12:30x2
primary,USD,Core CPI m/m,2019,12,19:30x4; 13:30x3; 12:30x3; 20:30x2
primary,USD,Core CPI m/m,2020,12,20:30x4; 12:30x4; 13:30x2; 19:30x2
primary,USD,Core CPI m/m,2021,12,12:30x5; 20:30x4; 19:30x2; 13:30x1
primary,USD,Core CPI m/m,2022,12,12:30x6; 13:30x4; 20:30x1; 19:30x1
primary,USD,Core CPI m/m,2023,12,11:30x5; 13:30x4; 20:30x1; 19:30x1
primary,USD,Core CPI m/m,2024,12,13:30x4; 11:30x4; 12:30x2; 19:30x2
primary,USD,Core CPI m/m,2025,3,20:30x1; 13:30x1; 12:30x1
primary,USD,Core CPI m/m,2026,1,12:30x1
primary,USD,Core CPI y/y,2026,1,12:30x1
primary,USD,Core Durable Goods Orders m/m,2015,12,12:30x8; 13:30x2; 20:30x2
primary,USD,Core Durable Goods Orders m/m,2016,12,12:30x6; 13:30x2; 20:30x2; 19:30x2
primary,USD,Core Durable Goods Orders m/m,2017,12,12:30x6; 20:30x2; 13:30x2; 19:30x2
primary,USD,Core Durable Goods Orders m/m,2018,12,20:30x4; 12:30x4; 19:30x3; 13:30x1
primary,USD,Core Durable Goods Orders m/m,2019,12,12:30x6; 20:30x3; 19:30x2; 13:30x1
primary,USD,Core Durable Goods Orders m/m,2020,12,12:30x7; 20:30x3; 13:30x1; 19:30x1
primary,USD,Core Durable Goods Orders m/m,2021,12,12:30x6; 20:30x3; 19:30x2; 13:30x1
primary,USD,Core Durable Goods Orders m/m,2022,12,20:30x5; 12:30x5; 19:30x2
primary,USD,Core Durable Goods Orders m/m,2023,12,20:30x5; 19:30x5; 11:30x1; 12:30x1
primary,USD,Core Durable Goods Orders m/m,2024,12,20:30x6; 19:30x4; 11:30x2
primary,USD,Core Durable Goods Orders m/m,2025,3,13:30x1; 20:30x1; 19:30x1
primary,USD,Core PCE Price Index m/m,2015,12,20:30x5; 19:30x4; 12:30x2; 13:30x1
primary,USD,Core PCE Price Index m/m,2016,12,12:30x4; 20:30x3; 15:00x2; 19:30x2
primary,USD,Core PCE Price Index m/m,2017,12,20:30x4; 19:30x4; 12:30x3; 13:30x1
primary,USD,Core PCE Price Index m/m,2018,12,19:30x6; 20:30x4; 13:30x1; 12:30x1
primary,USD,Core PCE Price Index m/m,2019,12,19:30x5; 20:30x3; 12:30x2; 15:00x2
primary,USD,Core PCE Price Index m/m,2020,8,20:30x4; 19:30x3; 12:30x1
primary,USD,Core PCE Price Index m/m,2021,8,20:30x3; 12:30x2; 19:30x2; 15:00x1
primary,USD,Core PCE Price Index m/m,2022,12,19:30x4; 12:30x3; 20:30x3; 13:30x2
primary,USD,Core PCE Price Index m/m,2023,12,19:30x5; 20:30x3; 13:30x2; 11:30x1
primary,USD,Core PCE Price Index m/m,2024,12,20:30x4; 11:30x3; 19:30x3; 13:30x1
primary,USD,Core PCE Price Index m/m,2025,3,20:30x2; 19:30x1
primary,USD,Core PCE Price Index m/m,2026,2,12:30x2
primary,USD,Core PPI m/m,2015,12,20:30x6; 19:30x6
primary,USD,Core PPI m/m,2016,12,20:30x6; 19:30x6
primary,USD,Core PPI m/m,2017,12,20:30x6; 19:30x6
primary,USD,Core PPI m/m,2018,12,20:30x6; 19:30x5; 12:30x1
primary,USD,Core PPI m/m,2019,12,20:30x6; 19:30x5; 12:30x1
primary,USD,Core PPI m/m,2020,11,12:30x4; 19:30x3; 13:30x2; 20:30x2
primary,USD,Core PPI m/m,2021,7,19:30x4; 20:30x3
primary,USD,Core PPI m/m,2022,12,20:30x6; 19:30x6
primary,USD,Core PPI m/m,2023,12,11:30x5; 20:30x4; 13:30x2; 19:30x1
primary,USD,Core PPI m/m,2024,12,20:30x4; 11:30x3; 19:30x3; 13:30x2
primary,USD,Core PPI m/m,2025,3,13:30x2; 20:30x1
primary,USD,Core PPI m/m,2026,1,12:30x1
primary,USD,Core Retail Sales m/m,2015,12,12:30x5; 13:30x3; 20:30x2; 19:30x2
primary,USD,Core Retail Sales m/m,2016,12,12:30x6; 13:30x4; 19:30x2
primary,USD,Core Retail Sales m/m,2017,12,20:30x5; 19:30x4; 12:30x2; 13:30x1
primary,USD,Core Retail Sales m/m,2018,12,12:30x6; 20:30x3; 19:30x2; 13:30x1
primary,USD,Core Retail Sales m/m,2019,12,12:30x5; 20:30x3; 19:30x3; 13:30x1
primary,USD,Core Retail Sales m/m,2020,12,20:30x5; 19:30x5; 13:30x1; 12:30x1
primary,USD,Core Retail Sales m/m,2021,12,19:30x4; 13:30x3; 20:30x3; 12:32x1
primary,USD,Core Retail Sales m/m,2022,12,20:30x4; 19:30x3; 12:30x3; 13:30x2
primary,USD,Core Retail Sales m/m,2023,12,20:30x6; 19:30x6
primary,USD,Core Retail Sales m/m,2024,12,20:30x6; 19:30x5; 11:30x1
primary,USD,Core Retail Sales m/m,2025,3,20:30x2; 13:30x1
primary,USD,Core Retail Sales m/m,2026,1,12:30x1
primary,USD,Crude Oil Inventories,2015,52,14:30x31; 15:30x15; 16:00x3; 15:00x3
primary,USD,Crude Oil Inventories,2016,52,14:30x29; 15:30x15; 15:00x4; 16:00x3
primary,USD,Crude Oil Inventories,2017,52,14:30x29; 15:30x14; 16:00x4; 15:00x4
primary,USD,Crude Oil Inventories,2018,49,14:30x30; 15:30x9; 16:00x5; 15:00x4
primary,USD,Crude Oil Inventories,2019,17,14:30x7; 15:30x6; 15:00x2; 16:00x2
primary,USD,Crude Oil Inventories,2020,23,14:30x11; 15:30x7; 16:00x3; 19:30x1
primary,USD,Crude Oil Inventories,2021,45,14:30x27; 15:30x11; 15:00x4; 19:30x2
primary,USD,Crude Oil Inventories,2022,12,15:30x7; 16:00x2; 14:30x2; 19:30x1
primary,USD,Crude Oil Inventories,2023,1,15:30x1
primary,USD,Crude Oil Inventories,2024,19,15:30x5; 13:30x4; 14:30x4; 20:30x2
primary,USD,Crude Oil Inventories,2025,9,15:30x5; 17:00x2; 16:00x1; 20:30x1
primary,USD,Current Account,2015,4,20:30x2; 19:30x2
primary,USD,Current Account,2016,4,20:30x2; 19:30x2
primary,USD,Current Account,2017,4,20:30x2; 19:30x2
primary,USD,Current Account,2018,2,12:30x2
primary,USD,Durable Goods Orders m/m,2015,12,20:30x6; 19:30x6
primary,USD,Durable Goods Orders m/m,2016,12,20:30x6; 19:30x6
primary,USD,Durable Goods Orders m/m,2017,12,20:30x6; 19:30x6
primary,USD,Durable Goods Orders m/m,2018,12,20:30x6; 19:30x6
primary,USD,Durable Goods Orders m/m,2019,12,20:30x6; 19:30x6
primary,USD,Durable Goods Orders m/m,2020,12,20:30x6; 19:30x6
primary,USD,Durable Goods Orders m/m,2021,12,20:30x6; 19:30x6
primary,USD,Durable Goods Orders m/m,2022,12,20:30x6; 19:30x6
primary,USD,Durable Goods Orders m/m,2023,12,20:30x6; 19:30x6
primary,USD,Durable Goods Orders m/m,2024,12,19:30x6; 20:30x5; 13:30x1
primary,USD,Durable Goods Orders m/m,2025,3,20:30x2; 19:30x1
primary,USD,Empire State Manufacturing Index,2015,12,20:30x6; 19:30x6
primary,USD,Empire State Manufacturing Index,2016,12,20:30x6; 19:30x3; 12:30x2; 12:25x1
primary,USD,Empire State Manufacturing Index,2017,12,20:30x5; 19:30x4; 12:30x2; 13:30x1
primary,USD,Empire State Manufacturing Index,2018,12,19:30x6; 20:30x5; 13:30x1
primary,USD,Empire State Manufacturing Index,2019,12,20:30x5; 19:30x5; 12:30x1; 20:00x1
primary,USD,Empire State Manufacturing Index,2020,12,19:30x6; 20:30x5; 12:30x1
primary,USD,Empire State Manufacturing Index,2021,12,20:30x6; 19:30x6
primary,USD,Empire State Manufacturing Index,2022,12,19:30x5; 20:30x4; 12:30x2; 13:30x1
primary,USD,Empire State Manufacturing Index,2023,12,20:30x6; 19:30x5; 11:30x1
primary,USD,Empire State Manufacturing Index,2024,12,19:30x6; 20:30x5; 13:30x1
primary,USD,Empire State Manufacturing Index,2025,3,20:30x3
primary,USD,Employment Cost Index q/q,2015,4,20:30x2; 19:30x2
primary,USD,Employment Cost Index q/q,2016,4,20:30x2; 19:30x2
primary,USD,Employment Cost Index q/q,2017,4,20:30x2; 19:30x2
primary,USD,Employment Cost Index q/q,2018,4,20:30x2; 19:30x2
primary,USD,Employment Cost Index q/q,2019,4,20:30x2; 19:30x2
primary,USD,Employment Cost Index q/q,2020,1,20:30x1
primary,USD,Employment Cost Index q/q,2023,3,19:30x2; 20:30x1
primary,USD,Employment Cost Index q/q,2024,4,20:30x2; 19:30x2
primary,USD,Employment Cost Index q/q,2025,1,20:30x1
primary,USD,Employment Cost Index q/q,2026,1,12:30x1
primary,USD,Existing Home Sales,2015,12,15:00x4; 14:00x4; 19:30x3; 20:30x1
primary,USD,Existing Home Sales,2016,12,14:00x6; 20:30x3; 15:00x2; 19:30x1
primary,USD,Existing Home Sales,2017,12,14:00x6; 15:00x4; 19:30x2
primary,USD,Existing Home Sales,2018,8,14:00x4; 15:00x2; 20:30x1; 19:30x1
primary,USD,Existing Home Sales,2021,1,20:30x1
primary,USD,Existing Home Sales,2022,11,14:00x7; 15:00x3; 19:30x1
primary,USD,Existing Home Sales,2023,12,19:30x4; 15:00x3; 14:00x2; 13:00x2
primary,USD,Existing Home Sales,2024,12,13:00x5; 20:30x3; 15:00x2; 19:30x2
primary,USD,Existing Home Sales,2025,3,15:00x2; 14:00x1
primary,USD,FOMC Economic Projections,2015,4,20:30x2; 19:30x2
primary,USD,FOMC Economic Projections,2016,4,20:30x3; 19:30x1
primary,USD,FOMC Economic Projections,2017,4,20:30x2; 19:30x2
primary,USD,FOMC Economic Projections,2018,4,20:30x3; 19:30x1
primary,USD,FOMC Economic Projections,2019,4,20:30x2; 19:30x2
primary,USD,FOMC Economic Projections,2020,3,19:30x1; 18:00x1; 19:00x1
primary,USD,FOMC Economic Projections,2021,4,18:00x3; 20:30x1
primary,USD,FOMC Economic Projections,2022,4,20:30x2; 19:30x2
primary,USD,FOMC Economic Projections,2023,4,19:30x3; 20:30x1
primary,USD,FOMC Economic Projections,2024,4,20:30x2; 19:30x2
primary,USD,FOMC Economic Projections,2025,1,20:30x1
primary,USD,FOMC Financial Stability Report,2018,1,21:00x1
primary,USD,FOMC Financial Stability Report,2019,2,20:00x1; 21:00x1
primary,USD,FOMC Financial Stability Report,2020,2,20:00x1; 21:00x1
primary,USD,FOMC Financial Stability Report,2021,2,20:00x1; 21:00x1
primary,USD,FOMC Financial Stability Report,2022,2,20:00x2
primary,USD,FOMC Financial Stability Report,2023,2,19:00x1; 20:30x1
primary,USD,FOMC Financial Stability Report,2024,2,19:00x1; 21:00x1
primary,USD,FOMC Meeting Minutes,2015,8,19:00x3; 18:00x3; 17:46x1; 20:30x1
primary,USD,FOMC Meeting Minutes,2016,8,18:00x5; 19:00x3
primary,USD,FOMC Meeting Minutes,2017,8,18:00x5; 19:00x3
primary,USD,FOMC Meeting Minutes,2018,8,18:00x5; 19:00x3
primary,USD,FOMC Meeting Minutes,2019,8,18:00x5; 19:00x3
primary,USD,FOMC Meeting Minutes,2020,8,18:00x4; 19:00x3; 19:30x1
primary,USD,FOMC Meeting Minutes,2021,8,18:00x5; 19:00x3
primary,USD,FOMC Meeting Minutes,2022,8,18:00x5; 19:00x2; 20:30x1
primary,USD,FOMC Meeting Minutes,2023,8,17:00x4; 19:00x3; 18:00x1
primary,USD,FOMC Meeting Minutes,2024,8,17:00x4; 19:00x3; 18:00x1
primary,USD,FOMC Meeting Minutes,2025,2,19:00x2
primary,USD,FOMC Meeting Minutes,2026,1,18:00x1
primary,USD,FOMC Member Barkin Speaks,2018,3,18:00x1; 12:45x1; 12:05x1
primary,USD,FOMC Member Barkin Speaks,2021,13,13:00x3; 16:00x3; 14:00x2; 17:00x2
primary,USD,FOMC Member Barkin Speaks,2023,1,14:30x1
primary,USD,FOMC Member Barkin Speaks,2024,27,19:30x3; 18:30x2; 15:15x2; 13:30x1
primary,USD,FOMC Member Barkin Speaks,2025,11,13:00x2; 16:00x1; 17:45x1; 14:20x1
primary,USD,FOMC Member Barr Speaks,2022,5,19:30x1; 17:45x1; 15:00x1; 20:30x1
primary,USD,FOMC Member Barr Speaks,2023,26,19:30x6; 20:30x3; 19:00x2; 15:00x2
primary,USD,FOMC Member Barr Speaks,2024,22,17:00x3; 15:00x2; 19:30x2; 13:00x2
primary,USD,FOMC Member Barr Speaks,2025,7,18:00x1; 19:30x1; 16:45x1; 20:30x1
primary,USD,FOMC Member Bostic Speaks,2018,38,17:00x5; 16:00x4; 13:00x2; 15:00x2
primary,USD,FOMC Member Bostic Speaks,2021,43,17:00x5; 16:00x5; 20:30x4; 15:00x3
primary,USD,FOMC Member Bostic Speaks,2023,1,17:30x1
primary,USD,FOMC Member Bostic Speaks,2024,38,12:00x3; 17:30x2; 20:30x2; 19:00x2
primary,USD,FOMC Member Bostic Speaks,2025,7,17:30x1; 16:00x1; 20:30x1; 17:00x1
primary,USD,FOMC Member Bowman Speaks,2019,8,16:15x1; 14:00x1; 20:00x1; 19:00x1
primary,USD,FOMC Member Bowman Speaks,2020,5,15:00x1; 13:15x1; 17:40x1; 19:00x1
primary,USD,FOMC Member Bowman Speaks,2021,12,20:30x4; 16:10x1; 23:15x1; 19:30x1
primary,USD,FOMC Member Bowman Speaks,2022,12,20:30x2; 13:30x2; 15:00x2; 16:15x1
primary,USD,FOMC Member Bowman Speaks,2023,18,13:00x1; 14:45x1; 21:20x1; 16:00x1
primary,USD,FOMC Member Bowman Speaks,2024,35,20:30x3; 19:30x3; 17:10x2; 15:00x2
primary,USD,FOMC Member Bowman Speaks,2025,8,20:30x2; 18:35x1; 20:00x1; 14:25x1
primary,USD,FOMC Member Brainard Speaks,2015,9,19:45x1; 19:30x1; 14:15x1; 00:15x1
primary,USD,FOMC Member Brainard Speaks,2016,7,18:30x1; 18:00x1; 16:30x1; 17:15x1
primary,USD,FOMC Member Brainard Speaks,2017,13,20:30x2; 23:00x2; 17:15x1; 23:30x1
primary,USD,FOMC Member Brainard Speaks,2018,13,20:30x2; 17:00x2; 22:30x1; 12:00x1
primary,USD,FOMC Member Brainard Speaks,2019,14,14:00x2; 17:15x1; 12:45x1; 12:30x1
primary,USD,FOMC Member Brainard Speaks,2020,13,20:30x3; 15:00x1; 21:10x1; 15:15x1
primary,USD,FOMC Member Brainard Speaks,2021,14,18:00x3; 20:30x2; 14:35x1; 13:00x1
primary,USD,FOMC Member Brainard Speaks,2022,14,15:00x1; 18:30x1; 14:05x1; 16:10x1
primary,USD,FOMC Member Brainard Speaks,2023,1,18:15x1
primary,USD,FOMC Member Bullard Speaks,2016,21,14:15x2; 20:30x2; 00:00x1; 18:00x1
primary,USD,FOMC Member Bullard Speaks,2019,21,14:00x2; 17:40x1; 20:30x1; 18:30x1
primary,USD,FOMC Member Bullard Speaks,2022,25,13:00x3; 19:30x3; 17:00x3; 13:30x2
primary,USD,FOMC Member Clarida Speaks,2018,3,16:15x1; 13:30x1; 11:30x1
primary,USD,FOMC Member Clarida Speaks,2019,22,17:00x2; 16:00x2; 13:30x2; 15:30x2
primary,USD,FOMC Member Clarida Speaks,2020,10,13:00x2; 20:30x2; 20:00x2; 17:00x1
primary,USD,FOMC Member Clarida Speaks,2021,14,18:00x2; 19:30x2; 16:00x1; 20:00x1
primary,USD,FOMC Member Collins Speaks,2022,3,14:00x1; 20:30x1; 20:40x1
primary,USD,FOMC Member Collins Speaks,2024,8,21:00x2; 19:30x1; 13:10x1; 20:30x1
primary,USD,FOMC Member Collins Speaks,2025,1,14:00x1
primary,USD,FOMC Member Cook Speaks,2022,6,17:00x1; 14:30x1; 16:30x1; 17:45x1
primary,USD,FOMC Member Cook Speaks,2023,17,16:00x2; 17:00x2; 16:15x1; 21:00x1
primary,USD,FOMC Member Cook Speaks,2024,17,22:00x3; 15:00x2; 20:30x2; 13:30x1
primary,USD,FOMC Member Cook Speaks,2025,2,14:30x1; 17:30x1
primary,USD,FOMC Member Daly Speaks,2018,2,20:15x1; 19:30x1
primary,USD,FOMC Member Daly Speaks,2021,21,19:00x4; 17:00x4; 20:30x3; 15:00x2
primary,USD,FOMC Member Daly Speaks,2024,20,17:00x3; 18:30x2; 21:15x1; 17:45x1
primary,USD,FOMC Member Daly Speaks,2025,5,22:30x1; 18:15x1; 19:00x1; 20:30x1
primary,USD,FOMC Member Dudley Speaks,2015,18,12:30x3; 13:00x2; 15:15x1; 13:30x1
primary,USD,FOMC Member Dudley Speaks,2016,22,20:30x3; 14:00x2; 19:30x2; 14:30x2
primary,USD,FOMC Member Dudley Speaks,2017,21,20:30x3; 14:00x2; 16:15x2; 12:00x2
primary,USD,FOMC Member Dudley Speaks,2018,10,20:30x3; 15:15x1; 12:30x1; 13:20x1
primary,USD,FOMC Member Evans Speaks,2015,15,23:30x1; 14:00x1; 15:30x1; 10:30x1
primary,USD,FOMC Member Evans Speaks,2017,17,17:15x2; 20:30x1; 14:15x1; 18:10x1
primary,USD,FOMC Member Evans Speaks,2019,20,20:30x3; 14:45x2; 14:00x1; 18:00x1
primary,USD,FOMC Member Evans Speaks,2021,23,18:00x3; 19:30x3; 22:00x2; 19:00x2
primary,USD,FOMC Member Fischer Speaks,2015,19,19:30x5; 18:30x1; 16:20x1; 10:30x1
primary,USD,FOMC Member Fischer Speaks,2016,12,20:30x3; 18:15x1; 18:00x1; 01:30x1
primary,USD,FOMC Member Fischer Speaks,2017,7,12:30x1; 20:30x1; 20:00x1; 15:30x1
primary,USD,FOMC Member George Speaks,2016,9,18:00x1; 00:15x1; 18:15x1; 14:00x1
primary,USD,FOMC Member George Speaks,2019,10,16:45x2; 20:30x2; 18:00x1; 00:30x1
primary,USD,FOMC Member George Speaks,2022,8,14:30x1; 17:40x1; 17:00x1; 23:30x1
primary,USD,FOMC Member Goolsbee Speaks,2023,23,19:30x4; 20:30x3; 17:30x2; 17:00x2
primary,USD,FOMC Member Goolsbee Speaks,2024,18,20:30x3; 15:30x2; 19:30x1; 11:30x1
primary,USD,FOMC Member Goolsbee Speaks,2025,8,15:05x2; 17:00x1; 19:30x1; 15:30x1
primary,USD,FOMC Member Hammack Speaks,2024,5,20:30x1; 12:45x1; 13:45x1; 17:30x1
primary,USD,FOMC Member Hammack Speaks,2025,2,13:50x1; 18:15x1
primary,USD,FOMC Member Harker Speaks,2017,20,15:15x3; 14:00x2; 17:00x2; 20:30x1
primary,USD,FOMC Member Harker Speaks,2020,12,16:00x2; 14:00x2; 13:30x2; 20:15x1
primary,USD,FOMC Member Harker Speaks,2023,22,20:30x4; 14:00x2; 21:00x2; 19:15x2
primary,USD,FOMC Member Harker Speaks,2024,6,19:30x2; 16:10x1; 17:00x1; 20:30x1
primary,USD,FOMC Member Harker Speaks,2025,4,20:30x2; 14:30x1; 20:15x1
primary,USD,FOMC Member Jefferson Speaks,2022,3,15:45x1; 17:30x1; 15:40x1
primary,USD,FOMC Member Jefferson Speaks,2023,12,15:15x1; 15:30x1; 20:00x1; 11:30x1
primary,USD,FOMC Member Jefferson Speaks,2024,7,12:00x2; 20:30x1; 14:00x1; 13:30x1
primary,USD,FOMC Member Jefferson Speaks,2025,5,20:30x2; 00:30x1; 16:30x1; 15:00x1
primary,USD,FOMC Member Kaplan Speaks,2017,27,18:00x5; 16:45x2; 20:30x2; 16:00x1
primary,USD,FOMC Member Kaplan Speaks,2020,17,20:30x4; 22:00x3; 17:00x2; 14:45x2
primary,USD,FOMC Member Kashkari Speaks,2017,23,19:30x2; 14:00x2; 15:30x2; 17:20x2
primary,USD,FOMC Member Kashkari Speaks,2020,13,18:00x2; 15:00x2; 14:30x1; 19:15x1
primary,USD,FOMC Member Kashkari Speaks,2023,14,14:00x2; 23:00x2; 12:00x2; 16:00x1
primary,USD,FOMC Member Kashkari Speaks,2024,9,17:00x2; 12:10x1; 20:30x1; 17:50x1
primary,USD,FOMC Member Kashkari Speaks,2025,2,15:00x1; 19:30x1
primary,USD,FOMC Member Kugler Speaks,2024,13,16:00x2; 20:30x2; 19:30x2; 20:45x1
primary,USD,FOMC Member Kugler Speaks,2025,8,20:30x2; 19:30x2; 17:00x1; 17:20x1
primary,USD,FOMC Member Lacker Speaks,2015,8,18:20x1; 13:20x1; 12:00x1; 19:30x1
primary,USD,FOMC Member Lockhart Speaks,2015,23,13:10x3; 13:00x2; 17:00x2; 17:40x1
primary,USD,FOMC Member Logan Speaks,2023,12,20:30x2; 11:45x2; 22:00x1; 16:00x1
primary,USD,FOMC Member Logan Speaks,2024,7,19:30x2; 14:45x2; 16:45x1; 13:15x1
primary,USD,FOMC Member Logan Speaks,2025,3,22:10x1; 20:00x1; 09:15x1
primary,USD,FOMC Member Mester Speaks,2016,11,20:30x2; 22:00x1; 16:00x1; 16:20x1
primary,USD,FOMC Member Mester Speaks,2018,13,21:30x2; 17:30x1; 15:15x1; 13:00x1
primary,USD,FOMC Member Mester Speaks,2020,16,20:30x2; 20:00x2; 21:00x2; 16:45x1
primary,USD,FOMC Member Mester Speaks,2022,24,16:00x5; 17:00x3; 20:30x2; 14:12x1
primary,USD,FOMC Member Mester Speaks,2024,11,17:00x3; 19:30x2; 18:15x1; 16:30x1
primary,USD,FOMC Member Musalem Speaks,2024,7,16:00x1; 12:10x1; 14:05x1; 22:30x1
primary,USD,FOMC Member Musalem Speaks,2025,4,17:05x2; 23:30x1; 16:10x1
primary,USD,FOMC Member Powell Speaks,2015,8,15:00x1; 21:00x1; 22:00x1; 12:00x1
primary,USD,FOMC Member Powell Speaks,2016,10,14:00x2; 15:15x1; 16:15x1; 12:35x1
primary,USD,FOMC Member Powell Speaks,2017,10,19:30x2; 20:30x2; 18:00x1; 17:15x1
primary,USD,FOMC Member Quarles Speaks,2017,2,17:35x1; 17:30x1
primary,USD,FOMC Member Quarles Speaks,2018,21,15:00x3; 20:15x2; 14:00x2; 13:00x2
primary,USD,FOMC Member Quarles Speaks,2019,20,20:30x5; 15:45x1; 23:05x1; 11:15x1
primary,USD,FOMC Member Quarles Speaks,2020,16,19:30x2; 17:00x2; 19:00x2; 20:30x2
primary,USD,FOMC Member Quarles Speaks,2021,14,19:30x2; 16:10x1; 17:30x1; 13:00x1
primary,USD,FOMC Member Rosengren Speaks,2016,6,07:15x1; 00:30x1; 15:00x1; 15:45x1
primary,USD,FOMC Member Rosengren Speaks,2019,12,20:30x2; 16:30x1; 12:30x1; 00:30x1
primary,USD,FOMC Member Schmid Speaks,2024,4,20:30x1; 21:05x1; 18:30x1; 18:10x1
primary,USD,FOMC Member Schmid Speaks,2025,3,18:30x1; 15:00x1; 14:15x1
primary,USD,FOMC Member Tarullo Speaks,2015,8,20:30x2; 19:30x1; 16:00x1; 12:00x1
primary,USD,FOMC Member Tarullo Speaks,2016,7,13:00x2; 13:15x1; 15:45x1; 14:15x1
primary,USD,FOMC Member Tarullo Speaks,2017,1,20:30x1
primary,USD,FOMC Member Waller Speaks,2021,8,15:00x1; 17:00x1; 14:00x1; 19:00x1
primary,USD,FOMC Member Waller Speaks,2022,18,19:30x3; 15:00x2; 15:45x1; 01:25x1
primary,USD,FOMC Member Waller Speaks,2023,19,15:00x2; 16:00x2; 18:00x1; 18:45x1
primary,USD,FOMC Member Waller Speaks,2024,19,12:00x2; 12:35x2; 16:00x1; 18:15x1
primary,USD,FOMC Member Waller Speaks,2025,6,13:00x1; 19:30x1; 22:05x1; 23:00x1
primary,USD,FOMC Member Williams Speaks,2015,22,13:00x2; 19:30x2; 17:00x2; 16:00x1
primary,USD,FOMC Member Williams Speaks,2018,19,19:30x3; 20:30x2; 13:00x1; 18:35x1
primary,USD,FOMC Member Williams Speaks,2019,27,14:00x3; 17:00x2; 16:00x2; 14:05x1
primary,USD,FOMC Member Williams Speaks,2020,25,20:30x4; 19:30x4; 18:00x3; 14:30x2
primary,USD,FOMC Member Williams Speaks,2021,28,13:00x3; 19:30x2; 14:30x2; 18:30x2
primary,USD,FOMC Member Williams Speaks,2022,25,13:00x3; 16:00x2; 19:30x2; 15:00x2
primary,USD,FOMC Member Williams Speaks,2023,20,14:15x2; 20:00x1; 23:35x1; 19:05x1
primary,USD,FOMC Member Williams Speaks,2024,26,19:30x4; 15:00x2; 20:15x1; 20:00x1
primary,USD,FOMC Member Williams Speaks,2025,7,20:00x1; 16:00x1; 20:30x1; 19:20x1
primary,USD,FOMC Press Conference,2015,4,18:30x3; 19:30x1
primary,USD,FOMC Press Conference,2016,4,18:30x3; 19:30x1
primary,USD,FOMC Press Conference,2017,4,18:30x3; 19:30x1
primary,USD,FOMC Press Conference,2018,4,18:30x3; 19:30x1
primary,USD,FOMC Press Conference,2019,8,18:30x6; 19:30x2
primary,USD,FOMC Press Conference,2020,9,18:30x4; 19:30x3; 16:00x1; 22:30x1
primary,USD,FOMC Press Conference,2021,8,18:30x6; 19:30x2
primary,USD,FOMC Press Conference,2022,8,18:30x6; 19:30x2
primary,USD,FOMC Press Conference,2023,8,17:30x5; 19:30x2; 18:30x1
primary,USD,FOMC Press Conference,2024,8,17:30x4; 19:30x3; 18:30x1
primary,USD,FOMC Press Conference,2025,2,19:30x1; 18:30x1
primary,USD,FOMC Press Conference,2026,1,18:30x1
primary,USD,FOMC Statement,2015,8,20:30x4; 19:30x4
primary,USD,FOMC Statement,2016,8,20:30x5; 19:30x3
primary,USD,FOMC Statement,2017,8,20:30x3; 19:30x3; 18:00x2
primary,USD,FOMC Statement,2018,8,20:30x5; 19:30x3
primary,USD,FOMC Statement,2019,8,20:30x4; 19:30x4
primary,USD,FOMC Statement,2020,9,20:30x4; 18:00x2; 19:30x2; 19:00x1
primary,USD,FOMC Statement,2021,8,20:30x4; 18:00x2; 19:00x1; 19:30x1
primary,USD,FOMC Statement,2022,8,20:30x4; 19:30x4
primary,USD,FOMC Statement,2023,8,19:30x5; 20:30x3
primary,USD,FOMC Statement,2024,8,20:30x4; 19:30x4
primary,USD,FOMC Statement,2025,2,20:30x2
primary,USD,FOMC Statement,2026,1,18:00x1
primary,USD,Factory Orders m/m,2015,12,14:00x7; 20:30x3; 15:00x2
primary,USD,Factory Orders m/m,2016,12,20:30x5; 19:30x3; 14:00x3; 15:00x1
primary,USD,Factory Orders m/m,2017,12,14:00x5; 20:30x3; 15:00x2; 19:30x2
primary,USD,Factory Orders m/m,2018,12,20:30x5; 14:00x4; 19:30x3
primary,USD,Factory Orders m/m,2019,12,14:00x4; 20:30x3; 19:30x3; 15:00x2
primary,USD,Factory Orders m/m,2020,12,14:00x5; 15:00x4; 20:30x2; 19:30x1
primary,USD,Factory Orders m/m,2021,12,14:00x5; 15:00x3; 19:30x2; 20:30x2
primary,USD,Factory Orders m/m,2022,12,20:30x6; 19:30x3; 14:00x3
primary,USD,Factory Orders m/m,2023,12,19:30x4; 20:30x3; 15:00x2; 13:00x2
primary,USD,Factory Orders m/m,2024,12,20:30x5; 19:30x4; 13:00x2; 15:00x1
primary,USD,Factory Orders m/m,2025,4,20:30x2; 15:00x1; 13:00x1
primary,USD,Fed Announcement,2020,14,19:30x3; 14:00x2; 15:00x2; 21:00x1
primary,USD,Fed Announcement,2021,1,20:30x1
primary,USD,Fed Announcement,2023,2,22:20x1; 21:00x1
primary,USD,Fed Chair Powell Speaks,2018,14,17:30x2; 19:30x2; 23:00x2; 07:15x1
primary,USD,Fed Chair Powell Speaks,2019,21,23:00x3; 17:00x3; 17:45x2; 00:00x2
primary,USD,Fed Chair Powell Speaks,2020,13,14:00x2; 11:06x1; 13:00x1; 23:00x1
primary,USD,Fed Chair Powell Speaks,2021,18,14:00x3; 17:30x2; 19:30x2; 16:00x2
primary,USD,Fed Chair Powell Speaks,2022,15,19:30x3; 18:00x2; 16:30x1; 15:00x1
primary,USD,Fed Chair Powell Speaks,2023,14,14:00x2; 16:00x2; 19:00x2; 17:40x1
primary,USD,Fed Chair Powell Speaks,2024,14,19:30x3; 13:00x2; 20:30x1; 14:30x1
primary,USD,Fed Chair Powell Speaks,2025,2,17:30x1; 14:25x1
primary,USD,Fed Chair Powell Testifies,2017,1,14:45x1
primary,USD,Fed Chair Powell Testifies,2018,4,14:00x2; 20:30x1; 15:00x1
primary,USD,Fed Chair Powell Testifies,2019,6,15:00x2; 14:45x1; 19:30x1; 14:00x1
primary,USD,Fed Chair Powell Testifies,2020,11,15:00x3; 14:00x3; 20:30x2; 16:00x1
primary,USD,Fed Chair Powell Testifies,2021,11,15:00x4; 14:00x3; 16:00x2; 18:00x1
primary,USD,Fed Chair Powell Testifies,2022,5,15:00x2; 20:30x1; 13:30x1; 14:00x1
primary,USD,Fed Chair Powell Testifies,2023,4,15:00x1; 20:30x1; 13:00x1; 19:30x1
primary,USD,Fed Chair Powell Testifies,2024,4,20:30x1; 15:00x1; 13:00x1; 19:30x1
primary,USD,Fed Chair Powell Testifies,2025,2,15:00x1; 20:30x1
primary,USD,Fed Chair Yellen Speaks,2015,12,01:15x1; 19:45x1; 12:40x1; 13:15x1
primary,USD,Fed Chair Yellen Speaks,2016,8,16:20x1; 21:30x1; 17:15x1; 16:30x1
primary,USD,Fed Chair Yellen Speaks,2017,16,20:30x2; 00:00x1; 20:00x1; 01:00x1
primary,USD,Fed Chair Yellen Testifies,2015,6,15:00x3; 20:30x1; 19:30x1; 18:30x1
primary,USD,Fed Chair Yellen Testifies,2016,6,15:00x2; 14:00x2; 20:30x1; 19:30x1
primary,USD,Fed Chair Yellen Testifies,2017,5,15:00x3; 19:30x1; 13:30x1
primary,USD,Fed Chairman Warsh Speaks,2026,1,14:00x1
primary,USD,Fed Monetary Policy Report,2015,2,20:30x1; 19:30x1
primary,USD,Fed Monetary Policy Report,2016,2,20:30x1; 19:30x1
primary,USD,Fed Monetary Policy Report,2017,2,20:30x1; 15:00x1
primary,USD,Fed Monetary Policy Report,2018,2,16:00x1; 15:00x1
primary,USD,Fed Monetary Policy Report,2019,2,16:00x1; 15:00x1
primary,USD,Fed Monetary Policy Report,2020,2,16:00x1; 15:00x1
primary,USD,Fed Monetary Policy Report,2021,2,16:00x1; 15:00x1
primary,USD,Fed Monetary Policy Report,2022,2,16:00x1; 15:00x1
primary,USD,Fed Monetary Policy Report,2023,2,16:00x1; 14:00x1
primary,USD,Fed Monetary Policy Report,2024,2,16:00x1; 14:00x1
primary,USD,Fed Monetary Policy Report,2025,1,16:00x1
primary,USD,Federal Funds Rate,2015,8,18:00x6; 19:00x2
primary,USD,Federal Funds Rate,2016,8,18:00x6; 19:00x2
primary,USD,Federal Funds Rate,2017,8,18:00x4; 19:00x2; 19:30x1; 20:30x1
primary,USD,Federal Funds Rate,2018,8,18:00x5; 19:00x3
primary,USD,Federal Funds Rate,2019,8,18:00x6; 19:00x2
primary,USD,Federal Funds Rate,2020,9,20:30x3; 19:30x3; 19:00x1; 15:00x1
primary,USD,Federal Funds Rate,2021,8,20:30x3; 19:30x3; 18:00x1; 19:00x1
primary,USD,Federal Funds Rate,2022,8,18:00x5; 19:00x2; 20:30x1
primary,USD,Federal Funds Rate,2023,8,17:00x5; 19:00x2; 18:00x1
primary,USD,Federal Funds Rate,2024,8,17:00x4; 19:00x3; 18:00x1
primary,USD,Federal Funds Rate,2025,2,19:00x1; 18:00x1
primary,USD,Federal Funds Rate,2026,1,18:00x1
primary,USD,Final GDP Price Index q/q,2015,4,19:30x2; 20:30x2
primary,USD,Final GDP Price Index q/q,2016,4,19:30x2; 20:30x2
primary,USD,Final GDP Price Index q/q,2017,4,19:30x2; 20:30x2
primary,USD,Final GDP Price Index q/q,2018,4,19:30x2; 20:30x2
primary,USD,Final GDP Price Index q/q,2019,4,19:30x2; 20:30x2
primary,USD,Final GDP Price Index q/q,2020,4,19:30x1; 12:32x1; 20:30x1; 13:32x1
primary,USD,Final GDP Price Index q/q,2021,4,20:30x2; 19:30x1; 12:36x1
primary,USD,Final GDP Price Index q/q,2022,4,19:30x2; 20:30x2
primary,USD,Final GDP Price Index q/q,2023,4,19:30x2; 20:30x2
primary,USD,Final GDP Price Index q/q,2024,4,19:30x2; 20:30x2
primary,USD,Final GDP Price Index q/q,2025,1,19:30x1
primary,USD,Final GDP q/q,2015,4,12:30x3; 13:30x1
primary,USD,Final GDP q/q,2016,4,12:30x3; 20:30x1
primary,USD,Final GDP q/q,2017,4,12:30x2; 19:30x1; 20:30x1
primary,USD,Final GDP q/q,2018,4,12:30x2; 20:30x2
primary,USD,Final GDP q/q,2019,4,12:30x3; 20:30x1
primary,USD,Final GDP q/q,2020,4,19:30x2; 20:30x1; 13:30x1
primary,USD,Final GDP q/q,2021,4,12:30x3; 13:30x1
primary,USD,Final GDP q/q,2022,4,12:30x2; 20:30x1; 13:30x1
primary,USD,Final GDP q/q,2023,4,11:30x2; 12:30x1; 20:30x1
primary,USD,Final GDP q/q,2024,4,19:30x1; 11:30x1; 12:30x1; 13:30x1
primary,USD,Final GDP q/q,2025,1,11:30x1
primary,USD,Final Manufacturing PMI,2015,12,13:45x6; 14:45x5; 19:30x1
primary,USD,Final Manufacturing PMI,2016,12,13:45x8; 14:45x4
primary,USD,Final Manufacturing PMI,2017,12,13:45x8; 14:45x4
primary,USD,Final Manufacturing PMI,2018,12,13:45x8; 14:45x4
primary,USD,Final Manufacturing PMI,2019,12,13:45x8; 14:45x4
primary,USD,Final Manufacturing PMI,2020,12,13:45x7; 14:45x5
primary,USD,Final Manufacturing PMI,2021,12,13:45x8; 14:45x4
primary,USD,Final Manufacturing PMI,2022,12,13:45x8; 14:45x4
primary,USD,Final Manufacturing PMI,2023,12,12:45x6; 14:45x4; 13:45x2
primary,USD,Final Manufacturing PMI,2024,12,12:45x6; 14:45x4; 13:45x2
primary,USD,Final Manufacturing PMI,2025,4,14:45x3; 12:45x1
primary,USD,Final Services PMI,2015,12,13:45x7; 14:45x5
primary,USD,Final Services PMI,2016,12,13:45x7; 14:45x4; 10:55x1
primary,USD,Final Services PMI,2017,12,13:45x8; 14:45x4
primary,USD,Final Services PMI,2018,12,13:45x7; 14:45x5
primary,USD,Final Services PMI,2019,12,13:45x6; 14:45x5; 19:30x1
primary,USD,Final Services PMI,2020,12,13:45x7; 14:45x5
primary,USD,Final Services PMI,2021,12,13:45x8; 14:45x4
primary,USD,Final Services PMI,2022,12,13:45x8; 14:45x4
primary,USD,Final Services PMI,2023,12,12:45x6; 14:45x4; 13:45x2
primary,USD,Final Services PMI,2024,12,14:45x5; 12:45x5; 19:30x1; 13:45x1
primary,USD,Final Services PMI,2025,4,14:45x3; 12:45x1
primary,USD,Flash Manufacturing PMI,2015,12,13:45x8; 14:45x4
primary,USD,Flash Manufacturing PMI,2016,12,13:45x8; 14:45x4
primary,USD,Flash Manufacturing PMI,2017,12,13:45x8; 14:45x4
primary,USD,Flash Manufacturing PMI,2018,12,13:45x8; 14:45x4
primary,USD,Flash Manufacturing PMI,2019,12,13:45x8; 14:45x4
primary,USD,Flash Manufacturing PMI,2020,12,13:45x8; 14:45x4
primary,USD,Flash Manufacturing PMI,2021,12,13:45x7; 14:45x4; 19:30x1
primary,USD,Flash Manufacturing PMI,2022,12,13:45x4; 20:30x4; 14:45x2; 19:30x2
primary,USD,Flash Manufacturing PMI,2023,12,12:45x6; 20:30x2; 13:45x2; 14:45x2
primary,USD,Flash Manufacturing PMI,2024,12,12:45x5; 14:45x3; 13:45x2; 20:30x1
primary,USD,Flash Manufacturing PMI,2025,3,14:45x2; 12:45x1
primary,USD,Flash Services PMI,2015,12,13:45x7; 14:45x4; 19:30x1
primary,USD,Flash Services PMI,2016,12,13:45x8; 14:45x4
primary,USD,Flash Services PMI,2017,12,19:30x6; 20:30x5; 14:45x1
primary,USD,Flash Services PMI,2018,12,19:30x7; 20:30x5
primary,USD,Flash Services PMI,2019,12,20:30x6; 19:30x6
primary,USD,Flash Services PMI,2020,12,20:30x6; 19:30x6
primary,USD,Flash Services PMI,2021,12,20:30x6; 19:30x6
primary,USD,Flash Services PMI,2022,12,19:30x4; 13:45x4; 20:30x2; 14:45x2
primary,USD,Flash Services PMI,2023,12,19:30x6; 20:30x5; 14:45x1
primary,USD,Flash Services PMI,2024,12,20:30x6; 19:30x6
primary,USD,Flash Services PMI,2025,3,20:30x2; 19:30x1
primary,USD,Goods Trade Balance,2015,6,20:30x2; 12:37x1; 19:30x1; 12:30x1
primary,USD,Goods Trade Balance,2016,12,20:30x4; 12:30x4; 19:30x3; 13:30x1
primary,USD,Goods Trade Balance,2017,12,20:30x6; 12:30x3; 19:30x3
primary,USD,Goods Trade Balance,2018,11,20:30x5; 19:30x5; 12:30x1
primary,USD,Goods Trade Balance,2019,10,19:30x5; 20:30x3; 12:30x1; 13:30x1
primary,USD,Goods Trade Balance,2020,12,19:30x4; 20:30x3; 12:30x3; 13:30x2
primary,USD,Goods Trade Balance,2021,12,19:30x6; 20:30x4; 12:30x1; 13:30x1
primary,USD,Goods Trade Balance,2022,12,12:30x5; 19:30x3; 13:30x2; 20:30x2
primary,USD,Goods Trade Balance,2023,12,20:30x6; 19:30x4; 11:30x2
primary,USD,Goods Trade Balance,2024,12,19:30x6; 20:30x4; 12:30x1; 13:30x1
primary,USD,Goods Trade Balance,2025,3,13:30x1; 20:30x1; 19:30x1
primary,USD,Housing Starts,2015,12,20:30x6; 19:30x6
primary,USD,Housing Starts,2016,12,20:30x6; 19:30x6
primary,USD,Housing Starts,2017,12,20:30x6; 19:30x6
primary,USD,Housing Starts,2018,12,20:30x6; 19:30x6
primary,USD,Housing Starts,2019,12,19:30x7; 20:30x5
primary,USD,Housing Starts,2020,12,20:30x6; 19:30x6
primary,USD,Housing Starts,2021,12,20:30x6; 19:30x6
primary,USD,Housing Starts,2022,12,20:30x6; 19:30x6
primary,USD,Housing Starts,2023,12,20:30x6; 19:30x5; 11:30x1
primary,USD,Housing Starts,2024,12,20:30x6; 19:30x6
primary,USD,Housing Starts,2025,3,20:30x3
primary,USD,ISM Manufacturing PMI,2015,12,14:00x6; 15:00x5; 13:45x1
primary,USD,ISM Manufacturing PMI,2016,12,14:00x7; 15:00x4; 19:30x1
primary,USD,ISM Manufacturing PMI,2017,12,14:00x8; 15:00x3; 20:30x1
primary,USD,ISM Manufacturing PMI,2018,12,14:00x8; 15:00x3; 20:30x1
primary,USD,ISM Manufacturing PMI,2019,12,14:00x8; 15:00x4
primary,USD,ISM Manufacturing PMI,2020,12,14:00x7; 15:00x4; 20:30x1
primary,USD,ISM Manufacturing PMI,2021,12,14:00x8; 15:00x3; 20:30x1
primary,USD,ISM Manufacturing PMI,2022,12,14:00x7; 15:00x4; 19:30x1
primary,USD,ISM Manufacturing PMI,2023,12,13:00x6; 15:00x4; 14:00x2
primary,USD,ISM Manufacturing PMI,2024,12,13:00x6; 15:00x4; 20:30x1; 14:00x1
primary,USD,ISM Manufacturing PMI,2025,4,15:00x3; 13:00x1
primary,USD,ISM Manufacturing PMI,2026,2,14:00x2
primary,USD,ISM Manufacturing Prices,2015,12,20:30x6; 19:30x6
primary,USD,ISM Manufacturing Prices,2016,12,20:30x6; 19:30x6
primary,USD,ISM Manufacturing Prices,2017,12,20:30x6; 19:30x6
primary,USD,ISM Manufacturing Prices,2018,12,20:30x6; 19:30x6
primary,USD,ISM Manufacturing Prices,2019,12,20:30x6; 19:30x6
primary,USD,ISM Manufacturing Prices,2020,12,20:30x6; 19:30x6
primary,USD,ISM Manufacturing Prices,2021,12,20:30x6; 19:30x6
primary,USD,ISM Manufacturing Prices,2022,12,20:30x6; 19:30x6
primary,USD,ISM Manufacturing Prices,2023,12,20:30x6; 19:30x6
primary,USD,ISM Manufacturing Prices,2024,12,20:30x6; 19:30x6
primary,USD,ISM Manufacturing Prices,2025,4,20:30x3; 19:30x1
primary,USD,ISM Manufacturing Prices,2026,2,14:00x2
primary,USD,ISM Services PMI,2015,12,14:00x5; 20:30x4; 19:30x2; 15:00x1
primary,USD,ISM Services PMI,2016,12,14:00x8; 15:00x4
primary,USD,ISM Services PMI,2017,12,14:00x7; 15:00x4; 19:30x1
primary,USD,ISM Services PMI,2018,12,14:00x7; 15:00x3; 20:30x2
primary,USD,ISM Services PMI,2019,12,14:00x6; 20:30x3; 15:00x3
primary,USD,ISM Services PMI,2020,12,14:00x5; 15:00x3; 20:30x2; 19:30x2
primary,USD,ISM Services PMI,2021,12,14:00x8; 15:00x3; 20:30x1
primary,USD,ISM Services PMI,2022,12,14:00x7; 15:00x3; 20:30x1; 19:30x1
primary,USD,ISM Services PMI,2023,12,13:00x4; 15:00x3; 19:30x2; 14:00x2
primary,USD,ISM Services PMI,2024,12,13:00x6; 15:00x4; 20:30x1; 14:00x1
primary,USD,ISM Services PMI,2025,4,15:00x2; 20:30x1; 13:00x1
primary,USD,ISM Services PMI,2026,2,14:00x2
primary,USD,Import Prices m/m,2015,12,19:30x6; 20:30x5; 13:30x1
primary,USD,Import Prices m/m,2016,12,20:30x5; 12:30x3; 19:30x3; 13:30x1
primary,USD,Import Prices m/m,2017,12,20:30x5; 12:30x4; 19:30x3
primary,USD,Import Prices m/m,2018,2,20:30x2
primary,USD,Industrial Production m/m,2015,12,20:30x6; 19:30x6
primary,USD,Industrial Production m/m,2016,12,20:30x6; 19:30x6
primary,USD,Industrial Production m/m,2017,12,20:30x6; 19:30x6
primary,USD,Industrial Production m/m,2018,12,20:30x6; 19:30x6
primary,USD,Industrial Production m/m,2019,12,19:30x6; 20:30x5; 13:15x1
primary,USD,Industrial Production m/m,2020,12,20:30x6; 19:30x5; 13:15x1
primary,USD,Industrial Production m/m,2021,12,13:15x6; 20:30x3; 14:15x2; 19:30x1
primary,USD,Industrial Production m/m,2022,12,19:30x6; 20:30x3; 14:15x2; 13:15x1
primary,USD,Industrial Production m/m,2023,12,12:15x4; 20:30x3; 19:30x2; 14:15x2
primary,USD,Industrial Production m/m,2024,12,12:15x4; 20:30x3; 14:15x2; 19:30x2
primary,USD,Industrial Production m/m,2025,3,20:30x3
primary,USD,JOLTS Job Openings,2015,12,14:00x4; 15:00x3; 19:30x2; 14:02x1
primary,USD,JOLTS Job Openings,2016,12,14:00x5; 15:00x2; 19:30x2; 20:30x2
primary,USD,JOLTS Job Openings,2017,10,14:00x8; 15:00x1; 20:30x1
primary,USD,JOLTS Job Openings,2021,6,19:30x3; 14:00x1; 15:00x1; 20:30x1
primary,USD,JOLTS Job Openings,2022,12,14:00x5; 20:30x3; 15:00x2; 19:30x2
primary,USD,JOLTS Job Openings,2023,12,20:30x5; 13:00x3; 19:30x3; 14:00x1
primary,USD,JOLTS Job Openings,2024,12,20:30x5; 13:00x4; 19:30x2; 15:00x1
primary,USD,JOLTS Job Openings,2025,4,20:30x1; 15:00x1; 14:00x1; 19:30x1
primary,USD,JOLTS Job Openings,2026,2,14:00x2
primary,USD,Mortgage Delinquencies,2015,4,20:30x1; 19:30x1; 14:00x1; 15:00x1
primary,USD,Mortgage Delinquencies,2016,4,15:00x2; 14:00x2
primary,USD,Mortgage Delinquencies,2017,4,20:30x1; 14:00x1; 19:30x1; 15:00x1
primary,USD,Mortgage Delinquencies,2018,2,15:00x1; 14:00x1
primary,USD,NAHB Housing Market Index,2015,12,14:00x5; 20:30x3; 15:00x2; 19:30x2
primary,USD,NAHB Housing Market Index,2016,12,14:00x6; 15:00x4; 20:30x1; 13:21x1
primary,USD,NAHB Housing Market Index,2017,12,14:00x5; 20:30x3; 19:30x2; 15:00x2
primary,USD,NAHB Housing Market Index,2018,12,19:30x4; 15:00x3; 14:00x3; 20:30x2
primary,USD,NAHB Housing Market Index,2019,12,15:00x4; 14:00x4; 19:30x3; 20:30x1
primary,USD,NAHB Housing Market Index,2020,12,19:30x5; 20:30x4; 14:00x2; 15:00x1
primary,USD,NAHB Housing Market Index,2021,12,20:30x5; 14:00x4; 19:30x3
primary,USD,NAHB Housing Market Index,2022,12,14:00x5; 20:30x3; 15:00x2; 19:30x2
primary,USD,NAHB Housing Market Index,2023,12,20:30x4; 13:00x3; 19:30x3; 15:00x2
primary,USD,NAHB Housing Market Index,2024,12,20:30x5; 19:30x5; 14:00x1; 13:00x1
primary,USD,NAHB Housing Market Index,2025,3,20:30x2; 15:00x1
primary,USD,New Home Sales,2015,12,14:00x5; 19:30x3; 20:30x2; 15:00x2
primary,USD,New Home Sales,2016,12,14:00x5; 15:00x4; 19:30x3
primary,USD,New Home Sales,2017,12,14:00x4; 15:00x3; 20:30x3; 19:30x2
primary,USD,New Home Sales,2018,2,15:00x2
primary,USD,New Home Sales,2020,2,15:00x1; 14:00x1
primary,USD,New Home Sales,2022,4,20:30x2; 19:30x1; 15:00x1
primary,USD,New Home Sales,2023,12,19:30x4; 15:00x3; 20:30x3; 13:00x2
primary,USD,New Home Sales,2024,12,13:00x4; 15:00x2; 19:30x2; 14:00x2
primary,USD,New Home Sales,2025,3,15:00x2; 19:30x1
primary,USD,Non-Farm Employment Change,2015,12,20:30x6; 19:30x4; 12:30x2
primary,USD,Non-Farm Employment Change,2016,12,20:30x6; 19:30x6
primary,USD,Non-Farm Employment Change,2017,12,20:30x6; 19:30x6
primary,USD,Non-Farm Employment Change,2018,12,20:30x6; 19:30x6
primary,USD,Non-Farm Employment Change,2019,12,20:30x6; 19:30x6
primary,USD,Non-Farm Employment Change,2020,12,20:30x6; 19:30x6
primary,USD,Non-Farm Employment Change,2021,12,20:30x6; 19:30x6
primary,USD,Non-Farm Employment Change,2022,12,20:30x6; 19:30x6
primary,USD,Non-Farm Employment Change,2023,12,20:30x6; 19:30x6
primary,USD,Non-Farm Employment Change,2024,12,20:30x6; 19:30x6
primary,USD,Non-Farm Employment Change,2025,4,20:30x3; 19:30x1
primary,USD,Non-Farm Employment Change,2026,2,12:30x2
primary,USD,PPI m/m,2015,12,20:30x5; 19:30x4; 12:30x2; 13:30x1
primary,USD,PPI m/m,2016,12,20:30x6; 19:30x6
primary,USD,PPI m/m,2017,12,19:30x4; 13:30x3; 12:30x3; 20:30x2
primary,USD,PPI m/m,2018,12,19:30x5; 20:30x4; 13:30x2; 12:30x1
primary,USD,PPI m/m,2019,12,20:30x5; 19:30x5; 13:30x1; 12:30x1
primary,USD,PPI m/m,2020,11,20:30x6; 19:30x5
primary,USD,PPI m/m,2021,7,19:30x3; 13:30x2; 12:30x1; 20:30x1
primary,USD,PPI m/m,2022,12,12:30x4; 20:30x3; 19:30x3; 13:30x2
primary,USD,PPI m/m,2023,12,20:30x6; 19:30x6
primary,USD,PPI m/m,2024,12,20:30x6; 19:30x6
primary,USD,PPI m/m,2025,3,20:30x3
primary,USD,PPI m/m,2026,1,12:30x1
primary,USD,Pending Home Sales m/m,2015,12,14:00x8; 15:00x4
primary,USD,Pending Home Sales m/m,2016,12,14:00x7; 15:00x4; 20:30x1
primary,USD,Pending Home Sales m/m,2017,12,14:00x8; 15:00x2; 20:30x2
primary,USD,Pending Home Sales m/m,2018,2,15:00x2
primary,USD,Pending Home Sales m/m,2020,9,14:00x7; 15:00x2
primary,USD,Pending Home Sales m/m,2021,9,14:00x8; 15:00x1
primary,USD,Pending Home Sales m/m,2022,8,14:00x6; 15:00x1; 20:30x1
primary,USD,Pending Home Sales m/m,2023,12,13:00x6; 15:00x4; 14:00x2
primary,USD,Pending Home Sales m/m,2024,12,13:00x6; 15:00x3; 14:00x2; 20:30x1
primary,USD,Pending Home Sales m/m,2025,3,15:00x2; 13:00x1
primary,USD,Personal Spending m/m,2015,12,19:30x6; 20:30x5; 00:50x1
primary,USD,Personal Spending m/m,2016,12,20:30x6; 19:30x6
primary,USD,Personal Spending m/m,2017,12,20:30x6; 19:30x6
primary,USD,Personal Spending m/m,2018,12,20:30x6; 19:30x6
primary,USD,Personal Spending m/m,2019,12,19:30x7; 20:30x5
primary,USD,Personal Spending m/m,2020,9,19:30x5; 20:30x4
primary,USD,Philly Fed Manufacturing Index,2015,12,14:00x6; 15:00x2; 19:30x2; 20:30x1
primary,USD,Philly Fed Manufacturing Index,2016,12,20:30x6; 19:30x6
primary,USD,Philly Fed Manufacturing Index,2017,12,20:30x5; 19:30x5; 12:30x1; 13:38x1
primary,USD,Philly Fed Manufacturing Index,2018,12,20:30x6; 19:30x5; 12:32x1
primary,USD,Philly Fed Manufacturing Index,2019,12,20:30x6; 19:30x5; 12:30x1
primary,USD,Philly Fed Manufacturing Index,2020,12,20:30x4; 19:30x3; 12:30x3; 12:32x1
primary,USD,Philly Fed Manufacturing Index,2021,12,20:30x5; 19:30x4; 12:30x2; 13:29x1
primary,USD,Philly Fed Manufacturing Index,2022,12,19:30x5; 12:30x3; 13:30x2; 20:30x2
primary,USD,Philly Fed Manufacturing Index,2023,12,20:30x6; 19:30x6
primary,USD,Philly Fed Manufacturing Index,2024,12,19:30x7; 20:30x5
primary,USD,Philly Fed Manufacturing Index,2025,3,20:30x3
primary,USD,Philly Fed Manufacturing Index,2026,1,12:30x1
primary,USD,Prelim Benchmark Payrolls Revision,2026,1,14:00x1
primary,USD,Prelim GDP Price Index q/q,2015,4,20:30x2; 19:30x2
primary,USD,Prelim GDP Price Index q/q,2016,4,20:30x2; 19:30x2
primary,USD,Prelim GDP Price Index q/q,2017,4,20:30x2; 19:30x2
primary,USD,Prelim GDP Price Index q/q,2018,4,20:30x2; 19:30x2
primary,USD,Prelim GDP Price Index q/q,2019,3,19:30x2; 20:30x1
primary,USD,Prelim GDP Price Index q/q,2020,4,19:30x2; 20:30x1; 13:36x1
primary,USD,Prelim GDP Price Index q/q,2021,4,20:30x2; 19:30x2
primary,USD,Prelim GDP Price Index q/q,2022,4,20:30x2; 19:30x2
primary,USD,Prelim GDP Price Index q/q,2023,4,20:30x2; 19:30x2
primary,USD,Prelim GDP Price Index q/q,2024,4,20:30x2; 19:30x2
primary,USD,Prelim GDP Price Index q/q,2025,1,20:30x1
primary,USD,Prelim GDP Price Index q/q,2026,1,12:30x1
primary,USD,Prelim GDP q/q,2015,4,13:30x2; 19:30x2
primary,USD,Prelim GDP q/q,2016,4,12:30x2; 13:30x1; 20:30x1
primary,USD,Prelim GDP q/q,2017,4,19:30x2; 20:30x1; 13:30x1
primary,USD,Prelim GDP q/q,2018,4,19:30x2; 20:30x1; 13:30x1
primary,USD,Prelim GDP q/q,2019,3,19:30x2; 20:30x1
primary,USD,Prelim GDP q/q,2020,4,19:30x2; 20:30x1; 13:30x1
primary,USD,Prelim GDP q/q,2021,4,13:30x2; 12:30x2
primary,USD,Prelim GDP q/q,2022,4,13:30x2; 19:30x1; 12:30x1
primary,USD,Prelim GDP q/q,2023,4,20:30x2; 11:30x2
primary,USD,Prelim GDP q/q,2024,4,19:30x2; 20:30x1; 13:30x1
primary,USD,Prelim GDP q/q,2025,1,20:30x1
primary,USD,Prelim GDP q/q,2026,1,12:30x1
primary,USD,Prelim Nonfarm Productivity q/q,2015,4,20:30x2; 19:30x2
primary,USD,Prelim Nonfarm Productivity q/q,2016,4,20:30x2; 19:30x1; 12:30x1
primary,USD,Prelim Nonfarm Productivity q/q,2017,4,20:30x2; 19:30x2
primary,USD,Prelim Nonfarm Productivity q/q,2018,2,13:30x1; 19:30x1
primary,USD,Prelim Unit Labor Costs q/q,2015,4,20:30x2; 12:30x2
primary,USD,Prelim Unit Labor Costs q/q,2016,4,20:30x2; 19:30x2
primary,USD,Prelim Unit Labor Costs q/q,2017,4,20:30x2; 19:30x2
primary,USD,Prelim Unit Labor Costs q/q,2018,2,20:30x1; 19:30x1
primary,USD,Prelim UoM Consumer Sentiment,2015,12,14:00x8; 15:00x4
primary,USD,Prelim UoM Consumer Sentiment,2016,12,14:00x8; 15:00x4
primary,USD,Prelim UoM Consumer Sentiment,2017,12,14:00x8; 15:00x4
primary,USD,Prelim UoM Consumer Sentiment,2018,12,14:00x8; 15:00x4
primary,USD,Prelim UoM Consumer Sentiment,2019,12,14:00x8; 15:00x4
primary,USD,Prelim UoM Consumer Sentiment,2020,11,14:00x6; 15:00x3; 19:30x2
primary,USD,Prelim UoM Consumer Sentiment,2021,9,14:00x7; 20:30x1; 15:00x1
primary,USD,Prelim UoM Consumer Sentiment,2022,12,14:00x7; 15:00x5
primary,USD,Prelim UoM Consumer Sentiment,2023,12,13:00x6; 15:00x4; 14:00x2
primary,USD,Prelim UoM Consumer Sentiment,2024,12,13:00x6; 15:00x3; 14:00x2; 20:30x1
primary,USD,Prelim UoM Consumer Sentiment,2025,3,15:00x2; 14:00x1
primary,USD,Prelim UoM Consumer Sentiment,2026,1,14:00x1
primary,USD,Prelim UoM Inflation Expectations,2015,12,20:30x6; 19:30x6
primary,USD,Prelim UoM Inflation Expectations,2016,11,20:30x6; 19:30x5
primary,USD,Prelim UoM Inflation Expectations,2017,12,20:30x6; 19:30x6
primary,USD,Prelim UoM Inflation Expectations,2018,11,20:30x6; 19:30x5
primary,USD,Prelim UoM Inflation Expectations,2019,12,20:30x6; 19:30x6
primary,USD,Prelim UoM Inflation Expectations,2020,12,20:30x6; 19:30x6
primary,USD,Prelim UoM Inflation Expectations,2021,12,20:30x6; 19:30x6
primary,USD,Prelim UoM Inflation Expectations,2022,12,20:30x6; 19:30x6
primary,USD,Prelim UoM Inflation Expectations,2023,12,20:30x6; 19:30x6
primary,USD,Prelim UoM Inflation Expectations,2024,12,20:30x6; 19:30x6
primary,USD,Prelim UoM Inflation Expectations,2025,3,20:30x3
primary,USD,Prelim UoM Inflation Expectations,2026,1,14:00x1
primary,USD,President Biden Speaks,2021,5,00:15x1; 16:52x1; 20:20x1; 17:45x1
primary,USD,President Biden Speaks,2024,1,00:00x1
primary,USD,President Trump Speaks,2017,11,20:00x2; 16:00x1; 17:00x1; 17:30x1
primary,USD,President Trump Speaks,2018,7,15:00x2; 13:07x1; 02:00x1; 16:00x1
primary,USD,President Trump Speaks,2019,5,02:00x2; 18:30x1; 17:45x1; 17:00x1
primary,USD,President Trump Speaks,2020,47,19:30x4; 21:00x3; 21:30x2; 21:43x2
primary,USD,President Trump Speaks,2025,29,19:00x3; 16:00x2; 20:30x2; 19:39x2
primary,USD,President Trump Speaks,2026,4,18:50x1; 19:00x1; 18:30x1; 23:00x1
primary,USD,Presidential Election,2016,1,20:29x1
primary,USD,Presidential Election,2020,1,20:29x1
primary,USD,Presidential Election,2024,1,20:29x1
primary,USD,RCM/TIPP Economic Optimism,2015,12,19:30x6; 20:30x4; 15:00x2
primary,USD,RCM/TIPP Economic Optimism,2016,12,20:30x5; 19:30x3; 13:59x2; 15:00x1
primary,USD,RCM/TIPP Economic Optimism,2017,12,20:30x4; 19:30x3; 15:00x1; 14:00x1
primary,USD,RCM/TIPP Economic Optimism,2018,12,15:01x2; 14:05x2; 14:02x2; 20:30x2
primary,USD,RCM/TIPP Economic Optimism,2019,12,14:00x3; 15:01x2; 14:03x2; 15:02x1
primary,USD,RCM/TIPP Economic Optimism,2020,12,13:59x3; 15:00x2; 20:30x2; 14:01x2
primary,USD,RCM/TIPP Economic Optimism,2021,12,15:00x2; 14:01x2; 15:02x1; 13:37x1
primary,USD,RCM/TIPP Economic Optimism,2022,12,14:00x5; 15:00x2; 20:30x1; 14:56x1
primary,USD,RCM/TIPP Economic Optimism,2023,12,19:30x4; 20:30x3; 13:00x2; 15:00x1
primary,USD,RCM/TIPP Economic Optimism,2024,12,15:06x3; 13:06x2; 15:02x1; 15:36x1
primary,USD,RCM/TIPP Economic Optimism,2025,4,15:06x2; 15:07x1; 13:34x1
primary,USD,Retail Sales m/m,2015,12,20:30x6; 19:30x6
primary,USD,Retail Sales m/m,2016,12,20:30x6; 19:30x6
primary,USD,Retail Sales m/m,2017,12,20:30x6; 19:30x6
primary,USD,Retail Sales m/m,2018,12,20:30x6; 19:30x6
primary,USD,Retail Sales m/m,2019,12,19:30x7; 20:30x5
primary,USD,Retail Sales m/m,2020,12,20:30x6; 19:30x6
primary,USD,Retail Sales m/m,2021,12,20:30x6; 19:30x6
primary,USD,Retail Sales m/m,2022,12,20:30x6; 19:30x6
primary,USD,Retail Sales m/m,2023,12,20:30x6; 19:30x6
primary,USD,Retail Sales m/m,2024,12,20:30x6; 19:30x6
primary,USD,Retail Sales m/m,2025,3,20:30x3
primary,USD,Retail Sales m/m,2026,1,12:30x1
primary,USD,Revised Nonfarm Productivity q/q,2015,4,20:30x2; 19:30x1; 12:30x1
primary,USD,Revised Nonfarm Productivity q/q,2016,4,20:30x2; 12:30x1; 19:30x1
primary,USD,Revised Nonfarm Productivity q/q,2017,2,20:30x1; 12:30x1
primary,USD,Revised UoM Consumer Sentiment,2015,12,14:00x6; 20:30x4; 15:00x1; 19:30x1
primary,USD,Revised UoM Consumer Sentiment,2016,12,14:00x6; 20:30x3; 19:30x2; 15:00x1
primary,USD,Revised UoM Consumer Sentiment,2017,12,14:00x5; 20:30x4; 19:30x2; 15:00x1
primary,USD,Revised UoM Consumer Sentiment,2018,11,14:00x5; 15:00x3; 20:30x2; 19:30x1
primary,USD,Revised UoM Consumer Sentiment,2019,7,14:00x5; 20:30x2
primary,USD,Revised UoM Consumer Sentiment,2020,7,14:00x6; 15:00x1
primary,USD,Revised UoM Consumer Sentiment,2021,6,14:00x3; 20:30x2; 19:30x1
primary,USD,Revised UoM Consumer Sentiment,2022,11,14:00x6; 15:00x2; 20:30x2; 19:30x1
primary,USD,Revised UoM Consumer Sentiment,2023,12,13:00x6; 20:30x3; 14:00x2; 15:00x1
primary,USD,Revised UoM Consumer Sentiment,2024,12,13:00x5; 15:00x2; 20:30x2; 14:00x2
primary,USD,Revised UoM Consumer Sentiment,2025,3,20:30x2; 13:00x1
primary,USD,Revised UoM Consumer Sentiment,2026,2,14:00x2
primary,USD,Revised UoM Inflation Expectations,2015,12,20:30x6; 19:30x6
primary,USD,Revised UoM Inflation Expectations,2016,13,19:30x7; 20:30x6
primary,USD,Revised UoM Inflation Expectations,2017,12,20:30x6; 19:30x6
primary,USD,Revised UoM Inflation Expectations,2018,13,19:30x7; 20:30x6
primary,USD,Revised UoM Inflation Expectations,2019,12,20:30x6; 19:30x6
primary,USD,Revised UoM Inflation Expectations,2020,12,20:30x6; 19:30x6
primary,USD,Revised UoM Inflation Expectations,2021,12,20:30x6; 19:30x6
primary,USD,Revised UoM Inflation Expectations,2022,12,20:30x6; 19:30x6
primary,USD,Revised UoM Inflation Expectations,2023,12,20:30x6; 19:30x6
primary,USD,Revised UoM Inflation Expectations,2024,12,20:30x6; 19:30x6
primary,USD,Revised UoM Inflation Expectations,2025,3,20:30x2; 19:30x1
primary,USD,Revised UoM Inflation Expectations,2026,2,14:00x2
primary,USD,Richmond Manufacturing Index,2015,12,13:59x8; 14:59x3; 20:30x1
primary,USD,Richmond Manufacturing Index,2016,12,13:59x7; 20:30x2; 14:59x2; 19:30x1
primary,USD,Richmond Manufacturing Index,2017,12,13:59x8; 14:59x3; 20:30x1
primary,USD,Richmond Manufacturing Index,2018,12,20:30x4; 13:59x4; 14:59x2; 19:30x2
primary,USD,Richmond Manufacturing Index,2019,12,13:59x5; 14:59x3; 15:03x1; 19:30x1
primary,USD,Richmond Manufacturing Index,2020,12,13:59x8; 14:59x4
primary,USD,Richmond Manufacturing Index,2021,12,13:59x8; 14:59x2; 15:00x2
primary,USD,Richmond Manufacturing Index,2022,12,13:59x7; 14:59x3; 20:30x2
primary,USD,Richmond Manufacturing Index,2023,12,12:59x5; 14:59x4; 13:59x2; 19:30x1
primary,USD,Richmond Manufacturing Index,2024,12,12:59x6; 14:59x4; 13:59x2
primary,USD,Richmond Manufacturing Index,2025,3,14:59x1; 20:30x1; 12:59x1
primary,USD,S&P/CS Composite-20 HPI y/y,2023,4,12:00x1; 13:03x1; 13:00x1; 20:30x1
primary,USD,S&P/CS Composite-20 HPI y/y,2024,12,12:00x6; 14:00x4; 13:00x2
primary,USD,S&P/CS Composite-20 HPI y/y,2025,3,14:00x1; 20:30x1; 12:00x1
primary,USD,Trade Balance,2015,12,20:30x6; 19:30x6
primary,USD,Trade Balance,2016,12,20:30x6; 19:30x6
primary,USD,Trade Balance,2017,12,20:30x6; 19:30x6
primary,USD,Trade Balance,2018,12,20:30x6; 19:30x6
primary,USD,Trade Balance,2019,12,19:30x7; 20:30x5
primary,USD,Trade Balance,2020,12,20:30x6; 19:30x6
primary,USD,Trade Balance,2021,12,20:30x6; 19:30x6
primary,USD,Trade Balance,2022,12,20:30x6; 19:30x6
primary,USD,Trade Balance,2023,12,20:30x6; 19:30x6
primary,USD,Trade Balance,2024,12,19:30x6; 20:30x5; 12:30x1
primary,USD,Trade Balance,2025,4,20:30x3; 19:30x1
primary,USD,Treasury Currency Report,2015,2,20:30x2
primary,USD,Treasury Currency Report,2016,2,20:00x1; 19:00x1
primary,USD,Treasury Currency Report,2017,2,21:00x2
primary,USD,Treasury Currency Report,2018,2,21:00x2
primary,USD,Treasury Currency Report,2019,1,22:00x1
primary,USD,Treasury Currency Report,2020,2,22:00x1; 20:30x1
primary,USD,Treasury Currency Report,2021,2,13:00x1; 14:00x1
primary,USD,Treasury Currency Report,2022,2,13:00x1; 14:00x1
primary,USD,Treasury Currency Report,2023,2,17:00x1; 21:00x1
primary,USD,Treasury Currency Report,2024,2,19:00x1; 21:00x1
primary,USD,Treasury Sec Bessent Speaks,2026,2,18:00x1; 17:00x1
primary,USD,Treasury Sec Lew Speaks,2015,3,14:00x1; 20:30x1; 18:30x1
primary,USD,Treasury Sec Lew Speaks,2016,1,12:30x1
primary,USD,Treasury Sec Lew Speaks,2017,1,15:00x1
primary,USD,Treasury Sec Mnuchin Speaks,2017,6,12:00x1; 17:15x1; 20:15x1; 14:45x1
primary,USD,Treasury Sec Mnuchin Speaks,2020,3,20:30x2; 14:00x1
primary,USD,Treasury Sec Yellen Speaks,2021,7,20:30x3; 14:00x2; 15:00x1; 16:30x1
primary,USD,Treasury Sec Yellen Speaks,2022,9,19:30x2; 16:30x1; 14:30x1; 13:45x1
primary,USD,Treasury Sec Yellen Speaks,2023,7,14:00x1; 20:30x1; 19:30x1; 18:00x1
primary,USD,Treasury Sec Yellen Speaks,2024,5,19:30x2; 15:00x1; 15:15x1; 19:00x1
primary,USD,Unemployment Claims,2015,52,19:30x20; 20:30x19; 12:30x8; 13:30x5
primary,USD,Unemployment Claims,2016,52,19:30x22; 20:30x20; 13:30x5; 12:30x5
primary,USD,Unemployment Claims,2017,52,19:30x24; 20:30x21; 12:30x4; 13:30x3
primary,USD,Unemployment Claims,2018,32,19:30x17; 20:30x11; 12:30x4
primary,USD,Unemployment Claims,2019,1,19:30x1
primary,USD,Unemployment Claims,2020,40,19:30x19; 20:30x10; 12:30x9; 13:30x2
primary,USD,Unemployment Claims,2021,42,19:30x19; 20:30x13; 12:30x6; 13:30x4
primary,USD,Unemployment Claims,2022,52,20:30x22; 19:30x22; 12:30x5; 13:30x3
primary,USD,Unemployment Claims,2023,52,19:30x19; 20:30x18; 13:30x7; 11:30x7
primary,USD,Unemployment Claims,2024,52,19:30x19; 20:30x17; 11:30x8; 13:30x6
primary,USD,Unemployment Claims,2025,14,20:30x9; 13:30x3; 19:30x2
primary,USD,Unemployment Claims,2026,7,12:30x7
primary,USD,Unemployment Rate,2015,12,20:30x6; 19:30x6
primary,USD,Unemployment Rate,2016,12,20:30x6; 19:30x6
primary,USD,Unemployment Rate,2017,12,20:30x6; 19:30x6
primary,USD,Unemployment Rate,2018,12,20:30x6; 19:30x6
primary,USD,Unemployment Rate,2019,12,20:30x6; 19:30x6
primary,USD,Unemployment Rate,2020,12,20:30x6; 19:30x6
primary,USD,Unemployment Rate,2021,12,20:30x6; 19:30x6
primary,USD,Unemployment Rate,2022,12,20:30x6; 19:30x6
primary,USD,Unemployment Rate,2023,12,20:30x6; 19:30x6
primary,USD,Unemployment Rate,2024,12,20:30x6; 19:30x6
primary,USD,Unemployment Rate,2025,4,20:30x3; 19:30x1
primary,USD,Unemployment Rate,2026,2,12:30x2
