weekend_id,symbol,era,friday_close_utc,sunday_open_utc,friday_close,sunday_open,gap_raw,gap_pips,gap_dir,trade_side,atr_d1,gap_size_atr,high_5d,low_5d,range_5d,range_pos,range_bucket,is_conditioned,triggered,filled_by_timestop,filled_full_week,fill_time_utc,fill_elapsed_min,exit_reason,exit_time_utc,exit_price,mae_pips,mae_bp,gross_pnl_pips,gross_pnl_bp,spread_pips,net_pnl_pips,net_pnl_bp
2017-10-20_2017-10-22,EURUSD.DWX,OTHER,2017-10-20T20:50:00Z,2017-10-22T21:05:00Z,1.17802,1.1765,-0.00152,-15.2,-1,LONG,0.00687,0.2211,1.18583,1.17303,0.0128,0.3898,MIDDLE_THIRD,0,0,0,1,2017-10-24T18:50:00Z,2745,STOP,2017-10-23T08:15:00Z,1.17498,19.7,16.74,-15.2,-12.92,0.5,-15.7,-13.34
2017-10-27_2017-10-29,EURUSD.DWX,OTHER,2017-10-27T20:50:00Z,2017-10-29T21:05:00Z,1.16074,1.16053,-0.00021,-2.1,-1,LONG,0.00783,0.0268,1.18367,1.15742,0.02625,0.1265,LOWER_THIRD,0,0,1,1,2017-10-29T21:05:00Z,0,FILL,2017-10-29T21:05:00Z,1.16074,0.1,0.09,2.1,1.81,0.5,1.6,1.38
2017-11-03_2017-11-05,EURUSD.DWX,OTHER,2017-11-03T20:50:00Z,2017-11-05T22:05:00Z,1.1609,1.16127,0.00037,3.7,1,SHORT,0.00779,0.0475,1.16905,1.15938,0.00967,0.1572,LOWER_THIRD,1,0,1,1,2017-11-05T22:05:00Z,0,FILL,2017-11-05T22:05:00Z,1.1609,0,0,3.7,3.19,0.5,3.2,2.76
2017-11-10_2017-11-12,EURUSD.DWX,OTHER,2017-11-10T21:50:00Z,2017-11-12T22:05:00Z,1.16648,1.16563,-0.00085,-8.5,-1,LONG,0.00695,0.1223,1.1678,1.1554,0.0124,0.8935,UPPER_THIRD,1,0,1,1,2017-11-12T23:30:00Z,85,FILL,2017-11-12T23:30:00Z,1.16648,0.5,0.43,8.5,7.29,0.5,8,6.86
2017-11-17_2017-11-19,EURUSD.DWX,OTHER,2017-11-17T21:50:00Z,2017-11-19T22:05:00Z,1.17866,1.17864,-2e-05,-0.2,-1,LONG,0.00624,0.0032,1.18609,1.16373,0.02236,0.6677,UPPER_THIRD,1,0,0,1,2017-11-19T22:05:00Z,0,STOP,2017-11-19T22:05:00Z,1.17862,1.2,1.02,-0.2,-0.17,0.5,-0.7,-0.59
2017-11-24_2017-11-26,EURUSD.DWX,OTHER,2017-11-24T21:50:00Z,2017-11-26T22:05:00Z,1.19299,1.19289,-0.0001,-1,-1,LONG,0.00681,0.0147,1.19445,1.17128,0.02317,0.937,UPPER_THIRD,1,0,0,1,2017-11-26T22:05:00Z,0,STOP,2017-11-26T22:05:00Z,1.19279,1.5,1.26,-1,-0.84,0.5,-1.5,-1.26
2017-12-01_2017-12-03,EURUSD.DWX,OTHER,2017-12-01T21:50:00Z,2017-12-03T22:05:00Z,1.18983,1.18627,-0.00356,-35.6,-1,LONG,0.0081,0.4395,1.19613,1.1809,0.01523,0.5863,MIDDLE_THIRD,0,1,0,0,,,TIMESTOP,2017-12-04T12:00:00Z,1.18543,26.5,22.34,-8.4,-7.08,0.5,-8.9,-7.5
2017-12-08_2017-12-10,EURUSD.DWX,OTHER,2017-12-08T21:50:00Z,2017-12-10T22:05:00Z,1.17716,1.17664,-0.00052,-5.2,-1,LONG,0.00735,0.0708,1.18785,1.17302,0.01483,0.2792,LOWER_THIRD,0,0,1,1,2017-12-10T23:05:00Z,60,FILL,2017-12-10T23:05:00Z,1.17716,3,2.55,5.2,4.42,0.5,4.7,3.99
2017-12-15_2017-12-17,EURUSD.DWX,OTHER,2017-12-15T21:50:00Z,2017-12-17T22:05:00Z,1.17506,1.17434,-0.00072,-7.2,-1,LONG,0.00752,0.0957,1.18626,1.17175,0.01451,0.2281,LOWER_THIRD,0,0,1,1,2017-12-17T23:15:00Z,70,FILL,2017-12-17T23:15:00Z,1.17506,5.8,4.94,7.2,6.13,0.5,6.7,5.71
2017-12-22_2017-12-24,EURUSD.DWX,OTHER,2017-12-22T21:50:00Z,2017-12-24T22:55:00Z,1.18591,1.18471,-0.0012,-12,-1,LONG,0.00681,0.1761,1.19017,1.17376,0.01641,0.7404,UPPER_THIRD,1,0,1,1,2017-12-25T05:50:00Z,415,FILL,2017-12-25T05:50:00Z,1.18591,4,3.38,12,10.13,0.5,11.5,9.71
2017-12-29_2018-01-01,EURUSD.DWX,IS,2017-12-29T21:50:00Z,2018-01-01T18:00:00Z,1.19973,1.19945,-0.00028,-2.8,-1,LONG,0.00683,0.041,1.20254,1.18431,0.01823,0.8459,UPPER_THIRD,1,0,0,1,2018-01-01T18:10:00Z,10,TIMESTOP,2018-01-01T18:00:00Z,1.19908,0,0,-3.7,-3.08,0.5,-4.2,-3.5
2018-01-05_2018-01-07,EURUSD.DWX,IS,2018-01-05T21:50:00Z,2018-01-07T22:05:00Z,1.2029,1.20277,-0.00013,-1.3,-1,LONG,0.006,0.0217,1.20891,1.19908,0.00983,0.3886,MIDDLE_THIRD,0,0,1,1,2018-01-07T22:05:00Z,0,FILL,2018-01-07T22:05:00Z,1.2029,0.2,0.17,1.3,1.08,0.5,0.8,0.67
2018-01-12_2018-01-14,EURUSD.DWX,IS,2018-01-12T21:50:00Z,2018-01-14T22:05:00Z,1.21948,1.21972,0.00024,2.4,1,SHORT,0.00809,0.0297,1.22185,1.19155,0.0303,0.9218,UPPER_THIRD,0,0,0,1,2018-01-14T22:40:00Z,35,STOP,2018-01-14T22:05:00Z,1.21996,10.9,8.94,-2.4,-1.97,0.5,-2.9,-2.38
2018-01-19_2018-01-21,EURUSD.DWX,IS,2018-01-19T21:50:00Z,2018-01-21T22:05:00Z,1.22202,1.22651,0.00449,44.9,1,SHORT,0.0099,0.4535,1.23231,1.2165,0.01581,0.3491,MIDDLE_THIRD,0,1,1,1,2018-01-22T04:10:00Z,365,FILL,2018-01-22T04:10:00Z,1.22202,0.2,0.16,44.9,36.61,0.5,44.4,36.2
2018-01-26_2018-01-28,EURUSD.DWX,IS,2018-01-26T21:50:00Z,2018-01-28T22:05:00Z,1.2424,1.2423,-0.0001,-1,-1,LONG,0.0111,0.009,1.25378,1.22138,0.0324,0.6488,MIDDLE_THIRD,0,0,0,1,2018-01-28T23:40:00Z,95,STOP,2018-01-28T22:05:00Z,1.2422,7,5.63,-1,-0.8,0.5,-1.5,-1.21
2018-02-02_2018-02-04,EURUSD.DWX,IS,2018-02-02T21:50:00Z,2018-02-04T22:05:00Z,1.24526,1.24305,-0.00221,-22.1,-1,LONG,0.01086,0.2034,1.2523,1.2335,0.0188,0.6255,MIDDLE_THIRD,0,0,1,1,2018-02-04T23:40:00Z,95,FILL,2018-02-04T23:40:00Z,1.24526,6.1,4.91,22.1,17.78,0.5,21.6,17.38
2018-02-09_2018-02-11,EURUSD.DWX,IS,2018-02-09T21:50:00Z,2018-02-11T22:05:00Z,1.22499,1.22433,-0.00066,-6.6,-1,LONG,0.01151,0.0573,1.24748,1.22054,0.02694,0.1652,LOWER_THIRD,0,0,1,1,2018-02-11T22:30:00Z,25,FILL,2018-02-11T22:30:00Z,1.22499,0.2,0.16,6.6,5.39,0.5,6.1,4.98
2018-02-16_2018-02-18,EURUSD.DWX,IS,2018-02-16T21:50:00Z,2018-02-18T22:05:00Z,1.24096,1.24007,-0.00089,-8.9,-1,LONG,0.01126,0.0791,1.25559,1.2235,0.03209,0.5441,MIDDLE_THIRD,0,0,1,1,2018-02-18T22:10:00Z,5,FILL,2018-02-18T22:10:00Z,1.24096,0,0,8.9,7.18,0.5,8.4,6.77
2018-02-23_2018-02-25,EURUSD.DWX,IS,2018-02-23T21:50:00Z,2018-02-25T22:05:00Z,1.22962,1.22925,-0.00037,-3.7,-1,LONG,0.00998,0.0371,1.24351,1.22596,0.01755,0.2085,LOWER_THIRD,0,0,0,1,2018-02-26T01:05:00Z,180,STOP,2018-02-25T22:25:00Z,1.22888,5.8,4.72,-3.7,-3.01,0.5,-4.2,-3.42
2018-03-02_2018-03-04,EURUSD.DWX,IS,2018-03-02T21:50:00Z,2018-03-04T22:05:00Z,1.23218,1.23315,0.00097,9.7,1,SHORT,0.00963,0.1007,1.23553,1.21547,0.02006,0.833,UPPER_THIRD,0,0,0,1,2018-03-04T23:15:00Z,70,STOP,2018-03-04T22:05:00Z,1.23412,17.3,14.03,-9.7,-7.87,0.5,-10.2,-8.27
2018-03-09_2018-03-11,EURUSD.DWX,IS,2018-03-09T21:50:00Z,2018-03-11T21:05:00Z,1.23048,1.23124,0.00076,7.6,1,SHORT,0.00884,0.0859,1.24462,1.22689,0.01773,0.2025,LOWER_THIRD,1,0,0,1,2018-03-12T11:20:00Z,855,STOP,2018-03-12T02:10:00Z,1.232,9.5,7.72,-7.6,-6.17,0.5,-8.1,-6.58
2018-03-16_2018-03-18,EURUSD.DWX,IS,2018-03-16T20:50:00Z,2018-03-18T21:05:00Z,1.22877,1.22854,-0.00023,-2.3,-1,LONG,0.00866,0.0265,1.24126,1.226,0.01526,0.1815,LOWER_THIRD,0,0,1,1,2018-03-18T21:05:00Z,0,FILL,2018-03-18T21:05:00Z,1.22877,0.6,0.49,2.3,1.87,0.5,1.8,1.47
2018-03-23_2018-03-25,EURUSD.DWX,IS,2018-03-23T20:50:00Z,2018-03-25T21:05:00Z,1.23529,1.23516,-0.00013,-1.3,-1,LONG,0.00883,0.0147,1.23885,1.22397,0.01488,0.7608,UPPER_THIRD,1,0,0,1,2018-03-25T21:05:00Z,0,STOP,2018-03-25T21:05:00Z,1.23503,2.3,1.86,-1.3,-1.05,0.5,-1.8,-1.46
2018-03-30_2018-04-01,EURUSD.DWX,IS,2018-03-30T20:50:00Z,2018-04-01T21:05:00Z,1.23256,1.23174,-0.00082,-8.2,-1,LONG,0.00892,0.0919,1.24766,1.22839,0.01927,0.2164,LOWER_THIRD,0,0,1,1,2018-04-02T01:00:00Z,235,FILL,2018-04-02T01:00:00Z,1.23256,6.7,5.44,8.2,6.66,0.5,7.7,6.25
2018-04-06_2018-04-08,EURUSD.DWX,IS,2018-04-06T20:50:00Z,2018-04-08T21:05:00Z,1.22806,1.22814,8e-05,0.8,1,SHORT,0.00844,0.0095,1.2345,1.22151,0.01299,0.5042,MIDDLE_THIRD,0,0,0,1,2018-04-08T21:05:00Z,0,STOP,2018-04-08T21:05:00Z,1.22822,1.2,0.98,-0.8,-0.65,0.5,-1.3,-1.06
2018-04-13_2018-04-15,EURUSD.DWX,IS,2018-04-13T20:50:00Z,2018-04-15T21:05:00Z,1.233,1.23245,-0.00055,-5.5,-1,LONG,0.00703,0.0782,1.23964,1.22602,0.01362,0.5125,MIDDLE_THIRD,0,0,1,1,2018-04-15T21:15:00Z,10,FILL,2018-04-15T21:15:00Z,1.233,0.2,0.16,5.5,4.46,0.5,5,4.06
2018-04-20_2018-04-22,EURUSD.DWX,IS,2018-04-20T20:50:00Z,2018-04-22T21:05:00Z,1.22896,1.22774,-0.00122,-12.2,-1,LONG,0.00701,0.1741,1.24138,1.22499,0.01639,0.2422,LOWER_THIRD,0,0,0,0,,,STOP,2018-04-23T01:15:00Z,1.22652,12.3,10.02,-12.2,-9.94,0.5,-12.7,-10.34
2018-04-27_2018-04-29,EURUSD.DWX,IS,2018-04-27T20:50:00Z,2018-04-29T21:05:00Z,1.21294,1.21245,-0.00049,-4.9,-1,LONG,0.00748,0.0655,1.22895,1.20555,0.0234,0.3158,LOWER_THIRD,0,0,1,1,2018-04-29T21:40:00Z,35,FILL,2018-04-29T21:40:00Z,1.21294,0.9,0.74,4.9,4.04,0.5,4.4,3.63
2018-05-04_2018-05-06,EURUSD.DWX,IS,2018-05-04T20:50:00Z,2018-05-06T21:05:00Z,1.19635,1.19582,-0.00053,-5.3,-1,LONG,0.00822,0.0645,1.21388,1.19106,0.02282,0.2318,LOWER_THIRD,0,0,1,1,2018-05-06T21:05:00Z,0,FILL,2018-05-06T21:05:00Z,1.19635,2.5,2.09,5.3,4.43,0.5,4.8,4.01
2018-05-11_2018-05-13,EURUSD.DWX,IS,2018-05-11T20:55:00Z,2018-05-13T21:05:00Z,1.19388,1.19387,-1e-05,-0.1,-1,LONG,0.00847,0.0012,1.1978,1.18227,0.01553,0.7476,UPPER_THIRD,1,0,1,1,2018-05-13T21:05:00Z,0,FILL,2018-05-13T21:05:00Z,1.19388,0,0,0.1,0.08,0.5,-0.4,-0.34
2018-05-18_2018-05-20,EURUSD.DWX,IS,2018-05-18T20:55:00Z,2018-05-20T21:05:00Z,1.17693,1.17707,0.00014,1.4,1,SHORT,0.0085,0.0165,1.19961,1.17499,0.02462,0.0788,LOWER_THIRD,1,0,0,1,2018-05-20T21:10:00Z,5,STOP,2018-05-20T21:10:00Z,1.17721,2.4,2.04,-1.4,-1.19,0.5,-1.9,-1.61
2018-05-25_2018-05-27,EURUSD.DWX,IS,2018-05-25T20:55:00Z,2018-05-27T21:05:00Z,1.16445,1.16818,0.00373,37.3,1,SHORT,0.00844,0.4421,1.18296,1.16445,0.01851,0,LOWER_THIRD,1,1,0,1,2018-05-28T10:05:00Z,780,STOP,2018-05-28T04:50:00Z,1.17191,39.4,33.73,-37.3,-31.93,0.5,-37.8,-32.36
2018-06-01_2018-06-03,EURUSD.DWX,IS,2018-06-01T20:55:00Z,2018-06-03T21:05:00Z,1.16534,1.16567,0.00033,3.3,1,SHORT,0.00963,0.0343,1.17282,1.151,0.02182,0.6572,MIDDLE_THIRD,0,0,0,1,2018-06-05T14:00:00Z,2455,STOP,2018-06-03T21:05:00Z,1.166,5.1,4.38,-3.3,-2.83,0.5,-3.8,-3.26
2018-06-08_2018-06-10,EURUSD.DWX,IS,2018-06-08T20:55:00Z,2018-06-10T21:05:00Z,1.17612,1.17733,0.00121,12.1,1,SHORT,0.00951,0.1272,1.18399,1.16526,0.01873,0.5798,MIDDLE_THIRD,0,0,0,1,2018-06-12T00:00:00Z,1615,STOP,2018-06-10T23:45:00Z,1.17854,12.3,10.45,-12.1,-10.28,0.5,-12.6,-10.7
2018-06-15_2018-06-17,EURUSD.DWX,IS,2018-06-15T20:55:00Z,2018-06-17T21:05:00Z,1.16047,1.15855,-0.00192,-19.2,-1,LONG,0.01041,0.1844,1.18516,1.15433,0.03083,0.1992,LOWER_THIRD,0,0,0,1,2018-06-18T09:10:00Z,725,STOP,2018-06-18T07:10:00Z,1.15663,19.5,16.83,-19.2,-16.57,0.5,-19.7,-17
2018-06-22_2018-06-24,EURUSD.DWX,IS,2018-06-22T20:55:00Z,2018-06-24T21:05:00Z,1.16569,1.16639,0.0007,7,1,SHORT,0.00951,0.0736,1.16749,1.15082,0.01667,0.892,UPPER_THIRD,0,0,1,1,2018-06-24T21:20:00Z,15,FILL,2018-06-24T21:20:00Z,1.16569,3,2.57,7,6,0.5,6.5,5.57
2018-06-29_2018-07-01,EURUSD.DWX,IS,2018-06-29T20:55:00Z,2018-07-01T21:05:00Z,1.16825,1.16845,0.0002,2,1,SHORT,0.01046,0.0191,1.17201,1.15272,0.01929,0.8051,UPPER_THIRD,0,0,1,1,2018-07-01T21:05:00Z,0,FILL,2018-07-01T21:05:00Z,1.16825,0,0,2,1.71,0.5,1.5,1.28
2018-07-06_2018-07-08,EURUSD.DWX,IS,2018-07-06T20:55:00Z,2018-07-08T21:05:00Z,1.17419,1.17354,-0.00065,-6.5,-1,LONG,0.00884,0.0735,1.17673,1.15912,0.01761,0.8558,UPPER_THIRD,1,0,1,1,2018-07-08T21:05:00Z,0,FILL,2018-07-08T21:05:00Z,1.17419,0,0,6.5,5.54,0.5,6,5.11
2018-07-13_2018-07-15,EURUSD.DWX,IS,2018-07-13T20:55:00Z,2018-07-15T21:05:00Z,1.16818,1.16828,0.0001,1,1,SHORT,0.008,0.0125,1.17906,1.1613,0.01776,0.3874,MIDDLE_THIRD,0,0,0,1,2018-07-15T21:05:00Z,0,STOP,2018-07-15T21:05:00Z,1.16838,4.5,3.85,-1,-0.86,0.5,-1.5,-1.28
2018-07-20_2018-07-22,EURUSD.DWX,IS,2018-07-20T20:55:00Z,2018-07-22T21:05:00Z,1.17194,1.17279,0.00085,8.5,1,SHORT,0.00734,0.1158,1.17446,1.15749,0.01697,0.8515,UPPER_THIRD,0,0,0,1,2018-07-23T06:55:00Z,590,STOP,2018-07-22T23:00:00Z,1.17364,12.3,10.49,-8.5,-7.25,0.5,-9,-7.67
2018-07-27_2018-07-29,EURUSD.DWX,IS,2018-07-27T20:55:00Z,2018-07-29T21:05:00Z,1.16563,1.16542,-0.00021,-2.1,-1,LONG,0.00757,0.0278,1.17502,1.16203,0.01299,0.2771,LOWER_THIRD,0,0,1,1,2018-07-29T21:05:00Z,0,FILL,2018-07-29T21:05:00Z,1.16563,1.6,1.37,2.1,1.8,0.5,1.6,1.37
2018-08-03_2018-08-05,EURUSD.DWX,IS,2018-08-03T20:55:00Z,2018-08-05T21:05:00Z,1.15634,1.15691,0.00057,5.7,1,SHORT,0.0074,0.077,1.17459,1.15602,0.01857,0.0172,LOWER_THIRD,1,0,1,1,2018-08-05T22:50:00Z,105,FILL,2018-08-05T22:50:00Z,1.15634,1.4,1.21,5.7,4.93,0.5,5.2,4.49
2018-08-10_2018-08-12,EURUSD.DWX,IS,2018-08-10T20:55:00Z,2018-08-12T21:05:00Z,1.14079,1.13766,-0.00313,-31.3,-1,LONG,0.00707,0.4424,1.16281,1.13881,0.024,0.0825,LOWER_THIRD,0,1,1,1,2018-08-12T23:10:00Z,125,FILL,2018-08-12T23:10:00Z,1.14079,4.3,3.78,31.3,27.51,0.5,30.8,27.07
2018-08-17_2018-08-19,EURUSD.DWX,IS,2018-08-17T20:55:00Z,2018-08-19T21:05:00Z,1.14375,1.14375,0,0,0,LONG,0.0072,0,1.14449,1.1301,0.01439,0.9486,UPPER_THIRD,0,0,0,0,,,STOP,2018-08-19T21:05:00Z,1.14375,0.2,0.17,0,0,0.5,-0.5,-0.44
2018-08-24_2018-08-26,EURUSD.DWX,IS,2018-08-24T20:55:00Z,2018-08-26T21:05:00Z,1.162,1.16199,-1e-05,-0.1,-1,LONG,0.00846,0.0012,1.16395,1.13944,0.02451,0.9204,UPPER_THIRD,1,0,0,1,2018-08-26T21:05:00Z,0,STOP,2018-08-26T21:05:00Z,1.16198,0.5,0.43,-0.1,-0.09,0.5,-0.6,-0.52
2018-08-31_2018-09-02,EURUSD.DWX,IS,2018-08-31T20:55:00Z,2018-09-02T21:05:00Z,1.16,1.15927,-0.00073,-7.3,-1,LONG,0.00837,0.0872,1.17335,1.15846,0.01489,0.1034,LOWER_THIRD,0,0,1,1,2018-09-02T22:15:00Z,70,FILL,2018-09-02T22:15:00Z,1.16,0,0,7.3,6.3,0.5,6.8,5.87
2018-09-07_2018-09-09,EURUSD.DWX,IS,2018-09-07T20:55:00Z,2018-09-09T21:05:00Z,1.15509,1.15503,-6e-05,-0.6,-1,LONG,0.00823,0.0073,1.16592,1.15302,0.0129,0.1605,LOWER_THIRD,0,0,1,1,2018-09-09T21:05:00Z,0,FILL,2018-09-09T21:05:00Z,1.15509,0,0,0.6,0.52,0.5,0.1,0.09
2018-09-14_2018-09-16,EURUSD.DWX,IS,2018-09-14T20:55:00Z,2018-09-16T21:05:00Z,1.16213,1.16209,-4e-05,-0.4,-1,LONG,0.00805,0.005,1.17216,1.15263,0.01953,0.4864,MIDDLE_THIRD,0,0,1,1,2018-09-16T21:05:00Z,0,FILL,2018-09-16T21:05:00Z,1.16213,0,0,0.4,0.34,0.5,-0.1,-0.09
2018-09-21_2018-09-23,EURUSD.DWX,IS,2018-09-21T20:55:00Z,2018-09-23T21:00:00Z,1.17403,1.174,-3e-05,-0.3,-1,LONG,0.00843,0.0036,1.18025,1.1618,0.01845,0.6629,MIDDLE_THIRD,0,0,0,1,2018-09-23T21:00:00Z,0,STOP,2018-09-23T21:00:00Z,1.17397,0.9,0.77,-0.3,-0.26,0.5,-0.8,-0.68
2018-09-28_2018-09-30,EURUSD.DWX,IS,2018-09-28T20:55:00Z,2018-09-30T21:05:00Z,1.15966,1.16174,0.00208,20.8,1,SHORT,0.00841,0.2474,1.18152,1.15699,0.02453,0.1088,LOWER_THIRD,1,0,1,1,2018-10-01T01:30:00Z,265,FILL,2018-10-01T01:30:00Z,1.15966,0,0,20.8,17.9,0.5,20.3,17.47
2018-10-05_2018-10-07,EURUSD.DWX,IS,2018-10-05T20:55:00Z,2018-10-07T21:05:00Z,1.1518,1.15142,-0.00038,-3.8,-1,LONG,0.00825,0.046,1.16238,1.14634,0.01604,0.3404,MIDDLE_THIRD,0,0,1,1,2018-10-07T21:05:00Z,0,FILL,2018-10-07T21:05:00Z,1.1518,0,0,3.8,3.3,0.5,3.3,2.87
2018-10-12_2018-10-14,EURUSD.DWX,IS,2018-10-12T20:55:00Z,2018-10-14T21:05:00Z,1.15535,1.15407,-0.00128,-12.8,-1,LONG,0.00789,0.1622,1.16104,1.14322,0.01782,0.6807,UPPER_THIRD,1,0,1,1,2018-10-14T23:30:00Z,145,FILL,2018-10-14T23:30:00Z,1.15535,3.6,3.12,12.8,11.09,0.5,12.3,10.66
2018-10-19_2018-10-21,EURUSD.DWX,IS,2018-10-19T20:55:00Z,2018-10-21T21:05:00Z,1.15104,1.15163,0.00059,5.9,1,SHORT,0.00786,0.0751,1.16217,1.1433,0.01887,0.4102,MIDDLE_THIRD,0,0,1,1,2018-10-21T23:30:00Z,145,FILL,2018-10-21T23:30:00Z,1.15104,1.5,1.3,5.9,5.12,0.5,5.4,4.69
2018-10-26_2018-10-28,EURUSD.DWX,IS,2018-10-26T20:55:00Z,2018-10-28T21:05:00Z,1.13974,1.13935,-0.00039,-3.9,-1,LONG,0.00778,0.0501,1.155,1.13357,0.02143,0.2879,LOWER_THIRD,0,0,1,1,2018-10-28T21:20:00Z,15,FILL,2018-10-28T21:20:00Z,1.13974,0,0,3.9,3.42,0.5,3.4,2.98
2018-11-02_2018-11-04,EURUSD.DWX,IS,2018-11-02T20:55:00Z,2018-11-04T22:05:00Z,1.1386,1.13867,7e-05,0.7,1,SHORT,0.00782,0.009,1.14557,1.1301,0.01547,0.5495,MIDDLE_THIRD,0,0,0,1,2018-11-05T01:45:00Z,220,STOP,2018-11-04T22:05:00Z,1.13874,8.8,7.73,-0.7,-0.61,0.5,-1.2,-1.05
2018-11-09_2018-11-11,EURUSD.DWX,IS,2018-11-09T21:55:00Z,2018-11-11T22:05:00Z,1.1328,1.13259,-0.00021,-2.1,-1,LONG,0.0075,0.028,1.14996,1.13166,0.0183,0.0623,LOWER_THIRD,0,0,0,1,2018-11-12T01:00:00Z,175,STOP,2018-11-11T22:05:00Z,1.13238,3.4,3,-2.1,-1.85,0.5,-2.6,-2.3
2018-11-16_2018-11-18,EURUSD.DWX,IS,2018-11-16T21:55:00Z,2018-11-18T22:05:00Z,1.14132,1.14134,2e-05,0.2,1,SHORT,0.0082,0.0024,1.14204,1.12157,0.02047,0.9648,UPPER_THIRD,0,0,0,1,2018-11-18T23:10:00Z,65,STOP,2018-11-18T22:05:00Z,1.14136,1.7,1.49,-0.2,-0.18,0.5,-0.7,-0.61
2018-11-23_2018-11-25,EURUSD.DWX,IS,2018-11-23T21:55:00Z,2018-11-25T22:05:00Z,1.13329,1.13391,0.00062,6.2,1,SHORT,0.00825,0.0751,1.14723,1.13276,0.01447,0.0366,LOWER_THIRD,1,0,1,1,2018-11-25T22:25:00Z,20,FILL,2018-11-25T22:25:00Z,1.13329,0.9,0.79,6.2,5.47,0.5,5.7,5.03
2018-11-30_2018-12-02,EURUSD.DWX,IS,2018-11-30T21:55:00Z,2018-12-02T22:05:00Z,1.13182,1.13405,0.00223,22.3,1,SHORT,0.0081,0.2752,1.14015,1.12671,0.01344,0.3802,MIDDLE_THIRD,0,0,0,1,2018-12-05T05:10:00Z,3305,STOP,2018-12-03T05:50:00Z,1.13628,26.8,23.63,-22.3,-19.66,0.5,-22.8,-20.1
2018-12-07_2018-12-09,EURUSD.DWX,IS,2018-12-07T21:50:00Z,2018-12-09T22:05:00Z,1.14016,1.13916,-0.001,-10,-1,LONG,0.00771,0.1297,1.14237,1.13107,0.0113,0.8044,UPPER_THIRD,1,0,1,1,2018-12-09T23:10:00Z,65,FILL,2018-12-09T23:10:00Z,1.14016,0.5,0.44,10,8.78,0.5,9.5,8.34
2018-12-14_2018-12-16,EURUSD.DWX,IS,2018-12-14T21:50:00Z,2018-12-16T22:05:00Z,1.13003,1.13032,0.00029,2.9,1,SHORT,0.00798,0.0364,1.14427,1.12699,0.01728,0.1759,LOWER_THIRD,1,0,0,0,,,STOP,2018-12-16T22:05:00Z,1.13061,6.1,5.4,-2.9,-2.57,0.5,-3.4,-3.01
2018-12-21_2018-12-23,EURUSD.DWX,IS,2018-12-21T21:50:00Z,2018-12-23T22:05:00Z,1.13652,1.13679,0.00027,2.7,1,SHORT,0.00827,0.0327,1.14861,1.13019,0.01842,0.3436,MIDDLE_THIRD,0,0,0,1,2018-12-23T22:10:00Z,5,STOP,2018-12-23T22:05:00Z,1.13706,5.2,4.57,-2.7,-2.38,0.5,-3.2,-2.81
2018-12-28_2018-12-30,EURUSD.DWX,IS,2018-12-28T21:50:00Z,2018-12-30T22:05:00Z,1.144,1.14365,-0.00035,-3.5,-1,LONG,0.00826,0.0424,1.1474,1.13426,0.01314,0.7412,UPPER_THIRD,1,0,1,1,2018-12-30T23:00:00Z,55,FILL,2018-12-30T23:00:00Z,1.144,0.5,0.44,3.5,3.06,0.5,3,2.62
2019-01-04_2019-01-06,EURUSD.DWX,IS,2019-01-04T21:50:00Z,2019-01-06T22:05:00Z,1.13954,1.13952,-2e-05,-0.2,-1,LONG,0.00881,0.0023,1.14968,1.13043,0.01925,0.4732,MIDDLE_THIRD,0,0,1,1,2019-01-06T22:05:00Z,0,FILL,2019-01-06T22:05:00Z,1.13954,0,0,0.2,0.18,0.5,-0.3,-0.26
2019-01-11_2019-01-13,EURUSD.DWX,IS,2019-01-11T21:50:00Z,2019-01-13T22:05:00Z,1.14646,1.14583,-0.00063,-6.3,-1,LONG,0.009,0.07,1.15697,1.13952,0.01745,0.3977,MIDDLE_THIRD,0,0,1,1,2019-01-13T22:20:00Z,15,FILL,2019-01-13T22:20:00Z,1.14646,0,0,6.3,5.5,0.5,5.8,5.06
2019-01-18_2019-01-20,EURUSD.DWX,IS,2019-01-18T21:50:00Z,2019-01-20T22:05:00Z,1.13641,1.13602,-0.00039,-3.9,-1,LONG,0.00797,0.0489,1.14897,1.13532,0.01365,0.0799,LOWER_THIRD,0,0,1,1,2019-01-20T22:15:00Z,10,FILL,2019-01-20T22:15:00Z,1.13641,0.1,0.09,3.9,3.43,0.5,3.4,2.99
2019-01-25_2019-01-27,EURUSD.DWX,IS,2019-01-25T21:50:00Z,2019-01-27T22:05:00Z,1.14042,1.14002,-0.0004,-4,-1,LONG,0.0069,0.058,1.14175,1.12894,0.01281,0.8962,UPPER_THIRD,1,0,1,1,2019-01-27T22:05:00Z,0,FILL,2019-01-27T22:05:00Z,1.14042,0,0,4,3.51,0.5,3.5,3.07
2019-02-01_2019-02-03,EURUSD.DWX,IS,2019-02-01T21:50:00Z,2019-02-03T22:05:00Z,1.1454,1.14506,-0.00034,-3.4,-1,LONG,0.00645,0.0527,1.15141,1.139,0.01241,0.5157,MIDDLE_THIRD,0,0,1,1,2019-02-03T22:05:00Z,0,FILL,2019-02-03T22:05:00Z,1.1454,0,0,3.4,2.97,0.5,2.9,2.53
2019-02-08_2019-02-10,EURUSD.DWX,IS,2019-02-08T21:50:00Z,2019-02-10T22:05:00Z,1.13235,1.132,-0.00035,-3.5,-1,LONG,0.00585,0.0598,1.14603,1.1321,0.01393,0.0179,LOWER_THIRD,0,0,0,1,2019-02-10T23:00:00Z,55,STOP,2019-02-10T22:05:00Z,1.13165,3.9,3.45,-3.5,-3.09,0.5,-4,-3.53
2019-02-15_2019-02-17,EURUSD.DWX,IS,2019-02-15T21:50:00Z,2019-02-17T22:05:00Z,1.12926,1.12918,-8e-05,-0.8,-1,LONG,0.00589,0.0136,1.13414,1.1234,0.01074,0.5456,MIDDLE_THIRD,0,0,1,1,2019-02-17T22:05:00Z,0,FILL,2019-02-17T22:05:00Z,1.12926,0.3,0.27,0.8,0.71,0.5,0.3,0.27
2019-02-22_2019-02-24,EURUSD.DWX,IS,2019-02-22T21:50:00Z,2019-02-24T22:05:00Z,1.13319,1.13281,-0.00038,-3.8,-1,LONG,0.00558,0.0681,1.1371,1.12754,0.00956,0.591,MIDDLE_THIRD,0,0,1,1,2019-02-24T22:05:00Z,0,FILL,2019-02-24T22:05:00Z,1.13319,0,0,3.8,3.35,0.5,3.3,2.91
2019-03-01_2019-03-03,EURUSD.DWX,IS,2019-03-01T21:50:00Z,2019-03-03T22:05:00Z,1.13628,1.13759,0.00131,13.1,1,SHORT,0.00579,0.2261,1.14197,1.13281,0.00916,0.3788,MIDDLE_THIRD,0,0,1,1,2019-03-04T03:20:00Z,315,FILL,2019-03-04T03:20:00Z,1.13628,5.1,4.48,13.1,11.52,0.5,12.6,11.08
2019-03-08_2019-03-10,EURUSD.DWX,IS,2019-03-08T21:50:00Z,2019-03-10T21:05:00Z,1.1233,1.12305,-0.00025,-2.5,-1,LONG,0.00597,0.0419,1.1381,1.11762,0.02048,0.2773,LOWER_THIRD,0,0,1,1,2019-03-10T21:30:00Z,25,FILL,2019-03-10T21:30:00Z,1.1233,0,0,2.5,2.23,0.5,2,1.78
2019-03-15_2019-03-17,EURUSD.DWX,IS,2019-03-15T20:50:00Z,2019-03-17T21:05:00Z,1.13237,1.13204,-0.00033,-3.3,-1,LONG,0.00593,0.0556,1.13444,1.12216,0.01228,0.8314,UPPER_THIRD,1,0,1,1,2019-03-17T21:10:00Z,5,FILL,2019-03-17T21:10:00Z,1.13237,0,0,3.3,2.92,0.5,2.8,2.47
2019-03-22_2019-03-24,EURUSD.DWX,IS,2019-03-22T20:50:00Z,2019-03-24T21:05:00Z,1.13,1.12868,-0.00132,-13.2,-1,LONG,0.00669,0.1973,1.1448,1.12731,0.01749,0.1538,LOWER_THIRD,0,0,1,1,2019-03-25T03:50:00Z,405,FILL,2019-03-25T03:50:00Z,1.13,1.1,0.97,13.2,11.7,0.5,12.7,11.25
2019-03-29_2019-03-31,EURUSD.DWX,IS,2019-03-29T20:50:00Z,2019-03-31T21:05:00Z,1.12176,1.12257,0.00081,8.1,1,SHORT,0.00602,0.1346,1.13315,1.12097,0.01218,0.0649,LOWER_THIRD,1,0,0,1,2019-04-01T14:15:00Z,1030,STOP,2019-04-01T03:50:00Z,1.12338,8.1,7.22,-8.1,-7.22,0.5,-8.6,-7.66
2019-04-05_2019-04-07,EURUSD.DWX,IS,2019-04-05T20:50:00Z,2019-04-07T21:05:00Z,1.12169,1.12139,-0.0003,-3,-1,LONG,0.00573,0.0523,1.12545,1.11836,0.00709,0.4697,MIDDLE_THIRD,0,0,0,1,2019-04-07T21:20:00Z,15,STOP,2019-04-07T21:10:00Z,1.12109,3.5,3.12,-3,-2.68,0.5,-3.5,-3.12
2019-04-12_2019-04-14,EURUSD.DWX,IS,2019-04-12T20:50:00Z,2019-04-14T21:05:00Z,1.12981,1.13029,0.00048,4.8,1,SHORT,0.00476,0.1008,1.13239,1.12104,0.01135,0.7727,UPPER_THIRD,0,0,0,1,2019-04-15T13:40:00Z,995,STOP,2019-04-15T01:40:00Z,1.13077,6.1,5.4,-4.8,-4.25,0.5,-5.3,-4.69
2019-04-19_2019-04-21,EURUSD.DWX,IS,2019-04-19T20:50:00Z,2019-04-21T21:05:00Z,1.12405,1.12407,2e-05,0.2,1,SHORT,0.00451,0.0044,1.13236,1.12261,0.00975,0.1477,LOWER_THIRD,1,0,0,1,2019-04-21T21:10:00Z,5,STOP,2019-04-21T21:05:00Z,1.12409,3.1,2.76,-0.2,-0.18,0.5,-0.7,-0.62
2019-04-26_2019-04-28,EURUSD.DWX,IS,2019-04-26T20:50:00Z,2019-04-28T21:05:00Z,1.11474,1.11448,-0.00026,-2.6,-1,LONG,0.00492,0.0528,1.12619,1.11105,0.01514,0.2437,LOWER_THIRD,0,0,1,1,2019-04-28T21:10:00Z,5,FILL,2019-04-28T21:10:00Z,1.11474,0,0,2.6,2.33,0.5,2.1,1.88
2019-05-03_2019-05-05,EURUSD.DWX,IS,2019-05-03T20:50:00Z,2019-05-05T21:05:00Z,1.12014,1.11746,-0.00268,-26.8,-1,LONG,0.00541,0.4951,1.12647,1.11349,0.01298,0.5123,MIDDLE_THIRD,0,1,1,1,2019-05-06T11:15:00Z,850,FILL,2019-05-06T11:15:00Z,1.12014,7.8,6.98,26.8,23.98,0.5,26.3,23.54
2019-05-10_2019-05-12,EURUSD.DWX,IS,2019-05-10T20:50:00Z,2019-05-12T21:05:00Z,1.12342,1.12322,-0.0002,-2,-1,LONG,0.00569,0.0351,1.12534,1.11665,0.00869,0.7791,UPPER_THIRD,1,0,1,1,2019-05-12T21:05:00Z,0,FILL,2019-05-12T21:05:00Z,1.12342,0,0,2,1.78,0.5,1.5,1.34
2019-05-17_2019-05-19,EURUSD.DWX,IS,2019-05-17T20:55:00Z,2019-05-19T21:00:00Z,1.11558,1.11599,0.00041,4.1,1,SHORT,0.0051,0.0804,1.12633,1.1155,0.01083,0.0074,LOWER_THIRD,1,0,0,1,2019-05-20T03:05:00Z,365,STOP,2019-05-19T21:30:00Z,1.1164,6.1,5.47,-4.1,-3.67,0.5,-4.6,-4.12
2019-05-24_2019-05-26,EURUSD.DWX,IS,2019-05-24T20:55:00Z,2019-05-26T21:05:00Z,1.12017,1.12098,0.00081,8.1,1,SHORT,0.00458,0.1769,1.12121,1.11069,0.01052,0.9011,UPPER_THIRD,0,0,1,1,2019-05-27T06:45:00Z,580,FILL,2019-05-27T06:45:00Z,1.12017,5.2,4.64,8.1,7.23,0.5,7.6,6.78
2019-05-31_2019-06-02,EURUSD.DWX,IS,2019-05-31T20:50:00Z,2019-06-02T21:05:00Z,1.11684,1.11609,-0.00075,-7.5,-1,LONG,0.00423,0.1773,1.1215,1.11161,0.00989,0.5288,MIDDLE_THIRD,0,0,1,1,2019-06-02T21:35:00Z,30,FILL,2019-06-02T21:35:00Z,1.11684,1,0.9,7.5,6.72,0.5,7,6.27
2019-06-07_2019-06-09,EURUSD.DWX,IS,2019-06-07T20:50:00Z,2019-06-09T21:05:00Z,1.13309,1.13235,-0.00074,-7.4,-1,LONG,0.00598,0.1238,1.13476,1.11599,0.01877,0.911,UPPER_THIRD,1,0,0,1,2019-06-11T07:20:00Z,2055,STOP,2019-06-09T23:00:00Z,1.13161,9.2,8.12,-7.4,-6.54,0.5,-7.9,-6.98
2019-06-14_2019-06-16,EURUSD.DWX,IS,2019-06-14T20:50:00Z,2019-06-16T21:05:00Z,1.12104,1.12089,-0.00015,-1.5,-1,LONG,0.00624,0.024,1.13433,1.12024,0.01409,0.0568,LOWER_THIRD,0,0,1,1,2019-06-16T21:10:00Z,5,FILL,2019-06-16T21:10:00Z,1.12104,0.2,0.18,1.5,1.34,0.5,1,0.89
2019-06-21_2019-06-23,EURUSD.DWX,IS,2019-06-21T20:50:00Z,2019-06-23T21:05:00Z,1.13684,1.13698,0.00014,1.4,1,SHORT,0.00687,0.0204,1.13778,1.11811,0.01967,0.9522,UPPER_THIRD,0,0,0,1,2019-06-23T21:05:00Z,0,STOP,2019-06-23T21:05:00Z,1.13712,3,2.64,-1.4,-1.23,0.5,-1.9,-1.67
2019-06-28_2019-06-30,EURUSD.DWX,IS,2019-06-28T20:50:00Z,2019-06-30T21:05:00Z,1.13693,1.136,-0.00093,-9.3,-1,LONG,0.00574,0.1621,1.1412,1.13442,0.00678,0.3702,MIDDLE_THIRD,0,0,1,1,2019-06-30T23:00:00Z,115,FILL,2019-06-30T23:00:00Z,1.13693,0.9,0.79,9.3,8.19,0.5,8.8,7.75
2019-07-05_2019-07-07,EURUSD.DWX,IS,2019-07-05T20:50:00Z,2019-07-07T21:05:00Z,1.12258,1.1221,-0.00048,-4.8,-1,LONG,0.00588,0.0816,1.13711,1.12073,0.01638,0.1129,LOWER_THIRD,0,0,1,1,2019-07-07T21:20:00Z,15,FILL,2019-07-07T21:20:00Z,1.12258,0,0,4.8,4.28,0.5,4.3,3.83
2019-07-12_2019-07-14,EURUSD.DWX,IS,2019-07-12T20:50:00Z,2019-07-14T21:05:00Z,1.12697,1.12658,-0.00039,-3.9,-1,LONG,0.00474,0.0823,1.12857,1.11932,0.00925,0.827,UPPER_THIRD,1,0,1,1,2019-07-14T21:20:00Z,15,FILL,2019-07-14T21:20:00Z,1.12697,2.9,2.57,3.9,3.46,0.5,3.4,3.02
2019-07-19_2019-07-21,EURUSD.DWX,IS,2019-07-19T20:50:00Z,2019-07-21T21:05:00Z,1.12199,1.12139,-0.0006,-6,-1,LONG,0.00475,0.1264,1.12838,1.11997,0.00841,0.2402,LOWER_THIRD,0,0,1,1,2019-07-22T00:15:00Z,190,FILL,2019-07-22T00:15:00Z,1.12199,0.1,0.09,6,5.35,0.5,5.5,4.9
2019-07-26_2019-07-28,EURUSD.DWX,IS,2019-07-26T20:50:00Z,2019-07-28T21:05:00Z,1.11268,1.11233,-0.00035,-3.5,-1,LONG,0.00487,0.0718,1.12252,1.11014,0.01238,0.2052,LOWER_THIRD,0,0,1,1,2019-07-28T21:05:00Z,0,FILL,2019-07-28T21:05:00Z,1.11268,1.4,1.26,3.5,3.15,0.5,3,2.7
2019-08-02_2019-08-04,EURUSD.DWX,IS,2019-08-02T20:50:00Z,2019-08-04T21:05:00Z,1.11051,1.1098,-0.00071,-7.1,-1,LONG,0.00551,0.1289,1.1162,1.10267,0.01353,0.5795,MIDDLE_THIRD,0,0,1,1,2019-08-04T21:05:00Z,0,FILL,2019-08-04T21:05:00Z,1.11051,0,0,7.1,6.4,0.5,6.6,5.95
2019-08-09_2019-08-11,EURUSD.DWX,IS,2019-08-09T20:50:00Z,2019-08-11T21:05:00Z,1.12005,1.11992,-0.00013,-1.3,-1,LONG,0.00617,0.0211,1.12496,1.1098,0.01516,0.6761,UPPER_THIRD,1,0,1,1,2019-08-11T21:10:00Z,5,FILL,2019-08-11T21:10:00Z,1.12005,0.7,0.63,1.3,1.16,0.5,0.8,0.71
2019-08-16_2019-08-18,EURUSD.DWX,IS,2019-08-16T20:50:00Z,2019-08-18T21:05:00Z,1.10889,1.10933,0.00044,4.4,1,SHORT,0.00648,0.0679,1.12306,1.10661,0.01645,0.1386,LOWER_THIRD,1,0,0,1,2019-08-19T00:00:00Z,175,STOP,2019-08-18T22:00:00Z,1.10977,4.6,4.15,-4.4,-3.97,0.5,-4.9,-4.42
2019-08-23_2019-08-25,EURUSD.DWX,IS,2019-08-23T20:50:00Z,2019-08-25T21:05:00Z,1.11448,1.11469,0.00021,2.1,1,SHORT,0.00573,0.0366,1.11532,1.10515,0.01017,0.9174,UPPER_THIRD,0,0,1,1,2019-08-25T21:10:00Z,5,FILL,2019-08-25T21:10:00Z,1.11448,1.9,1.7,2.1,1.88,0.5,1.6,1.44
2019-08-30_2019-09-01,EURUSD.DWX,IS,2019-08-30T20:50:00Z,2019-09-01T21:05:00Z,1.09935,1.09885,-0.0005,-5,-1,LONG,0.00544,0.0919,1.11637,1.09629,0.02008,0.1524,LOWER_THIRD,0,0,0,1,2019-09-01T22:00:00Z,55,STOP,2019-09-01T21:10:00Z,1.09835,5.2,4.73,-5,-4.55,0.5,-5.5,-5.01
2019-09-06_2019-09-08,EURUSD.DWX,IS,2019-09-06T20:50:00Z,2019-09-08T21:05:00Z,1.10247,1.10241,-6e-05,-0.6,-1,LONG,0.00543,0.011,1.10847,1.09254,0.01593,0.6234,MIDDLE_THIRD,0,0,1,1,2019-09-08T21:05:00Z,0,FILL,2019-09-08T21:05:00Z,1.10247,0,0,0.6,0.54,0.5,0.1,0.09
2019-09-13_2019-09-15,EURUSD.DWX,IS,2019-09-13T20:50:00Z,2019-09-15T21:05:00Z,1.10758,1.10732,-0.00026,-2.6,-1,LONG,0.00598,0.0435,1.11095,1.09267,0.01828,0.8156,UPPER_THIRD,1,0,0,1,2019-09-15T22:10:00Z,65,STOP,2019-09-15T21:20:00Z,1.10706,3.1,2.8,-2.6,-2.35,0.5,-3.1,-2.8
2019-09-20_2019-09-22,EURUSD.DWX,IS,2019-09-20T20:50:00Z,2019-09-22T21:05:00Z,1.10194,1.10114,-0.0008,-8,-1,LONG,0.00684,0.117,1.10863,1.09901,0.00962,0.3046,LOWER_THIRD,0,0,1,1,2019-09-22T23:10:00Z,125,FILL,2019-09-22T23:10:00Z,1.10194,0.2,0.18,8,7.27,0.5,7.5,6.81
2019-09-27_2019-09-29,EURUSD.DWX,IS,2019-09-27T20:50:00Z,2019-09-29T21:05:00Z,1.09411,1.09404,-7e-05,-0.7,-1,LONG,0.00694,0.0101,1.10253,1.09046,0.01207,0.3024,LOWER_THIRD,0,0,0,1,2019-09-29T21:15:00Z,10,STOP,2019-09-29T21:05:00Z,1.09397,1.3,1.19,-0.7,-0.64,0.5,-1.2,-1.1
2019-10-04_2019-10-06,EURUSD.DWX,IS,2019-10-04T20:50:00Z,2019-10-06T21:05:00Z,1.09769,1.09798,0.00029,2.9,1,SHORT,0.00609,0.0477,1.09993,1.0879,0.01203,0.8138,UPPER_THIRD,0,0,1,1,2019-10-06T21:40:00Z,35,FILL,2019-10-06T21:40:00Z,1.09769,1.1,1,2.9,2.64,0.5,2.4,2.19
2019-10-11_2019-10-13,EURUSD.DWX,IS,2019-10-11T20:50:00Z,2019-10-13T21:05:00Z,1.1035,1.10308,-0.00042,-4.2,-1,LONG,0.0056,0.075,1.10625,1.0941,0.01215,0.7737,UPPER_THIRD,1,0,1,1,2019-10-13T21:05:00Z,0,FILL,2019-10-13T21:05:00Z,1.1035,0.1,0.09,4.2,3.81,0.5,3.7,3.35
2019-10-18_2019-10-20,EURUSD.DWX,IS,2019-10-18T20:50:00Z,2019-10-20T21:05:00Z,1.11706,1.11593,-0.00113,-11.3,-1,LONG,0.00544,0.2075,1.11708,1.09912,0.01796,0.9989,UPPER_THIRD,1,0,1,1,2019-10-21T08:10:00Z,665,FILL,2019-10-21T08:10:00Z,1.11706,10.1,9.05,11.3,10.13,0.5,10.8,9.68
2019-10-25_2019-10-27,EURUSD.DWX,IS,2019-10-25T20:50:00Z,2019-10-27T21:05:00Z,1.10792,1.10775,-0.00017,-1.7,-1,LONG,0.00524,0.0325,1.11793,1.10729,0.01064,0.0592,LOWER_THIRD,0,0,1,1,2019-10-27T21:20:00Z,15,FILL,2019-10-27T21:20:00Z,1.10792,0.4,0.36,1.7,1.53,0.5,1.2,1.08
2019-11-01_2019-11-03,EURUSD.DWX,IS,2019-11-01T20:50:00Z,2019-11-03T22:05:00Z,1.11641,1.11679,0.00038,3.8,1,SHORT,0.00512,0.0742,1.11755,1.10736,0.01019,0.8881,UPPER_THIRD,0,0,1,1,2019-11-03T23:00:00Z,55,FILL,2019-11-03T23:00:00Z,1.11641,0.9,0.81,3.8,3.4,0.5,3.3,2.95
2019-11-08_2019-11-10,EURUSD.DWX,IS,2019-11-08T21:50:00Z,2019-11-10T22:05:00Z,1.10189,1.10201,0.00012,1.2,1,SHORT,0.00483,0.0248,1.11753,1.10166,0.01587,0.0145,LOWER_THIRD,1,0,0,1,2019-11-11T00:50:00Z,165,STOP,2019-11-10T22:05:00Z,1.10213,3.2,2.9,-1.2,-1.09,0.5,-1.7,-1.54
2019-11-15_2019-11-17,EURUSD.DWX,IS,2019-11-15T21:50:00Z,2019-11-17T22:05:00Z,1.10517,1.10499,-0.00018,-1.8,-1,LONG,0.00444,0.0406,1.10567,1.0989,0.00677,0.9261,UPPER_THIRD,1,0,1,1,2019-11-17T22:05:00Z,0,FILL,2019-11-17T22:05:00Z,1.10517,0,0,1.8,1.63,0.5,1.3,1.18
2019-11-22_2019-11-24,EURUSD.DWX,IS,2019-11-22T21:50:00Z,2019-11-24T22:05:00Z,1.10197,1.10159,-0.00038,-3.8,-1,LONG,0.0041,0.0927,1.10968,1.10143,0.00825,0.0655,LOWER_THIRD,0,0,1,1,2019-11-24T22:10:00Z,5,FILL,2019-11-24T22:10:00Z,1.10197,0,0,3.8,3.45,0.5,3.3,3
2019-11-29_2019-12-01,EURUSD.DWX,IS,2019-11-29T21:50:00Z,2019-12-01T22:05:00Z,1.102,1.10232,0.00032,3.2,1,SHORT,0.00352,0.0908,1.1032,1.09812,0.00508,0.7638,UPPER_THIRD,0,0,1,1,2019-12-01T22:05:00Z,0,FILL,2019-12-01T22:05:00Z,1.102,0.8,0.73,3.2,2.9,0.5,2.7,2.45
2019-12-06_2019-12-08,EURUSD.DWX,IS,2019-12-06T21:50:00Z,2019-12-08T22:05:00Z,1.10599,1.10585,-0.00014,-1.4,-1,LONG,0.00413,0.0339,1.11163,1.10029,0.01134,0.5026,MIDDLE_THIRD,0,0,0,1,2019-12-08T23:25:00Z,80,STOP,2019-12-08T22:05:00Z,1.10571,2.1,1.9,-1.4,-1.27,0.5,-1.9,-1.72
2019-12-13_2019-12-15,EURUSD.DWX,IS,2019-12-13T21:50:00Z,2019-12-15T22:05:00Z,1.11175,1.11278,0.00103,10.3,1,SHORT,0.00475,0.2168,1.11996,1.10533,0.01463,0.4388,MIDDLE_THIRD,0,0,0,1,2019-12-18T13:05:00Z,3780,STOP,2019-12-16T06:35:00Z,1.11381,10.6,9.53,-10.3,-9.26,0.5,-10.8,-9.71
2019-12-20_2019-12-22,EURUSD.DWX,IS,2019-12-20T21:50:00Z,2019-12-22T22:05:00Z,1.10747,1.10805,0.00058,5.8,1,SHORT,0.0049,0.1184,1.11744,1.10663,0.01081,0.0777,LOWER_THIRD,1,0,1,1,2019-12-23T00:45:00Z,160,FILL,2019-12-23T00:45:00Z,1.10747,0.8,0.72,5.8,5.23,0.5,5.3,4.78
2019-12-27_2019-12-29,EURUSD.DWX,IS,2019-12-27T21:50:00Z,2019-12-29T22:05:00Z,1.11764,1.11745,-0.00019,-1.9,-1,LONG,0.00474,0.04,1.11881,1.1069,0.01191,0.9018,UPPER_THIRD,1,0,0,1,2019-12-29T22:05:00Z,0,STOP,2019-12-29T22:05:00Z,1.11726,3.4,3.04,-1.9,-1.7,0.5,-2.4,-2.15
2020-01-03_2020-01-05,EURUSD.DWX,IS,2020-01-03T21:50:00Z,2020-01-05T22:05:00Z,1.11557,1.1165,0.00093,9.3,1,SHORT,0.00416,0.2237,1.12391,1.11249,0.01142,0.2697,LOWER_THIRD,1,0,0,1,2020-01-07T13:55:00Z,2390,STOP,2020-01-06T08:55:00Z,1.11743,14.7,13.17,-9.3,-8.33,0.5,-9.8,-8.78
2020-01-10_2020-01-12,EURUSD.DWX,IS,2020-01-10T21:50:00Z,2020-01-12T22:05:00Z,1.11209,1.11192,-0.00017,-1.7,-1,LONG,0.00445,0.0382,1.12055,1.10849,0.01206,0.2985,LOWER_THIRD,0,0,0,1,2020-01-13T01:55:00Z,230,STOP,2020-01-12T22:35:00Z,1.11175,6.7,6.03,-1.7,-1.53,0.5,-2.2,-1.98
2020-01-17_2020-01-19,EURUSD.DWX,IS,2020-01-17T21:50:00Z,2020-01-19T22:05:00Z,1.10893,1.10893,0,0,0,LONG,0.00456,0,1.11726,1.10862,0.00864,0.0359,LOWER_THIRD,0,0,0,0,,,STOP,2020-01-19T22:05:00Z,1.10893,0,0,0,0,0.5,-0.5,-0.45
2020-01-24_2020-01-26,EURUSD.DWX,IS,2020-01-24T21:50:00Z,2020-01-26T22:05:00Z,1.10258,1.10299,0.00041,4.1,1,SHORT,0.00448,0.0915,1.11178,1.10197,0.00981,0.0622,LOWER_THIRD,1,0,1,1,2020-01-26T22:20:00Z,15,FILL,2020-01-26T22:20:00Z,1.10258,1.4,1.27,4.1,3.72,0.5,3.6,3.26
2020-01-31_2020-02-02,EURUSD.DWX,IS,2020-01-31T21:50:00Z,2020-02-02T22:05:00Z,1.10946,1.10932,-0.00014,-1.4,-1,LONG,0.00423,0.0331,1.10951,1.09923,0.01028,0.9951,UPPER_THIRD,1,0,0,0,,,STOP,2020-02-02T22:10:00Z,1.10918,1.7,1.53,-1.4,-1.26,0.5,-1.9,-1.71
2020-02-07_2020-02-09,EURUSD.DWX,IS,2020-02-07T21:50:00Z,2020-02-09T22:05:00Z,1.09431,1.0942,-0.00011,-1.1,-1,LONG,0.00441,0.0249,1.10933,1.0942,0.01513,0.0073,LOWER_THIRD,0,0,1,1,2020-02-09T22:05:00Z,0,FILL,2020-02-09T22:05:00Z,1.09431,0.1,0.09,1.1,1.01,0.5,0.6,0.55
2020-02-14_2020-02-16,EURUSD.DWX,IS,2020-02-14T21:50:00Z,2020-02-16T22:05:00Z,1.08305,1.08408,0.00103,10.3,1,SHORT,0.0046,0.2241,1.09574,1.08273,0.01301,0.0246,LOWER_THIRD,1,0,0,1,2020-02-17T15:55:00Z,1070,TIMESTOP,2020-02-17T12:00:00Z,1.084,10,9.22,0.8,0.74,0.5,0.3,0.28
2020-02-21_2020-02-23,EURUSD.DWX,IS,2020-02-21T21:50:00Z,2020-02-23T22:05:00Z,1.08476,1.08243,-0.00233,-23.3,-1,LONG,0.00456,0.511,1.08635,1.07775,0.0086,0.8151,UPPER_THIRD,1,1,0,1,2020-02-24T14:50:00Z,1005,TIMESTOP,2020-02-24T12:00:00Z,1.08198,19.2,17.74,-4.5,-4.16,0.5,-5,-4.62
2020-02-28_2020-03-01,EURUSD.DWX,IS,2020-02-28T21:50:00Z,2020-03-01T22:05:00Z,1.10293,1.10414,0.00121,12.1,1,SHORT,0.0059,0.2052,1.1053,1.08051,0.02479,0.9044,UPPER_THIRD,0,0,0,0,,,STOP,2020-03-01T23:00:00Z,1.10535,20.1,18.2,-12.1,-10.96,0.5,-12.6,-11.41
2020-03-06_2020-03-08,EURUSD.DWX,IS,2020-03-06T21:50:00Z,2020-03-08T21:05:00Z,1.12904,1.13418,0.00514,51.4,1,SHORT,0.00897,0.5732,1.13545,1.10361,0.03184,0.7987,UPPER_THIRD,0,1,0,1,2020-03-10T18:40:00Z,2735,STOP,2020-03-08T22:50:00Z,1.13932,52.8,46.55,-51.4,-45.32,0.5,-51.9,-45.76
2020-03-13_2020-03-15,EURUSD.DWX,IS,2020-03-13T20:50:00Z,2020-03-15T21:05:00Z,1.11021,1.11349,0.00328,32.8,1,SHORT,0.01375,0.2385,1.14967,1.10548,0.04419,0.107,LOWER_THIRD,1,0,0,1,2020-03-16T01:15:00Z,250,STOP,2020-03-15T21:05:00Z,1.11677,37.3,33.5,-32.8,-29.46,0.5,-33.3,-29.91
2020-03-20_2020-03-22,EURUSD.DWX,IS,2020-03-20T20:50:00Z,2020-03-22T21:05:00Z,1.06926,1.06999,0.00073,7.3,1,SHORT,0.01838,0.0397,1.12367,1.06375,0.05992,0.092,LOWER_THIRD,1,0,1,1,2020-03-22T21:45:00Z,40,FILL,2020-03-22T21:45:00Z,1.06926,6.7,6.26,7.3,6.82,0.5,6.8,6.36
2020-03-27_2020-03-29,EURUSD.DWX,IS,2020-03-27T20:50:00Z,2020-03-29T21:05:00Z,1.11432,1.11162,-0.0027,-27,-1,LONG,0.01973,0.1369,1.11473,1.06358,0.05115,0.992,UPPER_THIRD,1,0,1,1,2020-03-29T23:50:00Z,165,FILL,2020-03-29T23:50:00Z,1.11432,11.3,10.17,27,24.29,0.5,26.5,23.84
2020-04-03_2020-04-05,EURUSD.DWX,IS,2020-04-03T20:50:00Z,2020-04-05T21:05:00Z,1.08128,1.0808,-0.00048,-4.8,-1,LONG,0.01792,0.0268,1.11441,1.07727,0.03714,0.108,LOWER_THIRD,0,0,1,1,2020-04-05T21:25:00Z,20,FILL,2020-04-05T21:25:00Z,1.08128,0,0,4.8,4.44,0.5,4.3,3.98
2020-04-10_2020-04-12,EURUSD.DWX,IS,2020-04-10T20:50:00Z,2020-04-12T21:05:00Z,1.09338,1.09428,0.0009,9,1,SHORT,0.01246,0.0722,1.0952,1.07683,0.01837,0.9009,UPPER_THIRD,0,0,1,1,2020-04-12T22:10:00Z,65,FILL,2020-04-12T22:10:00Z,1.09338,5.4,4.93,9,8.22,0.5,8.5,7.77
2020-04-17_2020-04-19,EURUSD.DWX,IS,2020-04-17T20:50:00Z,2020-04-19T21:05:00Z,1.08739,1.08644,-0.00095,-9.5,-1,LONG,0.01,0.095,1.09906,1.08119,0.01787,0.347,MIDDLE_THIRD,0,0,1,1,2020-04-19T21:55:00Z,50,FILL,2020-04-19T21:55:00Z,1.08739,0,0,9.5,8.74,0.5,9,8.28
2020-04-24_2020-04-26,EURUSD.DWX,IS,2020-04-24T20:50:00Z,2020-04-26T21:05:00Z,1.08243,1.08206,-0.00037,-3.7,-1,LONG,0.00873,0.0424,1.08964,1.0727,0.01694,0.5744,MIDDLE_THIRD,0,0,1,1,2020-04-26T21:05:00Z,0,FILL,2020-04-26T21:05:00Z,1.08243,0.6,0.55,3.7,3.42,0.5,3.2,2.96
2020-05-01_2020-05-03,EURUSD.DWX,IS,2020-05-01T20:50:00Z,2020-05-03T21:05:00Z,1.09804,1.09679,-0.00125,-12.5,-1,LONG,0.00862,0.145,1.10192,1.08094,0.02098,0.8151,UPPER_THIRD,1,0,0,0,,,STOP,2020-05-03T22:45:00Z,1.09554,12.5,11.4,-12.5,-11.4,0.5,-13,-11.85
2020-05-08_2020-05-10,EURUSD.DWX,IS,2020-05-08T20:50:00Z,2020-05-10T21:05:00Z,1.08383,1.08251,-0.00132,-13.2,-1,LONG,0.00809,0.1632,1.09788,1.07665,0.02123,0.3382,MIDDLE_THIRD,0,0,1,1,2020-05-10T23:55:00Z,170,FILL,2020-05-10T23:55:00Z,1.08383,2.9,2.68,13.2,12.19,0.5,12.7,11.73
2020-05-15_2020-05-17,EURUSD.DWX,IS,2020-05-15T20:50:00Z,2020-05-17T21:05:00Z,1.08185,1.08042,-0.00143,-14.3,-1,LONG,0.00782,0.1828,1.08964,1.07747,0.01217,0.3599,MIDDLE_THIRD,0,0,1,1,2020-05-17T21:10:00Z,5,FILL,2020-05-17T21:10:00Z,1.08185,0.1,0.09,14.3,13.24,0.5,13.8,12.77
2020-05-22_2020-05-24,EURUSD.DWX,IS,2020-05-22T20:50:00Z,2020-05-24T21:05:00Z,1.09022,1.08959,-0.00063,-6.3,-1,LONG,0.00757,0.0832,1.10083,1.07997,0.02086,0.4914,MIDDLE_THIRD,0,0,1,1,2020-05-24T22:45:00Z,100,FILL,2020-05-24T22:45:00Z,1.09022,1.2,1.1,6.3,5.78,0.5,5.8,5.32
2020-05-29_2020-05-31,EURUSD.DWX,IS,2020-05-29T20:50:00Z,2020-05-31T21:05:00Z,1.11077,1.11162,0.00085,8.5,1,SHORT,0.00814,0.1044,1.11449,1.08705,0.02744,0.8644,UPPER_THIRD,0,0,1,1,2020-05-31T22:00:00Z,55,FILL,2020-05-31T22:00:00Z,1.11077,2.8,2.52,8.5,7.65,0.5,8,7.2
2020-06-05_2020-06-07,EURUSD.DWX,IS,2020-06-05T20:50:00Z,2020-06-07T21:05:00Z,1.12875,1.12959,0.00084,8.4,1,SHORT,0.00867,0.0969,1.13839,1.11004,0.02835,0.66,MIDDLE_THIRD,0,0,0,1,2020-06-08T01:35:00Z,270,STOP,2020-06-07T21:05:00Z,1.13043,9.7,8.59,-8.4,-7.44,0.5,-8.9,-7.88
2020-06-12_2020-06-14,EURUSD.DWX,IS,2020-06-12T20:50:00Z,2020-06-14T21:05:00Z,1.12606,1.12357,-0.00249,-24.9,-1,LONG,0.00996,0.2499,1.14222,1.12125,0.02097,0.2294,LOWER_THIRD,0,0,1,1,2020-06-15T00:40:00Z,215,FILL,2020-06-15T00:40:00Z,1.12606,9.5,8.46,24.9,22.16,0.5,24.4,21.72
2020-06-19_2020-06-21,EURUSD.DWX,IS,2020-06-19T20:50:00Z,2020-06-21T21:05:00Z,1.11766,1.11804,0.00038,3.8,1,SHORT,0.01032,0.0368,1.13534,1.11681,0.01853,0.0459,LOWER_THIRD,1,0,0,1,2020-06-21T22:05:00Z,60,STOP,2020-06-21T21:10:00Z,1.11842,4.2,3.76,-3.8,-3.4,0.5,-4.3,-3.85
2020-06-26_2020-06-28,EURUSD.DWX,IS,2020-06-26T20:50:00Z,2020-06-28T21:05:00Z,1.12177,1.1216,-0.00017,-1.7,-1,LONG,0.00969,0.0175,1.13485,1.11682,0.01803,0.2745,LOWER_THIRD,0,0,1,1,2020-06-28T21:05:00Z,0,FILL,2020-06-28T21:05:00Z,1.12177,0,0,1.7,1.52,0.5,1.2,1.07
2020-07-03_2020-07-05,EURUSD.DWX,IS,2020-07-03T20:50:00Z,2020-07-05T21:05:00Z,1.12448,1.12423,-0.00025,-2.5,-1,LONG,0.00806,0.031,1.13025,1.11844,0.01181,0.5114,MIDDLE_THIRD,0,0,1,1,2020-07-05T21:05:00Z,0,FILL,2020-07-05T21:05:00Z,1.12448,0,0,2.5,2.22,0.5,2,1.78
2020-07-10_2020-07-12,EURUSD.DWX,IS,2020-07-10T20:50:00Z,2020-07-12T21:05:00Z,1.12964,1.13031,0.00067,6.7,1,SHORT,0.0077,0.087,1.13704,1.12418,0.01286,0.4246,MIDDLE_THIRD,0,0,0,0,,,STOP,2020-07-12T22:10:00Z,1.13098,7.8,6.9,-6.7,-5.93,0.5,-7.2,-6.37
2020-07-17_2020-07-19,EURUSD.DWX,IS,2020-07-17T20:50:00Z,2020-07-19T21:05:00Z,1.14257,1.14082,-0.00175,-17.5,-1,LONG,0.00757,0.2311,1.1452,1.13009,0.01511,0.8259,UPPER_THIRD,1,0,1,1,2020-07-19T21:05:00Z,0,FILL,2020-07-19T21:05:00Z,1.14257,0,0,17.5,15.34,0.5,17,14.9
2020-07-24_2020-07-26,EURUSD.DWX,IS,2020-07-24T20:50:00Z,2020-07-26T21:05:00Z,1.16547,1.16426,-0.00121,-12.1,-1,LONG,0.00802,0.1508,1.1658,1.14024,0.02556,0.9871,UPPER_THIRD,1,0,1,1,2020-07-26T23:40:00Z,155,FILL,2020-07-26T23:40:00Z,1.16547,1.7,1.46,12.1,10.39,0.5,11.6,9.96
2020-07-31_2020-08-02,EURUSD.DWX,IS,2020-07-31T20:50:00Z,2020-08-02T21:05:00Z,1.17717,1.17733,0.00016,1.6,1,SHORT,0.00925,0.0173,1.19087,1.16409,0.02678,0.4884,MIDDLE_THIRD,0,0,0,1,2020-08-03T00:10:00Z,185,STOP,2020-08-02T21:05:00Z,1.17749,2.4,2.04,-1.6,-1.36,0.5,-2.1,-1.78
2020-08-07_2020-08-09,EURUSD.DWX,IS,2020-08-07T20:50:00Z,2020-08-09T21:05:00Z,1.17855,1.17879,0.00024,2.4,1,SHORT,0.01051,0.0228,1.1916,1.16958,0.02202,0.4074,MIDDLE_THIRD,0,0,1,1,2020-08-09T21:45:00Z,40,FILL,2020-08-09T21:45:00Z,1.17855,1.3,1.1,2.4,2.04,0.5,1.9,1.61
2020-08-14_2020-08-16,EURUSD.DWX,IS,2020-08-14T20:50:00Z,2020-08-16T21:05:00Z,1.18412,1.18396,-0.00016,-1.6,-1,LONG,0.00976,0.0164,1.18641,1.17109,0.01532,0.8505,UPPER_THIRD,1,0,1,1,2020-08-16T21:05:00Z,0,FILL,2020-08-16T21:05:00Z,1.18412,0,0,1.6,1.35,0.5,1.1,0.93
2020-08-21_2020-08-23,EURUSD.DWX,IS,2020-08-21T20:50:00Z,2020-08-23T21:05:00Z,1.17963,1.17908,-0.00055,-5.5,-1,LONG,0.00931,0.0591,1.19656,1.17541,0.02115,0.1995,LOWER_THIRD,0,0,1,1,2020-08-23T21:05:00Z,0,FILL,2020-08-23T21:05:00Z,1.17963,0.5,0.42,5.5,4.66,0.5,5,4.24
2020-08-28_2020-08-30,EURUSD.DWX,IS,2020-08-28T20:50:00Z,2020-08-30T21:05:00Z,1.19057,1.19013,-0.00044,-4.4,-1,LONG,0.00897,0.049,1.19196,1.17623,0.01573,0.9116,UPPER_THIRD,1,0,1,1,2020-08-30T21:25:00Z,20,FILL,2020-08-30T21:25:00Z,1.19057,2.7,2.27,4.4,3.7,0.5,3.9,3.28
2020-09-04_2020-09-06,EURUSD.DWX,IS,2020-09-04T20:50:00Z,2020-09-06T21:05:00Z,1.18394,1.1845,0.00056,5.6,1,SHORT,0.00942,0.0594,1.20113,1.17808,0.02305,0.2542,LOWER_THIRD,1,0,1,1,2020-09-06T21:35:00Z,30,FILL,2020-09-06T21:35:00Z,1.18394,2.9,2.45,5.6,4.73,0.5,5.1,4.31
2020-09-11_2020-09-13,EURUSD.DWX,IS,2020-09-11T20:50:00Z,2020-09-13T21:05:00Z,1.18458,1.18365,-0.00093,-9.3,-1,LONG,0.00856,0.1087,1.19175,1.17528,0.01647,0.5647,MIDDLE_THIRD,0,0,1,1,2020-09-13T22:40:00Z,95,FILL,2020-09-13T22:40:00Z,1.18458,0.9,0.76,9.3,7.86,0.5,8.8,7.43
2020-09-18_2020-09-20,EURUSD.DWX,IS,2020-09-18T20:50:00Z,2020-09-20T21:05:00Z,1.18416,1.1841,-6e-05,-0.6,-1,LONG,0.00795,0.0075,1.19006,1.17373,0.01633,0.6387,MIDDLE_THIRD,0,0,1,1,2020-09-20T21:05:00Z,0,FILL,2020-09-20T21:05:00Z,1.18416,0,0,0.6,0.51,0.5,0.1,0.08
2020-09-25_2020-09-27,EURUSD.DWX,IS,2020-09-25T20:50:00Z,2020-09-27T21:05:00Z,1.16298,1.16201,-0.00097,-9.7,-1,LONG,0.00801,0.1212,1.18716,1.16121,0.02595,0.0682,LOWER_THIRD,0,0,1,1,2020-09-27T22:00:00Z,55,FILL,2020-09-27T22:00:00Z,1.16298,0,0,9.7,8.35,0.5,9.2,7.92
2020-10-02_2020-10-04,EURUSD.DWX,IS,2020-10-02T20:50:00Z,2020-10-04T21:05:00Z,1.17165,1.17129,-0.00036,-3.6,-1,LONG,0.0076,0.0474,1.17695,1.1615,0.01545,0.657,MIDDLE_THIRD,0,0,0,1,2020-10-04T22:00:00Z,55,STOP,2020-10-04T21:50:00Z,1.17093,6.8,5.81,-3.6,-3.07,0.5,-4.1,-3.5
2020-10-09_2020-10-11,EURUSD.DWX,IS,2020-10-09T20:55:00Z,2020-10-11T21:05:00Z,1.18292,1.18172,-0.0012,-12,-1,LONG,0.00684,0.1755,1.18306,1.17056,0.0125,0.9888,UPPER_THIRD,1,0,0,0,,,STOP,2020-10-12T09:20:00Z,1.18052,13.7,11.59,-12,-10.15,0.5,-12.5,-10.58
2020-10-16_2020-10-18,EURUSD.DWX,IS,2020-10-16T20:50:00Z,2020-10-18T21:05:00Z,1.1716,1.17182,0.00022,2.2,1,SHORT,0.0065,0.0339,1.18268,1.16885,0.01383,0.1988,LOWER_THIRD,1,0,1,1,2020-10-18T21:55:00Z,50,FILL,2020-10-18T21:55:00Z,1.1716,2,1.71,2.2,1.88,0.5,1.7,1.45
2020-10-23_2020-10-25,EURUSD.DWX,IS,2020-10-23T20:50:00Z,2020-10-25T21:05:00Z,1.18597,1.18531,-0.00066,-6.6,-1,LONG,0.00659,0.1001,1.18807,1.17031,0.01776,0.8818,UPPER_THIRD,1,0,1,1,2020-10-25T22:00:00Z,55,FILL,2020-10-25T22:00:00Z,1.18597,1.5,1.27,6.6,5.57,0.5,6.1,5.15
2020-10-30_2020-11-01,EURUSD.DWX,IS,2020-10-30T20:50:00Z,2020-11-01T22:05:00Z,1.16463,1.16478,0.00015,1.5,1,SHORT,0.00697,0.0215,1.18598,1.164,0.02198,0.0287,LOWER_THIRD,1,0,1,1,2020-11-01T22:20:00Z,15,FILL,2020-11-01T22:20:00Z,1.16463,1.1,0.94,1.5,1.29,0.5,1,0.86
2020-11-06_2020-11-08,EURUSD.DWX,IS,2020-11-06T21:50:00Z,2020-11-08T22:05:00Z,1.18748,1.18882,0.00134,13.4,1,SHORT,0.00845,0.1586,1.18908,1.16024,0.02884,0.9445,UPPER_THIRD,0,0,1,1,2020-11-09T08:35:00Z,630,FILL,2020-11-09T08:35:00Z,1.18748,10.1,8.5,13.4,11.27,0.5,12.9,10.85
2020-11-13_2020-11-15,EURUSD.DWX,IS,2020-11-13T21:50:00Z,2020-11-15T22:05:00Z,1.18328,1.18378,0.0005,5,1,SHORT,0.00879,0.0569,1.19199,1.17455,0.01744,0.5006,MIDDLE_THIRD,0,0,1,1,2020-11-15T22:05:00Z,0,FILL,2020-11-15T22:05:00Z,1.18328,0.1,0.08,5,4.22,0.5,4.5,3.8
2020-11-20_2020-11-22,EURUSD.DWX,IS,2020-11-20T21:50:00Z,2020-11-22T22:05:00Z,1.18592,1.18521,-0.00071,-7.1,-1,LONG,0.00825,0.086,1.18937,1.18141,0.00796,0.5666,MIDDLE_THIRD,0,0,1,1,2020-11-22T23:05:00Z,60,FILL,2020-11-22T23:05:00Z,1.18592,0.9,0.76,7.1,5.99,0.5,6.6,5.57
2020-11-27_2020-11-29,EURUSD.DWX,IS,2020-11-27T21:50:00Z,2020-11-29T22:05:00Z,1.196,1.19612,0.00012,1.2,1,SHORT,0.00597,0.0201,1.19629,1.17998,0.01631,0.9822,UPPER_THIRD,0,0,0,1,2020-11-30T15:55:00Z,1070,STOP,2020-11-29T22:05:00Z,1.19624,2.5,2.09,-1.2,-1,0.5,-1.7,-1.42
2020-12-04_2020-12-06,EURUSD.DWX,IS,2020-12-04T21:50:00Z,2020-12-06T22:05:00Z,1.21202,1.21249,0.00047,4.7,1,SHORT,0.00698,0.0674,1.21774,1.1924,0.02534,0.7743,UPPER_THIRD,0,0,0,1,2020-12-06T22:15:00Z,10,STOP,2020-12-06T22:10:00Z,1.21296,5,4.12,-4.7,-3.88,0.5,-5.2,-4.29
2020-12-11_2020-12-13,EURUSD.DWX,IS,2020-12-11T21:50:00Z,2020-12-13T22:05:00Z,1.21128,1.21356,0.00228,22.8,1,SHORT,0.00733,0.3111,1.21663,1.20588,0.01075,0.5023,MIDDLE_THIRD,0,1,0,0,,,STOP,2020-12-14T09:35:00Z,1.21584,24.6,20.27,-22.8,-18.79,0.5,-23.3,-19.2
2020-12-18_2020-12-20,EURUSD.DWX,IS,2020-12-18T21:50:00Z,2020-12-20T22:05:00Z,1.22541,1.22244,-0.00297,-29.7,-1,LONG,0.00753,0.3943,1.22728,1.21155,0.01573,0.8811,UPPER_THIRD,1,1,0,1,2020-12-22T12:15:00Z,2290,STOP,2020-12-21T02:35:00Z,1.21947,34.8,28.47,-29.7,-24.3,0.5,-30.2,-24.7
2020-12-24_2020-12-27,EURUSD.DWX,IS,2020-12-24T21:55:00Z,2020-12-27T22:05:00Z,1.21834,1.21811,-0.00023,-2.3,-1,LONG,0.00728,0.0316,1.22719,1.21298,0.01421,0.3772,MIDDLE_THIRD,0,0,1,1,2020-12-27T22:05:00Z,0,FILL,2020-12-27T22:05:00Z,1.21834,0.7,0.57,2.3,1.89,0.5,1.8,1.48
2020-12-31_2021-01-03,EURUSD.DWX,IS,2020-12-31T21:55:00Z,2021-01-03T22:05:00Z,1.2214,1.22308,0.00168,16.8,1,SHORT,0.00732,0.2296,1.231,1.21773,0.01327,0.2766,LOWER_THIRD,1,0,0,1,2021-01-08T08:05:00Z,6360,STOP,2021-01-03T23:40:00Z,1.22476,17.3,14.14,-16.8,-13.74,0.5,-17.3,-14.14
2021-01-08_2021-01-10,EURUSD.DWX,IS,2021-01-08T21:50:00Z,2021-01-10T22:05:00Z,1.22217,1.22141,-0.00076,-7.6,-1,LONG,0.00799,0.0951,1.23495,1.2193,0.01565,0.1834,LOWER_THIRD,0,0,1,1,2021-01-10T22:10:00Z,5,FILL,2021-01-10T22:10:00Z,1.22217,0,0,7.6,6.22,0.5,7.1,5.81
2021-01-15_2021-01-17,EURUSD.DWX,IS,2021-01-15T21:50:00Z,2021-01-17T22:05:00Z,1.2077,1.20775,5e-05,0.5,1,SHORT,0.00816,0.0061,1.22263,1.20749,0.01514,0.0139,LOWER_THIRD,1,0,0,1,2021-01-17T22:50:00Z,45,STOP,2021-01-17T22:05:00Z,1.2078,2.6,2.15,-0.5,-0.41,0.5,-1,-0.83
2021-01-22_2021-01-24,EURUSD.DWX,IS,2021-01-22T21:50:00Z,2021-01-24T22:05:00Z,1.21705,1.21656,-0.00049,-4.9,-1,LONG,0.00741,0.0661,1.21894,1.20535,0.01359,0.8609,UPPER_THIRD,1,0,1,1,2021-01-24T23:45:00Z,100,FILL,2021-01-24T23:45:00Z,1.21705,2.8,2.3,4.9,4.03,0.5,4.4,3.62
2021-01-29_2021-01-31,EURUSD.DWX,IS,2021-01-29T21:50:00Z,2021-01-31T22:05:00Z,1.21352,1.21303,-0.00049,-4.9,-1,LONG,0.00697,0.0703,1.21832,1.20583,0.01249,0.6157,MIDDLE_THIRD,0,0,0,1,2021-02-01T01:25:00Z,200,STOP,2021-01-31T23:00:00Z,1.21254,8,6.6,-4.9,-4.04,0.5,-5.4,-4.45
2021-02-05_2021-02-07,EURUSD.DWX,IS,2021-02-05T21:50:00Z,2021-02-07T22:05:00Z,1.20492,1.20371,-0.00121,-12.1,-1,LONG,0.00727,0.1665,1.21364,1.19521,0.01843,0.5269,MIDDLE_THIRD,0,0,1,1,2021-02-07T23:00:00Z,55,FILL,2021-02-07T23:00:00Z,1.20492,0.9,0.75,12.1,10.05,0.5,11.6,9.64
2021-02-12_2021-02-14,EURUSD.DWX,IS,2021-02-12T21:50:00Z,2021-02-14T22:05:00Z,1.2119,1.21235,0.00045,4.5,1,SHORT,0.00669,0.0673,1.21494,1.20196,0.01298,0.7658,UPPER_THIRD,0,0,1,1,2021-02-15T00:00:00Z,115,FILL,2021-02-15T00:00:00Z,1.2119,1.7,1.4,4.5,3.71,0.5,4,3.3
2021-02-19_2021-02-21,EURUSD.DWX,IS,2021-02-19T21:50:00Z,2021-02-21T22:05:00Z,1.21175,1.21187,0.00012,1.2,1,SHORT,0.00615,0.0195,1.21694,1.20232,0.01462,0.645,MIDDLE_THIRD,0,0,0,1,2021-02-21T22:05:00Z,0,STOP,2021-02-21T22:05:00Z,1.21199,5.4,4.46,-1.2,-0.99,0.5,-1.7,-1.4
2021-02-26_2021-02-28,EURUSD.DWX,IS,2021-02-26T21:50:00Z,2021-02-28T22:05:00Z,1.20725,1.20699,-0.00026,-2.6,-1,LONG,0.00648,0.0401,1.22432,1.20621,0.01811,0.0574,LOWER_THIRD,0,0,1,1,2021-02-28T22:10:00Z,5,FILL,2021-02-28T22:10:00Z,1.20725,0.1,0.08,2.6,2.15,0.5,2.1,1.74
2021-03-05_2021-03-07,EURUSD.DWX,IS,2021-03-05T21:55:00Z,2021-03-07T22:05:00Z,1.19114,1.19174,0.0006,6,1,SHORT,0.00795,0.0755,1.21132,1.18929,0.02203,0.084,LOWER_THIRD,1,0,0,1,2021-03-08T02:40:00Z,275,STOP,2021-03-07T23:00:00Z,1.19234,6.4,5.37,-6,-5.03,0.5,-6.5,-5.45
2021-03-12_2021-03-14,EURUSD.DWX,IS,2021-03-12T21:55:00Z,2021-03-14T21:05:00Z,1.19514,1.19453,-0.00061,-6.1,-1,LONG,0.00813,0.0751,1.19899,1.18354,0.01545,0.7508,UPPER_THIRD,1,0,1,1,2021-03-14T22:00:00Z,55,FILL,2021-03-14T22:00:00Z,1.19514,1.9,1.59,6.1,5.11,0.5,5.6,4.69
2021-03-19_2021-03-21,EURUSD.DWX,IS,2021-03-19T20:50:00Z,2021-03-21T21:05:00Z,1.19043,1.18765,-0.00278,-27.8,-1,LONG,0.00797,0.3487,1.19889,1.18738,0.01151,0.265,LOWER_THIRD,0,1,1,1,2021-03-22T08:30:00Z,685,FILL,2021-03-22T08:30:00Z,1.19043,3.3,2.78,27.8,23.41,0.5,27.3,22.99
2021-03-26_2021-03-28,EURUSD.DWX,IS,2021-03-26T20:55:00Z,2021-03-28T21:05:00Z,1.1793,1.17907,-0.00023,-2.3,-1,LONG,0.00706,0.0326,1.19468,1.17617,0.01851,0.1691,LOWER_THIRD,0,0,1,1,2021-03-28T22:05:00Z,60,FILL,2021-03-28T22:05:00Z,1.1793,1,0.85,2.3,1.95,0.5,1.8,1.53
2021-04-02_2021-04-04,EURUSD.DWX,IS,2021-04-02T20:45:00Z,2021-04-04T21:05:00Z,1.17604,1.17533,-0.00071,-7.1,-1,LONG,0.00639,0.1112,1.17938,1.17041,0.00897,0.6276,MIDDLE_THIRD,0,0,1,1,2021-04-04T21:05:00Z,0,FILL,2021-04-04T21:05:00Z,1.17604,0,0,7.1,6.04,0.5,6.6,5.62
2021-04-09_2021-04-11,EURUSD.DWX,IS,2021-04-09T20:50:00Z,2021-04-11T21:05:00Z,1.19008,1.18925,-0.00083,-8.3,-1,LONG,0.00602,0.1378,1.19272,1.17377,0.01895,0.8607,UPPER_THIRD,1,0,1,1,2021-04-11T21:05:00Z,0,FILL,2021-04-11T21:05:00Z,1.19008,0,0,8.3,6.98,0.5,7.8,6.56
2021-04-16_2021-04-18,EURUSD.DWX,IS,2021-04-16T20:55:00Z,2021-04-18T21:05:00Z,1.19813,1.19737,-0.00076,-7.6,-1,LONG,0.00578,0.1314,1.19949,1.1871,0.01239,0.8902,UPPER_THIRD,1,0,0,1,2021-04-19T07:00:00Z,595,STOP,2021-04-19T00:50:00Z,1.19661,10.2,8.52,-7.6,-6.35,0.5,-8.1,-6.76
2021-04-23_2021-04-25,EURUSD.DWX,IS,2021-04-23T20:55:00Z,2021-04-25T21:05:00Z,1.20977,1.20931,-0.00046,-4.6,-1,LONG,0.00625,0.0736,1.20998,1.19425,0.01573,0.9866,UPPER_THIRD,1,0,1,1,2021-04-25T21:35:00Z,30,FILL,2021-04-25T21:35:00Z,1.20977,1.1,0.91,4.6,3.8,0.5,4.1,3.39
2021-04-30_2021-05-02,EURUSD.DWX,IS,2021-04-30T20:55:00Z,2021-05-02T21:05:00Z,1.20206,1.20268,0.00062,6.2,1,SHORT,0.00643,0.0965,1.215,1.20164,0.01336,0.0314,LOWER_THIRD,1,0,1,1,2021-05-03T00:00:00Z,175,FILL,2021-05-03T00:00:00Z,1.20206,4.3,3.58,6.2,5.16,0.5,5.7,4.74
2021-05-07_2021-05-09,EURUSD.DWX,IS,2021-05-07T20:55:00Z,2021-05-09T21:05:00Z,1.21628,1.21624,-4e-05,-0.4,-1,LONG,0.00686,0.0058,1.21713,1.19859,0.01854,0.9542,UPPER_THIRD,1,0,1,1,2021-05-09T21:05:00Z,0,FILL,2021-05-09T21:05:00Z,1.21628,0,0,0.4,0.33,0.5,-0.1,-0.08
2021-05-14_2021-05-16,EURUSD.DWX,IS,2021-05-14T20:55:00Z,2021-05-16T21:05:00Z,1.21441,1.21394,-0.00047,-4.7,-1,LONG,0.0069,0.0681,1.21816,1.20514,0.01302,0.712,UPPER_THIRD,1,0,1,1,2021-05-16T22:00:00Z,55,FILL,2021-05-16T22:00:00Z,1.21441,0,0,4.7,3.87,0.5,4.2,3.46
2021-05-21_2021-05-23,EURUSD.DWX,IS,2021-05-21T20:55:00Z,2021-05-23T21:05:00Z,1.21806,1.21811,5e-05,0.5,1,SHORT,0.00702,0.0071,1.22453,1.2126,0.01193,0.4577,MIDDLE_THIRD,0,0,0,1,2021-05-23T21:05:00Z,0,STOP,2021-05-23T21:05:00Z,1.21816,0.6,0.49,-0.5,-0.41,0.5,-1,-0.82
2021-05-28_2021-05-30,EURUSD.DWX,IS,2021-05-28T20:55:00Z,2021-05-30T21:05:00Z,1.21895,1.21996,0.00101,10.1,1,SHORT,0.00668,0.1513,1.22663,1.21326,0.01337,0.4256,MIDDLE_THIRD,0,0,1,1,2021-05-30T23:55:00Z,170,FILL,2021-05-30T23:55:00Z,1.21895,0.4,0.33,10.1,8.28,0.5,9.6,7.87
2021-06-04_2021-06-06,EURUSD.DWX,IS,2021-06-04T20:50:00Z,2021-06-06T21:05:00Z,1.21661,1.21637,-0.00024,-2.4,-1,LONG,0.00676,0.0355,1.22543,1.21039,0.01504,0.4136,MIDDLE_THIRD,0,0,1,1,2021-06-06T22:00:00Z,55,FILL,2021-06-06T22:00:00Z,1.21661,2.2,1.81,2.4,1.97,0.5,1.9,1.56
2021-06-11_2021-06-13,EURUSD.DWX,IS,2021-06-11T20:55:00Z,2021-06-13T21:05:00Z,1.21064,1.21072,8e-05,0.8,1,SHORT,0.00617,0.013,1.22179,1.20926,0.01253,0.1101,LOWER_THIRD,1,0,1,1,2021-06-13T21:05:00Z,0,FILL,2021-06-13T21:05:00Z,1.21064,0.6,0.5,0.8,0.66,0.5,0.3,0.25
2021-06-18_2021-06-20,EURUSD.DWX,IS,2021-06-18T20:55:00Z,2021-06-20T21:05:00Z,1.18596,1.18577,-0.00019,-1.9,-1,LONG,0.00702,0.0271,1.21471,1.1847,0.03001,0.042,LOWER_THIRD,0,0,1,1,2021-06-20T21:05:00Z,0,FILL,2021-06-20T21:05:00Z,1.18596,0.1,0.08,1.9,1.6,0.5,1.4,1.18
2021-06-25_2021-06-27,EURUSD.DWX,IS,2021-06-25T20:55:00Z,2021-06-27T21:05:00Z,1.19369,1.19338,-0.00031,-3.1,-1,LONG,0.00668,0.0464,1.19752,1.18475,0.01277,0.7001,UPPER_THIRD,1,0,1,1,2021-06-27T21:45:00Z,40,FILL,2021-06-27T21:45:00Z,1.19369,0,0,3.1,2.6,0.5,2.6,2.18
2021-07-02_2021-07-04,EURUSD.DWX,IS,2021-07-02T20:55:00Z,2021-07-04T21:05:00Z,1.18644,1.18586,-0.00058,-5.8,-1,LONG,0.00673,0.0862,1.19444,1.18069,0.01375,0.4182,MIDDLE_THIRD,0,0,1,1,2021-07-04T21:55:00Z,50,FILL,2021-07-04T21:55:00Z,1.18644,1.1,0.93,5.8,4.89,0.5,5.3,4.47
2021-07-09_2021-07-11,EURUSD.DWX,IS,2021-07-09T20:55:00Z,2021-07-11T21:05:00Z,1.18775,1.18742,-0.00033,-3.3,-1,LONG,0.00573,0.0575,1.1895,1.17815,0.01135,0.8458,UPPER_THIRD,1,0,0,1,2021-07-12T01:05:00Z,240,STOP,2021-07-11T22:00:00Z,1.18709,6.4,5.39,-3.3,-2.78,0.5,-3.8,-3.2
2021-07-16_2021-07-18,EURUSD.DWX,IS,2021-07-16T20:55:00Z,2021-07-18T21:05:00Z,1.18056,1.1807,0.00014,1.4,1,SHORT,0.00601,0.0233,1.18801,1.17718,0.01083,0.3121,LOWER_THIRD,1,0,0,1,2021-07-18T22:05:00Z,60,STOP,2021-07-18T21:10:00Z,1.18084,1.5,1.27,-1.4,-1.19,0.5,-1.9,-1.61
2021-07-23_2021-07-25,EURUSD.DWX,IS,2021-07-23T20:50:00Z,2021-07-25T21:05:00Z,1.17689,1.17683,-6e-05,-0.6,-1,LONG,0.00605,0.0099,1.18304,1.17518,0.00786,0.2176,LOWER_THIRD,0,0,1,1,2021-07-25T21:05:00Z,0,FILL,2021-07-25T21:05:00Z,1.17689,0,0,0.6,0.51,0.5,0.1,0.08
2021-07-30_2021-08-01,EURUSD.DWX,IS,2021-07-30T20:55:00Z,2021-08-01T21:05:00Z,1.18719,1.18644,-0.00075,-7.5,-1,LONG,0.00595,0.1261,1.19086,1.17633,0.01453,0.7474,UPPER_THIRD,1,0,1,1,2021-08-02T03:20:00Z,375,FILL,2021-08-02T03:20:00Z,1.18719,5.5,4.64,7.5,6.32,0.5,7,5.9
2021-08-06_2021-08-08,EURUSD.DWX,IS,2021-08-06T20:55:00Z,2021-08-08T21:05:00Z,1.1761,1.17569,-0.00041,-4.1,-1,LONG,0.00552,0.0743,1.18995,1.17542,0.01453,0.0468,LOWER_THIRD,0,0,1,1,2021-08-08T21:05:00Z,0,FILL,2021-08-08T21:05:00Z,1.1761,1.1,0.94,4.1,3.49,0.5,3.6,3.06
2021-08-13_2021-08-15,EURUSD.DWX,IS,2021-08-13T20:50:00Z,2021-08-15T21:05:00Z,1.17958,1.17944,-0.00014,-1.4,-1,LONG,0.00521,0.0269,1.18047,1.17059,0.00988,0.9099,UPPER_THIRD,1,0,1,1,2021-08-15T22:00:00Z,55,FILL,2021-08-15T22:00:00Z,1.17958,1.1,0.93,1.4,1.19,0.5,0.9,0.76
2021-08-20_2021-08-22,EURUSD.DWX,IS,2021-08-20T20:55:00Z,2021-08-22T21:05:00Z,1.16995,1.16927,-0.00068,-6.8,-1,LONG,0.00487,0.1395,1.18009,1.16639,0.0137,0.2599,LOWER_THIRD,0,0,1,1,2021-08-22T22:00:00Z,55,FILL,2021-08-22T22:00:00Z,1.16995,0.5,0.43,6.8,5.82,0.5,6.3,5.39
2021-08-27_2021-08-29,EURUSD.DWX,IS,2021-08-27T20:55:00Z,2021-08-29T21:05:00Z,1.17957,1.17949,-8e-05,-0.8,-1,LONG,0.00483,0.0166,1.18024,1.16922,0.01102,0.9392,UPPER_THIRD,1,0,0,1,2021-08-29T21:55:00Z,50,STOP,2021-08-29T21:30:00Z,1.17941,2.3,1.95,-0.8,-0.68,0.5,-1.3,-1.1
2021-09-03_2021-09-05,EURUSD.DWX,IS,2021-09-03T20:55:00Z,2021-09-05T21:05:00Z,1.18774,1.18782,8e-05,0.8,1,SHORT,0.00491,0.0163,1.1909,1.17828,0.01262,0.7496,UPPER_THIRD,0,0,0,1,2021-09-06T00:35:00Z,210,STOP,2021-09-05T21:05:00Z,1.1879,3.3,2.78,-0.8,-0.67,0.5,-1.3,-1.09
2021-09-10_2021-09-12,EURUSD.DWX,IS,2021-09-10T20:55:00Z,2021-09-12T21:05:00Z,1.18107,1.18138,0.00031,3.1,1,SHORT,0.00442,0.0702,1.18862,1.1802,0.00842,0.1033,LOWER_THIRD,1,0,1,1,2021-09-12T22:05:00Z,60,FILL,2021-09-12T22:05:00Z,1.18107,1.1,0.93,3.1,2.62,0.5,2.6,2.2
2021-09-17_2021-09-19,EURUSD.DWX,IS,2021-09-17T20:55:00Z,2021-09-19T21:05:00Z,1.17249,1.17252,3e-05,0.3,1,SHORT,0.00475,0.0063,1.18458,1.17245,0.01213,0.0033,LOWER_THIRD,1,0,0,1,2021-09-19T22:15:00Z,70,STOP,2021-09-19T21:05:00Z,1.17255,3.5,2.99,-0.3,-0.26,0.5,-0.8,-0.68
2021-09-24_2021-09-26,EURUSD.DWX,IS,2021-09-24T20:55:00Z,2021-09-26T21:05:00Z,1.17211,1.17258,0.00047,4.7,1,SHORT,0.00493,0.0953,1.17555,1.16833,0.00722,0.5235,MIDDLE_THIRD,0,0,1,1,2021-09-26T21:05:00Z,0,FILL,2021-09-26T21:05:00Z,1.17211,0.1,0.09,4.7,4.01,0.5,4.2,3.58
2021-10-01_2021-10-03,EURUSD.DWX,IS,2021-10-01T20:50:00Z,2021-10-03T21:05:00Z,1.15928,1.15971,0.00043,4.3,1,SHORT,0.00527,0.0816,1.17259,1.15624,0.01635,0.1859,LOWER_THIRD,1,0,0,1,2021-10-04T03:00:00Z,355,STOP,2021-10-03T22:05:00Z,1.16014,6.9,5.95,-4.3,-3.71,0.5,-4.8,-4.14
2021-10-08_2021-10-10,EURUSD.DWX,IS,2021-10-08T20:55:00Z,2021-10-10T21:05:00Z,1.15746,1.15696,-0.0005,-5,-1,LONG,0.00516,0.0968,1.164,1.1529,0.0111,0.4108,MIDDLE_THIRD,0,0,1,1,2021-10-10T22:00:00Z,55,FILL,2021-10-10T22:00:00Z,1.15746,0.1,0.09,5,4.32,0.5,4.5,3.89
2021-10-15_2021-10-17,EURUSD.DWX,IS,2021-10-15T20:55:00Z,2021-10-17T21:05:00Z,1.15983,1.15973,-0.0001,-1,-1,LONG,0.0049,0.0204,1.16243,1.15244,0.00999,0.7397,UPPER_THIRD,1,0,1,1,2021-10-17T21:05:00Z,0,FILL,2021-10-17T21:05:00Z,1.15983,0,0,1,0.86,0.5,0.5,0.43
2021-10-22_2021-10-24,EURUSD.DWX,IS,2021-10-22T20:50:00Z,2021-10-24T21:05:00Z,1.16439,1.16424,-0.00015,-1.5,-1,LONG,0.00458,0.0327,1.16692,1.15716,0.00976,0.7408,UPPER_THIRD,1,0,0,1,2021-10-24T22:05:00Z,60,STOP,2021-10-24T21:05:00Z,1.16409,2.6,2.23,-1.5,-1.29,0.5,-2,-1.72
2021-10-29_2021-10-31,EURUSD.DWX,IS,2021-10-29T20:55:00Z,2021-10-31T21:05:00Z,1.15625,1.15588,-0.00037,-3.7,-1,LONG,0.00602,0.0615,1.1692,1.1535,0.0157,0.1752,LOWER_THIRD,0,0,1,1,2021-10-31T21:10:00Z,5,FILL,2021-10-31T21:10:00Z,1.15625,0,0,3.7,3.2,0.5,3.2,2.77
2021-11-05_2021-11-07,EURUSD.DWX,IS,2021-11-05T20:55:00Z,2021-11-07T22:05:00Z,1.1566,1.15605,-0.00055,-5.5,-1,LONG,0.0065,0.0846,1.16164,1.15132,0.01032,0.5116,MIDDLE_THIRD,0,0,1,1,2021-11-07T23:05:00Z,60,FILL,2021-11-07T23:05:00Z,1.1566,5.2,4.5,5.5,4.76,0.5,5,4.33
2021-11-12_2021-11-14,EURUSD.DWX,IS,2021-11-12T21:55:00Z,2021-11-14T22:05:00Z,1.14436,1.14463,0.00027,2.7,1,SHORT,0.00662,0.0408,1.16089,1.14328,0.01761,0.0613,LOWER_THIRD,1,0,1,1,2021-11-14T22:30:00Z,25,FILL,2021-11-14T22:30:00Z,1.14436,0.1,0.09,2.7,2.36,0.5,2.2,1.92
2021-11-19_2021-11-21,EURUSD.DWX,IS,2021-11-19T21:55:00Z,2021-11-21T22:05:00Z,1.12821,1.12899,0.00078,7.8,1,SHORT,0.00681,0.1145,1.1464,1.12498,0.02142,0.1508,LOWER_THIRD,1,0,1,1,2021-11-21T23:00:00Z,55,FILL,2021-11-21T23:00:00Z,1.12821,0,0,7.8,6.91,0.5,7.3,6.47
2021-11-26_2021-11-28,EURUSD.DWX,IS,2021-11-26T21:50:00Z,2021-11-28T22:05:00Z,1.13128,1.13061,-0.00067,-6.7,-1,LONG,0.00715,0.0937,1.13289,1.1186,0.01429,0.8873,UPPER_THIRD,1,0,1,1,2021-11-28T22:10:00Z,5,FILL,2021-11-28T22:10:00Z,1.13128,3.3,2.92,6.7,5.93,0.5,6.2,5.48
2021-12-03_2021-12-05,EURUSD.DWX,IS,2021-12-03T21:55:00Z,2021-12-05T22:05:00Z,1.13089,1.13051,-0.00038,-3.8,-1,LONG,0.00745,0.051,1.13828,1.12351,0.01477,0.4997,MIDDLE_THIRD,0,0,1,1,2021-12-05T22:55:00Z,50,FILL,2021-12-05T22:55:00Z,1.13089,0.2,0.18,3.8,3.36,0.5,3.3,2.92
2021-12-10_2021-12-12,EURUSD.DWX,IS,2021-12-10T21:55:00Z,2021-12-12T22:05:00Z,1.13162,1.13105,-0.00057,-5.7,-1,LONG,0.00706,0.0808,1.13548,1.12274,0.01274,0.697,UPPER_THIRD,1,0,1,1,2021-12-12T23:20:00Z,75,FILL,2021-12-12T23:20:00Z,1.13162,4.6,4.07,5.7,5.04,0.5,5.2,4.6
2021-12-17_2021-12-19,EURUSD.DWX,IS,2021-12-17T21:50:00Z,2021-12-19T22:05:00Z,1.12375,1.12391,0.00016,1.6,1,SHORT,0.00756,0.0212,1.13602,1.12218,0.01384,0.1134,LOWER_THIRD,1,0,1,1,2021-12-19T22:20:00Z,15,FILL,2021-12-19T22:20:00Z,1.12375,1.1,0.98,1.6,1.42,0.5,1.1,0.98
2021-12-24_2021-12-26,EURUSD.DWX,IS,2021-12-24T21:55:00Z,2021-12-26T22:05:00Z,1.13088,1.13174,0.00086,8.6,1,SHORT,0.00692,0.1242,1.13436,1.12344,0.01092,0.6813,UPPER_THIRD,0,0,1,1,2021-12-26T22:10:00Z,5,FILL,2021-12-26T22:10:00Z,1.13088,5.6,4.95,8.6,7.6,0.5,8.1,7.16
2021-12-31_2022-01-02,EURUSD.DWX,IS,2021-12-31T21:50:00Z,2022-01-02T22:05:00Z,1.13774,1.13678,-0.00096,-9.6,-1,LONG,0.0067,0.1433,1.13863,1.12736,0.01127,0.921,UPPER_THIRD,1,0,1,1,2022-01-02T23:00:00Z,55,FILL,2022-01-02T23:00:00Z,1.13774,1.9,1.67,9.6,8.44,0.5,9.1,8.01
2022-01-07_2022-01-09,EURUSD.DWX,IS,2022-01-07T21:50:00Z,2022-01-09T22:05:00Z,1.13594,1.13585,-9e-05,-0.9,-1,LONG,0.0062,0.0145,1.13783,1.12721,0.01062,0.822,UPPER_THIRD,1,0,0,1,2022-01-09T22:05:00Z,0,STOP,2022-01-09T22:05:00Z,1.13576,4.8,4.23,-0.9,-0.79,0.5,-1.4,-1.23
2022-01-14_2022-01-16,EURUSD.DWX,IS,2022-01-14T21:50:00Z,2022-01-16T22:05:00Z,1.14153,1.14119,-0.00034,-3.4,-1,LONG,0.00708,0.048,1.14828,1.12851,0.01977,0.6586,MIDDLE_THIRD,0,0,1,1,2022-01-16T22:05:00Z,0,FILL,2022-01-16T22:05:00Z,1.14153,0,0,3.4,2.98,0.5,2.9,2.54
2022-01-21_2022-01-23,EURUSD.DWX,IS,2022-01-21T21:55:00Z,2022-01-23T22:05:00Z,1.13427,1.13387,-0.0004,-4,-1,LONG,0.00658,0.0608,1.14342,1.13009,0.01333,0.3136,LOWER_THIRD,0,0,1,1,2022-01-23T22:10:00Z,5,FILL,2022-01-23T22:10:00Z,1.13427,0,0,4,3.53,0.5,3.5,3.09
2022-01-28_2022-01-30,EURUSD.DWX,IS,2022-01-28T21:55:00Z,2022-01-30T22:05:00Z,1.11468,1.11433,-0.00035,-3.5,-1,LONG,0.00688,0.0509,1.13449,1.11213,0.02236,0.114,LOWER_THIRD,0,0,0,1,2022-01-30T23:25:00Z,80,STOP,2022-01-30T23:00:00Z,1.11398,5.2,4.67,-3.5,-3.14,0.5,-4,-3.59
2022-02-04_2022-02-06,EURUSD.DWX,IS,2022-02-04T21:55:00Z,2022-02-06T22:05:00Z,1.1451,1.14601,0.00091,9.1,1,SHORT,0.00798,0.1141,1.14836,1.11381,0.03455,0.9056,UPPER_THIRD,0,0,1,1,2022-02-07T00:20:00Z,135,FILL,2022-02-07T00:20:00Z,1.1451,2.8,2.44,9.1,7.94,0.5,8.6,7.5
2022-02-11_2022-02-13,EURUSD.DWX,IS,2022-02-11T21:50:00Z,2022-02-13T22:05:00Z,1.13475,1.1339,-0.00085,-8.5,-1,LONG,0.00828,0.1026,1.1495,1.13296,0.01654,0.1082,LOWER_THIRD,0,0,1,1,2022-02-13T23:00:00Z,55,FILL,2022-02-13T23:00:00Z,1.13475,0.2,0.18,8.5,7.5,0.5,8,7.06
2022-02-18_2022-02-20,EURUSD.DWX,IS,2022-02-18T21:50:00Z,2022-02-20T22:05:00Z,1.13229,1.1321,-0.00019,-1.9,-1,LONG,0.00773,0.0246,1.13956,1.12799,0.01157,0.3717,MIDDLE_THIRD,0,0,1,1,2022-02-20T22:05:00Z,0,FILL,2022-02-20T22:05:00Z,1.13229,0.7,0.62,1.9,1.68,0.5,1.4,1.24
2022-02-25_2022-02-27,EURUSD.DWX,IS,2022-02-25T21:50:00Z,2022-02-27T22:05:00Z,1.12719,1.11398,-0.01321,-132.1,-1,LONG,0.00849,1.5566,1.13906,1.11063,0.02843,0.5825,MIDDLE_THIRD,0,1,0,0,,,TIMESTOP,2022-02-28T12:00:00Z,1.11952,2.8,2.51,55.4,49.73,0.5,54.9,49.28
2022-03-04_2022-03-06,EURUSD.DWX,IS,2022-03-04T21:55:00Z,2022-03-06T22:05:00Z,1.09303,1.09273,-0.0003,-3,-1,LONG,0.01011,0.0297,1.12466,1.08853,0.03613,0.1246,LOWER_THIRD,0,0,0,1,2022-03-07T14:20:00Z,975,STOP,2022-03-06T22:45:00Z,1.09243,3.7,3.39,-3,-2.75,0.5,-3.5,-3.2
2022-03-11_2022-03-13,EURUSD.DWX,IS,2022-03-11T21:50:00Z,2022-03-13T21:05:00Z,1.0914,1.0922,0.0008,8,1,SHORT,0.01293,0.0619,1.11212,1.08059,0.03153,0.3428,MIDDLE_THIRD,0,0,1,1,2022-03-13T22:00:00Z,55,FILL,2022-03-13T22:00:00Z,1.0914,4.5,4.12,8,7.32,0.5,7.5,6.87
2022-03-18_2022-03-20,EURUSD.DWX,IS,2022-03-18T20:55:00Z,2022-03-20T21:05:00Z,1.105,1.10558,0.00058,5.8,1,SHORT,0.01257,0.0461,1.11375,1.09004,0.02371,0.631,MIDDLE_THIRD,0,0,1,1,2022-03-20T22:00:00Z,55,FILL,2022-03-20T22:00:00Z,1.105,2.8,2.53,5.8,5.25,0.5,5.3,4.79
2022-03-25_2022-03-27,EURUSD.DWX,IS,2022-03-25T20:55:00Z,2022-03-27T21:05:00Z,1.09848,1.09858,0.0001,1,1,SHORT,0.01045,0.0096,1.10701,1.09609,0.01092,0.2189,LOWER_THIRD,1,0,0,1,2022-03-27T21:30:00Z,25,STOP,2022-03-27T21:10:00Z,1.09868,1,0.91,-1,-0.91,0.5,-1.5,-1.37
2022-04-01_2022-04-03,EURUSD.DWX,IS,2022-04-01T20:55:00Z,2022-04-03T21:05:00Z,1.10446,1.10388,-0.00058,-5.8,-1,LONG,0.00894,0.0648,1.11848,1.09447,0.02401,0.4161,MIDDLE_THIRD,0,0,1,1,2022-04-03T23:00:00Z,115,FILL,2022-04-03T23:00:00Z,1.10446,1.1,1,5.8,5.25,0.5,5.3,4.8
2022-04-08_2022-04-10,EURUSD.DWX,IS,2022-04-08T20:55:00Z,2022-04-10T21:05:00Z,1.0875,1.09085,0.00335,33.5,1,SHORT,0.00806,0.4154,1.10542,1.08364,0.02178,0.1772,LOWER_THIRD,1,1,1,1,2022-04-11T02:50:00Z,345,FILL,2022-04-11T02:50:00Z,1.0875,4.6,4.22,33.5,30.71,0.5,33,30.25
2022-04-15_2022-04-17,EURUSD.DWX,IS,2022-04-15T20:50:00Z,2022-04-17T21:05:00Z,1.08086,1.08046,-0.0004,-4,-1,LONG,0.00881,0.0454,1.09332,1.07574,0.01758,0.2912,LOWER_THIRD,0,0,1,1,2022-04-17T22:00:00Z,55,FILL,2022-04-17T22:00:00Z,1.08086,1,0.93,4,3.7,0.5,3.5,3.24
2022-04-22_2022-04-24,EURUSD.DWX,IS,2022-04-22T20:50:00Z,2022-04-24T21:05:00Z,1.0801,1.0806,0.0005,5,1,SHORT,0.00779,0.0641,1.09363,1.07611,0.01752,0.2277,LOWER_THIRD,1,0,1,1,2022-04-24T21:10:00Z,5,FILL,2022-04-24T21:10:00Z,1.0801,1.8,1.67,5,4.63,0.5,4.5,4.16
2022-04-29_2022-05-01,EURUSD.DWX,IS,2022-04-29T20:50:00Z,2022-05-01T21:05:00Z,1.05461,1.05455,-6e-05,-0.6,-1,LONG,0.00933,0.0064,1.08149,1.0471,0.03439,0.2184,LOWER_THIRD,0,0,0,1,2022-05-01T21:05:00Z,0,STOP,2022-05-01T21:05:00Z,1.05449,1.8,1.71,-0.6,-0.57,0.5,-1.1,-1.04
2022-05-06_2022-05-08,EURUSD.DWX,IS,2022-05-06T20:50:00Z,2022-05-08T21:05:00Z,1.05436,1.0541,-0.00026,-2.6,-1,LONG,0.01029,0.0253,1.06418,1.04827,0.01591,0.3828,MIDDLE_THIRD,0,0,0,1,2022-05-09T10:15:00Z,790,STOP,2022-05-08T22:00:00Z,1.05384,3.1,2.94,-2.6,-2.47,0.5,-3.1,-2.94
2022-05-13_2022-05-15,EURUSD.DWX,IS,2022-05-13T20:55:00Z,2022-05-15T21:05:00Z,1.04078,1.03983,-0.00095,-9.5,-1,LONG,0.0105,0.0905,1.05923,1.03493,0.0243,0.2407,LOWER_THIRD,0,0,1,1,2022-05-15T22:15:00Z,70,FILL,2022-05-15T22:15:00Z,1.04078,4.2,4.04,9.5,9.14,0.5,9,8.66
2022-05-20_2022-05-22,EURUSD.DWX,IS,2022-05-20T20:55:00Z,2022-05-22T21:05:00Z,1.05577,1.05622,0.00045,4.5,1,SHORT,0.01037,0.0434,1.06071,1.03889,0.02182,0.7736,UPPER_THIRD,0,0,1,1,2022-05-22T21:55:00Z,50,FILL,2022-05-22T21:55:00Z,1.05577,1.1,1.04,4.5,4.26,0.5,4,3.79
2022-05-27_2022-05-29,EURUSD.DWX,IS,2022-05-27T20:50:00Z,2022-05-29T21:05:00Z,1.0731,1.07341,0.00031,3.1,1,SHORT,0.00959,0.0323,1.0765,1.05553,0.02097,0.8379,UPPER_THIRD,0,0,1,1,2022-05-29T21:10:00Z,5,FILL,2022-05-29T21:10:00Z,1.0731,0.4,0.37,3.1,2.89,0.5,2.6,2.42
2022-06-03_2022-06-05,EURUSD.DWX,IS,2022-06-03T20:55:00Z,2022-06-05T21:05:00Z,1.07164,1.07171,7e-05,0.7,1,SHORT,0.00962,0.0073,1.07868,1.0627,0.01598,0.5594,MIDDLE_THIRD,0,0,0,1,2022-06-05T21:45:00Z,40,STOP,2022-06-05T21:05:00Z,1.07178,1.4,1.31,-0.7,-0.65,0.5,-1.2,-1.12
2022-06-10_2022-06-12,EURUSD.DWX,IS,2022-06-10T20:50:00Z,2022-06-12T21:05:00Z,1.05207,1.05149,-0.00058,-5.8,-1,LONG,0.00905,0.0641,1.07737,1.05059,0.02678,0.0553,LOWER_THIRD,0,0,0,1,2022-06-16T15:50:00Z,5445,STOP,2022-06-12T22:00:00Z,1.05091,9.5,9.03,-5.8,-5.52,0.5,-6.3,-5.99
2022-06-17_2022-06-19,EURUSD.DWX,IS,2022-06-17T20:50:00Z,2022-06-19T21:05:00Z,1.04964,1.04842,-0.00122,-12.2,-1,LONG,0.01127,0.1083,1.06011,1.0359,0.02421,0.5675,MIDDLE_THIRD,0,0,1,1,2022-06-20T00:50:00Z,225,FILL,2022-06-20T00:50:00Z,1.04964,9.8,9.35,12.2,11.64,0.5,11.7,11.16
2022-06-24_2022-06-26,EURUSD.DWX,IS,2022-06-24T20:50:00Z,2022-06-26T21:05:00Z,1.05536,1.05491,-0.00045,-4.5,-1,LONG,0.01124,0.04,1.06055,1.04691,0.01364,0.6195,MIDDLE_THIRD,0,0,1,1,2022-06-26T21:35:00Z,30,FILL,2022-06-26T21:35:00Z,1.05536,0.5,0.47,4.5,4.27,0.5,4,3.79
2022-07-01_2022-07-03,EURUSD.DWX,IS,2022-07-01T20:50:00Z,2022-07-03T21:05:00Z,1.04267,1.04193,-0.00074,-7.4,-1,LONG,0.01078,0.0687,1.06149,1.03659,0.0249,0.2442,LOWER_THIRD,0,0,1,1,2022-07-03T22:05:00Z,60,FILL,2022-07-03T22:05:00Z,1.04267,1.5,1.44,7.4,7.1,0.5,6.9,6.62
2022-07-08_2022-07-10,EURUSD.DWX,IS,2022-07-08T20:50:00Z,2022-07-10T21:05:00Z,1.01832,1.01741,-0.00091,-9.1,-1,LONG,0.01026,0.0887,1.04626,1.00717,0.03909,0.2852,LOWER_THIRD,0,0,1,1,2022-07-10T22:15:00Z,70,FILL,2022-07-10T22:15:00Z,1.01832,3.1,3.05,9.1,8.94,0.5,8.6,8.45
2022-07-15_2022-07-17,EURUSD.DWX,IS,2022-07-15T20:50:00Z,2022-07-17T21:05:00Z,1.00855,1.00838,-0.00017,-1.7,-1,LONG,0.01104,0.0154,1.01833,0.99521,0.02312,0.577,MIDDLE_THIRD,0,0,0,1,2022-07-17T22:00:00Z,55,STOP,2022-07-17T21:40:00Z,1.00821,2.4,2.38,-1.7,-1.69,0.5,-2.2,-2.18
2022-07-22_2022-07-24,EURUSD.DWX,IS,2022-07-22T20:50:00Z,2022-07-24T21:05:00Z,1.0211,1.02125,0.00015,1.5,1,SHORT,0.01223,0.0123,1.0278,1.00784,0.01996,0.6643,MIDDLE_THIRD,0,0,1,1,2022-07-24T21:05:00Z,0,FILL,2022-07-24T21:05:00Z,1.0211,0,0,1.5,1.47,0.5,1,0.98
2022-07-29_2022-07-31,EURUSD.DWX,IS,2022-07-29T20:50:00Z,2022-07-31T21:05:00Z,1.02262,1.02119,-0.00143,-14.3,-1,LONG,0.01151,0.1243,1.0258,1.00965,0.01615,0.8031,UPPER_THIRD,1,0,1,1,2022-08-01T01:05:00Z,240,FILL,2022-08-01T01:05:00Z,1.02262,6.7,6.56,14.3,14,0.5,13.8,13.51
2022-08-05_2022-08-07,EURUSD.DWX,IS,2022-08-05T20:50:00Z,2022-08-07T21:05:00Z,1.01781,1.01733,-0.00048,-4.8,-1,LONG,0.01136,0.0423,1.02936,1.01224,0.01712,0.3254,LOWER_THIRD,0,0,1,1,2022-08-07T21:45:00Z,40,FILL,2022-08-07T21:45:00Z,1.01781,0.7,0.69,4.8,4.72,0.5,4.3,4.23
2022-08-12_2022-08-14,EURUSD.DWX,IS,2022-08-12T20:55:00Z,2022-08-14T21:05:00Z,1.02558,1.02555,-3e-05,-0.3,-1,LONG,0.01041,0.0029,1.03686,1.01593,0.02093,0.4611,MIDDLE_THIRD,0,0,1,1,2022-08-14T21:05:00Z,0,FILL,2022-08-14T21:05:00Z,1.02558,0.1,0.1,0.3,0.29,0.5,-0.2,-0.2
2022-08-19_2022-08-21,EURUSD.DWX,IS,2022-08-19T20:50:00Z,2022-08-21T21:05:00Z,1.00392,1.0037,-0.00022,-2.2,-1,LONG,0.00938,0.0235,1.02682,1.00321,0.02361,0.0301,LOWER_THIRD,0,0,1,1,2022-08-21T21:10:00Z,5,FILL,2022-08-21T21:10:00Z,1.00392,0.1,0.1,2.2,2.19,0.5,1.7,1.69
2022-08-26_2022-08-28,EURUSD.DWX,IS,2022-08-26T20:50:00Z,2022-08-28T21:05:00Z,0.99649,0.99651,2e-05,0.2,1,SHORT,0.00984,0.002,1.00896,0.99001,0.01895,0.342,MIDDLE_THIRD,0,0,1,1,2022-08-28T21:05:00Z,0,FILL,2022-08-28T21:05:00Z,0.99649,0,0,0.2,0.2,0.5,-0.3,-0.3
2022-09-02_2022-09-04,EURUSD.DWX,IS,2022-09-02T20:50:00Z,2022-09-04T21:05:00Z,0.99573,0.99263,-0.0031,-31,-1,LONG,0.00994,0.3119,1.0079,0.99111,0.01679,0.2752,LOWER_THIRD,0,1,0,1,2022-09-06T00:05:00Z,1620,STOP,2022-09-05T05:00:00Z,0.98953,41.5,41.81,-31,-31.23,0.5,-31.5,-31.73
2022-09-09_2022-09-11,EURUSD.DWX,IS,2022-09-09T20:50:00Z,2022-09-11T21:05:00Z,1.00459,1.00958,0.00499,49.9,1,SHORT,0.01086,0.4595,1.01132,0.9864,0.02492,0.7299,UPPER_THIRD,0,1,0,1,2022-09-13T12:35:00Z,2370,STOP,2022-09-12T07:00:00Z,1.01457,64,63.39,-49.9,-49.43,0.5,-50.4,-49.92
2022-09-16_2022-09-18,EURUSD.DWX,IS,2022-09-16T20:50:00Z,2022-09-18T21:05:00Z,1.0013,1.00085,-0.00045,-4.5,-1,LONG,0.01119,0.0402,1.01977,0.99448,0.02529,0.2697,LOWER_THIRD,0,0,1,1,2022-09-18T21:05:00Z,0,FILL,2022-09-18T21:05:00Z,1.0013,0,0,4.5,4.5,0.5,4,4
2022-09-23_2022-09-25,EURUSD.DWX,IS,2022-09-23T20:50:00Z,2022-09-25T21:05:00Z,0.96883,0.96714,-0.00169,-16.9,-1,LONG,0.01197,0.1412,1.00504,0.96678,0.03826,0.0536,LOWER_THIRD,0,0,1,1,2022-09-25T21:10:00Z,5,FILL,2022-09-25T21:10:00Z,0.96883,2.5,2.58,16.9,17.47,0.5,16.4,16.96
2022-09-30_2022-10-02,EURUSD.DWX,IS,2022-09-30T20:50:00Z,2022-10-02T21:05:00Z,0.97995,0.97934,-0.00061,-6.1,-1,LONG,0.01303,0.0468,0.98538,0.95356,0.03182,0.8294,UPPER_THIRD,1,0,1,1,2022-10-02T21:05:00Z,0,FILL,2022-10-02T21:05:00Z,0.97995,0.1,0.1,6.1,6.23,0.5,5.6,5.72
2022-10-07_2022-10-09,EURUSD.DWX,IS,2022-10-07T20:50:00Z,2022-10-09T21:05:00Z,0.97382,0.97338,-0.00044,-4.4,-1,LONG,0.01423,0.0309,0.99993,0.97259,0.02734,0.045,LOWER_THIRD,0,0,1,1,2022-10-09T22:10:00Z,65,FILL,2022-10-09T22:10:00Z,0.97382,4.3,4.42,4.4,4.52,0.5,3.9,4.01
2022-10-14_2022-10-16,EURUSD.DWX,IS,2022-10-14T20:50:00Z,2022-10-16T21:05:00Z,0.97239,0.97236,-3e-05,-0.3,-1,LONG,0.01292,0.0023,0.98086,0.96319,0.01767,0.5207,MIDDLE_THIRD,0,0,0,1,2022-10-16T21:40:00Z,35,STOP,2022-10-16T21:05:00Z,0.97233,2,2.06,-0.3,-0.31,0.5,-0.8,-0.82
2022-10-21_2022-10-23,EURUSD.DWX,IS,2022-10-21T20:50:00Z,2022-10-23T21:05:00Z,0.98628,0.98696,0.00068,6.8,1,SHORT,0.0119,0.0571,0.98754,0.97048,0.01706,0.9261,UPPER_THIRD,0,0,1,1,2022-10-23T21:30:00Z,25,FILL,2022-10-23T21:30:00Z,0.98628,4.9,4.96,6.8,6.89,0.5,6.3,6.38
2022-10-28_2022-10-30,EURUSD.DWX,IS,2022-10-28T20:50:00Z,2022-10-30T21:05:00Z,0.99659,0.99527,-0.00132,-13.2,-1,LONG,0.01132,0.1166,1.00937,0.9807,0.02867,0.5542,MIDDLE_THIRD,0,0,0,1,2022-11-02T18:30:00Z,4165,STOP,2022-10-31T06:15:00Z,0.99395,14.1,14.17,-13.2,-13.26,0.5,-13.7,-13.77
2022-11-04_2022-11-06,EURUSD.DWX,IS,2022-11-04T20:50:00Z,2022-11-06T22:05:00Z,0.99593,0.99097,-0.00496,-49.6,-1,LONG,0.01212,0.4093,0.9976,0.973,0.0246,0.9321,UPPER_THIRD,1,1,1,1,2022-11-07T08:15:00Z,610,FILL,2022-11-07T08:15:00Z,0.99593,1.9,1.92,49.6,50.05,0.5,49.1,49.55
2022-11-11_2022-11-13,EURUSD.DWX,IS,2022-11-11T20:55:00Z,2022-11-13T22:05:00Z,1.03573,1.0334,-0.00233,-23.3,-1,LONG,0.01433,0.1627,1.03642,0.99078,0.04564,0.9849,UPPER_THIRD,1,0,0,1,2022-11-14T19:05:00Z,1260,STOP,2022-11-14T04:20:00Z,1.03107,26.5,25.64,-23.3,-22.55,0.5,-23.8,-23.03
2022-11-18_2022-11-20,EURUSD.DWX,IS,2022-11-18T21:50:00Z,2022-11-20T22:05:00Z,1.03199,1.0323,0.00031,3.1,1,SHORT,0.01437,0.0216,1.04815,1.02714,0.02101,0.2308,LOWER_THIRD,1,0,0,1,2022-11-21T00:30:00Z,145,STOP,2022-11-20T23:00:00Z,1.03261,7.3,7.07,-3.1,-3,0.5,-3.6,-3.49
2022-11-25_2022-11-27,EURUSD.DWX,IS,2022-11-25T21:50:00Z,2022-11-27T22:05:00Z,1.03864,1.03732,-0.00132,-13.2,-1,LONG,0.01227,0.1076,1.04485,1.02227,0.02258,0.725,UPPER_THIRD,1,0,0,1,2022-11-28T08:05:00Z,600,STOP,2022-11-28T01:30:00Z,1.036,16.7,16.1,-13.2,-12.73,0.5,-13.7,-13.21
2022-12-02_2022-12-04,EURUSD.DWX,IS,2022-12-02T21:55:00Z,2022-12-04T22:05:00Z,1.05409,1.0532,-0.00089,-8.9,-1,LONG,0.01114,0.0799,1.05449,1.029,0.02549,0.9843,UPPER_THIRD,1,0,1,1,2022-12-04T22:55:00Z,50,FILL,2022-12-04T22:55:00Z,1.05409,1,0.95,8.9,8.45,0.5,8.4,7.98
2022-12-09_2022-12-11,EURUSD.DWX,IS,2022-12-09T21:50:00Z,2022-12-11T22:05:00Z,1.05336,1.05279,-0.00057,-5.7,-1,LONG,0.01008,0.0565,1.05949,1.04431,0.01518,0.5962,MIDDLE_THIRD,0,0,1,1,2022-12-11T22:10:00Z,5,FILL,2022-12-11T22:10:00Z,1.05336,1.5,1.42,5.7,5.41,0.5,5.2,4.94
2022-12-16_2022-12-18,EURUSD.DWX,IS,2022-12-16T21:50:00Z,2022-12-18T22:05:00Z,1.05891,1.0586,-0.00031,-3.1,-1,LONG,0.01031,0.0301,1.07363,1.05059,0.02304,0.3611,MIDDLE_THIRD,0,0,1,1,2022-12-18T22:05:00Z,0,FILL,2022-12-18T22:05:00Z,1.05891,2.9,2.74,3.1,2.93,0.5,2.6,2.46
2022-12-23_2022-12-25,EURUSD.DWX,IS,2022-12-23T21:55:00Z,2022-12-25T22:05:00Z,1.06165,1.06104,-0.00061,-6.1,-1,LONG,0.00863,0.0707,1.06593,1.05731,0.00862,0.5035,MIDDLE_THIRD,0,0,1,1,2022-12-25T23:10:00Z,65,FILL,2022-12-25T23:10:00Z,1.06165,3.8,3.58,6.1,5.75,0.5,5.6,5.28
2022-12-30_2023-01-01,EURUSD.DWX,IS,2022-12-30T21:50:00Z,2023-01-01T22:05:00Z,1.06976,1.06949,-0.00027,-2.7,-1,LONG,0.00797,0.0339,1.0713,1.05976,0.01154,0.8666,UPPER_THIRD,1,0,0,1,2023-01-01T22:05:00Z,0,STOP,2023-01-01T22:05:00Z,1.06922,9.5,8.88,-2.7,-2.52,0.5,-3.2,-2.99
2023-01-06_2023-01-08,EURUSD.DWX,IS,2023-01-06T21:50:00Z,2023-01-08T22:05:00Z,1.06426,1.06403,-0.00023,-2.3,-1,LONG,0.0085,0.0271,1.07076,1.04816,0.0226,0.7124,UPPER_THIRD,1,0,0,1,2023-01-08T23:00:00Z,55,STOP,2023-01-08T22:05:00Z,1.0638,6.5,6.11,-2.3,-2.16,0.5,-2.8,-2.63
2023-01-13_2023-01-15,EURUSD.DWX,IS,2023-01-13T21:50:00Z,2023-01-15T22:05:00Z,1.08326,1.08317,-9e-05,-0.9,-1,LONG,0.00954,0.0094,1.08678,1.06338,0.0234,0.8496,UPPER_THIRD,1,0,0,1,2023-01-15T22:05:00Z,0,STOP,2023-01-15T22:05:00Z,1.08308,2.2,2.03,-0.9,-0.83,0.5,-1.4,-1.29
2023-01-20_2023-01-22,EURUSD.DWX,IS,2023-01-20T21:50:00Z,2023-01-22T22:05:00Z,1.08556,1.08642,0.00086,8.6,1,SHORT,0.00998,0.0862,1.08873,1.07662,0.01211,0.7382,UPPER_THIRD,0,0,0,1,2023-01-23T13:35:00Z,930,STOP,2023-01-23T00:30:00Z,1.08728,10.8,9.94,-8.6,-7.92,0.5,-9.1,-8.38
2023-01-27_2023-01-29,EURUSD.DWX,IS,2023-01-27T21:50:00Z,2023-01-29T22:05:00Z,1.08672,1.08587,-0.00085,-8.5,-1,LONG,0.00771,0.1103,1.09295,1.08349,0.00946,0.3414,MIDDLE_THIRD,0,0,1,1,2023-01-29T23:05:00Z,60,FILL,2023-01-29T23:05:00Z,1.08672,0,0,8.5,7.83,0.5,8,7.37
2023-02-03_2023-02-05,EURUSD.DWX,IS,2023-02-03T21:55:00Z,2023-02-05T22:05:00Z,1.07929,1.07843,-0.00086,-8.6,-1,LONG,0.00909,0.0946,1.10329,1.07922,0.02407,0.0029,LOWER_THIRD,0,0,1,1,2023-02-05T22:45:00Z,40,FILL,2023-02-05T22:45:00Z,1.07929,2.2,2.04,8.6,7.97,0.5,8.1,7.51
2023-02-10_2023-02-12,EURUSD.DWX,IS,2023-02-10T21:50:00Z,2023-02-12T22:05:00Z,1.06781,1.06813,0.00032,3.2,1,SHORT,0.00906,0.0353,1.07989,1.06662,0.01327,0.0897,LOWER_THIRD,1,0,1,1,2023-02-12T22:20:00Z,15,FILL,2023-02-12T22:20:00Z,1.06781,0,0,3.2,3,0.5,2.7,2.53
2023-02-17_2023-02-19,EURUSD.DWX,IS,2023-02-17T21:50:00Z,2023-02-19T22:05:00Z,1.06934,1.06863,-0.00071,-7.1,-1,LONG,0.00953,0.0745,1.08047,1.06128,0.01919,0.42,MIDDLE_THIRD,0,0,0,1,2023-02-20T06:05:00Z,480,STOP,2023-02-20T00:05:00Z,1.06792,7.5,7.02,-7.1,-6.64,0.5,-7.6,-7.11
2023-02-24_2023-02-26,EURUSD.DWX,IS,2023-02-24T21:50:00Z,2023-02-26T22:05:00Z,1.05445,1.05449,4e-05,0.4,1,SHORT,0.00725,0.0055,1.07047,1.05362,0.01685,0.0493,LOWER_THIRD,1,0,0,1,2023-02-26T22:05:00Z,0,STOP,2023-02-26T22:05:00Z,1.05453,0.6,0.57,-0.4,-0.38,0.5,-0.9,-0.85
2023-03-03_2023-03-05,EURUSD.DWX,IS,2023-03-03T21:50:00Z,2023-03-05T22:05:00Z,1.06327,1.06259,-0.00068,-6.8,-1,LONG,0.00753,0.0903,1.06914,1.05331,0.01583,0.6292,MIDDLE_THIRD,0,0,1,1,2023-03-06T00:05:00Z,120,FILL,2023-03-06T00:05:00Z,1.06327,3.4,3.2,6.8,6.4,0.5,6.3,5.93
2023-03-10_2023-03-12,EURUSD.DWX,IS,2023-03-10T21:50:00Z,2023-03-12T21:10:00Z,1.0638,1.0677,0.0039,39,1,SHORT,0.00812,0.4806,1.07004,1.05243,0.01761,0.6457,MIDDLE_THIRD,0,1,0,1,2023-03-15T10:35:00Z,3685,STOP,2023-03-13T02:30:00Z,1.0716,41.2,38.59,-39,-36.53,0.5,-39.5,-37
2023-03-17_2023-03-19,EURUSD.DWX,IS,2023-03-17T20:50:00Z,2023-03-19T21:05:00Z,1.06651,1.06835,0.00184,18.4,1,SHORT,0.0099,0.186,1.07598,1.05158,0.0244,0.6119,MIDDLE_THIRD,0,0,1,1,2023-03-20T03:15:00Z,370,FILL,2023-03-20T03:15:00Z,1.06651,6.3,5.9,18.4,17.22,0.5,17.9,16.75
2023-03-24_2023-03-26,EURUSD.DWX,IS,2023-03-24T20:50:00Z,2023-03-26T21:05:00Z,1.07599,1.07709,0.0011,11,1,SHORT,0.01098,0.1002,1.09299,1.06313,0.02986,0.4307,MIDDLE_THIRD,0,0,1,1,2023-03-27T01:35:00Z,270,FILL,2023-03-27T01:35:00Z,1.07599,9,8.36,11,10.21,0.5,10.5,9.75
2023-03-31_2023-04-02,EURUSD.DWX,IS,2023-03-31T20:50:00Z,2023-04-02T21:05:00Z,1.08429,1.08414,-0.00015,-1.5,-1,LONG,0.01001,0.015,1.09261,1.07449,0.01812,0.5408,MIDDLE_THIRD,0,0,1,1,2023-04-02T21:05:00Z,0,FILL,2023-04-02T21:05:00Z,1.08429,1.3,1.2,1.5,1.38,0.5,1,0.92
2023-04-07_2023-04-09,EURUSD.DWX,IS,2023-04-07T20:50:00Z,2023-04-09T21:05:00Z,1.08967,1.08974,7e-05,0.7,1,SHORT,0.00873,0.008,1.09733,1.07883,0.0185,0.5859,MIDDLE_THIRD,0,0,0,1,2023-04-09T21:05:00Z,0,STOP,2023-04-09T21:05:00Z,1.08981,2.5,2.29,-0.7,-0.64,0.5,-1.2,-1.1
2023-04-14_2023-04-16,EURUSD.DWX,IS,2023-04-14T20:50:00Z,2023-04-16T21:05:00Z,1.09946,1.09901,-0.00045,-4.5,-1,LONG,0.00816,0.0552,1.10757,1.08313,0.02444,0.6682,UPPER_THIRD,1,0,0,1,2023-04-17T07:05:00Z,600,STOP,2023-04-16T22:50:00Z,1.09856,4.7,4.28,-4.5,-4.09,0.5,-5,-4.55
2023-04-21_2023-04-23,EURUSD.DWX,IS,2023-04-21T20:50:00Z,2023-04-23T21:05:00Z,1.09893,1.09899,6e-05,0.6,1,SHORT,0.00748,0.008,1.09996,1.09093,0.00903,0.8859,UPPER_THIRD,0,0,1,1,2023-04-23T21:05:00Z,0,FILL,2023-04-23T21:05:00Z,1.09893,0.2,0.18,0.6,0.55,0.5,0.1,0.09
2023-04-28_2023-04-30,EURUSD.DWX,IS,2023-04-28T20:50:00Z,2023-04-30T21:05:00Z,1.10162,1.10229,0.00067,6.7,1,SHORT,0.00832,0.0805,1.10956,1.09624,0.01332,0.4039,MIDDLE_THIRD,0,0,1,1,2023-04-30T22:00:00Z,55,FILL,2023-04-30T22:00:00Z,1.10162,1.1,1,6.7,6.08,0.5,6.2,5.62
2023-05-05_2023-05-07,EURUSD.DWX,IS,2023-05-05T20:50:00Z,2023-05-07T21:05:00Z,1.10181,1.10181,0,0,0,LONG,0.00808,0,1.10916,1.09423,0.01493,0.5077,MIDDLE_THIRD,0,0,0,0,,,STOP,2023-05-07T21:05:00Z,1.10181,0.8,0.73,0,0,0.5,-0.5,-0.45
2023-05-12_2023-05-14,EURUSD.DWX,IS,2023-05-12T20:50:00Z,2023-05-14T21:05:00Z,1.08497,1.08528,0.00031,3.1,1,SHORT,0.00839,0.037,1.10534,1.08477,0.02057,0.0097,LOWER_THIRD,1,0,1,1,2023-05-14T22:00:00Z,55,FILL,2023-05-14T22:00:00Z,1.08497,2.2,2.03,3.1,2.86,0.5,2.6,2.4
2023-05-19_2023-05-21,EURUSD.DWX,IS,2023-05-19T20:50:00Z,2023-05-21T21:05:00Z,1.08047,1.08051,4e-05,0.4,1,SHORT,0.00733,0.0055,1.09047,1.07601,0.01446,0.3084,LOWER_THIRD,1,0,0,1,2023-05-22T07:10:00Z,605,STOP,2023-05-21T21:10:00Z,1.08055,0.8,0.74,-0.4,-0.37,0.5,-0.9,-0.83
2023-05-26_2023-05-28,EURUSD.DWX,IS,2023-05-26T20:50:00Z,2023-05-28T21:05:00Z,1.07257,1.07208,-0.00049,-4.9,-1,LONG,0.0063,0.0777,1.08314,1.07017,0.01297,0.185,LOWER_THIRD,0,0,1,1,2023-05-28T22:10:00Z,65,FILL,2023-05-28T22:10:00Z,1.07257,0,0,4.9,4.57,0.5,4.4,4.1
2023-06-02_2023-06-04,EURUSD.DWX,IS,2023-06-02T20:50:00Z,2023-06-04T21:05:00Z,1.07059,1.07061,2e-05,0.2,1,SHORT,0.00654,0.0031,1.07789,1.0635,0.01439,0.4927,MIDDLE_THIRD,0,0,0,1,2023-06-04T22:00:00Z,55,STOP,2023-06-04T21:05:00Z,1.07063,3,2.8,-0.2,-0.19,0.5,-0.7,-0.65
2023-06-09_2023-06-11,EURUSD.DWX,IS,2023-06-09T20:50:00Z,2023-06-11T21:05:00Z,1.07494,1.07467,-0.00027,-2.7,-1,LONG,0.00667,0.0405,1.07868,1.06671,0.01197,0.6876,UPPER_THIRD,1,0,0,1,2023-06-11T23:30:00Z,145,STOP,2023-06-11T21:25:00Z,1.0744,2.7,2.51,-2.7,-2.51,0.5,-3.2,-2.98
2023-06-16_2023-06-18,EURUSD.DWX,IS,2023-06-16T20:50:00Z,2023-06-18T21:05:00Z,1.09405,1.09325,-0.0008,-8,-1,LONG,0.00783,0.1022,1.09706,1.0733,0.02376,0.8733,UPPER_THIRD,1,0,1,1,2023-06-18T21:35:00Z,30,FILL,2023-06-18T21:35:00Z,1.09405,0.7,0.64,8,7.32,0.5,7.5,6.86
2023-06-23_2023-06-25,EURUSD.DWX,IS,2023-06-23T20:50:00Z,2023-06-25T21:05:00Z,1.08939,1.08999,0.0006,6,1,SHORT,0.00749,0.0801,1.10122,1.08445,0.01677,0.2946,LOWER_THIRD,1,0,1,1,2023-06-25T22:00:00Z,55,FILL,2023-06-25T22:00:00Z,1.08939,3.7,3.39,6,5.5,0.5,5.5,5.05
2023-06-30_2023-07-02,EURUSD.DWX,IS,2023-06-30T20:50:00Z,2023-07-02T21:05:00Z,1.09103,1.09094,-9e-05,-0.9,-1,LONG,0.00763,0.0118,1.09765,1.08353,0.01412,0.5312,MIDDLE_THIRD,0,0,1,1,2023-07-02T21:05:00Z,0,FILL,2023-07-02T21:05:00Z,1.09103,0,0,0.9,0.82,0.5,0.4,0.37
2023-07-07_2023-07-09,EURUSD.DWX,IS,2023-07-07T20:50:00Z,2023-07-09T21:05:00Z,1.09658,1.09601,-0.00057,-5.7,-1,LONG,0.00715,0.0798,1.09732,1.08337,0.01395,0.947,UPPER_THIRD,1,0,1,1,2023-07-09T21:20:00Z,15,FILL,2023-07-09T21:20:00Z,1.09658,0.7,0.64,5.7,5.2,0.5,5.2,4.74
2023-07-14_2023-07-16,EURUSD.DWX,IS,2023-07-14T20:50:00Z,2023-07-16T21:05:00Z,1.12283,1.12248,-0.00035,-3.5,-1,LONG,0.00743,0.0471,1.12446,1.09436,0.0301,0.9458,UPPER_THIRD,1,0,1,1,2023-07-16T21:10:00Z,5,FILL,2023-07-16T21:10:00Z,1.12283,0.8,0.71,3.5,3.12,0.5,3,2.67
2023-07-21_2023-07-23,EURUSD.DWX,IS,2023-07-21T20:50:00Z,2023-07-23T21:05:00Z,1.11254,1.11222,-0.00032,-3.2,-1,LONG,0.00703,0.0455,1.12758,1.11078,0.0168,0.1048,LOWER_THIRD,0,0,1,1,2023-07-23T21:10:00Z,5,FILL,2023-07-23T21:10:00Z,1.11254,1,0.9,3.2,2.88,0.5,2.7,2.43
2023-07-28_2023-07-30,EURUSD.DWX,IS,2023-07-28T20:50:00Z,2023-07-30T21:05:00Z,1.10163,1.10122,-0.00041,-4.1,-1,LONG,0.00832,0.0492,1.11495,1.09434,0.02061,0.3537,MIDDLE_THIRD,0,0,1,1,2023-07-30T21:10:00Z,5,FILL,2023-07-30T21:10:00Z,1.10163,0.3,0.27,4.1,3.72,0.5,3.6,3.27
2023-08-04_2023-08-06,EURUSD.DWX,IS,2023-08-04T20:50:00Z,2023-08-06T21:05:00Z,1.10108,1.10105,-3e-05,-0.3,-1,LONG,0.00822,0.0036,1.10457,1.0912,0.01337,0.739,UPPER_THIRD,1,0,1,1,2023-08-06T21:10:00Z,5,FILL,2023-08-06T21:10:00Z,1.10108,0.2,0.18,0.3,0.27,0.5,-0.2,-0.18
2023-08-11_2023-08-13,EURUSD.DWX,IS,2023-08-11T20:50:00Z,2023-08-13T21:05:00Z,1.09474,1.09477,3e-05,0.3,1,SHORT,0.008,0.0037,1.10651,1.09292,0.01359,0.1339,LOWER_THIRD,1,0,0,1,2023-08-13T21:30:00Z,25,STOP,2023-08-13T21:05:00Z,1.0948,2.2,2.01,-0.3,-0.27,0.5,-0.8,-0.73
2023-08-18_2023-08-20,EURUSD.DWX,IS,2023-08-18T20:50:00Z,2023-08-20T21:05:00Z,1.0872,1.0863,-0.0009,-9,-1,LONG,0.00686,0.1312,1.09599,1.08449,0.0115,0.2357,LOWER_THIRD,0,0,1,1,2023-08-20T21:25:00Z,20,FILL,2023-08-20T21:25:00Z,1.0872,0,0,9,8.29,0.5,8.5,7.82
2023-08-25_2023-08-27,EURUSD.DWX,IS,2023-08-25T20:50:00Z,2023-08-27T21:05:00Z,1.07933,1.07957,0.00024,2.4,1,SHORT,0.0069,0.0348,1.09303,1.07656,0.01647,0.1682,LOWER_THIRD,1,0,0,1,2023-08-27T23:05:00Z,120,STOP,2023-08-27T22:00:00Z,1.07981,3.9,3.61,-2.4,-2.22,0.5,-2.9,-2.69
2023-09-01_2023-09-03,EURUSD.DWX,IS,2023-09-01T20:50:00Z,2023-09-03T21:05:00Z,1.07731,1.07741,0.0001,1,1,SHORT,0.0074,0.0135,1.09453,1.0772,0.01733,0.0063,LOWER_THIRD,1,0,0,1,2023-09-03T21:50:00Z,45,STOP,2023-09-03T21:05:00Z,1.07751,1.2,1.11,-1,-0.93,0.5,-1.5,-1.39
2023-09-08_2023-09-10,EURUSD.DWX,IS,2023-09-08T20:50:00Z,2023-09-10T21:05:00Z,1.07,1.07136,0.00136,13.6,1,SHORT,0.00734,0.1852,1.08087,1.06859,0.01228,0.1148,LOWER_THIRD,1,0,0,1,2023-09-14T12:15:00Z,5230,STOP,2023-09-11T02:35:00Z,1.07272,14.1,13.16,-13.6,-12.69,0.5,-14.1,-13.16
2023-09-15_2023-09-17,EURUSD.DWX,IS,2023-09-15T20:50:00Z,2023-09-17T21:05:00Z,1.0662,1.066,-0.0002,-2,-1,LONG,0.0074,0.027,1.07686,1.06317,0.01369,0.2213,LOWER_THIRD,0,0,1,1,2023-09-17T21:35:00Z,30,FILL,2023-09-17T21:35:00Z,1.0662,0.3,0.28,2,1.88,0.5,1.5,1.41
2023-09-22_2023-09-24,EURUSD.DWX,IS,2023-09-22T20:50:00Z,2023-09-24T21:05:00Z,1.06437,1.06459,0.00022,2.2,1,SHORT,0.00623,0.0353,1.07367,1.06148,0.01219,0.2371,LOWER_THIRD,1,0,0,1,2023-09-24T21:45:00Z,40,STOP,2023-09-24T21:05:00Z,1.06481,4.1,3.85,-2.2,-2.07,0.5,-2.7,-2.54
2023-09-29_2023-10-01,EURUSD.DWX,IS,2023-09-29T20:50:00Z,2023-10-01T21:05:00Z,1.0573,1.0567,-0.0006,-6,-1,LONG,0.00672,0.0893,1.06552,1.04879,0.01673,0.5087,MIDDLE_THIRD,0,0,0,1,2023-10-02T06:35:00Z,570,STOP,2023-10-01T22:35:00Z,1.0561,6.6,6.25,-6,-5.68,0.5,-6.5,-6.15
2023-10-06_2023-10-08,EURUSD.DWX,IS,2023-10-06T20:50:00Z,2023-10-08T21:05:00Z,1.05831,1.05518,-0.00313,-31.3,-1,LONG,0.00724,0.4324,1.05998,1.04481,0.01517,0.8899,UPPER_THIRD,1,1,0,1,2023-10-10T00:00:00Z,1615,STOP,2023-10-09T07:50:00Z,1.05205,32.4,30.71,-31.3,-29.66,0.5,-31.8,-30.14
2023-10-13_2023-10-15,EURUSD.DWX,IS,2023-10-13T20:50:00Z,2023-10-15T21:05:00Z,1.05064,1.05081,0.00017,1.7,1,SHORT,0.00751,0.0226,1.06396,1.04955,0.01441,0.0756,LOWER_THIRD,1,0,0,1,2023-10-15T21:20:00Z,15,STOP,2023-10-15T21:05:00Z,1.05098,3.5,3.33,-1.7,-1.62,0.5,-2.2,-2.09
2023-10-20_2023-10-22,EURUSD.DWX,IS,2023-10-20T20:50:00Z,2023-10-22T21:05:00Z,1.05946,1.05938,-8e-05,-0.8,-1,LONG,0.00696,0.0115,1.06166,1.05029,0.01137,0.8065,UPPER_THIRD,1,0,0,1,2023-10-22T21:05:00Z,0,STOP,2023-10-22T21:05:00Z,1.0593,1.1,1.04,-0.8,-0.76,0.5,-1.3,-1.23
2023-10-27_2023-10-29,EURUSD.DWX,IS,2023-10-27T20:50:00Z,2023-10-29T21:05:00Z,1.05652,1.05648,-4e-05,-0.4,-1,LONG,0.00703,0.0057,1.06946,1.05215,0.01731,0.2525,LOWER_THIRD,0,0,1,1,2023-10-29T21:05:00Z,0,FILL,2023-10-29T21:05:00Z,1.05652,0,0,0.4,0.38,0.5,-0.1,-0.09
2023-11-03_2023-11-05,EURUSD.DWX,IS,2023-11-03T20:50:00Z,2023-11-05T22:05:00Z,1.07273,1.0723,-0.00043,-4.3,-1,LONG,0.00802,0.0536,1.07467,1.05166,0.02301,0.9157,UPPER_THIRD,1,0,1,1,2023-11-05T23:00:00Z,55,FILL,2023-11-05T23:00:00Z,1.07273,0,0,4.3,4.01,0.5,3.8,3.54
2023-11-10_2023-11-12,EURUSD.DWX,IS,2023-11-10T21:50:00Z,2023-11-12T22:05:00Z,1.06839,1.06843,4e-05,0.4,1,SHORT,0.00724,0.0055,1.07562,1.06561,0.01001,0.2777,LOWER_THIRD,1,0,1,1,2023-11-12T22:05:00Z,0,FILL,2023-11-12T22:05:00Z,1.06839,0,0,0.4,0.37,0.5,-0.1,-0.09
2023-11-17_2023-11-19,EURUSD.DWX,IS,2023-11-17T21:50:00Z,2023-11-19T22:05:00Z,1.09131,1.09102,-0.00029,-2.9,-1,LONG,0.00799,0.0363,1.09136,1.0665,0.02486,0.998,UPPER_THIRD,1,0,0,1,2023-11-20T02:20:00Z,255,STOP,2023-11-19T23:00:00Z,1.09073,4.9,4.49,-2.9,-2.66,0.5,-3.4,-3.12
2023-11-24_2023-11-26,EURUSD.DWX,IS,2023-11-24T21:50:00Z,2023-11-26T22:05:00Z,1.09334,1.09435,0.00101,10.1,1,SHORT,0.00681,0.1484,1.09651,1.08523,0.01128,0.719,UPPER_THIRD,0,0,1,1,2023-11-27T00:30:00Z,145,FILL,2023-11-27T00:30:00Z,1.09334,4,3.66,10.1,9.23,0.5,9.6,8.77
2023-12-01_2023-12-03,EURUSD.DWX,IS,2023-12-01T21:50:00Z,2023-12-03T22:05:00Z,1.0881,1.0878,-0.0003,-3,-1,LONG,0.00749,0.04,1.1017,1.08287,0.01883,0.2777,LOWER_THIRD,0,0,1,1,2023-12-03T22:10:00Z,5,FILL,2023-12-03T22:10:00Z,1.0881,0,0,3,2.76,0.5,2.5,2.3
2023-12-08_2023-12-10,EURUSD.DWX,IS,2023-12-08T21:50:00Z,2023-12-10T22:05:00Z,1.07623,1.07578,-0.00045,-4.5,-1,LONG,0.00669,0.0673,1.08949,1.07236,0.01713,0.2259,LOWER_THIRD,0,0,1,1,2023-12-10T23:00:00Z,55,FILL,2023-12-10T23:00:00Z,1.07623,1.4,1.3,4.5,4.18,0.5,4,3.72
2023-12-22_2023-12-24,EURUSD.DWX,IS,2023-12-22T21:50:00Z,2023-12-24T22:10:00Z,1.10121,1.10043,-0.00078,-7.8,-1,LONG,0.00717,0.1087,1.10401,1.0892,0.01481,0.8109,UPPER_THIRD,1,0,1,1,2023-12-24T22:10:00Z,0,FILL,2023-12-24T22:10:00Z,1.10121,0.2,0.18,7.8,7.09,0.5,7.3,6.63
2023-12-29_2024-01-01,EURUSD.DWX,OOS,2023-12-29T21:50:00Z,2024-01-01T18:25:00Z,1.10389,1.10333,-0.00056,-5.6,-1,LONG,0.00651,0.086,1.11395,1.0992,0.01475,0.318,LOWER_THIRD,0,0,0,1,2024-01-01T22:00:00Z,215,TIMESTOP,2024-01-01T18:25:00Z,1.10372,0,0,3.9,3.53,0.5,3.4,3.08
2024-01-05_2024-01-07,EURUSD.DWX,OOS,2024-01-05T21:50:00Z,2024-01-07T22:05:00Z,1.09407,1.09383,-0.00024,-2.4,-1,LONG,0.00662,0.0362,1.10455,1.08768,0.01687,0.3788,MIDDLE_THIRD,0,0,1,1,2024-01-07T22:05:00Z,0,FILL,2024-01-07T22:05:00Z,1.09407,0.6,0.55,2.4,2.19,0.5,1.9,1.74
2024-01-12_2024-01-14,EURUSD.DWX,OOS,2024-01-12T21:50:00Z,2024-01-14T22:05:00Z,1.09496,1.09468,-0.00028,-2.8,-1,LONG,0.0066,0.0424,1.09996,1.09105,0.00891,0.4388,MIDDLE_THIRD,0,0,0,1,2024-01-14T22:45:00Z,40,STOP,2024-01-14T22:05:00Z,1.0944,3.3,3.01,-2.8,-2.56,0.5,-3.3,-3.01
2024-01-19_2024-01-21,EURUSD.DWX,OOS,2024-01-19T21:50:00Z,2024-01-21T22:05:00Z,1.08973,1.08915,-0.00058,-5.8,-1,LONG,0.00644,0.09,1.09676,1.08445,0.01231,0.4289,MIDDLE_THIRD,0,0,0,1,2024-01-21T23:00:00Z,55,STOP,2024-01-21T22:10:00Z,1.08857,7.2,6.61,-5.8,-5.33,0.5,-6.3,-5.78
2024-01-26_2024-01-28,EURUSD.DWX,OOS,2024-01-26T21:50:00Z,2024-01-28T22:05:00Z,1.08525,1.08426,-0.00099,-9.9,-1,LONG,0.00607,0.1631,1.09323,1.08129,0.01194,0.3317,LOWER_THIRD,0,0,0,1,2024-01-30T14:30:00Z,2425,STOP,2024-01-29T09:00:00Z,1.08327,12.1,11.16,-9.9,-9.13,0.5,-10.4,-9.59
2024-02-02_2024-02-04,EURUSD.DWX,OOS,2024-02-02T21:50:00Z,2024-02-04T22:05:00Z,1.07888,1.07825,-0.00063,-6.3,-1,LONG,0.00711,0.0886,1.08974,1.07799,0.01175,0.0757,LOWER_THIRD,0,0,0,1,2024-02-08T07:20:00Z,4875,STOP,2024-02-04T23:05:00Z,1.07762,9.9,9.18,-6.3,-5.84,0.5,-6.8,-6.31
2024-02-09_2024-02-11,EURUSD.DWX,OOS,2024-02-09T21:50:00Z,2024-02-11T22:05:00Z,1.07848,1.07799,-0.00049,-4.9,-1,LONG,0.00689,0.0711,1.07953,1.07226,0.00727,0.8556,UPPER_THIRD,1,0,1,1,2024-02-11T22:35:00Z,30,FILL,2024-02-11T22:35:00Z,1.07848,1.9,1.76,4.9,4.55,0.5,4.4,4.08
2024-02-16_2024-02-18,EURUSD.DWX,OOS,2024-02-16T21:50:00Z,2024-02-18T22:05:00Z,1.07764,1.07732,-0.00032,-3.2,-1,LONG,0.00623,0.0514,1.08055,1.0695,0.01105,0.7367,UPPER_THIRD,1,0,1,1,2024-02-18T23:00:00Z,55,FILL,2024-02-18T23:00:00Z,1.07764,3,2.78,3.2,2.97,0.5,2.7,2.51
2024-02-23_2024-02-25,EURUSD.DWX,OOS,2024-02-23T21:50:00Z,2024-02-25T22:05:00Z,1.08205,1.08281,0.00076,7.6,1,SHORT,0.00507,0.15,1.08882,1.07616,0.01266,0.4652,MIDDLE_THIRD,0,0,1,1,2024-02-25T22:10:00Z,5,FILL,2024-02-25T22:10:00Z,1.08205,0.3,0.28,7.6,7.02,0.5,7.1,6.56
2024-03-01_2024-03-03,EURUSD.DWX,OOS,2024-03-01T21:50:00Z,2024-03-03T22:05:00Z,1.08396,1.08372,-0.00024,-2.4,-1,LONG,0.00529,0.0454,1.08659,1.07955,0.00704,0.6264,MIDDLE_THIRD,0,0,1,1,2024-03-03T22:35:00Z,30,FILL,2024-03-03T22:35:00Z,1.08396,0,0,2.4,2.21,0.5,1.9,1.75
2024-03-08_2024-03-10,EURUSD.DWX,OOS,2024-03-08T21:50:00Z,2024-03-10T21:05:00Z,1.09389,1.0939,1e-05,0.1,1,SHORT,0.00532,0.0019,1.09812,1.0837,0.01442,0.7067,UPPER_THIRD,0,0,1,1,2024-03-10T21:05:00Z,0,FILL,2024-03-10T21:05:00Z,1.09389,0,0,0.1,0.09,0.5,-0.4,-0.37
2024-03-15_2024-03-17,EURUSD.DWX,OOS,2024-03-15T20:50:00Z,2024-03-17T21:05:00Z,1.08885,1.08882,-3e-05,-0.3,-1,LONG,0.00495,0.0061,1.09638,1.0873,0.00908,0.1707,LOWER_THIRD,0,0,1,1,2024-03-17T21:05:00Z,0,FILL,2024-03-17T21:05:00Z,1.08885,0,0,0.3,0.28,0.5,-0.2,-0.18
2024-03-22_2024-03-24,EURUSD.DWX,OOS,2024-03-22T20:50:00Z,2024-03-24T21:05:00Z,1.08086,1.08078,-8e-05,-0.8,-1,LONG,0.00568,0.0141,1.09426,1.08017,0.01409,0.049,LOWER_THIRD,0,0,1,1,2024-03-24T21:10:00Z,5,FILL,2024-03-24T21:10:00Z,1.08086,0.1,0.09,0.8,0.74,0.5,0.3,0.28
2024-03-29_2024-03-31,EURUSD.DWX,OOS,2024-03-29T20:50:00Z,2024-03-31T21:05:00Z,1.07888,1.07888,0,0,0,LONG,0.00504,0,1.08643,1.07681,0.00962,0.2152,LOWER_THIRD,0,0,0,0,,,STOP,2024-03-31T21:05:00Z,1.07888,0.5,0.46,0,0,0.5,-0.5,-0.46
2024-04-05_2024-04-07,EURUSD.DWX,OOS,2024-04-05T20:50:00Z,2024-04-07T21:05:00Z,1.08371,1.08371,0,0,0,LONG,0.00554,0,1.08766,1.07247,0.01519,0.74,UPPER_THIRD,0,0,0,0,,,STOP,2024-04-07T21:05:00Z,1.08371,1,0.92,0,0,0.5,-0.5,-0.46
2024-04-12_2024-04-14,EURUSD.DWX,OOS,2024-04-12T20:50:00Z,2024-04-14T21:05:00Z,1.06413,1.06341,-0.00072,-7.2,-1,LONG,0.00596,0.1208,1.08851,1.06226,0.02625,0.0712,LOWER_THIRD,0,0,1,1,2024-04-14T22:00:00Z,55,FILL,2024-04-14T22:00:00Z,1.06413,2.6,2.44,7.2,6.77,0.5,6.7,6.3
2024-04-19_2024-04-21,EURUSD.DWX,OOS,2024-04-19T20:50:00Z,2024-04-21T21:05:00Z,1.06571,1.06538,-0.00033,-3.3,-1,LONG,0.0064,0.0516,1.06901,1.06012,0.00889,0.6288,MIDDLE_THIRD,0,0,0,1,2024-04-21T21:10:00Z,5,STOP,2024-04-21T21:05:00Z,1.06505,5.8,5.44,-3.3,-3.1,0.5,-3.8,-3.57
2024-04-26_2024-04-28,EURUSD.DWX,OOS,2024-04-26T20:50:00Z,2024-04-28T21:05:00Z,1.0694,1.06905,-0.00035,-3.5,-1,LONG,0.00659,0.0531,1.07528,1.0624,0.01288,0.5435,MIDDLE_THIRD,0,0,0,1,2024-04-28T21:05:00Z,0,STOP,2024-04-28T21:05:00Z,1.0687,8.2,7.67,-3.5,-3.27,0.5,-4,-3.74
2024-05-03_2024-05-05,EURUSD.DWX,OOS,2024-05-03T20:50:00Z,2024-05-05T21:05:00Z,1.07631,1.07615,-0.00016,-1.6,-1,LONG,0.00635,0.0252,1.08122,1.06494,0.01628,0.6984,UPPER_THIRD,1,0,1,1,2024-05-05T21:10:00Z,5,FILL,2024-05-05T21:10:00Z,1.07631,0.2,0.19,1.6,1.49,0.5,1.1,1.02
2024-05-10_2024-05-12,EURUSD.DWX,OOS,2024-05-10T20:50:00Z,2024-05-12T21:05:00Z,1.07694,1.07708,0.00014,1.4,1,SHORT,0.00563,0.0248,1.07908,1.07239,0.00669,0.6801,UPPER_THIRD,0,0,1,1,2024-05-12T21:05:00Z,0,FILL,2024-05-12T21:05:00Z,1.07694,0,0,1.4,1.3,0.5,0.9,0.84
2024-05-17_2024-05-19,EURUSD.DWX,OOS,2024-05-17T20:50:00Z,2024-05-19T21:05:00Z,1.08699,1.0867,-0.00029,-2.9,-1,LONG,0.00533,0.0544,1.0895,1.07639,0.01311,0.8085,UPPER_THIRD,1,0,0,1,2024-05-19T21:55:00Z,50,STOP,2024-05-19T21:20:00Z,1.08641,3.6,3.31,-2.9,-2.67,0.5,-3.4,-3.13
2024-05-24_2024-05-26,EURUSD.DWX,OOS,2024-05-24T20:50:00Z,2024-05-26T21:05:00Z,1.08458,1.08466,8e-05,0.8,1,SHORT,0.00448,0.0179,1.08845,1.08048,0.00797,0.5144,MIDDLE_THIRD,0,0,1,1,2024-05-26T21:05:00Z,0,FILL,2024-05-26T21:05:00Z,1.08458,0.2,0.18,0.8,0.74,0.5,0.3,0.28
2024-05-31_2024-06-02,EURUSD.DWX,OOS,2024-05-31T20:50:00Z,2024-06-02T21:05:00Z,1.08493,1.08462,-0.00031,-3.1,-1,LONG,0.00492,0.063,1.0889,1.07884,0.01006,0.6054,MIDDLE_THIRD,0,0,1,1,2024-06-02T21:05:00Z,0,FILL,2024-06-02T21:05:00Z,1.08493,2.8,2.58,3.1,2.86,0.5,2.6,2.4
2024-06-07_2024-06-09,EURUSD.DWX,OOS,2024-06-07T20:50:00Z,2024-06-09T21:05:00Z,1.08018,1.07684,-0.00334,-33.4,-1,LONG,0.0054,0.6179,1.09161,1.07996,0.01165,0.0189,LOWER_THIRD,0,1,0,1,2024-06-12T12:30:00Z,3805,STOP,2024-06-10T10:30:00Z,1.0735,33.9,31.48,-33.4,-31.02,0.5,-33.9,-31.48
2024-06-14_2024-06-16,EURUSD.DWX,OOS,2024-06-14T20:50:00Z,2024-06-16T21:05:00Z,1.07055,1.07032,-0.00023,-2.3,-1,LONG,0.00675,0.0341,1.08523,1.06677,0.01846,0.2048,LOWER_THIRD,0,0,1,1,2024-06-16T21:15:00Z,10,FILL,2024-06-16T21:15:00Z,1.07055,0.9,0.84,2.3,2.15,0.5,1.8,1.68
2024-06-21_2024-06-23,EURUSD.DWX,OOS,2024-06-21T20:50:00Z,2024-06-23T21:05:00Z,1.06925,1.06868,-0.00057,-5.7,-1,LONG,0.00619,0.0921,1.07614,1.0671,0.00904,0.2378,LOWER_THIRD,0,0,1,1,2024-06-23T22:00:00Z,55,FILL,2024-06-23T22:00:00Z,1.06925,1.9,1.78,5.7,5.33,0.5,5.2,4.87
2024-06-28_2024-06-30,EURUSD.DWX,OOS,2024-06-28T20:50:00Z,2024-06-30T21:05:00Z,1.07127,1.0742,0.00293,29.3,1,SHORT,0.00584,0.502,1.07464,1.0666,0.00804,0.5808,MIDDLE_THIRD,0,1,0,1,2024-07-02T07:40:00Z,2075,STOP,2024-07-01T06:15:00Z,1.07713,30.1,28.02,-29.3,-27.28,0.5,-29.8,-27.74
2024-07-05_2024-07-07,EURUSD.DWX,OOS,2024-07-05T20:50:00Z,2024-07-07T21:05:00Z,1.08391,1.08021,-0.0037,-37,-1,LONG,0.00493,0.7508,1.08426,1.071,0.01326,0.9736,UPPER_THIRD,1,1,1,1,2024-07-08T08:00:00Z,655,FILL,2024-07-08T08:00:00Z,1.08391,0.5,0.46,37,34.25,0.5,36.5,33.79
2024-07-12_2024-07-14,EURUSD.DWX,OOS,2024-07-12T20:50:00Z,2024-07-14T21:05:00Z,1.09049,1.08837,-0.00212,-21.2,-1,LONG,0.00475,0.4459,1.09113,1.08016,0.01097,0.9417,UPPER_THIRD,1,1,1,1,2024-07-15T08:15:00Z,670,FILL,2024-07-15T08:15:00Z,1.09049,1.1,1.01,21.2,19.48,0.5,20.7,19.02
2024-07-19_2024-07-21,EURUSD.DWX,OOS,2024-07-19T20:50:00Z,2024-07-21T21:05:00Z,1.08817,1.08815,-2e-05,-0.2,-1,LONG,0.00434,0.0046,1.0948,1.08716,0.00764,0.1322,LOWER_THIRD,0,0,1,1,2024-07-21T21:05:00Z,0,FILL,2024-07-21T21:05:00Z,1.08817,0,0,0.2,0.18,0.5,-0.3,-0.28
2024-07-26_2024-07-28,EURUSD.DWX,OOS,2024-07-26T20:50:00Z,2024-07-28T21:05:00Z,1.08554,1.08564,0.0001,1,1,SHORT,0.00402,0.0249,1.09027,1.08257,0.0077,0.3857,MIDDLE_THIRD,0,0,0,1,2024-07-28T22:00:00Z,55,STOP,2024-07-28T21:10:00Z,1.08574,1.1,1.01,-1,-0.92,0.5,-1.5,-1.38
2024-08-02_2024-08-04,EURUSD.DWX,OOS,2024-08-02T20:50:00Z,2024-08-04T21:05:00Z,1.09106,1.09199,0.00093,9.3,1,SHORT,0.00504,0.1844,1.09266,1.07775,0.01491,0.8927,UPPER_THIRD,0,0,1,1,2024-08-04T22:00:00Z,55,FILL,2024-08-04T22:00:00Z,1.09106,2.9,2.66,9.3,8.52,0.5,8.8,8.06
2024-08-09_2024-08-11,EURUSD.DWX,OOS,2024-08-09T20:50:00Z,2024-08-11T21:05:00Z,1.09158,1.09152,-6e-05,-0.6,-1,LONG,0.00578,0.0104,1.1009,1.08815,0.01275,0.269,LOWER_THIRD,0,0,1,1,2024-08-11T21:10:00Z,5,FILL,2024-08-11T21:10:00Z,1.09158,0.3,0.27,0.6,0.55,0.5,0.1,0.09
2024-08-16_2024-08-18,EURUSD.DWX,OOS,2024-08-16T20:50:00Z,2024-08-18T21:05:00Z,1.10265,1.10265,0,0,0,LONG,0.00633,0,1.10473,1.09099,0.01374,0.8486,UPPER_THIRD,0,0,0,0,,,STOP,2024-08-18T21:05:00Z,1.10265,2.7,2.45,0,0,0.5,-0.5,-0.45
2024-08-23_2024-08-25,EURUSD.DWX,OOS,2024-08-23T20:50:00Z,2024-08-25T21:05:00Z,1.11932,1.11879,-0.00053,-5.3,-1,LONG,0.00605,0.0876,1.12009,1.10196,0.01813,0.9575,UPPER_THIRD,1,0,1,1,2024-08-25T21:20:00Z,15,FILL,2024-08-25T21:20:00Z,1.11932,0,0,5.3,4.74,0.5,4.8,4.29
2024-08-30_2024-09-01,EURUSD.DWX,OOS,2024-08-30T20:50:00Z,2024-09-01T21:05:00Z,1.10482,1.10465,-0.00017,-1.7,-1,LONG,0.00677,0.0251,1.12016,1.10439,0.01577,0.0273,LOWER_THIRD,0,0,0,1,2024-09-01T21:25:00Z,20,STOP,2024-09-01T21:05:00Z,1.10448,4.9,4.44,-1.7,-1.54,0.5,-2.2,-1.99
2024-09-06_2024-09-08,EURUSD.DWX,OOS,2024-09-06T20:50:00Z,2024-09-08T21:05:00Z,1.10862,1.10813,-0.00049,-4.9,-1,LONG,0.00631,0.0777,1.11554,1.10263,0.01291,0.464,MIDDLE_THIRD,0,0,1,1,2024-09-08T22:00:00Z,55,FILL,2024-09-08T22:00:00Z,1.10862,1,0.9,4.9,4.42,0.5,4.4,3.97
2024-09-13_2024-09-15,EURUSD.DWX,OOS,2024-09-13T20:50:00Z,2024-09-15T21:05:00Z,1.10746,1.10753,7e-05,0.7,1,SHORT,0.00557,0.0126,1.11018,1.1002,0.00998,0.7275,UPPER_THIRD,0,0,0,1,2024-09-15T21:30:00Z,25,STOP,2024-09-15T21:05:00Z,1.1076,2.9,2.62,-0.7,-0.63,0.5,-1.2,-1.08
2024-09-20_2024-09-22,EURUSD.DWX,OOS,2024-09-20T20:50:00Z,2024-09-22T21:05:00Z,1.11628,1.11592,-0.00036,-3.6,-1,LONG,0.00597,0.0603,1.11891,1.10684,0.01207,0.7821,UPPER_THIRD,1,0,1,1,2024-09-22T21:10:00Z,5,FILL,2024-09-22T21:10:00Z,1.11628,1.4,1.25,3.6,3.23,0.5,3.1,2.78
2024-09-27_2024-09-29,EURUSD.DWX,OOS,2024-09-27T20:50:00Z,2024-09-29T21:05:00Z,1.11589,1.11495,-0.00094,-9.4,-1,LONG,0.00665,0.1414,1.12139,1.10832,0.01307,0.5792,MIDDLE_THIRD,0,0,1,1,2024-09-29T21:15:00Z,10,FILL,2024-09-29T21:15:00Z,1.11589,0,0,9.4,8.43,0.5,8.9,7.98
2024-10-04_2024-10-06,EURUSD.DWX,OOS,2024-10-04T20:50:00Z,2024-10-06T21:05:00Z,1.09756,1.09633,-0.00123,-12.3,-1,LONG,0.00752,0.1636,1.12089,1.09512,0.02577,0.0947,LOWER_THIRD,0,0,1,1,2024-10-07T00:25:00Z,200,FILL,2024-10-07T00:25:00Z,1.09756,0.5,0.46,12.3,11.22,0.5,11.8,10.76
2024-10-11_2024-10-13,EURUSD.DWX,OOS,2024-10-11T20:50:00Z,2024-10-13T21:05:00Z,1.09351,1.09317,-0.00034,-3.4,-1,LONG,0.00639,0.0532,1.09971,1.09001,0.0097,0.3608,MIDDLE_THIRD,0,0,0,1,2024-10-14T09:20:00Z,735,STOP,2024-10-13T22:00:00Z,1.09283,3.6,3.29,-3.4,-3.11,0.5,-3.9,-3.57
2024-10-18_2024-10-20,EURUSD.DWX,OOS,2024-10-18T20:50:00Z,2024-10-20T21:05:00Z,1.08672,1.08605,-0.00067,-6.7,-1,LONG,0.00518,0.1293,1.09366,1.0811,0.01256,0.4475,MIDDLE_THIRD,0,0,1,1,2024-10-20T22:00:00Z,55,FILL,2024-10-20T22:00:00Z,1.08672,0,0,6.7,6.17,0.5,6.2,5.71
2024-10-25_2024-10-27,EURUSD.DWX,OOS,2024-10-25T20:50:00Z,2024-10-27T21:05:00Z,1.07946,1.07908,-0.00038,-3.8,-1,LONG,0.0048,0.0791,1.08718,1.07613,0.01105,0.3014,LOWER_THIRD,0,0,0,1,2024-10-27T22:15:00Z,70,STOP,2024-10-27T21:15:00Z,1.0787,4.1,3.8,-3.8,-3.52,0.5,-4.3,-3.98
2024-11-01_2024-11-03,EURUSD.DWX,OOS,2024-11-01T20:50:00Z,2024-11-03T22:05:00Z,1.08339,1.088,0.00461,46.1,1,SHORT,0.00525,0.8788,1.09057,1.07688,0.01369,0.4755,MIDDLE_THIRD,0,1,0,1,2024-11-06T00:45:00Z,3040,TIMESTOP,2024-11-04T12:00:00Z,1.09092,34.7,31.89,-29.2,-26.84,0.5,-29.7,-27.3
2024-11-08_2024-11-10,EURUSD.DWX,OOS,2024-11-08T21:50:00Z,2024-11-10T22:05:00Z,1.07178,1.07085,-0.00093,-9.3,-1,LONG,0.00795,0.1169,1.09368,1.06825,0.02543,0.1388,LOWER_THIRD,0,0,1,1,2024-11-11T00:25:00Z,140,FILL,2024-11-11T00:25:00Z,1.07178,1.2,1.12,9.3,8.68,0.5,8.8,8.22
2024-11-15_2024-11-17,EURUSD.DWX,OOS,2024-11-15T21:50:00Z,2024-11-17T22:05:00Z,1.05331,1.053,-0.00031,-3.1,-1,LONG,0.00928,0.0334,1.07277,1.04963,0.02314,0.159,LOWER_THIRD,0,0,1,1,2024-11-17T22:05:00Z,0,FILL,2024-11-17T22:05:00Z,1.05331,0.5,0.47,3.1,2.94,0.5,2.6,2.47
2024-11-22_2024-11-24,EURUSD.DWX,OOS,2024-11-22T21:50:00Z,2024-11-24T22:05:00Z,1.04174,1.04768,0.00594,59.4,1,SHORT,0.01068,0.5564,1.06098,1.03316,0.02782,0.3084,LOWER_THIRD,1,1,0,0,,,TIMESTOP,2024-11-25T12:00:00Z,1.048,24.2,23.1,-3.2,-3.05,0.5,-3.7,-3.53
2024-11-29_2024-12-01,EURUSD.DWX,OOS,2024-11-29T21:50:00Z,2024-12-01T22:05:00Z,1.05774,1.05642,-0.00132,-13.2,-1,LONG,0.00922,0.1432,1.05971,1.04249,0.01722,0.8856,UPPER_THIRD,1,0,0,1,2024-12-05T14:10:00Z,5285,STOP,2024-12-01T23:05:00Z,1.0551,16.7,15.81,-13.2,-12.5,0.5,-13.7,-12.97
2024-12-06_2024-12-08,EURUSD.DWX,OOS,2024-12-06T21:50:00Z,2024-12-08T22:05:00Z,1.0568,1.0557,-0.0011,-11,-1,LONG,0.00926,0.1188,1.06297,1.04605,0.01692,0.6353,MIDDLE_THIRD,0,0,1,1,2024-12-08T23:00:00Z,55,FILL,2024-12-08T23:00:00Z,1.0568,1.8,1.71,11,10.42,0.5,10.5,9.95
2024-12-13_2024-12-15,EURUSD.DWX,OOS,2024-12-13T21:50:00Z,2024-12-15T22:05:00Z,1.05034,1.0488,-0.00154,-15.4,-1,LONG,0.00767,0.2009,1.05943,1.0453,0.01413,0.3567,MIDDLE_THIRD,0,0,1,1,2024-12-15T23:00:00Z,55,FILL,2024-12-15T23:00:00Z,1.05034,3.1,2.96,15.4,14.68,0.5,14.9,14.21
2024-12-20_2024-12-22,EURUSD.DWX,OOS,2024-12-20T21:50:00Z,2024-12-22T22:05:00Z,1.04281,1.04311,0.0003,3,1,SHORT,0.00771,0.0389,1.05342,1.03427,0.01915,0.446,MIDDLE_THIRD,0,0,1,1,2024-12-22T22:05:00Z,0,FILL,2024-12-22T22:05:00Z,1.04281,0,0,3,2.88,0.5,2.5,2.4
2024-12-27_2024-12-29,EURUSD.DWX,OOS,2024-12-27T21:50:00Z,2024-12-29T22:05:00Z,1.04239,1.0429,0.00051,5.1,1,SHORT,0.00678,0.0752,1.04474,1.03427,0.01047,0.7755,UPPER_THIRD,0,0,1,1,2024-12-29T22:30:00Z,25,FILL,2024-12-29T22:30:00Z,1.04239,2.5,2.4,5.1,4.89,0.5,4.6,4.41
2025-01-03_2025-01-05,EURUSD.DWX,OOS,2025-01-03T21:50:00Z,2025-01-05T22:05:00Z,1.03079,1.03007,-0.00072,-7.2,-1,LONG,0.0076,0.0947,1.04582,1.02239,0.02343,0.3585,MIDDLE_THIRD,0,0,1,1,2025-01-05T23:45:00Z,100,FILL,2025-01-05T23:45:00Z,1.03079,6.7,6.5,7.2,6.99,0.5,6.7,6.5
2025-01-10_2025-01-12,EURUSD.DWX,OOS,2025-01-10T21:50:00Z,2025-01-12T22:05:00Z,1.02447,1.02353,-0.00094,-9.4,-1,LONG,0.00788,0.1192,1.04368,1.02128,0.0224,0.1424,LOWER_THIRD,0,0,1,1,2025-01-12T22:55:00Z,50,FILL,2025-01-12T22:55:00Z,1.02447,0.8,0.78,9.4,9.18,0.5,8.9,8.7
2025-01-17_2025-01-19,EURUSD.DWX,OOS,2025-01-17T21:50:00Z,2025-01-19T22:05:00Z,1.02698,1.0276,0.00062,6.2,1,SHORT,0.00851,0.0729,1.03544,1.01774,0.0177,0.522,MIDDLE_THIRD,0,0,1,1,2025-01-19T23:15:00Z,70,FILL,2025-01-19T23:15:00Z,1.02698,6.1,5.94,6.2,6.03,0.5,5.7,5.55
2025-01-24_2025-01-26,EURUSD.DWX,OOS,2025-01-24T21:50:00Z,2025-01-26T22:05:00Z,1.04959,1.04794,-0.00165,-16.5,-1,LONG,0.00841,0.1961,1.05214,1.02663,0.02551,0.9,UPPER_THIRD,1,0,0,1,2025-01-27T10:00:00Z,715,STOP,2025-01-27T01:40:00Z,1.04629,17.3,16.51,-16.5,-15.75,0.5,-17,-16.22
2025-01-31_2025-02-02,EURUSD.DWX,OOS,2025-01-31T21:50:00Z,2025-02-02T22:05:00Z,1.03586,1.02416,-0.0117,-117,-1,LONG,0.00839,1.3939,1.05332,1.03499,0.01833,0.0475,LOWER_THIRD,0,1,0,1,2025-02-04T14:15:00Z,2410,TIMESTOP,2025-02-03T12:00:00Z,1.02518,31.2,30.46,10.2,9.96,0.5,9.7,9.47
2025-02-07_2025-02-09,EURUSD.DWX,OOS,2025-02-07T21:50:00Z,2025-02-09T22:05:00Z,1.03259,1.0287,-0.00389,-38.9,-1,LONG,0.00869,0.4474,1.04423,1.02104,0.02319,0.4981,MIDDLE_THIRD,0,1,1,1,2025-02-10T09:00:00Z,655,FILL,2025-02-10T09:00:00Z,1.03259,4.1,3.99,38.9,37.81,0.5,38.4,37.33
2025-02-14_2025-02-16,EURUSD.DWX,OOS,2025-02-14T21:50:00Z,2025-02-16T22:05:00Z,1.04886,1.04855,-0.00031,-3.1,-1,LONG,0.00871,0.0356,1.05142,1.02829,0.02313,0.8893,UPPER_THIRD,1,0,1,1,2025-02-16T22:30:00Z,25,FILL,2025-02-16T22:30:00Z,1.04886,0.2,0.19,3.1,2.96,0.5,2.6,2.48
2025-02-21_2025-02-23,EURUSD.DWX,OOS,2025-02-21T21:50:00Z,2025-02-23T22:05:00Z,1.04592,1.04676,0.00084,8.4,1,SHORT,0.00755,0.1112,1.05063,1.04008,0.01055,0.5536,MIDDLE_THIRD,0,0,0,1,2025-02-24T14:30:00Z,985,STOP,2025-02-23T22:45:00Z,1.0476,12,11.46,-8.4,-8.02,0.5,-8.9,-8.5
2025-02-28_2025-03-02,EURUSD.DWX,OOS,2025-02-28T21:50:00Z,2025-03-02T22:05:00Z,1.03755,1.04045,0.0029,29,1,SHORT,0.00717,0.4044,1.05287,1.03598,0.01689,0.093,LOWER_THIRD,1,1,0,0,,,STOP,2025-03-03T10:00:00Z,1.04335,34.4,33.06,-29,-27.87,0.5,-29.5,-28.35
2025-03-07_2025-03-09,EURUSD.DWX,OOS,2025-03-07T21:50:00Z,2025-03-09T21:05:00Z,1.08362,1.08298,-0.00064,-6.4,-1,LONG,0.00913,0.0701,1.08886,1.03885,0.05001,0.8952,UPPER_THIRD,1,0,1,1,2025-03-09T21:10:00Z,5,FILL,2025-03-09T21:10:00Z,1.08362,1.2,1.11,6.4,5.91,0.5,5.9,5.45
2025-03-14_2025-03-16,EURUSD.DWX,OOS,2025-03-14T20:50:00Z,2025-03-16T21:05:00Z,1.08818,1.08805,-0.00013,-1.3,-1,LONG,0.00963,0.0135,1.09471,1.08049,0.01422,0.5408,MIDDLE_THIRD,0,0,0,1,2025-03-16T21:15:00Z,10,STOP,2025-03-16T21:15:00Z,1.08792,1.8,1.65,-1.3,-1.19,0.5,-1.8,-1.65
2025-03-21_2025-03-23,EURUSD.DWX,OOS,2025-03-21T20:50:00Z,2025-03-23T21:05:00Z,1.0813,1.08144,0.00014,1.4,1,SHORT,0.00945,0.0148,1.09545,1.07969,0.01576,0.1022,LOWER_THIRD,1,0,1,1,2025-03-23T21:10:00Z,5,FILL,2025-03-23T21:10:00Z,1.0813,0.2,0.18,1.4,1.29,0.5,0.9,0.83
2025-03-28_2025-03-30,EURUSD.DWX,OOS,2025-03-28T20:50:00Z,2025-03-30T21:05:00Z,1.08306,1.08266,-0.0004,-4,-1,LONG,0.00759,0.0527,1.08583,1.07329,0.01254,0.7791,UPPER_THIRD,1,0,0,1,2025-03-31T00:15:00Z,190,STOP,2025-03-30T21:30:00Z,1.08226,4.2,3.88,-4,-3.69,0.5,-4.5,-4.16
2025-04-04_2025-04-06,EURUSD.DWX,OOS,2025-04-04T20:50:00Z,2025-04-06T21:05:00Z,1.09623,1.08897,-0.00726,-72.6,-1,LONG,0.01041,0.6972,1.11464,1.07782,0.03682,0.5,MIDDLE_THIRD,0,1,1,1,2025-04-06T22:15:00Z,70,FILL,2025-04-06T22:15:00Z,1.09623,9.9,9.09,72.6,66.67,0.5,72.1,66.21
2025-04-11_2025-04-13,EURUSD.DWX,OOS,2025-04-11T20:50:00Z,2025-04-13T21:05:00Z,1.13507,1.13151,-0.00356,-35.6,-1,LONG,0.01509,0.2359,1.14735,1.08798,0.05937,0.7932,UPPER_THIRD,1,0,1,1,2025-04-13T22:30:00Z,85,FILL,2025-04-13T22:30:00Z,1.13507,0.4,0.35,35.6,31.46,0.5,35.1,31.02
2025-04-18_2025-04-20,EURUSD.DWX,OOS,2025-04-18T20:50:00Z,2025-04-20T21:05:00Z,1.13926,1.1396,0.00034,3.4,1,SHORT,0.01611,0.0211,1.14245,1.12641,0.01604,0.8011,UPPER_THIRD,0,0,0,1,2025-04-20T21:40:00Z,35,STOP,2025-04-20T21:10:00Z,1.13994,8.1,7.11,-3.4,-2.98,0.5,-3.9,-3.42
2025-04-25_2025-04-27,EURUSD.DWX,OOS,2025-04-25T20:50:00Z,2025-04-27T21:05:00Z,1.13598,1.1362,0.00022,2.2,1,SHORT,0.01413,0.0156,1.15732,1.13079,0.02653,0.1956,LOWER_THIRD,1,0,0,1,2025-04-27T22:10:00Z,65,STOP,2025-04-27T21:05:00Z,1.13642,3,2.64,-2.2,-1.94,0.5,-2.7,-2.38
2025-05-02_2025-05-04,EURUSD.DWX,OOS,2025-05-02T20:50:00Z,2025-05-04T21:05:00Z,1.12989,1.1301,0.00021,2.1,1,SHORT,0.00989,0.0212,1.14249,1.12657,0.01592,0.2085,LOWER_THIRD,1,0,0,1,2025-05-04T21:10:00Z,5,STOP,2025-05-04T21:05:00Z,1.13031,6.7,5.93,-2.1,-1.86,0.5,-2.6,-2.3
2025-05-09_2025-05-11,EURUSD.DWX,OOS,2025-05-09T20:50:00Z,2025-05-11T21:05:00Z,1.1248,1.11979,-0.00501,-50.1,-1,LONG,0.00939,0.5337,1.1381,1.11965,0.01845,0.2791,LOWER_THIRD,0,1,0,1,2025-05-14T08:05:00Z,3540,STOP,2025-05-12T07:20:00Z,1.11478,58.2,51.97,-50.1,-44.74,0.5,-50.6,-45.19
2025-05-16_2025-05-18,EURUSD.DWX,OOS,2025-05-16T20:50:00Z,2025-05-18T21:05:00Z,1.1161,1.11732,0.00122,12.2,1,SHORT,0.00955,0.1277,1.12657,1.10652,0.02005,0.4778,MIDDLE_THIRD,0,0,0,0,,,STOP,2025-05-18T22:00:00Z,1.11854,12.4,11.1,-12.2,-10.92,0.5,-12.7,-11.37
2025-05-23_2025-05-25,EURUSD.DWX,OOS,2025-05-23T20:50:00Z,2025-05-25T21:05:00Z,1.13646,1.13662,0.00016,1.6,1,SHORT,0.01008,0.0159,1.13756,1.11688,0.02068,0.9468,UPPER_THIRD,0,0,1,1,2025-05-25T21:10:00Z,5,FILL,2025-05-25T21:10:00Z,1.13646,0.1,0.09,1.6,1.41,0.5,1.1,0.97
2025-05-30_2025-06-01,EURUSD.DWX,OOS,2025-05-30T20:50:00Z,2025-06-01T21:05:00Z,1.13465,1.13447,-0.00018,-1.8,-1,LONG,0.00911,0.0198,1.14188,1.12102,0.02086,0.6534,MIDDLE_THIRD,0,0,1,1,2025-06-01T21:05:00Z,0,FILL,2025-06-01T21:05:00Z,1.13465,0.6,0.53,1.8,1.59,0.5,1.3,1.15
2025-06-06_2025-06-08,EURUSD.DWX,OOS,2025-06-06T20:50:00Z,2025-06-08T21:05:00Z,1.13931,1.13942,0.00011,1.1,1,SHORT,0.00887,0.0124,1.14949,1.13441,0.01508,0.3249,LOWER_THIRD,1,0,1,1,2025-06-08T21:20:00Z,15,FILL,2025-06-08T21:20:00Z,1.13931,1.1,0.97,1.1,0.97,0.5,0.6,0.53
2025-06-13_2025-06-15,EURUSD.DWX,OOS,2025-06-13T20:50:00Z,2025-06-15T21:05:00Z,1.15473,1.15327,-0.00146,-14.6,-1,LONG,0.00958,0.1524,1.16315,1.13728,0.02587,0.6745,UPPER_THIRD,1,0,1,1,2025-06-15T22:50:00Z,105,FILL,2025-06-15T22:50:00Z,1.15473,6.3,5.46,14.6,12.66,0.5,14.1,12.23
2025-06-20_2025-06-22,EURUSD.DWX,OOS,2025-06-20T20:50:00Z,2025-06-22T21:05:00Z,1.15219,1.14564,-0.00655,-65.5,-1,LONG,0.00865,0.757,1.16147,1.14461,0.01686,0.4496,MIDDLE_THIRD,0,1,0,1,2025-06-23T14:10:00Z,1025,TIMESTOP,2025-06-23T12:00:00Z,1.14711,3,2.62,14.7,12.83,0.5,14.2,12.39
2025-06-27_2025-06-29,EURUSD.DWX,OOS,2025-06-27T20:50:00Z,2025-06-29T21:05:00Z,1.17193,1.173,0.00107,10.7,1,SHORT,0.00893,0.1198,1.17538,1.14534,0.03004,0.8852,UPPER_THIRD,0,0,1,1,2025-06-30T00:45:00Z,220,FILL,2025-06-30T00:45:00Z,1.17193,8.6,7.33,10.7,9.12,0.5,10.2,8.7
2025-07-04_2025-07-06,EURUSD.DWX,OOS,2025-07-04T20:50:00Z,2025-07-06T21:05:00Z,1.17747,1.17837,0.0009,9,1,SHORT,0.00755,0.1192,1.18298,1.17077,0.01221,0.5487,MIDDLE_THIRD,0,0,1,1,2025-07-06T22:05:00Z,60,FILL,2025-07-06T22:05:00Z,1.17747,0.1,0.08,9,7.64,0.5,8.5,7.21
2025-07-11_2025-07-13,EURUSD.DWX,OOS,2025-07-11T20:50:00Z,2025-07-13T21:05:00Z,1.16921,1.16601,-0.0032,-32,-1,LONG,0.00721,0.4437,1.17901,1.16624,0.01277,0.2326,LOWER_THIRD,0,1,1,1,2025-07-14T00:55:00Z,230,FILL,2025-07-14T00:55:00Z,1.16921,3.7,3.17,32,27.44,0.5,31.5,27.02
2025-07-18_2025-07-20,EURUSD.DWX,OOS,2025-07-18T20:50:00Z,2025-07-20T21:05:00Z,1.16225,1.16246,0.00021,2.1,1,SHORT,0.0078,0.0269,1.17215,1.15566,0.01649,0.3996,MIDDLE_THIRD,0,0,0,1,2025-07-20T22:45:00Z,100,STOP,2025-07-20T21:05:00Z,1.16267,4.1,3.53,-2.1,-1.81,0.5,-2.6,-2.24
2025-07-25_2025-07-27,EURUSD.DWX,OOS,2025-07-25T20:50:00Z,2025-07-27T21:05:00Z,1.17392,1.17542,0.0015,15,1,SHORT,0.00781,0.1921,1.17888,1.16146,0.01742,0.7153,UPPER_THIRD,0,0,0,1,2025-07-28T06:00:00Z,535,STOP,2025-07-28T00:15:00Z,1.17692,16.2,13.78,-15,-12.76,0.5,-15.5,-13.19
2025-08-01_2025-08-03,EURUSD.DWX,OOS,2025-08-01T20:50:00Z,2025-08-03T21:05:00Z,1.15955,1.15907,-0.00048,-4.8,-1,LONG,0.01065,0.0451,1.17704,1.13915,0.03789,0.5384,MIDDLE_THIRD,0,0,1,1,2025-08-03T21:15:00Z,10,FILL,2025-08-03T21:15:00Z,1.15955,0.1,0.09,4.8,4.14,0.5,4.3,3.71
2025-08-08_2025-08-10,EURUSD.DWX,OOS,2025-08-08T20:50:00Z,2025-08-10T21:05:00Z,1.16411,1.16459,0.00048,4.8,1,SHORT,0.00937,0.0512,1.16988,1.15276,0.01712,0.663,MIDDLE_THIRD,0,0,0,1,2025-08-11T09:30:00Z,745,STOP,2025-08-10T22:05:00Z,1.16507,5.1,4.38,-4.8,-4.12,0.5,-5.3,-4.55
2025-08-15_2025-08-17,EURUSD.DWX,OOS,2025-08-15T20:50:00Z,2025-08-17T21:05:00Z,1.17032,1.17105,0.00073,7.3,1,SHORT,0.00902,0.081,1.17301,1.159,0.01401,0.808,UPPER_THIRD,0,0,1,1,2025-08-18T00:05:00Z,180,FILL,2025-08-18T00:05:00Z,1.17032,4.5,3.84,7.3,6.23,0.5,6.8,5.81
2025-08-22_2025-08-24,EURUSD.DWX,OOS,2025-08-22T20:50:00Z,2025-08-24T21:05:00Z,1.17214,1.17216,2e-05,0.2,1,SHORT,0.00776,0.0026,1.17425,1.15828,0.01597,0.8679,UPPER_THIRD,0,0,0,1,2025-08-24T21:05:00Z,0,STOP,2025-08-24T21:05:00Z,1.17218,0.4,0.34,-0.2,-0.17,0.5,-0.7,-0.6
2025-08-29_2025-08-31,EURUSD.DWX,OOS,2025-08-29T20:50:00Z,2025-08-31T21:05:00Z,1.16869,1.16943,0.00074,7.4,1,SHORT,0.00775,0.0954,1.17268,1.1574,0.01528,0.7389,UPPER_THIRD,0,0,1,1,2025-08-31T21:45:00Z,40,FILL,2025-08-31T21:45:00Z,1.16869,1.4,1.2,7.4,6.33,0.5,6.9,5.9
2025-09-05_2025-09-07,EURUSD.DWX,OOS,2025-09-05T20:50:00Z,2025-09-07T21:05:00Z,1.17204,1.17112,-0.00092,-9.2,-1,LONG,0.00783,0.1175,1.17594,1.16081,0.01513,0.7422,UPPER_THIRD,1,0,1,1,2025-09-08T05:35:00Z,510,FILL,2025-09-08T05:35:00Z,1.17204,7.7,6.57,9.2,7.86,0.5,8.7,7.43
2025-09-12_2025-09-14,EURUSD.DWX,OOS,2025-09-12T20:50:00Z,2025-09-14T21:05:00Z,1.17322,1.17283,-0.00039,-3.9,-1,LONG,0.00689,0.0566,1.178,1.16594,0.01206,0.6036,MIDDLE_THIRD,0,0,1,1,2025-09-14T21:10:00Z,5,FILL,2025-09-14T21:10:00Z,1.17322,0,0,3.9,3.33,0.5,3.4,2.9
2025-09-19_2025-09-21,EURUSD.DWX,OOS,2025-09-19T20:50:00Z,2025-09-21T21:05:00Z,1.17433,1.17396,-0.00037,-3.7,-1,LONG,0.00788,0.047,1.19187,1.17161,0.02026,0.1343,LOWER_THIRD,0,0,1,1,2025-09-21T21:10:00Z,5,FILL,2025-09-21T21:10:00Z,1.17433,0.7,0.6,3.7,3.15,0.5,3.2,2.73
2025-09-26_2025-09-28,EURUSD.DWX,OOS,2025-09-26T20:50:00Z,2025-09-28T21:05:00Z,1.1702,1.16985,-0.00035,-3.5,-1,LONG,0.00771,0.0454,1.18199,1.16455,0.01744,0.324,LOWER_THIRD,0,0,1,1,2025-09-28T21:30:00Z,25,FILL,2025-09-28T21:30:00Z,1.1702,0,0,3.5,2.99,0.5,3,2.56
2025-10-03_2025-10-05,EURUSD.DWX,OOS,2025-10-03T20:50:00Z,2025-10-05T21:05:00Z,1.17397,1.1723,-0.00167,-16.7,-1,LONG,0.00752,0.2221,1.17786,1.1683,0.00956,0.5931,MIDDLE_THIRD,0,0,0,0,,,STOP,2025-10-05T23:35:00Z,1.17063,16.8,14.33,-16.7,-14.25,0.5,-17.2,-14.67
2025-11-07_2025-11-09,EURUSD.DWX,OOS,2025-11-07T21:50:00Z,2025-11-09T22:05:00Z,1.15638,1.15552,-0.00086,-8.6,-1,LONG,0.00619,0.139,1.1591,1.14686,0.01224,0.7778,UPPER_THIRD,1,0,0,1,2025-11-10T05:30:00Z,445,STOP,2025-11-09T23:05:00Z,1.15466,9.3,8.05,-8.6,-7.44,0.5,-9.1,-7.88
2025-11-14_2025-11-16,EURUSD.DWX,OOS,2025-11-14T21:50:00Z,2025-11-16T22:05:00Z,1.16219,1.16123,-0.00096,-9.6,-1,LONG,0.00594,0.1617,1.16558,1.1541,0.01148,0.7047,UPPER_THIRD,1,0,1,1,2025-11-16T22:15:00Z,10,FILL,2025-11-16T22:15:00Z,1.16219,0.4,0.34,9.6,8.27,0.5,9.1,7.84
2025-11-21_2025-11-23,EURUSD.DWX,OOS,2025-11-21T21:50:00Z,2025-11-23T22:05:00Z,1.15157,1.15111,-0.00046,-4.6,-1,LONG,0.00531,0.0867,1.16243,1.1491,0.01333,0.1853,LOWER_THIRD,0,0,0,1,2025-11-24T02:35:00Z,270,STOP,2025-11-23T23:25:00Z,1.15065,5.2,4.52,-4.6,-4,0.5,-5.1,-4.43
2025-11-28_2025-11-30,EURUSD.DWX,OOS,2025-11-28T21:50:00Z,2025-11-30T22:05:00Z,1.15968,1.15904,-0.00064,-6.4,-1,LONG,0.00538,0.1191,1.16134,1.15019,0.01115,0.8511,UPPER_THIRD,1,0,1,1,2025-11-30T22:55:00Z,50,FILL,2025-11-30T22:55:00Z,1.15968,0.4,0.35,6.4,5.52,0.5,5.9,5.09
2025-12-05_2025-12-07,EURUSD.DWX,OOS,2025-12-05T21:50:00Z,2025-12-07T22:05:00Z,1.16413,1.16347,-0.00066,-6.6,-1,LONG,0.00523,0.1262,1.16818,1.15893,0.00925,0.5622,MIDDLE_THIRD,0,0,1,1,2025-12-07T22:45:00Z,40,FILL,2025-12-07T22:45:00Z,1.16413,1.5,1.29,6.6,5.67,0.5,6.1,5.24
2025-12-12_2025-12-14,EURUSD.DWX,OOS,2025-12-12T21:50:00Z,2025-12-14T22:05:00Z,1.17383,1.17282,-0.00101,-10.1,-1,LONG,0.00532,0.1899,1.17626,1.16149,0.01477,0.8355,UPPER_THIRD,1,0,1,1,2025-12-14T23:00:00Z,55,FILL,2025-12-14T23:00:00Z,1.17383,0,0,10.1,8.61,0.5,9.6,8.19
2025-12-26_2025-12-28,EURUSD.DWX,OOS,2025-12-26T21:50:00Z,2025-12-28T22:05:00Z,1.17699,1.17649,-0.0005,-5,-1,LONG,0.00515,0.097,1.18078,1.1703,0.01048,0.6384,MIDDLE_THIRD,0,0,1,1,2025-12-28T22:15:00Z,10,FILL,2025-12-28T22:15:00Z,1.17699,0.4,0.34,5,4.25,0.5,4.5,3.82
2017-10-20_2017-10-22,GBPUSD.DWX,OTHER,2017-10-20T20:50:00Z,2017-10-22T21:05:00Z,1.31896,1.31793,-0.00103,-10.3,-1,LONG,0.00994,0.1036,1.33118,1.30875,0.02243,0.4552,MIDDLE_THIRD,0,0,1,1,2017-10-22T21:30:00Z,25,FILL,2017-10-22T21:30:00Z,1.31896,0,0,10.3,7.82,1,9.3,7.06
2017-10-27_2017-10-29,GBPUSD.DWX,OTHER,2017-10-27T20:50:00Z,2017-10-29T21:05:00Z,1.31293,1.31177,-0.00116,-11.6,-1,LONG,0.01063,0.1092,1.32792,1.30694,0.02098,0.2855,LOWER_THIRD,0,0,1,1,2017-10-29T21:05:00Z,0,FILL,2017-10-29T21:05:00Z,1.31293,0,0,11.6,8.84,1,10.6,8.08
2017-11-03_2017-11-05,GBPUSD.DWX,OTHER,2017-11-03T20:50:00Z,2017-11-05T22:05:00Z,1.30747,1.30669,-0.00078,-7.8,-1,LONG,0.01152,0.0677,1.33208,1.30391,0.02817,0.1264,LOWER_THIRD,0,0,1,1,2017-11-05T22:30:00Z,25,FILL,2017-11-05T22:30:00Z,1.30747,0.1,0.08,7.8,5.97,1,6.8,5.2
2017-11-10_2017-11-12,GBPUSD.DWX,OTHER,2017-11-10T21:50:00Z,2017-11-12T22:05:00Z,1.31919,1.3172,-0.00199,-19.9,-1,LONG,0.01142,0.1743,1.32293,1.30585,0.01708,0.781,UPPER_THIRD,1,0,0,1,2017-11-15T08:45:00Z,3520,STOP,2017-11-12T23:30:00Z,1.31521,20.2,15.34,-19.9,-15.11,1,-20.9,-15.87
2017-11-17_2017-11-19,GBPUSD.DWX,OTHER,2017-11-17T21:50:00Z,2017-11-19T22:05:00Z,1.32156,1.32168,0.00012,1.2,1,SHORT,0.01064,0.0113,1.32603,1.30619,0.01984,0.7747,UPPER_THIRD,0,0,0,1,2017-11-19T22:10:00Z,5,STOP,2017-11-19T22:05:00Z,1.3218,5.3,4.01,-1.2,-0.91,1,-2.2,-1.66
2017-11-24_2017-11-26,GBPUSD.DWX,OTHER,2017-11-24T21:50:00Z,2017-11-26T22:05:00Z,1.33329,1.33208,-0.00121,-12.1,-1,LONG,0.0089,0.1359,1.33599,1.31857,0.01742,0.845,UPPER_THIRD,1,0,1,1,2017-11-27T08:00:00Z,595,FILL,2017-11-27T08:00:00Z,1.33329,10.6,7.96,12.1,9.08,1,11.1,8.33
2017-12-01_2017-12-03,GBPUSD.DWX,OTHER,2017-12-01T21:50:00Z,2017-12-03T22:05:00Z,1.34722,1.34345,-0.00377,-37.7,-1,LONG,0.00973,0.3876,1.35498,1.32208,0.0329,0.7641,UPPER_THIRD,1,1,1,1,2017-12-03T22:35:00Z,30,FILL,2017-12-03T22:35:00Z,1.34722,0,0,37.7,28.06,1,36.7,27.32
2017-12-08_2017-12-10,GBPUSD.DWX,OTHER,2017-12-08T21:50:00Z,2017-12-10T22:05:00Z,1.34036,1.33707,-0.00329,-32.9,-1,LONG,0.01116,0.2949,1.35385,1.33197,0.02188,0.3835,MIDDLE_THIRD,0,0,1,1,2017-12-11T04:25:00Z,380,FILL,2017-12-11T04:25:00Z,1.34036,0,0,32.9,24.61,1,31.9,23.86
2017-12-15_2017-12-17,GBPUSD.DWX,OTHER,2017-12-15T21:50:00Z,2017-12-17T22:05:00Z,1.33222,1.33123,-0.00099,-9.9,-1,LONG,0.01232,0.0804,1.3466,1.33018,0.01642,0.1242,LOWER_THIRD,0,0,1,1,2017-12-17T22:15:00Z,10,FILL,2017-12-17T22:15:00Z,1.33222,0,0,9.9,7.44,1,8.9,6.69
2017-12-22_2017-12-24,GBPUSD.DWX,OTHER,2017-12-22T21:50:00Z,2017-12-24T22:55:00Z,1.33629,1.3349,-0.00139,-13.9,-1,LONG,0.01004,0.1384,1.34203,1.33102,0.01101,0.4787,MIDDLE_THIRD,0,0,1,1,2017-12-25T00:50:00Z,115,FILL,2017-12-25T00:50:00Z,1.33629,3.5,2.62,13.9,10.41,1,12.9,9.66
2017-12-29_2018-01-01,GBPUSD.DWX,IS,2017-12-29T21:50:00Z,2018-01-01T18:00:00Z,1.35056,1.3502,-0.00036,-3.6,-1,LONG,0.00795,0.0453,1.35442,1.33455,0.01987,0.8057,UPPER_THIRD,1,0,0,1,2018-01-01T21:55:00Z,235,TIMESTOP,2018-01-01T18:00:00Z,1.3502,0,0,0,0,1,-1,-0.74
2018-01-05_2018-01-07,GBPUSD.DWX,IS,2018-01-05T21:50:00Z,2018-01-07T22:05:00Z,1.35655,1.35549,-0.00106,-10.6,-1,LONG,0.00653,0.1624,1.36127,1.34939,0.01188,0.6027,MIDDLE_THIRD,0,0,1,1,2018-01-07T22:15:00Z,10,FILL,2018-01-07T22:15:00Z,1.35655,0.1,0.07,10.6,7.82,1,9.6,7.08
2018-01-12_2018-01-14,GBPUSD.DWX,IS,2018-01-12T21:50:00Z,2018-01-14T22:05:00Z,1.37321,1.37251,-0.0007,-7,-1,LONG,0.00834,0.0839,1.37442,1.3458,0.02862,0.9577,UPPER_THIRD,1,0,1,1,2018-01-14T22:05:00Z,0,FILL,2018-01-14T22:05:00Z,1.37321,0.1,0.07,7,5.1,1,6,4.37
2018-01-19_2018-01-21,GBPUSD.DWX,IS,2018-01-19T21:50:00Z,2018-01-21T22:05:00Z,1.38571,1.38876,0.00305,30.5,1,SHORT,0.01018,0.2995,1.39452,1.3725,0.02202,0.5999,MIDDLE_THIRD,0,0,1,1,2018-01-22T01:35:00Z,210,FILL,2018-01-22T01:35:00Z,1.38571,7,5.04,30.5,21.96,1,29.5,21.24
2018-01-26_2018-01-28,GBPUSD.DWX,IS,2018-01-26T21:50:00Z,2018-01-28T22:05:00Z,1.415,1.41344,-0.00156,-15.6,-1,LONG,0.01413,0.1104,1.43455,1.38571,0.04884,0.5997,MIDDLE_THIRD,0,0,1,1,2018-01-28T23:00:00Z,55,FILL,2018-01-28T23:00:00Z,1.415,2.9,2.05,15.6,11.04,1,14.6,10.33
2018-02-02_2018-02-04,GBPUSD.DWX,IS,2018-02-02T21:50:00Z,2018-02-04T22:05:00Z,1.41163,1.41035,-0.00128,-12.8,-1,LONG,0.01533,0.0835,1.4278,1.39797,0.02983,0.4579,MIDDLE_THIRD,0,0,0,1,2018-02-05T00:25:00Z,140,STOP,2018-02-04T23:05:00Z,1.40907,20.2,14.32,-12.8,-9.08,1,-13.8,-9.78
2018-02-09_2018-02-11,GBPUSD.DWX,IS,2018-02-09T21:50:00Z,2018-02-11T22:05:00Z,1.38277,1.38066,-0.00211,-21.1,-1,LONG,0.01783,0.1183,1.41505,1.37644,0.03861,0.1639,LOWER_THIRD,0,0,1,1,2018-02-12T00:05:00Z,120,FILL,2018-02-12T00:05:00Z,1.38277,0,0,21.1,15.28,1,20.1,14.56
2018-02-16_2018-02-18,GBPUSD.DWX,IS,2018-02-16T21:50:00Z,2018-02-18T22:05:00Z,1.40256,1.40123,-0.00133,-13.3,-1,LONG,0.01565,0.085,1.4145,1.37957,0.03493,0.6582,MIDDLE_THIRD,0,0,1,1,2018-02-18T22:40:00Z,35,FILL,2018-02-18T22:40:00Z,1.40256,0,0,13.3,9.49,1,12.3,8.78
2018-02-23_2018-02-25,GBPUSD.DWX,IS,2018-02-23T21:55:00Z,2018-02-25T22:05:00Z,1.397,1.39856,0.00156,15.6,1,SHORT,0.01373,0.1136,1.40494,1.38567,0.01927,0.588,MIDDLE_THIRD,0,0,1,1,2018-02-25T22:35:00Z,30,FILL,2018-02-25T22:35:00Z,1.397,1,0.72,15.6,11.15,1,14.6,10.44
2018-03-02_2018-03-04,GBPUSD.DWX,IS,2018-03-02T21:50:00Z,2018-03-04T22:05:00Z,1.38018,1.37885,-0.00133,-13.3,-1,LONG,0.01188,0.1119,1.40698,1.37114,0.03584,0.2522,LOWER_THIRD,0,0,1,1,2018-03-04T22:10:00Z,5,FILL,2018-03-04T22:10:00Z,1.38018,0,0,13.3,9.65,1,12.3,8.92
2018-03-09_2018-03-11,GBPUSD.DWX,IS,2018-03-09T21:50:00Z,2018-03-11T21:05:00Z,1.38497,1.38465,-0.00032,-3.2,-1,LONG,0.01091,0.0293,1.39293,1.37664,0.01629,0.5114,MIDDLE_THIRD,0,0,1,1,2018-03-11T21:05:00Z,0,FILL,2018-03-11T21:05:00Z,1.38497,0.5,0.36,3.2,2.31,1,2.2,1.59
2018-03-16_2018-03-18,GBPUSD.DWX,IS,2018-03-16T20:50:00Z,2018-03-18T21:05:00Z,1.39429,1.39349,-0.0008,-8,-1,LONG,0.00986,0.0812,1.39957,1.3841,0.01547,0.6587,MIDDLE_THIRD,0,0,1,1,2018-03-18T21:35:00Z,30,FILL,2018-03-18T21:35:00Z,1.39429,0,0,8,5.74,1,7,5.02
2018-03-23_2018-03-25,GBPUSD.DWX,IS,2018-03-23T20:50:00Z,2018-03-25T21:05:00Z,1.41331,1.41306,-0.00025,-2.5,-1,LONG,0.01056,0.0237,1.42196,1.39128,0.03068,0.7181,UPPER_THIRD,1,0,1,1,2018-03-25T21:05:00Z,0,FILL,2018-03-25T21:05:00Z,1.41331,0,0,2.5,1.77,1,1.5,1.06
2018-03-30_2018-04-01,GBPUSD.DWX,IS,2018-03-30T20:50:00Z,2018-04-01T21:05:00Z,1.40284,1.40158,-0.00126,-12.6,-1,LONG,0.01106,0.1139,1.42443,1.40105,0.02338,0.0766,LOWER_THIRD,0,0,1,1,2018-04-01T21:25:00Z,20,FILL,2018-04-01T21:25:00Z,1.40284,0,0,12.6,8.99,1,11.6,8.28
2018-04-06_2018-04-08,GBPUSD.DWX,IS,2018-04-06T20:50:00Z,2018-04-08T21:05:00Z,1.40911,1.40868,-0.00043,-4.3,-1,LONG,0.01064,0.0404,1.41059,1.39654,0.01405,0.8947,UPPER_THIRD,1,0,0,1,2018-04-08T22:50:00Z,105,STOP,2018-04-08T22:00:00Z,1.40825,4.6,3.27,-4.3,-3.05,1,-5.3,-3.76
2018-04-13_2018-04-15,GBPUSD.DWX,IS,2018-04-13T20:50:00Z,2018-04-15T21:05:00Z,1.42383,1.42299,-0.00084,-8.4,-1,LONG,0.00929,0.0904,1.42963,1.40783,0.0218,0.7339,UPPER_THIRD,1,0,1,1,2018-04-15T21:15:00Z,10,FILL,2018-04-15T21:15:00Z,1.42383,0,0,8.4,5.9,1,7.4,5.2
2018-04-20_2018-04-22,GBPUSD.DWX,IS,2018-04-20T20:50:00Z,2018-04-22T21:05:00Z,1.40077,1.39957,-0.0012,-12,-1,LONG,0.01008,0.119,1.43765,1.40043,0.03722,0.0091,LOWER_THIRD,0,0,1,1,2018-04-23T00:15:00Z,190,FILL,2018-04-23T00:15:00Z,1.40077,3.3,2.36,12,8.57,1,11,7.86
2018-04-27_2018-04-29,GBPUSD.DWX,IS,2018-04-27T20:50:00Z,2018-04-29T21:05:00Z,1.37796,1.37739,-0.00057,-5.7,-1,LONG,0.01043,0.0546,1.4031,1.37472,0.02838,0.1142,LOWER_THIRD,0,0,0,1,2018-04-30T02:00:00Z,295,STOP,2018-04-30T00:00:00Z,1.37682,6.1,4.43,-5.7,-4.14,1,-6.7,-4.86
2018-05-04_2018-05-06,GBPUSD.DWX,IS,2018-05-04T20:50:00Z,2018-05-06T21:05:00Z,1.35323,1.3533,7e-05,0.7,1,SHORT,0.01147,0.0061,1.37922,1.34862,0.0306,0.1507,LOWER_THIRD,1,0,0,1,2018-05-06T21:30:00Z,25,STOP,2018-05-06T21:05:00Z,1.35337,1.5,1.11,-0.7,-0.52,1,-1.7,-1.26
2018-05-11_2018-05-13,GBPUSD.DWX,IS,2018-05-11T20:55:00Z,2018-05-13T21:05:00Z,1.35312,1.35363,0.00051,5.1,1,SHORT,0.01092,0.0467,1.36178,1.34597,0.01581,0.4522,MIDDLE_THIRD,0,0,0,1,2018-05-15T07:55:00Z,2090,STOP,2018-05-13T21:05:00Z,1.35414,8.4,6.21,-5.1,-3.77,1,-6.1,-4.51
2018-05-18_2018-05-20,GBPUSD.DWX,IS,2018-05-18T20:55:00Z,2018-05-20T21:05:00Z,1.34681,1.34614,-0.00067,-6.7,-1,LONG,0.01033,0.0649,1.36078,1.34512,0.01566,0.1079,LOWER_THIRD,0,0,1,1,2018-05-20T21:05:00Z,0,FILL,2018-05-20T21:05:00Z,1.34681,0,0,6.7,4.98,1,5.7,4.23
2018-05-25_2018-05-27,GBPUSD.DWX,IS,2018-05-25T20:55:00Z,2018-05-27T21:05:00Z,1.32943,1.33025,0.00082,8.2,1,SHORT,0.00986,0.0832,1.34912,1.32928,0.01984,0.0076,LOWER_THIRD,1,0,0,1,2018-05-29T06:25:00Z,2000,STOP,2018-05-27T21:05:00Z,1.33107,13.3,10,-8.2,-6.16,1,-9.2,-6.92
2018-06-01_2018-06-03,GBPUSD.DWX,IS,2018-06-01T20:55:00Z,2018-06-03T21:05:00Z,1.33447,1.33359,-0.00088,-8.8,-1,LONG,0.00895,0.0984,1.33618,1.32047,0.01571,0.8912,UPPER_THIRD,1,0,1,1,2018-06-03T21:20:00Z,15,FILL,2018-06-03T21:20:00Z,1.33447,1.1,0.82,8.8,6.6,1,7.8,5.85
2018-06-08_2018-06-10,GBPUSD.DWX,IS,2018-06-08T20:55:00Z,2018-06-10T21:05:00Z,1.34013,1.34055,0.00042,4.2,1,SHORT,0.00903,0.0465,1.34721,1.32948,0.01773,0.6007,MIDDLE_THIRD,0,0,0,1,2018-06-11T06:00:00Z,535,STOP,2018-06-10T22:00:00Z,1.34097,4.5,3.36,-4.2,-3.13,1,-5.2,-3.88
2018-06-15_2018-06-17,GBPUSD.DWX,IS,2018-06-15T20:55:00Z,2018-06-17T21:05:00Z,1.32766,1.3268,-0.00086,-8.6,-1,LONG,0.00974,0.0883,1.34464,1.32111,0.02353,0.2784,LOWER_THIRD,0,0,1,1,2018-06-17T21:15:00Z,10,FILL,2018-06-17T21:15:00Z,1.32766,7,5.28,8.6,6.48,1,7.6,5.73
2018-06-22_2018-06-24,GBPUSD.DWX,IS,2018-06-22T20:55:00Z,2018-06-24T21:05:00Z,1.32618,1.32479,-0.00139,-13.9,-1,LONG,0.00995,0.1397,1.33146,1.31019,0.02127,0.7518,UPPER_THIRD,1,0,1,1,2018-06-24T21:05:00Z,0,FILL,2018-06-24T21:05:00Z,1.32618,0.6,0.45,13.9,10.49,1,12.9,9.74
2018-06-29_2018-07-01,GBPUSD.DWX,IS,2018-06-29T20:55:00Z,2018-07-01T21:05:00Z,1.32044,1.31864,-0.0018,-18,-1,LONG,0.01044,0.1724,1.32919,1.30494,0.02425,0.6392,MIDDLE_THIRD,0,0,1,1,2018-07-01T22:25:00Z,80,FILL,2018-07-01T22:25:00Z,1.32044,1.8,1.37,18,13.65,1,17,12.89
2018-07-06_2018-07-08,GBPUSD.DWX,IS,2018-07-06T20:55:00Z,2018-07-08T21:05:00Z,1.32845,1.33161,0.00316,31.6,1,SHORT,0.01008,0.3136,1.329,1.30948,0.01952,0.9718,UPPER_THIRD,0,1,0,1,2018-07-09T14:05:00Z,1020,STOP,2018-07-09T08:05:00Z,1.33477,34.3,25.76,-31.6,-23.73,1,-32.6,-24.48
2018-07-13_2018-07-15,GBPUSD.DWX,IS,2018-07-13T20:55:00Z,2018-07-15T21:05:00Z,1.32335,1.32272,-0.00063,-6.3,-1,LONG,0.01019,0.0618,1.33625,1.31027,0.02598,0.5035,MIDDLE_THIRD,0,0,1,1,2018-07-16T00:35:00Z,210,FILL,2018-07-16T00:35:00Z,1.32335,3.6,2.72,6.3,4.76,1,5.3,4.01
2018-07-20_2018-07-22,GBPUSD.DWX,IS,2018-07-20T20:55:00Z,2018-07-22T21:05:00Z,1.31297,1.31194,-0.00103,-10.3,-1,LONG,0.01083,0.0951,1.32925,1.29573,0.03352,0.5143,MIDDLE_THIRD,0,0,1,1,2018-07-22T22:00:00Z,55,FILL,2018-07-22T22:00:00Z,1.31297,0.1,0.08,10.3,7.85,1,9.3,7.09
2018-07-27_2018-07-29,GBPUSD.DWX,IS,2018-07-27T20:55:00Z,2018-07-29T21:05:00Z,1.30971,1.31012,0.00041,4.1,1,SHORT,0.01002,0.0409,1.32131,1.30716,0.01415,0.1802,LOWER_THIRD,1,0,0,1,2018-07-29T21:10:00Z,5,STOP,2018-07-29T21:05:00Z,1.31053,5.7,4.35,-4.1,-3.13,1,-5.1,-3.89
2018-08-03_2018-08-05,GBPUSD.DWX,IS,2018-08-03T20:55:00Z,2018-08-05T21:05:00Z,1.29909,1.30006,0.00097,9.7,1,SHORT,0.00956,0.1015,1.31725,1.29754,0.01971,0.0786,LOWER_THIRD,1,0,1,1,2018-08-05T21:45:00Z,40,FILL,2018-08-05T21:45:00Z,1.29909,2.5,1.92,9.7,7.46,1,8.7,6.69
2018-08-10_2018-08-12,GBPUSD.DWX,IS,2018-08-10T20:55:00Z,2018-08-12T21:05:00Z,1.27644,1.27423,-0.00221,-22.1,-1,LONG,0.00808,0.2734,1.30057,1.2723,0.02827,0.1464,LOWER_THIRD,0,0,1,1,2018-08-12T22:15:00Z,70,FILL,2018-08-12T22:15:00Z,1.27644,0,0,22.1,17.34,1,21.1,16.56
2018-08-17_2018-08-19,GBPUSD.DWX,IS,2018-08-17T20:55:00Z,2018-08-19T21:05:00Z,1.27428,1.27414,-0.00014,-1.4,-1,LONG,0.00815,0.0172,1.2827,1.26617,0.01653,0.4906,MIDDLE_THIRD,0,0,1,1,2018-08-19T21:05:00Z,0,FILL,2018-08-19T21:05:00Z,1.27428,0.4,0.31,1.4,1.1,1,0.4,0.31
2018-08-24_2018-08-26,GBPUSD.DWX,IS,2018-08-24T20:55:00Z,2018-08-26T21:05:00Z,1.28454,1.28336,-0.00118,-11.8,-1,LONG,0.00861,0.1371,1.29361,1.27294,0.02067,0.5612,MIDDLE_THIRD,0,0,1,1,2018-08-26T21:10:00Z,5,FILL,2018-08-26T21:10:00Z,1.28454,0,0,11.8,9.19,1,10.8,8.42
2018-08-31_2018-09-02,GBPUSD.DWX,IS,2018-08-31T20:55:00Z,2018-09-02T21:05:00Z,1.29514,1.2897,-0.00544,-54.4,-1,LONG,0.00895,0.6076,1.30423,1.28288,0.02135,0.5742,MIDDLE_THIRD,0,1,0,1,2018-09-05T13:05:00Z,3840,TIMESTOP,2018-09-03T12:00:00Z,1.28671,33.8,26.21,-29.9,-23.18,1,-30.9,-23.96
2018-09-07_2018-09-09,GBPUSD.DWX,IS,2018-09-07T20:55:00Z,2018-09-09T21:05:00Z,1.29149,1.29203,0.00054,5.4,1,SHORT,0.01006,0.0537,1.30281,1.27852,0.02429,0.534,MIDDLE_THIRD,0,0,0,1,2018-09-09T22:00:00Z,55,STOP,2018-09-09T22:00:00Z,1.29257,8.3,6.42,-5.4,-4.18,1,-6.4,-4.95
2018-09-14_2018-09-16,GBPUSD.DWX,IS,2018-09-14T20:55:00Z,2018-09-16T21:05:00Z,1.30608,1.30636,0.00028,2.8,1,SHORT,0.01077,0.026,1.31425,1.28968,0.02457,0.6675,UPPER_THIRD,0,0,0,1,2018-09-21T14:15:00Z,6790,STOP,2018-09-16T21:05:00Z,1.30664,6.4,4.9,-2.8,-2.14,1,-3.8,-2.91
2018-09-21_2018-09-23,GBPUSD.DWX,IS,2018-09-21T20:55:00Z,2018-09-23T21:00:00Z,1.30769,1.3067,-0.00099,-9.9,-1,LONG,0.01194,0.0829,1.32977,1.30557,0.0242,0.0876,LOWER_THIRD,0,0,1,1,2018-09-23T21:00:00Z,0,FILL,2018-09-23T21:00:00Z,1.30769,0,0,9.9,7.58,1,8.9,6.81
2018-09-28_2018-09-30,GBPUSD.DWX,IS,2018-09-28T20:55:00Z,2018-09-30T21:05:00Z,1.30276,1.30354,0.00078,7.8,1,SHORT,0.01103,0.0707,1.32177,1.30009,0.02168,0.1232,LOWER_THIRD,1,0,1,1,2018-09-30T21:15:00Z,10,FILL,2018-09-30T21:15:00Z,1.30276,2.5,1.92,7.8,5.98,1,6.8,5.22
2018-10-05_2018-10-07,GBPUSD.DWX,IS,2018-10-05T20:55:00Z,2018-10-07T21:05:00Z,1.31102,1.31165,0.00063,6.3,1,SHORT,0.01128,0.0559,1.3123,1.29219,0.02011,0.9364,UPPER_THIRD,0,0,1,1,2018-10-07T21:05:00Z,0,FILL,2018-10-07T21:05:00Z,1.31102,3.5,2.67,6.3,4.8,1,5.3,4.04
2018-10-12_2018-10-14,GBPUSD.DWX,IS,2018-10-12T20:55:00Z,2018-10-14T21:05:00Z,1.31483,1.30839,-0.00644,-64.4,-1,LONG,0.01005,0.6406,1.32575,1.30281,0.02294,0.524,MIDDLE_THIRD,0,1,1,1,2018-10-15T09:20:00Z,735,FILL,2018-10-15T09:20:00Z,1.31483,0,0,64.4,49.22,1,63.4,48.46
2018-10-19_2018-10-21,GBPUSD.DWX,IS,2018-10-19T20:55:00Z,2018-10-21T21:05:00Z,1.30668,1.30605,-0.00063,-6.3,-1,LONG,0.01023,0.0616,1.32357,1.30112,0.02245,0.2477,LOWER_THIRD,0,0,1,1,2018-10-21T21:30:00Z,25,FILL,2018-10-21T21:30:00Z,1.30668,1.5,1.15,6.3,4.82,1,5.3,4.06
2018-10-26_2018-10-28,GBPUSD.DWX,IS,2018-10-26T20:55:00Z,2018-10-28T21:05:00Z,1.28199,1.28224,0.00025,2.5,1,SHORT,0.01028,0.0243,1.30897,1.27766,0.03131,0.1383,LOWER_THIRD,1,0,0,1,2018-10-29T08:25:00Z,680,STOP,2018-10-28T22:00:00Z,1.28249,7.4,5.77,-2.5,-1.95,1,-3.5,-2.73
2018-11-02_2018-11-04,GBPUSD.DWX,IS,2018-11-02T20:55:00Z,2018-11-04T22:05:00Z,1.29608,1.30108,0.005,50,1,SHORT,0.01166,0.4289,1.30407,1.26957,0.0345,0.7684,UPPER_THIRD,0,1,0,1,2018-11-09T20:35:00Z,7110,TIMESTOP,2018-11-05T12:00:00Z,1.30028,16.2,12.45,8,6.15,1,7,5.38
2018-11-09_2018-11-11,GBPUSD.DWX,IS,2018-11-09T21:55:00Z,2018-11-11T22:05:00Z,1.2967,1.29211,-0.00459,-45.9,-1,LONG,0.01134,0.4049,1.31743,1.29579,0.02164,0.0421,LOWER_THIRD,0,1,0,1,2018-11-13T13:15:00Z,2350,STOP,2018-11-12T06:40:00Z,1.28752,51.7,40.01,-45.9,-35.52,1,-46.9,-36.3
2018-11-16_2018-11-18,GBPUSD.DWX,IS,2018-11-16T21:55:00Z,2018-11-18T22:05:00Z,1.28216,1.28354,0.00138,13.8,1,SHORT,0.01486,0.0929,1.30717,1.27232,0.03485,0.2824,LOWER_THIRD,1,0,1,1,2018-11-19T05:05:00Z,420,FILL,2018-11-19T05:05:00Z,1.28216,7.1,5.53,13.8,10.75,1,12.8,9.97
2018-11-23_2018-11-25,GBPUSD.DWX,IS,2018-11-23T21:55:00Z,2018-11-25T22:05:00Z,1.28008,1.28215,0.00207,20.7,1,SHORT,0.01337,0.1548,1.29271,1.27641,0.0163,0.2252,LOWER_THIRD,1,0,1,1,2018-11-26T01:40:00Z,215,FILL,2018-11-26T01:40:00Z,1.28008,6.3,4.91,20.7,16.14,1,19.7,15.36
2018-11-30_2018-12-02,GBPUSD.DWX,IS,2018-11-30T21:55:00Z,2018-12-02T22:05:00Z,1.27514,1.27378,-0.00136,-13.6,-1,LONG,0.01269,0.1071,1.28637,1.27252,0.01385,0.1892,LOWER_THIRD,0,0,1,1,2018-12-02T23:35:00Z,90,FILL,2018-12-02T23:35:00Z,1.27514,5.2,4.08,13.6,10.68,1,12.6,9.89
2018-12-07_2018-12-09,GBPUSD.DWX,IS,2018-12-07T21:50:00Z,2018-12-09T22:05:00Z,1.27349,1.27061,-0.00288,-28.8,-1,LONG,0.01058,0.2723,1.28392,1.26588,0.01804,0.4218,MIDDLE_THIRD,0,0,1,1,2018-12-10T01:20:00Z,195,FILL,2018-12-10T01:20:00Z,1.27349,0,0,28.8,22.67,1,27.8,21.88
2018-12-14_2018-12-16,GBPUSD.DWX,IS,2018-12-14T21:50:00Z,2018-12-16T22:05:00Z,1.25807,1.2565,-0.00157,-15.7,-1,LONG,0.01307,0.1201,1.27598,1.24765,0.02833,0.3678,MIDDLE_THIRD,0,0,1,1,2018-12-16T22:05:00Z,0,FILL,2018-12-16T22:05:00Z,1.25807,3,2.39,15.7,12.5,1,14.7,11.7
2018-12-21_2018-12-23,GBPUSD.DWX,IS,2018-12-21T21:50:00Z,2018-12-23T22:05:00Z,1.26357,1.26444,0.00087,8.7,1,SHORT,0.01256,0.0693,1.27071,1.2562,0.01451,0.5079,MIDDLE_THIRD,0,0,0,1,2018-12-24T10:45:00Z,760,STOP,2018-12-24T00:10:00Z,1.26531,9.2,7.28,-8.7,-6.88,1,-9.7,-7.67
2018-12-28_2018-12-30,GBPUSD.DWX,IS,2018-12-28T21:50:00Z,2018-12-30T22:05:00Z,1.26929,1.2691,-0.00019,-1.9,-1,LONG,0.01132,0.0168,1.27385,1.26156,0.01229,0.629,MIDDLE_THIRD,0,0,1,1,2018-12-30T22:25:00Z,20,FILL,2018-12-30T22:25:00Z,1.26929,0,0,1.9,1.5,1,0.9,0.71
2019-01-04_2019-01-06,GBPUSD.DWX,IS,2019-01-04T21:50:00Z,2019-01-06T22:05:00Z,1.27266,1.27163,-0.00103,-10.3,-1,LONG,0.01134,0.0908,1.28143,1.24055,0.04088,0.7855,UPPER_THIRD,1,0,1,1,2019-01-06T22:55:00Z,50,FILL,2019-01-06T22:55:00Z,1.27266,6.9,5.43,10.3,8.1,1,9.3,7.31
2019-01-11_2019-01-13,GBPUSD.DWX,IS,2019-01-11T21:50:00Z,2019-01-13T22:05:00Z,1.28392,1.28538,0.00146,14.6,1,SHORT,0.0114,0.1281,1.2866,1.27066,0.01594,0.8319,UPPER_THIRD,0,0,1,1,2019-01-14T06:30:00Z,505,FILL,2019-01-14T06:30:00Z,1.28392,11.4,8.87,14.6,11.36,1,13.6,10.58
2019-01-18_2019-01-20,GBPUSD.DWX,IS,2019-01-18T21:50:00Z,2019-01-20T22:05:00Z,1.28725,1.28727,2e-05,0.2,1,SHORT,0.01378,0.0015,1.30007,1.26685,0.03322,0.6141,MIDDLE_THIRD,0,0,0,1,2019-01-20T22:05:00Z,0,STOP,2019-01-20T22:05:00Z,1.28729,5.2,4.04,-0.2,-0.16,1,-1.2,-0.93
2019-01-25_2019-01-27,GBPUSD.DWX,IS,2019-01-25T21:50:00Z,2019-01-27T22:05:00Z,1.31974,1.31859,-0.00115,-11.5,-1,LONG,0.01241,0.0927,1.32179,1.28303,0.03876,0.9471,UPPER_THIRD,1,0,1,1,2019-01-27T22:10:00Z,5,FILL,2019-01-27T22:10:00Z,1.31974,0,0,11.5,8.72,1,10.5,7.96
2019-02-01_2019-02-03,GBPUSD.DWX,IS,2019-02-01T21:50:00Z,2019-02-03T22:05:00Z,1.30769,1.307,-0.00069,-6.9,-1,LONG,0.01181,0.0584,1.32111,1.30431,0.0168,0.2012,LOWER_THIRD,0,0,0,1,2019-02-03T22:25:00Z,20,STOP,2019-02-03T22:05:00Z,1.30631,8.4,6.43,-6.9,-5.28,1,-7.9,-6.04
2019-02-08_2019-02-10,GBPUSD.DWX,IS,2019-02-08T21:50:00Z,2019-02-10T22:05:00Z,1.29404,1.29277,-0.00127,-12.7,-1,LONG,0.01,0.127,1.31034,1.28539,0.02495,0.3467,MIDDLE_THIRD,0,0,0,1,2019-02-13T11:55:00Z,3710,STOP,2019-02-11T07:50:00Z,1.2915,19,14.7,-12.7,-9.82,1,-13.7,-10.6
2019-02-15_2019-02-17,GBPUSD.DWX,IS,2019-02-15T21:50:00Z,2019-02-17T22:05:00Z,1.28881,1.29041,0.0016,16,1,SHORT,0.00949,0.1686,1.29593,1.27729,0.01864,0.618,MIDDLE_THIRD,0,0,0,0,,,STOP,2019-02-18T02:40:00Z,1.29201,16.2,12.55,-16,-12.4,1,-17,-13.17
2019-02-22_2019-02-24,GBPUSD.DWX,IS,2019-02-22T21:50:00Z,2019-02-24T22:05:00Z,1.30541,1.30499,-0.00042,-4.2,-1,LONG,0.00993,0.0423,1.31092,1.28916,0.02176,0.7468,UPPER_THIRD,1,0,1,1,2019-02-24T22:05:00Z,0,FILL,2019-02-24T22:05:00Z,1.30541,0,0,4.2,3.22,1,3.2,2.45
2019-03-01_2019-03-03,GBPUSD.DWX,IS,2019-03-01T21:50:00Z,2019-03-03T22:05:00Z,1.32107,1.32397,0.0029,29,1,SHORT,0.01052,0.2756,1.33501,1.30497,0.03004,0.536,MIDDLE_THIRD,0,0,1,1,2019-03-04T11:00:00Z,775,FILL,2019-03-04T11:00:00Z,1.32107,14.5,10.95,29,21.9,1,28,21.15
2019-03-08_2019-03-10,GBPUSD.DWX,IS,2019-03-08T21:50:00Z,2019-03-10T21:05:00Z,1.30181,1.29693,-0.00488,-48.8,-1,LONG,0.01068,0.4571,1.32542,1.29899,0.02643,0.1067,LOWER_THIRD,0,1,1,1,2019-03-11T08:00:00Z,655,FILL,2019-03-11T08:00:00Z,1.30181,8.8,6.79,48.8,37.63,1,47.8,36.86
2019-03-15_2019-03-17,GBPUSD.DWX,IS,2019-03-15T20:50:00Z,2019-03-17T21:05:00Z,1.32926,1.32949,0.00023,2.3,1,SHORT,0.01442,0.016,1.33814,1.29605,0.04209,0.789,UPPER_THIRD,0,0,1,1,2019-03-17T21:05:00Z,0,FILL,2019-03-17T21:05:00Z,1.32926,2.2,1.65,2.3,1.73,1,1.3,0.98
2019-03-22_2019-03-24,GBPUSD.DWX,IS,2019-03-22T20:50:00Z,2019-03-24T21:05:00Z,1.32094,1.3214,0.00046,4.6,1,SHORT,0.01514,0.0304,1.33114,1.30034,0.0308,0.6688,UPPER_THIRD,0,0,1,1,2019-03-24T21:15:00Z,10,FILL,2019-03-24T21:15:00Z,1.32094,1.7,1.29,4.6,3.48,1,3.6,2.72
2019-03-29_2019-03-31,GBPUSD.DWX,IS,2019-03-29T20:50:00Z,2019-03-31T21:05:00Z,1.30298,1.30374,0.00076,7.6,1,SHORT,0.01532,0.0496,1.3269,1.29768,0.02922,0.1814,LOWER_THIRD,1,0,1,1,2019-03-31T21:15:00Z,10,FILL,2019-03-31T21:15:00Z,1.30298,6.5,4.99,7.6,5.83,1,6.6,5.06
2019-04-05_2019-04-07,GBPUSD.DWX,IS,2019-04-05T20:50:00Z,2019-04-07T21:05:00Z,1.30359,1.30209,-0.0015,-15,-1,LONG,0.01298,0.1156,1.31962,1.29871,0.02091,0.2334,LOWER_THIRD,0,0,1,1,2019-04-07T21:10:00Z,5,FILL,2019-04-07T21:10:00Z,1.30359,3,2.3,15,11.52,1,14,10.75
2019-04-12_2019-04-14,GBPUSD.DWX,IS,2019-04-12T20:50:00Z,2019-04-14T21:05:00Z,1.30737,1.30695,-0.00042,-4.2,-1,LONG,0.01102,0.0381,1.31324,1.30179,0.01145,0.4873,MIDDLE_THIRD,0,0,1,1,2019-04-14T21:05:00Z,0,FILL,2019-04-14T21:05:00Z,1.30737,0,0,4.2,3.21,1,3.2,2.45
2019-04-19_2019-04-21,GBPUSD.DWX,IS,2019-04-19T20:50:00Z,2019-04-21T21:05:00Z,1.29859,1.29854,-5e-05,-0.5,-1,LONG,0.00789,0.0063,1.3119,1.29784,0.01406,0.0533,LOWER_THIRD,0,0,0,1,2019-04-21T21:05:00Z,0,STOP,2019-04-21T21:05:00Z,1.29849,1,0.77,-0.5,-0.39,1,-1.5,-1.16
2019-04-26_2019-04-28,GBPUSD.DWX,IS,2019-04-26T20:50:00Z,2019-04-28T21:05:00Z,1.29164,1.29125,-0.00039,-3.9,-1,LONG,0.00627,0.0622,1.30191,1.28656,0.01535,0.3309,LOWER_THIRD,0,0,1,1,2019-04-28T21:05:00Z,0,FILL,2019-04-28T21:05:00Z,1.29164,1,0.77,3.9,3.02,1,2.9,2.25
2019-05-03_2019-05-05,GBPUSD.DWX,IS,2019-05-03T20:50:00Z,2019-05-05T21:05:00Z,1.31753,1.31409,-0.00344,-34.4,-1,LONG,0.00716,0.4801,1.31767,1.29048,0.02719,0.9949,UPPER_THIRD,1,1,0,0,,,STOP,2019-05-06T09:55:00Z,1.31065,41.2,31.35,-34.4,-26.18,1,-35.4,-26.94
2019-05-10_2019-05-12,GBPUSD.DWX,IS,2019-05-10T20:50:00Z,2019-05-12T21:05:00Z,1.29997,1.29992,-5e-05,-0.5,-1,LONG,0.00846,0.0059,1.31709,1.29672,0.02037,0.1595,LOWER_THIRD,0,0,1,1,2019-05-12T21:05:00Z,0,FILL,2019-05-12T21:05:00Z,1.29997,0,0,0.5,0.38,1,-0.5,-0.38
2019-05-17_2019-05-19,GBPUSD.DWX,IS,2019-05-17T20:55:00Z,2019-05-19T21:00:00Z,1.27106,1.2732,0.00214,21.4,1,SHORT,0.0091,0.2353,1.30408,1.27106,0.03302,0,LOWER_THIRD,1,0,0,1,2019-05-21T06:20:00Z,2000,STOP,2019-05-20T07:50:00Z,1.27534,21.8,17.12,-21.4,-16.81,1,-22.4,-17.59
2019-05-24_2019-05-26,GBPUSD.DWX,IS,2019-05-24T20:55:00Z,2019-05-26T21:05:00Z,1.2706,1.27221,0.00161,16.1,1,SHORT,0.00831,0.1938,1.28145,1.26052,0.02093,0.4816,MIDDLE_THIRD,0,0,0,1,2019-05-27T08:55:00Z,710,STOP,2019-05-27T04:25:00Z,1.27382,16.4,12.89,-16.1,-12.66,1,-17.1,-13.44
2019-05-31_2019-06-02,GBPUSD.DWX,IS,2019-05-31T20:50:00Z,2019-06-02T21:05:00Z,1.26281,1.26267,-0.00014,-1.4,-1,LONG,0.00778,0.018,1.27477,1.25591,0.01886,0.3659,MIDDLE_THIRD,0,0,0,1,2019-06-02T21:05:00Z,0,STOP,2019-06-02T21:05:00Z,1.26253,8.8,6.97,-1.4,-1.11,1,-2.4,-1.9
2019-06-07_2019-06-09,GBPUSD.DWX,IS,2019-06-07T20:50:00Z,2019-06-09T21:05:00Z,1.27358,1.27296,-0.00062,-6.2,-1,LONG,0.00769,0.0806,1.2763,1.26101,0.01529,0.8221,UPPER_THIRD,1,0,0,1,2019-06-09T21:05:00Z,0,STOP,2019-06-09T21:05:00Z,1.27234,7.6,5.97,-6.2,-4.87,1,-7.2,-5.66
2019-06-14_2019-06-16,GBPUSD.DWX,IS,2019-06-14T20:50:00Z,2019-06-16T21:05:00Z,1.25878,1.2581,-0.00068,-6.8,-1,LONG,0.00705,0.0965,1.27584,1.258,0.01784,0.0437,LOWER_THIRD,0,0,1,1,2019-06-16T21:20:00Z,15,FILL,2019-06-16T21:20:00Z,1.25878,3.6,2.86,6.8,5.4,1,5.8,4.61
2019-06-21_2019-06-23,GBPUSD.DWX,IS,2019-06-21T20:50:00Z,2019-06-23T21:05:00Z,1.27447,1.27398,-0.00049,-4.9,-1,LONG,0.00803,0.061,1.27467,1.25061,0.02406,0.9917,UPPER_THIRD,1,0,0,1,2019-06-23T22:05:00Z,60,STOP,2019-06-23T21:05:00Z,1.27349,5.6,4.4,-4.9,-3.85,1,-5.9,-4.63
2019-06-28_2019-06-30,GBPUSD.DWX,IS,2019-06-28T20:50:00Z,2019-06-30T21:05:00Z,1.26963,1.27013,0.0005,5,1,SHORT,0.00785,0.0637,1.27839,1.26602,0.01237,0.2918,LOWER_THIRD,1,0,1,1,2019-06-30T21:05:00Z,0,FILL,2019-06-30T21:05:00Z,1.26963,0,0,5,3.94,1,4,3.15
2019-07-05_2019-07-07,GBPUSD.DWX,IS,2019-07-05T20:50:00Z,2019-07-07T21:05:00Z,1.2527,1.25254,-0.00016,-1.6,-1,LONG,0.00754,0.0212,1.27055,1.24812,0.02243,0.2042,LOWER_THIRD,0,0,1,1,2019-07-07T21:20:00Z,15,FILL,2019-07-07T21:20:00Z,1.2527,0.4,0.32,1.6,1.28,1,0.6,0.48
2019-07-12_2019-07-14,GBPUSD.DWX,IS,2019-07-12T20:50:00Z,2019-07-14T21:05:00Z,1.25763,1.25482,-0.00281,-28.1,-1,LONG,0.00676,0.4158,1.25788,1.24392,0.01396,0.9821,UPPER_THIRD,1,1,1,1,2019-07-14T22:00:00Z,55,FILL,2019-07-14T22:00:00Z,1.25763,0,0,28.1,22.39,1,27.1,21.6
2019-07-19_2019-07-21,GBPUSD.DWX,IS,2019-07-19T20:50:00Z,2019-07-21T21:05:00Z,1.25053,1.24829,-0.00224,-22.4,-1,LONG,0.00756,0.2962,1.25779,1.2382,0.01959,0.6294,MIDDLE_THIRD,0,0,1,1,2019-07-21T21:15:00Z,10,FILL,2019-07-21T21:15:00Z,1.25053,1.3,1.04,22.4,17.94,1,21.4,17.14
2019-07-26_2019-07-28,GBPUSD.DWX,IS,2019-07-26T20:50:00Z,2019-07-28T21:05:00Z,1.23838,1.23751,-0.00087,-8.7,-1,LONG,0.0083,0.1048,1.25222,1.23759,0.01463,0.054,LOWER_THIRD,0,0,0,0,,,STOP,2019-07-29T02:05:00Z,1.23664,8.7,7.03,-8.7,-7.03,1,-9.7,-7.84
2019-08-02_2019-08-04,GBPUSD.DWX,IS,2019-08-02T20:50:00Z,2019-08-04T21:05:00Z,1.21617,1.21269,-0.00348,-34.8,-1,LONG,0.00976,0.3567,1.23834,1.20795,0.03039,0.2705,LOWER_THIRD,0,1,1,1,2019-08-05T00:25:00Z,200,FILL,2019-08-05T00:25:00Z,1.21617,0,0,34.8,28.7,1,33.8,27.87
2019-08-09_2019-08-11,GBPUSD.DWX,IS,2019-08-09T20:50:00Z,2019-08-11T21:05:00Z,1.20249,1.20451,0.00202,20.2,1,SHORT,0.00952,0.2122,1.22094,1.20236,0.01858,0.007,LOWER_THIRD,1,0,1,1,2019-08-11T22:40:00Z,95,FILL,2019-08-11T22:40:00Z,1.20249,4,3.32,20.2,16.77,1,19.2,15.94
2019-08-16_2019-08-18,GBPUSD.DWX,IS,2019-08-16T20:50:00Z,2019-08-18T21:05:00Z,1.21431,1.21521,0.0009,9,1,SHORT,0.00886,0.1015,1.21754,1.20149,0.01605,0.7988,UPPER_THIRD,0,0,1,1,2019-08-18T22:00:00Z,55,FILL,2019-08-18T22:00:00Z,1.21431,5.3,4.36,9,7.41,1,8,6.58
2019-08-23_2019-08-25,GBPUSD.DWX,IS,2019-08-23T20:50:00Z,2019-08-25T21:05:00Z,1.22922,1.22699,-0.00223,-22.3,-1,LONG,0.00908,0.2457,1.22932,1.20639,0.02293,0.9956,UPPER_THIRD,1,0,0,1,2019-08-27T13:15:00Z,2410,STOP,2019-08-26T08:10:00Z,1.22476,22.6,18.42,-22.3,-18.17,1,-23.3,-18.99
2019-08-30_2019-09-01,GBPUSD.DWX,IS,2019-08-30T20:50:00Z,2019-09-01T21:05:00Z,1.21642,1.21478,-0.00164,-16.4,-1,LONG,0.00922,0.1779,1.23096,1.21391,0.01705,0.1472,LOWER_THIRD,0,0,1,1,2019-09-01T23:30:00Z,145,FILL,2019-09-01T23:30:00Z,1.21642,8.1,6.67,16.4,13.5,1,15.4,12.68
2019-09-06_2019-09-08,GBPUSD.DWX,IS,2019-09-06T20:50:00Z,2019-09-08T21:05:00Z,1.22869,1.22724,-0.00145,-14.5,-1,LONG,0.01141,0.1271,1.23534,1.19582,0.03952,0.8317,UPPER_THIRD,1,0,1,1,2019-09-08T23:05:00Z,120,FILL,2019-09-08T23:05:00Z,1.22869,4,3.26,14.5,11.82,1,13.5,11
2019-09-13_2019-09-15,GBPUSD.DWX,IS,2019-09-13T20:50:00Z,2019-09-15T21:05:00Z,1.25046,1.24769,-0.00277,-27.7,-1,LONG,0.01156,0.2397,1.25057,1.2233,0.02727,0.996,UPPER_THIRD,1,0,0,1,2019-09-17T17:00:00Z,2635,STOP,2019-09-16T07:05:00Z,1.24492,29.3,23.48,-27.7,-22.2,1,-28.7,-23
2019-09-20_2019-09-22,GBPUSD.DWX,IS,2019-09-20T20:50:00Z,2019-09-22T21:05:00Z,1.24691,1.24653,-0.00038,-3.8,-1,LONG,0.01182,0.0321,1.25824,1.23921,0.01903,0.4046,MIDDLE_THIRD,0,0,1,1,2019-09-22T21:05:00Z,0,FILL,2019-09-22T21:05:00Z,1.24691,0,0,3.8,3.05,1,2.8,2.25
2019-09-27_2019-09-29,GBPUSD.DWX,IS,2019-09-27T20:50:00Z,2019-09-29T21:05:00Z,1.22885,1.22863,-0.00022,-2.2,-1,LONG,0.01011,0.0218,1.25032,1.22705,0.02327,0.0774,LOWER_THIRD,0,0,0,1,2019-09-29T21:05:00Z,0,STOP,2019-09-29T21:05:00Z,1.22841,4.1,3.34,-2.2,-1.79,1,-3.2,-2.6
2019-10-04_2019-10-06,GBPUSD.DWX,IS,2019-10-04T20:50:00Z,2019-10-06T21:05:00Z,1.23328,1.23004,-0.00324,-32.4,-1,LONG,0.01032,0.314,1.24129,1.22048,0.02081,0.6151,MIDDLE_THIRD,0,1,1,1,2019-10-06T22:05:00Z,60,FILL,2019-10-06T22:05:00Z,1.23328,0,0,32.4,26.34,1,31.4,25.53
2019-10-11_2019-10-13,GBPUSD.DWX,IS,2019-10-11T20:50:00Z,2019-10-13T21:05:00Z,1.26463,1.26257,-0.00206,-20.6,-1,LONG,0.01236,0.1666,1.27071,1.21949,0.05122,0.8813,UPPER_THIRD,1,0,0,1,2019-10-14T14:20:00Z,1035,STOP,2019-10-14T00:00:00Z,1.26051,21.4,16.95,-20.6,-16.32,1,-21.6,-17.11
2019-10-18_2019-10-20,GBPUSD.DWX,IS,2019-10-18T20:50:00Z,2019-10-20T21:05:00Z,1.29505,1.2939,-0.00115,-11.5,-1,LONG,0.01568,0.0733,1.29899,1.25158,0.04741,0.9169,UPPER_THIRD,1,0,0,1,2019-10-21T07:55:00Z,650,STOP,2019-10-20T21:20:00Z,1.29275,13.6,10.51,-11.5,-8.89,1,-12.5,-9.66
2019-10-25_2019-10-27,GBPUSD.DWX,IS,2019-10-25T20:50:00Z,2019-10-27T21:05:00Z,1.28303,1.28106,-0.00197,-19.7,-1,LONG,0.01617,0.1218,1.30123,1.27885,0.02238,0.1868,LOWER_THIRD,0,0,1,1,2019-10-27T21:10:00Z,5,FILL,2019-10-27T21:10:00Z,1.28303,0.1,0.08,19.7,15.38,1,18.7,14.6
2019-11-01_2019-11-03,GBPUSD.DWX,IS,2019-11-01T20:50:00Z,2019-11-03T22:05:00Z,1.29403,1.29272,-0.00131,-13.1,-1,LONG,0.01228,0.1067,1.29756,1.28063,0.01693,0.7915,UPPER_THIRD,1,0,1,1,2019-11-03T23:35:00Z,90,FILL,2019-11-03T23:35:00Z,1.29403,0,0,13.1,10.13,1,12.1,9.36
2019-11-08_2019-11-10,GBPUSD.DWX,IS,2019-11-08T21:50:00Z,2019-11-10T22:05:00Z,1.27798,1.27897,0.00099,9.9,1,SHORT,0.00794,0.1246,1.29425,1.27684,0.01741,0.0655,LOWER_THIRD,1,0,0,0,,,STOP,2019-11-11T07:00:00Z,1.27996,10,7.82,-9.9,-7.74,1,-10.9,-8.52
2019-11-15_2019-11-17,GBPUSD.DWX,IS,2019-11-15T21:50:00Z,2019-11-17T22:05:00Z,1.29014,1.29125,0.00111,11.1,1,SHORT,0.00672,0.1653,1.29192,1.27854,0.01338,0.867,UPPER_THIRD,0,0,0,1,2019-11-20T01:30:00Z,3085,STOP,2019-11-18T02:15:00Z,1.29236,13.8,10.69,-11.1,-8.6,1,-12.1,-9.37
2019-11-22_2019-11-24,GBPUSD.DWX,IS,2019-11-22T21:50:00Z,2019-11-24T22:05:00Z,1.28319,1.28511,0.00192,19.2,1,SHORT,0.00681,0.2821,1.2986,1.28234,0.01626,0.0523,LOWER_THIRD,1,0,0,1,2019-11-27T07:40:00Z,3455,STOP,2019-11-25T07:55:00Z,1.28703,22.2,17.27,-19.2,-14.94,1,-20.2,-15.72
2019-11-29_2019-12-01,GBPUSD.DWX,IS,2019-11-29T21:50:00Z,2019-12-01T22:05:00Z,1.29359,1.29136,-0.00223,-22.3,-1,LONG,0.00672,0.332,1.29511,1.28274,0.01237,0.8771,UPPER_THIRD,1,1,0,1,2019-12-02T13:00:00Z,895,TIMESTOP,2019-12-02T12:00:00Z,1.29199,17.6,13.63,6.3,4.88,1,5.3,4.1
2019-12-06_2019-12-08,GBPUSD.DWX,IS,2019-12-06T21:50:00Z,2019-12-08T22:05:00Z,1.31358,1.31338,-0.0002,-2,-1,LONG,0.00744,0.0269,1.31662,1.2896,0.02702,0.8875,UPPER_THIRD,1,0,1,1,2019-12-08T22:05:00Z,0,FILL,2019-12-08T22:05:00Z,1.31358,0.1,0.08,2,1.52,1,1,0.76
2019-12-13_2019-12-15,GBPUSD.DWX,IS,2019-12-13T21:50:00Z,2019-12-15T22:05:00Z,1.33342,1.33384,0.00042,4.2,1,SHORT,0.01038,0.0405,1.35142,1.305,0.04642,0.6122,MIDDLE_THIRD,0,0,0,1,2019-12-16T09:30:00Z,685,STOP,2019-12-15T22:35:00Z,1.33426,5.2,3.9,-4.2,-3.15,1,-5.2,-3.9
2019-12-20_2019-12-22,GBPUSD.DWX,IS,2019-12-20T21:50:00Z,2019-12-22T22:05:00Z,1.3001,1.30003,-7e-05,-0.7,-1,LONG,0.01273,0.0055,1.34221,1.29779,0.04442,0.052,LOWER_THIRD,0,0,0,1,2019-12-22T23:05:00Z,60,STOP,2019-12-22T22:05:00Z,1.29996,14.6,11.23,-0.7,-0.54,1,-1.7,-1.31
2019-12-27_2019-12-29,GBPUSD.DWX,IS,2019-12-27T21:50:00Z,2019-12-29T22:05:00Z,1.30851,1.30892,0.00041,4.1,1,SHORT,0.01305,0.0314,1.31174,1.29046,0.02128,0.8482,UPPER_THIRD,0,0,1,1,2019-12-29T22:15:00Z,10,FILL,2019-12-29T22:15:00Z,1.30851,0.1,0.08,4.1,3.13,1,3.1,2.37
2020-01-03_2020-01-05,GBPUSD.DWX,IS,2020-01-03T21:50:00Z,2020-01-05T22:05:00Z,1.30752,1.30835,0.00083,8.3,1,SHORT,0.01104,0.0752,1.32846,1.30534,0.02312,0.0943,LOWER_THIRD,1,0,1,1,2020-01-05T22:05:00Z,0,FILL,2020-01-05T22:05:00Z,1.30752,0,0,8.3,6.34,1,7.3,5.58
2020-01-10_2020-01-12,GBPUSD.DWX,IS,2020-01-10T21:50:00Z,2020-01-12T22:05:00Z,1.30635,1.30367,-0.00268,-26.8,-1,LONG,0.00963,0.2783,1.32123,1.3013,0.01993,0.2534,LOWER_THIRD,0,0,0,1,2020-01-16T08:30:00Z,4945,STOP,2020-01-13T07:25:00Z,1.30099,27.2,20.86,-26.8,-20.56,1,-27.8,-21.32
2020-01-17_2020-01-19,GBPUSD.DWX,IS,2020-01-17T21:50:00Z,2020-01-19T22:05:00Z,1.301,1.29984,-0.00116,-11.6,-1,LONG,0.00963,0.1205,1.31186,1.29541,0.01645,0.3398,MIDDLE_THIRD,0,0,0,1,2020-01-20T21:35:00Z,1410,STOP,2020-01-20T06:35:00Z,1.29868,12.7,9.77,-11.6,-8.92,1,-12.6,-9.69
2020-01-24_2020-01-26,GBPUSD.DWX,IS,2020-01-24T21:50:00Z,2020-01-26T22:05:00Z,1.30713,1.30737,0.00024,2.4,1,SHORT,0.00865,0.0278,1.31735,1.2962,0.02115,0.5168,MIDDLE_THIRD,0,0,1,1,2020-01-26T22:05:00Z,0,FILL,2020-01-26T22:05:00Z,1.30713,0,0,2.4,1.84,1,1.4,1.07
2020-01-31_2020-02-02,GBPUSD.DWX,IS,2020-01-31T21:50:00Z,2020-02-02T22:05:00Z,1.32086,1.31749,-0.00337,-33.7,-1,LONG,0.00853,0.3951,1.32095,1.2975,0.02345,0.9962,UPPER_THIRD,1,1,0,0,,,STOP,2020-02-03T07:35:00Z,1.31412,34.3,26.03,-33.7,-25.58,1,-34.7,-26.34
2020-02-07_2020-02-09,GBPUSD.DWX,IS,2020-02-07T21:50:00Z,2020-02-09T22:05:00Z,1.28824,1.28852,0.00028,2.8,1,SHORT,0.01027,0.0273,1.31839,1.28815,0.03024,0.003,LOWER_THIRD,1,0,0,1,2020-02-10T07:50:00Z,585,STOP,2020-02-09T22:25:00Z,1.2888,5.6,4.35,-2.8,-2.17,1,-3.8,-2.95
2020-02-14_2020-02-16,GBPUSD.DWX,IS,2020-02-14T21:50:00Z,2020-02-16T22:05:00Z,1.30474,1.30393,-0.00081,-8.1,-1,LONG,0.00987,0.0821,1.30695,1.28715,0.0198,0.8884,UPPER_THIRD,1,0,1,1,2020-02-16T23:00:00Z,55,FILL,2020-02-16T23:00:00Z,1.30474,6.8,5.22,8.1,6.21,1,7.1,5.45
2020-02-21_2020-02-23,GBPUSD.DWX,IS,2020-02-21T21:50:00Z,2020-02-23T22:05:00Z,1.2957,1.29443,-0.00127,-12.7,-1,LONG,0.00855,0.1485,1.30537,1.28487,0.0205,0.5283,MIDDLE_THIRD,0,0,0,1,2020-02-25T07:55:00Z,2030,STOP,2020-02-24T08:00:00Z,1.29316,19.1,14.76,-12.7,-9.81,1,-13.7,-10.58
2020-02-28_2020-03-01,GBPUSD.DWX,IS,2020-02-28T21:50:00Z,2020-03-01T22:05:00Z,1.28217,1.28066,-0.00151,-15.1,-1,LONG,0.00939,0.1608,1.30177,1.27256,0.02921,0.329,LOWER_THIRD,0,0,0,1,2020-03-01T22:15:00Z,10,STOP,2020-03-01T22:10:00Z,1.27915,22.3,17.41,-15.1,-11.79,1,-16.1,-12.57
2020-03-06_2020-03-08,GBPUSD.DWX,IS,2020-03-06T21:50:00Z,2020-03-08T21:05:00Z,1.30451,1.30717,0.00266,26.6,1,SHORT,0.01057,0.2517,1.30521,1.27383,0.03138,0.9777,UPPER_THIRD,0,0,0,1,2020-03-09T06:00:00Z,535,STOP,2020-03-08T22:45:00Z,1.30983,28.2,21.57,-26.6,-20.35,1,-27.6,-21.11
2020-03-13_2020-03-15,GBPUSD.DWX,IS,2020-03-13T20:50:00Z,2020-03-15T21:05:00Z,1.2291,1.23028,0.00118,11.8,1,SHORT,0.01656,0.0713,1.32001,1.22698,0.09303,0.0228,LOWER_THIRD,1,0,0,1,2020-03-16T01:15:00Z,250,STOP,2020-03-15T21:05:00Z,1.23146,53.9,43.81,-11.8,-9.59,1,-12.8,-10.4
2020-03-20_2020-03-22,GBPUSD.DWX,IS,2020-03-20T20:50:00Z,2020-03-22T21:05:00Z,1.1599,1.16696,0.00706,70.6,1,SHORT,0.02665,0.2649,1.24215,1.14099,0.10116,0.1869,LOWER_THIRD,1,0,1,1,2020-03-22T22:15:00Z,70,FILL,2020-03-22T22:15:00Z,1.1599,7.7,6.6,70.6,60.5,1,69.6,59.64
2020-03-27_2020-03-29,GBPUSD.DWX,IS,2020-03-27T20:50:00Z,2020-03-29T21:05:00Z,1.2475,1.24207,-0.00543,-54.3,-1,LONG,0.03479,0.1561,1.24854,1.14462,0.10392,0.99,UPPER_THIRD,1,0,0,1,2020-04-02T10:20:00Z,5115,STOP,2020-03-30T03:10:00Z,1.23664,55.9,45.01,-54.3,-43.72,1,-55.3,-44.52
2020-04-03_2020-04-05,GBPUSD.DWX,IS,2020-04-03T20:50:00Z,2020-04-05T21:05:00Z,1.22683,1.22301,-0.00382,-38.2,-1,LONG,0.03111,0.1228,1.24754,1.22047,0.02707,0.2349,LOWER_THIRD,0,0,1,1,2020-04-06T06:05:00Z,540,FILL,2020-04-06T06:05:00Z,1.22683,20.6,16.84,38.2,31.23,1,37.2,30.42
2020-04-10_2020-04-12,GBPUSD.DWX,IS,2020-04-10T20:50:00Z,2020-04-12T21:05:00Z,1.24393,1.24537,0.00144,14.4,1,SHORT,0.02091,0.0689,1.24862,1.21646,0.03216,0.8542,UPPER_THIRD,0,0,0,1,2020-04-15T12:30:00Z,3805,STOP,2020-04-12T23:05:00Z,1.24681,18,14.45,-14.4,-11.56,1,-15.4,-12.37
2020-04-17_2020-04-19,GBPUSD.DWX,IS,2020-04-17T20:50:00Z,2020-04-19T21:05:00Z,1.25068,1.24959,-0.00109,-10.9,-1,LONG,0.0142,0.0768,1.26477,1.24068,0.02409,0.4151,MIDDLE_THIRD,0,0,0,0,,,STOP,2020-04-19T23:55:00Z,1.2485,11.1,8.88,-10.9,-8.72,1,-11.9,-9.52
2020-04-24_2020-04-26,GBPUSD.DWX,IS,2020-04-24T20:50:00Z,2020-04-26T21:05:00Z,1.23663,1.23645,-0.00018,-1.8,-1,LONG,0.01277,0.0141,1.24989,1.2247,0.02519,0.4736,MIDDLE_THIRD,0,0,0,1,2020-04-26T21:15:00Z,10,STOP,2020-04-26T21:05:00Z,1.23627,2.7,2.18,-1.8,-1.46,1,-2.8,-2.26
2020-05-01_2020-05-03,GBPUSD.DWX,IS,2020-05-01T20:50:00Z,2020-05-03T21:05:00Z,1.24914,1.24844,-0.0007,-7,-1,LONG,0.01286,0.0545,1.26432,1.23591,0.02841,0.4657,MIDDLE_THIRD,0,0,0,0,,,STOP,2020-05-03T22:20:00Z,1.24774,11.1,8.89,-7,-5.61,1,-8,-6.41
2020-05-08_2020-05-10,GBPUSD.DWX,IS,2020-05-08T20:50:00Z,2020-05-10T21:05:00Z,1.24077,1.2399,-0.00087,-8.7,-1,LONG,0.01187,0.0733,1.24863,1.22662,0.02201,0.6429,MIDDLE_THIRD,0,0,1,1,2020-05-10T21:05:00Z,0,FILL,2020-05-10T21:05:00Z,1.24077,2.2,1.77,8.7,7.02,1,7.7,6.21
2020-05-15_2020-05-17,GBPUSD.DWX,IS,2020-05-15T20:50:00Z,2020-05-17T21:05:00Z,1.21021,1.2086,-0.00161,-16.1,-1,LONG,0.01212,0.1329,1.24377,1.21007,0.0337,0.0042,LOWER_THIRD,0,0,1,1,2020-05-18T01:25:00Z,260,FILL,2020-05-18T01:25:00Z,1.21021,10.7,8.85,16.1,13.32,1,15.1,12.49
2020-05-22_2020-05-24,GBPUSD.DWX,IS,2020-05-22T20:50:00Z,2020-05-24T21:05:00Z,1.21667,1.21676,9e-05,0.9,1,SHORT,0.01097,0.0082,1.22962,1.20753,0.02209,0.4138,MIDDLE_THIRD,0,0,0,1,2020-05-24T21:50:00Z,45,STOP,2020-05-24T21:05:00Z,1.21685,6.2,5.1,-0.9,-0.74,1,-1.9,-1.56
2020-05-29_2020-05-31,GBPUSD.DWX,IS,2020-05-29T20:50:00Z,2020-05-31T21:05:00Z,1.23503,1.23253,-0.0025,-25,-1,LONG,0.01085,0.2304,1.23936,1.21637,0.02299,0.8117,UPPER_THIRD,1,0,1,1,2020-05-31T21:05:00Z,0,FILL,2020-05-31T21:05:00Z,1.23503,0,0,25,20.28,1,24,19.47
2020-06-05_2020-06-07,GBPUSD.DWX,IS,2020-06-05T20:50:00Z,2020-06-07T21:05:00Z,1.26669,1.26759,0.0009,9,1,SHORT,0.01096,0.0821,1.27312,1.23253,0.04059,0.8416,UPPER_THIRD,0,0,0,1,2020-06-07T21:10:00Z,5,STOP,2020-06-07T21:10:00Z,1.26849,11.5,9.07,-9,-7.1,1,-10,-7.89
2020-06-12_2020-06-14,GBPUSD.DWX,IS,2020-06-12T20:50:00Z,2020-06-14T21:05:00Z,1.25483,1.25143,-0.0034,-34,-1,LONG,0.01342,0.2533,1.28128,1.24735,0.03393,0.2205,LOWER_THIRD,0,0,0,1,2020-06-15T11:50:00Z,885,STOP,2020-06-15T05:35:00Z,1.24803,34,27.17,-34,-27.17,1,-35,-27.97
2020-06-19_2020-06-21,GBPUSD.DWX,IS,2020-06-19T20:50:00Z,2020-06-21T21:05:00Z,1.23489,1.23409,-0.0008,-8,-1,LONG,0.01281,0.0625,1.26876,1.23438,0.03438,0.0148,LOWER_THIRD,0,0,1,1,2020-06-21T21:10:00Z,5,FILL,2020-06-21T21:10:00Z,1.23489,0,0,8,6.48,1,7,5.67
2020-06-26_2020-06-28,GBPUSD.DWX,IS,2020-06-26T20:50:00Z,2020-06-28T21:05:00Z,1.23361,1.2332,-0.00041,-4.1,-1,LONG,0.01287,0.0319,1.25428,1.23141,0.02287,0.0962,LOWER_THIRD,0,0,1,1,2020-06-28T21:05:00Z,0,FILL,2020-06-28T21:05:00Z,1.23361,0.3,0.24,4.1,3.32,1,3.1,2.51
2020-07-03_2020-07-05,GBPUSD.DWX,IS,2020-07-03T20:50:00Z,2020-07-05T21:05:00Z,1.24808,1.24717,-0.00091,-9.1,-1,LONG,0.01138,0.08,1.25296,1.22514,0.02782,0.8246,UPPER_THIRD,1,0,1,1,2020-07-06T00:00:00Z,175,FILL,2020-07-06T00:00:00Z,1.24808,6,4.81,9.1,7.3,1,8.1,6.49
2020-07-10_2020-07-12,GBPUSD.DWX,IS,2020-07-10T20:50:00Z,2020-07-12T21:05:00Z,1.262,1.26182,-0.00018,-1.8,-1,LONG,0.01019,0.0177,1.26691,1.24623,0.02068,0.7626,UPPER_THIRD,1,0,1,1,2020-07-12T21:05:00Z,0,FILL,2020-07-12T21:05:00Z,1.262,0,0,1.8,1.43,1,0.8,0.63
2020-07-17_2020-07-19,GBPUSD.DWX,IS,2020-07-17T20:50:00Z,2020-07-19T21:05:00Z,1.25671,1.25531,-0.0014,-14,-1,LONG,0.00949,0.1475,1.26659,1.24799,0.0186,0.4688,MIDDLE_THIRD,0,0,1,1,2020-07-19T22:15:00Z,70,FILL,2020-07-19T22:15:00Z,1.25671,2.4,1.91,14,11.15,1,13,10.36
2020-07-24_2020-07-26,GBPUSD.DWX,IS,2020-07-24T20:50:00Z,2020-07-26T21:05:00Z,1.27958,1.27939,-0.00019,-1.9,-1,LONG,0.01011,0.0188,1.28034,1.25179,0.02855,0.9734,UPPER_THIRD,1,0,0,1,2020-07-26T23:30:00Z,145,STOP,2020-07-26T21:05:00Z,1.2792,4.8,3.75,-1.9,-1.49,1,-2.9,-2.27
2020-07-31_2020-08-02,GBPUSD.DWX,IS,2020-07-31T20:50:00Z,2020-08-02T21:05:00Z,1.30824,1.30742,-0.00082,-8.2,-1,LONG,0.01062,0.0772,1.31703,1.27798,0.03905,0.7749,UPPER_THIRD,1,0,1,1,2020-08-02T21:50:00Z,45,FILL,2020-08-02T21:50:00Z,1.30824,4.8,3.67,8.2,6.27,1,7.2,5.51
2020-08-07_2020-08-09,GBPUSD.DWX,IS,2020-08-07T20:50:00Z,2020-08-09T21:05:00Z,1.30533,1.30605,0.00072,7.2,1,SHORT,0.01105,0.0652,1.31856,1.29814,0.02042,0.3521,MIDDLE_THIRD,0,0,1,1,2020-08-09T21:10:00Z,5,FILL,2020-08-09T21:10:00Z,1.30533,2,1.53,7.2,5.51,1,6.2,4.75
2020-08-14_2020-08-16,GBPUSD.DWX,IS,2020-08-14T20:50:00Z,2020-08-16T21:05:00Z,1.30906,1.30897,-9e-05,-0.9,-1,LONG,0.01044,0.0086,1.31427,1.30052,0.01375,0.6211,MIDDLE_THIRD,0,0,0,1,2020-08-16T21:05:00Z,0,STOP,2020-08-16T21:05:00Z,1.30888,1.9,1.45,-0.9,-0.69,1,-1.9,-1.45
2020-08-21_2020-08-23,GBPUSD.DWX,IS,2020-08-21T20:50:00Z,2020-08-23T21:05:00Z,1.30896,1.30842,-0.00054,-5.4,-1,LONG,0.01151,0.0469,1.32671,1.30588,0.02083,0.1479,LOWER_THIRD,0,0,1,1,2020-08-23T21:20:00Z,15,FILL,2020-08-23T21:20:00Z,1.30896,1.4,1.07,5.4,4.13,1,4.4,3.36
2020-08-28_2020-08-30,GBPUSD.DWX,IS,2020-08-28T20:50:00Z,2020-08-30T21:05:00Z,1.33514,1.33449,-0.00065,-6.5,-1,LONG,0.01201,0.0541,1.33563,1.30534,0.03029,0.9838,UPPER_THIRD,1,0,1,1,2020-08-30T21:35:00Z,30,FILL,2020-08-30T21:35:00Z,1.33514,0.8,0.6,6.5,4.87,1,5.5,4.12
2020-09-04_2020-09-06,GBPUSD.DWX,IS,2020-09-04T20:50:00Z,2020-09-06T21:05:00Z,1.32764,1.32532,-0.00232,-23.2,-1,LONG,0.01352,0.1717,1.34822,1.31757,0.03065,0.3285,LOWER_THIRD,0,0,0,0,,,STOP,2020-09-07T04:50:00Z,1.323,24.2,18.26,-23.2,-17.51,1,-24.2,-18.26
2020-09-11_2020-09-13,GBPUSD.DWX,IS,2020-09-11T20:50:00Z,2020-09-13T21:05:00Z,1.27969,1.2775,-0.00219,-21.9,-1,LONG,0.01392,0.1573,1.32693,1.27618,0.05075,0.0692,LOWER_THIRD,0,0,1,1,2020-09-13T21:20:00Z,15,FILL,2020-09-13T21:20:00Z,1.27969,3.1,2.43,21.9,17.14,1,20.9,16.36
2020-09-18_2020-09-20,GBPUSD.DWX,IS,2020-09-18T20:50:00Z,2020-09-20T21:05:00Z,1.29228,1.2924,0.00012,1.2,1,SHORT,0.01398,0.0086,1.30072,1.27719,0.02353,0.6413,MIDDLE_THIRD,0,0,0,1,2020-09-20T21:10:00Z,5,STOP,2020-09-20T21:05:00Z,1.29252,4.8,3.71,-1.2,-0.93,1,-2.2,-1.7
2020-09-25_2020-09-27,GBPUSD.DWX,IS,2020-09-25T20:50:00Z,2020-09-27T21:05:00Z,1.27426,1.27562,0.00136,13.6,1,SHORT,0.01408,0.0966,1.29664,1.26747,0.02917,0.2328,LOWER_THIRD,1,0,0,0,,,STOP,2020-09-27T22:10:00Z,1.27698,16.2,12.7,-13.6,-10.66,1,-14.6,-11.45
2020-10-02_2020-10-04,GBPUSD.DWX,IS,2020-10-02T20:50:00Z,2020-10-04T21:05:00Z,1.29374,1.29183,-0.00191,-19.1,-1,LONG,0.01289,0.1482,1.2979,1.27511,0.02279,0.8175,UPPER_THIRD,1,0,1,1,2020-10-05T00:00:00Z,175,FILL,2020-10-05T00:00:00Z,1.29374,4.1,3.17,19.1,14.79,1,18.1,14.01
2020-10-09_2020-10-11,GBPUSD.DWX,IS,2020-10-09T20:50:00Z,2020-10-11T21:05:00Z,1.30487,1.30237,-0.0025,-25,-1,LONG,0.01201,0.2081,1.30491,1.28445,0.02046,0.998,UPPER_THIRD,1,0,1,1,2020-10-12T06:00:00Z,535,FILL,2020-10-12T06:00:00Z,1.30487,3.7,2.84,25,19.2,1,24,18.43
2020-10-16_2020-10-18,GBPUSD.DWX,IS,2020-10-16T20:50:00Z,2020-10-18T21:05:00Z,1.29077,1.28954,-0.00123,-12.3,-1,LONG,0.01209,0.1018,1.30826,1.28621,0.02205,0.2068,LOWER_THIRD,0,0,1,1,2020-10-18T21:45:00Z,40,FILL,2020-10-18T21:45:00Z,1.29077,0,0,12.3,9.54,1,11.3,8.76
2020-10-23_2020-10-25,GBPUSD.DWX,IS,2020-10-23T20:50:00Z,2020-10-25T21:05:00Z,1.30453,1.30526,0.00073,7.3,1,SHORT,0.01239,0.0589,1.31769,1.28954,0.02815,0.5325,MIDDLE_THIRD,0,0,1,1,2020-10-25T21:25:00Z,20,FILL,2020-10-25T21:25:00Z,1.30453,3.2,2.45,7.3,5.59,1,6.3,4.83
2020-10-30_2020-11-01,GBPUSD.DWX,IS,2020-10-30T20:50:00Z,2020-11-01T22:05:00Z,1.29503,1.29238,-0.00265,-26.5,-1,LONG,0.01258,0.2106,1.30794,1.28808,0.01986,0.3499,MIDDLE_THIRD,0,0,0,1,2020-11-03T08:15:00Z,2050,STOP,2020-11-02T06:15:00Z,1.28973,27,20.89,-26.5,-20.5,1,-27.5,-21.28
2020-11-06_2020-11-08,GBPUSD.DWX,IS,2020-11-06T21:50:00Z,2020-11-08T22:05:00Z,1.31479,1.31582,0.00103,10.3,1,SHORT,0.01319,0.0781,1.31768,1.28542,0.03226,0.9104,UPPER_THIRD,0,0,0,1,2020-11-09T08:35:00Z,630,STOP,2020-11-08T23:05:00Z,1.31685,10.5,7.98,-10.3,-7.83,1,-11.3,-8.59
2020-11-13_2020-11-15,GBPUSD.DWX,IS,2020-11-13T21:50:00Z,2020-11-15T22:05:00Z,1.31981,1.31683,-0.00298,-29.8,-1,LONG,0.01295,0.2301,1.33146,1.31064,0.02082,0.4404,MIDDLE_THIRD,0,0,1,1,2020-11-15T23:05:00Z,60,FILL,2020-11-15T23:05:00Z,1.31981,0,0,29.8,22.63,1,28.8,21.87
2020-11-20_2020-11-22,GBPUSD.DWX,IS,2020-11-20T21:50:00Z,2020-11-22T22:05:00Z,1.32897,1.32915,0.00018,1.8,1,SHORT,0.01162,0.0155,1.3312,1.31657,0.01463,0.8476,UPPER_THIRD,0,0,0,1,2020-11-22T22:20:00Z,15,STOP,2020-11-22T22:15:00Z,1.32933,4.1,3.08,-1.8,-1.35,1,-2.8,-2.11
2020-11-27_2020-11-29,GBPUSD.DWX,IS,2020-11-27T21:50:00Z,2020-11-29T22:05:00Z,1.33082,1.33266,0.00184,18.4,1,SHORT,0.0094,0.1957,1.33976,1.32638,0.01338,0.3318,LOWER_THIRD,1,0,1,1,2020-11-29T22:05:00Z,0,FILL,2020-11-29T22:05:00Z,1.33082,3.6,2.7,18.4,13.81,1,17.4,13.06
2020-12-04_2020-12-06,GBPUSD.DWX,IS,2020-12-04T21:50:00Z,2020-12-06T22:05:00Z,1.34354,1.34099,-0.00255,-25.5,-1,LONG,0.0102,0.2501,1.35397,1.32873,0.02524,0.5868,MIDDLE_THIRD,0,0,1,1,2020-12-07T02:10:00Z,245,FILL,2020-12-07T02:10:00Z,1.34354,0.3,0.22,25.5,19.02,1,24.5,18.27
2020-12-11_2020-12-13,GBPUSD.DWX,IS,2020-12-11T21:50:00Z,2020-12-13T22:05:00Z,1.32314,1.33473,0.01159,115.9,1,SHORT,0.01288,0.9001,1.34777,1.3134,0.03437,0.2834,LOWER_THIRD,1,1,0,0,,,TIMESTOP,2020-12-14T12:00:00Z,1.34268,89.9,67.35,-79.5,-59.56,1,-80.5,-60.31
2020-12-18_2020-12-20,GBPUSD.DWX,IS,2020-12-18T21:50:00Z,2020-12-20T22:05:00Z,1.34977,1.3411,-0.00867,-86.7,-1,LONG,0.01526,0.5683,1.36245,1.328,0.03445,0.6319,MIDDLE_THIRD,0,1,0,1,2020-12-21T19:30:00Z,1285,STOP,2020-12-21T07:20:00Z,1.33243,91.5,68.23,-86.7,-64.65,1,-87.7,-65.39
2020-12-24_2020-12-27,GBPUSD.DWX,IS,2020-12-24T21:55:00Z,2020-12-27T22:05:00Z,1.35449,1.35449,0,0,0,LONG,0.01721,0,1.36192,1.31879,0.04313,0.8277,UPPER_THIRD,0,0,0,0,,,STOP,2020-12-27T22:05:00Z,1.35449,0,0,0,0,1,-1,-0.74
2020-12-31_2021-01-03,GBPUSD.DWX,IS,2020-12-31T21:55:00Z,2021-01-03T22:05:00Z,1.36612,1.36494,-0.00118,-11.8,-1,LONG,0.01601,0.0737,1.36863,1.34292,0.02571,0.9024,UPPER_THIRD,1,0,1,1,2021-01-03T22:20:00Z,15,FILL,2021-01-03T22:20:00Z,1.36612,5.6,4.1,11.8,8.65,1,10.8,7.91
2021-01-08_2021-01-10,GBPUSD.DWX,IS,2021-01-08T21:50:00Z,2021-01-10T22:05:00Z,1.35605,1.35541,-0.00064,-6.4,-1,LONG,0.01413,0.0453,1.37036,1.35324,0.01712,0.1641,LOWER_THIRD,0,0,1,1,2021-01-10T22:05:00Z,0,FILL,2021-01-10T22:05:00Z,1.35605,0.3,0.22,6.4,4.72,1,5.4,3.98
2021-01-15_2021-01-17,GBPUSD.DWX,IS,2021-01-15T21:50:00Z,2021-01-17T22:05:00Z,1.35821,1.35817,-4e-05,-0.4,-1,LONG,0.01158,0.0035,1.37108,1.34505,0.02603,0.5056,MIDDLE_THIRD,0,0,1,1,2021-01-17T22:05:00Z,0,FILL,2021-01-17T22:05:00Z,1.35821,0,0,0.4,0.29,1,-0.6,-0.44
2021-01-22_2021-01-24,GBPUSD.DWX,IS,2021-01-22T21:50:00Z,2021-01-24T22:05:00Z,1.36823,1.36819,-4e-05,-0.4,-1,LONG,0.01035,0.0039,1.37461,1.35195,0.02266,0.7184,UPPER_THIRD,1,0,0,1,2021-01-24T22:05:00Z,0,STOP,2021-01-24T22:05:00Z,1.36815,6.6,4.82,-0.4,-0.29,1,-1.4,-1.02
2021-01-29_2021-01-31,GBPUSD.DWX,IS,2021-01-29T21:50:00Z,2021-01-31T22:05:00Z,1.36983,1.37039,0.00056,5.6,1,SHORT,0.01023,0.0547,1.37585,1.36094,0.01491,0.5962,MIDDLE_THIRD,0,0,0,1,2021-01-31T23:05:00Z,60,STOP,2021-01-31T22:55:00Z,1.37095,6.5,4.74,-5.6,-4.09,1,-6.6,-4.82
2021-02-05_2021-02-07,GBPUSD.DWX,IS,2021-02-05T21:50:00Z,2021-02-07T22:05:00Z,1.37362,1.37161,-0.00201,-20.1,-1,LONG,0.00967,0.2078,1.37579,1.35657,0.01922,0.8871,UPPER_THIRD,1,0,1,1,2021-02-07T23:00:00Z,55,FILL,2021-02-07T23:00:00Z,1.37362,0.2,0.15,20.1,14.65,1,19.1,13.93
2021-02-12_2021-02-14,GBPUSD.DWX,IS,2021-02-12T21:50:00Z,2021-02-14T22:05:00Z,1.3853,1.38481,-0.00049,-4.9,-1,LONG,0.00922,0.0532,1.38659,1.368,0.01859,0.9306,UPPER_THIRD,1,0,1,1,2021-02-14T22:10:00Z,5,FILL,2021-02-14T22:10:00Z,1.3853,0,0,4.9,3.54,1,3.9,2.82
2021-02-19_2021-02-21,GBPUSD.DWX,IS,2021-02-19T21:50:00Z,2021-02-21T22:05:00Z,1.40042,1.40114,0.00072,7.2,1,SHORT,0.00863,0.0834,1.40362,1.38295,0.02067,0.8452,UPPER_THIRD,0,0,0,1,2021-02-22T07:05:00Z,540,STOP,2021-02-21T22:10:00Z,1.40186,8,5.71,-7.2,-5.14,1,-8.2,-5.85
2021-02-26_2021-02-28,GBPUSD.DWX,IS,2021-02-26T21:50:00Z,2021-02-28T22:05:00Z,1.3927,1.39308,0.00038,3.8,1,SHORT,0.01007,0.0377,1.42412,1.38878,0.03534,0.1109,LOWER_THIRD,1,0,0,1,2021-03-01T12:55:00Z,890,STOP,2021-02-28T22:15:00Z,1.39346,8.9,6.39,-3.8,-2.73,1,-4.8,-3.45
2021-03-05_2021-03-07,GBPUSD.DWX,IS,2021-03-05T21:55:00Z,2021-03-07T22:05:00Z,1.38296,1.38041,-0.00255,-25.5,-1,LONG,0.01146,0.2225,1.40171,1.37786,0.02385,0.2138,LOWER_THIRD,0,0,1,1,2021-03-07T22:10:00Z,5,FILL,2021-03-07T22:10:00Z,1.38296,0,0,25.5,18.47,1,24.5,17.75
2021-03-12_2021-03-14,GBPUSD.DWX,IS,2021-03-12T21:55:00Z,2021-03-14T21:05:00Z,1.39193,1.39154,-0.00039,-3.9,-1,LONG,0.01147,0.034,1.4005,1.37999,0.02051,0.5822,MIDDLE_THIRD,0,0,1,1,2021-03-14T21:30:00Z,25,FILL,2021-03-14T21:30:00Z,1.39193,0.6,0.43,3.9,2.8,1,2.9,2.08
2021-03-19_2021-03-21,GBPUSD.DWX,IS,2021-03-19T20:55:00Z,2021-03-21T21:05:00Z,1.3863,1.38379,-0.00251,-25.1,-1,LONG,0.01082,0.232,1.40014,1.38091,0.01923,0.2803,LOWER_THIRD,0,0,1,1,2021-03-22T08:30:00Z,685,FILL,2021-03-22T08:30:00Z,1.3863,20.3,14.67,25.1,18.14,1,24.1,17.42
2021-03-26_2021-03-28,GBPUSD.DWX,IS,2021-03-26T20:55:00Z,2021-03-28T21:05:00Z,1.37915,1.3781,-0.00105,-10.5,-1,LONG,0.01006,0.1043,1.38767,1.36702,0.02065,0.5874,MIDDLE_THIRD,0,0,1,1,2021-03-28T21:05:00Z,0,FILL,2021-03-28T21:05:00Z,1.37915,0,0,10.5,7.62,1,9.5,6.89
2021-04-02_2021-04-04,GBPUSD.DWX,IS,2021-04-02T20:50:00Z,2021-04-04T21:05:00Z,1.38297,1.38193,-0.00104,-10.4,-1,LONG,0.00911,0.1142,1.38522,1.37061,0.01461,0.846,UPPER_THIRD,1,0,1,1,2021-04-04T22:00:00Z,55,FILL,2021-04-04T22:00:00Z,1.38297,4,2.89,10.4,7.53,1,9.4,6.8
2021-04-09_2021-04-11,GBPUSD.DWX,IS,2021-04-09T20:50:00Z,2021-04-11T21:05:00Z,1.37024,1.37048,0.00024,2.4,1,SHORT,0.00889,0.027,1.39186,1.367,0.02486,0.1303,LOWER_THIRD,1,0,0,1,2021-04-11T21:25:00Z,20,STOP,2021-04-11T21:05:00Z,1.37072,7,5.11,-2.4,-1.75,1,-3.4,-2.48
2021-04-16_2021-04-18,GBPUSD.DWX,IS,2021-04-16T20:55:00Z,2021-04-18T21:05:00Z,1.38406,1.38287,-0.00119,-11.9,-1,LONG,0.00858,0.1387,1.38407,1.36688,0.01719,0.9994,UPPER_THIRD,1,0,0,1,2021-04-19T04:20:00Z,435,STOP,2021-04-19T00:00:00Z,1.38168,11.9,8.61,-11.9,-8.61,1,-12.9,-9.33
2021-04-23_2021-04-25,GBPUSD.DWX,IS,2021-04-23T20:50:00Z,2021-04-25T21:05:00Z,1.38844,1.38699,-0.00145,-14.5,-1,LONG,0.00938,0.1545,1.4009,1.38095,0.01995,0.3754,MIDDLE_THIRD,0,0,1,1,2021-04-26T00:30:00Z,205,FILL,2021-04-26T00:30:00Z,1.38844,5.6,4.04,14.5,10.45,1,13.5,9.73
2021-04-30_2021-05-02,GBPUSD.DWX,IS,2021-04-30T20:55:00Z,2021-05-02T21:05:00Z,1.38138,1.38041,-0.00097,-9.7,-1,LONG,0.00892,0.1087,1.39765,1.38025,0.0174,0.0649,LOWER_THIRD,0,0,1,1,2021-05-02T21:20:00Z,15,FILL,2021-05-02T21:20:00Z,1.38138,0,0,9.7,7.03,1,8.7,6.3
2021-05-07_2021-05-09,GBPUSD.DWX,IS,2021-05-07T20:55:00Z,2021-05-09T21:05:00Z,1.39881,1.40031,0.0015,15,1,SHORT,0.0087,0.1723,1.40055,1.38007,0.02048,0.915,UPPER_THIRD,0,0,0,0,,,STOP,2021-05-09T22:10:00Z,1.40181,25.7,18.35,-15,-10.71,1,-16,-11.43
2021-05-14_2021-05-16,GBPUSD.DWX,IS,2021-05-14T20:55:00Z,2021-05-16T21:05:00Z,1.40976,1.40941,-0.00035,-3.5,-1,LONG,0.00929,0.0377,1.41664,1.39945,0.01719,0.5998,MIDDLE_THIRD,0,0,1,1,2021-05-16T21:05:00Z,0,FILL,2021-05-16T21:05:00Z,1.40976,0,0,3.5,2.48,1,2.5,1.77
2021-05-21_2021-05-23,GBPUSD.DWX,IS,2021-05-21T20:55:00Z,2021-05-23T21:05:00Z,1.41515,1.41457,-0.00058,-5.8,-1,LONG,0.00899,0.0645,1.42338,1.40772,0.01566,0.4745,MIDDLE_THIRD,0,0,1,1,2021-05-23T21:05:00Z,0,FILL,2021-05-23T21:05:00Z,1.41515,0.5,0.35,5.8,4.1,1,4.8,3.39
2021-05-28_2021-05-30,GBPUSD.DWX,IS,2021-05-28T20:55:00Z,2021-05-30T21:05:00Z,1.41868,1.41793,-0.00075,-7.5,-1,LONG,0.00842,0.0891,1.42192,1.40912,0.0128,0.7469,UPPER_THIRD,1,0,1,1,2021-05-30T21:35:00Z,30,FILL,2021-05-30T21:35:00Z,1.41868,2.9,2.05,7.5,5.29,1,6.5,4.58
2021-06-04_2021-06-06,GBPUSD.DWX,IS,2021-06-04T20:55:00Z,2021-06-06T21:05:00Z,1.41646,1.41544,-0.00102,-10.2,-1,LONG,0.00899,0.1135,1.42498,1.40831,0.01667,0.4889,MIDDLE_THIRD,0,0,1,1,2021-06-06T21:45:00Z,40,FILL,2021-06-06T21:45:00Z,1.41646,5.4,3.82,10.2,7.21,1,9.2,6.5
2021-06-11_2021-06-13,GBPUSD.DWX,IS,2021-06-11T20:55:00Z,2021-06-13T21:05:00Z,1.41128,1.41021,-0.00107,-10.7,-1,LONG,0.00885,0.1209,1.41909,1.40732,0.01177,0.3364,MIDDLE_THIRD,0,0,1,1,2021-06-13T21:55:00Z,50,FILL,2021-06-13T21:55:00Z,1.41128,3.1,2.2,10.7,7.59,1,9.7,6.88
2021-06-18_2021-06-20,GBPUSD.DWX,IS,2021-06-18T20:55:00Z,2021-06-20T21:05:00Z,1.37981,1.38025,0.00044,4.4,1,SHORT,0.00993,0.0443,1.41325,1.37916,0.03409,0.0191,LOWER_THIRD,1,0,0,1,2021-06-20T21:05:00Z,0,STOP,2021-06-20T21:05:00Z,1.38069,9.5,6.88,-4.4,-3.19,1,-5.4,-3.91
2021-06-25_2021-06-27,GBPUSD.DWX,IS,2021-06-25T20:50:00Z,2021-06-27T21:05:00Z,1.38816,1.38809,-7e-05,-0.7,-1,LONG,0.00996,0.007,1.40014,1.37862,0.02152,0.4433,MIDDLE_THIRD,0,0,0,1,2021-06-27T21:05:00Z,0,STOP,2021-06-27T21:05:00Z,1.38802,5.3,3.82,-0.7,-0.5,1,-1.7,-1.22
2021-07-02_2021-07-04,GBPUSD.DWX,IS,2021-07-02T20:50:00Z,2021-07-04T21:05:00Z,1.38319,1.3818,-0.00139,-13.9,-1,LONG,0.01009,0.1378,1.39393,1.37314,0.02079,0.4834,MIDDLE_THIRD,0,0,1,1,2021-07-04T21:25:00Z,20,FILL,2021-07-04T21:25:00Z,1.38319,0,0,13.9,10.06,1,12.9,9.34
2021-07-09_2021-07-11,GBPUSD.DWX,IS,2021-07-09T20:55:00Z,2021-07-11T21:05:00Z,1.38996,1.38894,-0.00102,-10.2,-1,LONG,0.0087,0.1172,1.39009,1.37419,0.0159,0.9918,UPPER_THIRD,1,0,1,1,2021-07-11T22:20:00Z,75,FILL,2021-07-11T22:20:00Z,1.38996,4.8,3.46,10.2,7.34,1,9.2,6.62
2021-07-16_2021-07-18,GBPUSD.DWX,IS,2021-07-16T20:55:00Z,2021-07-18T21:05:00Z,1.37644,1.37645,1e-05,0.1,1,SHORT,0.00907,0.0011,1.391,1.37604,0.01496,0.0267,LOWER_THIRD,1,0,0,1,2021-07-18T21:05:00Z,0,STOP,2021-07-18T21:05:00Z,1.37646,9.9,7.19,-0.1,-0.07,1,-1.1,-0.8
2021-07-23_2021-07-25,GBPUSD.DWX,IS,2021-07-23T20:50:00Z,2021-07-25T21:05:00Z,1.37459,1.37479,0.0002,2,1,SHORT,0.01007,0.0199,1.37872,1.35717,0.02155,0.8084,UPPER_THIRD,0,0,0,1,2021-07-25T21:05:00Z,0,STOP,2021-07-25T21:05:00Z,1.37499,9.5,6.91,-2,-1.45,1,-3,-2.18
2021-07-30_2021-08-01,GBPUSD.DWX,IS,2021-07-30T20:55:00Z,2021-08-01T21:05:00Z,1.39067,1.38977,-0.0009,-9,-1,LONG,0.00992,0.0907,1.39833,1.37369,0.02464,0.6891,UPPER_THIRD,1,0,0,1,2021-08-02T05:35:00Z,510,STOP,2021-08-02T02:00:00Z,1.38887,10.6,7.63,-9,-6.48,1,-10,-7.2
2021-08-06_2021-08-08,GBPUSD.DWX,IS,2021-08-06T20:55:00Z,2021-08-08T21:05:00Z,1.38735,1.38707,-0.00028,-2.8,-1,LONG,0.0087,0.0322,1.39575,1.38612,0.00963,0.1277,LOWER_THIRD,0,0,1,1,2021-08-08T21:05:00Z,0,FILL,2021-08-08T21:05:00Z,1.38735,0,0,2.8,2.02,1,1.8,1.3
2021-08-13_2021-08-15,GBPUSD.DWX,IS,2021-08-13T20:50:00Z,2021-08-15T21:05:00Z,1.38694,1.38596,-0.00098,-9.8,-1,LONG,0.00763,0.1285,1.38943,1.37904,0.01039,0.7603,UPPER_THIRD,1,0,0,1,2021-08-15T22:00:00Z,55,STOP,2021-08-15T21:25:00Z,1.38498,10.6,7.65,-9.8,-7.07,1,-10.8,-7.79
2021-08-20_2021-08-22,GBPUSD.DWX,IS,2021-08-20T20:55:00Z,2021-08-22T21:05:00Z,1.36228,1.36105,-0.00123,-12.3,-1,LONG,0.00738,0.1666,1.3878,1.36021,0.02759,0.075,LOWER_THIRD,0,0,1,1,2021-08-22T21:15:00Z,10,FILL,2021-08-22T21:15:00Z,1.36228,2.3,1.69,12.3,9.04,1,11.3,8.3
2021-08-27_2021-08-29,GBPUSD.DWX,IS,2021-08-27T20:50:00Z,2021-08-29T21:05:00Z,1.37568,1.37524,-0.00044,-4.4,-1,LONG,0.00802,0.0548,1.37806,1.36082,0.01724,0.8619,UPPER_THIRD,1,0,1,1,2021-08-29T21:05:00Z,0,FILL,2021-08-29T21:05:00Z,1.37568,0.2,0.15,4.4,3.2,1,3.4,2.47
2021-09-03_2021-09-05,GBPUSD.DWX,IS,2021-09-03T20:55:00Z,2021-09-05T21:05:00Z,1.38585,1.38554,-0.00031,-3.1,-1,LONG,0.00782,0.0396,1.38915,1.37309,0.01606,0.7945,UPPER_THIRD,1,0,1,1,2021-09-05T21:05:00Z,0,FILL,2021-09-05T21:05:00Z,1.38585,1.3,0.94,3.1,2.24,1,2.1,1.52
2021-09-10_2021-09-12,GBPUSD.DWX,IS,2021-09-10T20:55:00Z,2021-09-12T21:05:00Z,1.38301,1.38314,0.00013,1.3,1,SHORT,0.00713,0.0182,1.38884,1.37262,0.01622,0.6406,MIDDLE_THIRD,0,0,0,1,2021-09-12T21:05:00Z,0,STOP,2021-09-12T21:05:00Z,1.38327,10,7.23,-1.3,-0.94,1,-2.3,-1.66
2021-09-17_2021-09-19,GBPUSD.DWX,IS,2021-09-17T20:55:00Z,2021-09-19T21:05:00Z,1.37272,1.37345,0.00073,7.3,1,SHORT,0.00751,0.0972,1.39128,1.37271,0.01857,0.0005,LOWER_THIRD,1,0,0,1,2021-09-19T21:55:00Z,50,STOP,2021-09-19T21:05:00Z,1.37418,9.2,6.7,-7.3,-5.32,1,-8.3,-6.04
2021-09-24_2021-09-26,GBPUSD.DWX,IS,2021-09-24T20:50:00Z,2021-09-26T21:05:00Z,1.36709,1.36663,-0.00046,-4.6,-1,LONG,0.00845,0.0544,1.37506,1.36091,0.01415,0.4367,MIDDLE_THIRD,0,0,0,1,2021-09-26T22:05:00Z,60,STOP,2021-09-26T21:15:00Z,1.36617,5.4,3.95,-4.6,-3.37,1,-5.6,-4.1
2021-10-01_2021-10-03,GBPUSD.DWX,IS,2021-10-01T20:50:00Z,2021-10-03T21:05:00Z,1.35428,1.35534,0.00106,10.6,1,SHORT,0.01042,0.1017,1.37288,1.34114,0.03174,0.414,MIDDLE_THIRD,0,0,1,1,2021-10-03T21:15:00Z,10,FILL,2021-10-03T21:15:00Z,1.35428,6,4.43,10.6,7.82,1,9.6,7.08
2021-10-08_2021-10-10,GBPUSD.DWX,IS,2021-10-08T20:55:00Z,2021-10-10T21:05:00Z,1.36179,1.36205,0.00026,2.6,1,SHORT,0.01007,0.0258,1.36584,1.35314,0.0127,0.6811,UPPER_THIRD,0,0,1,1,2021-10-10T21:05:00Z,0,FILL,2021-10-10T21:05:00Z,1.36179,0.3,0.22,2.6,1.91,1,1.6,1.17
2021-10-15_2021-10-17,GBPUSD.DWX,IS,2021-10-15T20:50:00Z,2021-10-17T21:05:00Z,1.37442,1.3741,-0.00032,-3.2,-1,LONG,0.01016,0.0315,1.37731,1.35683,0.02048,0.8589,UPPER_THIRD,1,0,1,1,2021-10-17T21:05:00Z,0,FILL,2021-10-17T21:05:00Z,1.37442,0,0,3.2,2.33,1,2.2,1.6
2021-10-22_2021-10-24,GBPUSD.DWX,IS,2021-10-22T20:50:00Z,2021-10-24T21:05:00Z,1.37597,1.37401,-0.00196,-19.6,-1,LONG,0.00805,0.2435,1.38341,1.3709,0.01251,0.4053,MIDDLE_THIRD,0,0,1,1,2021-10-24T22:05:00Z,60,FILL,2021-10-24T22:05:00Z,1.37597,0.6,0.44,19.6,14.26,1,18.6,13.54
2021-10-29_2021-10-31,GBPUSD.DWX,IS,2021-10-29T20:55:00Z,2021-10-31T21:05:00Z,1.36929,1.36762,-0.00167,-16.7,-1,LONG,0.00834,0.2003,1.38293,1.36681,0.01612,0.1538,LOWER_THIRD,0,0,0,1,2021-11-01T13:10:00Z,965,STOP,2021-11-01T07:05:00Z,1.36595,19.3,14.11,-16.7,-12.21,1,-17.7,-12.94
2021-11-05_2021-11-07,GBPUSD.DWX,IS,2021-11-05T20:55:00Z,2021-11-07T22:05:00Z,1.34947,1.34867,-0.0008,-8,-1,LONG,0.00915,0.0875,1.36981,1.34243,0.02738,0.2571,LOWER_THIRD,0,0,0,1,2021-11-08T07:25:00Z,560,STOP,2021-11-08T01:45:00Z,1.34787,10.2,7.56,-8,-5.93,1,-9,-6.67
2021-11-12_2021-11-14,GBPUSD.DWX,IS,2021-11-12T21:55:00Z,2021-11-14T22:05:00Z,1.34122,1.34207,0.00085,8.5,1,SHORT,0.01008,0.0843,1.36073,1.3353,0.02543,0.2328,LOWER_THIRD,1,0,1,1,2021-11-14T22:05:00Z,0,FILL,2021-11-14T22:05:00Z,1.34122,0,0,8.5,6.33,1,7.5,5.59
2021-11-19_2021-11-21,GBPUSD.DWX,IS,2021-11-19T21:55:00Z,2021-11-21T22:05:00Z,1.34442,1.34446,4e-05,0.4,1,SHORT,0.00968,0.0041,1.35134,1.33956,0.01178,0.4126,MIDDLE_THIRD,0,0,0,1,2021-11-21T22:10:00Z,5,STOP,2021-11-21T22:05:00Z,1.3445,1.8,1.34,-0.4,-0.3,1,-1.4,-1.04
2021-11-26_2021-11-28,GBPUSD.DWX,IS,2021-11-26T21:50:00Z,2021-11-28T22:05:00Z,1.33239,1.33351,0.00112,11.2,1,SHORT,0.00785,0.1426,1.34498,1.32775,0.01723,0.2693,LOWER_THIRD,1,0,1,1,2021-11-29T07:10:00Z,545,FILL,2021-11-29T07:10:00Z,1.33239,8.7,6.52,11.2,8.4,1,10.2,7.65
2021-12-03_2021-12-05,GBPUSD.DWX,IS,2021-12-03T21:55:00Z,2021-12-05T22:10:00Z,1.32311,1.32246,-0.00065,-6.5,-1,LONG,0.00835,0.0779,1.33703,1.31942,0.01761,0.2095,LOWER_THIRD,0,0,1,1,2021-12-05T22:15:00Z,5,FILL,2021-12-05T22:15:00Z,1.32311,0,0,6.5,4.92,1,5.5,4.16
2021-12-10_2021-12-12,GBPUSD.DWX,IS,2021-12-10T21:55:00Z,2021-12-12T22:05:00Z,1.32627,1.32538,-0.00089,-8.9,-1,LONG,0.00835,0.1066,1.32891,1.31596,0.01295,0.7961,UPPER_THIRD,1,0,0,1,2021-12-13T12:30:00Z,865,STOP,2021-12-13T06:20:00Z,1.32449,11.5,8.68,-8.9,-6.72,1,-9.9,-7.47
2021-12-17_2021-12-19,GBPUSD.DWX,IS,2021-12-17T21:50:00Z,2021-12-19T22:05:00Z,1.32359,1.3237,0.00011,1.1,1,SHORT,0.00931,0.0118,1.33745,1.31715,0.0203,0.3172,LOWER_THIRD,1,0,0,1,2021-12-19T22:05:00Z,0,STOP,2021-12-19T22:05:00Z,1.32381,1.7,1.28,-1.1,-0.83,1,-2.1,-1.59
2021-12-24_2021-12-26,GBPUSD.DWX,IS,2021-12-24T21:50:00Z,2021-12-26T22:05:00Z,1.33892,1.33895,3e-05,0.3,1,SHORT,0.00865,0.0035,1.34377,1.31732,0.02645,0.8166,UPPER_THIRD,0,0,1,1,2021-12-26T22:15:00Z,10,FILL,2021-12-26T22:15:00Z,1.33892,0,0,0.3,0.22,1,-0.7,-0.52
2021-12-31_2022-01-02,GBPUSD.DWX,IS,2021-12-31T21:55:00Z,2022-01-02T22:05:00Z,1.35244,1.3522,-0.00024,-2.4,-1,LONG,0.0084,0.0286,1.35502,1.33856,0.01646,0.8433,UPPER_THIRD,1,0,1,1,2022-01-02T22:05:00Z,0,FILL,2022-01-02T22:05:00Z,1.35244,1.7,1.26,2.4,1.77,1,1.4,1.04
2022-01-07_2022-01-09,GBPUSD.DWX,IS,2022-01-07T21:55:00Z,2022-01-09T22:05:00Z,1.35906,1.35756,-0.0015,-15,-1,LONG,0.00788,0.1904,1.35985,1.34309,0.01676,0.9529,UPPER_THIRD,1,0,1,1,2022-01-09T23:00:00Z,55,FILL,2022-01-09T23:00:00Z,1.35906,8.8,6.48,15,11.05,1,14,10.31
2022-01-14_2022-01-16,GBPUSD.DWX,IS,2022-01-14T21:55:00Z,2022-01-16T22:05:00Z,1.36795,1.36706,-0.00089,-8.9,-1,LONG,0.00776,0.1147,1.37487,1.3532,0.02167,0.6807,UPPER_THIRD,1,0,1,1,2022-01-17T03:35:00Z,330,FILL,2022-01-17T03:35:00Z,1.36795,7.8,5.71,8.9,6.51,1,7.9,5.78
2022-01-21_2022-01-23,GBPUSD.DWX,IS,2022-01-21T21:55:00Z,2022-01-23T22:05:00Z,1.35524,1.35482,-0.00042,-4.2,-1,LONG,0.00733,0.0573,1.36897,1.35453,0.01444,0.0492,LOWER_THIRD,0,0,1,1,2022-01-23T23:00:00Z,55,FILL,2022-01-23T23:00:00Z,1.35524,0.9,0.66,4.2,3.1,1,3.2,2.36
2022-01-28_2022-01-30,GBPUSD.DWX,IS,2022-01-28T21:55:00Z,2022-01-30T22:05:00Z,1.33951,1.33938,-0.00013,-1.3,-1,LONG,0.00791,0.0164,1.35653,1.33577,0.02076,0.1802,LOWER_THIRD,0,0,0,1,2022-01-30T22:15:00Z,10,STOP,2022-01-30T22:05:00Z,1.33925,2.9,2.17,-1.3,-0.97,1,-2.3,-1.72
2022-02-04_2022-02-06,GBPUSD.DWX,IS,2022-02-04T21:55:00Z,2022-02-06T22:05:00Z,1.35278,1.35345,0.00067,6.7,1,SHORT,0.0085,0.0788,1.36277,1.33862,0.02415,0.5863,MIDDLE_THIRD,0,0,0,1,2022-02-07T01:05:00Z,180,STOP,2022-02-06T22:10:00Z,1.35412,7,5.17,-6.7,-4.95,1,-7.7,-5.69
2022-02-11_2022-02-13,GBPUSD.DWX,IS,2022-02-11T21:55:00Z,2022-02-13T22:05:00Z,1.35607,1.35476,-0.00131,-13.1,-1,LONG,0.00844,0.1552,1.36436,1.34905,0.01531,0.4585,MIDDLE_THIRD,0,0,1,1,2022-02-13T23:00:00Z,55,FILL,2022-02-13T23:00:00Z,1.35607,3.8,2.8,13.1,9.67,1,12.1,8.93
2022-02-18_2022-02-20,GBPUSD.DWX,IS,2022-02-18T21:50:00Z,2022-02-20T22:05:00Z,1.35927,1.35878,-0.00049,-4.9,-1,LONG,0.00822,0.0596,1.36426,1.34864,0.01562,0.6805,UPPER_THIRD,1,0,1,1,2022-02-20T22:20:00Z,15,FILL,2022-02-20T22:20:00Z,1.35927,1.2,0.88,4.9,3.61,1,3.9,2.87
2022-02-25_2022-02-27,GBPUSD.DWX,IS,2022-02-25T21:55:00Z,2022-02-27T22:05:00Z,1.34097,1.33328,-0.00769,-76.9,-1,LONG,0.0091,0.8447,1.36384,1.32725,0.03659,0.375,MIDDLE_THIRD,0,1,1,1,2022-02-28T10:55:00Z,770,FILL,2022-02-28T10:55:00Z,1.34097,11.7,8.78,76.9,57.68,1,75.9,56.93
2022-03-04_2022-03-06,GBPUSD.DWX,IS,2022-03-04T21:50:00Z,2022-03-06T22:05:00Z,1.32333,1.32229,-0.00104,-10.4,-1,LONG,0.01066,0.0975,1.34375,1.3202,0.02355,0.1329,LOWER_THIRD,0,0,1,1,2022-03-06T22:20:00Z,15,FILL,2022-03-06T22:20:00Z,1.32333,3.2,2.42,10.4,7.87,1,9.4,7.11
2022-03-11_2022-03-13,GBPUSD.DWX,IS,2022-03-11T21:55:00Z,2022-03-13T21:05:00Z,1.30366,1.30375,9e-05,0.9,1,SHORT,0.01175,0.0077,1.32378,1.30273,0.02105,0.0442,LOWER_THIRD,1,0,0,1,2022-03-13T21:10:00Z,5,STOP,2022-03-13T21:05:00Z,1.30384,1.4,1.07,-0.9,-0.69,1,-1.9,-1.46
2022-03-18_2022-03-20,GBPUSD.DWX,IS,2022-03-18T20:55:00Z,2022-03-20T21:05:00Z,1.31764,1.31706,-0.00058,-5.8,-1,LONG,0.01102,0.0526,1.32114,1.30001,0.02113,0.8344,UPPER_THIRD,1,0,0,1,2022-03-20T22:30:00Z,85,STOP,2022-03-20T21:10:00Z,1.31648,5.9,4.48,-5.8,-4.4,1,-6.8,-5.16
2022-03-25_2022-03-27,GBPUSD.DWX,IS,2022-03-25T20:55:00Z,2022-03-27T21:05:00Z,1.31828,1.31787,-0.00041,-4.1,-1,LONG,0.00978,0.0419,1.32986,1.31199,0.01787,0.352,MIDDLE_THIRD,0,0,0,1,2022-03-27T21:15:00Z,10,STOP,2022-03-27T21:05:00Z,1.31746,7.4,5.62,-4.1,-3.11,1,-5.1,-3.87
2022-04-01_2022-04-03,GBPUSD.DWX,IS,2022-04-01T20:55:00Z,2022-04-03T21:05:00Z,1.31112,1.30984,-0.00128,-12.8,-1,LONG,0.00985,0.1299,1.31852,1.30506,0.01346,0.4502,MIDDLE_THIRD,0,0,1,1,2022-04-04T00:45:00Z,220,FILL,2022-04-04T00:45:00Z,1.31112,5.1,3.89,12.8,9.77,1,11.8,9.01
2022-04-08_2022-04-10,GBPUSD.DWX,IS,2022-04-08T20:55:00Z,2022-04-10T21:05:00Z,1.30338,1.30296,-0.00042,-4.2,-1,LONG,0.00879,0.0478,1.31668,1.29822,0.01846,0.2795,LOWER_THIRD,0,0,0,1,2022-04-10T22:00:00Z,55,STOP,2022-04-10T21:05:00Z,1.30254,5,3.84,-4.2,-3.22,1,-5.2,-3.99
2022-04-15_2022-04-17,GBPUSD.DWX,IS,2022-04-15T20:50:00Z,2022-04-17T21:05:00Z,1.30576,1.30507,-0.00069,-6.9,-1,LONG,0.00811,0.0851,1.31473,1.29724,0.01749,0.4871,MIDDLE_THIRD,0,0,1,1,2022-04-17T22:00:00Z,55,FILL,2022-04-17T22:00:00Z,1.30576,1.1,0.84,6.9,5.29,1,5.9,4.52
2022-04-22_2022-04-24,GBPUSD.DWX,IS,2022-04-22T20:55:00Z,2022-04-24T21:05:00Z,1.28366,1.28276,-0.0009,-9,-1,LONG,0.00877,0.1026,1.30903,1.28227,0.02676,0.0519,LOWER_THIRD,0,0,1,1,2022-04-24T21:30:00Z,25,FILL,2022-04-24T21:30:00Z,1.28366,7.3,5.69,9,7.02,1,8,6.24
2022-04-29_2022-05-01,GBPUSD.DWX,IS,2022-04-29T20:50:00Z,2022-05-01T21:05:00Z,1.25772,1.25788,0.00016,1.6,1,SHORT,0.01154,0.0139,1.28387,1.24111,0.04276,0.3884,MIDDLE_THIRD,0,0,1,1,2022-05-01T21:05:00Z,0,FILL,2022-05-01T21:05:00Z,1.25772,0,0,1.6,1.27,1,0.6,0.48
2022-05-06_2022-05-08,GBPUSD.DWX,IS,2022-05-06T20:50:00Z,2022-05-08T21:05:00Z,1.23358,1.23414,0.00056,5.6,1,SHORT,0.01443,0.0388,1.2638,1.2276,0.0362,0.1652,LOWER_THIRD,1,0,1,1,2022-05-08T21:05:00Z,0,FILL,2022-05-08T21:05:00Z,1.23358,3.3,2.67,5.6,4.54,1,4.6,3.73
2022-05-13_2022-05-15,GBPUSD.DWX,IS,2022-05-13T20:55:00Z,2022-05-15T21:05:00Z,1.22592,1.22404,-0.00188,-18.8,-1,LONG,0.01459,0.1289,1.24061,1.21552,0.02509,0.4145,MIDDLE_THIRD,0,0,1,1,2022-05-15T22:15:00Z,70,FILL,2022-05-15T22:15:00Z,1.22592,6.4,5.23,18.8,15.36,1,17.8,14.54
2022-05-20_2022-05-22,GBPUSD.DWX,IS,2022-05-20T20:55:00Z,2022-05-22T21:05:00Z,1.24912,1.24726,-0.00186,-18.6,-1,LONG,0.01434,0.1297,1.25245,1.22168,0.03077,0.8918,UPPER_THIRD,1,0,1,1,2022-05-22T22:00:00Z,55,FILL,2022-05-22T22:00:00Z,1.24912,4,3.21,18.6,14.91,1,17.6,14.11
2022-05-27_2022-05-29,GBPUSD.DWX,IS,2022-05-27T20:50:00Z,2022-05-29T21:05:00Z,1.26299,1.26163,-0.00136,-13.6,-1,LONG,0.01216,0.1118,1.26668,1.24686,0.01982,0.8138,UPPER_THIRD,1,0,1,1,2022-05-29T22:00:00Z,55,FILL,2022-05-29T22:00:00Z,1.26299,12,9.51,13.6,10.78,1,12.6,9.99
2022-06-03_2022-06-05,GBPUSD.DWX,IS,2022-06-03T20:55:00Z,2022-06-05T21:05:00Z,1.2486,1.24849,-0.00011,-1.1,-1,LONG,0.01199,0.0092,1.26598,1.24584,0.02014,0.137,LOWER_THIRD,0,0,1,1,2022-06-05T21:05:00Z,0,FILL,2022-06-05T21:05:00Z,1.2486,0,0,1.1,0.88,1,0.1,0.08
2022-06-10_2022-06-12,GBPUSD.DWX,IS,2022-06-10T20:55:00Z,2022-06-12T21:05:00Z,1.23108,1.23148,0.0004,4,1,SHORT,0.01127,0.0355,1.25994,1.2301,0.02984,0.0328,LOWER_THIRD,1,0,1,1,2022-06-12T21:10:00Z,5,FILL,2022-06-12T21:10:00Z,1.23108,0.7,0.57,4,3.25,1,3,2.44
2022-06-17_2022-06-19,GBPUSD.DWX,IS,2022-06-17T20:50:00Z,2022-06-19T21:05:00Z,1.22185,1.22144,-0.00041,-4.1,-1,LONG,0.01698,0.0241,1.24069,1.19339,0.0473,0.6017,MIDDLE_THIRD,0,0,1,1,2022-06-19T21:10:00Z,5,FILL,2022-06-19T21:10:00Z,1.22185,3.7,3.03,4.1,3.36,1,3.1,2.54
2022-06-24_2022-06-26,GBPUSD.DWX,IS,2022-06-24T20:55:00Z,2022-06-26T21:05:00Z,1.22708,1.22624,-0.00084,-8.4,-1,LONG,0.01661,0.0506,1.23247,1.21611,0.01636,0.6705,UPPER_THIRD,1,0,1,1,2022-06-26T22:00:00Z,55,FILL,2022-06-26T22:00:00Z,1.22708,4.8,3.91,8.4,6.85,1,7.4,6.03
2022-07-01_2022-07-03,GBPUSD.DWX,IS,2022-07-01T20:50:00Z,2022-07-03T21:05:00Z,1.20925,1.20983,0.00058,5.8,1,SHORT,0.01558,0.0372,1.23323,1.19755,0.03568,0.3279,LOWER_THIRD,1,0,0,1,2022-07-04T01:20:00Z,255,STOP,2022-07-03T22:00:00Z,1.21041,6.6,5.46,-5.8,-4.79,1,-6.8,-5.62
2022-07-08_2022-07-10,GBPUSD.DWX,IS,2022-07-08T20:55:00Z,2022-07-10T21:05:00Z,1.20323,1.20042,-0.00281,-28.1,-1,LONG,0.01235,0.2274,1.21653,1.18755,0.02898,0.5411,MIDDLE_THIRD,0,0,1,1,2022-07-10T22:00:00Z,55,FILL,2022-07-10T22:00:00Z,1.20323,0.3,0.25,28.1,23.41,1,27.1,22.58
2022-07-15_2022-07-17,GBPUSD.DWX,IS,2022-07-15T20:55:00Z,2022-07-17T21:05:00Z,1.18636,1.18666,0.0003,3,1,SHORT,0.01298,0.0231,1.2037,1.17601,0.02769,0.3738,MIDDLE_THIRD,0,0,1,1,2022-07-17T21:30:00Z,25,FILL,2022-07-17T21:30:00Z,1.18636,2.9,2.44,3,2.53,1,2,1.69
2022-07-22_2022-07-24,GBPUSD.DWX,IS,2022-07-22T20:50:00Z,2022-07-24T21:05:00Z,1.20051,1.19921,-0.0013,-13,-1,LONG,0.01329,0.0978,1.2064,1.18612,0.02028,0.7096,UPPER_THIRD,1,0,1,1,2022-07-24T22:10:00Z,65,FILL,2022-07-24T22:10:00Z,1.20051,8.3,6.92,13,10.84,1,12,10.01
2022-07-29_2022-07-31,GBPUSD.DWX,IS,2022-07-29T20:50:00Z,2022-07-31T21:05:00Z,1.21829,1.21639,-0.0019,-19,-1,LONG,0.01275,0.1491,1.22456,1.19604,0.02852,0.7802,UPPER_THIRD,1,0,1,1,2022-08-01T00:20:00Z,195,FILL,2022-08-01T00:20:00Z,1.21829,10.3,8.47,19,15.62,1,18,14.8
2022-08-05_2022-08-07,GBPUSD.DWX,IS,2022-08-05T20:50:00Z,2022-08-07T21:05:00Z,1.20742,1.20677,-0.00065,-6.5,-1,LONG,0.01317,0.0494,1.22936,1.20033,0.02903,0.2442,LOWER_THIRD,0,0,0,1,2022-08-08T02:45:00Z,340,STOP,2022-08-07T22:00:00Z,1.20612,7.7,6.38,-6.5,-5.39,1,-7.5,-6.21
2022-08-12_2022-08-14,GBPUSD.DWX,IS,2022-08-12T20:50:00Z,2022-08-14T21:05:00Z,1.21358,1.21236,-0.00122,-12.2,-1,LONG,0.01289,0.0946,1.22769,1.20475,0.02294,0.3849,MIDDLE_THIRD,0,0,1,1,2022-08-14T23:15:00Z,130,FILL,2022-08-14T23:15:00Z,1.21358,3,2.47,12.2,10.06,1,11.2,9.24
2022-08-19_2022-08-21,GBPUSD.DWX,IS,2022-08-19T20:50:00Z,2022-08-21T21:05:00Z,1.18254,1.1828,0.00026,2.6,1,SHORT,0.01231,0.0211,1.21482,1.1792,0.03562,0.0938,LOWER_THIRD,1,0,1,1,2022-08-21T21:05:00Z,0,FILL,2022-08-21T21:05:00Z,1.18254,0,0,2.6,2.2,1,1.6,1.35
2022-08-26_2022-08-28,GBPUSD.DWX,IS,2022-08-26T20:50:00Z,2022-08-28T21:05:00Z,1.17382,1.17298,-0.00084,-8.4,-1,LONG,0.01196,0.0702,1.19007,1.17172,0.01835,0.1144,LOWER_THIRD,0,0,0,1,2022-08-29T14:05:00Z,1020,STOP,2022-08-28T22:00:00Z,1.17214,10.8,9.21,-8.4,-7.16,1,-9.4,-8.01
2022-09-02_2022-09-04,GBPUSD.DWX,IS,2022-09-02T20:50:00Z,2022-09-04T21:05:00Z,1.15126,1.1482,-0.00306,-30.6,-1,LONG,0.01184,0.2584,1.17604,1.14959,0.02645,0.0631,LOWER_THIRD,0,0,0,1,2022-09-05T09:55:00Z,770,STOP,2022-09-05T05:00:00Z,1.14514,30.9,26.91,-30.6,-26.65,1,-31.6,-27.52
2022-09-09_2022-09-11,GBPUSD.DWX,IS,2022-09-09T20:50:00Z,2022-09-11T21:05:00Z,1.15869,1.16302,0.00433,43.3,1,SHORT,0.01154,0.3752,1.16482,1.14052,0.0243,0.7477,UPPER_THIRD,0,1,0,1,2022-09-13T12:35:00Z,2370,STOP,2022-09-12T07:00:00Z,1.16735,45.8,39.38,-43.3,-37.23,1,-44.3,-38.09
2022-09-16_2022-09-18,GBPUSD.DWX,IS,2022-09-16T20:50:00Z,2022-09-18T21:05:00Z,1.14229,1.14111,-0.00118,-11.8,-1,LONG,0.01233,0.0957,1.1738,1.13505,0.03875,0.1868,LOWER_THIRD,0,0,1,1,2022-09-18T22:35:00Z,90,FILL,2022-09-18T22:35:00Z,1.14229,0.7,0.61,11.8,10.34,1,10.8,9.46
2022-09-23_2022-09-25,GBPUSD.DWX,IS,2022-09-23T20:50:00Z,2022-09-25T21:05:00Z,1.08456,1.08012,-0.00444,-44.4,-1,LONG,0.01518,0.2926,1.14609,1.08395,0.06214,0.0098,LOWER_THIRD,0,0,0,1,2022-09-26T12:45:00Z,940,STOP,2022-09-26T00:40:00Z,1.07568,62.6,57.96,-44.4,-41.11,1,-45.4,-42.03
2022-09-30_2022-10-02,GBPUSD.DWX,IS,2022-09-30T20:55:00Z,2022-10-02T21:05:00Z,1.11524,1.11598,0.00074,7.4,1,SHORT,0.02319,0.0319,1.12343,1.03162,0.09181,0.9108,UPPER_THIRD,0,0,0,1,2022-10-02T22:05:00Z,60,STOP,2022-10-02T21:10:00Z,1.11672,8.8,7.89,-7.4,-6.63,1,-8.4,-7.53
2022-10-07_2022-10-09,GBPUSD.DWX,IS,2022-10-07T20:50:00Z,2022-10-09T21:05:00Z,1.10867,1.10798,-0.00069,-6.9,-1,LONG,0.0268,0.0257,1.14955,1.10553,0.04402,0.0713,LOWER_THIRD,0,0,1,1,2022-10-09T21:05:00Z,0,FILL,2022-10-09T21:05:00Z,1.10867,0,0,6.9,6.23,1,5.9,5.33
2022-10-14_2022-10-16,GBPUSD.DWX,IS,2022-10-14T20:50:00Z,2022-10-16T21:05:00Z,1.1178,1.12197,0.00417,41.7,1,SHORT,0.02406,0.1733,1.13804,1.09235,0.04569,0.557,MIDDLE_THIRD,0,0,0,1,2022-10-20T09:10:00Z,5045,STOP,2022-10-17T05:15:00Z,1.12614,45.4,40.46,-41.7,-37.17,1,-42.7,-38.06
2022-10-21_2022-10-23,GBPUSD.DWX,IS,2022-10-21T20:55:00Z,2022-10-23T21:05:00Z,1.12921,1.13842,0.00921,92.1,1,SHORT,0.02138,0.4307,1.14397,1.10606,0.03791,0.6107,MIDDLE_THIRD,0,1,1,1,2022-10-24T11:05:00Z,840,FILL,2022-10-24T11:05:00Z,1.12921,23.9,20.99,92.1,80.9,1,91.1,80.02
2022-10-28_2022-10-30,GBPUSD.DWX,IS,2022-10-28T20:50:00Z,2022-10-30T21:05:00Z,1.16146,1.15845,-0.00301,-30.1,-1,LONG,0.01991,0.1512,1.16456,1.12579,0.03877,0.92,UPPER_THIRD,1,0,0,0,,,STOP,2022-10-31T08:15:00Z,1.15544,30.6,26.41,-30.1,-25.98,1,-31.1,-26.85
2022-11-04_2022-11-06,GBPUSD.DWX,IS,2022-11-04T20:50:00Z,2022-11-06T22:05:00Z,1.13733,1.13082,-0.00651,-65.1,-1,LONG,0.01799,0.3619,1.16133,1.11455,0.04678,0.487,MIDDLE_THIRD,0,1,1,1,2022-11-07T08:20:00Z,615,FILL,2022-11-07T08:20:00Z,1.13733,17.6,15.56,65.1,57.57,1,64.1,56.68
2022-11-11_2022-11-13,GBPUSD.DWX,IS,2022-11-11T20:55:00Z,2022-11-13T22:05:00Z,1.18444,1.18056,-0.00388,-38.8,-1,LONG,0.02048,0.1895,1.18548,1.12906,0.05642,0.9816,UPPER_THIRD,1,0,0,1,2022-11-15T10:20:00Z,2175,STOP,2022-11-13T22:25:00Z,1.17668,40.4,34.22,-38.8,-32.87,1,-39.8,-33.71
2022-11-18_2022-11-20,GBPUSD.DWX,IS,2022-11-18T21:50:00Z,2022-11-20T22:05:00Z,1.18841,1.18948,0.00107,10.7,1,SHORT,0.02058,0.052,1.20287,1.17102,0.03185,0.546,MIDDLE_THIRD,0,0,1,1,2022-11-20T22:05:00Z,0,FILL,2022-11-20T22:05:00Z,1.18841,0,0,10.7,9,1,9.7,8.15
2022-11-25_2022-11-27,GBPUSD.DWX,IS,2022-11-25T21:50:00Z,2022-11-27T22:05:00Z,1.2083,1.20682,-0.00148,-14.8,-1,LONG,0.01724,0.0859,1.21537,1.17784,0.03753,0.8116,UPPER_THIRD,1,0,0,1,2022-11-28T08:25:00Z,620,STOP,2022-11-27T23:35:00Z,1.20534,15.4,12.76,-14.8,-12.26,1,-15.8,-13.09
2022-12-02_2022-12-04,GBPUSD.DWX,IS,2022-12-02T21:50:00Z,2022-12-04T22:05:00Z,1.22908,1.22713,-0.00195,-19.5,-1,LONG,0.01571,0.1241,1.23108,1.19003,0.04105,0.9513,UPPER_THIRD,1,0,1,1,2022-12-04T23:45:00Z,100,FILL,2022-12-04T23:45:00Z,1.22908,4.1,3.34,19.5,15.89,1,18.5,15.08
2022-12-09_2022-12-11,GBPUSD.DWX,IS,2022-12-09T21:50:00Z,2022-12-11T22:05:00Z,1.22607,1.22528,-0.00079,-7.9,-1,LONG,0.0147,0.0538,1.23446,1.21064,0.02382,0.6478,MIDDLE_THIRD,0,0,0,1,2022-12-12T08:50:00Z,645,STOP,2022-12-11T23:10:00Z,1.22449,9.7,7.92,-7.9,-6.45,1,-8.9,-7.26
2022-12-16_2022-12-18,GBPUSD.DWX,IS,2022-12-16T21:50:00Z,2022-12-18T22:05:00Z,1.21527,1.21425,-0.00102,-10.2,-1,LONG,0.01551,0.0658,1.24467,1.21195,0.03272,0.1015,LOWER_THIRD,0,0,1,1,2022-12-18T22:15:00Z,10,FILL,2022-12-18T22:15:00Z,1.21527,2,1.65,10.2,8.4,1,9.2,7.58
2022-12-23_2022-12-25,GBPUSD.DWX,IS,2022-12-23T21:50:00Z,2022-12-25T22:05:00Z,1.20501,1.20541,0.0004,4,1,SHORT,0.01339,0.0299,1.2242,1.19924,0.02496,0.2312,LOWER_THIRD,1,0,0,1,2022-12-25T22:40:00Z,35,STOP,2022-12-25T22:05:00Z,1.20581,4.7,3.9,-4,-3.32,1,-5,-4.15
2022-12-30_2023-01-01,GBPUSD.DWX,IS,2022-12-30T21:50:00Z,2023-01-01T22:05:00Z,1.20918,1.20728,-0.0019,-19,-1,LONG,0.01232,0.1543,1.21258,1.2002,0.01238,0.7254,UPPER_THIRD,1,0,0,1,2023-01-06T19:10:00Z,7025,STOP,2023-01-02T08:50:00Z,1.20538,23.9,19.8,-19,-15.74,1,-20,-16.57
2023-01-06_2023-01-08,GBPUSD.DWX,IS,2023-01-06T21:50:00Z,2023-01-08T22:05:00Z,1.20944,1.20772,-0.00172,-17.2,-1,LONG,0.01259,0.1366,1.20993,1.18412,0.02581,0.981,UPPER_THIRD,1,0,1,1,2023-01-08T22:45:00Z,40,FILL,2023-01-08T22:45:00Z,1.20944,0,0,17.2,14.24,1,16.2,13.41
2023-01-13_2023-01-15,GBPUSD.DWX,IS,2023-01-13T21:55:00Z,2023-01-15T22:05:00Z,1.22352,1.22084,-0.00268,-26.8,-1,LONG,0.01285,0.2086,1.22486,1.20772,0.01714,0.9218,UPPER_THIRD,1,0,1,1,2023-01-16T00:15:00Z,130,FILL,2023-01-16T00:15:00Z,1.22352,3.5,2.87,26.8,21.95,1,25.8,21.13
2023-01-20_2023-01-22,GBPUSD.DWX,IS,2023-01-20T21:50:00Z,2023-01-22T22:05:00Z,1.23997,1.24002,5e-05,0.5,1,SHORT,0.01375,0.0036,1.2436,1.21691,0.02669,0.864,UPPER_THIRD,0,0,0,1,2023-01-22T22:05:00Z,0,STOP,2023-01-22T22:05:00Z,1.24007,1.7,1.37,-0.5,-0.4,1,-1.5,-1.21
2023-01-27_2023-01-29,GBPUSD.DWX,IS,2023-01-27T21:50:00Z,2023-01-29T22:05:00Z,1.23977,1.23879,-0.00098,-9.8,-1,LONG,0.01122,0.0874,1.24478,1.22629,0.01849,0.729,UPPER_THIRD,1,0,0,1,2023-01-29T23:15:00Z,70,STOP,2023-01-29T22:15:00Z,1.23781,22.6,18.24,-9.8,-7.91,1,-10.8,-8.72
2023-02-03_2023-02-05,GBPUSD.DWX,IS,2023-02-03T21:50:00Z,2023-02-05T22:05:00Z,1.20508,1.20307,-0.00201,-20.1,-1,LONG,0.01221,0.1646,1.24173,1.20473,0.037,0.0095,LOWER_THIRD,0,0,1,1,2023-02-05T23:15:00Z,70,FILL,2023-02-05T23:15:00Z,1.20508,1.3,1.08,20.1,16.71,1,19.1,15.88
2023-02-10_2023-02-12,GBPUSD.DWX,IS,2023-02-10T21:50:00Z,2023-02-12T22:05:00Z,1.2058,1.2058,0,0,0,LONG,0.01166,0,1.21939,1.19612,0.02327,0.416,MIDDLE_THIRD,0,0,0,0,,,STOP,2023-02-12T22:05:00Z,1.2058,0,0,0,0,1,-1,-0.83
2023-02-17_2023-02-19,GBPUSD.DWX,IS,2023-02-17T21:50:00Z,2023-02-19T22:05:00Z,1.20404,1.2023,-0.00174,-17.4,-1,LONG,0.01307,0.1331,1.22696,1.1915,0.03546,0.3536,MIDDLE_THIRD,0,0,1,1,2023-02-20T04:35:00Z,390,FILL,2023-02-20T04:35:00Z,1.20404,8.6,7.15,17.4,14.47,1,16.4,13.64
2023-02-24_2023-02-26,GBPUSD.DWX,IS,2023-02-24T21:50:00Z,2023-02-26T22:05:00Z,1.19389,1.19456,0.00067,6.7,1,SHORT,0.01181,0.0568,1.21478,1.1928,0.02198,0.0496,LOWER_THIRD,1,0,1,1,2023-02-26T22:05:00Z,0,FILL,2023-02-26T22:05:00Z,1.19389,0,0,6.7,5.61,1,5.7,4.77
2023-03-03_2023-03-05,GBPUSD.DWX,IS,2023-03-03T21:50:00Z,2023-03-05T22:05:00Z,1.20438,1.20239,-0.00199,-19.9,-1,LONG,0.01215,0.1637,1.21432,1.19223,0.02209,0.55,MIDDLE_THIRD,0,0,1,1,2023-03-06T02:45:00Z,280,FILL,2023-03-06T02:45:00Z,1.20438,4.2,3.49,19.9,16.55,1,18.9,15.72
2023-03-10_2023-03-12,GBPUSD.DWX,IS,2023-03-10T21:50:00Z,2023-03-12T21:05:00Z,1.20314,1.2065,0.00336,33.6,1,SHORT,0.01243,0.2703,1.21133,1.18029,0.03104,0.7361,UPPER_THIRD,0,0,0,1,2023-03-15T15:40:00Z,3995,STOP,2023-03-12T23:10:00Z,1.20986,34.3,28.43,-33.6,-27.85,1,-34.6,-28.68
2023-03-17_2023-03-19,GBPUSD.DWX,IS,2023-03-17T20:50:00Z,2023-03-19T21:05:00Z,1.21758,1.22022,0.00264,26.4,1,SHORT,0.01249,0.2113,1.22034,1.20102,0.01932,0.8571,UPPER_THIRD,0,0,1,1,2023-03-20T01:40:00Z,275,FILL,2023-03-20T01:40:00Z,1.21758,2.4,1.97,26.4,21.64,1,25.4,20.82
2023-03-24_2023-03-26,GBPUSD.DWX,IS,2023-03-24T20:50:00Z,2023-03-26T21:05:00Z,1.22294,1.22239,-0.00055,-5.5,-1,LONG,0.01257,0.0438,1.23434,1.2167,0.01764,0.3537,MIDDLE_THIRD,0,0,1,1,2023-03-26T21:20:00Z,15,FILL,2023-03-26T21:20:00Z,1.22294,1.7,1.39,5.5,4.5,1,4.5,3.68
2023-03-31_2023-04-02,GBPUSD.DWX,IS,2023-03-31T20:50:00Z,2023-04-02T21:05:00Z,1.23301,1.23203,-0.00098,-9.8,-1,LONG,0.00985,0.0994,1.2423,1.22186,0.02044,0.5455,MIDDLE_THIRD,0,0,0,1,2023-04-03T08:55:00Z,710,STOP,2023-04-02T22:30:00Z,1.23105,15,12.18,-9.8,-7.95,1,-10.8,-8.77
2023-04-07_2023-04-09,GBPUSD.DWX,IS,2023-04-07T20:50:00Z,2023-04-09T21:05:00Z,1.24161,1.24171,0.0001,1,1,SHORT,0.00943,0.0106,1.25251,1.22742,0.02509,0.5656,MIDDLE_THIRD,0,0,0,1,2023-04-09T21:05:00Z,0,STOP,2023-04-09T21:05:00Z,1.24181,1.7,1.37,-1,-0.81,1,-2,-1.61
2023-04-14_2023-04-16,GBPUSD.DWX,IS,2023-04-14T20:50:00Z,2023-04-16T21:05:00Z,1.24143,1.24061,-0.00082,-8.2,-1,LONG,0.00935,0.0877,1.25465,1.23442,0.02023,0.3465,MIDDLE_THIRD,0,0,1,1,2023-04-16T21:25:00Z,20,FILL,2023-04-16T21:25:00Z,1.24143,0,0,8.2,6.61,1,7.2,5.8
2023-04-21_2023-04-23,GBPUSD.DWX,IS,2023-04-21T20:50:00Z,2023-04-23T21:05:00Z,1.24438,1.24397,-0.00041,-4.1,-1,LONG,0.00875,0.0468,1.24741,1.23533,0.01208,0.7492,UPPER_THIRD,1,0,1,1,2023-04-23T21:10:00Z,5,FILL,2023-04-23T21:10:00Z,1.24438,0.2,0.16,4.1,3.3,1,3.1,2.49
2023-04-28_2023-04-30,GBPUSD.DWX,IS,2023-04-28T20:50:00Z,2023-04-30T21:05:00Z,1.25675,1.25565,-0.0011,-11,-1,LONG,0.00917,0.1199,1.25838,1.23865,0.01973,0.9174,UPPER_THIRD,1,0,1,1,2023-04-30T22:00:00Z,55,FILL,2023-04-30T22:00:00Z,1.25675,0.3,0.24,11,8.76,1,10,7.96
2023-05-05_2023-05-07,GBPUSD.DWX,IS,2023-05-05T20:50:00Z,2023-05-07T21:05:00Z,1.2631,1.26282,-0.00028,-2.8,-1,LONG,0.00898,0.0312,1.26522,1.24354,0.02168,0.9022,UPPER_THIRD,1,0,1,1,2023-05-07T21:10:00Z,5,FILL,2023-05-07T21:10:00Z,1.2631,0,0,2.8,2.22,1,1.8,1.43
2023-05-12_2023-05-14,GBPUSD.DWX,IS,2023-05-12T20:50:00Z,2023-05-14T21:05:00Z,1.24481,1.24493,0.00012,1.2,1,SHORT,0.00935,0.0128,1.26799,1.24446,0.02353,0.0149,LOWER_THIRD,1,0,1,1,2023-05-14T21:05:00Z,0,FILL,2023-05-14T21:05:00Z,1.24481,0,0,1.2,0.96,1,0.2,0.16
2023-05-19_2023-05-21,GBPUSD.DWX,IS,2023-05-19T20:50:00Z,2023-05-21T21:05:00Z,1.24459,1.2436,-0.00099,-9.9,-1,LONG,0.00889,0.1114,1.25462,1.23912,0.0155,0.3529,MIDDLE_THIRD,0,0,1,1,2023-05-21T21:10:00Z,5,FILL,2023-05-21T21:10:00Z,1.24459,0.1,0.08,9.9,7.96,1,8.9,7.16
2023-05-26_2023-05-28,GBPUSD.DWX,IS,2023-05-26T20:50:00Z,2023-05-28T21:05:00Z,1.23496,1.2334,-0.00156,-15.6,-1,LONG,0.00889,0.1755,1.24721,1.23078,0.01643,0.2544,LOWER_THIRD,0,0,1,1,2023-05-28T22:00:00Z,55,FILL,2023-05-28T22:00:00Z,1.23496,0,0,15.6,12.65,1,14.6,11.84
2023-06-02_2023-06-04,GBPUSD.DWX,IS,2023-06-02T20:50:00Z,2023-06-04T21:05:00Z,1.24496,1.24455,-0.00041,-4.1,-1,LONG,0.00903,0.0454,1.25445,1.23269,0.02176,0.5639,MIDDLE_THIRD,0,0,0,1,2023-06-06T02:10:00Z,1745,STOP,2023-06-04T21:10:00Z,1.24414,8.2,6.59,-4.1,-3.29,1,-5.1,-4.1
2023-06-09_2023-06-11,GBPUSD.DWX,IS,2023-06-09T20:50:00Z,2023-06-11T21:05:00Z,1.25802,1.2554,-0.00262,-26.2,-1,LONG,0.00921,0.2846,1.259,1.23683,0.02217,0.9558,UPPER_THIRD,1,0,1,1,2023-06-11T21:45:00Z,40,FILL,2023-06-11T21:45:00Z,1.25802,0,0,26.2,20.87,1,25.2,20.07
2023-06-16_2023-06-18,GBPUSD.DWX,IS,2023-06-16T20:50:00Z,2023-06-18T21:05:00Z,1.28202,1.28177,-0.00025,-2.5,-1,LONG,0.0105,0.0238,1.28481,1.24868,0.03613,0.9228,UPPER_THIRD,1,0,1,1,2023-06-18T21:10:00Z,5,FILL,2023-06-18T21:10:00Z,1.28202,0,0,2.5,1.95,1,1.5,1.17
2023-06-23_2023-06-25,GBPUSD.DWX,IS,2023-06-23T20:50:00Z,2023-06-25T21:05:00Z,1.27155,1.27051,-0.00104,-10.4,-1,LONG,0.00987,0.1054,1.28368,1.26816,0.01552,0.2184,LOWER_THIRD,0,0,1,1,2023-06-25T22:00:00Z,55,FILL,2023-06-25T22:00:00Z,1.27155,0,0,10.4,8.19,1,9.4,7.4
2023-06-30_2023-07-02,GBPUSD.DWX,IS,2023-06-30T20:50:00Z,2023-07-02T21:05:00Z,1.26931,1.26906,-0.00025,-2.5,-1,LONG,0.00981,0.0255,1.27592,1.25906,0.01686,0.6079,MIDDLE_THIRD,0,0,1,1,2023-07-02T21:05:00Z,0,FILL,2023-07-02T21:05:00Z,1.26931,0,0,2.5,1.97,1,1.5,1.18
2023-07-07_2023-07-09,GBPUSD.DWX,IS,2023-07-07T20:50:00Z,2023-07-09T21:05:00Z,1.28376,1.28289,-0.00087,-8.7,-1,LONG,0.00894,0.0973,1.28491,1.2658,0.01911,0.9398,UPPER_THIRD,1,0,1,1,2023-07-09T22:10:00Z,65,FILL,2023-07-09T22:10:00Z,1.28376,0.6,0.47,8.7,6.78,1,7.7,6
2023-07-14_2023-07-16,GBPUSD.DWX,IS,2023-07-14T20:50:00Z,2023-07-16T21:05:00Z,1.30911,1.30909,-2e-05,-0.2,-1,LONG,0.00941,0.0021,1.31419,1.27502,0.03917,0.8703,UPPER_THIRD,1,0,0,1,2023-07-16T21:10:00Z,5,STOP,2023-07-16T21:05:00Z,1.30907,2.1,1.6,-0.2,-0.15,1,-1.2,-0.92
2023-07-21_2023-07-23,GBPUSD.DWX,IS,2023-07-21T20:50:00Z,2023-07-23T21:05:00Z,1.28532,1.28493,-0.00039,-3.9,-1,LONG,0.00991,0.0394,1.31256,1.28156,0.031,0.1213,LOWER_THIRD,0,0,1,1,2023-07-23T22:00:00Z,55,FILL,2023-07-23T22:00:00Z,1.28532,0.1,0.08,3.9,3.04,1,2.9,2.26
2023-07-28_2023-07-30,GBPUSD.DWX,IS,2023-07-28T20:50:00Z,2023-07-30T21:05:00Z,1.28458,1.28357,-0.00101,-10.1,-1,LONG,0.01099,0.0919,1.29954,1.27626,0.02328,0.3574,MIDDLE_THIRD,0,0,1,1,2023-07-30T21:25:00Z,20,FILL,2023-07-30T21:25:00Z,1.28458,0,0,10.1,7.87,1,9.1,7.09
2023-08-04_2023-08-06,GBPUSD.DWX,IS,2023-08-04T20:50:00Z,2023-08-06T21:05:00Z,1.27491,1.27413,-0.00078,-7.8,-1,LONG,0.01125,0.0694,1.28722,1.262,0.02522,0.5119,MIDDLE_THIRD,0,0,1,1,2023-08-06T21:10:00Z,5,FILL,2023-08-06T21:10:00Z,1.27491,1.3,1.02,7.8,6.12,1,6.8,5.34
2023-08-11_2023-08-13,GBPUSD.DWX,IS,2023-08-11T20:50:00Z,2023-08-13T21:05:00Z,1.2696,1.26929,-0.00031,-3.1,-1,LONG,0.01052,0.0295,1.28184,1.26657,0.01527,0.1984,LOWER_THIRD,0,0,0,1,2023-08-13T21:15:00Z,10,STOP,2023-08-13T21:05:00Z,1.26898,5,3.94,-3.1,-2.44,1,-4.1,-3.23
2023-08-18_2023-08-20,GBPUSD.DWX,IS,2023-08-18T20:50:00Z,2023-08-20T21:05:00Z,1.27331,1.27259,-0.00072,-7.2,-1,LONG,0.00948,0.076,1.27872,1.26162,0.0171,0.6836,UPPER_THIRD,1,0,1,1,2023-08-20T21:15:00Z,10,FILL,2023-08-20T21:15:00Z,1.27331,0.6,0.47,7.2,5.66,1,6.2,4.87
2023-08-25_2023-08-27,GBPUSD.DWX,IS,2023-08-25T20:50:00Z,2023-08-27T21:05:00Z,1.25766,1.25753,-0.00013,-1.3,-1,LONG,0.0096,0.0135,1.28,1.25476,0.02524,0.1149,LOWER_THIRD,0,0,0,1,2023-08-27T21:15:00Z,10,STOP,2023-08-27T21:05:00Z,1.2574,2.3,1.83,-1.3,-1.03,1,-2.3,-1.83
2023-09-01_2023-09-03,GBPUSD.DWX,IS,2023-09-01T20:50:00Z,2023-09-03T21:05:00Z,1.25871,1.25877,6e-05,0.6,1,SHORT,0.00953,0.0063,1.27461,1.25623,0.01838,0.1349,LOWER_THIRD,1,0,1,1,2023-09-03T21:15:00Z,10,FILL,2023-09-03T21:15:00Z,1.25871,0.1,0.08,0.6,0.48,1,-0.4,-0.32
2023-09-08_2023-09-10,GBPUSD.DWX,IS,2023-09-08T20:50:00Z,2023-09-10T21:05:00Z,1.24597,1.24619,0.00022,2.2,1,SHORT,0.00964,0.0228,1.26422,1.24452,0.0197,0.0736,LOWER_THIRD,1,0,0,1,2023-09-12T11:30:00Z,2305,STOP,2023-09-10T21:05:00Z,1.24641,11.2,8.99,-2.2,-1.77,1,-3.2,-2.57
2023-09-15_2023-09-17,GBPUSD.DWX,IS,2023-09-15T20:50:00Z,2023-09-17T21:05:00Z,1.23841,1.23799,-0.00042,-4.2,-1,LONG,0.00886,0.0474,1.25479,1.23784,0.01695,0.0336,LOWER_THIRD,0,0,1,1,2023-09-17T21:05:00Z,0,FILL,2023-09-17T21:05:00Z,1.23841,0.5,0.4,4.2,3.39,1,3.2,2.58
2023-09-22_2023-09-24,GBPUSD.DWX,IS,2023-09-22T20:50:00Z,2023-09-24T21:05:00Z,1.22361,1.22389,0.00028,2.8,1,SHORT,0.00791,0.0354,1.24246,1.22305,0.01941,0.0289,LOWER_THIRD,1,0,0,1,2023-09-24T22:00:00Z,55,STOP,2023-09-24T21:15:00Z,1.22417,5.2,4.25,-2.8,-2.29,1,-3.8,-3.1
2023-09-29_2023-10-01,GBPUSD.DWX,IS,2023-09-29T20:50:00Z,2023-10-01T21:05:00Z,1.22017,1.21839,-0.00178,-17.8,-1,LONG,0.00753,0.2364,1.22716,1.21102,0.01614,0.5669,MIDDLE_THIRD,0,0,1,1,2023-10-01T21:05:00Z,0,FILL,2023-10-01T21:05:00Z,1.22017,0,0,17.8,14.61,1,16.8,13.79
2023-10-06_2023-10-08,GBPUSD.DWX,IS,2023-10-06T20:50:00Z,2023-10-08T21:05:00Z,1.2233,1.22001,-0.00329,-32.9,-1,LONG,0.00897,0.3669,1.2261,1.2037,0.0224,0.875,UPPER_THIRD,1,1,0,1,2023-10-09T17:45:00Z,1240,STOP,2023-10-09T08:00:00Z,1.21672,34.1,27.95,-32.9,-26.97,1,-33.9,-27.79
2023-10-13_2023-10-15,GBPUSD.DWX,IS,2023-10-13T20:50:00Z,2023-10-15T21:05:00Z,1.21365,1.21311,-0.00054,-5.4,-1,LONG,0.0098,0.0551,1.23372,1.21222,0.0215,0.0665,LOWER_THIRD,0,0,1,1,2023-10-15T21:05:00Z,0,FILL,2023-10-15T21:05:00Z,1.21365,0,0,5.4,4.45,1,4.4,3.63
2023-10-20_2023-10-22,GBPUSD.DWX,IS,2023-10-20T20:50:00Z,2023-10-22T21:05:00Z,1.21636,1.21552,-0.00084,-8.4,-1,LONG,0.00965,0.0871,1.22192,1.20898,0.01294,0.5703,MIDDLE_THIRD,0,0,1,1,2023-10-22T23:15:00Z,130,FILL,2023-10-22T23:15:00Z,1.21636,3.7,3.04,8.4,6.91,1,7.4,6.09
2023-10-27_2023-10-29,GBPUSD.DWX,IS,2023-10-27T20:50:00Z,2023-10-29T21:05:00Z,1.21199,1.21152,-0.00047,-4.7,-1,LONG,0.00917,0.0512,1.22883,1.20693,0.0219,0.2311,LOWER_THIRD,0,0,1,1,2023-10-29T21:10:00Z,5,FILL,2023-10-29T21:10:00Z,1.21199,0.3,0.25,4.7,3.88,1,3.7,3.05
2023-11-03_2023-11-05,GBPUSD.DWX,IS,2023-11-03T20:50:00Z,2023-11-05T22:05:00Z,1.23795,1.2369,-0.00105,-10.5,-1,LONG,0.00939,0.1118,1.23892,1.209,0.02992,0.9676,UPPER_THIRD,1,0,1,1,2023-11-06T04:15:00Z,370,FILL,2023-11-06T04:15:00Z,1.23795,4.3,3.48,10.5,8.49,1,9.5,7.68
2023-11-10_2023-11-12,GBPUSD.DWX,IS,2023-11-10T21:50:00Z,2023-11-12T22:05:00Z,1.22232,1.22013,-0.00219,-21.9,-1,LONG,0.00888,0.2466,1.24281,1.21867,0.02414,0.1512,LOWER_THIRD,0,0,1,1,2023-11-12T22:10:00Z,5,FILL,2023-11-12T22:10:00Z,1.22232,0.4,0.33,21.9,17.95,1,20.9,17.13
2023-11-17_2023-11-19,GBPUSD.DWX,IS,2023-11-17T21:50:00Z,2023-11-19T22:05:00Z,1.24621,1.24482,-0.00139,-13.9,-1,LONG,0.01012,0.1373,1.25056,1.22009,0.03047,0.8572,UPPER_THIRD,1,0,1,1,2023-11-20T01:15:00Z,190,FILL,2023-11-20T01:15:00Z,1.24621,2.7,2.17,13.9,11.17,1,12.9,10.36
2023-11-24_2023-11-26,GBPUSD.DWX,IS,2023-11-24T21:50:00Z,2023-11-26T22:05:00Z,1.26017,1.25993,-0.00024,-2.4,-1,LONG,0.00927,0.0259,1.26149,1.24455,0.01694,0.9221,UPPER_THIRD,1,0,0,1,2023-11-26T22:40:00Z,35,STOP,2023-11-26T22:05:00Z,1.25969,5.2,4.13,-2.4,-1.9,1,-3.4,-2.7
2023-12-01_2023-12-03,GBPUSD.DWX,IS,2023-12-01T21:50:00Z,2023-12-03T22:05:00Z,1.27094,1.27022,-0.00072,-7.2,-1,LONG,0.00976,0.0737,1.27329,1.25909,0.0142,0.8345,UPPER_THIRD,1,0,0,1,2023-12-03T22:50:00Z,45,STOP,2023-12-03T22:30:00Z,1.2695,20.4,16.06,-7.2,-5.67,1,-8.2,-6.46
2023-12-08_2023-12-10,GBPUSD.DWX,IS,2023-12-08T21:50:00Z,2023-12-10T22:05:00Z,1.25481,1.2524,-0.00241,-24.1,-1,LONG,0.00863,0.2793,1.27245,1.25021,0.02224,0.2068,LOWER_THIRD,0,0,1,1,2023-12-10T23:05:00Z,60,FILL,2023-12-10T23:05:00Z,1.25481,1.4,1.12,24.1,19.24,1,23.1,18.44
2023-12-22_2023-12-24,GBPUSD.DWX,IS,2023-12-22T21:50:00Z,2023-12-24T22:10:00Z,1.26974,1.26982,8e-05,0.8,1,SHORT,0.00903,0.0089,1.27616,1.26121,0.01495,0.5706,MIDDLE_THIRD,0,0,0,1,2023-12-25T00:40:00Z,150,STOP,2023-12-25T00:00:00Z,1.2699,4.3,3.39,-0.8,-0.63,1,-1.8,-1.42
2023-12-29_2024-01-01,GBPUSD.DWX,OOS,2023-12-29T21:50:00Z,2024-01-01T22:00:00Z,1.2734,1.2719,-0.0015,-15,-1,LONG,0.00841,0.1783,1.28274,1.2677,0.01504,0.379,MIDDLE_THIRD,0,0,0,1,2024-01-01T23:05:00Z,65,TIMESTOP,2024-01-01T22:00:00Z,1.27206,0,0,1.6,1.26,1,0.6,0.47
2024-01-05_2024-01-07,GBPUSD.DWX,OOS,2024-01-05T21:50:00Z,2024-01-07T22:05:00Z,1.27164,1.27134,-0.0003,-3,-1,LONG,0.00984,0.0305,1.27723,1.26105,0.01618,0.6545,MIDDLE_THIRD,0,0,1,1,2024-01-07T22:45:00Z,40,FILL,2024-01-07T22:45:00Z,1.27164,2.6,2.05,3,2.36,1,2,1.57
2024-01-12_2024-01-14,GBPUSD.DWX,OOS,2024-01-12T21:50:00Z,2024-01-14T22:05:00Z,1.27491,1.27378,-0.00113,-11.3,-1,LONG,0.00864,0.1308,1.27855,1.26729,0.01126,0.6767,UPPER_THIRD,1,0,1,1,2024-01-14T22:45:00Z,40,FILL,2024-01-14T22:45:00Z,1.27491,0,0,11.3,8.87,1,10.3,8.09
2024-01-19_2024-01-21,GBPUSD.DWX,OOS,2024-01-19T21:50:00Z,2024-01-21T22:05:00Z,1.27014,1.26806,-0.00208,-20.8,-1,LONG,0.0086,0.2418,1.27652,1.25963,0.01689,0.6223,MIDDLE_THIRD,0,0,1,1,2024-01-21T23:00:00Z,55,FILL,2024-01-21T23:00:00Z,1.27014,0,0,20.8,16.4,1,19.8,15.61
2024-01-26_2024-01-28,GBPUSD.DWX,OOS,2024-01-26T21:50:00Z,2024-01-28T22:05:00Z,1.2703,1.26958,-0.00072,-7.2,-1,LONG,0.00759,0.0949,1.27745,1.26489,0.01256,0.4307,MIDDLE_THIRD,0,0,1,1,2024-01-29T01:05:00Z,180,FILL,2024-01-29T01:05:00Z,1.2703,5.9,4.65,7.2,5.67,1,6.2,4.88
2024-02-02_2024-02-04,GBPUSD.DWX,OOS,2024-02-02T21:50:00Z,2024-02-04T22:05:00Z,1.26333,1.26249,-0.00084,-8.4,-1,LONG,0.00885,0.0949,1.27719,1.26139,0.0158,0.1228,LOWER_THIRD,0,0,0,1,2024-02-04T22:50:00Z,45,STOP,2024-02-04T22:15:00Z,1.26165,10.9,8.63,-8.4,-6.65,1,-9.4,-7.45
2024-02-09_2024-02-11,GBPUSD.DWX,OOS,2024-02-09T21:50:00Z,2024-02-11T22:05:00Z,1.26303,1.26218,-0.00085,-8.5,-1,LONG,0.00875,0.0971,1.26428,1.25181,0.01247,0.8998,UPPER_THIRD,1,0,1,1,2024-02-11T23:00:00Z,55,FILL,2024-02-11T23:00:00Z,1.26303,2.4,1.9,8.5,6.73,1,7.5,5.94
2024-02-16_2024-02-18,GBPUSD.DWX,OOS,2024-02-16T21:50:00Z,2024-02-18T22:05:00Z,1.26001,1.26008,7e-05,0.7,1,SHORT,0.00856,0.0082,1.26886,1.25353,0.01533,0.4227,MIDDLE_THIRD,0,0,1,1,2024-02-18T22:10:00Z,5,FILL,2024-02-18T22:10:00Z,1.26001,0,0,0.7,0.56,1,-0.3,-0.24
2024-02-23_2024-02-25,GBPUSD.DWX,OOS,2024-02-23T21:50:00Z,2024-02-25T22:05:00Z,1.26692,1.26714,0.00022,2.2,1,SHORT,0.00675,0.0326,1.27093,1.2579,0.01303,0.6922,UPPER_THIRD,0,0,0,1,2024-02-25T22:30:00Z,25,STOP,2024-02-25T22:15:00Z,1.26736,4.3,3.39,-2.2,-1.74,1,-3.2,-2.53
2024-03-01_2024-03-03,GBPUSD.DWX,OOS,2024-03-01T21:50:00Z,2024-03-03T22:05:00Z,1.26549,1.26503,-0.00046,-4.6,-1,LONG,0.00664,0.0693,1.26993,1.25995,0.00998,0.5551,MIDDLE_THIRD,0,0,1,1,2024-03-03T22:45:00Z,40,FILL,2024-03-03T22:45:00Z,1.26549,4.1,3.24,4.6,3.64,1,3.6,2.85
2024-03-08_2024-03-10,GBPUSD.DWX,OOS,2024-03-08T21:50:00Z,2024-03-10T21:05:00Z,1.2857,1.28553,-0.00017,-1.7,-1,LONG,0.00667,0.0255,1.28934,1.26462,0.02472,0.8528,UPPER_THIRD,1,0,1,1,2024-03-10T21:10:00Z,5,FILL,2024-03-10T21:10:00Z,1.2857,0.3,0.23,1.7,1.32,1,0.7,0.54
2024-03-15_2024-03-17,GBPUSD.DWX,OOS,2024-03-15T20:50:00Z,2024-03-17T21:05:00Z,1.27354,1.27216,-0.00138,-13.8,-1,LONG,0.00655,0.2106,1.28617,1.27251,0.01366,0.0754,LOWER_THIRD,0,0,1,1,2024-03-17T22:00:00Z,55,FILL,2024-03-17T22:00:00Z,1.27354,0,0,13.8,10.85,1,12.8,10.06
2024-03-22_2024-03-24,GBPUSD.DWX,OOS,2024-03-22T20:50:00Z,2024-03-24T21:05:00Z,1.25996,1.25799,-0.00197,-19.7,-1,LONG,0.00766,0.2571,1.28034,1.2575,0.02284,0.1077,LOWER_THIRD,0,0,1,1,2024-03-24T23:15:00Z,130,FILL,2024-03-24T23:15:00Z,1.25996,0,0,19.7,15.66,1,18.7,14.86
2024-03-29_2024-03-31,GBPUSD.DWX,OOS,2024-03-29T20:50:00Z,2024-03-31T21:05:00Z,1.26236,1.26075,-0.00161,-16.1,-1,LONG,0.00677,0.2379,1.26678,1.25799,0.00879,0.4972,MIDDLE_THIRD,0,0,1,1,2024-03-31T21:05:00Z,0,FILL,2024-03-31T21:05:00Z,1.26236,0,0,16.1,12.77,1,15.1,11.98
2024-04-05_2024-04-07,GBPUSD.DWX,OOS,2024-04-05T20:50:00Z,2024-04-07T21:05:00Z,1.2637,1.26176,-0.00194,-19.4,-1,LONG,0.0074,0.2621,1.26832,1.25393,0.01439,0.6789,UPPER_THIRD,1,0,1,1,2024-04-08T02:35:00Z,330,FILL,2024-04-08T02:35:00Z,1.2637,3.3,2.62,19.4,15.38,1,18.4,14.58
2024-04-12_2024-04-14,GBPUSD.DWX,OOS,2024-04-12T20:50:00Z,2024-04-14T21:05:00Z,1.24497,1.24368,-0.00129,-12.9,-1,LONG,0.00749,0.1723,1.27089,1.24265,0.02824,0.0822,LOWER_THIRD,0,0,1,1,2024-04-14T21:40:00Z,35,FILL,2024-04-14T21:40:00Z,1.24497,5.8,4.66,12.9,10.37,1,11.9,9.57
2024-04-19_2024-04-21,GBPUSD.DWX,OOS,2024-04-19T20:50:00Z,2024-04-21T21:05:00Z,1.23713,1.23629,-0.00084,-8.4,-1,LONG,0.00794,0.1058,1.24987,1.23667,0.0132,0.0348,LOWER_THIRD,0,0,1,1,2024-04-21T21:35:00Z,30,FILL,2024-04-21T21:35:00Z,1.23713,0.9,0.73,8.4,6.79,1,7.4,5.99
2024-04-26_2024-04-28,GBPUSD.DWX,OOS,2024-04-26T20:50:00Z,2024-04-28T21:05:00Z,1.24925,1.24729,-0.00196,-19.6,-1,LONG,0.00887,0.221,1.2541,1.22994,0.02416,0.7993,UPPER_THIRD,1,0,1,1,2024-04-28T22:00:00Z,55,FILL,2024-04-28T22:00:00Z,1.24925,11.5,9.22,19.6,15.71,1,18.6,14.91
2024-05-03_2024-05-05,GBPUSD.DWX,OOS,2024-05-03T20:50:00Z,2024-05-05T21:05:00Z,1.25464,1.25367,-0.00097,-9.7,-1,LONG,0.00836,0.116,1.26343,1.24614,0.01729,0.4916,MIDDLE_THIRD,0,0,1,1,2024-05-05T21:20:00Z,15,FILL,2024-05-05T21:20:00Z,1.25464,0,0,9.7,7.74,1,8.7,6.94
2024-05-10_2024-05-12,GBPUSD.DWX,OOS,2024-05-10T20:50:00Z,2024-05-12T21:05:00Z,1.25233,1.25155,-0.00078,-7.8,-1,LONG,0.00775,0.1007,1.2594,1.24454,0.01486,0.5242,MIDDLE_THIRD,0,0,1,1,2024-05-12T22:00:00Z,55,FILL,2024-05-12T22:00:00Z,1.25233,1.3,1.04,7.8,6.23,1,6.8,5.43
2024-05-17_2024-05-19,GBPUSD.DWX,OOS,2024-05-17T20:50:00Z,2024-05-19T21:05:00Z,1.27001,1.26901,-0.001,-10,-1,LONG,0.00716,0.1396,1.27114,1.25092,0.02022,0.9441,UPPER_THIRD,1,0,1,1,2024-05-19T22:00:00Z,55,FILL,2024-05-19T22:00:00Z,1.27001,3.8,2.99,10,7.88,1,9,7.09
2024-05-24_2024-05-26,GBPUSD.DWX,OOS,2024-05-24T20:50:00Z,2024-05-26T21:05:00Z,1.2736,1.27339,-0.00021,-2.1,-1,LONG,0.00634,0.0331,1.2761,1.26668,0.00942,0.7346,UPPER_THIRD,1,0,1,1,2024-05-26T21:05:00Z,0,FILL,2024-05-26T21:05:00Z,1.2736,0.1,0.08,2.1,1.65,1,1.1,0.86
2024-05-31_2024-06-02,GBPUSD.DWX,OOS,2024-05-31T20:50:00Z,2024-06-02T21:05:00Z,1.27418,1.27348,-0.0007,-7,-1,LONG,0.0064,0.1094,1.28004,1.26808,0.01196,0.51,MIDDLE_THIRD,0,0,1,1,2024-06-02T22:00:00Z,55,FILL,2024-06-02T22:00:00Z,1.27418,4.9,3.85,7,5.5,1,6,4.71
2024-06-07_2024-06-09,GBPUSD.DWX,OOS,2024-06-07T20:50:00Z,2024-06-09T21:05:00Z,1.27221,1.27283,0.00062,6.2,1,SHORT,0.00652,0.0951,1.28173,1.2694,0.01233,0.2279,LOWER_THIRD,1,0,1,1,2024-06-09T21:05:00Z,0,FILL,2024-06-09T21:05:00Z,1.27221,1.8,1.41,6.2,4.87,1,5.2,4.09
2024-06-14_2024-06-16,GBPUSD.DWX,OOS,2024-06-14T20:50:00Z,2024-06-16T21:05:00Z,1.26866,1.26826,-0.0004,-4,-1,LONG,0.0073,0.0548,1.28604,1.26568,0.02036,0.1464,LOWER_THIRD,0,0,0,1,2024-06-16T22:00:00Z,55,STOP,2024-06-16T21:20:00Z,1.26786,4,3.15,-4,-3.15,1,-5,-3.94
2024-06-21_2024-06-23,GBPUSD.DWX,OOS,2024-06-21T20:50:00Z,2024-06-23T21:05:00Z,1.26409,1.26374,-0.00035,-3.5,-1,LONG,0.00659,0.0531,1.27396,1.26222,0.01174,0.1593,LOWER_THIRD,0,0,1,1,2024-06-23T21:05:00Z,0,FILL,2024-06-23T21:05:00Z,1.26409,1.2,0.95,3.5,2.77,1,2.5,1.98
2024-06-28_2024-06-30,GBPUSD.DWX,OOS,2024-06-28T20:50:00Z,2024-06-30T21:05:00Z,1.26438,1.26566,0.00128,12.8,1,SHORT,0.00639,0.2002,1.27023,1.26125,0.00898,0.3486,MIDDLE_THIRD,0,0,1,1,2024-06-30T21:05:00Z,0,FILL,2024-06-30T21:05:00Z,1.26438,0,0,12.8,10.11,1,11.8,9.32
2024-07-05_2024-07-07,GBPUSD.DWX,OOS,2024-07-05T20:50:00Z,2024-07-07T21:05:00Z,1.28144,1.27958,-0.00186,-18.6,-1,LONG,0.00601,0.3094,1.28168,1.26154,0.02014,0.9881,UPPER_THIRD,1,1,1,1,2024-07-07T22:05:00Z,60,FILL,2024-07-07T22:05:00Z,1.28144,13.3,10.39,18.6,14.54,1,17.6,13.75
2024-07-12_2024-07-14,GBPUSD.DWX,OOS,2024-07-12T20:50:00Z,2024-07-14T21:05:00Z,1.29869,1.29656,-0.00213,-21.3,-1,LONG,0.00663,0.3214,1.29905,1.27774,0.02131,0.9831,UPPER_THIRD,1,1,1,1,2024-07-15T08:20:00Z,675,FILL,2024-07-15T08:20:00Z,1.29869,3.9,3.01,21.3,16.43,1,20.3,15.66
2024-07-19_2024-07-21,GBPUSD.DWX,OOS,2024-07-19T20:50:00Z,2024-07-21T21:05:00Z,1.29107,1.29092,-0.00015,-1.5,-1,LONG,0.00658,0.0228,1.30444,1.29009,0.01435,0.0683,LOWER_THIRD,0,0,1,1,2024-07-21T21:05:00Z,0,FILL,2024-07-21T21:05:00Z,1.29107,0,0,1.5,1.16,1,0.5,0.39
2024-07-26_2024-07-28,GBPUSD.DWX,OOS,2024-07-26T20:50:00Z,2024-07-28T21:05:00Z,1.28667,1.28614,-0.00053,-5.3,-1,LONG,0.00586,0.0904,1.29419,1.28499,0.0092,0.1826,LOWER_THIRD,0,0,1,1,2024-07-28T21:20:00Z,15,FILL,2024-07-28T21:20:00Z,1.28667,0,0,5.3,4.12,1,4.3,3.34
2024-08-02_2024-08-04,GBPUSD.DWX,OOS,2024-08-02T20:50:00Z,2024-08-04T21:05:00Z,1.28043,1.28042,-1e-05,-0.1,-1,LONG,0.00659,0.0015,1.28879,1.2707,0.01809,0.5379,MIDDLE_THIRD,0,0,0,1,2024-08-04T21:30:00Z,25,STOP,2024-08-04T21:05:00Z,1.28041,3.5,2.73,-0.1,-0.08,1,-1.1,-0.86
2024-08-09_2024-08-11,GBPUSD.DWX,OOS,2024-08-09T20:50:00Z,2024-08-11T21:05:00Z,1.27579,1.2754,-0.00039,-3.9,-1,LONG,0.0076,0.0513,1.28165,1.26648,0.01517,0.6137,MIDDLE_THIRD,0,0,1,1,2024-08-11T21:05:00Z,0,FILL,2024-08-11T21:05:00Z,1.27579,0,0,3.9,3.06,1,2.9,2.27
2024-08-16_2024-08-18,GBPUSD.DWX,OOS,2024-08-16T20:50:00Z,2024-08-18T21:05:00Z,1.29445,1.29283,-0.00162,-16.2,-1,LONG,0.00838,0.1933,1.29457,1.27467,0.0199,0.994,UPPER_THIRD,1,0,1,1,2024-08-18T21:15:00Z,10,FILL,2024-08-18T21:15:00Z,1.29445,0,0,16.2,12.53,1,15.2,11.76
2024-08-23_2024-08-25,GBPUSD.DWX,OOS,2024-08-23T20:50:00Z,2024-08-25T21:05:00Z,1.32178,1.32102,-0.00076,-7.6,-1,LONG,0.00832,0.0913,1.32301,1.29283,0.03018,0.9592,UPPER_THIRD,1,0,1,1,2024-08-25T21:05:00Z,0,FILL,2024-08-25T21:05:00Z,1.32178,2.2,1.67,7.6,5.75,1,6.6,5
2024-08-30_2024-09-01,GBPUSD.DWX,OOS,2024-08-30T20:50:00Z,2024-09-01T21:05:00Z,1.31297,1.31293,-4e-05,-0.4,-1,LONG,0.00852,0.0047,1.32658,1.31094,0.01564,0.1298,LOWER_THIRD,0,0,0,1,2024-09-01T21:05:00Z,0,STOP,2024-09-01T21:05:00Z,1.31289,3.3,2.51,-0.4,-0.3,1,-1.4,-1.07
2024-09-06_2024-09-08,GBPUSD.DWX,OOS,2024-09-06T20:50:00Z,2024-09-08T21:05:00Z,1.313,1.31173,-0.00127,-12.7,-1,LONG,0.00808,0.1571,1.32382,1.30875,0.01507,0.282,LOWER_THIRD,0,0,1,1,2024-09-08T21:10:00Z,5,FILL,2024-09-08T21:10:00Z,1.313,0,0,12.7,9.68,1,11.7,8.92
2024-09-13_2024-09-15,GBPUSD.DWX,OOS,2024-09-13T20:50:00Z,2024-09-15T21:05:00Z,1.31235,1.31145,-0.0009,-9,-1,LONG,0.00773,0.1164,1.31576,1.30018,0.01558,0.7811,UPPER_THIRD,1,0,1,1,2024-09-15T22:00:00Z,55,FILL,2024-09-15T22:00:00Z,1.31235,0,0,9,6.86,1,8,6.1
2024-09-20_2024-09-22,GBPUSD.DWX,OOS,2024-09-20T20:50:00Z,2024-09-22T21:05:00Z,1.33216,1.33067,-0.00149,-14.9,-1,LONG,0.00905,0.1646,1.33402,1.31145,0.02257,0.9176,UPPER_THIRD,1,0,1,1,2024-09-22T22:20:00Z,75,FILL,2024-09-22T22:20:00Z,1.33216,3.2,2.4,14.9,11.2,1,13.9,10.45
2024-09-27_2024-09-29,GBPUSD.DWX,OOS,2024-09-27T20:50:00Z,2024-09-29T21:05:00Z,1.33721,1.33663,-0.00058,-5.8,-1,LONG,0.00985,0.0589,1.3434,1.32482,0.01858,0.6668,UPPER_THIRD,1,0,1,1,2024-09-29T21:15:00Z,10,FILL,2024-09-29T21:15:00Z,1.33721,0,0,5.8,4.34,1,4.8,3.59
2024-10-04_2024-10-06,GBPUSD.DWX,OOS,2024-10-04T20:50:00Z,2024-10-06T21:05:00Z,1.31207,1.31061,-0.00146,-14.6,-1,LONG,0.01107,0.1319,1.34228,1.30695,0.03533,0.1449,LOWER_THIRD,0,0,1,1,2024-10-06T21:35:00Z,30,FILL,2024-10-06T21:35:00Z,1.31207,2.6,1.98,14.6,11.14,1,13.6,10.38
2024-10-11_2024-10-13,GBPUSD.DWX,OOS,2024-10-11T20:50:00Z,2024-10-13T21:05:00Z,1.30655,1.30605,-0.0005,-5,-1,LONG,0.00898,0.0557,1.31344,1.30215,0.01129,0.3897,MIDDLE_THIRD,0,0,0,1,2024-10-14T06:00:00Z,535,STOP,2024-10-13T22:15:00Z,1.30555,5.8,4.44,-5,-3.83,1,-6,-4.59
2024-10-18_2024-10-20,GBPUSD.DWX,OOS,2024-10-18T20:50:00Z,2024-10-20T21:05:00Z,1.30487,1.30428,-0.00059,-5.9,-1,LONG,0.00802,0.0736,1.31027,1.29735,0.01292,0.582,MIDDLE_THIRD,0,0,1,1,2024-10-20T22:00:00Z,55,FILL,2024-10-20T22:00:00Z,1.30487,2.9,2.22,5.9,4.52,1,4.9,3.76
2024-10-25_2024-10-27,GBPUSD.DWX,OOS,2024-10-25T20:50:00Z,2024-10-27T21:05:00Z,1.29595,1.29584,-0.00011,-1.1,-1,LONG,0.00644,0.0171,1.30578,1.29073,0.01505,0.3468,MIDDLE_THIRD,0,0,0,1,2024-10-27T21:05:00Z,0,STOP,2024-10-27T21:05:00Z,1.29573,3.4,2.62,-1.1,-0.85,1,-2.1,-1.62
2024-11-01_2024-11-03,GBPUSD.DWX,OOS,2024-11-01T20:50:00Z,2024-11-03T22:05:00Z,1.29188,1.2964,0.00452,45.2,1,SHORT,0.00805,0.5616,1.30431,1.28433,0.01998,0.3779,MIDDLE_THIRD,0,1,0,1,2024-11-06T02:50:00Z,3165,TIMESTOP,2024-11-04T12:00:00Z,1.29748,34.6,26.69,-10.8,-8.33,1,-11.8,-9.1
2024-11-08_2024-11-10,GBPUSD.DWX,OOS,2024-11-08T21:50:00Z,2024-11-10T22:05:00Z,1.29189,1.2882,-0.00369,-36.9,-1,LONG,0.00993,0.3714,1.30477,1.28341,0.02136,0.397,MIDDLE_THIRD,0,1,1,1,2024-11-11T00:25:00Z,140,FILL,2024-11-11T00:25:00Z,1.29189,0,0,36.9,28.64,1,35.9,27.87
2024-11-15_2024-11-17,GBPUSD.DWX,OOS,2024-11-15T21:50:00Z,2024-11-17T22:05:00Z,1.26149,1.26125,-0.00024,-2.4,-1,LONG,0.01105,0.0217,1.29257,1.2597,0.03287,0.0545,LOWER_THIRD,0,0,1,1,2024-11-17T22:05:00Z,0,FILL,2024-11-17T22:05:00Z,1.26149,0,0,2.4,1.9,1,1.4,1.11
2024-11-22_2024-11-24,GBPUSD.DWX,OOS,2024-11-22T21:50:00Z,2024-11-24T22:05:00Z,1.25311,1.25896,0.00585,58.5,1,SHORT,0.0106,0.552,1.27143,1.2487,0.02273,0.194,LOWER_THIRD,1,1,0,1,2024-11-25T23:50:00Z,1545,TIMESTOP,2024-11-25T12:00:00Z,1.25634,17.2,13.66,26.2,20.81,1,25.2,20.02
2024-11-29_2024-12-01,GBPUSD.DWX,OOS,2024-11-29T21:50:00Z,2024-12-01T22:05:00Z,1.27356,1.27231,-0.00125,-12.5,-1,LONG,0.00932,0.1341,1.27497,1.25068,0.02429,0.942,UPPER_THIRD,1,0,0,1,2024-12-05T08:00:00Z,4915,STOP,2024-12-01T23:05:00Z,1.27106,17.5,13.75,-12.5,-9.82,1,-13.5,-10.61
2024-12-06_2024-12-08,GBPUSD.DWX,OOS,2024-12-06T21:50:00Z,2024-12-08T22:05:00Z,1.27419,1.27367,-0.00052,-5.2,-1,LONG,0.00882,0.0589,1.28111,1.26169,0.01942,0.6437,MIDDLE_THIRD,0,0,0,1,2024-12-08T22:15:00Z,10,STOP,2024-12-08T22:05:00Z,1.27315,7.4,5.81,-5.2,-4.08,1,-6.2,-4.87
2024-12-13_2024-12-15,GBPUSD.DWX,OOS,2024-12-13T21:50:00Z,2024-12-15T22:05:00Z,1.26218,1.26101,-0.00117,-11.7,-1,LONG,0.00857,0.1366,1.27987,1.26078,0.01909,0.0733,LOWER_THIRD,0,0,1,1,2024-12-15T23:05:00Z,60,FILL,2024-12-15T23:05:00Z,1.26218,3.2,2.54,11.7,9.28,1,10.7,8.49
2024-12-20_2024-12-22,GBPUSD.DWX,OOS,2024-12-20T21:50:00Z,2024-12-22T22:05:00Z,1.25674,1.25571,-0.00103,-10.3,-1,LONG,0.00962,0.1071,1.27286,1.24745,0.02541,0.3656,MIDDLE_THIRD,0,0,1,1,2024-12-22T22:50:00Z,45,FILL,2024-12-22T22:50:00Z,1.25674,0.6,0.48,10.3,8.2,1,9.3,7.41
2024-12-27_2024-12-29,GBPUSD.DWX,OOS,2024-12-27T21:50:00Z,2024-12-29T22:05:00Z,1.25748,1.25678,-0.0007,-7,-1,LONG,0.00925,0.0757,1.26138,1.24745,0.01393,0.72,UPPER_THIRD,1,0,1,1,2024-12-29T22:20:00Z,15,FILL,2024-12-29T22:20:00Z,1.25748,3.1,2.47,7,5.57,1,6,4.77
2025-01-03_2025-01-05,GBPUSD.DWX,OOS,2025-01-03T21:50:00Z,2025-01-05T22:05:00Z,1.24219,1.24182,-0.00037,-3.7,-1,LONG,0.00995,0.0372,1.2607,1.23522,0.02548,0.2735,LOWER_THIRD,0,0,0,1,2025-01-05T22:20:00Z,15,STOP,2025-01-05T22:15:00Z,1.24145,8.8,7.09,-3.7,-2.98,1,-4.7,-3.78
2025-01-10_2025-01-12,GBPUSD.DWX,OOS,2025-01-10T21:50:00Z,2025-01-12T22:05:00Z,1.22072,1.2197,-0.00102,-10.2,-1,LONG,0.01077,0.0947,1.25756,1.21915,0.03841,0.0409,LOWER_THIRD,0,0,1,1,2025-01-12T22:55:00Z,50,FILL,2025-01-12T22:55:00Z,1.22072,0.3,0.25,10.2,8.36,1,9.2,7.54
2025-01-17_2025-01-19,GBPUSD.DWX,OOS,2025-01-17T21:50:00Z,2025-01-19T22:05:00Z,1.21669,1.21693,0.00024,2.4,1,SHORT,0.01174,0.0204,1.23058,1.20993,0.02065,0.3274,LOWER_THIRD,1,0,1,1,2025-01-19T22:05:00Z,0,FILL,2025-01-19T22:05:00Z,1.21669,1.3,1.07,2.4,1.97,1,1.4,1.15
2025-01-24_2025-01-26,GBPUSD.DWX,OOS,2025-01-24T21:50:00Z,2025-01-26T22:05:00Z,1.24841,1.24677,-0.00164,-16.4,-1,LONG,0.01212,0.1353,1.25016,1.21601,0.03415,0.9488,UPPER_THIRD,1,0,0,1,2025-01-27T09:50:00Z,705,STOP,2025-01-27T01:35:00Z,1.24513,17.4,13.96,-16.4,-13.15,1,-17.4,-13.96
2025-01-31_2025-02-02,GBPUSD.DWX,OOS,2025-01-31T21:50:00Z,2025-02-02T22:05:00Z,1.23904,1.231,-0.00804,-80.4,-1,LONG,0.01045,0.7692,1.25231,1.23857,0.01374,0.0342,LOWER_THIRD,0,1,0,1,2025-02-03T15:20:00Z,1035,TIMESTOP,2025-02-03T12:00:00Z,1.23183,61,49.55,8.3,6.74,1,7.3,5.93
2025-02-07_2025-02-09,GBPUSD.DWX,OOS,2025-02-07T21:50:00Z,2025-02-09T22:05:00Z,1.23995,1.237,-0.00295,-29.5,-1,LONG,0.01083,0.2724,1.25497,1.2249,0.03007,0.5005,MIDDLE_THIRD,0,0,1,1,2025-02-10T00:30:00Z,145,FILL,2025-02-10T00:30:00Z,1.23995,4.4,3.56,29.5,23.85,1,28.5,23.04
2025-02-14_2025-02-16,GBPUSD.DWX,OOS,2025-02-14T21:50:00Z,2025-02-16T22:05:00Z,1.25847,1.25861,0.00014,1.4,1,SHORT,0.01065,0.0131,1.263,1.23323,0.02977,0.8478,UPPER_THIRD,0,0,1,1,2025-02-16T22:05:00Z,0,FILL,2025-02-16T22:05:00Z,1.25847,1.1,0.87,1.4,1.11,1,0.4,0.32
2025-02-21_2025-02-23,GBPUSD.DWX,OOS,2025-02-21T21:50:00Z,2025-02-23T22:05:00Z,1.26303,1.26288,-0.00015,-1.5,-1,LONG,0.00928,0.0162,1.26785,1.25628,0.01157,0.5834,MIDDLE_THIRD,0,0,0,1,2025-02-23T22:05:00Z,0,STOP,2025-02-23T22:05:00Z,1.26273,1.9,1.5,-1.5,-1.19,1,-2.5,-1.98
2025-02-28_2025-03-02,GBPUSD.DWX,OOS,2025-02-28T21:50:00Z,2025-03-02T22:05:00Z,1.25784,1.25826,0.00042,4.2,1,SHORT,0.00827,0.0508,1.27156,1.25591,0.01565,0.1233,LOWER_THIRD,1,0,0,0,,,STOP,2025-03-02T22:40:00Z,1.25868,7.1,5.64,-4.2,-3.34,1,-5.2,-4.13
2025-03-07_2025-03-09,GBPUSD.DWX,OOS,2025-03-07T21:50:00Z,2025-03-09T21:05:00Z,1.29222,1.29104,-0.00118,-11.8,-1,LONG,0.00842,0.1402,1.29446,1.25802,0.03644,0.9385,UPPER_THIRD,1,0,1,1,2025-03-09T22:00:00Z,55,FILL,2025-03-09T22:00:00Z,1.29222,7.9,6.12,11.8,9.14,1,10.8,8.37
2025-03-14_2025-03-16,GBPUSD.DWX,OOS,2025-03-14T20:50:00Z,2025-03-16T21:05:00Z,1.29378,1.29234,-0.00144,-14.4,-1,LONG,0.00848,0.1698,1.29891,1.28612,0.01279,0.5989,MIDDLE_THIRD,0,0,1,1,2025-03-17T01:40:00Z,275,FILL,2025-03-17T01:40:00Z,1.29378,2.9,2.24,14.4,11.14,1,13.4,10.37
2025-03-21_2025-03-23,GBPUSD.DWX,OOS,2025-03-21T20:50:00Z,2025-03-23T21:05:00Z,1.29139,1.28942,-0.00197,-19.7,-1,LONG,0.00778,0.2533,1.30145,1.28875,0.0127,0.2079,LOWER_THIRD,0,0,1,1,2025-03-23T22:00:00Z,55,FILL,2025-03-23T22:00:00Z,1.29139,1,0.78,19.7,15.28,1,18.7,14.5
2025-03-28_2025-03-30,GBPUSD.DWX,OOS,2025-03-28T20:50:00Z,2025-03-30T21:05:00Z,1.29428,1.29339,-0.00089,-8.9,-1,LONG,0.00723,0.1232,1.29919,1.28705,0.01214,0.5956,MIDDLE_THIRD,0,0,0,1,2025-03-31T00:10:00Z,185,STOP,2025-03-30T22:00:00Z,1.2925,11.4,8.81,-8.9,-6.88,1,-9.9,-7.65
2025-04-04_2025-04-06,GBPUSD.DWX,OOS,2025-04-04T20:50:00Z,2025-04-06T21:05:00Z,1.28847,1.28339,-0.00508,-50.8,-1,LONG,0.01028,0.494,1.32075,1.28531,0.03544,0.0892,LOWER_THIRD,0,1,1,1,2025-04-06T22:20:00Z,75,FILL,2025-04-06T22:20:00Z,1.28847,12.5,9.74,50.8,39.58,1,49.8,38.8
2025-04-11_2025-04-13,GBPUSD.DWX,OOS,2025-04-11T20:50:00Z,2025-04-13T21:05:00Z,1.30738,1.30891,0.00153,15.3,1,SHORT,0.01365,0.1121,1.31447,1.27078,0.04369,0.8377,UPPER_THIRD,0,0,1,1,2025-04-13T21:05:00Z,0,FILL,2025-04-13T21:05:00Z,1.30738,0,0,15.3,11.69,1,14.3,10.93
2025-04-18_2025-04-20,GBPUSD.DWX,OOS,2025-04-18T20:50:00Z,2025-04-20T21:05:00Z,1.32937,1.32741,-0.00196,-19.6,-1,LONG,0.01391,0.1409,1.32982,1.30626,0.02356,0.9809,UPPER_THIRD,1,0,1,1,2025-04-20T22:05:00Z,60,FILL,2025-04-20T22:05:00Z,1.32937,0.1,0.08,19.6,14.77,1,18.6,14.01
2025-04-25_2025-04-27,GBPUSD.DWX,OOS,2025-04-25T20:50:00Z,2025-04-27T21:05:00Z,1.33132,1.33061,-0.00071,-7.1,-1,LONG,0.01109,0.064,1.34238,1.32333,0.01905,0.4194,MIDDLE_THIRD,0,0,0,1,2025-04-28T04:55:00Z,470,STOP,2025-04-27T22:30:00Z,1.3299,13.3,10,-7.1,-5.34,1,-8.1,-6.09
2025-05-02_2025-05-04,GBPUSD.DWX,OOS,2025-05-02T20:50:00Z,2025-05-04T21:05:00Z,1.32681,1.32592,-0.00089,-8.9,-1,LONG,0.00931,0.0956,1.34441,1.32579,0.01862,0.0548,LOWER_THIRD,0,0,1,1,2025-05-04T22:00:00Z,55,FILL,2025-05-04T22:00:00Z,1.32681,4.4,3.32,8.9,6.71,1,7.9,5.96
2025-05-09_2025-05-11,GBPUSD.DWX,OOS,2025-05-09T20:50:00Z,2025-05-11T21:05:00Z,1.32972,1.32533,-0.00439,-43.9,-1,LONG,0.01014,0.433,1.34025,1.32118,0.01907,0.4478,MIDDLE_THIRD,0,1,1,1,2025-05-12T06:30:00Z,565,FILL,2025-05-12T06:30:00Z,1.32972,2.6,1.96,43.9,33.12,1,42.9,32.37
2025-05-16_2025-05-18,GBPUSD.DWX,OOS,2025-05-16T20:50:00Z,2025-05-18T21:05:00Z,1.32833,1.32518,-0.00315,-31.5,-1,LONG,0.01039,0.3032,1.33601,1.31396,0.02205,0.6517,MIDDLE_THIRD,0,1,1,1,2025-05-18T21:25:00Z,20,FILL,2025-05-18T21:25:00Z,1.32833,0.1,0.08,31.5,23.77,1,30.5,23.02
2025-05-23_2025-05-25,GBPUSD.DWX,OOS,2025-05-23T20:50:00Z,2025-05-25T21:05:00Z,1.3535,1.35234,-0.00116,-11.6,-1,LONG,0.01092,0.1063,1.35391,1.32517,0.02874,0.9857,UPPER_THIRD,1,0,1,1,2025-05-25T22:00:00Z,55,FILL,2025-05-25T22:00:00Z,1.3535,2.1,1.55,11.6,8.58,1,10.6,7.84
2025-05-30_2025-06-01,GBPUSD.DWX,OOS,2025-05-30T20:50:00Z,2025-06-01T21:05:00Z,1.34564,1.34591,0.00027,2.7,1,SHORT,0.00914,0.0296,1.3593,1.34153,0.01777,0.2313,LOWER_THIRD,1,0,1,1,2025-06-01T21:20:00Z,15,FILL,2025-06-01T21:20:00Z,1.34564,2.4,1.78,2.7,2.01,1,1.7,1.26
2025-06-06_2025-06-08,GBPUSD.DWX,OOS,2025-06-06T20:50:00Z,2025-06-08T21:05:00Z,1.3525,1.35214,-0.00036,-3.6,-1,LONG,0.00803,0.0448,1.36165,1.34504,0.01661,0.4491,MIDDLE_THIRD,0,0,1,1,2025-06-08T21:45:00Z,40,FILL,2025-06-08T21:45:00Z,1.3525,0,0,3.6,2.66,1,2.6,1.92
2025-06-13_2025-06-15,GBPUSD.DWX,OOS,2025-06-13T20:50:00Z,2025-06-15T21:05:00Z,1.35683,1.35596,-0.00087,-8.7,-1,LONG,0.00865,0.1006,1.36322,1.3456,0.01762,0.6373,MIDDLE_THIRD,0,0,0,1,2025-06-16T05:25:00Z,500,STOP,2025-06-15T21:15:00Z,1.35509,9.1,6.71,-8.7,-6.42,1,-9.7,-7.15
2025-06-20_2025-06-22,GBPUSD.DWX,OOS,2025-06-20T20:50:00Z,2025-06-22T21:05:00Z,1.34484,1.33981,-0.00503,-50.3,-1,LONG,0.00913,0.5509,1.36222,1.33827,0.02395,0.2743,LOWER_THIRD,0,1,1,1,2025-06-23T07:00:00Z,595,FILL,2025-06-23T07:00:00Z,1.34484,0,0,50.3,37.54,1,49.3,36.8
2025-06-27_2025-06-29,GBPUSD.DWX,OOS,2025-06-27T20:50:00Z,2025-06-29T21:05:00Z,1.37182,1.37008,-0.00174,-17.4,-1,LONG,0.01079,0.1613,1.37705,1.337,0.04005,0.8694,UPPER_THIRD,1,0,1,1,2025-06-29T22:00:00Z,55,FILL,2025-06-29T22:00:00Z,1.37182,2.8,2.04,17.4,12.7,1,16.4,11.97
2025-07-04_2025-07-06,GBPUSD.DWX,OOS,2025-07-04T20:50:00Z,2025-07-06T21:05:00Z,1.36448,1.36393,-0.00055,-5.5,-1,LONG,0.01052,0.0523,1.37886,1.35623,0.02263,0.3646,MIDDLE_THIRD,0,0,1,1,2025-07-06T21:10:00Z,5,FILL,2025-07-06T21:10:00Z,1.36448,0,0,5.5,4.03,1,4.5,3.3
2025-07-11_2025-07-13,GBPUSD.DWX,OOS,2025-07-11T20:50:00Z,2025-07-13T21:05:00Z,1.34926,1.3484,-0.00086,-8.6,-1,LONG,0.00971,0.0886,1.36575,1.34808,0.01767,0.0668,LOWER_THIRD,0,0,0,1,2025-07-13T22:05:00Z,60,STOP,2025-07-13T21:45:00Z,1.34754,10.4,7.71,-8.6,-6.38,1,-9.6,-7.12
2025-07-18_2025-07-20,GBPUSD.DWX,OOS,2025-07-18T20:50:00Z,2025-07-20T21:15:00Z,1.34088,1.33994,-0.00094,-9.4,-1,LONG,0.00912,0.1031,1.35041,1.33648,0.01393,0.3159,LOWER_THIRD,0,0,1,1,2025-07-20T21:30:00Z,15,FILL,2025-07-20T21:30:00Z,1.34088,0,0,9.4,7.02,1,8.4,6.27
2025-07-25_2025-07-27,GBPUSD.DWX,OOS,2025-07-25T20:50:00Z,2025-07-27T21:05:00Z,1.34295,1.34252,-0.00043,-4.3,-1,LONG,0.00872,0.0493,1.35884,1.33994,0.0189,0.1593,LOWER_THIRD,0,0,0,1,2025-07-27T21:25:00Z,20,STOP,2025-07-27T21:05:00Z,1.34209,4.4,3.28,-4.3,-3.2,1,-5.3,-3.95
2025-08-01_2025-08-03,GBPUSD.DWX,OOS,2025-08-01T20:50:00Z,2025-08-03T21:05:00Z,1.32833,1.32722,-0.00111,-11.1,-1,LONG,0.00972,0.1142,1.34524,1.31358,0.03166,0.4659,MIDDLE_THIRD,0,0,1,1,2025-08-03T22:00:00Z,55,FILL,2025-08-03T22:00:00Z,1.32833,7.5,5.65,11.1,8.36,1,10.1,7.61
2025-08-08_2025-08-10,GBPUSD.DWX,OOS,2025-08-08T20:50:00Z,2025-08-10T21:05:00Z,1.34454,1.34415,-0.00039,-3.9,-1,LONG,0.00922,0.0423,1.34586,1.32533,0.02053,0.9357,UPPER_THIRD,1,0,1,1,2025-08-10T21:15:00Z,10,FILL,2025-08-10T21:15:00Z,1.34454,0.8,0.6,3.9,2.9,1,2.9,2.16
2025-08-15_2025-08-17,GBPUSD.DWX,OOS,2025-08-15T20:50:00Z,2025-08-17T21:05:00Z,1.35553,1.35507,-0.00046,-4.6,-1,LONG,0.00908,0.0507,1.35946,1.3399,0.01956,0.7991,UPPER_THIRD,1,0,1,1,2025-08-17T21:35:00Z,30,FILL,2025-08-17T21:35:00Z,1.35553,1.9,1.4,4.6,3.39,1,3.6,2.66
2025-08-22_2025-08-24,GBPUSD.DWX,OOS,2025-08-22T20:50:00Z,2025-08-24T21:05:00Z,1.35267,1.35095,-0.00172,-17.2,-1,LONG,0.00798,0.2155,1.35646,1.33901,0.01745,0.7828,UPPER_THIRD,1,0,0,1,2025-08-25T06:20:00Z,555,STOP,2025-08-25T01:30:00Z,1.34923,18.4,13.62,-17.2,-12.73,1,-18.2,-13.47
2025-08-29_2025-08-31,GBPUSD.DWX,OOS,2025-08-29T20:50:00Z,2025-08-31T21:05:00Z,1.35037,1.34932,-0.00105,-10.5,-1,LONG,0.00775,0.1354,1.35304,1.34163,0.01141,0.766,UPPER_THIRD,1,0,1,1,2025-08-31T22:00:00Z,55,FILL,2025-08-31T22:00:00Z,1.35037,9.8,7.26,10.5,7.78,1,9.5,7.04
2025-09-05_2025-09-07,GBPUSD.DWX,OOS,2025-09-05T20:50:00Z,2025-09-07T21:05:00Z,1.35062,1.35019,-0.00043,-4.3,-1,LONG,0.00902,0.0476,1.35545,1.33331,0.02214,0.7818,UPPER_THIRD,1,0,0,1,2025-09-08T06:10:00Z,545,STOP,2025-09-07T21:55:00Z,1.34976,5.6,4.15,-4.3,-3.18,1,-5.3,-3.93
2025-09-12_2025-09-14,GBPUSD.DWX,OOS,2025-09-12T20:50:00Z,2025-09-14T21:05:00Z,1.35603,1.35364,-0.00239,-23.9,-1,LONG,0.00844,0.2833,1.35904,1.34824,0.0108,0.7213,UPPER_THIRD,1,0,1,1,2025-09-14T21:35:00Z,30,FILL,2025-09-14T21:35:00Z,1.35603,0,0,23.9,17.66,1,22.9,16.92
2025-09-19_2025-09-21,GBPUSD.DWX,OOS,2025-09-19T20:50:00Z,2025-09-21T21:10:00Z,1.34693,1.34577,-0.00116,-11.6,-1,LONG,0.00958,0.1211,1.3726,1.34628,0.02632,0.0247,LOWER_THIRD,0,0,1,1,2025-09-21T22:00:00Z,50,FILL,2025-09-21T22:00:00Z,1.34693,0,0,11.6,8.62,1,10.6,7.88
2025-09-26_2025-09-28,GBPUSD.DWX,OOS,2025-09-26T20:50:00Z,2025-09-28T21:05:00Z,1.34034,1.33855,-0.00179,-17.9,-1,LONG,0.00868,0.2062,1.35363,1.33188,0.02175,0.389,MIDDLE_THIRD,0,0,1,1,2025-09-28T22:00:00Z,55,FILL,2025-09-28T22:00:00Z,1.34034,0.2,0.15,17.9,13.37,1,16.9,12.63
2025-10-03_2025-10-05,GBPUSD.DWX,OOS,2025-10-03T20:50:00Z,2025-10-05T21:05:00Z,1.34791,1.34276,-0.00515,-51.5,-1,LONG,0.00898,0.5737,1.35272,1.33853,0.01419,0.661,MIDDLE_THIRD,0,1,0,1,2025-10-06T14:50:00Z,1065,TIMESTOP,2025-10-06T12:00:00Z,1.34265,11.3,8.42,-1.1,-0.82,1,-2.1,-1.56
2025-11-07_2025-11-09,GBPUSD.DWX,OOS,2025-11-07T21:50:00Z,2025-11-09T22:05:00Z,1.31596,1.31325,-0.00271,-27.1,-1,LONG,0.00925,0.293,1.31747,1.30099,0.01648,0.9084,UPPER_THIRD,1,0,1,1,2025-11-09T22:10:00Z,5,FILL,2025-11-09T22:10:00Z,1.31596,0,0,27.1,20.64,1,26.1,19.87
2025-11-14_2025-11-16,GBPUSD.DWX,OOS,2025-11-14T21:50:00Z,2025-11-16T22:05:00Z,1.31744,1.31519,-0.00225,-22.5,-1,LONG,0.00932,0.2415,1.32155,1.30842,0.01313,0.687,UPPER_THIRD,1,0,1,1,2025-11-17T07:35:00Z,570,FILL,2025-11-17T07:35:00Z,1.31744,16.3,12.39,22.5,17.11,1,21.5,16.35
2025-11-21_2025-11-23,GBPUSD.DWX,OOS,2025-11-21T21:50:00Z,2025-11-23T22:05:00Z,1.31021,1.30969,-0.00052,-5.2,-1,LONG,0.00805,0.0646,1.31931,1.30373,0.01558,0.4159,MIDDLE_THIRD,0,0,0,1,2025-11-24T04:55:00Z,410,STOP,2025-11-23T22:05:00Z,1.30917,5.9,4.5,-5.2,-3.97,1,-6.2,-4.73
2025-11-28_2025-11-30,GBPUSD.DWX,OOS,2025-11-28T21:50:00Z,2025-11-30T22:05:00Z,1.32379,1.32245,-0.00134,-13.4,-1,LONG,0.00789,0.1698,1.32683,1.30802,0.01881,0.8384,UPPER_THIRD,1,0,1,1,2025-11-30T23:05:00Z,60,FILL,2025-11-30T23:05:00Z,1.32379,8.3,6.28,13.4,10.13,1,12.4,9.38
2025-12-05_2025-12-07,GBPUSD.DWX,OOS,2025-12-05T21:50:00Z,2025-12-07T22:05:00Z,1.33284,1.33157,-0.00127,-12.7,-1,LONG,0.00771,0.1648,1.33848,1.31792,0.02056,0.7257,UPPER_THIRD,1,0,1,1,2025-12-07T22:25:00Z,20,FILL,2025-12-07T22:25:00Z,1.33284,3.7,2.78,12.7,9.54,1,11.7,8.79
2025-12-12_2025-12-14,GBPUSD.DWX,OOS,2025-12-12T21:50:00Z,2025-12-14T22:05:00Z,1.3367,1.33687,0.00017,1.7,1,SHORT,0.0077,0.0221,1.34381,1.3287,0.01511,0.5295,MIDDLE_THIRD,0,0,0,1,2025-12-14T22:15:00Z,10,STOP,2025-12-14T22:15:00Z,1.33704,2.4,1.8,-1.7,-1.27,1,-2.7,-2.02
2025-12-26_2025-12-28,GBPUSD.DWX,OOS,2025-12-26T21:50:00Z,2025-12-28T22:10:00Z,1.34976,1.34918,-0.00058,-5.8,-1,LONG,0.00706,0.0822,1.35338,1.33734,0.01604,0.7743,UPPER_THIRD,1,0,0,1,2025-12-28T23:15:00Z,65,STOP,2025-12-28T22:15:00Z,1.3486,12.2,9.04,-5.8,-4.3,1,-6.8,-5.04
2017-10-20_2017-10-22,USDJPY.DWX,OTHER,2017-10-20T20:50:00Z,2017-10-22T21:05:00Z,113.505,113.846,0.341,34.1,1,SHORT,0.657,0.5191,113.568,111.651,1.917,0.9671,UPPER_THIRD,0,1,0,1,2017-10-23T19:35:00Z,1350,TIMESTOP,2017-10-23T12:00:00Z,113.817,25.1,22.05,2.9,2.55,0.8,2.1,1.84
2017-10-27_2017-10-29,USDJPY.DWX,OTHER,2017-10-27T20:50:00Z,2017-10-29T21:05:00Z,113.692,113.718,0.026,2.6,1,SHORT,0.729,0.0357,114.452,113.242,1.21,0.3719,MIDDLE_THIRD,0,0,1,1,2017-10-29T21:20:00Z,15,FILL,2017-10-29T21:20:00Z,113.692,1.9,1.67,2.6,2.29,0.8,1.8,1.58
2017-11-03_2017-11-05,USDJPY.DWX,OTHER,2017-11-03T20:50:00Z,2017-11-05T22:05:00Z,114.081,114.034,-0.047,-4.7,-1,LONG,0.783,0.06,114.428,112.955,1.473,0.7644,UPPER_THIRD,1,0,1,1,2017-11-05T22:05:00Z,0,FILL,2017-11-05T22:05:00Z,114.081,0,0,4.7,4.12,0.8,3.9,3.42
2017-11-10_2017-11-12,USDJPY.DWX,OTHER,2017-11-10T21:50:00Z,2017-11-12T22:05:00Z,113.505,113.496,-0.009,-0.9,-1,LONG,0.752,0.012,114.735,113.09,1.645,0.2523,LOWER_THIRD,0,0,0,1,2017-11-12T22:05:00Z,0,STOP,2017-11-12T22:05:00Z,113.487,1.9,1.67,-0.9,-0.79,0.8,-1.7,-1.5
2017-11-17_2017-11-19,USDJPY.DWX,OTHER,2017-11-17T21:50:00Z,2017-11-19T22:05:00Z,112.167,112.118,-0.049,-4.9,-1,LONG,0.751,0.0652,113.91,111.944,1.966,0.1134,LOWER_THIRD,0,0,1,1,2017-11-19T22:55:00Z,50,FILL,2017-11-19T22:55:00Z,112.167,2.1,1.87,4.9,4.37,0.8,4.1,3.66
2017-11-24_2017-11-26,USDJPY.DWX,OTHER,2017-11-24T21:50:00Z,2017-11-26T22:05:00Z,111.5,111.481,-0.019,-1.9,-1,LONG,0.715,0.0266,112.717,111.067,1.65,0.2624,LOWER_THIRD,0,0,1,1,2017-11-26T22:05:00Z,0,FILL,2017-11-26T22:05:00Z,111.5,0,0,1.9,1.7,0.8,1.1,0.99
2017-12-01_2017-12-03,USDJPY.DWX,OTHER,2017-12-01T21:50:00Z,2017-12-03T22:05:00Z,112.172,112.726,0.554,55.4,1,SHORT,0.828,0.6691,112.874,110.841,2.033,0.6547,MIDDLE_THIRD,0,1,0,1,2017-12-06T04:25:00Z,3260,TIMESTOP,2017-12-04T12:00:00Z,112.904,34.3,30.43,-17.8,-15.79,0.8,-18.6,-16.5
2017-12-08_2017-12-10,USDJPY.DWX,OTHER,2017-12-08T21:50:00Z,2017-12-10T22:05:00Z,113.469,113.531,0.062,6.2,1,SHORT,0.774,0.0801,113.588,111.991,1.597,0.9255,UPPER_THIRD,0,0,0,1,2017-12-11T00:20:00Z,135,STOP,2017-12-10T23:00:00Z,113.593,9.6,8.46,-6.2,-5.46,0.8,-7,-6.17
2017-12-15_2017-12-17,USDJPY.DWX,OTHER,2017-12-15T21:50:00Z,2017-12-17T22:05:00Z,112.61,112.702,0.092,9.2,1,SHORT,0.774,0.1189,113.75,112.03,1.72,0.3372,MIDDLE_THIRD,0,0,1,1,2017-12-17T22:25:00Z,20,FILL,2017-12-17T22:25:00Z,112.61,1.7,1.51,9.2,8.16,0.8,8.4,7.45
2017-12-22_2017-12-24,USDJPY.DWX,OTHER,2017-12-22T21:50:00Z,2017-12-24T22:55:00Z,113.279,113.217,-0.062,-6.2,-1,LONG,0.6,0.1033,113.637,112.308,1.329,0.7306,UPPER_THIRD,1,0,1,1,2017-12-24T23:40:00Z,45,FILL,2017-12-24T23:40:00Z,113.279,0,0,6.2,5.48,0.8,5.4,4.77
2017-12-29_2018-01-01,USDJPY.DWX,IS,2017-12-29T21:50:00Z,2018-01-01T18:00:00Z,112.675,112.591,-0.084,-8.4,-1,LONG,0.513,0.1638,113.381,112.471,0.91,0.2242,LOWER_THIRD,0,0,0,1,2018-01-01T22:15:00Z,255,TIMESTOP,2018-01-01T18:00:00Z,112.605,0,0,1.4,1.24,0.8,0.6,0.53
2018-01-05_2018-01-07,USDJPY.DWX,IS,2018-01-05T21:50:00Z,2018-01-07T22:05:00Z,113.054,113.126,0.072,7.2,1,SHORT,0.421,0.1711,113.307,112.053,1.254,0.7982,UPPER_THIRD,0,0,1,1,2018-01-07T22:05:00Z,0,FILL,2018-01-07T22:05:00Z,113.054,1,0.88,7.2,6.36,0.8,6.4,5.66
2018-01-12_2018-01-14,USDJPY.DWX,IS,2018-01-12T21:50:00Z,2018-01-14T22:05:00Z,111.039,111.084,0.045,4.5,1,SHORT,0.597,0.0754,113.386,110.914,2.472,0.0506,LOWER_THIRD,1,0,1,1,2018-01-14T22:05:00Z,0,FILL,2018-01-14T22:05:00Z,111.039,0,0,4.5,4.05,0.8,3.7,3.33
2018-01-19_2018-01-21,USDJPY.DWX,IS,2018-01-19T21:50:00Z,2018-01-21T22:05:00Z,110.816,110.534,-0.282,-28.2,-1,LONG,0.771,0.3659,111.481,110.191,1.29,0.4845,MIDDLE_THIRD,0,1,1,1,2018-01-22T01:25:00Z,200,FILL,2018-01-22T01:25:00Z,110.816,1.5,1.36,28.2,25.51,0.8,27.4,24.79
2018-01-26_2018-01-28,USDJPY.DWX,IS,2018-01-26T21:50:00Z,2018-01-28T22:05:00Z,108.645,108.681,0.036,3.6,1,SHORT,0.987,0.0365,111.224,108.282,2.942,0.1234,LOWER_THIRD,1,0,0,1,2018-01-28T22:55:00Z,50,STOP,2018-01-28T22:10:00Z,108.717,5.8,5.34,-3.6,-3.31,0.8,-4.4,-4.05
2018-02-02_2018-02-04,USDJPY.DWX,IS,2018-02-02T21:50:00Z,2018-02-04T22:05:00Z,110.169,110.135,-0.034,-3.4,-1,LONG,0.944,0.036,110.482,108.411,2.071,0.8489,UPPER_THIRD,1,0,1,1,2018-02-04T22:05:00Z,0,FILL,2018-02-04T22:05:00Z,110.169,0,0,3.4,3.09,0.8,2.6,2.36
2018-02-09_2018-02-11,USDJPY.DWX,IS,2018-02-09T21:50:00Z,2018-02-11T22:05:00Z,108.801,108.838,0.037,3.7,1,SHORT,1.067,0.0347,110.289,108.045,2.244,0.3369,MIDDLE_THIRD,0,0,0,1,2018-02-11T23:05:00Z,60,STOP,2018-02-11T23:00:00Z,108.875,5.1,4.69,-3.7,-3.4,0.8,-4.5,-4.13
2018-02-16_2018-02-18,USDJPY.DWX,IS,2018-02-16T21:50:00Z,2018-02-18T22:05:00Z,106.286,106.311,0.025,2.5,1,SHORT,1.006,0.0248,108.889,105.55,3.339,0.2204,LOWER_THIRD,1,0,0,1,2018-02-18T22:55:00Z,50,STOP,2018-02-18T22:10:00Z,106.336,3.8,3.57,-2.5,-2.35,0.8,-3.3,-3.1
2018-02-23_2018-02-25,USDJPY.DWX,IS,2018-02-23T21:50:00Z,2018-02-25T22:05:00Z,106.854,107.005,0.151,15.1,1,SHORT,0.941,0.1605,107.902,106.092,1.81,0.421,MIDDLE_THIRD,0,0,1,1,2018-02-26T00:55:00Z,170,FILL,2018-02-26T00:55:00Z,106.854,13.1,12.24,15.1,14.11,0.8,14.3,13.36
2018-03-02_2018-03-04,USDJPY.DWX,IS,2018-03-02T21:50:00Z,2018-03-04T22:05:00Z,105.72,105.503,-0.217,-21.7,-1,LONG,0.926,0.2344,107.673,105.247,2.426,0.195,LOWER_THIRD,0,0,0,1,2018-03-05T14:25:00Z,980,TIMESTOP,2018-03-05T12:00:00Z,105.636,15.6,14.79,13.3,12.61,0.8,12.5,11.85
2018-03-09_2018-03-11,USDJPY.DWX,IS,2018-03-09T21:50:00Z,2018-03-11T21:05:00Z,106.803,106.676,-0.127,-12.7,-1,LONG,0.824,0.1541,107.049,105.347,1.702,0.8555,UPPER_THIRD,1,0,1,1,2018-03-11T21:30:00Z,25,FILL,2018-03-11T21:30:00Z,106.803,0,0,12.7,11.91,0.8,11.9,11.16
2018-03-16_2018-03-18,USDJPY.DWX,IS,2018-03-16T20:50:00Z,2018-03-18T21:05:00Z,106.008,105.915,-0.093,-9.3,-1,LONG,0.809,0.115,107.293,105.601,1.692,0.2405,LOWER_THIRD,0,0,1,1,2018-03-18T21:05:00Z,0,FILL,2018-03-18T21:05:00Z,106.008,0.3,0.28,9.3,8.78,0.8,8.5,8.03
2018-03-23_2018-03-25,USDJPY.DWX,IS,2018-03-23T20:50:00Z,2018-03-25T21:05:00Z,104.712,104.64,-0.072,-7.2,-1,LONG,0.72,0.1,106.64,104.638,2.002,0.037,LOWER_THIRD,0,0,1,1,2018-03-25T21:15:00Z,10,FILL,2018-03-25T21:15:00Z,104.712,0,0,7.2,6.88,0.8,6.4,6.12
2018-03-30_2018-04-01,USDJPY.DWX,IS,2018-03-30T20:50:00Z,2018-04-01T21:05:00Z,106.268,106.165,-0.103,-10.3,-1,LONG,0.78,0.132,107.01,104.627,2.383,0.6886,UPPER_THIRD,1,0,1,1,2018-04-01T21:55:00Z,50,FILL,2018-04-01T21:55:00Z,106.268,0,0,10.3,9.7,0.8,9.5,8.95
2018-04-06_2018-04-08,USDJPY.DWX,IS,2018-04-06T20:50:00Z,2018-04-08T21:05:00Z,106.939,106.939,0,0,0,LONG,0.803,0,107.492,105.657,1.835,0.6986,UPPER_THIRD,0,0,0,0,,,STOP,2018-04-08T21:05:00Z,106.939,0.7,0.65,0,0,0.8,-0.8,-0.75
2018-04-13_2018-04-15,USDJPY.DWX,IS,2018-04-13T20:50:00Z,2018-04-15T21:05:00Z,107.338,107.46,0.122,12.2,1,SHORT,0.764,0.1598,107.778,106.616,1.162,0.6213,MIDDLE_THIRD,0,0,0,1,2018-04-16T01:40:00Z,275,STOP,2018-04-15T22:20:00Z,107.582,14.9,13.87,-12.2,-11.35,0.8,-13,-12.1
2018-04-20_2018-04-22,USDJPY.DWX,IS,2018-04-20T20:50:00Z,2018-04-22T21:05:00Z,107.642,107.768,0.126,12.6,1,SHORT,0.621,0.2029,107.855,106.88,0.975,0.7815,UPPER_THIRD,0,0,0,0,,,STOP,2018-04-23T07:20:00Z,107.894,16.4,15.22,-12.6,-11.69,0.8,-13.4,-12.43
2018-04-27_2018-04-29,USDJPY.DWX,IS,2018-04-27T20:50:00Z,2018-04-29T21:05:00Z,109.081,109.071,-0.01,-1,-1,LONG,0.587,0.017,109.536,107.658,1.878,0.7577,UPPER_THIRD,1,0,0,1,2018-04-29T21:05:00Z,0,STOP,2018-04-29T21:05:00Z,109.061,2,1.83,-1,-0.92,0.8,-1.8,-1.65
2018-05-04_2018-05-06,USDJPY.DWX,IS,2018-05-04T20:50:00Z,2018-05-06T21:05:00Z,109.06,109.111,0.051,5.1,1,SHORT,0.578,0.0882,110.035,108.647,1.388,0.2976,LOWER_THIRD,1,0,1,1,2018-05-06T22:10:00Z,65,FILL,2018-05-06T22:10:00Z,109.06,0.4,0.37,5.1,4.67,0.8,4.3,3.94
2018-05-11_2018-05-13,USDJPY.DWX,IS,2018-05-11T20:55:00Z,2018-05-13T21:05:00Z,109.361,109.308,-0.053,-5.3,-1,LONG,0.611,0.0868,110.015,108.756,1.259,0.4805,MIDDLE_THIRD,0,0,1,1,2018-05-13T21:10:00Z,5,FILL,2018-05-13T21:10:00Z,109.361,4.9,4.48,5.3,4.85,0.8,4.5,4.12
2018-05-18_2018-05-20,USDJPY.DWX,IS,2018-05-18T20:55:00Z,2018-05-20T21:05:00Z,110.748,110.858,0.11,11,1,SHORT,0.622,0.1767,111.08,109.208,1.872,0.8226,UPPER_THIRD,0,0,0,1,2018-05-22T23:50:00Z,3045,STOP,2018-05-21T00:10:00Z,110.968,16.3,14.7,-11,-9.92,0.8,-11.8,-10.64
2018-05-25_2018-05-27,USDJPY.DWX,IS,2018-05-25T20:55:00Z,2018-05-27T21:05:00Z,109.396,109.746,0.35,35,1,SHORT,0.68,0.515,111.392,108.954,2.438,0.1813,LOWER_THIRD,1,1,1,1,2018-05-28T01:45:00Z,280,FILL,2018-05-28T01:45:00Z,109.396,8,7.29,35,31.89,0.8,34.2,31.16
2018-06-01_2018-06-03,USDJPY.DWX,IS,2018-06-01T20:55:00Z,2018-06-03T21:05:00Z,109.488,109.456,-0.032,-3.2,-1,LONG,0.775,0.0413,109.826,108.112,1.714,0.8028,UPPER_THIRD,1,0,1,1,2018-06-03T22:00:00Z,55,FILL,2018-06-03T22:00:00Z,109.488,0.2,0.18,3.2,2.92,0.8,2.4,2.19
2018-06-08_2018-06-10,USDJPY.DWX,IS,2018-06-08T20:55:00Z,2018-06-10T21:05:00Z,109.499,109.307,-0.192,-19.2,-1,LONG,0.762,0.2519,110.265,109.198,1.067,0.2821,LOWER_THIRD,0,0,1,1,2018-06-11T00:00:00Z,175,FILL,2018-06-11T00:00:00Z,109.499,0.9,0.82,19.2,17.57,0.8,18.4,16.83
2018-06-15_2018-06-17,USDJPY.DWX,IS,2018-06-15T20:55:00Z,2018-06-17T21:05:00Z,110.633,110.702,0.069,6.9,1,SHORT,0.703,0.0982,110.901,109.298,1.603,0.8328,UPPER_THIRD,0,0,1,1,2018-06-17T22:00:00Z,55,FILL,2018-06-17T22:00:00Z,110.633,3.9,3.52,6.9,6.23,0.8,6.1,5.51
2018-06-22_2018-06-24,USDJPY.DWX,IS,2018-06-22T20:55:00Z,2018-06-24T21:05:00Z,109.961,109.891,-0.07,-7,-1,LONG,0.647,0.1082,110.757,109.55,1.207,0.3405,MIDDLE_THIRD,0,0,1,1,2018-06-24T21:15:00Z,10,FILL,2018-06-24T21:15:00Z,109.961,3.8,3.46,7,6.37,0.8,6.2,5.64
2018-06-29_2018-07-01,USDJPY.DWX,IS,2018-06-29T20:55:00Z,2018-07-01T21:05:00Z,110.691,110.621,-0.07,-7,-1,LONG,0.671,0.1044,110.941,109.367,1.574,0.8412,UPPER_THIRD,1,0,1,1,2018-07-01T21:15:00Z,10,FILL,2018-07-01T21:15:00Z,110.691,3.4,3.07,7,6.33,0.8,6.2,5.6
2018-07-06_2018-07-08,USDJPY.DWX,IS,2018-07-06T20:55:00Z,2018-07-08T21:05:00Z,110.45,110.442,-0.008,-0.8,-1,LONG,0.627,0.0128,111.133,110.267,0.866,0.2113,LOWER_THIRD,0,0,0,1,2018-07-08T21:30:00Z,25,STOP,2018-07-08T21:05:00Z,110.434,4.8,4.35,-0.8,-0.72,0.8,-1.6,-1.45
2018-07-13_2018-07-15,USDJPY.DWX,IS,2018-07-13T20:55:00Z,2018-07-15T21:05:00Z,112.339,112.201,-0.138,-13.8,-1,LONG,0.656,0.2103,112.8,110.35,2.45,0.8118,UPPER_THIRD,1,0,1,1,2018-07-15T21:45:00Z,40,FILL,2018-07-15T21:45:00Z,112.339,1.7,1.52,13.8,12.3,0.8,13,11.59
2018-07-20_2018-07-22,USDJPY.DWX,IS,2018-07-20T20:55:00Z,2018-07-22T21:05:00Z,111.391,111.387,-0.004,-0.4,-1,LONG,0.691,0.0058,113.173,111.381,1.792,0.0056,LOWER_THIRD,0,0,0,1,2018-07-22T21:05:00Z,0,STOP,2018-07-22T21:05:00Z,111.383,1.7,1.53,-0.4,-0.36,0.8,-1.2,-1.08
2018-07-27_2018-07-29,USDJPY.DWX,IS,2018-07-27T20:55:00Z,2018-07-29T21:05:00Z,111.009,110.926,-0.083,-8.3,-1,LONG,0.75,0.1106,111.541,110.589,0.952,0.4412,MIDDLE_THIRD,0,0,1,1,2018-07-29T22:20:00Z,75,FILL,2018-07-29T22:20:00Z,111.009,0.9,0.81,8.3,7.48,0.8,7.5,6.76
2018-08-03_2018-08-05,USDJPY.DWX,IS,2018-08-03T20:55:00Z,2018-08-05T21:05:00Z,111.208,111.211,0.003,0.3,1,SHORT,0.721,0.0042,112.151,110.744,1.407,0.3298,LOWER_THIRD,1,0,0,1,2018-08-05T21:05:00Z,0,STOP,2018-08-05T21:05:00Z,111.214,0.6,0.54,-0.3,-0.27,0.8,-1.1,-0.99
2018-08-10_2018-08-12,USDJPY.DWX,IS,2018-08-10T20:55:00Z,2018-08-12T21:05:00Z,110.747,110.452,-0.295,-29.5,-1,LONG,0.601,0.4911,111.525,110.51,1.015,0.2335,LOWER_THIRD,0,1,1,1,2018-08-12T22:15:00Z,70,FILL,2018-08-12T22:15:00Z,110.747,2.4,2.17,29.5,26.71,0.8,28.7,25.98
2018-08-17_2018-08-19,USDJPY.DWX,IS,2018-08-17T20:55:00Z,2018-08-19T21:05:00Z,110.468,110.581,0.113,11.3,1,SHORT,0.693,0.163,111.43,110.109,1.321,0.2718,LOWER_THIRD,1,0,1,1,2018-08-19T23:55:00Z,170,FILL,2018-08-19T23:55:00Z,110.468,0,0,11.3,10.22,0.8,10.5,9.5
2018-08-24_2018-08-26,USDJPY.DWX,IS,2018-08-24T20:55:00Z,2018-08-26T21:05:00Z,111.198,111.32,0.122,12.2,1,SHORT,0.669,0.1823,111.485,109.775,1.71,0.8322,UPPER_THIRD,0,0,1,1,2018-08-27T00:50:00Z,225,FILL,2018-08-27T00:50:00Z,111.198,2.6,2.34,12.2,10.96,0.8,11.4,10.24
2018-08-31_2018-09-02,USDJPY.DWX,IS,2018-08-31T20:55:00Z,2018-09-02T21:05:00Z,111.054,111.02,-0.034,-3.4,-1,LONG,0.65,0.0523,111.827,110.684,1.143,0.3237,LOWER_THIRD,0,0,1,1,2018-09-02T21:05:00Z,0,FILL,2018-09-02T21:05:00Z,111.054,0,0,3.4,3.06,0.8,2.6,2.34
2018-09-07_2018-09-09,USDJPY.DWX,IS,2018-09-07T20:55:00Z,2018-09-09T21:05:00Z,110.96,111.027,0.067,6.7,1,SHORT,0.61,0.1099,111.756,110.379,1.377,0.4219,MIDDLE_THIRD,0,0,1,1,2018-09-09T23:05:00Z,120,FILL,2018-09-09T23:05:00Z,110.96,5.8,5.22,6.7,6.03,0.8,5.9,5.31
2018-09-14_2018-09-16,USDJPY.DWX,IS,2018-09-14T20:55:00Z,2018-09-16T21:05:00Z,112.033,112.002,-0.031,-3.1,-1,LONG,0.607,0.0511,112.168,110.849,1.319,0.8976,UPPER_THIRD,1,0,1,1,2018-09-16T22:00:00Z,55,FILL,2018-09-16T22:00:00Z,112.033,0,0,3.1,2.77,0.8,2.3,2.05
2018-09-21_2018-09-23,USDJPY.DWX,IS,2018-09-21T20:55:00Z,2018-09-23T21:00:00Z,112.586,112.389,-0.197,-19.7,-1,LONG,0.583,0.338,112.871,111.663,1.208,0.7641,UPPER_THIRD,1,1,1,1,2018-09-24T00:30:00Z,210,FILL,2018-09-24T00:30:00Z,112.586,0,0,19.7,17.53,0.8,18.9,16.82
2018-09-28_2018-09-30,USDJPY.DWX,IS,2018-09-28T20:55:00Z,2018-09-30T21:05:00Z,113.661,113.711,0.05,5,1,SHORT,0.526,0.095,113.705,112.389,1.316,0.9666,UPPER_THIRD,0,0,0,1,2018-10-02T08:45:00Z,2140,STOP,2018-09-30T21:15:00Z,113.761,5.2,4.57,-5,-4.4,0.8,-5.8,-5.1
2018-10-05_2018-10-07,USDJPY.DWX,IS,2018-10-05T20:55:00Z,2018-10-07T21:05:00Z,113.678,113.752,0.074,7.4,1,SHORT,0.561,0.1318,114.548,113.521,1.027,0.1529,LOWER_THIRD,1,0,1,1,2018-10-07T22:25:00Z,80,FILL,2018-10-07T22:25:00Z,113.678,3.3,2.9,7.4,6.51,0.8,6.6,5.8
2018-10-12_2018-10-14,USDJPY.DWX,IS,2018-10-12T20:55:00Z,2018-10-14T21:05:00Z,112.167,112.126,-0.041,-4.1,-1,LONG,0.672,0.061,113.941,111.832,2.109,0.1588,LOWER_THIRD,0,0,1,1,2018-10-14T21:30:00Z,25,FILL,2018-10-14T21:30:00Z,112.167,0,0,4.1,3.66,0.8,3.3,2.94
2018-10-19_2018-10-21,USDJPY.DWX,IS,2018-10-19T20:55:00Z,2018-10-21T21:05:00Z,112.524,112.577,0.053,5.3,1,SHORT,0.724,0.0733,112.727,111.623,1.104,0.8161,UPPER_THIRD,0,0,1,1,2018-10-21T21:10:00Z,5,FILL,2018-10-21T21:10:00Z,112.524,2.1,1.87,5.3,4.71,0.8,4.5,4
2018-10-26_2018-10-28,USDJPY.DWX,IS,2018-10-26T20:55:00Z,2018-10-28T21:05:00Z,111.867,111.871,0.004,0.4,1,SHORT,0.717,0.0056,112.884,111.378,1.506,0.3247,LOWER_THIRD,1,0,0,1,2018-10-28T21:15:00Z,10,STOP,2018-10-28T21:05:00Z,111.875,6.1,5.45,-0.4,-0.36,0.8,-1.2,-1.07
2018-11-02_2018-11-04,USDJPY.DWX,IS,2018-11-02T20:55:00Z,2018-11-04T22:05:00Z,113.178,113.152,-0.026,-2.6,-1,LONG,0.705,0.0369,113.384,111.776,1.608,0.8719,UPPER_THIRD,1,0,1,1,2018-11-04T22:05:00Z,0,FILL,2018-11-04T22:05:00Z,113.178,0,0,2.6,2.3,0.8,1.8,1.59
2018-11-09_2018-11-11,USDJPY.DWX,IS,2018-11-09T21:55:00Z,2018-11-11T22:05:00Z,113.758,113.854,0.096,9.6,1,SHORT,0.668,0.1437,114.082,112.946,1.136,0.7148,UPPER_THIRD,0,0,0,1,2018-11-12T13:35:00Z,930,STOP,2018-11-12T01:05:00Z,113.95,10,8.78,-9.6,-8.43,0.8,-10.4,-9.13
2018-11-16_2018-11-18,USDJPY.DWX,IS,2018-11-16T21:55:00Z,2018-11-18T22:05:00Z,112.789,112.752,-0.037,-3.7,-1,LONG,0.609,0.0607,114.211,112.643,1.568,0.0931,LOWER_THIRD,0,0,1,1,2018-11-18T22:05:00Z,0,FILL,2018-11-18T22:05:00Z,112.789,0,0,3.7,3.28,0.8,2.9,2.57
2018-11-23_2018-11-25,USDJPY.DWX,IS,2018-11-23T21:55:00Z,2018-11-25T22:05:00Z,112.929,112.898,-0.031,-3.1,-1,LONG,0.559,0.0554,113.146,112.304,0.842,0.7423,UPPER_THIRD,1,0,1,1,2018-11-25T22:10:00Z,5,FILL,2018-11-25T22:10:00Z,112.929,0,0,3.1,2.75,0.8,2.3,2.04
2018-11-30_2018-12-02,USDJPY.DWX,IS,2018-11-30T21:55:00Z,2018-12-02T22:05:00Z,113.403,113.629,0.226,22.6,1,SHORT,0.55,0.4107,114.035,112.876,1.159,0.4547,MIDDLE_THIRD,0,1,1,1,2018-12-03T08:50:00Z,645,FILL,2018-12-03T08:50:00Z,113.403,19.2,16.9,22.6,19.89,0.8,21.8,19.19
2018-12-07_2018-12-09,USDJPY.DWX,IS,2018-12-07T21:50:00Z,2018-12-09T22:05:00Z,112.688,112.655,-0.033,-3.3,-1,LONG,0.56,0.0589,113.821,112.231,1.59,0.2874,LOWER_THIRD,0,0,0,1,2018-12-10T08:40:00Z,635,STOP,2018-12-09T22:25:00Z,112.622,5.1,4.53,-3.3,-2.93,0.8,-4.1,-3.64
2018-12-14_2018-12-16,USDJPY.DWX,IS,2018-12-14T21:50:00Z,2018-12-16T22:05:00Z,113.4,113.351,-0.049,-4.9,-1,LONG,0.601,0.0816,113.707,112.239,1.468,0.7909,UPPER_THIRD,1,0,0,1,2018-12-16T23:50:00Z,105,STOP,2018-12-16T22:40:00Z,113.302,5.1,4.5,-4.9,-4.32,0.8,-5.7,-5.03
2018-12-21_2018-12-23,USDJPY.DWX,IS,2018-12-21T21:50:00Z,2018-12-23T22:05:00Z,111.208,110.972,-0.236,-23.6,-1,LONG,0.738,0.3196,113.521,110.811,2.71,0.1465,LOWER_THIRD,0,1,0,1,2018-12-26T19:50:00Z,4185,TIMESTOP,2018-12-24T12:00:00Z,111.078,4.9,4.42,10.6,9.55,0.8,9.8,8.83
2018-12-28_2018-12-30,USDJPY.DWX,IS,2018-12-28T21:50:00Z,2018-12-30T22:05:00Z,110.3,110.305,0.005,0.5,1,SHORT,0.807,0.0062,111.459,110.138,1.321,0.1226,LOWER_THIRD,1,0,0,1,2018-12-30T22:05:00Z,0,STOP,2018-12-30T22:05:00Z,110.31,2,1.81,-0.5,-0.45,0.8,-1.3,-1.18
2019-01-04_2019-01-06,USDJPY.DWX,IS,2019-01-04T21:50:00Z,2019-01-06T22:05:00Z,108.511,108.491,-0.02,-2,-1,LONG,1.142,0.0175,111.007,104.703,6.304,0.6041,MIDDLE_THIRD,0,0,1,1,2019-01-06T22:05:00Z,0,FILL,2019-01-06T22:05:00Z,108.511,0.1,0.09,2,1.84,0.8,1.2,1.11
2019-01-11_2019-01-13,USDJPY.DWX,IS,2019-01-11T21:50:00Z,2019-01-13T22:05:00Z,108.547,108.509,-0.038,-3.8,-1,LONG,1.095,0.0347,109.087,107.768,1.319,0.5906,MIDDLE_THIRD,0,0,1,1,2019-01-13T22:30:00Z,25,FILL,2019-01-13T22:30:00Z,108.547,1,0.92,3.8,3.5,0.8,3,2.76
2019-01-18_2019-01-20,USDJPY.DWX,IS,2019-01-18T21:50:00Z,2019-01-20T22:05:00Z,109.75,109.692,-0.058,-5.8,-1,LONG,1.029,0.0564,109.89,107.985,1.905,0.9265,UPPER_THIRD,1,0,1,1,2019-01-20T22:25:00Z,20,FILL,2019-01-20T22:25:00Z,109.75,0.4,0.36,5.8,5.29,0.8,5,4.56
2019-01-25_2019-01-27,USDJPY.DWX,IS,2019-01-25T21:50:00Z,2019-01-27T22:05:00Z,109.553,109.538,-0.015,-1.5,-1,LONG,0.633,0.0237,109.999,109.145,0.854,0.4778,MIDDLE_THIRD,0,0,1,1,2019-01-27T22:05:00Z,0,FILL,2019-01-27T22:05:00Z,109.553,0.1,0.09,1.5,1.37,0.8,0.7,0.64
2019-02-01_2019-02-03,USDJPY.DWX,IS,2019-02-01T21:50:00Z,2019-02-03T22:05:00Z,109.492,109.514,0.022,2.2,1,SHORT,0.614,0.0358,109.743,108.497,1.246,0.7986,UPPER_THIRD,0,0,1,1,2019-02-03T22:40:00Z,35,FILL,2019-02-03T22:40:00Z,109.492,1.9,1.73,2.2,2.01,0.8,1.4,1.28
2019-02-08_2019-02-10,USDJPY.DWX,IS,2019-02-08T21:50:00Z,2019-02-10T22:05:00Z,109.742,109.733,-0.009,-0.9,-1,LONG,0.536,0.0168,110.162,109.432,0.73,0.4247,MIDDLE_THIRD,0,0,0,1,2019-02-10T22:05:00Z,0,STOP,2019-02-10T22:05:00Z,109.724,1.3,1.18,-0.9,-0.82,0.8,-1.7,-1.55
2019-02-15_2019-02-17,USDJPY.DWX,IS,2019-02-15T21:50:00Z,2019-02-17T22:05:00Z,110.443,110.448,0.005,0.5,1,SHORT,0.554,0.009,111.128,109.72,1.408,0.5135,MIDDLE_THIRD,0,0,0,0,,,STOP,2019-02-17T22:05:00Z,110.453,2.6,2.35,-0.5,-0.45,0.8,-1.3,-1.18
2019-02-22_2019-02-24,USDJPY.DWX,IS,2019-02-22T21:50:00Z,2019-02-24T22:05:00Z,110.655,110.651,-0.004,-0.4,-1,LONG,0.422,0.0095,110.949,110.445,0.504,0.4167,MIDDLE_THIRD,0,0,1,1,2019-02-24T22:05:00Z,0,FILL,2019-02-24T22:05:00Z,110.655,0,0,0.4,0.36,0.8,-0.4,-0.36
2019-03-01_2019-03-03,USDJPY.DWX,IS,2019-03-01T21:50:00Z,2019-03-03T22:05:00Z,111.934,111.853,-0.081,-8.1,-1,LONG,0.52,0.1557,112.076,110.354,1.722,0.9175,UPPER_THIRD,1,0,0,1,2019-03-03T23:10:00Z,65,STOP,2019-03-03T22:35:00Z,111.772,9.9,8.85,-8.1,-7.24,0.8,-8.9,-7.96
2019-03-08_2019-03-10,USDJPY.DWX,IS,2019-03-08T21:50:00Z,2019-03-10T21:05:00Z,111.172,111.038,-0.134,-13.4,-1,LONG,0.529,0.2531,112.137,110.78,1.357,0.2889,LOWER_THIRD,0,0,0,1,2019-03-11T06:45:00Z,580,STOP,2019-03-11T00:50:00Z,110.904,13.9,12.52,-13.4,-12.07,0.8,-14.2,-12.79
2019-03-15_2019-03-17,USDJPY.DWX,IS,2019-03-15T20:50:00Z,2019-03-17T21:05:00Z,111.502,111.472,-0.03,-3,-1,LONG,0.556,0.054,111.901,110.88,1.021,0.6092,MIDDLE_THIRD,0,0,1,1,2019-03-17T22:20:00Z,75,FILL,2019-03-17T22:20:00Z,111.502,1.2,1.08,3,2.69,0.8,2.2,1.97
2019-03-22_2019-03-24,USDJPY.DWX,IS,2019-03-22T20:50:00Z,2019-03-24T21:05:00Z,109.937,109.921,-0.016,-1.6,-1,LONG,0.577,0.0277,111.692,109.74,1.952,0.1009,LOWER_THIRD,0,0,1,1,2019-03-24T21:05:00Z,0,FILL,2019-03-24T21:05:00Z,109.937,0.4,0.36,1.6,1.46,0.8,0.8,0.73
2019-03-29_2019-03-31,USDJPY.DWX,IS,2019-03-29T20:50:00Z,2019-03-31T21:05:00Z,110.82,110.968,0.148,14.8,1,SHORT,0.619,0.2392,110.949,109.705,1.244,0.8963,UPPER_THIRD,0,0,0,1,2019-04-01T12:30:00Z,925,STOP,2019-04-01T01:10:00Z,111.116,16.3,14.69,-14.8,-13.34,0.8,-15.6,-14.06
2019-04-05_2019-04-07,USDJPY.DWX,IS,2019-04-05T20:50:00Z,2019-04-07T21:05:00Z,111.708,111.637,-0.071,-7.1,-1,LONG,0.581,0.1221,111.823,110.807,1.016,0.8868,UPPER_THIRD,1,0,1,1,2019-04-07T21:05:00Z,0,FILL,2019-04-07T21:05:00Z,111.708,0,0,7.1,6.36,0.8,6.3,5.64
2019-04-12_2019-04-14,USDJPY.DWX,IS,2019-04-12T20:50:00Z,2019-04-14T21:05:00Z,112.01,111.953,-0.057,-5.7,-1,LONG,0.509,0.112,112.093,110.844,1.249,0.9335,UPPER_THIRD,1,0,1,1,2019-04-14T21:30:00Z,25,FILL,2019-04-14T21:30:00Z,112.01,0,0,5.7,5.09,0.8,4.9,4.38
2019-04-19_2019-04-21,USDJPY.DWX,IS,2019-04-19T20:50:00Z,2019-04-21T21:05:00Z,111.933,111.846,-0.087,-8.7,-1,LONG,0.363,0.2397,112.165,111.765,0.4,0.42,MIDDLE_THIRD,0,0,1,1,2019-04-21T22:00:00Z,55,FILL,2019-04-21T22:00:00Z,111.933,0.9,0.8,8.7,7.78,0.8,7.9,7.06
2019-04-26_2019-04-28,USDJPY.DWX,IS,2019-04-26T20:50:00Z,2019-04-28T21:05:00Z,111.606,111.549,-0.057,-5.7,-1,LONG,0.439,0.1299,112.399,111.366,1.033,0.2323,LOWER_THIRD,0,0,1,1,2019-04-28T23:00:00Z,115,FILL,2019-04-28T23:00:00Z,111.606,1.4,1.26,5.7,5.11,0.8,4.9,4.39
2019-05-03_2019-05-05,USDJPY.DWX,IS,2019-05-03T20:50:00Z,2019-05-05T21:05:00Z,111.101,110.64,-0.461,-46.1,-1,LONG,0.423,1.0909,111.898,111.049,0.849,0.0612,LOWER_THIRD,0,1,0,0,,,TIMESTOP,2019-05-06T12:00:00Z,110.835,36,32.54,19.5,17.62,0.8,18.7,16.9
2019-05-10_2019-05-12,USDJPY.DWX,IS,2019-05-10T20:50:00Z,2019-05-12T21:05:00Z,109.97,109.774,-0.196,-19.6,-1,LONG,0.572,0.3426,110.958,109.47,1.488,0.336,MIDDLE_THIRD,0,1,0,1,2019-05-17T00:55:00Z,5990,TIMESTOP,2019-05-13T12:00:00Z,109.627,18.4,16.76,-14.7,-13.39,0.8,-15.5,-14.12
2019-05-17_2019-05-19,USDJPY.DWX,IS,2019-05-17T20:55:00Z,2019-05-19T21:00:00Z,110.035,110.101,0.066,6.6,1,SHORT,0.609,0.1083,110.19,109.018,1.172,0.8677,UPPER_THIRD,0,0,0,1,2019-05-19T22:10:00Z,70,STOP,2019-05-19T21:00:00Z,110.167,6.8,6.18,-6.6,-5.99,0.8,-7.4,-6.72
2019-05-24_2019-05-26,USDJPY.DWX,IS,2019-05-24T20:55:00Z,2019-05-26T21:05:00Z,109.293,109.334,0.041,4.1,1,SHORT,0.621,0.0661,110.672,109.272,1.4,0.015,LOWER_THIRD,1,0,1,1,2019-05-26T21:05:00Z,0,FILL,2019-05-26T21:05:00Z,109.293,0,0,4.1,3.75,0.8,3.3,3.02
2019-05-31_2019-06-02,USDJPY.DWX,IS,2019-05-31T20:50:00Z,2019-06-02T21:05:00Z,108.312,108.291,-0.021,-2.1,-1,LONG,0.609,0.0345,109.926,108.278,1.648,0.0206,LOWER_THIRD,0,0,1,1,2019-06-02T21:05:00Z,0,FILL,2019-06-02T21:05:00Z,108.312,1.7,1.57,2.1,1.94,0.8,1.3,1.2
2019-06-07_2019-06-09,USDJPY.DWX,IS,2019-06-07T20:50:00Z,2019-06-09T21:05:00Z,108.208,108.45,0.242,24.2,1,SHORT,0.61,0.397,108.618,107.812,0.806,0.4913,MIDDLE_THIRD,0,1,0,1,2019-06-13T02:10:00Z,4625,STOP,2019-06-10T08:05:00Z,108.692,26.4,24.34,-24.2,-22.31,0.8,-25,-23.05
2019-06-14_2019-06-16,USDJPY.DWX,IS,2019-06-14T20:50:00Z,2019-06-16T21:05:00Z,108.539,108.498,-0.041,-4.1,-1,LONG,0.565,0.0726,108.8,108.157,0.643,0.5941,MIDDLE_THIRD,0,0,1,1,2019-06-16T22:00:00Z,55,FILL,2019-06-16T22:00:00Z,108.539,2.6,2.4,4.1,3.78,0.8,3.3,3.04
2019-06-21_2019-06-23,USDJPY.DWX,IS,2019-06-21T20:50:00Z,2019-06-23T21:05:00Z,107.333,107.318,-0.015,-1.5,-1,LONG,0.555,0.027,108.723,107.048,1.675,0.1701,LOWER_THIRD,0,0,0,1,2019-06-23T22:35:00Z,90,STOP,2019-06-23T21:05:00Z,107.303,3.8,3.54,-1.5,-1.4,0.8,-2.3,-2.14
2019-06-28_2019-06-30,USDJPY.DWX,IS,2019-06-28T20:50:00Z,2019-06-30T21:05:00Z,107.925,108.193,0.268,26.8,1,SHORT,0.526,0.5094,108.161,106.777,1.384,0.8295,UPPER_THIRD,0,1,0,1,2019-07-02T16:00:00Z,2575,STOP,2019-06-30T22:35:00Z,108.461,29.6,27.36,-26.8,-24.77,0.8,-27.6,-25.51
2019-07-05_2019-07-07,USDJPY.DWX,IS,2019-07-05T20:50:00Z,2019-07-07T21:05:00Z,108.481,108.428,-0.053,-5.3,-1,LONG,0.586,0.0904,108.637,107.533,1.104,0.8587,UPPER_THIRD,1,0,1,1,2019-07-07T22:00:00Z,55,FILL,2019-07-07T22:00:00Z,108.481,2,1.84,5.3,4.89,0.8,4.5,4.15
2019-07-12_2019-07-14,USDJPY.DWX,IS,2019-07-12T20:50:00Z,2019-07-14T21:05:00Z,107.888,107.867,-0.021,-2.1,-1,LONG,0.565,0.0372,108.99,107.802,1.188,0.0724,LOWER_THIRD,0,0,0,1,2019-07-14T21:05:00Z,0,STOP,2019-07-14T21:05:00Z,107.846,4.8,4.45,-2.1,-1.95,0.8,-2.9,-2.69
2019-07-19_2019-07-21,USDJPY.DWX,IS,2019-07-19T20:50:00Z,2019-07-21T21:05:00Z,107.735,107.714,-0.021,-2.1,-1,LONG,0.561,0.0374,108.376,107.21,1.166,0.4503,MIDDLE_THIRD,0,0,1,1,2019-07-21T21:05:00Z,0,FILL,2019-07-21T21:05:00Z,107.735,0.3,0.28,2.1,1.95,0.8,1.3,1.21
2019-07-26_2019-07-28,USDJPY.DWX,IS,2019-07-26T20:50:00Z,2019-07-28T21:05:00Z,108.672,108.625,-0.047,-4.7,-1,LONG,0.529,0.0888,108.829,107.699,1.13,0.8611,UPPER_THIRD,1,0,1,1,2019-07-28T21:20:00Z,15,FILL,2019-07-28T21:20:00Z,108.672,0,0,4.7,4.33,0.8,3.9,3.59
2019-08-02_2019-08-04,USDJPY.DWX,IS,2019-08-02T20:50:00Z,2019-08-04T21:05:00Z,106.592,106.529,-0.063,-6.3,-1,LONG,0.663,0.095,109.317,106.507,2.81,0.0302,LOWER_THIRD,0,0,1,1,2019-08-04T21:15:00Z,10,FILL,2019-08-04T21:15:00Z,106.592,0,0,6.3,5.91,0.8,5.5,5.16
2019-08-09_2019-08-11,USDJPY.DWX,IS,2019-08-09T20:50:00Z,2019-08-11T21:05:00Z,105.655,105.57,-0.085,-8.5,-1,LONG,0.79,0.1076,107.087,105.266,1.821,0.2136,LOWER_THIRD,0,0,1,1,2019-08-11T22:00:00Z,55,FILL,2019-08-11T22:00:00Z,105.655,4.2,3.98,8.5,8.05,0.8,7.7,7.29
2019-08-16_2019-08-18,USDJPY.DWX,IS,2019-08-16T20:50:00Z,2019-08-18T21:05:00Z,106.348,106.247,-0.101,-10.1,-1,LONG,1.001,0.1009,106.977,105.049,1.928,0.6738,UPPER_THIRD,1,0,1,1,2019-08-18T22:00:00Z,55,FILL,2019-08-18T22:00:00Z,106.348,0.5,0.47,10.1,9.51,0.8,9.3,8.75
2019-08-23_2019-08-25,USDJPY.DWX,IS,2019-08-23T20:50:00Z,2019-08-25T21:05:00Z,105.39,104.932,-0.458,-45.8,-1,LONG,0.877,0.5221,106.733,105.252,1.481,0.0932,LOWER_THIRD,0,1,0,1,2019-08-26T02:45:00Z,340,STOP,2019-08-25T22:25:00Z,104.474,48.7,46.41,-45.8,-43.65,0.8,-46.6,-44.41
2019-08-30_2019-09-01,USDJPY.DWX,IS,2019-08-30T20:50:00Z,2019-09-01T21:05:00Z,106.259,106.043,-0.216,-21.6,-1,LONG,0.877,0.2462,106.682,104.445,2.237,0.8109,UPPER_THIRD,1,0,1,1,2019-09-02T07:15:00Z,610,FILL,2019-09-02T07:15:00Z,106.259,12.9,12.16,21.6,20.37,0.8,20.8,19.61
2019-09-06_2019-09-08,USDJPY.DWX,IS,2019-09-06T20:50:00Z,2019-09-08T21:05:00Z,106.92,106.807,-0.113,-11.3,-1,LONG,0.742,0.1523,107.231,105.738,1.493,0.7917,UPPER_THIRD,1,0,1,1,2019-09-08T22:10:00Z,65,FILL,2019-09-08T22:10:00Z,106.92,0.2,0.19,11.3,10.58,0.8,10.5,9.83
2019-09-13_2019-09-15,USDJPY.DWX,IS,2019-09-13T20:50:00Z,2019-09-15T21:05:00Z,108.109,107.547,-0.562,-56.2,-1,LONG,0.563,0.9976,108.259,106.76,1.499,0.8999,UPPER_THIRD,1,1,0,1,2019-09-16T20:05:00Z,1380,TIMESTOP,2019-09-16T12:00:00Z,107.807,5,4.65,26,24.18,0.8,25.2,23.43
2019-09-20_2019-09-22,USDJPY.DWX,IS,2019-09-20T20:50:00Z,2019-09-22T21:05:00Z,107.548,107.708,0.16,16,1,SHORT,0.544,0.2938,108.475,107.497,0.978,0.0521,LOWER_THIRD,1,0,1,1,2019-09-23T07:30:00Z,625,FILL,2019-09-23T07:30:00Z,107.548,6.2,5.76,16,14.85,0.8,15.2,14.11
2019-09-27_2019-09-29,USDJPY.DWX,IS,2019-09-27T20:50:00Z,2019-09-29T21:05:00Z,107.945,107.969,0.024,2.4,1,SHORT,0.55,0.0436,108.181,106.96,1.221,0.8067,UPPER_THIRD,0,0,0,1,2019-09-29T22:10:00Z,65,STOP,2019-09-29T21:15:00Z,107.993,5.1,4.72,-2.4,-2.22,0.8,-3.2,-2.96
2019-10-04_2019-10-06,USDJPY.DWX,IS,2019-10-04T20:50:00Z,2019-10-06T21:05:00Z,106.915,106.684,-0.231,-23.1,-1,LONG,0.626,0.369,108.471,106.482,1.989,0.2177,LOWER_THIRD,0,1,1,1,2019-10-07T07:20:00Z,615,FILL,2019-10-07T07:20:00Z,106.915,2.9,2.72,23.1,21.65,0.8,22.3,20.9
2019-10-11_2019-10-13,USDJPY.DWX,IS,2019-10-11T20:50:00Z,2019-10-13T21:05:00Z,108.41,108.345,-0.065,-6.5,-1,LONG,0.732,0.0888,108.63,106.655,1.975,0.8886,UPPER_THIRD,1,0,1,1,2019-10-13T22:00:00Z,55,FILL,2019-10-13T22:00:00Z,108.41,2.6,2.4,6.5,6,0.8,5.7,5.26
2019-10-18_2019-10-20,USDJPY.DWX,IS,2019-10-18T20:50:00Z,2019-10-20T21:05:00Z,108.414,108.437,0.023,2.3,1,SHORT,0.67,0.0343,108.939,108.031,0.908,0.4218,MIDDLE_THIRD,0,0,1,1,2019-10-20T21:05:00Z,0,FILL,2019-10-20T21:05:00Z,108.414,0.2,0.18,2.3,2.12,0.8,1.5,1.38
2019-10-25_2019-10-27,USDJPY.DWX,IS,2019-10-25T20:50:00Z,2019-10-27T21:05:00Z,108.675,108.75,0.075,7.5,1,SHORT,0.509,0.1474,108.773,108.248,0.525,0.8133,UPPER_THIRD,0,0,1,1,2019-10-27T22:00:00Z,55,FILL,2019-10-27T22:00:00Z,108.675,0.5,0.46,7.5,6.9,0.8,6.7,6.16
2019-11-01_2019-11-03,USDJPY.DWX,IS,2019-11-01T20:50:00Z,2019-11-03T22:05:00Z,108.153,108.227,0.074,7.4,1,SHORT,0.442,0.1673,109.286,107.885,1.401,0.1913,LOWER_THIRD,1,0,0,0,,,STOP,2019-11-04T07:10:00Z,108.301,8.9,8.22,-7.4,-6.84,0.8,-8.2,-7.58
2019-11-08_2019-11-10,USDJPY.DWX,IS,2019-11-08T21:50:00Z,2019-11-10T22:05:00Z,109.24,109.215,-0.025,-2.5,-1,LONG,0.483,0.0518,109.487,108.181,1.306,0.8109,UPPER_THIRD,1,0,0,1,2019-11-10T23:10:00Z,65,STOP,2019-11-10T22:05:00Z,109.19,3,2.75,-2.5,-2.29,0.8,-3.3,-3.02
2019-11-15_2019-11-17,USDJPY.DWX,IS,2019-11-15T21:50:00Z,2019-11-17T22:05:00Z,108.79,108.8,0.01,1,1,SHORT,0.531,0.0188,109.292,108.234,1.058,0.5255,MIDDLE_THIRD,0,0,1,1,2019-11-17T22:05:00Z,0,FILL,2019-11-17T22:05:00Z,108.79,0.8,0.74,1,0.92,0.8,0.2,0.18
2019-11-22_2019-11-24,USDJPY.DWX,IS,2019-11-22T21:50:00Z,2019-11-24T22:05:00Z,108.634,108.673,0.039,3.9,1,SHORT,0.475,0.0821,109.073,108.277,0.796,0.4485,MIDDLE_THIRD,0,0,1,1,2019-11-24T22:05:00Z,0,FILL,2019-11-24T22:05:00Z,108.634,0,0,3.9,3.59,0.8,3.1,2.85
2019-11-29_2019-12-01,USDJPY.DWX,IS,2019-11-29T21:50:00Z,2019-12-01T22:05:00Z,109.452,109.523,0.071,7.1,1,SHORT,0.412,0.1724,109.668,108.612,1.056,0.7955,UPPER_THIRD,0,0,0,1,2019-12-02T15:00:00Z,1015,STOP,2019-12-02T00:05:00Z,109.594,9,8.22,-7.1,-6.48,0.8,-7.9,-7.21
2019-12-06_2019-12-08,USDJPY.DWX,IS,2019-12-06T21:50:00Z,2019-12-08T22:05:00Z,108.572,108.628,0.056,5.6,1,SHORT,0.433,0.1293,109.727,108.426,1.301,0.1122,LOWER_THIRD,1,0,1,1,2019-12-09T00:00:00Z,115,FILL,2019-12-09T00:00:00Z,108.572,3.2,2.95,5.6,5.16,0.8,4.8,4.42
2019-12-13_2019-12-15,USDJPY.DWX,IS,2019-12-13T21:50:00Z,2019-12-15T22:05:00Z,109.354,109.279,-0.075,-7.5,-1,LONG,0.477,0.1571,109.707,108.428,1.279,0.724,UPPER_THIRD,1,0,1,1,2019-12-15T22:10:00Z,5,FILL,2019-12-15T22:10:00Z,109.354,0.8,0.73,7.5,6.86,0.8,6.7,6.13
2019-12-20_2019-12-22,USDJPY.DWX,IS,2019-12-20T21:50:00Z,2019-12-22T22:05:00Z,109.454,109.392,-0.062,-6.2,-1,LONG,0.433,0.1433,109.685,109.181,0.504,0.5417,MIDDLE_THIRD,0,0,1,1,2019-12-22T22:30:00Z,25,FILL,2019-12-22T22:30:00Z,109.454,0,0,6.2,5.67,0.8,5.4,4.94
2019-12-27_2019-12-29,USDJPY.DWX,IS,2019-12-27T21:50:00Z,2019-12-29T22:05:00Z,109.463,109.414,-0.049,-4.9,-1,LONG,0.35,0.1399,109.684,109.255,0.429,0.4848,MIDDLE_THIRD,0,0,0,0,,,STOP,2019-12-30T01:20:00Z,109.365,7.2,6.58,-4.9,-4.48,0.8,-5.7,-5.21
2020-01-03_2020-01-05,USDJPY.DWX,IS,2020-01-03T21:50:00Z,2020-01-05T22:05:00Z,108.112,107.897,-0.215,-21.5,-1,LONG,0.398,0.5409,109.592,107.841,1.751,0.1548,LOWER_THIRD,0,1,1,1,2020-01-06T00:45:00Z,160,FILL,2020-01-06T00:45:00Z,108.112,12.7,11.77,21.5,19.93,0.8,20.7,19.18
2020-01-10_2020-01-12,USDJPY.DWX,IS,2020-01-10T21:50:00Z,2020-01-12T22:05:00Z,109.504,109.524,0.02,2,1,SHORT,0.515,0.0388,109.69,107.649,2.041,0.9089,UPPER_THIRD,0,0,1,1,2020-01-12T22:30:00Z,25,FILL,2020-01-12T22:30:00Z,109.504,1.8,1.64,2,1.83,0.8,1.2,1.1
2020-01-17_2020-01-19,USDJPY.DWX,IS,2020-01-17T21:50:00Z,2020-01-19T22:05:00Z,110.168,110.098,-0.07,-7,-1,LONG,0.549,0.1275,110.29,109.503,0.787,0.845,UPPER_THIRD,1,0,1,1,2020-01-19T22:20:00Z,15,FILL,2020-01-19T22:20:00Z,110.168,0,0,7,6.36,0.8,6.2,5.63
2020-01-24_2020-01-26,USDJPY.DWX,IS,2020-01-24T21:50:00Z,2020-01-26T22:05:00Z,109.287,108.965,-0.322,-32.2,-1,LONG,0.452,0.7126,110.224,109.17,1.054,0.111,LOWER_THIRD,0,1,0,0,,,TIMESTOP,2020-01-27T12:00:00Z,108.934,23.5,21.57,-3.1,-2.84,0.8,-3.9,-3.58
2020-01-31_2020-02-02,USDJPY.DWX,IS,2020-01-31T21:50:00Z,2020-02-02T22:05:00Z,108.355,108.391,0.036,3.6,1,SHORT,0.407,0.0885,109.268,108.306,0.962,0.0509,LOWER_THIRD,1,0,1,1,2020-02-02T22:10:00Z,5,FILL,2020-02-02T22:10:00Z,108.355,3.2,2.95,3.6,3.32,0.8,2.8,2.58
2020-02-07_2020-02-09,USDJPY.DWX,IS,2020-02-07T21:50:00Z,2020-02-09T22:05:00Z,109.781,109.689,-0.092,-9.2,-1,LONG,0.516,0.1782,110.02,108.313,1.707,0.86,UPPER_THIRD,1,0,0,1,2020-02-10T01:40:00Z,215,STOP,2020-02-09T23:35:00Z,109.597,12.9,11.76,-9.2,-8.39,0.8,-10,-9.12
2020-02-14_2020-02-16,USDJPY.DWX,IS,2020-02-14T21:50:00Z,2020-02-16T22:05:00Z,109.779,109.799,0.02,2,1,SHORT,0.463,0.0432,110.138,109.56,0.578,0.3789,MIDDLE_THIRD,0,0,1,1,2020-02-16T22:05:00Z,0,FILL,2020-02-16T22:05:00Z,109.779,0,0,2,1.82,0.8,1.2,1.09
2020-02-21_2020-02-23,USDJPY.DWX,IS,2020-02-21T21:50:00Z,2020-02-23T22:05:00Z,111.568,111.393,-0.175,-17.5,-1,LONG,0.576,0.3041,112.227,109.657,2.57,0.7436,UPPER_THIRD,1,1,1,1,2020-02-23T23:30:00Z,85,FILL,2020-02-23T23:30:00Z,111.568,1.6,1.44,17.5,15.71,0.8,16.7,14.99
2020-02-28_2020-03-01,USDJPY.DWX,IS,2020-02-28T21:50:00Z,2020-03-01T22:05:00Z,108.06,107.624,-0.436,-43.6,-1,LONG,0.825,0.5284,111.682,107.508,4.174,0.1322,LOWER_THIRD,0,1,1,1,2020-03-02T02:35:00Z,270,FILL,2020-03-02T02:35:00Z,108.06,26.1,24.25,43.6,40.51,0.8,42.8,39.77
2020-03-06_2020-03-08,USDJPY.DWX,IS,2020-03-06T21:50:00Z,2020-03-08T21:05:00Z,105.352,104.308,-1.044,-104.4,-1,LONG,1.2,0.87,108.578,104.992,3.586,0.1004,LOWER_THIRD,0,1,0,1,2020-03-10T19:05:00Z,2760,STOP,2020-03-09T01:45:00Z,103.264,219.5,210.43,-104.4,-100.09,0.8,-105.2,-100.86
2020-03-13_2020-03-15,USDJPY.DWX,IS,2020-03-13T20:50:00Z,2020-03-15T21:05:00Z,108.015,107.015,-1,-100,-1,LONG,2.016,0.4959,108.505,101.18,7.325,0.9331,UPPER_THIRD,1,1,0,1,2020-03-18T13:45:00Z,3880,STOP,2020-03-15T22:25:00Z,106.015,109.7,102.51,-100,-93.44,0.8,-100.8,-94.19
2020-03-20_2020-03-22,USDJPY.DWX,IS,2020-03-20T20:50:00Z,2020-03-22T21:05:00Z,110.857,110.748,-0.109,-10.9,-1,LONG,2.451,0.0445,111.505,105.145,6.36,0.8981,UPPER_THIRD,1,0,0,1,2020-03-22T22:15:00Z,70,STOP,2020-03-22T22:00:00Z,110.639,26.7,24.11,-10.9,-9.84,0.8,-11.7,-10.56
2020-03-27_2020-03-29,USDJPY.DWX,IS,2020-03-27T20:50:00Z,2020-03-29T21:05:00Z,107.978,107.689,-0.289,-28.9,-1,LONG,2.365,0.1222,111.713,107.755,3.958,0.0563,LOWER_THIRD,0,0,0,1,2020-03-30T06:50:00Z,585,STOP,2020-03-29T23:55:00Z,107.4,32.7,30.37,-28.9,-26.84,0.8,-29.7,-27.58
2020-04-03_2020-04-05,USDJPY.DWX,IS,2020-04-03T20:50:00Z,2020-04-05T21:05:00Z,108.456,108.348,-0.108,-10.8,-1,LONG,1.656,0.0652,108.728,106.919,1.809,0.8496,UPPER_THIRD,1,0,1,1,2020-04-05T22:00:00Z,55,FILL,2020-04-05T22:00:00Z,108.456,0,0,10.8,9.97,0.8,10,9.23
2020-04-10_2020-04-12,USDJPY.DWX,IS,2020-04-10T20:50:00Z,2020-04-12T21:05:00Z,108.392,108.431,0.039,3.9,1,SHORT,1.1,0.0355,109.381,108.206,1.175,0.1583,LOWER_THIRD,1,0,1,1,2020-04-12T21:05:00Z,0,FILL,2020-04-12T21:05:00Z,108.392,0,0,3.9,3.6,0.8,3.1,2.86
2020-04-17_2020-04-19,USDJPY.DWX,IS,2020-04-17T20:55:00Z,2020-04-19T21:05:00Z,107.552,107.445,-0.107,-10.7,-1,LONG,0.862,0.1241,108.518,106.926,1.592,0.3932,MIDDLE_THIRD,0,0,1,1,2020-04-19T21:50:00Z,45,FILL,2020-04-19T21:50:00Z,107.552,3.2,2.98,10.7,9.96,0.8,9.9,9.21
2020-04-24_2020-04-26,USDJPY.DWX,IS,2020-04-24T20:50:00Z,2020-04-26T21:05:00Z,107.486,107.596,0.11,11,1,SHORT,0.675,0.163,108.043,107.28,0.763,0.27,LOWER_THIRD,1,0,1,1,2020-04-26T21:15:00Z,10,FILL,2020-04-26T21:15:00Z,107.486,0.8,0.74,11,10.22,0.8,10.2,9.48
2020-05-01_2020-05-03,USDJPY.DWX,IS,2020-05-01T20:50:00Z,2020-05-03T21:05:00Z,106.912,106.819,-0.093,-9.3,-1,LONG,0.71,0.1311,107.621,106.357,1.264,0.4391,MIDDLE_THIRD,0,0,1,1,2020-05-03T22:10:00Z,65,FILL,2020-05-03T22:10:00Z,106.912,5,4.68,9.3,8.71,0.8,8.5,7.96
2020-05-08_2020-05-10,USDJPY.DWX,IS,2020-05-08T20:50:00Z,2020-05-10T21:05:00Z,106.683,106.529,-0.154,-15.4,-1,LONG,0.62,0.2483,107.068,105.986,1.082,0.6442,MIDDLE_THIRD,0,0,1,1,2020-05-10T21:40:00Z,35,FILL,2020-05-10T21:40:00Z,106.683,4.5,4.22,15.4,14.46,0.8,14.6,13.71
2020-05-15_2020-05-17,USDJPY.DWX,IS,2020-05-15T20:50:00Z,2020-05-17T21:05:00Z,107.164,107.087,-0.077,-7.7,-1,LONG,0.678,0.1135,107.769,106.484,1.285,0.5292,MIDDLE_THIRD,0,0,1,1,2020-05-17T22:00:00Z,55,FILL,2020-05-17T22:00:00Z,107.164,1.6,1.49,7.7,7.19,0.8,6.9,6.44
2020-05-22_2020-05-24,USDJPY.DWX,IS,2020-05-22T20:50:00Z,2020-05-24T21:05:00Z,107.606,107.581,-0.025,-2.5,-1,LONG,0.612,0.0408,108.086,107.067,1.019,0.5289,MIDDLE_THIRD,0,0,0,1,2020-05-24T22:00:00Z,55,STOP,2020-05-24T21:50:00Z,107.556,3.9,3.63,-2.5,-2.32,0.8,-3.3,-3.07
2020-05-29_2020-05-31,USDJPY.DWX,IS,2020-05-29T20:50:00Z,2020-05-31T21:05:00Z,107.787,107.683,-0.104,-10.4,-1,LONG,0.535,0.1944,107.946,107.077,0.869,0.817,UPPER_THIRD,1,0,1,1,2020-05-31T22:25:00Z,80,FILL,2020-05-31T22:25:00Z,107.787,0.5,0.46,10.4,9.66,0.8,9.6,8.92
2020-06-05_2020-06-07,USDJPY.DWX,IS,2020-06-05T20:50:00Z,2020-06-07T21:05:00Z,109.586,109.591,0.005,0.5,1,SHORT,0.608,0.0082,109.849,107.374,2.475,0.8937,UPPER_THIRD,0,0,1,1,2020-06-07T21:05:00Z,0,FILL,2020-06-07T21:05:00Z,109.586,0,0,0.5,0.46,0.8,-0.3,-0.27
2020-06-12_2020-06-14,USDJPY.DWX,IS,2020-06-12T20:50:00Z,2020-06-14T21:05:00Z,107.345,107.293,-0.052,-5.2,-1,LONG,0.777,0.0669,109.692,106.57,3.122,0.2482,LOWER_THIRD,0,0,1,1,2020-06-14T21:55:00Z,50,FILL,2020-06-14T21:55:00Z,107.345,2.8,2.61,5.2,4.85,0.8,4.4,4.1
2020-06-19_2020-06-21,USDJPY.DWX,IS,2020-06-19T20:50:00Z,2020-06-21T21:05:00Z,106.871,106.792,-0.079,-7.9,-1,LONG,0.742,0.1064,107.638,106.667,0.971,0.2101,LOWER_THIRD,0,0,1,1,2020-06-21T22:00:00Z,55,FILL,2020-06-21T22:00:00Z,106.871,3.5,3.28,7.9,7.4,0.8,7.1,6.65
2020-06-26_2020-06-28,USDJPY.DWX,IS,2020-06-26T20:50:00Z,2020-06-28T21:05:00Z,107.216,107.1,-0.116,-11.6,-1,LONG,0.63,0.184,107.451,106.072,1.379,0.8296,UPPER_THIRD,1,0,1,1,2020-06-28T21:25:00Z,20,FILL,2020-06-28T21:25:00Z,107.216,0,0,11.6,10.83,0.8,10.8,10.08
2020-07-03_2020-07-05,USDJPY.DWX,IS,2020-07-03T20:50:00Z,2020-07-05T21:05:00Z,107.488,107.468,-0.02,-2,-1,LONG,0.532,0.0376,108.162,107.04,1.122,0.3993,MIDDLE_THIRD,0,0,0,1,2020-07-05T21:10:00Z,5,STOP,2020-07-05T21:05:00Z,107.448,4.2,3.91,-2,-1.86,0.8,-2.8,-2.61
2020-07-10_2020-07-12,USDJPY.DWX,IS,2020-07-10T20:50:00Z,2020-07-12T21:05:00Z,106.917,106.884,-0.033,-3.3,-1,LONG,0.573,0.0576,107.789,106.638,1.151,0.2424,LOWER_THIRD,0,0,1,1,2020-07-12T21:15:00Z,10,FILL,2020-07-12T21:15:00Z,106.917,0,0,3.3,3.09,0.8,2.5,2.34
2020-07-17_2020-07-19,USDJPY.DWX,IS,2020-07-17T20:50:00Z,2020-07-19T21:05:00Z,107.02,107.036,0.016,1.6,1,SHORT,0.483,0.0331,107.43,106.666,0.764,0.4634,MIDDLE_THIRD,0,0,0,1,2020-07-19T22:00:00Z,55,STOP,2020-07-19T21:05:00Z,107.052,8.1,7.57,-1.6,-1.49,0.8,-2.4,-2.24
2020-07-24_2020-07-26,USDJPY.DWX,IS,2020-07-24T20:50:00Z,2020-07-26T21:05:00Z,106.128,106.045,-0.083,-8.3,-1,LONG,0.57,0.1457,107.536,105.679,1.857,0.2418,LOWER_THIRD,0,0,0,0,,,STOP,2020-07-26T22:10:00Z,105.962,9.8,9.24,-8.3,-7.83,0.8,-9.1,-8.58
2020-07-31_2020-08-02,USDJPY.DWX,IS,2020-07-31T20:50:00Z,2020-08-02T21:05:00Z,105.929,105.77,-0.159,-15.9,-1,LONG,0.726,0.219,106.104,104.186,1.918,0.9088,UPPER_THIRD,1,0,1,1,2020-08-03T00:10:00Z,185,FILL,2020-08-03T00:10:00Z,105.929,6.3,5.96,15.9,15.03,0.8,15.1,14.28
2020-08-07_2020-08-09,USDJPY.DWX,IS,2020-08-07T20:50:00Z,2020-08-09T21:05:00Z,105.918,105.868,-0.05,-5,-1,LONG,0.762,0.0656,106.472,105.3,1.172,0.5273,MIDDLE_THIRD,0,0,1,1,2020-08-09T21:05:00Z,0,FILL,2020-08-09T21:05:00Z,105.918,1.6,1.51,5,4.72,0.8,4.2,3.97
2020-08-14_2020-08-16,USDJPY.DWX,IS,2020-08-14T20:50:00Z,2020-08-16T21:05:00Z,106.568,106.543,-0.025,-2.5,-1,LONG,0.685,0.0365,107.05,105.707,1.343,0.6411,MIDDLE_THIRD,0,0,1,1,2020-08-16T21:05:00Z,0,FILL,2020-08-16T21:05:00Z,106.568,0,0,2.5,2.35,0.8,1.7,1.6
2020-08-21_2020-08-23,USDJPY.DWX,IS,2020-08-21T20:50:00Z,2020-08-23T21:05:00Z,105.817,105.767,-0.05,-5,-1,LONG,0.618,0.081,106.654,105.1,1.554,0.4614,MIDDLE_THIRD,0,0,1,1,2020-08-23T22:05:00Z,60,FILL,2020-08-23T22:05:00Z,105.817,2.3,2.17,5,4.73,0.8,4.2,3.97
2020-08-28_2020-08-30,USDJPY.DWX,IS,2020-08-28T20:50:00Z,2020-08-30T21:05:00Z,105.341,105.276,-0.065,-6.5,-1,LONG,0.752,0.0864,106.946,105.201,1.745,0.0802,LOWER_THIRD,0,0,1,1,2020-08-30T21:05:00Z,0,FILL,2020-08-30T21:05:00Z,105.341,0.1,0.09,6.5,6.17,0.8,5.7,5.41
2020-09-04_2020-09-06,USDJPY.DWX,IS,2020-09-04T20:50:00Z,2020-09-06T21:05:00Z,106.235,106.24,0.005,0.5,1,SHORT,0.73,0.0068,106.552,105.275,1.277,0.7518,UPPER_THIRD,0,0,0,1,2020-09-06T21:05:00Z,0,STOP,2020-09-06T21:05:00Z,106.245,2.8,2.64,-0.5,-0.47,0.8,-1.3,-1.22
2020-09-11_2020-09-13,USDJPY.DWX,IS,2020-09-11T20:50:00Z,2020-09-13T21:05:00Z,106.144,106.089,-0.055,-5.5,-1,LONG,0.627,0.0877,106.385,105.787,0.598,0.597,MIDDLE_THIRD,0,0,1,1,2020-09-13T23:30:00Z,145,FILL,2020-09-13T23:30:00Z,106.144,0.5,0.47,5.5,5.18,0.8,4.7,4.43
2020-09-18_2020-09-20,USDJPY.DWX,IS,2020-09-18T20:50:00Z,2020-09-20T21:05:00Z,104.565,104.483,-0.082,-8.2,-1,LONG,0.487,0.1683,106.165,104.271,1.894,0.1552,LOWER_THIRD,0,0,1,1,2020-09-20T21:15:00Z,10,FILL,2020-09-20T21:15:00Z,104.565,0,0,8.2,7.85,0.8,7.4,7.08
2020-09-25_2020-09-27,USDJPY.DWX,IS,2020-09-25T20:50:00Z,2020-09-27T21:05:00Z,105.552,105.49,-0.062,-6.2,-1,LONG,0.54,0.1148,105.7,104,1.7,0.9129,UPPER_THIRD,1,0,1,1,2020-09-27T21:05:00Z,0,FILL,2020-09-27T21:05:00Z,105.552,3.4,3.22,6.2,5.88,0.8,5.4,5.12
2020-10-02_2020-10-04,USDJPY.DWX,IS,2020-10-02T20:50:00Z,2020-10-04T21:05:00Z,105.329,105.279,-0.05,-5,-1,LONG,0.549,0.0911,105.804,104.943,0.861,0.4483,MIDDLE_THIRD,0,0,1,1,2020-10-04T21:05:00Z,0,FILL,2020-10-04T21:05:00Z,105.329,0.4,0.38,5,4.75,0.8,4.2,3.99
2020-10-09_2020-10-11,USDJPY.DWX,IS,2020-10-09T20:55:00Z,2020-10-11T21:05:00Z,105.625,105.74,0.115,11.5,1,SHORT,0.456,0.2525,106.109,105.27,0.839,0.4231,MIDDLE_THIRD,0,0,1,1,2020-10-11T23:10:00Z,125,FILL,2020-10-11T23:10:00Z,105.625,3.9,3.69,11.5,10.88,0.8,10.7,10.12
2020-10-16_2020-10-18,USDJPY.DWX,IS,2020-10-16T20:50:00Z,2020-10-18T21:05:00Z,105.402,105.378,-0.024,-2.4,-1,LONG,0.422,0.0569,105.779,105.036,0.743,0.4926,MIDDLE_THIRD,0,0,0,1,2020-10-18T22:00:00Z,55,STOP,2020-10-18T21:05:00Z,105.354,2.6,2.47,-2.4,-2.28,0.8,-3.2,-3.04
2020-10-23_2020-10-25,USDJPY.DWX,IS,2020-10-23T20:50:00Z,2020-10-25T21:05:00Z,104.713,104.671,-0.042,-4.2,-1,LONG,0.44,0.0955,105.746,104.34,1.406,0.2653,LOWER_THIRD,0,0,1,1,2020-10-25T22:35:00Z,90,FILL,2020-10-25T22:35:00Z,104.713,2.4,2.29,4.2,4.01,0.8,3.4,3.25
2020-10-30_2020-11-01,USDJPY.DWX,IS,2020-10-30T20:50:00Z,2020-11-01T22:05:00Z,104.668,104.559,-0.109,-10.9,-1,LONG,0.487,0.2238,105.055,104.025,1.03,0.6243,MIDDLE_THIRD,0,0,1,1,2020-11-01T23:00:00Z,55,FILL,2020-11-01T23:00:00Z,104.668,0,0,10.9,10.42,0.8,10.1,9.66
2020-11-06_2020-11-08,USDJPY.DWX,IS,2020-11-06T21:50:00Z,2020-11-08T22:05:00Z,103.367,103.323,-0.044,-4.4,-1,LONG,0.624,0.0705,105.346,103.177,2.169,0.0876,LOWER_THIRD,0,0,0,1,2020-11-09T01:05:00Z,180,STOP,2020-11-08T22:20:00Z,103.279,5,4.84,-4.4,-4.26,0.8,-5.2,-5.03
2020-11-13_2020-11-15,USDJPY.DWX,IS,2020-11-13T21:50:00Z,2020-11-15T22:05:00Z,104.615,104.712,0.097,9.7,1,SHORT,0.765,0.1268,105.677,103.188,2.489,0.5733,MIDDLE_THIRD,0,0,1,1,2020-11-15T22:05:00Z,0,FILL,2020-11-15T22:05:00Z,104.615,1.3,1.24,9.7,9.26,0.8,8.9,8.5
2020-11-20_2020-11-22,USDJPY.DWX,IS,2020-11-20T21:50:00Z,2020-11-22T22:05:00Z,103.832,103.804,-0.028,-2.8,-1,LONG,0.758,0.0369,105.136,103.652,1.484,0.1213,LOWER_THIRD,0,0,1,1,2020-11-22T22:55:00Z,50,FILL,2020-11-22T22:55:00Z,103.832,0.7,0.67,2.8,2.7,0.8,2,1.93
2020-11-27_2020-11-29,USDJPY.DWX,IS,2020-11-27T21:50:00Z,2020-11-29T22:05:00Z,104.097,104.032,-0.065,-6.5,-1,LONG,0.531,0.1225,104.76,103.683,1.077,0.3844,MIDDLE_THIRD,0,0,1,1,2020-11-29T23:25:00Z,80,FILL,2020-11-29T23:25:00Z,104.097,1.7,1.63,6.5,6.25,0.8,5.7,5.48
2020-12-04_2020-12-06,USDJPY.DWX,IS,2020-12-04T21:50:00Z,2020-12-06T22:05:00Z,104.187,104.128,-0.059,-5.9,-1,LONG,0.514,0.1148,104.751,103.672,1.079,0.4773,MIDDLE_THIRD,0,0,0,1,2020-12-06T22:35:00Z,30,STOP,2020-12-06T22:10:00Z,104.069,6.6,6.34,-5.9,-5.67,0.8,-6.7,-6.43
2020-12-11_2020-12-13,USDJPY.DWX,IS,2020-12-11T21:50:00Z,2020-12-13T22:05:00Z,104.035,103.939,-0.096,-9.6,-1,LONG,0.453,0.2119,104.578,103.823,0.755,0.2808,LOWER_THIRD,0,0,1,1,2020-12-14T00:55:00Z,170,FILL,2020-12-14T00:55:00Z,104.035,9.1,8.76,9.6,9.24,0.8,8.8,8.47
2020-12-18_2020-12-20,USDJPY.DWX,IS,2020-12-18T21:50:00Z,2020-12-20T22:05:00Z,103.313,103.507,0.194,19.4,1,SHORT,0.515,0.3769,104.151,102.874,1.277,0.3438,MIDDLE_THIRD,0,1,1,1,2020-12-20T22:15:00Z,10,FILL,2020-12-20T22:15:00Z,103.313,1.9,1.84,19.4,18.74,0.8,18.6,17.97
2020-12-24_2020-12-27,USDJPY.DWX,IS,2020-12-24T21:55:00Z,2020-12-27T22:05:00Z,103.614,103.552,-0.062,-6.2,-1,LONG,0.469,0.1321,103.891,103.049,0.842,0.671,UPPER_THIRD,1,0,0,1,2020-12-28T01:15:00Z,190,STOP,2020-12-28T00:05:00Z,103.49,6.3,6.08,-6.2,-5.99,0.8,-7,-6.76
2020-12-31_2021-01-03,USDJPY.DWX,IS,2020-12-31T21:55:00Z,2021-01-03T22:05:00Z,103.315,103.198,-0.117,-11.7,-1,LONG,0.495,0.2364,103.897,102.961,0.936,0.3782,MIDDLE_THIRD,0,0,1,1,2021-01-03T23:45:00Z,100,FILL,2021-01-03T23:45:00Z,103.315,2.2,2.13,11.7,11.34,0.8,10.9,10.56
2021-01-08_2021-01-10,USDJPY.DWX,IS,2021-01-08T21:50:00Z,2021-01-10T22:05:00Z,103.966,103.872,-0.094,-9.4,-1,LONG,0.539,0.1745,104.092,102.591,1.501,0.9161,UPPER_THIRD,1,0,1,1,2021-01-10T22:40:00Z,35,FILL,2021-01-10T22:40:00Z,103.966,0.1,0.1,9.4,9.05,0.8,8.6,8.28
2021-01-15_2021-01-17,USDJPY.DWX,IS,2021-01-15T21:50:00Z,2021-01-17T22:05:00Z,103.867,103.827,-0.04,-4,-1,LONG,0.563,0.071,104.399,103.525,0.874,0.3913,MIDDLE_THIRD,0,0,1,1,2021-01-17T23:35:00Z,90,FILL,2021-01-17T23:35:00Z,103.867,1.4,1.35,4,3.85,0.8,3.2,3.08
2021-01-22_2021-01-24,USDJPY.DWX,IS,2021-01-22T21:50:00Z,2021-01-24T22:05:00Z,103.767,103.801,0.034,3.4,1,SHORT,0.531,0.0641,104.085,103.328,0.757,0.5799,MIDDLE_THIRD,0,0,1,1,2021-01-25T00:05:00Z,120,FILL,2021-01-25T00:05:00Z,103.767,2.5,2.41,3.4,3.28,0.8,2.6,2.5
2021-01-29_2021-01-31,USDJPY.DWX,IS,2021-01-29T21:50:00Z,2021-01-31T22:05:00Z,104.723,104.774,0.051,5.1,1,SHORT,0.449,0.1137,104.939,103.554,1.385,0.844,UPPER_THIRD,0,0,1,1,2021-01-31T23:30:00Z,85,FILL,2021-01-31T23:30:00Z,104.723,4.3,4.1,5.1,4.87,0.8,4.3,4.1
2021-02-05_2021-02-07,USDJPY.DWX,IS,2021-02-05T21:50:00Z,2021-02-07T22:05:00Z,105.381,105.334,-0.047,-4.7,-1,LONG,0.425,0.1105,105.767,104.607,1.16,0.6672,UPPER_THIRD,1,0,1,1,2021-02-07T22:15:00Z,10,FILL,2021-02-07T22:15:00Z,105.381,0.1,0.09,4.7,4.46,0.8,3.9,3.7
2021-02-12_2021-02-14,USDJPY.DWX,IS,2021-02-12T21:50:00Z,2021-02-14T22:05:00Z,104.925,104.914,-0.011,-1.1,-1,LONG,0.463,0.0238,105.67,104.408,1.262,0.4097,MIDDLE_THIRD,0,0,1,1,2021-02-14T22:05:00Z,0,FILL,2021-02-14T22:05:00Z,104.925,0.2,0.19,1.1,1.05,0.8,0.3,0.29
2021-02-19_2021-02-21,USDJPY.DWX,IS,2021-02-19T21:50:00Z,2021-02-21T22:05:00Z,105.42,105.389,-0.031,-3.1,-1,LONG,0.477,0.065,106.223,104.912,1.311,0.3875,MIDDLE_THIRD,0,0,1,1,2021-02-21T22:05:00Z,0,FILL,2021-02-21T22:05:00Z,105.42,0,0,3.1,2.94,0.8,2.3,2.18
2021-02-26_2021-02-28,USDJPY.DWX,IS,2021-02-26T21:50:00Z,2021-02-28T22:05:00Z,106.551,106.543,-0.008,-0.8,-1,LONG,0.594,0.0135,106.694,104.921,1.773,0.9193,UPPER_THIRD,1,0,0,1,2021-02-28T22:05:00Z,0,STOP,2021-02-28T22:05:00Z,106.535,5.3,4.97,-0.8,-0.75,0.8,-1.6,-1.5
2021-03-05_2021-03-07,USDJPY.DWX,IS,2021-03-05T21:55:00Z,2021-03-07T22:05:00Z,108.394,108.354,-0.04,-4,-1,LONG,0.645,0.062,108.646,106.364,2.282,0.8896,UPPER_THIRD,1,0,0,1,2021-03-07T22:10:00Z,5,STOP,2021-03-07T22:10:00Z,108.314,4.4,4.06,-4,-3.69,0.8,-4.8,-4.43
2021-03-12_2021-03-14,USDJPY.DWX,IS,2021-03-12T21:55:00Z,2021-03-14T21:05:00Z,109.026,109.016,-0.01,-1,-1,LONG,0.654,0.0153,109.235,108.3,0.935,0.7765,UPPER_THIRD,1,0,0,1,2021-03-14T21:05:00Z,0,STOP,2021-03-14T21:05:00Z,109.006,2.8,2.57,-1,-0.92,0.8,-1.8,-1.65
2021-03-19_2021-03-21,USDJPY.DWX,IS,2021-03-19T20:55:00Z,2021-03-21T21:05:00Z,108.882,108.611,-0.271,-27.1,-1,LONG,0.609,0.4447,109.364,108.607,0.757,0.3633,MIDDLE_THIRD,0,1,1,1,2021-03-21T22:15:00Z,70,FILL,2021-03-21T22:15:00Z,108.882,2.8,2.58,27.1,24.95,0.8,26.3,24.21
2021-03-26_2021-03-28,USDJPY.DWX,IS,2021-03-26T20:55:00Z,2021-03-28T21:05:00Z,109.679,109.707,0.028,2.8,1,SHORT,0.562,0.0498,109.847,108.405,1.442,0.8835,UPPER_THIRD,0,0,1,1,2021-03-28T21:40:00Z,35,FILL,2021-03-28T21:40:00Z,109.679,2.3,2.1,2.8,2.55,0.8,2,1.82
2021-04-02_2021-04-04,USDJPY.DWX,IS,2021-04-02T20:50:00Z,2021-04-04T21:05:00Z,110.603,110.623,0.02,2,1,SHORT,0.53,0.0377,110.965,109.372,1.593,0.7728,UPPER_THIRD,0,0,0,1,2021-04-05T00:50:00Z,225,STOP,2021-04-04T21:05:00Z,110.643,2.8,2.53,-2,-1.81,0.8,-2.8,-2.53
2021-04-09_2021-04-11,USDJPY.DWX,IS,2021-04-09T20:50:00Z,2021-04-11T21:05:00Z,109.657,109.638,-0.019,-1.9,-1,LONG,0.604,0.0315,110.749,108.998,1.751,0.3764,MIDDLE_THIRD,0,0,1,1,2021-04-11T21:05:00Z,0,FILL,2021-04-11T21:05:00Z,109.657,0,0,1.9,1.73,0.8,1.1,1
2021-04-16_2021-04-18,USDJPY.DWX,IS,2021-04-16T20:55:00Z,2021-04-18T21:05:00Z,108.792,108.746,-0.046,-4.6,-1,LONG,0.577,0.0797,109.769,108.61,1.159,0.157,LOWER_THIRD,0,0,1,1,2021-04-18T21:15:00Z,10,FILL,2021-04-18T21:15:00Z,108.792,1.5,1.38,4.6,4.23,0.8,3.8,3.49
2021-04-23_2021-04-25,USDJPY.DWX,IS,2021-04-23T20:55:00Z,2021-04-25T21:05:00Z,107.874,107.93,0.056,5.6,1,SHORT,0.581,0.0964,108.833,107.476,1.357,0.2933,LOWER_THIRD,1,0,1,1,2021-04-25T22:30:00Z,85,FILL,2021-04-25T22:30:00Z,107.874,3.8,3.52,5.6,5.19,0.8,4.8,4.45
2021-04-30_2021-05-02,USDJPY.DWX,IS,2021-04-30T20:55:00Z,2021-05-02T21:05:00Z,109.333,109.266,-0.067,-6.7,-1,LONG,0.563,0.1191,109.342,107.642,1.7,0.9947,UPPER_THIRD,1,0,1,1,2021-05-02T22:00:00Z,55,FILL,2021-05-02T22:00:00Z,109.333,0,0,6.7,6.13,0.8,5.9,5.4
2021-05-07_2021-05-09,USDJPY.DWX,IS,2021-05-07T20:55:00Z,2021-05-09T21:05:00Z,108.6,108.548,-0.052,-5.2,-1,LONG,0.589,0.0882,109.696,108.336,1.36,0.1941,LOWER_THIRD,0,0,1,1,2021-05-09T21:05:00Z,0,FILL,2021-05-09T21:05:00Z,108.6,0,0,5.2,4.79,0.8,4.4,4.05
2021-05-14_2021-05-16,USDJPY.DWX,IS,2021-05-14T20:55:00Z,2021-05-16T21:05:00Z,109.363,109.285,-0.078,-7.8,-1,LONG,0.633,0.1233,109.786,108.347,1.439,0.706,UPPER_THIRD,1,0,0,1,2021-05-16T22:20:00Z,75,STOP,2021-05-16T21:30:00Z,109.207,9.3,8.51,-7.8,-7.14,0.8,-8.6,-7.87
2021-05-21_2021-05-23,USDJPY.DWX,IS,2021-05-21T20:55:00Z,2021-05-23T21:05:00Z,108.944,108.905,-0.039,-3.9,-1,LONG,0.573,0.0681,109.502,108.57,0.932,0.4013,MIDDLE_THIRD,0,0,1,1,2021-05-23T22:05:00Z,60,FILL,2021-05-23T22:05:00Z,108.944,1.6,1.47,3.9,3.58,0.8,3.1,2.85
2021-05-28_2021-05-30,USDJPY.DWX,IS,2021-05-28T20:55:00Z,2021-05-30T21:05:00Z,109.87,109.782,-0.088,-8.8,-1,LONG,0.561,0.1569,110.199,108.558,1.641,0.7995,UPPER_THIRD,1,0,1,1,2021-05-30T21:05:00Z,0,FILL,2021-05-30T21:05:00Z,109.87,0,0,8.8,8.02,0.8,8,7.29
2021-06-04_2021-06-06,USDJPY.DWX,IS,2021-06-04T20:50:00Z,2021-06-06T21:05:00Z,109.524,109.486,-0.038,-3.8,-1,LONG,0.571,0.0665,110.328,109.329,0.999,0.1952,LOWER_THIRD,0,0,1,1,2021-06-06T21:05:00Z,0,FILL,2021-06-06T21:05:00Z,109.524,0,0,3.8,3.47,0.8,3,2.74
2021-06-11_2021-06-13,USDJPY.DWX,IS,2021-06-11T20:50:00Z,2021-06-13T21:05:00Z,109.681,109.631,-0.05,-5,-1,LONG,0.556,0.0899,109.841,109.189,0.652,0.7546,UPPER_THIRD,1,0,1,1,2021-06-13T22:00:00Z,55,FILL,2021-06-13T22:00:00Z,109.681,1.3,1.19,5,4.56,0.8,4.2,3.83
2021-06-18_2021-06-20,USDJPY.DWX,IS,2021-06-18T20:55:00Z,2021-06-20T21:05:00Z,110.208,110.194,-0.014,-1.4,-1,LONG,0.548,0.0255,110.823,109.61,1.213,0.493,MIDDLE_THIRD,0,0,0,1,2021-06-20T21:05:00Z,0,STOP,2021-06-20T21:05:00Z,110.18,1.6,1.45,-1.4,-1.27,0.8,-2.2,-2
2021-06-25_2021-06-27,USDJPY.DWX,IS,2021-06-25T20:55:00Z,2021-06-27T21:05:00Z,110.777,110.762,-0.015,-1.5,-1,LONG,0.518,0.029,111.114,109.714,1.4,0.7593,UPPER_THIRD,1,0,1,1,2021-06-27T21:05:00Z,0,FILL,2021-06-27T21:05:00Z,110.777,0,0,1.5,1.35,0.8,0.7,0.63
2021-07-02_2021-07-04,USDJPY.DWX,IS,2021-07-02T20:50:00Z,2021-07-04T21:05:00Z,111.021,110.947,-0.074,-7.4,-1,LONG,0.556,0.1331,111.658,110.418,1.24,0.4863,MIDDLE_THIRD,0,0,1,1,2021-07-04T21:55:00Z,50,FILL,2021-07-04T21:55:00Z,111.021,0,0,7.4,6.67,0.8,6.6,5.95
2021-07-09_2021-07-11,USDJPY.DWX,IS,2021-07-09T20:55:00Z,2021-07-11T21:05:00Z,110.098,110.097,-0.001,-0.1,-1,LONG,0.557,0.0018,111.19,109.531,1.659,0.3418,MIDDLE_THIRD,0,0,0,1,2021-07-11T21:05:00Z,0,STOP,2021-07-11T21:05:00Z,110.096,1.9,1.73,-0.1,-0.09,0.8,-0.9,-0.82
2021-07-16_2021-07-18,USDJPY.DWX,IS,2021-07-16T20:55:00Z,2021-07-18T21:05:00Z,110.081,110.021,-0.06,-6,-1,LONG,0.567,0.1059,110.698,109.713,0.985,0.3736,MIDDLE_THIRD,0,0,1,1,2021-07-18T22:10:00Z,65,FILL,2021-07-18T22:10:00Z,110.081,1,0.91,6,5.45,0.8,5.2,4.73
2021-07-23_2021-07-25,USDJPY.DWX,IS,2021-07-23T20:50:00Z,2021-07-25T21:05:00Z,110.546,110.483,-0.063,-6.3,-1,LONG,0.592,0.1064,110.592,109.064,1.528,0.9699,UPPER_THIRD,1,0,1,1,2021-07-25T21:55:00Z,50,FILL,2021-07-25T21:55:00Z,110.546,0.7,0.63,6.3,5.7,0.8,5.5,4.98
2021-07-30_2021-08-01,USDJPY.DWX,IS,2021-07-30T20:50:00Z,2021-08-01T21:05:00Z,109.659,109.638,-0.021,-2.1,-1,LONG,0.582,0.0361,110.584,109.36,1.224,0.2443,LOWER_THIRD,0,0,1,1,2021-08-01T21:05:00Z,0,FILL,2021-08-01T21:05:00Z,109.659,0.1,0.09,2.1,1.92,0.8,1.3,1.19
2021-08-06_2021-08-08,USDJPY.DWX,IS,2021-08-06T20:55:00Z,2021-08-08T21:05:00Z,110.22,110.197,-0.023,-2.3,-1,LONG,0.569,0.0404,110.356,108.721,1.635,0.9168,UPPER_THIRD,1,0,1,1,2021-08-08T21:05:00Z,0,FILL,2021-08-08T21:05:00Z,110.22,0.1,0.09,2.3,2.09,0.8,1.5,1.36
2021-08-13_2021-08-15,USDJPY.DWX,IS,2021-08-13T20:55:00Z,2021-08-15T21:05:00Z,109.594,109.568,-0.026,-2.6,-1,LONG,0.551,0.0472,110.801,109.545,1.256,0.039,LOWER_THIRD,0,0,1,1,2021-08-15T21:05:00Z,0,FILL,2021-08-15T21:05:00Z,109.594,0.4,0.37,2.6,2.37,0.8,1.8,1.64
2021-08-20_2021-08-22,USDJPY.DWX,IS,2021-08-20T20:55:00Z,2021-08-22T21:05:00Z,109.787,109.712,-0.075,-7.5,-1,LONG,0.541,0.1386,110.227,109.113,1.114,0.605,MIDDLE_THIRD,0,0,1,1,2021-08-22T21:25:00Z,20,FILL,2021-08-22T21:25:00Z,109.787,4.5,4.1,7.5,6.84,0.8,6.7,6.11
2021-08-27_2021-08-29,USDJPY.DWX,IS,2021-08-27T20:55:00Z,2021-08-29T21:05:00Z,109.852,109.84,-0.012,-1.2,-1,LONG,0.505,0.0237,110.268,109.412,0.856,0.514,MIDDLE_THIRD,0,0,0,1,2021-08-29T21:10:00Z,5,STOP,2021-08-29T21:10:00Z,109.828,1.7,1.55,-1.2,-1.09,0.8,-2,-1.82
2021-09-03_2021-09-05,USDJPY.DWX,IS,2021-09-03T20:55:00Z,2021-09-05T21:05:00Z,109.704,109.68,-0.024,-2.4,-1,LONG,0.461,0.052,110.418,109.586,0.832,0.1418,LOWER_THIRD,0,0,1,1,2021-09-05T21:05:00Z,0,FILL,2021-09-05T21:05:00Z,109.704,1.1,1,2.4,2.19,0.8,1.6,1.46
2021-09-10_2021-09-12,USDJPY.DWX,IS,2021-09-10T20:55:00Z,2021-09-12T21:05:00Z,109.906,109.885,-0.021,-2.1,-1,LONG,0.427,0.0492,110.447,109.621,0.826,0.345,MIDDLE_THIRD,0,0,0,1,2021-09-12T22:10:00Z,65,STOP,2021-09-12T21:05:00Z,109.864,3.4,3.09,-2.1,-1.91,0.8,-2.9,-2.64
2021-09-17_2021-09-19,USDJPY.DWX,IS,2021-09-17T20:50:00Z,2021-09-19T21:05:00Z,109.973,109.893,-0.08,-8,-1,LONG,0.468,0.1711,110.161,109.111,1.05,0.821,UPPER_THIRD,1,0,1,1,2021-09-19T22:05:00Z,60,FILL,2021-09-19T22:05:00Z,109.973,2.3,2.09,8,7.28,0.8,7.2,6.55
2021-09-24_2021-09-26,USDJPY.DWX,IS,2021-09-24T20:55:00Z,2021-09-26T21:05:00Z,110.737,110.708,-0.029,-2.9,-1,LONG,0.55,0.0527,110.792,109.118,1.674,0.9671,UPPER_THIRD,1,0,0,1,2021-09-26T22:00:00Z,55,STOP,2021-09-26T21:05:00Z,110.679,4.1,3.7,-2.9,-2.62,0.8,-3.7,-3.34
2021-10-01_2021-10-03,USDJPY.DWX,IS,2021-10-01T20:55:00Z,2021-10-03T21:05:00Z,111.066,110.943,-0.123,-12.3,-1,LONG,0.641,0.1919,112.079,110.534,1.545,0.3443,MIDDLE_THIRD,0,0,1,1,2021-10-04T02:35:00Z,330,FILL,2021-10-04T02:35:00Z,111.066,6,5.41,12.3,11.09,0.8,11.5,10.37
2021-10-08_2021-10-10,USDJPY.DWX,IS,2021-10-08T20:50:00Z,2021-10-10T21:05:00Z,112.229,112.163,-0.066,-6.6,-1,LONG,0.635,0.1039,112.254,110.819,1.435,0.9826,UPPER_THIRD,1,0,1,1,2021-10-10T21:30:00Z,25,FILL,2021-10-10T21:30:00Z,112.229,1.5,1.34,6.6,5.88,0.8,5.8,5.17
2021-10-15_2021-10-17,USDJPY.DWX,IS,2021-10-15T20:50:00Z,2021-10-17T21:05:00Z,114.251,114.171,-0.08,-8,-1,LONG,0.705,0.1136,114.465,112.148,2.317,0.9076,UPPER_THIRD,1,0,1,1,2021-10-17T21:55:00Z,50,FILL,2021-10-17T21:55:00Z,114.251,3.9,3.42,8,7.01,0.8,7.2,6.31
2021-10-22_2021-10-24,USDJPY.DWX,IS,2021-10-22T20:50:00Z,2021-10-24T21:05:00Z,113.49,113.549,0.059,5.9,1,SHORT,0.682,0.0865,114.698,113.412,1.286,0.0607,LOWER_THIRD,1,0,1,1,2021-10-24T22:00:00Z,55,FILL,2021-10-24T22:00:00Z,113.49,0.7,0.62,5.9,5.2,0.8,5.1,4.49
2021-10-29_2021-10-31,USDJPY.DWX,IS,2021-10-29T20:50:00Z,2021-10-31T21:05:00Z,113.961,114.046,0.085,8.5,1,SHORT,0.649,0.1309,114.311,113.256,1.055,0.6682,UPPER_THIRD,0,0,0,1,2021-11-01T18:15:00Z,1270,STOP,2021-10-31T22:05:00Z,114.131,9.3,8.15,-8.5,-7.45,0.8,-9.3,-8.15
2021-11-05_2021-11-07,USDJPY.DWX,IS,2021-11-05T20:55:00Z,2021-11-07T22:05:00Z,113.395,113.364,-0.031,-3.1,-1,LONG,0.652,0.0475,114.443,113.298,1.145,0.0847,LOWER_THIRD,0,0,1,1,2021-11-07T22:05:00Z,0,FILL,2021-11-07T22:05:00Z,113.395,0.9,0.79,3.1,2.73,0.8,2.3,2.03
2021-11-12_2021-11-14,USDJPY.DWX,IS,2021-11-12T21:50:00Z,2021-11-14T22:05:00Z,113.92,113.948,0.028,2.8,1,SHORT,0.66,0.0424,114.301,112.724,1.577,0.7584,UPPER_THIRD,0,0,0,1,2021-11-15T00:40:00Z,155,STOP,2021-11-14T23:00:00Z,113.976,4.3,3.77,-2.8,-2.46,0.8,-3.6,-3.16
2021-11-19_2021-11-21,USDJPY.DWX,IS,2021-11-19T21:55:00Z,2021-11-21T22:05:00Z,114.019,113.929,-0.09,-9,-1,LONG,0.698,0.129,114.968,113.584,1.384,0.3143,LOWER_THIRD,0,0,1,1,2021-11-21T22:15:00Z,10,FILL,2021-11-21T22:15:00Z,114.019,0.4,0.35,9,7.9,0.8,8.2,7.2
2021-11-26_2021-11-28,USDJPY.DWX,IS,2021-11-26T21:50:00Z,2021-11-28T22:05:00Z,113.279,113.524,0.245,24.5,1,SHORT,0.821,0.2983,115.522,113.049,2.473,0.093,LOWER_THIRD,1,0,0,1,2021-11-29T05:40:00Z,455,STOP,2021-11-28T23:15:00Z,113.769,29.9,26.34,-24.5,-21.58,0.8,-25.3,-22.29
2021-12-03_2021-12-05,USDJPY.DWX,IS,2021-12-03T21:50:00Z,2021-12-05T22:05:00Z,112.828,112.866,0.038,3.8,1,SHORT,0.95,0.04,113.956,112.529,1.427,0.2095,LOWER_THIRD,1,0,0,0,,,STOP,2021-12-05T22:10:00Z,112.904,5.7,5.05,-3.8,-3.37,0.8,-4.6,-4.08
2021-12-10_2021-12-12,USDJPY.DWX,IS,2021-12-10T21:55:00Z,2021-12-12T22:05:00Z,113.385,113.341,-0.044,-4.4,-1,LONG,0.842,0.0523,113.955,112.848,1.107,0.4851,MIDDLE_THIRD,0,0,1,1,2021-12-12T22:05:00Z,0,FILL,2021-12-12T22:05:00Z,113.385,1,0.88,4.4,3.88,0.8,3.6,3.18
2021-12-17_2021-12-19,USDJPY.DWX,IS,2021-12-17T21:50:00Z,2021-12-19T22:05:00Z,113.704,113.582,-0.122,-12.2,-1,LONG,0.689,0.177,114.274,113.138,1.136,0.4982,MIDDLE_THIRD,0,0,1,1,2021-12-19T22:10:00Z,5,FILL,2021-12-19T22:10:00Z,113.704,0.3,0.26,12.2,10.74,0.8,11.4,10.04
2021-12-24_2021-12-26,USDJPY.DWX,IS,2021-12-24T21:50:00Z,2021-12-26T22:05:00Z,114.32,114.323,0.003,0.3,1,SHORT,0.501,0.006,114.513,113.325,1.188,0.8375,UPPER_THIRD,0,0,0,1,2021-12-26T23:25:00Z,80,STOP,2021-12-26T22:05:00Z,114.326,3.9,3.41,-0.3,-0.26,0.8,-1.1,-0.96
2021-12-31_2022-01-02,USDJPY.DWX,IS,2021-12-31T21:55:00Z,2022-01-02T22:05:00Z,115.096,115.013,-0.083,-8.3,-1,LONG,0.442,0.1879,115.21,114.309,0.901,0.8735,UPPER_THIRD,1,0,1,1,2022-01-02T22:15:00Z,10,FILL,2022-01-02T22:15:00Z,115.096,0.1,0.09,8.3,7.22,0.8,7.5,6.52
2022-01-07_2022-01-09,USDJPY.DWX,IS,2022-01-07T21:55:00Z,2022-01-09T22:05:00Z,115.558,115.571,0.013,1.3,1,SHORT,0.469,0.0277,116.351,114.946,1.405,0.4356,MIDDLE_THIRD,0,0,0,1,2022-01-09T22:15:00Z,10,STOP,2022-01-09T22:05:00Z,115.584,6.1,5.28,-1.3,-1.12,0.8,-2.1,-1.82
2022-01-14_2022-01-16,USDJPY.DWX,IS,2022-01-14T21:55:00Z,2022-01-16T22:05:00Z,114.201,114.135,-0.066,-6.6,-1,LONG,0.587,0.1124,115.85,113.48,2.37,0.3042,LOWER_THIRD,0,0,1,1,2022-01-16T22:35:00Z,30,FILL,2022-01-16T22:35:00Z,114.201,0,0,6.6,5.78,0.8,5.8,5.08
2022-01-21_2022-01-23,USDJPY.DWX,IS,2022-01-21T21:55:00Z,2022-01-23T22:05:00Z,113.696,113.659,-0.037,-3.7,-1,LONG,0.682,0.0542,115.058,113.602,1.456,0.0646,LOWER_THIRD,0,0,1,1,2022-01-23T22:20:00Z,15,FILL,2022-01-23T22:20:00Z,113.696,0.7,0.62,3.7,3.26,0.8,2.9,2.55
2022-01-28_2022-01-30,USDJPY.DWX,IS,2022-01-28T21:55:00Z,2022-01-30T22:05:00Z,115.232,115.278,0.046,4.6,1,SHORT,0.679,0.0678,115.686,113.466,2.22,0.7955,UPPER_THIRD,0,0,0,1,2022-01-31T00:00:00Z,115,STOP,2022-01-30T22:30:00Z,115.324,6.7,5.81,-4.6,-3.99,0.8,-5.4,-4.68
2022-02-04_2022-02-06,USDJPY.DWX,IS,2022-02-04T21:55:00Z,2022-02-06T22:05:00Z,115.196,115.273,0.077,7.7,1,SHORT,0.651,0.1183,115.592,114.15,1.442,0.7254,UPPER_THIRD,0,0,1,1,2022-02-07T00:05:00Z,120,FILL,2022-02-07T00:05:00Z,115.196,4.8,4.16,7.7,6.68,0.8,6.9,5.99
2022-02-11_2022-02-13,USDJPY.DWX,IS,2022-02-11T21:50:00Z,2022-02-13T22:05:00Z,115.431,115.365,-0.066,-6.6,-1,LONG,0.691,0.0955,116.341,114.913,1.428,0.3627,MIDDLE_THIRD,0,0,1,1,2022-02-13T22:15:00Z,10,FILL,2022-02-13T22:15:00Z,115.431,1.4,1.21,6.6,5.72,0.8,5.8,5.03
2022-02-18_2022-02-20,USDJPY.DWX,IS,2022-02-18T21:55:00Z,2022-02-20T22:05:00Z,115.043,115.03,-0.013,-1.3,-1,LONG,0.644,0.0202,115.874,114.788,1.086,0.2348,LOWER_THIRD,0,0,0,1,2022-02-20T22:05:00Z,0,STOP,2022-02-20T22:05:00Z,115.017,3.1,2.69,-1.3,-1.13,0.8,-2.1,-1.83
2022-02-25_2022-02-27,USDJPY.DWX,IS,2022-02-25T21:50:00Z,2022-02-27T22:05:00Z,115.531,115.481,-0.05,-5,-1,LONG,0.663,0.0754,115.76,114.405,1.355,0.831,UPPER_THIRD,1,0,1,1,2022-02-27T22:05:00Z,0,FILL,2022-02-27T22:05:00Z,115.531,0.8,0.69,5,4.33,0.8,4.2,3.64
2022-03-04_2022-03-06,USDJPY.DWX,IS,2022-03-04T21:50:00Z,2022-03-06T22:05:00Z,114.854,114.908,0.054,5.4,1,SHORT,0.666,0.0811,115.805,114.649,1.156,0.1773,LOWER_THIRD,1,0,1,1,2022-03-06T22:05:00Z,0,FILL,2022-03-06T22:05:00Z,114.854,3.8,3.31,5.4,4.7,0.8,4.6,4
2022-03-11_2022-03-13,USDJPY.DWX,IS,2022-03-11T21:50:00Z,2022-03-13T21:05:00Z,117.296,117.346,0.05,5,1,SHORT,0.706,0.0708,117.356,114.819,2.537,0.9764,UPPER_THIRD,0,0,0,0,,,STOP,2022-03-13T22:20:00Z,117.396,5,4.26,-5,-4.26,0.8,-5.8,-4.94
2022-03-18_2022-03-20,USDJPY.DWX,IS,2022-03-18T20:55:00Z,2022-03-20T21:05:00Z,119.141,119.085,-0.056,-5.6,-1,LONG,0.733,0.0764,119.4,117.309,2.091,0.8761,UPPER_THIRD,1,0,1,1,2022-03-20T21:05:00Z,0,FILL,2022-03-20T21:05:00Z,119.141,0.5,0.42,5.6,4.7,0.8,4.8,4.03
2022-03-25_2022-03-27,USDJPY.DWX,IS,2022-03-25T20:55:00Z,2022-03-27T21:05:00Z,122.085,122.058,-0.027,-2.7,-1,LONG,0.886,0.0305,122.438,119.02,3.418,0.8967,UPPER_THIRD,1,0,0,1,2022-03-27T22:00:00Z,55,STOP,2022-03-27T21:05:00Z,122.031,2.7,2.21,-2.7,-2.21,0.8,-3.5,-2.87
2022-04-01_2022-04-03,USDJPY.DWX,IS,2022-04-01T20:55:00Z,2022-04-03T21:05:00Z,122.56,122.567,0.007,0.7,1,SHORT,1.343,0.0052,125.102,121.28,3.822,0.3349,MIDDLE_THIRD,0,0,0,1,2022-04-03T21:55:00Z,50,STOP,2022-04-03T21:05:00Z,122.574,5.6,4.57,-0.7,-0.57,0.8,-1.5,-1.22
2022-04-08_2022-04-10,USDJPY.DWX,IS,2022-04-08T20:55:00Z,2022-04-10T21:05:00Z,124.276,124.05,-0.226,-22.6,-1,LONG,1.37,0.165,124.676,122.263,2.413,0.8342,UPPER_THIRD,1,0,1,1,2022-04-10T22:00:00Z,55,FILL,2022-04-10T22:00:00Z,124.276,0,0,22.6,18.22,0.8,21.8,17.57
2022-04-15_2022-04-17,USDJPY.DWX,IS,2022-04-15T20:50:00Z,2022-04-17T21:05:00Z,126.348,126.357,0.009,0.9,1,SHORT,1.171,0.0077,126.677,124.05,2.627,0.8748,UPPER_THIRD,0,0,0,1,2022-04-17T22:00:00Z,55,STOP,2022-04-17T21:05:00Z,126.366,5.1,4.04,-0.9,-0.71,0.8,-1.7,-1.35
2022-04-22_2022-04-24,USDJPY.DWX,IS,2022-04-22T20:50:00Z,2022-04-24T21:05:00Z,128.53,128.529,-0.001,-0.1,-1,LONG,1.136,0.0009,129.406,126.233,3.173,0.7239,UPPER_THIRD,1,0,0,1,2022-04-24T21:10:00Z,5,STOP,2022-04-24T21:05:00Z,128.528,5.2,4.05,-0.1,-0.08,0.8,-0.9,-0.7
2022-04-29_2022-05-01,USDJPY.DWX,IS,2022-04-29T20:50:00Z,2022-05-01T21:05:00Z,129.865,129.735,-0.13,-13,-1,LONG,1.392,0.0934,131.253,126.941,4.312,0.6781,UPPER_THIRD,1,0,1,1,2022-05-01T21:45:00Z,40,FILL,2022-05-01T21:45:00Z,129.865,0,0,13,10.02,0.8,12.2,9.4
2022-05-06_2022-05-08,USDJPY.DWX,IS,2022-05-06T20:55:00Z,2022-05-08T21:05:00Z,130.553,130.515,-0.038,-3.8,-1,LONG,1.48,0.0257,130.807,128.623,2.184,0.8837,UPPER_THIRD,1,0,1,1,2022-05-08T21:45:00Z,40,FILL,2022-05-08T21:45:00Z,130.553,0.4,0.31,3.8,2.91,0.8,3,2.3
2022-05-13_2022-05-15,USDJPY.DWX,IS,2022-05-13T20:55:00Z,2022-05-15T21:05:00Z,129.258,129.252,-0.006,-0.6,-1,LONG,1.448,0.0041,131.347,127.513,3.834,0.4551,MIDDLE_THIRD,0,0,0,1,2022-05-15T21:20:00Z,15,STOP,2022-05-15T21:05:00Z,129.246,3.9,3.02,-0.6,-0.46,0.8,-1.4,-1.08
2022-05-20_2022-05-22,USDJPY.DWX,IS,2022-05-20T20:50:00Z,2022-05-22T21:05:00Z,127.929,127.891,-0.038,-3.8,-1,LONG,1.294,0.0294,129.781,127.022,2.759,0.3287,LOWER_THIRD,0,0,0,1,2022-05-22T22:00:00Z,55,STOP,2022-05-22T21:10:00Z,127.853,12.8,10.01,-3.8,-2.97,0.8,-4.6,-3.6
2022-05-27_2022-05-29,USDJPY.DWX,IS,2022-05-27T20:50:00Z,2022-05-29T21:05:00Z,127.118,127.005,-0.113,-11.3,-1,LONG,1.221,0.0926,128.085,126.361,1.724,0.4391,MIDDLE_THIRD,0,0,1,1,2022-05-29T21:55:00Z,50,FILL,2022-05-29T21:55:00Z,127.118,0.8,0.63,11.3,8.9,0.8,10.5,8.27
2022-06-03_2022-06-05,USDJPY.DWX,IS,2022-06-03T20:50:00Z,2022-06-05T21:05:00Z,130.816,130.866,0.05,5,1,SHORT,1.155,0.0433,130.98,126.857,4.123,0.9602,UPPER_THIRD,0,0,1,1,2022-06-05T21:10:00Z,5,FILL,2022-06-05T21:10:00Z,130.816,0,0,5,3.82,0.8,4.2,3.21
2022-06-10_2022-06-12,USDJPY.DWX,IS,2022-06-10T20:50:00Z,2022-06-12T21:05:00Z,134.363,134.331,-0.032,-3.2,-1,LONG,1.231,0.026,134.556,130.431,4.125,0.9532,UPPER_THIRD,1,0,1,1,2022-06-12T21:40:00Z,35,FILL,2022-06-12T21:40:00Z,134.363,0,0,3.2,2.38,0.8,2.4,1.79
2022-06-17_2022-06-19,USDJPY.DWX,IS,2022-06-17T20:50:00Z,2022-06-19T21:05:00Z,134.948,134.937,-0.011,-1.1,-1,LONG,1.703,0.0065,135.586,131.489,4.097,0.8443,UPPER_THIRD,1,0,1,1,2022-06-19T21:05:00Z,0,FILL,2022-06-19T21:05:00Z,134.948,0.4,0.3,1.1,0.82,0.8,0.3,0.22
2022-06-24_2022-06-26,USDJPY.DWX,IS,2022-06-24T20:55:00Z,2022-06-26T21:05:00Z,135.187,135.037,-0.15,-15,-1,LONG,1.719,0.0873,136.711,134.262,2.449,0.3777,MIDDLE_THIRD,0,0,1,1,2022-06-26T23:05:00Z,120,FILL,2022-06-26T23:05:00Z,135.187,9.2,6.81,15,11.11,0.8,14.2,10.52
2022-07-01_2022-07-03,USDJPY.DWX,IS,2022-07-01T20:50:00Z,2022-07-03T21:05:00Z,135.26,135.258,-0.002,-0.2,-1,LONG,1.637,0.0012,137.003,134.523,2.48,0.2972,LOWER_THIRD,0,0,0,1,2022-07-03T21:05:00Z,0,STOP,2022-07-03T21:05:00Z,135.256,2.4,1.77,-0.2,-0.15,0.8,-1,-0.74
2022-07-08_2022-07-10,USDJPY.DWX,IS,2022-07-08T20:55:00Z,2022-07-10T21:05:00Z,136.105,136.052,-0.053,-5.3,-1,LONG,1.193,0.0444,136.564,134.781,1.783,0.7426,UPPER_THIRD,1,0,1,1,2022-07-10T21:10:00Z,5,FILL,2022-07-10T21:10:00Z,136.105,0,0,5.3,3.9,0.8,4.5,3.31
2022-07-15_2022-07-17,USDJPY.DWX,IS,2022-07-15T20:50:00Z,2022-07-17T21:05:00Z,138.533,138.499,-0.034,-3.4,-1,LONG,1.198,0.0284,139.387,135.931,3.456,0.7529,UPPER_THIRD,1,0,0,1,2022-07-17T22:00:00Z,55,STOP,2022-07-17T21:05:00Z,138.465,3.7,2.67,-3.4,-2.45,0.8,-4.2,-3.03
2022-07-22_2022-07-24,USDJPY.DWX,IS,2022-07-22T20:50:00Z,2022-07-24T21:05:00Z,136.074,136.099,0.025,2.5,1,SHORT,1.207,0.0207,138.875,135.566,3.309,0.1535,LOWER_THIRD,1,0,0,1,2022-07-24T21:05:00Z,0,STOP,2022-07-24T21:05:00Z,136.124,3.8,2.79,-2.5,-1.84,0.8,-3.3,-2.42
2022-07-29_2022-07-31,USDJPY.DWX,IS,2022-07-29T20:50:00Z,2022-07-31T21:05:00Z,133.222,133.221,-0.001,-0.1,-1,LONG,1.326,0.0008,137.46,132.504,4.956,0.1449,LOWER_THIRD,0,0,1,1,2022-07-31T21:05:00Z,0,FILL,2022-07-31T21:05:00Z,133.222,0,0,0.1,0.08,0.8,-0.7,-0.53
2022-08-05_2022-08-07,USDJPY.DWX,IS,2022-08-05T20:50:00Z,2022-08-07T21:05:00Z,134.985,134.989,0.004,0.4,1,SHORT,1.744,0.0023,135.501,130.388,5.113,0.8991,UPPER_THIRD,0,0,0,1,2022-08-07T21:10:00Z,5,STOP,2022-08-07T21:05:00Z,134.993,2.6,1.93,-0.4,-0.3,0.8,-1.2,-0.89
2022-08-12_2022-08-14,USDJPY.DWX,IS,2022-08-12T20:50:00Z,2022-08-14T21:05:00Z,133.483,133.37,-0.113,-11.3,-1,LONG,1.834,0.0616,135.58,131.733,3.847,0.4549,MIDDLE_THIRD,0,0,1,1,2022-08-14T21:40:00Z,35,FILL,2022-08-14T21:40:00Z,133.483,1.6,1.2,11.3,8.47,0.8,10.5,7.87
2022-08-19_2022-08-21,USDJPY.DWX,IS,2022-08-19T20:50:00Z,2022-08-21T21:05:00Z,136.875,136.858,-0.017,-1.7,-1,LONG,1.746,0.0097,137.23,132.553,4.677,0.9241,UPPER_THIRD,1,0,0,1,2022-08-21T22:05:00Z,60,STOP,2022-08-21T21:05:00Z,136.841,3.1,2.27,-1.7,-1.24,0.8,-2.5,-1.83
2022-08-26_2022-08-28,USDJPY.DWX,IS,2022-08-26T20:50:00Z,2022-08-28T21:05:00Z,137.502,137.625,0.123,12.3,1,SHORT,1.403,0.0877,137.706,135.808,1.898,0.8925,UPPER_THIRD,0,0,0,0,,,STOP,2022-08-28T22:00:00Z,137.748,19.1,13.88,-12.3,-8.94,0.8,-13.1,-9.52
2022-09-02_2022-09-04,USDJPY.DWX,IS,2022-09-02T20:50:00Z,2022-09-04T21:05:00Z,140.221,140.117,-0.104,-10.4,-1,LONG,1.269,0.0819,140.8,137.565,3.235,0.821,UPPER_THIRD,1,0,1,1,2022-09-04T22:00:00Z,55,FILL,2022-09-04T22:00:00Z,140.221,3.2,2.28,10.4,7.42,0.8,9.6,6.85
2022-09-09_2022-09-11,USDJPY.DWX,IS,2022-09-09T20:50:00Z,2022-09-11T21:05:00Z,142.626,142.116,-0.51,-51,-1,LONG,1.455,0.3506,144.99,140.085,4.905,0.518,MIDDLE_THIRD,0,1,1,1,2022-09-11T22:55:00Z,110,FILL,2022-09-11T22:55:00Z,142.626,0.1,0.07,51,35.89,0.8,50.2,35.32
2022-09-16_2022-09-18,USDJPY.DWX,IS,2022-09-16T20:50:00Z,2022-09-18T21:05:00Z,142.95,142.877,-0.073,-7.3,-1,LONG,1.604,0.0455,144.956,141.607,3.349,0.401,MIDDLE_THIRD,0,0,1,1,2022-09-18T22:00:00Z,55,FILL,2022-09-18T22:00:00Z,142.95,0,0,7.3,5.11,0.8,6.5,4.55
2022-09-23_2022-09-25,USDJPY.DWX,IS,2022-09-23T20:50:00Z,2022-09-25T21:05:00Z,143.324,143.634,0.31,31,1,SHORT,2.03,0.1527,145.899,140.343,5.556,0.5365,MIDDLE_THIRD,0,0,1,1,2022-09-25T22:00:00Z,55,FILL,2022-09-25T22:00:00Z,143.324,0,0,31,21.58,0.8,30.2,21.03
2022-09-30_2022-10-02,USDJPY.DWX,IS,2022-09-30T20:50:00Z,2022-10-02T21:05:00Z,144.79,144.642,-0.148,-14.8,-1,LONG,1.627,0.091,144.903,143.17,1.733,0.9348,UPPER_THIRD,1,0,1,1,2022-10-02T23:00:00Z,115,FILL,2022-10-02T23:00:00Z,144.79,2.2,1.52,14.8,10.23,0.8,14,9.68
2022-10-07_2022-10-09,USDJPY.DWX,IS,2022-10-07T20:50:00Z,2022-10-09T21:05:00Z,145.386,145.246,-0.14,-14,-1,LONG,1.401,0.1,145.44,143.522,1.918,0.9718,UPPER_THIRD,1,0,1,1,2022-10-09T22:00:00Z,55,FILL,2022-10-09T22:00:00Z,145.386,0,0,14,9.64,0.8,13.2,9.09
2022-10-14_2022-10-16,USDJPY.DWX,IS,2022-10-14T20:50:00Z,2022-10-16T21:05:00Z,148.743,148.593,-0.15,-15,-1,LONG,0.984,0.1525,148.857,145.233,3.624,0.9685,UPPER_THIRD,1,0,0,1,2022-10-17T04:05:00Z,420,STOP,2022-10-16T21:55:00Z,148.443,18.2,12.25,-15,-10.09,0.8,-15.8,-10.63
2022-10-21_2022-10-23,USDJPY.DWX,IS,2022-10-21T20:55:00Z,2022-10-23T21:05:00Z,147.612,147.624,0.012,1.2,1,SHORT,1.339,0.009,151.94,146.087,5.853,0.2606,LOWER_THIRD,1,0,1,1,2022-10-23T21:05:00Z,0,FILL,2022-10-23T21:05:00Z,147.612,0.5,0.34,1.2,0.81,0.8,0.4,0.27
2022-10-28_2022-10-30,USDJPY.DWX,IS,2022-10-28T20:50:00Z,2022-10-30T21:05:00Z,147.473,147.524,0.051,5.1,1,SHORT,1.851,0.0276,149.706,145.107,4.599,0.5145,MIDDLE_THIRD,0,0,0,1,2022-11-01T09:45:00Z,2200,STOP,2022-10-30T21:25:00Z,147.575,8.4,5.69,-5.1,-3.46,0.8,-5.9,-4
2022-11-04_2022-11-06,USDJPY.DWX,IS,2022-11-04T20:50:00Z,2022-11-06T22:05:00Z,146.652,146.979,0.327,32.7,1,SHORT,2.109,0.155,148.849,145.667,3.182,0.3096,LOWER_THIRD,1,0,0,1,2022-11-07T09:05:00Z,660,STOP,2022-11-07T03:05:00Z,147.306,36.5,24.83,-32.7,-22.25,0.8,-33.5,-22.79
2022-11-11_2022-11-13,USDJPY.DWX,IS,2022-11-11T20:55:00Z,2022-11-13T22:05:00Z,138.675,139.093,0.418,41.8,1,SHORT,2.269,0.1843,147.568,138.463,9.105,0.0233,LOWER_THIRD,1,0,0,1,2022-11-15T13:30:00Z,2365,STOP,2022-11-13T22:10:00Z,139.511,83.1,59.74,-41.8,-30.05,0.8,-42.6,-30.63
2022-11-18_2022-11-20,USDJPY.DWX,IS,2022-11-18T21:50:00Z,2022-11-20T22:05:00Z,140.374,140.283,-0.091,-9.1,-1,LONG,2.303,0.0395,140.793,137.676,3.117,0.8656,UPPER_THIRD,1,0,1,1,2022-11-20T22:55:00Z,50,FILL,2022-11-20T22:55:00Z,140.374,0.2,0.14,9.1,6.49,0.8,8.3,5.92
2022-11-25_2022-11-27,USDJPY.DWX,IS,2022-11-25T21:50:00Z,2022-11-27T22:05:00Z,139.108,139.382,0.274,27.4,1,SHORT,2.249,0.1218,142.25,138.049,4.201,0.2521,LOWER_THIRD,1,0,1,1,2022-11-28T00:25:00Z,140,FILL,2022-11-28T00:25:00Z,139.108,4.1,2.94,27.4,19.66,0.8,26.6,19.08
2022-12-02_2022-12-04,USDJPY.DWX,IS,2022-12-02T21:50:00Z,2022-12-04T22:05:00Z,134.311,134.487,0.176,17.6,1,SHORT,1.901,0.0926,139.895,133.618,6.277,0.1104,LOWER_THIRD,1,0,1,1,2022-12-04T22:05:00Z,0,FILL,2022-12-04T22:05:00Z,134.311,4.3,3.2,17.6,13.09,0.8,16.8,12.49
2022-12-09_2022-12-11,USDJPY.DWX,IS,2022-12-09T21:50:00Z,2022-12-11T22:05:00Z,136.572,136.454,-0.118,-11.8,-1,LONG,1.816,0.065,137.855,134.127,3.728,0.6558,MIDDLE_THIRD,0,0,1,1,2022-12-11T22:05:00Z,0,FILL,2022-12-11T22:05:00Z,136.572,0,0,11.8,8.65,0.8,11,8.06
2022-12-16_2022-12-18,USDJPY.DWX,IS,2022-12-16T21:50:00Z,2022-12-18T22:05:00Z,136.717,135.898,-0.819,-81.9,-1,LONG,1.983,0.413,138.172,134.509,3.663,0.6028,MIDDLE_THIRD,0,1,0,1,2022-12-19T14:00:00Z,955,TIMESTOP,2022-12-19T12:00:00Z,136.338,15,11.04,44,32.38,0.8,43.2,31.79
2022-12-23_2022-12-25,USDJPY.DWX,IS,2022-12-23T21:50:00Z,2022-12-25T22:05:00Z,132.784,132.713,-0.071,-7.1,-1,LONG,1.965,0.0361,137.473,130.569,6.904,0.3208,LOWER_THIRD,0,0,1,1,2022-12-25T23:00:00Z,55,FILL,2022-12-25T23:00:00Z,132.784,0,0,7.1,5.35,0.8,6.3,4.75
2022-12-30_2023-01-01,USDJPY.DWX,IS,2022-12-30T21:50:00Z,2023-01-01T22:05:00Z,131.106,130.828,-0.278,-27.8,-1,LONG,1.974,0.1408,134.499,130.773,3.726,0.0894,LOWER_THIRD,0,0,0,1,2023-01-02T23:15:00Z,1510,TIMESTOP,2023-01-02T12:00:00Z,130.707,13.4,10.24,-12.1,-9.25,0.8,-12.9,-9.86
2023-01-06_2023-01-08,USDJPY.DWX,IS,2023-01-06T21:50:00Z,2023-01-08T22:05:00Z,132.137,131.896,-0.241,-24.1,-1,LONG,1.952,0.1235,134.771,129.509,5.262,0.4994,MIDDLE_THIRD,0,0,1,1,2023-01-08T23:00:00Z,55,FILL,2023-01-08T23:00:00Z,132.137,3.5,2.65,24.1,18.27,0.8,23.3,17.67
2023-01-13_2023-01-15,USDJPY.DWX,IS,2023-01-13T21:50:00Z,2023-01-15T22:05:00Z,127.855,127.774,-0.081,-8.1,-1,LONG,1.801,0.045,132.872,127.458,5.414,0.0733,LOWER_THIRD,0,0,1,1,2023-01-15T23:00:00Z,55,FILL,2023-01-15T23:00:00Z,127.855,6.8,5.32,8.1,6.34,0.8,7.3,5.71
2023-01-20_2023-01-22,USDJPY.DWX,IS,2023-01-20T21:50:00Z,2023-01-22T22:05:00Z,129.588,129.479,-0.109,-10.9,-1,LONG,2.064,0.0528,131.575,127.22,4.355,0.5437,MIDDLE_THIRD,0,0,1,1,2023-01-22T23:00:00Z,55,FILL,2023-01-22T23:00:00Z,129.588,3.1,2.39,10.9,8.42,0.8,10.1,7.8
2023-01-27_2023-01-29,USDJPY.DWX,IS,2023-01-27T21:50:00Z,2023-01-29T22:05:00Z,129.831,129.624,-0.207,-20.7,-1,LONG,1.759,0.1177,131.115,129.023,2.092,0.3862,MIDDLE_THIRD,0,0,1,1,2023-01-29T22:15:00Z,10,FILL,2023-01-29T22:15:00Z,129.831,0.4,0.31,20.7,15.97,0.8,19.9,15.35
2023-02-03_2023-02-05,USDJPY.DWX,IS,2023-02-03T21:55:00Z,2023-02-05T22:05:00Z,131.179,132.196,1.017,101.7,1,SHORT,1.675,0.607,131.202,128.083,3.119,0.9926,UPPER_THIRD,0,1,0,1,2023-02-07T16:05:00Z,2520,TIMESTOP,2023-02-06T12:00:00Z,132.118,19,14.37,7.8,5.9,0.8,7,5.3
2023-02-10_2023-02-12,USDJPY.DWX,IS,2023-02-10T21:50:00Z,2023-02-12T22:05:00Z,131.378,131.335,-0.043,-4.3,-1,LONG,1.535,0.028,132.905,129.807,3.098,0.5071,MIDDLE_THIRD,0,0,1,1,2023-02-12T22:10:00Z,5,FILL,2023-02-12T22:10:00Z,131.378,0,0,4.3,3.27,0.8,3.5,2.66
2023-02-17_2023-02-19,USDJPY.DWX,IS,2023-02-17T21:50:00Z,2023-02-19T22:05:00Z,134.147,134.193,0.046,4.6,1,SHORT,1.593,0.0289,135.112,131.335,3.777,0.7445,UPPER_THIRD,0,0,0,1,2023-02-20T04:20:00Z,375,STOP,2023-02-19T22:20:00Z,134.239,6.5,4.84,-4.6,-3.43,0.8,-5.4,-4.02
2023-02-24_2023-02-26,USDJPY.DWX,IS,2023-02-24T21:50:00Z,2023-02-26T22:05:00Z,136.48,136.455,-0.025,-2.5,-1,LONG,1.408,0.0178,136.517,133.92,2.597,0.9858,UPPER_THIRD,1,0,0,1,2023-02-27T00:00:00Z,115,STOP,2023-02-26T22:10:00Z,136.43,4.8,3.52,-2.5,-1.83,0.8,-3.3,-2.42
2023-03-03_2023-03-05,USDJPY.DWX,IS,2023-03-03T21:50:00Z,2023-03-05T22:05:00Z,135.826,135.944,0.118,11.8,1,SHORT,1.181,0.0999,137.094,135.256,1.838,0.3101,LOWER_THIRD,1,0,1,1,2023-03-06T00:55:00Z,170,FILL,2023-03-06T00:55:00Z,135.826,10.4,7.65,11.8,8.68,0.8,11,8.09
2023-03-10_2023-03-12,USDJPY.DWX,IS,2023-03-10T21:50:00Z,2023-03-12T21:15:00Z,135.054,134.425,-0.629,-62.9,-1,LONG,1.318,0.4773,137.909,134.111,3.798,0.2483,LOWER_THIRD,0,1,0,1,2023-03-15T07:50:00Z,3515,STOP,2023-03-12T22:00:00Z,133.796,63.2,47.02,-62.9,-46.79,0.8,-63.7,-47.39
2023-03-17_2023-03-19,USDJPY.DWX,IS,2023-03-17T20:50:00Z,2023-03-19T21:05:00Z,131.816,131.848,0.032,3.2,1,SHORT,1.754,0.0182,135.112,131.551,3.561,0.0744,LOWER_THIRD,1,0,1,1,2023-03-19T21:05:00Z,0,FILL,2023-03-19T21:05:00Z,131.816,1.6,1.21,3.2,2.43,0.8,2.4,1.82
2023-03-24_2023-03-26,USDJPY.DWX,IS,2023-03-24T20:50:00Z,2023-03-26T21:05:00Z,130.72,130.46,-0.26,-26,-1,LONG,1.97,0.132,132.999,129.638,3.361,0.3219,LOWER_THIRD,0,0,1,1,2023-03-26T22:00:00Z,55,FILL,2023-03-26T22:00:00Z,130.72,0.9,0.69,26,19.93,0.8,25.2,19.32
2023-03-31_2023-04-02,USDJPY.DWX,IS,2023-03-31T20:50:00Z,2023-04-02T21:05:00Z,132.815,133.258,0.443,44.3,1,SHORT,1.704,0.26,133.59,130.404,3.186,0.7567,UPPER_THIRD,0,0,0,1,2023-04-03T13:45:00Z,1000,STOP,2023-04-03T06:25:00Z,133.701,45.5,34.14,-44.3,-33.24,0.8,-45.1,-33.84
2023-04-07_2023-04-09,USDJPY.DWX,IS,2023-04-07T20:50:00Z,2023-04-09T21:05:00Z,132.143,132.126,-0.017,-1.7,-1,LONG,1.362,0.0125,133.755,130.617,3.138,0.4863,MIDDLE_THIRD,0,0,1,1,2023-04-09T21:30:00Z,25,FILL,2023-04-09T21:30:00Z,132.143,0.3,0.23,1.7,1.29,0.8,0.9,0.68
2023-04-14_2023-04-16,USDJPY.DWX,IS,2023-04-14T20:50:00Z,2023-04-16T21:05:00Z,133.743,133.799,0.056,5.6,1,SHORT,1.34,0.0418,134.048,131.826,2.222,0.8627,UPPER_THIRD,0,0,0,1,2023-04-17T00:25:00Z,200,STOP,2023-04-16T22:00:00Z,133.855,8.6,6.43,-5.6,-4.19,0.8,-6.4,-4.78
2023-04-21_2023-04-23,USDJPY.DWX,IS,2023-04-21T20:50:00Z,2023-04-23T21:05:00Z,134.124,133.986,-0.138,-13.8,-1,LONG,1.205,0.1145,135.135,133.547,1.588,0.3634,MIDDLE_THIRD,0,0,1,1,2023-04-24T01:40:00Z,275,FILL,2023-04-24T01:40:00Z,134.124,9.5,7.09,13.8,10.3,0.8,13,9.7
2023-04-28_2023-04-30,USDJPY.DWX,IS,2023-04-28T20:50:00Z,2023-04-30T21:05:00Z,136.273,136.122,-0.151,-15.1,-1,LONG,1.22,0.1238,136.562,133.013,3.549,0.9186,UPPER_THIRD,1,0,1,1,2023-04-30T21:30:00Z,25,FILL,2023-04-30T21:30:00Z,136.273,0,0,15.1,11.09,0.8,14.3,10.51
2023-05-05_2023-05-07,USDJPY.DWX,IS,2023-05-05T20:50:00Z,2023-05-07T21:05:00Z,134.828,134.845,0.017,1.7,1,SHORT,1.314,0.0129,137.771,133.497,4.274,0.3114,LOWER_THIRD,1,0,0,1,2023-05-07T21:20:00Z,15,STOP,2023-05-07T21:05:00Z,134.862,2.6,1.93,-1.7,-1.26,0.8,-2.5,-1.85
2023-05-12_2023-05-14,USDJPY.DWX,IS,2023-05-12T20:50:00Z,2023-05-14T21:05:00Z,135.721,135.645,-0.076,-7.6,-1,LONG,1.338,0.0568,135.753,133.742,2.011,0.9841,UPPER_THIRD,1,0,1,1,2023-05-14T21:55:00Z,50,FILL,2023-05-14T21:55:00Z,135.721,0.8,0.59,7.6,5.6,0.8,6.8,5.01
2023-05-19_2023-05-21,USDJPY.DWX,IS,2023-05-19T20:50:00Z,2023-05-21T21:05:00Z,137.959,137.976,0.017,1.7,1,SHORT,1.21,0.014,138.746,135.637,3.109,0.7469,UPPER_THIRD,0,0,0,1,2023-05-21T22:00:00Z,55,STOP,2023-05-21T21:15:00Z,137.993,2.1,1.52,-1.7,-1.23,0.8,-2.5,-1.81
2023-05-26_2023-05-28,USDJPY.DWX,IS,2023-05-26T20:50:00Z,2023-05-28T21:05:00Z,140.586,140.58,-0.006,-0.6,-1,LONG,1.148,0.0052,140.723,137.491,3.232,0.9576,UPPER_THIRD,1,0,0,1,2023-05-28T21:05:00Z,0,STOP,2023-05-28T21:05:00Z,140.574,5.6,3.98,-0.6,-0.43,0.8,-1.4,-1
2023-06-02_2023-06-04,USDJPY.DWX,IS,2023-06-02T20:50:00Z,2023-06-04T21:05:00Z,139.963,139.961,-0.002,-0.2,-1,LONG,1.233,0.0016,140.931,138.427,2.504,0.6134,MIDDLE_THIRD,0,0,0,1,2023-06-04T21:05:00Z,0,STOP,2023-06-04T21:05:00Z,139.959,0.7,0.5,-0.2,-0.14,0.8,-1,-0.71
2023-06-09_2023-06-11,USDJPY.DWX,IS,2023-06-09T20:50:00Z,2023-06-11T21:05:00Z,139.37,139.32,-0.05,-5,-1,LONG,1.184,0.0422,140.45,138.757,1.693,0.3621,MIDDLE_THIRD,0,0,1,1,2023-06-11T21:35:00Z,30,FILL,2023-06-11T21:35:00Z,139.37,5,3.59,5,3.59,0.8,4.2,3.01
2023-06-16_2023-06-18,USDJPY.DWX,IS,2023-06-16T20:50:00Z,2023-06-18T21:05:00Z,141.885,141.702,-0.183,-18.3,-1,LONG,1.274,0.1436,141.909,139.008,2.901,0.9917,UPPER_THIRD,1,0,1,1,2023-06-18T22:10:00Z,65,FILL,2023-06-18T22:10:00Z,141.885,2,1.41,18.3,12.91,0.8,17.5,12.35
2023-06-23_2023-06-25,USDJPY.DWX,IS,2023-06-23T20:50:00Z,2023-06-25T21:05:00Z,143.721,143.542,-0.179,-17.9,-1,LONG,1.187,0.1508,143.869,141.214,2.655,0.9443,UPPER_THIRD,1,0,0,1,2023-06-27T08:15:00Z,2110,STOP,2023-06-26T00:05:00Z,143.363,27.3,19.02,-17.9,-12.47,0.8,-18.7,-13.03
2023-06-30_2023-07-02,USDJPY.DWX,IS,2023-06-30T20:50:00Z,2023-07-02T21:05:00Z,144.296,144.325,0.029,2.9,1,SHORT,1.115,0.026,145.066,142.935,2.131,0.6387,MIDDLE_THIRD,0,0,1,1,2023-07-02T21:05:00Z,0,FILL,2023-07-02T21:05:00Z,144.296,0,0,2.9,2.01,0.8,2.1,1.46
2023-07-07_2023-07-09,USDJPY.DWX,IS,2023-07-07T20:50:00Z,2023-07-09T21:05:00Z,142.086,142.108,0.022,2.2,1,SHORT,1.031,0.0213,144.909,142.069,2.84,0.006,LOWER_THIRD,1,0,0,1,2023-07-10T12:00:00Z,895,STOP,2023-07-09T21:05:00Z,142.13,3.8,2.67,-2.2,-1.55,0.8,-3,-2.11
2023-07-14_2023-07-16,USDJPY.DWX,IS,2023-07-14T20:55:00Z,2023-07-16T21:05:00Z,138.79,138.668,-0.122,-12.2,-1,LONG,1.207,0.1011,143.002,137.242,5.76,0.2687,LOWER_THIRD,0,0,1,1,2023-07-16T21:15:00Z,10,FILL,2023-07-16T21:15:00Z,138.79,4.9,3.53,12.2,8.8,0.8,11.4,8.22
2023-07-21_2023-07-23,USDJPY.DWX,IS,2023-07-21T20:50:00Z,2023-07-23T21:05:00Z,141.833,141.646,-0.187,-18.7,-1,LONG,1.445,0.1294,141.953,137.682,4.271,0.9719,UPPER_THIRD,1,0,0,0,,,STOP,2023-07-24T01:45:00Z,141.459,20,14.12,-18.7,-13.2,0.8,-19.5,-13.77
2023-07-28_2023-07-30,USDJPY.DWX,IS,2023-07-28T20:50:00Z,2023-07-30T21:05:00Z,141.162,140.93,-0.232,-23.2,-1,LONG,1.644,0.1411,141.812,138.061,3.751,0.8267,UPPER_THIRD,1,0,0,1,2023-07-31T01:10:00Z,245,STOP,2023-07-31T00:00:00Z,140.698,24.3,17.24,-23.2,-16.46,0.8,-24,-17.03
2023-08-04_2023-08-06,USDJPY.DWX,IS,2023-08-04T20:55:00Z,2023-08-06T21:05:00Z,141.764,141.661,-0.103,-10.3,-1,LONG,1.636,0.0629,143.89,140.687,3.203,0.3362,MIDDLE_THIRD,0,0,1,1,2023-08-06T22:00:00Z,55,FILL,2023-08-06T22:00:00Z,141.764,0.4,0.28,10.3,7.27,0.8,9.5,6.71
2023-08-11_2023-08-13,USDJPY.DWX,IS,2023-08-11T20:50:00Z,2023-08-13T21:05:00Z,144.937,144.924,-0.013,-1.3,-1,LONG,1.47,0.0088,145,141.512,3.488,0.9819,UPPER_THIRD,1,0,1,1,2023-08-13T21:05:00Z,0,FILL,2023-08-13T21:05:00Z,144.937,1.2,0.83,1.3,0.9,0.8,0.5,0.35
2023-08-18_2023-08-20,USDJPY.DWX,IS,2023-08-18T20:50:00Z,2023-08-20T21:05:00Z,145.376,145.265,-0.111,-11.1,-1,LONG,1.104,0.1006,146.562,144.649,1.913,0.38,MIDDLE_THIRD,0,0,1,1,2023-08-20T21:25:00Z,20,FILL,2023-08-20T21:25:00Z,145.376,0,0,11.1,7.64,0.8,10.3,7.09
2023-08-25_2023-08-27,USDJPY.DWX,IS,2023-08-25T20:50:00Z,2023-08-27T21:05:00Z,146.44,146.409,-0.031,-3.1,-1,LONG,1.031,0.0301,146.633,144.538,2.095,0.9079,UPPER_THIRD,1,0,1,1,2023-08-27T22:05:00Z,60,FILL,2023-08-27T22:05:00Z,146.44,1.6,1.09,3.1,2.12,0.8,2.3,1.57
2023-09-01_2023-09-03,USDJPY.DWX,IS,2023-09-01T20:50:00Z,2023-09-03T21:05:00Z,146.256,146.184,-0.072,-7.2,-1,LONG,1.103,0.0653,147.373,144.44,2.933,0.6192,MIDDLE_THIRD,0,0,0,1,2023-09-04T07:00:00Z,595,STOP,2023-09-03T21:50:00Z,146.112,9.6,6.57,-7.2,-4.93,0.8,-8,-5.47
2023-09-08_2023-09-10,USDJPY.DWX,IS,2023-09-08T20:50:00Z,2023-09-10T21:05:00Z,147.794,146.936,-0.858,-85.8,-1,LONG,1.091,0.7868,147.872,146.022,1.85,0.9578,UPPER_THIRD,1,1,0,1,2023-09-15T07:15:00Z,6370,STOP,2023-09-11T05:05:00Z,146.078,90.8,61.8,-85.8,-58.39,0.8,-86.6,-58.94
2023-09-15_2023-09-17,USDJPY.DWX,IS,2023-09-15T20:50:00Z,2023-09-17T21:05:00Z,147.83,147.719,-0.111,-11.1,-1,LONG,1.061,0.1046,147.948,145.898,2.05,0.9424,UPPER_THIRD,1,0,1,1,2023-09-17T22:40:00Z,95,FILL,2023-09-17T22:40:00Z,147.83,4,2.71,11.1,7.51,0.8,10.3,6.97
2023-09-22_2023-09-24,USDJPY.DWX,IS,2023-09-22T20:50:00Z,2023-09-24T21:05:00Z,148.36,148.235,-0.125,-12.5,-1,LONG,0.901,0.1387,148.462,147.319,1.143,0.9108,UPPER_THIRD,1,0,1,1,2023-09-24T22:05:00Z,60,FILL,2023-09-24T22:05:00Z,148.36,2.2,1.48,12.5,8.43,0.8,11.7,7.89
2023-09-29_2023-10-01,USDJPY.DWX,IS,2023-09-29T20:50:00Z,2023-10-01T21:05:00Z,149.347,149.56,0.213,21.3,1,SHORT,0.709,0.3005,149.707,148.213,1.494,0.759,UPPER_THIRD,0,1,0,1,2023-10-03T14:10:00Z,2465,STOP,2023-10-02T02:20:00Z,149.773,21.7,14.51,-21.3,-14.24,0.8,-22.1,-14.78
2023-10-06_2023-10-08,USDJPY.DWX,IS,2023-10-06T20:50:00Z,2023-10-08T21:05:00Z,149.283,149.056,-0.227,-22.7,-1,LONG,0.921,0.2464,150.157,147.306,2.851,0.6934,UPPER_THIRD,1,0,0,1,2023-10-11T17:35:00Z,4110,TIMESTOP,2023-10-09T12:00:00Z,149.158,7,4.7,10.2,6.84,0.8,9.4,6.31
2023-10-13_2023-10-15,USDJPY.DWX,IS,2023-10-13T20:50:00Z,2023-10-15T21:05:00Z,149.585,149.344,-0.241,-24.1,-1,LONG,0.909,0.265,149.827,148.161,1.666,0.8547,UPPER_THIRD,1,0,1,1,2023-10-15T22:50:00Z,105,FILL,2023-10-15T22:50:00Z,149.585,1,0.67,24.1,16.14,0.8,23.3,15.6
2023-10-20_2023-10-22,USDJPY.DWX,IS,2023-10-20T20:50:00Z,2023-10-22T21:05:00Z,149.852,149.855,0.003,0.3,1,SHORT,0.86,0.0035,149.99,148.734,1.256,0.8901,UPPER_THIRD,0,0,0,1,2023-10-22T21:15:00Z,10,STOP,2023-10-22T21:05:00Z,149.858,0.3,0.2,-0.3,-0.2,0.8,-1.1,-0.73
2023-10-27_2023-10-29,USDJPY.DWX,IS,2023-10-27T20:50:00Z,2023-10-29T21:05:00Z,149.635,149.491,-0.144,-14.4,-1,LONG,0.655,0.2199,150.776,149.32,1.456,0.2163,LOWER_THIRD,0,0,1,1,2023-10-29T22:00:00Z,55,FILL,2023-10-29T22:00:00Z,149.635,1.4,0.94,14.4,9.63,0.8,13.6,9.1
2023-11-03_2023-11-05,USDJPY.DWX,IS,2023-11-03T20:50:00Z,2023-11-05T22:05:00Z,149.385,149.342,-0.043,-4.3,-1,LONG,0.92,0.0467,151.716,148.803,2.913,0.1998,LOWER_THIRD,0,0,1,1,2023-11-05T23:00:00Z,55,FILL,2023-11-05T23:00:00Z,149.385,2.4,1.61,4.3,2.88,0.8,3.5,2.34
2023-11-10_2023-11-12,USDJPY.DWX,IS,2023-11-10T21:50:00Z,2023-11-12T22:05:00Z,151.513,151.414,-0.099,-9.9,-1,LONG,0.966,0.1025,151.6,149.318,2.282,0.9619,UPPER_THIRD,1,0,1,1,2023-11-12T23:40:00Z,95,FILL,2023-11-12T23:40:00Z,151.513,0,0,9.9,6.54,0.8,9.1,6.01
2023-11-17_2023-11-19,USDJPY.DWX,IS,2023-11-17T21:50:00Z,2023-11-19T22:05:00Z,149.637,149.605,-0.032,-3.2,-1,LONG,1.136,0.0282,151.908,149.194,2.714,0.1632,LOWER_THIRD,0,0,0,1,2023-11-19T22:45:00Z,40,STOP,2023-11-19T22:05:00Z,149.573,14.3,9.56,-3.2,-2.14,0.8,-4,-2.67
2023-11-24_2023-11-26,USDJPY.DWX,IS,2023-11-24T21:50:00Z,2023-11-26T22:05:00Z,149.405,149.414,0.009,0.9,1,SHORT,1.096,0.0082,149.987,147.15,2.837,0.7949,UPPER_THIRD,0,0,0,1,2023-11-27T01:00:00Z,175,STOP,2023-11-26T22:05:00Z,149.423,8.2,5.49,-0.9,-0.6,0.8,-1.7,-1.14
2023-12-01_2023-12-03,USDJPY.DWX,IS,2023-12-01T21:50:00Z,2023-12-03T22:05:00Z,146.832,146.716,-0.116,-11.6,-1,LONG,1.382,0.084,149.674,146.661,3.013,0.0568,LOWER_THIRD,0,0,0,1,2023-12-04T05:00:00Z,415,STOP,2023-12-03T23:00:00Z,146.6,21.3,14.52,-11.6,-7.91,0.8,-12.4,-8.45
2023-12-08_2023-12-10,USDJPY.DWX,IS,2023-12-08T21:50:00Z,2023-12-10T22:05:00Z,144.99,144.909,-0.081,-8.1,-1,LONG,1.628,0.0497,147.498,141.604,5.894,0.5745,MIDDLE_THIRD,0,0,1,1,2023-12-10T22:10:00Z,5,FILL,2023-12-10T22:10:00Z,144.99,0.5,0.35,8.1,5.59,0.8,7.3,5.04
2023-12-22_2023-12-24,USDJPY.DWX,IS,2023-12-22T21:50:00Z,2023-12-24T23:30:00Z,142.42,142.393,-0.027,-2.7,-1,LONG,1.872,0.0144,144.953,141.862,3.091,0.1805,LOWER_THIRD,0,0,0,1,2023-12-24T23:30:00Z,0,STOP,2023-12-24T23:30:00Z,142.366,8.3,5.83,-2.7,-1.9,0.8,-3.5,-2.46
2023-12-29_2024-01-01,USDJPY.DWX,OOS,2023-12-29T21:50:00Z,2024-01-01T22:00:00Z,141.02,140.849,-0.171,-17.1,-1,LONG,1.796,0.0952,142.844,140.249,2.595,0.2971,LOWER_THIRD,0,0,0,1,2024-01-01T23:45:00Z,105,TIMESTOP,2024-01-01T22:00:00Z,140.849,0,0,0,0,0.8,-0.8,-0.57
2024-01-05_2024-01-07,USDJPY.DWX,OOS,2024-01-05T21:50:00Z,2024-01-07T22:05:00Z,144.623,144.51,-0.113,-11.3,-1,LONG,1.593,0.0709,145.977,140.796,5.181,0.7387,UPPER_THIRD,1,0,1,1,2024-01-07T23:00:00Z,55,FILL,2024-01-07T23:00:00Z,144.623,5.1,3.53,11.3,7.82,0.8,10.5,7.27
2024-01-12_2024-01-14,USDJPY.DWX,OOS,2024-01-12T21:50:00Z,2024-01-14T22:05:00Z,144.892,144.835,-0.057,-5.7,-1,LONG,1.361,0.0419,146.411,143.418,2.993,0.4925,MIDDLE_THIRD,0,0,1,1,2024-01-14T22:40:00Z,35,FILL,2024-01-14T22:40:00Z,144.892,0,0,5.7,3.94,0.8,4.9,3.38
2024-01-19_2024-01-21,USDJPY.DWX,OOS,2024-01-19T21:50:00Z,2024-01-21T22:05:00Z,148.144,148.199,0.055,5.5,1,SHORT,1.43,0.0385,148.801,144.835,3.966,0.8343,UPPER_THIRD,0,0,1,1,2024-01-21T22:05:00Z,0,FILL,2024-01-21T22:05:00Z,148.144,0.5,0.34,5.5,3.71,0.8,4.7,3.17
2024-01-26_2024-01-28,USDJPY.DWX,OOS,2024-01-26T21:50:00Z,2024-01-28T22:05:00Z,148.121,148.089,-0.032,-3.2,-1,LONG,1.221,0.0262,148.693,146.646,2.047,0.7206,UPPER_THIRD,1,0,1,1,2024-01-28T22:45:00Z,40,FILL,2024-01-28T22:45:00Z,148.121,0,0,3.2,2.16,0.8,2.4,1.62
2024-02-02_2024-02-04,USDJPY.DWX,OOS,2024-02-02T21:50:00Z,2024-02-04T22:05:00Z,148.384,148.337,-0.047,-4.7,-1,LONG,1.285,0.0366,148.582,145.893,2.689,0.9264,UPPER_THIRD,1,0,1,1,2024-02-04T22:10:00Z,5,FILL,2024-02-04T22:10:00Z,148.384,0.1,0.07,4.7,3.17,0.8,3.9,2.63
2024-02-09_2024-02-11,USDJPY.DWX,OOS,2024-02-09T21:50:00Z,2024-02-11T22:05:00Z,149.263,149.216,-0.047,-4.7,-1,LONG,1.202,0.0391,149.574,147.628,1.946,0.8402,UPPER_THIRD,1,0,0,1,2024-02-11T23:00:00Z,55,STOP,2024-02-11T23:00:00Z,149.169,14.2,9.52,-4.7,-3.15,0.8,-5.5,-3.69
2024-02-16_2024-02-18,USDJPY.DWX,OOS,2024-02-16T21:50:00Z,2024-02-18T22:05:00Z,150.174,150.138,-0.036,-3.6,-1,LONG,1.086,0.0331,150.884,148.923,1.961,0.6379,MIDDLE_THIRD,0,0,1,1,2024-02-18T22:05:00Z,0,FILL,2024-02-18T22:05:00Z,150.174,0.6,0.4,3.6,2.4,0.8,2.8,1.86
2024-02-23_2024-02-25,USDJPY.DWX,OOS,2024-02-23T21:50:00Z,2024-02-25T22:05:00Z,150.532,150.368,-0.164,-16.4,-1,LONG,0.79,0.2076,150.767,149.682,1.085,0.7834,UPPER_THIRD,1,0,1,1,2024-02-25T23:00:00Z,55,FILL,2024-02-25T23:00:00Z,150.532,2.9,1.93,16.4,10.91,0.8,15.6,10.37
2024-03-01_2024-03-03,USDJPY.DWX,OOS,2024-03-01T21:50:00Z,2024-03-03T22:05:00Z,150.125,150.036,-0.089,-8.9,-1,LONG,0.764,0.1164,150.843,149.206,1.637,0.5614,MIDDLE_THIRD,0,0,1,1,2024-03-03T23:10:00Z,65,FILL,2024-03-03T23:10:00Z,150.125,2.5,1.67,8.9,5.93,0.8,8.1,5.4
2024-03-08_2024-03-10,USDJPY.DWX,OOS,2024-03-08T21:50:00Z,2024-03-10T21:05:00Z,147.078,146.97,-0.108,-10.8,-1,LONG,0.884,0.1222,150.569,146.479,4.09,0.1465,LOWER_THIRD,0,0,1,1,2024-03-10T21:05:00Z,0,FILL,2024-03-10T21:05:00Z,147.078,3.2,2.18,10.8,7.35,0.8,10,6.8
2024-03-15_2024-03-17,USDJPY.DWX,OOS,2024-03-15T20:50:00Z,2024-03-17T21:05:00Z,149.056,148.939,-0.117,-11.7,-1,LONG,1.034,0.1132,149.167,146.482,2.685,0.9587,UPPER_THIRD,1,0,1,1,2024-03-17T21:20:00Z,15,FILL,2024-03-17T21:20:00Z,149.056,1.8,1.21,11.7,7.86,0.8,10.9,7.32
2024-03-22_2024-03-24,USDJPY.DWX,OOS,2024-03-22T20:50:00Z,2024-03-24T21:05:00Z,151.408,151.286,-0.122,-12.2,-1,LONG,1.159,0.1053,151.861,148.908,2.953,0.8466,UPPER_THIRD,1,0,1,1,2024-03-24T21:30:00Z,25,FILL,2024-03-24T21:30:00Z,151.408,0.6,0.4,12.2,8.06,0.8,11.4,7.54
2024-03-29_2024-03-31,USDJPY.DWX,OOS,2024-03-29T20:50:00Z,2024-03-31T21:05:00Z,151.341,151.255,-0.086,-8.6,-1,LONG,0.917,0.0938,151.969,151.021,0.948,0.3376,MIDDLE_THIRD,0,0,1,1,2024-03-31T22:50:00Z,105,FILL,2024-03-31T22:50:00Z,151.341,3.6,2.38,8.6,5.69,0.8,7.8,5.16
2024-04-05_2024-04-07,USDJPY.DWX,OOS,2024-04-05T20:50:00Z,2024-04-07T21:05:00Z,151.622,151.569,-0.053,-5.3,-1,LONG,0.784,0.0676,151.952,150.81,1.142,0.711,UPPER_THIRD,1,0,1,1,2024-04-07T22:00:00Z,55,FILL,2024-04-07T22:00:00Z,151.622,3.2,2.11,5.3,3.5,0.8,4.5,2.97
2024-04-12_2024-04-14,USDJPY.DWX,OOS,2024-04-12T20:50:00Z,2024-04-14T21:05:00Z,153.286,153.04,-0.246,-24.6,-1,LONG,0.626,0.3928,153.383,151.537,1.846,0.9475,UPPER_THIRD,1,1,1,1,2024-04-14T22:50:00Z,105,FILL,2024-04-14T22:50:00Z,153.286,7.5,4.9,24.6,16.07,0.8,23.8,15.55
2024-04-19_2024-04-21,USDJPY.DWX,OOS,2024-04-19T20:50:00Z,2024-04-21T21:05:00Z,154.642,154.564,-0.078,-7.8,-1,LONG,0.777,0.1003,154.785,152.965,1.82,0.9214,UPPER_THIRD,1,0,0,1,2024-04-21T22:00:00Z,55,STOP,2024-04-21T21:25:00Z,154.486,16.3,10.55,-7.8,-5.05,0.8,-8.6,-5.56
2024-04-26_2024-04-28,USDJPY.DWX,OOS,2024-04-26T20:50:00Z,2024-04-28T21:05:00Z,158.287,157.808,-0.479,-47.9,-1,LONG,0.963,0.4975,158.44,154.401,4.039,0.9621,UPPER_THIRD,1,1,1,1,2024-04-28T22:15:00Z,70,FILL,2024-04-28T22:15:00Z,158.287,11.1,7.03,47.9,30.35,0.8,47.1,29.85
2024-05-03_2024-05-05,USDJPY.DWX,OOS,2024-05-03T20:50:00Z,2024-05-05T21:05:00Z,152.865,152.897,0.032,3.2,1,SHORT,1.876,0.0171,160.186,151.86,8.326,0.1207,LOWER_THIRD,1,0,1,1,2024-05-05T21:05:00Z,0,FILL,2024-05-05T21:05:00Z,152.865,0,0,3.2,2.09,0.8,2.4,1.57
2024-05-10_2024-05-12,USDJPY.DWX,OOS,2024-05-10T20:50:00Z,2024-05-12T21:05:00Z,155.789,155.634,-0.155,-15.5,-1,LONG,1.953,0.0794,155.951,152.739,3.212,0.9496,UPPER_THIRD,1,0,1,1,2024-05-12T23:00:00Z,115,FILL,2024-05-12T23:00:00Z,155.789,0,0,15.5,9.96,0.8,14.7,9.45
2024-05-17_2024-05-19,USDJPY.DWX,OOS,2024-05-17T20:50:00Z,2024-05-19T21:05:00Z,155.703,155.529,-0.174,-17.4,-1,LONG,1.625,0.1071,156.773,153.597,3.176,0.6631,MIDDLE_THIRD,0,0,1,1,2024-05-19T22:30:00Z,85,FILL,2024-05-19T22:30:00Z,155.703,1.8,1.16,17.4,11.19,0.8,16.6,10.67
2024-05-24_2024-05-26,USDJPY.DWX,OOS,2024-05-24T20:50:00Z,2024-05-26T21:05:00Z,156.961,156.883,-0.078,-7.8,-1,LONG,0.919,0.0849,157.194,155.495,1.699,0.8629,UPPER_THIRD,1,0,0,1,2024-05-28T09:25:00Z,2180,STOP,2024-05-26T22:00:00Z,156.805,9.8,6.25,-7.8,-4.97,0.8,-8.6,-5.48
2024-05-31_2024-06-02,USDJPY.DWX,OOS,2024-05-31T20:50:00Z,2024-06-02T21:05:00Z,157.259,157.154,-0.105,-10.5,-1,LONG,0.887,0.1184,157.707,156.371,1.336,0.6647,MIDDLE_THIRD,0,0,1,1,2024-06-02T22:00:00Z,55,FILL,2024-06-02T22:00:00Z,157.259,0.3,0.19,10.5,6.68,0.8,9.7,6.17
2024-06-07_2024-06-09,USDJPY.DWX,OOS,2024-06-07T20:50:00Z,2024-06-09T21:05:00Z,156.756,156.719,-0.037,-3.7,-1,LONG,1.038,0.0357,157.471,154.546,2.925,0.7556,UPPER_THIRD,1,0,0,1,2024-06-09T21:05:00Z,0,STOP,2024-06-09T21:05:00Z,156.682,12,7.66,-3.7,-2.36,0.8,-4.5,-2.87
2024-06-14_2024-06-16,USDJPY.DWX,OOS,2024-06-14T20:50:00Z,2024-06-16T21:05:00Z,157.388,157.286,-0.102,-10.2,-1,LONG,1.202,0.0849,158.254,155.715,2.539,0.6589,MIDDLE_THIRD,0,0,1,1,2024-06-16T21:15:00Z,10,FILL,2024-06-16T21:15:00Z,157.388,9.9,6.29,10.2,6.49,0.8,9.4,5.98
2024-06-21_2024-06-23,USDJPY.DWX,OOS,2024-06-21T20:50:00Z,2024-06-23T21:05:00Z,159.815,159.759,-0.056,-5.6,-1,LONG,1.142,0.049,159.816,157.154,2.662,0.9996,UPPER_THIRD,1,0,0,1,2024-06-23T23:15:00Z,130,STOP,2024-06-23T21:40:00Z,159.703,11.5,7.2,-5.6,-3.51,0.8,-6.4,-4.01
2024-06-28_2024-06-30,USDJPY.DWX,OOS,2024-06-28T20:50:00Z,2024-06-30T21:05:00Z,160.889,160.694,-0.195,-19.5,-1,LONG,0.947,0.2059,161.282,158.747,2.535,0.845,UPPER_THIRD,1,0,1,1,2024-06-30T21:25:00Z,20,FILL,2024-06-30T21:25:00Z,160.889,0,0,19.5,12.13,0.8,18.7,11.64
2024-07-05_2024-07-07,USDJPY.DWX,OOS,2024-07-05T20:50:00Z,2024-07-07T21:05:00Z,160.801,160.673,-0.128,-12.8,-1,LONG,0.892,0.1434,161.949,160.33,1.619,0.2909,LOWER_THIRD,0,0,1,1,2024-07-07T21:40:00Z,35,FILL,2024-07-07T21:40:00Z,160.801,0,0,12.8,7.97,0.8,12,7.47
2024-07-12_2024-07-14,USDJPY.DWX,OOS,2024-07-12T20:50:00Z,2024-07-14T21:05:00Z,157.875,158.086,0.211,21.1,1,SHORT,1.18,0.1788,161.804,157.356,4.448,0.1167,LOWER_THIRD,1,0,0,1,2024-07-15T05:20:00Z,495,STOP,2024-07-14T22:45:00Z,158.297,24.9,15.75,-21.1,-13.35,0.8,-21.9,-13.85
2024-07-19_2024-07-21,USDJPY.DWX,OOS,2024-07-19T20:50:00Z,2024-07-21T21:05:00Z,157.511,157.309,-0.202,-20.2,-1,LONG,1.412,0.143,158.853,155.366,3.487,0.6151,MIDDLE_THIRD,0,0,1,1,2024-07-22T01:10:00Z,245,FILL,2024-07-22T01:10:00Z,157.511,15.4,9.79,20.2,12.84,0.8,19.4,12.33
2024-07-26_2024-07-28,USDJPY.DWX,OOS,2024-07-26T20:50:00Z,2024-07-28T21:05:00Z,153.758,153.68,-0.078,-7.8,-1,LONG,1.801,0.0433,157.611,151.94,5.671,0.3206,LOWER_THIRD,0,0,1,1,2024-07-28T21:20:00Z,15,FILL,2024-07-28T21:20:00Z,153.758,1.9,1.24,7.8,5.08,0.8,7,4.55
2024-08-02_2024-08-04,USDJPY.DWX,OOS,2024-08-02T20:50:00Z,2024-08-04T21:05:00Z,146.571,146.429,-0.142,-14.2,-1,LONG,2.153,0.066,155.216,146.417,8.799,0.0175,LOWER_THIRD,0,0,0,1,2024-08-07T01:40:00Z,3155,STOP,2024-08-04T22:00:00Z,146.287,36.6,25,-14.2,-9.7,0.8,-15,-10.24
2024-08-09_2024-08-11,USDJPY.DWX,OOS,2024-08-09T20:50:00Z,2024-08-11T21:05:00Z,146.649,146.498,-0.151,-15.1,-1,LONG,2.663,0.0567,147.899,141.688,6.211,0.7987,UPPER_THIRD,1,0,1,1,2024-08-11T21:25:00Z,20,FILL,2024-08-11T21:25:00Z,146.649,3.9,2.66,15.1,10.31,0.8,14.3,9.76
2024-08-16_2024-08-18,USDJPY.DWX,OOS,2024-08-16T20:50:00Z,2024-08-18T21:05:00Z,147.598,147.546,-0.052,-5.2,-1,LONG,2.587,0.0201,149.393,146.071,3.322,0.4597,MIDDLE_THIRD,0,0,0,1,2024-08-18T21:10:00Z,5,STOP,2024-08-18T21:05:00Z,147.494,6.4,4.34,-5.2,-3.52,0.8,-6,-4.07
2024-08-23_2024-08-25,USDJPY.DWX,OOS,2024-08-23T20:50:00Z,2024-08-25T21:05:00Z,144.369,144.132,-0.237,-23.7,-1,LONG,2.165,0.1095,148.051,144.046,4.005,0.0806,LOWER_THIRD,0,0,0,1,2024-08-26T13:55:00Z,1010,STOP,2024-08-25T22:40:00Z,143.895,28.5,19.77,-23.7,-16.44,0.8,-24.5,-17
2024-08-30_2024-09-01,USDJPY.DWX,OOS,2024-08-30T20:50:00Z,2024-09-01T21:05:00Z,146.2,145.977,-0.223,-22.3,-1,LONG,1.807,0.1234,146.245,143.442,2.803,0.9839,UPPER_THIRD,1,0,1,1,2024-09-01T22:00:00Z,55,FILL,2024-09-01T22:00:00Z,146.2,5.1,3.49,22.3,15.28,0.8,21.5,14.73
2024-09-06_2024-09-08,USDJPY.DWX,OOS,2024-09-06T20:50:00Z,2024-09-08T21:05:00Z,142.318,142.19,-0.128,-12.8,-1,LONG,1.771,0.0723,147.206,141.762,5.444,0.1021,LOWER_THIRD,0,0,0,1,2024-09-08T23:05:00Z,120,STOP,2024-09-08T21:50:00Z,142.062,14.4,10.13,-12.8,-9,0.8,-13.6,-9.56
2024-09-13_2024-09-15,USDJPY.DWX,OOS,2024-09-13T20:50:00Z,2024-09-15T21:05:00Z,140.881,140.754,-0.127,-12.7,-1,LONG,1.642,0.0774,143.795,140.28,3.515,0.171,LOWER_THIRD,0,0,1,1,2024-09-15T21:40:00Z,35,FILL,2024-09-15T21:40:00Z,140.881,0,0,12.7,9.02,0.8,11.9,8.45
2024-09-20_2024-09-22,USDJPY.DWX,OOS,2024-09-20T20:50:00Z,2024-09-22T21:05:00Z,143.904,143.796,-0.108,-10.8,-1,LONG,1.902,0.0568,144.496,139.577,4.919,0.8797,UPPER_THIRD,1,0,1,1,2024-09-22T21:05:00Z,0,FILL,2024-09-22T21:05:00Z,143.904,1.2,0.83,10.8,7.51,0.8,10,6.95
2024-09-27_2024-09-29,USDJPY.DWX,OOS,2024-09-27T20:50:00Z,2024-09-29T21:05:00Z,142.265,142.163,-0.102,-10.2,-1,LONG,1.942,0.0525,146.497,142.065,4.432,0.0451,LOWER_THIRD,0,0,1,1,2024-09-29T21:40:00Z,35,FILL,2024-09-29T21:40:00Z,142.265,6.4,4.5,10.2,7.17,0.8,9.4,6.61
2024-10-04_2024-10-06,USDJPY.DWX,OOS,2024-10-04T20:50:00Z,2024-10-06T21:05:00Z,148.643,148.731,0.088,8.8,1,SHORT,2.258,0.039,149.001,141.641,7.36,0.9514,UPPER_THIRD,0,0,0,1,2024-10-07T00:15:00Z,190,STOP,2024-10-06T21:40:00Z,148.819,11,7.4,-8.8,-5.92,0.8,-9.6,-6.45
2024-10-11_2024-10-13,USDJPY.DWX,OOS,2024-10-11T20:50:00Z,2024-10-13T21:05:00Z,149.138,149.017,-0.121,-12.1,-1,LONG,1.925,0.0629,149.542,147.34,2.202,0.8165,UPPER_THIRD,1,0,1,1,2024-10-13T21:45:00Z,40,FILL,2024-10-13T21:45:00Z,149.138,0.1,0.07,12.1,8.12,0.8,11.3,7.58
2024-10-18_2024-10-20,USDJPY.DWX,OOS,2024-10-18T20:50:00Z,2024-10-20T21:05:00Z,149.515,149.393,-0.122,-12.2,-1,LONG,1.465,0.0833,150.32,148.847,1.473,0.4535,MIDDLE_THIRD,0,0,1,1,2024-10-20T21:20:00Z,15,FILL,2024-10-20T21:20:00Z,149.515,0,0,12.2,8.17,0.8,11.4,7.63
2024-10-25_2024-10-27,USDJPY.DWX,OOS,2024-10-25T20:50:00Z,2024-10-27T21:05:00Z,152.326,153.158,0.832,83.2,1,SHORT,1.17,0.7112,153.184,149.083,4.101,0.7908,UPPER_THIRD,0,1,0,1,2024-10-31T06:45:00Z,4900,TIMESTOP,2024-10-28T12:00:00Z,152.675,72.1,47.08,48.3,31.54,0.8,47.5,31.01
2024-11-01_2024-11-03,USDJPY.DWX,OOS,2024-11-01T20:50:00Z,2024-11-03T22:05:00Z,152.982,152.251,-0.731,-73.1,-1,LONG,1.236,0.5914,153.879,151.785,2.094,0.5716,MIDDLE_THIRD,0,1,0,1,2024-11-06T01:00:00Z,3055,TIMESTOP,2024-11-04T12:00:00Z,151.658,71.8,47.16,-59.3,-38.95,0.8,-60.1,-39.47
2024-11-08_2024-11-10,USDJPY.DWX,OOS,2024-11-08T21:50:00Z,2024-11-10T22:05:00Z,152.614,152.622,0.008,0.8,1,SHORT,1.493,0.0054,154.708,151.281,3.427,0.389,MIDDLE_THIRD,0,0,0,0,,,STOP,2024-11-10T22:05:00Z,152.63,2.8,1.83,-0.8,-0.52,0.8,-1.6,-1.05
2024-11-15_2024-11-17,USDJPY.DWX,OOS,2024-11-15T21:50:00Z,2024-11-17T22:05:00Z,154.441,154.408,-0.033,-3.3,-1,LONG,1.601,0.0206,156.746,152.618,4.128,0.4416,MIDDLE_THIRD,0,0,1,1,2024-11-17T22:10:00Z,5,FILL,2024-11-17T22:10:00Z,154.441,3.2,2.07,3.3,2.14,0.8,2.5,1.62
2024-11-22_2024-11-24,USDJPY.DWX,OOS,2024-11-22T21:50:00Z,2024-11-24T22:05:00Z,154.782,154.207,-0.575,-57.5,-1,LONG,1.644,0.3498,155.882,153.276,2.606,0.5779,MIDDLE_THIRD,0,1,0,0,,,STOP,2024-11-25T02:30:00Z,153.632,65.2,42.28,-57.5,-37.29,0.8,-58.3,-37.81
2024-11-29_2024-12-01,USDJPY.DWX,OOS,2024-11-29T21:50:00Z,2024-12-01T22:05:00Z,149.623,149.602,-0.021,-2.1,-1,LONG,1.606,0.0131,154.721,149.461,5.26,0.0308,LOWER_THIRD,0,0,0,1,2024-12-01T22:20:00Z,15,STOP,2024-12-01T22:10:00Z,149.581,5.5,3.68,-2.1,-1.4,0.8,-2.9,-1.94
2024-12-06_2024-12-08,USDJPY.DWX,OOS,2024-12-06T21:50:00Z,2024-12-08T22:05:00Z,150.052,149.938,-0.114,-11.4,-1,LONG,1.54,0.074,151.226,148.641,2.585,0.5458,MIDDLE_THIRD,0,0,0,1,2024-12-09T06:15:00Z,490,STOP,2024-12-09T00:00:00Z,149.824,13.5,9,-11.4,-7.6,0.8,-12.2,-8.14
2024-12-13_2024-12-15,USDJPY.DWX,OOS,2024-12-13T21:50:00Z,2024-12-15T22:05:00Z,153.667,153.62,-0.047,-4.7,-1,LONG,1.571,0.0299,153.798,149.689,4.109,0.9681,UPPER_THIRD,1,0,1,1,2024-12-15T22:10:00Z,5,FILL,2024-12-15T22:10:00Z,153.667,0,0,4.7,3.06,0.8,3.9,2.54
2024-12-20_2024-12-22,USDJPY.DWX,OOS,2024-12-20T21:50:00Z,2024-12-22T22:05:00Z,156.453,156.318,-0.135,-13.5,-1,LONG,1.579,0.0855,157.924,153.157,4.767,0.6914,UPPER_THIRD,1,0,1,1,2024-12-22T22:15:00Z,10,FILL,2024-12-22T22:15:00Z,156.453,3.1,1.98,13.5,8.64,0.8,12.7,8.12
2024-12-27_2024-12-29,USDJPY.DWX,OOS,2024-12-27T21:50:00Z,2024-12-29T22:05:00Z,157.859,157.647,-0.212,-21.2,-1,LONG,1.391,0.1524,158.081,155.951,2.13,0.8958,UPPER_THIRD,1,0,1,1,2024-12-29T23:30:00Z,85,FILL,2024-12-29T23:30:00Z,157.859,0,0,21.2,13.45,0.8,20.4,12.94
2025-01-03_2025-01-05,USDJPY.DWX,OOS,2025-01-03T21:50:00Z,2025-01-05T22:05:00Z,157.307,157.162,-0.145,-14.5,-1,LONG,1.338,0.1084,158.07,156.019,2.051,0.628,MIDDLE_THIRD,0,0,1,1,2025-01-05T22:55:00Z,50,FILL,2025-01-05T22:55:00Z,157.307,0.7,0.45,14.5,9.23,0.8,13.7,8.72
2025-01-10_2025-01-12,USDJPY.DWX,OOS,2025-01-10T21:50:00Z,2025-01-12T22:05:00Z,157.741,157.691,-0.05,-5,-1,LONG,1.146,0.0436,158.876,156.238,2.638,0.5697,MIDDLE_THIRD,0,0,0,1,2025-01-12T22:15:00Z,10,STOP,2025-01-12T22:10:00Z,157.641,9.2,5.83,-5,-3.17,0.8,-5.8,-3.68
2025-01-17_2025-01-19,USDJPY.DWX,OOS,2025-01-17T21:50:00Z,2025-01-19T22:05:00Z,156.275,156.19,-0.085,-8.5,-1,LONG,1.294,0.0657,158.193,154.971,3.222,0.4047,MIDDLE_THIRD,0,0,1,1,2025-01-19T22:25:00Z,20,FILL,2025-01-19T22:25:00Z,156.275,0,0,8.5,5.44,0.8,7.7,4.93
2025-01-24_2025-01-26,USDJPY.DWX,OOS,2025-01-24T21:50:00Z,2025-01-26T22:05:00Z,155.937,155.684,-0.253,-25.3,-1,LONG,1.293,0.1957,156.75,154.77,1.98,0.5894,MIDDLE_THIRD,0,0,0,1,2025-01-27T04:25:00Z,380,STOP,2025-01-27T00:45:00Z,155.431,29,18.63,-25.3,-16.25,0.8,-26.1,-16.76
2025-01-31_2025-02-02,USDJPY.DWX,OOS,2025-01-31T21:50:00Z,2025-02-02T22:05:00Z,155.178,154.833,-0.345,-34.5,-1,LONG,1.467,0.2352,156.248,153.709,2.539,0.5786,MIDDLE_THIRD,0,0,1,1,2025-02-02T23:05:00Z,60,FILL,2025-02-02T23:05:00Z,155.178,6.3,4.07,34.5,22.28,0.8,33.7,21.77
2025-02-07_2025-02-09,USDJPY.DWX,OOS,2025-02-07T21:50:00Z,2025-02-09T22:05:00Z,151.444,151.323,-0.121,-12.1,-1,LONG,1.569,0.0771,155.88,150.928,4.952,0.1042,LOWER_THIRD,0,0,0,1,2025-02-09T22:25:00Z,20,STOP,2025-02-09T22:15:00Z,151.202,12.3,8.13,-12.1,-8,0.8,-12.9,-8.52
2025-02-14_2025-02-16,USDJPY.DWX,OOS,2025-02-14T21:50:00Z,2025-02-16T22:05:00Z,152.348,152.217,-0.131,-13.1,-1,LONG,1.548,0.0846,154.797,151.2,3.597,0.3192,LOWER_THIRD,0,0,1,1,2025-02-16T23:30:00Z,85,FILL,2025-02-16T23:30:00Z,152.348,3.7,2.43,13.1,8.61,0.8,12.3,8.08
2025-02-21_2025-02-23,USDJPY.DWX,OOS,2025-02-21T21:50:00Z,2025-02-23T22:05:00Z,149.32,149.222,-0.098,-9.8,-1,LONG,1.548,0.0633,152.389,148.923,3.466,0.1145,LOWER_THIRD,0,0,1,1,2025-02-23T23:15:00Z,70,FILL,2025-02-23T23:15:00Z,149.32,4.5,3.02,9.8,6.57,0.8,9,6.03
2025-02-28_2025-03-02,USDJPY.DWX,OOS,2025-02-28T21:50:00Z,2025-03-02T22:05:00Z,150.575,150.652,0.077,7.7,1,SHORT,1.487,0.0518,150.986,148.564,2.422,0.8303,UPPER_THIRD,0,0,0,1,2025-03-03T00:15:00Z,130,STOP,2025-03-02T23:00:00Z,150.729,17.6,11.68,-7.7,-5.11,0.8,-8.5,-5.64
2025-03-07_2025-03-09,USDJPY.DWX,OOS,2025-03-07T21:50:00Z,2025-03-09T21:05:00Z,148.009,147.872,-0.137,-13.7,-1,LONG,1.596,0.0858,151.302,146.942,4.36,0.2447,LOWER_THIRD,0,0,0,1,2025-03-11T13:05:00Z,2400,STOP,2025-03-09T21:55:00Z,147.735,28.7,19.41,-13.7,-9.26,0.8,-14.5,-9.81
2025-03-14_2025-03-16,USDJPY.DWX,OOS,2025-03-14T20:50:00Z,2025-03-16T21:05:00Z,148.598,148.681,0.083,8.3,1,SHORT,1.589,0.0522,149.193,146.539,2.654,0.7758,UPPER_THIRD,0,0,0,1,2025-03-16T22:45:00Z,100,STOP,2025-03-16T21:05:00Z,148.764,10.3,6.93,-8.3,-5.58,0.8,-9.1,-6.12
2025-03-21_2025-03-23,USDJPY.DWX,OOS,2025-03-21T20:50:00Z,2025-03-23T21:05:00Z,149.318,149.352,0.034,3.4,1,SHORT,1.357,0.0251,150.146,148.174,1.972,0.5801,MIDDLE_THIRD,0,0,0,0,,,STOP,2025-03-23T21:40:00Z,149.386,5.6,3.75,-3.4,-2.28,0.8,-4.2,-2.81
2025-03-28_2025-03-30,USDJPY.DWX,OOS,2025-03-28T20:50:00Z,2025-03-30T21:05:00Z,149.856,149.778,-0.078,-7.8,-1,LONG,1.223,0.0638,151.209,149.344,1.865,0.2745,LOWER_THIRD,0,0,0,1,2025-03-31T14:25:00Z,1040,STOP,2025-03-30T21:10:00Z,149.7,11,7.34,-7.8,-5.21,0.8,-8.6,-5.74
2025-04-04_2025-04-06,USDJPY.DWX,OOS,2025-04-04T20:50:00Z,2025-04-06T21:05:00Z,146.884,145.433,-1.451,-145.1,-1,LONG,1.549,0.9367,150.487,144.55,5.937,0.3931,MIDDLE_THIRD,0,1,0,1,2025-04-07T12:25:00Z,920,TIMESTOP,2025-04-07T12:00:00Z,146.457,62.2,42.77,102.4,70.41,0.8,101.6,69.86
2025-04-11_2025-04-13,USDJPY.DWX,OOS,2025-04-11T20:50:00Z,2025-04-13T21:05:00Z,143.555,143.942,0.387,38.7,1,SHORT,2.289,0.1691,148.276,142.062,6.214,0.2403,LOWER_THIRD,1,0,1,1,2025-04-13T21:45:00Z,40,FILL,2025-04-13T21:45:00Z,143.555,4.6,3.2,38.7,26.89,0.8,37.9,26.33
2025-04-18_2025-04-20,USDJPY.DWX,OOS,2025-04-18T20:50:00Z,2025-04-20T21:05:00Z,142.149,142.032,-0.117,-11.7,-1,LONG,2.276,0.0514,144.079,141.611,2.468,0.218,LOWER_THIRD,0,0,0,1,2025-04-22T21:30:00Z,2905,STOP,2025-04-20T21:10:00Z,141.915,34,23.94,-11.7,-8.24,0.8,-12.5,-8.8
2025-04-25_2025-04-27,USDJPY.DWX,OOS,2025-04-25T20:50:00Z,2025-04-27T21:05:00Z,143.735,143.558,-0.177,-17.7,-1,LONG,1.945,0.091,144.028,139.885,4.143,0.9293,UPPER_THIRD,1,0,1,1,2025-04-27T22:00:00Z,55,FILL,2025-04-27T22:00:00Z,143.735,10.3,7.17,17.7,12.33,0.8,16.9,11.77
2025-05-02_2025-05-04,USDJPY.DWX,OOS,2025-05-02T20:50:00Z,2025-05-04T21:05:00Z,144.857,144.703,-0.154,-15.4,-1,LONG,1.534,0.1004,145.923,141.961,3.962,0.7309,UPPER_THIRD,1,0,1,1,2025-05-04T21:30:00Z,25,FILL,2025-05-04T21:30:00Z,144.857,2.1,1.45,15.4,10.64,0.8,14.6,10.09
2025-05-09_2025-05-11,USDJPY.DWX,OOS,2025-05-09T20:50:00Z,2025-05-11T21:05:00Z,145.375,146.158,0.783,78.3,1,SHORT,1.747,0.4482,146.186,142.352,3.834,0.7885,UPPER_THIRD,0,1,0,1,2025-05-16T00:00:00Z,5935,STOP,2025-05-12T07:10:00Z,146.941,79.5,54.39,-78.3,-53.57,0.8,-79.1,-54.12
2025-05-16_2025-05-18,USDJPY.DWX,OOS,2025-05-16T20:50:00Z,2025-05-18T21:05:00Z,145.634,145.299,-0.335,-33.5,-1,LONG,1.782,0.188,148.647,144.919,3.728,0.1918,LOWER_THIRD,0,0,0,0,,,STOP,2025-05-19T00:50:00Z,144.964,38.2,26.29,-33.5,-23.06,0.8,-34.3,-23.61
2025-05-23_2025-05-25,USDJPY.DWX,OOS,2025-05-23T20:50:00Z,2025-05-25T21:05:00Z,142.567,142.468,-0.099,-9.9,-1,LONG,1.684,0.0588,145.512,142.419,3.093,0.0478,LOWER_THIRD,0,0,1,1,2025-05-25T22:00:00Z,55,FILL,2025-05-25T22:00:00Z,142.567,4.2,2.95,9.9,6.95,0.8,9.1,6.39
2025-05-30_2025-06-01,USDJPY.DWX,OOS,2025-05-30T20:50:00Z,2025-06-01T21:05:00Z,144.052,143.806,-0.246,-24.6,-1,LONG,1.457,0.1688,146.286,142.113,4.173,0.4647,MIDDLE_THIRD,0,0,0,1,2025-06-03T16:30:00Z,2605,STOP,2025-06-02T00:50:00Z,143.56,25.8,17.94,-24.6,-17.11,0.8,-25.4,-17.66
2025-06-06_2025-06-08,USDJPY.DWX,OOS,2025-06-06T20:50:00Z,2025-06-08T21:05:00Z,144.864,144.825,-0.039,-3.9,-1,LONG,1.565,0.0249,145.088,142.376,2.712,0.9174,UPPER_THIRD,1,0,0,1,2025-06-09T00:50:00Z,225,STOP,2025-06-08T21:10:00Z,144.786,4.8,3.31,-3.9,-2.69,0.8,-4.7,-3.25
2025-06-13_2025-06-15,USDJPY.DWX,OOS,2025-06-13T20:50:00Z,2025-06-15T21:05:00Z,144.131,143.989,-0.142,-14.2,-1,LONG,1.511,0.094,145.466,142.792,2.674,0.5007,MIDDLE_THIRD,0,0,1,1,2025-06-15T21:25:00Z,20,FILL,2025-06-15T21:25:00Z,144.131,11.6,8.06,14.2,9.86,0.8,13.4,9.31
2025-06-20_2025-06-22,USDJPY.DWX,OOS,2025-06-20T20:50:00Z,2025-06-22T21:05:00Z,146.089,146.692,0.603,60.3,1,SHORT,1.303,0.4628,146.215,143.65,2.565,0.9509,UPPER_THIRD,0,1,0,1,2025-06-23T18:10:00Z,1265,STOP,2025-06-23T06:20:00Z,147.295,62.6,42.67,-60.3,-41.11,0.8,-61.1,-41.65
2025-06-27_2025-06-29,USDJPY.DWX,OOS,2025-06-27T20:50:00Z,2025-06-29T21:05:00Z,144.665,144.352,-0.313,-31.3,-1,LONG,1.282,0.2442,148.026,143.749,4.277,0.2142,LOWER_THIRD,0,0,1,1,2025-06-30T00:50:00Z,225,FILL,2025-06-30T00:50:00Z,144.665,3,2.08,31.3,21.68,0.8,30.5,21.13
2025-07-04_2025-07-06,USDJPY.DWX,OOS,2025-07-04T20:50:00Z,2025-07-06T21:05:00Z,144.539,144.416,-0.123,-12.3,-1,LONG,1.247,0.0987,145.231,142.679,2.552,0.7288,UPPER_THIRD,1,0,1,1,2025-07-06T22:00:00Z,55,FILL,2025-07-06T22:00:00Z,144.539,4.5,3.12,12.3,8.52,0.8,11.5,7.96
2025-07-11_2025-07-13,USDJPY.DWX,OOS,2025-07-11T20:50:00Z,2025-07-13T21:05:00Z,147.414,147.166,-0.248,-24.8,-1,LONG,1.262,0.1966,147.521,144.222,3.299,0.9676,UPPER_THIRD,1,0,1,1,2025-07-13T22:50:00Z,105,FILL,2025-07-13T22:50:00Z,147.414,2.8,1.9,24.8,16.85,0.8,24,16.31
2025-07-18_2025-07-20,USDJPY.DWX,OOS,2025-07-18T20:50:00Z,2025-07-20T21:05:00Z,148.827,147.97,-0.857,-85.7,-1,LONG,1.295,0.6618,149.183,146.846,2.337,0.8477,UPPER_THIRD,1,1,0,0,,,TIMESTOP,2025-07-21T12:00:00Z,147.516,46.7,31.56,-45.4,-30.68,0.8,-46.2,-31.22
2025-07-25_2025-07-27,USDJPY.DWX,OOS,2025-07-25T20:50:00Z,2025-07-27T21:05:00Z,147.656,147.744,0.088,8.8,1,SHORT,1.288,0.0683,148.663,145.853,2.81,0.6416,MIDDLE_THIRD,0,0,1,1,2025-07-27T22:00:00Z,55,FILL,2025-07-27T22:00:00Z,147.656,0.3,0.2,8.8,5.96,0.8,8,5.41
2025-08-01_2025-08-03,USDJPY.DWX,OOS,2025-08-01T20:50:00Z,2025-08-03T21:05:00Z,147.381,147.259,-0.122,-12.2,-1,LONG,1.566,0.0779,150.913,147.289,3.624,0.0254,LOWER_THIRD,0,0,0,1,2025-08-03T23:25:00Z,140,STOP,2025-08-03T22:00:00Z,147.137,20.4,13.85,-12.2,-8.28,0.8,-13,-8.83
2025-08-08_2025-08-10,USDJPY.DWX,OOS,2025-08-08T20:50:00Z,2025-08-10T21:05:00Z,147.744,147.549,-0.195,-19.5,-1,LONG,1.423,0.1371,148.086,146.617,1.469,0.7672,UPPER_THIRD,1,0,1,1,2025-08-10T22:00:00Z,55,FILL,2025-08-10T22:00:00Z,147.744,2.2,1.49,19.5,13.22,0.8,18.7,12.67
2025-08-15_2025-08-17,USDJPY.DWX,OOS,2025-08-15T20:50:00Z,2025-08-17T21:05:00Z,147.172,147.185,0.013,1.3,1,SHORT,1.401,0.0093,148.515,146.211,2.304,0.4171,MIDDLE_THIRD,0,0,1,1,2025-08-17T21:05:00Z,0,FILL,2025-08-17T21:05:00Z,147.172,1.2,0.82,1.3,0.88,0.8,0.5,0.34
2025-08-22_2025-08-24,USDJPY.DWX,OOS,2025-08-22T20:50:00Z,2025-08-24T21:05:00Z,146.941,146.756,-0.185,-18.5,-1,LONG,1.144,0.1618,148.774,146.569,2.205,0.1687,LOWER_THIRD,0,0,1,1,2025-08-24T22:10:00Z,65,FILL,2025-08-24T22:10:00Z,146.941,0.6,0.41,18.5,12.61,0.8,17.7,12.06
2025-08-29_2025-08-31,USDJPY.DWX,OOS,2025-08-29T20:50:00Z,2025-08-31T21:05:00Z,147.032,146.956,-0.076,-7.6,-1,LONG,1.092,0.0696,148.18,146.658,1.522,0.2457,LOWER_THIRD,0,0,1,1,2025-08-31T22:00:00Z,55,FILL,2025-08-31T22:00:00Z,147.032,0,0,7.6,5.17,0.8,6.8,4.63
2025-09-05_2025-09-07,USDJPY.DWX,OOS,2025-09-05T20:50:00Z,2025-09-07T21:05:00Z,147.38,148.126,0.746,74.6,1,SHORT,1.137,0.6559,149.135,146.783,2.352,0.2538,LOWER_THIRD,1,1,0,1,2025-09-08T19:10:00Z,1325,TIMESTOP,2025-09-08T12:00:00Z,147.791,44.9,30.31,33.5,22.62,0.8,32.7,22.08
2025-09-12_2025-09-14,USDJPY.DWX,OOS,2025-09-12T20:50:00Z,2025-09-14T21:05:00Z,147.67,147.559,-0.111,-11.1,-1,LONG,1.068,0.1039,148.575,146.305,2.27,0.6013,MIDDLE_THIRD,0,0,0,1,2025-09-14T22:00:00Z,55,STOP,2025-09-14T21:10:00Z,147.448,14.2,9.62,-11.1,-7.52,0.8,-11.9,-8.06
2025-09-19_2025-09-21,USDJPY.DWX,OOS,2025-09-19T20:50:00Z,2025-09-21T21:05:00Z,147.961,147.871,-0.09,-9,-1,LONG,1.214,0.0741,148.284,145.48,2.804,0.8848,UPPER_THIRD,1,0,1,1,2025-09-21T22:05:00Z,60,FILL,2025-09-21T22:05:00Z,147.961,1,0.68,9,6.09,0.8,8.2,5.55
2025-09-26_2025-09-28,USDJPY.DWX,OOS,2025-09-26T20:50:00Z,2025-09-28T21:05:00Z,149.513,149.492,-0.021,-2.1,-1,LONG,1.03,0.0204,149.95,147.459,2.491,0.8246,UPPER_THIRD,1,0,0,0,,,STOP,2025-09-28T21:05:00Z,149.471,5.1,3.41,-2.1,-1.4,0.8,-2.9,-1.94
2025-10-03_2025-10-05,USDJPY.DWX,OOS,2025-10-03T20:50:00Z,2025-10-05T21:05:00Z,147.48,149.418,1.938,193.8,1,SHORT,1.11,1.7456,149.512,146.581,2.931,0.3067,LOWER_THIRD,1,1,0,0,,,TIMESTOP,2025-10-06T12:00:00Z,150.189,105.8,70.81,-77.1,-51.6,0.8,-77.9,-52.14
2025-11-07_2025-11-09,USDJPY.DWX,OOS,2025-11-07T21:50:00Z,2025-11-09T22:05:00Z,153.422,153.683,0.261,26.1,1,SHORT,1.304,0.2002,154.482,152.815,1.667,0.3641,MIDDLE_THIRD,0,0,1,1,2025-11-10T00:00:00Z,115,FILL,2025-11-10T00:00:00Z,153.422,17.9,11.65,26.1,16.98,0.8,25.3,16.46
2025-11-14_2025-11-16,USDJPY.DWX,OOS,2025-11-14T21:50:00Z,2025-11-16T22:05:00Z,154.514,154.418,-0.096,-9.6,-1,LONG,1.239,0.0775,155.043,153.41,1.633,0.6761,UPPER_THIRD,1,0,1,1,2025-11-16T22:15:00Z,10,FILL,2025-11-16T22:15:00Z,154.514,0.6,0.39,9.6,6.22,0.8,8.8,5.7
2025-11-21_2025-11-23,USDJPY.DWX,OOS,2025-11-21T21:50:00Z,2025-11-23T22:05:00Z,156.336,156.278,-0.058,-5.8,-1,LONG,1.108,0.0524,157.891,154.412,3.479,0.553,MIDDLE_THIRD,0,0,1,1,2025-11-23T22:05:00Z,0,FILL,2025-11-23T22:05:00Z,156.336,0.1,0.06,5.8,3.71,0.8,5,3.2
2025-11-28_2025-11-30,USDJPY.DWX,OOS,2025-11-28T21:50:00Z,2025-11-30T22:05:00Z,156.147,156.069,-0.078,-7.8,-1,LONG,1.037,0.0752,157.184,155.65,1.534,0.324,LOWER_THIRD,0,0,1,1,2025-11-30T23:35:00Z,90,FILL,2025-11-30T23:35:00Z,156.147,5.3,3.4,7.8,5,0.8,7,4.49
2025-12-05_2025-12-07,USDJPY.DWX,OOS,2025-12-05T21:50:00Z,2025-12-07T22:05:00Z,155.352,155.147,-0.205,-20.5,-1,LONG,1.078,0.1902,156.176,154.34,1.836,0.5512,MIDDLE_THIRD,0,0,1,1,2025-12-07T23:50:00Z,105,FILL,2025-12-07T23:50:00Z,155.352,1.8,1.16,20.5,13.21,0.8,19.7,12.7
2025-12-12_2025-12-14,USDJPY.DWX,OOS,2025-12-12T21:50:00Z,2025-12-14T22:10:00Z,155.85,155.812,-0.038,-3.8,-1,LONG,1.02,0.0373,156.952,154.897,2.055,0.4637,MIDDLE_THIRD,0,0,0,1,2025-12-14T22:10:00Z,0,STOP,2025-12-14T22:10:00Z,155.774,9.6,6.16,-3.8,-2.44,0.8,-4.6,-2.95
2025-12-26_2025-12-28,USDJPY.DWX,OOS,2025-12-26T21:50:00Z,2025-12-28T22:05:00Z,156.598,156.416,-0.182,-18.2,-1,LONG,1.218,0.1495,157.701,154.745,2.956,0.6269,MIDDLE_THIRD,0,0,0,1,2025-12-31T04:50:00Z,3285,STOP,2025-12-29T00:00:00Z,156.234,20.6,13.17,-18.2,-11.64,0.8,-19,-12.15
2018-01-19_2018-01-21,AUDUSD.DWX,IS,2018-01-19T21:50:00Z,2018-01-21T22:05:00Z,0.79928,0.7998,0.00052,5.2,1,SHORT,0.00561,0.0928,0.80385,0.79055,0.0133,0.6564,MIDDLE_THIRD,0,0,1,1,2018-01-21T23:25:00Z,80,FILL,2018-01-21T23:25:00Z,0.79928,4.5,5.63,5.2,6.5,0.8,4.4,5.5
2018-01-26_2018-01-28,AUDUSD.DWX,IS,2018-01-26T21:50:00Z,2018-01-28T22:05:00Z,0.81103,0.81018,-0.00085,-8.5,-1,LONG,0.00719,0.1182,0.81358,0.79563,0.01795,0.8579,UPPER_THIRD,1,0,1,1,2018-01-28T23:30:00Z,85,FILL,2018-01-28T23:30:00Z,0.81103,0.3,0.37,8.5,10.49,0.8,7.7,9.5
2018-02-02_2018-02-04,AUDUSD.DWX,IS,2018-02-02T21:50:00Z,2018-02-04T22:05:00Z,0.79225,0.79112,-0.00113,-11.3,-1,LONG,0.00775,0.1457,0.81181,0.79181,0.02,0.022,LOWER_THIRD,0,0,0,1,2018-02-05T00:55:00Z,170,STOP,2018-02-04T23:05:00Z,0.78999,14.7,18.58,-11.3,-14.28,0.8,-12.1,-15.29
2018-02-09_2018-02-11,AUDUSD.DWX,IS,2018-02-09T21:50:00Z,2018-02-11T22:05:00Z,0.78143,0.78146,3e-05,0.3,1,SHORT,0.00849,0.0035,0.79537,0.77588,0.01949,0.2848,LOWER_THIRD,1,0,0,1,2018-02-11T22:05:00Z,0,STOP,2018-02-11T22:05:00Z,0.78149,1,1.28,-0.3,-0.38,0.8,-1.1,-1.41
2018-02-16_2018-02-18,AUDUSD.DWX,IS,2018-02-16T21:50:00Z,2018-02-18T22:05:00Z,0.79133,0.79062,-0.00071,-7.1,-1,LONG,0.00841,0.0844,0.79885,0.77729,0.02156,0.6512,MIDDLE_THIRD,0,0,1,1,2018-02-18T23:05:00Z,60,FILL,2018-02-18T23:05:00Z,0.79133,0.2,0.25,7.1,8.98,0.8,6.3,7.97
2018-02-23_2018-02-25,AUDUSD.DWX,IS,2018-02-23T21:50:00Z,2018-02-25T22:05:00Z,0.78373,0.78394,0.00021,2.1,1,SHORT,0.0075,0.028,0.79351,0.77901,0.0145,0.3255,LOWER_THIRD,1,0,0,1,2018-02-25T23:50:00Z,105,STOP,2018-02-25T22:25:00Z,0.78415,2.6,3.32,-2.1,-2.68,0.8,-2.9,-3.7
2018-03-02_2018-03-04,AUDUSD.DWX,IS,2018-03-02T21:50:00Z,2018-03-04T22:05:00Z,0.77621,0.77607,-0.00014,-1.4,-1,LONG,0.00711,0.0197,0.78932,0.77124,0.01808,0.2749,LOWER_THIRD,0,0,0,1,2018-03-04T22:05:00Z,0,STOP,2018-03-04T22:05:00Z,0.77593,4.2,5.41,-1.4,-1.8,0.8,-2.2,-2.83
2018-03-09_2018-03-11,AUDUSD.DWX,IS,2018-03-09T21:50:00Z,2018-03-11T21:05:00Z,0.78468,0.78507,0.00039,3.9,1,SHORT,0.0065,0.06,0.78538,0.77255,0.01283,0.9454,UPPER_THIRD,0,0,1,1,2018-03-11T21:35:00Z,30,FILL,2018-03-11T21:35:00Z,0.78468,2,2.55,3.9,4.97,0.8,3.1,3.95
2018-03-16_2018-03-18,AUDUSD.DWX,IS,2018-03-16T20:50:00Z,2018-03-18T21:05:00Z,0.77133,0.77172,0.00039,3.9,1,SHORT,0.00646,0.0603,0.79162,0.77097,0.02065,0.0174,LOWER_THIRD,1,0,1,1,2018-03-18T21:40:00Z,35,FILL,2018-03-18T21:40:00Z,0.77133,1.3,1.68,3.9,5.05,0.8,3.1,4.02
2018-03-23_2018-03-25,AUDUSD.DWX,IS,2018-03-23T20:50:00Z,2018-03-25T21:05:00Z,0.76991,0.7702,0.00029,2.9,1,SHORT,0.00691,0.042,0.77855,0.76721,0.01134,0.2381,LOWER_THIRD,1,0,1,1,2018-03-25T21:10:00Z,5,FILL,2018-03-25T21:10:00Z,0.76991,1.9,2.47,2.9,3.77,0.8,2.1,2.73
2018-03-30_2018-04-01,AUDUSD.DWX,IS,2018-03-30T20:50:00Z,2018-04-01T21:05:00Z,0.76801,0.76856,0.00055,5.5,1,SHORT,0.00654,0.0841,0.77575,0.76427,0.01148,0.3258,LOWER_THIRD,1,0,0,1,2018-04-02T02:10:00Z,305,STOP,2018-04-01T21:05:00Z,0.76911,7.2,9.37,-5.5,-7.16,0.8,-6.3,-8.2
2018-04-06_2018-04-08,AUDUSD.DWX,IS,2018-04-06T20:50:00Z,2018-04-08T21:05:00Z,0.76756,0.76785,0.00029,2.9,1,SHORT,0.00591,0.049,0.77262,0.76495,0.00767,0.3403,MIDDLE_THIRD,0,0,1,1,2018-04-08T21:10:00Z,5,FILL,2018-04-08T21:10:00Z,0.76756,0.5,0.65,2.9,3.78,0.8,2.1,2.73
2018-04-13_2018-04-15,AUDUSD.DWX,IS,2018-04-13T20:50:00Z,2018-04-15T21:05:00Z,0.77612,0.77645,0.00033,3.3,1,SHORT,0.00518,0.0637,0.78097,0.76519,0.01578,0.6926,UPPER_THIRD,0,0,0,1,2018-04-16T06:55:00Z,590,STOP,2018-04-15T22:05:00Z,0.77678,3.5,4.51,-3.3,-4.25,0.8,-4.1,-5.28
2018-04-20_2018-04-22,AUDUSD.DWX,IS,2018-04-20T20:50:00Z,2018-04-22T21:05:00Z,0.76699,0.76711,0.00012,1.2,1,SHORT,0.00537,0.0224,0.78127,0.76552,0.01575,0.0933,LOWER_THIRD,1,0,0,1,2018-04-22T21:20:00Z,15,STOP,2018-04-22T21:10:00Z,0.76723,1.2,1.56,-1.2,-1.56,0.8,-2,-2.61
2018-04-27_2018-04-29,AUDUSD.DWX,IS,2018-04-27T20:50:00Z,2018-04-29T21:05:00Z,0.75793,0.75761,-0.00032,-3.2,-1,LONG,0.00542,0.0591,0.76826,0.75319,0.01507,0.3145,LOWER_THIRD,0,0,1,1,2018-04-29T21:25:00Z,20,FILL,2018-04-29T21:25:00Z,0.75793,0.1,0.13,3.2,4.22,0.8,2.4,3.17
2018-05-04_2018-05-06,AUDUSD.DWX,IS,2018-05-04T20:50:00Z,2018-05-06T21:05:00Z,0.75362,0.75419,0.00057,5.7,1,SHORT,0.00605,0.0943,0.7582,0.74727,0.01093,0.581,MIDDLE_THIRD,0,0,1,1,2018-05-06T21:05:00Z,0,FILL,2018-05-06T21:05:00Z,0.75362,0,0,5.7,7.56,0.8,4.9,6.5
2018-05-11_2018-05-13,AUDUSD.DWX,IS,2018-05-11T20:55:00Z,2018-05-13T21:05:00Z,0.75374,0.75403,0.00029,2.9,1,SHORT,0.00602,0.0481,0.75665,0.74123,0.01542,0.8113,UPPER_THIRD,0,0,0,1,2018-05-14T17:45:00Z,1240,STOP,2018-05-13T21:30:00Z,0.75432,3,3.98,-2.9,-3.85,0.8,-3.7,-4.91
2018-05-18_2018-05-20,AUDUSD.DWX,IS,2018-05-18T20:55:00Z,2018-05-20T21:05:00Z,0.75024,0.75171,0.00147,14.7,1,SHORT,0.00638,0.2305,0.75649,0.74471,0.01178,0.4694,MIDDLE_THIRD,0,0,0,0,,,STOP,2018-05-21T02:15:00Z,0.75318,15.7,20.89,-14.7,-19.56,0.8,-15.5,-20.62
2018-05-25_2018-05-27,AUDUSD.DWX,IS,2018-05-25T20:55:00Z,2018-05-27T21:05:00Z,0.75419,0.75589,0.0017,17,1,SHORT,0.00609,0.2791,0.76051,0.75028,0.01023,0.3822,MIDDLE_THIRD,0,0,0,1,2018-05-28T19:20:00Z,1335,STOP,2018-05-28T03:55:00Z,0.75759,17.2,22.75,-17,-22.49,0.8,-17.8,-23.55
2018-06-01_2018-06-03,AUDUSD.DWX,IS,2018-06-01T20:55:00Z,2018-06-03T21:05:00Z,0.75641,0.75617,-0.00024,-2.4,-1,LONG,0.00592,0.0406,0.7593,0.74761,0.01169,0.7528,UPPER_THIRD,1,0,1,1,2018-06-03T21:05:00Z,0,FILL,2018-06-03T21:05:00Z,0.75641,0,0,2.4,3.17,0.8,1.6,2.12
2018-06-08_2018-06-10,AUDUSD.DWX,IS,2018-06-08T20:55:00Z,2018-06-10T21:05:00Z,0.75933,0.75893,-0.0004,-4,-1,LONG,0.00607,0.0659,0.76764,0.75603,0.01161,0.2842,LOWER_THIRD,0,0,1,1,2018-06-10T21:30:00Z,25,FILL,2018-06-10T21:30:00Z,0.75933,0,0,4,5.27,0.8,3.2,4.22
2018-06-15_2018-06-17,AUDUSD.DWX,IS,2018-06-15T20:55:00Z,2018-06-17T21:05:00Z,0.74378,0.74378,0,0,0,LONG,0.00673,0,0.76235,0.74378,0.01857,0,LOWER_THIRD,0,0,0,0,,,STOP,2018-06-17T21:05:00Z,0.74378,0.1,0.13,0,0,0.8,-0.8,-1.08
2018-06-22_2018-06-24,AUDUSD.DWX,IS,2018-06-22T20:55:00Z,2018-06-24T21:05:00Z,0.74389,0.74369,-0.0002,-2,-1,LONG,0.00612,0.0327,0.74542,0.73455,0.01087,0.8592,UPPER_THIRD,1,0,1,1,2018-06-24T21:30:00Z,25,FILL,2018-06-24T21:30:00Z,0.74389,0,0,2,2.69,0.8,1.2,1.61
2018-06-29_2018-07-01,AUDUSD.DWX,IS,2018-06-29T20:55:00Z,2018-07-01T21:05:00Z,0.73997,0.74012,0.00015,1.5,1,SHORT,0.00607,0.0247,0.74422,0.73231,0.01191,0.6432,MIDDLE_THIRD,0,0,0,1,2018-07-01T21:05:00Z,0,STOP,2018-07-01T21:05:00Z,0.74027,1.7,2.3,-1.5,-2.03,0.8,-2.3,-3.11
2018-07-06_2018-07-08,AUDUSD.DWX,IS,2018-07-06T20:55:00Z,2018-07-08T21:05:00Z,0.74288,0.74298,0.0001,1,1,SHORT,0.0062,0.0161,0.74439,0.73107,0.01332,0.8866,UPPER_THIRD,0,0,0,1,2018-07-08T22:40:00Z,95,STOP,2018-07-08T21:05:00Z,0.74308,4.9,6.6,-1,-1.35,0.8,-1.8,-2.42
2018-07-13_2018-07-15,AUDUSD.DWX,IS,2018-07-13T20:55:00Z,2018-07-15T21:05:00Z,0.74182,0.74193,0.00011,1.1,1,SHORT,0.00642,0.0171,0.74837,0.736,0.01237,0.4705,MIDDLE_THIRD,0,0,0,1,2018-07-15T21:30:00Z,25,STOP,2018-07-15T21:10:00Z,0.74204,3.2,4.31,-1.1,-1.48,0.8,-1.9,-2.56
2018-07-20_2018-07-22,AUDUSD.DWX,IS,2018-07-20T20:55:00Z,2018-07-22T21:05:00Z,0.74142,0.7415,8e-05,0.8,1,SHORT,0.00688,0.0116,0.74421,0.73177,0.01244,0.7757,UPPER_THIRD,0,0,0,1,2018-07-23T07:00:00Z,595,STOP,2018-07-22T21:05:00Z,0.74158,3.3,4.45,-0.8,-1.08,0.8,-1.6,-2.16
2018-07-27_2018-07-29,AUDUSD.DWX,IS,2018-07-27T20:55:00Z,2018-07-29T21:05:00Z,0.74001,0.73985,-0.00016,-1.6,-1,LONG,0.00716,0.0224,0.7464,0.73595,0.01045,0.3885,MIDDLE_THIRD,0,0,1,1,2018-07-29T21:05:00Z,0,FILL,2018-07-29T21:05:00Z,0.74001,0,0,1.6,2.16,0.8,0.8,1.08
2018-08-03_2018-08-05,AUDUSD.DWX,IS,2018-08-03T20:55:00Z,2018-08-05T21:05:00Z,0.73946,0.73971,0.00025,2.5,1,SHORT,0.00666,0.0375,0.74406,0.73481,0.00925,0.5027,MIDDLE_THIRD,0,0,1,1,2018-08-05T21:30:00Z,25,FILL,2018-08-05T21:30:00Z,0.73946,0.9,1.22,2.5,3.38,0.8,1.7,2.3
2018-08-10_2018-08-12,AUDUSD.DWX,IS,2018-08-10T20:55:00Z,2018-08-12T21:05:00Z,0.72977,0.72725,-0.00252,-25.2,-1,LONG,0.00598,0.4213,0.7453,0.72805,0.01725,0.0997,LOWER_THIRD,0,1,1,1,2018-08-12T23:10:00Z,125,FILL,2018-08-12T23:10:00Z,0.72977,2.5,3.44,25.2,34.65,0.8,24.4,33.55
2018-08-17_2018-08-19,AUDUSD.DWX,IS,2018-08-17T20:55:00Z,2018-08-19T21:05:00Z,0.73068,0.73136,0.00068,6.8,1,SHORT,0.00582,0.1169,0.73192,0.72024,0.01168,0.8938,UPPER_THIRD,0,0,1,1,2018-08-20T00:00:00Z,175,FILL,2018-08-20T00:00:00Z,0.73068,1.8,2.46,6.8,9.3,0.8,6,8.2
2018-08-24_2018-08-26,AUDUSD.DWX,IS,2018-08-24T20:55:00Z,2018-08-26T21:05:00Z,0.73248,0.73302,0.00054,5.4,1,SHORT,0.00669,0.0807,0.73815,0.72378,0.01437,0.6054,MIDDLE_THIRD,0,0,0,1,2018-08-27T01:30:00Z,265,STOP,2018-08-26T23:35:00Z,0.73356,5.5,7.5,-5.4,-7.37,0.8,-6.2,-8.46
2018-08-31_2018-09-02,AUDUSD.DWX,IS,2018-08-31T20:55:00Z,2018-09-02T21:05:00Z,0.71907,0.71882,-0.00025,-2.5,-1,LONG,0.00654,0.0382,0.73622,0.71756,0.01866,0.0809,LOWER_THIRD,0,0,0,1,2018-09-02T22:15:00Z,70,STOP,2018-09-02T21:05:00Z,0.71857,3.7,5.15,-2.5,-3.48,0.8,-3.3,-4.59
2018-09-07_2018-09-09,AUDUSD.DWX,IS,2018-09-07T20:55:00Z,2018-09-09T21:05:00Z,0.71017,0.71016,-1e-05,-0.1,-1,LONG,0.00701,0.0014,0.72355,0.70985,0.0137,0.0234,LOWER_THIRD,0,0,1,1,2018-09-09T21:05:00Z,0,FILL,2018-09-09T21:05:00Z,0.71017,0,0,0.1,0.14,0.8,-0.7,-0.99
2018-09-14_2018-09-16,AUDUSD.DWX,IS,2018-09-14T20:55:00Z,2018-09-16T21:05:00Z,0.71463,0.71513,0.0005,5,1,SHORT,0.00663,0.0754,0.72291,0.7085,0.01441,0.4254,MIDDLE_THIRD,0,0,0,1,2018-09-16T23:40:00Z,155,STOP,2018-09-16T21:30:00Z,0.71563,5.2,7.27,-5,-6.99,0.8,-5.8,-8.11
2018-09-21_2018-09-23,AUDUSD.DWX,IS,2018-09-21T20:55:00Z,2018-09-23T21:00:00Z,0.7286,0.72604,-0.00256,-25.6,-1,LONG,0.00626,0.4092,0.73035,0.71418,0.01617,0.8918,UPPER_THIRD,1,1,0,1,2018-09-26T18:00:00Z,4140,TIMESTOP,2018-09-24T12:00:00Z,0.7273,7.9,10.88,12.6,17.35,0.8,11.8,16.25
2018-09-28_2018-09-30,AUDUSD.DWX,IS,2018-09-28T20:55:00Z,2018-09-30T21:05:00Z,0.72144,0.72237,0.00093,9.3,1,SHORT,0.0056,0.166,0.73149,0.72022,0.01127,0.1083,LOWER_THIRD,1,0,1,1,2018-10-01T04:30:00Z,445,FILL,2018-10-01T04:30:00Z,0.72144,8.1,11.21,9.3,12.87,0.8,8.5,11.77
2018-10-05_2018-10-07,AUDUSD.DWX,IS,2018-10-05T20:55:00Z,2018-10-07T21:05:00Z,0.70435,0.7056,0.00125,12.5,1,SHORT,0.00537,0.2329,0.72378,0.70423,0.01955,0.0061,LOWER_THIRD,1,0,1,1,2018-10-08T08:00:00Z,655,FILL,2018-10-08T08:00:00Z,0.70435,8.2,11.62,12.5,17.72,0.8,11.7,16.58
2018-10-12_2018-10-14,AUDUSD.DWX,IS,2018-10-12T20:55:00Z,2018-10-14T21:05:00Z,0.71098,0.71036,-0.00062,-6.2,-1,LONG,0.00568,0.1092,0.71395,0.70411,0.00984,0.6982,UPPER_THIRD,1,0,1,1,2018-10-14T21:05:00Z,0,FILL,2018-10-14T21:05:00Z,0.71098,0,0,6.2,8.73,0.8,5.4,7.6
2018-10-19_2018-10-21,AUDUSD.DWX,IS,2018-10-19T20:55:00Z,2018-10-21T21:05:00Z,0.71128,0.71083,-0.00045,-4.5,-1,LONG,0.00587,0.0767,0.71594,0.70887,0.00707,0.3409,MIDDLE_THIRD,0,0,1,1,2018-10-21T21:05:00Z,0,FILL,2018-10-21T21:05:00Z,0.71128,0,0,4.5,6.33,0.8,3.7,5.21
2018-10-26_2018-10-28,AUDUSD.DWX,IS,2018-10-26T20:55:00Z,2018-10-28T21:05:00Z,0.70902,0.70902,0,0,0,LONG,0.00557,0,0.71249,0.70208,0.01041,0.6667,UPPER_THIRD,0,0,0,0,,,STOP,2018-10-28T21:05:00Z,0.70902,1.5,2.12,0,0,0.8,-0.8,-1.13
2018-11-02_2018-11-04,AUDUSD.DWX,IS,2018-11-02T20:55:00Z,2018-11-04T22:05:00Z,0.71939,0.71872,-0.00067,-6.7,-1,LONG,0.0061,0.1098,0.72583,0.70506,0.02077,0.6899,UPPER_THIRD,1,0,1,1,2018-11-04T22:15:00Z,10,FILL,2018-11-04T22:15:00Z,0.71939,0,0,6.7,9.32,0.8,5.9,8.21
2018-11-09_2018-11-11,AUDUSD.DWX,IS,2018-11-09T21:55:00Z,2018-11-11T22:05:00Z,0.72227,0.72183,-0.00044,-4.4,-1,LONG,0.0062,0.0709,0.73023,0.71823,0.012,0.3367,MIDDLE_THIRD,0,0,0,1,2018-11-11T23:30:00Z,85,STOP,2018-11-11T22:55:00Z,0.72139,4.6,6.37,-4.4,-6.1,0.8,-5.2,-7.2
2018-11-16_2018-11-18,AUDUSD.DWX,IS,2018-11-16T21:55:00Z,2018-11-18T22:05:00Z,0.73263,0.73087,-0.00176,-17.6,-1,LONG,0.00677,0.26,0.73372,0.7164,0.01732,0.9371,UPPER_THIRD,1,0,0,0,,,TIMESTOP,2018-11-19T12:00:00Z,0.72956,13.8,18.88,-13.1,-17.92,0.8,-13.9,-19.02
2018-11-23_2018-11-25,AUDUSD.DWX,IS,2018-11-23T21:55:00Z,2018-11-25T22:05:00Z,0.72248,0.7226,0.00012,1.2,1,SHORT,0.00622,0.0193,0.73255,0.72015,0.0124,0.1879,LOWER_THIRD,1,0,0,1,2018-11-26T01:45:00Z,220,STOP,2018-11-25T22:05:00Z,0.72272,2,2.77,-1.2,-1.66,0.8,-2,-2.77
2018-11-30_2018-12-02,AUDUSD.DWX,IS,2018-11-30T21:55:00Z,2018-12-02T22:05:00Z,0.73107,0.73772,0.00665,66.5,1,SHORT,0.00643,1.0341,0.73442,0.71991,0.01451,0.7691,UPPER_THIRD,0,1,0,1,2018-12-05T00:30:00Z,3025,TIMESTOP,2018-12-03T12:00:00Z,0.73709,15.5,21.01,6.3,8.54,0.8,5.5,7.46
2018-12-07_2018-12-09,AUDUSD.DWX,IS,2018-12-07T21:50:00Z,2018-12-09T22:05:00Z,0.72007,0.719,-0.00107,-10.7,-1,LONG,0.0067,0.1597,0.73933,0.71915,0.02018,0.0456,LOWER_THIRD,0,0,0,1,2018-12-10T00:45:00Z,160,STOP,2018-12-09T23:50:00Z,0.71793,12,16.69,-10.7,-14.88,0.8,-11.5,-15.99
2018-12-14_2018-12-16,AUDUSD.DWX,IS,2018-12-14T21:50:00Z,2018-12-16T22:05:00Z,0.71733,0.71736,3e-05,0.3,1,SHORT,0.00631,0.0048,0.72464,0.71511,0.00953,0.2329,LOWER_THIRD,1,0,0,1,2018-12-16T22:05:00Z,0,STOP,2018-12-16T22:05:00Z,0.71739,1.2,1.67,-0.3,-0.42,0.8,-1.1,-1.53
2018-12-21_2018-12-23,AUDUSD.DWX,IS,2018-12-21T21:50:00Z,2018-12-23T22:05:00Z,0.70353,0.70419,0.00066,6.6,1,SHORT,0.00612,0.1078,0.72034,0.70342,0.01692,0.0065,LOWER_THIRD,1,0,1,1,2018-12-23T22:10:00Z,5,FILL,2018-12-23T22:10:00Z,0.70353,0.5,0.71,6.6,9.37,0.8,5.8,8.24
2018-12-28_2018-12-30,AUDUSD.DWX,IS,2018-12-28T21:50:00Z,2018-12-30T22:05:00Z,0.70381,0.70419,0.00038,3.8,1,SHORT,0.00535,0.0711,0.71231,0.70165,0.01066,0.2026,LOWER_THIRD,1,0,0,1,2018-12-31T16:00:00Z,1075,STOP,2018-12-30T22:55:00Z,0.70457,4.3,6.11,-3.8,-5.4,0.8,-4.6,-6.53
2019-01-04_2019-01-06,AUDUSD.DWX,IS,2019-01-04T21:50:00Z,2019-01-06T22:05:00Z,0.71183,0.7114,-0.00043,-4.3,-1,LONG,0.00791,0.0544,0.71245,0.67328,0.03917,0.9842,UPPER_THIRD,1,0,0,1,2019-01-06T22:55:00Z,50,STOP,2019-01-06T22:30:00Z,0.71097,4.9,6.89,-4.3,-6.04,0.8,-5.1,-7.17
2019-01-11_2019-01-13,AUDUSD.DWX,IS,2019-01-11T21:50:00Z,2019-01-13T22:05:00Z,0.72112,0.72089,-0.00023,-2.3,-1,LONG,0.00739,0.0311,0.72351,0.71091,0.0126,0.8103,UPPER_THIRD,1,0,0,1,2019-01-14T00:45:00Z,160,STOP,2019-01-13T23:05:00Z,0.72066,5.8,8.05,-2.3,-3.19,0.8,-3.1,-4.3
2019-01-18_2019-01-20,AUDUSD.DWX,IS,2019-01-18T21:50:00Z,2019-01-20T22:05:00Z,0.71655,0.71653,-2e-05,-0.2,-1,LONG,0.00736,0.0027,0.72255,0.71466,0.00789,0.2395,LOWER_THIRD,0,0,0,1,2019-01-20T22:05:00Z,0,STOP,2019-01-20T22:05:00Z,0.71651,0.2,0.28,-0.2,-0.28,0.8,-1,-1.4
2019-01-25_2019-01-27,AUDUSD.DWX,IS,2019-01-25T21:50:00Z,2019-01-27T22:05:00Z,0.71799,0.71758,-0.00041,-4.1,-1,LONG,0.00551,0.0744,0.71851,0.70757,0.01094,0.9525,UPPER_THIRD,1,0,1,1,2019-01-27T22:50:00Z,45,FILL,2019-01-27T22:50:00Z,0.71799,2,2.79,4.1,5.71,0.8,3.3,4.6
2019-02-01_2019-02-03,AUDUSD.DWX,IS,2019-02-01T21:50:00Z,2019-02-03T22:05:00Z,0.72475,0.7246,-0.00015,-1.5,-1,LONG,0.00598,0.0251,0.72952,0.71377,0.01575,0.6971,UPPER_THIRD,1,0,0,1,2019-02-03T22:55:00Z,50,STOP,2019-02-03T22:30:00Z,0.72445,2.1,2.9,-1.5,-2.07,0.8,-2.3,-3.17
2019-02-08_2019-02-10,AUDUSD.DWX,IS,2019-02-08T21:50:00Z,2019-02-10T22:05:00Z,0.70889,0.70835,-0.00054,-5.4,-1,LONG,0.00642,0.0841,0.72645,0.70603,0.02042,0.1401,LOWER_THIRD,0,0,1,1,2019-02-10T22:15:00Z,10,FILL,2019-02-10T22:15:00Z,0.70889,0.7,0.99,5.4,7.62,0.8,4.6,6.49
2019-02-15_2019-02-17,AUDUSD.DWX,IS,2019-02-15T21:50:00Z,2019-02-17T22:05:00Z,0.71391,0.71337,-0.00054,-5.4,-1,LONG,0.0062,0.0871,0.71484,0.70539,0.00945,0.9016,UPPER_THIRD,1,0,1,1,2019-02-17T22:55:00Z,50,FILL,2019-02-17T22:55:00Z,0.71391,0.1,0.14,5.4,7.57,0.8,4.6,6.45
2019-02-22_2019-02-24,AUDUSD.DWX,IS,2019-02-22T21:50:00Z,2019-02-24T22:05:00Z,0.71307,0.71336,0.00029,2.9,1,SHORT,0.00654,0.0443,0.72067,0.70699,0.01368,0.4444,MIDDLE_THIRD,0,0,0,1,2019-02-24T22:30:00Z,25,STOP,2019-02-24T22:05:00Z,0.71365,3.3,4.63,-2.9,-4.07,0.8,-3.7,-5.19
2019-03-01_2019-03-03,AUDUSD.DWX,IS,2019-03-01T21:50:00Z,2019-03-03T22:05:00Z,0.70798,0.71021,0.00223,22.3,1,SHORT,0.00634,0.3515,0.71988,0.70693,0.01295,0.0811,LOWER_THIRD,1,1,1,1,2019-03-04T00:45:00Z,160,FILL,2019-03-04T00:45:00Z,0.70798,5.3,7.46,22.3,31.4,0.8,21.5,30.27
2019-03-08_2019-03-10,AUDUSD.DWX,IS,2019-03-08T21:50:00Z,2019-03-10T21:05:00Z,0.70452,0.70319,-0.00133,-13.3,-1,LONG,0.00615,0.2162,0.71074,0.7003,0.01044,0.4042,MIDDLE_THIRD,0,0,1,1,2019-03-11T05:00:00Z,475,FILL,2019-03-11T05:00:00Z,0.70452,5.4,7.68,13.3,18.91,0.8,12.5,17.78
2019-03-15_2019-03-17,AUDUSD.DWX,IS,2019-03-15T20:50:00Z,2019-03-17T21:05:00Z,0.70851,0.7083,-0.00021,-2.1,-1,LONG,0.00512,0.041,0.70978,0.70265,0.00713,0.8219,UPPER_THIRD,1,0,1,1,2019-03-17T21:05:00Z,0,FILL,2019-03-17T21:05:00Z,0.70851,0,0,2.1,2.96,0.8,1.3,1.84
2019-03-22_2019-03-24,AUDUSD.DWX,IS,2019-03-22T20:50:00Z,2019-03-24T21:05:00Z,0.70795,0.70764,-0.00031,-3.1,-1,LONG,0.0051,0.0608,0.71681,0.70566,0.01115,0.2054,LOWER_THIRD,0,0,1,1,2019-03-24T21:25:00Z,20,FILL,2019-03-24T21:25:00Z,0.70795,0.1,0.14,3.1,4.38,0.8,2.3,3.25
2019-03-29_2019-03-31,AUDUSD.DWX,IS,2019-03-29T20:50:00Z,2019-03-31T21:05:00Z,0.70975,0.71173,0.00198,19.8,1,SHORT,0.00501,0.3953,0.71474,0.70643,0.00831,0.3995,MIDDLE_THIRD,0,1,0,1,2019-04-02T03:30:00Z,1825,TIMESTOP,2019-04-01T12:00:00Z,0.71208,14.4,20.23,-3.5,-4.92,0.8,-4.3,-6.04
2019-04-05_2019-04-07,AUDUSD.DWX,IS,2019-04-05T20:55:00Z,2019-04-07T21:05:00Z,0.71056,0.71034,-0.00022,-2.2,-1,LONG,0.00528,0.0416,0.71317,0.70525,0.00792,0.6705,UPPER_THIRD,1,0,0,1,2019-04-07T21:10:00Z,5,STOP,2019-04-07T21:05:00Z,0.71012,2.2,3.1,-2.2,-3.1,0.8,-3,-4.22
2019-04-12_2019-04-14,AUDUSD.DWX,IS,2019-04-12T20:50:00Z,2019-04-14T21:05:00Z,0.71715,0.71755,0.0004,4,1,SHORT,0.00514,0.0778,0.71922,0.70873,0.01049,0.8027,UPPER_THIRD,0,0,1,1,2019-04-14T21:05:00Z,0,FILL,2019-04-14T21:05:00Z,0.71715,1.9,2.65,4,5.57,0.8,3.2,4.46
2019-04-19_2019-04-21,AUDUSD.DWX,IS,2019-04-19T20:50:00Z,2019-04-21T21:05:00Z,0.71506,0.71483,-0.00023,-2.3,-1,LONG,0.00488,0.0471,0.72059,0.71364,0.00695,0.2043,LOWER_THIRD,0,0,0,1,2019-04-21T21:05:00Z,0,STOP,2019-04-21T21:05:00Z,0.7146,5.6,7.83,-2.3,-3.22,0.8,-3.1,-4.34
2019-04-26_2019-04-28,AUDUSD.DWX,IS,2019-04-26T20:50:00Z,2019-04-28T21:05:00Z,0.7043,0.70356,-0.00074,-7.4,-1,LONG,0.00492,0.1504,0.7153,0.69881,0.01649,0.3329,LOWER_THIRD,0,0,1,1,2019-04-28T21:40:00Z,35,FILL,2019-04-28T21:40:00Z,0.7043,0.3,0.43,7.4,10.52,0.8,6.6,9.38
2019-05-03_2019-05-05,AUDUSD.DWX,IS,2019-05-03T20:50:00Z,2019-05-05T21:05:00Z,0.70236,0.69708,-0.00528,-52.8,-1,LONG,0.00452,1.1689,0.7069,0.69843,0.00847,0.464,MIDDLE_THIRD,0,1,0,1,2019-05-07T04:30:00Z,1885,TIMESTOP,2019-05-06T12:00:00Z,0.69919,8.1,11.62,21.1,30.27,0.8,20.3,29.12
2019-05-10_2019-05-12,AUDUSD.DWX,IS,2019-05-10T20:50:00Z,2019-05-12T21:05:00Z,0.69984,0.69942,-0.00042,-4.2,-1,LONG,0.00487,0.0863,0.70481,0.69627,0.00854,0.418,MIDDLE_THIRD,0,0,1,1,2019-05-12T21:05:00Z,0,FILL,2019-05-12T21:05:00Z,0.69984,0.6,0.86,4.2,6,0.8,3.4,4.86
2019-05-17_2019-05-19,AUDUSD.DWX,IS,2019-05-17T20:55:00Z,2019-05-19T21:00:00Z,0.68665,0.69101,0.00436,43.6,1,SHORT,0.00434,1.0044,0.7001,0.68647,0.01363,0.0132,LOWER_THIRD,1,1,0,1,2019-05-21T13:55:00Z,2455,TIMESTOP,2019-05-20T12:00:00Z,0.69158,24,34.73,-5.7,-8.25,0.8,-6.5,-9.41
2019-05-24_2019-05-26,AUDUSD.DWX,IS,2019-05-24T20:55:00Z,2019-05-26T21:05:00Z,0.69207,0.69302,0.00095,9.5,1,SHORT,0.00448,0.2122,0.69345,0.68645,0.007,0.8029,UPPER_THIRD,0,0,0,1,2019-05-27T13:20:00Z,975,TIMESTOP,2019-05-27T12:00:00Z,0.69258,8.2,11.83,4.4,6.35,0.8,3.6,5.19
2019-05-31_2019-06-02,AUDUSD.DWX,IS,2019-05-31T20:55:00Z,2019-06-02T21:05:00Z,0.69338,0.69325,-0.00013,-1.3,-1,LONG,0.00384,0.0339,0.6944,0.68987,0.00453,0.7748,UPPER_THIRD,1,0,0,1,2019-06-02T21:25:00Z,20,STOP,2019-06-02T21:05:00Z,0.69312,3.4,4.9,-1.3,-1.88,0.8,-2.1,-3.03
2019-06-07_2019-06-09,AUDUSD.DWX,IS,2019-06-07T20:50:00Z,2019-06-09T21:05:00Z,0.69988,0.70044,0.00056,5.6,1,SHORT,0.00408,0.1374,0.70219,0.69271,0.00948,0.7563,UPPER_THIRD,0,0,1,1,2019-06-09T22:10:00Z,65,FILL,2019-06-09T22:10:00Z,0.69988,3.1,4.43,5.6,7.99,0.8,4.8,6.85
2019-06-14_2019-06-16,AUDUSD.DWX,IS,2019-06-14T20:50:00Z,2019-06-16T21:05:00Z,0.68696,0.68734,0.00038,3.8,1,SHORT,0.00406,0.0935,0.70075,0.68613,0.01462,0.0568,LOWER_THIRD,1,0,0,1,2019-06-17T10:30:00Z,805,STOP,2019-06-16T23:10:00Z,0.68772,4.1,5.97,-3.8,-5.53,0.8,-4.6,-6.69
2019-06-21_2019-06-23,AUDUSD.DWX,IS,2019-06-21T20:50:00Z,2019-06-23T21:05:00Z,0.69279,0.69308,0.00029,2.9,1,SHORT,0.00441,0.0657,0.6938,0.68315,0.01065,0.9052,UPPER_THIRD,0,0,0,0,,,STOP,2019-06-23T21:30:00Z,0.69337,3.4,4.91,-2.9,-4.18,0.8,-3.7,-5.34
2019-06-28_2019-06-30,AUDUSD.DWX,IS,2019-06-28T20:50:00Z,2019-06-30T21:05:00Z,0.70224,0.70258,0.00034,3.4,1,SHORT,0.00397,0.0856,0.70226,0.69291,0.00935,0.9979,UPPER_THIRD,0,0,0,1,2019-06-30T23:55:00Z,170,STOP,2019-06-30T21:05:00Z,0.70292,8.7,12.38,-3.4,-4.84,0.8,-4.2,-5.98
2019-07-05_2019-07-07,AUDUSD.DWX,IS,2019-07-05T20:50:00Z,2019-07-07T21:05:00Z,0.69788,0.69751,-0.00037,-3.7,-1,LONG,0.00463,0.0799,0.70479,0.69559,0.0092,0.2489,LOWER_THIRD,0,0,1,1,2019-07-07T21:20:00Z,15,FILL,2019-07-07T21:20:00Z,0.69788,0.1,0.14,3.7,5.3,0.8,2.9,4.16
2019-07-12_2019-07-14,AUDUSD.DWX,IS,2019-07-12T20:50:00Z,2019-07-14T21:05:00Z,0.70223,0.70141,-0.00082,-8.2,-1,LONG,0.00457,0.1796,0.70248,0.69104,0.01144,0.9781,UPPER_THIRD,1,0,1,1,2019-07-14T22:15:00Z,70,FILL,2019-07-14T22:15:00Z,0.70223,0.2,0.29,8.2,11.69,0.8,7.4,10.55
2019-07-19_2019-07-21,AUDUSD.DWX,IS,2019-07-19T20:50:00Z,2019-07-21T21:05:00Z,0.70452,0.70406,-0.00046,-4.6,-1,LONG,0.00455,0.1011,0.70819,0.69962,0.00857,0.5718,MIDDLE_THIRD,0,0,1,1,2019-07-21T21:25:00Z,20,FILL,2019-07-21T21:25:00Z,0.70452,0,0,4.6,6.53,0.8,3.8,5.4
2019-07-26_2019-07-28,AUDUSD.DWX,IS,2019-07-26T20:50:00Z,2019-07-28T21:05:00Z,0.69079,0.69049,-0.0003,-3,-1,LONG,0.00431,0.0696,0.70571,0.69028,0.01543,0.0331,LOWER_THIRD,0,0,1,1,2019-07-28T21:30:00Z,25,FILL,2019-07-28T21:30:00Z,0.69079,0,0,3,4.34,0.8,2.2,3.19
2019-08-02_2019-08-04,AUDUSD.DWX,IS,2019-08-02T20:50:00Z,2019-08-04T21:05:00Z,0.67983,0.67936,-0.00047,-4.7,-1,LONG,0.00451,0.1042,0.69163,0.67629,0.01534,0.2308,LOWER_THIRD,0,0,0,1,2019-08-05T00:30:00Z,205,STOP,2019-08-05T00:00:00Z,0.67889,7.4,10.89,-4.7,-6.92,0.8,-5.5,-8.1
2019-08-09_2019-08-11,AUDUSD.DWX,IS,2019-08-09T20:50:00Z,2019-08-11T21:05:00Z,0.6783,0.67814,-0.00016,-1.6,-1,LONG,0.00539,0.0297,0.68218,0.66769,0.01449,0.7322,UPPER_THIRD,1,0,1,1,2019-08-11T21:10:00Z,5,FILL,2019-08-11T21:10:00Z,0.6783,0,0,1.6,2.36,0.8,0.8,1.18
2019-08-16_2019-08-18,AUDUSD.DWX,IS,2019-08-16T20:50:00Z,2019-08-18T21:05:00Z,0.67763,0.67771,8e-05,0.8,1,SHORT,0.00594,0.0135,0.68181,0.67354,0.00827,0.4946,MIDDLE_THIRD,0,0,0,1,2019-08-19T01:50:00Z,285,STOP,2019-08-18T21:05:00Z,0.67779,6.5,9.59,-0.8,-1.18,0.8,-1.6,-2.36
2019-08-23_2019-08-25,AUDUSD.DWX,IS,2019-08-23T20:50:00Z,2019-08-25T21:05:00Z,0.67516,0.6736,-0.00156,-15.6,-1,LONG,0.00509,0.3067,0.6799,0.67357,0.00633,0.2512,LOWER_THIRD,0,1,0,1,2019-08-26T06:55:00Z,590,STOP,2019-08-25T22:20:00Z,0.67204,30.9,45.87,-15.6,-23.16,0.8,-16.4,-24.35
2019-08-30_2019-09-01,AUDUSD.DWX,IS,2019-08-30T20:50:00Z,2019-09-01T21:05:00Z,0.67373,0.67241,-0.00132,-13.2,-1,LONG,0.00444,0.297,0.67879,0.66891,0.00988,0.4879,MIDDLE_THIRD,0,0,0,1,2019-09-03T13:35:00Z,2430,TIMESTOP,2019-09-02T12:00:00Z,0.67131,11,16.36,-11,-16.36,0.8,-11.8,-17.55
2019-09-06_2019-09-08,AUDUSD.DWX,IS,2019-09-06T20:50:00Z,2019-09-08T21:05:00Z,0.68488,0.68401,-0.00087,-8.7,-1,LONG,0.00442,0.1967,0.68615,0.66875,0.0174,0.927,UPPER_THIRD,1,0,1,1,2019-09-08T22:30:00Z,85,FILL,2019-09-08T22:30:00Z,0.68488,0,0,8.7,12.72,0.8,7.9,11.55
2019-09-13_2019-09-15,AUDUSD.DWX,IS,2019-09-13T20:50:00Z,2019-09-15T21:05:00Z,0.68819,0.6865,-0.00169,-16.9,-1,LONG,0.00384,0.4399,0.68944,0.68372,0.00572,0.7815,UPPER_THIRD,1,1,1,1,2019-09-15T23:00:00Z,115,FILL,2019-09-15T23:00:00Z,0.68819,2,2.91,16.9,24.62,0.8,16.1,23.45
2019-09-20_2019-09-22,AUDUSD.DWX,IS,2019-09-20T20:50:00Z,2019-09-22T21:05:00Z,0.67623,0.67671,0.00048,4.8,1,SHORT,0.0043,0.1117,0.68838,0.67599,0.01239,0.0194,LOWER_THIRD,1,0,0,1,2019-09-25T12:00:00Z,3775,STOP,2019-09-22T23:15:00Z,0.67719,5,7.39,-4.8,-7.09,0.8,-5.6,-8.28
2019-09-27_2019-09-29,AUDUSD.DWX,IS,2019-09-27T20:50:00Z,2019-09-29T21:05:00Z,0.6766,0.67604,-0.00056,-5.6,-1,LONG,0.0039,0.1437,0.68059,0.67388,0.00671,0.4054,MIDDLE_THIRD,0,0,0,1,2019-09-30T01:45:00Z,280,STOP,2019-09-30T01:15:00Z,0.67548,6,8.88,-5.6,-8.28,0.8,-6.4,-9.47
2019-10-04_2019-10-06,AUDUSD.DWX,IS,2019-10-04T20:50:00Z,2019-10-06T21:05:00Z,0.67664,0.67556,-0.00108,-10.8,-1,LONG,0.00471,0.2291,0.67768,0.66706,0.01062,0.9021,UPPER_THIRD,1,0,0,1,2019-10-10T09:55:00Z,5090,STOP,2019-10-07T08:10:00Z,0.67448,13.4,19.84,-10.8,-15.99,0.8,-11.6,-17.17
2019-10-11_2019-10-13,AUDUSD.DWX,IS,2019-10-11T20:50:00Z,2019-10-13T21:05:00Z,0.67936,0.67879,-0.00057,-5.7,-1,LONG,0.00475,0.12,0.68104,0.67101,0.01003,0.8325,UPPER_THIRD,1,0,1,1,2019-10-13T21:45:00Z,40,FILL,2019-10-13T21:45:00Z,0.67936,0,0,5.7,8.4,0.8,4.9,7.22
2019-10-18_2019-10-20,AUDUSD.DWX,IS,2019-10-18T20:50:00Z,2019-10-20T21:05:00Z,0.68563,0.68505,-0.00058,-5.8,-1,LONG,0.0051,0.1137,0.68565,0.67236,0.01329,0.9985,UPPER_THIRD,1,0,0,1,2019-10-21T00:50:00Z,225,STOP,2019-10-20T22:10:00Z,0.68447,9.8,14.31,-5.8,-8.47,0.8,-6.6,-9.63
2019-10-25_2019-10-27,AUDUSD.DWX,IS,2019-10-25T20:50:00Z,2019-10-27T21:05:00Z,0.68208,0.68181,-0.00027,-2.7,-1,LONG,0.00439,0.0616,0.68827,0.68091,0.00736,0.159,LOWER_THIRD,0,0,1,1,2019-10-27T21:25:00Z,20,FILL,2019-10-27T21:25:00Z,0.68208,0.4,0.59,2.7,3.96,0.8,1.9,2.79
2019-11-01_2019-11-03,AUDUSD.DWX,IS,2019-11-01T20:50:00Z,2019-11-03T22:05:00Z,0.69131,0.69128,-3e-05,-0.3,-1,LONG,0.00422,0.0071,0.69295,0.68109,0.01186,0.8617,UPPER_THIRD,1,0,0,1,2019-11-03T22:05:00Z,0,STOP,2019-11-03T22:05:00Z,0.69125,1.2,1.74,-0.3,-0.43,0.8,-1.1,-1.59
2019-11-08_2019-11-10,AUDUSD.DWX,IS,2019-11-08T21:50:00Z,2019-11-10T22:05:00Z,0.68579,0.68573,-6e-05,-0.6,-1,LONG,0.00424,0.0141,0.6928,0.68475,0.00805,0.1292,LOWER_THIRD,0,0,0,1,2019-11-10T22:10:00Z,5,STOP,2019-11-10T22:05:00Z,0.68567,1.2,1.75,-0.6,-0.87,0.8,-1.4,-2.04
2019-11-15_2019-11-17,AUDUSD.DWX,IS,2019-11-15T21:50:00Z,2019-11-17T22:05:00Z,0.68205,0.68112,-0.00093,-9.3,-1,LONG,0.00441,0.2108,0.68654,0.67693,0.00961,0.5328,MIDDLE_THIRD,0,0,0,1,2019-11-18T16:30:00Z,1105,TIMESTOP,2019-11-18T12:00:00Z,0.68129,3.9,5.73,1.7,2.5,0.8,0.9,1.32
2019-11-22_2019-11-24,AUDUSD.DWX,IS,2019-11-22T21:50:00Z,2019-11-24T22:05:00Z,0.67853,0.67892,0.00039,3.9,1,SHORT,0.00401,0.0974,0.68345,0.67804,0.00541,0.0906,LOWER_THIRD,1,0,0,1,2019-11-25T11:05:00Z,780,STOP,2019-11-25T00:00:00Z,0.67931,4.2,6.19,-3.9,-5.74,0.8,-4.7,-6.92
2019-11-29_2019-12-01,AUDUSD.DWX,IS,2019-11-29T21:50:00Z,2019-12-01T22:05:00Z,0.6758,0.67688,0.00108,10.8,1,SHORT,0.00332,0.3257,0.67992,0.67541,0.00451,0.0865,LOWER_THIRD,1,1,0,0,,,STOP,2019-12-02T08:25:00Z,0.67796,11,16.25,-10.8,-15.96,0.8,-11.6,-17.14
2019-12-06_2019-12-08,AUDUSD.DWX,IS,2019-12-06T21:50:00Z,2019-12-08T22:05:00Z,0.68409,0.68313,-0.00096,-9.6,-1,LONG,0.00351,0.2735,0.6862,0.67614,0.01006,0.7903,UPPER_THIRD,1,0,0,1,2019-12-11T13:20:00Z,3795,STOP,2019-12-09T08:40:00Z,0.68217,10,14.64,-9.6,-14.05,0.8,-10.4,-15.22
2019-12-13_2019-12-15,AUDUSD.DWX,IS,2019-12-13T21:50:00Z,2019-12-15T22:05:00Z,0.68755,0.68832,0.00077,7.7,1,SHORT,0.00414,0.1862,0.69388,0.68003,0.01385,0.543,MIDDLE_THIRD,0,0,1,1,2019-12-15T22:25:00Z,20,FILL,2019-12-15T22:25:00Z,0.68755,1.2,1.74,7.7,11.19,0.8,6.9,10.02
2019-12-20_2019-12-22,AUDUSD.DWX,IS,2019-12-20T21:50:00Z,2019-12-22T22:05:00Z,0.69004,0.68947,-0.00057,-5.7,-1,LONG,0.00418,0.1363,0.69066,0.68383,0.00683,0.9092,UPPER_THIRD,1,0,1,1,2019-12-22T23:35:00Z,90,FILL,2019-12-22T23:35:00Z,0.69004,3.6,5.22,5.7,8.27,0.8,4.9,7.11
2019-12-27_2019-12-29,AUDUSD.DWX,IS,2019-12-27T21:50:00Z,2019-12-29T22:05:00Z,0.69846,0.69838,-8e-05,-0.8,-1,LONG,0.00398,0.0201,0.6987,0.68911,0.00959,0.975,UPPER_THIRD,1,0,1,1,2019-12-29T22:05:00Z,0,FILL,2019-12-29T22:05:00Z,0.69846,0.7,1,0.8,1.15,0.8,-0,-0
2020-01-03_2020-01-05,AUDUSD.DWX,IS,2020-01-03T21:50:00Z,2020-01-05T22:05:00Z,0.69448,0.69411,-0.00037,-3.7,-1,LONG,0.0033,0.1122,0.70317,0.69303,0.01014,0.143,LOWER_THIRD,0,0,0,1,2020-01-05T23:55:00Z,110,STOP,2020-01-05T22:55:00Z,0.69374,5.4,7.78,-3.7,-5.33,0.8,-4.5,-6.48
2020-01-10_2020-01-12,AUDUSD.DWX,IS,2020-01-10T21:50:00Z,2020-01-12T22:05:00Z,0.68987,0.68979,-8e-05,-0.8,-1,LONG,0.0038,0.0211,0.69576,0.68489,0.01087,0.4581,MIDDLE_THIRD,0,0,1,1,2020-01-12T22:10:00Z,5,FILL,2020-01-12T22:10:00Z,0.68987,0.3,0.43,0.8,1.16,0.8,-0,-0
2020-01-17_2020-01-19,AUDUSD.DWX,IS,2020-01-17T21:50:00Z,2020-01-19T22:05:00Z,0.68716,0.68729,0.00013,1.3,1,SHORT,0.00408,0.0319,0.69336,0.68704,0.00632,0.019,LOWER_THIRD,1,0,0,1,2020-01-20T08:45:00Z,640,STOP,2020-01-19T22:20:00Z,0.68742,2.4,3.49,-1.3,-1.89,0.8,-2.1,-3.06
2020-01-24_2020-01-26,AUDUSD.DWX,IS,2020-01-24T21:50:00Z,2020-01-26T22:05:00Z,0.6826,0.68113,-0.00147,-14.7,-1,LONG,0.00413,0.3561,0.68886,0.68174,0.00712,0.1208,LOWER_THIRD,0,1,0,0,,,STOP,2020-01-27T06:35:00Z,0.67966,15.2,22.32,-14.7,-21.58,0.8,-15.5,-22.76
2020-01-31_2020-02-02,AUDUSD.DWX,IS,2020-01-31T21:50:00Z,2020-02-02T22:05:00Z,0.66863,0.66849,-0.00014,-1.4,-1,LONG,0.00419,0.0334,0.68186,0.66828,0.01358,0.0258,LOWER_THIRD,0,0,1,1,2020-02-02T22:10:00Z,5,FILL,2020-02-02T22:10:00Z,0.66863,0.3,0.45,1.4,2.09,0.8,0.6,0.9
2020-02-07_2020-02-09,AUDUSD.DWX,IS,2020-02-07T21:50:00Z,2020-02-09T22:05:00Z,0.6676,0.66676,-0.00084,-8.4,-1,LONG,0.00466,0.1802,0.6774,0.66622,0.01118,0.1234,LOWER_THIRD,0,0,1,1,2020-02-09T23:05:00Z,60,FILL,2020-02-09T23:05:00Z,0.6676,0,0,8.4,12.6,0.8,7.6,11.4
2020-02-14_2020-02-16,AUDUSD.DWX,IS,2020-02-14T21:50:00Z,2020-02-16T22:05:00Z,0.6714,0.67209,0.00069,6.9,1,SHORT,0.00441,0.1563,0.67499,0.66663,0.00836,0.5706,MIDDLE_THIRD,0,0,0,1,2020-02-17T15:55:00Z,1070,STOP,2020-02-16T23:35:00Z,0.67278,7.4,11.01,-6.9,-10.27,0.8,-7.7,-11.46
2020-02-21_2020-02-23,AUDUSD.DWX,IS,2020-02-21T21:50:00Z,2020-02-23T22:05:00Z,0.66265,0.65898,-0.00367,-36.7,-1,LONG,0.00476,0.7715,0.67335,0.65857,0.01478,0.276,LOWER_THIRD,0,1,0,0,,,TIMESTOP,2020-02-24T12:00:00Z,0.66046,3.1,4.7,14.8,22.46,0.8,14,21.24
2020-02-28_2020-03-01,AUDUSD.DWX,IS,2020-02-28T21:50:00Z,2020-03-01T22:05:00Z,0.65049,0.64771,-0.00278,-27.8,-1,LONG,0.00529,0.5252,0.66225,0.64337,0.01888,0.3771,MIDDLE_THIRD,0,1,1,1,2020-03-01T23:10:00Z,65,FILL,2020-03-01T23:10:00Z,0.65049,5.1,7.87,27.8,42.92,0.8,27,41.69
2020-03-06_2020-03-08,AUDUSD.DWX,IS,2020-03-06T21:50:00Z,2020-03-08T21:05:00Z,0.66435,0.66007,-0.00428,-42.8,-1,LONG,0.00695,0.6161,0.66573,0.6472,0.01853,0.9255,UPPER_THIRD,1,1,0,1,2020-03-09T14:30:00Z,1045,STOP,2020-03-09T01:40:00Z,0.65579,78.7,119.23,-42.8,-64.84,0.8,-43.6,-66.05
2020-03-13_2020-03-15,AUDUSD.DWX,IS,2020-03-13T20:50:00Z,2020-03-15T21:05:00Z,0.61763,0.62147,0.00384,38.4,1,SHORT,0.01273,0.3017,0.66848,0.61224,0.05624,0.0958,LOWER_THIRD,1,1,0,1,2020-03-15T22:15:00Z,70,STOP,2020-03-15T21:05:00Z,0.62531,45.6,73.37,-38.4,-61.79,0.8,-39.2,-63.08
2020-03-20_2020-03-22,AUDUSD.DWX,IS,2020-03-20T20:50:00Z,2020-03-22T21:05:00Z,0.58006,0.57979,-0.00027,-2.7,-1,LONG,0.02076,0.013,0.6303,0.55064,0.07966,0.3693,MIDDLE_THIRD,0,0,1,1,2020-03-22T21:05:00Z,0,FILL,2020-03-22T21:05:00Z,0.58006,0,0,2.7,4.66,0.8,1.9,3.28
2020-03-27_2020-03-29,AUDUSD.DWX,IS,2020-03-27T20:50:00Z,2020-03-29T21:05:00Z,0.61661,0.61462,-0.00199,-19.9,-1,LONG,0.02193,0.0908,0.62003,0.56994,0.05009,0.9317,UPPER_THIRD,1,0,0,1,2020-03-29T23:40:00Z,155,STOP,2020-03-29T22:20:00Z,0.61263,33.4,54.34,-19.9,-32.38,0.8,-20.7,-33.68
2020-04-03_2020-04-05,AUDUSD.DWX,IS,2020-04-03T20:50:00Z,2020-04-05T21:05:00Z,0.59941,0.60084,0.00143,14.3,1,SHORT,0.01941,0.0737,0.62135,0.59796,0.02339,0.062,LOWER_THIRD,1,0,1,1,2020-04-05T21:20:00Z,15,FILL,2020-04-05T21:20:00Z,0.59941,3.9,6.49,14.3,23.8,0.8,13.5,22.47
2020-04-10_2020-04-12,AUDUSD.DWX,IS,2020-04-10T20:50:00Z,2020-04-12T21:05:00Z,0.63422,0.63455,0.00033,3.3,1,SHORT,0.01342,0.0246,0.63678,0.59885,0.03793,0.9325,UPPER_THIRD,0,0,1,1,2020-04-12T21:10:00Z,5,FILL,2020-04-12T21:10:00Z,0.63422,0.7,1.1,3.3,5.2,0.8,2.5,3.94
2020-04-17_2020-04-19,AUDUSD.DWX,IS,2020-04-17T20:50:00Z,2020-04-19T21:05:00Z,0.63622,0.63595,-0.00027,-2.7,-1,LONG,0.01112,0.0243,0.64444,0.62635,0.01809,0.5456,MIDDLE_THIRD,0,0,1,1,2020-04-19T21:05:00Z,0,FILL,2020-04-19T21:05:00Z,0.63622,0,0,2.7,4.25,0.8,1.9,2.99
2020-04-24_2020-04-26,AUDUSD.DWX,IS,2020-04-24T20:50:00Z,2020-04-26T21:05:00Z,0.6396,0.63808,-0.00152,-15.2,-1,LONG,0.0097,0.1566,0.64058,0.62532,0.01526,0.9358,UPPER_THIRD,1,0,1,1,2020-04-26T23:25:00Z,140,FILL,2020-04-26T23:25:00Z,0.6396,0.3,0.47,15.2,23.82,0.8,14.4,22.57
2020-05-01_2020-05-03,AUDUSD.DWX,IS,2020-05-01T20:50:00Z,2020-05-03T21:05:00Z,0.64198,0.64056,-0.00142,-14.2,-1,LONG,0.00866,0.164,0.65699,0.63805,0.01894,0.2075,LOWER_THIRD,0,0,0,1,2020-05-04T07:55:00Z,650,STOP,2020-05-03T22:30:00Z,0.63914,14.4,22.48,-14.2,-22.17,0.8,-15,-23.42
2020-05-08_2020-05-10,AUDUSD.DWX,IS,2020-05-08T20:50:00Z,2020-05-10T21:05:00Z,0.6529,0.65238,-0.00052,-5.2,-1,LONG,0.00815,0.0638,0.6548,0.63724,0.01756,0.8918,UPPER_THIRD,1,0,0,1,2020-05-10T23:40:00Z,155,STOP,2020-05-10T22:00:00Z,0.65186,6.4,9.81,-5.2,-7.97,0.8,-6,-9.2
2020-05-15_2020-05-17,AUDUSD.DWX,IS,2020-05-15T20:50:00Z,2020-05-17T21:05:00Z,0.64152,0.64177,0.00025,2.5,1,SHORT,0.00806,0.031,0.65614,0.6402,0.01594,0.0828,LOWER_THIRD,1,0,1,1,2020-05-17T21:35:00Z,30,FILL,2020-05-17T21:35:00Z,0.64152,2.1,3.27,2.5,3.9,0.8,1.7,2.65
2020-05-22_2020-05-24,AUDUSD.DWX,IS,2020-05-22T20:50:00Z,2020-05-24T21:05:00Z,0.65358,0.65315,-0.00043,-4.3,-1,LONG,0.0081,0.0531,0.66161,0.64084,0.02077,0.6134,MIDDLE_THIRD,0,0,1,1,2020-05-24T22:40:00Z,95,FILL,2020-05-24T22:40:00Z,0.65358,3,4.59,4.3,6.58,0.8,3.5,5.36
2020-05-29_2020-05-31,AUDUSD.DWX,IS,2020-05-29T20:50:00Z,2020-05-31T21:05:00Z,0.66675,0.66574,-0.00101,-10.1,-1,LONG,0.0083,0.1218,0.66831,0.65195,0.01636,0.9046,UPPER_THIRD,1,0,1,1,2020-05-31T21:40:00Z,35,FILL,2020-05-31T21:40:00Z,0.66675,0.9,1.35,10.1,15.17,0.8,9.3,13.97
2020-06-05_2020-06-07,AUDUSD.DWX,IS,2020-06-05T20:50:00Z,2020-06-07T21:05:00Z,0.69657,0.69645,-0.00012,-1.2,-1,LONG,0.00936,0.0128,0.7013,0.66478,0.03652,0.8705,UPPER_THIRD,1,0,1,1,2020-06-07T21:05:00Z,0,FILL,2020-06-07T21:05:00Z,0.69657,0.4,0.57,1.2,1.72,0.8,0.4,0.57
2020-06-12_2020-06-14,AUDUSD.DWX,IS,2020-06-12T20:50:00Z,2020-06-14T21:05:00Z,0.68697,0.68412,-0.00285,-28.5,-1,LONG,0.01157,0.2464,0.70641,0.67994,0.02647,0.2656,LOWER_THIRD,0,0,0,1,2020-06-15T16:15:00Z,1150,STOP,2020-06-14T22:05:00Z,0.68127,30.4,44.44,-28.5,-41.66,0.8,-29.3,-42.83
2020-06-19_2020-06-21,AUDUSD.DWX,IS,2020-06-19T20:50:00Z,2020-06-21T21:05:00Z,0.68346,0.68128,-0.00218,-21.8,-1,LONG,0.01124,0.194,0.69771,0.67763,0.02008,0.2903,LOWER_THIRD,0,0,1,1,2020-06-22T01:00:00Z,235,FILL,2020-06-22T01:00:00Z,0.68346,2.4,3.52,21.8,32,0.8,21,30.82
2020-06-26_2020-06-28,AUDUSD.DWX,IS,2020-06-26T20:50:00Z,2020-06-28T21:05:00Z,0.68602,0.68568,-0.00034,-3.4,-1,LONG,0.01068,0.0318,0.69746,0.68104,0.01642,0.3033,LOWER_THIRD,0,0,1,1,2020-06-28T21:10:00Z,5,FILL,2020-06-28T21:10:00Z,0.68602,0.3,0.44,3.4,4.96,0.8,2.6,3.79
2020-07-03_2020-07-05,AUDUSD.DWX,IS,2020-07-03T20:55:00Z,2020-07-05T21:05:00Z,0.694,0.6929,-0.0011,-11,-1,LONG,0.00766,0.1435,0.69521,0.68324,0.01197,0.8989,UPPER_THIRD,1,0,1,1,2020-07-05T22:00:00Z,55,FILL,2020-07-05T22:00:00Z,0.694,0.5,0.72,11,15.88,0.8,10.2,14.72
2020-07-10_2020-07-12,AUDUSD.DWX,IS,2020-07-10T20:50:00Z,2020-07-12T21:05:00Z,0.69471,0.69487,0.00016,1.6,1,SHORT,0.00634,0.0252,0.7001,0.69219,0.00791,0.3186,LOWER_THIRD,1,0,0,1,2020-07-13T00:00:00Z,175,STOP,2020-07-12T21:05:00Z,0.69503,3.2,4.61,-1.6,-2.3,0.8,-2.4,-3.45
2020-07-17_2020-07-19,AUDUSD.DWX,IS,2020-07-17T20:50:00Z,2020-07-19T21:05:00Z,0.69957,0.69867,-0.0009,-9,-1,LONG,0.00564,0.1597,0.70376,0.69211,0.01165,0.6403,MIDDLE_THIRD,0,0,1,1,2020-07-19T22:15:00Z,70,FILL,2020-07-19T22:15:00Z,0.69957,2.9,4.15,9,12.88,0.8,8.2,11.74
2020-07-24_2020-07-26,AUDUSD.DWX,IS,2020-07-24T20:55:00Z,2020-07-26T21:05:00Z,0.71053,0.70868,-0.00185,-18.5,-1,LONG,0.00631,0.2933,0.71832,0.69727,0.02105,0.6299,MIDDLE_THIRD,0,0,1,1,2020-07-26T23:40:00Z,155,FILL,2020-07-26T23:40:00Z,0.71053,0.7,0.99,18.5,26.1,0.8,17.7,24.98
2020-07-31_2020-08-02,AUDUSD.DWX,IS,2020-07-31T20:50:00Z,2020-08-02T21:05:00Z,0.71417,0.71287,-0.0013,-13,-1,LONG,0.00674,0.1929,0.72271,0.70861,0.0141,0.3943,MIDDLE_THIRD,0,0,1,1,2020-08-02T22:20:00Z,75,FILL,2020-08-02T22:20:00Z,0.71417,0,0,13,18.24,0.8,12.2,17.11
2020-08-07_2020-08-09,AUDUSD.DWX,IS,2020-08-07T20:50:00Z,2020-08-09T21:05:00Z,0.71597,0.71609,0.00012,1.2,1,SHORT,0.00766,0.0157,0.72432,0.70765,0.01667,0.4991,MIDDLE_THIRD,0,0,0,1,2020-08-09T21:05:00Z,0,STOP,2020-08-09T21:05:00Z,0.71621,5.8,8.1,-1.2,-1.68,0.8,-2,-2.79
2020-08-14_2020-08-16,AUDUSD.DWX,IS,2020-08-14T20:50:00Z,2020-08-16T21:05:00Z,0.71723,0.71648,-0.00075,-7.5,-1,LONG,0.00664,0.113,0.71897,0.71091,0.00806,0.7841,UPPER_THIRD,1,0,1,1,2020-08-16T21:20:00Z,15,FILL,2020-08-16T21:20:00Z,0.71723,0,0,7.5,10.47,0.8,6.7,9.35
2020-08-21_2020-08-23,AUDUSD.DWX,IS,2020-08-21T20:50:00Z,2020-08-23T21:05:00Z,0.71595,0.71477,-0.00118,-11.8,-1,LONG,0.00665,0.1774,0.72754,0.71355,0.01399,0.1716,LOWER_THIRD,0,0,1,1,2020-08-23T21:15:00Z,10,FILL,2020-08-23T21:15:00Z,0.71595,1.8,2.52,11.8,16.51,0.8,11,15.39
2020-08-28_2020-08-30,AUDUSD.DWX,IS,2020-08-28T20:50:00Z,2020-08-30T21:05:00Z,0.73656,0.73596,-0.0006,-6,-1,LONG,0.00655,0.0916,0.7366,0.71459,0.02201,0.9982,UPPER_THIRD,1,0,1,1,2020-08-30T22:00:00Z,55,FILL,2020-08-30T22:00:00Z,0.73656,1.6,2.17,6,8.15,0.8,5.2,7.07
2020-09-04_2020-09-06,AUDUSD.DWX,IS,2020-09-04T20:50:00Z,2020-09-06T21:05:00Z,0.72847,0.72866,0.00019,1.9,1,SHORT,0.00703,0.027,0.74135,0.72219,0.01916,0.3278,LOWER_THIRD,1,0,1,1,2020-09-06T21:05:00Z,0,FILL,2020-09-06T21:05:00Z,0.72847,0.1,0.14,1.9,2.61,0.8,1.1,1.51
2020-09-11_2020-09-13,AUDUSD.DWX,IS,2020-09-11T20:50:00Z,2020-09-13T21:05:00Z,0.72814,0.72749,-0.00065,-6.5,-1,LONG,0.00704,0.0923,0.73245,0.71923,0.01322,0.674,UPPER_THIRD,1,0,1,1,2020-09-13T21:55:00Z,50,FILL,2020-09-13T21:55:00Z,0.72814,0,0,6.5,8.93,0.8,5.7,7.84
2020-09-18_2020-09-20,AUDUSD.DWX,IS,2020-09-18T20:50:00Z,2020-09-20T21:05:00Z,0.72887,0.72949,0.00062,6.2,1,SHORT,0.00666,0.0931,0.73452,0.7254,0.00912,0.3805,MIDDLE_THIRD,0,0,1,1,2020-09-20T22:00:00Z,55,FILL,2020-09-20T22:00:00Z,0.72887,4.6,6.31,6.2,8.5,0.8,5.4,7.4
2020-09-25_2020-09-27,AUDUSD.DWX,IS,2020-09-25T20:50:00Z,2020-09-27T21:05:00Z,0.70302,0.70299,-3e-05,-0.3,-1,LONG,0.00773,0.0039,0.73241,0.70056,0.03185,0.0772,LOWER_THIRD,0,0,0,1,2020-09-27T21:05:00Z,0,STOP,2020-09-27T21:05:00Z,0.70296,1.2,1.71,-0.3,-0.43,0.8,-1.1,-1.56
2020-10-02_2020-10-04,AUDUSD.DWX,IS,2020-10-02T20:50:00Z,2020-10-04T21:05:00Z,0.71633,0.71651,0.00018,1.8,1,SHORT,0.00728,0.0247,0.7209,0.70285,0.01805,0.7468,UPPER_THIRD,0,0,1,1,2020-10-04T21:05:00Z,0,FILL,2020-10-04T21:05:00Z,0.71633,0.8,1.12,1.8,2.51,0.8,1,1.4
2020-10-09_2020-10-11,AUDUSD.DWX,IS,2020-10-09T20:50:00Z,2020-10-11T21:05:00Z,0.72409,0.7226,-0.00149,-14.9,-1,LONG,0.00697,0.2137,0.72429,0.70952,0.01477,0.9865,UPPER_THIRD,1,0,0,0,,,STOP,2020-10-12T09:30:00Z,0.72111,16.1,22.28,-14.9,-20.62,0.8,-15.7,-21.73
2020-10-16_2020-10-18,AUDUSD.DWX,IS,2020-10-16T20:50:00Z,2020-10-18T21:05:00Z,0.70762,0.70648,-0.00114,-11.4,-1,LONG,0.00625,0.1823,0.72369,0.70561,0.01808,0.1112,LOWER_THIRD,0,0,1,1,2020-10-18T21:05:00Z,0,FILL,2020-10-18T21:05:00Z,0.70762,0.1,0.14,11.4,16.14,0.8,10.6,15
2020-10-23_2020-10-25,AUDUSD.DWX,IS,2020-10-23T20:50:00Z,2020-10-25T21:05:00Z,0.71368,0.7135,-0.00018,-1.8,-1,LONG,0.00627,0.0287,0.71579,0.70206,0.01373,0.8463,UPPER_THIRD,1,0,0,1,2020-10-25T21:15:00Z,10,STOP,2020-10-25T21:10:00Z,0.71332,2.2,3.08,-1.8,-2.52,0.8,-2.6,-3.64
2020-10-30_2020-11-01,AUDUSD.DWX,IS,2020-10-30T20:50:00Z,2020-11-01T22:05:00Z,0.70279,0.70224,-0.00055,-5.5,-1,LONG,0.00622,0.0885,0.71572,0.70023,0.01549,0.1653,LOWER_THIRD,0,0,0,1,2020-11-02T09:55:00Z,710,STOP,2020-11-01T22:55:00Z,0.70169,6.6,9.4,-5.5,-7.83,0.8,-6.3,-8.97
2020-11-06_2020-11-08,AUDUSD.DWX,IS,2020-11-06T21:50:00Z,2020-11-08T22:05:00Z,0.72596,0.72761,0.00165,16.5,1,SHORT,0.00822,0.2008,0.72897,0.69911,0.02986,0.8992,UPPER_THIRD,0,0,0,1,2020-11-10T13:20:00Z,2355,STOP,2020-11-09T04:05:00Z,0.72926,18.7,25.7,-16.5,-22.68,0.8,-17.3,-23.78
2020-11-13_2020-11-15,AUDUSD.DWX,IS,2020-11-13T21:50:00Z,2020-11-15T22:05:00Z,0.72688,0.7263,-0.00058,-5.8,-1,LONG,0.00836,0.0694,0.73401,0.72214,0.01187,0.3993,MIDDLE_THIRD,0,0,1,1,2020-11-15T22:10:00Z,5,FILL,2020-11-15T22:10:00Z,0.72688,0,0,5.8,7.99,0.8,5,6.88
2020-11-20_2020-11-22,AUDUSD.DWX,IS,2020-11-20T21:50:00Z,2020-11-22T22:05:00Z,0.73046,0.73011,-0.00035,-3.5,-1,LONG,0.00785,0.0446,0.73397,0.72546,0.00851,0.5875,MIDDLE_THIRD,0,0,1,1,2020-11-22T22:35:00Z,30,FILL,2020-11-22T22:35:00Z,0.73046,0.6,0.82,3.5,4.79,0.8,2.7,3.7
2020-11-27_2020-11-29,AUDUSD.DWX,IS,2020-11-27T21:50:00Z,2020-11-29T22:05:00Z,0.73784,0.73847,0.00063,6.3,1,SHORT,0.00555,0.1135,0.73989,0.72653,0.01336,0.8466,UPPER_THIRD,0,0,0,1,2020-11-30T07:00:00Z,535,STOP,2020-11-29T23:00:00Z,0.7391,8.7,11.78,-6.3,-8.53,0.8,-7.1,-9.61
2020-12-04_2020-12-06,AUDUSD.DWX,IS,2020-12-04T21:50:00Z,2020-12-06T22:05:00Z,0.74271,0.74329,0.00058,5.8,1,SHORT,0.00534,0.1087,0.74495,0.73391,0.01104,0.7971,UPPER_THIRD,0,0,1,1,2020-12-07T00:05:00Z,120,FILL,2020-12-07T00:05:00Z,0.74271,3.3,4.44,5.8,7.8,0.8,5,6.73
2020-12-11_2020-12-13,AUDUSD.DWX,IS,2020-12-11T21:50:00Z,2020-12-13T22:05:00Z,0.75352,0.75509,0.00157,15.7,1,SHORT,0.00585,0.2684,0.7572,0.73725,0.01995,0.8155,UPPER_THIRD,0,0,1,1,2020-12-14T00:50:00Z,165,FILL,2020-12-14T00:50:00Z,0.75352,8.2,10.86,15.7,20.79,0.8,14.9,19.73
2020-12-18_2020-12-20,AUDUSD.DWX,IS,2020-12-18T21:50:00Z,2020-12-20T22:05:00Z,0.76215,0.75874,-0.00341,-34.1,-1,LONG,0.0059,0.5777,0.76394,0.75071,0.01323,0.8647,UPPER_THIRD,1,1,0,0,,,STOP,2020-12-21T07:20:00Z,0.75533,35.9,47.32,-34.1,-44.94,0.8,-34.9,-46
2020-12-24_2020-12-27,AUDUSD.DWX,IS,2020-12-24T21:55:00Z,2020-12-27T22:05:00Z,0.75881,0.76005,0.00124,12.4,1,SHORT,0.00706,0.1755,0.7628,0.74619,0.01661,0.7598,UPPER_THIRD,0,0,1,1,2020-12-27T22:25:00Z,20,FILL,2020-12-27T22:25:00Z,0.75881,1.5,1.97,12.4,16.31,0.8,11.6,15.26
2020-12-31_2021-01-03,AUDUSD.DWX,IS,2020-12-31T21:55:00Z,2021-01-03T22:05:00Z,0.7693,0.76972,0.00042,4.2,1,SHORT,0.00674,0.0623,0.77422,0.75572,0.0185,0.7341,UPPER_THIRD,0,0,0,1,2021-01-03T23:00:00Z,55,STOP,2021-01-03T22:05:00Z,0.77014,5,6.5,-4.2,-5.46,0.8,-5,-6.5
2021-01-08_2021-01-10,AUDUSD.DWX,IS,2021-01-08T21:50:00Z,2021-01-10T22:05:00Z,0.77648,0.77545,-0.00103,-10.3,-1,LONG,0.00804,0.1281,0.78201,0.76422,0.01779,0.6892,UPPER_THIRD,1,0,1,1,2021-01-10T22:30:00Z,25,FILL,2021-01-10T22:30:00Z,0.77648,5.7,7.35,10.3,13.28,0.8,9.5,12.25
2021-01-15_2021-01-17,AUDUSD.DWX,IS,2021-01-15T21:50:00Z,2021-01-17T22:05:00Z,0.7703,0.77073,0.00043,4.3,1,SHORT,0.00832,0.0517,0.78053,0.76664,0.01389,0.2635,LOWER_THIRD,1,0,1,1,2021-01-17T23:35:00Z,90,FILL,2021-01-17T23:35:00Z,0.7703,3.1,4.02,4.3,5.58,0.8,3.5,4.54
2021-01-22_2021-01-24,AUDUSD.DWX,IS,2021-01-22T21:50:00Z,2021-01-24T22:05:00Z,0.77152,0.77109,-0.00043,-4.3,-1,LONG,0.00778,0.0553,0.77824,0.76589,0.01235,0.4559,MIDDLE_THIRD,0,0,0,1,2021-01-24T23:10:00Z,65,STOP,2021-01-24T22:10:00Z,0.77066,4.9,6.35,-4.3,-5.58,0.8,-5.1,-6.61
2021-01-29_2021-01-31,AUDUSD.DWX,IS,2021-01-29T21:50:00Z,2021-01-31T22:05:00Z,0.76412,0.76243,-0.00169,-16.9,-1,LONG,0.00766,0.2207,0.77637,0.75918,0.01719,0.2874,LOWER_THIRD,0,0,0,1,2021-02-01T01:15:00Z,190,STOP,2021-01-31T23:15:00Z,0.76074,18.7,24.53,-16.9,-22.17,0.8,-17.7,-23.22
2021-02-05_2021-02-07,AUDUSD.DWX,IS,2021-02-05T21:50:00Z,2021-02-07T22:05:00Z,0.76772,0.76664,-0.00108,-10.8,-1,LONG,0.0073,0.148,0.76785,0.75636,0.01149,0.9887,UPPER_THIRD,1,0,1,1,2021-02-07T23:00:00Z,55,FILL,2021-02-07T23:00:00Z,0.76772,0,0,10.8,14.09,0.8,10,13.04
2021-02-12_2021-02-14,AUDUSD.DWX,IS,2021-02-12T21:50:00Z,2021-02-14T22:05:00Z,0.7761,0.77617,7e-05,0.7,1,SHORT,0.00691,0.0101,0.77715,0.76513,0.01202,0.9126,UPPER_THIRD,0,0,0,1,2021-02-14T22:15:00Z,10,STOP,2021-02-14T22:05:00Z,0.77624,2.1,2.71,-0.7,-0.9,0.8,-1.5,-1.93
2021-02-19_2021-02-21,AUDUSD.DWX,IS,2021-02-19T21:50:00Z,2021-02-21T22:05:00Z,0.78682,0.78706,0.00024,2.4,1,SHORT,0.00602,0.0399,0.78771,0.77242,0.01529,0.9418,UPPER_THIRD,0,0,0,1,2021-02-21T22:45:00Z,40,STOP,2021-02-21T22:30:00Z,0.7873,2.5,3.18,-2.4,-3.05,0.8,-3.2,-4.07
2021-02-26_2021-02-28,AUDUSD.DWX,IS,2021-02-26T21:50:00Z,2021-02-28T22:05:00Z,0.77028,0.77111,0.00083,8.3,1,SHORT,0.00749,0.1109,0.80071,0.7692,0.03151,0.0343,LOWER_THIRD,1,0,0,1,2021-03-05T01:00:00Z,5935,STOP,2021-02-28T22:55:00Z,0.77194,10.1,13.1,-8.3,-10.76,0.8,-9.1,-11.8
2021-03-05_2021-03-07,AUDUSD.DWX,IS,2021-03-05T21:55:00Z,2021-03-07T22:05:00Z,0.7681,0.76929,0.00119,11.9,1,SHORT,0.00929,0.1281,0.78382,0.76229,0.02153,0.2699,LOWER_THIRD,1,0,0,1,2021-03-08T07:20:00Z,555,STOP,2021-03-07T23:00:00Z,0.77048,13.1,17.03,-11.9,-15.47,0.8,-12.7,-16.51
2021-03-12_2021-03-14,AUDUSD.DWX,IS,2021-03-12T21:55:00Z,2021-03-14T21:05:00Z,0.77578,0.77523,-0.00055,-5.5,-1,LONG,0.00967,0.0569,0.78005,0.76213,0.01792,0.7617,UPPER_THIRD,1,0,1,1,2021-03-14T22:00:00Z,55,FILL,2021-03-14T22:00:00Z,0.77578,2.6,3.35,5.5,7.09,0.8,4.7,6.06
2021-03-19_2021-03-21,AUDUSD.DWX,IS,2021-03-19T20:55:00Z,2021-03-21T21:05:00Z,0.77457,0.77089,-0.00368,-36.8,-1,LONG,0.00842,0.4369,0.7849,0.76991,0.01499,0.3109,LOWER_THIRD,0,1,1,1,2021-03-22T11:55:00Z,890,FILL,2021-03-22T11:55:00Z,0.77457,4,5.19,36.8,47.74,0.8,36,46.7
2021-03-26_2021-03-28,AUDUSD.DWX,IS,2021-03-26T20:55:00Z,2021-03-28T21:05:00Z,0.76408,0.76339,-0.00069,-6.9,-1,LONG,0.0076,0.0908,0.77563,0.75629,0.01934,0.4028,MIDDLE_THIRD,0,0,1,1,2021-03-28T21:05:00Z,0,FILL,2021-03-28T21:05:00Z,0.76408,0,0,6.9,9.04,0.8,6.1,7.99
2021-04-02_2021-04-04,AUDUSD.DWX,IS,2021-04-02T20:50:00Z,2021-04-04T21:05:00Z,0.76018,0.7602,2e-05,0.2,1,SHORT,0.00691,0.0029,0.76639,0.75317,0.01322,0.5303,MIDDLE_THIRD,0,0,0,1,2021-04-05T06:05:00Z,540,STOP,2021-04-04T21:05:00Z,0.76022,4.6,6.05,-0.2,-0.26,0.8,-1,-1.32
2021-04-09_2021-04-11,AUDUSD.DWX,IS,2021-04-09T20:50:00Z,2021-04-11T21:05:00Z,0.76189,0.7617,-0.00019,-1.9,-1,LONG,0.00668,0.0285,0.76769,0.75882,0.00887,0.3461,MIDDLE_THIRD,0,0,1,1,2021-04-11T21:05:00Z,0,FILL,2021-04-11T21:05:00Z,0.76189,0.4,0.53,1.9,2.49,0.8,1.1,1.44
2021-04-16_2021-04-18,AUDUSD.DWX,IS,2021-04-16T20:55:00Z,2021-04-18T21:05:00Z,0.77341,0.77279,-0.00062,-6.2,-1,LONG,0.00635,0.0976,0.77609,0.75847,0.01762,0.8479,UPPER_THIRD,1,0,0,1,2021-04-19T04:05:00Z,420,STOP,2021-04-18T23:00:00Z,0.77217,9.4,12.16,-6.2,-8.02,0.8,-7,-9.06
2021-04-23_2021-04-25,AUDUSD.DWX,IS,2021-04-23T20:50:00Z,2021-04-25T21:05:00Z,0.77487,0.77414,-0.00073,-7.3,-1,LONG,0.00683,0.1068,0.78159,0.76903,0.01256,0.465,MIDDLE_THIRD,0,0,1,1,2021-04-25T21:35:00Z,30,FILL,2021-04-25T21:35:00Z,0.77487,1.5,1.94,7.3,9.43,0.8,6.5,8.4
2021-04-30_2021-05-02,AUDUSD.DWX,IS,2021-04-30T20:55:00Z,2021-05-02T21:05:00Z,0.77107,0.7716,0.00053,5.3,1,SHORT,0.00711,0.0745,0.7818,0.76959,0.01221,0.1212,LOWER_THIRD,1,0,0,1,2021-05-03T05:30:00Z,505,STOP,2021-05-02T21:10:00Z,0.77213,6.3,8.16,-5.3,-6.87,0.8,-6.1,-7.91
2021-05-07_2021-05-09,AUDUSD.DWX,IS,2021-05-07T20:50:00Z,2021-05-09T21:05:00Z,0.78437,0.78517,0.0008,8,1,SHORT,0.00748,0.1069,0.78624,0.76747,0.01877,0.9004,UPPER_THIRD,0,0,0,1,2021-05-10T02:20:00Z,315,STOP,2021-05-09T23:45:00Z,0.78597,9,11.46,-8,-10.19,0.8,-8.8,-11.21
2021-05-14_2021-05-16,AUDUSD.DWX,IS,2021-05-14T20:55:00Z,2021-05-16T21:05:00Z,0.77825,0.77734,-0.00091,-9.1,-1,LONG,0.00728,0.125,0.78909,0.76881,0.02028,0.4655,MIDDLE_THIRD,0,0,1,1,2021-05-16T22:05:00Z,60,FILL,2021-05-16T22:05:00Z,0.77825,5.2,6.69,9.1,11.71,0.8,8.3,10.68
2021-05-21_2021-05-23,AUDUSD.DWX,IS,2021-05-21T20:55:00Z,2021-05-23T21:05:00Z,0.77307,0.7725,-0.00057,-5.7,-1,LONG,0.00728,0.0783,0.78135,0.77107,0.01028,0.1946,LOWER_THIRD,0,0,1,1,2021-05-23T22:45:00Z,100,FILL,2021-05-23T22:45:00Z,0.77307,2.1,2.72,5.7,7.38,0.8,4.9,6.34
2021-05-28_2021-05-30,AUDUSD.DWX,IS,2021-05-28T20:55:00Z,2021-05-30T21:05:00Z,0.77082,0.7705,-0.00032,-3.2,-1,LONG,0.00637,0.0502,0.77959,0.76773,0.01186,0.2605,LOWER_THIRD,0,0,1,1,2021-05-30T21:05:00Z,0,FILL,2021-05-30T21:05:00Z,0.77082,0,0,3.2,4.15,0.8,2.4,3.11
2021-06-04_2021-06-06,AUDUSD.DWX,IS,2021-06-04T20:50:00Z,2021-06-06T21:05:00Z,0.77431,0.77277,-0.00154,-15.4,-1,LONG,0.00636,0.2422,0.7773,0.76453,0.01277,0.7659,UPPER_THIRD,1,0,1,1,2021-06-06T21:15:00Z,10,FILL,2021-06-06T21:15:00Z,0.77431,1.5,1.94,15.4,19.93,0.8,14.6,18.89
2021-06-11_2021-06-13,AUDUSD.DWX,IS,2021-06-11T20:50:00Z,2021-06-13T21:05:00Z,0.77025,0.77046,0.00021,2.1,1,SHORT,0.00572,0.0367,0.77754,0.76882,0.00872,0.164,LOWER_THIRD,1,0,0,1,2021-06-14T00:05:00Z,180,STOP,2021-06-13T22:10:00Z,0.77067,3.3,4.28,-2.1,-2.73,0.8,-2.9,-3.76
2021-06-18_2021-06-20,AUDUSD.DWX,IS,2021-06-18T20:55:00Z,2021-06-20T21:05:00Z,0.74795,0.7483,0.00035,3.5,1,SHORT,0.00656,0.0533,0.77258,0.74788,0.0247,0.0028,LOWER_THIRD,1,0,0,1,2021-06-21T07:15:00Z,610,STOP,2021-06-20T22:00:00Z,0.74865,6.1,8.15,-3.5,-4.68,0.8,-4.3,-5.75
2021-06-25_2021-06-27,AUDUSD.DWX,IS,2021-06-25T20:50:00Z,2021-06-27T21:05:00Z,0.75928,0.75764,-0.00164,-16.4,-1,LONG,0.00599,0.2736,0.76166,0.74775,0.01391,0.8289,UPPER_THIRD,1,0,1,1,2021-06-27T22:00:00Z,55,FILL,2021-06-27T22:00:00Z,0.75928,0.2,0.26,16.4,21.65,0.8,15.6,20.59
2021-07-02_2021-07-04,AUDUSD.DWX,IS,2021-07-02T20:55:00Z,2021-07-04T21:05:00Z,0.75255,0.75198,-0.00057,-5.7,-1,LONG,0.00632,0.0901,0.76016,0.74443,0.01573,0.5162,MIDDLE_THIRD,0,0,1,1,2021-07-04T22:00:00Z,55,FILL,2021-07-04T22:00:00Z,0.75255,0,0,5.7,7.58,0.8,4.9,6.52
2021-07-09_2021-07-11,AUDUSD.DWX,IS,2021-07-09T20:55:00Z,2021-07-11T21:05:00Z,0.74901,0.7477,-0.00131,-13.1,-1,LONG,0.00612,0.2142,0.75988,0.74096,0.01892,0.4255,MIDDLE_THIRD,0,0,1,1,2021-07-11T21:15:00Z,10,FILL,2021-07-11T21:15:00Z,0.74901,0.1,0.13,13.1,17.52,0.8,12.3,16.45
2021-07-16_2021-07-18,AUDUSD.DWX,IS,2021-07-16T20:55:00Z,2021-07-18T21:05:00Z,0.73959,0.74006,0.00047,4.7,1,SHORT,0.00658,0.0714,0.75031,0.73923,0.01108,0.0325,LOWER_THIRD,1,0,0,1,2021-07-18T22:00:00Z,55,STOP,2021-07-18T21:50:00Z,0.74053,9.6,12.97,-4.7,-6.35,0.8,-5.5,-7.43
2021-07-23_2021-07-25,AUDUSD.DWX,IS,2021-07-23T20:50:00Z,2021-07-25T21:05:00Z,0.73628,0.7359,-0.00038,-3.8,-1,LONG,0.00696,0.0546,0.74102,0.72894,0.01208,0.6076,MIDDLE_THIRD,0,0,1,1,2021-07-25T21:05:00Z,0,FILL,2021-07-25T21:05:00Z,0.73628,0.4,0.54,3.8,5.16,0.8,3,4.08
2021-07-30_2021-08-01,AUDUSD.DWX,IS,2021-07-30T20:55:00Z,2021-08-01T21:05:00Z,0.73468,0.73295,-0.00173,-17.3,-1,LONG,0.00628,0.2754,0.74134,0.73167,0.00967,0.3113,LOWER_THIRD,0,0,1,1,2021-08-02T00:30:00Z,205,FILL,2021-08-02T00:30:00Z,0.73468,1,1.36,17.3,23.6,0.8,16.5,22.51
2021-08-06_2021-08-08,AUDUSD.DWX,IS,2021-08-06T20:55:00Z,2021-08-08T21:05:00Z,0.73534,0.7348,-0.00054,-5.4,-1,LONG,0.00567,0.0952,0.74265,0.73285,0.0098,0.2541,LOWER_THIRD,0,0,1,1,2021-08-08T21:10:00Z,5,FILL,2021-08-08T21:10:00Z,0.73534,0,0,5.4,7.35,0.8,4.6,6.26
2021-08-13_2021-08-15,AUDUSD.DWX,IS,2021-08-13T20:55:00Z,2021-08-15T21:05:00Z,0.73691,0.73616,-0.00075,-7.5,-1,LONG,0.00531,0.1413,0.73892,0.73158,0.00734,0.7262,UPPER_THIRD,1,0,1,1,2021-08-15T21:10:00Z,5,FILL,2021-08-15T21:10:00Z,0.73691,0,0,7.5,10.19,0.8,6.7,9.1
2021-08-20_2021-08-22,AUDUSD.DWX,IS,2021-08-20T20:55:00Z,2021-08-22T21:05:00Z,0.71394,0.71244,-0.0015,-15,-1,LONG,0.00567,0.2648,0.73728,0.71061,0.02667,0.1249,LOWER_THIRD,0,0,1,1,2021-08-22T21:10:00Z,5,FILL,2021-08-22T21:10:00Z,0.71394,1.3,1.82,15,21.05,0.8,14.2,19.93
2021-08-27_2021-08-29,AUDUSD.DWX,IS,2021-08-27T20:55:00Z,2021-08-29T21:05:00Z,0.73098,0.73041,-0.00057,-5.7,-1,LONG,0.00649,0.0878,0.73167,0.7112,0.02047,0.9663,UPPER_THIRD,1,0,1,1,2021-08-29T21:35:00Z,30,FILL,2021-08-29T21:35:00Z,0.73098,0,0,5.7,7.8,0.8,4.9,6.71
2021-09-03_2021-09-05,AUDUSD.DWX,IS,2021-09-03T20:55:00Z,2021-09-05T21:05:00Z,0.74496,0.74498,2e-05,0.2,1,SHORT,0.00681,0.0029,0.74782,0.72844,0.01938,0.8524,UPPER_THIRD,0,0,0,1,2021-09-05T22:40:00Z,95,STOP,2021-09-05T21:05:00Z,0.745,8.6,11.54,-0.2,-0.27,0.8,-1,-1.34
2021-09-10_2021-09-12,AUDUSD.DWX,IS,2021-09-10T20:55:00Z,2021-09-12T21:05:00Z,0.7353,0.73494,-0.00036,-3.6,-1,LONG,0.00606,0.0594,0.74688,0.73449,0.01239,0.0654,LOWER_THIRD,0,0,1,1,2021-09-12T21:05:00Z,0,FILL,2021-09-12T21:05:00Z,0.7353,0,0,3.6,4.9,0.8,2.8,3.81
2021-09-17_2021-09-19,AUDUSD.DWX,IS,2021-09-17T20:55:00Z,2021-09-19T21:05:00Z,0.72639,0.72615,-0.00024,-2.4,-1,LONG,0.00594,0.0404,0.73756,0.7262,0.01136,0.0167,LOWER_THIRD,0,0,1,1,2021-09-19T21:10:00Z,5,FILL,2021-09-19T21:10:00Z,0.72639,0,0,2.4,3.31,0.8,1.6,2.2
2021-09-24_2021-09-26,AUDUSD.DWX,IS,2021-09-24T20:55:00Z,2021-09-26T21:05:00Z,0.72607,0.72497,-0.0011,-11,-1,LONG,0.00634,0.1734,0.73166,0.72199,0.00967,0.4219,MIDDLE_THIRD,0,0,1,1,2021-09-26T21:45:00Z,40,FILL,2021-09-26T21:45:00Z,0.72607,0,0,11,15.17,0.8,10.2,14.07
2021-10-01_2021-10-03,AUDUSD.DWX,IS,2021-10-01T20:55:00Z,2021-10-03T21:05:00Z,0.72614,0.72609,-5e-05,-0.5,-1,LONG,0.00703,0.0071,0.73107,0.71701,0.01406,0.6494,MIDDLE_THIRD,0,0,0,1,2021-10-03T21:05:00Z,0,STOP,2021-10-03T21:05:00Z,0.72604,0.9,1.24,-0.5,-0.69,0.8,-1.3,-1.79
2021-10-08_2021-10-10,AUDUSD.DWX,IS,2021-10-08T20:55:00Z,2021-10-10T21:05:00Z,0.73092,0.73073,-0.00019,-1.9,-1,LONG,0.00703,0.027,0.73379,0.72258,0.01121,0.744,UPPER_THIRD,1,0,0,1,2021-10-10T22:00:00Z,55,STOP,2021-10-10T21:30:00Z,0.73054,3.1,4.24,-1.9,-2.6,0.8,-2.7,-3.69
2021-10-15_2021-10-17,AUDUSD.DWX,IS,2021-10-15T20:50:00Z,2021-10-17T21:05:00Z,0.74197,0.74149,-0.00048,-4.8,-1,LONG,0.00651,0.0738,0.744,0.7292,0.0148,0.8628,UPPER_THIRD,1,0,0,1,2021-10-17T21:35:00Z,30,STOP,2021-10-17T21:15:00Z,0.74101,4.9,6.61,-4.8,-6.47,0.8,-5.6,-7.55
2021-10-22_2021-10-24,AUDUSD.DWX,IS,2021-10-22T20:55:00Z,2021-10-24T21:05:00Z,0.74674,0.74644,-0.0003,-3,-1,LONG,0.00607,0.0494,0.75462,0.73784,0.01678,0.5304,MIDDLE_THIRD,0,0,1,1,2021-10-24T22:00:00Z,55,FILL,2021-10-24T22:00:00Z,0.74674,0.5,0.67,3,4.02,0.8,2.2,2.95
2021-10-29_2021-10-31,AUDUSD.DWX,IS,2021-10-29T20:50:00Z,2021-10-31T21:05:00Z,0.75206,0.75114,-0.00092,-9.2,-1,LONG,0.00575,0.1599,0.75556,0.74637,0.00919,0.6192,MIDDLE_THIRD,0,0,1,1,2021-11-01T00:00:00Z,175,FILL,2021-11-01T00:00:00Z,0.75206,1.2,1.6,9.2,12.25,0.8,8.4,11.18
2021-11-05_2021-11-07,AUDUSD.DWX,IS,2021-11-05T20:55:00Z,2021-11-07T22:05:00Z,0.74021,0.73954,-0.00067,-6.7,-1,LONG,0.00638,0.105,0.7536,0.73598,0.01762,0.2401,LOWER_THIRD,0,0,1,1,2021-11-07T22:10:00Z,5,FILL,2021-11-07T22:10:00Z,0.74021,0,0,6.7,9.06,0.8,5.9,7.98
2021-11-12_2021-11-14,AUDUSD.DWX,IS,2021-11-12T21:55:00Z,2021-11-14T22:05:00Z,0.73299,0.73252,-0.00047,-4.7,-1,LONG,0.00621,0.0756,0.74318,0.72764,0.01554,0.3443,MIDDLE_THIRD,0,0,1,1,2021-11-14T22:05:00Z,0,FILL,2021-11-14T22:05:00Z,0.73299,0,0,4.7,6.42,0.8,3.9,5.32
2021-11-19_2021-11-21,AUDUSD.DWX,IS,2021-11-19T21:55:00Z,2021-11-21T22:05:00Z,0.72341,0.72317,-0.00024,-2.4,-1,LONG,0.00626,0.0384,0.73705,0.72268,0.01437,0.0508,LOWER_THIRD,0,0,0,1,2021-11-21T23:05:00Z,60,STOP,2021-11-21T22:10:00Z,0.72293,3,4.15,-2.4,-3.32,0.8,-3.2,-4.42
2021-11-26_2021-11-28,AUDUSD.DWX,IS,2021-11-26T21:50:00Z,2021-11-28T22:05:00Z,0.71137,0.71301,0.00164,16.4,1,SHORT,0.00551,0.2978,0.72732,0.7112,0.01612,0.0105,LOWER_THIRD,1,0,0,1,2021-11-29T16:00:00Z,1075,STOP,2021-11-29T03:55:00Z,0.71465,16.5,23.14,-16.4,-23,0.8,-17.2,-24.12
2021-12-03_2021-12-05,AUDUSD.DWX,IS,2021-12-03T21:55:00Z,2021-12-05T22:05:00Z,0.69998,0.69969,-0.00029,-2.9,-1,LONG,0.00604,0.048,0.71729,0.69931,0.01798,0.0373,LOWER_THIRD,0,0,1,1,2021-12-05T22:05:00Z,0,FILL,2021-12-05T22:05:00Z,0.69998,0.1,0.14,2.9,4.14,0.8,2.1,3
2021-12-10_2021-12-12,AUDUSD.DWX,IS,2021-12-10T21:50:00Z,2021-12-12T22:05:00Z,0.71716,0.71673,-0.00043,-4.3,-1,LONG,0.00625,0.0688,0.71866,0.69968,0.01898,0.921,UPPER_THIRD,1,0,0,1,2021-12-12T23:40:00Z,95,STOP,2021-12-12T22:05:00Z,0.7163,6.4,8.93,-4.3,-6,0.8,-5.1,-7.12
2021-12-17_2021-12-19,AUDUSD.DWX,IS,2021-12-17T21:50:00Z,2021-12-19T22:05:00Z,0.71258,0.71277,0.00019,1.9,1,SHORT,0.00698,0.0272,0.72237,0.70902,0.01335,0.2667,LOWER_THIRD,1,0,0,1,2021-12-19T23:00:00Z,55,STOP,2021-12-19T22:05:00Z,0.71296,2.2,3.09,-1.9,-2.67,0.8,-2.7,-3.79
2021-12-24_2021-12-26,AUDUSD.DWX,IS,2021-12-24T21:50:00Z,2021-12-26T22:05:00Z,0.72197,0.72208,0.00011,1.1,1,SHORT,0.00631,0.0174,0.72515,0.70824,0.01691,0.8119,UPPER_THIRD,0,0,0,1,2021-12-26T22:55:00Z,50,STOP,2021-12-26T22:05:00Z,0.72219,5.1,7.06,-1.1,-1.52,0.8,-1.9,-2.63
2021-12-31_2022-01-02,AUDUSD.DWX,IS,2021-12-31T21:50:00Z,2022-01-02T22:05:00Z,0.7272,0.7255,-0.0017,-17,-1,LONG,0.00555,0.3062,0.72777,0.72056,0.00721,0.9209,UPPER_THIRD,1,1,1,1,2022-01-02T23:00:00Z,55,FILL,2022-01-02T23:00:00Z,0.7272,0.3,0.41,17,23.43,0.8,16.2,22.33
2022-01-07_2022-01-09,AUDUSD.DWX,IS,2022-01-07T21:50:00Z,2022-01-09T22:05:00Z,0.71811,0.71675,-0.00136,-13.6,-1,LONG,0.00575,0.2366,0.7277,0.71296,0.01474,0.3494,MIDDLE_THIRD,0,0,1,1,2022-01-09T23:00:00Z,55,FILL,2022-01-09T23:00:00Z,0.71811,0.9,1.26,13.6,18.97,0.8,12.8,17.86
2022-01-14_2022-01-16,AUDUSD.DWX,IS,2022-01-14T21:55:00Z,2022-01-16T22:05:00Z,0.72166,0.72175,9e-05,0.9,1,SHORT,0.00616,0.0146,0.73142,0.71489,0.01653,0.4096,MIDDLE_THIRD,0,0,0,1,2022-01-16T22:15:00Z,10,STOP,2022-01-16T22:10:00Z,0.72184,6.2,8.59,-0.9,-1.25,0.8,-1.7,-2.36
2022-01-21_2022-01-23,AUDUSD.DWX,IS,2022-01-21T21:55:00Z,2022-01-23T22:05:00Z,0.71751,0.71711,-0.0004,-4,-1,LONG,0.00625,0.064,0.72763,0.717,0.01063,0.048,LOWER_THIRD,0,0,1,1,2022-01-23T22:10:00Z,5,FILL,2022-01-23T22:10:00Z,0.71751,0,0,4,5.58,0.8,3.2,4.46
2022-01-28_2022-01-30,AUDUSD.DWX,IS,2022-01-28T21:55:00Z,2022-01-30T22:05:00Z,0.69955,0.69898,-0.00057,-5.7,-1,LONG,0.00701,0.0814,0.71878,0.69674,0.02204,0.1275,LOWER_THIRD,0,0,1,1,2022-01-30T22:40:00Z,35,FILL,2022-01-30T22:40:00Z,0.69955,1.5,2.15,5.7,8.15,0.8,4.9,7.01
2022-02-04_2022-02-06,AUDUSD.DWX,IS,2022-02-04T21:55:00Z,2022-02-06T22:05:00Z,0.70758,0.70799,0.00041,4.1,1,SHORT,0.00748,0.0548,0.71682,0.6987,0.01812,0.4901,MIDDLE_THIRD,0,0,1,1,2022-02-06T22:10:00Z,5,FILL,2022-02-06T22:10:00Z,0.70758,1.4,1.98,4.1,5.79,0.8,3.3,4.66
2022-02-11_2022-02-13,AUDUSD.DWX,IS,2022-02-11T21:55:00Z,2022-02-13T22:05:00Z,0.7136,0.71285,-0.00075,-7.5,-1,LONG,0.00743,0.1009,0.72486,0.70651,0.01835,0.3864,MIDDLE_THIRD,0,0,1,1,2022-02-13T23:00:00Z,55,FILL,2022-02-13T23:00:00Z,0.7136,2.6,3.65,7.5,10.52,0.8,6.7,9.4
2022-02-18_2022-02-20,AUDUSD.DWX,IS,2022-02-18T21:55:00Z,2022-02-20T22:05:00Z,0.71771,0.71735,-0.00036,-3.6,-1,LONG,0.00675,0.0533,0.72278,0.7086,0.01418,0.6425,MIDDLE_THIRD,0,0,1,1,2022-02-20T22:10:00Z,5,FILL,2022-02-20T22:10:00Z,0.71771,2.5,3.49,3.6,5.02,0.8,2.8,3.9
2022-02-25_2022-02-27,AUDUSD.DWX,IS,2022-02-25T21:55:00Z,2022-02-27T22:05:00Z,0.72318,0.7182,-0.00498,-49.8,-1,LONG,0.00717,0.6946,0.72838,0.70945,0.01893,0.7253,UPPER_THIRD,1,1,0,1,2022-02-28T14:00:00Z,955,TIMESTOP,2022-02-28T12:00:00Z,0.72142,14.5,20.19,32.2,44.83,0.8,31.4,43.72
2022-03-04_2022-03-06,AUDUSD.DWX,IS,2022-03-04T21:50:00Z,2022-03-06T22:05:00Z,0.73739,0.73756,0.00017,1.7,1,SHORT,0.00738,0.023,0.73805,0.71675,0.0213,0.969,UPPER_THIRD,0,0,1,1,2022-03-06T22:05:00Z,0,FILL,2022-03-06T22:05:00Z,0.73739,0.1,0.14,1.7,2.3,0.8,0.9,1.22
2022-03-11_2022-03-13,AUDUSD.DWX,IS,2022-03-11T21:55:00Z,2022-03-13T21:05:00Z,0.72933,0.72856,-0.00077,-7.7,-1,LONG,0.00858,0.0898,0.74413,0.72451,0.01962,0.2457,LOWER_THIRD,0,0,1,1,2022-03-13T23:15:00Z,130,FILL,2022-03-13T23:15:00Z,0.72933,1.2,1.65,7.7,10.57,0.8,6.9,9.47
2022-03-18_2022-03-20,AUDUSD.DWX,IS,2022-03-18T20:55:00Z,2022-03-20T21:05:00Z,0.74119,0.74008,-0.00111,-11.1,-1,LONG,0.00855,0.1298,0.74178,0.71654,0.02524,0.9766,UPPER_THIRD,1,0,1,1,2022-03-20T21:10:00Z,5,FILL,2022-03-20T21:10:00Z,0.74119,0,0,11.1,15,0.8,10.3,13.92
2022-03-25_2022-03-27,AUDUSD.DWX,IS,2022-03-25T20:50:00Z,2022-03-27T21:05:00Z,0.75154,0.75069,-0.00085,-8.5,-1,LONG,0.00792,0.1074,0.75366,0.73736,0.0163,0.8699,UPPER_THIRD,1,0,1,1,2022-03-27T21:10:00Z,5,FILL,2022-03-27T21:10:00Z,0.75154,0.8,1.07,8.5,11.32,0.8,7.7,10.26
2022-04-01_2022-04-03,AUDUSD.DWX,IS,2022-04-01T20:50:00Z,2022-04-03T21:05:00Z,0.74957,0.74863,-0.00094,-9.4,-1,LONG,0.00666,0.1411,0.75402,0.74559,0.00843,0.4721,MIDDLE_THIRD,0,0,1,1,2022-04-03T21:50:00Z,45,FILL,2022-04-03T21:50:00Z,0.74957,0,0,9.4,12.56,0.8,8.6,11.49
2022-04-08_2022-04-10,AUDUSD.DWX,IS,2022-04-08T20:50:00Z,2022-04-10T21:05:00Z,0.74593,0.74566,-0.00027,-2.7,-1,LONG,0.00686,0.0394,0.76612,0.74262,0.0235,0.1409,LOWER_THIRD,0,0,1,1,2022-04-10T21:10:00Z,5,FILL,2022-04-10T21:10:00Z,0.74593,0.9,1.21,2.7,3.62,0.8,1.9,2.55
2022-04-15_2022-04-17,AUDUSD.DWX,IS,2022-04-15T20:45:00Z,2022-04-17T21:05:00Z,0.73907,0.73908,1e-05,0.1,1,SHORT,0.00685,0.0015,0.74934,0.73897,0.01037,0.0096,LOWER_THIRD,1,0,0,1,2022-04-18T00:15:00Z,190,STOP,2022-04-17T21:05:00Z,0.73909,1,1.35,-0.1,-0.14,0.8,-0.9,-1.22
2022-04-22_2022-04-24,AUDUSD.DWX,IS,2022-04-22T20:55:00Z,2022-04-24T21:05:00Z,0.72436,0.72473,0.00037,3.7,1,SHORT,0.00799,0.0463,0.7458,0.72346,0.02234,0.0403,LOWER_THIRD,1,0,1,1,2022-04-24T21:15:00Z,10,FILL,2022-04-24T21:15:00Z,0.72436,1.3,1.79,3.7,5.11,0.8,2.9,4
2022-04-29_2022-05-01,AUDUSD.DWX,IS,2022-04-29T20:55:00Z,2022-05-01T21:05:00Z,0.70602,0.7062,0.00018,1.8,1,SHORT,0.009,0.02,0.72518,0.70549,0.01969,0.0269,LOWER_THIRD,1,0,0,1,2022-05-01T22:30:00Z,85,STOP,2022-05-01T21:05:00Z,0.70638,7.1,10.05,-1.8,-2.55,0.8,-2.6,-3.68
2022-05-06_2022-05-08,AUDUSD.DWX,IS,2022-05-06T20:50:00Z,2022-05-08T21:05:00Z,0.70701,0.70658,-0.00043,-4.3,-1,LONG,0.01084,0.0397,0.72661,0.70299,0.02362,0.1702,LOWER_THIRD,0,0,1,1,2022-05-08T21:30:00Z,25,FILL,2022-05-08T21:30:00Z,0.70701,0,0,4.3,6.09,0.8,3.5,4.95
2022-05-13_2022-05-15,AUDUSD.DWX,IS,2022-05-13T20:55:00Z,2022-05-15T21:05:00Z,0.69393,0.69221,-0.00172,-17.2,-1,LONG,0.01117,0.1539,0.70715,0.68288,0.02427,0.4553,MIDDLE_THIRD,0,0,1,1,2022-05-15T22:00:00Z,55,FILL,2022-05-15T22:00:00Z,0.69393,0,0,17.2,24.85,0.8,16.4,23.69
2022-05-20_2022-05-22,AUDUSD.DWX,IS,2022-05-20T20:55:00Z,2022-05-22T21:05:00Z,0.70451,0.70416,-0.00035,-3.5,-1,LONG,0.01114,0.0314,0.70736,0.6872,0.02016,0.8586,UPPER_THIRD,1,0,1,1,2022-05-22T21:05:00Z,0,FILL,2022-05-22T21:05:00Z,0.70451,0.8,1.14,3.5,4.97,0.8,2.7,3.83
2022-05-27_2022-05-29,AUDUSD.DWX,IS,2022-05-27T20:50:00Z,2022-05-29T21:05:00Z,0.71581,0.71574,-7e-05,-0.7,-1,LONG,0.00891,0.0079,0.71667,0.70354,0.01313,0.9345,UPPER_THIRD,1,0,1,1,2022-05-29T21:05:00Z,0,FILL,2022-05-29T21:05:00Z,0.71581,0.1,0.14,0.7,0.98,0.8,-0.1,-0.14
2022-06-03_2022-06-05,AUDUSD.DWX,IS,2022-06-03T20:55:00Z,2022-06-05T21:05:00Z,0.72075,0.72109,0.00034,3.4,1,SHORT,0.00794,0.0428,0.72829,0.71405,0.01424,0.4705,MIDDLE_THIRD,0,0,1,1,2022-06-05T22:00:00Z,55,FILL,2022-06-05T22:00:00Z,0.72075,1,1.39,3.4,4.72,0.8,2.6,3.61
2022-06-10_2022-06-12,AUDUSD.DWX,IS,2022-06-10T20:50:00Z,2022-06-12T21:05:00Z,0.70434,0.70375,-0.00059,-5.9,-1,LONG,0.00757,0.0779,0.72471,0.70375,0.02096,0.0281,LOWER_THIRD,0,0,1,1,2022-06-12T21:15:00Z,10,FILL,2022-06-12T21:15:00Z,0.70434,0,0,5.9,8.38,0.8,5.1,7.25
2022-06-17_2022-06-19,AUDUSD.DWX,IS,2022-06-17T20:50:00Z,2022-06-19T21:05:00Z,0.69367,0.69171,-0.00196,-19.6,-1,LONG,0.01023,0.1916,0.70689,0.68502,0.02187,0.3955,MIDDLE_THIRD,0,0,1,1,2022-06-19T22:00:00Z,55,FILL,2022-06-19T22:00:00Z,0.69367,0,0,19.6,28.34,0.8,18.8,27.18
2022-06-24_2022-06-26,AUDUSD.DWX,IS,2022-06-24T20:50:00Z,2022-06-26T21:05:00Z,0.69427,0.6942,-7e-05,-0.7,-1,LONG,0.01008,0.0069,0.69959,0.68688,0.01271,0.5814,MIDDLE_THIRD,0,0,1,1,2022-06-26T21:15:00Z,10,FILL,2022-06-26T21:15:00Z,0.69427,0.5,0.72,0.7,1.01,0.8,-0.1,-0.14
2022-07-01_2022-07-03,AUDUSD.DWX,IS,2022-07-01T20:50:00Z,2022-07-03T21:05:00Z,0.68151,0.681,-0.00051,-5.1,-1,LONG,0.00926,0.0551,0.69643,0.67636,0.02007,0.2566,LOWER_THIRD,0,0,1,1,2022-07-03T22:00:00Z,55,FILL,2022-07-03T22:00:00Z,0.68151,1.2,1.76,5.1,7.49,0.8,4.3,6.31
2022-07-08_2022-07-10,AUDUSD.DWX,IS,2022-07-08T20:50:00Z,2022-07-10T21:05:00Z,0.68526,0.6846,-0.00066,-6.6,-1,LONG,0.008,0.0825,0.68947,0.67615,0.01332,0.6839,UPPER_THIRD,1,0,0,1,2022-07-10T21:20:00Z,15,STOP,2022-07-10T21:10:00Z,0.68394,6.8,9.93,-6.6,-9.64,0.8,-7.4,-10.81
2022-07-15_2022-07-17,AUDUSD.DWX,IS,2022-07-15T20:55:00Z,2022-07-17T21:05:00Z,0.67914,0.6784,-0.00074,-7.4,-1,LONG,0.00902,0.0821,0.68543,0.66814,0.01729,0.6362,MIDDLE_THIRD,0,0,1,1,2022-07-17T22:00:00Z,55,FILL,2022-07-17T22:00:00Z,0.67914,0,0,7.4,10.91,0.8,6.6,9.73
2022-07-22_2022-07-24,AUDUSD.DWX,IS,2022-07-22T20:50:00Z,2022-07-24T21:05:00Z,0.69248,0.69221,-0.00027,-2.7,-1,LONG,0.00887,0.0304,0.69773,0.6784,0.01933,0.7284,UPPER_THIRD,1,0,1,1,2022-07-24T21:35:00Z,30,FILL,2022-07-24T21:35:00Z,0.69248,0,0,2.7,3.9,0.8,1.9,2.74
2022-07-29_2022-07-31,AUDUSD.DWX,IS,2022-07-29T20:50:00Z,2022-07-31T21:05:00Z,0.6993,0.69763,-0.00167,-16.7,-1,LONG,0.00833,0.2004,0.70315,0.68781,0.01534,0.749,UPPER_THIRD,1,0,1,1,2022-08-01T02:25:00Z,320,FILL,2022-08-01T02:25:00Z,0.6993,8,11.47,16.7,23.94,0.8,15.9,22.79
2022-08-05_2022-08-07,AUDUSD.DWX,IS,2022-08-05T20:50:00Z,2022-08-07T21:05:00Z,0.69104,0.69035,-0.00069,-6.9,-1,LONG,0.00846,0.0815,0.70468,0.68697,0.01771,0.2298,LOWER_THIRD,0,0,1,1,2022-08-07T21:30:00Z,25,FILL,2022-08-07T21:30:00Z,0.69104,1.8,2.61,6.9,9.99,0.8,6.1,8.84
2022-08-12_2022-08-14,AUDUSD.DWX,IS,2022-08-12T20:50:00Z,2022-08-14T21:05:00Z,0.7122,0.71125,-0.00095,-9.5,-1,LONG,0.00858,0.1107,0.71367,0.68976,0.02391,0.9385,UPPER_THIRD,1,0,1,1,2022-08-14T22:00:00Z,55,FILL,2022-08-14T22:00:00Z,0.7122,2.4,3.37,9.5,13.36,0.8,8.7,12.23
2022-08-19_2022-08-21,AUDUSD.DWX,IS,2022-08-19T20:50:00Z,2022-08-21T21:05:00Z,0.68727,0.68631,-0.00096,-9.6,-1,LONG,0.00851,0.1128,0.71248,0.68589,0.02659,0.0519,LOWER_THIRD,0,0,1,1,2022-08-21T21:10:00Z,5,FILL,2022-08-21T21:10:00Z,0.68727,0.3,0.44,9.6,13.99,0.8,8.8,12.82
2022-08-26_2022-08-28,AUDUSD.DWX,IS,2022-08-26T20:50:00Z,2022-08-28T21:05:00Z,0.68904,0.68765,-0.00139,-13.9,-1,LONG,0.00834,0.1666,0.7009,0.68559,0.01531,0.2253,LOWER_THIRD,0,0,0,1,2022-08-29T12:25:00Z,920,STOP,2022-08-28T23:25:00Z,0.68626,15.5,22.54,-13.9,-20.21,0.8,-14.7,-21.38
2022-09-02_2022-09-04,AUDUSD.DWX,IS,2022-09-02T20:50:00Z,2022-09-04T21:05:00Z,0.68071,0.67797,-0.00274,-27.4,-1,LONG,0.0082,0.334,0.69561,0.67709,0.01852,0.1955,LOWER_THIRD,0,1,0,1,2022-09-05T22:10:00Z,1505,TIMESTOP,2022-09-05T12:00:00Z,0.67911,7.2,10.62,11.4,16.81,0.8,10.6,15.63
2022-09-09_2022-09-11,AUDUSD.DWX,IS,2022-09-09T20:50:00Z,2022-09-11T21:05:00Z,0.68456,0.68344,-0.00112,-11.2,-1,LONG,0.00849,0.1319,0.6877,0.66988,0.01782,0.8238,UPPER_THIRD,1,0,1,1,2022-09-11T22:00:00Z,55,FILL,2022-09-11T22:00:00Z,0.68456,5.8,8.49,11.2,16.39,0.8,10.4,15.22
2022-09-16_2022-09-18,AUDUSD.DWX,IS,2022-09-16T20:50:00Z,2022-09-18T21:05:00Z,0.67174,0.67139,-0.00035,-3.5,-1,LONG,0.00844,0.0415,0.69162,0.66698,0.02464,0.1932,LOWER_THIRD,0,0,0,1,2022-09-18T22:00:00Z,55,STOP,2022-09-18T22:00:00Z,0.67104,5.5,8.19,-3.5,-5.21,0.8,-4.3,-6.4
2022-09-23_2022-09-25,AUDUSD.DWX,IS,2022-09-23T20:50:00Z,2022-09-25T21:05:00Z,0.65285,0.65157,-0.00128,-12.8,-1,LONG,0.0091,0.1407,0.67471,0.65111,0.0236,0.0737,LOWER_THIRD,0,0,1,1,2022-09-25T22:15:00Z,70,FILL,2022-09-25T22:15:00Z,0.65285,6.3,9.67,12.8,19.64,0.8,12,18.42
2022-09-30_2022-10-02,AUDUSD.DWX,IS,2022-09-30T20:50:00Z,2022-10-02T21:05:00Z,0.63984,0.64012,0.00028,2.8,1,SHORT,0.01014,0.0276,0.65378,0.63629,0.01749,0.203,LOWER_THIRD,1,0,0,1,2022-10-06T16:10:00Z,5465,STOP,2022-10-02T21:05:00Z,0.6404,9.2,14.37,-2.8,-4.37,0.8,-3.6,-5.62
2022-10-07_2022-10-09,AUDUSD.DWX,IS,2022-10-07T20:50:00Z,2022-10-09T21:05:00Z,0.63604,0.63647,0.00043,4.3,1,SHORT,0.01103,0.039,0.65473,0.63541,0.01932,0.0326,LOWER_THIRD,1,0,1,1,2022-10-09T21:10:00Z,5,FILL,2022-10-09T21:10:00Z,0.63604,0,0,4.3,6.76,0.8,3.5,5.5
2022-10-14_2022-10-16,AUDUSD.DWX,IS,2022-10-14T20:50:00Z,2022-10-16T21:05:00Z,0.62031,0.62057,0.00026,2.6,1,SHORT,0.01154,0.0225,0.63799,0.617,0.02099,0.1577,LOWER_THIRD,1,0,0,1,2022-10-16T21:35:00Z,30,STOP,2022-10-16T21:10:00Z,0.62083,2.9,4.67,-2.6,-4.19,0.8,-3.4,-5.48
2022-10-21_2022-10-23,AUDUSD.DWX,IS,2022-10-21T20:50:00Z,2022-10-23T21:05:00Z,0.63794,0.63978,0.00184,18.4,1,SHORT,0.01121,0.1641,0.63925,0.62026,0.01899,0.931,UPPER_THIRD,0,0,1,1,2022-10-23T22:10:00Z,65,FILL,2022-10-23T22:10:00Z,0.63794,13,20.32,18.4,28.76,0.8,17.6,27.51
2022-10-28_2022-10-30,AUDUSD.DWX,IS,2022-10-28T20:50:00Z,2022-10-30T21:05:00Z,0.64115,0.64,-0.00115,-11.5,-1,LONG,0.0115,0.1,0.65219,0.62721,0.02498,0.558,MIDDLE_THIRD,0,0,1,1,2022-10-31T00:45:00Z,220,FILL,2022-10-31T00:45:00Z,0.64115,4.5,7.03,11.5,17.97,0.8,10.7,16.72
2022-11-04_2022-11-06,AUDUSD.DWX,IS,2022-11-04T20:50:00Z,2022-11-06T22:05:00Z,0.64716,0.64232,-0.00484,-48.4,-1,LONG,0.01163,0.4161,0.64923,0.6272,0.02203,0.906,UPPER_THIRD,1,1,1,1,2022-11-07T09:05:00Z,660,FILL,2022-11-07T09:05:00Z,0.64716,16.8,26.16,48.4,75.35,0.8,47.6,74.11
2022-11-11_2022-11-13,AUDUSD.DWX,IS,2022-11-11T20:55:00Z,2022-11-13T22:05:00Z,0.67085,0.67,-0.00085,-8.5,-1,LONG,0.01225,0.0694,0.67169,0.63864,0.03305,0.9746,UPPER_THIRD,1,0,0,1,2022-11-14T01:15:00Z,190,STOP,2022-11-13T22:10:00Z,0.66915,8.8,13.13,-8.5,-12.69,0.8,-9.3,-13.88
2022-11-18_2022-11-20,AUDUSD.DWX,IS,2022-11-18T21:50:00Z,2022-11-20T22:05:00Z,0.66687,0.66661,-0.00026,-2.6,-1,LONG,0.01174,0.0221,0.67977,0.6634,0.01637,0.212,LOWER_THIRD,0,0,0,1,2022-11-20T22:25:00Z,20,STOP,2022-11-20T22:25:00Z,0.66635,4.8,7.2,-2.6,-3.9,0.8,-3.4,-5.1
2022-11-25_2022-11-27,AUDUSD.DWX,IS,2022-11-25T21:50:00Z,2022-11-27T22:05:00Z,0.67463,0.67201,-0.00262,-26.2,-1,LONG,0.01,0.262,0.6781,0.65847,0.01963,0.8232,UPPER_THIRD,1,0,0,1,2022-11-29T10:50:00Z,2205,STOP,2022-11-28T01:15:00Z,0.66939,29.9,44.49,-26.2,-38.99,0.8,-27,-40.18
2022-12-02_2022-12-04,AUDUSD.DWX,IS,2022-12-02T21:50:00Z,2022-12-04T22:05:00Z,0.67932,0.67914,-0.00018,-1.8,-1,LONG,0.00887,0.0203,0.68447,0.66402,0.02045,0.7482,UPPER_THIRD,1,0,0,1,2022-12-04T22:40:00Z,35,STOP,2022-12-04T22:10:00Z,0.67896,12.6,18.55,-1.8,-2.65,0.8,-2.6,-3.83
2022-12-09_2022-12-11,AUDUSD.DWX,IS,2022-12-09T21:50:00Z,2022-12-11T22:05:00Z,0.67964,0.6787,-0.00094,-9.4,-1,LONG,0.00876,0.1073,0.68508,0.66688,0.0182,0.7011,UPPER_THIRD,1,0,1,1,2022-12-11T22:10:00Z,5,FILL,2022-12-11T22:10:00Z,0.67964,1.1,1.62,9.4,13.85,0.8,8.6,12.67
2022-12-16_2022-12-18,AUDUSD.DWX,IS,2022-12-16T21:50:00Z,2022-12-18T22:05:00Z,0.66868,0.67009,0.00141,14.1,1,SHORT,0.01,0.141,0.68932,0.66751,0.02181,0.0536,LOWER_THIRD,1,0,1,1,2022-12-18T23:45:00Z,100,FILL,2022-12-18T23:45:00Z,0.66868,10.9,16.27,14.1,21.04,0.8,13.3,19.85
2022-12-23_2022-12-25,AUDUSD.DWX,IS,2022-12-23T21:55:00Z,2022-12-25T22:05:00Z,0.67152,0.66932,-0.0022,-22,-1,LONG,0.00899,0.2449,0.67672,0.66291,0.01381,0.6235,MIDDLE_THIRD,0,0,1,1,2022-12-25T23:00:00Z,55,FILL,2022-12-25T23:00:00Z,0.67152,2.7,4.03,22,32.87,0.8,21.2,31.67
2022-12-30_2023-01-01,AUDUSD.DWX,IS,2022-12-30T21:50:00Z,2023-01-01T22:30:00Z,0.68157,0.67953,-0.00204,-20.4,-1,LONG,0.00879,0.232,0.6821,0.66783,0.01427,0.9629,UPPER_THIRD,1,0,1,1,2023-01-01T22:55:00Z,25,FILL,2023-01-01T22:55:00Z,0.68157,3.1,4.56,20.4,30.02,0.8,19.6,28.84
2023-01-06_2023-01-08,AUDUSD.DWX,IS,2023-01-06T21:50:00Z,2023-01-08T22:05:00Z,0.68755,0.68773,0.00018,1.8,1,SHORT,0.00945,0.019,0.68868,0.66879,0.01989,0.9432,UPPER_THIRD,0,0,1,1,2023-01-08T22:35:00Z,30,FILL,2023-01-08T22:35:00Z,0.68755,1.3,1.89,1.8,2.62,0.8,1,1.45
2023-01-13_2023-01-15,AUDUSD.DWX,IS,2023-01-13T21:50:00Z,2023-01-15T22:05:00Z,0.69748,0.69684,-0.00064,-6.4,-1,LONG,0.0092,0.0696,0.6994,0.68596,0.01344,0.8571,UPPER_THIRD,1,0,1,1,2023-01-15T22:50:00Z,45,FILL,2023-01-15T22:50:00Z,0.69748,0,0,6.4,9.18,0.8,5.6,8.04
2023-01-20_2023-01-22,AUDUSD.DWX,IS,2023-01-20T21:50:00Z,2023-01-22T22:05:00Z,0.69678,0.69646,-0.00032,-3.2,-1,LONG,0.00995,0.0322,0.70633,0.68717,0.01916,0.5016,MIDDLE_THIRD,0,0,1,1,2023-01-22T22:05:00Z,0,FILL,2023-01-22T22:05:00Z,0.69678,0,0,3.2,4.59,0.8,2.4,3.45
2023-01-27_2023-01-29,AUDUSD.DWX,IS,2023-01-27T21:50:00Z,2023-01-29T22:05:00Z,0.71083,0.70978,-0.00105,-10.5,-1,LONG,0.00771,0.1361,0.71424,0.69555,0.01869,0.8175,UPPER_THIRD,1,0,1,1,2023-01-29T23:50:00Z,105,FILL,2023-01-29T23:50:00Z,0.71083,4.9,6.9,10.5,14.79,0.8,9.7,13.67
2023-02-03_2023-02-05,AUDUSD.DWX,IS,2023-02-03T21:55:00Z,2023-02-05T22:05:00Z,0.69216,0.68962,-0.00254,-25.4,-1,LONG,0.00857,0.2963,0.71576,0.69191,0.02385,0.0105,LOWER_THIRD,0,0,1,1,2023-02-05T23:05:00Z,60,FILL,2023-02-05T23:05:00Z,0.69216,0.3,0.44,25.4,36.83,0.8,24.6,35.67
2023-02-10_2023-02-12,AUDUSD.DWX,IS,2023-02-10T21:50:00Z,2023-02-12T22:05:00Z,0.69193,0.69183,-0.0001,-1,-1,LONG,0.00854,0.0117,0.70112,0.68556,0.01556,0.4094,MIDDLE_THIRD,0,0,1,1,2023-02-12T22:05:00Z,0,FILL,2023-02-12T22:05:00Z,0.69193,0.6,0.87,1,1.45,0.8,0.2,0.29
2023-02-17_2023-02-19,AUDUSD.DWX,IS,2023-02-17T21:50:00Z,2023-02-19T22:05:00Z,0.68776,0.68692,-0.00084,-8.4,-1,LONG,0.00959,0.0876,0.70299,0.68117,0.02182,0.302,LOWER_THIRD,0,0,1,1,2023-02-20T01:20:00Z,195,FILL,2023-02-20T01:20:00Z,0.68776,6.7,9.75,8.4,12.23,0.8,7.6,11.06
2023-02-24_2023-02-26,AUDUSD.DWX,IS,2023-02-24T21:50:00Z,2023-02-26T22:05:00Z,0.67248,0.67266,0.00018,1.8,1,SHORT,0.00841,0.0214,0.69204,0.67185,0.02019,0.0312,LOWER_THIRD,1,0,0,1,2023-02-26T22:05:00Z,0,STOP,2023-02-26T22:05:00Z,0.67284,4.3,6.39,-1.8,-2.68,0.8,-2.6,-3.87
2023-03-03_2023-03-05,AUDUSD.DWX,IS,2023-03-03T21:50:00Z,2023-03-05T22:05:00Z,0.6768,0.67517,-0.00163,-16.3,-1,LONG,0.00764,0.2133,0.67834,0.66951,0.00883,0.8256,UPPER_THIRD,1,0,1,1,2023-03-06T02:55:00Z,290,FILL,2023-03-06T02:55:00Z,0.6768,10.6,15.7,16.3,24.14,0.8,15.5,22.96
2023-03-10_2023-03-12,AUDUSD.DWX,IS,2023-03-10T21:50:00Z,2023-03-12T21:15:00Z,0.65816,0.66055,0.00239,23.9,1,SHORT,0.00735,0.3251,0.67694,0.65639,0.02055,0.0861,LOWER_THIRD,1,1,0,0,,,STOP,2023-03-12T22:40:00Z,0.66294,24,36.33,-23.9,-36.18,0.8,-24.7,-37.39
2023-03-17_2023-03-19,AUDUSD.DWX,IS,2023-03-17T20:50:00Z,2023-03-19T21:05:00Z,0.66986,0.67151,0.00165,16.5,1,SHORT,0.00815,0.2025,0.67249,0.65899,0.0135,0.8052,UPPER_THIRD,0,0,1,1,2023-03-19T21:25:00Z,20,FILL,2023-03-19T21:25:00Z,0.66986,1.4,2.08,16.5,24.57,0.8,15.7,23.38
2023-03-24_2023-03-26,AUDUSD.DWX,IS,2023-03-24T20:50:00Z,2023-03-26T21:05:00Z,0.66435,0.66509,0.00074,7.4,1,SHORT,0.00879,0.0841,0.6759,0.66249,0.01341,0.1387,LOWER_THIRD,1,0,1,1,2023-03-26T21:55:00Z,50,FILL,2023-03-26T21:55:00Z,0.66435,1.9,2.86,7.4,11.13,0.8,6.6,9.92
2023-03-31_2023-04-02,AUDUSD.DWX,IS,2023-03-31T20:55:00Z,2023-04-02T21:05:00Z,0.66857,0.66854,-3e-05,-0.3,-1,LONG,0.00717,0.0042,0.67377,0.66338,0.01039,0.4995,MIDDLE_THIRD,0,0,0,1,2023-04-02T21:10:00Z,5,STOP,2023-04-02T21:05:00Z,0.66851,6.6,9.87,-0.3,-0.45,0.8,-1.1,-1.65
2023-04-07_2023-04-09,AUDUSD.DWX,IS,2023-04-07T20:50:00Z,2023-04-09T21:05:00Z,0.66613,0.66529,-0.00084,-8.4,-1,LONG,0.00746,0.1126,0.67932,0.66411,0.01521,0.1328,LOWER_THIRD,0,0,1,1,2023-04-09T21:05:00Z,0,FILL,2023-04-09T21:05:00Z,0.66613,0.9,1.35,8.4,12.63,0.8,7.6,11.42
2023-04-14_2023-04-16,AUDUSD.DWX,IS,2023-04-14T20:50:00Z,2023-04-16T21:05:00Z,0.67097,0.66986,-0.00111,-11.1,-1,LONG,0.00778,0.1426,0.68057,0.66192,0.01865,0.4853,MIDDLE_THIRD,0,0,1,1,2023-04-17T00:20:00Z,195,FILL,2023-04-17T00:20:00Z,0.67097,1.2,1.79,11.1,16.57,0.8,10.3,15.38
2023-04-21_2023-04-23,AUDUSD.DWX,IS,2023-04-21T20:50:00Z,2023-04-23T21:05:00Z,0.66927,0.66929,2e-05,0.2,1,SHORT,0.00713,0.0028,0.67714,0.66777,0.00937,0.1601,LOWER_THIRD,1,0,0,1,2023-04-23T22:00:00Z,55,STOP,2023-04-23T21:05:00Z,0.66931,1,1.49,-0.2,-0.3,0.8,-1,-1.49
2023-04-28_2023-04-30,AUDUSD.DWX,IS,2023-04-28T20:50:00Z,2023-04-30T21:05:00Z,0.66151,0.66118,-0.00033,-3.3,-1,LONG,0.00656,0.0503,0.67056,0.65736,0.0132,0.3144,LOWER_THIRD,0,0,1,1,2023-04-30T21:10:00Z,5,FILL,2023-04-30T21:10:00Z,0.66151,2,3.02,3.3,4.99,0.8,2.5,3.78
2023-05-05_2023-05-07,AUDUSD.DWX,IS,2023-05-05T20:55:00Z,2023-05-07T21:05:00Z,0.67529,0.67502,-0.00027,-2.7,-1,LONG,0.00625,0.0432,0.67569,0.66072,0.01497,0.9733,UPPER_THIRD,1,0,0,1,2023-05-07T21:30:00Z,25,STOP,2023-05-07T21:30:00Z,0.67475,2.8,4.15,-2.7,-4,0.8,-3.5,-5.19
2023-05-12_2023-05-14,AUDUSD.DWX,IS,2023-05-12T20:50:00Z,2023-05-14T21:05:00Z,0.66414,0.66441,0.00027,2.7,1,SHORT,0.00677,0.0399,0.68179,0.6636,0.01819,0.0297,LOWER_THIRD,1,0,0,1,2023-05-17T05:35:00Z,3390,STOP,2023-05-14T21:05:00Z,0.66468,3.6,5.42,-2.7,-4.06,0.8,-3.5,-5.27
2023-05-19_2023-05-21,AUDUSD.DWX,IS,2023-05-19T20:50:00Z,2023-05-21T21:05:00Z,0.66497,0.66447,-0.0005,-5,-1,LONG,0.00669,0.0747,0.67097,0.66048,0.01049,0.428,MIDDLE_THIRD,0,0,1,1,2023-05-21T21:55:00Z,50,FILL,2023-05-21T21:55:00Z,0.66497,1.5,2.26,5,7.52,0.8,4.2,6.32
2023-05-26_2023-05-28,AUDUSD.DWX,IS,2023-05-26T20:50:00Z,2023-05-28T21:05:00Z,0.65177,0.65191,0.00014,1.4,1,SHORT,0.00622,0.0225,0.66676,0.64903,0.01773,0.1545,LOWER_THIRD,1,0,0,1,2023-05-30T03:20:00Z,1815,STOP,2023-05-28T21:05:00Z,0.65205,2,3.07,-1.4,-2.15,0.8,-2.2,-3.37
2023-06-02_2023-06-04,AUDUSD.DWX,IS,2023-06-02T20:50:00Z,2023-06-04T21:05:00Z,0.66048,0.66029,-0.00019,-1.9,-1,LONG,0.00612,0.0311,0.66387,0.64581,0.01806,0.8123,UPPER_THIRD,1,0,0,1,2023-06-04T22:20:00Z,75,STOP,2023-06-04T21:10:00Z,0.6601,2.1,3.18,-1.9,-2.88,0.8,-2.7,-4.09
2023-06-09_2023-06-11,AUDUSD.DWX,IS,2023-06-09T20:50:00Z,2023-06-11T21:05:00Z,0.67423,0.67325,-0.00098,-9.8,-1,LONG,0.00657,0.1491,0.67508,0.65793,0.01715,0.9504,UPPER_THIRD,1,0,1,1,2023-06-11T22:00:00Z,55,FILL,2023-06-11T22:00:00Z,0.67423,0,0,9.8,14.56,0.8,9,13.37
2023-06-16_2023-06-18,AUDUSD.DWX,IS,2023-06-16T20:50:00Z,2023-06-18T21:05:00Z,0.68748,0.68781,0.00033,3.3,1,SHORT,0.00718,0.0459,0.68998,0.67313,0.01685,0.8516,UPPER_THIRD,0,0,1,1,2023-06-18T21:10:00Z,5,FILL,2023-06-18T21:10:00Z,0.68748,0,0,3.3,4.8,0.8,2.5,3.63
2023-06-23_2023-06-25,AUDUSD.DWX,IS,2023-06-23T20:50:00Z,2023-06-25T21:05:00Z,0.66754,0.66767,0.00013,1.3,1,SHORT,0.00728,0.0179,0.68826,0.66629,0.02197,0.0569,LOWER_THIRD,1,0,0,1,2023-06-25T21:35:00Z,30,STOP,2023-06-25T21:05:00Z,0.6678,2,3,-1.3,-1.95,0.8,-2.1,-3.15
2023-06-30_2023-07-02,AUDUSD.DWX,IS,2023-06-30T20:50:00Z,2023-07-02T21:05:00Z,0.66594,0.66601,7e-05,0.7,1,SHORT,0.00705,0.0099,0.67207,0.65951,0.01256,0.5119,MIDDLE_THIRD,0,0,1,1,2023-07-02T21:15:00Z,10,FILL,2023-07-02T21:15:00Z,0.66594,0,0,0.7,1.05,0.8,-0.1,-0.15
2023-07-07_2023-07-09,AUDUSD.DWX,IS,2023-07-07T20:50:00Z,2023-07-09T21:05:00Z,0.66898,0.66794,-0.00104,-10.4,-1,LONG,0.00683,0.1523,0.67052,0.6599,0.01062,0.855,UPPER_THIRD,1,0,1,1,2023-07-09T21:45:00Z,40,FILL,2023-07-09T21:45:00Z,0.66898,0,0,10.4,15.57,0.8,9.6,14.37
2023-07-14_2023-07-16,AUDUSD.DWX,IS,2023-07-14T20:50:00Z,2023-07-16T21:05:00Z,0.68374,0.68322,-0.00052,-5.2,-1,LONG,0.00723,0.0719,0.68949,0.66235,0.02714,0.7881,UPPER_THIRD,1,0,1,1,2023-07-16T21:20:00Z,15,FILL,2023-07-16T21:20:00Z,0.68374,1.3,1.9,5.2,7.61,0.8,4.4,6.44
2023-07-21_2023-07-23,AUDUSD.DWX,IS,2023-07-21T20:50:00Z,2023-07-23T21:05:00Z,0.67301,0.67289,-0.00012,-1.2,-1,LONG,0.00729,0.0165,0.68465,0.67223,0.01242,0.0628,LOWER_THIRD,0,0,1,1,2023-07-23T21:10:00Z,5,FILL,2023-07-23T21:10:00Z,0.67301,0.8,1.19,1.2,1.78,0.8,0.4,0.59
2023-07-28_2023-07-30,AUDUSD.DWX,IS,2023-07-28T20:50:00Z,2023-07-30T21:05:00Z,0.66468,0.66419,-0.00049,-4.9,-1,LONG,0.00753,0.0651,0.6821,0.66225,0.01985,0.1224,LOWER_THIRD,0,0,1,1,2023-07-30T21:05:00Z,0,FILL,2023-07-30T21:05:00Z,0.66468,0,0,4.9,7.38,0.8,4.1,6.17
2023-08-04_2023-08-06,AUDUSD.DWX,IS,2023-08-04T20:50:00Z,2023-08-06T21:05:00Z,0.65686,0.65695,9e-05,0.9,1,SHORT,0.0079,0.0114,0.67393,0.6514,0.02253,0.2423,LOWER_THIRD,1,0,0,1,2023-08-06T23:30:00Z,145,STOP,2023-08-06T21:35:00Z,0.65704,1.1,1.67,-0.9,-1.37,0.8,-1.7,-2.59
2023-08-11_2023-08-13,AUDUSD.DWX,IS,2023-08-11T20:50:00Z,2023-08-13T21:05:00Z,0.64943,0.64947,4e-05,0.4,1,SHORT,0.00795,0.005,0.66165,0.64859,0.01306,0.0643,LOWER_THIRD,1,0,0,1,2023-08-13T21:05:00Z,0,STOP,2023-08-13T21:05:00Z,0.64951,0.4,0.62,-0.4,-0.62,0.8,-1.2,-1.85
2023-08-18_2023-08-20,AUDUSD.DWX,IS,2023-08-18T20:50:00Z,2023-08-20T21:05:00Z,0.6404,0.64052,0.00012,1.2,1,SHORT,0.00705,0.017,0.65215,0.63645,0.0157,0.2516,LOWER_THIRD,1,0,0,1,2023-08-20T21:30:00Z,25,STOP,2023-08-20T21:05:00Z,0.64064,1.5,2.34,-1.2,-1.87,0.8,-2,-3.12
2023-08-25_2023-08-27,AUDUSD.DWX,IS,2023-08-25T20:50:00Z,2023-08-27T21:05:00Z,0.64032,0.64044,0.00012,1.2,1,SHORT,0.0064,0.0188,0.6488,0.63801,0.01079,0.2141,LOWER_THIRD,1,0,0,1,2023-08-28T10:05:00Z,780,STOP,2023-08-27T21:15:00Z,0.64056,3.6,5.62,-1.2,-1.87,0.8,-2,-3.12
2023-09-01_2023-09-03,AUDUSD.DWX,IS,2023-09-01T20:50:00Z,2023-09-03T21:05:00Z,0.64489,0.64415,-0.00074,-7.4,-1,LONG,0.00638,0.1161,0.65219,0.64011,0.01208,0.3957,MIDDLE_THIRD,0,0,1,1,2023-09-03T21:40:00Z,35,FILL,2023-09-03T21:40:00Z,0.64489,0.6,0.93,7.4,11.49,0.8,6.6,10.25
2023-09-08_2023-09-10,AUDUSD.DWX,IS,2023-09-08T20:50:00Z,2023-09-10T21:05:00Z,0.63765,0.63832,0.00067,6.7,1,SHORT,0.00616,0.1088,0.64803,0.63571,0.01232,0.1575,LOWER_THIRD,1,0,1,1,2023-09-10T21:10:00Z,5,FILL,2023-09-10T21:10:00Z,0.63765,1.8,2.82,6.7,10.5,0.8,5.9,9.24
2023-09-15_2023-09-17,AUDUSD.DWX,IS,2023-09-15T20:50:00Z,2023-09-17T21:05:00Z,0.6431,0.64329,0.00019,1.9,1,SHORT,0.00587,0.0324,0.64733,0.63718,0.01015,0.5833,MIDDLE_THIRD,0,0,0,1,2023-09-17T21:35:00Z,30,STOP,2023-09-17T21:30:00Z,0.64348,2.9,4.51,-1.9,-2.95,0.8,-2.7,-4.2
2023-09-22_2023-09-24,AUDUSD.DWX,IS,2023-09-22T20:50:00Z,2023-09-24T21:05:00Z,0.64398,0.64403,5e-05,0.5,1,SHORT,0.00551,0.0091,0.6511,0.63853,0.01257,0.4336,MIDDLE_THIRD,0,0,0,1,2023-09-24T21:05:00Z,0,STOP,2023-09-24T21:05:00Z,0.64408,0.6,0.93,-0.5,-0.78,0.8,-1.3,-2.02
2023-09-29_2023-10-01,AUDUSD.DWX,IS,2023-09-29T20:50:00Z,2023-10-01T21:05:00Z,0.6434,0.6422,-0.0012,-12,-1,LONG,0.00571,0.2102,0.65008,0.63311,0.01697,0.6064,MIDDLE_THIRD,0,0,1,1,2023-10-01T22:00:00Z,55,FILL,2023-10-01T22:00:00Z,0.6434,0,0,12,18.69,0.8,11.2,17.44
2023-10-06_2023-10-08,AUDUSD.DWX,IS,2023-10-06T20:50:00Z,2023-10-08T21:05:00Z,0.63834,0.63574,-0.0026,-26,-1,LONG,0.00682,0.3814,0.64449,0.62854,0.01595,0.6144,MIDDLE_THIRD,0,1,0,1,2023-10-09T14:15:00Z,1030,TIMESTOP,2023-10-09T12:00:00Z,0.63609,14.8,23.28,3.5,5.51,0.8,2.7,4.25
2023-10-13_2023-10-15,AUDUSD.DWX,IS,2023-10-13T20:50:00Z,2023-10-15T21:05:00Z,0.6296,0.63006,0.00046,4.6,1,SHORT,0.00722,0.0638,0.64451,0.62862,0.01589,0.0617,LOWER_THIRD,1,0,0,1,2023-10-19T02:15:00Z,4630,STOP,2023-10-15T22:05:00Z,0.63052,4.7,7.46,-4.6,-7.3,0.8,-5.4,-8.57
2023-10-20_2023-10-22,AUDUSD.DWX,IS,2023-10-20T20:50:00Z,2023-10-22T21:05:00Z,0.63127,0.63125,-2e-05,-0.2,-1,LONG,0.00632,0.0032,0.63931,0.62958,0.00973,0.1737,LOWER_THIRD,0,0,1,1,2023-10-22T21:05:00Z,0,FILL,2023-10-22T21:05:00Z,0.63127,0,0,0.2,0.32,0.8,-0.6,-0.95
2023-10-27_2023-10-29,AUDUSD.DWX,IS,2023-10-27T20:50:00Z,2023-10-29T21:05:00Z,0.63329,0.63327,-2e-05,-0.2,-1,LONG,0.006,0.0033,0.63995,0.62701,0.01294,0.4853,MIDDLE_THIRD,0,0,0,1,2023-10-29T21:05:00Z,0,STOP,2023-10-29T21:05:00Z,0.63325,0.9,1.42,-0.2,-0.32,0.8,-1,-1.58
2023-11-03_2023-11-05,AUDUSD.DWX,IS,2023-11-03T20:50:00Z,2023-11-05T22:05:00Z,0.65115,0.65054,-0.00061,-6.1,-1,LONG,0.0063,0.0969,0.65181,0.63143,0.02038,0.9676,UPPER_THIRD,1,0,1,1,2023-11-05T23:05:00Z,60,FILL,2023-11-05T23:05:00Z,0.65115,1,1.54,6.1,9.38,0.8,5.3,8.15
2023-11-10_2023-11-12,AUDUSD.DWX,IS,2023-11-10T21:50:00Z,2023-11-12T22:05:00Z,0.63598,0.63537,-0.00061,-6.1,-1,LONG,0.00641,0.0952,0.65226,0.63384,0.01842,0.1162,LOWER_THIRD,0,0,1,1,2023-11-12T22:20:00Z,15,FILL,2023-11-12T22:20:00Z,0.63598,2.3,3.62,6.1,9.6,0.8,5.3,8.34
2023-11-17_2023-11-19,AUDUSD.DWX,IS,2023-11-17T21:50:00Z,2023-11-19T22:05:00Z,0.65145,0.65047,-0.00098,-9.8,-1,LONG,0.00694,0.1412,0.6542,0.63507,0.01913,0.8562,UPPER_THIRD,1,0,1,1,2023-11-19T22:50:00Z,45,FILL,2023-11-19T22:50:00Z,0.65145,1,1.54,9.8,15.07,0.8,9,13.84
2023-11-24_2023-11-26,AUDUSD.DWX,IS,2023-11-24T21:50:00Z,2023-11-26T22:05:00Z,0.65841,0.65769,-0.00072,-7.2,-1,LONG,0.00613,0.1174,0.65907,0.65008,0.00899,0.9266,UPPER_THIRD,1,0,1,1,2023-11-26T22:20:00Z,15,FILL,2023-11-26T22:20:00Z,0.65841,0,0,7.2,10.95,0.8,6.4,9.73
2023-12-01_2023-12-03,AUDUSD.DWX,IS,2023-12-01T21:50:00Z,2023-12-03T22:05:00Z,0.66745,0.66678,-0.00067,-6.7,-1,LONG,0.00655,0.1023,0.66761,0.65668,0.01093,0.9854,UPPER_THIRD,1,0,1,1,2023-12-03T22:50:00Z,45,FILL,2023-12-03T22:50:00Z,0.66745,2.6,3.9,6.7,10.05,0.8,5.9,8.85
2023-12-08_2023-12-10,AUDUSD.DWX,IS,2023-12-08T21:50:00Z,2023-12-10T22:05:00Z,0.65768,0.65674,-0.00094,-9.4,-1,LONG,0.0063,0.1492,0.66904,0.65254,0.0165,0.3115,LOWER_THIRD,0,0,1,1,2023-12-10T22:45:00Z,40,FILL,2023-12-10T22:45:00Z,0.65768,0.3,0.46,9.4,14.31,0.8,8.6,13.09
2023-12-22_2023-12-24,AUDUSD.DWX,IS,2023-12-22T21:50:00Z,2023-12-24T22:10:00Z,0.67993,0.67877,-0.00116,-11.6,-1,LONG,0.00713,0.1627,0.68247,0.66902,0.01345,0.8112,UPPER_THIRD,1,0,1,1,2023-12-25T00:50:00Z,160,FILL,2023-12-25T00:50:00Z,0.67993,4.6,6.78,11.6,17.09,0.8,10.8,15.91
2023-12-29_2024-01-01,AUDUSD.DWX,OOS,2023-12-29T21:50:00Z,2024-01-01T22:00:00Z,0.68105,0.68078,-0.00027,-2.7,-1,LONG,0.00612,0.0441,0.6871,0.67703,0.01007,0.3992,MIDDLE_THIRD,0,0,0,1,2024-01-01T22:05:00Z,5,TIMESTOP,2024-01-01T22:00:00Z,0.68088,0,0,1,1.47,0.8,0.2,0.29
2024-01-05_2024-01-07,AUDUSD.DWX,OOS,2024-01-05T21:50:00Z,2024-01-07T22:05:00Z,0.67143,0.6714,-3e-05,-0.3,-1,LONG,0.00701,0.0043,0.68462,0.66402,0.0206,0.3597,MIDDLE_THIRD,0,0,0,1,2024-01-07T22:50:00Z,45,STOP,2024-01-07T22:05:00Z,0.67137,3.9,5.81,-0.3,-0.45,0.8,-1.1,-1.64
2024-01-12_2024-01-14,AUDUSD.DWX,OOS,2024-01-12T21:50:00Z,2024-01-14T22:05:00Z,0.66855,0.66816,-0.00039,-3.9,-1,LONG,0.00591,0.066,0.67345,0.66471,0.00874,0.4394,MIDDLE_THIRD,0,0,1,1,2024-01-14T22:10:00Z,5,FILL,2024-01-14T22:10:00Z,0.66855,1.6,2.39,3.9,5.84,0.8,3.1,4.64
2024-01-19_2024-01-21,AUDUSD.DWX,OOS,2024-01-19T21:50:00Z,2024-01-21T22:05:00Z,0.65975,0.65887,-0.00088,-8.8,-1,LONG,0.0064,0.1375,0.67044,0.65249,0.01795,0.4045,MIDDLE_THIRD,0,0,1,1,2024-01-21T23:00:00Z,55,FILL,2024-01-21T23:00:00Z,0.65975,1.5,2.28,8.8,13.36,0.8,8,12.14
2024-01-26_2024-01-28,AUDUSD.DWX,OOS,2024-01-26T21:50:00Z,2024-01-28T22:05:00Z,0.65785,0.65719,-0.00066,-6.6,-1,LONG,0.00541,0.122,0.66209,0.65515,0.00694,0.389,MIDDLE_THIRD,0,0,1,1,2024-01-28T23:25:00Z,80,FILL,2024-01-28T23:25:00Z,0.65785,2.7,4.11,6.6,10.04,0.8,5.8,8.83
2024-02-02_2024-02-04,AUDUSD.DWX,OOS,2024-02-02T21:50:00Z,2024-02-04T22:05:00Z,0.65129,0.65085,-0.00044,-4.4,-1,LONG,0.00591,0.0744,0.66243,0.65022,0.01221,0.0876,LOWER_THIRD,0,0,1,1,2024-02-04T22:05:00Z,0,FILL,2024-02-04T22:05:00Z,0.65129,0,0,4.4,6.76,0.8,3.6,5.53
2024-02-09_2024-02-11,AUDUSD.DWX,OOS,2024-02-09T21:50:00Z,2024-02-11T22:05:00Z,0.65241,0.65193,-0.00048,-4.8,-1,LONG,0.00543,0.0884,0.65401,0.64685,0.00716,0.7765,UPPER_THIRD,1,0,0,1,2024-02-11T23:00:00Z,55,STOP,2024-02-11T22:05:00Z,0.65145,7.2,11.04,-4.8,-7.36,0.8,-5.6,-8.59
2024-02-16_2024-02-18,AUDUSD.DWX,OOS,2024-02-16T21:50:00Z,2024-02-18T22:05:00Z,0.65324,0.65268,-0.00056,-5.6,-1,LONG,0.00575,0.0974,0.65445,0.64426,0.01019,0.8813,UPPER_THIRD,1,0,1,1,2024-02-18T23:00:00Z,55,FILL,2024-02-18T23:00:00Z,0.65324,0.2,0.31,5.6,8.58,0.8,4.8,7.35
2024-02-23_2024-02-25,AUDUSD.DWX,OOS,2024-02-23T21:50:00Z,2024-02-25T22:05:00Z,0.65644,0.65629,-0.00015,-1.5,-1,LONG,0.00473,0.0317,0.65948,0.65213,0.00735,0.5864,MIDDLE_THIRD,0,0,0,1,2024-02-25T22:40:00Z,35,STOP,2024-02-25T22:05:00Z,0.65614,12.1,18.44,-1.5,-2.29,0.8,-2.3,-3.5
2024-03-01_2024-03-03,AUDUSD.DWX,OOS,2024-03-01T21:50:00Z,2024-03-03T22:05:00Z,0.65255,0.65239,-0.00016,-1.6,-1,LONG,0.00481,0.0333,0.65667,0.64868,0.00799,0.4844,MIDDLE_THIRD,0,0,1,1,2024-03-03T22:05:00Z,0,FILL,2024-03-03T22:05:00Z,0.65255,0,0,1.6,2.45,0.8,0.8,1.23
2024-03-08_2024-03-10,AUDUSD.DWX,OOS,2024-03-08T21:50:00Z,2024-03-10T21:05:00Z,0.66262,0.66241,-0.00021,-2.1,-1,LONG,0.00486,0.0432,0.66674,0.64774,0.019,0.7832,UPPER_THIRD,1,0,0,1,2024-03-10T22:00:00Z,55,STOP,2024-03-10T21:10:00Z,0.6622,4.1,6.19,-2.1,-3.17,0.8,-2.9,-4.38
2024-03-15_2024-03-17,AUDUSD.DWX,OOS,2024-03-15T20:50:00Z,2024-03-17T21:05:00Z,0.65602,0.65576,-0.00026,-2.6,-1,LONG,0.00481,0.054,0.66387,0.6552,0.00867,0.0946,LOWER_THIRD,0,0,1,1,2024-03-17T21:10:00Z,5,FILL,2024-03-17T21:10:00Z,0.65602,0.1,0.15,2.6,3.96,0.8,1.8,2.74
2024-03-22_2024-03-24,AUDUSD.DWX,OOS,2024-03-22T20:50:00Z,2024-03-24T21:05:00Z,0.65138,0.65122,-0.00016,-1.6,-1,LONG,0.00544,0.0294,0.66344,0.65039,0.01305,0.0759,LOWER_THIRD,0,0,1,1,2024-03-24T21:05:00Z,0,FILL,2024-03-24T21:05:00Z,0.65138,1.2,1.84,1.6,2.46,0.8,0.8,1.23
2024-03-29_2024-03-31,AUDUSD.DWX,OOS,2024-03-29T20:50:00Z,2024-03-31T21:05:00Z,0.65122,0.65148,0.00026,2.6,1,SHORT,0.0047,0.0554,0.6559,0.64852,0.00738,0.3659,MIDDLE_THIRD,0,0,0,1,2024-04-01T12:05:00Z,900,STOP,2024-03-31T21:20:00Z,0.65174,3.8,5.83,-2.6,-3.99,0.8,-3.4,-5.22
2024-04-05_2024-04-07,AUDUSD.DWX,OOS,2024-04-05T20:50:00Z,2024-04-07T21:05:00Z,0.65784,0.65699,-0.00085,-8.5,-1,LONG,0.00515,0.1652,0.66188,0.64806,0.01382,0.7077,UPPER_THIRD,1,0,0,1,2024-04-08T02:10:00Z,305,STOP,2024-04-08T00:05:00Z,0.65614,9.7,14.76,-8.5,-12.94,0.8,-9.3,-14.16
2024-04-12_2024-04-14,AUDUSD.DWX,OOS,2024-04-12T20:50:00Z,2024-04-14T21:05:00Z,0.64618,0.64622,4e-05,0.4,1,SHORT,0.00554,0.0072,0.66443,0.64559,0.01884,0.0313,LOWER_THIRD,1,0,0,1,2024-04-15T01:10:00Z,245,STOP,2024-04-14T21:05:00Z,0.64626,4.6,7.12,-0.4,-0.62,0.8,-1.2,-1.86
2024-04-19_2024-04-21,AUDUSD.DWX,OOS,2024-04-19T20:50:00Z,2024-04-21T21:05:00Z,0.64182,0.64099,-0.00083,-8.3,-1,LONG,0.00604,0.1373,0.64931,0.63621,0.0131,0.4282,MIDDLE_THIRD,0,0,1,1,2024-04-21T21:55:00Z,50,FILL,2024-04-21T21:55:00Z,0.64182,0,0,8.3,12.95,0.8,7.5,11.7
2024-04-26_2024-04-28,AUDUSD.DWX,OOS,2024-04-26T20:50:00Z,2024-04-28T21:05:00Z,0.65332,0.65238,-0.00094,-9.4,-1,LONG,0.00589,0.1595,0.65542,0.64099,0.01443,0.8545,UPPER_THIRD,1,0,1,1,2024-04-28T22:00:00Z,55,FILL,2024-04-28T22:00:00Z,0.65332,0,0,9.4,14.41,0.8,8.6,13.18
2024-05-03_2024-05-05,AUDUSD.DWX,OOS,2024-05-03T20:50:00Z,2024-05-05T21:05:00Z,0.66099,0.66137,0.00038,3.8,1,SHORT,0.00597,0.0636,0.66485,0.64651,0.01834,0.7895,UPPER_THIRD,0,0,0,1,2024-05-05T21:25:00Z,20,STOP,2024-05-05T21:05:00Z,0.66175,3.9,5.9,-3.8,-5.75,0.8,-4.6,-6.96
2024-05-10_2024-05-12,AUDUSD.DWX,OOS,2024-05-10T20:50:00Z,2024-05-12T21:05:00Z,0.66031,0.66014,-0.00017,-1.7,-1,LONG,0.00568,0.0299,0.66439,0.65577,0.00862,0.5267,MIDDLE_THIRD,0,0,1,1,2024-05-12T22:00:00Z,55,FILL,2024-05-12T22:00:00Z,0.66031,1.4,2.12,1.7,2.58,0.8,0.9,1.36
2024-05-17_2024-05-19,AUDUSD.DWX,OOS,2024-05-17T20:50:00Z,2024-05-19T21:05:00Z,0.66944,0.66922,-0.00022,-2.2,-1,LONG,0.00583,0.0378,0.6714,0.6579,0.0135,0.8548,UPPER_THIRD,1,0,0,1,2024-05-19T22:00:00Z,55,STOP,2024-05-19T21:55:00Z,0.669,2.5,3.74,-2.2,-3.29,0.8,-3,-4.48
2024-05-24_2024-05-26,AUDUSD.DWX,OOS,2024-05-24T20:50:00Z,2024-05-26T21:05:00Z,0.66275,0.66238,-0.00037,-3.7,-1,LONG,0.00512,0.0723,0.67092,0.6592,0.01172,0.3029,LOWER_THIRD,0,0,1,1,2024-05-26T21:05:00Z,0,FILL,2024-05-26T21:05:00Z,0.66275,0,0,3.7,5.59,0.8,2.9,4.38
2024-05-31_2024-06-02,AUDUSD.DWX,OOS,2024-05-31T20:50:00Z,2024-06-02T21:05:00Z,0.6653,0.66494,-0.00036,-3.6,-1,LONG,0.00519,0.0693,0.66797,0.65907,0.0089,0.7,UPPER_THIRD,1,0,1,1,2024-06-02T22:00:00Z,55,FILL,2024-06-02T22:00:00Z,0.6653,0.4,0.6,3.6,5.41,0.8,2.8,4.21
2024-06-07_2024-06-09,AUDUSD.DWX,OOS,2024-06-07T20:50:00Z,2024-06-09T21:05:00Z,0.65815,0.6578,-0.00035,-3.5,-1,LONG,0.00547,0.064,0.66986,0.65787,0.01199,0.0234,LOWER_THIRD,0,0,1,1,2024-06-09T22:25:00Z,80,FILL,2024-06-09T22:25:00Z,0.65815,2.2,3.34,3.5,5.32,0.8,2.7,4.1
2024-06-14_2024-06-16,AUDUSD.DWX,OOS,2024-06-14T20:50:00Z,2024-06-16T21:05:00Z,0.66148,0.66008,-0.0014,-14,-1,LONG,0.0056,0.2499,0.67043,0.65758,0.01285,0.3035,LOWER_THIRD,0,0,1,1,2024-06-16T22:00:00Z,55,FILL,2024-06-16T22:00:00Z,0.66148,3.4,5.15,14,21.21,0.8,13.2,20
2024-06-21_2024-06-23,AUDUSD.DWX,OOS,2024-06-21T20:50:00Z,2024-06-23T21:05:00Z,0.66412,0.66374,-0.00038,-3.8,-1,LONG,0.00507,0.0749,0.66791,0.65851,0.0094,0.5968,MIDDLE_THIRD,0,0,1,1,2024-06-23T22:05:00Z,60,FILL,2024-06-23T22:05:00Z,0.66412,2.5,3.77,3.8,5.73,0.8,3,4.52
2024-06-28_2024-06-30,AUDUSD.DWX,OOS,2024-06-28T20:50:00Z,2024-06-30T21:05:00Z,0.66692,0.66803,0.00111,11.1,1,SHORT,0.00461,0.2408,0.66886,0.66199,0.00687,0.7176,UPPER_THIRD,0,0,1,1,2024-07-01T00:30:00Z,205,FILL,2024-07-01T00:30:00Z,0.66692,0.2,0.3,11.1,16.62,0.8,10.3,15.42
2024-07-05_2024-07-07,AUDUSD.DWX,OOS,2024-07-05T20:50:00Z,2024-07-07T21:05:00Z,0.67486,0.67351,-0.00135,-13.5,-1,LONG,0.00431,0.3132,0.67527,0.66339,0.01188,0.9655,UPPER_THIRD,1,1,1,1,2024-07-07T22:00:00Z,55,FILL,2024-07-07T22:00:00Z,0.67486,0,0,13.5,20.04,0.8,12.7,18.86
2024-07-12_2024-07-14,AUDUSD.DWX,OOS,2024-07-12T20:50:00Z,2024-07-14T21:05:00Z,0.67834,0.67689,-0.00145,-14.5,-1,LONG,0.00413,0.351,0.67985,0.67253,0.00732,0.7937,UPPER_THIRD,1,1,1,1,2024-07-15T08:10:00Z,665,FILL,2024-07-15T08:10:00Z,0.67834,6.6,9.75,14.5,21.42,0.8,13.7,20.24
2024-07-19_2024-07-21,AUDUSD.DWX,OOS,2024-07-19T20:50:00Z,2024-07-21T21:05:00Z,0.66838,0.66871,0.00033,3.3,1,SHORT,0.00386,0.0855,0.67886,0.66801,0.01085,0.0341,LOWER_THIRD,1,0,1,1,2024-07-21T21:05:00Z,0,FILL,2024-07-21T21:05:00Z,0.66838,0.3,0.45,3.3,4.93,0.8,2.5,3.74
2024-07-26_2024-07-28,AUDUSD.DWX,OOS,2024-07-26T20:50:00Z,2024-07-28T21:05:00Z,0.6548,0.65464,-0.00016,-1.6,-1,LONG,0.00416,0.0385,0.67021,0.65122,0.01899,0.1885,LOWER_THIRD,0,0,1,1,2024-07-28T21:05:00Z,0,FILL,2024-07-28T21:05:00Z,0.6548,0.2,0.31,1.6,2.44,0.8,0.8,1.22
2024-08-02_2024-08-04,AUDUSD.DWX,OOS,2024-08-02T20:50:00Z,2024-08-04T21:05:00Z,0.65098,0.65073,-0.00025,-2.5,-1,LONG,0.00495,0.0505,0.65682,0.64793,0.00889,0.3431,MIDDLE_THIRD,0,0,1,1,2024-08-04T21:05:00Z,0,FILL,2024-08-04T21:05:00Z,0.65098,1.7,2.61,2.5,3.84,0.8,1.7,2.61
2024-08-09_2024-08-11,AUDUSD.DWX,OOS,2024-08-09T20:50:00Z,2024-08-11T21:05:00Z,0.65716,0.65665,-0.00051,-5.1,-1,LONG,0.00638,0.0799,0.6605,0.6348,0.0257,0.87,UPPER_THIRD,1,0,1,1,2024-08-11T21:10:00Z,5,FILL,2024-08-11T21:10:00Z,0.65716,0.7,1.07,5.1,7.77,0.8,4.3,6.55
2024-08-16_2024-08-18,AUDUSD.DWX,OOS,2024-08-16T20:50:00Z,2024-08-18T21:05:00Z,0.66697,0.66598,-0.00099,-9.9,-1,LONG,0.00681,0.1453,0.66712,0.65628,0.01084,0.9862,UPPER_THIRD,1,0,0,1,2024-08-18T22:00:00Z,55,STOP,2024-08-18T21:05:00Z,0.66499,15.1,22.67,-9.9,-14.87,0.8,-10.7,-16.07
2024-08-23_2024-08-25,AUDUSD.DWX,OOS,2024-08-23T20:50:00Z,2024-08-25T21:05:00Z,0.67969,0.67895,-0.00074,-7.4,-1,LONG,0.00615,0.1204,0.67984,0.6637,0.01614,0.9907,UPPER_THIRD,1,0,0,1,2024-08-28T01:30:00Z,3145,STOP,2024-08-26T03:10:00Z,0.67821,7.4,10.9,-7.4,-10.9,0.8,-8.2,-12.08
2024-08-30_2024-09-01,AUDUSD.DWX,OOS,2024-08-30T20:50:00Z,2024-09-01T21:05:00Z,0.67649,0.67619,-0.0003,-3,-1,LONG,0.00561,0.0535,0.68237,0.67514,0.00723,0.1867,LOWER_THIRD,0,0,1,1,2024-09-01T21:05:00Z,0,FILL,2024-09-01T21:05:00Z,0.67649,0,0,3,4.44,0.8,2.2,3.25
2024-09-06_2024-09-08,AUDUSD.DWX,OOS,2024-09-06T20:50:00Z,2024-09-08T21:05:00Z,0.6668,0.66648,-0.00032,-3.2,-1,LONG,0.00551,0.058,0.67947,0.66597,0.0135,0.0615,LOWER_THIRD,0,0,1,1,2024-09-08T21:15:00Z,10,FILL,2024-09-08T21:15:00Z,0.6668,0,0,3.2,4.8,0.8,2.4,3.6
2024-09-13_2024-09-15,AUDUSD.DWX,OOS,2024-09-13T20:50:00Z,2024-09-15T21:05:00Z,0.67041,0.67021,-0.0002,-2,-1,LONG,0.00541,0.0369,0.67325,0.6622,0.01105,0.743,UPPER_THIRD,1,0,1,1,2024-09-15T21:15:00Z,10,FILL,2024-09-15T21:15:00Z,0.67041,1.6,2.39,2,2.98,0.8,1.2,1.79
2024-09-20_2024-09-22,AUDUSD.DWX,OOS,2024-09-20T20:50:00Z,2024-09-22T21:05:00Z,0.6807,0.67979,-0.00091,-9.1,-1,LONG,0.00594,0.1531,0.68389,0.67005,0.01384,0.7695,UPPER_THIRD,1,0,1,1,2024-09-22T22:15:00Z,70,FILL,2024-09-22T22:15:00Z,0.6807,0.1,0.15,9.1,13.39,0.8,8.3,12.21
2024-09-27_2024-09-29,AUDUSD.DWX,OOS,2024-09-27T20:50:00Z,2024-09-29T21:05:00Z,0.69008,0.68974,-0.00034,-3.4,-1,LONG,0.00631,0.0539,0.69371,0.67978,0.01393,0.7394,UPPER_THIRD,1,0,1,1,2024-09-29T21:05:00Z,0,FILL,2024-09-29T21:05:00Z,0.69008,0,0,3.4,4.93,0.8,2.6,3.77
2024-10-04_2024-10-06,AUDUSD.DWX,OOS,2024-10-04T20:50:00Z,2024-10-06T21:05:00Z,0.67946,0.67866,-0.0008,-8,-1,LONG,0.00662,0.1208,0.69425,0.67853,0.01572,0.0592,LOWER_THIRD,0,0,1,1,2024-10-06T21:25:00Z,20,FILL,2024-10-06T21:25:00Z,0.67946,0.1,0.15,8,11.79,0.8,7.2,10.61
2024-10-11_2024-10-13,AUDUSD.DWX,OOS,2024-10-11T20:50:00Z,2024-10-13T21:05:00Z,0.67503,0.67374,-0.00129,-12.9,-1,LONG,0.00622,0.2074,0.68101,0.67,0.01101,0.4569,MIDDLE_THIRD,0,0,0,0,,,STOP,2024-10-13T23:35:00Z,0.67245,14.3,21.22,-12.9,-19.15,0.8,-13.7,-20.33
2024-10-18_2024-10-20,AUDUSD.DWX,OOS,2024-10-18T20:50:00Z,2024-10-20T21:05:00Z,0.67047,0.67036,-0.00011,-1.1,-1,LONG,0.0051,0.0216,0.67485,0.66541,0.00944,0.536,MIDDLE_THIRD,0,0,1,1,2024-10-20T21:30:00Z,25,FILL,2024-10-20T21:30:00Z,0.67047,0.9,1.34,1.1,1.64,0.8,0.3,0.45
2024-10-25_2024-10-27,AUDUSD.DWX,OOS,2024-10-25T20:50:00Z,2024-10-27T21:05:00Z,0.66032,0.66048,0.00016,1.6,1,SHORT,0.00484,0.0331,0.67232,0.6601,0.01222,0.018,LOWER_THIRD,1,0,0,1,2024-10-27T23:45:00Z,160,STOP,2024-10-27T21:05:00Z,0.66064,7.8,11.81,-1.6,-2.42,0.8,-2.4,-3.63
2024-11-01_2024-11-03,AUDUSD.DWX,OOS,2024-11-01T20:50:00Z,2024-11-03T22:05:00Z,0.65589,0.66021,0.00432,43.2,1,SHORT,0.00473,0.914,0.66154,0.65366,0.00788,0.283,LOWER_THIRD,1,1,0,1,2024-11-06T02:35:00Z,3150,TIMESTOP,2024-11-04T12:00:00Z,0.66015,16.6,25.14,0.6,0.91,0.8,-0.2,-0.3
2024-11-08_2024-11-10,AUDUSD.DWX,OOS,2024-11-08T21:50:00Z,2024-11-10T22:05:00Z,0.65823,0.65763,-0.0006,-6,-1,LONG,0.00662,0.0906,0.66875,0.6512,0.01755,0.4006,MIDDLE_THIRD,0,0,1,1,2024-11-10T22:10:00Z,5,FILL,2024-11-10T22:10:00Z,0.65823,1.2,1.82,6,9.12,0.8,5.2,7.91
2024-11-15_2024-11-17,AUDUSD.DWX,OOS,2024-11-15T21:50:00Z,2024-11-17T22:05:00Z,0.646,0.64558,-0.00042,-4.2,-1,LONG,0.00677,0.0621,0.65981,0.64404,0.01577,0.1243,LOWER_THIRD,0,0,1,1,2024-11-17T22:10:00Z,5,FILL,2024-11-17T22:10:00Z,0.646,1.6,2.48,4.2,6.51,0.8,3.4,5.27
2024-11-22_2024-11-24,AUDUSD.DWX,OOS,2024-11-22T21:50:00Z,2024-11-24T22:05:00Z,0.65004,0.65297,0.00293,29.3,1,SHORT,0.00691,0.4243,0.65441,0.64476,0.00965,0.5472,MIDDLE_THIRD,0,1,1,1,2024-11-25T08:20:00Z,615,FILL,2024-11-25T08:20:00Z,0.65004,20,30.63,29.3,44.87,0.8,28.5,43.65
2024-11-29_2024-12-01,AUDUSD.DWX,OOS,2024-11-29T21:50:00Z,2024-12-01T22:05:00Z,0.65174,0.65105,-0.00069,-6.9,-1,LONG,0.00529,0.1303,0.65497,0.64337,0.0116,0.7216,UPPER_THIRD,1,0,0,0,,,STOP,2024-12-01T23:05:00Z,0.65036,7.5,11.52,-6.9,-10.6,0.8,-7.7,-11.83
2024-12-06_2024-12-08,AUDUSD.DWX,OOS,2024-12-06T21:50:00Z,2024-12-08T22:05:00Z,0.6391,0.63866,-0.00044,-4.4,-1,LONG,0.00556,0.0791,0.6514,0.63725,0.01415,0.1307,LOWER_THIRD,0,0,1,1,2024-12-08T22:05:00Z,0,FILL,2024-12-08T22:05:00Z,0.6391,0,0,4.4,6.89,0.8,3.6,5.64
2024-12-13_2024-12-15,AUDUSD.DWX,OOS,2024-12-13T21:50:00Z,2024-12-15T22:05:00Z,0.63593,0.63517,-0.00076,-7.6,-1,LONG,0.006,0.1267,0.64713,0.63364,0.01349,0.1698,LOWER_THIRD,0,0,1,1,2024-12-15T22:40:00Z,35,FILL,2024-12-15T22:40:00Z,0.63593,0.2,0.31,7.6,11.97,0.8,6.8,10.71
2024-12-20_2024-12-22,AUDUSD.DWX,OOS,2024-12-20T21:50:00Z,2024-12-22T22:05:00Z,0.62518,0.62473,-0.00045,-4.5,-1,LONG,0.00651,0.0691,0.63826,0.61988,0.01838,0.2884,LOWER_THIRD,0,0,1,1,2024-12-22T22:05:00Z,0,FILL,2024-12-22T22:05:00Z,0.62518,0,0,4.5,7.2,0.8,3.7,5.92
2024-12-27_2024-12-29,AUDUSD.DWX,OOS,2024-12-27T21:50:00Z,2024-12-29T22:05:00Z,0.62153,0.62138,-0.00015,-1.5,-1,LONG,0.00565,0.0265,0.62743,0.62003,0.0074,0.2027,LOWER_THIRD,0,0,0,1,2024-12-29T22:10:00Z,5,STOP,2024-12-29T22:05:00Z,0.62123,2,3.22,-1.5,-2.41,0.8,-2.3,-3.7
