work_item_id,ea_id,symbol,phase,verdict,original_evidence_path,first_missing_utc,last_known_file_mtime_utc,last_known_size_bytes,post_removal_parent_mtime_utc,process_class,receipt_action,receipt_disposition,receipt_batch_path,receipt_exact_paths,receipt_line,receipt_completed_utc,outcome,preserved_evidence_path,source_forensics_path
01968fe0-6486-45d0-acbf-66a71c805f82,QM5_10582,XAUUSD.DWX,Q05,PASS,D:\QM\reports\work_items\01968fe0-6486-45d0-acbf-66a71c805f82\QM5_10582\Q05\XAUUSD_DWX\aggregate.json,2026-08-24T02:20:03Z,2026-08-23T12:23:33.322697+00:00,450,2026-08-31T15:20:29.455455+00:00,OWNER_BACKUP_RETENTION_PHASE2_DELETE_NONRETAINED,DELETE_VIA_QUARANTINE,DELETE_NONRETAINED,C:\QM\repo\docs\ops\evidence\2026-08-31_4c0a5ae7_backup_retention_phase2_receipts_resume1\batch_0060_delete.json,C:\QM\repo\docs\ops\evidence\2026-08-31_4c0a5ae7_backup_retention_phase2_receipts_resume1\batch_0060_delete_exact_paths.jsonl.gz,3047,2026-08-31T15:20:37+00:00,IRRECOVERABLE_LOCAL,,C:\QM\repo\docs\ops\evidence\2026-09-05_m05_recovery\per_path_forensics.json
06ba4eb3-f343-4ef6-a99d-414fceca6d39,QM5_9574,XTIUSD.DWX,Q03,PASS,D:\QM\reports\work_items\06ba4eb3-f343-4ef6-a99d-414fceca6d39\QM5_9574\20260720_231044\summary.json,2026-08-24T02:20:03Z,2026-08-23T12:23:36.697370+00:00,1014,2026-08-31T15:20:30.447038+00:00,OWNER_BACKUP_RETENTION_PHASE2_DELETE_NONRETAINED,DELETE_VIA_QUARANTINE,DELETE_NONRETAINED,C:\QM\repo\docs\ops\evidence\2026-08-31_4c0a5ae7_backup_retention_phase2_receipts_resume1\batch_0060_delete.json,C:\QM\repo\docs\ops\evidence\2026-08-31_4c0a5ae7_backup_retention_phase2_receipts_resume1\batch_0060_delete_exact_paths.jsonl.gz,3529,2026-08-31T15:20:37+00:00,IRRECOVERABLE_LOCAL,,C:\QM\repo\docs\ops\evidence\2026-09-05_m05_recovery\per_path_forensics.json
11f00c06-1d60-44ec-a0d8-53e24c8de116,QM5_1506,GDAXI.DWX,Q02,ZERO_TRADES,D:\QM\reports\work_items\11f00c06-1d60-44ec-a0d8-53e24c8de116\QM5_1506\20260723_234845\summary.json,2026-08-24T02:20:03Z,2026-07-23T23:49:38.734902+00:00,6729,2026-08-23T12:23:07.124058+00:00,DL090_REPORT_RETENTION_QUARANTINE_THEN_C_RELOCATION,NTFS_COMPRESS,COMPRESS_KEEP_Q02_Q04,C:\QM\repo\docs\ops\evidence\2026-08-31_4c0a5ae7_backup_retention_phase2_receipts_resume1\batch_0092_compress.json,C:\QM\repo\docs\ops\evidence\2026-08-31_4c0a5ae7_backup_retention_phase2_receipts_resume1\batch_0092_compress_exact_paths.jsonl.gz,2968,2026-08-31T15:40:44+00:00,RECOVERED_COPY,C:\QM\repo\docs\ops\evidence\2026-09-05_m05_recovery\restored\11f00c06-1d60-44ec-a0d8-53e24c8de116\summary.json,C:\QM\repo\docs\ops\evidence\2026-09-05_m05_recovery\per_path_forensics.json
149571f2-e81c-4923-bb4f-d2ff42692704,QM5_9573,USDCHF.DWX,Q06,PASS,D:\QM\reports\work_items\149571f2-e81c-4923-bb4f-d2ff42692704\QM5_9573\Q06\USDCHF_DWX\aggregate.json,2026-08-24T02:20:03Z,2026-08-23T12:23:47.811234+00:00,475,2026-08-31T15:20:33.608602+00:00,OWNER_BACKUP_RETENTION_PHASE2_DELETE_NONRETAINED,DELETE_VIA_QUARANTINE,DELETE_NONRETAINED,C:\QM\repo\docs\ops\evidence\2026-08-31_4c0a5ae7_backup_retention_phase2_receipts_resume1\batch_0060_delete.json,C:\QM\repo\docs\ops\evidence\2026-08-31_4c0a5ae7_backup_retention_phase2_receipts_resume1\batch_0060_delete_exact_paths.jsonl.gz,4261,2026-08-31T15:20:37+00:00,IRRECOVERABLE_LOCAL,,C:\QM\repo\docs\ops\evidence\2026-09-05_m05_recovery\per_path_forensics.json
175f0fd4-78b6-437d-81df-6478f0ed0b7e,QM5_10796,USDJPY.DWX,Q05,FAIL,D:\QM\reports\work_items\175f0fd4-78b6-437d-81df-6478f0ed0b7e\QM5_10796\Q05\USDJPY_DWX\aggregate.json,2026-08-24T02:20:03Z,2026-07-19T23:06:23.719764+00:00,793,2026-08-23T12:23:07.720148+00:00,OWNER_BACKUP_RETENTION_PHASE2_DELETE_NONRETAINED,DELETE_VIA_QUARANTINE,DELETE_NONRETAINED,C:\QM\repo\docs\ops\evidence\2026-08-31_4c0a5ae7_backup_retention_phase2_receipts_resume1\batch_0059_delete.json,C:\QM\repo\docs\ops\evidence\2026-08-31_4c0a5ae7_backup_retention_phase2_receipts_resume1\batch_0059_delete_exact_paths.jsonl.gz,483,2026-08-31T15:20:25+00:00,IRRECOVERABLE_LOCAL,,C:\QM\repo\docs\ops\evidence\2026-09-05_m05_recovery\per_path_forensics.json
225f6f37-1d4e-4707-b4ef-9b67a9bf66bd,QM5_1230,XAUUSD.DWX,Q05,PASS,D:\QM\reports\work_items\225f6f37-1d4e-4707-b4ef-9b67a9bf66bd\QM5_1230\Q05\XAUUSD_DWX\aggregate.json,2026-08-24T02:20:03Z,2026-08-23T12:23:58.512518+00:00,453,2026-08-31T15:20:35.697723+00:00,OWNER_BACKUP_RETENTION_PHASE2_DELETE_NONRETAINED,DELETE_VIA_QUARANTINE,DELETE_NONRETAINED,C:\QM\repo\docs\ops\evidence\2026-08-31_4c0a5ae7_backup_retention_phase2_receipts_resume1\batch_0060_delete.json,C:\QM\repo\docs\ops\evidence\2026-08-31_4c0a5ae7_backup_retention_phase2_receipts_resume1\batch_0060_delete_exact_paths.jsonl.gz,4757,2026-08-31T15:20:37+00:00,IRRECOVERABLE_LOCAL,,C:\QM\repo\docs\ops\evidence\2026-09-05_m05_recovery\per_path_forensics.json
2be7f414-bd70-499f-a528-d478be0d9708,QM5_10778,EURUSD.DWX,Q03,PASS,D:\QM\reports\work_items\2be7f414-bd70-499f-a528-d478be0d9708\QM5_10778\20260719_224927\summary.json,2026-08-24T02:20:03Z,2026-08-23T12:24:04.962765+00:00,962,2026-08-31T15:20:38.556176+00:00,OWNER_BACKUP_RETENTION_PHASE2_DELETE_NONRETAINED,DELETE_VIA_QUARANTINE,DELETE_NONRETAINED,C:\QM\repo\docs\ops\evidence\2026-08-31_4c0a5ae7_backup_retention_phase2_receipts_resume1\batch_0061_delete.json,C:\QM\repo\docs\ops\evidence\2026-08-31_4c0a5ae7_backup_retention_phase2_receipts_resume1\batch_0061_delete_exact_paths.jsonl.gz,226,2026-08-31T15:21:09+00:00,IRRECOVERABLE_LOCAL,,C:\QM\repo\docs\ops\evidence\2026-09-05_m05_recovery\per_path_forensics.json
31e19c25-1edd-4516-86dc-86d78529250f,QM5_20016,QM5_20016_XTI_XNG_MON_RV_D1,Q02,FAIL,D:\QM\reports\work_items\31e19c25-1edd-4516-86dc-86d78529250f\QM5_20016\20260720_232426\summary.json,2026-08-24T02:20:03Z,2026-07-20T23:27:19.915361+00:00,3293,2026-08-31T15:19:06.757066+00:00,DL090_REPORT_RETENTION_QUARANTINE_THEN_C_RELOCATION,NTFS_COMPRESS,COMPRESS_KEEP_COMPLETE_CHAIN,C:\QM\repo\docs\ops\evidence\2026-08-31_4c0a5ae7_backup_retention_phase2_receipts_resume1\batch_0063_compress.json,C:\QM\repo\docs\ops\evidence\2026-08-31_4c0a5ae7_backup_retention_phase2_receipts_resume1\batch_0063_compress_exact_paths.jsonl.gz,3506,2026-08-31T15:21:23+00:00,RECOVERED_COPY,C:\QM\repo\docs\ops\evidence\2026-09-05_m05_recovery\restored\31e19c25-1edd-4516-86dc-86d78529250f\summary.json,C:\QM\repo\docs\ops\evidence\2026-09-05_m05_recovery\per_path_forensics.json
3eeab0ff-13ce-4367-ad6e-b57060ffd005,QM5_9573,USDCHF.DWX,Q07,PASS,D:\QM\reports\work_items\3eeab0ff-13ce-4367-ad6e-b57060ffd005\QM5_9573\Q07\USDCHF_DWX\aggregate.json,2026-08-24T02:20:03Z,2026-08-23T12:24:16.814533+00:00,766,2026-08-31T15:20:42.132122+00:00,OWNER_BACKUP_RETENTION_PHASE2_DELETE_NONRETAINED,DELETE_VIA_QUARANTINE,DELETE_NONRETAINED,C:\QM\repo\docs\ops\evidence\2026-08-31_4c0a5ae7_backup_retention_phase2_receipts_resume1\batch_0061_delete.json,C:\QM\repo\docs\ops\evidence\2026-08-31_4c0a5ae7_backup_retention_phase2_receipts_resume1\batch_0061_delete_exact_paths.jsonl.gz,902,2026-08-31T15:21:09+00:00,IRRECOVERABLE_LOCAL,,C:\QM\repo\docs\ops\evidence\2026-09-05_m05_recovery\per_path_forensics.json
40e9d58d-bcb8-45bd-a294-4270d74c9440,QM5_10854,GDAXI.DWX,Q02,FAIL,D:\QM\reports\work_items\40e9d58d-bcb8-45bd-a294-4270d74c9440\QM5_10854\20260718_224839\summary.json,2026-08-24T02:20:03Z,2026-07-18T22:50:17.070671+00:00,2038,2026-08-23T12:23:11.989881+00:00,DL090_REPORT_RETENTION_QUARANTINE_THEN_C_RELOCATION,NTFS_COMPRESS,COMPRESS_KEEP_Q02_Q04,C:\QM\repo\docs\ops\evidence\2026-08-31_4c0a5ae7_backup_retention_phase2_receipts_resume1\batch_0093_compress.json,C:\QM\repo\docs\ops\evidence\2026-08-31_4c0a5ae7_backup_retention_phase2_receipts_resume1\batch_0093_compress_exact_paths.jsonl.gz,1456,2026-08-31T15:40:47+00:00,RECOVERED_COPY,C:\QM\repo\docs\ops\evidence\2026-09-05_m05_recovery\restored\40e9d58d-bcb8-45bd-a294-4270d74c9440\summary.json,C:\QM\repo\docs\ops\evidence\2026-09-05_m05_recovery\per_path_forensics.json
4bbdeeab-112c-4c85-8fdd-4fbe847f1740,QM5_10778,EURUSD.DWX,Q04,FAIL,D:\QM\reports\work_items\4bbdeeab-112c-4c85-8fdd-4fbe847f1740\QM5_10778\Q04\EURUSD.DWX\aggregate.json,2026-08-24T02:20:03Z,2026-07-19T22:58:32.344306+00:00,3074,2026-08-23T12:23:13.312158+00:00,DL090_REPORT_RETENTION_QUARANTINE_THEN_C_RELOCATION,NTFS_COMPRESS,COMPRESS_KEEP_Q02_Q04,C:\QM\repo\docs\ops\evidence\2026-08-31_4c0a5ae7_backup_retention_phase2_receipts_resume1\batch_0093_compress.json,C:\QM\repo\docs\ops\evidence\2026-08-31_4c0a5ae7_backup_retention_phase2_receipts_resume1\batch_0093_compress_exact_paths.jsonl.gz,2417,2026-08-31T15:40:47+00:00,RECOVERED_COPY,C:\QM\repo\docs\ops\evidence\2026-09-05_m05_recovery\restored\4bbdeeab-112c-4c85-8fdd-4fbe847f1740\aggregate.json,C:\QM\repo\docs\ops\evidence\2026-09-05_m05_recovery\per_path_forensics.json
58ab6fb5-a61d-4469-bcaa-f02bcb447735,QM5_9573,USDCHF.DWX,Q05,PASS,D:\QM\reports\work_items\58ab6fb5-a61d-4469-bcaa-f02bcb447735\QM5_9573\Q05\USDCHF_DWX\aggregate.json,2026-08-24T02:20:03Z,2026-08-23T12:24:37.378746+00:00,451,2026-08-31T15:20:46.700976+00:00,OWNER_BACKUP_RETENTION_PHASE2_DELETE_NONRETAINED,DELETE_VIA_QUARANTINE,DELETE_NONRETAINED,C:\QM\repo\docs\ops\evidence\2026-08-31_4c0a5ae7_backup_retention_phase2_receipts_resume1\batch_0061_delete.json,C:\QM\repo\docs\ops\evidence\2026-08-31_4c0a5ae7_backup_retention_phase2_receipts_resume1\batch_0061_delete_exact_paths.jsonl.gz,1907,2026-08-31T15:21:09+00:00,IRRECOVERABLE_LOCAL,,C:\QM\repo\docs\ops\evidence\2026-09-05_m05_recovery\per_path_forensics.json
6308d005-c6c4-42e7-8e4f-22842e524c9c,QM5_12983,XTIUSD.DWX,Q03,FAIL,D:\QM\reports\work_items\6308d005-c6c4-42e7-8e4f-22842e524c9c\QM5_12983\20260721_233715\summary.json,2026-08-24T02:20:03Z,2026-08-23T12:24:43.575519+00:00,1009,2026-08-31T15:20:48.953342+00:00,OWNER_BACKUP_RETENTION_PHASE2_DELETE_NONRETAINED,DELETE_VIA_QUARANTINE,DELETE_NONRETAINED,C:\QM\repo\docs\ops\evidence\2026-08-31_4c0a5ae7_backup_retention_phase2_receipts_resume1\batch_0061_delete.json,C:\QM\repo\docs\ops\evidence\2026-08-31_4c0a5ae7_backup_retention_phase2_receipts_resume1\batch_0061_delete_exact_paths.jsonl.gz,2267,2026-08-31T15:21:09+00:00,IRRECOVERABLE_LOCAL,,C:\QM\repo\docs\ops\evidence\2026-09-05_m05_recovery\per_path_forensics.json
64ffdffe-01d7-456f-aaed-9a05a3174ebb,QM5_9403,GDAXI.DWX,Q08,FAIL_SOFT,D:\QM\reports\work_items\64ffdffe-01d7-456f-aaed-9a05a3174ebb\QM5_9403\Q08\GDAXI_DWX\aggregate.json,2026-08-24T02:20:03Z,2026-07-21T23:03:59.396844+00:00,10791,2026-08-23T12:23:16.217725+00:00,DL090_REPORT_RETENTION_QUARANTINE_THEN_C_RELOCATION,NTFS_COMPRESS,COMPRESS_KEEP_COMPLETE_CHAIN,C:\QM\repo\docs\ops\evidence\2026-08-31_4c0a5ae7_backup_retention_phase2_receipts_resume1\batch_0064_compress.json,C:\QM\repo\docs\ops\evidence\2026-08-31_4c0a5ae7_backup_retention_phase2_receipts_resume1\batch_0064_compress_exact_paths.jsonl.gz,2699,2026-08-31T15:21:24+00:00,RECOVERED_COPY,C:\QM\repo\docs\ops\evidence\2026-09-05_m05_recovery\restored\64ffdffe-01d7-456f-aaed-9a05a3174ebb\aggregate.json,C:\QM\repo\docs\ops\evidence\2026-09-05_m05_recovery\per_path_forensics.json
6ea9bebc-91ce-411a-b995-373245a72b17,QM5_12977,XTIUSD.DWX,Q02,FAIL,D:\QM\reports\work_items\6ea9bebc-91ce-411a-b995-373245a72b17\QM5_12977\20260721_230107\summary.json,2026-08-24T02:20:03Z,2026-07-21T23:08:39.698751+00:00,2590,2026-08-23T12:23:17.164081+00:00,DL090_REPORT_RETENTION_QUARANTINE_THEN_C_RELOCATION,NTFS_COMPRESS,COMPRESS_KEEP_Q02_Q04,C:\QM\repo\docs\ops\evidence\2026-08-31_4c0a5ae7_backup_retention_phase2_receipts_resume1\batch_0094_compress.json,C:\QM\repo\docs\ops\evidence\2026-08-31_4c0a5ae7_backup_retention_phase2_receipts_resume1\batch_0094_compress_exact_paths.jsonl.gz,202,2026-08-31T15:40:48+00:00,RECOVERED_COPY,C:\QM\repo\docs\ops\evidence\2026-09-05_m05_recovery\restored\6ea9bebc-91ce-411a-b995-373245a72b17\summary.json,C:\QM\repo\docs\ops\evidence\2026-09-05_m05_recovery\per_path_forensics.json
6f4fff24-3a6d-40e3-aaca-773b5195f6d2,QM5_13128,NDX.DWX,Q08,FAIL_SOFT,D:\QM\reports\work_items\6f4fff24-3a6d-40e3-aaca-773b5195f6d2\QM5_13128\Q08\NDX_DWX\aggregate.json,2026-08-24T02:20:03Z,2026-07-18T23:30:06.464105+00:00,9802,2026-08-23T12:23:17.264839+00:00,DL090_REPORT_RETENTION_QUARANTINE_THEN_C_RELOCATION,NTFS_COMPRESS,COMPRESS_KEEP_COMPLETE_CHAIN,C:\QM\repo\docs\ops\evidence\2026-08-31_4c0a5ae7_backup_retention_phase2_receipts_resume1\batch_0064_compress.json,C:\QM\repo\docs\ops\evidence\2026-08-31_4c0a5ae7_backup_retention_phase2_receipts_resume1\batch_0064_compress_exact_paths.jsonl.gz,3249,2026-08-31T15:21:24+00:00,RECOVERED_COPY,C:\QM\repo\docs\ops\evidence\2026-09-05_m05_recovery\restored\6f4fff24-3a6d-40e3-aaca-773b5195f6d2\aggregate.json,C:\QM\repo\docs\ops\evidence\2026-09-05_m05_recovery\per_path_forensics.json
72d25c97-eafd-4bcf-ad6b-bf225cd9ba40,QM5_10582,XAUUSD.DWX,Q05,PASS,D:\QM\reports\work_items\72d25c97-eafd-4bcf-ad6b-bf225cd9ba40\QM5_10582\Q05\XAUUSD_DWX\aggregate.json,2026-08-24T02:20:03Z,2026-08-23T12:24:55.318217+00:00,446,2026-08-31T15:20:52.045064+00:00,OWNER_BACKUP_RETENTION_PHASE2_DELETE_NONRETAINED,DELETE_VIA_QUARANTINE,DELETE_NONRETAINED,C:\QM\repo\docs\ops\evidence\2026-08-31_4c0a5ae7_backup_retention_phase2_receipts_resume1\batch_0061_delete.json,C:\QM\repo\docs\ops\evidence\2026-08-31_4c0a5ae7_backup_retention_phase2_receipts_resume1\batch_0061_delete_exact_paths.jsonl.gz,2805,2026-08-31T15:21:09+00:00,IRRECOVERABLE_LOCAL,,C:\QM\repo\docs\ops\evidence\2026-09-05_m05_recovery\per_path_forensics.json
798fb698-6c37-43b9-a23f-43967819826e,QM5_1910,GDAXI.DWX,Q03,PASS,D:\QM\reports\work_items\798fb698-6c37-43b9-a23f-43967819826e\QM5_1910\20260721_233520\summary.json,2026-08-24T02:20:03Z,2026-08-23T12:24:59.248228+00:00,1014,2026-08-31T15:20:53.918948+00:00,OWNER_BACKUP_RETENTION_PHASE2_DELETE_NONRETAINED,DELETE_VIA_QUARANTINE,DELETE_NONRETAINED,C:\QM\repo\docs\ops\evidence\2026-08-31_4c0a5ae7_backup_retention_phase2_receipts_resume1\batch_0061_delete.json,C:\QM\repo\docs\ops\evidence\2026-08-31_4c0a5ae7_backup_retention_phase2_receipts_resume1\batch_0061_delete_exact_paths.jsonl.gz,3088,2026-08-31T15:21:09+00:00,IRRECOVERABLE_LOCAL,,C:\QM\repo\docs\ops\evidence\2026-09-05_m05_recovery\per_path_forensics.json
7afe03cc-712d-4809-8541-5461fb287c4f,QM5_20014,XNGUSD.DWX,Q03,PASS,D:\QM\reports\work_items\7afe03cc-712d-4809-8541-5461fb287c4f\QM5_20014\20260721_224557\summary.json,2026-08-24T02:20:03Z,2026-08-23T12:25:01.255919+00:00,995,2026-08-31T15:20:54.294926+00:00,OWNER_BACKUP_RETENTION_PHASE2_DELETE_NONRETAINED,DELETE_VIA_QUARANTINE,DELETE_NONRETAINED,C:\QM\repo\docs\ops\evidence\2026-08-31_4c0a5ae7_backup_retention_phase2_receipts_resume1\batch_0061_delete.json,C:\QM\repo\docs\ops\evidence\2026-08-31_4c0a5ae7_backup_retention_phase2_receipts_resume1\batch_0061_delete_exact_paths.jsonl.gz,3130,2026-08-31T15:21:09+00:00,IRRECOVERABLE_LOCAL,,C:\QM\repo\docs\ops\evidence\2026-09-05_m05_recovery\per_path_forensics.json
86b2e92c-22c2-4270-a5d7-0cd86bd2bd36,QM5_10431,SP500.DWX,Q07,FAIL,D:\QM\reports\work_items\86b2e92c-22c2-4270-a5d7-0cd86bd2bd36\QM5_10431\Q07\SP500_DWX\aggregate.json,2026-08-24T02:20:03Z,2026-08-23T12:25:11.352203+00:00,763,2026-08-31T15:20:57.342367+00:00,OWNER_BACKUP_RETENTION_PHASE2_DELETE_NONRETAINED,DELETE_VIA_QUARANTINE,DELETE_NONRETAINED,C:\QM\repo\docs\ops\evidence\2026-08-31_4c0a5ae7_backup_retention_phase2_receipts_resume1\batch_0061_delete.json,C:\QM\repo\docs\ops\evidence\2026-08-31_4c0a5ae7_backup_retention_phase2_receipts_resume1\batch_0061_delete_exact_paths.jsonl.gz,3543,2026-08-31T15:21:09+00:00,IRRECOVERABLE_LOCAL,,C:\QM\repo\docs\ops\evidence\2026-09-05_m05_recovery\per_path_forensics.json
8de196e8-c547-4e7d-9090-783f917cfa8e,QM5_9574,USDCAD.DWX,Q03,PASS,D:\QM\reports\work_items\8de196e8-c547-4e7d-9090-783f917cfa8e\QM5_9574\20260720_233330\summary.json,2026-08-24T02:20:03Z,2026-08-23T12:25:17.463201+00:00,1006,2026-08-31T15:20:59.419279+00:00,OWNER_BACKUP_RETENTION_PHASE2_DELETE_NONRETAINED,DELETE_VIA_QUARANTINE,DELETE_NONRETAINED,C:\QM\repo\docs\ops\evidence\2026-08-31_4c0a5ae7_backup_retention_phase2_receipts_resume1\batch_0061_delete.json,C:\QM\repo\docs\ops\evidence\2026-08-31_4c0a5ae7_backup_retention_phase2_receipts_resume1\batch_0061_delete_exact_paths.jsonl.gz,3836,2026-08-31T15:21:09+00:00,IRRECOVERABLE_LOCAL,,C:\QM\repo\docs\ops\evidence\2026-09-05_m05_recovery\per_path_forensics.json
8ea23880-abf7-448a-b7d4-d2d6567ee48d,QM5_10431,SP500.DWX,Q06,PASS,D:\QM\reports\work_items\8ea23880-abf7-448a-b7d4-d2d6567ee48d\QM5_10431\Q06\SP500_DWX\aggregate.json,2026-08-24T02:20:03Z,2026-08-23T12:25:18.634859+00:00,477,2026-08-31T15:20:59.502496+00:00,OWNER_BACKUP_RETENTION_PHASE2_DELETE_NONRETAINED,DELETE_VIA_QUARANTINE,DELETE_NONRETAINED,C:\QM\repo\docs\ops\evidence\2026-08-31_4c0a5ae7_backup_retention_phase2_receipts_resume1\batch_0061_delete.json,C:\QM\repo\docs\ops\evidence\2026-08-31_4c0a5ae7_backup_retention_phase2_receipts_resume1\batch_0061_delete_exact_paths.jsonl.gz,3855,2026-08-31T15:21:09+00:00,IRRECOVERABLE_LOCAL,,C:\QM\repo\docs\ops\evidence\2026-09-05_m05_recovery\per_path_forensics.json
a45099e5-6ee7-4f0d-a2aa-bf47989f6bdd,QM5_10582,XAUUSD.DWX,Q06,PASS,D:\QM\reports\work_items\a45099e5-6ee7-4f0d-a2aa-bf47989f6bdd\QM5_10582\Q06\XAUUSD_DWX\aggregate.json,2026-08-24T02:20:03Z,2026-08-23T12:25:30.025427+00:00,484,2026-08-31T15:21:02.898729+00:00,OWNER_BACKUP_RETENTION_PHASE2_DELETE_NONRETAINED,DELETE_VIA_QUARANTINE,DELETE_NONRETAINED,C:\QM\repo\docs\ops\evidence\2026-08-31_4c0a5ae7_backup_retention_phase2_receipts_resume1\batch_0061_delete.json,C:\QM\repo\docs\ops\evidence\2026-08-31_4c0a5ae7_backup_retention_phase2_receipts_resume1\batch_0061_delete_exact_paths.jsonl.gz,4541,2026-08-31T15:21:09+00:00,IRRECOVERABLE_LOCAL,,C:\QM\repo\docs\ops\evidence\2026-09-05_m05_recovery\per_path_forensics.json
a4c3b222-0ecf-4c3a-8497-0b4766a1e291,QM5_10854,GDAXI.DWX,Q02,FAIL,D:\QM\reports\work_items\a4c3b222-0ecf-4c3a-8497-0b4766a1e291\QM5_10854\20260718_225020\summary.json,2026-08-24T02:20:03Z,2026-07-18T22:51:56.951324+00:00,2038,2026-08-23T12:23:22.965303+00:00,DL090_REPORT_RETENTION_QUARANTINE_THEN_C_RELOCATION,NTFS_COMPRESS,COMPRESS_KEEP_Q02_Q04,C:\QM\repo\docs\ops\evidence\2026-08-31_4c0a5ae7_backup_retention_phase2_receipts_resume1\batch_0094_compress.json,C:\QM\repo\docs\ops\evidence\2026-08-31_4c0a5ae7_backup_retention_phase2_receipts_resume1\batch_0094_compress_exact_paths.jsonl.gz,4391,2026-08-31T15:40:48+00:00,RECOVERED_COPY,C:\QM\repo\docs\ops\evidence\2026-09-05_m05_recovery\restored\a4c3b222-0ecf-4c3a-8497-0b4766a1e291\summary.json,C:\QM\repo\docs\ops\evidence\2026-09-05_m05_recovery\per_path_forensics.json
ae2610d3-f028-4554-a101-29d638fd4a50,QM5_10654,XAUUSD.DWX,Q05,FAIL,D:\QM\reports\work_items\ae2610d3-f028-4554-a101-29d638fd4a50\QM5_10654\Q05\XAUUSD_DWX\aggregate.json,2026-08-24T02:20:03Z,2026-08-23T12:25:38.522209+00:00,453,2026-08-31T15:21:04.545015+00:00,OWNER_BACKUP_RETENTION_PHASE2_DELETE_NONRETAINED,DELETE_VIA_QUARANTINE,DELETE_NONRETAINED,C:\QM\repo\docs\ops\evidence\2026-08-31_4c0a5ae7_backup_retention_phase2_receipts_resume1\batch_0061_delete.json,C:\QM\repo\docs\ops\evidence\2026-08-31_4c0a5ae7_backup_retention_phase2_receipts_resume1\batch_0061_delete_exact_paths.jsonl.gz,4863,2026-08-31T15:21:09+00:00,IRRECOVERABLE_LOCAL,,C:\QM\repo\docs\ops\evidence\2026-09-05_m05_recovery\per_path_forensics.json
bc64f305-1a7a-4198-aeae-b474084ab94d,QM5_9574,GBPUSD.DWX,Q03,PASS,D:\QM\reports\work_items\bc64f305-1a7a-4198-aeae-b474084ab94d\QM5_9574\20260720_233110\summary.json,2026-08-24T02:20:03Z,2026-08-23T12:25:47.853785+00:00,1011,2026-08-31T15:21:11.627922+00:00,OWNER_BACKUP_RETENTION_PHASE2_DELETE_NONRETAINED,DELETE_VIA_QUARANTINE,DELETE_NONRETAINED,C:\QM\repo\docs\ops\evidence\2026-08-31_4c0a5ae7_backup_retention_phase2_receipts_resume1\batch_0062_delete.json,C:\QM\repo\docs\ops\evidence\2026-08-31_4c0a5ae7_backup_retention_phase2_receipts_resume1\batch_0062_delete_exact_paths.jsonl.gz,401,2026-08-31T15:21:22+00:00,IRRECOVERABLE_LOCAL,,C:\QM\repo\docs\ops\evidence\2026-09-05_m05_recovery\per_path_forensics.json
be5ffa78-fdfb-4718-af89-5f7fc7e8dee3,QM5_13205,QM5_13205_XAU_XAG_QC_D1,Q02,FAIL,D:\QM\reports\work_items\be5ffa78-fdfb-4718-af89-5f7fc7e8dee3\QM5_13205\20260720_221818\summary.json,2026-08-24T02:20:03Z,2026-07-20T22:47:51.980466+00:00,2584,2026-08-23T12:23:25.430941+00:00,DL090_REPORT_RETENTION_QUARANTINE_THEN_C_RELOCATION,NTFS_COMPRESS,COMPRESS_KEEP_Q02_Q04,C:\QM\repo\docs\ops\evidence\2026-08-31_4c0a5ae7_backup_retention_phase2_receipts_resume1\batch_0095_compress.json,C:\QM\repo\docs\ops\evidence\2026-08-31_4c0a5ae7_backup_retention_phase2_receipts_resume1\batch_0095_compress_exact_paths.jsonl.gz,1144,2026-08-31T15:40:50+00:00,RECOVERED_COPY,C:\QM\repo\docs\ops\evidence\2026-09-05_m05_recovery\restored\be5ffa78-fdfb-4718-af89-5f7fc7e8dee3\summary.json,C:\QM\repo\docs\ops\evidence\2026-09-05_m05_recovery\per_path_forensics.json
c864ba5e-12d0-4ea1-b3a9-d6fc5eec6ac1,QM5_13116,XNGUSD.DWX,Q05,PASS,D:\QM\reports\work_items\c864ba5e-12d0-4ea1-b3a9-d6fc5eec6ac1\QM5_13116\Q05\XNGUSD_DWX\aggregate.json,2026-08-24T02:20:03Z,2026-08-23T12:25:54.713942+00:00,448,2026-08-31T15:21:13.487347+00:00,OWNER_BACKUP_RETENTION_PHASE2_DELETE_NONRETAINED,DELETE_VIA_QUARANTINE,DELETE_NONRETAINED,C:\QM\repo\docs\ops\evidence\2026-08-31_4c0a5ae7_backup_retention_phase2_receipts_resume1\batch_0062_delete.json,C:\QM\repo\docs\ops\evidence\2026-08-31_4c0a5ae7_backup_retention_phase2_receipts_resume1\batch_0062_delete_exact_paths.jsonl.gz,898,2026-08-31T15:21:22+00:00,IRRECOVERABLE_LOCAL,,C:\QM\repo\docs\ops\evidence\2026-09-05_m05_recovery\per_path_forensics.json
d05273f0-4c53-4a79-9749-f1323bd0a130,QM5_13116,XNGUSD.DWX,Q07,FAIL,D:\QM\reports\work_items\d05273f0-4c53-4a79-9749-f1323bd0a130\QM5_13116\Q07\XNGUSD_DWX\aggregate.json,2026-08-24T02:20:03Z,2026-08-23T12:25:58.672776+00:00,759,2026-08-31T15:21:14.591229+00:00,OWNER_BACKUP_RETENTION_PHASE2_DELETE_NONRETAINED,DELETE_VIA_QUARANTINE,DELETE_NONRETAINED,C:\QM\repo\docs\ops\evidence\2026-08-31_4c0a5ae7_backup_retention_phase2_receipts_resume1\batch_0062_delete.json,C:\QM\repo\docs\ops\evidence\2026-08-31_4c0a5ae7_backup_retention_phase2_receipts_resume1\batch_0062_delete_exact_paths.jsonl.gz,1145,2026-08-31T15:21:22+00:00,IRRECOVERABLE_LOCAL,,C:\QM\repo\docs\ops\evidence\2026-09-05_m05_recovery\per_path_forensics.json
dac6d395-ff84-41e2-8cd0-35b5a65773cd,QM5_13116,XNGUSD.DWX,Q06,PASS,D:\QM\reports\work_items\dac6d395-ff84-41e2-8cd0-35b5a65773cd\QM5_13116\Q06\XNGUSD_DWX\aggregate.json,2026-08-24T02:20:03Z,2026-08-23T12:26:04.700833+00:00,477,2026-08-31T15:21:16.438042+00:00,OWNER_BACKUP_RETENTION_PHASE2_DELETE_NONRETAINED,DELETE_VIA_QUARANTINE,DELETE_NONRETAINED,C:\QM\repo\docs\ops\evidence\2026-08-31_4c0a5ae7_backup_retention_phase2_receipts_resume1\batch_0062_delete.json,C:\QM\repo\docs\ops\evidence\2026-08-31_4c0a5ae7_backup_retention_phase2_receipts_resume1\batch_0062_delete_exact_paths.jsonl.gz,1580,2026-08-31T15:21:22+00:00,IRRECOVERABLE_LOCAL,,C:\QM\repo\docs\ops\evidence\2026-09-05_m05_recovery\per_path_forensics.json
ddadffd6-92e9-4d0c-99e2-0730fb954586,QM5_13116,XNGUSD.DWX,Q03,PASS,D:\QM\reports\work_items\ddadffd6-92e9-4d0c-99e2-0730fb954586\QM5_13116\20260721_223826\summary.json,2026-08-24T02:20:03Z,2026-08-23T12:26:06.149979+00:00,996,2026-08-31T15:21:17.010532+00:00,OWNER_BACKUP_RETENTION_PHASE2_DELETE_NONRETAINED,DELETE_VIA_QUARANTINE,DELETE_NONRETAINED,C:\QM\repo\docs\ops\evidence\2026-08-31_4c0a5ae7_backup_retention_phase2_receipts_resume1\batch_0062_delete.json,C:\QM\repo\docs\ops\evidence\2026-08-31_4c0a5ae7_backup_retention_phase2_receipts_resume1\batch_0062_delete_exact_paths.jsonl.gz,1709,2026-08-31T15:21:22+00:00,IRRECOVERABLE_LOCAL,,C:\QM\repo\docs\ops\evidence\2026-09-05_m05_recovery\per_path_forensics.json
dff4fc81-7b2b-42de-8d0c-9ed191552bf2,QM5_11129,GDAXI.DWX,Q03,PASS,D:\QM\reports\work_items\dff4fc81-7b2b-42de-8d0c-9ed191552bf2\QM5_11129\20260719_225757\summary.json,2026-08-24T02:20:03Z,2026-08-23T12:26:07.089407+00:00,951,2026-08-31T15:21:17.251661+00:00,OWNER_BACKUP_RETENTION_PHASE2_DELETE_NONRETAINED,DELETE_VIA_QUARANTINE,DELETE_NONRETAINED,C:\QM\repo\docs\ops\evidence\2026-08-31_4c0a5ae7_backup_retention_phase2_receipts_resume1\batch_0062_delete.json,C:\QM\repo\docs\ops\evidence\2026-08-31_4c0a5ae7_backup_retention_phase2_receipts_resume1\batch_0062_delete_exact_paths.jsonl.gz,1755,2026-08-31T15:21:22+00:00,IRRECOVERABLE_LOCAL,,C:\QM\repo\docs\ops\evidence\2026-09-05_m05_recovery\per_path_forensics.json
fcda5ce6-e487-49b6-9f8c-88f0b2473402,QM5_10251,XAUUSD.DWX,Q04,FAIL,D:\QM\reports\work_items\fcda5ce6-e487-49b6-9f8c-88f0b2473402\QM5_10251\Q04\XAUUSD.DWX\aggregate.json,2026-08-24T02:20:03Z,2026-07-18T23:44:59.977324+00:00,2892,2026-08-23T12:23:32.028116+00:00,DL090_REPORT_RETENTION_QUARANTINE_THEN_C_RELOCATION,NTFS_COMPRESS,COMPRESS_KEEP_Q02_Q04,C:\QM\repo\docs\ops\evidence\2026-08-31_4c0a5ae7_backup_retention_phase2_receipts_resume1\batch_0096_compress.json,C:\QM\repo\docs\ops\evidence\2026-08-31_4c0a5ae7_backup_retention_phase2_receipts_resume1\batch_0096_compress_exact_paths.jsonl.gz,1184,2026-08-31T15:40:56+00:00,RECOVERED_COPY,C:\QM\repo\docs\ops\evidence\2026-09-05_m05_recovery\restored\fcda5ce6-e487-49b6-9f8c-88f0b2473402\aggregate.json,C:\QM\repo\docs\ops\evidence\2026-09-05_m05_recovery\per_path_forensics.json
fd3c1f85-6c3d-4ce0-9599-5d07544c084f,QM5_12913,XTIUSD.DWX,Q02,FAIL,D:\QM\reports\work_items\fd3c1f85-6c3d-4ce0-9599-5d07544c084f\QM5_12913\20260721_223031\summary.json,2026-08-24T02:20:03Z,2026-07-21T22:33:05.723121+00:00,2584,2026-08-23T12:23:32.039648+00:00,DL090_REPORT_RETENTION_QUARANTINE_THEN_C_RELOCATION,NTFS_COMPRESS,COMPRESS_KEEP_Q02_Q04,C:\QM\repo\docs\ops\evidence\2026-08-31_4c0a5ae7_backup_retention_phase2_receipts_resume1\batch_0096_compress.json,C:\QM\repo\docs\ops\evidence\2026-08-31_4c0a5ae7_backup_retention_phase2_receipts_resume1\batch_0096_compress_exact_paths.jsonl.gz,1205,2026-08-31T15:40:56+00:00,RECOVERED_COPY,C:\QM\repo\docs\ops\evidence\2026-09-05_m05_recovery\restored\fd3c1f85-6c3d-4ce0-9599-5d07544c084f\summary.json,C:\QM\repo\docs\ops\evidence\2026-09-05_m05_recovery\per_path_forensics.json
fdba6a1c-13d2-4759-a2b8-46d106692699,QM5_10762,XAUUSD.DWX,Q04,FAIL,D:\QM\reports\work_items\fdba6a1c-13d2-4759-a2b8-46d106692699\QM5_10762\Q04\XAUUSD.DWX\aggregate.json,2026-08-24T02:20:03Z,2026-07-18T23:33:43.715289+00:00,2812,2026-08-23T12:23:32.109356+00:00,DL090_REPORT_RETENTION_QUARANTINE_THEN_C_RELOCATION,NTFS_COMPRESS,COMPRESS_KEEP_Q02_Q04,C:\QM\repo\docs\ops\evidence\2026-08-31_4c0a5ae7_backup_retention_phase2_receipts_resume1\batch_0096_compress.json,C:\QM\repo\docs\ops\evidence\2026-08-31_4c0a5ae7_backup_retention_phase2_receipts_resume1\batch_0096_compress_exact_paths.jsonl.gz,1245,2026-08-31T15:40:56+00:00,RECOVERED_COPY,C:\QM\repo\docs\ops\evidence\2026-09-05_m05_recovery\restored\fdba6a1c-13d2-4759-a2b8-46d106692699\aggregate.json,C:\QM\repo\docs\ops\evidence\2026-09-05_m05_recovery\per_path_forensics.json
0c79372c-ab3b-40b6-8174-45a59aad7981,QM5_9404,GDAXI.DWX,Q02,ZERO_TRADES,D:\QM\reports\work_items\0c79372c-ab3b-40b6-8174-45a59aad7981\QM5_9404\20260724_213929\summary.json,2026-08-24T17:30:43Z,2026-07-24T21:40:29.485610+00:00,6723,2026-08-24T02:24:04.747664+00:00,DL090_REPORT_RETENTION_QUARANTINE_THEN_C_RELOCATION,NTFS_COMPRESS,COMPRESS_KEEP_Q02_Q04,C:\QM\repo\docs\ops\evidence\2026-08-31_4c0a5ae7_backup_retention_phase2_receipts_resume1\batch_0096_compress.json,C:\QM\repo\docs\ops\evidence\2026-08-31_4c0a5ae7_backup_retention_phase2_receipts_resume1\batch_0096_compress_exact_paths.jsonl.gz,1497,2026-08-31T15:40:56+00:00,RECOVERED_COPY,C:\QM\repo\docs\ops\evidence\2026-09-05_m05_recovery\restored\0c79372c-ab3b-40b6-8174-45a59aad7981\summary.json,C:\QM\repo\docs\ops\evidence\2026-09-05_m05_recovery\per_path_forensics.json
0fb10d0b-ec7c-4128-b835-3b568613290f,QM5_9253,GDAXI.DWX,Q03,PASS,D:\QM\reports\work_items\0fb10d0b-ec7c-4128-b835-3b568613290f\QM5_9253\20260724_211635\summary.json,2026-08-24T17:30:43Z,2026-08-24T02:24:06.347013+00:00,1901,2026-08-31T15:20:31.591365+00:00,OWNER_BACKUP_RETENTION_PHASE2_DELETE_NONRETAINED,DELETE_VIA_QUARANTINE,DELETE_NONRETAINED,C:\QM\repo\docs\ops\evidence\2026-08-31_4c0a5ae7_backup_retention_phase2_receipts_resume1\batch_0060_delete.json,C:\QM\repo\docs\ops\evidence\2026-08-31_4c0a5ae7_backup_retention_phase2_receipts_resume1\batch_0060_delete_exact_paths.jsonl.gz,3818,2026-08-31T15:20:37+00:00,IRRECOVERABLE_LOCAL,,C:\QM\repo\docs\ops\evidence\2026-09-05_m05_recovery\per_path_forensics.json
31e38d56-7ef9-4f01-94d2-10eaaee3d439,QM5_10805,GDAXI.DWX,Q03,PASS,D:\QM\reports\work_items\31e38d56-7ef9-4f01-94d2-10eaaee3d439\QM5_10805\20260724_211727\summary.json,2026-08-24T17:30:43Z,2026-08-24T02:24:07.333498+00:00,1780,2026-08-31T15:20:39.801922+00:00,OWNER_BACKUP_RETENTION_PHASE2_DELETE_NONRETAINED,DELETE_VIA_QUARANTINE,DELETE_NONRETAINED,C:\QM\repo\docs\ops\evidence\2026-08-31_4c0a5ae7_backup_retention_phase2_receipts_resume1\batch_0061_delete.json,C:\QM\repo\docs\ops\evidence\2026-08-31_4c0a5ae7_backup_retention_phase2_receipts_resume1\batch_0061_delete_exact_paths.jsonl.gz,432,2026-08-31T15:21:09+00:00,IRRECOVERABLE_LOCAL,,C:\QM\repo\docs\ops\evidence\2026-09-05_m05_recovery\per_path_forensics.json
320f0e5c-ef2a-48ed-a3b1-ac2e2ff58328,QM5_9454,NZDUSD.DWX,Q02,FAIL,D:\QM\reports\work_items\320f0e5c-ef2a-48ed-a3b1-ac2e2ff58328\QM5_9454\20260724_210245\summary.json,2026-08-24T17:30:43Z,2026-07-24T21:03:51.305002+00:00,6748,2026-08-24T02:24:04.947660+00:00,DL090_REPORT_RETENTION_QUARANTINE_THEN_C_RELOCATION,NTFS_COMPRESS,COMPRESS_KEEP_Q02_Q04,C:\QM\repo\docs\ops\evidence\2026-08-31_4c0a5ae7_backup_retention_phase2_receipts_resume1\batch_0096_compress.json,C:\QM\repo\docs\ops\evidence\2026-08-31_4c0a5ae7_backup_retention_phase2_receipts_resume1\batch_0096_compress_exact_paths.jsonl.gz,1553,2026-08-31T15:40:56+00:00,RECOVERED_COPY,C:\QM\repo\docs\ops\evidence\2026-09-05_m05_recovery\restored\320f0e5c-ef2a-48ed-a3b1-ac2e2ff58328\summary.json,C:\QM\repo\docs\ops\evidence\2026-09-05_m05_recovery\per_path_forensics.json
3666ab03-57af-4651-98cc-c304bff56e8d,QM5_13133,QM5_13133_XTI_XNG_IVOL_D1,Q02,FAIL,D:\QM\reports\work_items\3666ab03-57af-4651-98cc-c304bff56e8d\QM5_13133\20260724_205156\summary.json,2026-08-24T17:30:43Z,2026-07-24T20:59:53.827056+00:00,6599,2026-08-24T02:24:04.979744+00:00,DL090_REPORT_RETENTION_QUARANTINE_THEN_C_RELOCATION,NTFS_COMPRESS,COMPRESS_KEEP_Q02_Q04,C:\QM\repo\docs\ops\evidence\2026-08-31_4c0a5ae7_backup_retention_phase2_receipts_resume1\batch_0096_compress.json,C:\QM\repo\docs\ops\evidence\2026-08-31_4c0a5ae7_backup_retention_phase2_receipts_resume1\batch_0096_compress_exact_paths.jsonl.gz,1556,2026-08-31T15:40:56+00:00,RECOVERED_COPY,C:\QM\repo\docs\ops\evidence\2026-09-05_m05_recovery\restored\3666ab03-57af-4651-98cc-c304bff56e8d\summary.json,C:\QM\repo\docs\ops\evidence\2026-09-05_m05_recovery\per_path_forensics.json
4b41302f-b63e-44e8-be26-046b4a131e96,QM5_9404,AUDUSD.DWX,Q02,ZERO_TRADES,D:\QM\reports\work_items\4b41302f-b63e-44e8-be26-046b4a131e96\QM5_9404\20260724_212955\summary.json,2026-08-24T17:30:43Z,2026-07-24T21:30:55.116519+00:00,6730,2026-08-24T02:24:05.185616+00:00,DL090_REPORT_RETENTION_QUARANTINE_THEN_C_RELOCATION,NTFS_COMPRESS,COMPRESS_KEEP_Q02_Q04,C:\QM\repo\docs\ops\evidence\2026-08-31_4c0a5ae7_backup_retention_phase2_receipts_resume1\batch_0096_compress.json,C:\QM\repo\docs\ops\evidence\2026-08-31_4c0a5ae7_backup_retention_phase2_receipts_resume1\batch_0096_compress_exact_paths.jsonl.gz,1623,2026-08-31T15:40:56+00:00,RECOVERED_COPY,C:\QM\repo\docs\ops\evidence\2026-09-05_m05_recovery\restored\4b41302f-b63e-44e8-be26-046b4a131e96\summary.json,C:\QM\repo\docs\ops\evidence\2026-09-05_m05_recovery\per_path_forensics.json
7e9dd76e-0224-44fc-b116-7db5530778e2,QM5_9454,SP500.DWX,Q02,FAIL,D:\QM\reports\work_items\7e9dd76e-0224-44fc-b116-7db5530778e2\QM5_9454\20260724_204427\summary.json,2026-08-24T17:30:43Z,2026-07-24T20:45:40.810801+00:00,6741,2026-08-24T02:24:05.411374+00:00,DL090_REPORT_RETENTION_QUARANTINE_THEN_C_RELOCATION,NTFS_COMPRESS,COMPRESS_KEEP_Q02_Q04,C:\QM\repo\docs\ops\evidence\2026-08-31_4c0a5ae7_backup_retention_phase2_receipts_resume1\batch_0096_compress.json,C:\QM\repo\docs\ops\evidence\2026-08-31_4c0a5ae7_backup_retention_phase2_receipts_resume1\batch_0096_compress_exact_paths.jsonl.gz,1698,2026-08-31T15:40:56+00:00,RECOVERED_COPY,C:\QM\repo\docs\ops\evidence\2026-09-05_m05_recovery\restored\7e9dd76e-0224-44fc-b116-7db5530778e2\summary.json,C:\QM\repo\docs\ops\evidence\2026-09-05_m05_recovery\per_path_forensics.json
88806c7a-2733-4fb0-b19e-f8e360015c6a,QM5_9454,UK100.DWX,Q02,FAIL,D:\QM\reports\work_items\88806c7a-2733-4fb0-b19e-f8e360015c6a\QM5_9454\20260724_210020\summary.json,2026-08-24T17:30:43Z,2026-07-24T21:01:27.366939+00:00,6740,2026-08-24T02:24:05.489706+00:00,DL090_REPORT_RETENTION_QUARANTINE_THEN_C_RELOCATION,NTFS_COMPRESS,COMPRESS_KEEP_Q02_Q04,C:\QM\repo\docs\ops\evidence\2026-08-31_4c0a5ae7_backup_retention_phase2_receipts_resume1\batch_0096_compress.json,C:\QM\repo\docs\ops\evidence\2026-08-31_4c0a5ae7_backup_retention_phase2_receipts_resume1\batch_0096_compress_exact_paths.jsonl.gz,1711,2026-08-31T15:40:56+00:00,RECOVERED_COPY,C:\QM\repo\docs\ops\evidence\2026-09-05_m05_recovery\restored\88806c7a-2733-4fb0-b19e-f8e360015c6a\summary.json,C:\QM\repo\docs\ops\evidence\2026-09-05_m05_recovery\per_path_forensics.json
c23d9375-4ea2-482e-a336-a505edd99baf,QM5_9454,AUDUSD.DWX,Q02,FAIL,D:\QM\reports\work_items\c23d9375-4ea2-482e-a336-a505edd99baf\QM5_9454\20260724_210132\summary.json,2026-08-24T17:30:43Z,2026-07-24T21:02:41.423370+00:00,6748,2026-08-24T02:24:05.785691+00:00,DL090_REPORT_RETENTION_QUARANTINE_THEN_C_RELOCATION,NTFS_COMPRESS,COMPRESS_KEEP_Q02_Q04,C:\QM\repo\docs\ops\evidence\2026-08-31_4c0a5ae7_backup_retention_phase2_receipts_resume1\batch_0096_compress.json,C:\QM\repo\docs\ops\evidence\2026-08-31_4c0a5ae7_backup_retention_phase2_receipts_resume1\batch_0096_compress_exact_paths.jsonl.gz,1790,2026-08-31T15:40:56+00:00,RECOVERED_COPY,C:\QM\repo\docs\ops\evidence\2026-09-05_m05_recovery\restored\c23d9375-4ea2-482e-a336-a505edd99baf\summary.json,C:\QM\repo\docs\ops\evidence\2026-09-05_m05_recovery\per_path_forensics.json
ccd0b2a0-7ba9-4290-b2ac-5e2d549071cb,QM5_10825,GDAXI.DWX,Q05,FAIL,D:\QM\reports\work_items\ccd0b2a0-7ba9-4290-b2ac-5e2d549071cb\QM5_10825\Q05\GDAXI_DWX\aggregate.json,2026-08-24T17:30:43Z,2026-08-24T02:24:11.782727+00:00,462,2026-08-31T15:21:14.015223+00:00,OWNER_BACKUP_RETENTION_PHASE2_DELETE_NONRETAINED,DELETE_VIA_QUARANTINE,DELETE_NONRETAINED,C:\QM\repo\docs\ops\evidence\2026-08-31_4c0a5ae7_backup_retention_phase2_receipts_resume1\batch_0062_delete.json,C:\QM\repo\docs\ops\evidence\2026-08-31_4c0a5ae7_backup_retention_phase2_receipts_resume1\batch_0062_delete_exact_paths.jsonl.gz,1008,2026-08-31T15:21:22+00:00,IRRECOVERABLE_LOCAL,,C:\QM\repo\docs\ops\evidence\2026-09-05_m05_recovery\per_path_forensics.json
ebd5b796-c008-4b33-a16f-e3450173776e,QM5_12599,XTIUSD.DWX,Q02,FAIL,D:\QM\reports\work_items\ebd5b796-c008-4b33-a16f-e3450173776e\QM5_12599\20260724_211619\summary.json,2026-08-24T17:30:43Z,2026-07-24T21:18:58.067125+00:00,6548,2026-08-24T02:24:05.890815+00:00,DL090_REPORT_RETENTION_QUARANTINE_THEN_C_RELOCATION,NTFS_COMPRESS,COMPRESS_KEEP_Q02_Q04,C:\QM\repo\docs\ops\evidence\2026-08-31_4c0a5ae7_backup_retention_phase2_receipts_resume1\batch_0096_compress.json,C:\QM\repo\docs\ops\evidence\2026-08-31_4c0a5ae7_backup_retention_phase2_receipts_resume1\batch_0096_compress_exact_paths.jsonl.gz,1833,2026-08-31T15:40:56+00:00,RECOVERED_COPY,C:\QM\repo\docs\ops\evidence\2026-09-05_m05_recovery\restored\ebd5b796-c008-4b33-a16f-e3450173776e\summary.json,C:\QM\repo\docs\ops\evidence\2026-09-05_m05_recovery\per_path_forensics.json
f760e655-622e-40a8-a70a-f7cd9f929078,QM5_9454,USDCHF.DWX,Q02,FAIL,D:\QM\reports\work_items\f760e655-622e-40a8-a70a-f7cd9f929078\QM5_9454\20260724_210222\summary.json,2026-08-24T17:30:43Z,2026-07-24T21:03:34.027263+00:00,6748,2026-08-24T02:24:05.912872+00:00,DL090_REPORT_RETENTION_QUARANTINE_THEN_C_RELOCATION,NTFS_COMPRESS,COMPRESS_KEEP_Q02_Q04,C:\QM\repo\docs\ops\evidence\2026-08-31_4c0a5ae7_backup_retention_phase2_receipts_resume1\batch_0096_compress.json,C:\QM\repo\docs\ops\evidence\2026-08-31_4c0a5ae7_backup_retention_phase2_receipts_resume1\batch_0096_compress_exact_paths.jsonl.gz,1843,2026-08-31T15:40:56+00:00,RECOVERED_COPY,C:\QM\repo\docs\ops\evidence\2026-09-05_m05_recovery\restored\f760e655-622e-40a8-a70a-f7cd9f929078\summary.json,C:\QM\repo\docs\ops\evidence\2026-09-05_m05_recovery\per_path_forensics.json
f871ea28-889e-4a43-9b48-e077495d01fc,QM5_9454,WS30.DWX,Q02,FAIL,D:\QM\reports\work_items\f871ea28-889e-4a43-9b48-e077495d01fc\QM5_9454\20260724_210003\summary.json,2026-08-24T17:30:43Z,2026-07-24T21:02:19.153787+00:00,8677,2026-08-24T02:24:05.915880+00:00,DL090_REPORT_RETENTION_QUARANTINE_THEN_C_RELOCATION,NTFS_COMPRESS,COMPRESS_KEEP_Q02_Q04,C:\QM\repo\docs\ops\evidence\2026-08-31_4c0a5ae7_backup_retention_phase2_receipts_resume1\batch_0096_compress.json,C:\QM\repo\docs\ops\evidence\2026-08-31_4c0a5ae7_backup_retention_phase2_receipts_resume1\batch_0096_compress_exact_paths.jsonl.gz,1848,2026-08-31T15:40:56+00:00,RECOVERED_COPY,C:\QM\repo\docs\ops\evidence\2026-09-05_m05_recovery\restored\f871ea28-889e-4a43-9b48-e077495d01fc\summary.json,C:\QM\repo\docs\ops\evidence\2026-09-05_m05_recovery\per_path_forensics.json
5841ab49-8978-4216-8014-f768556d7650,QM5_11916,GBPUSD.DWX,Q08,FAIL_HARD,D:\QM\reports\work_items\5841ab49-8978-4216-8014-f768556d7650\QM5_11916\Q08\GBPUSD_DWX\aggregate.json,2026-08-26T02:20:03Z,2026-08-25T02:21:20.524606+00:00,3956,2026-08-31T15:20:46.525940+00:00,OWNER_BACKUP_RETENTION_PHASE2_DELETE_NONRETAINED,DELETE_VIA_QUARANTINE,DELETE_NONRETAINED,C:\QM\repo\docs\ops\evidence\2026-08-31_4c0a5ae7_backup_retention_phase2_receipts_resume1\batch_0061_delete.json,C:\QM\repo\docs\ops\evidence\2026-08-31_4c0a5ae7_backup_retention_phase2_receipts_resume1\batch_0061_delete_exact_paths.jsonl.gz,1881,2026-08-31T15:21:09+00:00,IRRECOVERABLE_LOCAL,,C:\QM\repo\docs\ops\evidence\2026-09-05_m05_recovery\per_path_forensics.json
7b538677-f387-46bb-b8c9-b1ceb0a28717,QM5_10185,EURJPY.DWX,Q03,PASS,D:\QM\reports\work_items\7b538677-f387-46bb-b8c9-b1ceb0a28717\QM5_10185\20260725_232733\summary.json,2026-08-26T02:20:03Z,2026-08-25T02:21:21.781897+00:00,1907,2026-08-31T15:20:54.323000+00:00,OWNER_BACKUP_RETENTION_PHASE2_DELETE_NONRETAINED,DELETE_VIA_QUARANTINE,DELETE_NONRETAINED,C:\QM\repo\docs\ops\evidence\2026-08-31_4c0a5ae7_backup_retention_phase2_receipts_resume1\batch_0061_delete.json,C:\QM\repo\docs\ops\evidence\2026-08-31_4c0a5ae7_backup_retention_phase2_receipts_resume1\batch_0061_delete_exact_paths.jsonl.gz,3138,2026-08-31T15:21:09+00:00,IRRECOVERABLE_LOCAL,,C:\QM\repo\docs\ops\evidence\2026-09-05_m05_recovery\per_path_forensics.json
90309abd-e61c-49b8-8683-46f452f5570c,QM5_11910,USDJPY.DWX,Q05,FAIL,D:\QM\reports\work_items\90309abd-e61c-49b8-8683-46f452f5570c\QM5_11910\Q05\USDJPY_DWX\aggregate.json,2026-08-26T02:20:03Z,2026-08-25T02:21:22.580977+00:00,464,2026-08-31T15:20:59.693995+00:00,OWNER_BACKUP_RETENTION_PHASE2_DELETE_NONRETAINED,DELETE_VIA_QUARANTINE,DELETE_NONRETAINED,C:\QM\repo\docs\ops\evidence\2026-08-31_4c0a5ae7_backup_retention_phase2_receipts_resume1\batch_0061_delete.json,C:\QM\repo\docs\ops\evidence\2026-08-31_4c0a5ae7_backup_retention_phase2_receipts_resume1\batch_0061_delete_exact_paths.jsonl.gz,3891,2026-08-31T15:21:09+00:00,IRRECOVERABLE_LOCAL,,C:\QM\repo\docs\ops\evidence\2026-09-05_m05_recovery\per_path_forensics.json
c733b18d-17f0-424b-9374-51250130f259,QM5_9454,USDJPY.DWX,Q02,FAIL,D:\QM\reports\work_items\c733b18d-17f0-424b-9374-51250130f259\QM5_9454\20260725_231549\summary.json,2026-08-26T02:20:03Z,2026-07-25T23:17:40.499333+00:00,6742,2026-08-25T02:21:16.214363+00:00,DL090_REPORT_RETENTION_QUARANTINE_THEN_C_RELOCATION,NTFS_COMPRESS,COMPRESS_KEEP_Q02_Q04,C:\QM\repo\docs\ops\evidence\2026-08-31_4c0a5ae7_backup_retention_phase2_receipts_resume1\batch_0096_compress.json,C:\QM\repo\docs\ops\evidence\2026-08-31_4c0a5ae7_backup_retention_phase2_receipts_resume1\batch_0096_compress_exact_paths.jsonl.gz,2189,2026-08-31T15:40:56+00:00,RECOVERED_COPY,C:\QM\repo\docs\ops\evidence\2026-09-05_m05_recovery\restored\c733b18d-17f0-424b-9374-51250130f259\summary.json,C:\QM\repo\docs\ops\evidence\2026-09-05_m05_recovery\per_path_forensics.json
ca9fcbc3-83ca-4831-87df-f85feba2f46b,QM5_20026,NDX.DWX,Q05,FAIL,D:\QM\reports\work_items\ca9fcbc3-83ca-4831-87df-f85feba2f46b\QM5_20026\Q05\NDX_DWX\aggregate.json,2026-08-26T02:20:03Z,2026-08-25T02:21:24.567657+00:00,456,2026-08-31T15:21:13.796654+00:00,OWNER_BACKUP_RETENTION_PHASE2_DELETE_NONRETAINED,DELETE_VIA_QUARANTINE,DELETE_NONRETAINED,C:\QM\repo\docs\ops\evidence\2026-08-31_4c0a5ae7_backup_retention_phase2_receipts_resume1\batch_0062_delete.json,C:\QM\repo\docs\ops\evidence\2026-08-31_4c0a5ae7_backup_retention_phase2_receipts_resume1\batch_0062_delete_exact_paths.jsonl.gz,959,2026-08-31T15:21:22+00:00,IRRECOVERABLE_LOCAL,,C:\QM\repo\docs\ops\evidence\2026-09-05_m05_recovery\per_path_forensics.json
cf0d4810-6ba2-4fc3-81ae-80f453b12472,QM5_10999,USDJPY.DWX,Q05,FAIL,D:\QM\reports\work_items\cf0d4810-6ba2-4fc3-81ae-80f453b12472\QM5_10999\Q05\USDJPY_DWX\aggregate.json,2026-08-26T02:20:03Z,2026-08-25T02:21:24.829843+00:00,465,2026-08-31T15:21:14.324528+00:00,OWNER_BACKUP_RETENTION_PHASE2_DELETE_NONRETAINED,DELETE_VIA_QUARANTINE,DELETE_NONRETAINED,C:\QM\repo\docs\ops\evidence\2026-08-31_4c0a5ae7_backup_retention_phase2_receipts_resume1\batch_0062_delete.json,C:\QM\repo\docs\ops\evidence\2026-08-31_4c0a5ae7_backup_retention_phase2_receipts_resume1\batch_0062_delete_exact_paths.jsonl.gz,1079,2026-08-31T15:21:22+00:00,IRRECOVERABLE_LOCAL,,C:\QM\repo\docs\ops\evidence\2026-09-05_m05_recovery\per_path_forensics.json
d31f4935-d8e4-40d9-a295-cdafbcbc406c,QM5_10260,NDX.DWX,Q03,PASS,D:\QM\reports\work_items\d31f4935-d8e4-40d9-a295-cdafbcbc406c\QM5_10260\20260725_231218\summary.json,2026-08-26T02:20:03Z,2026-08-25T02:21:25.003294+00:00,1785,2026-08-31T15:21:15.190793+00:00,OWNER_BACKUP_RETENTION_PHASE2_DELETE_NONRETAINED,DELETE_VIA_QUARANTINE,DELETE_NONRETAINED,C:\QM\repo\docs\ops\evidence\2026-08-31_4c0a5ae7_backup_retention_phase2_receipts_resume1\batch_0062_delete.json,C:\QM\repo\docs\ops\evidence\2026-08-31_4c0a5ae7_backup_retention_phase2_receipts_resume1\batch_0062_delete_exact_paths.jsonl.gz,1291,2026-08-31T15:21:22+00:00,IRRECOVERABLE_LOCAL,,C:\QM\repo\docs\ops\evidence\2026-09-05_m05_recovery\per_path_forensics.json
1f5f3f42-d9b2-4ee1-baed-f49962b65ec1,QM5_10823,GDAXI.DWX,Q08,FAIL_HARD,D:\QM\reports\work_items\1f5f3f42-d9b2-4ee1-baed-f49962b65ec1\QM5_10823\Q08\GDAXI_DWX\aggregate.json,2026-08-27T02:20:02Z,2026-08-26T02:23:24.788859+00:00,3898,2026-08-31T15:20:35.358841+00:00,OWNER_BACKUP_RETENTION_PHASE2_DELETE_NONRETAINED,DELETE_VIA_QUARANTINE,DELETE_NONRETAINED,C:\QM\repo\docs\ops\evidence\2026-08-31_4c0a5ae7_backup_retention_phase2_receipts_resume1\batch_0060_delete.json,C:\QM\repo\docs\ops\evidence\2026-08-31_4c0a5ae7_backup_retention_phase2_receipts_resume1\batch_0060_delete_exact_paths.jsonl.gz,4663,2026-08-31T15:20:37+00:00,IRRECOVERABLE_LOCAL,,C:\QM\repo\docs\ops\evidence\2026-09-05_m05_recovery\per_path_forensics.json
2a3c9631-88a8-4b93-86b5-d1d841b1ff37,QM5_20039,NDX.DWX,Q05,PASS,D:\QM\reports\work_items\2a3c9631-88a8-4b93-86b5-d1d841b1ff37\QM5_20039\Q05\NDX_DWX\aggregate.json,2026-08-27T02:20:02Z,2026-08-26T02:23:40.192446+00:00,453,2026-08-31T15:20:38.223310+00:00,OWNER_BACKUP_RETENTION_PHASE2_DELETE_NONRETAINED,DELETE_VIA_QUARANTINE,DELETE_NONRETAINED,C:\QM\repo\docs\ops\evidence\2026-08-31_4c0a5ae7_backup_retention_phase2_receipts_resume1\batch_0061_delete.json,C:\QM\repo\docs\ops\evidence\2026-08-31_4c0a5ae7_backup_retention_phase2_receipts_resume1\batch_0061_delete_exact_paths.jsonl.gz,123,2026-08-31T15:21:09+00:00,IRRECOVERABLE_LOCAL,,C:\QM\repo\docs\ops\evidence\2026-09-05_m05_recovery\per_path_forensics.json
49935c6b-7822-4d23-81c8-eff823910d9c,QM5_20105,CADJPY.DWX,Q03,PASS,D:\QM\reports\work_items\49935c6b-7822-4d23-81c8-eff823910d9c\QM5_20105\20260726_230422\summary.json,2026-08-27T02:20:02Z,2026-08-26T02:23:57.909683+00:00,2127,2026-08-31T15:20:43.856617+00:00,OWNER_BACKUP_RETENTION_PHASE2_DELETE_NONRETAINED,DELETE_VIA_QUARANTINE,DELETE_NONRETAINED,C:\QM\repo\docs\ops\evidence\2026-08-31_4c0a5ae7_backup_retention_phase2_receipts_resume1\batch_0061_delete.json,C:\QM\repo\docs\ops\evidence\2026-08-31_4c0a5ae7_backup_retention_phase2_receipts_resume1\batch_0061_delete_exact_paths.jsonl.gz,1300,2026-08-31T15:21:09+00:00,IRRECOVERABLE_LOCAL,,C:\QM\repo\docs\ops\evidence\2026-09-05_m05_recovery\per_path_forensics.json
4fa5e455-232a-4448-acb1-885cbb3a809c,QM5_20105,CADJPY.DWX,Q05,PASS,D:\QM\reports\work_items\4fa5e455-232a-4448-acb1-885cbb3a809c\QM5_20105\Q05\CADJPY_DWX\aggregate.json,2026-08-27T02:20:02Z,2026-08-26T02:23:58.630558+00:00,451,2026-08-31T15:20:44.622109+00:00,OWNER_BACKUP_RETENTION_PHASE2_DELETE_NONRETAINED,DELETE_VIA_QUARANTINE,DELETE_NONRETAINED,C:\QM\repo\docs\ops\evidence\2026-08-31_4c0a5ae7_backup_retention_phase2_receipts_resume1\batch_0061_delete.json,C:\QM\repo\docs\ops\evidence\2026-08-31_4c0a5ae7_backup_retention_phase2_receipts_resume1\batch_0061_delete_exact_paths.jsonl.gz,1542,2026-08-31T15:21:09+00:00,IRRECOVERABLE_LOCAL,,C:\QM\repo\docs\ops\evidence\2026-09-05_m05_recovery\per_path_forensics.json
603a318d-cad2-47d5-888b-b767f8536849,QM5_13146,QM5_13146_XTI_XNG_VOV_D1,Q06,PASS,D:\QM\reports\work_items\603a318d-cad2-47d5-888b-b767f8536849\QM5_13146\Q06\QM5_13146_XTI_XNG_VOV_D1\aggregate.json,2026-08-27T02:20:02Z,2026-08-26T02:24:01.335969+00:00,493,2026-08-31T15:20:48.267558+00:00,OWNER_BACKUP_RETENTION_PHASE2_DELETE_NONRETAINED,DELETE_VIA_QUARANTINE,DELETE_NONRETAINED,C:\QM\repo\docs\ops\evidence\2026-08-31_4c0a5ae7_backup_retention_phase2_receipts_resume1\batch_0061_delete.json,C:\QM\repo\docs\ops\evidence\2026-08-31_4c0a5ae7_backup_retention_phase2_receipts_resume1\batch_0061_delete_exact_paths.jsonl.gz,2147,2026-08-31T15:21:09+00:00,IRRECOVERABLE_LOCAL,,C:\QM\repo\docs\ops\evidence\2026-09-05_m05_recovery\per_path_forensics.json
67a14190-95aa-47be-9208-0c00473a0eb6,QM5_12621,XTIUSD.DWX,Q05,FAIL,D:\QM\reports\work_items\67a14190-95aa-47be-9208-0c00473a0eb6\QM5_12621\Q05\XTIUSD_DWX\aggregate.json,2026-08-27T02:20:02Z,2026-08-26T02:24:01.966610+00:00,466,2026-08-31T15:20:49.443118+00:00,OWNER_BACKUP_RETENTION_PHASE2_DELETE_NONRETAINED,DELETE_VIA_QUARANTINE,DELETE_NONRETAINED,C:\QM\repo\docs\ops\evidence\2026-08-31_4c0a5ae7_backup_retention_phase2_receipts_resume1\batch_0061_delete.json,C:\QM\repo\docs\ops\evidence\2026-08-31_4c0a5ae7_backup_retention_phase2_receipts_resume1\batch_0061_delete_exact_paths.jsonl.gz,2368,2026-08-31T15:21:09+00:00,IRRECOVERABLE_LOCAL,,C:\QM\repo\docs\ops\evidence\2026-09-05_m05_recovery\per_path_forensics.json
d5cfee22-f362-4153-927e-f47e6e96f94f,QM5_20105,CADJPY.DWX,Q06,PASS,D:\QM\reports\work_items\d5cfee22-f362-4153-927e-f47e6e96f94f\QM5_20105\Q06\CADJPY_DWX\aggregate.json,2026-08-27T02:20:02Z,2026-08-26T02:24:20.198537+00:00,476,2026-08-31T15:21:15.527170+00:00,OWNER_BACKUP_RETENTION_PHASE2_DELETE_NONRETAINED,DELETE_VIA_QUARANTINE,DELETE_NONRETAINED,C:\QM\repo\docs\ops\evidence\2026-08-31_4c0a5ae7_backup_retention_phase2_receipts_resume1\batch_0062_delete.json,C:\QM\repo\docs\ops\evidence\2026-08-31_4c0a5ae7_backup_retention_phase2_receipts_resume1\batch_0062_delete_exact_paths.jsonl.gz,1370,2026-08-31T15:21:22+00:00,IRRECOVERABLE_LOCAL,,C:\QM\repo\docs\ops\evidence\2026-09-05_m05_recovery\per_path_forensics.json
2f69970b-739c-4694-a47c-90a5c2eda0f4,QM5_10269,SP500.DWX,Q08,FAIL_HARD,D:\QM\reports\work_items\2f69970b-739c-4694-a47c-90a5c2eda0f4\QM5_10269\Q08\SP500_DWX\aggregate.json,2026-08-28T02:20:03Z,2026-08-27T02:22:25.310483+00:00,3761,2026-08-31T15:20:39.465046+00:00,OWNER_BACKUP_RETENTION_PHASE2_DELETE_NONRETAINED,DELETE_VIA_QUARANTINE,DELETE_NONRETAINED,C:\QM\repo\docs\ops\evidence\2026-08-31_4c0a5ae7_backup_retention_phase2_receipts_resume1\batch_0061_delete.json,C:\QM\repo\docs\ops\evidence\2026-08-31_4c0a5ae7_backup_retention_phase2_receipts_resume1\batch_0061_delete_exact_paths.jsonl.gz,374,2026-08-31T15:21:09+00:00,IRRECOVERABLE_LOCAL,,C:\QM\repo\docs\ops\evidence\2026-09-05_m05_recovery\per_path_forensics.json
aaf0eb3b-3aae-4fe5-b910-63206fed78f0,QM5_10854,XAUUSD.DWX,Q05,FAIL,D:\QM\reports\work_items\aaf0eb3b-3aae-4fe5-b910-63206fed78f0\QM5_10854\Q05\XAUUSD_DWX\aggregate.json,2026-08-28T02:20:03Z,2026-08-27T02:22:32.331787+00:00,466,2026-08-31T15:21:04.034185+00:00,OWNER_BACKUP_RETENTION_PHASE2_DELETE_NONRETAINED,DELETE_VIA_QUARANTINE,DELETE_NONRETAINED,C:\QM\repo\docs\ops\evidence\2026-08-31_4c0a5ae7_backup_retention_phase2_receipts_resume1\batch_0061_delete.json,C:\QM\repo\docs\ops\evidence\2026-08-31_4c0a5ae7_backup_retention_phase2_receipts_resume1\batch_0061_delete_exact_paths.jsonl.gz,4762,2026-08-31T15:21:09+00:00,IRRECOVERABLE_LOCAL,,C:\QM\repo\docs\ops\evidence\2026-09-05_m05_recovery\per_path_forensics.json
13bcc25b-7429-47da-8644-5f617e42d3f3,QM5_12406,XAUUSD.DWX,Q02,ZERO_TRADES,D:\QM\reports\work_items\13bcc25b-7429-47da-8644-5f617e42d3f3\QM5_12406\20260729_064005\summary.json,2026-08-29T02:20:03Z,2026-07-29T06:41:55.065203+00:00,6762,2026-08-28T19:03:42.614564+00:00,DL090_REPORT_RETENTION_QUARANTINE_THEN_C_RELOCATION,NTFS_COMPRESS,COMPRESS_KEEP_Q02_Q04,C:\QM\repo\docs\ops\evidence\2026-08-31_4c0a5ae7_backup_retention_phase2_receipts_resume1\batch_0096_compress.json,C:\QM\repo\docs\ops\evidence\2026-08-31_4c0a5ae7_backup_retention_phase2_receipts_resume1\batch_0096_compress_exact_paths.jsonl.gz,4151,2026-08-31T15:40:56+00:00,RECOVERED_COPY,C:\QM\repo\docs\ops\evidence\2026-09-05_m05_recovery\restored\13bcc25b-7429-47da-8644-5f617e42d3f3\summary.json,C:\QM\repo\docs\ops\evidence\2026-09-05_m05_recovery\per_path_forensics.json
26e48fb7-cff7-422a-8215-ac8481ffbecc,QM5_10281,NDX.DWX,Q02,ZERO_TRADES,D:\QM\reports\work_items\26e48fb7-cff7-422a-8215-ac8481ffbecc\QM5_10281\20260728_214434\summary.json,2026-08-29T02:20:03Z,2026-07-28T21:48:59.868001+00:00,6804,2026-08-28T02:21:38.485364+00:00,DL090_REPORT_RETENTION_QUARANTINE_THEN_C_RELOCATION,NTFS_COMPRESS,COMPRESS_KEEP_Q02_Q04,C:\QM\repo\docs\ops\evidence\2026-08-31_4c0a5ae7_backup_retention_phase2_receipts_resume1\batch_0096_compress.json,C:\QM\repo\docs\ops\evidence\2026-08-31_4c0a5ae7_backup_retention_phase2_receipts_resume1\batch_0096_compress_exact_paths.jsonl.gz,3375,2026-08-31T15:40:56+00:00,RECOVERED_COPY,C:\QM\repo\docs\ops\evidence\2026-09-05_m05_recovery\restored\26e48fb7-cff7-422a-8215-ac8481ffbecc\summary.json,C:\QM\repo\docs\ops\evidence\2026-09-05_m05_recovery\per_path_forensics.json
3ea588c2-aaf5-4a22-8e5d-6d2675efc50a,QM5_10992,NDX.DWX,Q02,FAIL,D:\QM\reports\work_items\3ea588c2-aaf5-4a22-8e5d-6d2675efc50a\QM5_10992\20260728_211952\summary.json,2026-08-29T02:20:03Z,2026-07-28T21:27:06.901158+00:00,10747,2026-08-28T02:21:38.657312+00:00,DL090_REPORT_RETENTION_QUARANTINE_THEN_C_RELOCATION,NTFS_COMPRESS,COMPRESS_KEEP_Q02_Q04,C:\QM\repo\docs\ops\evidence\2026-08-31_4c0a5ae7_backup_retention_phase2_receipts_resume1\batch_0096_compress.json,C:\QM\repo\docs\ops\evidence\2026-08-31_4c0a5ae7_backup_retention_phase2_receipts_resume1\batch_0096_compress_exact_paths.jsonl.gz,3451,2026-08-31T15:40:56+00:00,RECOVERED_COPY,C:\QM\repo\docs\ops\evidence\2026-09-05_m05_recovery\restored\3ea588c2-aaf5-4a22-8e5d-6d2675efc50a\summary.json,C:\QM\repo\docs\ops\evidence\2026-09-05_m05_recovery\per_path_forensics.json
48818ee3-44ed-4607-9e9c-518554d4bcff,QM5_10584,GBPJPY.DWX,Q03,PASS,D:\QM\reports\work_items\48818ee3-44ed-4607-9e9c-518554d4bcff\QM5_10584\20260728_224959\summary.json,2026-08-29T02:20:03Z,2026-08-28T02:21:44.369147+00:00,2124,2026-08-31T15:20:43.610976+00:00,OWNER_BACKUP_RETENTION_PHASE2_DELETE_NONRETAINED,DELETE_VIA_QUARANTINE,DELETE_NONRETAINED,C:\QM\repo\docs\ops\evidence\2026-08-31_4c0a5ae7_backup_retention_phase2_receipts_resume1\batch_0061_delete.json,C:\QM\repo\docs\ops\evidence\2026-08-31_4c0a5ae7_backup_retention_phase2_receipts_resume1\batch_0061_delete_exact_paths.jsonl.gz,1216,2026-08-31T15:21:09+00:00,IRRECOVERABLE_LOCAL,,C:\QM\repo\docs\ops\evidence\2026-09-05_m05_recovery\per_path_forensics.json
4e0079c8-3938-4da8-8094-a7adfe35b9da,QM5_11072,EURUSD.DWX,Q04,FAIL,D:\QM\reports\pipeline\QM5_11072\Q04\EURUSD.DWX__4e0079c8-3938-4da8-8094-a7adfe35b9da\aggregate.json,2026-08-29T02:20:03Z,2026-07-29T04:16:59.515994+00:00,7765,2026-08-28T19:03:42.638250+00:00,DL090_REPORT_RETENTION_QUARANTINE_THEN_C_RELOCATION,NTFS_COMPRESS,COMPRESS_KEEP_COMPLETE_CHAIN,C:\QM\repo\docs\ops\evidence\2026-08-31_4c0a5ae7_backup_retention_phase2_receipts_resume1\batch_0067_compress.json,C:\QM\repo\docs\ops\evidence\2026-08-31_4c0a5ae7_backup_retention_phase2_receipts_resume1\batch_0067_compress_exact_paths.jsonl.gz,2747,2026-08-31T15:22:01+00:00,RECOVERED_COPY,C:\QM\repo\docs\ops\evidence\2026-09-05_m05_recovery\restored\4e0079c8-3938-4da8-8094-a7adfe35b9da\aggregate.json,C:\QM\repo\docs\ops\evidence\2026-09-05_m05_recovery\per_path_forensics.json
6851fdb9-eb03-4314-84da-0ed41f1e0791,QM5_10584,GBPJPY.DWX,Q05,PASS,D:\QM\reports\work_items\6851fdb9-eb03-4314-84da-0ed41f1e0791\QM5_10584\Q05\GBPJPY_DWX\aggregate.json,2026-08-29T02:20:03Z,2026-08-28T02:21:46.141769+00:00,451,2026-08-31T15:20:49.961468+00:00,OWNER_BACKUP_RETENTION_PHASE2_DELETE_NONRETAINED,DELETE_VIA_QUARANTINE,DELETE_NONRETAINED,C:\QM\repo\docs\ops\evidence\2026-08-31_4c0a5ae7_backup_retention_phase2_receipts_resume1\batch_0061_delete.json,C:\QM\repo\docs\ops\evidence\2026-08-31_4c0a5ae7_backup_retention_phase2_receipts_resume1\batch_0061_delete_exact_paths.jsonl.gz,2434,2026-08-31T15:21:09+00:00,IRRECOVERABLE_LOCAL,,C:\QM\repo\docs\ops\evidence\2026-09-05_m05_recovery\per_path_forensics.json
8ceb9ea6-9566-4c60-a832-93ee1e8e39d1,QM5_10272,XAUUSD.DWX,Q05,PASS,D:\QM\reports\work_items\8ceb9ea6-9566-4c60-a832-93ee1e8e39d1\QM5_10272\Q05\XAUUSD_DWX\aggregate.json,2026-08-29T02:20:03Z,2026-08-28T19:03:43.027367+00:00,445,2026-08-31T15:20:59.238809+00:00,OWNER_BACKUP_RETENTION_PHASE2_DELETE_NONRETAINED,DELETE_VIA_QUARANTINE,DELETE_NONRETAINED,C:\QM\repo\docs\ops\evidence\2026-08-31_4c0a5ae7_backup_retention_phase2_receipts_resume1\batch_0061_delete.json,C:\QM\repo\docs\ops\evidence\2026-08-31_4c0a5ae7_backup_retention_phase2_receipts_resume1\batch_0061_delete_exact_paths.jsonl.gz,3803,2026-08-31T15:21:09+00:00,IRRECOVERABLE_LOCAL,,C:\QM\repo\docs\ops\evidence\2026-09-05_m05_recovery\per_path_forensics.json
fb1d2d8f-abeb-40ea-af00-2d8a522bb8da,QM5_10272,XAUUSD.DWX,Q06,PASS,D:\QM\reports\work_items\fb1d2d8f-abeb-40ea-af00-2d8a522bb8da\QM5_10272\Q06\XAUUSD_DWX\aggregate.json,2026-08-29T02:20:03Z,2026-08-28T19:03:43.360854+00:00,481,2026-08-31T15:21:21.601055+00:00,OWNER_BACKUP_RETENTION_PHASE2_DELETE_NONRETAINED,DELETE_VIA_QUARANTINE,DELETE_NONRETAINED,C:\QM\repo\docs\ops\evidence\2026-08-31_4c0a5ae7_backup_retention_phase2_receipts_resume1\batch_0062_delete.json,C:\QM\repo\docs\ops\evidence\2026-08-31_4c0a5ae7_backup_retention_phase2_receipts_resume1\batch_0062_delete_exact_paths.jsonl.gz,2764,2026-08-31T15:21:22+00:00,IRRECOVERABLE_LOCAL,,C:\QM\repo\docs\ops\evidence\2026-09-05_m05_recovery\per_path_forensics.json
00f37313-423e-4a51-b7e0-d17ec88fe10c,QM5_1567,GBPNZD.DWX,Q06,PASS,D:\QM\reports\work_items\00f37313-423e-4a51-b7e0-d17ec88fe10c\QM5_1567\Q06\GBPNZD_DWX\aggregate.json,2026-09-01T02:20:02Z,2026-08-31T02:23:46.321422+00:00,696,2026-08-31T15:20:29.420363+00:00,OWNER_BACKUP_RETENTION_PHASE2_DELETE_NONRETAINED,DELETE_VIA_QUARANTINE,DELETE_NONRETAINED,C:\QM\repo\docs\ops\evidence\2026-08-31_4c0a5ae7_backup_retention_phase2_receipts_resume1\batch_0060_delete.json,C:\QM\repo\docs\ops\evidence\2026-08-31_4c0a5ae7_backup_retention_phase2_receipts_resume1\batch_0060_delete_exact_paths.jsonl.gz,3029,2026-08-31T15:20:37+00:00,IRRECOVERABLE_LOCAL,,C:\QM\repo\docs\ops\evidence\2026-09-05_m05_recovery\per_path_forensics.json
0479e04e-5538-4051-ae97-f8995cd9f79c,QM5_20073,EURJPY.DWX,Q05,FAIL,D:\QM\reports\work_items\0479e04e-5538-4051-ae97-f8995cd9f79c\QM5_20073\Q05\EURJPY_DWX\aggregate.json,2026-09-01T02:20:02Z,2026-08-14T06:58:52.273400+00:00,1120,2026-08-31T15:20:30.244009+00:00,OWNER_BACKUP_RETENTION_PHASE2_DELETE_NONRETAINED,DELETE_VIA_QUARANTINE,DELETE_NONRETAINED,C:\QM\repo\docs\ops\evidence\2026-08-31_4c0a5ae7_backup_retention_phase2_receipts_resume1\batch_0060_delete.json,C:\QM\repo\docs\ops\evidence\2026-08-31_4c0a5ae7_backup_retention_phase2_receipts_resume1\batch_0060_delete_exact_paths.jsonl.gz,3420,2026-08-31T15:20:37+00:00,IRRECOVERABLE_LOCAL,,C:\QM\repo\docs\ops\evidence\2026-09-05_m05_recovery\per_path_forensics.json
056e4b68-6e68-436e-8bae-683938c8100b,QM5_11503,GBPUSD.DWX,Q03,PASS,D:\QM\reports\work_items\056e4b68-6e68-436e-8bae-683938c8100b\QM5_11503\20260802_232334\summary.json,2026-09-01T02:20:02Z,2026-08-02T23:26:58.223080+00:00,10816,2026-08-31T15:20:30.331235+00:00,OWNER_BACKUP_RETENTION_PHASE2_DELETE_NONRETAINED,DELETE_VIA_QUARANTINE,DELETE_NONRETAINED,C:\QM\repo\docs\ops\evidence\2026-08-31_4c0a5ae7_backup_retention_phase2_receipts_resume1\batch_0060_delete.json,C:\QM\repo\docs\ops\evidence\2026-08-31_4c0a5ae7_backup_retention_phase2_receipts_resume1\batch_0060_delete_exact_paths.jsonl.gz,3470,2026-08-31T15:20:37+00:00,IRRECOVERABLE_LOCAL,,C:\QM\repo\docs\ops\evidence\2026-09-05_m05_recovery\per_path_forensics.json
0a2e72a2-d906-4343-b073-742a5e0213d3,QM5_20192,QM5_20192_XAU_XAG_IVOL_D1,Q03,PASS,D:\QM\reports\work_items\0a2e72a2-d906-4343-b073-742a5e0213d3\QM5_20192\20260813_160035\summary.json,2026-09-01T02:20:02Z,2026-08-13T16:28:30.851039+00:00,12062,2026-08-31T15:20:31.088711+00:00,OWNER_BACKUP_RETENTION_PHASE2_DELETE_NONRETAINED,DELETE_VIA_QUARANTINE,DELETE_NONRETAINED,C:\QM\repo\docs\ops\evidence\2026-08-31_4c0a5ae7_backup_retention_phase2_receipts_resume1\batch_0060_delete.json,C:\QM\repo\docs\ops\evidence\2026-08-31_4c0a5ae7_backup_retention_phase2_receipts_resume1\batch_0060_delete_exact_paths.jsonl.gz,3690,2026-08-31T15:20:37+00:00,IRRECOVERABLE_LOCAL,,C:\QM\repo\docs\ops\evidence\2026-09-05_m05_recovery\per_path_forensics.json
0cb2cb11-9637-46c0-9382-2753e62a0bab,QM5_9912,NDX.DWX,Q03,PASS,D:\QM\reports\work_items\0cb2cb11-9637-46c0-9382-2753e62a0bab\QM5_9912\20260804_205800\summary.json,2026-09-01T02:20:02Z,2026-08-04T21:01:01.663757+00:00,9703,2026-08-31T15:20:31.173931+00:00,OWNER_BACKUP_RETENTION_PHASE2_DELETE_NONRETAINED,DELETE_VIA_QUARANTINE,DELETE_NONRETAINED,C:\QM\repo\docs\ops\evidence\2026-08-31_4c0a5ae7_backup_retention_phase2_receipts_resume1\batch_0060_delete.json,C:\QM\repo\docs\ops\evidence\2026-08-31_4c0a5ae7_backup_retention_phase2_receipts_resume1\batch_0060_delete_exact_paths.jsonl.gz,3712,2026-08-31T15:20:37+00:00,IRRECOVERABLE_LOCAL,,C:\QM\repo\docs\ops\evidence\2026-09-05_m05_recovery\per_path_forensics.json
0df3b874-0517-4b72-83b0-5ad63a5efecd,QM5_1567,GBPNZD.DWX,Q05,PASS,D:\QM\reports\work_items\0df3b874-0517-4b72-83b0-5ad63a5efecd\QM5_1567\Q05\GBPNZD_DWX\aggregate.json,2026-09-01T02:20:02Z,2026-08-31T02:23:47.208231+00:00,645,2026-08-31T15:20:31.375803+00:00,OWNER_BACKUP_RETENTION_PHASE2_DELETE_NONRETAINED,DELETE_VIA_QUARANTINE,DELETE_NONRETAINED,C:\QM\repo\docs\ops\evidence\2026-08-31_4c0a5ae7_backup_retention_phase2_receipts_resume1\batch_0060_delete.json,C:\QM\repo\docs\ops\evidence\2026-08-31_4c0a5ae7_backup_retention_phase2_receipts_resume1\batch_0060_delete_exact_paths.jsonl.gz,3766,2026-08-31T15:20:37+00:00,IRRECOVERABLE_LOCAL,,C:\QM\repo\docs\ops\evidence\2026-09-05_m05_recovery\per_path_forensics.json
112c2fae-54d5-45f9-a074-4c684f37e26f,QM5_10590,XAUUSD.DWX,Q03,PASS,D:\QM\reports\work_items\112c2fae-54d5-45f9-a074-4c684f37e26f\QM5_10590\20260808_235708\summary.json,2026-09-01T02:20:02Z,2026-08-08T23:58:55.736980+00:00,7539,2026-08-31T15:20:31.742260+00:00,OWNER_BACKUP_RETENTION_PHASE2_DELETE_NONRETAINED,DELETE_VIA_QUARANTINE,DELETE_NONRETAINED,C:\QM\repo\docs\ops\evidence\2026-08-31_4c0a5ae7_backup_retention_phase2_receipts_resume1\batch_0060_delete.json,C:\QM\repo\docs\ops\evidence\2026-08-31_4c0a5ae7_backup_retention_phase2_receipts_resume1\batch_0060_delete_exact_paths.jsonl.gz,3868,2026-08-31T15:20:37+00:00,IRRECOVERABLE_LOCAL,,C:\QM\repo\docs\ops\evidence\2026-09-05_m05_recovery\per_path_forensics.json
1a079d9e-f9a3-4813-8356-2a0fe5e4d899,QM5_9912,SP500.DWX,Q05,PASS,D:\QM\reports\work_items\1a079d9e-f9a3-4813-8356-2a0fe5e4d899\QM5_9912\Q05\SP500_DWX\aggregate.json,2026-09-01T02:20:02Z,2026-08-04T21:39:47.102599+00:00,1100,2026-08-31T15:20:34.391317+00:00,OWNER_BACKUP_RETENTION_PHASE2_DELETE_NONRETAINED,DELETE_VIA_QUARANTINE,DELETE_NONRETAINED,C:\QM\repo\docs\ops\evidence\2026-08-31_4c0a5ae7_backup_retention_phase2_receipts_resume1\batch_0060_delete.json,C:\QM\repo\docs\ops\evidence\2026-08-31_4c0a5ae7_backup_retention_phase2_receipts_resume1\batch_0060_delete_exact_paths.jsonl.gz,4445,2026-08-31T15:20:37+00:00,IRRECOVERABLE_LOCAL,,C:\QM\repo\docs\ops\evidence\2026-09-05_m05_recovery\per_path_forensics.json
1aa0dc84-63e6-4237-a300-245d3ac16af4,QM5_20085,AUDUSD.DWX,Q03,PASS,D:\QM\reports\work_items\1aa0dc84-63e6-4237-a300-245d3ac16af4\QM5_20085\20260816_213301\summary.json,2026-09-01T02:20:02Z,2026-08-16T21:46:07.393358+00:00,10699,2026-08-31T15:20:34.470523+00:00,OWNER_BACKUP_RETENTION_PHASE2_DELETE_NONRETAINED,DELETE_VIA_QUARANTINE,DELETE_NONRETAINED,C:\QM\repo\docs\ops\evidence\2026-08-31_4c0a5ae7_backup_retention_phase2_receipts_resume1\batch_0060_delete.json,C:\QM\repo\docs\ops\evidence\2026-08-31_4c0a5ae7_backup_retention_phase2_receipts_resume1\batch_0060_delete_exact_paths.jsonl.gz,4470,2026-08-31T15:20:37+00:00,IRRECOVERABLE_LOCAL,,C:\QM\repo\docs\ops\evidence\2026-09-05_m05_recovery\per_path_forensics.json
1c529230-6c0b-4bb0-9976-27f236bf3a2d,QM5_10946,USDJPY.DWX,Q03,PASS,D:\QM\reports\work_items\1c529230-6c0b-4bb0-9976-27f236bf3a2d\QM5_10946\20260801_220005\summary.json,2026-09-01T02:20:02Z,2026-08-01T22:04:13.932622+00:00,8728,2026-08-31T15:20:34.804896+00:00,OWNER_BACKUP_RETENTION_PHASE2_DELETE_NONRETAINED,DELETE_VIA_QUARANTINE,DELETE_NONRETAINED,C:\QM\repo\docs\ops\evidence\2026-08-31_4c0a5ae7_backup_retention_phase2_receipts_resume1\batch_0060_delete.json,C:\QM\repo\docs\ops\evidence\2026-08-31_4c0a5ae7_backup_retention_phase2_receipts_resume1\batch_0060_delete_exact_paths.jsonl.gz,4543,2026-08-31T15:20:37+00:00,IRRECOVERABLE_LOCAL,,C:\QM\repo\docs\ops\evidence\2026-09-05_m05_recovery\per_path_forensics.json
1d207268-0af6-4ad9-bd87-e957cb8beb1a,QM5_12918,USDCAD.DWX,Q05,PASS,D:\QM\reports\work_items\1d207268-0af6-4ad9-bd87-e957cb8beb1a\QM5_12918\Q05\USDCAD_DWX\aggregate.json,2026-09-01T02:20:02Z,2026-08-05T17:06:29.585479+00:00,1114,2026-08-31T15:20:34.918192+00:00,OWNER_BACKUP_RETENTION_PHASE2_DELETE_NONRETAINED,DELETE_VIA_QUARANTINE,DELETE_NONRETAINED,C:\QM\repo\docs\ops\evidence\2026-08-31_4c0a5ae7_backup_retention_phase2_receipts_resume1\batch_0060_delete.json,C:\QM\repo\docs\ops\evidence\2026-08-31_4c0a5ae7_backup_retention_phase2_receipts_resume1\batch_0060_delete_exact_paths.jsonl.gz,4572,2026-08-31T15:20:37+00:00,IRRECOVERABLE_LOCAL,,C:\QM\repo\docs\ops\evidence\2026-09-05_m05_recovery\per_path_forensics.json
22eb9bae-e796-4bc8-bd2f-42b85bb913bf,QM5_20297,XNGUSD.DWX,Q03,PASS,D:\QM\reports\work_items\22eb9bae-e796-4bc8-bd2f-42b85bb913bf\QM5_20297\20260813_155958\summary.json,2026-09-01T02:20:02Z,2026-08-13T16:02:21.534775+00:00,10150,2026-08-31T15:20:35.801995+00:00,OWNER_BACKUP_RETENTION_PHASE2_DELETE_NONRETAINED,DELETE_VIA_QUARANTINE,DELETE_NONRETAINED,C:\QM\repo\docs\ops\evidence\2026-08-31_4c0a5ae7_backup_retention_phase2_receipts_resume1\batch_0060_delete.json,C:\QM\repo\docs\ops\evidence\2026-08-31_4c0a5ae7_backup_retention_phase2_receipts_resume1\batch_0060_delete_exact_paths.jsonl.gz,4782,2026-08-31T15:20:37+00:00,IRRECOVERABLE_LOCAL,,C:\QM\repo\docs\ops\evidence\2026-09-05_m05_recovery\per_path_forensics.json
238aee95-e7f8-4a8b-98a5-7796c33b1e12,QM5_10590,XAUUSD.DWX,Q06,PASS,D:\QM\reports\work_items\238aee95-e7f8-4a8b-98a5-7796c33b1e12\QM5_10590\Q06\XAUUSD_DWX\aggregate.json,2026-09-01T02:20:02Z,2026-08-09T04:04:57.738674+00:00,1222,2026-08-31T15:20:35.907269+00:00,OWNER_BACKUP_RETENTION_PHASE2_DELETE_NONRETAINED,DELETE_VIA_QUARANTINE,DELETE_NONRETAINED,C:\QM\repo\docs\ops\evidence\2026-08-31_4c0a5ae7_backup_retention_phase2_receipts_resume1\batch_0060_delete.json,C:\QM\repo\docs\ops\evidence\2026-08-31_4c0a5ae7_backup_retention_phase2_receipts_resume1\batch_0060_delete_exact_paths.jsonl.gz,4807,2026-08-31T15:20:37+00:00,IRRECOVERABLE_LOCAL,,C:\QM\repo\docs\ops\evidence\2026-09-05_m05_recovery\per_path_forensics.json
28504443-4cd4-4aea-a340-fccf4d148119,QM5_41028,XTIUSD.DWX,Q03,PASS,D:\QM\reports\work_items\28504443-4cd4-4aea-a340-fccf4d148119\QM5_41028\20260816_213103\summary.json,2026-09-01T02:20:02Z,2026-08-16T21:32:43.024048+00:00,10081,2026-08-31T15:20:37.831290+00:00,OWNER_BACKUP_RETENTION_PHASE2_DELETE_NONRETAINED,DELETE_VIA_QUARANTINE,DELETE_NONRETAINED,C:\QM\repo\docs\ops\evidence\2026-08-31_4c0a5ae7_backup_retention_phase2_receipts_resume1\batch_0061_delete.json,C:\QM\repo\docs\ops\evidence\2026-08-31_4c0a5ae7_backup_retention_phase2_receipts_resume1\batch_0061_delete_exact_paths.jsonl.gz,15,2026-08-31T15:21:09+00:00,IRRECOVERABLE_LOCAL,,C:\QM\repo\docs\ops\evidence\2026-09-05_m05_recovery\per_path_forensics.json
2a8d7315-ce11-4160-9f25-f91d97265f12,QM5_11177,XAUUSD.DWX,Q03,PASS,D:\QM\reports\work_items\2a8d7315-ce11-4160-9f25-f91d97265f12\QM5_11177\20260808_234909\summary.json,2026-09-01T02:20:02Z,2026-08-08T23:52:40.314644+00:00,7531,2026-08-31T15:20:38.350641+00:00,OWNER_BACKUP_RETENTION_PHASE2_DELETE_NONRETAINED,DELETE_VIA_QUARANTINE,DELETE_NONRETAINED,C:\QM\repo\docs\ops\evidence\2026-08-31_4c0a5ae7_backup_retention_phase2_receipts_resume1\batch_0061_delete.json,C:\QM\repo\docs\ops\evidence\2026-08-31_4c0a5ae7_backup_retention_phase2_receipts_resume1\batch_0061_delete_exact_paths.jsonl.gz,157,2026-08-31T15:21:09+00:00,IRRECOVERABLE_LOCAL,,C:\QM\repo\docs\ops\evidence\2026-09-05_m05_recovery\per_path_forensics.json
2ac36af6-f3b4-42d3-9b4e-fcaec0fe000e,QM5_10590,XAUUSD.DWX,Q05,PASS,D:\QM\reports\work_items\2ac36af6-f3b4-42d3-9b4e-fcaec0fe000e\QM5_10590\Q05\XAUUSD_DWX\aggregate.json,2026-09-01T02:20:02Z,2026-08-09T01:50:34.976976+00:00,1109,2026-08-31T15:20:38.353649+00:00,OWNER_BACKUP_RETENTION_PHASE2_DELETE_NONRETAINED,DELETE_VIA_QUARANTINE,DELETE_NONRETAINED,C:\QM\repo\docs\ops\evidence\2026-08-31_4c0a5ae7_backup_retention_phase2_receipts_resume1\batch_0061_delete.json,C:\QM\repo\docs\ops\evidence\2026-08-31_4c0a5ae7_backup_retention_phase2_receipts_resume1\batch_0061_delete_exact_paths.jsonl.gz,161,2026-08-31T15:21:09+00:00,IRRECOVERABLE_LOCAL,,C:\QM\repo\docs\ops\evidence\2026-09-05_m05_recovery\per_path_forensics.json
2e87055c-b145-451a-9a89-cdda98f76f65,QM5_1287,AUDUSD.DWX,Q03,PASS,D:\QM\reports\work_items\2e87055c-b145-451a-9a89-cdda98f76f65\QM5_1287\20260810_232431\summary.json,2026-09-01T02:20:02Z,2026-08-10T23:28:22.798955+00:00,10310,2026-08-31T15:20:39.113127+00:00,OWNER_BACKUP_RETENTION_PHASE2_DELETE_NONRETAINED,DELETE_VIA_QUARANTINE,DELETE_NONRETAINED,C:\QM\repo\docs\ops\evidence\2026-08-31_4c0a5ae7_backup_retention_phase2_receipts_resume1\batch_0061_delete.json,C:\QM\repo\docs\ops\evidence\2026-08-31_4c0a5ae7_backup_retention_phase2_receipts_resume1\batch_0061_delete_exact_paths.jsonl.gz,310,2026-08-31T15:21:09+00:00,IRRECOVERABLE_LOCAL,,C:\QM\repo\docs\ops\evidence\2026-09-05_m05_recovery\per_path_forensics.json
2ead7b60-2f3e-480c-ab0f-5d101bf81464,QM5_10201,NDX.DWX,Q03,PASS,D:\QM\reports\work_items\2ead7b60-2f3e-480c-ab0f-5d101bf81464\QM5_10201\20260807_195148\summary.json,2026-09-01T02:20:02Z,2026-08-07T19:55:18.418248+00:00,9374,2026-08-31T15:20:39.199354+00:00,OWNER_BACKUP_RETENTION_PHASE2_DELETE_NONRETAINED,DELETE_VIA_QUARANTINE,DELETE_NONRETAINED,C:\QM\repo\docs\ops\evidence\2026-08-31_4c0a5ae7_backup_retention_phase2_receipts_resume1\batch_0061_delete.json,C:\QM\repo\docs\ops\evidence\2026-08-31_4c0a5ae7_backup_retention_phase2_receipts_resume1\batch_0061_delete_exact_paths.jsonl.gz,319,2026-08-31T15:21:09+00:00,IRRECOVERABLE_LOCAL,,C:\QM\repo\docs\ops\evidence\2026-09-05_m05_recovery\per_path_forensics.json
3468ad6d-b7b1-4b1d-a0bb-8379f136d338,QM5_10590,XAUUSD.DWX,Q03,PASS,D:\QM\reports\work_items\3468ad6d-b7b1-4b1d-a0bb-8379f136d338\QM5_10590\20260808_235500\summary.json,2026-09-01T02:20:02Z,2026-08-08T23:56:47.408181+00:00,7542,2026-08-31T15:20:40.167375+00:00,OWNER_BACKUP_RETENTION_PHASE2_DELETE_NONRETAINED,DELETE_VIA_QUARANTINE,DELETE_NONRETAINED,C:\QM\repo\docs\ops\evidence\2026-08-31_4c0a5ae7_backup_retention_phase2_receipts_resume1\batch_0061_delete.json,C:\QM\repo\docs\ops\evidence\2026-08-31_4c0a5ae7_backup_retention_phase2_receipts_resume1\batch_0061_delete_exact_paths.jsonl.gz,493,2026-08-31T15:21:09+00:00,IRRECOVERABLE_LOCAL,,C:\QM\repo\docs\ops\evidence\2026-09-05_m05_recovery\per_path_forensics.json
3b597143-37ab-4eb5-888d-4f8d32f1947f,QM5_20299,XNGUSD.DWX,Q03,FAIL,D:\QM\reports\work_items\3b597143-37ab-4eb5-888d-4f8d32f1947f\QM5_20299\20260813_152942\summary.json,2026-09-01T02:20:02Z,2026-08-13T15:32:36.909597+00:00,10077,2026-08-31T15:20:41.515517+00:00,OWNER_BACKUP_RETENTION_PHASE2_DELETE_NONRETAINED,DELETE_VIA_QUARANTINE,DELETE_NONRETAINED,C:\QM\repo\docs\ops\evidence\2026-08-31_4c0a5ae7_backup_retention_phase2_receipts_resume1\batch_0061_delete.json,C:\QM\repo\docs\ops\evidence\2026-08-31_4c0a5ae7_backup_retention_phase2_receipts_resume1\batch_0061_delete_exact_paths.jsonl.gz,766,2026-08-31T15:21:09+00:00,IRRECOVERABLE_LOCAL,,C:\QM\repo\docs\ops\evidence\2026-09-05_m05_recovery\per_path_forensics.json
3bd6b8df-4828-4982-8d1c-e0f16603ec1b,QM5_13061,XTIUSD.DWX,Q05,PASS,D:\QM\reports\work_items\3bd6b8df-4828-4982-8d1c-e0f16603ec1b\QM5_13061\Q05\XTIUSD_DWX\aggregate.json,2026-09-01T02:20:02Z,2026-08-15T22:45:06.734071+00:00,1116,2026-08-31T15:20:41.588707+00:00,OWNER_BACKUP_RETENTION_PHASE2_DELETE_NONRETAINED,DELETE_VIA_QUARANTINE,DELETE_NONRETAINED,C:\QM\repo\docs\ops\evidence\2026-08-31_4c0a5ae7_backup_retention_phase2_receipts_resume1\batch_0061_delete.json,C:\QM\repo\docs\ops\evidence\2026-08-31_4c0a5ae7_backup_retention_phase2_receipts_resume1\batch_0061_delete_exact_paths.jsonl.gz,785,2026-08-31T15:21:09+00:00,IRRECOVERABLE_LOCAL,,C:\QM\repo\docs\ops\evidence\2026-09-05_m05_recovery\per_path_forensics.json
3e056bbe-5345-40b4-91c6-2815c95cea66,QM5_20204,XNGUSD.DWX,Q03,PASS,D:\QM\reports\work_items\3e056bbe-5345-40b4-91c6-2815c95cea66\QM5_20204\20260802_230015\summary.json,2026-09-01T02:20:02Z,2026-08-02T23:05:29.855555+00:00,9325,2026-08-31T15:20:42.026847+00:00,OWNER_BACKUP_RETENTION_PHASE2_DELETE_NONRETAINED,DELETE_VIA_QUARANTINE,DELETE_NONRETAINED,C:\QM\repo\docs\ops\evidence\2026-08-31_4c0a5ae7_backup_retention_phase2_receipts_resume1\batch_0061_delete.json,C:\QM\repo\docs\ops\evidence\2026-08-31_4c0a5ae7_backup_retention_phase2_receipts_resume1\batch_0061_delete_exact_paths.jsonl.gz,873,2026-08-31T15:21:09+00:00,IRRECOVERABLE_LOCAL,,C:\QM\repo\docs\ops\evidence\2026-09-05_m05_recovery\per_path_forensics.json
3ec1b968-d62c-431c-8cc7-a0ec8e1ed663,QM5_21527,XTIUSD.DWX,Q03,PASS,D:\QM\reports\work_items\3ec1b968-d62c-431c-8cc7-a0ec8e1ed663\QM5_21527\20260815_222241\summary.json,2026-09-01T02:20:02Z,2026-08-15T22:24:29.586627+00:00,10111,2026-08-31T15:20:42.075975+00:00,OWNER_BACKUP_RETENTION_PHASE2_DELETE_NONRETAINED,DELETE_VIA_QUARANTINE,DELETE_NONRETAINED,C:\QM\repo\docs\ops\evidence\2026-08-31_4c0a5ae7_backup_retention_phase2_receipts_resume1\batch_0061_delete.json,C:\QM\repo\docs\ops\evidence\2026-08-31_4c0a5ae7_backup_retention_phase2_receipts_resume1\batch_0061_delete_exact_paths.jsonl.gz,886,2026-08-31T15:21:09+00:00,IRRECOVERABLE_LOCAL,,C:\QM\repo\docs\ops\evidence\2026-09-05_m05_recovery\per_path_forensics.json
40ae2243-b38c-4832-9ae7-05267f070086,QM5_10203,EURUSD.DWX,Q03,PASS,D:\QM\reports\work_items\40ae2243-b38c-4832-9ae7-05267f070086\QM5_10203\20260808_233020\summary.json,2026-09-01T02:20:02Z,2026-08-08T23:32:52.238815+00:00,9444,2026-08-31T15:20:42.383776+00:00,OWNER_BACKUP_RETENTION_PHASE2_DELETE_NONRETAINED,DELETE_VIA_QUARANTINE,DELETE_NONRETAINED,C:\QM\repo\docs\ops\evidence\2026-08-31_4c0a5ae7_backup_retention_phase2_receipts_resume1\batch_0061_delete.json,C:\QM\repo\docs\ops\evidence\2026-08-31_4c0a5ae7_backup_retention_phase2_receipts_resume1\batch_0061_delete_exact_paths.jsonl.gz,957,2026-08-31T15:21:09+00:00,IRRECOVERABLE_LOCAL,,C:\QM\repo\docs\ops\evidence\2026-09-05_m05_recovery\per_path_forensics.json
413d65a2-b9cc-4a0e-b0cc-e2d768987a1d,QM5_10228,NDX.DWX,Q04,FAIL,D:\QM\reports\pipeline\QM5_10228\Q04\NDX.DWX__413d65a2-b9cc-4a0e-b0cc-e2d768987a1d\aggregate.json,2026-09-01T02:20:02Z,2026-07-31T22:15:21.771439+00:00,7839,2026-08-31T02:23:44.957372+00:00,DL090_REPORT_RETENTION_QUARANTINE,QUARANTINED,AGE_OUT_NON_PASS,D:\QM\reports\state\report_retention.log,D:\QM\reports\_retention_quarantine\20260831T022001Z\pipeline\QM5_10228\Q04\NDX.DWX__413d65a2-b9cc-4a0e-b0cc-e2d768987a1d\aggregate.json,72,2026-08-31T02:23:46+00:00,RECOVERABLE_D_QUARANTINE,D:\QM\reports\_retention_quarantine\20260831T022001Z\pipeline\QM5_10228\Q04\NDX.DWX__413d65a2-b9cc-4a0e-b0cc-e2d768987a1d\aggregate.json,D:\QM\reports\_retention_quarantine\20260831T022001Z\pipeline\QM5_10228\Q04\NDX.DWX__413d65a2-b9cc-4a0e-b0cc-e2d768987a1d\aggregate.json
46f9c2a3-ae2e-4db0-8186-a7baf72709db,QM5_20082,AUDUSD.DWX,Q05,PASS,D:\QM\reports\work_items\46f9c2a3-ae2e-4db0-8186-a7baf72709db\QM5_20082\Q05\AUDUSD_DWX\aggregate.json,2026-09-01T02:20:02Z,2026-08-16T21:06:25.579676+00:00,1101,2026-08-31T15:20:43.347789+00:00,OWNER_BACKUP_RETENTION_PHASE2_DELETE_NONRETAINED,DELETE_VIA_QUARANTINE,DELETE_NONRETAINED,C:\QM\repo\docs\ops\evidence\2026-08-31_4c0a5ae7_backup_retention_phase2_receipts_resume1\batch_0061_delete.json,C:\QM\repo\docs\ops\evidence\2026-08-31_4c0a5ae7_backup_retention_phase2_receipts_resume1\batch_0061_delete_exact_paths.jsonl.gz,1159,2026-08-31T15:21:09+00:00,IRRECOVERABLE_LOCAL,,C:\QM\repo\docs\ops\evidence\2026-09-05_m05_recovery\per_path_forensics.json
4acff9b5-524c-40fb-ac81-64d99db497ec,QM5_11392,GBPUSD.DWX,Q03,PASS,D:\QM\reports\work_items\4acff9b5-524c-40fb-ac81-64d99db497ec\QM5_11392\20260807_204104\summary.json,2026-09-01T02:20:02Z,2026-08-07T20:43:29.848375+00:00,9658,2026-08-31T15:20:44.069170+00:00,OWNER_BACKUP_RETENTION_PHASE2_DELETE_NONRETAINED,DELETE_VIA_QUARANTINE,DELETE_NONRETAINED,C:\QM\repo\docs\ops\evidence\2026-08-31_4c0a5ae7_backup_retention_phase2_receipts_resume1\batch_0061_delete.json,C:\QM\repo\docs\ops\evidence\2026-08-31_4c0a5ae7_backup_retention_phase2_receipts_resume1\batch_0061_delete_exact_paths.jsonl.gz,1373,2026-08-31T15:21:09+00:00,IRRECOVERABLE_LOCAL,,C:\QM\repo\docs\ops\evidence\2026-09-05_m05_recovery\per_path_forensics.json
4dab9ede-095c-4309-85a9-5bc87f6e5a80,QM5_9912,SP500.DWX,Q07,FAIL,D:\QM\reports\work_items\4dab9ede-095c-4309-85a9-5bc87f6e5a80\QM5_9912\Q07\SP500_DWX\aggregate.json,2026-09-01T02:20:02Z,2026-08-04T22:50:28.081597+00:00,4064,2026-08-31T15:20:44.416574+00:00,OWNER_BACKUP_RETENTION_PHASE2_DELETE_NONRETAINED,DELETE_VIA_QUARANTINE,DELETE_NONRETAINED,C:\QM\repo\docs\ops\evidence\2026-08-31_4c0a5ae7_backup_retention_phase2_receipts_resume1\batch_0061_delete.json,C:\QM\repo\docs\ops\evidence\2026-08-31_4c0a5ae7_backup_retention_phase2_receipts_resume1\batch_0061_delete_exact_paths.jsonl.gz,1479,2026-08-31T15:21:09+00:00,IRRECOVERABLE_LOCAL,,C:\QM\repo\docs\ops\evidence\2026-09-05_m05_recovery\per_path_forensics.json
55e05a5f-0e06-41d0-8037-f3cd1d3b135d,QM5_10099,EURUSD.DWX,Q03,PASS,D:\QM\reports\work_items\55e05a5f-0e06-41d0-8037-f3cd1d3b135d\QM5_10099\20260808_231748\summary.json,2026-09-01T02:20:02Z,2026-08-08T23:20:05.659544+00:00,9292,2026-08-31T15:20:45.831129+00:00,OWNER_BACKUP_RETENTION_PHASE2_DELETE_NONRETAINED,DELETE_VIA_QUARANTINE,DELETE_NONRETAINED,C:\QM\repo\docs\ops\evidence\2026-08-31_4c0a5ae7_backup_retention_phase2_receipts_resume1\batch_0061_delete.json,C:\QM\repo\docs\ops\evidence\2026-08-31_4c0a5ae7_backup_retention_phase2_receipts_resume1\batch_0061_delete_exact_paths.jsonl.gz,1762,2026-08-31T15:21:09+00:00,IRRECOVERABLE_LOCAL,,C:\QM\repo\docs\ops\evidence\2026-09-05_m05_recovery\per_path_forensics.json
58f6c917-f82c-4991-9bf6-7c855c585cad,QM5_11169,XAUUSD.DWX,Q06,PASS,D:\QM\reports\work_items\58f6c917-f82c-4991-9bf6-7c855c585cad\QM5_11169\Q06\XAUUSD_DWX\aggregate.json,2026-09-01T02:20:02Z,2026-08-04T23:00:42.354013+00:00,1228,2026-08-31T15:20:46.755117+00:00,OWNER_BACKUP_RETENTION_PHASE2_DELETE_NONRETAINED,DELETE_VIA_QUARANTINE,DELETE_NONRETAINED,C:\QM\repo\docs\ops\evidence\2026-08-31_4c0a5ae7_backup_retention_phase2_receipts_resume1\batch_0061_delete.json,C:\QM\repo\docs\ops\evidence\2026-08-31_4c0a5ae7_backup_retention_phase2_receipts_resume1\batch_0061_delete_exact_paths.jsonl.gz,1912,2026-08-31T15:21:09+00:00,IRRECOVERABLE_LOCAL,,C:\QM\repo\docs\ops\evidence\2026-09-05_m05_recovery\per_path_forensics.json
5a1961e4-6372-4910-a99e-61efffe1a9e4,QM5_11298,USDJPY.DWX,Q03,PASS,D:\QM\reports\work_items\5a1961e4-6372-4910-a99e-61efffe1a9e4\QM5_11298\20260808_192536\summary.json,2026-09-01T02:20:02Z,2026-08-08T19:31:28.319073+00:00,10126,2026-08-31T15:20:46.954636+00:00,OWNER_BACKUP_RETENTION_PHASE2_DELETE_NONRETAINED,DELETE_VIA_QUARANTINE,DELETE_NONRETAINED,C:\QM\repo\docs\ops\evidence\2026-08-31_4c0a5ae7_backup_retention_phase2_receipts_resume1\batch_0061_delete.json,C:\QM\repo\docs\ops\evidence\2026-08-31_4c0a5ae7_backup_retention_phase2_receipts_resume1\batch_0061_delete_exact_paths.jsonl.gz,1948,2026-08-31T15:21:09+00:00,IRRECOVERABLE_LOCAL,,C:\QM\repo\docs\ops\evidence\2026-09-05_m05_recovery\per_path_forensics.json
5c26a7fe-57ac-4292-a7b8-15d8a0451588,QM5_1287,NDX.DWX,Q03,PASS,D:\QM\reports\work_items\5c26a7fe-57ac-4292-a7b8-15d8a0451588\QM5_1287\20260810_233345\summary.json,2026-09-01T02:20:02Z,2026-08-10T23:37:48.959677+00:00,10289,2026-08-31T15:20:47.732665+00:00,OWNER_BACKUP_RETENTION_PHASE2_DELETE_NONRETAINED,DELETE_VIA_QUARANTINE,DELETE_NONRETAINED,C:\QM\repo\docs\ops\evidence\2026-08-31_4c0a5ae7_backup_retention_phase2_receipts_resume1\batch_0061_delete.json,C:\QM\repo\docs\ops\evidence\2026-08-31_4c0a5ae7_backup_retention_phase2_receipts_resume1\batch_0061_delete_exact_paths.jsonl.gz,2055,2026-08-31T15:21:09+00:00,IRRECOVERABLE_LOCAL,,C:\QM\repo\docs\ops\evidence\2026-09-05_m05_recovery\per_path_forensics.json
5c90705d-ab26-4ff1-b041-9d077dc62583,QM5_12784,XTIUSD.DWX,Q04,FAIL,D:\QM\reports\pipeline\QM5_12784\Q04\XTIUSD.DWX__5c90705d-ab26-4ff1-b041-9d077dc62583\aggregate.json,2026-09-01T02:20:02Z,2026-07-31T23:32:54.280735+00:00,7642,2026-08-31T02:23:45.082698+00:00,DL090_REPORT_RETENTION_QUARANTINE,QUARANTINED,AGE_OUT_NON_PASS,D:\QM\reports\state\report_retention.log,D:\QM\reports\_retention_quarantine\20260831T022001Z\pipeline\QM5_12784\Q04\XTIUSD.DWX__5c90705d-ab26-4ff1-b041-9d077dc62583\aggregate.json,72,2026-08-31T02:23:46+00:00,RECOVERABLE_D_QUARANTINE,D:\QM\reports\_retention_quarantine\20260831T022001Z\pipeline\QM5_12784\Q04\XTIUSD.DWX__5c90705d-ab26-4ff1-b041-9d077dc62583\aggregate.json,D:\QM\reports\_retention_quarantine\20260831T022001Z\pipeline\QM5_12784\Q04\XTIUSD.DWX__5c90705d-ab26-4ff1-b041-9d077dc62583\aggregate.json
5f3d6d60-2b7f-4da8-ac3b-e22c4d6faef5,QM5_11177,XAUUSD.DWX,Q08,FAIL_HARD,D:\QM\reports\work_items\5f3d6d60-2b7f-4da8-ac3b-e22c4d6faef5\QM5_11177\Q08\XAUUSD_DWX\aggregate.json,2026-09-01T02:20:02Z,2026-08-12T20:17:50.397352+00:00,13532,2026-08-31T15:20:47.999359+00:00,OWNER_BACKUP_RETENTION_PHASE2_DELETE_NONRETAINED,DELETE_VIA_QUARANTINE,DELETE_NONRETAINED,C:\QM\repo\docs\ops\evidence\2026-08-31_4c0a5ae7_backup_retention_phase2_receipts_resume1\batch_0061_delete.json,C:\QM\repo\docs\ops\evidence\2026-08-31_4c0a5ae7_backup_retention_phase2_receipts_resume1\batch_0061_delete_exact_paths.jsonl.gz,2109,2026-08-31T15:21:09+00:00,IRRECOVERABLE_LOCAL,,C:\QM\repo\docs\ops\evidence\2026-09-05_m05_recovery\per_path_forensics.json
6037af9d-de74-4532-8ca8-824aaab94264,QM5_9912,SP500.DWX,Q03,PASS,D:\QM\reports\work_items\6037af9d-de74-4532-8ca8-824aaab94264\QM5_9912\20260804_212507\summary.json,2026-09-01T02:20:02Z,2026-08-04T21:27:32.611592+00:00,9721,2026-08-31T15:20:48.198378+00:00,OWNER_BACKUP_RETENTION_PHASE2_DELETE_NONRETAINED,DELETE_VIA_QUARANTINE,DELETE_NONRETAINED,C:\QM\repo\docs\ops\evidence\2026-08-31_4c0a5ae7_backup_retention_phase2_receipts_resume1\batch_0061_delete.json,C:\QM\repo\docs\ops\evidence\2026-08-31_4c0a5ae7_backup_retention_phase2_receipts_resume1\batch_0061_delete_exact_paths.jsonl.gz,2142,2026-08-31T15:21:09+00:00,IRRECOVERABLE_LOCAL,,C:\QM\repo\docs\ops\evidence\2026-09-05_m05_recovery\per_path_forensics.json
65c80cc5-271b-44dd-bda2-3e533e2e905b,QM5_20231,XTIUSD.DWX,Q03,PASS,D:\QM\reports\work_items\65c80cc5-271b-44dd-bda2-3e533e2e905b\QM5_20231\20260805_212900\summary.json,2026-09-01T02:20:02Z,2026-08-05T21:30:54.257169+00:00,8651,2026-08-31T15:20:49.148853+00:00,OWNER_BACKUP_RETENTION_PHASE2_DELETE_NONRETAINED,DELETE_VIA_QUARANTINE,DELETE_NONRETAINED,C:\QM\repo\docs\ops\evidence\2026-08-31_4c0a5ae7_backup_retention_phase2_receipts_resume1\batch_0061_delete.json,C:\QM\repo\docs\ops\evidence\2026-08-31_4c0a5ae7_backup_retention_phase2_receipts_resume1\batch_0061_delete_exact_paths.jsonl.gz,2308,2026-08-31T15:21:09+00:00,IRRECOVERABLE_LOCAL,,C:\QM\repo\docs\ops\evidence\2026-09-05_m05_recovery\per_path_forensics.json
66cad5cd-d6cf-4e9a-be5f-2246d3400236,QM5_20085,GBPUSD.DWX,Q03,PASS,D:\QM\reports\work_items\66cad5cd-d6cf-4e9a-be5f-2246d3400236\QM5_20085\20260816_215013\summary.json,2026-09-01T02:20:02Z,2026-08-16T22:05:56.467633+00:00,10699,2026-08-31T15:20:49.322805+00:00,OWNER_BACKUP_RETENTION_PHASE2_DELETE_NONRETAINED,DELETE_VIA_QUARANTINE,DELETE_NONRETAINED,C:\QM\repo\docs\ops\evidence\2026-08-31_4c0a5ae7_backup_retention_phase2_receipts_resume1\batch_0061_delete.json,C:\QM\repo\docs\ops\evidence\2026-08-31_4c0a5ae7_backup_retention_phase2_receipts_resume1\batch_0061_delete_exact_paths.jsonl.gz,2343,2026-08-31T15:21:09+00:00,IRRECOVERABLE_LOCAL,,C:\QM\repo\docs\ops\evidence\2026-09-05_m05_recovery\per_path_forensics.json
699076c4-dad6-4424-bd2d-22db89de10ff,QM5_9257,NDX.DWX,Q05,FAIL,D:\QM\reports\work_items\699076c4-dad6-4424-bd2d-22db89de10ff\QM5_9257\Q05\NDX_DWX\aggregate.json,2026-09-01T02:20:02Z,2026-08-07T20:02:05.010517+00:00,1120,2026-08-31T15:20:50.182212+00:00,OWNER_BACKUP_RETENTION_PHASE2_DELETE_NONRETAINED,DELETE_VIA_QUARANTINE,DELETE_NONRETAINED,C:\QM\repo\docs\ops\evidence\2026-08-31_4c0a5ae7_backup_retention_phase2_receipts_resume1\batch_0061_delete.json,C:\QM\repo\docs\ops\evidence\2026-08-31_4c0a5ae7_backup_retention_phase2_receipts_resume1\batch_0061_delete_exact_paths.jsonl.gz,2490,2026-08-31T15:21:09+00:00,IRRECOVERABLE_LOCAL,,C:\QM\repo\docs\ops\evidence\2026-09-05_m05_recovery\per_path_forensics.json
69bd3e01-61b6-46a7-8dcb-adbab7c1a790,QM5_20144,EURUSD.DWX,Q04,FAIL,D:\QM\reports\pipeline\QM5_20144\Q04\EURUSD.DWX__69bd3e01-61b6-46a7-8dcb-adbab7c1a790\aggregate.json,2026-09-01T02:20:02Z,2026-07-31T23:30:56.840523+00:00,7860,2026-08-31T02:23:45.248128+00:00,DL090_REPORT_RETENTION_QUARANTINE,QUARANTINED,AGE_OUT_NON_PASS,D:\QM\reports\state\report_retention.log,D:\QM\reports\_retention_quarantine\20260831T022001Z\pipeline\QM5_20144\Q04\EURUSD.DWX__69bd3e01-61b6-46a7-8dcb-adbab7c1a790\aggregate.json,72,2026-08-31T02:23:46+00:00,RECOVERABLE_D_QUARANTINE,D:\QM\reports\_retention_quarantine\20260831T022001Z\pipeline\QM5_20144\Q04\EURUSD.DWX__69bd3e01-61b6-46a7-8dcb-adbab7c1a790\aggregate.json,D:\QM\reports\_retention_quarantine\20260831T022001Z\pipeline\QM5_20144\Q04\EURUSD.DWX__69bd3e01-61b6-46a7-8dcb-adbab7c1a790\aggregate.json
6e665ae6-03a3-4727-aff9-123322c23471,QM5_10590,XAUUSD.DWX,Q03,PASS,D:\QM\reports\work_items\6e665ae6-03a3-4727-aff9-123322c23471\QM5_10590\20260808_235254\summary.json,2026-09-01T02:20:02Z,2026-08-08T23:54:47.450917+00:00,7539,2026-08-31T15:20:51.209387+00:00,OWNER_BACKUP_RETENTION_PHASE2_DELETE_NONRETAINED,DELETE_VIA_QUARANTINE,DELETE_NONRETAINED,C:\QM\repo\docs\ops\evidence\2026-08-31_4c0a5ae7_backup_retention_phase2_receipts_resume1\batch_0061_delete.json,C:\QM\repo\docs\ops\evidence\2026-08-31_4c0a5ae7_backup_retention_phase2_receipts_resume1\batch_0061_delete_exact_paths.jsonl.gz,2666,2026-08-31T15:21:09+00:00,IRRECOVERABLE_LOCAL,,C:\QM\repo\docs\ops\evidence\2026-09-05_m05_recovery\per_path_forensics.json
7607aaa2-9957-427e-9639-18d171d04f9b,QM5_11177,XAUUSD.DWX,Q06,PASS,D:\QM\reports\work_items\7607aaa2-9957-427e-9639-18d171d04f9b\QM5_11177\Q06\XAUUSD_DWX\aggregate.json,2026-09-01T02:20:02Z,2026-08-09T01:40:48.330080+00:00,1218,2026-08-31T15:20:52.999047+00:00,OWNER_BACKUP_RETENTION_PHASE2_DELETE_NONRETAINED,DELETE_VIA_QUARANTINE,DELETE_NONRETAINED,C:\QM\repo\docs\ops\evidence\2026-08-31_4c0a5ae7_backup_retention_phase2_receipts_resume1\batch_0061_delete.json,C:\QM\repo\docs\ops\evidence\2026-08-31_4c0a5ae7_backup_retention_phase2_receipts_resume1\batch_0061_delete_exact_paths.jsonl.gz,2944,2026-08-31T15:21:09+00:00,IRRECOVERABLE_LOCAL,,C:\QM\repo\docs\ops\evidence\2026-09-05_m05_recovery\per_path_forensics.json
7be7dd45-3881-4c5c-9e2e-59786fca60a7,QM5_20295,XTIUSD.DWX,Q03,PASS,D:\QM\reports\work_items\7be7dd45-3881-4c5c-9e2e-59786fca60a7\QM5_20295\20260813_161158\summary.json,2026-09-01T02:20:02Z,2026-08-13T16:15:35.229223+00:00,10083,2026-08-31T15:20:54.530541+00:00,OWNER_BACKUP_RETENTION_PHASE2_DELETE_NONRETAINED,DELETE_VIA_QUARANTINE,DELETE_NONRETAINED,C:\QM\repo\docs\ops\evidence\2026-08-31_4c0a5ae7_backup_retention_phase2_receipts_resume1\batch_0061_delete.json,C:\QM\repo\docs\ops\evidence\2026-08-31_4c0a5ae7_backup_retention_phase2_receipts_resume1\batch_0061_delete_exact_paths.jsonl.gz,3159,2026-08-31T15:21:09+00:00,IRRECOVERABLE_LOCAL,,C:\QM\repo\docs\ops\evidence\2026-09-05_m05_recovery\per_path_forensics.json
7f97c304-1463-4428-be54-96ceb0a3389a,QM5_11177,XAUUSD.DWX,Q07,PASS,D:\QM\reports\work_items\7f97c304-1463-4428-be54-96ceb0a3389a\QM5_11177\Q07\XAUUSD_DWX\aggregate.json,2026-09-01T02:20:02Z,2026-08-11T20:16:33.489322+00:00,4082,2026-08-31T15:20:55.222845+00:00,OWNER_BACKUP_RETENTION_PHASE2_DELETE_NONRETAINED,DELETE_VIA_QUARANTINE,DELETE_NONRETAINED,C:\QM\repo\docs\ops\evidence\2026-08-31_4c0a5ae7_backup_retention_phase2_receipts_resume1\batch_0061_delete.json,C:\QM\repo\docs\ops\evidence\2026-08-31_4c0a5ae7_backup_retention_phase2_receipts_resume1\batch_0061_delete_exact_paths.jsonl.gz,3259,2026-08-31T15:21:09+00:00,IRRECOVERABLE_LOCAL,,C:\QM\repo\docs\ops\evidence\2026-09-05_m05_recovery\per_path_forensics.json
8a179030-5b28-444b-ae9c-80df5ad8f8ee,QM5_20264,XTIUSD.DWX,Q05,PASS,D:\QM\reports\work_items\8a179030-5b28-444b-ae9c-80df5ad8f8ee\QM5_20264\Q05\XTIUSD_DWX\aggregate.json,2026-09-01T02:20:02Z,2026-08-07T21:50:10.911064+00:00,1102,2026-08-31T15:20:58.925996+00:00,OWNER_BACKUP_RETENTION_PHASE2_DELETE_NONRETAINED,DELETE_VIA_QUARANTINE,DELETE_NONRETAINED,C:\QM\repo\docs\ops\evidence\2026-08-31_4c0a5ae7_backup_retention_phase2_receipts_resume1\batch_0061_delete.json,C:\QM\repo\docs\ops\evidence\2026-08-31_4c0a5ae7_backup_retention_phase2_receipts_resume1\batch_0061_delete_exact_paths.jsonl.gz,3735,2026-08-31T15:21:09+00:00,IRRECOVERABLE_LOCAL,,C:\QM\repo\docs\ops\evidence\2026-09-05_m05_recovery\per_path_forensics.json
98d333b9-4914-4ef5-b59a-2bb9f492447e,QM5_9912,SP500.DWX,Q06,PASS,D:\QM\reports\work_items\98d333b9-4914-4ef5-b59a-2bb9f492447e\QM5_9912\Q06\SP500_DWX\aggregate.json,2026-09-01T02:20:02Z,2026-08-04T21:50:09.346550+00:00,1212,2026-08-31T15:21:00.751249+00:00,OWNER_BACKUP_RETENTION_PHASE2_DELETE_NONRETAINED,DELETE_VIA_QUARANTINE,DELETE_NONRETAINED,C:\QM\repo\docs\ops\evidence\2026-08-31_4c0a5ae7_backup_retention_phase2_receipts_resume1\batch_0061_delete.json,C:\QM\repo\docs\ops\evidence\2026-08-31_4c0a5ae7_backup_retention_phase2_receipts_resume1\batch_0061_delete_exact_paths.jsonl.gz,4105,2026-08-31T15:21:09+00:00,IRRECOVERABLE_LOCAL,,C:\QM\repo\docs\ops\evidence\2026-09-05_m05_recovery\per_path_forensics.json
9c447ec4-e756-403c-a25a-03d0f61e14c3,QM5_10590,XAUUSD.DWX,Q08,FAIL_HARD,D:\QM\reports\work_items\9c447ec4-e756-403c-a25a-03d0f61e14c3\QM5_10590\Q08\XAUUSD_DWX\aggregate.json,2026-09-01T02:20:02Z,2026-08-09T20:22:17.447683+00:00,13558,2026-08-31T15:21:01.369244+00:00,OWNER_BACKUP_RETENTION_PHASE2_DELETE_NONRETAINED,DELETE_VIA_QUARANTINE,DELETE_NONRETAINED,C:\QM\repo\docs\ops\evidence\2026-08-31_4c0a5ae7_backup_retention_phase2_receipts_resume1\batch_0061_delete.json,C:\QM\repo\docs\ops\evidence\2026-08-31_4c0a5ae7_backup_retention_phase2_receipts_resume1\batch_0061_delete_exact_paths.jsonl.gz,4253,2026-08-31T15:21:09+00:00,IRRECOVERABLE_LOCAL,,C:\QM\repo\docs\ops\evidence\2026-09-05_m05_recovery\per_path_forensics.json
9e8962b2-8c03-4a64-a39f-f1676249716c,QM5_41024,XTIUSD.DWX,Q03,PASS,D:\QM\reports\work_items\9e8962b2-8c03-4a64-a39f-f1676249716c\QM5_41024\20260816_212908\summary.json,2026-09-01T02:20:02Z,2026-08-16T21:31:15.539182+00:00,10067,2026-08-31T15:21:01.694088+00:00,OWNER_BACKUP_RETENTION_PHASE2_DELETE_NONRETAINED,DELETE_VIA_QUARANTINE,DELETE_NONRETAINED,C:\QM\repo\docs\ops\evidence\2026-08-31_4c0a5ae7_backup_retention_phase2_receipts_resume1\batch_0061_delete.json,C:\QM\repo\docs\ops\evidence\2026-08-31_4c0a5ae7_backup_retention_phase2_receipts_resume1\batch_0061_delete_exact_paths.jsonl.gz,4321,2026-08-31T15:21:09+00:00,IRRECOVERABLE_LOCAL,,C:\QM\repo\docs\ops\evidence\2026-09-05_m05_recovery\per_path_forensics.json
a20349ae-d7bd-496e-9cfc-905194d2537f,QM5_10778,XAUUSD.DWX,Q03,PASS,D:\QM\reports\work_items\a20349ae-d7bd-496e-9cfc-905194d2537f\QM5_10778\20260809_212937\summary.json,2026-09-01T02:20:02Z,2026-08-09T21:31:49.135431+00:00,7476,2026-08-31T15:21:02.245022+00:00,OWNER_BACKUP_RETENTION_PHASE2_DELETE_NONRETAINED,DELETE_VIA_QUARANTINE,DELETE_NONRETAINED,C:\QM\repo\docs\ops\evidence\2026-08-31_4c0a5ae7_backup_retention_phase2_receipts_resume1\batch_0061_delete.json,C:\QM\repo\docs\ops\evidence\2026-08-31_4c0a5ae7_backup_retention_phase2_receipts_resume1\batch_0061_delete_exact_paths.jsonl.gz,4440,2026-08-31T15:21:09+00:00,IRRECOVERABLE_LOCAL,,C:\QM\repo\docs\ops\evidence\2026-09-05_m05_recovery\per_path_forensics.json
a2b5f6e2-1e61-44a8-8a20-73e732f2f966,QM5_12486,EURUSD.DWX,Q03,PASS,D:\QM\reports\work_items\a2b5f6e2-1e61-44a8-8a20-73e732f2f966\QM5_12486\20260811_224646\summary.json,2026-09-01T02:20:02Z,2026-08-11T22:51:05.703916+00:00,10158,2026-08-31T15:21:02.316209+00:00,OWNER_BACKUP_RETENTION_PHASE2_DELETE_NONRETAINED,DELETE_VIA_QUARANTINE,DELETE_NONRETAINED,C:\QM\repo\docs\ops\evidence\2026-08-31_4c0a5ae7_backup_retention_phase2_receipts_resume1\batch_0061_delete.json,C:\QM\repo\docs\ops\evidence\2026-08-31_4c0a5ae7_backup_retention_phase2_receipts_resume1\batch_0061_delete_exact_paths.jsonl.gz,4459,2026-08-31T15:21:09+00:00,IRRECOVERABLE_LOCAL,,C:\QM\repo\docs\ops\evidence\2026-09-05_m05_recovery\per_path_forensics.json
ab23177b-ccb6-45b8-98fc-f05a2731371d,QM5_20280,XTIUSD.DWX,Q03,PASS,D:\QM\reports\work_items\ab23177b-ccb6-45b8-98fc-f05a2731371d\QM5_20280\20260811_232346\summary.json,2026-09-01T02:20:02Z,2026-08-11T23:27:01.009071+00:00,10051,2026-08-31T15:21:04.077297+00:00,OWNER_BACKUP_RETENTION_PHASE2_DELETE_NONRETAINED,DELETE_VIA_QUARANTINE,DELETE_NONRETAINED,C:\QM\repo\docs\ops\evidence\2026-08-31_4c0a5ae7_backup_retention_phase2_receipts_resume1\batch_0061_delete.json,C:\QM\repo\docs\ops\evidence\2026-08-31_4c0a5ae7_backup_retention_phase2_receipts_resume1\batch_0061_delete_exact_paths.jsonl.gz,4767,2026-08-31T15:21:09+00:00,IRRECOVERABLE_LOCAL,,C:\QM\repo\docs\ops\evidence\2026-09-05_m05_recovery\per_path_forensics.json
aff01074-1dcb-4ea4-9a09-021f8e94fd54,QM5_20082,USDCAD.DWX,Q05,FAIL,D:\QM\reports\work_items\aff01074-1dcb-4ea4-9a09-021f8e94fd54\QM5_20082\Q05\USDCAD_DWX\aggregate.json,2026-09-01T02:20:02Z,2026-08-16T23:38:53.488870+00:00,1120,2026-08-31T15:21:04.677360+00:00,OWNER_BACKUP_RETENTION_PHASE2_DELETE_NONRETAINED,DELETE_VIA_QUARANTINE,DELETE_NONRETAINED,C:\QM\repo\docs\ops\evidence\2026-08-31_4c0a5ae7_backup_retention_phase2_receipts_resume1\batch_0061_delete.json,C:\QM\repo\docs\ops\evidence\2026-08-31_4c0a5ae7_backup_retention_phase2_receipts_resume1\batch_0061_delete_exact_paths.jsonl.gz,4890,2026-08-31T15:21:09+00:00,IRRECOVERABLE_LOCAL,,C:\QM\repo\docs\ops\evidence\2026-09-05_m05_recovery\per_path_forensics.json
b2517e88-d797-4fec-9be0-21ae63f03152,QM5_10590,XAUUSD.DWX,Q05,PASS,D:\QM\reports\work_items\b2517e88-d797-4fec-9be0-21ae63f03152\QM5_10590\Q05\XAUUSD_DWX\aggregate.json,2026-09-01T02:20:02Z,2026-08-09T03:45:10.330684+00:00,1119,2026-08-31T15:21:04.948064+00:00,OWNER_BACKUP_RETENTION_PHASE2_DELETE_NONRETAINED,DELETE_VIA_QUARANTINE,DELETE_NONRETAINED,C:\QM\repo\docs\ops\evidence\2026-08-31_4c0a5ae7_backup_retention_phase2_receipts_resume1\batch_0061_delete.json,C:\QM\repo\docs\ops\evidence\2026-08-31_4c0a5ae7_backup_retention_phase2_receipts_resume1\batch_0061_delete_exact_paths.jsonl.gz,4947,2026-08-31T15:21:09+00:00,IRRECOVERABLE_LOCAL,,C:\QM\repo\docs\ops\evidence\2026-09-05_m05_recovery\per_path_forensics.json
b31c070b-6179-4393-986d-2f2a2a832729,QM5_11564,USDJPY.DWX,Q03,FAIL,D:\QM\reports\work_items\b31c070b-6179-4393-986d-2f2a2a832729\QM5_11564\20260804_234539\summary.json,2026-09-01T02:20:02Z,2026-08-04T23:48:39.195550+00:00,8847,2026-08-31T15:21:05.008221+00:00,OWNER_BACKUP_RETENTION_PHASE2_DELETE_NONRETAINED,DELETE_VIA_QUARANTINE,DELETE_NONRETAINED,C:\QM\repo\docs\ops\evidence\2026-08-31_4c0a5ae7_backup_retention_phase2_receipts_resume1\batch_0061_delete.json,C:\QM\repo\docs\ops\evidence\2026-08-31_4c0a5ae7_backup_retention_phase2_receipts_resume1\batch_0061_delete_exact_paths.jsonl.gz,4966,2026-08-31T15:21:09+00:00,IRRECOVERABLE_LOCAL,,C:\QM\repo\docs\ops\evidence\2026-09-05_m05_recovery\per_path_forensics.json
b37c01d6-3762-4f7d-9463-0272d444c007,QM5_1116,EURJPY.DWX,Q07,FAIL,D:\QM\reports\work_items\b37c01d6-3762-4f7d-9463-0272d444c007\QM5_1116\Q07\EURJPY_DWX\aggregate.json,2026-09-01T02:20:02Z,2026-08-17T12:32:06.154949+00:00,3974,2026-08-31T15:21:05.094445+00:00,OWNER_BACKUP_RETENTION_PHASE2_DELETE_NONRETAINED,DELETE_VIA_QUARANTINE,DELETE_NONRETAINED,C:\QM\repo\docs\ops\evidence\2026-08-31_4c0a5ae7_backup_retention_phase2_receipts_resume1\batch_0061_delete.json,C:\QM\repo\docs\ops\evidence\2026-08-31_4c0a5ae7_backup_retention_phase2_receipts_resume1\batch_0061_delete_exact_paths.jsonl.gz,4994,2026-08-31T15:21:09+00:00,IRRECOVERABLE_LOCAL,,C:\QM\repo\docs\ops\evidence\2026-09-05_m05_recovery\per_path_forensics.json
b687ee5f-f5ee-4b3b-af8f-4b31bddb4a2b,QM5_20281,XTIUSD.DWX,Q03,PASS,D:\QM\reports\work_items\b687ee5f-f5ee-4b3b-af8f-4b31bddb4a2b\QM5_20281\20260811_232915\summary.json,2026-09-01T02:20:02Z,2026-08-11T23:33:00.679816+00:00,10063,2026-08-31T15:21:10.534070+00:00,OWNER_BACKUP_RETENTION_PHASE2_DELETE_NONRETAINED,DELETE_VIA_QUARANTINE,DELETE_NONRETAINED,C:\QM\repo\docs\ops\evidence\2026-08-31_4c0a5ae7_backup_retention_phase2_receipts_resume1\batch_0062_delete.json,C:\QM\repo\docs\ops\evidence\2026-08-31_4c0a5ae7_backup_retention_phase2_receipts_resume1\batch_0062_delete_exact_paths.jsonl.gz,128,2026-08-31T15:21:22+00:00,IRRECOVERABLE_LOCAL,,C:\QM\repo\docs\ops\evidence\2026-09-05_m05_recovery\per_path_forensics.json
b9cfe883-5d5a-432e-9f6e-40f002a7ac36,QM5_12981,XTIUSD.DWX,Q03,PASS,D:\QM\reports\work_items\b9cfe883-5d5a-432e-9f6e-40f002a7ac36\QM5_12981\20260813_170108\summary.json,2026-09-01T02:20:02Z,2026-08-13T17:04:21.393298+00:00,10137,2026-08-31T15:21:11.276005+00:00,OWNER_BACKUP_RETENTION_PHASE2_DELETE_NONRETAINED,DELETE_VIA_QUARANTINE,DELETE_NONRETAINED,C:\QM\repo\docs\ops\evidence\2026-08-31_4c0a5ae7_backup_retention_phase2_receipts_resume1\batch_0062_delete.json,C:\QM\repo\docs\ops\evidence\2026-08-31_4c0a5ae7_backup_retention_phase2_receipts_resume1\batch_0062_delete_exact_paths.jsonl.gz,296,2026-08-31T15:21:22+00:00,IRRECOVERABLE_LOCAL,,C:\QM\repo\docs\ops\evidence\2026-09-05_m05_recovery\per_path_forensics.json
b9e0b1c6-673f-40d0-bfe8-6040af48afe5,QM5_11898,EURJPY.DWX,Q03,PASS,D:\QM\reports\work_items\b9e0b1c6-673f-40d0-bfe8-6040af48afe5\QM5_11898\20260810_231530\summary.json,2026-09-01T02:20:02Z,2026-08-10T23:21:37.500212+00:00,10291,2026-08-31T15:21:11.289039+00:00,OWNER_BACKUP_RETENTION_PHASE2_DELETE_NONRETAINED,DELETE_VIA_QUARANTINE,DELETE_NONRETAINED,C:\QM\repo\docs\ops\evidence\2026-08-31_4c0a5ae7_backup_retention_phase2_receipts_resume1\batch_0062_delete.json,C:\QM\repo\docs\ops\evidence\2026-08-31_4c0a5ae7_backup_retention_phase2_receipts_resume1\batch_0062_delete_exact_paths.jsonl.gz,301,2026-08-31T15:21:22+00:00,IRRECOVERABLE_LOCAL,,C:\QM\repo\docs\ops\evidence\2026-09-05_m05_recovery\per_path_forensics.json
bb744247-e424-44e2-8364-4beb48678cf7,QM5_20227,XTIUSD.DWX,Q03,PASS,D:\QM\reports\work_items\bb744247-e424-44e2-8364-4beb48678cf7\QM5_20227\20260805_190654\summary.json,2026-09-01T02:20:02Z,2026-08-05T19:12:28.001831+00:00,9471,2026-08-31T15:21:11.479533+00:00,OWNER_BACKUP_RETENTION_PHASE2_DELETE_NONRETAINED,DELETE_VIA_QUARANTINE,DELETE_NONRETAINED,C:\QM\repo\docs\ops\evidence\2026-08-31_4c0a5ae7_backup_retention_phase2_receipts_resume1\batch_0062_delete.json,C:\QM\repo\docs\ops\evidence\2026-08-31_4c0a5ae7_backup_retention_phase2_receipts_resume1\batch_0062_delete_exact_paths.jsonl.gz,353,2026-08-31T15:21:22+00:00,IRRECOVERABLE_LOCAL,,C:\QM\repo\docs\ops\evidence\2026-09-05_m05_recovery\per_path_forensics.json
bd7e02fa-7e16-4e47-965b-4822703d304e,QM5_20302,XTIUSD.DWX,Q03,FAIL,D:\QM\reports\work_items\bd7e02fa-7e16-4e47-965b-4822703d304e\QM5_20302\20260813_161619\summary.json,2026-09-01T02:20:02Z,2026-08-13T16:18:10.766685+00:00,10093,2026-08-31T15:21:11.764275+00:00,OWNER_BACKUP_RETENTION_PHASE2_DELETE_NONRETAINED,DELETE_VIA_QUARANTINE,DELETE_NONRETAINED,C:\QM\repo\docs\ops\evidence\2026-08-31_4c0a5ae7_backup_retention_phase2_receipts_resume1\batch_0062_delete.json,C:\QM\repo\docs\ops\evidence\2026-08-31_4c0a5ae7_backup_retention_phase2_receipts_resume1\batch_0062_delete_exact_paths.jsonl.gz,446,2026-08-31T15:21:22+00:00,IRRECOVERABLE_LOCAL,,C:\QM\repo\docs\ops\evidence\2026-09-05_m05_recovery\per_path_forensics.json
bfc0f719-ca25-4a31-81ee-7e56f0c164f3,QM5_11625,GBPUSD.DWX,Q03,PASS,D:\QM\reports\work_items\bfc0f719-ca25-4a31-81ee-7e56f0c164f3\QM5_11625\20260807_195548\summary.json,2026-09-01T02:20:02Z,2026-08-07T20:00:12.637208+00:00,9298,2026-08-31T15:21:11.922688+00:00,OWNER_BACKUP_RETENTION_PHASE2_DELETE_NONRETAINED,DELETE_VIA_QUARANTINE,DELETE_NONRETAINED,C:\QM\repo\docs\ops\evidence\2026-08-31_4c0a5ae7_backup_retention_phase2_receipts_resume1\batch_0062_delete.json,C:\QM\repo\docs\ops\evidence\2026-08-31_4c0a5ae7_backup_retention_phase2_receipts_resume1\batch_0062_delete_exact_paths.jsonl.gz,485,2026-08-31T15:21:22+00:00,IRRECOVERABLE_LOCAL,,C:\QM\repo\docs\ops\evidence\2026-09-05_m05_recovery\per_path_forensics.json
c08d9490-c752-4f13-b4d0-ef4d6997e033,QM5_10806,XAUUSD.DWX,Q05,PASS,D:\QM\reports\work_items\c08d9490-c752-4f13-b4d0-ef4d6997e033\QM5_10806\Q05\XAUUSD_DWX\aggregate.json,2026-09-01T02:20:02Z,2026-08-03T23:51:08.181846+00:00,1108,2026-08-31T15:21:12.072076+00:00,OWNER_BACKUP_RETENTION_PHASE2_DELETE_NONRETAINED,DELETE_VIA_QUARANTINE,DELETE_NONRETAINED,C:\QM\repo\docs\ops\evidence\2026-08-31_4c0a5ae7_backup_retention_phase2_receipts_resume1\batch_0062_delete.json,C:\QM\repo\docs\ops\evidence\2026-08-31_4c0a5ae7_backup_retention_phase2_receipts_resume1\batch_0062_delete_exact_paths.jsonl.gz,503,2026-08-31T15:21:22+00:00,IRRECOVERABLE_LOCAL,,C:\QM\repo\docs\ops\evidence\2026-09-05_m05_recovery\per_path_forensics.json
c0e96e8b-b0eb-4e55-a0cb-29ab145007f6,QM5_11169,XAUUSD.DWX,Q08,FAIL_HARD,D:\QM\reports\work_items\c0e96e8b-b0eb-4e55-a0cb-29ab145007f6\QM5_11169\Q08\XAUUSD_DWX\aggregate.json,2026-09-01T02:20:02Z,2026-08-04T22:34:49.875544+00:00,13632,2026-08-31T15:21:12.144264+00:00,OWNER_BACKUP_RETENTION_PHASE2_DELETE_NONRETAINED,DELETE_VIA_QUARANTINE,DELETE_NONRETAINED,C:\QM\repo\docs\ops\evidence\2026-08-31_4c0a5ae7_backup_retention_phase2_receipts_resume1\batch_0062_delete.json,C:\QM\repo\docs\ops\evidence\2026-08-31_4c0a5ae7_backup_retention_phase2_receipts_resume1\batch_0062_delete_exact_paths.jsonl.gz,530,2026-08-31T15:21:22+00:00,IRRECOVERABLE_LOCAL,,C:\QM\repo\docs\ops\evidence\2026-09-05_m05_recovery\per_path_forensics.json
c21a27ff-e834-4a00-94ed-a3a180932c17,QM5_12866,XTIUSD.DWX,Q03,PASS,D:\QM\reports\work_items\c21a27ff-e834-4a00-94ed-a3a180932c17\QM5_12866\20260813_155214\summary.json,2026-09-01T02:20:02Z,2026-08-13T15:56:11.070523+00:00,10089,2026-08-31T15:21:12.512806+00:00,OWNER_BACKUP_RETENTION_PHASE2_DELETE_NONRETAINED,DELETE_VIA_QUARANTINE,DELETE_NONRETAINED,C:\QM\repo\docs\ops\evidence\2026-08-31_4c0a5ae7_backup_retention_phase2_receipts_resume1\batch_0062_delete.json,C:\QM\repo\docs\ops\evidence\2026-08-31_4c0a5ae7_backup_retention_phase2_receipts_resume1\batch_0062_delete_exact_paths.jsonl.gz,633,2026-08-31T15:21:22+00:00,IRRECOVERABLE_LOCAL,,C:\QM\repo\docs\ops\evidence\2026-09-05_m05_recovery\per_path_forensics.json
c5ef8c23-8b74-4662-be5a-80f0b2f5dceb,QM5_20074,NDX.DWX,Q05,FAIL,D:\QM\reports\work_items\c5ef8c23-8b74-4662-be5a-80f0b2f5dceb\QM5_20074\Q05\NDX_DWX\aggregate.json,2026-09-01T02:20:02Z,2026-08-16T20:38:35.769673+00:00,1114,2026-08-31T15:21:13.086802+00:00,OWNER_BACKUP_RETENTION_PHASE2_DELETE_NONRETAINED,DELETE_VIA_QUARANTINE,DELETE_NONRETAINED,C:\QM\repo\docs\ops\evidence\2026-08-31_4c0a5ae7_backup_retention_phase2_receipts_resume1\batch_0062_delete.json,C:\QM\repo\docs\ops\evidence\2026-08-31_4c0a5ae7_backup_retention_phase2_receipts_resume1\batch_0062_delete_exact_paths.jsonl.gz,791,2026-08-31T15:21:22+00:00,IRRECOVERABLE_LOCAL,,C:\QM\repo\docs\ops\evidence\2026-09-05_m05_recovery\per_path_forensics.json
c786739a-478d-4bdb-aa59-4d8a1fb72f11,QM5_13061,XTIUSD.DWX,Q03,PASS,D:\QM\reports\work_items\c786739a-478d-4bdb-aa59-4d8a1fb72f11\QM5_13061\20260813_155914\summary.json,2026-09-01T02:20:02Z,2026-08-13T16:03:45.139494+00:00,10093,2026-08-31T15:21:13.400619+00:00,OWNER_BACKUP_RETENTION_PHASE2_DELETE_NONRETAINED,DELETE_VIA_QUARANTINE,DELETE_NONRETAINED,C:\QM\repo\docs\ops\evidence\2026-08-31_4c0a5ae7_backup_retention_phase2_receipts_resume1\batch_0062_delete.json,C:\QM\repo\docs\ops\evidence\2026-08-31_4c0a5ae7_backup_retention_phase2_receipts_resume1\batch_0062_delete_exact_paths.jsonl.gz,866,2026-08-31T15:21:22+00:00,IRRECOVERABLE_LOCAL,,C:\QM\repo\docs\ops\evidence\2026-09-05_m05_recovery\per_path_forensics.json
c99ad850-2737-42a7-8ace-10b891421515,QM5_9454,XAUUSD.DWX,Q03,PASS,D:\QM\reports\work_items\c99ad850-2737-42a7-8ace-10b891421515\QM5_9454\20260801_211529\summary.json,2026-09-01T02:20:02Z,2026-08-01T21:20:20.341393+00:00,8867,2026-08-31T15:21:13.606159+00:00,OWNER_BACKUP_RETENTION_PHASE2_DELETE_NONRETAINED,DELETE_VIA_QUARANTINE,DELETE_NONRETAINED,C:\QM\repo\docs\ops\evidence\2026-08-31_4c0a5ae7_backup_retention_phase2_receipts_resume1\batch_0062_delete.json,C:\QM\repo\docs\ops\evidence\2026-08-31_4c0a5ae7_backup_retention_phase2_receipts_resume1\batch_0062_delete_exact_paths.jsonl.gz,923,2026-08-31T15:21:22+00:00,IRRECOVERABLE_LOCAL,,C:\QM\repo\docs\ops\evidence\2026-09-05_m05_recovery\per_path_forensics.json
c9dad40f-0730-42a4-a660-948d763482d8,QM5_20176,USDJPY.DWX,Q03,PASS,D:\QM\reports\work_items\c9dad40f-0730-42a4-a660-948d763482d8\QM5_20176\20260816_214903\summary.json,2026-09-01T02:20:02Z,2026-08-16T22:13:43.835305+00:00,10531,2026-08-31T15:21:13.663307+00:00,OWNER_BACKUP_RETENTION_PHASE2_DELETE_NONRETAINED,DELETE_VIA_QUARANTINE,DELETE_NONRETAINED,C:\QM\repo\docs\ops\evidence\2026-08-31_4c0a5ae7_backup_retention_phase2_receipts_resume1\batch_0062_delete.json,C:\QM\repo\docs\ops\evidence\2026-08-31_4c0a5ae7_backup_retention_phase2_receipts_resume1\batch_0062_delete_exact_paths.jsonl.gz,936,2026-08-31T15:21:22+00:00,IRRECOVERABLE_LOCAL,,C:\QM\repo\docs\ops\evidence\2026-09-05_m05_recovery\per_path_forensics.json
cfc0c5dd-105f-4009-9227-c1fba6e7bdac,QM5_10217,NDX.DWX,Q03,PASS,D:\QM\reports\work_items\cfc0c5dd-105f-4009-9227-c1fba6e7bdac\QM5_10217\20260805_165321\summary.json,2026-09-01T02:20:02Z,2026-08-05T16:58:24.550971+00:00,8675,2026-08-31T15:21:14.463897+00:00,OWNER_BACKUP_RETENTION_PHASE2_DELETE_NONRETAINED,DELETE_VIA_QUARANTINE,DELETE_NONRETAINED,C:\QM\repo\docs\ops\evidence\2026-08-31_4c0a5ae7_backup_retention_phase2_receipts_resume1\batch_0062_delete.json,C:\QM\repo\docs\ops\evidence\2026-08-31_4c0a5ae7_backup_retention_phase2_receipts_resume1\batch_0062_delete_exact_paths.jsonl.gz,1118,2026-08-31T15:21:22+00:00,IRRECOVERABLE_LOCAL,,C:\QM\repo\docs\ops\evidence\2026-09-05_m05_recovery\per_path_forensics.json
d2e7bb77-ab42-4d54-9d1a-a6e6d7eef38d,QM5_20271,XTIUSD.DWX,Q05,PASS,D:\QM\reports\work_items\d2e7bb77-ab42-4d54-9d1a-a6e6d7eef38d\QM5_20271\Q05\XTIUSD_DWX\aggregate.json,2026-09-01T02:20:02Z,2026-08-10T23:16:45.230089+00:00,1102,2026-08-31T15:21:15.117602+00:00,OWNER_BACKUP_RETENTION_PHASE2_DELETE_NONRETAINED,DELETE_VIA_QUARANTINE,DELETE_NONRETAINED,C:\QM\repo\docs\ops\evidence\2026-08-31_4c0a5ae7_backup_retention_phase2_receipts_resume1\batch_0062_delete.json,C:\QM\repo\docs\ops\evidence\2026-08-31_4c0a5ae7_backup_retention_phase2_receipts_resume1\batch_0062_delete_exact_paths.jsonl.gz,1272,2026-08-31T15:21:22+00:00,IRRECOVERABLE_LOCAL,,C:\QM\repo\docs\ops\evidence\2026-09-05_m05_recovery\per_path_forensics.json
d34ab488-c2d5-44aa-913e-9322ca5f4efa,QM5_11396,AUDUSD.DWX,Q03,PASS,D:\QM\reports\work_items\d34ab488-c2d5-44aa-913e-9322ca5f4efa\QM5_11396\20260813_153014\summary.json,2026-09-01T02:20:02Z,2026-08-13T15:39:16.694398+00:00,10361,2026-08-31T15:21:15.220871+00:00,OWNER_BACKUP_RETENTION_PHASE2_DELETE_NONRETAINED,DELETE_VIA_QUARANTINE,DELETE_NONRETAINED,C:\QM\repo\docs\ops\evidence\2026-08-31_4c0a5ae7_backup_retention_phase2_receipts_resume1\batch_0062_delete.json,C:\QM\repo\docs\ops\evidence\2026-08-31_4c0a5ae7_backup_retention_phase2_receipts_resume1\batch_0062_delete_exact_paths.jsonl.gz,1299,2026-08-31T15:21:22+00:00,IRRECOVERABLE_LOCAL,,C:\QM\repo\docs\ops\evidence\2026-09-05_m05_recovery\per_path_forensics.json
d73d488d-8b6c-48b3-a1bc-b098dec373d5,QM5_20264,XTIUSD.DWX,Q06,FAIL,D:\QM\reports\work_items\d73d488d-8b6c-48b3-a1bc-b098dec373d5\QM5_20264\Q06\XTIUSD_DWX\aggregate.json,2026-09-01T02:20:02Z,2026-08-07T22:03:40.206797+00:00,1210,2026-08-31T15:21:15.806898+00:00,OWNER_BACKUP_RETENTION_PHASE2_DELETE_NONRETAINED,DELETE_VIA_QUARANTINE,DELETE_NONRETAINED,C:\QM\repo\docs\ops\evidence\2026-08-31_4c0a5ae7_backup_retention_phase2_receipts_resume1\batch_0062_delete.json,C:\QM\repo\docs\ops\evidence\2026-08-31_4c0a5ae7_backup_retention_phase2_receipts_resume1\batch_0062_delete_exact_paths.jsonl.gz,1427,2026-08-31T15:21:22+00:00,IRRECOVERABLE_LOCAL,,C:\QM\repo\docs\ops\evidence\2026-09-05_m05_recovery\per_path_forensics.json
dd400099-7183-4f7a-bfa3-5ff166a3a42b,QM5_20082,AUDUSD.DWX,Q06,FAIL,D:\QM\reports\work_items\dd400099-7183-4f7a-bfa3-5ff166a3a42b\QM5_20082\Q06\AUDUSD_DWX\aggregate.json,2026-09-01T02:20:02Z,2026-08-16T22:51:35.884193+00:00,1220,2026-08-31T15:21:16.869164+00:00,OWNER_BACKUP_RETENTION_PHASE2_DELETE_NONRETAINED,DELETE_VIA_QUARANTINE,DELETE_NONRETAINED,C:\QM\repo\docs\ops\evidence\2026-08-31_4c0a5ae7_backup_retention_phase2_receipts_resume1\batch_0062_delete.json,C:\QM\repo\docs\ops\evidence\2026-08-31_4c0a5ae7_backup_retention_phase2_receipts_resume1\batch_0062_delete_exact_paths.jsonl.gz,1675,2026-08-31T15:21:22+00:00,IRRECOVERABLE_LOCAL,,C:\QM\repo\docs\ops\evidence\2026-09-05_m05_recovery\per_path_forensics.json
dd897938-1476-4900-9347-baddf3723c0c,QM5_20273,XTIUSD.DWX,Q03,PASS,D:\QM\reports\work_items\dd897938-1476-4900-9347-baddf3723c0c\QM5_20273\20260810_231942\summary.json,2026-09-01T02:20:02Z,2026-08-10T23:21:43.825330+00:00,10094,2026-08-31T15:21:16.991483+00:00,OWNER_BACKUP_RETENTION_PHASE2_DELETE_NONRETAINED,DELETE_VIA_QUARANTINE,DELETE_NONRETAINED,C:\QM\repo\docs\ops\evidence\2026-08-31_4c0a5ae7_backup_retention_phase2_receipts_resume1\batch_0062_delete.json,C:\QM\repo\docs\ops\evidence\2026-08-31_4c0a5ae7_backup_retention_phase2_receipts_resume1\batch_0062_delete_exact_paths.jsonl.gz,1704,2026-08-31T15:21:22+00:00,IRRECOVERABLE_LOCAL,,C:\QM\repo\docs\ops\evidence\2026-09-05_m05_recovery\per_path_forensics.json
de0b3333-efb0-4ac3-a24b-9e6bad52ebdf,QM5_1116,EURJPY.DWX,Q05,PASS,D:\QM\reports\work_items\de0b3333-efb0-4ac3-a24b-9e6bad52ebdf\QM5_1116\Q05\EURJPY_DWX\aggregate.json,2026-09-01T02:20:02Z,2026-08-31T02:23:56.490956+00:00,645,2026-08-31T15:21:17.023566+00:00,OWNER_BACKUP_RETENTION_PHASE2_DELETE_NONRETAINED,DELETE_VIA_QUARANTINE,DELETE_NONRETAINED,C:\QM\repo\docs\ops\evidence\2026-08-31_4c0a5ae7_backup_retention_phase2_receipts_resume1\batch_0062_delete.json,C:\QM\repo\docs\ops\evidence\2026-08-31_4c0a5ae7_backup_retention_phase2_receipts_resume1\batch_0062_delete_exact_paths.jsonl.gz,1713,2026-08-31T15:21:22+00:00,IRRECOVERABLE_LOCAL,,C:\QM\repo\docs\ops\evidence\2026-09-05_m05_recovery\per_path_forensics.json
df2221ea-b67f-439f-9de6-8b0b1018d6d9,QM5_11298,GBPUSD.DWX,Q03,PASS,D:\QM\reports\work_items\df2221ea-b67f-439f-9de6-8b0b1018d6d9\QM5_11298\20260808_193254\summary.json,2026-09-01T02:20:02Z,2026-08-08T19:37:18.482071+00:00,10141,2026-08-31T15:21:17.058657+00:00,OWNER_BACKUP_RETENTION_PHASE2_DELETE_NONRETAINED,DELETE_VIA_QUARANTINE,DELETE_NONRETAINED,C:\QM\repo\docs\ops\evidence\2026-08-31_4c0a5ae7_backup_retention_phase2_receipts_resume1\batch_0062_delete.json,C:\QM\repo\docs\ops\evidence\2026-08-31_4c0a5ae7_backup_retention_phase2_receipts_resume1\batch_0062_delete_exact_paths.jsonl.gz,1726,2026-08-31T15:21:22+00:00,IRRECOVERABLE_LOCAL,,C:\QM\repo\docs\ops\evidence\2026-09-05_m05_recovery\per_path_forensics.json
e11d7616-0da5-4ffd-bca1-565f15b215a9,QM5_11503,AUDUSD.DWX,Q05,FAIL,D:\QM\reports\work_items\e11d7616-0da5-4ffd-bca1-565f15b215a9\QM5_11503\Q05\AUDUSD_DWX\aggregate.json,2026-09-01T02:20:02Z,2026-08-02T23:17:46.203450+00:00,1126,2026-08-31T15:21:17.359442+00:00,OWNER_BACKUP_RETENTION_PHASE2_DELETE_NONRETAINED,DELETE_VIA_QUARANTINE,DELETE_NONRETAINED,C:\QM\repo\docs\ops\evidence\2026-08-31_4c0a5ae7_backup_retention_phase2_receipts_resume1\batch_0062_delete.json,C:\QM\repo\docs\ops\evidence\2026-08-31_4c0a5ae7_backup_retention_phase2_receipts_resume1\batch_0062_delete_exact_paths.jsonl.gz,1780,2026-08-31T15:21:22+00:00,IRRECOVERABLE_LOCAL,,C:\QM\repo\docs\ops\evidence\2026-09-05_m05_recovery\per_path_forensics.json
e2982893-962d-4550-b719-acea0d0514ef,QM5_10590,XAUUSD.DWX,Q07,PASS,D:\QM\reports\work_items\e2982893-962d-4550-b719-acea0d0514ef\QM5_10590\Q07\XAUUSD_DWX\aggregate.json,2026-09-01T02:20:02Z,2026-08-09T04:59:29.180211+00:00,4074,2026-08-31T15:21:17.516194+00:00,OWNER_BACKUP_RETENTION_PHASE2_DELETE_NONRETAINED,DELETE_VIA_QUARANTINE,DELETE_NONRETAINED,C:\QM\repo\docs\ops\evidence\2026-08-31_4c0a5ae7_backup_retention_phase2_receipts_resume1\batch_0062_delete.json,C:\QM\repo\docs\ops\evidence\2026-08-31_4c0a5ae7_backup_retention_phase2_receipts_resume1\batch_0062_delete_exact_paths.jsonl.gz,1823,2026-08-31T15:21:22+00:00,IRRECOVERABLE_LOCAL,,C:\QM\repo\docs\ops\evidence\2026-09-05_m05_recovery\per_path_forensics.json
e2dabe2a-54a6-41b4-b6a7-ef5ddc5e6394,QM5_20144,EURUSD.DWX,Q03,PASS,D:\QM\reports\work_items\e2dabe2a-54a6-41b4-b6a7-ef5ddc5e6394\QM5_20144\20260731_234152\summary.json,2026-09-01T02:20:02Z,2026-08-31T02:23:56.709024+00:00,2562,2026-08-31T15:21:17.565323+00:00,OWNER_BACKUP_RETENTION_PHASE2_DELETE_NONRETAINED,DELETE_VIA_QUARANTINE,DELETE_NONRETAINED,C:\QM\repo\docs\ops\evidence\2026-08-31_4c0a5ae7_backup_retention_phase2_receipts_resume1\batch_0062_delete.json,C:\QM\repo\docs\ops\evidence\2026-08-31_4c0a5ae7_backup_retention_phase2_receipts_resume1\batch_0062_delete_exact_paths.jsonl.gz,1833,2026-08-31T15:21:22+00:00,IRRECOVERABLE_LOCAL,,C:\QM\repo\docs\ops\evidence\2026-09-05_m05_recovery\per_path_forensics.json
e317cb4a-0486-4a4e-a47b-660162844345,QM5_1077,XAUUSD.DWX,Q07,FAIL,D:\QM\reports\work_items\e317cb4a-0486-4a4e-a47b-660162844345\QM5_1077\Q07\XAUUSD_DWX\aggregate.json,2026-09-01T02:20:02Z,2026-08-17T12:20:26.550236+00:00,3970,2026-08-31T15:21:17.673605+00:00,OWNER_BACKUP_RETENTION_PHASE2_DELETE_NONRETAINED,DELETE_VIA_QUARANTINE,DELETE_NONRETAINED,C:\QM\repo\docs\ops\evidence\2026-08-31_4c0a5ae7_backup_retention_phase2_receipts_resume1\batch_0062_delete.json,C:\QM\repo\docs\ops\evidence\2026-08-31_4c0a5ae7_backup_retention_phase2_receipts_resume1\batch_0062_delete_exact_paths.jsonl.gz,1854,2026-08-31T15:21:22+00:00,IRRECOVERABLE_LOCAL,,C:\QM\repo\docs\ops\evidence\2026-09-05_m05_recovery\per_path_forensics.json
e5ab8071-1441-470b-9261-b9cbc1ce7318,QM5_20264,XTIUSD.DWX,Q03,FAIL,D:\QM\reports\work_items\e5ab8071-1441-470b-9261-b9cbc1ce7318\QM5_20264\20260807_211543\summary.json,2026-09-01T02:20:02Z,2026-08-07T21:17:00.417003+00:00,10075,2026-08-31T15:21:18.158368+00:00,OWNER_BACKUP_RETENTION_PHASE2_DELETE_NONRETAINED,DELETE_VIA_QUARANTINE,DELETE_NONRETAINED,C:\QM\repo\docs\ops\evidence\2026-08-31_4c0a5ae7_backup_retention_phase2_receipts_resume1\batch_0062_delete.json,C:\QM\repo\docs\ops\evidence\2026-08-31_4c0a5ae7_backup_retention_phase2_receipts_resume1\batch_0062_delete_exact_paths.jsonl.gz,1975,2026-08-31T15:21:22+00:00,IRRECOVERABLE_LOCAL,,C:\QM\repo\docs\ops\evidence\2026-09-05_m05_recovery\per_path_forensics.json
e5b4182d-3ff3-4465-9aba-45d7a5ecc1ba,QM5_11457,GBPUSD.DWX,Q07,FAIL,D:\QM\reports\work_items\e5b4182d-3ff3-4465-9aba-45d7a5ecc1ba\QM5_11457\Q07\GBPUSD_DWX\aggregate.json,2026-09-01T02:20:02Z,2026-08-11T23:14:41.449687+00:00,4103,2026-08-31T15:21:18.341346+00:00,OWNER_BACKUP_RETENTION_PHASE2_DELETE_NONRETAINED,DELETE_VIA_QUARANTINE,DELETE_NONRETAINED,C:\QM\repo\docs\ops\evidence\2026-08-31_4c0a5ae7_backup_retention_phase2_receipts_resume1\batch_0062_delete.json,C:\QM\repo\docs\ops\evidence\2026-08-31_4c0a5ae7_backup_retention_phase2_receipts_resume1\batch_0062_delete_exact_paths.jsonl.gz,2016,2026-08-31T15:21:22+00:00,IRRECOVERABLE_LOCAL,,C:\QM\repo\docs\ops\evidence\2026-09-05_m05_recovery\per_path_forensics.json
ee1459b8-55ed-4d2c-a6e9-b2f6d41d2855,QM5_9907,NDX.DWX,Q03,PASS,D:\QM\reports\work_items\ee1459b8-55ed-4d2c-a6e9-b2f6d41d2855\QM5_9907\20260810_230748\summary.json,2026-09-01T02:20:02Z,2026-08-10T23:15:46.166466+00:00,10429,2026-08-31T15:21:19.948745+00:00,OWNER_BACKUP_RETENTION_PHASE2_DELETE_NONRETAINED,DELETE_VIA_QUARANTINE,DELETE_NONRETAINED,C:\QM\repo\docs\ops\evidence\2026-08-31_4c0a5ae7_backup_retention_phase2_receipts_resume1\batch_0062_delete.json,C:\QM\repo\docs\ops\evidence\2026-08-31_4c0a5ae7_backup_retention_phase2_receipts_resume1\batch_0062_delete_exact_paths.jsonl.gz,2396,2026-08-31T15:21:22+00:00,IRRECOVERABLE_LOCAL,,C:\QM\repo\docs\ops\evidence\2026-09-05_m05_recovery\per_path_forensics.json
f0161372-0097-4001-9b18-92bcadbfaf66,QM5_11457,AUDUSD.DWX,Q03,PASS,D:\QM\reports\work_items\f0161372-0097-4001-9b18-92bcadbfaf66\QM5_11457\20260810_225352\summary.json,2026-09-01T02:20:02Z,2026-08-10T22:58:23.641805+00:00,10499,2026-08-31T15:21:20.400928+00:00,OWNER_BACKUP_RETENTION_PHASE2_DELETE_NONRETAINED,DELETE_VIA_QUARANTINE,DELETE_NONRETAINED,C:\QM\repo\docs\ops\evidence\2026-08-31_4c0a5ae7_backup_retention_phase2_receipts_resume1\batch_0062_delete.json,C:\QM\repo\docs\ops\evidence\2026-08-31_4c0a5ae7_backup_retention_phase2_receipts_resume1\batch_0062_delete_exact_paths.jsonl.gz,2510,2026-08-31T15:21:22+00:00,IRRECOVERABLE_LOCAL,,C:\QM\repo\docs\ops\evidence\2026-09-05_m05_recovery\per_path_forensics.json
f0bc3285-8a0e-4267-a303-1a0594e65c80,QM5_20281,XTIUSD.DWX,Q05,FAIL,D:\QM\reports\work_items\f0bc3285-8a0e-4267-a303-1a0594e65c80\QM5_20281\Q05\XTIUSD_DWX\aggregate.json,2026-09-01T02:20:02Z,2026-08-11T23:11:19.720040+00:00,1127,2026-08-31T15:21:20.503193+00:00,OWNER_BACKUP_RETENTION_PHASE2_DELETE_NONRETAINED,DELETE_VIA_QUARANTINE,DELETE_NONRETAINED,C:\QM\repo\docs\ops\evidence\2026-08-31_4c0a5ae7_backup_retention_phase2_receipts_resume1\batch_0062_delete.json,C:\QM\repo\docs\ops\evidence\2026-08-31_4c0a5ae7_backup_retention_phase2_receipts_resume1\batch_0062_delete_exact_paths.jsonl.gz,2534,2026-08-31T15:21:22+00:00,IRRECOVERABLE_LOCAL,,C:\QM\repo\docs\ops\evidence\2026-09-05_m05_recovery\per_path_forensics.json
f814ba0f-ec03-4baa-be4e-7f1779536f3d,QM5_1116,EURJPY.DWX,Q06,PASS,D:\QM\reports\work_items\f814ba0f-ec03-4baa-be4e-7f1779536f3d\QM5_1116\Q06\EURJPY_DWX\aggregate.json,2026-09-01T02:20:02Z,2026-08-31T02:23:57.368239+00:00,701,2026-08-31T15:21:21.346392+00:00,OWNER_BACKUP_RETENTION_PHASE2_DELETE_NONRETAINED,DELETE_VIA_QUARANTINE,DELETE_NONRETAINED,C:\QM\repo\docs\ops\evidence\2026-08-31_4c0a5ae7_backup_retention_phase2_receipts_resume1\batch_0062_delete.json,C:\QM\repo\docs\ops\evidence\2026-08-31_4c0a5ae7_backup_retention_phase2_receipts_resume1\batch_0062_delete_exact_paths.jsonl.gz,2715,2026-08-31T15:21:22+00:00,IRRECOVERABLE_LOCAL,,C:\QM\repo\docs\ops\evidence\2026-09-05_m05_recovery\per_path_forensics.json
fa7744b8-3251-45b5-a9e6-6905c6bf50b5,QM5_11898,AUDJPY.DWX,Q03,PASS,D:\QM\reports\work_items\fa7744b8-3251-45b5-a9e6-6905c6bf50b5\QM5_11898\20260810_232449\summary.json,2026-09-01T02:20:02Z,2026-08-10T23:29:41.260305+00:00,10300,2026-08-31T15:21:21.563958+00:00,OWNER_BACKUP_RETENTION_PHASE2_DELETE_NONRETAINED,DELETE_VIA_QUARANTINE,DELETE_NONRETAINED,C:\QM\repo\docs\ops\evidence\2026-08-31_4c0a5ae7_backup_retention_phase2_receipts_resume1\batch_0062_delete.json,C:\QM\repo\docs\ops\evidence\2026-08-31_4c0a5ae7_backup_retention_phase2_receipts_resume1\batch_0062_delete_exact_paths.jsonl.gz,2756,2026-08-31T15:21:22+00:00,IRRECOVERABLE_LOCAL,,C:\QM\repo\docs\ops\evidence\2026-09-05_m05_recovery\per_path_forensics.json
ff941851-8f4d-4d8b-aa96-90622908bdca,QM5_20300,XTIUSD.DWX,Q03,FAIL,D:\QM\reports\work_items\ff941851-8f4d-4d8b-aa96-90622908bdca\QM5_20300\20260813_161253\summary.json,2026-09-01T02:20:02Z,2026-08-13T16:14:46.709605+00:00,10077,2026-08-31T15:21:22.309906+00:00,OWNER_BACKUP_RETENTION_PHASE2_DELETE_NONRETAINED,DELETE_VIA_QUARANTINE,DELETE_NONRETAINED,C:\QM\repo\docs\ops\evidence\2026-08-31_4c0a5ae7_backup_retention_phase2_receipts_resume1\batch_0062_delete.json,C:\QM\repo\docs\ops\evidence\2026-08-31_4c0a5ae7_backup_retention_phase2_receipts_resume1\batch_0062_delete_exact_paths.jsonl.gz,2913,2026-08-31T15:21:22+00:00,IRRECOVERABLE_LOCAL,,C:\QM\repo\docs\ops\evidence\2026-09-05_m05_recovery\per_path_forensics.json
1cb90eba-7080-45bb-8641-52977e1fbeb7,QM5_1251,USDCAD.DWX,Q02,ZERO_TRADES,D:\QM\reports\work_items\1cb90eba-7080-45bb-8641-52977e1fbeb7\QM5_1251\20260801_205941\summary.json,2026-09-02T02:20:08Z,2026-08-01T21:13:40.510908+00:00,6793,2026-09-01T02:22:21.184818+00:00,DL090_REPORT_RETENTION_QUARANTINE,QUARANTINED,AGE_OUT_NON_PASS,D:\QM\reports\state\report_retention.log,D:\QM\reports\_retention_quarantine\20260901T022001Z\work_items\1cb90eba-7080-45bb-8641-52977e1fbeb7\QM5_1251\20260801_205941\summary.json,78,2026-09-01T02:22:22+00:00,RECOVERABLE_D_QUARANTINE,D:\QM\reports\_retention_quarantine\20260901T022001Z\work_items\1cb90eba-7080-45bb-8641-52977e1fbeb7\QM5_1251\20260801_205941\summary.json,D:\QM\reports\_retention_quarantine\20260901T022001Z\work_items\1cb90eba-7080-45bb-8641-52977e1fbeb7\QM5_1251\20260801_205941\summary.json
27c23082-5d4b-4549-bbae-0bf5d8a3a99e,QM5_10946,USDJPY.DWX,Q04,FAIL,D:\QM\reports\pipeline\QM5_10946\Q04\USDJPY.DWX__27c23082-5d4b-4549-bbae-0bf5d8a3a99e\aggregate.json,2026-09-02T02:20:08Z,2026-08-01T21:53:04.323568+00:00,7865,2026-09-01T02:22:21.218906+00:00,DL090_REPORT_RETENTION_QUARANTINE,QUARANTINED,AGE_OUT_NON_PASS,D:\QM\reports\state\report_retention.log,D:\QM\reports\_retention_quarantine\20260901T022001Z\pipeline\QM5_10946\Q04\USDJPY.DWX__27c23082-5d4b-4549-bbae-0bf5d8a3a99e\aggregate.json,78,2026-09-01T02:22:22+00:00,RECOVERABLE_D_QUARANTINE,D:\QM\reports\_retention_quarantine\20260901T022001Z\pipeline\QM5_10946\Q04\USDJPY.DWX__27c23082-5d4b-4549-bbae-0bf5d8a3a99e\aggregate.json,D:\QM\reports\_retention_quarantine\20260901T022001Z\pipeline\QM5_10946\Q04\USDJPY.DWX__27c23082-5d4b-4549-bbae-0bf5d8a3a99e\aggregate.json
526d7141-0aa1-4c84-84f3-3aa10f54079f,QM5_1251,GBPUSD.DWX,Q02,ZERO_TRADES,D:\QM\reports\work_items\526d7141-0aa1-4c84-84f3-3aa10f54079f\QM5_1251\20260801_222912\summary.json,2026-09-02T02:20:08Z,2026-08-01T22:44:33.065619+00:00,6793,2026-09-01T02:22:21.520145+00:00,DL090_REPORT_RETENTION_QUARANTINE,QUARANTINED,AGE_OUT_NON_PASS,D:\QM\reports\state\report_retention.log,D:\QM\reports\_retention_quarantine\20260901T022001Z\work_items\526d7141-0aa1-4c84-84f3-3aa10f54079f\QM5_1251\20260801_222912\summary.json,78,2026-09-01T02:22:22+00:00,RECOVERABLE_D_QUARANTINE,D:\QM\reports\_retention_quarantine\20260901T022001Z\work_items\526d7141-0aa1-4c84-84f3-3aa10f54079f\QM5_1251\20260801_222912\summary.json,D:\QM\reports\_retention_quarantine\20260901T022001Z\work_items\526d7141-0aa1-4c84-84f3-3aa10f54079f\QM5_1251\20260801_222912\summary.json
bea8f9e7-5cc3-41ab-ae1d-ce073086ead2,QM5_1251,AUDUSD.DWX,Q02,ZERO_TRADES,D:\QM\reports\work_items\bea8f9e7-5cc3-41ab-ae1d-ce073086ead2\QM5_1251\20260801_230021\summary.json,2026-09-02T02:20:08Z,2026-08-01T23:13:21.880826+00:00,6793,2026-09-01T02:22:21.917179+00:00,DL090_REPORT_RETENTION_QUARANTINE,QUARANTINED,AGE_OUT_NON_PASS,D:\QM\reports\state\report_retention.log,D:\QM\reports\_retention_quarantine\20260901T022001Z\work_items\bea8f9e7-5cc3-41ab-ae1d-ce073086ead2\QM5_1251\20260801_230021\summary.json,78,2026-09-01T02:22:22+00:00,RECOVERABLE_D_QUARANTINE,D:\QM\reports\_retention_quarantine\20260901T022001Z\work_items\bea8f9e7-5cc3-41ab-ae1d-ce073086ead2\QM5_1251\20260801_230021\summary.json,D:\QM\reports\_retention_quarantine\20260901T022001Z\work_items\bea8f9e7-5cc3-41ab-ae1d-ce073086ead2\QM5_1251\20260801_230021\summary.json
01cf8bdf-a07a-4b4b-9077-ce3028b11d25,QM5_20204,XNGUSD.DWX,Q04,FAIL,D:\QM\reports\pipeline\QM5_20204\Q04\XNGUSD.DWX__01cf8bdf-a07a-4b4b-9077-ce3028b11d25\aggregate.json,2026-09-03T02:20:54Z,2026-08-02T22:59:11.384595+00:00,7957,2026-09-02T02:35:28.358460+00:00,DL090_REPORT_RETENTION_QUARANTINE,QUARANTINED,AGE_OUT_NON_PASS,D:\QM\reports\state\report_retention.log,D:\QM\reports\_retention_quarantine\20260902T022001Z\pipeline\QM5_20204\Q04\XNGUSD.DWX__01cf8bdf-a07a-4b4b-9077-ce3028b11d25\aggregate.json,84,2026-09-02T02:35:30+00:00,RECOVERABLE_D_QUARANTINE,D:\QM\reports\_retention_quarantine\20260902T022001Z\pipeline\QM5_20204\Q04\XNGUSD.DWX__01cf8bdf-a07a-4b4b-9077-ce3028b11d25\aggregate.json,D:\QM\reports\_retention_quarantine\20260902T022001Z\pipeline\QM5_20204\Q04\XNGUSD.DWX__01cf8bdf-a07a-4b4b-9077-ce3028b11d25\aggregate.json
ee546191-e005-40a3-a4f1-0d7e64988ac6,QM5_1127,USDCAD.DWX,Q02,FAIL,D:\QM\reports\work_items\ee546191-e005-40a3-a4f1-0d7e64988ac6\QM5_1127\20260804_224120\summary.json,2026-09-05T02:20:02Z,2026-08-04T22:49:33.007055+00:00,6931,2026-09-04T02:21:21.175386+00:00,DL090_REPORT_RETENTION_QUARANTINE,QUARANTINED,AGE_OUT_NON_PASS,D:\QM\reports\state\report_retention.log,D:\QM\reports\_retention_quarantine\20260904T022001Z\work_items\ee546191-e005-40a3-a4f1-0d7e64988ac6\QM5_1127\20260804_224120\summary.json,96,2026-09-04T02:21:21+00:00,RECOVERABLE_D_QUARANTINE,D:\QM\reports\_retention_quarantine\20260904T022001Z\work_items\ee546191-e005-40a3-a4f1-0d7e64988ac6\QM5_1127\20260804_224120\summary.json,D:\QM\reports\_retention_quarantine\20260904T022001Z\work_items\ee546191-e005-40a3-a4f1-0d7e64988ac6\QM5_1127\20260804_224120\summary.json
44250cac-c59a-4dc5-95f0-ed9bfefd0111,QM5_20231,XTIUSD.DWX,Q04,FAIL,D:\QM\reports\pipeline\QM5_20231\Q04\XTIUSD.DWX__44250cac-c59a-4dc5-95f0-ed9bfefd0111\aggregate.json,2026-09-06T02:20:02Z,2026-08-05T21:28:24.732534+00:00,7982,2026-09-05T02:21:33.744111+00:00,DL090_REPORT_RETENTION_QUARANTINE,QUARANTINED,AGE_OUT_NON_PASS,D:\QM\reports\state\report_retention.log,D:\QM\reports\_retention_quarantine\20260905T022001Z\pipeline\QM5_20231\Q04\XTIUSD.DWX__44250cac-c59a-4dc5-95f0-ed9bfefd0111\aggregate.json,105,2026-09-05T02:21:35+00:00,RECOVERABLE_D_QUARANTINE,D:\QM\reports\_retention_quarantine\20260905T022001Z\pipeline\QM5_20231\Q04\XTIUSD.DWX__44250cac-c59a-4dc5-95f0-ed9bfefd0111\aggregate.json,D:\QM\reports\_retention_quarantine\20260905T022001Z\pipeline\QM5_20231\Q04\XTIUSD.DWX__44250cac-c59a-4dc5-95f0-ed9bfefd0111\aggregate.json
9e6125b4-7e76-415b-bb00-5b0754125cb5,QM5_20227,XTIUSD.DWX,Q04,FAIL,D:\QM\reports\pipeline\QM5_20227\Q04\XTIUSD.DWX__9e6125b4-7e76-415b-bb00-5b0754125cb5\aggregate.json,2026-09-06T02:20:02Z,2026-08-05T18:44:01.060304+00:00,7967,2026-09-05T02:21:34.559958+00:00,DL090_REPORT_RETENTION_QUARANTINE,QUARANTINED,AGE_OUT_NON_PASS,D:\QM\reports\state\report_retention.log,D:\QM\reports\_retention_quarantine\20260905T022001Z\pipeline\QM5_20227\Q04\XTIUSD.DWX__9e6125b4-7e76-415b-bb00-5b0754125cb5\aggregate.json,105,2026-09-05T02:21:35+00:00,RECOVERABLE_D_QUARANTINE,D:\QM\reports\_retention_quarantine\20260905T022001Z\pipeline\QM5_20227\Q04\XTIUSD.DWX__9e6125b4-7e76-415b-bb00-5b0754125cb5\aggregate.json,D:\QM\reports\_retention_quarantine\20260905T022001Z\pipeline\QM5_20227\Q04\XTIUSD.DWX__9e6125b4-7e76-415b-bb00-5b0754125cb5\aggregate.json
31d42fce-2a8a-4077-a48d-7d6c942b3558,QM5_11264,NDX.DWX,Q02,FAIL,D:\QM\reports\work_items\31d42fce-2a8a-4077-a48d-7d6c942b3558\QM5_11264\20260807_203723\summary.json,2026-09-08T02:20:01Z,2026-08-07T20:40:19.729948+00:00,7387,2026-09-07T02:21:25.869695+00:00,DL090_REPORT_RETENTION_QUARANTINE,QUARANTINED,AGE_OUT_NON_PASS,D:\QM\reports\state\report_retention.log,D:\QM\reports\_retention_quarantine\20260907T022001Z\work_items\31d42fce-2a8a-4077-a48d-7d6c942b3558\QM5_11264\20260807_203723\summary.json,123,2026-09-07T02:21:27+00:00,RECOVERABLE_D_QUARANTINE,D:\QM\reports\_retention_quarantine\20260907T022001Z\work_items\31d42fce-2a8a-4077-a48d-7d6c942b3558\QM5_11264\20260807_203723\summary.json,D:\QM\reports\_retention_quarantine\20260907T022001Z\work_items\31d42fce-2a8a-4077-a48d-7d6c942b3558\QM5_11264\20260807_203723\summary.json
83e52ae8-bf9a-4dcc-98c1-0e762a594dd2,QM5_10841,XAUUSD.DWX,Q04,FAIL,D:\QM\reports\pipeline\QM5_10841\Q04\XAUUSD.DWX__83e52ae8-bf9a-4dcc-98c1-0e762a594dd2\aggregate.json,2026-09-10T02:20:02Z,2026-08-09T03:33:42.702467+00:00,7844,2026-09-09T02:21:57.795480+00:00,DL090_REPORT_RETENTION_QUARANTINE,QUARANTINED,AGE_OUT_NON_PASS,D:\QM\reports\state\report_retention.log,D:\QM\reports\_retention_quarantine\20260909T022002Z\pipeline\QM5_10841\Q04\XAUUSD.DWX__83e52ae8-bf9a-4dcc-98c1-0e762a594dd2\aggregate.json,147,2026-09-09T02:21:57+00:00,RECOVERABLE_D_QUARANTINE,D:\QM\reports\_retention_quarantine\20260909T022002Z\pipeline\QM5_10841\Q04\XAUUSD.DWX__83e52ae8-bf9a-4dcc-98c1-0e762a594dd2\aggregate.json,D:\QM\reports\_retention_quarantine\20260909T022002Z\pipeline\QM5_10841\Q04\XAUUSD.DWX__83e52ae8-bf9a-4dcc-98c1-0e762a594dd2\aggregate.json
fc4d6167-eaad-4827-8112-6566bd3660a2,QM5_11457,AUDUSD.DWX,Q04,FAIL,D:\QM\reports\pipeline\QM5_11457\Q04\AUDUSD.DWX__fc4d6167-eaad-4827-8112-6566bd3660a2\aggregate.json,2026-09-11T02:20:02Z,2026-08-10T22:50:27.983695+00:00,8441,2026-09-10T02:21:33.997950+00:00,DL090_REPORT_RETENTION_QUARANTINE,QUARANTINED,AGE_OUT_NON_PASS,D:\QM\reports\state\report_retention.log,D:\QM\reports\_retention_quarantine\20260910T022001Z\pipeline\QM5_11457\Q04\AUDUSD.DWX__fc4d6167-eaad-4827-8112-6566bd3660a2\aggregate.json,159,2026-09-10T02:21:34+00:00,RECOVERABLE_D_QUARANTINE,D:\QM\reports\_retention_quarantine\20260910T022001Z\pipeline\QM5_11457\Q04\AUDUSD.DWX__fc4d6167-eaad-4827-8112-6566bd3660a2\aggregate.json,D:\QM\reports\_retention_quarantine\20260910T022001Z\pipeline\QM5_11457\Q04\AUDUSD.DWX__fc4d6167-eaad-4827-8112-6566bd3660a2\aggregate.json
a985bffb-395a-4065-82c6-27626cd372cd,QM5_20280,XTIUSD.DWX,Q04,FAIL,D:\QM\reports\pipeline\QM5_20280\Q04\XTIUSD.DWX__a985bffb-395a-4065-82c6-27626cd372cd\aggregate.json,2026-09-12T02:20:05Z,2026-08-11T22:37:24.211152+00:00,7955,2026-09-11T02:21:29.133704+00:00,DL090_REPORT_RETENTION_QUARANTINE,QUARANTINED,AGE_OUT_NON_PASS,D:\QM\reports\state\report_retention.log,D:\QM\reports\_retention_quarantine\20260911T022002Z\pipeline\QM5_20280\Q04\XTIUSD.DWX__a985bffb-395a-4065-82c6-27626cd372cd\aggregate.json,171,2026-09-11T02:21:29+00:00,RECOVERABLE_D_QUARANTINE,D:\QM\reports\_retention_quarantine\20260911T022002Z\pipeline\QM5_20280\Q04\XTIUSD.DWX__a985bffb-395a-4065-82c6-27626cd372cd\aggregate.json,D:\QM\reports\_retention_quarantine\20260911T022002Z\pipeline\QM5_20280\Q04\XTIUSD.DWX__a985bffb-395a-4065-82c6-27626cd372cd\aggregate.json
d9d24251-93d6-4730-acc5-661d808753f2,QM5_12486,EURUSD.DWX,Q04,FAIL,D:\QM\reports\pipeline\QM5_12486\Q04\EURUSD.DWX__d9d24251-93d6-4730-acc5-661d808753f2\aggregate.json,2026-09-12T02:20:05Z,2026-08-11T22:43:55.480266+00:00,8023,2026-09-11T02:21:29.252011+00:00,DL090_REPORT_RETENTION_QUARANTINE,QUARANTINED,AGE_OUT_NON_PASS,D:\QM\reports\state\report_retention.log,D:\QM\reports\_retention_quarantine\20260911T022002Z\pipeline\QM5_12486\Q04\EURUSD.DWX__d9d24251-93d6-4730-acc5-661d808753f2\aggregate.json,171,2026-09-11T02:21:29+00:00,RECOVERABLE_D_QUARANTINE,D:\QM\reports\_retention_quarantine\20260911T022002Z\pipeline\QM5_12486\Q04\EURUSD.DWX__d9d24251-93d6-4730-acc5-661d808753f2\aggregate.json,D:\QM\reports\_retention_quarantine\20260911T022002Z\pipeline\QM5_12486\Q04\EURUSD.DWX__d9d24251-93d6-4730-acc5-661d808753f2\aggregate.json
