utc_iso,is_us_dst,offset_hours,broker_time_iso
2023-03-12T04:00:00Z,0,2,2023-03-12T06:00:00
2023-03-12T04:01:00Z,0,2,2023-03-12T06:01:00
2023-03-12T04:02:00Z,0,2,2023-03-12T06:02:00
2023-03-12T04:03:00Z,0,2,2023-03-12T06:03:00
2023-03-12T04:04:00Z,0,2,2023-03-12T06:04:00
2023-03-12T04:05:00Z,0,2,2023-03-12T06:05:00
2023-03-12T04:06:00Z,0,2,2023-03-12T06:06:00
2023-03-12T04:07:00Z,0,2,2023-03-12T06:07:00
2023-03-12T04:08:00Z,0,2,2023-03-12T06:08:00
2023-03-12T04:09:00Z,0,2,2023-03-12T06:09:00
2023-03-12T04:10:00Z,0,2,2023-03-12T06:10:00
2023-03-12T04:11:00Z,0,2,2023-03-12T06:11:00
2023-03-12T04:12:00Z,0,2,2023-03-12T06:12:00
2023-03-12T04:13:00Z,0,2,2023-03-12T06:13:00
2023-03-12T04:14:00Z,0,2,2023-03-12T06:14:00
2023-03-12T04:15:00Z,0,2,2023-03-12T06:15:00
2023-03-12T04:16:00Z,0,2,2023-03-12T06:16:00
2023-03-12T04:17:00Z,0,2,2023-03-12T06:17:00
2023-03-12T04:18:00Z,0,2,2023-03-12T06:18:00
2023-03-12T04:19:00Z,0,2,2023-03-12T06:19:00
2023-03-12T04:20:00Z,0,2,2023-03-12T06:20:00
2023-03-12T04:21:00Z,0,2,2023-03-12T06:21:00
2023-03-12T04:22:00Z,0,2,2023-03-12T06:22:00
2023-03-12T04:23:00Z,0,2,2023-03-12T06:23:00
2023-03-12T04:24:00Z,0,2,2023-03-12T06:24:00
2023-03-12T04:25:00Z,0,2,2023-03-12T06:25:00
2023-03-12T04:26:00Z,0,2,2023-03-12T06:26:00
2023-03-12T04:27:00Z,0,2,2023-03-12T06:27:00
2023-03-12T04:28:00Z,0,2,2023-03-12T06:28:00
2023-03-12T04:29:00Z,0,2,2023-03-12T06:29:00
2023-03-12T04:30:00Z,0,2,2023-03-12T06:30:00
2023-03-12T04:31:00Z,0,2,2023-03-12T06:31:00
2023-03-12T04:32:00Z,0,2,2023-03-12T06:32:00
2023-03-12T04:33:00Z,0,2,2023-03-12T06:33:00
2023-03-12T04:34:00Z,0,2,2023-03-12T06:34:00
2023-03-12T04:35:00Z,0,2,2023-03-12T06:35:00
2023-03-12T04:36:00Z,0,2,2023-03-12T06:36:00
2023-03-12T04:37:00Z,0,2,2023-03-12T06:37:00
2023-03-12T04:38:00Z,0,2,2023-03-12T06:38:00
2023-03-12T04:39:00Z,0,2,2023-03-12T06:39:00
2023-03-12T04:40:00Z,0,2,2023-03-12T06:40:00
2023-03-12T04:41:00Z,0,2,2023-03-12T06:41:00
2023-03-12T04:42:00Z,0,2,2023-03-12T06:42:00
2023-03-12T04:43:00Z,0,2,2023-03-12T06:43:00
2023-03-12T04:44:00Z,0,2,2023-03-12T06:44:00
2023-03-12T04:45:00Z,0,2,2023-03-12T06:45:00
2023-03-12T04:46:00Z,0,2,2023-03-12T06:46:00
2023-03-12T04:47:00Z,0,2,2023-03-12T06:47:00
2023-03-12T04:48:00Z,0,2,2023-03-12T06:48:00
2023-03-12T04:49:00Z,0,2,2023-03-12T06:49:00
2023-03-12T04:50:00Z,0,2,2023-03-12T06:50:00
2023-03-12T04:51:00Z,0,2,2023-03-12T06:51:00
2023-03-12T04:52:00Z,0,2,2023-03-12T06:52:00
2023-03-12T04:53:00Z,0,2,2023-03-12T06:53:00
2023-03-12T04:54:00Z,0,2,2023-03-12T06:54:00
2023-03-12T04:55:00Z,0,2,2023-03-12T06:55:00
2023-03-12T04:56:00Z,0,2,2023-03-12T06:56:00
2023-03-12T04:57:00Z,0,2,2023-03-12T06:57:00
2023-03-12T04:58:00Z,0,2,2023-03-12T06:58:00
2023-03-12T04:59:00Z,0,2,2023-03-12T06:59:00
2023-03-12T05:00:00Z,0,2,2023-03-12T07:00:00
2023-03-12T05:01:00Z,0,2,2023-03-12T07:01:00
2023-03-12T05:02:00Z,0,2,2023-03-12T07:02:00
2023-03-12T05:03:00Z,0,2,2023-03-12T07:03:00
2023-03-12T05:04:00Z,0,2,2023-03-12T07:04:00
2023-03-12T05:05:00Z,0,2,2023-03-12T07:05:00
2023-03-12T05:06:00Z,0,2,2023-03-12T07:06:00
2023-03-12T05:07:00Z,0,2,2023-03-12T07:07:00
2023-03-12T05:08:00Z,0,2,2023-03-12T07:08:00
2023-03-12T05:09:00Z,0,2,2023-03-12T07:09:00
2023-03-12T05:10:00Z,0,2,2023-03-12T07:10:00
2023-03-12T05:11:00Z,0,2,2023-03-12T07:11:00
2023-03-12T05:12:00Z,0,2,2023-03-12T07:12:00
2023-03-12T05:13:00Z,0,2,2023-03-12T07:13:00
2023-03-12T05:14:00Z,0,2,2023-03-12T07:14:00
2023-03-12T05:15:00Z,0,2,2023-03-12T07:15:00
2023-03-12T05:16:00Z,0,2,2023-03-12T07:16:00
2023-03-12T05:17:00Z,0,2,2023-03-12T07:17:00
2023-03-12T05:18:00Z,0,2,2023-03-12T07:18:00
2023-03-12T05:19:00Z,0,2,2023-03-12T07:19:00
2023-03-12T05:20:00Z,0,2,2023-03-12T07:20:00
2023-03-12T05:21:00Z,0,2,2023-03-12T07:21:00
2023-03-12T05:22:00Z,0,2,2023-03-12T07:22:00
2023-03-12T05:23:00Z,0,2,2023-03-12T07:23:00
2023-03-12T05:24:00Z,0,2,2023-03-12T07:24:00
2023-03-12T05:25:00Z,0,2,2023-03-12T07:25:00
2023-03-12T05:26:00Z,0,2,2023-03-12T07:26:00
2023-03-12T05:27:00Z,0,2,2023-03-12T07:27:00
2023-03-12T05:28:00Z,0,2,2023-03-12T07:28:00
2023-03-12T05:29:00Z,0,2,2023-03-12T07:29:00
2023-03-12T05:30:00Z,0,2,2023-03-12T07:30:00
2023-03-12T05:31:00Z,0,2,2023-03-12T07:31:00
2023-03-12T05:32:00Z,0,2,2023-03-12T07:32:00
2023-03-12T05:33:00Z,0,2,2023-03-12T07:33:00
2023-03-12T05:34:00Z,0,2,2023-03-12T07:34:00
2023-03-12T05:35:00Z,0,2,2023-03-12T07:35:00
2023-03-12T05:36:00Z,0,2,2023-03-12T07:36:00
2023-03-12T05:37:00Z,0,2,2023-03-12T07:37:00
2023-03-12T05:38:00Z,0,2,2023-03-12T07:38:00
2023-03-12T05:39:00Z,0,2,2023-03-12T07:39:00
2023-03-12T05:40:00Z,0,2,2023-03-12T07:40:00
2023-03-12T05:41:00Z,0,2,2023-03-12T07:41:00
2023-03-12T05:42:00Z,0,2,2023-03-12T07:42:00
2023-03-12T05:43:00Z,0,2,2023-03-12T07:43:00
2023-03-12T05:44:00Z,0,2,2023-03-12T07:44:00
2023-03-12T05:45:00Z,0,2,2023-03-12T07:45:00
2023-03-12T05:46:00Z,0,2,2023-03-12T07:46:00
2023-03-12T05:47:00Z,0,2,2023-03-12T07:47:00
2023-03-12T05:48:00Z,0,2,2023-03-12T07:48:00
2023-03-12T05:49:00Z,0,2,2023-03-12T07:49:00
2023-03-12T05:50:00Z,0,2,2023-03-12T07:50:00
2023-03-12T05:51:00Z,0,2,2023-03-12T07:51:00
2023-03-12T05:52:00Z,0,2,2023-03-12T07:52:00
2023-03-12T05:53:00Z,0,2,2023-03-12T07:53:00
2023-03-12T05:54:00Z,0,2,2023-03-12T07:54:00
2023-03-12T05:55:00Z,0,2,2023-03-12T07:55:00
2023-03-12T05:56:00Z,0,2,2023-03-12T07:56:00
2023-03-12T05:57:00Z,0,2,2023-03-12T07:57:00
2023-03-12T05:58:00Z,0,2,2023-03-12T07:58:00
2023-03-12T05:59:00Z,0,2,2023-03-12T07:59:00
2023-03-12T06:00:00Z,0,2,2023-03-12T08:00:00
2023-03-12T06:01:00Z,0,2,2023-03-12T08:01:00
2023-03-12T06:02:00Z,0,2,2023-03-12T08:02:00
2023-03-12T06:03:00Z,0,2,2023-03-12T08:03:00
2023-03-12T06:04:00Z,0,2,2023-03-12T08:04:00
2023-03-12T06:05:00Z,0,2,2023-03-12T08:05:00
2023-03-12T06:06:00Z,0,2,2023-03-12T08:06:00
2023-03-12T06:07:00Z,0,2,2023-03-12T08:07:00
2023-03-12T06:08:00Z,0,2,2023-03-12T08:08:00
2023-03-12T06:09:00Z,0,2,2023-03-12T08:09:00
2023-03-12T06:10:00Z,0,2,2023-03-12T08:10:00
2023-03-12T06:11:00Z,0,2,2023-03-12T08:11:00
2023-03-12T06:12:00Z,0,2,2023-03-12T08:12:00
2023-03-12T06:13:00Z,0,2,2023-03-12T08:13:00
2023-03-12T06:14:00Z,0,2,2023-03-12T08:14:00
2023-03-12T06:15:00Z,0,2,2023-03-12T08:15:00
2023-03-12T06:16:00Z,0,2,2023-03-12T08:16:00
2023-03-12T06:17:00Z,0,2,2023-03-12T08:17:00
2023-03-12T06:18:00Z,0,2,2023-03-12T08:18:00
2023-03-12T06:19:00Z,0,2,2023-03-12T08:19:00
2023-03-12T06:20:00Z,0,2,2023-03-12T08:20:00
2023-03-12T06:21:00Z,0,2,2023-03-12T08:21:00
2023-03-12T06:22:00Z,0,2,2023-03-12T08:22:00
2023-03-12T06:23:00Z,0,2,2023-03-12T08:23:00
2023-03-12T06:24:00Z,0,2,2023-03-12T08:24:00
2023-03-12T06:25:00Z,0,2,2023-03-12T08:25:00
2023-03-12T06:26:00Z,0,2,2023-03-12T08:26:00
2023-03-12T06:27:00Z,0,2,2023-03-12T08:27:00
2023-03-12T06:28:00Z,0,2,2023-03-12T08:28:00
2023-03-12T06:29:00Z,0,2,2023-03-12T08:29:00
2023-03-12T06:30:00Z,0,2,2023-03-12T08:30:00
2023-03-12T06:31:00Z,0,2,2023-03-12T08:31:00
2023-03-12T06:32:00Z,0,2,2023-03-12T08:32:00
2023-03-12T06:33:00Z,0,2,2023-03-12T08:33:00
2023-03-12T06:34:00Z,0,2,2023-03-12T08:34:00
2023-03-12T06:35:00Z,0,2,2023-03-12T08:35:00
2023-03-12T06:36:00Z,0,2,2023-03-12T08:36:00
2023-03-12T06:37:00Z,0,2,2023-03-12T08:37:00
2023-03-12T06:38:00Z,0,2,2023-03-12T08:38:00
2023-03-12T06:39:00Z,0,2,2023-03-12T08:39:00
2023-03-12T06:40:00Z,0,2,2023-03-12T08:40:00
2023-03-12T06:41:00Z,0,2,2023-03-12T08:41:00
2023-03-12T06:42:00Z,0,2,2023-03-12T08:42:00
2023-03-12T06:43:00Z,0,2,2023-03-12T08:43:00
2023-03-12T06:44:00Z,0,2,2023-03-12T08:44:00
2023-03-12T06:45:00Z,0,2,2023-03-12T08:45:00
2023-03-12T06:46:00Z,0,2,2023-03-12T08:46:00
2023-03-12T06:47:00Z,0,2,2023-03-12T08:47:00
2023-03-12T06:48:00Z,0,2,2023-03-12T08:48:00
2023-03-12T06:49:00Z,0,2,2023-03-12T08:49:00
2023-03-12T06:50:00Z,0,2,2023-03-12T08:50:00
2023-03-12T06:51:00Z,0,2,2023-03-12T08:51:00
2023-03-12T06:52:00Z,0,2,2023-03-12T08:52:00
2023-03-12T06:53:00Z,0,2,2023-03-12T08:53:00
2023-03-12T06:54:00Z,0,2,2023-03-12T08:54:00
2023-03-12T06:55:00Z,0,2,2023-03-12T08:55:00
2023-03-12T06:56:00Z,0,2,2023-03-12T08:56:00
2023-03-12T06:57:00Z,0,2,2023-03-12T08:57:00
2023-03-12T06:58:00Z,0,2,2023-03-12T08:58:00
2023-03-12T06:59:00Z,0,2,2023-03-12T08:59:00
2023-03-12T07:00:00Z,1,3,2023-03-12T10:00:00
2023-03-12T07:01:00Z,1,3,2023-03-12T10:01:00
2023-03-12T07:02:00Z,1,3,2023-03-12T10:02:00
2023-03-12T07:03:00Z,1,3,2023-03-12T10:03:00
2023-03-12T07:04:00Z,1,3,2023-03-12T10:04:00
2023-03-12T07:05:00Z,1,3,2023-03-12T10:05:00
2023-03-12T07:06:00Z,1,3,2023-03-12T10:06:00
2023-03-12T07:07:00Z,1,3,2023-03-12T10:07:00
2023-03-12T07:08:00Z,1,3,2023-03-12T10:08:00
2023-03-12T07:09:00Z,1,3,2023-03-12T10:09:00
2023-03-12T07:10:00Z,1,3,2023-03-12T10:10:00
2023-03-12T07:11:00Z,1,3,2023-03-12T10:11:00
2023-03-12T07:12:00Z,1,3,2023-03-12T10:12:00
2023-03-12T07:13:00Z,1,3,2023-03-12T10:13:00
2023-03-12T07:14:00Z,1,3,2023-03-12T10:14:00
2023-03-12T07:15:00Z,1,3,2023-03-12T10:15:00
2023-03-12T07:16:00Z,1,3,2023-03-12T10:16:00
2023-03-12T07:17:00Z,1,3,2023-03-12T10:17:00
2023-03-12T07:18:00Z,1,3,2023-03-12T10:18:00
2023-03-12T07:19:00Z,1,3,2023-03-12T10:19:00
2023-03-12T07:20:00Z,1,3,2023-03-12T10:20:00
2023-03-12T07:21:00Z,1,3,2023-03-12T10:21:00
2023-03-12T07:22:00Z,1,3,2023-03-12T10:22:00
2023-03-12T07:23:00Z,1,3,2023-03-12T10:23:00
2023-03-12T07:24:00Z,1,3,2023-03-12T10:24:00
2023-03-12T07:25:00Z,1,3,2023-03-12T10:25:00
2023-03-12T07:26:00Z,1,3,2023-03-12T10:26:00
2023-03-12T07:27:00Z,1,3,2023-03-12T10:27:00
2023-03-12T07:28:00Z,1,3,2023-03-12T10:28:00
2023-03-12T07:29:00Z,1,3,2023-03-12T10:29:00
2023-03-12T07:30:00Z,1,3,2023-03-12T10:30:00
2023-03-12T07:31:00Z,1,3,2023-03-12T10:31:00
2023-03-12T07:32:00Z,1,3,2023-03-12T10:32:00
2023-03-12T07:33:00Z,1,3,2023-03-12T10:33:00
2023-03-12T07:34:00Z,1,3,2023-03-12T10:34:00
2023-03-12T07:35:00Z,1,3,2023-03-12T10:35:00
2023-03-12T07:36:00Z,1,3,2023-03-12T10:36:00
2023-03-12T07:37:00Z,1,3,2023-03-12T10:37:00
2023-03-12T07:38:00Z,1,3,2023-03-12T10:38:00
2023-03-12T07:39:00Z,1,3,2023-03-12T10:39:00
2023-03-12T07:40:00Z,1,3,2023-03-12T10:40:00
2023-03-12T07:41:00Z,1,3,2023-03-12T10:41:00
2023-03-12T07:42:00Z,1,3,2023-03-12T10:42:00
2023-03-12T07:43:00Z,1,3,2023-03-12T10:43:00
2023-03-12T07:44:00Z,1,3,2023-03-12T10:44:00
2023-03-12T07:45:00Z,1,3,2023-03-12T10:45:00
2023-03-12T07:46:00Z,1,3,2023-03-12T10:46:00
2023-03-12T07:47:00Z,1,3,2023-03-12T10:47:00
2023-03-12T07:48:00Z,1,3,2023-03-12T10:48:00
2023-03-12T07:49:00Z,1,3,2023-03-12T10:49:00
2023-03-12T07:50:00Z,1,3,2023-03-12T10:50:00
2023-03-12T07:51:00Z,1,3,2023-03-12T10:51:00
2023-03-12T07:52:00Z,1,3,2023-03-12T10:52:00
2023-03-12T07:53:00Z,1,3,2023-03-12T10:53:00
2023-03-12T07:54:00Z,1,3,2023-03-12T10:54:00
2023-03-12T07:55:00Z,1,3,2023-03-12T10:55:00
2023-03-12T07:56:00Z,1,3,2023-03-12T10:56:00
2023-03-12T07:57:00Z,1,3,2023-03-12T10:57:00
2023-03-12T07:58:00Z,1,3,2023-03-12T10:58:00
2023-03-12T07:59:00Z,1,3,2023-03-12T10:59:00
2023-03-12T08:00:00Z,1,3,2023-03-12T11:00:00
2023-03-12T08:01:00Z,1,3,2023-03-12T11:01:00
2023-03-12T08:02:00Z,1,3,2023-03-12T11:02:00
2023-03-12T08:03:00Z,1,3,2023-03-12T11:03:00
2023-03-12T08:04:00Z,1,3,2023-03-12T11:04:00
2023-03-12T08:05:00Z,1,3,2023-03-12T11:05:00
2023-03-12T08:06:00Z,1,3,2023-03-12T11:06:00
2023-03-12T08:07:00Z,1,3,2023-03-12T11:07:00
2023-03-12T08:08:00Z,1,3,2023-03-12T11:08:00
2023-03-12T08:09:00Z,1,3,2023-03-12T11:09:00
2023-03-12T08:10:00Z,1,3,2023-03-12T11:10:00
2023-03-12T08:11:00Z,1,3,2023-03-12T11:11:00
2023-03-12T08:12:00Z,1,3,2023-03-12T11:12:00
2023-03-12T08:13:00Z,1,3,2023-03-12T11:13:00
2023-03-12T08:14:00Z,1,3,2023-03-12T11:14:00
2023-03-12T08:15:00Z,1,3,2023-03-12T11:15:00
2023-03-12T08:16:00Z,1,3,2023-03-12T11:16:00
2023-03-12T08:17:00Z,1,3,2023-03-12T11:17:00
2023-03-12T08:18:00Z,1,3,2023-03-12T11:18:00
2023-03-12T08:19:00Z,1,3,2023-03-12T11:19:00
2023-03-12T08:20:00Z,1,3,2023-03-12T11:20:00
2023-03-12T08:21:00Z,1,3,2023-03-12T11:21:00
2023-03-12T08:22:00Z,1,3,2023-03-12T11:22:00
2023-03-12T08:23:00Z,1,3,2023-03-12T11:23:00
2023-03-12T08:24:00Z,1,3,2023-03-12T11:24:00
2023-03-12T08:25:00Z,1,3,2023-03-12T11:25:00
2023-03-12T08:26:00Z,1,3,2023-03-12T11:26:00
2023-03-12T08:27:00Z,1,3,2023-03-12T11:27:00
2023-03-12T08:28:00Z,1,3,2023-03-12T11:28:00
2023-03-12T08:29:00Z,1,3,2023-03-12T11:29:00
2023-03-12T08:30:00Z,1,3,2023-03-12T11:30:00
2023-03-12T08:31:00Z,1,3,2023-03-12T11:31:00
2023-03-12T08:32:00Z,1,3,2023-03-12T11:32:00
2023-03-12T08:33:00Z,1,3,2023-03-12T11:33:00
2023-03-12T08:34:00Z,1,3,2023-03-12T11:34:00
2023-03-12T08:35:00Z,1,3,2023-03-12T11:35:00
2023-03-12T08:36:00Z,1,3,2023-03-12T11:36:00
2023-03-12T08:37:00Z,1,3,2023-03-12T11:37:00
2023-03-12T08:38:00Z,1,3,2023-03-12T11:38:00
2023-03-12T08:39:00Z,1,3,2023-03-12T11:39:00
2023-03-12T08:40:00Z,1,3,2023-03-12T11:40:00
2023-03-12T08:41:00Z,1,3,2023-03-12T11:41:00
2023-03-12T08:42:00Z,1,3,2023-03-12T11:42:00
2023-03-12T08:43:00Z,1,3,2023-03-12T11:43:00
2023-03-12T08:44:00Z,1,3,2023-03-12T11:44:00
2023-03-12T08:45:00Z,1,3,2023-03-12T11:45:00
2023-03-12T08:46:00Z,1,3,2023-03-12T11:46:00
2023-03-12T08:47:00Z,1,3,2023-03-12T11:47:00
2023-03-12T08:48:00Z,1,3,2023-03-12T11:48:00
2023-03-12T08:49:00Z,1,3,2023-03-12T11:49:00
2023-03-12T08:50:00Z,1,3,2023-03-12T11:50:00
2023-03-12T08:51:00Z,1,3,2023-03-12T11:51:00
2023-03-12T08:52:00Z,1,3,2023-03-12T11:52:00
2023-03-12T08:53:00Z,1,3,2023-03-12T11:53:00
2023-03-12T08:54:00Z,1,3,2023-03-12T11:54:00
2023-03-12T08:55:00Z,1,3,2023-03-12T11:55:00
2023-03-12T08:56:00Z,1,3,2023-03-12T11:56:00
2023-03-12T08:57:00Z,1,3,2023-03-12T11:57:00
2023-03-12T08:58:00Z,1,3,2023-03-12T11:58:00
2023-03-12T08:59:00Z,1,3,2023-03-12T11:59:00
2023-03-12T09:00:00Z,1,3,2023-03-12T12:00:00
2023-03-12T09:01:00Z,1,3,2023-03-12T12:01:00
2023-03-12T09:02:00Z,1,3,2023-03-12T12:02:00
2023-03-12T09:03:00Z,1,3,2023-03-12T12:03:00
2023-03-12T09:04:00Z,1,3,2023-03-12T12:04:00
2023-03-12T09:05:00Z,1,3,2023-03-12T12:05:00
2023-03-12T09:06:00Z,1,3,2023-03-12T12:06:00
2023-03-12T09:07:00Z,1,3,2023-03-12T12:07:00
2023-03-12T09:08:00Z,1,3,2023-03-12T12:08:00
2023-03-12T09:09:00Z,1,3,2023-03-12T12:09:00
2023-03-12T09:10:00Z,1,3,2023-03-12T12:10:00
2023-03-12T09:11:00Z,1,3,2023-03-12T12:11:00
2023-03-12T09:12:00Z,1,3,2023-03-12T12:12:00
2023-03-12T09:13:00Z,1,3,2023-03-12T12:13:00
2023-03-12T09:14:00Z,1,3,2023-03-12T12:14:00
2023-03-12T09:15:00Z,1,3,2023-03-12T12:15:00
2023-03-12T09:16:00Z,1,3,2023-03-12T12:16:00
2023-03-12T09:17:00Z,1,3,2023-03-12T12:17:00
2023-03-12T09:18:00Z,1,3,2023-03-12T12:18:00
2023-03-12T09:19:00Z,1,3,2023-03-12T12:19:00
2023-03-12T09:20:00Z,1,3,2023-03-12T12:20:00
2023-03-12T09:21:00Z,1,3,2023-03-12T12:21:00
2023-03-12T09:22:00Z,1,3,2023-03-12T12:22:00
2023-03-12T09:23:00Z,1,3,2023-03-12T12:23:00
2023-03-12T09:24:00Z,1,3,2023-03-12T12:24:00
2023-03-12T09:25:00Z,1,3,2023-03-12T12:25:00
2023-03-12T09:26:00Z,1,3,2023-03-12T12:26:00
2023-03-12T09:27:00Z,1,3,2023-03-12T12:27:00
2023-03-12T09:28:00Z,1,3,2023-03-12T12:28:00
2023-03-12T09:29:00Z,1,3,2023-03-12T12:29:00
2023-03-12T09:30:00Z,1,3,2023-03-12T12:30:00
2023-03-12T09:31:00Z,1,3,2023-03-12T12:31:00
2023-03-12T09:32:00Z,1,3,2023-03-12T12:32:00
2023-03-12T09:33:00Z,1,3,2023-03-12T12:33:00
2023-03-12T09:34:00Z,1,3,2023-03-12T12:34:00
2023-03-12T09:35:00Z,1,3,2023-03-12T12:35:00
2023-03-12T09:36:00Z,1,3,2023-03-12T12:36:00
2023-03-12T09:37:00Z,1,3,2023-03-12T12:37:00
2023-03-12T09:38:00Z,1,3,2023-03-12T12:38:00
2023-03-12T09:39:00Z,1,3,2023-03-12T12:39:00
2023-03-12T09:40:00Z,1,3,2023-03-12T12:40:00
2023-03-12T09:41:00Z,1,3,2023-03-12T12:41:00
2023-03-12T09:42:00Z,1,3,2023-03-12T12:42:00
2023-03-12T09:43:00Z,1,3,2023-03-12T12:43:00
2023-03-12T09:44:00Z,1,3,2023-03-12T12:44:00
2023-03-12T09:45:00Z,1,3,2023-03-12T12:45:00
2023-03-12T09:46:00Z,1,3,2023-03-12T12:46:00
2023-03-12T09:47:00Z,1,3,2023-03-12T12:47:00
2023-03-12T09:48:00Z,1,3,2023-03-12T12:48:00
2023-03-12T09:49:00Z,1,3,2023-03-12T12:49:00
2023-03-12T09:50:00Z,1,3,2023-03-12T12:50:00
2023-03-12T09:51:00Z,1,3,2023-03-12T12:51:00
2023-03-12T09:52:00Z,1,3,2023-03-12T12:52:00
2023-03-12T09:53:00Z,1,3,2023-03-12T12:53:00
2023-03-12T09:54:00Z,1,3,2023-03-12T12:54:00
2023-03-12T09:55:00Z,1,3,2023-03-12T12:55:00
2023-03-12T09:56:00Z,1,3,2023-03-12T12:56:00
2023-03-12T09:57:00Z,1,3,2023-03-12T12:57:00
2023-03-12T09:58:00Z,1,3,2023-03-12T12:58:00
2023-03-12T09:59:00Z,1,3,2023-03-12T12:59:00
2023-03-12T10:00:00Z,1,3,2023-03-12T13:00:00
2023-11-05T03:00:00Z,1,3,2023-11-05T06:00:00
2023-11-05T03:01:00Z,1,3,2023-11-05T06:01:00
2023-11-05T03:02:00Z,1,3,2023-11-05T06:02:00
2023-11-05T03:03:00Z,1,3,2023-11-05T06:03:00
2023-11-05T03:04:00Z,1,3,2023-11-05T06:04:00
2023-11-05T03:05:00Z,1,3,2023-11-05T06:05:00
2023-11-05T03:06:00Z,1,3,2023-11-05T06:06:00
2023-11-05T03:07:00Z,1,3,2023-11-05T06:07:00
2023-11-05T03:08:00Z,1,3,2023-11-05T06:08:00
2023-11-05T03:09:00Z,1,3,2023-11-05T06:09:00
2023-11-05T03:10:00Z,1,3,2023-11-05T06:10:00
2023-11-05T03:11:00Z,1,3,2023-11-05T06:11:00
2023-11-05T03:12:00Z,1,3,2023-11-05T06:12:00
2023-11-05T03:13:00Z,1,3,2023-11-05T06:13:00
2023-11-05T03:14:00Z,1,3,2023-11-05T06:14:00
2023-11-05T03:15:00Z,1,3,2023-11-05T06:15:00
2023-11-05T03:16:00Z,1,3,2023-11-05T06:16:00
2023-11-05T03:17:00Z,1,3,2023-11-05T06:17:00
2023-11-05T03:18:00Z,1,3,2023-11-05T06:18:00
2023-11-05T03:19:00Z,1,3,2023-11-05T06:19:00
2023-11-05T03:20:00Z,1,3,2023-11-05T06:20:00
2023-11-05T03:21:00Z,1,3,2023-11-05T06:21:00
2023-11-05T03:22:00Z,1,3,2023-11-05T06:22:00
2023-11-05T03:23:00Z,1,3,2023-11-05T06:23:00
2023-11-05T03:24:00Z,1,3,2023-11-05T06:24:00
2023-11-05T03:25:00Z,1,3,2023-11-05T06:25:00
2023-11-05T03:26:00Z,1,3,2023-11-05T06:26:00
2023-11-05T03:27:00Z,1,3,2023-11-05T06:27:00
2023-11-05T03:28:00Z,1,3,2023-11-05T06:28:00
2023-11-05T03:29:00Z,1,3,2023-11-05T06:29:00
2023-11-05T03:30:00Z,1,3,2023-11-05T06:30:00
2023-11-05T03:31:00Z,1,3,2023-11-05T06:31:00
2023-11-05T03:32:00Z,1,3,2023-11-05T06:32:00
2023-11-05T03:33:00Z,1,3,2023-11-05T06:33:00
2023-11-05T03:34:00Z,1,3,2023-11-05T06:34:00
2023-11-05T03:35:00Z,1,3,2023-11-05T06:35:00
2023-11-05T03:36:00Z,1,3,2023-11-05T06:36:00
2023-11-05T03:37:00Z,1,3,2023-11-05T06:37:00
2023-11-05T03:38:00Z,1,3,2023-11-05T06:38:00
2023-11-05T03:39:00Z,1,3,2023-11-05T06:39:00
2023-11-05T03:40:00Z,1,3,2023-11-05T06:40:00
2023-11-05T03:41:00Z,1,3,2023-11-05T06:41:00
2023-11-05T03:42:00Z,1,3,2023-11-05T06:42:00
2023-11-05T03:43:00Z,1,3,2023-11-05T06:43:00
2023-11-05T03:44:00Z,1,3,2023-11-05T06:44:00
2023-11-05T03:45:00Z,1,3,2023-11-05T06:45:00
2023-11-05T03:46:00Z,1,3,2023-11-05T06:46:00
2023-11-05T03:47:00Z,1,3,2023-11-05T06:47:00
2023-11-05T03:48:00Z,1,3,2023-11-05T06:48:00
2023-11-05T03:49:00Z,1,3,2023-11-05T06:49:00
2023-11-05T03:50:00Z,1,3,2023-11-05T06:50:00
2023-11-05T03:51:00Z,1,3,2023-11-05T06:51:00
2023-11-05T03:52:00Z,1,3,2023-11-05T06:52:00
2023-11-05T03:53:00Z,1,3,2023-11-05T06:53:00
2023-11-05T03:54:00Z,1,3,2023-11-05T06:54:00
2023-11-05T03:55:00Z,1,3,2023-11-05T06:55:00
2023-11-05T03:56:00Z,1,3,2023-11-05T06:56:00
2023-11-05T03:57:00Z,1,3,2023-11-05T06:57:00
2023-11-05T03:58:00Z,1,3,2023-11-05T06:58:00
2023-11-05T03:59:00Z,1,3,2023-11-05T06:59:00
2023-11-05T04:00:00Z,1,3,2023-11-05T07:00:00
2023-11-05T04:01:00Z,1,3,2023-11-05T07:01:00
2023-11-05T04:02:00Z,1,3,2023-11-05T07:02:00
2023-11-05T04:03:00Z,1,3,2023-11-05T07:03:00
2023-11-05T04:04:00Z,1,3,2023-11-05T07:04:00
2023-11-05T04:05:00Z,1,3,2023-11-05T07:05:00
2023-11-05T04:06:00Z,1,3,2023-11-05T07:06:00
2023-11-05T04:07:00Z,1,3,2023-11-05T07:07:00
2023-11-05T04:08:00Z,1,3,2023-11-05T07:08:00
2023-11-05T04:09:00Z,1,3,2023-11-05T07:09:00
2023-11-05T04:10:00Z,1,3,2023-11-05T07:10:00
2023-11-05T04:11:00Z,1,3,2023-11-05T07:11:00
2023-11-05T04:12:00Z,1,3,2023-11-05T07:12:00
2023-11-05T04:13:00Z,1,3,2023-11-05T07:13:00
2023-11-05T04:14:00Z,1,3,2023-11-05T07:14:00
2023-11-05T04:15:00Z,1,3,2023-11-05T07:15:00
2023-11-05T04:16:00Z,1,3,2023-11-05T07:16:00
2023-11-05T04:17:00Z,1,3,2023-11-05T07:17:00
2023-11-05T04:18:00Z,1,3,2023-11-05T07:18:00
2023-11-05T04:19:00Z,1,3,2023-11-05T07:19:00
2023-11-05T04:20:00Z,1,3,2023-11-05T07:20:00
2023-11-05T04:21:00Z,1,3,2023-11-05T07:21:00
2023-11-05T04:22:00Z,1,3,2023-11-05T07:22:00
2023-11-05T04:23:00Z,1,3,2023-11-05T07:23:00
2023-11-05T04:24:00Z,1,3,2023-11-05T07:24:00
2023-11-05T04:25:00Z,1,3,2023-11-05T07:25:00
2023-11-05T04:26:00Z,1,3,2023-11-05T07:26:00
2023-11-05T04:27:00Z,1,3,2023-11-05T07:27:00
2023-11-05T04:28:00Z,1,3,2023-11-05T07:28:00
2023-11-05T04:29:00Z,1,3,2023-11-05T07:29:00
2023-11-05T04:30:00Z,1,3,2023-11-05T07:30:00
2023-11-05T04:31:00Z,1,3,2023-11-05T07:31:00
2023-11-05T04:32:00Z,1,3,2023-11-05T07:32:00
2023-11-05T04:33:00Z,1,3,2023-11-05T07:33:00
2023-11-05T04:34:00Z,1,3,2023-11-05T07:34:00
2023-11-05T04:35:00Z,1,3,2023-11-05T07:35:00
2023-11-05T04:36:00Z,1,3,2023-11-05T07:36:00
2023-11-05T04:37:00Z,1,3,2023-11-05T07:37:00
2023-11-05T04:38:00Z,1,3,2023-11-05T07:38:00
2023-11-05T04:39:00Z,1,3,2023-11-05T07:39:00
2023-11-05T04:40:00Z,1,3,2023-11-05T07:40:00
2023-11-05T04:41:00Z,1,3,2023-11-05T07:41:00
2023-11-05T04:42:00Z,1,3,2023-11-05T07:42:00
2023-11-05T04:43:00Z,1,3,2023-11-05T07:43:00
2023-11-05T04:44:00Z,1,3,2023-11-05T07:44:00
2023-11-05T04:45:00Z,1,3,2023-11-05T07:45:00
2023-11-05T04:46:00Z,1,3,2023-11-05T07:46:00
2023-11-05T04:47:00Z,1,3,2023-11-05T07:47:00
2023-11-05T04:48:00Z,1,3,2023-11-05T07:48:00
2023-11-05T04:49:00Z,1,3,2023-11-05T07:49:00
2023-11-05T04:50:00Z,1,3,2023-11-05T07:50:00
2023-11-05T04:51:00Z,1,3,2023-11-05T07:51:00
2023-11-05T04:52:00Z,1,3,2023-11-05T07:52:00
2023-11-05T04:53:00Z,1,3,2023-11-05T07:53:00
2023-11-05T04:54:00Z,1,3,2023-11-05T07:54:00
2023-11-05T04:55:00Z,1,3,2023-11-05T07:55:00
2023-11-05T04:56:00Z,1,3,2023-11-05T07:56:00
2023-11-05T04:57:00Z,1,3,2023-11-05T07:57:00
2023-11-05T04:58:00Z,1,3,2023-11-05T07:58:00
2023-11-05T04:59:00Z,1,3,2023-11-05T07:59:00
2023-11-05T05:00:00Z,1,3,2023-11-05T08:00:00
2023-11-05T05:01:00Z,1,3,2023-11-05T08:01:00
2023-11-05T05:02:00Z,1,3,2023-11-05T08:02:00
2023-11-05T05:03:00Z,1,3,2023-11-05T08:03:00
2023-11-05T05:04:00Z,1,3,2023-11-05T08:04:00
2023-11-05T05:05:00Z,1,3,2023-11-05T08:05:00
2023-11-05T05:06:00Z,1,3,2023-11-05T08:06:00
2023-11-05T05:07:00Z,1,3,2023-11-05T08:07:00
2023-11-05T05:08:00Z,1,3,2023-11-05T08:08:00
2023-11-05T05:09:00Z,1,3,2023-11-05T08:09:00
2023-11-05T05:10:00Z,1,3,2023-11-05T08:10:00
2023-11-05T05:11:00Z,1,3,2023-11-05T08:11:00
2023-11-05T05:12:00Z,1,3,2023-11-05T08:12:00
2023-11-05T05:13:00Z,1,3,2023-11-05T08:13:00
2023-11-05T05:14:00Z,1,3,2023-11-05T08:14:00
2023-11-05T05:15:00Z,1,3,2023-11-05T08:15:00
2023-11-05T05:16:00Z,1,3,2023-11-05T08:16:00
2023-11-05T05:17:00Z,1,3,2023-11-05T08:17:00
2023-11-05T05:18:00Z,1,3,2023-11-05T08:18:00
2023-11-05T05:19:00Z,1,3,2023-11-05T08:19:00
2023-11-05T05:20:00Z,1,3,2023-11-05T08:20:00
2023-11-05T05:21:00Z,1,3,2023-11-05T08:21:00
2023-11-05T05:22:00Z,1,3,2023-11-05T08:22:00
2023-11-05T05:23:00Z,1,3,2023-11-05T08:23:00
2023-11-05T05:24:00Z,1,3,2023-11-05T08:24:00
2023-11-05T05:25:00Z,1,3,2023-11-05T08:25:00
2023-11-05T05:26:00Z,1,3,2023-11-05T08:26:00
2023-11-05T05:27:00Z,1,3,2023-11-05T08:27:00
2023-11-05T05:28:00Z,1,3,2023-11-05T08:28:00
2023-11-05T05:29:00Z,1,3,2023-11-05T08:29:00
2023-11-05T05:30:00Z,1,3,2023-11-05T08:30:00
2023-11-05T05:31:00Z,1,3,2023-11-05T08:31:00
2023-11-05T05:32:00Z,1,3,2023-11-05T08:32:00
2023-11-05T05:33:00Z,1,3,2023-11-05T08:33:00
2023-11-05T05:34:00Z,1,3,2023-11-05T08:34:00
2023-11-05T05:35:00Z,1,3,2023-11-05T08:35:00
2023-11-05T05:36:00Z,1,3,2023-11-05T08:36:00
2023-11-05T05:37:00Z,1,3,2023-11-05T08:37:00
2023-11-05T05:38:00Z,1,3,2023-11-05T08:38:00
2023-11-05T05:39:00Z,1,3,2023-11-05T08:39:00
2023-11-05T05:40:00Z,1,3,2023-11-05T08:40:00
2023-11-05T05:41:00Z,1,3,2023-11-05T08:41:00
2023-11-05T05:42:00Z,1,3,2023-11-05T08:42:00
2023-11-05T05:43:00Z,1,3,2023-11-05T08:43:00
2023-11-05T05:44:00Z,1,3,2023-11-05T08:44:00
2023-11-05T05:45:00Z,1,3,2023-11-05T08:45:00
2023-11-05T05:46:00Z,1,3,2023-11-05T08:46:00
2023-11-05T05:47:00Z,1,3,2023-11-05T08:47:00
2023-11-05T05:48:00Z,1,3,2023-11-05T08:48:00
2023-11-05T05:49:00Z,1,3,2023-11-05T08:49:00
2023-11-05T05:50:00Z,1,3,2023-11-05T08:50:00
2023-11-05T05:51:00Z,1,3,2023-11-05T08:51:00
2023-11-05T05:52:00Z,1,3,2023-11-05T08:52:00
2023-11-05T05:53:00Z,1,3,2023-11-05T08:53:00
2023-11-05T05:54:00Z,1,3,2023-11-05T08:54:00
2023-11-05T05:55:00Z,1,3,2023-11-05T08:55:00
2023-11-05T05:56:00Z,1,3,2023-11-05T08:56:00
2023-11-05T05:57:00Z,1,3,2023-11-05T08:57:00
2023-11-05T05:58:00Z,1,3,2023-11-05T08:58:00
2023-11-05T05:59:00Z,1,3,2023-11-05T08:59:00
2023-11-05T06:00:00Z,0,2,2023-11-05T08:00:00
2023-11-05T06:01:00Z,0,2,2023-11-05T08:01:00
2023-11-05T06:02:00Z,0,2,2023-11-05T08:02:00
2023-11-05T06:03:00Z,0,2,2023-11-05T08:03:00
2023-11-05T06:04:00Z,0,2,2023-11-05T08:04:00
2023-11-05T06:05:00Z,0,2,2023-11-05T08:05:00
2023-11-05T06:06:00Z,0,2,2023-11-05T08:06:00
2023-11-05T06:07:00Z,0,2,2023-11-05T08:07:00
2023-11-05T06:08:00Z,0,2,2023-11-05T08:08:00
2023-11-05T06:09:00Z,0,2,2023-11-05T08:09:00
2023-11-05T06:10:00Z,0,2,2023-11-05T08:10:00
2023-11-05T06:11:00Z,0,2,2023-11-05T08:11:00
2023-11-05T06:12:00Z,0,2,2023-11-05T08:12:00
2023-11-05T06:13:00Z,0,2,2023-11-05T08:13:00
2023-11-05T06:14:00Z,0,2,2023-11-05T08:14:00
2023-11-05T06:15:00Z,0,2,2023-11-05T08:15:00
2023-11-05T06:16:00Z,0,2,2023-11-05T08:16:00
2023-11-05T06:17:00Z,0,2,2023-11-05T08:17:00
2023-11-05T06:18:00Z,0,2,2023-11-05T08:18:00
2023-11-05T06:19:00Z,0,2,2023-11-05T08:19:00
2023-11-05T06:20:00Z,0,2,2023-11-05T08:20:00
2023-11-05T06:21:00Z,0,2,2023-11-05T08:21:00
2023-11-05T06:22:00Z,0,2,2023-11-05T08:22:00
2023-11-05T06:23:00Z,0,2,2023-11-05T08:23:00
2023-11-05T06:24:00Z,0,2,2023-11-05T08:24:00
2023-11-05T06:25:00Z,0,2,2023-11-05T08:25:00
2023-11-05T06:26:00Z,0,2,2023-11-05T08:26:00
2023-11-05T06:27:00Z,0,2,2023-11-05T08:27:00
2023-11-05T06:28:00Z,0,2,2023-11-05T08:28:00
2023-11-05T06:29:00Z,0,2,2023-11-05T08:29:00
2023-11-05T06:30:00Z,0,2,2023-11-05T08:30:00
2023-11-05T06:31:00Z,0,2,2023-11-05T08:31:00
2023-11-05T06:32:00Z,0,2,2023-11-05T08:32:00
2023-11-05T06:33:00Z,0,2,2023-11-05T08:33:00
2023-11-05T06:34:00Z,0,2,2023-11-05T08:34:00
2023-11-05T06:35:00Z,0,2,2023-11-05T08:35:00
2023-11-05T06:36:00Z,0,2,2023-11-05T08:36:00
2023-11-05T06:37:00Z,0,2,2023-11-05T08:37:00
2023-11-05T06:38:00Z,0,2,2023-11-05T08:38:00
2023-11-05T06:39:00Z,0,2,2023-11-05T08:39:00
2023-11-05T06:40:00Z,0,2,2023-11-05T08:40:00
2023-11-05T06:41:00Z,0,2,2023-11-05T08:41:00
2023-11-05T06:42:00Z,0,2,2023-11-05T08:42:00
2023-11-05T06:43:00Z,0,2,2023-11-05T08:43:00
2023-11-05T06:44:00Z,0,2,2023-11-05T08:44:00
2023-11-05T06:45:00Z,0,2,2023-11-05T08:45:00
2023-11-05T06:46:00Z,0,2,2023-11-05T08:46:00
2023-11-05T06:47:00Z,0,2,2023-11-05T08:47:00
2023-11-05T06:48:00Z,0,2,2023-11-05T08:48:00
2023-11-05T06:49:00Z,0,2,2023-11-05T08:49:00
2023-11-05T06:50:00Z,0,2,2023-11-05T08:50:00
2023-11-05T06:51:00Z,0,2,2023-11-05T08:51:00
2023-11-05T06:52:00Z,0,2,2023-11-05T08:52:00
2023-11-05T06:53:00Z,0,2,2023-11-05T08:53:00
2023-11-05T06:54:00Z,0,2,2023-11-05T08:54:00
2023-11-05T06:55:00Z,0,2,2023-11-05T08:55:00
2023-11-05T06:56:00Z,0,2,2023-11-05T08:56:00
2023-11-05T06:57:00Z,0,2,2023-11-05T08:57:00
2023-11-05T06:58:00Z,0,2,2023-11-05T08:58:00
2023-11-05T06:59:00Z,0,2,2023-11-05T08:59:00
2023-11-05T07:00:00Z,0,2,2023-11-05T09:00:00
2023-11-05T07:01:00Z,0,2,2023-11-05T09:01:00
2023-11-05T07:02:00Z,0,2,2023-11-05T09:02:00
2023-11-05T07:03:00Z,0,2,2023-11-05T09:03:00
2023-11-05T07:04:00Z,0,2,2023-11-05T09:04:00
2023-11-05T07:05:00Z,0,2,2023-11-05T09:05:00
2023-11-05T07:06:00Z,0,2,2023-11-05T09:06:00
2023-11-05T07:07:00Z,0,2,2023-11-05T09:07:00
2023-11-05T07:08:00Z,0,2,2023-11-05T09:08:00
2023-11-05T07:09:00Z,0,2,2023-11-05T09:09:00
2023-11-05T07:10:00Z,0,2,2023-11-05T09:10:00
2023-11-05T07:11:00Z,0,2,2023-11-05T09:11:00
2023-11-05T07:12:00Z,0,2,2023-11-05T09:12:00
2023-11-05T07:13:00Z,0,2,2023-11-05T09:13:00
2023-11-05T07:14:00Z,0,2,2023-11-05T09:14:00
2023-11-05T07:15:00Z,0,2,2023-11-05T09:15:00
2023-11-05T07:16:00Z,0,2,2023-11-05T09:16:00
2023-11-05T07:17:00Z,0,2,2023-11-05T09:17:00
2023-11-05T07:18:00Z,0,2,2023-11-05T09:18:00
2023-11-05T07:19:00Z,0,2,2023-11-05T09:19:00
2023-11-05T07:20:00Z,0,2,2023-11-05T09:20:00
2023-11-05T07:21:00Z,0,2,2023-11-05T09:21:00
2023-11-05T07:22:00Z,0,2,2023-11-05T09:22:00
2023-11-05T07:23:00Z,0,2,2023-11-05T09:23:00
2023-11-05T07:24:00Z,0,2,2023-11-05T09:24:00
2023-11-05T07:25:00Z,0,2,2023-11-05T09:25:00
2023-11-05T07:26:00Z,0,2,2023-11-05T09:26:00
2023-11-05T07:27:00Z,0,2,2023-11-05T09:27:00
2023-11-05T07:28:00Z,0,2,2023-11-05T09:28:00
2023-11-05T07:29:00Z,0,2,2023-11-05T09:29:00
2023-11-05T07:30:00Z,0,2,2023-11-05T09:30:00
2023-11-05T07:31:00Z,0,2,2023-11-05T09:31:00
2023-11-05T07:32:00Z,0,2,2023-11-05T09:32:00
2023-11-05T07:33:00Z,0,2,2023-11-05T09:33:00
2023-11-05T07:34:00Z,0,2,2023-11-05T09:34:00
2023-11-05T07:35:00Z,0,2,2023-11-05T09:35:00
2023-11-05T07:36:00Z,0,2,2023-11-05T09:36:00
2023-11-05T07:37:00Z,0,2,2023-11-05T09:37:00
2023-11-05T07:38:00Z,0,2,2023-11-05T09:38:00
2023-11-05T07:39:00Z,0,2,2023-11-05T09:39:00
2023-11-05T07:40:00Z,0,2,2023-11-05T09:40:00
2023-11-05T07:41:00Z,0,2,2023-11-05T09:41:00
2023-11-05T07:42:00Z,0,2,2023-11-05T09:42:00
2023-11-05T07:43:00Z,0,2,2023-11-05T09:43:00
2023-11-05T07:44:00Z,0,2,2023-11-05T09:44:00
2023-11-05T07:45:00Z,0,2,2023-11-05T09:45:00
2023-11-05T07:46:00Z,0,2,2023-11-05T09:46:00
2023-11-05T07:47:00Z,0,2,2023-11-05T09:47:00
2023-11-05T07:48:00Z,0,2,2023-11-05T09:48:00
2023-11-05T07:49:00Z,0,2,2023-11-05T09:49:00
2023-11-05T07:50:00Z,0,2,2023-11-05T09:50:00
2023-11-05T07:51:00Z,0,2,2023-11-05T09:51:00
2023-11-05T07:52:00Z,0,2,2023-11-05T09:52:00
2023-11-05T07:53:00Z,0,2,2023-11-05T09:53:00
2023-11-05T07:54:00Z,0,2,2023-11-05T09:54:00
2023-11-05T07:55:00Z,0,2,2023-11-05T09:55:00
2023-11-05T07:56:00Z,0,2,2023-11-05T09:56:00
2023-11-05T07:57:00Z,0,2,2023-11-05T09:57:00
2023-11-05T07:58:00Z,0,2,2023-11-05T09:58:00
2023-11-05T07:59:00Z,0,2,2023-11-05T09:59:00
2023-11-05T08:00:00Z,0,2,2023-11-05T10:00:00
2023-11-05T08:01:00Z,0,2,2023-11-05T10:01:00
2023-11-05T08:02:00Z,0,2,2023-11-05T10:02:00
2023-11-05T08:03:00Z,0,2,2023-11-05T10:03:00
2023-11-05T08:04:00Z,0,2,2023-11-05T10:04:00
2023-11-05T08:05:00Z,0,2,2023-11-05T10:05:00
2023-11-05T08:06:00Z,0,2,2023-11-05T10:06:00
2023-11-05T08:07:00Z,0,2,2023-11-05T10:07:00
2023-11-05T08:08:00Z,0,2,2023-11-05T10:08:00
2023-11-05T08:09:00Z,0,2,2023-11-05T10:09:00
2023-11-05T08:10:00Z,0,2,2023-11-05T10:10:00
2023-11-05T08:11:00Z,0,2,2023-11-05T10:11:00
2023-11-05T08:12:00Z,0,2,2023-11-05T10:12:00
2023-11-05T08:13:00Z,0,2,2023-11-05T10:13:00
2023-11-05T08:14:00Z,0,2,2023-11-05T10:14:00
2023-11-05T08:15:00Z,0,2,2023-11-05T10:15:00
2023-11-05T08:16:00Z,0,2,2023-11-05T10:16:00
2023-11-05T08:17:00Z,0,2,2023-11-05T10:17:00
2023-11-05T08:18:00Z,0,2,2023-11-05T10:18:00
2023-11-05T08:19:00Z,0,2,2023-11-05T10:19:00
2023-11-05T08:20:00Z,0,2,2023-11-05T10:20:00
2023-11-05T08:21:00Z,0,2,2023-11-05T10:21:00
2023-11-05T08:22:00Z,0,2,2023-11-05T10:22:00
2023-11-05T08:23:00Z,0,2,2023-11-05T10:23:00
2023-11-05T08:24:00Z,0,2,2023-11-05T10:24:00
2023-11-05T08:25:00Z,0,2,2023-11-05T10:25:00
2023-11-05T08:26:00Z,0,2,2023-11-05T10:26:00
2023-11-05T08:27:00Z,0,2,2023-11-05T10:27:00
2023-11-05T08:28:00Z,0,2,2023-11-05T10:28:00
2023-11-05T08:29:00Z,0,2,2023-11-05T10:29:00
2023-11-05T08:30:00Z,0,2,2023-11-05T10:30:00
2023-11-05T08:31:00Z,0,2,2023-11-05T10:31:00
2023-11-05T08:32:00Z,0,2,2023-11-05T10:32:00
2023-11-05T08:33:00Z,0,2,2023-11-05T10:33:00
2023-11-05T08:34:00Z,0,2,2023-11-05T10:34:00
2023-11-05T08:35:00Z,0,2,2023-11-05T10:35:00
2023-11-05T08:36:00Z,0,2,2023-11-05T10:36:00
2023-11-05T08:37:00Z,0,2,2023-11-05T10:37:00
2023-11-05T08:38:00Z,0,2,2023-11-05T10:38:00
2023-11-05T08:39:00Z,0,2,2023-11-05T10:39:00
2023-11-05T08:40:00Z,0,2,2023-11-05T10:40:00
2023-11-05T08:41:00Z,0,2,2023-11-05T10:41:00
2023-11-05T08:42:00Z,0,2,2023-11-05T10:42:00
2023-11-05T08:43:00Z,0,2,2023-11-05T10:43:00
2023-11-05T08:44:00Z,0,2,2023-11-05T10:44:00
2023-11-05T08:45:00Z,0,2,2023-11-05T10:45:00
2023-11-05T08:46:00Z,0,2,2023-11-05T10:46:00
2023-11-05T08:47:00Z,0,2,2023-11-05T10:47:00
2023-11-05T08:48:00Z,0,2,2023-11-05T10:48:00
2023-11-05T08:49:00Z,0,2,2023-11-05T10:49:00
2023-11-05T08:50:00Z,0,2,2023-11-05T10:50:00
2023-11-05T08:51:00Z,0,2,2023-11-05T10:51:00
2023-11-05T08:52:00Z,0,2,2023-11-05T10:52:00
2023-11-05T08:53:00Z,0,2,2023-11-05T10:53:00
2023-11-05T08:54:00Z,0,2,2023-11-05T10:54:00
2023-11-05T08:55:00Z,0,2,2023-11-05T10:55:00
2023-11-05T08:56:00Z,0,2,2023-11-05T10:56:00
2023-11-05T08:57:00Z,0,2,2023-11-05T10:57:00
2023-11-05T08:58:00Z,0,2,2023-11-05T10:58:00
2023-11-05T08:59:00Z,0,2,2023-11-05T10:59:00
2023-11-05T09:00:00Z,0,2,2023-11-05T11:00:00
2024-03-10T04:00:00Z,0,2,2024-03-10T06:00:00
2024-03-10T04:01:00Z,0,2,2024-03-10T06:01:00
2024-03-10T04:02:00Z,0,2,2024-03-10T06:02:00
2024-03-10T04:03:00Z,0,2,2024-03-10T06:03:00
2024-03-10T04:04:00Z,0,2,2024-03-10T06:04:00
2024-03-10T04:05:00Z,0,2,2024-03-10T06:05:00
2024-03-10T04:06:00Z,0,2,2024-03-10T06:06:00
2024-03-10T04:07:00Z,0,2,2024-03-10T06:07:00
2024-03-10T04:08:00Z,0,2,2024-03-10T06:08:00
2024-03-10T04:09:00Z,0,2,2024-03-10T06:09:00
2024-03-10T04:10:00Z,0,2,2024-03-10T06:10:00
2024-03-10T04:11:00Z,0,2,2024-03-10T06:11:00
2024-03-10T04:12:00Z,0,2,2024-03-10T06:12:00
2024-03-10T04:13:00Z,0,2,2024-03-10T06:13:00
2024-03-10T04:14:00Z,0,2,2024-03-10T06:14:00
2024-03-10T04:15:00Z,0,2,2024-03-10T06:15:00
2024-03-10T04:16:00Z,0,2,2024-03-10T06:16:00
2024-03-10T04:17:00Z,0,2,2024-03-10T06:17:00
2024-03-10T04:18:00Z,0,2,2024-03-10T06:18:00
2024-03-10T04:19:00Z,0,2,2024-03-10T06:19:00
2024-03-10T04:20:00Z,0,2,2024-03-10T06:20:00
2024-03-10T04:21:00Z,0,2,2024-03-10T06:21:00
2024-03-10T04:22:00Z,0,2,2024-03-10T06:22:00
2024-03-10T04:23:00Z,0,2,2024-03-10T06:23:00
2024-03-10T04:24:00Z,0,2,2024-03-10T06:24:00
2024-03-10T04:25:00Z,0,2,2024-03-10T06:25:00
2024-03-10T04:26:00Z,0,2,2024-03-10T06:26:00
2024-03-10T04:27:00Z,0,2,2024-03-10T06:27:00
2024-03-10T04:28:00Z,0,2,2024-03-10T06:28:00
2024-03-10T04:29:00Z,0,2,2024-03-10T06:29:00
2024-03-10T04:30:00Z,0,2,2024-03-10T06:30:00
2024-03-10T04:31:00Z,0,2,2024-03-10T06:31:00
2024-03-10T04:32:00Z,0,2,2024-03-10T06:32:00
2024-03-10T04:33:00Z,0,2,2024-03-10T06:33:00
2024-03-10T04:34:00Z,0,2,2024-03-10T06:34:00
2024-03-10T04:35:00Z,0,2,2024-03-10T06:35:00
2024-03-10T04:36:00Z,0,2,2024-03-10T06:36:00
2024-03-10T04:37:00Z,0,2,2024-03-10T06:37:00
2024-03-10T04:38:00Z,0,2,2024-03-10T06:38:00
2024-03-10T04:39:00Z,0,2,2024-03-10T06:39:00
2024-03-10T04:40:00Z,0,2,2024-03-10T06:40:00
2024-03-10T04:41:00Z,0,2,2024-03-10T06:41:00
2024-03-10T04:42:00Z,0,2,2024-03-10T06:42:00
2024-03-10T04:43:00Z,0,2,2024-03-10T06:43:00
2024-03-10T04:44:00Z,0,2,2024-03-10T06:44:00
2024-03-10T04:45:00Z,0,2,2024-03-10T06:45:00
2024-03-10T04:46:00Z,0,2,2024-03-10T06:46:00
2024-03-10T04:47:00Z,0,2,2024-03-10T06:47:00
2024-03-10T04:48:00Z,0,2,2024-03-10T06:48:00
2024-03-10T04:49:00Z,0,2,2024-03-10T06:49:00
2024-03-10T04:50:00Z,0,2,2024-03-10T06:50:00
2024-03-10T04:51:00Z,0,2,2024-03-10T06:51:00
2024-03-10T04:52:00Z,0,2,2024-03-10T06:52:00
2024-03-10T04:53:00Z,0,2,2024-03-10T06:53:00
2024-03-10T04:54:00Z,0,2,2024-03-10T06:54:00
2024-03-10T04:55:00Z,0,2,2024-03-10T06:55:00
2024-03-10T04:56:00Z,0,2,2024-03-10T06:56:00
2024-03-10T04:57:00Z,0,2,2024-03-10T06:57:00
2024-03-10T04:58:00Z,0,2,2024-03-10T06:58:00
2024-03-10T04:59:00Z,0,2,2024-03-10T06:59:00
2024-03-10T05:00:00Z,0,2,2024-03-10T07:00:00
2024-03-10T05:01:00Z,0,2,2024-03-10T07:01:00
2024-03-10T05:02:00Z,0,2,2024-03-10T07:02:00
2024-03-10T05:03:00Z,0,2,2024-03-10T07:03:00
2024-03-10T05:04:00Z,0,2,2024-03-10T07:04:00
2024-03-10T05:05:00Z,0,2,2024-03-10T07:05:00
2024-03-10T05:06:00Z,0,2,2024-03-10T07:06:00
2024-03-10T05:07:00Z,0,2,2024-03-10T07:07:00
2024-03-10T05:08:00Z,0,2,2024-03-10T07:08:00
2024-03-10T05:09:00Z,0,2,2024-03-10T07:09:00
2024-03-10T05:10:00Z,0,2,2024-03-10T07:10:00
2024-03-10T05:11:00Z,0,2,2024-03-10T07:11:00
2024-03-10T05:12:00Z,0,2,2024-03-10T07:12:00
2024-03-10T05:13:00Z,0,2,2024-03-10T07:13:00
2024-03-10T05:14:00Z,0,2,2024-03-10T07:14:00
2024-03-10T05:15:00Z,0,2,2024-03-10T07:15:00
2024-03-10T05:16:00Z,0,2,2024-03-10T07:16:00
2024-03-10T05:17:00Z,0,2,2024-03-10T07:17:00
2024-03-10T05:18:00Z,0,2,2024-03-10T07:18:00
2024-03-10T05:19:00Z,0,2,2024-03-10T07:19:00
2024-03-10T05:20:00Z,0,2,2024-03-10T07:20:00
2024-03-10T05:21:00Z,0,2,2024-03-10T07:21:00
2024-03-10T05:22:00Z,0,2,2024-03-10T07:22:00
2024-03-10T05:23:00Z,0,2,2024-03-10T07:23:00
2024-03-10T05:24:00Z,0,2,2024-03-10T07:24:00
2024-03-10T05:25:00Z,0,2,2024-03-10T07:25:00
2024-03-10T05:26:00Z,0,2,2024-03-10T07:26:00
2024-03-10T05:27:00Z,0,2,2024-03-10T07:27:00
2024-03-10T05:28:00Z,0,2,2024-03-10T07:28:00
2024-03-10T05:29:00Z,0,2,2024-03-10T07:29:00
2024-03-10T05:30:00Z,0,2,2024-03-10T07:30:00
2024-03-10T05:31:00Z,0,2,2024-03-10T07:31:00
2024-03-10T05:32:00Z,0,2,2024-03-10T07:32:00
2024-03-10T05:33:00Z,0,2,2024-03-10T07:33:00
2024-03-10T05:34:00Z,0,2,2024-03-10T07:34:00
2024-03-10T05:35:00Z,0,2,2024-03-10T07:35:00
2024-03-10T05:36:00Z,0,2,2024-03-10T07:36:00
2024-03-10T05:37:00Z,0,2,2024-03-10T07:37:00
2024-03-10T05:38:00Z,0,2,2024-03-10T07:38:00
2024-03-10T05:39:00Z,0,2,2024-03-10T07:39:00
2024-03-10T05:40:00Z,0,2,2024-03-10T07:40:00
2024-03-10T05:41:00Z,0,2,2024-03-10T07:41:00
2024-03-10T05:42:00Z,0,2,2024-03-10T07:42:00
2024-03-10T05:43:00Z,0,2,2024-03-10T07:43:00
2024-03-10T05:44:00Z,0,2,2024-03-10T07:44:00
2024-03-10T05:45:00Z,0,2,2024-03-10T07:45:00
2024-03-10T05:46:00Z,0,2,2024-03-10T07:46:00
2024-03-10T05:47:00Z,0,2,2024-03-10T07:47:00
2024-03-10T05:48:00Z,0,2,2024-03-10T07:48:00
2024-03-10T05:49:00Z,0,2,2024-03-10T07:49:00
2024-03-10T05:50:00Z,0,2,2024-03-10T07:50:00
2024-03-10T05:51:00Z,0,2,2024-03-10T07:51:00
2024-03-10T05:52:00Z,0,2,2024-03-10T07:52:00
2024-03-10T05:53:00Z,0,2,2024-03-10T07:53:00
2024-03-10T05:54:00Z,0,2,2024-03-10T07:54:00
2024-03-10T05:55:00Z,0,2,2024-03-10T07:55:00
2024-03-10T05:56:00Z,0,2,2024-03-10T07:56:00
2024-03-10T05:57:00Z,0,2,2024-03-10T07:57:00
2024-03-10T05:58:00Z,0,2,2024-03-10T07:58:00
2024-03-10T05:59:00Z,0,2,2024-03-10T07:59:00
2024-03-10T06:00:00Z,0,2,2024-03-10T08:00:00
2024-03-10T06:01:00Z,0,2,2024-03-10T08:01:00
2024-03-10T06:02:00Z,0,2,2024-03-10T08:02:00
2024-03-10T06:03:00Z,0,2,2024-03-10T08:03:00
2024-03-10T06:04:00Z,0,2,2024-03-10T08:04:00
2024-03-10T06:05:00Z,0,2,2024-03-10T08:05:00
2024-03-10T06:06:00Z,0,2,2024-03-10T08:06:00
2024-03-10T06:07:00Z,0,2,2024-03-10T08:07:00
2024-03-10T06:08:00Z,0,2,2024-03-10T08:08:00
2024-03-10T06:09:00Z,0,2,2024-03-10T08:09:00
2024-03-10T06:10:00Z,0,2,2024-03-10T08:10:00
2024-03-10T06:11:00Z,0,2,2024-03-10T08:11:00
2024-03-10T06:12:00Z,0,2,2024-03-10T08:12:00
2024-03-10T06:13:00Z,0,2,2024-03-10T08:13:00
2024-03-10T06:14:00Z,0,2,2024-03-10T08:14:00
2024-03-10T06:15:00Z,0,2,2024-03-10T08:15:00
2024-03-10T06:16:00Z,0,2,2024-03-10T08:16:00
2024-03-10T06:17:00Z,0,2,2024-03-10T08:17:00
2024-03-10T06:18:00Z,0,2,2024-03-10T08:18:00
2024-03-10T06:19:00Z,0,2,2024-03-10T08:19:00
2024-03-10T06:20:00Z,0,2,2024-03-10T08:20:00
2024-03-10T06:21:00Z,0,2,2024-03-10T08:21:00
2024-03-10T06:22:00Z,0,2,2024-03-10T08:22:00
2024-03-10T06:23:00Z,0,2,2024-03-10T08:23:00
2024-03-10T06:24:00Z,0,2,2024-03-10T08:24:00
2024-03-10T06:25:00Z,0,2,2024-03-10T08:25:00
2024-03-10T06:26:00Z,0,2,2024-03-10T08:26:00
2024-03-10T06:27:00Z,0,2,2024-03-10T08:27:00
2024-03-10T06:28:00Z,0,2,2024-03-10T08:28:00
2024-03-10T06:29:00Z,0,2,2024-03-10T08:29:00
2024-03-10T06:30:00Z,0,2,2024-03-10T08:30:00
2024-03-10T06:31:00Z,0,2,2024-03-10T08:31:00
2024-03-10T06:32:00Z,0,2,2024-03-10T08:32:00
2024-03-10T06:33:00Z,0,2,2024-03-10T08:33:00
2024-03-10T06:34:00Z,0,2,2024-03-10T08:34:00
2024-03-10T06:35:00Z,0,2,2024-03-10T08:35:00
2024-03-10T06:36:00Z,0,2,2024-03-10T08:36:00
2024-03-10T06:37:00Z,0,2,2024-03-10T08:37:00
2024-03-10T06:38:00Z,0,2,2024-03-10T08:38:00
2024-03-10T06:39:00Z,0,2,2024-03-10T08:39:00
2024-03-10T06:40:00Z,0,2,2024-03-10T08:40:00
2024-03-10T06:41:00Z,0,2,2024-03-10T08:41:00
2024-03-10T06:42:00Z,0,2,2024-03-10T08:42:00
2024-03-10T06:43:00Z,0,2,2024-03-10T08:43:00
2024-03-10T06:44:00Z,0,2,2024-03-10T08:44:00
2024-03-10T06:45:00Z,0,2,2024-03-10T08:45:00
2024-03-10T06:46:00Z,0,2,2024-03-10T08:46:00
2024-03-10T06:47:00Z,0,2,2024-03-10T08:47:00
2024-03-10T06:48:00Z,0,2,2024-03-10T08:48:00
2024-03-10T06:49:00Z,0,2,2024-03-10T08:49:00
2024-03-10T06:50:00Z,0,2,2024-03-10T08:50:00
2024-03-10T06:51:00Z,0,2,2024-03-10T08:51:00
2024-03-10T06:52:00Z,0,2,2024-03-10T08:52:00
2024-03-10T06:53:00Z,0,2,2024-03-10T08:53:00
2024-03-10T06:54:00Z,0,2,2024-03-10T08:54:00
2024-03-10T06:55:00Z,0,2,2024-03-10T08:55:00
2024-03-10T06:56:00Z,0,2,2024-03-10T08:56:00
2024-03-10T06:57:00Z,0,2,2024-03-10T08:57:00
2024-03-10T06:58:00Z,0,2,2024-03-10T08:58:00
2024-03-10T06:59:00Z,0,2,2024-03-10T08:59:00
2024-03-10T07:00:00Z,1,3,2024-03-10T10:00:00
2024-03-10T07:01:00Z,1,3,2024-03-10T10:01:00
2024-03-10T07:02:00Z,1,3,2024-03-10T10:02:00
2024-03-10T07:03:00Z,1,3,2024-03-10T10:03:00
2024-03-10T07:04:00Z,1,3,2024-03-10T10:04:00
2024-03-10T07:05:00Z,1,3,2024-03-10T10:05:00
2024-03-10T07:06:00Z,1,3,2024-03-10T10:06:00
2024-03-10T07:07:00Z,1,3,2024-03-10T10:07:00
2024-03-10T07:08:00Z,1,3,2024-03-10T10:08:00
2024-03-10T07:09:00Z,1,3,2024-03-10T10:09:00
2024-03-10T07:10:00Z,1,3,2024-03-10T10:10:00
2024-03-10T07:11:00Z,1,3,2024-03-10T10:11:00
2024-03-10T07:12:00Z,1,3,2024-03-10T10:12:00
2024-03-10T07:13:00Z,1,3,2024-03-10T10:13:00
2024-03-10T07:14:00Z,1,3,2024-03-10T10:14:00
2024-03-10T07:15:00Z,1,3,2024-03-10T10:15:00
2024-03-10T07:16:00Z,1,3,2024-03-10T10:16:00
2024-03-10T07:17:00Z,1,3,2024-03-10T10:17:00
2024-03-10T07:18:00Z,1,3,2024-03-10T10:18:00
2024-03-10T07:19:00Z,1,3,2024-03-10T10:19:00
2024-03-10T07:20:00Z,1,3,2024-03-10T10:20:00
2024-03-10T07:21:00Z,1,3,2024-03-10T10:21:00
2024-03-10T07:22:00Z,1,3,2024-03-10T10:22:00
2024-03-10T07:23:00Z,1,3,2024-03-10T10:23:00
2024-03-10T07:24:00Z,1,3,2024-03-10T10:24:00
2024-03-10T07:25:00Z,1,3,2024-03-10T10:25:00
2024-03-10T07:26:00Z,1,3,2024-03-10T10:26:00
2024-03-10T07:27:00Z,1,3,2024-03-10T10:27:00
2024-03-10T07:28:00Z,1,3,2024-03-10T10:28:00
2024-03-10T07:29:00Z,1,3,2024-03-10T10:29:00
2024-03-10T07:30:00Z,1,3,2024-03-10T10:30:00
2024-03-10T07:31:00Z,1,3,2024-03-10T10:31:00
2024-03-10T07:32:00Z,1,3,2024-03-10T10:32:00
2024-03-10T07:33:00Z,1,3,2024-03-10T10:33:00
2024-03-10T07:34:00Z,1,3,2024-03-10T10:34:00
2024-03-10T07:35:00Z,1,3,2024-03-10T10:35:00
2024-03-10T07:36:00Z,1,3,2024-03-10T10:36:00
2024-03-10T07:37:00Z,1,3,2024-03-10T10:37:00
2024-03-10T07:38:00Z,1,3,2024-03-10T10:38:00
2024-03-10T07:39:00Z,1,3,2024-03-10T10:39:00
2024-03-10T07:40:00Z,1,3,2024-03-10T10:40:00
2024-03-10T07:41:00Z,1,3,2024-03-10T10:41:00
2024-03-10T07:42:00Z,1,3,2024-03-10T10:42:00
2024-03-10T07:43:00Z,1,3,2024-03-10T10:43:00
2024-03-10T07:44:00Z,1,3,2024-03-10T10:44:00
2024-03-10T07:45:00Z,1,3,2024-03-10T10:45:00
2024-03-10T07:46:00Z,1,3,2024-03-10T10:46:00
2024-03-10T07:47:00Z,1,3,2024-03-10T10:47:00
2024-03-10T07:48:00Z,1,3,2024-03-10T10:48:00
2024-03-10T07:49:00Z,1,3,2024-03-10T10:49:00
2024-03-10T07:50:00Z,1,3,2024-03-10T10:50:00
2024-03-10T07:51:00Z,1,3,2024-03-10T10:51:00
2024-03-10T07:52:00Z,1,3,2024-03-10T10:52:00
2024-03-10T07:53:00Z,1,3,2024-03-10T10:53:00
2024-03-10T07:54:00Z,1,3,2024-03-10T10:54:00
2024-03-10T07:55:00Z,1,3,2024-03-10T10:55:00
2024-03-10T07:56:00Z,1,3,2024-03-10T10:56:00
2024-03-10T07:57:00Z,1,3,2024-03-10T10:57:00
2024-03-10T07:58:00Z,1,3,2024-03-10T10:58:00
2024-03-10T07:59:00Z,1,3,2024-03-10T10:59:00
2024-03-10T08:00:00Z,1,3,2024-03-10T11:00:00
2024-03-10T08:01:00Z,1,3,2024-03-10T11:01:00
2024-03-10T08:02:00Z,1,3,2024-03-10T11:02:00
2024-03-10T08:03:00Z,1,3,2024-03-10T11:03:00
2024-03-10T08:04:00Z,1,3,2024-03-10T11:04:00
2024-03-10T08:05:00Z,1,3,2024-03-10T11:05:00
2024-03-10T08:06:00Z,1,3,2024-03-10T11:06:00
2024-03-10T08:07:00Z,1,3,2024-03-10T11:07:00
2024-03-10T08:08:00Z,1,3,2024-03-10T11:08:00
2024-03-10T08:09:00Z,1,3,2024-03-10T11:09:00
2024-03-10T08:10:00Z,1,3,2024-03-10T11:10:00
2024-03-10T08:11:00Z,1,3,2024-03-10T11:11:00
2024-03-10T08:12:00Z,1,3,2024-03-10T11:12:00
2024-03-10T08:13:00Z,1,3,2024-03-10T11:13:00
2024-03-10T08:14:00Z,1,3,2024-03-10T11:14:00
2024-03-10T08:15:00Z,1,3,2024-03-10T11:15:00
2024-03-10T08:16:00Z,1,3,2024-03-10T11:16:00
2024-03-10T08:17:00Z,1,3,2024-03-10T11:17:00
2024-03-10T08:18:00Z,1,3,2024-03-10T11:18:00
2024-03-10T08:19:00Z,1,3,2024-03-10T11:19:00
2024-03-10T08:20:00Z,1,3,2024-03-10T11:20:00
2024-03-10T08:21:00Z,1,3,2024-03-10T11:21:00
2024-03-10T08:22:00Z,1,3,2024-03-10T11:22:00
2024-03-10T08:23:00Z,1,3,2024-03-10T11:23:00
2024-03-10T08:24:00Z,1,3,2024-03-10T11:24:00
2024-03-10T08:25:00Z,1,3,2024-03-10T11:25:00
2024-03-10T08:26:00Z,1,3,2024-03-10T11:26:00
2024-03-10T08:27:00Z,1,3,2024-03-10T11:27:00
2024-03-10T08:28:00Z,1,3,2024-03-10T11:28:00
2024-03-10T08:29:00Z,1,3,2024-03-10T11:29:00
2024-03-10T08:30:00Z,1,3,2024-03-10T11:30:00
2024-03-10T08:31:00Z,1,3,2024-03-10T11:31:00
2024-03-10T08:32:00Z,1,3,2024-03-10T11:32:00
2024-03-10T08:33:00Z,1,3,2024-03-10T11:33:00
2024-03-10T08:34:00Z,1,3,2024-03-10T11:34:00
2024-03-10T08:35:00Z,1,3,2024-03-10T11:35:00
2024-03-10T08:36:00Z,1,3,2024-03-10T11:36:00
2024-03-10T08:37:00Z,1,3,2024-03-10T11:37:00
2024-03-10T08:38:00Z,1,3,2024-03-10T11:38:00
2024-03-10T08:39:00Z,1,3,2024-03-10T11:39:00
2024-03-10T08:40:00Z,1,3,2024-03-10T11:40:00
2024-03-10T08:41:00Z,1,3,2024-03-10T11:41:00
2024-03-10T08:42:00Z,1,3,2024-03-10T11:42:00
2024-03-10T08:43:00Z,1,3,2024-03-10T11:43:00
2024-03-10T08:44:00Z,1,3,2024-03-10T11:44:00
2024-03-10T08:45:00Z,1,3,2024-03-10T11:45:00
2024-03-10T08:46:00Z,1,3,2024-03-10T11:46:00
2024-03-10T08:47:00Z,1,3,2024-03-10T11:47:00
2024-03-10T08:48:00Z,1,3,2024-03-10T11:48:00
2024-03-10T08:49:00Z,1,3,2024-03-10T11:49:00
2024-03-10T08:50:00Z,1,3,2024-03-10T11:50:00
2024-03-10T08:51:00Z,1,3,2024-03-10T11:51:00
2024-03-10T08:52:00Z,1,3,2024-03-10T11:52:00
2024-03-10T08:53:00Z,1,3,2024-03-10T11:53:00
2024-03-10T08:54:00Z,1,3,2024-03-10T11:54:00
2024-03-10T08:55:00Z,1,3,2024-03-10T11:55:00
2024-03-10T08:56:00Z,1,3,2024-03-10T11:56:00
2024-03-10T08:57:00Z,1,3,2024-03-10T11:57:00
2024-03-10T08:58:00Z,1,3,2024-03-10T11:58:00
2024-03-10T08:59:00Z,1,3,2024-03-10T11:59:00
2024-03-10T09:00:00Z,1,3,2024-03-10T12:00:00
2024-03-10T09:01:00Z,1,3,2024-03-10T12:01:00
2024-03-10T09:02:00Z,1,3,2024-03-10T12:02:00
2024-03-10T09:03:00Z,1,3,2024-03-10T12:03:00
2024-03-10T09:04:00Z,1,3,2024-03-10T12:04:00
2024-03-10T09:05:00Z,1,3,2024-03-10T12:05:00
2024-03-10T09:06:00Z,1,3,2024-03-10T12:06:00
2024-03-10T09:07:00Z,1,3,2024-03-10T12:07:00
2024-03-10T09:08:00Z,1,3,2024-03-10T12:08:00
2024-03-10T09:09:00Z,1,3,2024-03-10T12:09:00
2024-03-10T09:10:00Z,1,3,2024-03-10T12:10:00
2024-03-10T09:11:00Z,1,3,2024-03-10T12:11:00
2024-03-10T09:12:00Z,1,3,2024-03-10T12:12:00
2024-03-10T09:13:00Z,1,3,2024-03-10T12:13:00
2024-03-10T09:14:00Z,1,3,2024-03-10T12:14:00
2024-03-10T09:15:00Z,1,3,2024-03-10T12:15:00
2024-03-10T09:16:00Z,1,3,2024-03-10T12:16:00
2024-03-10T09:17:00Z,1,3,2024-03-10T12:17:00
2024-03-10T09:18:00Z,1,3,2024-03-10T12:18:00
2024-03-10T09:19:00Z,1,3,2024-03-10T12:19:00
2024-03-10T09:20:00Z,1,3,2024-03-10T12:20:00
2024-03-10T09:21:00Z,1,3,2024-03-10T12:21:00
2024-03-10T09:22:00Z,1,3,2024-03-10T12:22:00
2024-03-10T09:23:00Z,1,3,2024-03-10T12:23:00
2024-03-10T09:24:00Z,1,3,2024-03-10T12:24:00
2024-03-10T09:25:00Z,1,3,2024-03-10T12:25:00
2024-03-10T09:26:00Z,1,3,2024-03-10T12:26:00
2024-03-10T09:27:00Z,1,3,2024-03-10T12:27:00
2024-03-10T09:28:00Z,1,3,2024-03-10T12:28:00
2024-03-10T09:29:00Z,1,3,2024-03-10T12:29:00
2024-03-10T09:30:00Z,1,3,2024-03-10T12:30:00
2024-03-10T09:31:00Z,1,3,2024-03-10T12:31:00
2024-03-10T09:32:00Z,1,3,2024-03-10T12:32:00
2024-03-10T09:33:00Z,1,3,2024-03-10T12:33:00
2024-03-10T09:34:00Z,1,3,2024-03-10T12:34:00
2024-03-10T09:35:00Z,1,3,2024-03-10T12:35:00
2024-03-10T09:36:00Z,1,3,2024-03-10T12:36:00
2024-03-10T09:37:00Z,1,3,2024-03-10T12:37:00
2024-03-10T09:38:00Z,1,3,2024-03-10T12:38:00
2024-03-10T09:39:00Z,1,3,2024-03-10T12:39:00
2024-03-10T09:40:00Z,1,3,2024-03-10T12:40:00
2024-03-10T09:41:00Z,1,3,2024-03-10T12:41:00
2024-03-10T09:42:00Z,1,3,2024-03-10T12:42:00
2024-03-10T09:43:00Z,1,3,2024-03-10T12:43:00
2024-03-10T09:44:00Z,1,3,2024-03-10T12:44:00
2024-03-10T09:45:00Z,1,3,2024-03-10T12:45:00
2024-03-10T09:46:00Z,1,3,2024-03-10T12:46:00
2024-03-10T09:47:00Z,1,3,2024-03-10T12:47:00
2024-03-10T09:48:00Z,1,3,2024-03-10T12:48:00
2024-03-10T09:49:00Z,1,3,2024-03-10T12:49:00
2024-03-10T09:50:00Z,1,3,2024-03-10T12:50:00
2024-03-10T09:51:00Z,1,3,2024-03-10T12:51:00
2024-03-10T09:52:00Z,1,3,2024-03-10T12:52:00
2024-03-10T09:53:00Z,1,3,2024-03-10T12:53:00
2024-03-10T09:54:00Z,1,3,2024-03-10T12:54:00
2024-03-10T09:55:00Z,1,3,2024-03-10T12:55:00
2024-03-10T09:56:00Z,1,3,2024-03-10T12:56:00
2024-03-10T09:57:00Z,1,3,2024-03-10T12:57:00
2024-03-10T09:58:00Z,1,3,2024-03-10T12:58:00
2024-03-10T09:59:00Z,1,3,2024-03-10T12:59:00
2024-03-10T10:00:00Z,1,3,2024-03-10T13:00:00
2024-11-03T03:00:00Z,1,3,2024-11-03T06:00:00
2024-11-03T03:01:00Z,1,3,2024-11-03T06:01:00
2024-11-03T03:02:00Z,1,3,2024-11-03T06:02:00
2024-11-03T03:03:00Z,1,3,2024-11-03T06:03:00
2024-11-03T03:04:00Z,1,3,2024-11-03T06:04:00
2024-11-03T03:05:00Z,1,3,2024-11-03T06:05:00
2024-11-03T03:06:00Z,1,3,2024-11-03T06:06:00
2024-11-03T03:07:00Z,1,3,2024-11-03T06:07:00
2024-11-03T03:08:00Z,1,3,2024-11-03T06:08:00
2024-11-03T03:09:00Z,1,3,2024-11-03T06:09:00
2024-11-03T03:10:00Z,1,3,2024-11-03T06:10:00
2024-11-03T03:11:00Z,1,3,2024-11-03T06:11:00
2024-11-03T03:12:00Z,1,3,2024-11-03T06:12:00
2024-11-03T03:13:00Z,1,3,2024-11-03T06:13:00
2024-11-03T03:14:00Z,1,3,2024-11-03T06:14:00
2024-11-03T03:15:00Z,1,3,2024-11-03T06:15:00
2024-11-03T03:16:00Z,1,3,2024-11-03T06:16:00
2024-11-03T03:17:00Z,1,3,2024-11-03T06:17:00
2024-11-03T03:18:00Z,1,3,2024-11-03T06:18:00
2024-11-03T03:19:00Z,1,3,2024-11-03T06:19:00
2024-11-03T03:20:00Z,1,3,2024-11-03T06:20:00
2024-11-03T03:21:00Z,1,3,2024-11-03T06:21:00
2024-11-03T03:22:00Z,1,3,2024-11-03T06:22:00
2024-11-03T03:23:00Z,1,3,2024-11-03T06:23:00
2024-11-03T03:24:00Z,1,3,2024-11-03T06:24:00
2024-11-03T03:25:00Z,1,3,2024-11-03T06:25:00
2024-11-03T03:26:00Z,1,3,2024-11-03T06:26:00
2024-11-03T03:27:00Z,1,3,2024-11-03T06:27:00
2024-11-03T03:28:00Z,1,3,2024-11-03T06:28:00
2024-11-03T03:29:00Z,1,3,2024-11-03T06:29:00
2024-11-03T03:30:00Z,1,3,2024-11-03T06:30:00
2024-11-03T03:31:00Z,1,3,2024-11-03T06:31:00
2024-11-03T03:32:00Z,1,3,2024-11-03T06:32:00
2024-11-03T03:33:00Z,1,3,2024-11-03T06:33:00
2024-11-03T03:34:00Z,1,3,2024-11-03T06:34:00
2024-11-03T03:35:00Z,1,3,2024-11-03T06:35:00
2024-11-03T03:36:00Z,1,3,2024-11-03T06:36:00
2024-11-03T03:37:00Z,1,3,2024-11-03T06:37:00
2024-11-03T03:38:00Z,1,3,2024-11-03T06:38:00
2024-11-03T03:39:00Z,1,3,2024-11-03T06:39:00
2024-11-03T03:40:00Z,1,3,2024-11-03T06:40:00
2024-11-03T03:41:00Z,1,3,2024-11-03T06:41:00
2024-11-03T03:42:00Z,1,3,2024-11-03T06:42:00
2024-11-03T03:43:00Z,1,3,2024-11-03T06:43:00
2024-11-03T03:44:00Z,1,3,2024-11-03T06:44:00
2024-11-03T03:45:00Z,1,3,2024-11-03T06:45:00
2024-11-03T03:46:00Z,1,3,2024-11-03T06:46:00
2024-11-03T03:47:00Z,1,3,2024-11-03T06:47:00
2024-11-03T03:48:00Z,1,3,2024-11-03T06:48:00
2024-11-03T03:49:00Z,1,3,2024-11-03T06:49:00
2024-11-03T03:50:00Z,1,3,2024-11-03T06:50:00
2024-11-03T03:51:00Z,1,3,2024-11-03T06:51:00
2024-11-03T03:52:00Z,1,3,2024-11-03T06:52:00
2024-11-03T03:53:00Z,1,3,2024-11-03T06:53:00
2024-11-03T03:54:00Z,1,3,2024-11-03T06:54:00
2024-11-03T03:55:00Z,1,3,2024-11-03T06:55:00
2024-11-03T03:56:00Z,1,3,2024-11-03T06:56:00
2024-11-03T03:57:00Z,1,3,2024-11-03T06:57:00
2024-11-03T03:58:00Z,1,3,2024-11-03T06:58:00
2024-11-03T03:59:00Z,1,3,2024-11-03T06:59:00
2024-11-03T04:00:00Z,1,3,2024-11-03T07:00:00
2024-11-03T04:01:00Z,1,3,2024-11-03T07:01:00
2024-11-03T04:02:00Z,1,3,2024-11-03T07:02:00
2024-11-03T04:03:00Z,1,3,2024-11-03T07:03:00
2024-11-03T04:04:00Z,1,3,2024-11-03T07:04:00
2024-11-03T04:05:00Z,1,3,2024-11-03T07:05:00
2024-11-03T04:06:00Z,1,3,2024-11-03T07:06:00
2024-11-03T04:07:00Z,1,3,2024-11-03T07:07:00
2024-11-03T04:08:00Z,1,3,2024-11-03T07:08:00
2024-11-03T04:09:00Z,1,3,2024-11-03T07:09:00
2024-11-03T04:10:00Z,1,3,2024-11-03T07:10:00
2024-11-03T04:11:00Z,1,3,2024-11-03T07:11:00
2024-11-03T04:12:00Z,1,3,2024-11-03T07:12:00
2024-11-03T04:13:00Z,1,3,2024-11-03T07:13:00
2024-11-03T04:14:00Z,1,3,2024-11-03T07:14:00
2024-11-03T04:15:00Z,1,3,2024-11-03T07:15:00
2024-11-03T04:16:00Z,1,3,2024-11-03T07:16:00
2024-11-03T04:17:00Z,1,3,2024-11-03T07:17:00
2024-11-03T04:18:00Z,1,3,2024-11-03T07:18:00
2024-11-03T04:19:00Z,1,3,2024-11-03T07:19:00
2024-11-03T04:20:00Z,1,3,2024-11-03T07:20:00
2024-11-03T04:21:00Z,1,3,2024-11-03T07:21:00
2024-11-03T04:22:00Z,1,3,2024-11-03T07:22:00
2024-11-03T04:23:00Z,1,3,2024-11-03T07:23:00
2024-11-03T04:24:00Z,1,3,2024-11-03T07:24:00
2024-11-03T04:25:00Z,1,3,2024-11-03T07:25:00
2024-11-03T04:26:00Z,1,3,2024-11-03T07:26:00
2024-11-03T04:27:00Z,1,3,2024-11-03T07:27:00
2024-11-03T04:28:00Z,1,3,2024-11-03T07:28:00
2024-11-03T04:29:00Z,1,3,2024-11-03T07:29:00
2024-11-03T04:30:00Z,1,3,2024-11-03T07:30:00
2024-11-03T04:31:00Z,1,3,2024-11-03T07:31:00
2024-11-03T04:32:00Z,1,3,2024-11-03T07:32:00
2024-11-03T04:33:00Z,1,3,2024-11-03T07:33:00
2024-11-03T04:34:00Z,1,3,2024-11-03T07:34:00
2024-11-03T04:35:00Z,1,3,2024-11-03T07:35:00
2024-11-03T04:36:00Z,1,3,2024-11-03T07:36:00
2024-11-03T04:37:00Z,1,3,2024-11-03T07:37:00
2024-11-03T04:38:00Z,1,3,2024-11-03T07:38:00
2024-11-03T04:39:00Z,1,3,2024-11-03T07:39:00
2024-11-03T04:40:00Z,1,3,2024-11-03T07:40:00
2024-11-03T04:41:00Z,1,3,2024-11-03T07:41:00
2024-11-03T04:42:00Z,1,3,2024-11-03T07:42:00
2024-11-03T04:43:00Z,1,3,2024-11-03T07:43:00
2024-11-03T04:44:00Z,1,3,2024-11-03T07:44:00
2024-11-03T04:45:00Z,1,3,2024-11-03T07:45:00
2024-11-03T04:46:00Z,1,3,2024-11-03T07:46:00
2024-11-03T04:47:00Z,1,3,2024-11-03T07:47:00
2024-11-03T04:48:00Z,1,3,2024-11-03T07:48:00
2024-11-03T04:49:00Z,1,3,2024-11-03T07:49:00
2024-11-03T04:50:00Z,1,3,2024-11-03T07:50:00
2024-11-03T04:51:00Z,1,3,2024-11-03T07:51:00
2024-11-03T04:52:00Z,1,3,2024-11-03T07:52:00
2024-11-03T04:53:00Z,1,3,2024-11-03T07:53:00
2024-11-03T04:54:00Z,1,3,2024-11-03T07:54:00
2024-11-03T04:55:00Z,1,3,2024-11-03T07:55:00
2024-11-03T04:56:00Z,1,3,2024-11-03T07:56:00
2024-11-03T04:57:00Z,1,3,2024-11-03T07:57:00
2024-11-03T04:58:00Z,1,3,2024-11-03T07:58:00
2024-11-03T04:59:00Z,1,3,2024-11-03T07:59:00
2024-11-03T05:00:00Z,1,3,2024-11-03T08:00:00
2024-11-03T05:01:00Z,1,3,2024-11-03T08:01:00
2024-11-03T05:02:00Z,1,3,2024-11-03T08:02:00
2024-11-03T05:03:00Z,1,3,2024-11-03T08:03:00
2024-11-03T05:04:00Z,1,3,2024-11-03T08:04:00
2024-11-03T05:05:00Z,1,3,2024-11-03T08:05:00
2024-11-03T05:06:00Z,1,3,2024-11-03T08:06:00
2024-11-03T05:07:00Z,1,3,2024-11-03T08:07:00
2024-11-03T05:08:00Z,1,3,2024-11-03T08:08:00
2024-11-03T05:09:00Z,1,3,2024-11-03T08:09:00
2024-11-03T05:10:00Z,1,3,2024-11-03T08:10:00
2024-11-03T05:11:00Z,1,3,2024-11-03T08:11:00
2024-11-03T05:12:00Z,1,3,2024-11-03T08:12:00
2024-11-03T05:13:00Z,1,3,2024-11-03T08:13:00
2024-11-03T05:14:00Z,1,3,2024-11-03T08:14:00
2024-11-03T05:15:00Z,1,3,2024-11-03T08:15:00
2024-11-03T05:16:00Z,1,3,2024-11-03T08:16:00
2024-11-03T05:17:00Z,1,3,2024-11-03T08:17:00
2024-11-03T05:18:00Z,1,3,2024-11-03T08:18:00
2024-11-03T05:19:00Z,1,3,2024-11-03T08:19:00
2024-11-03T05:20:00Z,1,3,2024-11-03T08:20:00
2024-11-03T05:21:00Z,1,3,2024-11-03T08:21:00
2024-11-03T05:22:00Z,1,3,2024-11-03T08:22:00
2024-11-03T05:23:00Z,1,3,2024-11-03T08:23:00
2024-11-03T05:24:00Z,1,3,2024-11-03T08:24:00
2024-11-03T05:25:00Z,1,3,2024-11-03T08:25:00
2024-11-03T05:26:00Z,1,3,2024-11-03T08:26:00
2024-11-03T05:27:00Z,1,3,2024-11-03T08:27:00
2024-11-03T05:28:00Z,1,3,2024-11-03T08:28:00
2024-11-03T05:29:00Z,1,3,2024-11-03T08:29:00
2024-11-03T05:30:00Z,1,3,2024-11-03T08:30:00
2024-11-03T05:31:00Z,1,3,2024-11-03T08:31:00
2024-11-03T05:32:00Z,1,3,2024-11-03T08:32:00
2024-11-03T05:33:00Z,1,3,2024-11-03T08:33:00
2024-11-03T05:34:00Z,1,3,2024-11-03T08:34:00
2024-11-03T05:35:00Z,1,3,2024-11-03T08:35:00
2024-11-03T05:36:00Z,1,3,2024-11-03T08:36:00
2024-11-03T05:37:00Z,1,3,2024-11-03T08:37:00
2024-11-03T05:38:00Z,1,3,2024-11-03T08:38:00
2024-11-03T05:39:00Z,1,3,2024-11-03T08:39:00
2024-11-03T05:40:00Z,1,3,2024-11-03T08:40:00
2024-11-03T05:41:00Z,1,3,2024-11-03T08:41:00
2024-11-03T05:42:00Z,1,3,2024-11-03T08:42:00
2024-11-03T05:43:00Z,1,3,2024-11-03T08:43:00
2024-11-03T05:44:00Z,1,3,2024-11-03T08:44:00
2024-11-03T05:45:00Z,1,3,2024-11-03T08:45:00
2024-11-03T05:46:00Z,1,3,2024-11-03T08:46:00
2024-11-03T05:47:00Z,1,3,2024-11-03T08:47:00
2024-11-03T05:48:00Z,1,3,2024-11-03T08:48:00
2024-11-03T05:49:00Z,1,3,2024-11-03T08:49:00
2024-11-03T05:50:00Z,1,3,2024-11-03T08:50:00
2024-11-03T05:51:00Z,1,3,2024-11-03T08:51:00
2024-11-03T05:52:00Z,1,3,2024-11-03T08:52:00
2024-11-03T05:53:00Z,1,3,2024-11-03T08:53:00
2024-11-03T05:54:00Z,1,3,2024-11-03T08:54:00
2024-11-03T05:55:00Z,1,3,2024-11-03T08:55:00
2024-11-03T05:56:00Z,1,3,2024-11-03T08:56:00
2024-11-03T05:57:00Z,1,3,2024-11-03T08:57:00
2024-11-03T05:58:00Z,1,3,2024-11-03T08:58:00
2024-11-03T05:59:00Z,1,3,2024-11-03T08:59:00
2024-11-03T06:00:00Z,0,2,2024-11-03T08:00:00
2024-11-03T06:01:00Z,0,2,2024-11-03T08:01:00
2024-11-03T06:02:00Z,0,2,2024-11-03T08:02:00
2024-11-03T06:03:00Z,0,2,2024-11-03T08:03:00
2024-11-03T06:04:00Z,0,2,2024-11-03T08:04:00
2024-11-03T06:05:00Z,0,2,2024-11-03T08:05:00
2024-11-03T06:06:00Z,0,2,2024-11-03T08:06:00
2024-11-03T06:07:00Z,0,2,2024-11-03T08:07:00
2024-11-03T06:08:00Z,0,2,2024-11-03T08:08:00
2024-11-03T06:09:00Z,0,2,2024-11-03T08:09:00
2024-11-03T06:10:00Z,0,2,2024-11-03T08:10:00
2024-11-03T06:11:00Z,0,2,2024-11-03T08:11:00
2024-11-03T06:12:00Z,0,2,2024-11-03T08:12:00
2024-11-03T06:13:00Z,0,2,2024-11-03T08:13:00
2024-11-03T06:14:00Z,0,2,2024-11-03T08:14:00
2024-11-03T06:15:00Z,0,2,2024-11-03T08:15:00
2024-11-03T06:16:00Z,0,2,2024-11-03T08:16:00
2024-11-03T06:17:00Z,0,2,2024-11-03T08:17:00
2024-11-03T06:18:00Z,0,2,2024-11-03T08:18:00
2024-11-03T06:19:00Z,0,2,2024-11-03T08:19:00
2024-11-03T06:20:00Z,0,2,2024-11-03T08:20:00
2024-11-03T06:21:00Z,0,2,2024-11-03T08:21:00
2024-11-03T06:22:00Z,0,2,2024-11-03T08:22:00
2024-11-03T06:23:00Z,0,2,2024-11-03T08:23:00
2024-11-03T06:24:00Z,0,2,2024-11-03T08:24:00
2024-11-03T06:25:00Z,0,2,2024-11-03T08:25:00
2024-11-03T06:26:00Z,0,2,2024-11-03T08:26:00
2024-11-03T06:27:00Z,0,2,2024-11-03T08:27:00
2024-11-03T06:28:00Z,0,2,2024-11-03T08:28:00
2024-11-03T06:29:00Z,0,2,2024-11-03T08:29:00
2024-11-03T06:30:00Z,0,2,2024-11-03T08:30:00
2024-11-03T06:31:00Z,0,2,2024-11-03T08:31:00
2024-11-03T06:32:00Z,0,2,2024-11-03T08:32:00
2024-11-03T06:33:00Z,0,2,2024-11-03T08:33:00
2024-11-03T06:34:00Z,0,2,2024-11-03T08:34:00
2024-11-03T06:35:00Z,0,2,2024-11-03T08:35:00
2024-11-03T06:36:00Z,0,2,2024-11-03T08:36:00
2024-11-03T06:37:00Z,0,2,2024-11-03T08:37:00
2024-11-03T06:38:00Z,0,2,2024-11-03T08:38:00
2024-11-03T06:39:00Z,0,2,2024-11-03T08:39:00
2024-11-03T06:40:00Z,0,2,2024-11-03T08:40:00
2024-11-03T06:41:00Z,0,2,2024-11-03T08:41:00
2024-11-03T06:42:00Z,0,2,2024-11-03T08:42:00
2024-11-03T06:43:00Z,0,2,2024-11-03T08:43:00
2024-11-03T06:44:00Z,0,2,2024-11-03T08:44:00
2024-11-03T06:45:00Z,0,2,2024-11-03T08:45:00
2024-11-03T06:46:00Z,0,2,2024-11-03T08:46:00
2024-11-03T06:47:00Z,0,2,2024-11-03T08:47:00
2024-11-03T06:48:00Z,0,2,2024-11-03T08:48:00
2024-11-03T06:49:00Z,0,2,2024-11-03T08:49:00
2024-11-03T06:50:00Z,0,2,2024-11-03T08:50:00
2024-11-03T06:51:00Z,0,2,2024-11-03T08:51:00
2024-11-03T06:52:00Z,0,2,2024-11-03T08:52:00
2024-11-03T06:53:00Z,0,2,2024-11-03T08:53:00
2024-11-03T06:54:00Z,0,2,2024-11-03T08:54:00
2024-11-03T06:55:00Z,0,2,2024-11-03T08:55:00
2024-11-03T06:56:00Z,0,2,2024-11-03T08:56:00
2024-11-03T06:57:00Z,0,2,2024-11-03T08:57:00
2024-11-03T06:58:00Z,0,2,2024-11-03T08:58:00
2024-11-03T06:59:00Z,0,2,2024-11-03T08:59:00
2024-11-03T07:00:00Z,0,2,2024-11-03T09:00:00
2024-11-03T07:01:00Z,0,2,2024-11-03T09:01:00
2024-11-03T07:02:00Z,0,2,2024-11-03T09:02:00
2024-11-03T07:03:00Z,0,2,2024-11-03T09:03:00
2024-11-03T07:04:00Z,0,2,2024-11-03T09:04:00
2024-11-03T07:05:00Z,0,2,2024-11-03T09:05:00
2024-11-03T07:06:00Z,0,2,2024-11-03T09:06:00
2024-11-03T07:07:00Z,0,2,2024-11-03T09:07:00
2024-11-03T07:08:00Z,0,2,2024-11-03T09:08:00
2024-11-03T07:09:00Z,0,2,2024-11-03T09:09:00
2024-11-03T07:10:00Z,0,2,2024-11-03T09:10:00
2024-11-03T07:11:00Z,0,2,2024-11-03T09:11:00
2024-11-03T07:12:00Z,0,2,2024-11-03T09:12:00
2024-11-03T07:13:00Z,0,2,2024-11-03T09:13:00
2024-11-03T07:14:00Z,0,2,2024-11-03T09:14:00
2024-11-03T07:15:00Z,0,2,2024-11-03T09:15:00
2024-11-03T07:16:00Z,0,2,2024-11-03T09:16:00
2024-11-03T07:17:00Z,0,2,2024-11-03T09:17:00
2024-11-03T07:18:00Z,0,2,2024-11-03T09:18:00
2024-11-03T07:19:00Z,0,2,2024-11-03T09:19:00
2024-11-03T07:20:00Z,0,2,2024-11-03T09:20:00
2024-11-03T07:21:00Z,0,2,2024-11-03T09:21:00
2024-11-03T07:22:00Z,0,2,2024-11-03T09:22:00
2024-11-03T07:23:00Z,0,2,2024-11-03T09:23:00
2024-11-03T07:24:00Z,0,2,2024-11-03T09:24:00
2024-11-03T07:25:00Z,0,2,2024-11-03T09:25:00
2024-11-03T07:26:00Z,0,2,2024-11-03T09:26:00
2024-11-03T07:27:00Z,0,2,2024-11-03T09:27:00
2024-11-03T07:28:00Z,0,2,2024-11-03T09:28:00
2024-11-03T07:29:00Z,0,2,2024-11-03T09:29:00
2024-11-03T07:30:00Z,0,2,2024-11-03T09:30:00
2024-11-03T07:31:00Z,0,2,2024-11-03T09:31:00
2024-11-03T07:32:00Z,0,2,2024-11-03T09:32:00
2024-11-03T07:33:00Z,0,2,2024-11-03T09:33:00
2024-11-03T07:34:00Z,0,2,2024-11-03T09:34:00
2024-11-03T07:35:00Z,0,2,2024-11-03T09:35:00
2024-11-03T07:36:00Z,0,2,2024-11-03T09:36:00
2024-11-03T07:37:00Z,0,2,2024-11-03T09:37:00
2024-11-03T07:38:00Z,0,2,2024-11-03T09:38:00
2024-11-03T07:39:00Z,0,2,2024-11-03T09:39:00
2024-11-03T07:40:00Z,0,2,2024-11-03T09:40:00
2024-11-03T07:41:00Z,0,2,2024-11-03T09:41:00
2024-11-03T07:42:00Z,0,2,2024-11-03T09:42:00
2024-11-03T07:43:00Z,0,2,2024-11-03T09:43:00
2024-11-03T07:44:00Z,0,2,2024-11-03T09:44:00
2024-11-03T07:45:00Z,0,2,2024-11-03T09:45:00
2024-11-03T07:46:00Z,0,2,2024-11-03T09:46:00
2024-11-03T07:47:00Z,0,2,2024-11-03T09:47:00
2024-11-03T07:48:00Z,0,2,2024-11-03T09:48:00
2024-11-03T07:49:00Z,0,2,2024-11-03T09:49:00
2024-11-03T07:50:00Z,0,2,2024-11-03T09:50:00
2024-11-03T07:51:00Z,0,2,2024-11-03T09:51:00
2024-11-03T07:52:00Z,0,2,2024-11-03T09:52:00
2024-11-03T07:53:00Z,0,2,2024-11-03T09:53:00
2024-11-03T07:54:00Z,0,2,2024-11-03T09:54:00
2024-11-03T07:55:00Z,0,2,2024-11-03T09:55:00
2024-11-03T07:56:00Z,0,2,2024-11-03T09:56:00
2024-11-03T07:57:00Z,0,2,2024-11-03T09:57:00
2024-11-03T07:58:00Z,0,2,2024-11-03T09:58:00
2024-11-03T07:59:00Z,0,2,2024-11-03T09:59:00
2024-11-03T08:00:00Z,0,2,2024-11-03T10:00:00
2024-11-03T08:01:00Z,0,2,2024-11-03T10:01:00
2024-11-03T08:02:00Z,0,2,2024-11-03T10:02:00
2024-11-03T08:03:00Z,0,2,2024-11-03T10:03:00
2024-11-03T08:04:00Z,0,2,2024-11-03T10:04:00
2024-11-03T08:05:00Z,0,2,2024-11-03T10:05:00
2024-11-03T08:06:00Z,0,2,2024-11-03T10:06:00
2024-11-03T08:07:00Z,0,2,2024-11-03T10:07:00
2024-11-03T08:08:00Z,0,2,2024-11-03T10:08:00
2024-11-03T08:09:00Z,0,2,2024-11-03T10:09:00
2024-11-03T08:10:00Z,0,2,2024-11-03T10:10:00
2024-11-03T08:11:00Z,0,2,2024-11-03T10:11:00
2024-11-03T08:12:00Z,0,2,2024-11-03T10:12:00
2024-11-03T08:13:00Z,0,2,2024-11-03T10:13:00
2024-11-03T08:14:00Z,0,2,2024-11-03T10:14:00
2024-11-03T08:15:00Z,0,2,2024-11-03T10:15:00
2024-11-03T08:16:00Z,0,2,2024-11-03T10:16:00
2024-11-03T08:17:00Z,0,2,2024-11-03T10:17:00
2024-11-03T08:18:00Z,0,2,2024-11-03T10:18:00
2024-11-03T08:19:00Z,0,2,2024-11-03T10:19:00
2024-11-03T08:20:00Z,0,2,2024-11-03T10:20:00
2024-11-03T08:21:00Z,0,2,2024-11-03T10:21:00
2024-11-03T08:22:00Z,0,2,2024-11-03T10:22:00
2024-11-03T08:23:00Z,0,2,2024-11-03T10:23:00
2024-11-03T08:24:00Z,0,2,2024-11-03T10:24:00
2024-11-03T08:25:00Z,0,2,2024-11-03T10:25:00
2024-11-03T08:26:00Z,0,2,2024-11-03T10:26:00
2024-11-03T08:27:00Z,0,2,2024-11-03T10:27:00
2024-11-03T08:28:00Z,0,2,2024-11-03T10:28:00
2024-11-03T08:29:00Z,0,2,2024-11-03T10:29:00
2024-11-03T08:30:00Z,0,2,2024-11-03T10:30:00
2024-11-03T08:31:00Z,0,2,2024-11-03T10:31:00
2024-11-03T08:32:00Z,0,2,2024-11-03T10:32:00
2024-11-03T08:33:00Z,0,2,2024-11-03T10:33:00
2024-11-03T08:34:00Z,0,2,2024-11-03T10:34:00
2024-11-03T08:35:00Z,0,2,2024-11-03T10:35:00
2024-11-03T08:36:00Z,0,2,2024-11-03T10:36:00
2024-11-03T08:37:00Z,0,2,2024-11-03T10:37:00
2024-11-03T08:38:00Z,0,2,2024-11-03T10:38:00
2024-11-03T08:39:00Z,0,2,2024-11-03T10:39:00
2024-11-03T08:40:00Z,0,2,2024-11-03T10:40:00
2024-11-03T08:41:00Z,0,2,2024-11-03T10:41:00
2024-11-03T08:42:00Z,0,2,2024-11-03T10:42:00
2024-11-03T08:43:00Z,0,2,2024-11-03T10:43:00
2024-11-03T08:44:00Z,0,2,2024-11-03T10:44:00
2024-11-03T08:45:00Z,0,2,2024-11-03T10:45:00
2024-11-03T08:46:00Z,0,2,2024-11-03T10:46:00
2024-11-03T08:47:00Z,0,2,2024-11-03T10:47:00
2024-11-03T08:48:00Z,0,2,2024-11-03T10:48:00
2024-11-03T08:49:00Z,0,2,2024-11-03T10:49:00
2024-11-03T08:50:00Z,0,2,2024-11-03T10:50:00
2024-11-03T08:51:00Z,0,2,2024-11-03T10:51:00
2024-11-03T08:52:00Z,0,2,2024-11-03T10:52:00
2024-11-03T08:53:00Z,0,2,2024-11-03T10:53:00
2024-11-03T08:54:00Z,0,2,2024-11-03T10:54:00
2024-11-03T08:55:00Z,0,2,2024-11-03T10:55:00
2024-11-03T08:56:00Z,0,2,2024-11-03T10:56:00
2024-11-03T08:57:00Z,0,2,2024-11-03T10:57:00
2024-11-03T08:58:00Z,0,2,2024-11-03T10:58:00
2024-11-03T08:59:00Z,0,2,2024-11-03T10:59:00
2024-11-03T09:00:00Z,0,2,2024-11-03T11:00:00
2025-03-09T04:00:00Z,0,2,2025-03-09T06:00:00
2025-03-09T04:01:00Z,0,2,2025-03-09T06:01:00
2025-03-09T04:02:00Z,0,2,2025-03-09T06:02:00
2025-03-09T04:03:00Z,0,2,2025-03-09T06:03:00
2025-03-09T04:04:00Z,0,2,2025-03-09T06:04:00
2025-03-09T04:05:00Z,0,2,2025-03-09T06:05:00
2025-03-09T04:06:00Z,0,2,2025-03-09T06:06:00
2025-03-09T04:07:00Z,0,2,2025-03-09T06:07:00
2025-03-09T04:08:00Z,0,2,2025-03-09T06:08:00
2025-03-09T04:09:00Z,0,2,2025-03-09T06:09:00
2025-03-09T04:10:00Z,0,2,2025-03-09T06:10:00
2025-03-09T04:11:00Z,0,2,2025-03-09T06:11:00
2025-03-09T04:12:00Z,0,2,2025-03-09T06:12:00
2025-03-09T04:13:00Z,0,2,2025-03-09T06:13:00
2025-03-09T04:14:00Z,0,2,2025-03-09T06:14:00
2025-03-09T04:15:00Z,0,2,2025-03-09T06:15:00
2025-03-09T04:16:00Z,0,2,2025-03-09T06:16:00
2025-03-09T04:17:00Z,0,2,2025-03-09T06:17:00
2025-03-09T04:18:00Z,0,2,2025-03-09T06:18:00
2025-03-09T04:19:00Z,0,2,2025-03-09T06:19:00
2025-03-09T04:20:00Z,0,2,2025-03-09T06:20:00
2025-03-09T04:21:00Z,0,2,2025-03-09T06:21:00
2025-03-09T04:22:00Z,0,2,2025-03-09T06:22:00
2025-03-09T04:23:00Z,0,2,2025-03-09T06:23:00
2025-03-09T04:24:00Z,0,2,2025-03-09T06:24:00
2025-03-09T04:25:00Z,0,2,2025-03-09T06:25:00
2025-03-09T04:26:00Z,0,2,2025-03-09T06:26:00
2025-03-09T04:27:00Z,0,2,2025-03-09T06:27:00
2025-03-09T04:28:00Z,0,2,2025-03-09T06:28:00
2025-03-09T04:29:00Z,0,2,2025-03-09T06:29:00
2025-03-09T04:30:00Z,0,2,2025-03-09T06:30:00
2025-03-09T04:31:00Z,0,2,2025-03-09T06:31:00
2025-03-09T04:32:00Z,0,2,2025-03-09T06:32:00
2025-03-09T04:33:00Z,0,2,2025-03-09T06:33:00
2025-03-09T04:34:00Z,0,2,2025-03-09T06:34:00
2025-03-09T04:35:00Z,0,2,2025-03-09T06:35:00
2025-03-09T04:36:00Z,0,2,2025-03-09T06:36:00
2025-03-09T04:37:00Z,0,2,2025-03-09T06:37:00
2025-03-09T04:38:00Z,0,2,2025-03-09T06:38:00
2025-03-09T04:39:00Z,0,2,2025-03-09T06:39:00
2025-03-09T04:40:00Z,0,2,2025-03-09T06:40:00
2025-03-09T04:41:00Z,0,2,2025-03-09T06:41:00
2025-03-09T04:42:00Z,0,2,2025-03-09T06:42:00
2025-03-09T04:43:00Z,0,2,2025-03-09T06:43:00
2025-03-09T04:44:00Z,0,2,2025-03-09T06:44:00
2025-03-09T04:45:00Z,0,2,2025-03-09T06:45:00
2025-03-09T04:46:00Z,0,2,2025-03-09T06:46:00
2025-03-09T04:47:00Z,0,2,2025-03-09T06:47:00
2025-03-09T04:48:00Z,0,2,2025-03-09T06:48:00
2025-03-09T04:49:00Z,0,2,2025-03-09T06:49:00
2025-03-09T04:50:00Z,0,2,2025-03-09T06:50:00
2025-03-09T04:51:00Z,0,2,2025-03-09T06:51:00
2025-03-09T04:52:00Z,0,2,2025-03-09T06:52:00
2025-03-09T04:53:00Z,0,2,2025-03-09T06:53:00
2025-03-09T04:54:00Z,0,2,2025-03-09T06:54:00
2025-03-09T04:55:00Z,0,2,2025-03-09T06:55:00
2025-03-09T04:56:00Z,0,2,2025-03-09T06:56:00
2025-03-09T04:57:00Z,0,2,2025-03-09T06:57:00
2025-03-09T04:58:00Z,0,2,2025-03-09T06:58:00
2025-03-09T04:59:00Z,0,2,2025-03-09T06:59:00
2025-03-09T05:00:00Z,0,2,2025-03-09T07:00:00
2025-03-09T05:01:00Z,0,2,2025-03-09T07:01:00
2025-03-09T05:02:00Z,0,2,2025-03-09T07:02:00
2025-03-09T05:03:00Z,0,2,2025-03-09T07:03:00
2025-03-09T05:04:00Z,0,2,2025-03-09T07:04:00
2025-03-09T05:05:00Z,0,2,2025-03-09T07:05:00
2025-03-09T05:06:00Z,0,2,2025-03-09T07:06:00
2025-03-09T05:07:00Z,0,2,2025-03-09T07:07:00
2025-03-09T05:08:00Z,0,2,2025-03-09T07:08:00
2025-03-09T05:09:00Z,0,2,2025-03-09T07:09:00
2025-03-09T05:10:00Z,0,2,2025-03-09T07:10:00
2025-03-09T05:11:00Z,0,2,2025-03-09T07:11:00
2025-03-09T05:12:00Z,0,2,2025-03-09T07:12:00
2025-03-09T05:13:00Z,0,2,2025-03-09T07:13:00
2025-03-09T05:14:00Z,0,2,2025-03-09T07:14:00
2025-03-09T05:15:00Z,0,2,2025-03-09T07:15:00
2025-03-09T05:16:00Z,0,2,2025-03-09T07:16:00
2025-03-09T05:17:00Z,0,2,2025-03-09T07:17:00
2025-03-09T05:18:00Z,0,2,2025-03-09T07:18:00
2025-03-09T05:19:00Z,0,2,2025-03-09T07:19:00
2025-03-09T05:20:00Z,0,2,2025-03-09T07:20:00
2025-03-09T05:21:00Z,0,2,2025-03-09T07:21:00
2025-03-09T05:22:00Z,0,2,2025-03-09T07:22:00
2025-03-09T05:23:00Z,0,2,2025-03-09T07:23:00
2025-03-09T05:24:00Z,0,2,2025-03-09T07:24:00
2025-03-09T05:25:00Z,0,2,2025-03-09T07:25:00
2025-03-09T05:26:00Z,0,2,2025-03-09T07:26:00
2025-03-09T05:27:00Z,0,2,2025-03-09T07:27:00
2025-03-09T05:28:00Z,0,2,2025-03-09T07:28:00
2025-03-09T05:29:00Z,0,2,2025-03-09T07:29:00
2025-03-09T05:30:00Z,0,2,2025-03-09T07:30:00
2025-03-09T05:31:00Z,0,2,2025-03-09T07:31:00
2025-03-09T05:32:00Z,0,2,2025-03-09T07:32:00
2025-03-09T05:33:00Z,0,2,2025-03-09T07:33:00
2025-03-09T05:34:00Z,0,2,2025-03-09T07:34:00
2025-03-09T05:35:00Z,0,2,2025-03-09T07:35:00
2025-03-09T05:36:00Z,0,2,2025-03-09T07:36:00
2025-03-09T05:37:00Z,0,2,2025-03-09T07:37:00
2025-03-09T05:38:00Z,0,2,2025-03-09T07:38:00
2025-03-09T05:39:00Z,0,2,2025-03-09T07:39:00
2025-03-09T05:40:00Z,0,2,2025-03-09T07:40:00
2025-03-09T05:41:00Z,0,2,2025-03-09T07:41:00
2025-03-09T05:42:00Z,0,2,2025-03-09T07:42:00
2025-03-09T05:43:00Z,0,2,2025-03-09T07:43:00
2025-03-09T05:44:00Z,0,2,2025-03-09T07:44:00
2025-03-09T05:45:00Z,0,2,2025-03-09T07:45:00
2025-03-09T05:46:00Z,0,2,2025-03-09T07:46:00
2025-03-09T05:47:00Z,0,2,2025-03-09T07:47:00
2025-03-09T05:48:00Z,0,2,2025-03-09T07:48:00
2025-03-09T05:49:00Z,0,2,2025-03-09T07:49:00
2025-03-09T05:50:00Z,0,2,2025-03-09T07:50:00
2025-03-09T05:51:00Z,0,2,2025-03-09T07:51:00
2025-03-09T05:52:00Z,0,2,2025-03-09T07:52:00
2025-03-09T05:53:00Z,0,2,2025-03-09T07:53:00
2025-03-09T05:54:00Z,0,2,2025-03-09T07:54:00
2025-03-09T05:55:00Z,0,2,2025-03-09T07:55:00
2025-03-09T05:56:00Z,0,2,2025-03-09T07:56:00
2025-03-09T05:57:00Z,0,2,2025-03-09T07:57:00
2025-03-09T05:58:00Z,0,2,2025-03-09T07:58:00
2025-03-09T05:59:00Z,0,2,2025-03-09T07:59:00
2025-03-09T06:00:00Z,0,2,2025-03-09T08:00:00
2025-03-09T06:01:00Z,0,2,2025-03-09T08:01:00
2025-03-09T06:02:00Z,0,2,2025-03-09T08:02:00
2025-03-09T06:03:00Z,0,2,2025-03-09T08:03:00
2025-03-09T06:04:00Z,0,2,2025-03-09T08:04:00
2025-03-09T06:05:00Z,0,2,2025-03-09T08:05:00
2025-03-09T06:06:00Z,0,2,2025-03-09T08:06:00
2025-03-09T06:07:00Z,0,2,2025-03-09T08:07:00
2025-03-09T06:08:00Z,0,2,2025-03-09T08:08:00
2025-03-09T06:09:00Z,0,2,2025-03-09T08:09:00
2025-03-09T06:10:00Z,0,2,2025-03-09T08:10:00
2025-03-09T06:11:00Z,0,2,2025-03-09T08:11:00
2025-03-09T06:12:00Z,0,2,2025-03-09T08:12:00
2025-03-09T06:13:00Z,0,2,2025-03-09T08:13:00
2025-03-09T06:14:00Z,0,2,2025-03-09T08:14:00
2025-03-09T06:15:00Z,0,2,2025-03-09T08:15:00
2025-03-09T06:16:00Z,0,2,2025-03-09T08:16:00
2025-03-09T06:17:00Z,0,2,2025-03-09T08:17:00
2025-03-09T06:18:00Z,0,2,2025-03-09T08:18:00
2025-03-09T06:19:00Z,0,2,2025-03-09T08:19:00
2025-03-09T06:20:00Z,0,2,2025-03-09T08:20:00
2025-03-09T06:21:00Z,0,2,2025-03-09T08:21:00
2025-03-09T06:22:00Z,0,2,2025-03-09T08:22:00
2025-03-09T06:23:00Z,0,2,2025-03-09T08:23:00
2025-03-09T06:24:00Z,0,2,2025-03-09T08:24:00
2025-03-09T06:25:00Z,0,2,2025-03-09T08:25:00
2025-03-09T06:26:00Z,0,2,2025-03-09T08:26:00
2025-03-09T06:27:00Z,0,2,2025-03-09T08:27:00
2025-03-09T06:28:00Z,0,2,2025-03-09T08:28:00
2025-03-09T06:29:00Z,0,2,2025-03-09T08:29:00
2025-03-09T06:30:00Z,0,2,2025-03-09T08:30:00
2025-03-09T06:31:00Z,0,2,2025-03-09T08:31:00
2025-03-09T06:32:00Z,0,2,2025-03-09T08:32:00
2025-03-09T06:33:00Z,0,2,2025-03-09T08:33:00
2025-03-09T06:34:00Z,0,2,2025-03-09T08:34:00
2025-03-09T06:35:00Z,0,2,2025-03-09T08:35:00
2025-03-09T06:36:00Z,0,2,2025-03-09T08:36:00
2025-03-09T06:37:00Z,0,2,2025-03-09T08:37:00
2025-03-09T06:38:00Z,0,2,2025-03-09T08:38:00
2025-03-09T06:39:00Z,0,2,2025-03-09T08:39:00
2025-03-09T06:40:00Z,0,2,2025-03-09T08:40:00
2025-03-09T06:41:00Z,0,2,2025-03-09T08:41:00
2025-03-09T06:42:00Z,0,2,2025-03-09T08:42:00
2025-03-09T06:43:00Z,0,2,2025-03-09T08:43:00
2025-03-09T06:44:00Z,0,2,2025-03-09T08:44:00
2025-03-09T06:45:00Z,0,2,2025-03-09T08:45:00
2025-03-09T06:46:00Z,0,2,2025-03-09T08:46:00
2025-03-09T06:47:00Z,0,2,2025-03-09T08:47:00
2025-03-09T06:48:00Z,0,2,2025-03-09T08:48:00
2025-03-09T06:49:00Z,0,2,2025-03-09T08:49:00
2025-03-09T06:50:00Z,0,2,2025-03-09T08:50:00
2025-03-09T06:51:00Z,0,2,2025-03-09T08:51:00
2025-03-09T06:52:00Z,0,2,2025-03-09T08:52:00
2025-03-09T06:53:00Z,0,2,2025-03-09T08:53:00
2025-03-09T06:54:00Z,0,2,2025-03-09T08:54:00
2025-03-09T06:55:00Z,0,2,2025-03-09T08:55:00
2025-03-09T06:56:00Z,0,2,2025-03-09T08:56:00
2025-03-09T06:57:00Z,0,2,2025-03-09T08:57:00
2025-03-09T06:58:00Z,0,2,2025-03-09T08:58:00
2025-03-09T06:59:00Z,0,2,2025-03-09T08:59:00
2025-03-09T07:00:00Z,1,3,2025-03-09T10:00:00
2025-03-09T07:01:00Z,1,3,2025-03-09T10:01:00
2025-03-09T07:02:00Z,1,3,2025-03-09T10:02:00
2025-03-09T07:03:00Z,1,3,2025-03-09T10:03:00
2025-03-09T07:04:00Z,1,3,2025-03-09T10:04:00
2025-03-09T07:05:00Z,1,3,2025-03-09T10:05:00
2025-03-09T07:06:00Z,1,3,2025-03-09T10:06:00
2025-03-09T07:07:00Z,1,3,2025-03-09T10:07:00
2025-03-09T07:08:00Z,1,3,2025-03-09T10:08:00
2025-03-09T07:09:00Z,1,3,2025-03-09T10:09:00
2025-03-09T07:10:00Z,1,3,2025-03-09T10:10:00
2025-03-09T07:11:00Z,1,3,2025-03-09T10:11:00
2025-03-09T07:12:00Z,1,3,2025-03-09T10:12:00
2025-03-09T07:13:00Z,1,3,2025-03-09T10:13:00
2025-03-09T07:14:00Z,1,3,2025-03-09T10:14:00
2025-03-09T07:15:00Z,1,3,2025-03-09T10:15:00
2025-03-09T07:16:00Z,1,3,2025-03-09T10:16:00
2025-03-09T07:17:00Z,1,3,2025-03-09T10:17:00
2025-03-09T07:18:00Z,1,3,2025-03-09T10:18:00
2025-03-09T07:19:00Z,1,3,2025-03-09T10:19:00
2025-03-09T07:20:00Z,1,3,2025-03-09T10:20:00
2025-03-09T07:21:00Z,1,3,2025-03-09T10:21:00
2025-03-09T07:22:00Z,1,3,2025-03-09T10:22:00
2025-03-09T07:23:00Z,1,3,2025-03-09T10:23:00
2025-03-09T07:24:00Z,1,3,2025-03-09T10:24:00
2025-03-09T07:25:00Z,1,3,2025-03-09T10:25:00
2025-03-09T07:26:00Z,1,3,2025-03-09T10:26:00
2025-03-09T07:27:00Z,1,3,2025-03-09T10:27:00
2025-03-09T07:28:00Z,1,3,2025-03-09T10:28:00
2025-03-09T07:29:00Z,1,3,2025-03-09T10:29:00
2025-03-09T07:30:00Z,1,3,2025-03-09T10:30:00
2025-03-09T07:31:00Z,1,3,2025-03-09T10:31:00
2025-03-09T07:32:00Z,1,3,2025-03-09T10:32:00
2025-03-09T07:33:00Z,1,3,2025-03-09T10:33:00
2025-03-09T07:34:00Z,1,3,2025-03-09T10:34:00
2025-03-09T07:35:00Z,1,3,2025-03-09T10:35:00
2025-03-09T07:36:00Z,1,3,2025-03-09T10:36:00
2025-03-09T07:37:00Z,1,3,2025-03-09T10:37:00
2025-03-09T07:38:00Z,1,3,2025-03-09T10:38:00
2025-03-09T07:39:00Z,1,3,2025-03-09T10:39:00
2025-03-09T07:40:00Z,1,3,2025-03-09T10:40:00
2025-03-09T07:41:00Z,1,3,2025-03-09T10:41:00
2025-03-09T07:42:00Z,1,3,2025-03-09T10:42:00
2025-03-09T07:43:00Z,1,3,2025-03-09T10:43:00
2025-03-09T07:44:00Z,1,3,2025-03-09T10:44:00
2025-03-09T07:45:00Z,1,3,2025-03-09T10:45:00
2025-03-09T07:46:00Z,1,3,2025-03-09T10:46:00
2025-03-09T07:47:00Z,1,3,2025-03-09T10:47:00
2025-03-09T07:48:00Z,1,3,2025-03-09T10:48:00
2025-03-09T07:49:00Z,1,3,2025-03-09T10:49:00
2025-03-09T07:50:00Z,1,3,2025-03-09T10:50:00
2025-03-09T07:51:00Z,1,3,2025-03-09T10:51:00
2025-03-09T07:52:00Z,1,3,2025-03-09T10:52:00
2025-03-09T07:53:00Z,1,3,2025-03-09T10:53:00
2025-03-09T07:54:00Z,1,3,2025-03-09T10:54:00
2025-03-09T07:55:00Z,1,3,2025-03-09T10:55:00
2025-03-09T07:56:00Z,1,3,2025-03-09T10:56:00
2025-03-09T07:57:00Z,1,3,2025-03-09T10:57:00
2025-03-09T07:58:00Z,1,3,2025-03-09T10:58:00
2025-03-09T07:59:00Z,1,3,2025-03-09T10:59:00
2025-03-09T08:00:00Z,1,3,2025-03-09T11:00:00
2025-03-09T08:01:00Z,1,3,2025-03-09T11:01:00
2025-03-09T08:02:00Z,1,3,2025-03-09T11:02:00
2025-03-09T08:03:00Z,1,3,2025-03-09T11:03:00
2025-03-09T08:04:00Z,1,3,2025-03-09T11:04:00
2025-03-09T08:05:00Z,1,3,2025-03-09T11:05:00
2025-03-09T08:06:00Z,1,3,2025-03-09T11:06:00
2025-03-09T08:07:00Z,1,3,2025-03-09T11:07:00
2025-03-09T08:08:00Z,1,3,2025-03-09T11:08:00
2025-03-09T08:09:00Z,1,3,2025-03-09T11:09:00
2025-03-09T08:10:00Z,1,3,2025-03-09T11:10:00
2025-03-09T08:11:00Z,1,3,2025-03-09T11:11:00
2025-03-09T08:12:00Z,1,3,2025-03-09T11:12:00
2025-03-09T08:13:00Z,1,3,2025-03-09T11:13:00
2025-03-09T08:14:00Z,1,3,2025-03-09T11:14:00
2025-03-09T08:15:00Z,1,3,2025-03-09T11:15:00
2025-03-09T08:16:00Z,1,3,2025-03-09T11:16:00
2025-03-09T08:17:00Z,1,3,2025-03-09T11:17:00
2025-03-09T08:18:00Z,1,3,2025-03-09T11:18:00
2025-03-09T08:19:00Z,1,3,2025-03-09T11:19:00
2025-03-09T08:20:00Z,1,3,2025-03-09T11:20:00
2025-03-09T08:21:00Z,1,3,2025-03-09T11:21:00
2025-03-09T08:22:00Z,1,3,2025-03-09T11:22:00
2025-03-09T08:23:00Z,1,3,2025-03-09T11:23:00
2025-03-09T08:24:00Z,1,3,2025-03-09T11:24:00
2025-03-09T08:25:00Z,1,3,2025-03-09T11:25:00
2025-03-09T08:26:00Z,1,3,2025-03-09T11:26:00
2025-03-09T08:27:00Z,1,3,2025-03-09T11:27:00
2025-03-09T08:28:00Z,1,3,2025-03-09T11:28:00
2025-03-09T08:29:00Z,1,3,2025-03-09T11:29:00
2025-03-09T08:30:00Z,1,3,2025-03-09T11:30:00
2025-03-09T08:31:00Z,1,3,2025-03-09T11:31:00
2025-03-09T08:32:00Z,1,3,2025-03-09T11:32:00
2025-03-09T08:33:00Z,1,3,2025-03-09T11:33:00
2025-03-09T08:34:00Z,1,3,2025-03-09T11:34:00
2025-03-09T08:35:00Z,1,3,2025-03-09T11:35:00
2025-03-09T08:36:00Z,1,3,2025-03-09T11:36:00
2025-03-09T08:37:00Z,1,3,2025-03-09T11:37:00
2025-03-09T08:38:00Z,1,3,2025-03-09T11:38:00
2025-03-09T08:39:00Z,1,3,2025-03-09T11:39:00
2025-03-09T08:40:00Z,1,3,2025-03-09T11:40:00
2025-03-09T08:41:00Z,1,3,2025-03-09T11:41:00
2025-03-09T08:42:00Z,1,3,2025-03-09T11:42:00
2025-03-09T08:43:00Z,1,3,2025-03-09T11:43:00
2025-03-09T08:44:00Z,1,3,2025-03-09T11:44:00
2025-03-09T08:45:00Z,1,3,2025-03-09T11:45:00
2025-03-09T08:46:00Z,1,3,2025-03-09T11:46:00
2025-03-09T08:47:00Z,1,3,2025-03-09T11:47:00
2025-03-09T08:48:00Z,1,3,2025-03-09T11:48:00
2025-03-09T08:49:00Z,1,3,2025-03-09T11:49:00
2025-03-09T08:50:00Z,1,3,2025-03-09T11:50:00
2025-03-09T08:51:00Z,1,3,2025-03-09T11:51:00
2025-03-09T08:52:00Z,1,3,2025-03-09T11:52:00
2025-03-09T08:53:00Z,1,3,2025-03-09T11:53:00
2025-03-09T08:54:00Z,1,3,2025-03-09T11:54:00
2025-03-09T08:55:00Z,1,3,2025-03-09T11:55:00
2025-03-09T08:56:00Z,1,3,2025-03-09T11:56:00
2025-03-09T08:57:00Z,1,3,2025-03-09T11:57:00
2025-03-09T08:58:00Z,1,3,2025-03-09T11:58:00
2025-03-09T08:59:00Z,1,3,2025-03-09T11:59:00
2025-03-09T09:00:00Z,1,3,2025-03-09T12:00:00
2025-03-09T09:01:00Z,1,3,2025-03-09T12:01:00
2025-03-09T09:02:00Z,1,3,2025-03-09T12:02:00
2025-03-09T09:03:00Z,1,3,2025-03-09T12:03:00
2025-03-09T09:04:00Z,1,3,2025-03-09T12:04:00
2025-03-09T09:05:00Z,1,3,2025-03-09T12:05:00
2025-03-09T09:06:00Z,1,3,2025-03-09T12:06:00
2025-03-09T09:07:00Z,1,3,2025-03-09T12:07:00
2025-03-09T09:08:00Z,1,3,2025-03-09T12:08:00
2025-03-09T09:09:00Z,1,3,2025-03-09T12:09:00
2025-03-09T09:10:00Z,1,3,2025-03-09T12:10:00
2025-03-09T09:11:00Z,1,3,2025-03-09T12:11:00
2025-03-09T09:12:00Z,1,3,2025-03-09T12:12:00
2025-03-09T09:13:00Z,1,3,2025-03-09T12:13:00
2025-03-09T09:14:00Z,1,3,2025-03-09T12:14:00
2025-03-09T09:15:00Z,1,3,2025-03-09T12:15:00
2025-03-09T09:16:00Z,1,3,2025-03-09T12:16:00
2025-03-09T09:17:00Z,1,3,2025-03-09T12:17:00
2025-03-09T09:18:00Z,1,3,2025-03-09T12:18:00
2025-03-09T09:19:00Z,1,3,2025-03-09T12:19:00
2025-03-09T09:20:00Z,1,3,2025-03-09T12:20:00
2025-03-09T09:21:00Z,1,3,2025-03-09T12:21:00
2025-03-09T09:22:00Z,1,3,2025-03-09T12:22:00
2025-03-09T09:23:00Z,1,3,2025-03-09T12:23:00
2025-03-09T09:24:00Z,1,3,2025-03-09T12:24:00
2025-03-09T09:25:00Z,1,3,2025-03-09T12:25:00
2025-03-09T09:26:00Z,1,3,2025-03-09T12:26:00
2025-03-09T09:27:00Z,1,3,2025-03-09T12:27:00
2025-03-09T09:28:00Z,1,3,2025-03-09T12:28:00
2025-03-09T09:29:00Z,1,3,2025-03-09T12:29:00
2025-03-09T09:30:00Z,1,3,2025-03-09T12:30:00
2025-03-09T09:31:00Z,1,3,2025-03-09T12:31:00
2025-03-09T09:32:00Z,1,3,2025-03-09T12:32:00
2025-03-09T09:33:00Z,1,3,2025-03-09T12:33:00
2025-03-09T09:34:00Z,1,3,2025-03-09T12:34:00
2025-03-09T09:35:00Z,1,3,2025-03-09T12:35:00
2025-03-09T09:36:00Z,1,3,2025-03-09T12:36:00
2025-03-09T09:37:00Z,1,3,2025-03-09T12:37:00
2025-03-09T09:38:00Z,1,3,2025-03-09T12:38:00
2025-03-09T09:39:00Z,1,3,2025-03-09T12:39:00
2025-03-09T09:40:00Z,1,3,2025-03-09T12:40:00
2025-03-09T09:41:00Z,1,3,2025-03-09T12:41:00
2025-03-09T09:42:00Z,1,3,2025-03-09T12:42:00
2025-03-09T09:43:00Z,1,3,2025-03-09T12:43:00
2025-03-09T09:44:00Z,1,3,2025-03-09T12:44:00
2025-03-09T09:45:00Z,1,3,2025-03-09T12:45:00
2025-03-09T09:46:00Z,1,3,2025-03-09T12:46:00
2025-03-09T09:47:00Z,1,3,2025-03-09T12:47:00
2025-03-09T09:48:00Z,1,3,2025-03-09T12:48:00
2025-03-09T09:49:00Z,1,3,2025-03-09T12:49:00
2025-03-09T09:50:00Z,1,3,2025-03-09T12:50:00
2025-03-09T09:51:00Z,1,3,2025-03-09T12:51:00
2025-03-09T09:52:00Z,1,3,2025-03-09T12:52:00
2025-03-09T09:53:00Z,1,3,2025-03-09T12:53:00
2025-03-09T09:54:00Z,1,3,2025-03-09T12:54:00
2025-03-09T09:55:00Z,1,3,2025-03-09T12:55:00
2025-03-09T09:56:00Z,1,3,2025-03-09T12:56:00
2025-03-09T09:57:00Z,1,3,2025-03-09T12:57:00
2025-03-09T09:58:00Z,1,3,2025-03-09T12:58:00
2025-03-09T09:59:00Z,1,3,2025-03-09T12:59:00
2025-03-09T10:00:00Z,1,3,2025-03-09T13:00:00
2025-11-02T03:00:00Z,1,3,2025-11-02T06:00:00
2025-11-02T03:01:00Z,1,3,2025-11-02T06:01:00
2025-11-02T03:02:00Z,1,3,2025-11-02T06:02:00
2025-11-02T03:03:00Z,1,3,2025-11-02T06:03:00
2025-11-02T03:04:00Z,1,3,2025-11-02T06:04:00
2025-11-02T03:05:00Z,1,3,2025-11-02T06:05:00
2025-11-02T03:06:00Z,1,3,2025-11-02T06:06:00
2025-11-02T03:07:00Z,1,3,2025-11-02T06:07:00
2025-11-02T03:08:00Z,1,3,2025-11-02T06:08:00
2025-11-02T03:09:00Z,1,3,2025-11-02T06:09:00
2025-11-02T03:10:00Z,1,3,2025-11-02T06:10:00
2025-11-02T03:11:00Z,1,3,2025-11-02T06:11:00
2025-11-02T03:12:00Z,1,3,2025-11-02T06:12:00
2025-11-02T03:13:00Z,1,3,2025-11-02T06:13:00
2025-11-02T03:14:00Z,1,3,2025-11-02T06:14:00
2025-11-02T03:15:00Z,1,3,2025-11-02T06:15:00
2025-11-02T03:16:00Z,1,3,2025-11-02T06:16:00
2025-11-02T03:17:00Z,1,3,2025-11-02T06:17:00
2025-11-02T03:18:00Z,1,3,2025-11-02T06:18:00
2025-11-02T03:19:00Z,1,3,2025-11-02T06:19:00
2025-11-02T03:20:00Z,1,3,2025-11-02T06:20:00
2025-11-02T03:21:00Z,1,3,2025-11-02T06:21:00
2025-11-02T03:22:00Z,1,3,2025-11-02T06:22:00
2025-11-02T03:23:00Z,1,3,2025-11-02T06:23:00
2025-11-02T03:24:00Z,1,3,2025-11-02T06:24:00
2025-11-02T03:25:00Z,1,3,2025-11-02T06:25:00
2025-11-02T03:26:00Z,1,3,2025-11-02T06:26:00
2025-11-02T03:27:00Z,1,3,2025-11-02T06:27:00
2025-11-02T03:28:00Z,1,3,2025-11-02T06:28:00
2025-11-02T03:29:00Z,1,3,2025-11-02T06:29:00
2025-11-02T03:30:00Z,1,3,2025-11-02T06:30:00
2025-11-02T03:31:00Z,1,3,2025-11-02T06:31:00
2025-11-02T03:32:00Z,1,3,2025-11-02T06:32:00
2025-11-02T03:33:00Z,1,3,2025-11-02T06:33:00
2025-11-02T03:34:00Z,1,3,2025-11-02T06:34:00
2025-11-02T03:35:00Z,1,3,2025-11-02T06:35:00
2025-11-02T03:36:00Z,1,3,2025-11-02T06:36:00
2025-11-02T03:37:00Z,1,3,2025-11-02T06:37:00
2025-11-02T03:38:00Z,1,3,2025-11-02T06:38:00
2025-11-02T03:39:00Z,1,3,2025-11-02T06:39:00
2025-11-02T03:40:00Z,1,3,2025-11-02T06:40:00
2025-11-02T03:41:00Z,1,3,2025-11-02T06:41:00
2025-11-02T03:42:00Z,1,3,2025-11-02T06:42:00
2025-11-02T03:43:00Z,1,3,2025-11-02T06:43:00
2025-11-02T03:44:00Z,1,3,2025-11-02T06:44:00
2025-11-02T03:45:00Z,1,3,2025-11-02T06:45:00
2025-11-02T03:46:00Z,1,3,2025-11-02T06:46:00
2025-11-02T03:47:00Z,1,3,2025-11-02T06:47:00
2025-11-02T03:48:00Z,1,3,2025-11-02T06:48:00
2025-11-02T03:49:00Z,1,3,2025-11-02T06:49:00
2025-11-02T03:50:00Z,1,3,2025-11-02T06:50:00
2025-11-02T03:51:00Z,1,3,2025-11-02T06:51:00
2025-11-02T03:52:00Z,1,3,2025-11-02T06:52:00
2025-11-02T03:53:00Z,1,3,2025-11-02T06:53:00
2025-11-02T03:54:00Z,1,3,2025-11-02T06:54:00
2025-11-02T03:55:00Z,1,3,2025-11-02T06:55:00
2025-11-02T03:56:00Z,1,3,2025-11-02T06:56:00
2025-11-02T03:57:00Z,1,3,2025-11-02T06:57:00
2025-11-02T03:58:00Z,1,3,2025-11-02T06:58:00
2025-11-02T03:59:00Z,1,3,2025-11-02T06:59:00
2025-11-02T04:00:00Z,1,3,2025-11-02T07:00:00
2025-11-02T04:01:00Z,1,3,2025-11-02T07:01:00
2025-11-02T04:02:00Z,1,3,2025-11-02T07:02:00
2025-11-02T04:03:00Z,1,3,2025-11-02T07:03:00
2025-11-02T04:04:00Z,1,3,2025-11-02T07:04:00
2025-11-02T04:05:00Z,1,3,2025-11-02T07:05:00
2025-11-02T04:06:00Z,1,3,2025-11-02T07:06:00
2025-11-02T04:07:00Z,1,3,2025-11-02T07:07:00
2025-11-02T04:08:00Z,1,3,2025-11-02T07:08:00
2025-11-02T04:09:00Z,1,3,2025-11-02T07:09:00
2025-11-02T04:10:00Z,1,3,2025-11-02T07:10:00
2025-11-02T04:11:00Z,1,3,2025-11-02T07:11:00
2025-11-02T04:12:00Z,1,3,2025-11-02T07:12:00
2025-11-02T04:13:00Z,1,3,2025-11-02T07:13:00
2025-11-02T04:14:00Z,1,3,2025-11-02T07:14:00
2025-11-02T04:15:00Z,1,3,2025-11-02T07:15:00
2025-11-02T04:16:00Z,1,3,2025-11-02T07:16:00
2025-11-02T04:17:00Z,1,3,2025-11-02T07:17:00
2025-11-02T04:18:00Z,1,3,2025-11-02T07:18:00
2025-11-02T04:19:00Z,1,3,2025-11-02T07:19:00
2025-11-02T04:20:00Z,1,3,2025-11-02T07:20:00
2025-11-02T04:21:00Z,1,3,2025-11-02T07:21:00
2025-11-02T04:22:00Z,1,3,2025-11-02T07:22:00
2025-11-02T04:23:00Z,1,3,2025-11-02T07:23:00
2025-11-02T04:24:00Z,1,3,2025-11-02T07:24:00
2025-11-02T04:25:00Z,1,3,2025-11-02T07:25:00
2025-11-02T04:26:00Z,1,3,2025-11-02T07:26:00
2025-11-02T04:27:00Z,1,3,2025-11-02T07:27:00
2025-11-02T04:28:00Z,1,3,2025-11-02T07:28:00
2025-11-02T04:29:00Z,1,3,2025-11-02T07:29:00
2025-11-02T04:30:00Z,1,3,2025-11-02T07:30:00
2025-11-02T04:31:00Z,1,3,2025-11-02T07:31:00
2025-11-02T04:32:00Z,1,3,2025-11-02T07:32:00
2025-11-02T04:33:00Z,1,3,2025-11-02T07:33:00
2025-11-02T04:34:00Z,1,3,2025-11-02T07:34:00
2025-11-02T04:35:00Z,1,3,2025-11-02T07:35:00
2025-11-02T04:36:00Z,1,3,2025-11-02T07:36:00
2025-11-02T04:37:00Z,1,3,2025-11-02T07:37:00
2025-11-02T04:38:00Z,1,3,2025-11-02T07:38:00
2025-11-02T04:39:00Z,1,3,2025-11-02T07:39:00
2025-11-02T04:40:00Z,1,3,2025-11-02T07:40:00
2025-11-02T04:41:00Z,1,3,2025-11-02T07:41:00
2025-11-02T04:42:00Z,1,3,2025-11-02T07:42:00
2025-11-02T04:43:00Z,1,3,2025-11-02T07:43:00
2025-11-02T04:44:00Z,1,3,2025-11-02T07:44:00
2025-11-02T04:45:00Z,1,3,2025-11-02T07:45:00
2025-11-02T04:46:00Z,1,3,2025-11-02T07:46:00
2025-11-02T04:47:00Z,1,3,2025-11-02T07:47:00
2025-11-02T04:48:00Z,1,3,2025-11-02T07:48:00
2025-11-02T04:49:00Z,1,3,2025-11-02T07:49:00
2025-11-02T04:50:00Z,1,3,2025-11-02T07:50:00
2025-11-02T04:51:00Z,1,3,2025-11-02T07:51:00
2025-11-02T04:52:00Z,1,3,2025-11-02T07:52:00
2025-11-02T04:53:00Z,1,3,2025-11-02T07:53:00
2025-11-02T04:54:00Z,1,3,2025-11-02T07:54:00
2025-11-02T04:55:00Z,1,3,2025-11-02T07:55:00
2025-11-02T04:56:00Z,1,3,2025-11-02T07:56:00
2025-11-02T04:57:00Z,1,3,2025-11-02T07:57:00
2025-11-02T04:58:00Z,1,3,2025-11-02T07:58:00
2025-11-02T04:59:00Z,1,3,2025-11-02T07:59:00
2025-11-02T05:00:00Z,1,3,2025-11-02T08:00:00
2025-11-02T05:01:00Z,1,3,2025-11-02T08:01:00
2025-11-02T05:02:00Z,1,3,2025-11-02T08:02:00
2025-11-02T05:03:00Z,1,3,2025-11-02T08:03:00
2025-11-02T05:04:00Z,1,3,2025-11-02T08:04:00
2025-11-02T05:05:00Z,1,3,2025-11-02T08:05:00
2025-11-02T05:06:00Z,1,3,2025-11-02T08:06:00
2025-11-02T05:07:00Z,1,3,2025-11-02T08:07:00
2025-11-02T05:08:00Z,1,3,2025-11-02T08:08:00
2025-11-02T05:09:00Z,1,3,2025-11-02T08:09:00
2025-11-02T05:10:00Z,1,3,2025-11-02T08:10:00
2025-11-02T05:11:00Z,1,3,2025-11-02T08:11:00
2025-11-02T05:12:00Z,1,3,2025-11-02T08:12:00
2025-11-02T05:13:00Z,1,3,2025-11-02T08:13:00
2025-11-02T05:14:00Z,1,3,2025-11-02T08:14:00
2025-11-02T05:15:00Z,1,3,2025-11-02T08:15:00
2025-11-02T05:16:00Z,1,3,2025-11-02T08:16:00
2025-11-02T05:17:00Z,1,3,2025-11-02T08:17:00
2025-11-02T05:18:00Z,1,3,2025-11-02T08:18:00
2025-11-02T05:19:00Z,1,3,2025-11-02T08:19:00
2025-11-02T05:20:00Z,1,3,2025-11-02T08:20:00
2025-11-02T05:21:00Z,1,3,2025-11-02T08:21:00
2025-11-02T05:22:00Z,1,3,2025-11-02T08:22:00
2025-11-02T05:23:00Z,1,3,2025-11-02T08:23:00
2025-11-02T05:24:00Z,1,3,2025-11-02T08:24:00
2025-11-02T05:25:00Z,1,3,2025-11-02T08:25:00
2025-11-02T05:26:00Z,1,3,2025-11-02T08:26:00
2025-11-02T05:27:00Z,1,3,2025-11-02T08:27:00
2025-11-02T05:28:00Z,1,3,2025-11-02T08:28:00
2025-11-02T05:29:00Z,1,3,2025-11-02T08:29:00
2025-11-02T05:30:00Z,1,3,2025-11-02T08:30:00
2025-11-02T05:31:00Z,1,3,2025-11-02T08:31:00
2025-11-02T05:32:00Z,1,3,2025-11-02T08:32:00
2025-11-02T05:33:00Z,1,3,2025-11-02T08:33:00
2025-11-02T05:34:00Z,1,3,2025-11-02T08:34:00
2025-11-02T05:35:00Z,1,3,2025-11-02T08:35:00
2025-11-02T05:36:00Z,1,3,2025-11-02T08:36:00
2025-11-02T05:37:00Z,1,3,2025-11-02T08:37:00
2025-11-02T05:38:00Z,1,3,2025-11-02T08:38:00
2025-11-02T05:39:00Z,1,3,2025-11-02T08:39:00
2025-11-02T05:40:00Z,1,3,2025-11-02T08:40:00
2025-11-02T05:41:00Z,1,3,2025-11-02T08:41:00
2025-11-02T05:42:00Z,1,3,2025-11-02T08:42:00
2025-11-02T05:43:00Z,1,3,2025-11-02T08:43:00
2025-11-02T05:44:00Z,1,3,2025-11-02T08:44:00
2025-11-02T05:45:00Z,1,3,2025-11-02T08:45:00
2025-11-02T05:46:00Z,1,3,2025-11-02T08:46:00
2025-11-02T05:47:00Z,1,3,2025-11-02T08:47:00
2025-11-02T05:48:00Z,1,3,2025-11-02T08:48:00
2025-11-02T05:49:00Z,1,3,2025-11-02T08:49:00
2025-11-02T05:50:00Z,1,3,2025-11-02T08:50:00
2025-11-02T05:51:00Z,1,3,2025-11-02T08:51:00
2025-11-02T05:52:00Z,1,3,2025-11-02T08:52:00
2025-11-02T05:53:00Z,1,3,2025-11-02T08:53:00
2025-11-02T05:54:00Z,1,3,2025-11-02T08:54:00
2025-11-02T05:55:00Z,1,3,2025-11-02T08:55:00
2025-11-02T05:56:00Z,1,3,2025-11-02T08:56:00
2025-11-02T05:57:00Z,1,3,2025-11-02T08:57:00
2025-11-02T05:58:00Z,1,3,2025-11-02T08:58:00
2025-11-02T05:59:00Z,1,3,2025-11-02T08:59:00
2025-11-02T06:00:00Z,0,2,2025-11-02T08:00:00
2025-11-02T06:01:00Z,0,2,2025-11-02T08:01:00
2025-11-02T06:02:00Z,0,2,2025-11-02T08:02:00
2025-11-02T06:03:00Z,0,2,2025-11-02T08:03:00
2025-11-02T06:04:00Z,0,2,2025-11-02T08:04:00
2025-11-02T06:05:00Z,0,2,2025-11-02T08:05:00
2025-11-02T06:06:00Z,0,2,2025-11-02T08:06:00
2025-11-02T06:07:00Z,0,2,2025-11-02T08:07:00
2025-11-02T06:08:00Z,0,2,2025-11-02T08:08:00
2025-11-02T06:09:00Z,0,2,2025-11-02T08:09:00
2025-11-02T06:10:00Z,0,2,2025-11-02T08:10:00
2025-11-02T06:11:00Z,0,2,2025-11-02T08:11:00
2025-11-02T06:12:00Z,0,2,2025-11-02T08:12:00
2025-11-02T06:13:00Z,0,2,2025-11-02T08:13:00
2025-11-02T06:14:00Z,0,2,2025-11-02T08:14:00
2025-11-02T06:15:00Z,0,2,2025-11-02T08:15:00
2025-11-02T06:16:00Z,0,2,2025-11-02T08:16:00
2025-11-02T06:17:00Z,0,2,2025-11-02T08:17:00
2025-11-02T06:18:00Z,0,2,2025-11-02T08:18:00
2025-11-02T06:19:00Z,0,2,2025-11-02T08:19:00
2025-11-02T06:20:00Z,0,2,2025-11-02T08:20:00
2025-11-02T06:21:00Z,0,2,2025-11-02T08:21:00
2025-11-02T06:22:00Z,0,2,2025-11-02T08:22:00
2025-11-02T06:23:00Z,0,2,2025-11-02T08:23:00
2025-11-02T06:24:00Z,0,2,2025-11-02T08:24:00
2025-11-02T06:25:00Z,0,2,2025-11-02T08:25:00
2025-11-02T06:26:00Z,0,2,2025-11-02T08:26:00
2025-11-02T06:27:00Z,0,2,2025-11-02T08:27:00
2025-11-02T06:28:00Z,0,2,2025-11-02T08:28:00
2025-11-02T06:29:00Z,0,2,2025-11-02T08:29:00
2025-11-02T06:30:00Z,0,2,2025-11-02T08:30:00
2025-11-02T06:31:00Z,0,2,2025-11-02T08:31:00
2025-11-02T06:32:00Z,0,2,2025-11-02T08:32:00
2025-11-02T06:33:00Z,0,2,2025-11-02T08:33:00
2025-11-02T06:34:00Z,0,2,2025-11-02T08:34:00
2025-11-02T06:35:00Z,0,2,2025-11-02T08:35:00
2025-11-02T06:36:00Z,0,2,2025-11-02T08:36:00
2025-11-02T06:37:00Z,0,2,2025-11-02T08:37:00
2025-11-02T06:38:00Z,0,2,2025-11-02T08:38:00
2025-11-02T06:39:00Z,0,2,2025-11-02T08:39:00
2025-11-02T06:40:00Z,0,2,2025-11-02T08:40:00
2025-11-02T06:41:00Z,0,2,2025-11-02T08:41:00
2025-11-02T06:42:00Z,0,2,2025-11-02T08:42:00
2025-11-02T06:43:00Z,0,2,2025-11-02T08:43:00
2025-11-02T06:44:00Z,0,2,2025-11-02T08:44:00
2025-11-02T06:45:00Z,0,2,2025-11-02T08:45:00
2025-11-02T06:46:00Z,0,2,2025-11-02T08:46:00
2025-11-02T06:47:00Z,0,2,2025-11-02T08:47:00
2025-11-02T06:48:00Z,0,2,2025-11-02T08:48:00
2025-11-02T06:49:00Z,0,2,2025-11-02T08:49:00
2025-11-02T06:50:00Z,0,2,2025-11-02T08:50:00
2025-11-02T06:51:00Z,0,2,2025-11-02T08:51:00
2025-11-02T06:52:00Z,0,2,2025-11-02T08:52:00
2025-11-02T06:53:00Z,0,2,2025-11-02T08:53:00
2025-11-02T06:54:00Z,0,2,2025-11-02T08:54:00
2025-11-02T06:55:00Z,0,2,2025-11-02T08:55:00
2025-11-02T06:56:00Z,0,2,2025-11-02T08:56:00
2025-11-02T06:57:00Z,0,2,2025-11-02T08:57:00
2025-11-02T06:58:00Z,0,2,2025-11-02T08:58:00
2025-11-02T06:59:00Z,0,2,2025-11-02T08:59:00
2025-11-02T07:00:00Z,0,2,2025-11-02T09:00:00
2025-11-02T07:01:00Z,0,2,2025-11-02T09:01:00
2025-11-02T07:02:00Z,0,2,2025-11-02T09:02:00
2025-11-02T07:03:00Z,0,2,2025-11-02T09:03:00
2025-11-02T07:04:00Z,0,2,2025-11-02T09:04:00
2025-11-02T07:05:00Z,0,2,2025-11-02T09:05:00
2025-11-02T07:06:00Z,0,2,2025-11-02T09:06:00
2025-11-02T07:07:00Z,0,2,2025-11-02T09:07:00
2025-11-02T07:08:00Z,0,2,2025-11-02T09:08:00
2025-11-02T07:09:00Z,0,2,2025-11-02T09:09:00
2025-11-02T07:10:00Z,0,2,2025-11-02T09:10:00
2025-11-02T07:11:00Z,0,2,2025-11-02T09:11:00
2025-11-02T07:12:00Z,0,2,2025-11-02T09:12:00
2025-11-02T07:13:00Z,0,2,2025-11-02T09:13:00
2025-11-02T07:14:00Z,0,2,2025-11-02T09:14:00
2025-11-02T07:15:00Z,0,2,2025-11-02T09:15:00
2025-11-02T07:16:00Z,0,2,2025-11-02T09:16:00
2025-11-02T07:17:00Z,0,2,2025-11-02T09:17:00
2025-11-02T07:18:00Z,0,2,2025-11-02T09:18:00
2025-11-02T07:19:00Z,0,2,2025-11-02T09:19:00
2025-11-02T07:20:00Z,0,2,2025-11-02T09:20:00
2025-11-02T07:21:00Z,0,2,2025-11-02T09:21:00
2025-11-02T07:22:00Z,0,2,2025-11-02T09:22:00
2025-11-02T07:23:00Z,0,2,2025-11-02T09:23:00
2025-11-02T07:24:00Z,0,2,2025-11-02T09:24:00
2025-11-02T07:25:00Z,0,2,2025-11-02T09:25:00
2025-11-02T07:26:00Z,0,2,2025-11-02T09:26:00
2025-11-02T07:27:00Z,0,2,2025-11-02T09:27:00
2025-11-02T07:28:00Z,0,2,2025-11-02T09:28:00
2025-11-02T07:29:00Z,0,2,2025-11-02T09:29:00
2025-11-02T07:30:00Z,0,2,2025-11-02T09:30:00
2025-11-02T07:31:00Z,0,2,2025-11-02T09:31:00
2025-11-02T07:32:00Z,0,2,2025-11-02T09:32:00
2025-11-02T07:33:00Z,0,2,2025-11-02T09:33:00
2025-11-02T07:34:00Z,0,2,2025-11-02T09:34:00
2025-11-02T07:35:00Z,0,2,2025-11-02T09:35:00
2025-11-02T07:36:00Z,0,2,2025-11-02T09:36:00
2025-11-02T07:37:00Z,0,2,2025-11-02T09:37:00
2025-11-02T07:38:00Z,0,2,2025-11-02T09:38:00
2025-11-02T07:39:00Z,0,2,2025-11-02T09:39:00
2025-11-02T07:40:00Z,0,2,2025-11-02T09:40:00
2025-11-02T07:41:00Z,0,2,2025-11-02T09:41:00
2025-11-02T07:42:00Z,0,2,2025-11-02T09:42:00
2025-11-02T07:43:00Z,0,2,2025-11-02T09:43:00
2025-11-02T07:44:00Z,0,2,2025-11-02T09:44:00
2025-11-02T07:45:00Z,0,2,2025-11-02T09:45:00
2025-11-02T07:46:00Z,0,2,2025-11-02T09:46:00
2025-11-02T07:47:00Z,0,2,2025-11-02T09:47:00
2025-11-02T07:48:00Z,0,2,2025-11-02T09:48:00
2025-11-02T07:49:00Z,0,2,2025-11-02T09:49:00
2025-11-02T07:50:00Z,0,2,2025-11-02T09:50:00
2025-11-02T07:51:00Z,0,2,2025-11-02T09:51:00
2025-11-02T07:52:00Z,0,2,2025-11-02T09:52:00
2025-11-02T07:53:00Z,0,2,2025-11-02T09:53:00
2025-11-02T07:54:00Z,0,2,2025-11-02T09:54:00
2025-11-02T07:55:00Z,0,2,2025-11-02T09:55:00
2025-11-02T07:56:00Z,0,2,2025-11-02T09:56:00
2025-11-02T07:57:00Z,0,2,2025-11-02T09:57:00
2025-11-02T07:58:00Z,0,2,2025-11-02T09:58:00
2025-11-02T07:59:00Z,0,2,2025-11-02T09:59:00
2025-11-02T08:00:00Z,0,2,2025-11-02T10:00:00
2025-11-02T08:01:00Z,0,2,2025-11-02T10:01:00
2025-11-02T08:02:00Z,0,2,2025-11-02T10:02:00
2025-11-02T08:03:00Z,0,2,2025-11-02T10:03:00
2025-11-02T08:04:00Z,0,2,2025-11-02T10:04:00
2025-11-02T08:05:00Z,0,2,2025-11-02T10:05:00
2025-11-02T08:06:00Z,0,2,2025-11-02T10:06:00
2025-11-02T08:07:00Z,0,2,2025-11-02T10:07:00
2025-11-02T08:08:00Z,0,2,2025-11-02T10:08:00
2025-11-02T08:09:00Z,0,2,2025-11-02T10:09:00
2025-11-02T08:10:00Z,0,2,2025-11-02T10:10:00
2025-11-02T08:11:00Z,0,2,2025-11-02T10:11:00
2025-11-02T08:12:00Z,0,2,2025-11-02T10:12:00
2025-11-02T08:13:00Z,0,2,2025-11-02T10:13:00
2025-11-02T08:14:00Z,0,2,2025-11-02T10:14:00
2025-11-02T08:15:00Z,0,2,2025-11-02T10:15:00
2025-11-02T08:16:00Z,0,2,2025-11-02T10:16:00
2025-11-02T08:17:00Z,0,2,2025-11-02T10:17:00
2025-11-02T08:18:00Z,0,2,2025-11-02T10:18:00
2025-11-02T08:19:00Z,0,2,2025-11-02T10:19:00
2025-11-02T08:20:00Z,0,2,2025-11-02T10:20:00
2025-11-02T08:21:00Z,0,2,2025-11-02T10:21:00
2025-11-02T08:22:00Z,0,2,2025-11-02T10:22:00
2025-11-02T08:23:00Z,0,2,2025-11-02T10:23:00
2025-11-02T08:24:00Z,0,2,2025-11-02T10:24:00
2025-11-02T08:25:00Z,0,2,2025-11-02T10:25:00
2025-11-02T08:26:00Z,0,2,2025-11-02T10:26:00
2025-11-02T08:27:00Z,0,2,2025-11-02T10:27:00
2025-11-02T08:28:00Z,0,2,2025-11-02T10:28:00
2025-11-02T08:29:00Z,0,2,2025-11-02T10:29:00
2025-11-02T08:30:00Z,0,2,2025-11-02T10:30:00
2025-11-02T08:31:00Z,0,2,2025-11-02T10:31:00
2025-11-02T08:32:00Z,0,2,2025-11-02T10:32:00
2025-11-02T08:33:00Z,0,2,2025-11-02T10:33:00
2025-11-02T08:34:00Z,0,2,2025-11-02T10:34:00
2025-11-02T08:35:00Z,0,2,2025-11-02T10:35:00
2025-11-02T08:36:00Z,0,2,2025-11-02T10:36:00
2025-11-02T08:37:00Z,0,2,2025-11-02T10:37:00
2025-11-02T08:38:00Z,0,2,2025-11-02T10:38:00
2025-11-02T08:39:00Z,0,2,2025-11-02T10:39:00
2025-11-02T08:40:00Z,0,2,2025-11-02T10:40:00
2025-11-02T08:41:00Z,0,2,2025-11-02T10:41:00
2025-11-02T08:42:00Z,0,2,2025-11-02T10:42:00
2025-11-02T08:43:00Z,0,2,2025-11-02T10:43:00
2025-11-02T08:44:00Z,0,2,2025-11-02T10:44:00
2025-11-02T08:45:00Z,0,2,2025-11-02T10:45:00
2025-11-02T08:46:00Z,0,2,2025-11-02T10:46:00
2025-11-02T08:47:00Z,0,2,2025-11-02T10:47:00
2025-11-02T08:48:00Z,0,2,2025-11-02T10:48:00
2025-11-02T08:49:00Z,0,2,2025-11-02T10:49:00
2025-11-02T08:50:00Z,0,2,2025-11-02T10:50:00
2025-11-02T08:51:00Z,0,2,2025-11-02T10:51:00
2025-11-02T08:52:00Z,0,2,2025-11-02T10:52:00
2025-11-02T08:53:00Z,0,2,2025-11-02T10:53:00
2025-11-02T08:54:00Z,0,2,2025-11-02T10:54:00
2025-11-02T08:55:00Z,0,2,2025-11-02T10:55:00
2025-11-02T08:56:00Z,0,2,2025-11-02T10:56:00
2025-11-02T08:57:00Z,0,2,2025-11-02T10:57:00
2025-11-02T08:58:00Z,0,2,2025-11-02T10:58:00
2025-11-02T08:59:00Z,0,2,2025-11-02T10:59:00
2025-11-02T09:00:00Z,0,2,2025-11-02T11:00:00
2026-03-08T04:00:00Z,0,2,2026-03-08T06:00:00
2026-03-08T04:01:00Z,0,2,2026-03-08T06:01:00
2026-03-08T04:02:00Z,0,2,2026-03-08T06:02:00
2026-03-08T04:03:00Z,0,2,2026-03-08T06:03:00
2026-03-08T04:04:00Z,0,2,2026-03-08T06:04:00
2026-03-08T04:05:00Z,0,2,2026-03-08T06:05:00
2026-03-08T04:06:00Z,0,2,2026-03-08T06:06:00
2026-03-08T04:07:00Z,0,2,2026-03-08T06:07:00
2026-03-08T04:08:00Z,0,2,2026-03-08T06:08:00
2026-03-08T04:09:00Z,0,2,2026-03-08T06:09:00
2026-03-08T04:10:00Z,0,2,2026-03-08T06:10:00
2026-03-08T04:11:00Z,0,2,2026-03-08T06:11:00
2026-03-08T04:12:00Z,0,2,2026-03-08T06:12:00
2026-03-08T04:13:00Z,0,2,2026-03-08T06:13:00
2026-03-08T04:14:00Z,0,2,2026-03-08T06:14:00
2026-03-08T04:15:00Z,0,2,2026-03-08T06:15:00
2026-03-08T04:16:00Z,0,2,2026-03-08T06:16:00
2026-03-08T04:17:00Z,0,2,2026-03-08T06:17:00
2026-03-08T04:18:00Z,0,2,2026-03-08T06:18:00
2026-03-08T04:19:00Z,0,2,2026-03-08T06:19:00
2026-03-08T04:20:00Z,0,2,2026-03-08T06:20:00
2026-03-08T04:21:00Z,0,2,2026-03-08T06:21:00
2026-03-08T04:22:00Z,0,2,2026-03-08T06:22:00
2026-03-08T04:23:00Z,0,2,2026-03-08T06:23:00
2026-03-08T04:24:00Z,0,2,2026-03-08T06:24:00
2026-03-08T04:25:00Z,0,2,2026-03-08T06:25:00
2026-03-08T04:26:00Z,0,2,2026-03-08T06:26:00
2026-03-08T04:27:00Z,0,2,2026-03-08T06:27:00
2026-03-08T04:28:00Z,0,2,2026-03-08T06:28:00
2026-03-08T04:29:00Z,0,2,2026-03-08T06:29:00
2026-03-08T04:30:00Z,0,2,2026-03-08T06:30:00
2026-03-08T04:31:00Z,0,2,2026-03-08T06:31:00
2026-03-08T04:32:00Z,0,2,2026-03-08T06:32:00
2026-03-08T04:33:00Z,0,2,2026-03-08T06:33:00
2026-03-08T04:34:00Z,0,2,2026-03-08T06:34:00
2026-03-08T04:35:00Z,0,2,2026-03-08T06:35:00
2026-03-08T04:36:00Z,0,2,2026-03-08T06:36:00
2026-03-08T04:37:00Z,0,2,2026-03-08T06:37:00
2026-03-08T04:38:00Z,0,2,2026-03-08T06:38:00
2026-03-08T04:39:00Z,0,2,2026-03-08T06:39:00
2026-03-08T04:40:00Z,0,2,2026-03-08T06:40:00
2026-03-08T04:41:00Z,0,2,2026-03-08T06:41:00
2026-03-08T04:42:00Z,0,2,2026-03-08T06:42:00
2026-03-08T04:43:00Z,0,2,2026-03-08T06:43:00
2026-03-08T04:44:00Z,0,2,2026-03-08T06:44:00
2026-03-08T04:45:00Z,0,2,2026-03-08T06:45:00
2026-03-08T04:46:00Z,0,2,2026-03-08T06:46:00
2026-03-08T04:47:00Z,0,2,2026-03-08T06:47:00
2026-03-08T04:48:00Z,0,2,2026-03-08T06:48:00
2026-03-08T04:49:00Z,0,2,2026-03-08T06:49:00
2026-03-08T04:50:00Z,0,2,2026-03-08T06:50:00
2026-03-08T04:51:00Z,0,2,2026-03-08T06:51:00
2026-03-08T04:52:00Z,0,2,2026-03-08T06:52:00
2026-03-08T04:53:00Z,0,2,2026-03-08T06:53:00
2026-03-08T04:54:00Z,0,2,2026-03-08T06:54:00
2026-03-08T04:55:00Z,0,2,2026-03-08T06:55:00
2026-03-08T04:56:00Z,0,2,2026-03-08T06:56:00
2026-03-08T04:57:00Z,0,2,2026-03-08T06:57:00
2026-03-08T04:58:00Z,0,2,2026-03-08T06:58:00
2026-03-08T04:59:00Z,0,2,2026-03-08T06:59:00
2026-03-08T05:00:00Z,0,2,2026-03-08T07:00:00
2026-03-08T05:01:00Z,0,2,2026-03-08T07:01:00
2026-03-08T05:02:00Z,0,2,2026-03-08T07:02:00
2026-03-08T05:03:00Z,0,2,2026-03-08T07:03:00
2026-03-08T05:04:00Z,0,2,2026-03-08T07:04:00
2026-03-08T05:05:00Z,0,2,2026-03-08T07:05:00
2026-03-08T05:06:00Z,0,2,2026-03-08T07:06:00
2026-03-08T05:07:00Z,0,2,2026-03-08T07:07:00
2026-03-08T05:08:00Z,0,2,2026-03-08T07:08:00
2026-03-08T05:09:00Z,0,2,2026-03-08T07:09:00
2026-03-08T05:10:00Z,0,2,2026-03-08T07:10:00
2026-03-08T05:11:00Z,0,2,2026-03-08T07:11:00
2026-03-08T05:12:00Z,0,2,2026-03-08T07:12:00
2026-03-08T05:13:00Z,0,2,2026-03-08T07:13:00
2026-03-08T05:14:00Z,0,2,2026-03-08T07:14:00
2026-03-08T05:15:00Z,0,2,2026-03-08T07:15:00
2026-03-08T05:16:00Z,0,2,2026-03-08T07:16:00
2026-03-08T05:17:00Z,0,2,2026-03-08T07:17:00
2026-03-08T05:18:00Z,0,2,2026-03-08T07:18:00
2026-03-08T05:19:00Z,0,2,2026-03-08T07:19:00
2026-03-08T05:20:00Z,0,2,2026-03-08T07:20:00
2026-03-08T05:21:00Z,0,2,2026-03-08T07:21:00
2026-03-08T05:22:00Z,0,2,2026-03-08T07:22:00
2026-03-08T05:23:00Z,0,2,2026-03-08T07:23:00
2026-03-08T05:24:00Z,0,2,2026-03-08T07:24:00
2026-03-08T05:25:00Z,0,2,2026-03-08T07:25:00
2026-03-08T05:26:00Z,0,2,2026-03-08T07:26:00
2026-03-08T05:27:00Z,0,2,2026-03-08T07:27:00
2026-03-08T05:28:00Z,0,2,2026-03-08T07:28:00
2026-03-08T05:29:00Z,0,2,2026-03-08T07:29:00
2026-03-08T05:30:00Z,0,2,2026-03-08T07:30:00
2026-03-08T05:31:00Z,0,2,2026-03-08T07:31:00
2026-03-08T05:32:00Z,0,2,2026-03-08T07:32:00
2026-03-08T05:33:00Z,0,2,2026-03-08T07:33:00
2026-03-08T05:34:00Z,0,2,2026-03-08T07:34:00
2026-03-08T05:35:00Z,0,2,2026-03-08T07:35:00
2026-03-08T05:36:00Z,0,2,2026-03-08T07:36:00
2026-03-08T05:37:00Z,0,2,2026-03-08T07:37:00
2026-03-08T05:38:00Z,0,2,2026-03-08T07:38:00
2026-03-08T05:39:00Z,0,2,2026-03-08T07:39:00
2026-03-08T05:40:00Z,0,2,2026-03-08T07:40:00
2026-03-08T05:41:00Z,0,2,2026-03-08T07:41:00
2026-03-08T05:42:00Z,0,2,2026-03-08T07:42:00
2026-03-08T05:43:00Z,0,2,2026-03-08T07:43:00
2026-03-08T05:44:00Z,0,2,2026-03-08T07:44:00
2026-03-08T05:45:00Z,0,2,2026-03-08T07:45:00
2026-03-08T05:46:00Z,0,2,2026-03-08T07:46:00
2026-03-08T05:47:00Z,0,2,2026-03-08T07:47:00
2026-03-08T05:48:00Z,0,2,2026-03-08T07:48:00
2026-03-08T05:49:00Z,0,2,2026-03-08T07:49:00
2026-03-08T05:50:00Z,0,2,2026-03-08T07:50:00
2026-03-08T05:51:00Z,0,2,2026-03-08T07:51:00
2026-03-08T05:52:00Z,0,2,2026-03-08T07:52:00
2026-03-08T05:53:00Z,0,2,2026-03-08T07:53:00
2026-03-08T05:54:00Z,0,2,2026-03-08T07:54:00
2026-03-08T05:55:00Z,0,2,2026-03-08T07:55:00
2026-03-08T05:56:00Z,0,2,2026-03-08T07:56:00
2026-03-08T05:57:00Z,0,2,2026-03-08T07:57:00
2026-03-08T05:58:00Z,0,2,2026-03-08T07:58:00
2026-03-08T05:59:00Z,0,2,2026-03-08T07:59:00
2026-03-08T06:00:00Z,0,2,2026-03-08T08:00:00
2026-03-08T06:01:00Z,0,2,2026-03-08T08:01:00
2026-03-08T06:02:00Z,0,2,2026-03-08T08:02:00
2026-03-08T06:03:00Z,0,2,2026-03-08T08:03:00
2026-03-08T06:04:00Z,0,2,2026-03-08T08:04:00
2026-03-08T06:05:00Z,0,2,2026-03-08T08:05:00
2026-03-08T06:06:00Z,0,2,2026-03-08T08:06:00
2026-03-08T06:07:00Z,0,2,2026-03-08T08:07:00
2026-03-08T06:08:00Z,0,2,2026-03-08T08:08:00
2026-03-08T06:09:00Z,0,2,2026-03-08T08:09:00
2026-03-08T06:10:00Z,0,2,2026-03-08T08:10:00
2026-03-08T06:11:00Z,0,2,2026-03-08T08:11:00
2026-03-08T06:12:00Z,0,2,2026-03-08T08:12:00
2026-03-08T06:13:00Z,0,2,2026-03-08T08:13:00
2026-03-08T06:14:00Z,0,2,2026-03-08T08:14:00
2026-03-08T06:15:00Z,0,2,2026-03-08T08:15:00
2026-03-08T06:16:00Z,0,2,2026-03-08T08:16:00
2026-03-08T06:17:00Z,0,2,2026-03-08T08:17:00
2026-03-08T06:18:00Z,0,2,2026-03-08T08:18:00
2026-03-08T06:19:00Z,0,2,2026-03-08T08:19:00
2026-03-08T06:20:00Z,0,2,2026-03-08T08:20:00
2026-03-08T06:21:00Z,0,2,2026-03-08T08:21:00
2026-03-08T06:22:00Z,0,2,2026-03-08T08:22:00
2026-03-08T06:23:00Z,0,2,2026-03-08T08:23:00
2026-03-08T06:24:00Z,0,2,2026-03-08T08:24:00
2026-03-08T06:25:00Z,0,2,2026-03-08T08:25:00
2026-03-08T06:26:00Z,0,2,2026-03-08T08:26:00
2026-03-08T06:27:00Z,0,2,2026-03-08T08:27:00
2026-03-08T06:28:00Z,0,2,2026-03-08T08:28:00
2026-03-08T06:29:00Z,0,2,2026-03-08T08:29:00
2026-03-08T06:30:00Z,0,2,2026-03-08T08:30:00
2026-03-08T06:31:00Z,0,2,2026-03-08T08:31:00
2026-03-08T06:32:00Z,0,2,2026-03-08T08:32:00
2026-03-08T06:33:00Z,0,2,2026-03-08T08:33:00
2026-03-08T06:34:00Z,0,2,2026-03-08T08:34:00
2026-03-08T06:35:00Z,0,2,2026-03-08T08:35:00
2026-03-08T06:36:00Z,0,2,2026-03-08T08:36:00
2026-03-08T06:37:00Z,0,2,2026-03-08T08:37:00
2026-03-08T06:38:00Z,0,2,2026-03-08T08:38:00
2026-03-08T06:39:00Z,0,2,2026-03-08T08:39:00
2026-03-08T06:40:00Z,0,2,2026-03-08T08:40:00
2026-03-08T06:41:00Z,0,2,2026-03-08T08:41:00
2026-03-08T06:42:00Z,0,2,2026-03-08T08:42:00
2026-03-08T06:43:00Z,0,2,2026-03-08T08:43:00
2026-03-08T06:44:00Z,0,2,2026-03-08T08:44:00
2026-03-08T06:45:00Z,0,2,2026-03-08T08:45:00
2026-03-08T06:46:00Z,0,2,2026-03-08T08:46:00
2026-03-08T06:47:00Z,0,2,2026-03-08T08:47:00
2026-03-08T06:48:00Z,0,2,2026-03-08T08:48:00
2026-03-08T06:49:00Z,0,2,2026-03-08T08:49:00
2026-03-08T06:50:00Z,0,2,2026-03-08T08:50:00
2026-03-08T06:51:00Z,0,2,2026-03-08T08:51:00
2026-03-08T06:52:00Z,0,2,2026-03-08T08:52:00
2026-03-08T06:53:00Z,0,2,2026-03-08T08:53:00
2026-03-08T06:54:00Z,0,2,2026-03-08T08:54:00
2026-03-08T06:55:00Z,0,2,2026-03-08T08:55:00
2026-03-08T06:56:00Z,0,2,2026-03-08T08:56:00
2026-03-08T06:57:00Z,0,2,2026-03-08T08:57:00
2026-03-08T06:58:00Z,0,2,2026-03-08T08:58:00
2026-03-08T06:59:00Z,0,2,2026-03-08T08:59:00
2026-03-08T07:00:00Z,1,3,2026-03-08T10:00:00
2026-03-08T07:01:00Z,1,3,2026-03-08T10:01:00
2026-03-08T07:02:00Z,1,3,2026-03-08T10:02:00
2026-03-08T07:03:00Z,1,3,2026-03-08T10:03:00
2026-03-08T07:04:00Z,1,3,2026-03-08T10:04:00
2026-03-08T07:05:00Z,1,3,2026-03-08T10:05:00
2026-03-08T07:06:00Z,1,3,2026-03-08T10:06:00
2026-03-08T07:07:00Z,1,3,2026-03-08T10:07:00
2026-03-08T07:08:00Z,1,3,2026-03-08T10:08:00
2026-03-08T07:09:00Z,1,3,2026-03-08T10:09:00
2026-03-08T07:10:00Z,1,3,2026-03-08T10:10:00
2026-03-08T07:11:00Z,1,3,2026-03-08T10:11:00
2026-03-08T07:12:00Z,1,3,2026-03-08T10:12:00
2026-03-08T07:13:00Z,1,3,2026-03-08T10:13:00
2026-03-08T07:14:00Z,1,3,2026-03-08T10:14:00
2026-03-08T07:15:00Z,1,3,2026-03-08T10:15:00
2026-03-08T07:16:00Z,1,3,2026-03-08T10:16:00
2026-03-08T07:17:00Z,1,3,2026-03-08T10:17:00
2026-03-08T07:18:00Z,1,3,2026-03-08T10:18:00
2026-03-08T07:19:00Z,1,3,2026-03-08T10:19:00
2026-03-08T07:20:00Z,1,3,2026-03-08T10:20:00
2026-03-08T07:21:00Z,1,3,2026-03-08T10:21:00
2026-03-08T07:22:00Z,1,3,2026-03-08T10:22:00
2026-03-08T07:23:00Z,1,3,2026-03-08T10:23:00
2026-03-08T07:24:00Z,1,3,2026-03-08T10:24:00
2026-03-08T07:25:00Z,1,3,2026-03-08T10:25:00
2026-03-08T07:26:00Z,1,3,2026-03-08T10:26:00
2026-03-08T07:27:00Z,1,3,2026-03-08T10:27:00
2026-03-08T07:28:00Z,1,3,2026-03-08T10:28:00
2026-03-08T07:29:00Z,1,3,2026-03-08T10:29:00
2026-03-08T07:30:00Z,1,3,2026-03-08T10:30:00
2026-03-08T07:31:00Z,1,3,2026-03-08T10:31:00
2026-03-08T07:32:00Z,1,3,2026-03-08T10:32:00
2026-03-08T07:33:00Z,1,3,2026-03-08T10:33:00
2026-03-08T07:34:00Z,1,3,2026-03-08T10:34:00
2026-03-08T07:35:00Z,1,3,2026-03-08T10:35:00
2026-03-08T07:36:00Z,1,3,2026-03-08T10:36:00
2026-03-08T07:37:00Z,1,3,2026-03-08T10:37:00
2026-03-08T07:38:00Z,1,3,2026-03-08T10:38:00
2026-03-08T07:39:00Z,1,3,2026-03-08T10:39:00
2026-03-08T07:40:00Z,1,3,2026-03-08T10:40:00
2026-03-08T07:41:00Z,1,3,2026-03-08T10:41:00
2026-03-08T07:42:00Z,1,3,2026-03-08T10:42:00
2026-03-08T07:43:00Z,1,3,2026-03-08T10:43:00
2026-03-08T07:44:00Z,1,3,2026-03-08T10:44:00
2026-03-08T07:45:00Z,1,3,2026-03-08T10:45:00
2026-03-08T07:46:00Z,1,3,2026-03-08T10:46:00
2026-03-08T07:47:00Z,1,3,2026-03-08T10:47:00
2026-03-08T07:48:00Z,1,3,2026-03-08T10:48:00
2026-03-08T07:49:00Z,1,3,2026-03-08T10:49:00
2026-03-08T07:50:00Z,1,3,2026-03-08T10:50:00
2026-03-08T07:51:00Z,1,3,2026-03-08T10:51:00
2026-03-08T07:52:00Z,1,3,2026-03-08T10:52:00
2026-03-08T07:53:00Z,1,3,2026-03-08T10:53:00
2026-03-08T07:54:00Z,1,3,2026-03-08T10:54:00
2026-03-08T07:55:00Z,1,3,2026-03-08T10:55:00
2026-03-08T07:56:00Z,1,3,2026-03-08T10:56:00
2026-03-08T07:57:00Z,1,3,2026-03-08T10:57:00
2026-03-08T07:58:00Z,1,3,2026-03-08T10:58:00
2026-03-08T07:59:00Z,1,3,2026-03-08T10:59:00
2026-03-08T08:00:00Z,1,3,2026-03-08T11:00:00
2026-03-08T08:01:00Z,1,3,2026-03-08T11:01:00
2026-03-08T08:02:00Z,1,3,2026-03-08T11:02:00
2026-03-08T08:03:00Z,1,3,2026-03-08T11:03:00
2026-03-08T08:04:00Z,1,3,2026-03-08T11:04:00
2026-03-08T08:05:00Z,1,3,2026-03-08T11:05:00
2026-03-08T08:06:00Z,1,3,2026-03-08T11:06:00
2026-03-08T08:07:00Z,1,3,2026-03-08T11:07:00
2026-03-08T08:08:00Z,1,3,2026-03-08T11:08:00
2026-03-08T08:09:00Z,1,3,2026-03-08T11:09:00
2026-03-08T08:10:00Z,1,3,2026-03-08T11:10:00
2026-03-08T08:11:00Z,1,3,2026-03-08T11:11:00
2026-03-08T08:12:00Z,1,3,2026-03-08T11:12:00
2026-03-08T08:13:00Z,1,3,2026-03-08T11:13:00
2026-03-08T08:14:00Z,1,3,2026-03-08T11:14:00
2026-03-08T08:15:00Z,1,3,2026-03-08T11:15:00
2026-03-08T08:16:00Z,1,3,2026-03-08T11:16:00
2026-03-08T08:17:00Z,1,3,2026-03-08T11:17:00
2026-03-08T08:18:00Z,1,3,2026-03-08T11:18:00
2026-03-08T08:19:00Z,1,3,2026-03-08T11:19:00
2026-03-08T08:20:00Z,1,3,2026-03-08T11:20:00
2026-03-08T08:21:00Z,1,3,2026-03-08T11:21:00
2026-03-08T08:22:00Z,1,3,2026-03-08T11:22:00
2026-03-08T08:23:00Z,1,3,2026-03-08T11:23:00
2026-03-08T08:24:00Z,1,3,2026-03-08T11:24:00
2026-03-08T08:25:00Z,1,3,2026-03-08T11:25:00
2026-03-08T08:26:00Z,1,3,2026-03-08T11:26:00
2026-03-08T08:27:00Z,1,3,2026-03-08T11:27:00
2026-03-08T08:28:00Z,1,3,2026-03-08T11:28:00
2026-03-08T08:29:00Z,1,3,2026-03-08T11:29:00
2026-03-08T08:30:00Z,1,3,2026-03-08T11:30:00
2026-03-08T08:31:00Z,1,3,2026-03-08T11:31:00
2026-03-08T08:32:00Z,1,3,2026-03-08T11:32:00
2026-03-08T08:33:00Z,1,3,2026-03-08T11:33:00
2026-03-08T08:34:00Z,1,3,2026-03-08T11:34:00
2026-03-08T08:35:00Z,1,3,2026-03-08T11:35:00
2026-03-08T08:36:00Z,1,3,2026-03-08T11:36:00
2026-03-08T08:37:00Z,1,3,2026-03-08T11:37:00
2026-03-08T08:38:00Z,1,3,2026-03-08T11:38:00
2026-03-08T08:39:00Z,1,3,2026-03-08T11:39:00
2026-03-08T08:40:00Z,1,3,2026-03-08T11:40:00
2026-03-08T08:41:00Z,1,3,2026-03-08T11:41:00
2026-03-08T08:42:00Z,1,3,2026-03-08T11:42:00
2026-03-08T08:43:00Z,1,3,2026-03-08T11:43:00
2026-03-08T08:44:00Z,1,3,2026-03-08T11:44:00
2026-03-08T08:45:00Z,1,3,2026-03-08T11:45:00
2026-03-08T08:46:00Z,1,3,2026-03-08T11:46:00
2026-03-08T08:47:00Z,1,3,2026-03-08T11:47:00
2026-03-08T08:48:00Z,1,3,2026-03-08T11:48:00
2026-03-08T08:49:00Z,1,3,2026-03-08T11:49:00
2026-03-08T08:50:00Z,1,3,2026-03-08T11:50:00
2026-03-08T08:51:00Z,1,3,2026-03-08T11:51:00
2026-03-08T08:52:00Z,1,3,2026-03-08T11:52:00
2026-03-08T08:53:00Z,1,3,2026-03-08T11:53:00
2026-03-08T08:54:00Z,1,3,2026-03-08T11:54:00
2026-03-08T08:55:00Z,1,3,2026-03-08T11:55:00
2026-03-08T08:56:00Z,1,3,2026-03-08T11:56:00
2026-03-08T08:57:00Z,1,3,2026-03-08T11:57:00
2026-03-08T08:58:00Z,1,3,2026-03-08T11:58:00
2026-03-08T08:59:00Z,1,3,2026-03-08T11:59:00
2026-03-08T09:00:00Z,1,3,2026-03-08T12:00:00
2026-03-08T09:01:00Z,1,3,2026-03-08T12:01:00
2026-03-08T09:02:00Z,1,3,2026-03-08T12:02:00
2026-03-08T09:03:00Z,1,3,2026-03-08T12:03:00
2026-03-08T09:04:00Z,1,3,2026-03-08T12:04:00
2026-03-08T09:05:00Z,1,3,2026-03-08T12:05:00
2026-03-08T09:06:00Z,1,3,2026-03-08T12:06:00
2026-03-08T09:07:00Z,1,3,2026-03-08T12:07:00
2026-03-08T09:08:00Z,1,3,2026-03-08T12:08:00
2026-03-08T09:09:00Z,1,3,2026-03-08T12:09:00
2026-03-08T09:10:00Z,1,3,2026-03-08T12:10:00
2026-03-08T09:11:00Z,1,3,2026-03-08T12:11:00
2026-03-08T09:12:00Z,1,3,2026-03-08T12:12:00
2026-03-08T09:13:00Z,1,3,2026-03-08T12:13:00
2026-03-08T09:14:00Z,1,3,2026-03-08T12:14:00
2026-03-08T09:15:00Z,1,3,2026-03-08T12:15:00
2026-03-08T09:16:00Z,1,3,2026-03-08T12:16:00
2026-03-08T09:17:00Z,1,3,2026-03-08T12:17:00
2026-03-08T09:18:00Z,1,3,2026-03-08T12:18:00
2026-03-08T09:19:00Z,1,3,2026-03-08T12:19:00
2026-03-08T09:20:00Z,1,3,2026-03-08T12:20:00
2026-03-08T09:21:00Z,1,3,2026-03-08T12:21:00
2026-03-08T09:22:00Z,1,3,2026-03-08T12:22:00
2026-03-08T09:23:00Z,1,3,2026-03-08T12:23:00
2026-03-08T09:24:00Z,1,3,2026-03-08T12:24:00
2026-03-08T09:25:00Z,1,3,2026-03-08T12:25:00
2026-03-08T09:26:00Z,1,3,2026-03-08T12:26:00
2026-03-08T09:27:00Z,1,3,2026-03-08T12:27:00
2026-03-08T09:28:00Z,1,3,2026-03-08T12:28:00
2026-03-08T09:29:00Z,1,3,2026-03-08T12:29:00
2026-03-08T09:30:00Z,1,3,2026-03-08T12:30:00
2026-03-08T09:31:00Z,1,3,2026-03-08T12:31:00
2026-03-08T09:32:00Z,1,3,2026-03-08T12:32:00
2026-03-08T09:33:00Z,1,3,2026-03-08T12:33:00
2026-03-08T09:34:00Z,1,3,2026-03-08T12:34:00
2026-03-08T09:35:00Z,1,3,2026-03-08T12:35:00
2026-03-08T09:36:00Z,1,3,2026-03-08T12:36:00
2026-03-08T09:37:00Z,1,3,2026-03-08T12:37:00
2026-03-08T09:38:00Z,1,3,2026-03-08T12:38:00
2026-03-08T09:39:00Z,1,3,2026-03-08T12:39:00
2026-03-08T09:40:00Z,1,3,2026-03-08T12:40:00
2026-03-08T09:41:00Z,1,3,2026-03-08T12:41:00
2026-03-08T09:42:00Z,1,3,2026-03-08T12:42:00
2026-03-08T09:43:00Z,1,3,2026-03-08T12:43:00
2026-03-08T09:44:00Z,1,3,2026-03-08T12:44:00
2026-03-08T09:45:00Z,1,3,2026-03-08T12:45:00
2026-03-08T09:46:00Z,1,3,2026-03-08T12:46:00
2026-03-08T09:47:00Z,1,3,2026-03-08T12:47:00
2026-03-08T09:48:00Z,1,3,2026-03-08T12:48:00
2026-03-08T09:49:00Z,1,3,2026-03-08T12:49:00
2026-03-08T09:50:00Z,1,3,2026-03-08T12:50:00
2026-03-08T09:51:00Z,1,3,2026-03-08T12:51:00
2026-03-08T09:52:00Z,1,3,2026-03-08T12:52:00
2026-03-08T09:53:00Z,1,3,2026-03-08T12:53:00
2026-03-08T09:54:00Z,1,3,2026-03-08T12:54:00
2026-03-08T09:55:00Z,1,3,2026-03-08T12:55:00
2026-03-08T09:56:00Z,1,3,2026-03-08T12:56:00
2026-03-08T09:57:00Z,1,3,2026-03-08T12:57:00
2026-03-08T09:58:00Z,1,3,2026-03-08T12:58:00
2026-03-08T09:59:00Z,1,3,2026-03-08T12:59:00
2026-03-08T10:00:00Z,1,3,2026-03-08T13:00:00
2026-11-01T03:00:00Z,1,3,2026-11-01T06:00:00
2026-11-01T03:01:00Z,1,3,2026-11-01T06:01:00
2026-11-01T03:02:00Z,1,3,2026-11-01T06:02:00
2026-11-01T03:03:00Z,1,3,2026-11-01T06:03:00
2026-11-01T03:04:00Z,1,3,2026-11-01T06:04:00
2026-11-01T03:05:00Z,1,3,2026-11-01T06:05:00
2026-11-01T03:06:00Z,1,3,2026-11-01T06:06:00
2026-11-01T03:07:00Z,1,3,2026-11-01T06:07:00
2026-11-01T03:08:00Z,1,3,2026-11-01T06:08:00
2026-11-01T03:09:00Z,1,3,2026-11-01T06:09:00
2026-11-01T03:10:00Z,1,3,2026-11-01T06:10:00
2026-11-01T03:11:00Z,1,3,2026-11-01T06:11:00
2026-11-01T03:12:00Z,1,3,2026-11-01T06:12:00
2026-11-01T03:13:00Z,1,3,2026-11-01T06:13:00
2026-11-01T03:14:00Z,1,3,2026-11-01T06:14:00
2026-11-01T03:15:00Z,1,3,2026-11-01T06:15:00
2026-11-01T03:16:00Z,1,3,2026-11-01T06:16:00
2026-11-01T03:17:00Z,1,3,2026-11-01T06:17:00
2026-11-01T03:18:00Z,1,3,2026-11-01T06:18:00
2026-11-01T03:19:00Z,1,3,2026-11-01T06:19:00
2026-11-01T03:20:00Z,1,3,2026-11-01T06:20:00
2026-11-01T03:21:00Z,1,3,2026-11-01T06:21:00
2026-11-01T03:22:00Z,1,3,2026-11-01T06:22:00
2026-11-01T03:23:00Z,1,3,2026-11-01T06:23:00
2026-11-01T03:24:00Z,1,3,2026-11-01T06:24:00
2026-11-01T03:25:00Z,1,3,2026-11-01T06:25:00
2026-11-01T03:26:00Z,1,3,2026-11-01T06:26:00
2026-11-01T03:27:00Z,1,3,2026-11-01T06:27:00
2026-11-01T03:28:00Z,1,3,2026-11-01T06:28:00
2026-11-01T03:29:00Z,1,3,2026-11-01T06:29:00
2026-11-01T03:30:00Z,1,3,2026-11-01T06:30:00
2026-11-01T03:31:00Z,1,3,2026-11-01T06:31:00
2026-11-01T03:32:00Z,1,3,2026-11-01T06:32:00
2026-11-01T03:33:00Z,1,3,2026-11-01T06:33:00
2026-11-01T03:34:00Z,1,3,2026-11-01T06:34:00
2026-11-01T03:35:00Z,1,3,2026-11-01T06:35:00
2026-11-01T03:36:00Z,1,3,2026-11-01T06:36:00
2026-11-01T03:37:00Z,1,3,2026-11-01T06:37:00
2026-11-01T03:38:00Z,1,3,2026-11-01T06:38:00
2026-11-01T03:39:00Z,1,3,2026-11-01T06:39:00
2026-11-01T03:40:00Z,1,3,2026-11-01T06:40:00
2026-11-01T03:41:00Z,1,3,2026-11-01T06:41:00
2026-11-01T03:42:00Z,1,3,2026-11-01T06:42:00
2026-11-01T03:43:00Z,1,3,2026-11-01T06:43:00
2026-11-01T03:44:00Z,1,3,2026-11-01T06:44:00
2026-11-01T03:45:00Z,1,3,2026-11-01T06:45:00
2026-11-01T03:46:00Z,1,3,2026-11-01T06:46:00
2026-11-01T03:47:00Z,1,3,2026-11-01T06:47:00
2026-11-01T03:48:00Z,1,3,2026-11-01T06:48:00
2026-11-01T03:49:00Z,1,3,2026-11-01T06:49:00
2026-11-01T03:50:00Z,1,3,2026-11-01T06:50:00
2026-11-01T03:51:00Z,1,3,2026-11-01T06:51:00
2026-11-01T03:52:00Z,1,3,2026-11-01T06:52:00
2026-11-01T03:53:00Z,1,3,2026-11-01T06:53:00
2026-11-01T03:54:00Z,1,3,2026-11-01T06:54:00
2026-11-01T03:55:00Z,1,3,2026-11-01T06:55:00
2026-11-01T03:56:00Z,1,3,2026-11-01T06:56:00
2026-11-01T03:57:00Z,1,3,2026-11-01T06:57:00
2026-11-01T03:58:00Z,1,3,2026-11-01T06:58:00
2026-11-01T03:59:00Z,1,3,2026-11-01T06:59:00
2026-11-01T04:00:00Z,1,3,2026-11-01T07:00:00
2026-11-01T04:01:00Z,1,3,2026-11-01T07:01:00
2026-11-01T04:02:00Z,1,3,2026-11-01T07:02:00
2026-11-01T04:03:00Z,1,3,2026-11-01T07:03:00
2026-11-01T04:04:00Z,1,3,2026-11-01T07:04:00
2026-11-01T04:05:00Z,1,3,2026-11-01T07:05:00
2026-11-01T04:06:00Z,1,3,2026-11-01T07:06:00
2026-11-01T04:07:00Z,1,3,2026-11-01T07:07:00
2026-11-01T04:08:00Z,1,3,2026-11-01T07:08:00
2026-11-01T04:09:00Z,1,3,2026-11-01T07:09:00
2026-11-01T04:10:00Z,1,3,2026-11-01T07:10:00
2026-11-01T04:11:00Z,1,3,2026-11-01T07:11:00
2026-11-01T04:12:00Z,1,3,2026-11-01T07:12:00
2026-11-01T04:13:00Z,1,3,2026-11-01T07:13:00
2026-11-01T04:14:00Z,1,3,2026-11-01T07:14:00
2026-11-01T04:15:00Z,1,3,2026-11-01T07:15:00
2026-11-01T04:16:00Z,1,3,2026-11-01T07:16:00
2026-11-01T04:17:00Z,1,3,2026-11-01T07:17:00
2026-11-01T04:18:00Z,1,3,2026-11-01T07:18:00
2026-11-01T04:19:00Z,1,3,2026-11-01T07:19:00
2026-11-01T04:20:00Z,1,3,2026-11-01T07:20:00
2026-11-01T04:21:00Z,1,3,2026-11-01T07:21:00
2026-11-01T04:22:00Z,1,3,2026-11-01T07:22:00
2026-11-01T04:23:00Z,1,3,2026-11-01T07:23:00
2026-11-01T04:24:00Z,1,3,2026-11-01T07:24:00
2026-11-01T04:25:00Z,1,3,2026-11-01T07:25:00
2026-11-01T04:26:00Z,1,3,2026-11-01T07:26:00
2026-11-01T04:27:00Z,1,3,2026-11-01T07:27:00
2026-11-01T04:28:00Z,1,3,2026-11-01T07:28:00
2026-11-01T04:29:00Z,1,3,2026-11-01T07:29:00
2026-11-01T04:30:00Z,1,3,2026-11-01T07:30:00
2026-11-01T04:31:00Z,1,3,2026-11-01T07:31:00
2026-11-01T04:32:00Z,1,3,2026-11-01T07:32:00
2026-11-01T04:33:00Z,1,3,2026-11-01T07:33:00
2026-11-01T04:34:00Z,1,3,2026-11-01T07:34:00
2026-11-01T04:35:00Z,1,3,2026-11-01T07:35:00
2026-11-01T04:36:00Z,1,3,2026-11-01T07:36:00
2026-11-01T04:37:00Z,1,3,2026-11-01T07:37:00
2026-11-01T04:38:00Z,1,3,2026-11-01T07:38:00
2026-11-01T04:39:00Z,1,3,2026-11-01T07:39:00
2026-11-01T04:40:00Z,1,3,2026-11-01T07:40:00
2026-11-01T04:41:00Z,1,3,2026-11-01T07:41:00
2026-11-01T04:42:00Z,1,3,2026-11-01T07:42:00
2026-11-01T04:43:00Z,1,3,2026-11-01T07:43:00
2026-11-01T04:44:00Z,1,3,2026-11-01T07:44:00
2026-11-01T04:45:00Z,1,3,2026-11-01T07:45:00
2026-11-01T04:46:00Z,1,3,2026-11-01T07:46:00
2026-11-01T04:47:00Z,1,3,2026-11-01T07:47:00
2026-11-01T04:48:00Z,1,3,2026-11-01T07:48:00
2026-11-01T04:49:00Z,1,3,2026-11-01T07:49:00
2026-11-01T04:50:00Z,1,3,2026-11-01T07:50:00
2026-11-01T04:51:00Z,1,3,2026-11-01T07:51:00
2026-11-01T04:52:00Z,1,3,2026-11-01T07:52:00
2026-11-01T04:53:00Z,1,3,2026-11-01T07:53:00
2026-11-01T04:54:00Z,1,3,2026-11-01T07:54:00
2026-11-01T04:55:00Z,1,3,2026-11-01T07:55:00
2026-11-01T04:56:00Z,1,3,2026-11-01T07:56:00
2026-11-01T04:57:00Z,1,3,2026-11-01T07:57:00
2026-11-01T04:58:00Z,1,3,2026-11-01T07:58:00
2026-11-01T04:59:00Z,1,3,2026-11-01T07:59:00
2026-11-01T05:00:00Z,1,3,2026-11-01T08:00:00
2026-11-01T05:01:00Z,1,3,2026-11-01T08:01:00
2026-11-01T05:02:00Z,1,3,2026-11-01T08:02:00
2026-11-01T05:03:00Z,1,3,2026-11-01T08:03:00
2026-11-01T05:04:00Z,1,3,2026-11-01T08:04:00
2026-11-01T05:05:00Z,1,3,2026-11-01T08:05:00
2026-11-01T05:06:00Z,1,3,2026-11-01T08:06:00
2026-11-01T05:07:00Z,1,3,2026-11-01T08:07:00
2026-11-01T05:08:00Z,1,3,2026-11-01T08:08:00
2026-11-01T05:09:00Z,1,3,2026-11-01T08:09:00
2026-11-01T05:10:00Z,1,3,2026-11-01T08:10:00
2026-11-01T05:11:00Z,1,3,2026-11-01T08:11:00
2026-11-01T05:12:00Z,1,3,2026-11-01T08:12:00
2026-11-01T05:13:00Z,1,3,2026-11-01T08:13:00
2026-11-01T05:14:00Z,1,3,2026-11-01T08:14:00
2026-11-01T05:15:00Z,1,3,2026-11-01T08:15:00
2026-11-01T05:16:00Z,1,3,2026-11-01T08:16:00
2026-11-01T05:17:00Z,1,3,2026-11-01T08:17:00
2026-11-01T05:18:00Z,1,3,2026-11-01T08:18:00
2026-11-01T05:19:00Z,1,3,2026-11-01T08:19:00
2026-11-01T05:20:00Z,1,3,2026-11-01T08:20:00
2026-11-01T05:21:00Z,1,3,2026-11-01T08:21:00
2026-11-01T05:22:00Z,1,3,2026-11-01T08:22:00
2026-11-01T05:23:00Z,1,3,2026-11-01T08:23:00
2026-11-01T05:24:00Z,1,3,2026-11-01T08:24:00
2026-11-01T05:25:00Z,1,3,2026-11-01T08:25:00
2026-11-01T05:26:00Z,1,3,2026-11-01T08:26:00
2026-11-01T05:27:00Z,1,3,2026-11-01T08:27:00
2026-11-01T05:28:00Z,1,3,2026-11-01T08:28:00
2026-11-01T05:29:00Z,1,3,2026-11-01T08:29:00
2026-11-01T05:30:00Z,1,3,2026-11-01T08:30:00
2026-11-01T05:31:00Z,1,3,2026-11-01T08:31:00
2026-11-01T05:32:00Z,1,3,2026-11-01T08:32:00
2026-11-01T05:33:00Z,1,3,2026-11-01T08:33:00
2026-11-01T05:34:00Z,1,3,2026-11-01T08:34:00
2026-11-01T05:35:00Z,1,3,2026-11-01T08:35:00
2026-11-01T05:36:00Z,1,3,2026-11-01T08:36:00
2026-11-01T05:37:00Z,1,3,2026-11-01T08:37:00
2026-11-01T05:38:00Z,1,3,2026-11-01T08:38:00
2026-11-01T05:39:00Z,1,3,2026-11-01T08:39:00
2026-11-01T05:40:00Z,1,3,2026-11-01T08:40:00
2026-11-01T05:41:00Z,1,3,2026-11-01T08:41:00
2026-11-01T05:42:00Z,1,3,2026-11-01T08:42:00
2026-11-01T05:43:00Z,1,3,2026-11-01T08:43:00
2026-11-01T05:44:00Z,1,3,2026-11-01T08:44:00
2026-11-01T05:45:00Z,1,3,2026-11-01T08:45:00
2026-11-01T05:46:00Z,1,3,2026-11-01T08:46:00
2026-11-01T05:47:00Z,1,3,2026-11-01T08:47:00
2026-11-01T05:48:00Z,1,3,2026-11-01T08:48:00
2026-11-01T05:49:00Z,1,3,2026-11-01T08:49:00
2026-11-01T05:50:00Z,1,3,2026-11-01T08:50:00
2026-11-01T05:51:00Z,1,3,2026-11-01T08:51:00
2026-11-01T05:52:00Z,1,3,2026-11-01T08:52:00
2026-11-01T05:53:00Z,1,3,2026-11-01T08:53:00
2026-11-01T05:54:00Z,1,3,2026-11-01T08:54:00
2026-11-01T05:55:00Z,1,3,2026-11-01T08:55:00
2026-11-01T05:56:00Z,1,3,2026-11-01T08:56:00
2026-11-01T05:57:00Z,1,3,2026-11-01T08:57:00
2026-11-01T05:58:00Z,1,3,2026-11-01T08:58:00
2026-11-01T05:59:00Z,1,3,2026-11-01T08:59:00
2026-11-01T06:00:00Z,0,2,2026-11-01T08:00:00
2026-11-01T06:01:00Z,0,2,2026-11-01T08:01:00
2026-11-01T06:02:00Z,0,2,2026-11-01T08:02:00
2026-11-01T06:03:00Z,0,2,2026-11-01T08:03:00
2026-11-01T06:04:00Z,0,2,2026-11-01T08:04:00
2026-11-01T06:05:00Z,0,2,2026-11-01T08:05:00
2026-11-01T06:06:00Z,0,2,2026-11-01T08:06:00
2026-11-01T06:07:00Z,0,2,2026-11-01T08:07:00
2026-11-01T06:08:00Z,0,2,2026-11-01T08:08:00
2026-11-01T06:09:00Z,0,2,2026-11-01T08:09:00
2026-11-01T06:10:00Z,0,2,2026-11-01T08:10:00
2026-11-01T06:11:00Z,0,2,2026-11-01T08:11:00
2026-11-01T06:12:00Z,0,2,2026-11-01T08:12:00
2026-11-01T06:13:00Z,0,2,2026-11-01T08:13:00
2026-11-01T06:14:00Z,0,2,2026-11-01T08:14:00
2026-11-01T06:15:00Z,0,2,2026-11-01T08:15:00
2026-11-01T06:16:00Z,0,2,2026-11-01T08:16:00
2026-11-01T06:17:00Z,0,2,2026-11-01T08:17:00
2026-11-01T06:18:00Z,0,2,2026-11-01T08:18:00
2026-11-01T06:19:00Z,0,2,2026-11-01T08:19:00
2026-11-01T06:20:00Z,0,2,2026-11-01T08:20:00
2026-11-01T06:21:00Z,0,2,2026-11-01T08:21:00
2026-11-01T06:22:00Z,0,2,2026-11-01T08:22:00
2026-11-01T06:23:00Z,0,2,2026-11-01T08:23:00
2026-11-01T06:24:00Z,0,2,2026-11-01T08:24:00
2026-11-01T06:25:00Z,0,2,2026-11-01T08:25:00
2026-11-01T06:26:00Z,0,2,2026-11-01T08:26:00
2026-11-01T06:27:00Z,0,2,2026-11-01T08:27:00
2026-11-01T06:28:00Z,0,2,2026-11-01T08:28:00
2026-11-01T06:29:00Z,0,2,2026-11-01T08:29:00
2026-11-01T06:30:00Z,0,2,2026-11-01T08:30:00
2026-11-01T06:31:00Z,0,2,2026-11-01T08:31:00
2026-11-01T06:32:00Z,0,2,2026-11-01T08:32:00
2026-11-01T06:33:00Z,0,2,2026-11-01T08:33:00
2026-11-01T06:34:00Z,0,2,2026-11-01T08:34:00
2026-11-01T06:35:00Z,0,2,2026-11-01T08:35:00
2026-11-01T06:36:00Z,0,2,2026-11-01T08:36:00
2026-11-01T06:37:00Z,0,2,2026-11-01T08:37:00
2026-11-01T06:38:00Z,0,2,2026-11-01T08:38:00
2026-11-01T06:39:00Z,0,2,2026-11-01T08:39:00
2026-11-01T06:40:00Z,0,2,2026-11-01T08:40:00
2026-11-01T06:41:00Z,0,2,2026-11-01T08:41:00
2026-11-01T06:42:00Z,0,2,2026-11-01T08:42:00
2026-11-01T06:43:00Z,0,2,2026-11-01T08:43:00
2026-11-01T06:44:00Z,0,2,2026-11-01T08:44:00
2026-11-01T06:45:00Z,0,2,2026-11-01T08:45:00
2026-11-01T06:46:00Z,0,2,2026-11-01T08:46:00
2026-11-01T06:47:00Z,0,2,2026-11-01T08:47:00
2026-11-01T06:48:00Z,0,2,2026-11-01T08:48:00
2026-11-01T06:49:00Z,0,2,2026-11-01T08:49:00
2026-11-01T06:50:00Z,0,2,2026-11-01T08:50:00
2026-11-01T06:51:00Z,0,2,2026-11-01T08:51:00
2026-11-01T06:52:00Z,0,2,2026-11-01T08:52:00
2026-11-01T06:53:00Z,0,2,2026-11-01T08:53:00
2026-11-01T06:54:00Z,0,2,2026-11-01T08:54:00
2026-11-01T06:55:00Z,0,2,2026-11-01T08:55:00
2026-11-01T06:56:00Z,0,2,2026-11-01T08:56:00
2026-11-01T06:57:00Z,0,2,2026-11-01T08:57:00
2026-11-01T06:58:00Z,0,2,2026-11-01T08:58:00
2026-11-01T06:59:00Z,0,2,2026-11-01T08:59:00
2026-11-01T07:00:00Z,0,2,2026-11-01T09:00:00
2026-11-01T07:01:00Z,0,2,2026-11-01T09:01:00
2026-11-01T07:02:00Z,0,2,2026-11-01T09:02:00
2026-11-01T07:03:00Z,0,2,2026-11-01T09:03:00
2026-11-01T07:04:00Z,0,2,2026-11-01T09:04:00
2026-11-01T07:05:00Z,0,2,2026-11-01T09:05:00
2026-11-01T07:06:00Z,0,2,2026-11-01T09:06:00
2026-11-01T07:07:00Z,0,2,2026-11-01T09:07:00
2026-11-01T07:08:00Z,0,2,2026-11-01T09:08:00
2026-11-01T07:09:00Z,0,2,2026-11-01T09:09:00
2026-11-01T07:10:00Z,0,2,2026-11-01T09:10:00
2026-11-01T07:11:00Z,0,2,2026-11-01T09:11:00
2026-11-01T07:12:00Z,0,2,2026-11-01T09:12:00
2026-11-01T07:13:00Z,0,2,2026-11-01T09:13:00
2026-11-01T07:14:00Z,0,2,2026-11-01T09:14:00
2026-11-01T07:15:00Z,0,2,2026-11-01T09:15:00
2026-11-01T07:16:00Z,0,2,2026-11-01T09:16:00
2026-11-01T07:17:00Z,0,2,2026-11-01T09:17:00
2026-11-01T07:18:00Z,0,2,2026-11-01T09:18:00
2026-11-01T07:19:00Z,0,2,2026-11-01T09:19:00
2026-11-01T07:20:00Z,0,2,2026-11-01T09:20:00
2026-11-01T07:21:00Z,0,2,2026-11-01T09:21:00
2026-11-01T07:22:00Z,0,2,2026-11-01T09:22:00
2026-11-01T07:23:00Z,0,2,2026-11-01T09:23:00
2026-11-01T07:24:00Z,0,2,2026-11-01T09:24:00
2026-11-01T07:25:00Z,0,2,2026-11-01T09:25:00
2026-11-01T07:26:00Z,0,2,2026-11-01T09:26:00
2026-11-01T07:27:00Z,0,2,2026-11-01T09:27:00
2026-11-01T07:28:00Z,0,2,2026-11-01T09:28:00
2026-11-01T07:29:00Z,0,2,2026-11-01T09:29:00
2026-11-01T07:30:00Z,0,2,2026-11-01T09:30:00
2026-11-01T07:31:00Z,0,2,2026-11-01T09:31:00
2026-11-01T07:32:00Z,0,2,2026-11-01T09:32:00
2026-11-01T07:33:00Z,0,2,2026-11-01T09:33:00
2026-11-01T07:34:00Z,0,2,2026-11-01T09:34:00
2026-11-01T07:35:00Z,0,2,2026-11-01T09:35:00
2026-11-01T07:36:00Z,0,2,2026-11-01T09:36:00
2026-11-01T07:37:00Z,0,2,2026-11-01T09:37:00
2026-11-01T07:38:00Z,0,2,2026-11-01T09:38:00
2026-11-01T07:39:00Z,0,2,2026-11-01T09:39:00
2026-11-01T07:40:00Z,0,2,2026-11-01T09:40:00
2026-11-01T07:41:00Z,0,2,2026-11-01T09:41:00
2026-11-01T07:42:00Z,0,2,2026-11-01T09:42:00
2026-11-01T07:43:00Z,0,2,2026-11-01T09:43:00
2026-11-01T07:44:00Z,0,2,2026-11-01T09:44:00
2026-11-01T07:45:00Z,0,2,2026-11-01T09:45:00
2026-11-01T07:46:00Z,0,2,2026-11-01T09:46:00
2026-11-01T07:47:00Z,0,2,2026-11-01T09:47:00
2026-11-01T07:48:00Z,0,2,2026-11-01T09:48:00
2026-11-01T07:49:00Z,0,2,2026-11-01T09:49:00
2026-11-01T07:50:00Z,0,2,2026-11-01T09:50:00
2026-11-01T07:51:00Z,0,2,2026-11-01T09:51:00
2026-11-01T07:52:00Z,0,2,2026-11-01T09:52:00
2026-11-01T07:53:00Z,0,2,2026-11-01T09:53:00
2026-11-01T07:54:00Z,0,2,2026-11-01T09:54:00
2026-11-01T07:55:00Z,0,2,2026-11-01T09:55:00
2026-11-01T07:56:00Z,0,2,2026-11-01T09:56:00
2026-11-01T07:57:00Z,0,2,2026-11-01T09:57:00
2026-11-01T07:58:00Z,0,2,2026-11-01T09:58:00
2026-11-01T07:59:00Z,0,2,2026-11-01T09:59:00
2026-11-01T08:00:00Z,0,2,2026-11-01T10:00:00
2026-11-01T08:01:00Z,0,2,2026-11-01T10:01:00
2026-11-01T08:02:00Z,0,2,2026-11-01T10:02:00
2026-11-01T08:03:00Z,0,2,2026-11-01T10:03:00
2026-11-01T08:04:00Z,0,2,2026-11-01T10:04:00
2026-11-01T08:05:00Z,0,2,2026-11-01T10:05:00
2026-11-01T08:06:00Z,0,2,2026-11-01T10:06:00
2026-11-01T08:07:00Z,0,2,2026-11-01T10:07:00
2026-11-01T08:08:00Z,0,2,2026-11-01T10:08:00
2026-11-01T08:09:00Z,0,2,2026-11-01T10:09:00
2026-11-01T08:10:00Z,0,2,2026-11-01T10:10:00
2026-11-01T08:11:00Z,0,2,2026-11-01T10:11:00
2026-11-01T08:12:00Z,0,2,2026-11-01T10:12:00
2026-11-01T08:13:00Z,0,2,2026-11-01T10:13:00
2026-11-01T08:14:00Z,0,2,2026-11-01T10:14:00
2026-11-01T08:15:00Z,0,2,2026-11-01T10:15:00
2026-11-01T08:16:00Z,0,2,2026-11-01T10:16:00
2026-11-01T08:17:00Z,0,2,2026-11-01T10:17:00
2026-11-01T08:18:00Z,0,2,2026-11-01T10:18:00
2026-11-01T08:19:00Z,0,2,2026-11-01T10:19:00
2026-11-01T08:20:00Z,0,2,2026-11-01T10:20:00
2026-11-01T08:21:00Z,0,2,2026-11-01T10:21:00
2026-11-01T08:22:00Z,0,2,2026-11-01T10:22:00
2026-11-01T08:23:00Z,0,2,2026-11-01T10:23:00
2026-11-01T08:24:00Z,0,2,2026-11-01T10:24:00
2026-11-01T08:25:00Z,0,2,2026-11-01T10:25:00
2026-11-01T08:26:00Z,0,2,2026-11-01T10:26:00
2026-11-01T08:27:00Z,0,2,2026-11-01T10:27:00
2026-11-01T08:28:00Z,0,2,2026-11-01T10:28:00
2026-11-01T08:29:00Z,0,2,2026-11-01T10:29:00
2026-11-01T08:30:00Z,0,2,2026-11-01T10:30:00
2026-11-01T08:31:00Z,0,2,2026-11-01T10:31:00
2026-11-01T08:32:00Z,0,2,2026-11-01T10:32:00
2026-11-01T08:33:00Z,0,2,2026-11-01T10:33:00
2026-11-01T08:34:00Z,0,2,2026-11-01T10:34:00
2026-11-01T08:35:00Z,0,2,2026-11-01T10:35:00
2026-11-01T08:36:00Z,0,2,2026-11-01T10:36:00
2026-11-01T08:37:00Z,0,2,2026-11-01T10:37:00
2026-11-01T08:38:00Z,0,2,2026-11-01T10:38:00
2026-11-01T08:39:00Z,0,2,2026-11-01T10:39:00
2026-11-01T08:40:00Z,0,2,2026-11-01T10:40:00
2026-11-01T08:41:00Z,0,2,2026-11-01T10:41:00
2026-11-01T08:42:00Z,0,2,2026-11-01T10:42:00
2026-11-01T08:43:00Z,0,2,2026-11-01T10:43:00
2026-11-01T08:44:00Z,0,2,2026-11-01T10:44:00
2026-11-01T08:45:00Z,0,2,2026-11-01T10:45:00
2026-11-01T08:46:00Z,0,2,2026-11-01T10:46:00
2026-11-01T08:47:00Z,0,2,2026-11-01T10:47:00
2026-11-01T08:48:00Z,0,2,2026-11-01T10:48:00
2026-11-01T08:49:00Z,0,2,2026-11-01T10:49:00
2026-11-01T08:50:00Z,0,2,2026-11-01T10:50:00
2026-11-01T08:51:00Z,0,2,2026-11-01T10:51:00
2026-11-01T08:52:00Z,0,2,2026-11-01T10:52:00
2026-11-01T08:53:00Z,0,2,2026-11-01T10:53:00
2026-11-01T08:54:00Z,0,2,2026-11-01T10:54:00
2026-11-01T08:55:00Z,0,2,2026-11-01T10:55:00
2026-11-01T08:56:00Z,0,2,2026-11-01T10:56:00
2026-11-01T08:57:00Z,0,2,2026-11-01T10:57:00
2026-11-01T08:58:00Z,0,2,2026-11-01T10:58:00
2026-11-01T08:59:00Z,0,2,2026-11-01T10:59:00
2026-11-01T09:00:00Z,0,2,2026-11-01T11:00:00
2027-03-14T04:00:00Z,0,2,2027-03-14T06:00:00
2027-03-14T04:01:00Z,0,2,2027-03-14T06:01:00
2027-03-14T04:02:00Z,0,2,2027-03-14T06:02:00
2027-03-14T04:03:00Z,0,2,2027-03-14T06:03:00
2027-03-14T04:04:00Z,0,2,2027-03-14T06:04:00
2027-03-14T04:05:00Z,0,2,2027-03-14T06:05:00
2027-03-14T04:06:00Z,0,2,2027-03-14T06:06:00
2027-03-14T04:07:00Z,0,2,2027-03-14T06:07:00
2027-03-14T04:08:00Z,0,2,2027-03-14T06:08:00
2027-03-14T04:09:00Z,0,2,2027-03-14T06:09:00
2027-03-14T04:10:00Z,0,2,2027-03-14T06:10:00
2027-03-14T04:11:00Z,0,2,2027-03-14T06:11:00
2027-03-14T04:12:00Z,0,2,2027-03-14T06:12:00
2027-03-14T04:13:00Z,0,2,2027-03-14T06:13:00
2027-03-14T04:14:00Z,0,2,2027-03-14T06:14:00
2027-03-14T04:15:00Z,0,2,2027-03-14T06:15:00
2027-03-14T04:16:00Z,0,2,2027-03-14T06:16:00
2027-03-14T04:17:00Z,0,2,2027-03-14T06:17:00
2027-03-14T04:18:00Z,0,2,2027-03-14T06:18:00
2027-03-14T04:19:00Z,0,2,2027-03-14T06:19:00
2027-03-14T04:20:00Z,0,2,2027-03-14T06:20:00
2027-03-14T04:21:00Z,0,2,2027-03-14T06:21:00
2027-03-14T04:22:00Z,0,2,2027-03-14T06:22:00
2027-03-14T04:23:00Z,0,2,2027-03-14T06:23:00
2027-03-14T04:24:00Z,0,2,2027-03-14T06:24:00
2027-03-14T04:25:00Z,0,2,2027-03-14T06:25:00
2027-03-14T04:26:00Z,0,2,2027-03-14T06:26:00
2027-03-14T04:27:00Z,0,2,2027-03-14T06:27:00
2027-03-14T04:28:00Z,0,2,2027-03-14T06:28:00
2027-03-14T04:29:00Z,0,2,2027-03-14T06:29:00
2027-03-14T04:30:00Z,0,2,2027-03-14T06:30:00
2027-03-14T04:31:00Z,0,2,2027-03-14T06:31:00
2027-03-14T04:32:00Z,0,2,2027-03-14T06:32:00
2027-03-14T04:33:00Z,0,2,2027-03-14T06:33:00
2027-03-14T04:34:00Z,0,2,2027-03-14T06:34:00
2027-03-14T04:35:00Z,0,2,2027-03-14T06:35:00
2027-03-14T04:36:00Z,0,2,2027-03-14T06:36:00
2027-03-14T04:37:00Z,0,2,2027-03-14T06:37:00
2027-03-14T04:38:00Z,0,2,2027-03-14T06:38:00
2027-03-14T04:39:00Z,0,2,2027-03-14T06:39:00
2027-03-14T04:40:00Z,0,2,2027-03-14T06:40:00
2027-03-14T04:41:00Z,0,2,2027-03-14T06:41:00
2027-03-14T04:42:00Z,0,2,2027-03-14T06:42:00
2027-03-14T04:43:00Z,0,2,2027-03-14T06:43:00
2027-03-14T04:44:00Z,0,2,2027-03-14T06:44:00
2027-03-14T04:45:00Z,0,2,2027-03-14T06:45:00
2027-03-14T04:46:00Z,0,2,2027-03-14T06:46:00
2027-03-14T04:47:00Z,0,2,2027-03-14T06:47:00
2027-03-14T04:48:00Z,0,2,2027-03-14T06:48:00
2027-03-14T04:49:00Z,0,2,2027-03-14T06:49:00
2027-03-14T04:50:00Z,0,2,2027-03-14T06:50:00
2027-03-14T04:51:00Z,0,2,2027-03-14T06:51:00
2027-03-14T04:52:00Z,0,2,2027-03-14T06:52:00
2027-03-14T04:53:00Z,0,2,2027-03-14T06:53:00
2027-03-14T04:54:00Z,0,2,2027-03-14T06:54:00
2027-03-14T04:55:00Z,0,2,2027-03-14T06:55:00
2027-03-14T04:56:00Z,0,2,2027-03-14T06:56:00
2027-03-14T04:57:00Z,0,2,2027-03-14T06:57:00
2027-03-14T04:58:00Z,0,2,2027-03-14T06:58:00
2027-03-14T04:59:00Z,0,2,2027-03-14T06:59:00
2027-03-14T05:00:00Z,0,2,2027-03-14T07:00:00
2027-03-14T05:01:00Z,0,2,2027-03-14T07:01:00
2027-03-14T05:02:00Z,0,2,2027-03-14T07:02:00
2027-03-14T05:03:00Z,0,2,2027-03-14T07:03:00
2027-03-14T05:04:00Z,0,2,2027-03-14T07:04:00
2027-03-14T05:05:00Z,0,2,2027-03-14T07:05:00
2027-03-14T05:06:00Z,0,2,2027-03-14T07:06:00
2027-03-14T05:07:00Z,0,2,2027-03-14T07:07:00
2027-03-14T05:08:00Z,0,2,2027-03-14T07:08:00
2027-03-14T05:09:00Z,0,2,2027-03-14T07:09:00
2027-03-14T05:10:00Z,0,2,2027-03-14T07:10:00
2027-03-14T05:11:00Z,0,2,2027-03-14T07:11:00
2027-03-14T05:12:00Z,0,2,2027-03-14T07:12:00
2027-03-14T05:13:00Z,0,2,2027-03-14T07:13:00
2027-03-14T05:14:00Z,0,2,2027-03-14T07:14:00
2027-03-14T05:15:00Z,0,2,2027-03-14T07:15:00
2027-03-14T05:16:00Z,0,2,2027-03-14T07:16:00
2027-03-14T05:17:00Z,0,2,2027-03-14T07:17:00
2027-03-14T05:18:00Z,0,2,2027-03-14T07:18:00
2027-03-14T05:19:00Z,0,2,2027-03-14T07:19:00
2027-03-14T05:20:00Z,0,2,2027-03-14T07:20:00
2027-03-14T05:21:00Z,0,2,2027-03-14T07:21:00
2027-03-14T05:22:00Z,0,2,2027-03-14T07:22:00
2027-03-14T05:23:00Z,0,2,2027-03-14T07:23:00
2027-03-14T05:24:00Z,0,2,2027-03-14T07:24:00
2027-03-14T05:25:00Z,0,2,2027-03-14T07:25:00
2027-03-14T05:26:00Z,0,2,2027-03-14T07:26:00
2027-03-14T05:27:00Z,0,2,2027-03-14T07:27:00
2027-03-14T05:28:00Z,0,2,2027-03-14T07:28:00
2027-03-14T05:29:00Z,0,2,2027-03-14T07:29:00
2027-03-14T05:30:00Z,0,2,2027-03-14T07:30:00
2027-03-14T05:31:00Z,0,2,2027-03-14T07:31:00
2027-03-14T05:32:00Z,0,2,2027-03-14T07:32:00
2027-03-14T05:33:00Z,0,2,2027-03-14T07:33:00
2027-03-14T05:34:00Z,0,2,2027-03-14T07:34:00
2027-03-14T05:35:00Z,0,2,2027-03-14T07:35:00
2027-03-14T05:36:00Z,0,2,2027-03-14T07:36:00
2027-03-14T05:37:00Z,0,2,2027-03-14T07:37:00
2027-03-14T05:38:00Z,0,2,2027-03-14T07:38:00
2027-03-14T05:39:00Z,0,2,2027-03-14T07:39:00
2027-03-14T05:40:00Z,0,2,2027-03-14T07:40:00
2027-03-14T05:41:00Z,0,2,2027-03-14T07:41:00
2027-03-14T05:42:00Z,0,2,2027-03-14T07:42:00
2027-03-14T05:43:00Z,0,2,2027-03-14T07:43:00
2027-03-14T05:44:00Z,0,2,2027-03-14T07:44:00
2027-03-14T05:45:00Z,0,2,2027-03-14T07:45:00
2027-03-14T05:46:00Z,0,2,2027-03-14T07:46:00
2027-03-14T05:47:00Z,0,2,2027-03-14T07:47:00
2027-03-14T05:48:00Z,0,2,2027-03-14T07:48:00
2027-03-14T05:49:00Z,0,2,2027-03-14T07:49:00
2027-03-14T05:50:00Z,0,2,2027-03-14T07:50:00
2027-03-14T05:51:00Z,0,2,2027-03-14T07:51:00
2027-03-14T05:52:00Z,0,2,2027-03-14T07:52:00
2027-03-14T05:53:00Z,0,2,2027-03-14T07:53:00
2027-03-14T05:54:00Z,0,2,2027-03-14T07:54:00
2027-03-14T05:55:00Z,0,2,2027-03-14T07:55:00
2027-03-14T05:56:00Z,0,2,2027-03-14T07:56:00
2027-03-14T05:57:00Z,0,2,2027-03-14T07:57:00
2027-03-14T05:58:00Z,0,2,2027-03-14T07:58:00
2027-03-14T05:59:00Z,0,2,2027-03-14T07:59:00
2027-03-14T06:00:00Z,0,2,2027-03-14T08:00:00
2027-03-14T06:01:00Z,0,2,2027-03-14T08:01:00
2027-03-14T06:02:00Z,0,2,2027-03-14T08:02:00
2027-03-14T06:03:00Z,0,2,2027-03-14T08:03:00
2027-03-14T06:04:00Z,0,2,2027-03-14T08:04:00
2027-03-14T06:05:00Z,0,2,2027-03-14T08:05:00
2027-03-14T06:06:00Z,0,2,2027-03-14T08:06:00
2027-03-14T06:07:00Z,0,2,2027-03-14T08:07:00
2027-03-14T06:08:00Z,0,2,2027-03-14T08:08:00
2027-03-14T06:09:00Z,0,2,2027-03-14T08:09:00
2027-03-14T06:10:00Z,0,2,2027-03-14T08:10:00
2027-03-14T06:11:00Z,0,2,2027-03-14T08:11:00
2027-03-14T06:12:00Z,0,2,2027-03-14T08:12:00
2027-03-14T06:13:00Z,0,2,2027-03-14T08:13:00
2027-03-14T06:14:00Z,0,2,2027-03-14T08:14:00
2027-03-14T06:15:00Z,0,2,2027-03-14T08:15:00
2027-03-14T06:16:00Z,0,2,2027-03-14T08:16:00
2027-03-14T06:17:00Z,0,2,2027-03-14T08:17:00
2027-03-14T06:18:00Z,0,2,2027-03-14T08:18:00
2027-03-14T06:19:00Z,0,2,2027-03-14T08:19:00
2027-03-14T06:20:00Z,0,2,2027-03-14T08:20:00
2027-03-14T06:21:00Z,0,2,2027-03-14T08:21:00
2027-03-14T06:22:00Z,0,2,2027-03-14T08:22:00
2027-03-14T06:23:00Z,0,2,2027-03-14T08:23:00
2027-03-14T06:24:00Z,0,2,2027-03-14T08:24:00
2027-03-14T06:25:00Z,0,2,2027-03-14T08:25:00
2027-03-14T06:26:00Z,0,2,2027-03-14T08:26:00
2027-03-14T06:27:00Z,0,2,2027-03-14T08:27:00
2027-03-14T06:28:00Z,0,2,2027-03-14T08:28:00
2027-03-14T06:29:00Z,0,2,2027-03-14T08:29:00
2027-03-14T06:30:00Z,0,2,2027-03-14T08:30:00
2027-03-14T06:31:00Z,0,2,2027-03-14T08:31:00
2027-03-14T06:32:00Z,0,2,2027-03-14T08:32:00
2027-03-14T06:33:00Z,0,2,2027-03-14T08:33:00
2027-03-14T06:34:00Z,0,2,2027-03-14T08:34:00
2027-03-14T06:35:00Z,0,2,2027-03-14T08:35:00
2027-03-14T06:36:00Z,0,2,2027-03-14T08:36:00
2027-03-14T06:37:00Z,0,2,2027-03-14T08:37:00
2027-03-14T06:38:00Z,0,2,2027-03-14T08:38:00
2027-03-14T06:39:00Z,0,2,2027-03-14T08:39:00
2027-03-14T06:40:00Z,0,2,2027-03-14T08:40:00
2027-03-14T06:41:00Z,0,2,2027-03-14T08:41:00
2027-03-14T06:42:00Z,0,2,2027-03-14T08:42:00
2027-03-14T06:43:00Z,0,2,2027-03-14T08:43:00
2027-03-14T06:44:00Z,0,2,2027-03-14T08:44:00
2027-03-14T06:45:00Z,0,2,2027-03-14T08:45:00
2027-03-14T06:46:00Z,0,2,2027-03-14T08:46:00
2027-03-14T06:47:00Z,0,2,2027-03-14T08:47:00
2027-03-14T06:48:00Z,0,2,2027-03-14T08:48:00
2027-03-14T06:49:00Z,0,2,2027-03-14T08:49:00
2027-03-14T06:50:00Z,0,2,2027-03-14T08:50:00
2027-03-14T06:51:00Z,0,2,2027-03-14T08:51:00
2027-03-14T06:52:00Z,0,2,2027-03-14T08:52:00
2027-03-14T06:53:00Z,0,2,2027-03-14T08:53:00
2027-03-14T06:54:00Z,0,2,2027-03-14T08:54:00
2027-03-14T06:55:00Z,0,2,2027-03-14T08:55:00
2027-03-14T06:56:00Z,0,2,2027-03-14T08:56:00
2027-03-14T06:57:00Z,0,2,2027-03-14T08:57:00
2027-03-14T06:58:00Z,0,2,2027-03-14T08:58:00
2027-03-14T06:59:00Z,0,2,2027-03-14T08:59:00
2027-03-14T07:00:00Z,1,3,2027-03-14T10:00:00
2027-03-14T07:01:00Z,1,3,2027-03-14T10:01:00
2027-03-14T07:02:00Z,1,3,2027-03-14T10:02:00
2027-03-14T07:03:00Z,1,3,2027-03-14T10:03:00
2027-03-14T07:04:00Z,1,3,2027-03-14T10:04:00
2027-03-14T07:05:00Z,1,3,2027-03-14T10:05:00
2027-03-14T07:06:00Z,1,3,2027-03-14T10:06:00
2027-03-14T07:07:00Z,1,3,2027-03-14T10:07:00
2027-03-14T07:08:00Z,1,3,2027-03-14T10:08:00
2027-03-14T07:09:00Z,1,3,2027-03-14T10:09:00
2027-03-14T07:10:00Z,1,3,2027-03-14T10:10:00
2027-03-14T07:11:00Z,1,3,2027-03-14T10:11:00
2027-03-14T07:12:00Z,1,3,2027-03-14T10:12:00
2027-03-14T07:13:00Z,1,3,2027-03-14T10:13:00
2027-03-14T07:14:00Z,1,3,2027-03-14T10:14:00
2027-03-14T07:15:00Z,1,3,2027-03-14T10:15:00
2027-03-14T07:16:00Z,1,3,2027-03-14T10:16:00
2027-03-14T07:17:00Z,1,3,2027-03-14T10:17:00
2027-03-14T07:18:00Z,1,3,2027-03-14T10:18:00
2027-03-14T07:19:00Z,1,3,2027-03-14T10:19:00
2027-03-14T07:20:00Z,1,3,2027-03-14T10:20:00
2027-03-14T07:21:00Z,1,3,2027-03-14T10:21:00
2027-03-14T07:22:00Z,1,3,2027-03-14T10:22:00
2027-03-14T07:23:00Z,1,3,2027-03-14T10:23:00
2027-03-14T07:24:00Z,1,3,2027-03-14T10:24:00
2027-03-14T07:25:00Z,1,3,2027-03-14T10:25:00
2027-03-14T07:26:00Z,1,3,2027-03-14T10:26:00
2027-03-14T07:27:00Z,1,3,2027-03-14T10:27:00
2027-03-14T07:28:00Z,1,3,2027-03-14T10:28:00
2027-03-14T07:29:00Z,1,3,2027-03-14T10:29:00
2027-03-14T07:30:00Z,1,3,2027-03-14T10:30:00
2027-03-14T07:31:00Z,1,3,2027-03-14T10:31:00
2027-03-14T07:32:00Z,1,3,2027-03-14T10:32:00
2027-03-14T07:33:00Z,1,3,2027-03-14T10:33:00
2027-03-14T07:34:00Z,1,3,2027-03-14T10:34:00
2027-03-14T07:35:00Z,1,3,2027-03-14T10:35:00
2027-03-14T07:36:00Z,1,3,2027-03-14T10:36:00
2027-03-14T07:37:00Z,1,3,2027-03-14T10:37:00
2027-03-14T07:38:00Z,1,3,2027-03-14T10:38:00
2027-03-14T07:39:00Z,1,3,2027-03-14T10:39:00
2027-03-14T07:40:00Z,1,3,2027-03-14T10:40:00
2027-03-14T07:41:00Z,1,3,2027-03-14T10:41:00
2027-03-14T07:42:00Z,1,3,2027-03-14T10:42:00
2027-03-14T07:43:00Z,1,3,2027-03-14T10:43:00
2027-03-14T07:44:00Z,1,3,2027-03-14T10:44:00
2027-03-14T07:45:00Z,1,3,2027-03-14T10:45:00
2027-03-14T07:46:00Z,1,3,2027-03-14T10:46:00
2027-03-14T07:47:00Z,1,3,2027-03-14T10:47:00
2027-03-14T07:48:00Z,1,3,2027-03-14T10:48:00
2027-03-14T07:49:00Z,1,3,2027-03-14T10:49:00
2027-03-14T07:50:00Z,1,3,2027-03-14T10:50:00
2027-03-14T07:51:00Z,1,3,2027-03-14T10:51:00
2027-03-14T07:52:00Z,1,3,2027-03-14T10:52:00
2027-03-14T07:53:00Z,1,3,2027-03-14T10:53:00
2027-03-14T07:54:00Z,1,3,2027-03-14T10:54:00
2027-03-14T07:55:00Z,1,3,2027-03-14T10:55:00
2027-03-14T07:56:00Z,1,3,2027-03-14T10:56:00
2027-03-14T07:57:00Z,1,3,2027-03-14T10:57:00
2027-03-14T07:58:00Z,1,3,2027-03-14T10:58:00
2027-03-14T07:59:00Z,1,3,2027-03-14T10:59:00
2027-03-14T08:00:00Z,1,3,2027-03-14T11:00:00
2027-03-14T08:01:00Z,1,3,2027-03-14T11:01:00
2027-03-14T08:02:00Z,1,3,2027-03-14T11:02:00
2027-03-14T08:03:00Z,1,3,2027-03-14T11:03:00
2027-03-14T08:04:00Z,1,3,2027-03-14T11:04:00
2027-03-14T08:05:00Z,1,3,2027-03-14T11:05:00
2027-03-14T08:06:00Z,1,3,2027-03-14T11:06:00
2027-03-14T08:07:00Z,1,3,2027-03-14T11:07:00
2027-03-14T08:08:00Z,1,3,2027-03-14T11:08:00
2027-03-14T08:09:00Z,1,3,2027-03-14T11:09:00
2027-03-14T08:10:00Z,1,3,2027-03-14T11:10:00
2027-03-14T08:11:00Z,1,3,2027-03-14T11:11:00
2027-03-14T08:12:00Z,1,3,2027-03-14T11:12:00
2027-03-14T08:13:00Z,1,3,2027-03-14T11:13:00
2027-03-14T08:14:00Z,1,3,2027-03-14T11:14:00
2027-03-14T08:15:00Z,1,3,2027-03-14T11:15:00
2027-03-14T08:16:00Z,1,3,2027-03-14T11:16:00
2027-03-14T08:17:00Z,1,3,2027-03-14T11:17:00
2027-03-14T08:18:00Z,1,3,2027-03-14T11:18:00
2027-03-14T08:19:00Z,1,3,2027-03-14T11:19:00
2027-03-14T08:20:00Z,1,3,2027-03-14T11:20:00
2027-03-14T08:21:00Z,1,3,2027-03-14T11:21:00
2027-03-14T08:22:00Z,1,3,2027-03-14T11:22:00
2027-03-14T08:23:00Z,1,3,2027-03-14T11:23:00
2027-03-14T08:24:00Z,1,3,2027-03-14T11:24:00
2027-03-14T08:25:00Z,1,3,2027-03-14T11:25:00
2027-03-14T08:26:00Z,1,3,2027-03-14T11:26:00
2027-03-14T08:27:00Z,1,3,2027-03-14T11:27:00
2027-03-14T08:28:00Z,1,3,2027-03-14T11:28:00
2027-03-14T08:29:00Z,1,3,2027-03-14T11:29:00
2027-03-14T08:30:00Z,1,3,2027-03-14T11:30:00
2027-03-14T08:31:00Z,1,3,2027-03-14T11:31:00
2027-03-14T08:32:00Z,1,3,2027-03-14T11:32:00
2027-03-14T08:33:00Z,1,3,2027-03-14T11:33:00
2027-03-14T08:34:00Z,1,3,2027-03-14T11:34:00
2027-03-14T08:35:00Z,1,3,2027-03-14T11:35:00
2027-03-14T08:36:00Z,1,3,2027-03-14T11:36:00
2027-03-14T08:37:00Z,1,3,2027-03-14T11:37:00
2027-03-14T08:38:00Z,1,3,2027-03-14T11:38:00
2027-03-14T08:39:00Z,1,3,2027-03-14T11:39:00
2027-03-14T08:40:00Z,1,3,2027-03-14T11:40:00
2027-03-14T08:41:00Z,1,3,2027-03-14T11:41:00
2027-03-14T08:42:00Z,1,3,2027-03-14T11:42:00
2027-03-14T08:43:00Z,1,3,2027-03-14T11:43:00
2027-03-14T08:44:00Z,1,3,2027-03-14T11:44:00
2027-03-14T08:45:00Z,1,3,2027-03-14T11:45:00
2027-03-14T08:46:00Z,1,3,2027-03-14T11:46:00
2027-03-14T08:47:00Z,1,3,2027-03-14T11:47:00
2027-03-14T08:48:00Z,1,3,2027-03-14T11:48:00
2027-03-14T08:49:00Z,1,3,2027-03-14T11:49:00
2027-03-14T08:50:00Z,1,3,2027-03-14T11:50:00
2027-03-14T08:51:00Z,1,3,2027-03-14T11:51:00
2027-03-14T08:52:00Z,1,3,2027-03-14T11:52:00
2027-03-14T08:53:00Z,1,3,2027-03-14T11:53:00
2027-03-14T08:54:00Z,1,3,2027-03-14T11:54:00
2027-03-14T08:55:00Z,1,3,2027-03-14T11:55:00
2027-03-14T08:56:00Z,1,3,2027-03-14T11:56:00
2027-03-14T08:57:00Z,1,3,2027-03-14T11:57:00
2027-03-14T08:58:00Z,1,3,2027-03-14T11:58:00
2027-03-14T08:59:00Z,1,3,2027-03-14T11:59:00
2027-03-14T09:00:00Z,1,3,2027-03-14T12:00:00
2027-03-14T09:01:00Z,1,3,2027-03-14T12:01:00
2027-03-14T09:02:00Z,1,3,2027-03-14T12:02:00
2027-03-14T09:03:00Z,1,3,2027-03-14T12:03:00
2027-03-14T09:04:00Z,1,3,2027-03-14T12:04:00
2027-03-14T09:05:00Z,1,3,2027-03-14T12:05:00
2027-03-14T09:06:00Z,1,3,2027-03-14T12:06:00
2027-03-14T09:07:00Z,1,3,2027-03-14T12:07:00
2027-03-14T09:08:00Z,1,3,2027-03-14T12:08:00
2027-03-14T09:09:00Z,1,3,2027-03-14T12:09:00
2027-03-14T09:10:00Z,1,3,2027-03-14T12:10:00
2027-03-14T09:11:00Z,1,3,2027-03-14T12:11:00
2027-03-14T09:12:00Z,1,3,2027-03-14T12:12:00
2027-03-14T09:13:00Z,1,3,2027-03-14T12:13:00
2027-03-14T09:14:00Z,1,3,2027-03-14T12:14:00
2027-03-14T09:15:00Z,1,3,2027-03-14T12:15:00
2027-03-14T09:16:00Z,1,3,2027-03-14T12:16:00
2027-03-14T09:17:00Z,1,3,2027-03-14T12:17:00
2027-03-14T09:18:00Z,1,3,2027-03-14T12:18:00
2027-03-14T09:19:00Z,1,3,2027-03-14T12:19:00
2027-03-14T09:20:00Z,1,3,2027-03-14T12:20:00
2027-03-14T09:21:00Z,1,3,2027-03-14T12:21:00
2027-03-14T09:22:00Z,1,3,2027-03-14T12:22:00
2027-03-14T09:23:00Z,1,3,2027-03-14T12:23:00
2027-03-14T09:24:00Z,1,3,2027-03-14T12:24:00
2027-03-14T09:25:00Z,1,3,2027-03-14T12:25:00
2027-03-14T09:26:00Z,1,3,2027-03-14T12:26:00
2027-03-14T09:27:00Z,1,3,2027-03-14T12:27:00
2027-03-14T09:28:00Z,1,3,2027-03-14T12:28:00
2027-03-14T09:29:00Z,1,3,2027-03-14T12:29:00
2027-03-14T09:30:00Z,1,3,2027-03-14T12:30:00
2027-03-14T09:31:00Z,1,3,2027-03-14T12:31:00
2027-03-14T09:32:00Z,1,3,2027-03-14T12:32:00
2027-03-14T09:33:00Z,1,3,2027-03-14T12:33:00
2027-03-14T09:34:00Z,1,3,2027-03-14T12:34:00
2027-03-14T09:35:00Z,1,3,2027-03-14T12:35:00
2027-03-14T09:36:00Z,1,3,2027-03-14T12:36:00
2027-03-14T09:37:00Z,1,3,2027-03-14T12:37:00
2027-03-14T09:38:00Z,1,3,2027-03-14T12:38:00
2027-03-14T09:39:00Z,1,3,2027-03-14T12:39:00
2027-03-14T09:40:00Z,1,3,2027-03-14T12:40:00
2027-03-14T09:41:00Z,1,3,2027-03-14T12:41:00
2027-03-14T09:42:00Z,1,3,2027-03-14T12:42:00
2027-03-14T09:43:00Z,1,3,2027-03-14T12:43:00
2027-03-14T09:44:00Z,1,3,2027-03-14T12:44:00
2027-03-14T09:45:00Z,1,3,2027-03-14T12:45:00
2027-03-14T09:46:00Z,1,3,2027-03-14T12:46:00
2027-03-14T09:47:00Z,1,3,2027-03-14T12:47:00
2027-03-14T09:48:00Z,1,3,2027-03-14T12:48:00
2027-03-14T09:49:00Z,1,3,2027-03-14T12:49:00
2027-03-14T09:50:00Z,1,3,2027-03-14T12:50:00
2027-03-14T09:51:00Z,1,3,2027-03-14T12:51:00
2027-03-14T09:52:00Z,1,3,2027-03-14T12:52:00
2027-03-14T09:53:00Z,1,3,2027-03-14T12:53:00
2027-03-14T09:54:00Z,1,3,2027-03-14T12:54:00
2027-03-14T09:55:00Z,1,3,2027-03-14T12:55:00
2027-03-14T09:56:00Z,1,3,2027-03-14T12:56:00
2027-03-14T09:57:00Z,1,3,2027-03-14T12:57:00
2027-03-14T09:58:00Z,1,3,2027-03-14T12:58:00
2027-03-14T09:59:00Z,1,3,2027-03-14T12:59:00
2027-03-14T10:00:00Z,1,3,2027-03-14T13:00:00
2027-11-07T03:00:00Z,1,3,2027-11-07T06:00:00
2027-11-07T03:01:00Z,1,3,2027-11-07T06:01:00
2027-11-07T03:02:00Z,1,3,2027-11-07T06:02:00
2027-11-07T03:03:00Z,1,3,2027-11-07T06:03:00
2027-11-07T03:04:00Z,1,3,2027-11-07T06:04:00
2027-11-07T03:05:00Z,1,3,2027-11-07T06:05:00
2027-11-07T03:06:00Z,1,3,2027-11-07T06:06:00
2027-11-07T03:07:00Z,1,3,2027-11-07T06:07:00
2027-11-07T03:08:00Z,1,3,2027-11-07T06:08:00
2027-11-07T03:09:00Z,1,3,2027-11-07T06:09:00
2027-11-07T03:10:00Z,1,3,2027-11-07T06:10:00
2027-11-07T03:11:00Z,1,3,2027-11-07T06:11:00
2027-11-07T03:12:00Z,1,3,2027-11-07T06:12:00
2027-11-07T03:13:00Z,1,3,2027-11-07T06:13:00
2027-11-07T03:14:00Z,1,3,2027-11-07T06:14:00
2027-11-07T03:15:00Z,1,3,2027-11-07T06:15:00
2027-11-07T03:16:00Z,1,3,2027-11-07T06:16:00
2027-11-07T03:17:00Z,1,3,2027-11-07T06:17:00
2027-11-07T03:18:00Z,1,3,2027-11-07T06:18:00
2027-11-07T03:19:00Z,1,3,2027-11-07T06:19:00
2027-11-07T03:20:00Z,1,3,2027-11-07T06:20:00
2027-11-07T03:21:00Z,1,3,2027-11-07T06:21:00
2027-11-07T03:22:00Z,1,3,2027-11-07T06:22:00
2027-11-07T03:23:00Z,1,3,2027-11-07T06:23:00
2027-11-07T03:24:00Z,1,3,2027-11-07T06:24:00
2027-11-07T03:25:00Z,1,3,2027-11-07T06:25:00
2027-11-07T03:26:00Z,1,3,2027-11-07T06:26:00
2027-11-07T03:27:00Z,1,3,2027-11-07T06:27:00
2027-11-07T03:28:00Z,1,3,2027-11-07T06:28:00
2027-11-07T03:29:00Z,1,3,2027-11-07T06:29:00
2027-11-07T03:30:00Z,1,3,2027-11-07T06:30:00
2027-11-07T03:31:00Z,1,3,2027-11-07T06:31:00
2027-11-07T03:32:00Z,1,3,2027-11-07T06:32:00
2027-11-07T03:33:00Z,1,3,2027-11-07T06:33:00
2027-11-07T03:34:00Z,1,3,2027-11-07T06:34:00
2027-11-07T03:35:00Z,1,3,2027-11-07T06:35:00
2027-11-07T03:36:00Z,1,3,2027-11-07T06:36:00
2027-11-07T03:37:00Z,1,3,2027-11-07T06:37:00
2027-11-07T03:38:00Z,1,3,2027-11-07T06:38:00
2027-11-07T03:39:00Z,1,3,2027-11-07T06:39:00
2027-11-07T03:40:00Z,1,3,2027-11-07T06:40:00
2027-11-07T03:41:00Z,1,3,2027-11-07T06:41:00
2027-11-07T03:42:00Z,1,3,2027-11-07T06:42:00
2027-11-07T03:43:00Z,1,3,2027-11-07T06:43:00
2027-11-07T03:44:00Z,1,3,2027-11-07T06:44:00
2027-11-07T03:45:00Z,1,3,2027-11-07T06:45:00
2027-11-07T03:46:00Z,1,3,2027-11-07T06:46:00
2027-11-07T03:47:00Z,1,3,2027-11-07T06:47:00
2027-11-07T03:48:00Z,1,3,2027-11-07T06:48:00
2027-11-07T03:49:00Z,1,3,2027-11-07T06:49:00
2027-11-07T03:50:00Z,1,3,2027-11-07T06:50:00
2027-11-07T03:51:00Z,1,3,2027-11-07T06:51:00
2027-11-07T03:52:00Z,1,3,2027-11-07T06:52:00
2027-11-07T03:53:00Z,1,3,2027-11-07T06:53:00
2027-11-07T03:54:00Z,1,3,2027-11-07T06:54:00
2027-11-07T03:55:00Z,1,3,2027-11-07T06:55:00
2027-11-07T03:56:00Z,1,3,2027-11-07T06:56:00
2027-11-07T03:57:00Z,1,3,2027-11-07T06:57:00
2027-11-07T03:58:00Z,1,3,2027-11-07T06:58:00
2027-11-07T03:59:00Z,1,3,2027-11-07T06:59:00
2027-11-07T04:00:00Z,1,3,2027-11-07T07:00:00
2027-11-07T04:01:00Z,1,3,2027-11-07T07:01:00
2027-11-07T04:02:00Z,1,3,2027-11-07T07:02:00
2027-11-07T04:03:00Z,1,3,2027-11-07T07:03:00
2027-11-07T04:04:00Z,1,3,2027-11-07T07:04:00
2027-11-07T04:05:00Z,1,3,2027-11-07T07:05:00
2027-11-07T04:06:00Z,1,3,2027-11-07T07:06:00
2027-11-07T04:07:00Z,1,3,2027-11-07T07:07:00
2027-11-07T04:08:00Z,1,3,2027-11-07T07:08:00
2027-11-07T04:09:00Z,1,3,2027-11-07T07:09:00
2027-11-07T04:10:00Z,1,3,2027-11-07T07:10:00
2027-11-07T04:11:00Z,1,3,2027-11-07T07:11:00
2027-11-07T04:12:00Z,1,3,2027-11-07T07:12:00
2027-11-07T04:13:00Z,1,3,2027-11-07T07:13:00
2027-11-07T04:14:00Z,1,3,2027-11-07T07:14:00
2027-11-07T04:15:00Z,1,3,2027-11-07T07:15:00
2027-11-07T04:16:00Z,1,3,2027-11-07T07:16:00
2027-11-07T04:17:00Z,1,3,2027-11-07T07:17:00
2027-11-07T04:18:00Z,1,3,2027-11-07T07:18:00
2027-11-07T04:19:00Z,1,3,2027-11-07T07:19:00
2027-11-07T04:20:00Z,1,3,2027-11-07T07:20:00
2027-11-07T04:21:00Z,1,3,2027-11-07T07:21:00
2027-11-07T04:22:00Z,1,3,2027-11-07T07:22:00
2027-11-07T04:23:00Z,1,3,2027-11-07T07:23:00
2027-11-07T04:24:00Z,1,3,2027-11-07T07:24:00
2027-11-07T04:25:00Z,1,3,2027-11-07T07:25:00
2027-11-07T04:26:00Z,1,3,2027-11-07T07:26:00
2027-11-07T04:27:00Z,1,3,2027-11-07T07:27:00
2027-11-07T04:28:00Z,1,3,2027-11-07T07:28:00
2027-11-07T04:29:00Z,1,3,2027-11-07T07:29:00
2027-11-07T04:30:00Z,1,3,2027-11-07T07:30:00
2027-11-07T04:31:00Z,1,3,2027-11-07T07:31:00
2027-11-07T04:32:00Z,1,3,2027-11-07T07:32:00
2027-11-07T04:33:00Z,1,3,2027-11-07T07:33:00
2027-11-07T04:34:00Z,1,3,2027-11-07T07:34:00
2027-11-07T04:35:00Z,1,3,2027-11-07T07:35:00
2027-11-07T04:36:00Z,1,3,2027-11-07T07:36:00
2027-11-07T04:37:00Z,1,3,2027-11-07T07:37:00
2027-11-07T04:38:00Z,1,3,2027-11-07T07:38:00
2027-11-07T04:39:00Z,1,3,2027-11-07T07:39:00
2027-11-07T04:40:00Z,1,3,2027-11-07T07:40:00
2027-11-07T04:41:00Z,1,3,2027-11-07T07:41:00
2027-11-07T04:42:00Z,1,3,2027-11-07T07:42:00
2027-11-07T04:43:00Z,1,3,2027-11-07T07:43:00
2027-11-07T04:44:00Z,1,3,2027-11-07T07:44:00
2027-11-07T04:45:00Z,1,3,2027-11-07T07:45:00
2027-11-07T04:46:00Z,1,3,2027-11-07T07:46:00
2027-11-07T04:47:00Z,1,3,2027-11-07T07:47:00
2027-11-07T04:48:00Z,1,3,2027-11-07T07:48:00
2027-11-07T04:49:00Z,1,3,2027-11-07T07:49:00
2027-11-07T04:50:00Z,1,3,2027-11-07T07:50:00
2027-11-07T04:51:00Z,1,3,2027-11-07T07:51:00
2027-11-07T04:52:00Z,1,3,2027-11-07T07:52:00
2027-11-07T04:53:00Z,1,3,2027-11-07T07:53:00
2027-11-07T04:54:00Z,1,3,2027-11-07T07:54:00
2027-11-07T04:55:00Z,1,3,2027-11-07T07:55:00
2027-11-07T04:56:00Z,1,3,2027-11-07T07:56:00
2027-11-07T04:57:00Z,1,3,2027-11-07T07:57:00
2027-11-07T04:58:00Z,1,3,2027-11-07T07:58:00
2027-11-07T04:59:00Z,1,3,2027-11-07T07:59:00
2027-11-07T05:00:00Z,1,3,2027-11-07T08:00:00
2027-11-07T05:01:00Z,1,3,2027-11-07T08:01:00
2027-11-07T05:02:00Z,1,3,2027-11-07T08:02:00
2027-11-07T05:03:00Z,1,3,2027-11-07T08:03:00
2027-11-07T05:04:00Z,1,3,2027-11-07T08:04:00
2027-11-07T05:05:00Z,1,3,2027-11-07T08:05:00
2027-11-07T05:06:00Z,1,3,2027-11-07T08:06:00
2027-11-07T05:07:00Z,1,3,2027-11-07T08:07:00
2027-11-07T05:08:00Z,1,3,2027-11-07T08:08:00
2027-11-07T05:09:00Z,1,3,2027-11-07T08:09:00
2027-11-07T05:10:00Z,1,3,2027-11-07T08:10:00
2027-11-07T05:11:00Z,1,3,2027-11-07T08:11:00
2027-11-07T05:12:00Z,1,3,2027-11-07T08:12:00
2027-11-07T05:13:00Z,1,3,2027-11-07T08:13:00
2027-11-07T05:14:00Z,1,3,2027-11-07T08:14:00
2027-11-07T05:15:00Z,1,3,2027-11-07T08:15:00
2027-11-07T05:16:00Z,1,3,2027-11-07T08:16:00
2027-11-07T05:17:00Z,1,3,2027-11-07T08:17:00
2027-11-07T05:18:00Z,1,3,2027-11-07T08:18:00
2027-11-07T05:19:00Z,1,3,2027-11-07T08:19:00
2027-11-07T05:20:00Z,1,3,2027-11-07T08:20:00
2027-11-07T05:21:00Z,1,3,2027-11-07T08:21:00
2027-11-07T05:22:00Z,1,3,2027-11-07T08:22:00
2027-11-07T05:23:00Z,1,3,2027-11-07T08:23:00
2027-11-07T05:24:00Z,1,3,2027-11-07T08:24:00
2027-11-07T05:25:00Z,1,3,2027-11-07T08:25:00
2027-11-07T05:26:00Z,1,3,2027-11-07T08:26:00
2027-11-07T05:27:00Z,1,3,2027-11-07T08:27:00
2027-11-07T05:28:00Z,1,3,2027-11-07T08:28:00
2027-11-07T05:29:00Z,1,3,2027-11-07T08:29:00
2027-11-07T05:30:00Z,1,3,2027-11-07T08:30:00
2027-11-07T05:31:00Z,1,3,2027-11-07T08:31:00
2027-11-07T05:32:00Z,1,3,2027-11-07T08:32:00
2027-11-07T05:33:00Z,1,3,2027-11-07T08:33:00
2027-11-07T05:34:00Z,1,3,2027-11-07T08:34:00
2027-11-07T05:35:00Z,1,3,2027-11-07T08:35:00
2027-11-07T05:36:00Z,1,3,2027-11-07T08:36:00
2027-11-07T05:37:00Z,1,3,2027-11-07T08:37:00
2027-11-07T05:38:00Z,1,3,2027-11-07T08:38:00
2027-11-07T05:39:00Z,1,3,2027-11-07T08:39:00
2027-11-07T05:40:00Z,1,3,2027-11-07T08:40:00
2027-11-07T05:41:00Z,1,3,2027-11-07T08:41:00
2027-11-07T05:42:00Z,1,3,2027-11-07T08:42:00
2027-11-07T05:43:00Z,1,3,2027-11-07T08:43:00
2027-11-07T05:44:00Z,1,3,2027-11-07T08:44:00
2027-11-07T05:45:00Z,1,3,2027-11-07T08:45:00
2027-11-07T05:46:00Z,1,3,2027-11-07T08:46:00
2027-11-07T05:47:00Z,1,3,2027-11-07T08:47:00
2027-11-07T05:48:00Z,1,3,2027-11-07T08:48:00
2027-11-07T05:49:00Z,1,3,2027-11-07T08:49:00
2027-11-07T05:50:00Z,1,3,2027-11-07T08:50:00
2027-11-07T05:51:00Z,1,3,2027-11-07T08:51:00
2027-11-07T05:52:00Z,1,3,2027-11-07T08:52:00
2027-11-07T05:53:00Z,1,3,2027-11-07T08:53:00
2027-11-07T05:54:00Z,1,3,2027-11-07T08:54:00
2027-11-07T05:55:00Z,1,3,2027-11-07T08:55:00
2027-11-07T05:56:00Z,1,3,2027-11-07T08:56:00
2027-11-07T05:57:00Z,1,3,2027-11-07T08:57:00
2027-11-07T05:58:00Z,1,3,2027-11-07T08:58:00
2027-11-07T05:59:00Z,1,3,2027-11-07T08:59:00
2027-11-07T06:00:00Z,0,2,2027-11-07T08:00:00
2027-11-07T06:01:00Z,0,2,2027-11-07T08:01:00
2027-11-07T06:02:00Z,0,2,2027-11-07T08:02:00
2027-11-07T06:03:00Z,0,2,2027-11-07T08:03:00
2027-11-07T06:04:00Z,0,2,2027-11-07T08:04:00
2027-11-07T06:05:00Z,0,2,2027-11-07T08:05:00
2027-11-07T06:06:00Z,0,2,2027-11-07T08:06:00
2027-11-07T06:07:00Z,0,2,2027-11-07T08:07:00
2027-11-07T06:08:00Z,0,2,2027-11-07T08:08:00
2027-11-07T06:09:00Z,0,2,2027-11-07T08:09:00
2027-11-07T06:10:00Z,0,2,2027-11-07T08:10:00
2027-11-07T06:11:00Z,0,2,2027-11-07T08:11:00
2027-11-07T06:12:00Z,0,2,2027-11-07T08:12:00
2027-11-07T06:13:00Z,0,2,2027-11-07T08:13:00
2027-11-07T06:14:00Z,0,2,2027-11-07T08:14:00
2027-11-07T06:15:00Z,0,2,2027-11-07T08:15:00
2027-11-07T06:16:00Z,0,2,2027-11-07T08:16:00
2027-11-07T06:17:00Z,0,2,2027-11-07T08:17:00
2027-11-07T06:18:00Z,0,2,2027-11-07T08:18:00
2027-11-07T06:19:00Z,0,2,2027-11-07T08:19:00
2027-11-07T06:20:00Z,0,2,2027-11-07T08:20:00
2027-11-07T06:21:00Z,0,2,2027-11-07T08:21:00
2027-11-07T06:22:00Z,0,2,2027-11-07T08:22:00
2027-11-07T06:23:00Z,0,2,2027-11-07T08:23:00
2027-11-07T06:24:00Z,0,2,2027-11-07T08:24:00
2027-11-07T06:25:00Z,0,2,2027-11-07T08:25:00
2027-11-07T06:26:00Z,0,2,2027-11-07T08:26:00
2027-11-07T06:27:00Z,0,2,2027-11-07T08:27:00
2027-11-07T06:28:00Z,0,2,2027-11-07T08:28:00
2027-11-07T06:29:00Z,0,2,2027-11-07T08:29:00
2027-11-07T06:30:00Z,0,2,2027-11-07T08:30:00
2027-11-07T06:31:00Z,0,2,2027-11-07T08:31:00
2027-11-07T06:32:00Z,0,2,2027-11-07T08:32:00
2027-11-07T06:33:00Z,0,2,2027-11-07T08:33:00
2027-11-07T06:34:00Z,0,2,2027-11-07T08:34:00
2027-11-07T06:35:00Z,0,2,2027-11-07T08:35:00
2027-11-07T06:36:00Z,0,2,2027-11-07T08:36:00
2027-11-07T06:37:00Z,0,2,2027-11-07T08:37:00
2027-11-07T06:38:00Z,0,2,2027-11-07T08:38:00
2027-11-07T06:39:00Z,0,2,2027-11-07T08:39:00
2027-11-07T06:40:00Z,0,2,2027-11-07T08:40:00
2027-11-07T06:41:00Z,0,2,2027-11-07T08:41:00
2027-11-07T06:42:00Z,0,2,2027-11-07T08:42:00
2027-11-07T06:43:00Z,0,2,2027-11-07T08:43:00
2027-11-07T06:44:00Z,0,2,2027-11-07T08:44:00
2027-11-07T06:45:00Z,0,2,2027-11-07T08:45:00
2027-11-07T06:46:00Z,0,2,2027-11-07T08:46:00
2027-11-07T06:47:00Z,0,2,2027-11-07T08:47:00
2027-11-07T06:48:00Z,0,2,2027-11-07T08:48:00
2027-11-07T06:49:00Z,0,2,2027-11-07T08:49:00
2027-11-07T06:50:00Z,0,2,2027-11-07T08:50:00
2027-11-07T06:51:00Z,0,2,2027-11-07T08:51:00
2027-11-07T06:52:00Z,0,2,2027-11-07T08:52:00
2027-11-07T06:53:00Z,0,2,2027-11-07T08:53:00
2027-11-07T06:54:00Z,0,2,2027-11-07T08:54:00
2027-11-07T06:55:00Z,0,2,2027-11-07T08:55:00
2027-11-07T06:56:00Z,0,2,2027-11-07T08:56:00
2027-11-07T06:57:00Z,0,2,2027-11-07T08:57:00
2027-11-07T06:58:00Z,0,2,2027-11-07T08:58:00
2027-11-07T06:59:00Z,0,2,2027-11-07T08:59:00
2027-11-07T07:00:00Z,0,2,2027-11-07T09:00:00
2027-11-07T07:01:00Z,0,2,2027-11-07T09:01:00
2027-11-07T07:02:00Z,0,2,2027-11-07T09:02:00
2027-11-07T07:03:00Z,0,2,2027-11-07T09:03:00
2027-11-07T07:04:00Z,0,2,2027-11-07T09:04:00
2027-11-07T07:05:00Z,0,2,2027-11-07T09:05:00
2027-11-07T07:06:00Z,0,2,2027-11-07T09:06:00
2027-11-07T07:07:00Z,0,2,2027-11-07T09:07:00
2027-11-07T07:08:00Z,0,2,2027-11-07T09:08:00
2027-11-07T07:09:00Z,0,2,2027-11-07T09:09:00
2027-11-07T07:10:00Z,0,2,2027-11-07T09:10:00
2027-11-07T07:11:00Z,0,2,2027-11-07T09:11:00
2027-11-07T07:12:00Z,0,2,2027-11-07T09:12:00
2027-11-07T07:13:00Z,0,2,2027-11-07T09:13:00
2027-11-07T07:14:00Z,0,2,2027-11-07T09:14:00
2027-11-07T07:15:00Z,0,2,2027-11-07T09:15:00
2027-11-07T07:16:00Z,0,2,2027-11-07T09:16:00
2027-11-07T07:17:00Z,0,2,2027-11-07T09:17:00
2027-11-07T07:18:00Z,0,2,2027-11-07T09:18:00
2027-11-07T07:19:00Z,0,2,2027-11-07T09:19:00
2027-11-07T07:20:00Z,0,2,2027-11-07T09:20:00
2027-11-07T07:21:00Z,0,2,2027-11-07T09:21:00
2027-11-07T07:22:00Z,0,2,2027-11-07T09:22:00
2027-11-07T07:23:00Z,0,2,2027-11-07T09:23:00
2027-11-07T07:24:00Z,0,2,2027-11-07T09:24:00
2027-11-07T07:25:00Z,0,2,2027-11-07T09:25:00
2027-11-07T07:26:00Z,0,2,2027-11-07T09:26:00
2027-11-07T07:27:00Z,0,2,2027-11-07T09:27:00
2027-11-07T07:28:00Z,0,2,2027-11-07T09:28:00
2027-11-07T07:29:00Z,0,2,2027-11-07T09:29:00
2027-11-07T07:30:00Z,0,2,2027-11-07T09:30:00
2027-11-07T07:31:00Z,0,2,2027-11-07T09:31:00
2027-11-07T07:32:00Z,0,2,2027-11-07T09:32:00
2027-11-07T07:33:00Z,0,2,2027-11-07T09:33:00
2027-11-07T07:34:00Z,0,2,2027-11-07T09:34:00
2027-11-07T07:35:00Z,0,2,2027-11-07T09:35:00
2027-11-07T07:36:00Z,0,2,2027-11-07T09:36:00
2027-11-07T07:37:00Z,0,2,2027-11-07T09:37:00
2027-11-07T07:38:00Z,0,2,2027-11-07T09:38:00
2027-11-07T07:39:00Z,0,2,2027-11-07T09:39:00
2027-11-07T07:40:00Z,0,2,2027-11-07T09:40:00
2027-11-07T07:41:00Z,0,2,2027-11-07T09:41:00
2027-11-07T07:42:00Z,0,2,2027-11-07T09:42:00
2027-11-07T07:43:00Z,0,2,2027-11-07T09:43:00
2027-11-07T07:44:00Z,0,2,2027-11-07T09:44:00
2027-11-07T07:45:00Z,0,2,2027-11-07T09:45:00
2027-11-07T07:46:00Z,0,2,2027-11-07T09:46:00
2027-11-07T07:47:00Z,0,2,2027-11-07T09:47:00
2027-11-07T07:48:00Z,0,2,2027-11-07T09:48:00
2027-11-07T07:49:00Z,0,2,2027-11-07T09:49:00
2027-11-07T07:50:00Z,0,2,2027-11-07T09:50:00
2027-11-07T07:51:00Z,0,2,2027-11-07T09:51:00
2027-11-07T07:52:00Z,0,2,2027-11-07T09:52:00
2027-11-07T07:53:00Z,0,2,2027-11-07T09:53:00
2027-11-07T07:54:00Z,0,2,2027-11-07T09:54:00
2027-11-07T07:55:00Z,0,2,2027-11-07T09:55:00
2027-11-07T07:56:00Z,0,2,2027-11-07T09:56:00
2027-11-07T07:57:00Z,0,2,2027-11-07T09:57:00
2027-11-07T07:58:00Z,0,2,2027-11-07T09:58:00
2027-11-07T07:59:00Z,0,2,2027-11-07T09:59:00
2027-11-07T08:00:00Z,0,2,2027-11-07T10:00:00
2027-11-07T08:01:00Z,0,2,2027-11-07T10:01:00
2027-11-07T08:02:00Z,0,2,2027-11-07T10:02:00
2027-11-07T08:03:00Z,0,2,2027-11-07T10:03:00
2027-11-07T08:04:00Z,0,2,2027-11-07T10:04:00
2027-11-07T08:05:00Z,0,2,2027-11-07T10:05:00
2027-11-07T08:06:00Z,0,2,2027-11-07T10:06:00
2027-11-07T08:07:00Z,0,2,2027-11-07T10:07:00
2027-11-07T08:08:00Z,0,2,2027-11-07T10:08:00
2027-11-07T08:09:00Z,0,2,2027-11-07T10:09:00
2027-11-07T08:10:00Z,0,2,2027-11-07T10:10:00
2027-11-07T08:11:00Z,0,2,2027-11-07T10:11:00
2027-11-07T08:12:00Z,0,2,2027-11-07T10:12:00
2027-11-07T08:13:00Z,0,2,2027-11-07T10:13:00
2027-11-07T08:14:00Z,0,2,2027-11-07T10:14:00
2027-11-07T08:15:00Z,0,2,2027-11-07T10:15:00
2027-11-07T08:16:00Z,0,2,2027-11-07T10:16:00
2027-11-07T08:17:00Z,0,2,2027-11-07T10:17:00
2027-11-07T08:18:00Z,0,2,2027-11-07T10:18:00
2027-11-07T08:19:00Z,0,2,2027-11-07T10:19:00
2027-11-07T08:20:00Z,0,2,2027-11-07T10:20:00
2027-11-07T08:21:00Z,0,2,2027-11-07T10:21:00
2027-11-07T08:22:00Z,0,2,2027-11-07T10:22:00
2027-11-07T08:23:00Z,0,2,2027-11-07T10:23:00
2027-11-07T08:24:00Z,0,2,2027-11-07T10:24:00
2027-11-07T08:25:00Z,0,2,2027-11-07T10:25:00
2027-11-07T08:26:00Z,0,2,2027-11-07T10:26:00
2027-11-07T08:27:00Z,0,2,2027-11-07T10:27:00
2027-11-07T08:28:00Z,0,2,2027-11-07T10:28:00
2027-11-07T08:29:00Z,0,2,2027-11-07T10:29:00
2027-11-07T08:30:00Z,0,2,2027-11-07T10:30:00
2027-11-07T08:31:00Z,0,2,2027-11-07T10:31:00
2027-11-07T08:32:00Z,0,2,2027-11-07T10:32:00
2027-11-07T08:33:00Z,0,2,2027-11-07T10:33:00
2027-11-07T08:34:00Z,0,2,2027-11-07T10:34:00
2027-11-07T08:35:00Z,0,2,2027-11-07T10:35:00
2027-11-07T08:36:00Z,0,2,2027-11-07T10:36:00
2027-11-07T08:37:00Z,0,2,2027-11-07T10:37:00
2027-11-07T08:38:00Z,0,2,2027-11-07T10:38:00
2027-11-07T08:39:00Z,0,2,2027-11-07T10:39:00
2027-11-07T08:40:00Z,0,2,2027-11-07T10:40:00
2027-11-07T08:41:00Z,0,2,2027-11-07T10:41:00
2027-11-07T08:42:00Z,0,2,2027-11-07T10:42:00
2027-11-07T08:43:00Z,0,2,2027-11-07T10:43:00
2027-11-07T08:44:00Z,0,2,2027-11-07T10:44:00
2027-11-07T08:45:00Z,0,2,2027-11-07T10:45:00
2027-11-07T08:46:00Z,0,2,2027-11-07T10:46:00
2027-11-07T08:47:00Z,0,2,2027-11-07T10:47:00
2027-11-07T08:48:00Z,0,2,2027-11-07T10:48:00
2027-11-07T08:49:00Z,0,2,2027-11-07T10:49:00
2027-11-07T08:50:00Z,0,2,2027-11-07T10:50:00
2027-11-07T08:51:00Z,0,2,2027-11-07T10:51:00
2027-11-07T08:52:00Z,0,2,2027-11-07T10:52:00
2027-11-07T08:53:00Z,0,2,2027-11-07T10:53:00
2027-11-07T08:54:00Z,0,2,2027-11-07T10:54:00
2027-11-07T08:55:00Z,0,2,2027-11-07T10:55:00
2027-11-07T08:56:00Z,0,2,2027-11-07T10:56:00
2027-11-07T08:57:00Z,0,2,2027-11-07T10:57:00
2027-11-07T08:58:00Z,0,2,2027-11-07T10:58:00
2027-11-07T08:59:00Z,0,2,2027-11-07T10:59:00
2027-11-07T09:00:00Z,0,2,2027-11-07T11:00:00
