{
  "basis": "fresh_start_entry_sized_m15_trade_cancellation_governor",
  "excluded_years": [
    2017,
    2020,
    2024,
    2025
  ],
  "fill_contract": "adverse_bar",
  "horizon_calendar_days": 30,
  "manifest": "artifacts\\ftmo_joint_eleven_sleeve_incumbent_weight_path_manifest_2026-07-12.json",
  "results": [
    {
      "daily_stop": 4500.0,
      "elapsed_risk_steps": [],
      "full_risk_room": 4000.0,
      "historical_rolling": {
        "daily_breach_pct": 23.316355404640635,
        "max_breach_pct": 13.46915676287493,
        "not_reached_pct": 13.921901528013583,
        "pass_ci95_pct": [
          46.96557458654941,
          51.62266718543571
        ],
        "pass_pct": 49.29258630447085,
        "runs": 1767
      },
      "mean_accepted_entries": 29.86361063950198,
      "mean_blocked_entries": 1.3491794001131863,
      "mean_ending_balance": 102121.19791730636,
      "mean_minimum_equity": 93980.3749817265,
      "mean_stop_events": 1.6989247311827957,
      "mean_trading_days": 9.584606677985287,
      "nominal_peak_risk_pct": 25.000000000000007,
      "nominal_risk_pct": 25.000000000000007,
      "open_risk_limit_ratio": 0.0,
      "peak_risk_multiplier": 25.0,
      "profit_risk_steps": [],
      "risk_multiplier": 25.0,
      "room_retention": 0.2,
      "scenario": "path_01_11095_gbpusd_down2",
      "start_windows": 1767
    },
    {
      "daily_stop": 4500.0,
      "elapsed_risk_steps": [
        {
          "elapsed_calendar_days": 15,
          "risk_multiplier": 30.0
        }
      ],
      "full_risk_room": 4000.0,
      "historical_rolling": {
        "daily_breach_pct": 25.353706847764574,
        "max_breach_pct": 16.52518392756084,
        "not_reached_pct": 9.847198641765704,
        "pass_ci95_pct": [
          45.95026114356643,
          50.605048780077254
        ],
        "pass_pct": 48.27391058290888,
        "runs": 1767
      },
      "mean_accepted_entries": 28.72043010752688,
      "mean_blocked_entries": 1.4199207696661007,
      "mean_ending_balance": 101854.48026789172,
      "mean_minimum_equity": 93938.16405051436,
      "mean_stop_events": 1.762308998302207,
      "mean_trading_days": 9.276174306734578,
      "nominal_peak_risk_pct": 30.000000000000007,
      "nominal_risk_pct": 25.000000000000007,
      "open_risk_limit_ratio": 0.0,
      "peak_risk_multiplier": 30.0,
      "profit_risk_steps": [],
      "risk_multiplier": 25.0,
      "room_retention": 0.2,
      "scenario": "path_01_11095_gbpusd_down2",
      "start_windows": 1767
    },
    {
      "daily_stop": 4500.0,
      "elapsed_risk_steps": [
        {
          "elapsed_calendar_days": 20,
          "risk_multiplier": 30.0
        }
      ],
      "full_risk_room": 4000.0,
      "historical_rolling": {
        "daily_breach_pct": 24.108658743633278,
        "max_breach_pct": 15.053763440860216,
        "not_reached_pct": 11.601584606677985,
        "pass_ci95_pct": [
          46.909142962008396,
          51.56615815173553
        ],
        "pass_pct": 49.23599320882852,
        "runs": 1767
      },
      "mean_accepted_entries": 29.40407470288625,
      "mean_blocked_entries": 1.4153933220147141,
      "mean_ending_balance": 102030.94686889854,
      "mean_minimum_equity": 93967.55016618744,
      "mean_stop_events": 1.756649688737974,
      "mean_trading_days": 9.47425014148274,
      "nominal_peak_risk_pct": 30.000000000000007,
      "nominal_risk_pct": 25.000000000000007,
      "open_risk_limit_ratio": 0.0,
      "peak_risk_multiplier": 30.0,
      "profit_risk_steps": [],
      "risk_multiplier": 25.0,
      "room_retention": 0.2,
      "scenario": "path_01_11095_gbpusd_down2",
      "start_windows": 1767
    },
    {
      "daily_stop": 4500.0,
      "elapsed_risk_steps": [
        {
          "elapsed_calendar_days": 20,
          "risk_multiplier": 35.0
        }
      ],
      "full_risk_room": 4000.0,
      "historical_rolling": {
        "daily_breach_pct": 24.3350311262026,
        "max_breach_pct": 18.166383701188455,
        "not_reached_pct": 8.149405772495756,
        "pass_ci95_pct": [
          47.02200918893678,
          51.67917324128953
        ],
        "pass_pct": 49.34917940011319,
        "runs": 1767
      },
      "mean_accepted_entries": 28.853989813242784,
      "mean_blocked_entries": 1.4131295981890208,
      "mean_ending_balance": 102025.94625836606,
      "mean_minimum_equity": 93956.463369441,
      "mean_stop_events": 1.7956989247311828,
      "mean_trading_days": 9.320316921335596,
      "nominal_peak_risk_pct": 35.00000000000001,
      "nominal_risk_pct": 25.000000000000007,
      "open_risk_limit_ratio": 0.0,
      "peak_risk_multiplier": 35.0,
      "profit_risk_steps": [],
      "risk_multiplier": 25.0,
      "room_retention": 0.2,
      "scenario": "path_01_11095_gbpusd_down2",
      "start_windows": 1767
    },
    {
      "daily_stop": 4500.0,
      "elapsed_risk_steps": [
        {
          "elapsed_calendar_days": 15,
          "risk_multiplier": 30.0
        },
        {
          "elapsed_calendar_days": 23,
          "risk_multiplier": 35.0
        }
      ],
      "full_risk_room": 4000.0,
      "historical_rolling": {
        "daily_breach_pct": 25.353706847764574,
        "max_breach_pct": 17.996604414261462,
        "not_reached_pct": 8.432371250707414,
        "pass_ci95_pct": [
          45.89388315674922,
          50.54848610865328
        ],
        "pass_pct": 48.217317487266556,
        "runs": 1767
      },
      "mean_accepted_entries": 28.564233163554047,
      "mean_blocked_entries": 1.4533106960950763,
      "mean_ending_balance": 101823.62821371052,
      "mean_minimum_equity": 93937.71752751457,
      "mean_stop_events": 1.8064516129032258,
      "mean_trading_days": 9.24731182795699,
      "nominal_peak_risk_pct": 35.00000000000001,
      "nominal_risk_pct": 25.000000000000007,
      "open_risk_limit_ratio": 0.0,
      "peak_risk_multiplier": 35.0,
      "profit_risk_steps": [],
      "risk_multiplier": 25.0,
      "room_retention": 0.2,
      "scenario": "path_01_11095_gbpusd_down2",
      "start_windows": 1767
    }
  ],
  "schema_version": 1,
  "start_windows": 1767,
  "status": "RESEARCH_ONLY",
  "timestamp_basis": "darwinex_broker_wall",
  "trade_paths": 4495
}
