{
  "basis": "fresh_start_entry_sized_m15_trade_cancellation_governor",
  "excluded_years": [
    2017,
    2020,
    2024,
    2025
  ],
  "fill_contract": "adverse_bar",
  "horizon_calendar_days": 30,
  "manifest": "artifacts\\ftmo_joint_twelve_sleeve_11095_down2_10692_tca_manifest_2026-07-12.json",
  "results": [
    {
      "daily_stop": 4500.0,
      "full_risk_room": 4000.0,
      "historical_rolling": {
        "daily_breach_pct": 23.316355404640635,
        "max_breach_pct": 13.46915676287493,
        "not_reached_pct": 13.921901528013583,
        "pass_ci95_pct": [
          46.96557458654941,
          51.62266718543571
        ],
        "pass_pct": 49.29258630447085,
        "runs": 1767
      },
      "mean_accepted_entries": 29.86361063950198,
      "mean_blocked_entries": 1.5183927560837578,
      "mean_ending_balance": 102121.19791730636,
      "mean_minimum_equity": 93980.3749817265,
      "mean_stop_events": 1.6989247311827957,
      "mean_trading_days": 9.584606677985287,
      "nominal_peak_risk_pct": 25.000000000000007,
      "nominal_risk_pct": 25.000000000000007,
      "peak_risk_multiplier": 25.0,
      "profit_risk_steps": [],
      "risk_multiplier": 25.0,
      "room_retention": 0.2,
      "scenario": "path_01_11095_down2_control",
      "start_windows": 1767
    },
    {
      "daily_stop": 4500.0,
      "full_risk_room": 4000.0,
      "historical_rolling": {
        "daily_breach_pct": 23.542727787209962,
        "max_breach_pct": 14.544425580079231,
        "not_reached_pct": 12.903225806451612,
        "pass_ci95_pct": [
          46.683446245449396,
          51.340092235329784
        ],
        "pass_pct": 49.0096208262592,
        "runs": 1767
      },
      "mean_accepted_entries": 31.02207130730051,
      "mean_blocked_entries": 1.4267119411431806,
      "mean_ending_balance": 102111.26780751263,
      "mean_minimum_equity": 93989.01684040172,
      "mean_stop_events": 1.6451612903225807,
      "mean_trading_days": 9.499151103565366,
      "nominal_peak_risk_pct": 25.0,
      "nominal_risk_pct": 25.0,
      "peak_risk_multiplier": 25.0,
      "profit_risk_steps": [],
      "risk_multiplier": 25.0,
      "room_retention": 0.2,
      "scenario": "path_01_plus_10692_tca_00p5",
      "start_windows": 1767
    },
    {
      "daily_stop": 4500.0,
      "full_risk_room": 4000.0,
      "historical_rolling": {
        "daily_breach_pct": 22.86361063950198,
        "max_breach_pct": 13.978494623655912,
        "not_reached_pct": 14.091680814940577,
        "pass_ci95_pct": [
          46.73986595700564,
          51.39661318201472
        ],
        "pass_pct": 49.06621392190153,
        "runs": 1767
      },
      "mean_accepted_entries": 31.63667232597623,
      "mean_blocked_entries": 1.4663271080928126,
      "mean_ending_balance": 102124.34274635058,
      "mean_minimum_equity": 93974.16083709252,
      "mean_stop_events": 1.696095076400679,
      "mean_trading_days": 9.683078664402943,
      "nominal_peak_risk_pct": 25.0,
      "nominal_risk_pct": 25.0,
      "peak_risk_multiplier": 25.0,
      "profit_risk_steps": [],
      "risk_multiplier": 25.0,
      "room_retention": 0.2,
      "scenario": "path_01_plus_10692_tca_01",
      "start_windows": 1767
    },
    {
      "daily_stop": 4500.0,
      "full_risk_room": 4000.0,
      "historical_rolling": {
        "daily_breach_pct": 21.675155631013016,
        "max_breach_pct": 15.110356536502549,
        "not_reached_pct": 14.148273910582908,
        "pass_ci95_pct": [
          46.73986595700564,
          51.39661318201472
        ],
        "pass_pct": 49.06621392190153,
        "runs": 1767
      },
      "mean_accepted_entries": 32.230899830220714,
      "mean_blocked_entries": 1.4821731748726656,
      "mean_ending_balance": 102068.50527975093,
      "mean_minimum_equity": 93914.44523820018,
      "mean_stop_events": 1.7447651386530842,
      "mean_trading_days": 9.856253537068477,
      "nominal_peak_risk_pct": 24.999999999999996,
      "nominal_risk_pct": 24.999999999999996,
      "peak_risk_multiplier": 25.0,
      "profit_risk_steps": [],
      "risk_multiplier": 25.0,
      "room_retention": 0.2,
      "scenario": "path_01_plus_10692_tca_02",
      "start_windows": 1767
    },
    {
      "daily_stop": 4500.0,
      "full_risk_room": 4000.0,
      "historical_rolling": {
        "daily_breach_pct": 21.279003961516697,
        "max_breach_pct": 14.827391058290889,
        "not_reached_pct": 14.261460101867574,
        "pass_ci95_pct": [
          47.30422686417179,
          51.961658857260495
        ],
        "pass_pct": 49.632144878324844,
        "runs": 1767
      },
      "mean_accepted_entries": 32.56932654216185,
      "mean_blocked_entries": 1.4934917940011319,
      "mean_ending_balance": 102142.44957605161,
      "mean_minimum_equity": 93945.00999126413,
      "mean_stop_events": 1.7357102433503113,
      "mean_trading_days": 9.942840973401244,
      "nominal_peak_risk_pct": 25.0,
      "nominal_risk_pct": 25.0,
      "peak_risk_multiplier": 25.0,
      "profit_risk_steps": [],
      "risk_multiplier": 25.0,
      "room_retention": 0.2,
      "scenario": "path_01_plus_10692_tca_03",
      "start_windows": 1767
    },
    {
      "daily_stop": 4500.0,
      "full_risk_room": 4000.0,
      "historical_rolling": {
        "daily_breach_pct": 21.78834182229768,
        "max_breach_pct": 14.487832484436899,
        "not_reached_pct": 14.714204867006226,
        "pass_ci95_pct": [
          46.683446245449396,
          51.340092235329784
        ],
        "pass_pct": 49.0096208262592,
        "runs": 1767
      },
      "mean_accepted_entries": 32.39332201471421,
      "mean_blocked_entries": 1.4550084889643464,
      "mean_ending_balance": 101902.53556450523,
      "mean_minimum_equity": 93967.62201756204,
      "mean_stop_events": 1.6949632144878324,
      "mean_trading_days": 9.86530843237125,
      "nominal_peak_risk_pct": 24.999999999999993,
      "nominal_risk_pct": 24.999999999999993,
      "peak_risk_multiplier": 25.0,
      "profit_risk_steps": [],
      "risk_multiplier": 25.0,
      "room_retention": 0.2,
      "scenario": "path_01_plus_10692_tca_05",
      "start_windows": 1767
    },
    {
      "daily_stop": 4500.0,
      "full_risk_room": 4000.0,
      "historical_rolling": {
        "daily_breach_pct": 24.674589700056593,
        "max_breach_pct": 13.638936049801925,
        "not_reached_pct": 15.166949632144878,
        "pass_ci95_pct": [
          44.2039324857513,
          48.85021703241547
        ],
        "pass_pct": 46.5195246179966,
        "runs": 1767
      },
      "mean_accepted_entries": 32.0679117147708,
      "mean_blocked_entries": 1.2546689303904923,
      "mean_ending_balance": 101651.78007823006,
      "mean_minimum_equity": 94037.63669375761,
      "mean_stop_events": 1.658177702320317,
      "mean_trading_days": 9.704018109790606,
      "nominal_peak_risk_pct": 24.999999999999996,
      "nominal_risk_pct": 24.999999999999996,
      "peak_risk_multiplier": 25.0,
      "profit_risk_steps": [],
      "risk_multiplier": 25.0,
      "room_retention": 0.2,
      "scenario": "path_01_plus_10692_tca_08",
      "start_windows": 1767
    },
    {
      "daily_stop": 4500.0,
      "full_risk_room": 4000.0,
      "historical_rolling": {
        "daily_breach_pct": 22.184493491794,
        "max_breach_pct": 15.563101301641199,
        "not_reached_pct": 13.921901528013583,
        "pass_ci95_pct": [
          46.00664211265592,
          50.661608469228966
        ],
        "pass_pct": 48.33050367855122,
        "runs": 1767
      },
      "mean_accepted_entries": 32.20260328239955,
      "mean_blocked_entries": 1.202037351443124,
      "mean_ending_balance": 101810.98425778553,
      "mean_minimum_equity": 93973.15025444525,
      "mean_stop_events": 1.6383701188455009,
      "mean_trading_days": 9.728353140916807,
      "nominal_peak_risk_pct": 24.999999999999996,
      "nominal_risk_pct": 24.999999999999996,