{
  "basis": "fresh_start_entry_sized_m15_trade_cancellation_governor",
  "excluded_years": [
    2017,
    2018,
    2019,
    2020,
    2021,
    2022,
    2023
  ],
  "fill_contract": "adverse_bar",
  "horizon_calendar_days": 30,
  "manifest": "artifacts\\ftmo_joint_nine_sleeve_10375_manifest_2026-07-12.json",
  "results": [
    {
      "daily_stop": 4500.0,
      "full_risk_room": 4000.0,
      "historical_rolling": {
        "daily_breach_pct": 24.10841654778887,
        "max_breach_pct": 9.12981455064194,
        "not_reached_pct": 17.546362339514978,
        "pass_ci95_pct": [
          45.528893908602754,
          52.91047144620984
        ],
        "pass_pct": 49.21540656205421,
        "runs": 701
      },
      "mean_accepted_entries": 16.78031383737518,
      "mean_blocked_entries": 1.4579172610556348,
      "mean_ending_balance": 103132.83531789875,
      "mean_minimum_equity": 94216.05334094372,
      "mean_stop_events": 1.3523537803138375,
      "mean_trading_days": 8.847360912981456,
      "nominal_risk_pct": 25.0,
      "risk_multiplier": 25.0,
      "room_retention": 0.2,
      "scenario": "anchor_eight_control",
      "start_windows": 701
    },
    {
      "daily_stop": 4500.0,
      "full_risk_room": 4000.0,
      "historical_rolling": {
        "daily_breach_pct": 19.258202567760343,
        "max_breach_pct": 12.125534950071327,
        "not_reached_pct": 15.977175463623395,
        "pass_ci95_pct": [
          48.938580206239216,
          56.31082723666384
        ],
        "pass_pct": 52.63908701854494,
        "runs": 701
      },
      "mean_accepted_entries": 24.258202567760343,
      "mean_blocked_entries": 1.1283880171184022,
      "mean_ending_balance": 103127.80062848181,
      "mean_minimum_equity": 94122.08989961447,
      "mean_stop_events": 1.5848787446504993,
      "mean_trading_days": 9.813124108416547,
      "nominal_risk_pct": 25.0,
      "risk_multiplier": 25.0,
      "room_retention": 0.2,
      "scenario": "anchor_plus_10375_10",
      "start_windows": 701
    }
  ],
  "schema_version": 1,
  "start_windows": 701,
  "status": "RESEARCH_ONLY",
  "timestamp_basis": "darwinex_broker_wall",
  "trade_paths": 1364
}
