{
  "basis": "fresh_start_entry_sized_m15_trade_cancellation_governor",
  "excluded_years": [
    2017,
    2020,
    2024,
    2025
  ],
  "fill_contract": "ideal_threshold_inside_m15_bar",
  "horizon_calendar_days": 30,
  "manifest": "artifacts\\ftmo_joint_eleven_sleeve_10375_11708_10163_manifest_2026-07-12.json",
  "results": [
    {
      "daily_stop": 4500.0,
      "full_risk_room": 4000.0,
      "historical_rolling": {
        "daily_breach_pct": 0.0,
        "max_breach_pct": 0.0,
        "not_reached_pct": 48.95302773061687,
        "pass_ci95_pct": [
          48.716431690058414,
          53.372970487403634
        ],
        "pass_pct": 51.04697226938314,
        "runs": 1767
      },
      "mean_accepted_entries": 37.14487832484437,
      "mean_blocked_entries": 2.817770232031692,
      "mean_ending_balance": 101840.58542434961,
      "mean_minimum_equity": 93170.14110733841,
      "mean_stop_events": 2.4125636672325976,
      "mean_trading_days": 15.073005093378608,
      "nominal_risk_pct": 25.0,
      "risk_multiplier": 25.0,
      "room_retention": 0.2,
      "scenario": "best_ten_control",
      "start_windows": 1767
    },
    {
      "daily_stop": 4500.0,
      "full_risk_room": 4000.0,
      "historical_rolling": {
        "daily_breach_pct": 0.0,
        "max_breach_pct": 0.0,
        "not_reached_pct": 49.122807017543856,
        "pass_ci95_pct": [
          48.546868849809314,
          53.20371135292914
        ],
        "pass_pct": 50.877192982456144,
        "runs": 1767
      },
      "mean_accepted_entries": 42.65874363327674,
      "mean_blocked_entries": 2.8732314657611773,
      "mean_ending_balance": 101889.01145387006,
      "mean_minimum_equity": 93208.94216256659,
      "mean_stop_events": 2.3231465761177135,
      "mean_trading_days": 15.15506508205999,
      "nominal_risk_pct": 25.0,
      "risk_multiplier": 25.0,
      "room_retention": 0.2,
      "scenario": "anchor_plus_10163_01",
      "start_windows": 1767
    },
    {
      "daily_stop": 4500.0,
      "full_risk_room": 4000.0,
      "historical_rolling": {
        "daily_breach_pct": 0.0,
        "max_breach_pct": 0.0,
        "not_reached_pct": 49.06621392190153,
        "pass_ci95_pct": [
          48.60338681798528,
          53.260134042994366
        ],
        "pass_pct": 50.93378607809848,
        "runs": 1767
      },
      "mean_accepted_entries": 42.83361629881154,
      "mean_blocked_entries": 2.7521222410865875,
      "mean_ending_balance": 101928.09046790213,
      "mean_minimum_equity": 93243.27774619484,
      "mean_stop_events": 2.2688172043010755,
      "mean_trading_days": 15.184493491794,
      "nominal_risk_pct": 24.999999999999996,
      "risk_multiplier": 25.0,
      "room_retention": 0.2,
      "scenario": "anchor_plus_10163_02",
      "start_windows": 1767
    },
    {
      "daily_stop": 4500.0,
      "full_risk_room": 4000.0,
      "historical_rolling": {
        "daily_breach_pct": 0.0,
        "max_breach_pct": 0.0,
        "not_reached_pct": 49.46236559139785,
        "pass_ci95_pct": [
          48.20782358000507,
          52.865112673286255
        ],
        "pass_pct": 50.53763440860215,
        "runs": 1767
      },
      "mean_accepted_entries": 42.95472552348613,
      "mean_blocked_entries": 2.8109790605546126,
      "mean_ending_balance": 101911.31701439043,
      "mean_minimum_equity": 93276.25885203689,
      "mean_stop_events": 2.2337294850028298,
      "mean_trading_days": 15.22184493491794,
      "nominal_risk_pct": 25.0,
      "risk_multiplier": 25.0,
      "room_retention": 0.2,
      "scenario": "anchor_plus_10163_03",
      "start_windows": 1767
    },
    {
      "daily_stop": 4500.0,
      "full_risk_room": 4000.0,
      "historical_rolling": {
        "daily_breach_pct": 0.0,
        "max_breach_pct": 0.0,
        "not_reached_pct": 49.17940011318619,
        "pass_ci95_pct": [
          48.4903538599595,
          53.14728568453777
        ],
        "pass_pct": 50.82059988681381,
        "runs": 1767
      },
      "mean_accepted_entries": 43.12224108658744,
      "mean_blocked_entries": 2.5817770232031694,
      "mean_ending_balance": 102013.55645313878,
      "mean_minimum_equity": 93334.51746819163,
      "mean_stop_events": 2.139219015280136,
      "mean_trading_days": 15.25410299943407,
      "nominal_risk_pct": 24.999999999999996,
      "risk_multiplier": 25.0,
      "room_retention": 0.2,
      "scenario": "anchor_plus_10163_05",
      "start_windows": 1767
    },
    {
      "daily_stop": 4500.0,
      "full_risk_room": 4000.0,
      "historical_rolling": {
        "daily_breach_pct": 0.0,
        "max_breach_pct": 0.0,
        "not_reached_pct": 49.9151103565365,
        "pass_ci95_pct": [
          47.75592995722465,
          52.413481030137135
        ],
        "pass_pct": 50.08488964346349,
        "runs": 1767
      },
      "mean_accepted_entries": 43.565930956423315,
      "mean_blocked_entries": 2.463497453310696,
      "mean_ending_balance": 102010.39186542894,
      "mean_minimum_equity": 93367.05082879042,
      "mean_stop_events": 2.0192416525183927,
      "mean_trading_days": 15.383701188455008,
      "nominal_risk_pct": 25.000000000000004,
      "risk_multiplier": 25.0,
      "room_retention": 0.2,
      "scenario": "anchor_plus_10163_08",
      "start_windows": 1767
    },
    {
      "daily_stop": 4500.0,
      "full_risk_room": 4000.0,
      "historical_rolling": {
        "daily_breach_pct": 0.0,
        "max_breach_pct": 0.0,
        "not_reached_pct": 50.19807583474816,
        "pass_ci95_pct": [
          47.47359319645694,
          52.131114499698896
        ],
        "pass_pct": 49.80192416525184,
        "runs": 1767
      },
      "mean_accepted_entries": 43.92925863044709,
      "mean_blocked_entries": 2.4946236559139785,
      "mean_ending_balance": 102015.44673735685,
      "mean_minimum_equity": 93416.1454501333,
      "mean_stop_events": 1.9207696661007356,
      "mean_trading_days": 15.470288624787775,
      "nominal_risk_pct": 25.000000000000004,
      "risk_multiplier": 25.0,
      "room_retention": 0.2,
      "scenario": "anchor_plus_10163_10",
      "start_windows": 1767
    },
    {
      "daily_stop": 4500.0,
      "full_risk_room": 4000.0,
      "historical_rolling": {
        "daily_breach_pct": 0.0,
        "max_breach_pct": 0.0,
        "not_reached_pct": 50.76400679117148,
        "pass_ci95_pct": [
          46.909142962008396,
          51.56615815173553
        ],
        "pass_pct": 49.23599320882852,
        "runs": 1767
      },
      "mean_accepted_entries": 44.90265987549519,
      "mean_blocked_entries": 2.2393887945670627,
      "mean_ending_balance": 102111.17618969065,
      "mean_minimum_equity": 93530.58913161277,
      "mean_stop_events": 1.6864742501414827,
      "mean_trading_days": 15.686474250141483,
      "nominal_risk_pct": 25.0,
      "risk_multiplier": 25.0,
      "room_retention": 0.2,
      "scenario": "anchor_plus_10163_15",
      "start_windows": 1767
    },
    {
      "daily_stop": 4500.0,
      "full_risk_room": 4000.0,
      "historical_rolling": {
        "daily_breach_pct": 0.0,
        "max_breach_pct": 0.0,
        "not_reached_pct": 50.70741369552915,
        "pass_ci95_pct": [
          46.96557458654941,
          51.62266718543571
        ],
        "pass_pct": 49.29258630447085,
        "runs": 1767
      },
      "mean_accepted_entries": 45.65930956423316,
      "mean_blocked_entries": 1.9637804187889079,
      "mean_ending_balance": 102106.23378821052,
      "mean_minimum_equity": 93680.87853771546,
      "mean_stop_events": 1.4267119411431806,
      "mean_trading_days": 15.864742501414828,
      "nominal_risk_pct": 25.000000000000004,
      "risk_multiplier": 25.0,
      "room_retention": 0.2,
      "scenario": "anchor_plus_10163_20",
      "start_windows": 1767
    }
  ],
  "schema_version": 1,
  "start_windows": 1767,
  "status": "RESEARCH_ONLY",
  "timestamp_basis": "darwinex_broker_wall",