{
  "basis": "fresh_start_entry_sized_m15_trade_cancellation_governor",
  "excluded_years": [
    2017,
    2018,
    2019,
    2020,
    2021,
    2022,
    2024,
    2025,
    2026
  ],
  "fill_contract": "adverse_bar",
  "horizon_calendar_days": 30,
  "manifest": "artifacts\\ftmo_joint_twelve_sleeve_11095_down2_10476_usdcad_manifest_2026-07-12.json",
  "results": [
    {
      "cluster_open_risk_limit_ratio": 0.0,
      "daily_stop": 4500.0,
      "elapsed_risk_steps": [],
      "full_risk_room": 4000.0,
      "historical_rolling": {
        "daily_breach_pct": 33.035714285714285,
        "max_breach_pct": 17.261904761904763,
        "not_reached_pct": 12.797619047619047,
        "pass_ci95_pct": [
          31.92027277960414,
          42.185299770203486
        ],
        "pass_pct": 36.904761904761905,
        "runs": 336
      },
      "mean_accepted_entries": 29.071428571428573,
      "mean_blocked_entries": 1.6696428571428572,
      "mean_ending_balance": 99481.13300338697,
      "mean_minimum_equity": 93152.29003255974,
      "mean_stop_events": 2.056547619047619,
      "mean_trading_days": 9.095238095238095,
      "nominal_peak_risk_pct": 25.000000000000007,
      "nominal_risk_pct": 25.000000000000007,
      "open_risk_limit_ratio": 0.0,
      "peak_risk_multiplier": 25.0,
      "profit_risk_steps": [],
      "risk_cluster_by_symbol": {},
      "risk_multiplier": 25.0,
      "room_retention": 0.2,
      "scenario": "path_01_control",
      "start_windows": 336,
      "symbol_open_risk_limit_ratio": 0.0
    },
    {
      "cluster_open_risk_limit_ratio": 0.0,
      "daily_stop": 4500.0,
      "elapsed_risk_steps": [],
      "full_risk_room": 4000.0,
      "historical_rolling": {
        "daily_breach_pct": 44.345238095238095,
        "max_breach_pct": 14.583333333333334,
        "not_reached_pct": 9.523809523809524,
        "pass_ci95_pct": [
          26.811109394433235,
          36.70128828938661
        ],
        "pass_pct": 31.547619047619047,
        "runs": 336
      },
      "mean_accepted_entries": 26.273809523809526,
      "mean_blocked_entries": 0.7708333333333334,
      "mean_ending_balance": 99245.62631338973,
      "mean_minimum_equity": 93713.03159872175,
      "mean_stop_events": 1.5892857142857142,
      "mean_trading_days": 7.839285714285714,
      "nominal_peak_risk_pct": 24.999999999999993,
      "nominal_risk_pct": 24.999999999999993,
      "open_risk_limit_ratio": 0.0,
      "peak_risk_multiplier": 25.0,
      "profit_risk_steps": [],
      "risk_cluster_by_symbol": {},
      "risk_multiplier": 25.0,
      "room_retention": 0.2,
      "scenario": "path_01_plus_10476_usdcad_05",
      "start_windows": 336,
      "symbol_open_risk_limit_ratio": 0.0
    }
  ],
  "schema_version": 1,
  "start_windows": 336,
  "status": "RESEARCH_ONLY",
  "timestamp_basis": "darwinex_broker_wall",
  "trade_paths": 952
}
