{
  "basis": "fresh_start_entry_sized_m15_trade_cancellation_governor",
  "excluded_years": [
    2017,
    2020,
    2024,
    2025
  ],
  "fill_contract": "adverse_bar",
  "horizon_calendar_days": 30,
  "manifest": "artifacts\\ftmo_joint_ten_sleeve_weight_sensitivity_manifest_2026-07-12.json",
  "results": [
    {
      "daily_stop": 4500.0,
      "full_risk_room": 4000.0,
      "historical_rolling": {
        "daily_breach_pct": 22.976796830786643,
        "max_breach_pct": 10.299943406904358,
        "not_reached_pct": 20.882852292020374,
        "pass_ci95_pct": [
          43.528706977853375,
          48.1701546414191
        ],
        "pass_pct": 45.840407470288625,
        "runs": 1767
      },
      "mean_accepted_entries": 27.45048104131296,
      "mean_blocked_entries": 1.2518392756083758,
      "mean_ending_balance": 101477.02690528177,
      "mean_minimum_equity": 93837.73345086713,
      "mean_stop_events": 1.7057159026598756,
      "mean_trading_days": 11.21505376344086,
      "nominal_risk_pct": 25.0,
      "risk_multiplier": 25.0,
      "room_retention": 0.2,
      "scenario": "best_ten_control",
      "start_windows": 1767
    },
    {
      "daily_stop": 4500.0,
      "full_risk_room": 4000.0,
      "historical_rolling": {
        "daily_breach_pct": 24.448217317487266,
        "max_breach_pct": 9.847198641765704,
        "not_reached_pct": 25.410299943406905,
        "pass_ci95_pct": [
          38.030758551649136,
          42.59991855998663
        ],
        "pass_pct": 40.294284097340125,
        "runs": 1767
      },
      "mean_accepted_entries": 27.31748726655348,
      "mean_blocked_entries": 0.6768534238822863,
      "mean_ending_balance": 100689.76838874634,
      "mean_minimum_equity": 94009.33699467283,
      "mean_stop_events": 1.3746462931522354,
      "mean_trading_days": 12.02037351443124,
      "nominal_risk_pct": 25.0,
      "risk_multiplier": 25.0,
      "room_retention": 0.2,
      "scenario": "drop_10440",
      "start_windows": 1767
    },
    {
      "daily_stop": 4500.0,
      "full_risk_room": 4000.0,
      "historical_rolling": {
        "daily_breach_pct": 32.597623089983024,
        "max_breach_pct": 14.827391058290889,
        "not_reached_pct": 12.959818902093945,
        "pass_ci95_pct": [
          37.35958735719058,
          41.915801855550896
        ],
        "pass_pct": 39.61516694963215,
        "runs": 1767
      },
      "mean_accepted_entries": 20.492925863044707,
      "mean_blocked_entries": 1.1205432937181663,
      "mean_ending_balance": 100675.49919646744,
      "mean_minimum_equity": 93801.73805466892,
      "mean_stop_events": 1.7345783814374647,
      "mean_trading_days": 9.032823995472553,
      "nominal_risk_pct": 25.0,
      "risk_multiplier": 25.0,
      "room_retention": 0.2,
      "scenario": "drop_12969",
      "start_windows": 1767
    },
    {
      "daily_stop": 4500.0,
      "full_risk_room": 4000.0,
      "historical_rolling": {
        "daily_breach_pct": 30.673457838143747,
        "max_breach_pct": 16.185625353706847,
        "not_reached_pct": 14.204867006225241,
        "pass_ci95_pct": [
          36.68887411726157,
          41.23122719658562
        ],
        "pass_pct": 38.93604980192416,
        "runs": 1767
      },
      "mean_accepted_entries": 21.8981324278438,
      "mean_blocked_entries": 1.1205432937181663,
      "mean_ending_balance": 100608.9377176371,
      "mean_minimum_equity": 93805.88798229533,
      "mean_stop_events": 1.7221279003961516,
      "mean_trading_days": 9.293152235427279,
      "nominal_risk_pct": 25.0,
      "risk_multiplier": 25.0,
      "room_retention": 0.2,
      "scenario": "drop_12990",
      "start_windows": 1767
    },
    {
      "daily_stop": 4500.0,
      "full_risk_room": 4000.0,
      "historical_rolling": {
        "daily_breach_pct": 35.653650254668925,
        "max_breach_pct": 16.072439162422185,
        "not_reached_pct": 10.299943406904358,
        "pass_ci95_pct": [
          35.73948922480613,
          40.2606208989408
        ],
        "pass_pct": 37.97396717600453,
        "runs": 1767
      },
      "mean_accepted_entries": 19.87719298245614,
      "mean_blocked_entries": 1.1850594227504245,
      "mean_ending_balance": 100459.81808763932,
      "mean_minimum_equity": 93915.10899064054,
      "mean_stop_events": 1.7917374080362196,
      "mean_trading_days": 8.46236559139785,
      "nominal_risk_pct": 25.000000000000004,
      "risk_multiplier": 25.0,
      "room_retention": 0.2,
      "scenario": "drop_10377",
      "start_windows": 1767
    },
    {
      "daily_stop": 4500.0,
      "full_risk_room": 4000.0,
      "historical_rolling": {
        "daily_breach_pct": 23.372948500282966,
        "max_breach_pct": 14.88398415393322,
        "not_reached_pct": 17.543859649122805,
        "pass_ci95_pct": [
          41.89870355026185,
          46.52487898001609
        ],
        "pass_pct": 44.199207696661006,
        "runs": 1767
      },
      "mean_accepted_entries": 22.28353140916808,
      "mean_blocked_entries": 1.1069609507640068,
      "mean_ending_balance": 101411.10380231994,
      "mean_minimum_equity": 93982.47222324187,
      "mean_stop_events": 1.5580079230333899,
      "mean_trading_days": 9.874363327674024,
      "nominal_risk_pct": 24.999999999999996,
      "risk_multiplier": 25.0,
      "room_retention": 0.2,
      "scenario": "drop_10558",
      "start_windows": 1767
    },
    {
      "daily_stop": 4500.0,
      "full_risk_room": 4000.0,
      "historical_rolling": {
        "daily_breach_pct": 22.75042444821732,
        "max_breach_pct": 15.676287492925864,
        "not_reached_pct": 17.034521788341824,
        "pass_ci95_pct": [
          42.23573691923868,
          46.8654895604864
        ],
        "pass_pct": 44.538766270515,
        "runs": 1767
      },
      "mean_accepted_entries": 22.997736276174308,
      "mean_blocked_entries": 1.0888511601584607,
      "mean_ending_balance": 101113.33666239535,
      "mean_minimum_equity": 93833.49581519504,
      "mean_stop_events": 1.7091114883984153,
      "mean_trading_days": 10.29881154499151,
      "nominal_risk_pct": 25.000000000000004,
      "risk_multiplier": 25.0,
      "room_retention": 0.2,
      "scenario": "drop_11095",
      "start_windows": 1767
    },
    {
      "daily_stop": 4500.0,
      "full_risk_room": 4000.0,
      "historical_rolling": {
        "daily_breach_pct": 24.674589700056593,
        "max_breach_pct": 13.129598189020939,
        "not_reached_pct": 18.7889077532541,
        "pass_ci95_pct": [
          41.112718142620075,
          45.72969517228119
        ],
        "pass_pct": 43.40690435766837,
        "runs": 1767
      },
      "mean_accepted_entries": 18.945104697226938,
      "mean_blocked_entries": 1.1686474250141483,
      "mean_ending_balance": 101143.74479852975,
      "mean_minimum_equity": 93881.25473401681,
      "mean_stop_events": 1.7470288624787775,
      "mean_trading_days": 9.857951329937748,
      "nominal_risk_pct": 25.0,
      "risk_multiplier": 25.0,
      "room_retention": 0.2,
      "scenario": "drop_10715",
      "start_windows": 1767
    },
    {
      "daily_stop": 4500.0,
      "full_risk_room": 4000.0,
      "historical_rolling": {
        "daily_breach_pct": 27.39105829088851,
        "max_breach_pct": 13.412563667232597,
        "not_reached_pct": 19.807583474816074,
        "pass_ci95_pct": [
          37.13596519245517,
          41.68766138732154
        ],
        "pass_pct": 39.38879456706282,
        "runs": 1767
      },
      "mean_accepted_entries": 23.019807583474815,
      "mean_blocked_entries": 1.0741369552914544,
      "mean_ending_balance": 100565.77021129047,
      "mean_minimum_equity": 93807.34784921605,
      "mean_stop_events": 1.6989247311827957,
      "mean_trading_days": 10.257498585172609,
      "nominal_risk_pct": 25.0,
      "risk_multiplier": 25.0,
      "room_retention": 0.2,
      "scenario": "drop_10286",