{
  "basis": "fresh_start_entry_sized_m15_trade_cancellation_governor",
  "excluded_years": [
    2017,
    2020,
    2024,
    2025
  ],
  "fill_contract": "ideal_threshold_inside_m15_bar",
  "horizon_calendar_days": 30,
  "manifest": "artifacts\\ftmo_joint_nine_sleeve_10375_manifest_2026-07-12.json",
  "results": [
    {
      "daily_stop": 4500.0,
      "full_risk_room": 4000.0,
      "historical_rolling": {
        "daily_breach_pct": 0.0,
        "max_breach_pct": 0.0,
        "not_reached_pct": 49.57555178268252,
        "pass_ci95_pct": [
          48.09483231118892,
          52.75222262562001
        ],
        "pass_pct": 50.42444821731748,
        "runs": 1767
      },
      "mean_accepted_entries": 35.92642897566497,
      "mean_blocked_entries": 2.6644029428409732,
      "mean_ending_balance": 101780.63357800977,
      "mean_minimum_equity": 93143.9198845681,
      "mean_stop_events": 2.371816638370119,
      "mean_trading_days": 14.989247311827956,
      "nominal_risk_pct": 25.0,
      "risk_multiplier": 25.0,
      "room_retention": 0.2,
      "scenario": "anchor_plus_10375_09",
      "start_windows": 1767
    },
    {
      "daily_stop": 4500.0,
      "full_risk_room": 4000.0,
      "historical_rolling": {
        "daily_breach_pct": 0.0,
        "max_breach_pct": 0.0,
        "not_reached_pct": 49.85851726089417,
        "pass_ci95_pct": [
          47.81240624026793,
          52.46994540533504
        ],
        "pass_pct": 50.141482739105825,
        "runs": 1767
      },
      "mean_accepted_entries": 35.7475947934352,
      "mean_blocked_entries": 2.730050933786078,
      "mean_ending_balance": 101638.58705614672,
      "mean_minimum_equity": 93076.85048303062,
      "mean_stop_events": 2.5897000565930957,
      "mean_trading_days": 14.871533672891907,
      "nominal_risk_pct": 25.0,
      "risk_multiplier": 25.0,
      "room_retention": 0.2,
      "scenario": "anchor_plus_10375_11",
      "start_windows": 1767
    },
    {
      "daily_stop": 4500.0,
      "full_risk_room": 4000.0,
      "historical_rolling": {
        "daily_breach_pct": 0.0,
        "max_breach_pct": 0.0,
        "not_reached_pct": 49.85851726089417,
        "pass_ci95_pct": [
          47.81240624026793,
          52.46994540533504
        ],
        "pass_pct": 50.141482739105825,
        "runs": 1767
      },
      "mean_accepted_entries": 35.560837577815505,
      "mean_blocked_entries": 2.714204867006225,
      "mean_ending_balance": 101589.71135989996,
      "mean_minimum_equity": 93098.37384366393,
      "mean_stop_events": 2.6842105263157894,
      "mean_trading_days": 14.818902093944539,
      "nominal_risk_pct": 25.0,
      "risk_multiplier": 25.0,
      "room_retention": 0.2,
      "scenario": "anchor_plus_10375_12",
      "start_windows": 1767
    },
    {
      "daily_stop": 4500.0,
      "full_risk_room": 4000.0,
      "historical_rolling": {
        "daily_breach_pct": 0.0,
        "max_breach_pct": 0.0,
        "not_reached_pct": 49.0096208262592,
        "pass_ci95_pct": [
          48.65990776467023,
          53.31655375455061
        ],
        "pass_pct": 50.990379173740806,
        "runs": 1767
      },
      "mean_accepted_entries": 34.73684210526316,
      "mean_blocked_entries": 3.0509337860780983,
      "mean_ending_balance": 101646.0644600996,
      "mean_minimum_equity": 93126.3471421635,
      "mean_stop_events": 2.870967741935484,
      "mean_trading_days": 14.511601584606678,
      "nominal_risk_pct": 25.0,
      "risk_multiplier": 25.0,
      "room_retention": 0.2,
      "scenario": "anchor_plus_10375_13",
      "start_windows": 1767
    },
    {
      "daily_stop": 4500.0,
      "full_risk_room": 4000.0,
      "historical_rolling": {
        "daily_breach_pct": 0.0,
        "max_breach_pct": 0.0,
        "not_reached_pct": 48.44368986983588,
        "pass_ci95_pct": [
          49.22528109792199,
          53.880587003710744
        ],
        "pass_pct": 51.55631013016412,
        "runs": 1767
      },
      "mean_accepted_entries": 34.70911148839841,
      "mean_blocked_entries": 2.8936049801924164,
      "mean_ending_balance": 101615.94454815034,
      "mean_minimum_equity": 93147.46880193078,
      "mean_stop_events": 2.9490662139219017,
      "mean_trading_days": 14.459535936615733,
      "nominal_risk_pct": 25.000000000000004,
      "risk_multiplier": 25.0,
      "room_retention": 0.2,
      "scenario": "anchor_plus_10375_14",
      "start_windows": 1767
    }
  ],
  "schema_version": 1,
  "start_windows": 1767,
  "status": "RESEARCH_ONLY",
  "timestamp_basis": "darwinex_broker_wall",
  "trade_paths": 3361
}
