{
  "basis": "fresh_start_entry_sized_m15_trade_cancellation_governor",
  "excluded_years": [
    2017,
    2020,
    2024,
    2025
  ],
  "fill_contract": "ideal_threshold_inside_m15_bar",
  "horizon_calendar_days": 30,
  "manifest": "artifacts\\ftmo_joint_twelve_sleeve_11095_down2_12971_manifest_2026-07-12.json",
  "results": [
    {
      "daily_stop": 4500.0,
      "full_risk_room": 4000.0,
      "historical_rolling": {
        "daily_breach_pct": 0.0,
        "max_breach_pct": 0.0,
        "not_reached_pct": 43.2937181663837,
        "pass_ci95_pct": [
          54.3839513268506,
          58.99951667473052
        ],
        "pass_pct": 56.7062818336163,
        "runs": 1767
      },
      "mean_accepted_entries": 42.879456706281836,
      "mean_blocked_entries": 3.9937747594793436,
      "mean_ending_balance": 102567.74449308756,
      "mean_minimum_equity": 93169.91322255484,
      "mean_stop_events": 2.6751556310130162,
      "mean_trading_days": 13.65365025466893,
      "nominal_peak_risk_pct": 25.000000000000007,
      "nominal_risk_pct": 25.000000000000007,
      "peak_risk_multiplier": 25.0,
      "profit_risk_steps": [],
      "risk_multiplier": 25.0,
      "room_retention": 0.2,
      "scenario": "reweight_11095_down2_control",
      "start_windows": 1767
    },
    {
      "daily_stop": 4500.0,
      "full_risk_room": 4000.0,
      "historical_rolling": {
        "daily_breach_pct": 0.0,
        "max_breach_pct": 0.0,
        "not_reached_pct": 43.2937181663837,
        "pass_ci95_pct": [
          54.3839513268506,
          58.99951667473052
        ],
        "pass_pct": 56.7062818336163,
        "runs": 1767
      },
      "mean_accepted_entries": 43.27164685908319,
      "mean_blocked_entries": 3.935483870967742,
      "mean_ending_balance": 102594.04575281813,
      "mean_minimum_equity": 93205.62206812188,
      "mean_stop_events": 2.580079230333899,
      "mean_trading_days": 13.674589700056593,
      "nominal_peak_risk_pct": 25.0,
      "nominal_risk_pct": 25.0,
      "peak_risk_multiplier": 25.0,
      "profit_risk_steps": [],
      "risk_multiplier": 25.0,
      "room_retention": 0.2,
      "scenario": "reweight_11095_down2_plus_12971_01",
      "start_windows": 1767
    }
  ],
  "schema_version": 1,
  "start_windows": 1767,
  "status": "RESEARCH_ONLY",
  "timestamp_basis": "darwinex_broker_wall",
  "trade_paths": 4528
}
