{
  "basis": "fresh_start_entry_sized_m15_trade_cancellation_governor",
  "excluded_years": [
    2017,
    2018,
    2019,
    2020,
    2021,
    2022,
    2023
  ],
  "fill_contract": "ideal_threshold_inside_m15_bar",
  "horizon_calendar_days": 30,
  "manifest": "artifacts\\ftmo_joint_nine_sleeve_12475_manifest_2026-07-12.json",
  "results": [
    {
      "daily_stop": 4500.0,
      "full_risk_room": 4000.0,
      "historical_rolling": {
        "daily_breach_pct": 0.0,
        "max_breach_pct": 0.0,
        "not_reached_pct": 40.37089871611983,
        "pass_ci95_pct": [
          55.95409753721412,
          63.19914583554027
        ],
        "pass_pct": 59.62910128388017,
        "runs": 701
      },
      "mean_accepted_entries": 33.31954350927247,
      "mean_blocked_entries": 3.2553495007132667,
      "mean_ending_balance": 103552.74280910601,
      "mean_minimum_equity": 93184.07943907817,
      "mean_stop_events": 2.4051355206847362,
      "mean_trading_days": 12.417974322396576,
      "nominal_risk_pct": 24.0,
      "risk_multiplier": 24.0,
      "room_retention": 0.1,
      "scenario": "anchor_plus_12475_08",
      "start_windows": 701
    }
  ],
  "schema_version": 1,
  "start_windows": 701,
  "status": "RESEARCH_ONLY",
  "timestamp_basis": "darwinex_broker_wall",
  "trade_paths": 1436
}
