{
  "basis": "fresh_start_entry_sized_m15_trade_cancellation_governor",
  "excluded_years": [
    2017,
    2020,
    2024,
    2025
  ],
  "fill_contract": "ideal_threshold_inside_m15_bar",
  "horizon_calendar_days": 30,
  "manifest": "artifacts\\ftmo_joint_twelve_sleeve_11095_down2_11128_sp500_manifest_2026-07-12.json",
  "results": [
    {
      "daily_stop": 4500.0,
      "full_risk_room": 4000.0,
      "historical_rolling": {
        "daily_breach_pct": 0.0,
        "max_breach_pct": 0.0,
        "not_reached_pct": 43.2937181663837,
        "pass_ci95_pct": [
          54.3839513268506,
          58.99951667473052
        ],
        "pass_pct": 56.7062818336163,
        "runs": 1767
      },
      "mean_accepted_entries": 42.879456706281836,
      "mean_blocked_entries": 3.939445387662705,
      "mean_ending_balance": 102567.74449308756,
      "mean_minimum_equity": 93169.91322255484,
      "mean_stop_events": 2.6751556310130162,
      "mean_trading_days": 13.65365025466893,
      "nominal_peak_risk_pct": 25.000000000000007,
      "nominal_risk_pct": 25.000000000000007,
      "open_risk_limit_ratio": 0.0,
      "peak_risk_multiplier": 25.0,
      "profit_risk_steps": [],
      "risk_multiplier": 25.0,
      "room_retention": 0.2,
      "scenario": "path_01_control",
      "start_windows": 1767
    },
    {
      "daily_stop": 4500.0,
      "full_risk_room": 4000.0,
      "historical_rolling": {
        "daily_breach_pct": 0.0,
        "max_breach_pct": 0.0,
        "not_reached_pct": 43.01075268817204,
        "pass_ci95_pct": [
          54.668121131399076,
          59.28005016138802
        ],
        "pass_pct": 56.98924731182796,
        "runs": 1767
      },
      "mean_accepted_entries": 43.846066779852855,
      "mean_blocked_entries": 3.912846632710809,
      "mean_ending_balance": 102635.0666735833,
      "mean_minimum_equity": 93198.29619083986,
      "mean_stop_events": 2.6253537068477644,
      "mean_trading_days": 13.640633842671194,
      "nominal_peak_risk_pct": 25.0,
      "nominal_risk_pct": 25.0,
      "open_risk_limit_ratio": 0.0,
      "peak_risk_multiplier": 25.0,
      "profit_risk_steps": [],
      "risk_multiplier": 25.0,
      "room_retention": 0.2,
      "scenario": "path_01_plus_11128_sp500_00p5",
      "start_windows": 1767
    },
    {
      "daily_stop": 4500.0,
      "full_risk_room": 4000.0,
      "historical_rolling": {
        "daily_breach_pct": 0.0,
        "max_breach_pct": 0.0,
        "not_reached_pct": 43.12393887945671,
        "pass_ci95_pct": [
          54.5544440212521,
          59.16784595505261
        ],
        "pass_pct": 56.8760611205433,
        "runs": 1767
      },
      "mean_accepted_entries": 44.029994340690436,
      "mean_blocked_entries": 3.8024900962082624,
      "mean_ending_balance": 102619.75697828697,
      "mean_minimum_equity": 93205.67743744454,
      "mean_stop_events": 2.601018675721562,
      "mean_trading_days": 13.692133559705717,
      "nominal_peak_risk_pct": 25.0,
      "nominal_risk_pct": 25.0,
      "open_risk_limit_ratio": 0.0,
      "peak_risk_multiplier": 25.0,
      "profit_risk_steps": [],
      "risk_multiplier": 25.0,
      "room_retention": 0.2,
      "scenario": "path_01_plus_11128_sp500_01",
      "start_windows": 1767
    },
    {
      "daily_stop": 4500.0,
      "full_risk_room": 4000.0,
      "historical_rolling": {
        "daily_breach_pct": 0.0,
        "max_breach_pct": 0.0,
        "not_reached_pct": 43.35031126202603,
        "pass_ci95_pct": [
          54.32712654851481,
          58.943400794825116
        ],
        "pass_pct": 56.64968873797397,
        "runs": 1767
      },
      "mean_accepted_entries": 44.23033389926429,
      "mean_blocked_entries": 3.7419354838709675,
      "mean_ending_balance": 102589.85776631009,
      "mean_minimum_equity": 93216.88549781454,
      "mean_stop_events": 2.556876061120543,
      "mean_trading_days": 13.733446519524618,
      "nominal_peak_risk_pct": 24.999999999999996,
      "nominal_risk_pct": 24.999999999999996,
      "open_risk_limit_ratio": 0.0,
      "peak_risk_multiplier": 25.0,
      "profit_risk_steps": [],
      "risk_multiplier": 25.0,
      "room_retention": 0.2,
      "scenario": "path_01_plus_11128_sp500_02",
      "start_windows": 1767
    },
    {
      "daily_stop": 4500.0,
      "full_risk_room": 4000.0,
      "historical_rolling": {
        "daily_breach_pct": 0.0,
        "max_breach_pct": 0.0,
        "not_reached_pct": 42.840973401245044,
        "pass_ci95_pct": [
          54.83865979679741,
          59.44833347071323
        ],
        "pass_pct": 57.15902659875495,
        "runs": 1767
      },
      "mean_accepted_entries": 44.34917940011319,
      "mean_blocked_entries": 3.6768534238822865,
      "mean_ending_balance": 102718.32199284516,
      "mean_minimum_equity": 93263.86404909559,
      "mean_stop_events": 2.498019241652518,
      "mean_trading_days": 13.757215619694398,
      "nominal_peak_risk_pct": 25.0,
      "nominal_risk_pct": 25.0,
      "open_risk_limit_ratio": 0.0,
      "peak_risk_multiplier": 25.0,
      "profit_risk_steps": [],
      "risk_multiplier": 25.0,
      "room_retention": 0.2,
      "scenario": "path_01_plus_11128_sp500_03",
      "start_windows": 1767
    },
    {
      "daily_stop": 4500.0,
      "full_risk_room": 4000.0,
      "historical_rolling": {
        "daily_breach_pct": 0.0,
        "max_breach_pct": 0.0,
        "not_reached_pct": 44.368986983588,
        "pass_ci95_pct": [
          53.30480207502204,
          57.932793419976456
        ],
        "pass_pct": 55.631013016412,
        "runs": 1767
      },
      "mean_accepted_entries": 45.08545557441992,
      "mean_blocked_entries": 3.6972269383135257,
      "mean_ending_balance": 102450.25614367635,
      "mean_minimum_equity": 93228.40977675424,
      "mean_stop_events": 2.4821731748726656,
      "mean_trading_days": 13.94340690435767,
      "nominal_peak_risk_pct": 24.999999999999993,
      "nominal_risk_pct": 24.999999999999993,
      "open_risk_limit_ratio": 0.0,
      "peak_risk_multiplier": 25.0,
      "profit_risk_steps": [],
      "risk_multiplier": 25.0,
      "room_retention": 0.2,
      "scenario": "path_01_plus_11128_sp500_05",
      "start_windows": 1767
    },
    {
      "daily_stop": 4500.0,
      "full_risk_room": 4000.0,
      "historical_rolling": {
        "daily_breach_pct": 0.0,
        "max_breach_pct": 0.0,
        "not_reached_pct": 44.93491794001132,
        "pass_ci95_pct": [
          52.73726932029996,
          57.37091959228662
        ],
        "pass_pct": 55.06508205998868,
        "runs": 1767
      },
      "mean_accepted_entries": 45.980192416525185,
      "mean_blocked_entries": 3.537068477645727,
      "mean_ending_balance": 102342.1335857477,
      "mean_minimum_equity": 93238.52502192208,
      "mean_stop_events": 2.3695529145444256,
      "mean_trading_days": 14.14657611771364,
      "nominal_peak_risk_pct": 24.999999999999996,
      "nominal_risk_pct": 24.999999999999996,
      "open_risk_limit_ratio": 0.0,
      "peak_risk_multiplier": 25.0,
      "profit_risk_steps": [],
      "risk_multiplier": 25.0,
      "room_retention": 0.2,
      "scenario": "path_01_plus_11128_sp500_08",
      "start_windows": 1767
    },
    {
      "daily_stop": 4500.0,
      "full_risk_room": 4000.0,
      "historical_rolling": {
        "daily_breach_pct": 0.0,
        "max_breach_pct": 0.0,
        "not_reached_pct": 45.55744199207697,
        "pass_ci95_pct": [
          52.113332450642645,
          56.75250922129085
        ],
        "pass_pct": 54.44255800792304,
        "runs": 1767
      },
      "mean_accepted_entries": 46.565930956423315,
      "mean_blocked_entries": 3.3780418788907753,
      "mean_ending_balance": 102337.01378859369,
      "mean_minimum_equity": 93246.86767161028,
      "mean_stop_events": 2.2891907187323146,
      "mean_trading_days": 14.274476513865308,
      "nominal_peak_risk_pct": 24.999999999999996,