{
  "basis": "fresh_start_entry_sized_m15_trade_cancellation_governor",
  "excluded_years": [
    2017,
    2020
  ],
  "fill_contract": "ideal_threshold_inside_m15_bar",
  "horizon_calendar_days": 30,
  "manifest": "artifacts\\ftmo_joint_six_sleeve_manifest_2026-07-11.json",
  "results": [
    {
      "daily_stop": 4000.0,
      "full_risk_room": 2000.0,
      "historical_rolling": {
        "daily_breach_pct": 0.08006405124099279,
        "max_breach_pct": 2.3618895116092875,
        "not_reached_pct": 55.88470776621297,
        "pass_ci95_pct": [
          39.75419818377307,
          43.61804954466244
        ],
        "pass_pct": 41.67333867093675,
        "runs": 2498
      },
      "mean_accepted_entries": 14.72337870296237,
      "mean_blocked_entries": 0.7249799839871898,
      "mean_ending_balance": 102143.76077326624,
      "mean_minimum_equity": 94244.56557038978,
      "mean_stop_events": 1.6737389911929543,
      "mean_trading_days": 10.523218574859888,
      "nominal_risk_pct": 16.0,
      "risk_multiplier": 16.0,
      "room_retention": 0.2,
      "scenario": "six_sleeve_scout_balanced",
      "start_windows": 2498
    }
  ],
  "schema_version": 1,
  "start_windows": 2498,
  "status": "RESEARCH_ONLY",
  "trade_paths": 1664
}
