{
  "basis": "fresh_start_entry_sized_m15_trade_cancellation_governor",
  "excluded_years": [
    2017,
    2020,
    2023,
    2024,
    2025
  ],
  "fill_contract": "adverse_bar",
  "horizon_calendar_days": 30,
  "manifest": "artifacts\\ftmo_joint_eleven_sleeve_incumbent_weight_path_manifest_2026-07-12.json",
  "results": [
    {
      "daily_stop": 4500.0,
      "elapsed_risk_steps": [],
      "full_risk_room": 4000.0,
      "historical_rolling": {
        "daily_breach_pct": 17.546362339514978,
        "max_breach_pct": 12.482168330955776,
        "not_reached_pct": 23.75178316690442,
        "pass_ci95_pct": [
          43.623811357031215,
          48.836220367391036
        ],
        "pass_pct": 46.219686162624825,
        "runs": 1402
      },
      "mean_accepted_entries": 36.29386590584879,
      "mean_blocked_entries": 1.0791726105563482,
      "mean_ending_balance": 102113.64546138362,
      "mean_minimum_equity": 93973.00779528638,
      "mean_stop_events": 1.4087018544935805,
      "mean_trading_days": 11.440798858773181,
      "nominal_peak_risk_pct": 40.00000000000001,
      "nominal_risk_pct": 20.000000000000004,
      "open_risk_limit_ratio": 0.0,
      "peak_risk_multiplier": 40.0,
      "profit_risk_steps": [
        {
          "profit_threshold": 1000.0,
          "risk_multiplier": 25.0
        },
        {
          "profit_threshold": 4000.0,
          "risk_multiplier": 30.0
        },
        {
          "profit_threshold": 7000.0,
          "risk_multiplier": 40.0
        }
      ],
      "risk_multiplier": 20.0,
      "room_retention": 0.2,
      "scenario": "path_01_11095_gbpusd_down2",
      "start_windows": 1402
    },
    {
      "daily_stop": 4500.0,
      "elapsed_risk_steps": [],
      "full_risk_room": 4000.0,
      "historical_rolling": {
        "daily_breach_pct": 15.335235378031383,
        "max_breach_pct": 13.12410841654779,
        "not_reached_pct": 24.10841654778887,
        "pass_ci95_pct": [
          44.8290304879166,
          50.04948162678531
        ],
        "pass_pct": 47.43223965763195,
        "runs": 1402
      },
      "mean_accepted_entries": 37.15263908701854,
      "mean_blocked_entries": 1.037089871611983,
      "mean_ending_balance": 102227.67282857966,
      "mean_minimum_equity": 93974.25217310137,
      "mean_stop_events": 1.4029957203994294,
      "mean_trading_days": 11.659058487874464,
      "nominal_peak_risk_pct": 45.00000000000001,
      "nominal_risk_pct": 20.000000000000004,
      "open_risk_limit_ratio": 0.0,
      "peak_risk_multiplier": 45.0,
      "profit_risk_steps": [
        {
          "profit_threshold": 2000.0,
          "risk_multiplier": 25.0
        },
        {
          "profit_threshold": 5000.0,
          "risk_multiplier": 35.0
        },
        {
          "profit_threshold": 8000.0,
          "risk_multiplier": 45.0
        }
      ],
      "risk_multiplier": 20.0,
      "room_retention": 0.2,
      "scenario": "path_01_11095_gbpusd_down2",
      "start_windows": 1402
    }
  ],
  "schema_version": 1,
  "start_windows": 1402,
  "status": "RESEARCH_ONLY",
  "timestamp_basis": "darwinex_broker_wall",
  "trade_paths": 3584
}
