{
  "basis": "fresh_start_entry_sized_m15_trade_cancellation_governor",
  "excluded_years": [
    2017,
    2020,
    2024,
    2025
  ],
  "fill_contract": "ideal_threshold_inside_m15_bar",
  "horizon_calendar_days": 30,
  "manifest": "artifacts\\ftmo_joint_twelve_sleeve_10692_tca_ndx_substitution_probe_manifest_2026-07-12.json",
  "results": [
    {
      "daily_stop": 4500.0,
      "full_risk_room": 4000.0,
      "historical_rolling": {
        "daily_breach_pct": 0.0,
        "max_breach_pct": 0.0,
        "not_reached_pct": 42.61460101867572,
        "pass_ci95_pct": [
          55.066087680978136,
          59.67266821949728
        ],
        "pass_pct": 57.38539898132428,
        "runs": 1767
      },
      "mean_accepted_entries": 44.96491228070175,
      "mean_blocked_entries": 4.520656479909451,
      "mean_ending_balance": 102719.85745180468,
      "mean_minimum_equity": 93255.50207446422,
      "mean_stop_events": 2.5466893039049237,
      "mean_trading_days": 13.64176570458404,
      "nominal_peak_risk_pct": 25.0,
      "nominal_risk_pct": 25.0,
      "peak_risk_multiplier": 25.0,
      "profit_risk_steps": [],
      "risk_multiplier": 25.0,
      "room_retention": 0.2,
      "scenario": "path_01_plus_10692_tca_03_control",
      "start_windows": 1767
    },
    {
      "daily_stop": 4500.0,
      "full_risk_room": 4000.0,
      "historical_rolling": {
        "daily_breach_pct": 0.0,
        "max_breach_pct": 0.0,
        "not_reached_pct": 43.2937181663837,
        "pass_ci95_pct": [
          54.3839513268506,
          58.99951667473052
        ],
        "pass_pct": 56.7062818336163,
        "runs": 1767
      },
      "mean_accepted_entries": 45.421052631578945,
      "mean_blocked_entries": 4.4889643463497455,
      "mean_ending_balance": 102593.93563387773,
      "mean_minimum_equity": 93220.35629160599,
      "mean_stop_events": 2.44199207696661,
      "mean_trading_days": 13.709677419354838,
      "nominal_peak_risk_pct": 25.000000000000007,
      "nominal_risk_pct": 25.000000000000007,
      "peak_risk_multiplier": 25.0,
      "profit_risk_steps": [],
      "risk_multiplier": 25.0,
      "room_retention": 0.2,
      "scenario": "probe_10440_ndx_down1",
      "start_windows": 1767
    },
    {
      "daily_stop": 4500.0,
      "full_risk_room": 4000.0,
      "historical_rolling": {
        "daily_breach_pct": 0.0,
        "max_breach_pct": 0.0,
        "not_reached_pct": 42.3882286361064,
        "pass_ci95_pct": [
          55.29356479554778,
          59.8969537378924
        ],
        "pass_pct": 57.6117713638936,
        "runs": 1767
      },
      "mean_accepted_entries": 45.47142048670062,
      "mean_blocked_entries": 4.33446519524618,
      "mean_ending_balance": 102757.07143244703,
      "mean_minimum_equity": 93241.57395489914,
      "mean_stop_events": 2.3621958121109223,
      "mean_trading_days": 13.688172043010752,
      "nominal_peak_risk_pct": 24.999999999999996,
      "nominal_risk_pct": 24.999999999999996,
      "peak_risk_multiplier": 25.0,
      "profit_risk_steps": [],
      "risk_multiplier": 25.0,
      "room_retention": 0.2,
      "scenario": "probe_10440_ndx_down2",
      "start_windows": 1767
    },
    {
      "daily_stop": 4500.0,
      "full_risk_room": 4000.0,
      "historical_rolling": {
        "daily_breach_pct": 0.0,
        "max_breach_pct": 0.0,
        "not_reached_pct": 43.35031126202603,
        "pass_ci95_pct": [
          54.32712654851481,
          58.943400794825116
        ],
        "pass_pct": 56.64968873797397,
        "runs": 1767
      },
      "mean_accepted_entries": 46.159592529711375,
      "mean_blocked_entries": 4.249575551782683,
      "mean_ending_balance": 102625.6791067123,
      "mean_minimum_equity": 93220.39306923255,
      "mean_stop_events": 2.297113752122241,
      "mean_trading_days": 13.826825127334466,
      "nominal_peak_risk_pct": 25.0,
      "nominal_risk_pct": 25.0,
      "peak_risk_multiplier": 25.0,
      "profit_risk_steps": [],
      "risk_multiplier": 25.0,
      "room_retention": 0.2,
      "scenario": "probe_10440_ndx_down3",
      "start_windows": 1767
    },
    {
      "daily_stop": 4500.0,
      "full_risk_room": 4000.0,
      "historical_rolling": {
        "daily_breach_pct": 0.0,
        "max_breach_pct": 0.0,
        "not_reached_pct": 44.93491794001132,
        "pass_ci95_pct": [
          52.73726932029996,
          57.37091959228662
        ],
        "pass_pct": 55.06508205998868,
        "runs": 1767
      },
      "mean_accepted_entries": 47.77362761743068,
      "mean_blocked_entries": 3.6960950764006792,
      "mean_ending_balance": 102461.03004980608,
      "mean_minimum_equity": 93160.11391088885,
      "mean_stop_events": 2.178834182229768,
      "mean_trading_days": 14.204301075268818,
      "nominal_peak_risk_pct": 24.999999999999993,
      "nominal_risk_pct": 24.999999999999993,
      "peak_risk_multiplier": 25.0,
      "profit_risk_steps": [],
      "risk_multiplier": 25.0,
      "room_retention": 0.2,
      "scenario": "probe_10440_ndx_down5",
      "start_windows": 1767
    },
    {
      "daily_stop": 4500.0,
      "full_risk_room": 4000.0,
      "historical_rolling": {
        "daily_breach_pct": 0.0,
        "max_breach_pct": 0.0,
        "not_reached_pct": 43.35031126202603,
        "pass_ci95_pct": [
          54.32712654851481,
          58.943400794825116
        ],
        "pass_pct": 56.64968873797397,
        "runs": 1767
      },
      "mean_accepted_entries": 45.55461233729485,
      "mean_blocked_entries": 4.321448783248444,
      "mean_ending_balance": 102559.79235376835,
      "mean_minimum_equity": 93209.0844205553,
      "mean_stop_events": 2.515563101301641,
      "mean_trading_days": 13.814374646293151,
      "nominal_peak_risk_pct": 25.0,
      "nominal_risk_pct": 25.0,
      "peak_risk_multiplier": 25.0,
      "profit_risk_steps": [],
      "risk_multiplier": 25.0,
      "room_retention": 0.2,
      "scenario": "probe_10375_ndx_down1",
      "start_windows": 1767
    },
    {
      "daily_stop": 4500.0,
      "full_risk_room": 4000.0,
      "historical_rolling": {
        "daily_breach_pct": 0.0,
        "max_breach_pct": 0.0,
        "not_reached_pct": 43.35031126202603,
        "pass_ci95_pct": [
          54.32712654851481,
          58.943400794825116
        ],
        "pass_pct": 56.64968873797397,
        "runs": 1767
      },
      "mean_accepted_entries": 45.71703452178834,
      "mean_blocked_entries": 4.32258064516129,
      "mean_ending_balance": 102517.6400315485,
      "mean_minimum_equity": 93186.2951587044,
      "mean_stop_events": 2.4352009054895305,
      "mean_trading_days": 13.864176570458405,
      "nominal_peak_risk_pct": 24.999999999999996,
      "nominal_risk_pct": 24.999999999999996,
      "peak_risk_multiplier": 25.0,
      "profit_risk_steps": [],
      "risk_multiplier": 25.0,
      "room_retention": 0.2,
      "scenario": "probe_10375_ndx_down2",
      "start_windows": 1767
    },
    {
      "daily_stop": 4500.0,
      "full_risk_room": 4000.0,
      "historical_rolling": {
        "daily_breach_pct": 0.0,
        "max_breach_pct": 0.0,
        "not_reached_pct": 44.199207696661006,
        "pass_ci95_pct": [
          53.47512101998393,
          58.10129644973816
        ],
        "pass_pct": 55.800792303338994,
        "runs": 1767
      },
      "mean_accepted_entries": 45.79173740803622,
      "mean_blocked_entries": 4.352574985851726,
      "mean_ending_balance": 102362.75688376145,
      "mean_minimum_equity": 93157.30272362208,
      "mean_stop_events": 2.44199207696661,
      "mean_trading_days": 13.89247311827957,
      "nominal_peak_risk_pct": 25.000000000000007,
      "nominal_risk_pct": 25.000000000000007,
      "peak_risk_multiplier": 25.0,
      "profit_risk_steps": [],
      "risk_multiplier": 25.0,
      "room_retention": 0.2,
      "scenario": "probe_10375_ndx_down3",
      "start_windows": 1767
    },
    {
      "daily_stop": 4500.0,