{
  "basis": "fresh_start_entry_sized_m15_trade_cancellation_governor",
  "excluded_years": [
    2017,
    2020,
    2024,
    2025
  ],
  "fill_contract": "ideal_threshold_inside_m15_bar",
  "horizon_calendar_days": 30,
  "manifest": "artifacts\\ftmo_joint_eleven_sleeve_incumbent_weight_path_manifest_2026-07-12.json",
  "results": [
    {
      "daily_stop": 4500.0,
      "full_risk_room": 4000.0,
      "historical_rolling": {
        "daily_breach_pct": 0.0,
        "max_breach_pct": 0.0,
        "not_reached_pct": 45.331069609507644,
        "pass_ci95_pct": [
          52.34017634380752,
          56.97742796109073
        ],
        "pass_pct": 54.66893039049236,
        "runs": 1767
      },
      "mean_accepted_entries": 43.59366157328806,
      "mean_blocked_entries": 3.9388794567062817,
      "mean_ending_balance": 102219.39386219959,
      "mean_minimum_equity": 93059.9629680065,
      "mean_stop_events": 2.7198641765704585,
      "mean_trading_days": 13.893039049235993,
      "nominal_peak_risk_pct": 24.999999999999996,
      "nominal_risk_pct": 24.999999999999996,
      "peak_risk_multiplier": 25.0,
      "profit_risk_steps": [],
      "risk_multiplier": 25.0,
      "room_retention": 0.2,
      "scenario": "anchor_1142_control",
      "start_windows": 1767
    },
    {
      "daily_stop": 4500.0,
      "full_risk_room": 4000.0,
      "historical_rolling": {
        "daily_breach_pct": 0.0,
        "max_breach_pct": 0.0,
        "not_reached_pct": 43.2937181663837,
        "pass_ci95_pct": [
          54.3839513268506,
          58.99951667473052
        ],
        "pass_pct": 56.7062818336163,
        "runs": 1767
      },
      "mean_accepted_entries": 42.879456706281836,
      "mean_blocked_entries": 3.933786078098472,
      "mean_ending_balance": 102567.74449308756,
      "mean_minimum_equity": 93169.91322255484,
      "mean_stop_events": 2.6751556310130162,
      "mean_trading_days": 13.65365025466893,
      "nominal_peak_risk_pct": 25.000000000000007,
      "nominal_risk_pct": 25.000000000000007,
      "peak_risk_multiplier": 25.0,
      "profit_risk_steps": [],
      "risk_multiplier": 25.0,
      "room_retention": 0.2,
      "scenario": "path_01_11095_gbpusd_down2",
      "start_windows": 1767
    },
    {
      "daily_stop": 4500.0,
      "full_risk_room": 4000.0,
      "historical_rolling": {
        "daily_breach_pct": 0.0,
        "max_breach_pct": 0.0,
        "not_reached_pct": 43.2937181663837,
        "pass_ci95_pct": [
          54.3839513268506,
          58.99951667473052
        ],
        "pass_pct": 56.7062818336163,
        "runs": 1767
      },
      "mean_accepted_entries": 42.859083191850594,
      "mean_blocked_entries": 4.130164119977363,
      "mean_ending_balance": 102539.52854992272,
      "mean_minimum_equity": 93049.58987706232,
      "mean_stop_events": 2.807017543859649,
      "mean_trading_days": 13.736842105263158,
      "nominal_peak_risk_pct": 25.0,
      "nominal_risk_pct": 25.0,
      "peak_risk_multiplier": 25.0,
      "profit_risk_steps": [],
      "risk_multiplier": 25.0,
      "room_retention": 0.2,
      "scenario": "path_02_10715_usdjpy_up2",
      "start_windows": 1767
    },
    {
      "daily_stop": 4500.0,
      "full_risk_room": 4000.0,
      "historical_rolling": {
        "daily_breach_pct": 0.0,
        "max_breach_pct": 0.0,
        "not_reached_pct": 43.40690435766837,
        "pass_ci95_pct": [
          54.27030482771882,
          58.887281857379925
        ],
        "pass_pct": 56.59309564233163,
        "runs": 1767
      },
      "mean_accepted_entries": 42.77589134125637,
      "mean_blocked_entries": 4.034521788341823,
      "mean_ending_balance": 102458.89405524626,
      "mean_minimum_equity": 93072.69868896835,
      "mean_stop_events": 2.9898132427843804,
      "mean_trading_days": 13.688172043010752,
      "nominal_peak_risk_pct": 24.999999999999996,
      "nominal_risk_pct": 24.999999999999996,
      "peak_risk_multiplier": 25.0,
      "profit_risk_steps": [],
      "risk_multiplier": 25.0,
      "room_retention": 0.2,
      "scenario": "path_03_10375_ndx_up2",
      "start_windows": 1767
    },
    {
      "daily_stop": 4500.0,
      "full_risk_room": 4000.0,
      "historical_rolling": {
        "daily_breach_pct": 0.0,
        "max_breach_pct": 0.0,
        "not_reached_pct": 43.57668364459536,
        "pass_ci95_pct": [
          54.09985799667415,
          58.718906713701024
        ],
        "pass_pct": 56.42331635540464,
        "runs": 1767
      },
      "mean_accepted_entries": 43.81890209394454,
      "mean_blocked_entries": 3.611771363893605,
      "mean_ending_balance": 102497.8385009644,
      "mean_minimum_equity": 93086.17524930845,
      "mean_stop_events": 2.8471986417657047,
      "mean_trading_days": 13.85342388228636,
      "nominal_peak_risk_pct": 25.000000000000007,
      "nominal_risk_pct": 25.000000000000007,
      "peak_risk_multiplier": 25.0,
      "profit_risk_steps": [],
      "risk_multiplier": 25.0,
      "room_retention": 0.2,
      "scenario": "path_04_10440_ndx_down2",
      "start_windows": 1767
    },
    {
      "daily_stop": 4500.0,
      "full_risk_room": 4000.0,
      "historical_rolling": {
        "daily_breach_pct": 0.0,
        "max_breach_pct": 0.0,
        "not_reached_pct": 45.10469722693831,
        "pass_ci95_pct": [
          52.56706849694866,
          57.202298440914355
        ],
        "pass_pct": 54.89530277306168,
        "runs": 1767
      },
      "mean_accepted_entries": 44.26428975664969,
      "mean_blocked_entries": 3.5014148273910584,
      "mean_ending_balance": 102162.67815791818,
      "mean_minimum_equity": 93028.40869530424,
      "mean_stop_events": 2.8930390492359934,
      "mean_trading_days": 13.98981324278438,
      "nominal_peak_risk_pct": 24.999999999999996,
      "nominal_risk_pct": 24.999999999999996,
      "peak_risk_multiplier": 25.0,
      "profit_risk_steps": [],
      "risk_multiplier": 25.0,
      "room_retention": 0.2,
      "scenario": "path_05_10286_xtiusd_down2",
      "start_windows": 1767
    },
    {
      "daily_stop": 4500.0,
      "full_risk_room": 4000.0,
      "historical_rolling": {
        "daily_breach_pct": 0.0,
        "max_breach_pct": 0.0,
        "not_reached_pct": 44.25580079230334,
        "pass_ci95_pct": [
          53.41834500198127,
          58.04513180949963
        ],
        "pass_pct": 55.74419920769667,
        "runs": 1767
      },
      "mean_accepted_entries": 44.1335597057159,
      "mean_blocked_entries": 3.361063950198076,
      "mean_ending_balance": 102346.7567158969,
      "mean_minimum_equity": 93086.61894583961,
      "mean_stop_events": 2.7685342388228635,
      "mean_trading_days": 13.929824561403509,
      "nominal_peak_risk_pct": 25.000000000000007,
      "nominal_risk_pct": 25.000000000000007,
      "peak_risk_multiplier": 25.0,
      "profit_risk_steps": [],
      "risk_multiplier": 25.0,
      "room_retention": 0.2,
      "scenario": "path_06_12990_gbpusd_up2",
      "start_windows": 1767
    },
    {
      "daily_stop": 4500.0,
      "full_risk_room": 4000.0,
      "historical_rolling": {
        "daily_breach_pct": 0.0,
        "max_breach_pct": 0.0,
        "not_reached_pct": 44.42558007923033,
        "pass_ci95_pct": [
          53.24803516369495,
          57.87661967306236
        ],
        "pass_pct": 55.57441992076967,
        "runs": 1767
      },
      "mean_accepted_entries": 44.51386530843237,
      "mean_blocked_entries": 3.381437464629315,
      "mean_ending_balance": 102330.47204837359,
      "mean_minimum_equity": 93100.23177701699,
      "mean_stop_events": 2.6723259762309,
      "mean_trading_days": 14.020939445387663,
      "nominal_peak_risk_pct": 24.999999999999996,
      "nominal_risk_pct": 24.999999999999996,
      "peak_risk_multiplier": 25.0,
      "profit_risk_steps": [],
      "risk_multiplier": 25.0,
      "room_retention": 0.2,
      "scenario": "path_07_11708_eurusd_up2",