{
  "basis": "fresh_start_entry_sized_m15_trade_cancellation_governor",
  "excluded_years": [
    2017,
    2018,
    2019,
    2020,
    2021,
    2022,
    2023
  ],
  "fill_contract": "adverse_bar",
  "horizon_calendar_days": 30,
  "manifest": "artifacts\\ftmo_joint_eleven_sleeve_incumbent_weight_path_manifest_2026-07-12.json",
  "results": [
    {
      "daily_stop": 4500.0,
      "full_risk_room": 4000.0,
      "historical_rolling": {
        "daily_breach_pct": 24.53637660485021,
        "max_breach_pct": 9.557774607703282,
        "not_reached_pct": 9.272467902995722,
        "pass_ci95_pct": [
          52.9384372933831,
          60.256019252292134
        ],
        "pass_pct": 56.63338088445078,
        "runs": 701
      },
      "mean_accepted_entries": 26.699001426533524,
      "mean_blocked_entries": 0.8930099857346647,
      "mean_ending_balance": 103989.88473977822,
      "mean_minimum_equity": 94270.69142522353,
      "mean_stop_events": 1.3951497860199715,
      "mean_trading_days": 8.509272467902996,
      "nominal_peak_risk_pct": 24.999999999999996,
      "nominal_risk_pct": 24.999999999999996,
      "peak_risk_multiplier": 25.0,
      "profit_risk_steps": [],
      "risk_multiplier": 25.0,
      "room_retention": 0.2,
      "scenario": "anchor_1142_control",
      "start_windows": 701
    },
    {
      "daily_stop": 4500.0,
      "full_risk_room": 4000.0,
      "historical_rolling": {
        "daily_breach_pct": 20.114122681883025,
        "max_breach_pct": 10.984308131241084,
        "not_reached_pct": 9.557774607703282,
        "pass_ci95_pct": [
          55.66629822559372,
          62.919441639819816
        ],
        "pass_pct": 59.34379457917262,
        "runs": 701
      },
      "mean_accepted_entries": 27.104136947218258,
      "mean_blocked_entries": 1.0313837375178316,
      "mean_ending_balance": 104242.4781799275,
      "mean_minimum_equity": 94233.0778575811,
      "mean_stop_events": 1.4037089871611983,
      "mean_trading_days": 8.593437945791726,
      "nominal_peak_risk_pct": 25.000000000000007,
      "nominal_risk_pct": 25.000000000000007,
      "peak_risk_multiplier": 25.0,
      "profit_risk_steps": [],
      "risk_multiplier": 25.0,
      "room_retention": 0.2,
      "scenario": "path_01_11095_gbpusd_down2",
      "start_windows": 701
    }
  ],
  "schema_version": 1,
  "start_windows": 701,
  "status": "RESEARCH_ONLY",
  "timestamp_basis": "darwinex_broker_wall",
  "trade_paths": 1791
}
