{
  "basis": "fresh_start_entry_sized_m15_trade_cancellation_governor",
  "excluded_years": [
    2017,
    2018,
    2019,
    2020,
    2021,
    2022,
    2024,
    2025,
    2026
  ],
  "fill_contract": "ideal_threshold_inside_m15_bar",
  "horizon_calendar_days": 30,
  "manifest": "artifacts\\ftmo_joint_twelve_sleeve_11095_down2_10476_usdcad_manifest_2026-07-12.json",
  "results": [
    {
      "cluster_open_risk_limit_ratio": 0.0,
      "daily_stop": 4500.0,
      "elapsed_risk_steps": [],
      "full_risk_room": 4000.0,
      "historical_rolling": {
        "daily_breach_pct": 0.0,
        "max_breach_pct": 0.0,
        "not_reached_pct": 56.25,
        "pass_ci95_pct": [
          38.54593102540925,
          49.09536496427166
        ],
        "pass_pct": 43.75,
        "runs": 336
      },
      "mean_accepted_entries": 48.142857142857146,
      "mean_blocked_entries": 4.940476190476191,
      "mean_ending_balance": 99662.52877631402,
      "mean_minimum_equity": 91972.30413925144,
      "mean_stop_events": 3.693452380952381,
      "mean_trading_days": 15.202380952380953,
      "nominal_peak_risk_pct": 25.000000000000007,
      "nominal_risk_pct": 25.000000000000007,
      "open_risk_limit_ratio": 0.0,
      "peak_risk_multiplier": 25.0,
      "profit_risk_steps": [],
      "risk_cluster_by_symbol": {},
      "risk_multiplier": 25.0,
      "room_retention": 0.2,
      "scenario": "path_01_control",
      "start_windows": 336,
      "symbol_open_risk_limit_ratio": 0.0
    },
    {
      "cluster_open_risk_limit_ratio": 0.0,
      "daily_stop": 4500.0,
      "elapsed_risk_steps": [],
      "full_risk_room": 4000.0,
      "historical_rolling": {
        "daily_breach_pct": 0.0,
        "max_breach_pct": 0.0,
        "not_reached_pct": 53.86904761904761,
        "pass_ci95_pct": [
          40.874507622857294,
          51.47486608504042
        ],
        "pass_pct": 46.13095238095239,
        "runs": 336
      },
      "mean_accepted_entries": 50.36904761904762,
      "mean_blocked_entries": 4.523809523809524,
      "mean_ending_balance": 100185.25152516703,
      "mean_minimum_equity": 92174.79787569259,
      "mean_stop_events": 3.232142857142857,
      "mean_trading_days": 15.217261904761905,
      "nominal_peak_risk_pct": 24.999999999999993,
      "nominal_risk_pct": 24.999999999999993,
      "open_risk_limit_ratio": 0.0,
      "peak_risk_multiplier": 25.0,
      "profit_risk_steps": [],
      "risk_cluster_by_symbol": {},
      "risk_multiplier": 25.0,
      "room_retention": 0.2,
      "scenario": "path_01_plus_10476_usdcad_05",
      "start_windows": 336,
      "symbol_open_risk_limit_ratio": 0.0
    }
  ],
  "schema_version": 1,
  "start_windows": 336,
  "status": "RESEARCH_ONLY",
  "timestamp_basis": "darwinex_broker_wall",
  "trade_paths": 952
}
