{
  "candidate_key": "RESEARCH:WS30_FRIDAY_SESSION_LONG",
  "confirmation": null,
  "deployment_allowed": false,
  "development": {
    "candidate_trade_paths": 174,
    "control_adverse": {
      "historical_rolling": {
        "daily_breach_pct": 21.255349500713265,
        "max_breach_pct": 12.696148359486447,
        "not_reached_pct": 14.693295292439373,
        "pass_ci95_pct": [
          48.738796344625854,
          53.964211150392586
        ],
        "pass_pct": 51.35520684736091,
        "runs": 1402
      },
      "mean_accepted_entries": 30.257489300998575,
      "mean_blocked_entries": 1.4971469329529243,
      "mean_ending_balance": 102593.41105671867,
      "mean_minimum_equity": 94159.9281766532,
      "mean_stop_events": 1.6355206847360912,
      "mean_trading_days": 9.764621968616263,
      "start_windows": 1402
    },
    "control_normal": {
      "historical_rolling": {
        "daily_breach_pct": 0.0,
        "max_breach_pct": 0.0,
        "not_reached_pct": 40.94151212553495,
        "pass_ci95_pct": [
          56.463202750869314,
          61.60426840004345
        ],
        "pass_pct": 59.05848787446505,
        "runs": 1402
      },
      "mean_accepted_entries": 41.950071326676174,
      "mean_blocked_entries": 4.099144079885877,
      "mean_ending_balance": 103098.97816876888,
      "mean_minimum_equity": 93419.0814322548,
      "mean_stop_events": 2.471469329529244,
      "mean_trading_days": 13.384450784593438,
      "start_windows": 1402
    },
    "included_years": [
      2018,
      2019,
      2021,
      2022
    ],
    "rows": [
      {
        "adverse": null,
        "adverse_pass_pct": null,
        "adverse_skipped_reason": "normal_development_did_not_strictly_improve_control",
        "candidate_weight_pct": 0.5,
        "normal": {
          "historical_rolling": {
            "daily_breach_pct": 0.0,
            "max_breach_pct": 0.0,
            "not_reached_pct": 41.08416547788873,
            "pass_ci95_pct": [
              56.31958045307055,
              61.46336359310342
            ],
            "pass_pct": 58.91583452211127,
            "runs": 1402
          },
          "mean_accepted_entries": 43.79243937232525,
          "mean_blocked_entries": 4.182596291012839,
          "mean_ending_balance": 103067.4186806934,
          "mean_minimum_equity": 93423.56511476744,
          "mean_stop_events": 2.4643366619115548,
          "mean_trading_days": 13.437232524964337,
          "start_windows": 1402
        },
        "normal_pass_pct": 58.91583452211127,
        "representation": "ws30_friday_session_long"
      },
      {
        "adverse": null,
        "adverse_pass_pct": null,
        "adverse_skipped_reason": "normal_development_did_not_strictly_improve_control",
        "candidate_weight_pct": 1.0,
        "normal": {
          "historical_rolling": {
            "daily_breach_pct": 0.0,
            "max_breach_pct": 0.0,
            "not_reached_pct": 41.012838801711844,
            "pass_ci95_pct": [
              56.391388816295105,
              61.53381878224826
            ],
            "pass_pct": 58.98716119828816,
            "runs": 1402
          },
          "mean_accepted_entries": 43.77460770328103,
          "mean_blocked_entries": 4.146932952924394,
          "mean_ending_balance": 103089.89995592031,
          "mean_minimum_equity": 93432.2460837561,
          "mean_stop_events": 2.436519258202568,
          "mean_trading_days": 13.411554921540656,
          "start_windows": 1402
        },
        "normal_pass_pct": 58.98716119828816,
        "representation": "ws30_friday_session_long"
      },
      {
        "adverse": null,
        "adverse_pass_pct": null,
        "adverse_skipped_reason": "normal_development_did_not_strictly_improve_control",
        "candidate_weight_pct": 2.0,
        "normal": {
          "historical_rolling": {
            "daily_breach_pct": 0.0,
            "max_breach_pct": 0.0,
            "not_reached_pct": 41.08416547788873,
            "pass_ci95_pct": [
              56.31958045307055,
              61.46336359310342
            ],
            "pass_pct": 58.91583452211127,
            "runs": 1402
          },
          "mean_accepted_entries": 43.67332382310984,
          "mean_blocked_entries": 4.158345221112696,
          "mean_ending_balance": 103105.45918184298,
          "mean_minimum_equity": 93429.04576175776,
          "mean_stop_events": 2.3609129814550642,
          "mean_trading_days": 13.365905848787447,
          "start_windows": 1402
        },
        "normal_pass_pct": 58.91583452211127,
        "representation": "ws30_friday_session_long"
      },
      {
        "adverse": {
          "historical_rolling": {
            "daily_breach_pct": 20.684736091298145,
            "max_breach_pct": 13.980028530670472,
            "not_reached_pct": 12.981455064194009,
            "pass_ci95_pct": [
              49.7365733872836,
              54.95812384090632
            ],
            "pass_pct": 52.353780313837376,
            "runs": 1402
          },
          "mean_accepted_entries": 31.360199714693294,
          "mean_blocked_entries": 1.3345221112696148,
          "mean_ending_balance": 102655.91114913403,
          "mean_minimum_equity": 94171.39322206524,
          "mean_stop_events": 1.6191155492154066,
          "mean_trading_days": 9.728958630527817,
          "start_windows": 1402
        },
        "adverse_pass_pct": 52.353780313837376,
        "adverse_skipped_reason": null,
        "candidate_weight_pct": 3.0,
        "normal": {
          "historical_rolling": {
            "daily_breach_pct": 0.0,
            "max_breach_pct": 0.0,
            "not_reached_pct": 40.727532097004286,
            "pass_ci95_pct": [
              56.67867802726207,
              61.815583780758864
            ],
            "pass_pct": 59.272467902995714,
            "runs": 1402
          },
          "mean_accepted_entries": 43.385164051355204,
          "mean_blocked_entries": 3.875891583452211,
          "mean_ending_balance": 103173.54369041872,
          "mean_minimum_equity": 93502.1814964109,
          "mean_stop_events": 2.3452211126961484,
          "mean_trading_days": 13.281740370898715,
          "start_windows": 1402
        },
        "normal_pass_pct": 59.272467902995714,
        "representation": "ws30_friday_session_long"
      },
      {
        "adverse": {
          "historical_rolling": {
            "daily_breach_pct": 25.53495007132668,
            "max_breach_pct": 12.125534950071327,
            "not_reached_pct": 12.981455064194009,
            "pass_ci95_pct": [
              46.74636384718015,
              51.973264181495324
            ],
            "pass_pct": 49.35805991440799,
            "runs": 1402
          },
          "mean_accepted_entries": 30.196861626248218,
          "mean_blocked_entries": 1.2724679029957204,
          "mean_ending_balance": 102386.50626794939,
          "mean_minimum_equity": 94278.38040115069,
          "mean_stop_events": 1.6048502139800285,
          "mean_trading_days": 9.398716119828816,
          "start_windows": 1402
        },
        "adverse_pass_pct": 49.35805991440799,
        "adverse_skipped_reason": null,
        "candidate_weight_pct": 5.0,
        "normal": {
          "historical_rolling": {
            "daily_breach_pct": 0.0,
            "max_breach_pct": 0.0,
            "not_reached_pct": 39.80028530670471,
            "pass_ci95_pct": [
              57.61298715485454,
              62.73070083396849
            ],
            "pass_pct": 60.19971469329529,
            "runs": 1402
          },
          "mean_accepted_entries": 42.97218259629101,
          "mean_blocked_entries": 3.87660485021398,
          "mean_ending_balance": 103416.71090003026,
          "mean_minimum_equity": 93523.25379898888,
          "mean_stop_events": 2.3801711840228243,
          "mean_trading_days": 13.162624821683309,