{
  "basis": "fresh_start_entry_sized_m15_trade_cancellation_governor",
  "excluded_years": [
    2017,
    2020,
    2024,
    2025
  ],
  "fill_contract": "adverse_bar",
  "horizon_calendar_days": 30,
  "manifest": "artifacts\\ftmo_joint_eleven_sleeve_incumbent_weight_path_manifest_2026-07-12.json",
  "results": [
    {
      "daily_stop": 4500.0,
      "full_risk_room": 4000.0,
      "historical_rolling": {
        "daily_breach_pct": 23.316355404640635,
        "max_breach_pct": 13.46915676287493,
        "not_reached_pct": 13.921901528013583,
        "pass_ci95_pct": [
          46.96557458654941,
          51.62266718543571
        ],
        "pass_pct": 49.29258630447085,
        "runs": 1767
      },
      "mean_accepted_entries": 29.86361063950198,
      "mean_blocked_entries": 1.3491794001131863,
      "mean_ending_balance": 102121.19791730636,
      "mean_minimum_equity": 93980.3749817265,
      "mean_stop_events": 1.6989247311827957,
      "mean_trading_days": 9.584606677985287,
      "nominal_peak_risk_pct": 25.000000000000007,
      "nominal_risk_pct": 25.000000000000007,
      "open_risk_limit_ratio": 0.0,
      "peak_risk_multiplier": 25.0,
      "profit_risk_steps": [],
      "risk_multiplier": 25.0,
      "room_retention": 0.2,
      "scenario": "path_01_11095_gbpusd_down2",
      "start_windows": 1767
    },
    {
      "daily_stop": 4500.0,
      "full_risk_room": 4000.0,
      "historical_rolling": {
        "daily_breach_pct": 0.0,
        "max_breach_pct": 0.0,
        "not_reached_pct": 83.1918505942275,
        "pass_ci95_pct": [
          15.137023436428526,
          18.623280505112994
        ],
        "pass_pct": 16.808149405772497,
        "runs": 1767
      },
      "mean_accepted_entries": 38.04980192416525,
      "mean_blocked_entries": 29.9830220713073,
      "mean_ending_balance": 100909.77339354614,
      "mean_minimum_equity": 95961.66067909209,
      "mean_stop_events": 0.001697792869269949,
      "mean_trading_days": 15.928692699490663,
      "nominal_peak_risk_pct": 25.000000000000007,
      "nominal_risk_pct": 25.000000000000007,
      "open_risk_limit_ratio": 0.5,
      "peak_risk_multiplier": 25.0,
      "profit_risk_steps": [],
      "risk_multiplier": 25.0,
      "room_retention": 0.2,
      "scenario": "path_01_11095_gbpusd_down2",
      "start_windows": 1767
    },
    {
      "daily_stop": 4500.0,
      "full_risk_room": 4000.0,
      "historical_rolling": {
        "daily_breach_pct": 0.5659309564233164,
        "max_breach_pct": 0.9620826259196379,
        "not_reached_pct": 63.1578947368421,
        "pass_ci95_pct": [
          33.11966038385528,
          37.57223880255569
        ],
        "pass_pct": 35.31409168081494,
        "runs": 1767
      },
      "mean_accepted_entries": 43.02150537634409,
      "mean_blocked_entries": 16.429541595925297,
      "mean_ending_balance": 101900.5886028308,
      "mean_minimum_equity": 94830.67552642469,
      "mean_stop_events": 0.03621958121109225,
      "mean_trading_days": 16.203735144312393,
      "nominal_peak_risk_pct": 25.000000000000007,
      "nominal_risk_pct": 25.000000000000007,
      "open_risk_limit_ratio": 0.75,
      "peak_risk_multiplier": 25.0,
      "profit_risk_steps": [],
      "risk_multiplier": 25.0,
      "room_retention": 0.2,
      "scenario": "path_01_11095_gbpusd_down2",
      "start_windows": 1767
    },
    {
      "daily_stop": 4500.0,
      "full_risk_room": 4000.0,
      "historical_rolling": {
        "daily_breach_pct": 0.5659309564233164,
        "max_breach_pct": 0.6791171477079796,
        "not_reached_pct": 51.49971703452179,
        "pass_ci95_pct": [
          44.93591405727535,
          49.5864640180269
        ],
        "pass_pct": 47.25523486134692,
        "runs": 1767
      },
      "mean_accepted_entries": 38.99660441426146,
      "mean_blocked_entries": 14.276740237691001,
      "mean_ending_balance": 102282.7484030961,
      "mean_minimum_equity": 94072.04651337734,
      "mean_stop_events": 0.2320316921335597,
      "mean_trading_days": 14.538200339558573,
      "nominal_peak_risk_pct": 25.000000000000007,
      "nominal_risk_pct": 25.000000000000007,
      "open_risk_limit_ratio": 1.0,
      "peak_risk_multiplier": 25.0,
      "profit_risk_steps": [],
      "risk_multiplier": 25.0,
      "room_retention": 0.2,
      "scenario": "path_01_11095_gbpusd_down2",
      "start_windows": 1767
    },
    {
      "daily_stop": 4500.0,
      "full_risk_room": 4000.0,
      "historical_rolling": {
        "daily_breach_pct": 2.1505376344086025,
        "max_breach_pct": 3.5653650254668934,
        "not_reached_pct": 44.76513865308432,
        "pass_ci95_pct": [
          47.19133086186354,
          51.848673543086356
        ],
        "pass_pct": 49.51895868704018,
        "runs": 1767
      },
      "mean_accepted_entries": 37.89247311827957,
      "mean_blocked_entries": 12.117147707979626,
      "mean_ending_balance": 102036.75048843915,
      "mean_minimum_equity": 93672.0861451143,
      "mean_stop_events": 0.5732880588568194,
      "mean_trading_days": 13.766836445953594,
      "nominal_peak_risk_pct": 25.000000000000007,
      "nominal_risk_pct": 25.000000000000007,
      "open_risk_limit_ratio": 1.25,
      "peak_risk_multiplier": 25.0,
      "profit_risk_steps": [],
      "risk_multiplier": 25.0,
      "room_retention": 0.2,
      "scenario": "path_01_11095_gbpusd_down2",
      "start_windows": 1767
    },
    {
      "daily_stop": 4500.0,
      "full_risk_room": 4000.0,
      "historical_rolling": {
        "daily_breach_pct": 5.376344086021505,
        "max_breach_pct": 5.715902659875495,
        "not_reached_pct": 38.8228636106395,
        "pass_ci95_pct": [
          47.75592995722465,
          52.413481030137135
        ],
        "pass_pct": 50.08488964346349,
        "runs": 1767
      },
      "mean_accepted_entries": 36.81211092246746,
      "mean_blocked_entries": 9.350877192982455,
      "mean_ending_balance": 102167.79845427696,
      "mean_minimum_equity": 93597.13334283348,
      "mean_stop_events": 0.8681380871533673,
      "mean_trading_days": 12.990379173740804,
      "nominal_peak_risk_pct": 25.000000000000007,
      "nominal_risk_pct": 25.000000000000007,
      "open_risk_limit_ratio": 1.5,
      "peak_risk_multiplier": 25.0,
      "profit_risk_steps": [],
      "risk_multiplier": 25.0,
      "room_retention": 0.2,
      "scenario": "path_01_11095_gbpusd_down2",
      "start_windows": 1767
    },
    {
      "daily_stop": 4500.0,
      "full_risk_room": 4000.0,
      "historical_rolling": {
        "daily_breach_pct": 11.205432937181664,
        "max_breach_pct": 10.469722693831352,
        "not_reached_pct": 26.202603282399544,
        "pass_ci95_pct": [
          49.79095256829576,
          54.44432211574891
        ],
        "pass_pct": 52.12224108658744,
        "runs": 1767
      },
      "mean_accepted_entries": 34.71250707413696,
      "mean_blocked_entries": 5.9083191850594226,
      "mean_ending_balance": 102191.83076339458,
      "mean_minimum_equity": 93554.45730400298,
      "mean_stop_events": 1.375778155065082,
      "mean_trading_days": 11.855687606112054,
      "nominal_peak_risk_pct": 25.000000000000007,
      "nominal_risk_pct": 25.000000000000007,
      "open_risk_limit_ratio": 2.0,
      "peak_risk_multiplier": 25.0,
      "profit_risk_steps": [],
      "risk_multiplier": 25.0,
      "room_retention": 0.2,
      "scenario": "path_01_11095_gbpusd_down2",
      "start_windows": 1767
    },
    {
      "daily_stop": 4500.0,
      "full_risk_room": 4000.0,
      "historical_rolling": {
        "daily_breach_pct": 18.27956989247312,
        "max_breach_pct": 13.978494623655912,
        "not_reached_pct": 17.770232031692135,
        "pass_ci95_pct": [
          47.64298632202784,
          52.30054334885158
        ],
        "pass_pct": 49.971703452178836,
        "runs": 1767
      },
      "mean_accepted_entries": 31.71646859083192,