{
  "basis": "fresh_start_entry_sized_m15_trade_cancellation_governor",
  "excluded_years": [
    2017,
    2018,
    2019,
    2020,
    2021,
    2022,
    2023
  ],
  "fill_contract": "adverse_bar",
  "horizon_calendar_days": 30,
  "manifest": "artifacts\\ftmo_joint_seven_sleeve_10715_manifest_2026-07-11.json",
  "results": [
    {
      "daily_stop": 4500.0,
      "full_risk_room": 4000.0,
      "historical_rolling": {
        "daily_breach_pct": 23.823109843081312,
        "max_breach_pct": 13.55206847360913,
        "not_reached_pct": 17.68901569186876,
        "pass_ci95_pct": [
          41.29104384119871,
          48.63576890350082
        ],
        "pass_pct": 44.935805991440795,
        "runs": 701
      },
      "mean_accepted_entries": 13.466476462196862,
      "mean_blocked_entries": 0.6191155492154066,
      "mean_ending_balance": 101416.57589721384,
      "mean_minimum_equity": 94187.41805871474,
      "mean_stop_events": 1.4693295292439372,
      "mean_trading_days": 7.8644793152639085,
      "nominal_risk_pct": 25.0,
      "risk_multiplier": 25.0,
      "room_retention": 0.2,
      "scenario": "ea10715_03",
      "start_windows": 701
    }
  ],
  "schema_version": 1,
  "start_windows": 701,
  "status": "RESEARCH_ONLY",
  "timestamp_basis": "darwinex_broker_wall",
  "trade_paths": 795
}
