{
  "basis": "fresh_start_entry_sized_m15_trade_cancellation_governor",
  "excluded_years": [
    2017,
    2020,
    2024,
    2025
  ],
  "fill_contract": "ideal_threshold_inside_m15_bar",
  "horizon_calendar_days": 30,
  "manifest": "artifacts\\ftmo_joint_eleven_sleeve_incumbent_weight_path_manifest_2026-07-12.json",
  "results": [
    {
      "daily_stop": 4500.0,
      "full_risk_room": 4000.0,
      "historical_rolling": {
        "daily_breach_pct": 0.0,
        "max_breach_pct": 0.0,
        "not_reached_pct": 43.803056027164686,
        "pass_ci95_pct": [
          53.87263827762688,
          58.494363799783514
        ],
        "pass_pct": 56.196943972835314,
        "runs": 1767
      },
      "mean_accepted_entries": 41.84719864176571,
      "mean_blocked_entries": 5.7900396151669495,
      "mean_ending_balance": 102526.9834973402,
      "mean_minimum_equity": 93130.8032408132,
      "mean_stop_events": 2.3576683644595358,
      "mean_trading_days": 13.695529145444256,
      "nominal_peak_risk_pct": 25.000000000000007,
      "nominal_risk_pct": 25.000000000000007,
      "open_risk_limit_ratio": 3.1,
      "peak_risk_multiplier": 25.0,
      "profit_risk_steps": [],
      "risk_multiplier": 25.0,
      "room_retention": 0.2,
      "scenario": "path_01_11095_gbpusd_down2",
      "start_windows": 1767
    },
    {
      "daily_stop": 4500.0,
      "full_risk_room": 4000.0,
      "historical_rolling": {
        "daily_breach_pct": 0.0,
        "max_breach_pct": 0.0,
        "not_reached_pct": 43.689869835880025,
        "pass_ci95_pct": [
          53.986242038428486,
          58.606641355464305
        ],
        "pass_pct": 56.310130164119975,
        "runs": 1767
      },
      "mean_accepted_entries": 41.816638370118845,
      "mean_blocked_entries": 5.740803621958121,
      "mean_ending_balance": 102572.39087790826,
      "mean_minimum_equity": 93146.06203346408,
      "mean_stop_events": 2.390492359932088,
      "mean_trading_days": 13.653084323712507,
      "nominal_peak_risk_pct": 25.000000000000007,
      "nominal_risk_pct": 25.000000000000007,
      "open_risk_limit_ratio": 3.25,
      "peak_risk_multiplier": 25.0,
      "profit_risk_steps": [],
      "risk_multiplier": 25.0,
      "room_retention": 0.2,
      "scenario": "path_01_11095_gbpusd_down2",
      "start_windows": 1767
    },
    {
      "daily_stop": 4500.0,
      "full_risk_room": 4000.0,
      "historical_rolling": {
        "daily_breach_pct": 0.0,
        "max_breach_pct": 0.0,
        "not_reached_pct": 43.52009054895303,
        "pass_ci95_pct": [
          54.15667055317505,
          58.775034815441316
        ],
        "pass_pct": 56.47990945104697,
        "runs": 1767
      },
      "mean_accepted_entries": 41.70118845500849,
      "mean_blocked_entries": 5.751556310130164,
      "mean_ending_balance": 102555.66568874902,
      "mean_minimum_equity": 93150.54973180413,
      "mean_stop_events": 2.380871533672892,
      "mean_trading_days": 13.591963780418789,
      "nominal_peak_risk_pct": 25.000000000000007,
      "nominal_risk_pct": 25.000000000000007,
      "open_risk_limit_ratio": 3.4,
      "peak_risk_multiplier": 25.0,
      "profit_risk_steps": [],
      "risk_multiplier": 25.0,
      "room_retention": 0.2,
      "scenario": "path_01_11095_gbpusd_down2",
      "start_windows": 1767
    },
    {
      "daily_stop": 4500.0,
      "full_risk_room": 4000.0,
      "historical_rolling": {
        "daily_breach_pct": 0.0,
        "max_breach_pct": 0.0,
        "not_reached_pct": 43.803056027164686,
        "pass_ci95_pct": [
          53.87263827762688,
          58.494363799783514
        ],
        "pass_pct": 56.196943972835314,
        "runs": 1767
      },
      "mean_accepted_entries": 41.81041312959819,
      "mean_blocked_entries": 5.696661007357102,
      "mean_ending_balance": 102460.97929352985,
      "mean_minimum_equity": 93124.12467364746,
      "mean_stop_events": 2.424448217317487,
      "mean_trading_days": 13.620260328239954,
      "nominal_peak_risk_pct": 25.000000000000007,
      "nominal_risk_pct": 25.000000000000007,
      "open_risk_limit_ratio": 3.5,
      "peak_risk_multiplier": 25.0,
      "profit_risk_steps": [],
      "risk_multiplier": 25.0,
      "room_retention": 0.2,
      "scenario": "path_01_11095_gbpusd_down2",
      "start_windows": 1767
    },
    {
      "daily_stop": 4500.0,
      "full_risk_room": 4000.0,
      "historical_rolling": {
        "daily_breach_pct": 0.0,
        "max_breach_pct": 0.0,
        "not_reached_pct": 43.52009054895303,
        "pass_ci95_pct": [
          54.15667055317505,
          58.775034815441316
        ],
        "pass_pct": 56.47990945104697,
        "runs": 1767
      },
      "mean_accepted_entries": 41.75664968873797,
      "mean_blocked_entries": 5.621958121109225,
      "mean_ending_balance": 102511.06306798285,
      "mean_minimum_equity": 93129.1203965429,
      "mean_stop_events": 2.420486700622524,
      "mean_trading_days": 13.597623089983022,
      "nominal_peak_risk_pct": 25.000000000000007,
      "nominal_risk_pct": 25.000000000000007,
      "open_risk_limit_ratio": 3.6,
      "peak_risk_multiplier": 25.0,
      "profit_risk_steps": [],
      "risk_multiplier": 25.0,
      "room_retention": 0.2,
      "scenario": "path_01_11095_gbpusd_down2",
      "start_windows": 1767
    },
    {
      "daily_stop": 4500.0,
      "full_risk_room": 4000.0,
      "historical_rolling": {
        "daily_breach_pct": 0.0,
        "max_breach_pct": 0.0,
        "not_reached_pct": 43.91624221844935,
        "pass_ci95_pct": [
          53.759046703772114,
          58.3820740571559
        ],
        "pass_pct": 56.083757781550645,
        "runs": 1767
      },
      "mean_accepted_entries": 42.078098471986415,
      "mean_blocked_entries": 5.366723259762309,
      "mean_ending_balance": 102435.77634386311,
      "mean_minimum_equity": 93120.32628115134,
      "mean_stop_events": 2.461799660441426,
      "mean_trading_days": 13.66383701188455,
      "nominal_peak_risk_pct": 25.000000000000007,
      "nominal_risk_pct": 25.000000000000007,
      "open_risk_limit_ratio": 3.75,
      "peak_risk_multiplier": 25.0,
      "profit_risk_steps": [],
      "risk_multiplier": 25.0,
      "room_retention": 0.2,
      "scenario": "path_01_11095_gbpusd_down2",
      "start_windows": 1767
    },
    {
      "daily_stop": 4500.0,
      "full_risk_room": 4000.0,
      "historical_rolling": {
        "daily_breach_pct": 0.0,
        "max_breach_pct": 0.0,
        "not_reached_pct": 43.35031126202603,
        "pass_ci95_pct": [
          54.32712654851481,
          58.943400794825116
        ],
        "pass_pct": 56.64968873797397,
        "runs": 1767
      },
      "mean_accepted_entries": 42.038483305036785,
      "mean_blocked_entries": 5.139219015280136,
      "mean_ending_balance": 102553.76915270169,
      "mean_minimum_equity": 93139.70251580879,
      "mean_stop_events": 2.4538766270515,
      "mean_trading_days": 13.6383701188455,
      "nominal_peak_risk_pct": 25.000000000000007,
      "nominal_risk_pct": 25.000000000000007,
      "open_risk_limit_ratio": 3.9,
      "peak_risk_multiplier": 25.0,
      "profit_risk_steps": [],
      "risk_multiplier": 25.0,
      "room_retention": 0.2,
      "scenario": "path_01_11095_gbpusd_down2",
      "start_windows": 1767
    }
  ],
  "schema_version": 1,
  "start_windows": 1767,
  "status": "RESEARCH_ONLY",
  "timestamp_basis": "darwinex_broker_wall",
  "trade_paths": 4495
}
