{
  "basis": "fresh_start_entry_sized_m15_trade_cancellation_governor",
  "excluded_years": [
    2017,
    2020,
    2023,
    2024,
    2025,
    2026
  ],
  "fill_contract": "ideal_threshold_inside_m15_bar",
  "horizon_calendar_days": 30,
  "manifest": "artifacts\\ftmo_joint_eleven_sleeve_incumbent_weight_path_manifest_2026-07-12.json",
  "results": [
    {
      "daily_stop": 4500.0,
      "elapsed_risk_steps": [],
      "full_risk_room": 4000.0,
      "historical_rolling": {
        "daily_breach_pct": 0.0,
        "max_breach_pct": 0.0,
        "not_reached_pct": 45.72039942938659,
        "pass_ci95_pct": [
          51.66380675944527,
          56.87200638271822
        ],
        "pass_pct": 54.279600570613404,
        "runs": 1402
      },
      "mean_accepted_entries": 45.26747503566334,
      "mean_blocked_entries": 3.021398002853067,
      "mean_ending_balance": 102805.79059741308,
      "mean_minimum_equity": 93496.48996850949,
      "mean_stop_events": 1.781740370898716,
      "mean_trading_days": 14.163338088445078,
      "nominal_peak_risk_pct": 40.00000000000001,
      "nominal_risk_pct": 20.000000000000004,
      "open_risk_limit_ratio": 0.0,
      "peak_risk_multiplier": 40.0,
      "profit_risk_steps": [
        {
          "profit_threshold": 1000.0,
          "risk_multiplier": 25.0
        },
        {
          "profit_threshold": 4000.0,
          "risk_multiplier": 30.0
        },
        {
          "profit_threshold": 7000.0,
          "risk_multiplier": 40.0
        }
      ],
      "risk_multiplier": 20.0,
      "room_retention": 0.2,
      "scenario": "path_01_11095_gbpusd_down2",
      "start_windows": 1402
    },
    {
      "daily_stop": 4500.0,
      "elapsed_risk_steps": [],
      "full_risk_room": 4000.0,
      "historical_rolling": {
        "daily_breach_pct": 0.0,
        "max_breach_pct": 0.0,
        "not_reached_pct": 44.79315263908702,
        "pass_ci95_pct": [
          52.593126308036844,
          57.79211301492876
        ],
        "pass_pct": 55.20684736091298,
        "runs": 1402
      },
      "mean_accepted_entries": 45.30813124108417,
      "mean_blocked_entries": 2.9372325249643367,
      "mean_ending_balance": 102938.59271504852,
      "mean_minimum_equity": 93574.83942020097,
      "mean_stop_events": 1.7446504992867333,
      "mean_trading_days": 14.137660485021398,
      "nominal_peak_risk_pct": 45.00000000000001,
      "nominal_risk_pct": 20.000000000000004,
      "open_risk_limit_ratio": 0.0,
      "peak_risk_multiplier": 45.0,
      "profit_risk_steps": [
        {
          "profit_threshold": 2000.0,
          "risk_multiplier": 25.0
        },
        {
          "profit_threshold": 5000.0,
          "risk_multiplier": 35.0
        },
        {
          "profit_threshold": 8000.0,
          "risk_multiplier": 45.0
        }
      ],
      "risk_multiplier": 20.0,
      "room_retention": 0.2,
      "scenario": "path_01_11095_gbpusd_down2",
      "start_windows": 1402
    }
  ],
  "schema_version": 1,
  "start_windows": 1402,
  "status": "RESEARCH_ONLY",
  "timestamp_basis": "darwinex_broker_wall",
  "trade_paths": 3584
}
