{
  "basis": "fresh_start_entry_sized_m15_trade_cancellation_governor",
  "excluded_years": [
    2017,
    2020,
    2023,
    2024,
    2025
  ],
  "fill_contract": "ideal_threshold_inside_m15_bar",
  "horizon_calendar_days": 30,
  "manifest": "artifacts\\ftmo_joint_eleven_sleeve_incumbent_weight_path_manifest_2026-07-12.json",
  "results": [
    {
      "daily_stop": 4500.0,
      "elapsed_risk_steps": [],
      "full_risk_room": 4000.0,
      "historical_rolling": {
        "daily_breach_pct": 0.0,
        "max_breach_pct": 0.0,
        "not_reached_pct": 42.65335235378031,
        "pass_ci95_pct": [
          54.74119754326519,
          59.911948350782176
        ],
        "pass_pct": 57.34664764621969,
        "runs": 1402
      },
      "mean_accepted_entries": 44.00998573466477,
      "mean_blocked_entries": 3.304564907275321,
      "mean_ending_balance": 103254.34823314818,
      "mean_minimum_equity": 93470.610205536,
      "mean_stop_events": 2.041369472182596,
      "mean_trading_days": 13.832382310984308,
      "nominal_peak_risk_pct": 40.00000000000001,
      "nominal_risk_pct": 22.000000000000004,
      "open_risk_limit_ratio": 0.0,
      "peak_risk_multiplier": 40.0,
      "profit_risk_steps": [
        {
          "profit_threshold": 2000.0,
          "risk_multiplier": 25.0
        },
        {
          "profit_threshold": 5000.0,
          "risk_multiplier": 32.0
        },
        {
          "profit_threshold": 8000.0,
          "risk_multiplier": 40.0
        }
      ],
      "risk_multiplier": 22.0,
      "room_retention": 0.2,
      "scenario": "path_01_11095_gbpusd_down2",
      "start_windows": 1402
    },
    {
      "daily_stop": 4500.0,
      "elapsed_risk_steps": [],
      "full_risk_room": 4000.0,
      "historical_rolling": {
        "daily_breach_pct": 0.0,
        "max_breach_pct": 0.0,
        "not_reached_pct": 43.295292439372325,
        "pass_ci95_pct": [
          54.096262232636896,
          59.27651169008593
        ],
        "pass_pct": 56.704707560627675,
        "runs": 1402
      },
      "mean_accepted_entries": 44.34807417974322,
      "mean_blocked_entries": 3.4044222539229674,
      "mean_ending_balance": 103112.22938419515,
      "mean_minimum_equity": 93412.40456929921,
      "mean_stop_events": 2.049928673323823,
      "mean_trading_days": 13.947931526390871,
      "nominal_peak_risk_pct": 45.00000000000001,
      "nominal_risk_pct": 22.000000000000004,
      "open_risk_limit_ratio": 0.0,
      "peak_risk_multiplier": 45.0,
      "profit_risk_steps": [
        {
          "profit_threshold": 3000.0,
          "risk_multiplier": 27.0
        },
        {
          "profit_threshold": 6000.0,
          "risk_multiplier": 35.0
        },
        {
          "profit_threshold": 8500.0,
          "risk_multiplier": 45.0
        }
      ],
      "risk_multiplier": 22.0,
      "room_retention": 0.2,
      "scenario": "path_01_11095_gbpusd_down2",
      "start_windows": 1402
    }
  ],
  "schema_version": 1,
  "start_windows": 1402,
  "status": "RESEARCH_ONLY",
  "timestamp_basis": "darwinex_broker_wall",
  "trade_paths": 3584
}
