{
  "basis": "fresh_start_entry_sized_m15_trade_cancellation_governor",
  "excluded_years": [
    2017,
    2018,
    2019,
    2020,
    2021,
    2022,
    2023
  ],
  "fill_contract": "ideal_threshold_inside_m15_bar",
  "horizon_calendar_days": 30,
  "manifest": "artifacts\\ftmo_joint_twelve_sleeve_11095_down2_10692_tca_manifest_2026-07-12.json",
  "results": [
    {
      "daily_stop": 4500.0,
      "full_risk_room": 4000.0,
      "historical_rolling": {
        "daily_breach_pct": 0.0,
        "max_breach_pct": 0.0,
        "not_reached_pct": 30.099857346647646,
        "pass_ci95_pct": [
          66.40366250755213,
          73.1797071294736
        ],
        "pass_pct": 69.90014265335235,
        "runs": 701
      },
      "mean_accepted_entries": 38.26533523537803,
      "mean_blocked_entries": 2.803138373751783,
      "mean_ending_balance": 105511.22381164346,
      "mean_minimum_equity": 93674.49398428194,
      "mean_stop_events": 2.2296718972895864,
      "mean_trading_days": 12.01283880171184,
      "nominal_peak_risk_pct": 25.000000000000007,
      "nominal_risk_pct": 25.000000000000007,
      "peak_risk_multiplier": 25.0,
      "profit_risk_steps": [],
      "risk_multiplier": 25.0,
      "room_retention": 0.2,
      "scenario": "path_01_11095_down2_control",
      "start_windows": 701
    },
    {
      "daily_stop": 4500.0,
      "full_risk_room": 4000.0,
      "historical_rolling": {
        "daily_breach_pct": 0.0,
        "max_breach_pct": 0.0,
        "not_reached_pct": 31.098430813124107,
        "pass_ci95_pct": [
          65.37967726590843,
          72.21743009542426
        ],
        "pass_pct": 68.90156918687589,
        "runs": 701
      },
      "mean_accepted_entries": 41.74037089871612,
      "mean_blocked_entries": 2.6476462196861625,
      "mean_ending_balance": 105363.49473282484,
      "mean_minimum_equity": 93558.34401649964,
      "mean_stop_events": 2.3238231098430813,
      "mean_trading_days": 12.398002853067046,
      "nominal_peak_risk_pct": 25.0,
      "nominal_risk_pct": 25.0,
      "peak_risk_multiplier": 25.0,
      "profit_risk_steps": [],
      "risk_multiplier": 25.0,
      "room_retention": 0.2,
      "scenario": "path_01_plus_10692_tca_03",
      "start_windows": 701
    }
  ],
  "schema_version": 1,
  "start_windows": 701,
  "status": "RESEARCH_ONLY",
  "timestamp_basis": "darwinex_broker_wall",
  "trade_paths": 1897
}
