{
  "basis": "fresh_start_entry_sized_m15_trade_cancellation_governor",
  "excluded_years": [
    2017,
    2020,
    2024,
    2025
  ],
  "fill_contract": "ideal_threshold_inside_m15_bar",
  "horizon_calendar_days": 30,
  "manifest": "artifacts\\ftmo_joint_eleven_sleeve_10375_11708_1142_manifest_2026-07-12.json",
  "results": [
    {
      "daily_stop": 4500.0,
      "full_risk_room": 4000.0,
      "historical_rolling": {
        "daily_breach_pct": 0.0,
        "max_breach_pct": 0.0,
        "not_reached_pct": 45.27447651386531,
        "pass_ci95_pct": [
          52.39689485530569,
          57.03365010783376
        ],
        "pass_pct": 54.72552348613468,
        "runs": 1767
      },
      "mean_accepted_entries": 43.74589700056593,
      "mean_blocked_entries": 3.735144312393888,
      "mean_ending_balance": 102256.57553863892,
      "mean_minimum_equity": 93039.83485431776,
      "mean_stop_events": 2.3655913978494625,
      "mean_trading_days": 13.835314091680814,
      "nominal_peak_risk_pct": 24.999999999999996,
      "nominal_risk_pct": 24.999999999999996,
      "peak_risk_multiplier": 25.0,
      "profit_risk_steps": [],
      "risk_multiplier": 25.0,
      "room_retention": 0.1,
      "scenario": "anchor_plus_1142_05",
      "start_windows": 1767
    },
    {
      "daily_stop": 4500.0,
      "full_risk_room": 4000.0,
      "historical_rolling": {
        "daily_breach_pct": 0.0,
        "max_breach_pct": 0.0,
        "not_reached_pct": 45.331069609507644,
        "pass_ci95_pct": [
          52.34017634380752,
          56.97742796109073
        ],
        "pass_pct": 54.66893039049236,
        "runs": 1767
      },
      "mean_accepted_entries": 43.59366157328806,
      "mean_blocked_entries": 3.9388794567062817,
      "mean_ending_balance": 102219.39386219959,
      "mean_minimum_equity": 93059.9629680065,
      "mean_stop_events": 2.7198641765704585,
      "mean_trading_days": 13.893039049235993,
      "nominal_peak_risk_pct": 24.999999999999996,
      "nominal_risk_pct": 24.999999999999996,
      "peak_risk_multiplier": 25.0,
      "profit_risk_steps": [],
      "risk_multiplier": 25.0,
      "room_retention": 0.2,
      "scenario": "anchor_plus_1142_05",
      "start_windows": 1767
    },
    {
      "daily_stop": 4500.0,
      "full_risk_room": 4500.0,
      "historical_rolling": {
        "daily_breach_pct": 0.0,
        "max_breach_pct": 0.0,
        "not_reached_pct": 45.331069609507644,
        "pass_ci95_pct": [
          52.34017634380752,
          56.97742796109073
        ],
        "pass_pct": 54.66893039049236,
        "runs": 1767
      },
      "mean_accepted_entries": 43.753254102999435,
      "mean_blocked_entries": 3.9202037351443124,
      "mean_ending_balance": 102358.11446414725,
      "mean_minimum_equity": 93052.41219545998,
      "mean_stop_events": 2.0345217883418223,
      "mean_trading_days": 13.774193548387096,
      "nominal_peak_risk_pct": 24.999999999999996,
      "nominal_risk_pct": 24.999999999999996,
      "peak_risk_multiplier": 25.0,
      "profit_risk_steps": [],
      "risk_multiplier": 25.0,
      "room_retention": 0.1,
      "scenario": "anchor_plus_1142_05",
      "start_windows": 1767
    },
    {
      "daily_stop": 4500.0,
      "full_risk_room": 4500.0,
      "historical_rolling": {
        "daily_breach_pct": 0.0,
        "max_breach_pct": 0.0,
        "not_reached_pct": 45.50084889643464,
        "pass_ci95_pct": [
          52.170038902898554,
          56.808743427276134
        ],
        "pass_pct": 54.49915110356537,
        "runs": 1767
      },
      "mean_accepted_entries": 43.8494623655914,
      "mean_blocked_entries": 3.8845500848896433,
      "mean_ending_balance": 102220.31570591345,
      "mean_minimum_equity": 93066.96148134196,
      "mean_stop_events": 2.3887945670628183,
      "mean_trading_days": 13.876061120543294,
      "nominal_peak_risk_pct": 24.999999999999996,
      "nominal_risk_pct": 24.999999999999996,
      "peak_risk_multiplier": 25.0,
      "profit_risk_steps": [],
      "risk_multiplier": 25.0,
      "room_retention": 0.2,
      "scenario": "anchor_plus_1142_05",
      "start_windows": 1767
    },
    {
      "daily_stop": 4750.0,
      "full_risk_room": 4000.0,
      "historical_rolling": {
        "daily_breach_pct": 0.0,
        "max_breach_pct": 0.0,
        "not_reached_pct": 45.16129032258064,
        "pass_ci95_pct": [
          52.51034093088918,
          57.14608534873265
        ],
        "pass_pct": 54.83870967741935,
        "runs": 1767
      },
      "mean_accepted_entries": 43.83418222976797,
      "mean_blocked_entries": 3.692133559705716,
      "mean_ending_balance": 102284.76872555305,
      "mean_minimum_equity": 93041.21238748005,
      "mean_stop_events": 2.2597623089983023,
      "mean_trading_days": 13.82399547255235,
      "nominal_peak_risk_pct": 24.999999999999996,
      "nominal_risk_pct": 24.999999999999996,
      "peak_risk_multiplier": 25.0,
      "profit_risk_steps": [],
      "risk_multiplier": 25.0,
      "room_retention": 0.1,
      "scenario": "anchor_plus_1142_05",
      "start_windows": 1767
    },
    {
      "daily_stop": 4750.0,
      "full_risk_room": 4000.0,
      "historical_rolling": {
        "daily_breach_pct": 0.0,
        "max_breach_pct": 0.0,
        "not_reached_pct": 45.217883418222975,
        "pass_ci95_pct": [
          52.45361638400592,
          57.089869237374714
        ],
        "pass_pct": 54.78211658177702,
        "runs": 1767
      },
      "mean_accepted_entries": 43.68817204301075,
      "mean_blocked_entries": 3.877758913412564,
      "mean_ending_balance": 102250.61049540695,
      "mean_minimum_equity": 93048.18295976208,
      "mean_stop_events": 2.6129032258064515,
      "mean_trading_days": 13.887945670628183,
      "nominal_peak_risk_pct": 24.999999999999996,
      "nominal_risk_pct": 24.999999999999996,
      "peak_risk_multiplier": 25.0,
      "profit_risk_steps": [],
      "risk_multiplier": 25.0,
      "room_retention": 0.2,
      "scenario": "anchor_plus_1142_05",
      "start_windows": 1767
    },
    {
      "daily_stop": 4750.0,
      "full_risk_room": 4500.0,
      "historical_rolling": {
        "daily_breach_pct": 0.0,
        "max_breach_pct": 0.0,
        "not_reached_pct": 45.38766270514997,
        "pass_ci95_pct": [
          52.28346084854263,
          56.921202798114436
        ],
        "pass_pct": 54.612337294850036,
        "runs": 1767
      },
      "mean_accepted_entries": 43.90152801358234,
      "mean_blocked_entries": 3.7792869269949065,
      "mean_ending_balance": 102348.38801061313,
      "mean_minimum_equity": 93056.26378775085,
      "mean_stop_events": 1.9145444255800792,
      "mean_trading_days": 13.777023203169213,
      "nominal_peak_risk_pct": 24.999999999999996,
      "nominal_risk_pct": 24.999999999999996,
      "peak_risk_multiplier": 25.0,
      "profit_risk_steps": [],
      "risk_multiplier": 25.0,
      "room_retention": 0.1,
      "scenario": "anchor_plus_1142_05",
      "start_windows": 1767
    },
    {
      "daily_stop": 4750.0,
      "full_risk_room": 4500.0,
      "historical_rolling": {
        "daily_breach_pct": 0.0,
        "max_breach_pct": 0.0,
        "not_reached_pct": 45.78381437464629,
        "pass_ci95_pct": [
          51.88653675739733,
          56.52754228157141
        ],
        "pass_pct": 54.21618562535371,
        "runs": 1767
      },
      "mean_accepted_entries": 43.964346349745334,
      "mean_blocked_entries": 3.7826825127334467,
      "mean_ending_balance": 102211.50922453203,
      "mean_minimum_equity": 93070.017236229,
      "mean_stop_events": 2.2903225806451615,
      "mean_trading_days": 13.87549518958687,
      "nominal_peak_risk_pct": 24.999999999999996,
      "nominal_risk_pct": 24.999999999999996,
      "peak_risk_multiplier": 25.0,
      "profit_risk_steps": [],
      "risk_multiplier": 25.0,
      "room_retention": 0.2,
      "scenario": "anchor_plus_1142_05",