{
  "basis": "fresh_start_entry_sized_m15_trade_cancellation_governor",
  "excluded_years": [
    2017,
    2020,
    2024,
    2025
  ],
  "fill_contract": "ideal_threshold_inside_m15_bar",
  "horizon_calendar_days": 30,
  "manifest": "artifacts\\ftmo_joint_eleven_sleeve_incumbent_weight_path_manifest_2026-07-12.json",
  "results": [
    {
      "daily_stop": 4500.0,
      "elapsed_risk_steps": [],
      "full_risk_room": 4000.0,
      "historical_rolling": {
        "daily_breach_pct": 0.0,
        "max_breach_pct": 0.0,
        "not_reached_pct": 43.2937181663837,
        "pass_ci95_pct": [
          54.3839513268506,
          58.99951667473052
        ],
        "pass_pct": 56.7062818336163,
        "runs": 1767
      },
      "mean_accepted_entries": 42.879456706281836,
      "mean_blocked_entries": 3.933786078098472,
      "mean_ending_balance": 102567.74449308756,
      "mean_minimum_equity": 93169.91322255484,
      "mean_stop_events": 2.6751556310130162,
      "mean_trading_days": 13.65365025466893,
      "nominal_peak_risk_pct": 25.000000000000007,
      "nominal_risk_pct": 25.000000000000007,
      "open_risk_limit_ratio": 0.0,
      "peak_risk_multiplier": 25.0,
      "profit_risk_steps": [],
      "risk_multiplier": 25.0,
      "room_retention": 0.2,
      "scenario": "path_01_11095_gbpusd_down2",
      "start_windows": 1767
    },
    {
      "daily_stop": 4500.0,
      "elapsed_risk_steps": [
        {
          "elapsed_calendar_days": 15,
          "risk_multiplier": 30.0
        }
      ],
      "full_risk_room": 4000.0,
      "historical_rolling": {
        "daily_breach_pct": 0.0,
        "max_breach_pct": 0.0,
        "not_reached_pct": 43.97283531409168,
        "pass_ci95_pct": [
          53.7022554837254,
          58.32592461896142
        ],
        "pass_pct": 56.02716468590832,
        "runs": 1767
      },
      "mean_accepted_entries": 42.368986983588,
      "mean_blocked_entries": 4.359366157328806,
      "mean_ending_balance": 102300.20515611298,
      "mean_minimum_equity": 93073.84603008229,
      "mean_stop_events": 2.9915110356536503,
      "mean_trading_days": 13.63327674023769,
      "nominal_peak_risk_pct": 30.000000000000007,
      "nominal_risk_pct": 25.000000000000007,
      "open_risk_limit_ratio": 0.0,
      "peak_risk_multiplier": 30.0,
      "profit_risk_steps": [],
      "risk_multiplier": 25.0,
      "room_retention": 0.2,
      "scenario": "path_01_11095_gbpusd_down2",
      "start_windows": 1767
    },
    {
      "daily_stop": 4500.0,
      "elapsed_risk_steps": [
        {
          "elapsed_calendar_days": 20,
          "risk_multiplier": 30.0
        }
      ],
      "full_risk_room": 4000.0,
      "historical_rolling": {
        "daily_breach_pct": 0.0,
        "max_breach_pct": 0.0,
        "not_reached_pct": 43.40690435766837,
        "pass_ci95_pct": [
          54.27030482771882,
          58.887281857379925
        ],
        "pass_pct": 56.59309564233163,
        "runs": 1767
      },
      "mean_accepted_entries": 42.538766270515,
      "mean_blocked_entries": 4.1997736276174304,
      "mean_ending_balance": 102473.74288305038,
      "mean_minimum_equity": 93136.95381863524,
      "mean_stop_events": 2.8630447085455573,
      "mean_trading_days": 13.637804187889078,
      "nominal_peak_risk_pct": 30.000000000000007,
      "nominal_risk_pct": 25.000000000000007,
      "open_risk_limit_ratio": 0.0,
      "peak_risk_multiplier": 30.0,
      "profit_risk_steps": [],
      "risk_multiplier": 25.0,
      "room_retention": 0.2,
      "scenario": "path_01_11095_gbpusd_down2",
      "start_windows": 1767
    },
    {
      "daily_stop": 4500.0,
      "elapsed_risk_steps": [
        {
          "elapsed_calendar_days": 20,
          "risk_multiplier": 35.0
        }
      ],
      "full_risk_room": 4000.0,
      "historical_rolling": {
        "daily_breach_pct": 0.0,
        "max_breach_pct": 0.0,
        "not_reached_pct": 42.840973401245044,
        "pass_ci95_pct": [
          54.83865979679741,
          59.44833347071323
        ],
        "pass_pct": 57.15902659875495,
        "runs": 1767
      },
      "mean_accepted_entries": 42.21958121109225,
      "mean_blocked_entries": 4.418788907753254,
      "mean_ending_balance": 102516.66452668949,
      "mean_minimum_equity": 93114.89981455769,
      "mean_stop_events": 3.067911714770798,
      "mean_trading_days": 13.615732880588569,
      "nominal_peak_risk_pct": 35.00000000000001,
      "nominal_risk_pct": 25.000000000000007,
      "open_risk_limit_ratio": 0.0,
      "peak_risk_multiplier": 35.0,
      "profit_risk_steps": [],
      "risk_multiplier": 25.0,
      "room_retention": 0.2,
      "scenario": "path_01_11095_gbpusd_down2",
      "start_windows": 1767
    },
    {
      "daily_stop": 4500.0,
      "elapsed_risk_steps": [
        {
          "elapsed_calendar_days": 15,
          "risk_multiplier": 30.0
        },
        {
          "elapsed_calendar_days": 23,
          "risk_multiplier": 35.0
        }
      ],
      "full_risk_room": 4000.0,
      "historical_rolling": {
        "daily_breach_pct": 0.0,
        "max_breach_pct": 0.0,
        "not_reached_pct": 43.63327674023769,
        "pass_ci95_pct": [
          54.043048492206715,
          58.66277555992727
        ],
        "pass_pct": 56.36672325976231,
        "runs": 1767
      },
      "mean_accepted_entries": 42.15846066779853,
      "mean_blocked_entries": 4.534804753820034,
      "mean_ending_balance": 102326.02266891817,
      "mean_minimum_equity": 93063.60472618217,
      "mean_stop_events": 3.1279003961516696,
      "mean_trading_days": 13.624787775891342,
      "nominal_peak_risk_pct": 35.00000000000001,
      "nominal_risk_pct": 25.000000000000007,
      "open_risk_limit_ratio": 0.0,
      "peak_risk_multiplier": 35.0,
      "profit_risk_steps": [],
      "risk_multiplier": 25.0,
      "room_retention": 0.2,
      "scenario": "path_01_11095_gbpusd_down2",
      "start_windows": 1767
    }
  ],
  "schema_version": 1,
  "start_windows": 1767,
  "status": "RESEARCH_ONLY",
  "timestamp_basis": "darwinex_broker_wall",
  "trade_paths": 4495
}
