{
  "basis": "fresh_start_entry_sized_m15_trade_cancellation_governor",
  "excluded_years": [
    2017,
    2020,
    2023,
    2024,
    2025
  ],
  "fill_contract": "adverse_bar",
  "horizon_calendar_days": 30,
  "manifest": "artifacts\\ftmo_joint_eleven_sleeve_incumbent_weight_path_manifest_2026-07-12.json",
  "results": [
    {
      "daily_stop": 4500.0,
      "elapsed_risk_steps": [],
      "full_risk_room": 4000.0,
      "historical_rolling": {
        "daily_breach_pct": 12.553495007132668,
        "max_breach_pct": 7.0613409415121255,
        "not_reached_pct": 33.309557774607704,
        "pass_ci95_pct": [
          44.47439422456287,
          49.692800128292085
        ],
        "pass_pct": 47.07560627674751,
        "runs": 1402
      },
      "mean_accepted_entries": 45.10057061340942,
      "mean_blocked_entries": 0.43295292439372324,
      "mean_ending_balance": 102468.69034755489,
      "mean_minimum_equity": 94357.21650024949,
      "mean_stop_events": 0.760342368045649,
      "mean_trading_days": 13.835948644793152,
      "nominal_peak_risk_pct": 35.00000000000001,
      "nominal_risk_pct": 15.000000000000004,
      "open_risk_limit_ratio": 0.0,
      "peak_risk_multiplier": 35.0,
      "profit_risk_steps": [
        {
          "profit_threshold": 1000.0,
          "risk_multiplier": 20.0
        },
        {
          "profit_threshold": 3000.0,
          "risk_multiplier": 25.0
        },
        {
          "profit_threshold": 6000.0,
          "risk_multiplier": 35.0
        }
      ],
      "risk_multiplier": 15.0,
      "room_retention": 0.2,
      "scenario": "path_01_11095_gbpusd_down2",
      "start_windows": 1402
    },
    {
      "daily_stop": 4500.0,
      "elapsed_risk_steps": [],
      "full_risk_room": 4000.0,
      "historical_rolling": {
        "daily_breach_pct": 11.126961483594865,
        "max_breach_pct": 7.0613409415121255,
        "not_reached_pct": 35.092724679029956,
        "pass_ci95_pct": [
          44.11989125114726,
          49.335985339860734
        ],
        "pass_pct": 46.718972895863054,
        "runs": 1402
      },
      "mean_accepted_entries": 46.6169757489301,
      "mean_blocked_entries": 0.34950071326676174,
      "mean_ending_balance": 102463.69432931289,
      "mean_minimum_equity": 94380.45580487425,
      "mean_stop_events": 0.6911554921540656,
      "mean_trading_days": 14.277460770328103,
      "nominal_peak_risk_pct": 40.00000000000001,
      "nominal_risk_pct": 15.000000000000004,
      "open_risk_limit_ratio": 0.0,
      "peak_risk_multiplier": 40.0,
      "profit_risk_steps": [
        {
          "profit_threshold": 2000.0,
          "risk_multiplier": 20.0
        },
        {
          "profit_threshold": 5000.0,
          "risk_multiplier": 30.0
        },
        {
          "profit_threshold": 8000.0,
          "risk_multiplier": 40.0
        }
      ],
      "risk_multiplier": 15.0,
      "room_retention": 0.2,
      "scenario": "path_01_11095_gbpusd_down2",
      "start_windows": 1402
    }
  ],
  "schema_version": 1,
  "start_windows": 1402,
  "status": "RESEARCH_ONLY",
  "timestamp_basis": "darwinex_broker_wall",
  "trade_paths": 3584
}
