{
  "basis": "fresh_start_entry_sized_m15_trade_cancellation_governor",
  "excluded_years": [
    2017,
    2018,
    2019,
    2020,
    2021,
    2022,
    2023
  ],
  "fill_contract": "ideal_threshold_inside_m15_bar",
  "horizon_calendar_days": 30,
  "manifest": "artifacts\\ftmo_joint_ten_sleeve_10375_10476_manifest_2026-07-12.json",
  "results": [
    {
      "daily_stop": 4500.0,
      "full_risk_room": 4000.0,
      "historical_rolling": {
        "daily_breach_pct": 0.0,
        "max_breach_pct": 0.0,
        "not_reached_pct": 35.805991440798856,
        "pass_ci95_pct": [
          60.576422184691516,
          67.65687730551683
        ],
        "pass_pct": 64.19400855920114,
        "runs": 701
      },
      "mean_accepted_entries": 32.005706134094154,
      "mean_blocked_entries": 2.0770328102710414,
      "mean_ending_balance": 104581.85018351341,
      "mean_minimum_equity": 93670.39355095837,
      "mean_stop_events": 2.2296718972895864,
      "mean_trading_days": 12.80456490727532,
      "nominal_risk_pct": 25.0,
      "risk_multiplier": 25.0,
      "room_retention": 0.2,
      "scenario": "anchor_nine_control",
      "start_windows": 701
    },
    {
      "daily_stop": 4500.0,
      "full_risk_room": 4000.0,
      "historical_rolling": {
        "daily_breach_pct": 0.0,
        "max_breach_pct": 0.0,
        "not_reached_pct": 38.65905848787447,
        "pass_ci95_pct": [
          57.68356505503201,
          64.87469936176761
        ],
        "pass_pct": 61.34094151212553,
        "runs": 701
      },
      "mean_accepted_entries": 32.98573466476462,
      "mean_blocked_entries": 2.320970042796006,
      "mean_ending_balance": 104325.60220166763,
      "mean_minimum_equity": 93833.59025579965,
      "mean_stop_events": 1.6947218259629102,
      "mean_trading_days": 12.855920114122682,
      "nominal_risk_pct": 25.0,
      "risk_multiplier": 25.0,
      "room_retention": 0.2,
      "scenario": "anchor_plus_10476_15",
      "start_windows": 701
    }
  ],
  "schema_version": 1,
  "start_windows": 701,
  "status": "RESEARCH_ONLY",
  "timestamp_basis": "darwinex_broker_wall",
  "trade_paths": 1393
}
