{
  "basis": "fresh_start_entry_sized_m15_trade_cancellation_governor",
  "excluded_years": [
    2017,
    2020,
    2024,
    2025
  ],
  "fill_contract": "ideal_threshold_inside_m15_bar",
  "horizon_calendar_days": 30,
  "manifest": "artifacts\\ftmo_joint_eleven_sleeve_incumbent_weight_path_manifest_2026-07-12.json",
  "results": [
    {
      "daily_stop": 4500.0,
      "full_risk_room": 4000.0,
      "historical_rolling": {
        "daily_breach_pct": 0.0,
        "max_breach_pct": 0.0,
        "not_reached_pct": 46.462931522354275,
        "pass_ci95_pct": [
          51.20643832299788,
          55.852352817076536
        ],
        "pass_pct": 53.53706847764572,
        "runs": 1767
      },
      "mean_accepted_entries": 47.64459535936616,
      "mean_blocked_entries": 2.6808149405772497,
      "mean_ending_balance": 102429.95515175593,
      "mean_minimum_equity": 93539.28096248755,
      "mean_stop_events": 1.6553480475382003,
      "mean_trading_days": 14.796264855687607,
      "nominal_peak_risk_pct": 20.000000000000004,
      "nominal_risk_pct": 20.000000000000004,
      "peak_risk_multiplier": 20.0,
      "profit_risk_steps": [],
      "risk_multiplier": 20.0,
      "room_retention": 0.2,
      "scenario": "path_01_11095_gbpusd_down2",
      "start_windows": 1767
    },
    {
      "daily_stop": 4500.0,
      "full_risk_room": 4000.0,
      "historical_rolling": {
        "daily_breach_pct": 0.0,
        "max_breach_pct": 0.0,
        "not_reached_pct": 45.89700056593096,
        "pass_ci95_pct": [
          51.77315696782478,
          56.41504075466155
        ],
        "pass_pct": 54.10299943406904,
        "runs": 1767
      },
      "mean_accepted_entries": 47.0339558573854,
      "mean_blocked_entries": 2.66893039049236,
      "mean_ending_balance": 102562.55698009553,
      "mean_minimum_equity": 93445.18016730144,
      "mean_stop_events": 1.8970005659309563,
      "mean_trading_days": 14.631013016411998,
      "nominal_peak_risk_pct": 21.000000000000004,
      "nominal_risk_pct": 21.000000000000004,
      "peak_risk_multiplier": 21.0,
      "profit_risk_steps": [],
      "risk_multiplier": 21.0,
      "room_retention": 0.2,
      "scenario": "path_01_11095_gbpusd_down2",
      "start_windows": 1767
    },
    {
      "daily_stop": 4500.0,
      "full_risk_room": 4000.0,
      "historical_rolling": {
        "daily_breach_pct": 0.0,
        "max_breach_pct": 0.0,
        "not_reached_pct": 45.38766270514997,
        "pass_ci95_pct": [
          52.28346084854263,
          56.921202798114436
        ],
        "pass_pct": 54.612337294850036,
        "runs": 1767
      },
      "mean_accepted_entries": 45.864742501414824,
      "mean_blocked_entries": 3.132993774759479,
      "mean_ending_balance": 102531.47203920154,
      "mean_minimum_equity": 93356.85652564175,
      "mean_stop_events": 2.0826259196378043,
      "mean_trading_days": 14.346915676287493,
      "nominal_peak_risk_pct": 22.000000000000004,
      "nominal_risk_pct": 22.000000000000004,
      "peak_risk_multiplier": 22.0,
      "profit_risk_steps": [],
      "risk_multiplier": 22.0,
      "room_retention": 0.2,
      "scenario": "path_01_11095_gbpusd_down2",
      "start_windows": 1767
    },
    {
      "daily_stop": 4500.0,
      "full_risk_room": 4000.0,
      "historical_rolling": {
        "daily_breach_pct": 0.0,
        "max_breach_pct": 0.0,
        "not_reached_pct": 44.595359366157325,
        "pass_ci95_pct": [
          53.077752624363995,
          57.70808023766975
        ],
        "pass_pct": 55.404640633842675,
        "runs": 1767
      },
      "mean_accepted_entries": 44.71760045274476,
      "mean_blocked_entries": 3.4250141482739105,
      "mean_ending_balance": 102491.85419853101,
      "mean_minimum_equity": 93308.9073235856,
      "mean_stop_events": 2.2942840973401246,
      "mean_trading_days": 14.08715336728919,
      "nominal_peak_risk_pct": 23.000000000000004,
      "nominal_risk_pct": 23.000000000000004,
      "peak_risk_multiplier": 23.0,
      "profit_risk_steps": [],
      "risk_multiplier": 23.0,
      "room_retention": 0.2,
      "scenario": "path_01_11095_gbpusd_down2",
      "start_windows": 1767
    },
    {
      "daily_stop": 4500.0,
      "full_risk_room": 4000.0,
      "historical_rolling": {
        "daily_breach_pct": 0.0,
        "max_breach_pct": 0.0,
        "not_reached_pct": 43.35031126202603,
        "pass_ci95_pct": [
          54.32712654851481,
          58.943400794825116
        ],
        "pass_pct": 56.64968873797397,
        "runs": 1767
      },
      "mean_accepted_entries": 43.66779852857951,
      "mean_blocked_entries": 3.6112054329371817,
      "mean_ending_balance": 102658.37698489374,
      "mean_minimum_equity": 93270.1968387529,
      "mean_stop_events": 2.4640633842671193,
      "mean_trading_days": 13.835880022637237,
      "nominal_peak_risk_pct": 24.000000000000007,
      "nominal_risk_pct": 24.000000000000007,
      "peak_risk_multiplier": 24.0,
      "profit_risk_steps": [],
      "risk_multiplier": 24.0,
      "room_retention": 0.2,
      "scenario": "path_01_11095_gbpusd_down2",
      "start_windows": 1767
    },
    {
      "daily_stop": 4500.0,
      "full_risk_room": 4000.0,
      "historical_rolling": {
        "daily_breach_pct": 0.0,
        "max_breach_pct": 0.0,
        "not_reached_pct": 43.2937181663837,
        "pass_ci95_pct": [
          54.3839513268506,
          58.99951667473052
        ],
        "pass_pct": 56.7062818336163,
        "runs": 1767
      },
      "mean_accepted_entries": 42.879456706281836,
      "mean_blocked_entries": 3.933786078098472,
      "mean_ending_balance": 102567.74449308756,
      "mean_minimum_equity": 93169.91322255484,
      "mean_stop_events": 2.6751556310130162,
      "mean_trading_days": 13.65365025466893,
      "nominal_peak_risk_pct": 25.000000000000007,
      "nominal_risk_pct": 25.000000000000007,
      "peak_risk_multiplier": 25.0,
      "profit_risk_steps": [],
      "risk_multiplier": 25.0,
      "room_retention": 0.2,
      "scenario": "path_01_11095_gbpusd_down2",
      "start_windows": 1767
    },
    {
      "daily_stop": 4500.0,
      "full_risk_room": 4000.0,
      "historical_rolling": {
        "daily_breach_pct": 0.0,
        "max_breach_pct": 0.0,
        "not_reached_pct": 45.50084889643464,
        "pass_ci95_pct": [
          52.170038902898554,
          56.808743427276134
        ],
        "pass_pct": 54.49915110356537,
        "runs": 1767
      },
      "mean_accepted_entries": 43.173174872665534,
      "mean_blocked_entries": 4.354838709677419,
      "mean_ending_balance": 102125.72116845923,
      "mean_minimum_equity": 92970.94829100919,
      "mean_stop_events": 3.0,
      "mean_trading_days": 13.851726089417092,
      "nominal_peak_risk_pct": 26.000000000000007,
      "nominal_risk_pct": 26.000000000000007,
      "peak_risk_multiplier": 26.0,
      "profit_risk_steps": [],
      "risk_multiplier": 26.0,
      "room_retention": 0.2,
      "scenario": "path_01_11095_gbpusd_down2",
      "start_windows": 1767
    },
    {
      "daily_stop": 4500.0,
      "full_risk_room": 4000.0,
      "historical_rolling": {
        "daily_breach_pct": 0.0,
        "max_breach_pct": 0.0,
        "not_reached_pct": 46.5195246179966,
        "pass_ci95_pct": [
          51.14978296758454,
          55.796067514248705
        ],
        "pass_pct": 53.4804753820034,
        "runs": 1767
      },
      "mean_accepted_entries": 42.8664402942841,
      "mean_blocked_entries": 4.509337860780985,
      "mean_ending_balance": 101920.9301247752,
      "mean_minimum_equity": 92887.2604950425,
      "mean_stop_events": 3.2014714204867007,
      "mean_trading_days": 13.859649122807017,
      "nominal_peak_risk_pct": 27.000000000000007,
      "nominal_risk_pct": 27.000000000000007,
      "peak_risk_multiplier": 27.0,
      "profit_risk_steps": [],
      "risk_multiplier": 27.0,
      "room_retention": 0.2,