{
  "basis": "fresh_start_entry_sized_m15_trade_cancellation_governor",
  "excluded_years": [
    2020
  ],
  "fill_contract": "ideal_threshold_inside_m15_bar",
  "horizon_calendar_days": 30,
  "manifest": "artifacts\\ftmo_joint_seven_sleeve_manifest_2026-07-11.json",
  "results": [
    {
      "daily_stop": 4500.0,
      "full_risk_room": 4000.0,
      "historical_rolling": {
        "daily_breach_pct": 0.0,
        "max_breach_pct": 0.0,
        "not_reached_pct": 51.02673382409919,
        "pass_ci95_pct": [
          47.047667914794005,
          50.90191619532077
        ],
        "pass_pct": 48.97326617590082,
        "runs": 2581
      },
      "mean_accepted_entries": 12.716001549786904,
      "mean_blocked_entries": 1.645098798915149,
      "mean_ending_balance": 101952.11197826668,
      "mean_minimum_equity": 93189.94349385092,
      "mean_stop_events": 2.572258814413018,
      "mean_trading_days": 9.480433940333205,
      "nominal_risk_pct": 25.0,
      "risk_multiplier": 25.0,
      "room_retention": 0.2,
      "scenario": "six_sleeve_scout_balanced",
      "start_windows": 2581
    },
    {
      "daily_stop": 4500.0,
      "full_risk_room": 4000.0,
      "historical_rolling": {
        "daily_breach_pct": 0.0,
        "max_breach_pct": 0.0,
        "not_reached_pct": 49.59318093762108,
        "pass_ci95_pct": [
          48.47874820426246,
          52.33368073323923
        ],
        "pass_pct": 50.40681906237893,
        "runs": 2581
      },
      "mean_accepted_entries": 14.57535838822162,
      "mean_blocked_entries": 1.5122045718713677,
      "mean_ending_balance": 102154.99957214032,
      "mean_minimum_equity": 93230.70900637264,
      "mean_stop_events": 2.3614877954281286,
      "mean_trading_days": 10.337853545137543,
      "nominal_risk_pct": 25.0,
      "risk_multiplier": 25.0,
      "room_retention": 0.2,
      "scenario": "ws30_fri_05",
      "start_windows": 2581
    },
    {
      "daily_stop": 4500.0,
      "full_risk_room": 4000.0,
      "historical_rolling": {
        "daily_breach_pct": 0.0,
        "max_breach_pct": 0.0,
        "not_reached_pct": 49.67067028283611,
        "pass_ci95_pct": [
          48.401352061135974,
          52.256328507317775
        ],
        "pass_pct": 50.329329717163894,
        "runs": 2581
      },
      "mean_accepted_entries": 14.593955831073227,
      "mean_blocked_entries": 1.3413405656722202,
      "mean_ending_balance": 102273.53047124145,
      "mean_minimum_equity": 93174.8741769903,
      "mean_stop_events": 2.1956605966679583,
      "mean_trading_days": 10.32623014335529,
      "nominal_risk_pct": 25.0,
      "risk_multiplier": 25.0,
      "room_retention": 0.2,
      "scenario": "ws30_fri_10",
      "start_windows": 2581
    },
    {
      "daily_stop": 4500.0,
      "full_risk_room": 4000.0,
      "historical_rolling": {
        "daily_breach_pct": 0.0,
        "max_breach_pct": 0.0,
        "not_reached_pct": 51.14296784192174,
        "pass_ci95_pct": [
          46.93170373837958,
          50.78575781816329
        ],
        "pass_pct": 48.85703215807826,
        "runs": 2581
      },
      "mean_accepted_entries": 14.711739635800077,
      "mean_blocked_entries": 1.1542037969779155,
      "mean_ending_balance": 102250.48158710539,
      "mean_minimum_equity": 93074.67560768031,
      "mean_stop_events": 2.5145292522278186,
      "mean_trading_days": 10.309182487407982,
      "nominal_risk_pct": 25.0,
      "risk_multiplier": 25.0,
      "room_retention": 0.2,
      "scenario": "ws30_fri_15",
      "start_windows": 2581
    },
    {
      "daily_stop": 4500.0,
      "full_risk_room": 4000.0,
      "historical_rolling": {
        "daily_breach_pct": 0.0,
        "max_breach_pct": 0.0,
        "not_reached_pct": 54.74622239442076,
        "pass_ci95_pct": [
          43.34199206167927,
          47.17967033413441
        ],
        "pass_pct": 45.25377760557923,
        "runs": 2581
      },
      "mean_accepted_entries": 15.18752421542038,
      "mean_blocked_entries": 1.0224719101123596,
      "mean_ending_balance": 101891.36923365253,
      "mean_minimum_equity": 92754.6791518599,
      "mean_stop_events": 2.735761332816738,
      "mean_trading_days": 10.511817125145292,
      "nominal_risk_pct": 25.0,
      "risk_multiplier": 25.0,
      "room_retention": 0.2,
      "scenario": "ws30_fri_20",
      "start_windows": 2581
    }
  ],
  "schema_version": 1,
  "start_windows": 2581,
  "status": "RESEARCH_ONLY",
  "timestamp_basis": "darwinex_broker_wall",
  "trade_paths": 2011
}
