{
  "basis": "fresh_start_entry_sized_m15_trade_cancellation_governor",
  "excluded_years": [
    2017,
    2020,
    2024,
    2025
  ],
  "fill_contract": "ideal_threshold_inside_m15_bar",
  "horizon_calendar_days": 30,
  "manifest": "artifacts\\ftmo_joint_twelve_sleeve_11095_down2_12484_raw_manifest_2026-07-12.json",
  "results": [
    {
      "daily_stop": 4500.0,
      "full_risk_room": 4000.0,
      "historical_rolling": {
        "daily_breach_pct": 0.0,
        "max_breach_pct": 0.0,
        "not_reached_pct": 43.2937181663837,
        "pass_ci95_pct": [
          54.3839513268506,
          58.99951667473052
        ],
        "pass_pct": 56.7062818336163,
        "runs": 1767
      },
      "mean_accepted_entries": 42.879456706281836,
      "mean_blocked_entries": 4.212790039615167,
      "mean_ending_balance": 102567.74449308756,
      "mean_minimum_equity": 93169.91322255484,
      "mean_stop_events": 2.6751556310130162,
      "mean_trading_days": 13.65365025466893,
      "nominal_peak_risk_pct": 25.000000000000007,
      "nominal_risk_pct": 25.000000000000007,
      "peak_risk_multiplier": 25.0,
      "profit_risk_steps": [],
      "risk_multiplier": 25.0,
      "room_retention": 0.2,
      "scenario": "path_01_11095_down2_control",
      "start_windows": 1767
    },
    {
      "daily_stop": 4500.0,
      "full_risk_room": 4000.0,
      "historical_rolling": {
        "daily_breach_pct": 0.0,
        "max_breach_pct": 0.0,
        "not_reached_pct": 43.803056027164686,
        "pass_ci95_pct": [
          53.87263827762688,
          58.494363799783514
        ],
        "pass_pct": 56.196943972835314,
        "runs": 1767
      },
      "mean_accepted_entries": 45.816072439162426,
      "mean_blocked_entries": 4.389360498019242,
      "mean_ending_balance": 102455.07749762194,
      "mean_minimum_equity": 93148.22153579145,
      "mean_stop_events": 2.657611771363894,
      "mean_trading_days": 13.778720996038484,
      "nominal_peak_risk_pct": 25.0,
      "nominal_risk_pct": 25.0,
      "peak_risk_multiplier": 25.0,
      "profit_risk_steps": [],
      "risk_multiplier": 25.0,
      "room_retention": 0.2,
      "scenario": "path_01_plus_12484_raw_00p5",
      "start_windows": 1767
    },
    {
      "daily_stop": 4500.0,
      "full_risk_room": 4000.0,
      "historical_rolling": {
        "daily_breach_pct": 0.0,
        "max_breach_pct": 0.0,
        "not_reached_pct": 44.538766270515,
        "pass_ci95_pct": [
          53.134510439513605,
          57.764263080761324
        ],
        "pass_pct": 55.461233729485,
        "runs": 1767
      },
      "mean_accepted_entries": 46.34861346915676,
      "mean_blocked_entries": 4.293718166383702,
      "mean_ending_balance": 102370.65585247696,
      "mean_minimum_equity": 93128.81069084619,
      "mean_stop_events": 2.6706281833616297,
      "mean_trading_days": 13.93152235427278,
      "nominal_peak_risk_pct": 25.0,
      "nominal_risk_pct": 25.0,
      "peak_risk_multiplier": 25.0,
      "profit_risk_steps": [],
      "risk_multiplier": 25.0,
      "room_retention": 0.2,
      "scenario": "path_01_plus_12484_raw_01",
      "start_windows": 1767
    },
    {
      "daily_stop": 4500.0,
      "full_risk_room": 4000.0,
      "historical_rolling": {
        "daily_breach_pct": 0.0,
        "max_breach_pct": 0.0,
        "not_reached_pct": 43.63327674023769,
        "pass_ci95_pct": [
          54.043048492206715,
          58.66277555992727
        ],
        "pass_pct": 56.36672325976231,
        "runs": 1767
      },
      "mean_accepted_entries": 46.06112054329372,
      "mean_blocked_entries": 4.1992076966610075,
      "mean_ending_balance": 102487.15086862406,
      "mean_minimum_equity": 93140.39315353466,
      "mean_stop_events": 2.6106395019807582,
      "mean_trading_days": 13.830220713073006,
      "nominal_peak_risk_pct": 24.999999999999996,
      "nominal_risk_pct": 24.999999999999996,
      "peak_risk_multiplier": 25.0,
      "profit_risk_steps": [],
      "risk_multiplier": 25.0,
      "room_retention": 0.2,
      "scenario": "path_01_plus_12484_raw_02",
      "start_windows": 1767
    },
    {
      "daily_stop": 4500.0,
      "full_risk_room": 4000.0,
      "historical_rolling": {
        "daily_breach_pct": 0.0,
        "max_breach_pct": 0.0,
        "not_reached_pct": 43.35031126202603,
        "pass_ci95_pct": [
          54.32712654851481,
          58.943400794825116
        ],
        "pass_pct": 56.64968873797397,
        "runs": 1767
      },
      "mean_accepted_entries": 46.21618562535371,
      "mean_blocked_entries": 4.125636672325976,
      "mean_ending_balance": 102521.15973809923,
      "mean_minimum_equity": 93126.83086426309,
      "mean_stop_events": 2.5981890209394454,
      "mean_trading_days": 13.876627051499717,
      "nominal_peak_risk_pct": 25.0,
      "nominal_risk_pct": 25.0,
      "peak_risk_multiplier": 25.0,
      "profit_risk_steps": [],
      "risk_multiplier": 25.0,
      "room_retention": 0.2,
      "scenario": "path_01_plus_12484_raw_03",
      "start_windows": 1767
    },
    {
      "daily_stop": 4500.0,
      "full_risk_room": 4000.0,
      "historical_rolling": {
        "daily_breach_pct": 0.0,
        "max_breach_pct": 0.0,
        "not_reached_pct": 43.97283531409168,
        "pass_ci95_pct": [
          53.7022554837254,
          58.32592461896142
        ],
        "pass_pct": 56.02716468590832,
        "runs": 1767
      },
      "mean_accepted_entries": 46.64346349745331,
      "mean_blocked_entries": 3.9564233163554046,
      "mean_ending_balance": 102364.02862198591,
      "mean_minimum_equity": 93108.70848089736,
      "mean_stop_events": 2.6338426711941145,
      "mean_trading_days": 13.988681380871533,
      "nominal_peak_risk_pct": 24.999999999999993,
      "nominal_risk_pct": 24.999999999999993,
      "peak_risk_multiplier": 25.0,
      "profit_risk_steps": [],
      "risk_multiplier": 25.0,
      "room_retention": 0.2,
      "scenario": "path_01_plus_12484_raw_05",
      "start_windows": 1767
    },
    {
      "daily_stop": 4500.0,
      "full_risk_room": 4000.0,
      "historical_rolling": {
        "daily_breach_pct": 0.0,
        "max_breach_pct": 0.0,
        "not_reached_pct": 45.217883418222975,
        "pass_ci95_pct": [
          52.45361638400592,
          57.089869237374714
        ],
        "pass_pct": 54.78211658177702,
        "runs": 1767
      },
      "mean_accepted_entries": 46.40860215053763,
      "mean_blocked_entries": 4.506508205998868,
      "mean_ending_balance": 102041.50910891368,
      "mean_minimum_equity": 92977.60102386122,
      "mean_stop_events": 2.606677985285795,
      "mean_trading_days": 13.932654216185625,
      "nominal_peak_risk_pct": 24.999999999999996,
      "nominal_risk_pct": 24.999999999999996,
      "peak_risk_multiplier": 25.0,
      "profit_risk_steps": [],
      "risk_multiplier": 25.0,
      "room_retention": 0.2,
      "scenario": "path_01_plus_12484_raw_08",
      "start_windows": 1767
    },
    {
      "daily_stop": 4500.0,
      "full_risk_room": 4000.0,
      "historical_rolling": {
        "daily_breach_pct": 0.0,
        "max_breach_pct": 0.0,
        "not_reached_pct": 45.27447651386531,
        "pass_ci95_pct": [
          52.39689485530569,
          57.03365010783376
        ],
        "pass_pct": 54.72552348613468,
        "runs": 1767
      },
      "mean_accepted_entries": 46.80418788907753,
      "mean_blocked_entries": 4.10413129598189,
      "mean_ending_balance": 102033.94434929683,
      "mean_minimum_equity": 92930.17685706212,
      "mean_stop_events": 2.7096774193548385,
      "mean_trading_days": 14.034521788341822,
      "nominal_peak_risk_pct": 24.999999999999996,
      "nominal_risk_pct": 24.999999999999996,
      "peak_risk_multiplier": 25.0,
      "profit_risk_steps": [],
      "risk_multiplier": 25.0,
      "room_retention": 0.2,
      "scenario": "path_01_plus_12484_raw_10",
      "start_windows": 1767
    }
  ],