{
  "basis": "fresh_start_entry_sized_m15_trade_cancellation_governor",
  "excluded_years": [
    2017,
    2020,
    2024,
    2025
  ],
  "fill_contract": "ideal_threshold_inside_m15_bar",
  "horizon_calendar_days": 30,
  "manifest": "artifacts\\ftmo_joint_nine_sleeve_12475_manifest_2026-07-12.json",
  "results": [
    {
      "daily_stop": 4500.0,
      "full_risk_room": 4000.0,
      "historical_rolling": {
        "daily_breach_pct": 0.0,
        "max_breach_pct": 0.0,
        "not_reached_pct": 48.8398415393322,
        "pass_ci95_pct": [
          48.829488477778774,
          53.48579501616566
        ],
        "pass_pct": 51.1601584606678,
        "runs": 1767
      },
      "mean_accepted_entries": 36.65082059988681,
      "mean_blocked_entries": 3.0141482739105827,
      "mean_ending_balance": 101740.14581615187,
      "mean_minimum_equity": 92777.13996721724,
      "mean_stop_events": 2.4476513865308434,
      "mean_trading_days": 14.42161856253537,
      "nominal_risk_pct": 23.0,
      "risk_multiplier": 23.0,
      "room_retention": 0.2,
      "scenario": "anchor_plus_12475_08",
      "start_windows": 1767
    },
    {
      "daily_stop": 4500.0,
      "full_risk_room": 4000.0,
      "historical_rolling": {
        "daily_breach_pct": 0.0,
        "max_breach_pct": 0.0,
        "not_reached_pct": 46.74589700056593,
        "pass_ci95_pct": [
          50.92319152569955,
          55.57089632316894
        ],
        "pass_pct": 53.254102999434075,
        "runs": 1767
      },
      "mean_accepted_entries": 35.827391058290885,
      "mean_blocked_entries": 3.054895302773062,
      "mean_ending_balance": 102111.01861311271,
      "mean_minimum_equity": 92760.00235196482,
      "mean_stop_events": 2.590831918505942,
      "mean_trading_days": 14.234295415959252,
      "nominal_risk_pct": 24.0,
      "risk_multiplier": 24.0,
      "room_retention": 0.2,
      "scenario": "anchor_plus_12475_08",
      "start_windows": 1767
    },
    {
      "daily_stop": 4500.0,
      "full_risk_room": 4000.0,
      "historical_rolling": {
        "daily_breach_pct": 0.0,
        "max_breach_pct": 0.0,
        "not_reached_pct": 47.368421052631575,
        "pass_ci95_pct": [
          50.3003121042597,
          54.95142850395568
        ],
        "pass_pct": 52.63157894736842,
        "runs": 1767
      },
      "mean_accepted_entries": 35.28296547821166,
      "mean_blocked_entries": 3.3604980192416525,
      "mean_ending_balance": 101930.95956526778,
      "mean_minimum_equity": 92680.03603681934,
      "mean_stop_events": 2.7832484436898697,
      "mean_trading_days": 14.074136955291454,
      "nominal_risk_pct": 25.0,
      "risk_multiplier": 25.0,
      "room_retention": 0.2,
      "scenario": "anchor_plus_12475_08",
      "start_windows": 1767
    },
    {
      "daily_stop": 4500.0,
      "full_risk_room": 4000.0,
      "historical_rolling": {
        "daily_breach_pct": 0.0,
        "max_breach_pct": 0.0,
        "not_reached_pct": 48.04753820033956,
        "pass_ci95_pct": [
          49.621219802859976,
          54.27523290646111
        ],
        "pass_pct": 51.95246179966044,
        "runs": 1767
      },
      "mean_accepted_entries": 34.95019807583475,
      "mean_blocked_entries": 3.731748726655348,
      "mean_ending_balance": 101726.53248065304,
      "mean_minimum_equity": 92575.40336424232,
      "mean_stop_events": 2.9977362761743067,
      "mean_trading_days": 14.022071307300509,
      "nominal_risk_pct": 26.0,
      "risk_multiplier": 26.0,
      "room_retention": 0.2,
      "scenario": "anchor_plus_12475_08",
      "start_windows": 1767
    },
    {
      "daily_stop": 4500.0,
      "full_risk_room": 4000.0,
      "historical_rolling": {
        "daily_breach_pct": 0.0,
        "max_breach_pct": 0.0,
        "not_reached_pct": 48.10413129598189,
        "pass_ci95_pct": [
          49.564648182443044,
          54.21886386863686
        ],
        "pass_pct": 51.89586870401811,
        "runs": 1767
      },
      "mean_accepted_entries": 34.378607809847196,
      "mean_blocked_entries": 4.067345783814375,
      "mean_ending_balance": 101716.35914898959,
      "mean_minimum_equity": 92489.04615657355,
      "mean_stop_events": 3.245614035087719,
      "mean_trading_days": 13.898698358800226,
      "nominal_risk_pct": 27.0,
      "risk_multiplier": 27.0,
      "room_retention": 0.2,
      "scenario": "anchor_plus_12475_08",
      "start_windows": 1767
    }
  ],
  "schema_version": 1,
  "start_windows": 1767,
  "status": "RESEARCH_ONLY",
  "timestamp_basis": "darwinex_broker_wall",
  "trade_paths": 3468
}
