{
  "basis": "fresh_start_entry_sized_m15_trade_cancellation_governor",
  "excluded_years": [
    2017,
    2020,
    2023,
    2024,
    2025,
    2026
  ],
  "fill_contract": "adverse_bar",
  "horizon_calendar_days": 30,
  "manifest": "artifacts\\ftmo_joint_twelve_sleeve_11095_down2_10142_sp500_manifest_2026-07-12.json",
  "results": [
    {
      "daily_stop": 4500.0,
      "elapsed_risk_steps": [],
      "full_risk_room": 4000.0,
      "historical_rolling": {
        "daily_breach_pct": 21.255349500713265,
        "max_breach_pct": 12.696148359486447,
        "not_reached_pct": 14.693295292439373,
        "pass_ci95_pct": [
          48.738796344625854,
          53.964211150392586
        ],
        "pass_pct": 51.35520684736091,
        "runs": 1402
      },
      "mean_accepted_entries": 30.257489300998575,
      "mean_blocked_entries": 1.3566333808844508,
      "mean_ending_balance": 102593.41105671867,
      "mean_minimum_equity": 94159.9281766532,
      "mean_stop_events": 1.6355206847360912,
      "mean_trading_days": 9.764621968616263,
      "nominal_peak_risk_pct": 25.000000000000007,
      "nominal_risk_pct": 25.000000000000007,
      "open_risk_limit_ratio": 0.0,
      "peak_risk_multiplier": 25.0,
      "profit_risk_steps": [],
      "risk_multiplier": 25.0,
      "room_retention": 0.2,
      "scenario": "path_01_control",
      "start_windows": 1402
    },
    {
      "daily_stop": 4500.0,
      "elapsed_risk_steps": [],
      "full_risk_room": 4000.0,
      "historical_rolling": {
        "daily_breach_pct": 19.900142653352354,
        "max_breach_pct": 13.623395149786019,
        "not_reached_pct": 16.476462196861625,
        "pass_ci95_pct": [
          47.386335001112705,
          52.61366499888729
        ],
        "pass_pct": 50.0,
        "runs": 1402
      },
      "mean_accepted_entries": 32.32310984308131,
      "mean_blocked_entries": 1.2931526390870185,
      "mean_ending_balance": 102370.46040632066,
      "mean_minimum_equity": 94084.46314276931,
      "mean_stop_events": 1.6975748930099857,
      "mean_trading_days": 10.276034236804565,
      "nominal_peak_risk_pct": 25.0,
      "nominal_risk_pct": 25.0,
      "open_risk_limit_ratio": 0.0,
      "peak_risk_multiplier": 25.0,
      "profit_risk_steps": [],
      "risk_multiplier": 25.0,
      "room_retention": 0.2,
      "scenario": "path_01_plus_10142_sp500_03",
      "start_windows": 1402
    }
  ],
  "schema_version": 1,
  "start_windows": 1402,
  "status": "RESEARCH_ONLY",
  "timestamp_basis": "darwinex_broker_wall",
  "trade_paths": 3609
}
