{
  "basis": "fresh_start_entry_sized_m15_trade_cancellation_governor",
  "excluded_years": [
    2017,
    2020,
    2024,
    2025
  ],
  "fill_contract": "ideal_threshold_inside_m15_bar",
  "horizon_calendar_days": 30,
  "manifest": "artifacts\\ftmo_joint_nine_sleeve_10375_manifest_2026-07-12.json",
  "results": [
    {
      "daily_stop": 4500.0,
      "full_risk_room": 4000.0,
      "historical_rolling": {
        "daily_breach_pct": 0.0,
        "max_breach_pct": 0.0,
        "not_reached_pct": 49.06621392190153,
        "pass_ci95_pct": [
          48.60338681798528,
          53.260134042994366
        ],
        "pass_pct": 50.93378607809848,
        "runs": 1767
      },
      "mean_accepted_entries": 26.258630447085455,
      "mean_blocked_entries": 2.7040181097906055,
      "mean_ending_balance": 101984.65874135638,
      "mean_minimum_equity": 93026.6492822951,
      "mean_stop_events": 2.3576683644595358,
      "mean_trading_days": 14.035087719298245,
      "nominal_risk_pct": 25.0,
      "risk_multiplier": 25.0,
      "room_retention": 0.2,
      "scenario": "anchor_eight_control",
      "start_windows": 1767
    },
    {
      "daily_stop": 4500.0,
      "full_risk_room": 4000.0,
      "historical_rolling": {
        "daily_breach_pct": 0.0,
        "max_breach_pct": 0.0,
        "not_reached_pct": 49.122807017543856,
        "pass_ci95_pct": [
          48.546868849809314,
          53.20371135292914
        ],
        "pass_pct": 50.877192982456144,
        "runs": 1767
      },
      "mean_accepted_entries": 36.0996038483305,
      "mean_blocked_entries": 2.6661007357102435,
      "mean_ending_balance": 102044.78419849227,
      "mean_minimum_equity": 93080.84315679602,
      "mean_stop_events": 2.3174872665534805,
      "mean_trading_days": 15.155631013016412,
      "nominal_risk_pct": 24.999999999999996,
      "risk_multiplier": 25.0,
      "room_retention": 0.2,
      "scenario": "anchor_plus_10375_01",
      "start_windows": 1767
    },
    {
      "daily_stop": 4500.0,
      "full_risk_room": 4000.0,
      "historical_rolling": {
        "daily_breach_pct": 0.0,
        "max_breach_pct": 0.0,
        "not_reached_pct": 49.971703452178836,
        "pass_ci95_pct": [
          47.69945665114842,
          52.357013677972176
        ],
        "pass_pct": 50.028296547821164,
        "runs": 1767
      },
      "mean_accepted_entries": 36.153933220147145,
      "mean_blocked_entries": 2.6395019807583475,
      "mean_ending_balance": 101986.34723476997,
      "mean_minimum_equity": 93093.2177446144,
      "mean_stop_events": 2.2920203735144313,
      "mean_trading_days": 15.191850594227505,
      "nominal_risk_pct": 25.000000000000004,
      "risk_multiplier": 25.0,
      "room_retention": 0.2,
      "scenario": "anchor_plus_10375_02",
      "start_windows": 1767
    },
    {
      "daily_stop": 4500.0,
      "full_risk_room": 4000.0,
      "historical_rolling": {
        "daily_breach_pct": 0.0,
        "max_breach_pct": 0.0,
        "not_reached_pct": 50.31126202603282,
        "pass_ci95_pct": [
          47.36067933115898,
          52.01814704851449
        ],
        "pass_pct": 49.68873797396718,
        "runs": 1767
      },
      "mean_accepted_entries": 36.256932654216186,
      "mean_blocked_entries": 2.6745897000565932,
      "mean_ending_balance": 101846.577196287,
      "mean_minimum_equity": 93106.5089515073,
      "mean_stop_events": 2.275042444821732,
      "mean_trading_days": 15.229767968307867,
      "nominal_risk_pct": 25.0,
      "risk_multiplier": 25.0,
      "room_retention": 0.2,
      "scenario": "anchor_plus_10375_03",
      "start_windows": 1767
    },
    {
      "daily_stop": 4500.0,
      "full_risk_room": 4000.0,
      "historical_rolling": {
        "daily_breach_pct": 0.0,
        "max_breach_pct": 0.0,
        "not_reached_pct": 50.028296547821164,
        "pass_ci95_pct": [
          47.64298632202784,
          52.30054334885158
        ],
        "pass_pct": 49.971703452178836,
        "runs": 1767
      },
      "mean_accepted_entries": 36.27956989247312,
      "mean_blocked_entries": 2.640067911714771,
      "mean_ending_balance": 101847.08066232385,
      "mean_minimum_equity": 93113.28399112436,
      "mean_stop_events": 2.23203169213356,
      "mean_trading_days": 15.246745897000565,
      "nominal_risk_pct": 24.999999999999996,
      "risk_multiplier": 25.0,
      "room_retention": 0.2,
      "scenario": "anchor_plus_10375_05",
      "start_windows": 1767
    },
    {
      "daily_stop": 4500.0,
      "full_risk_room": 4000.0,
      "historical_rolling": {
        "daily_breach_pct": 0.0,
        "max_breach_pct": 0.0,
        "not_reached_pct": 50.25466893039049,
        "pass_ci95_pct": [
          47.41713477527305,
          52.07463226264159
        ],
        "pass_pct": 49.745331069609506,
        "runs": 1767
      },
      "mean_accepted_entries": 35.68421052631579,
      "mean_blocked_entries": 2.950198075834748,
      "mean_ending_balance": 101653.84321149593,
      "mean_minimum_equity": 93120.5465613198,
      "mean_stop_events": 2.359366157328806,
      "mean_trading_days": 14.963780418788907,
      "nominal_risk_pct": 25.000000000000004,
      "risk_multiplier": 25.0,
      "room_retention": 0.2,
      "scenario": "anchor_plus_10375_08",
      "start_windows": 1767
    },
    {
      "daily_stop": 4500.0,
      "full_risk_room": 4000.0,
      "historical_rolling": {
        "daily_breach_pct": 0.0,
        "max_breach_pct": 0.0,
        "not_reached_pct": 49.06621392190153,
        "pass_ci95_pct": [
          48.60338681798528,
          53.260134042994366
        ],
        "pass_pct": 50.93378607809848,
        "runs": 1767
      },
      "mean_accepted_entries": 35.816072439162426,
      "mean_blocked_entries": 2.4584040747028864,
      "mean_ending_balance": 101814.85781967225,
      "mean_minimum_equity": 93147.80361372576,
      "mean_stop_events": 2.484436898698359,
      "mean_trading_days": 14.941143180531975,
      "nominal_risk_pct": 25.0,
      "risk_multiplier": 25.0,
      "room_retention": 0.2,
      "scenario": "anchor_plus_10375_10",
      "start_windows": 1767
    },
    {
      "daily_stop": 4500.0,
      "full_risk_room": 4000.0,
      "historical_rolling": {
        "daily_breach_pct": 0.0,
        "max_breach_pct": 0.0,
        "not_reached_pct": 47.198641765704586,
        "pass_ci95_pct": [
          50.47015240620212,
          55.12041017673683
        ],
        "pass_pct": 52.801358234295414,
        "runs": 1767
      },
      "mean_accepted_entries": 34.115449915110354,
      "mean_blocked_entries": 2.9134125636672326,
      "mean_ending_balance": 101833.69754322481,
      "mean_minimum_equity": 93187.23919780197,
      "mean_stop_events": 3.0418788907753256,
      "mean_trading_days": 14.243350311262025,
      "nominal_risk_pct": 25.0,
      "risk_multiplier": 25.0,
      "room_retention": 0.2,
      "scenario": "anchor_plus_10375_15",
      "start_windows": 1767
    },
    {
      "daily_stop": 4500.0,
      "full_risk_room": 4000.0,
      "historical_rolling": {
        "daily_breach_pct": 0.0,
        "max_breach_pct": 0.0,
        "not_reached_pct": 46.80249009620826,
        "pass_ci95_pct": [
          50.8665511567352,
          55.514596033892104
        ],
        "pass_pct": 53.19750990379174,
        "runs": 1767
      },
      "mean_accepted_entries": 34.24221844934918,
      "mean_blocked_entries": 2.1131861912846635,
      "mean_ending_balance": 101847.85378202064,
      "mean_minimum_equity": 93114.45500908022,
      "mean_stop_events": 3.8743633276740237,
      "mean_trading_days": 14.344086021505376,
      "nominal_risk_pct": 25.0,
      "risk_multiplier": 25.0,
      "room_retention": 0.2,
      "scenario": "anchor_plus_10375_20",
      "start_windows": 1767
    }
  ],
  "schema_version": 1,
  "start_windows": 1767,
  "status": "RESEARCH_ONLY",
  "timestamp_basis": "darwinex_broker_wall",
  "trade_paths": 3361
}
