{
  "basis": "fresh_start_entry_sized_m15_trade_cancellation_governor",
  "excluded_years": [
    2017,
    2020,
    2023,
    2024,
    2025
  ],
  "fill_contract": "adverse_bar",
  "horizon_calendar_days": 30,
  "manifest": "artifacts\\ftmo_joint_eleven_sleeve_incumbent_weight_path_manifest_2026-07-12.json",
  "results": [
    {
      "daily_stop": 4500.0,
      "elapsed_risk_steps": [],
      "full_risk_room": 4000.0,
      "historical_rolling": {
        "daily_breach_pct": 13.55206847360913,
        "max_breach_pct": 7.703281027104136,
        "not_reached_pct": 29.600570613409417,
        "pass_ci95_pct": [
          46.53313562218133,
          51.75970174938599
        ],
        "pass_pct": 49.14407988587732,
        "runs": 1402
      },
      "mean_accepted_entries": 40.98716119828816,
      "mean_blocked_entries": 0.9144079885877318,
      "mean_ending_balance": 102503.6117361675,
      "mean_minimum_equity": 94087.7707027557,
      "mean_stop_events": 1.2054208273894436,
      "mean_trading_days": 12.77888730385164,
      "nominal_peak_risk_pct": 36.00000000000001,
      "nominal_risk_pct": 18.000000000000004,
      "open_risk_limit_ratio": 0.0,
      "peak_risk_multiplier": 36.0,
      "profit_risk_steps": [
        {
          "profit_threshold": 1000.0,
          "risk_multiplier": 22.0
        },
        {
          "profit_threshold": 3000.0,
          "risk_multiplier": 28.0
        },
        {
          "profit_threshold": 6000.0,
          "risk_multiplier": 36.0
        }
      ],
      "risk_multiplier": 18.0,
      "room_retention": 0.2,
      "scenario": "path_01_11095_gbpusd_down2",
      "start_windows": 1402
    },
    {
      "daily_stop": 4500.0,
      "elapsed_risk_steps": [],
      "full_risk_room": 4000.0,
      "historical_rolling": {
        "daily_breach_pct": 13.837375178316691,
        "max_breach_pct": 7.703281027104136,
        "not_reached_pct": 29.95720399429387,
        "pass_ci95_pct": [
          45.89373755438969,
          51.11872784585309
        ],
        "pass_pct": 48.502139800285306,
        "runs": 1402
      },
      "mean_accepted_entries": 41.838801711840226,
      "mean_blocked_entries": 0.8573466476462197,
      "mean_ending_balance": 102427.07991120976,
      "mean_minimum_equity": 94214.73957194954,
      "mean_stop_events": 1.1576319543509273,
      "mean_trading_days": 12.965049928673324,
      "nominal_peak_risk_pct": 40.00000000000001,
      "nominal_risk_pct": 18.000000000000004,
      "open_risk_limit_ratio": 0.0,
      "peak_risk_multiplier": 40.0,
      "profit_risk_steps": [
        {
          "profit_threshold": 2000.0,
          "risk_multiplier": 22.0
        },
        {
          "profit_threshold": 5000.0,
          "risk_multiplier": 30.0
        },
        {
          "profit_threshold": 8000.0,
          "risk_multiplier": 40.0
        }
      ],
      "risk_multiplier": 18.0,
      "room_retention": 0.2,
      "scenario": "path_01_11095_gbpusd_down2",
      "start_windows": 1402
    }
  ],
  "schema_version": 1,
  "start_windows": 1402,
  "status": "RESEARCH_ONLY",
  "timestamp_basis": "darwinex_broker_wall",
  "trade_paths": 3584
}
