{
  "basis": "fresh_start_entry_sized_m15_trade_cancellation_governor",
  "excluded_years": [
    2017,
    2020,
    2023,
    2024,
    2025,
    2026
  ],
  "fill_contract": "ideal_threshold_inside_m15_bar",
  "horizon_calendar_days": 30,
  "manifest": "artifacts\\ftmo_joint_twelve_sleeve_11095_down2_10476_usdcad_manifest_2026-07-12.json",
  "results": [
    {
      "cluster_open_risk_limit_ratio": 0.0,
      "daily_stop": 4500.0,
      "elapsed_risk_steps": [],
      "full_risk_room": 4000.0,
      "historical_rolling": {
        "daily_breach_pct": 0.0,
        "max_breach_pct": 0.0,
        "not_reached_pct": 40.94151212553495,
        "pass_ci95_pct": [
          56.463202750869314,
          61.60426840004345
        ],
        "pass_pct": 59.05848787446505,
        "runs": 1402
      },
      "mean_accepted_entries": 41.950071326676174,
      "mean_blocked_entries": 4.001426533523538,
      "mean_ending_balance": 103098.97816876888,
      "mean_minimum_equity": 93419.0814322548,
      "mean_stop_events": 2.471469329529244,
      "mean_trading_days": 13.384450784593438,
      "nominal_peak_risk_pct": 25.000000000000007,
      "nominal_risk_pct": 25.000000000000007,
      "open_risk_limit_ratio": 0.0,
      "peak_risk_multiplier": 25.0,
      "profit_risk_steps": [],
      "risk_cluster_by_symbol": {},
      "risk_multiplier": 25.0,
      "room_retention": 0.2,
      "scenario": "path_01_control",
      "start_windows": 1402,
      "symbol_open_risk_limit_ratio": 0.0
    },
    {
      "cluster_open_risk_limit_ratio": 0.0,
      "daily_stop": 4500.0,
      "elapsed_risk_steps": [],
      "full_risk_room": 4000.0,
      "historical_rolling": {
        "daily_breach_pct": 0.0,
        "max_breach_pct": 0.0,
        "not_reached_pct": 41.08416547788873,
        "pass_ci95_pct": [
          56.31958045307055,
          61.46336359310342
        ],
        "pass_pct": 58.91583452211127,
        "runs": 1402
      },
      "mean_accepted_entries": 43.592724679029956,
      "mean_blocked_entries": 4.0592011412268185,
      "mean_ending_balance": 103057.105170298,
      "mean_minimum_equity": 93426.58175909506,
      "mean_stop_events": 2.450784593437946,
      "mean_trading_days": 13.445078459343794,
      "nominal_peak_risk_pct": 25.0,
      "nominal_risk_pct": 25.0,
      "open_risk_limit_ratio": 0.0,
      "peak_risk_multiplier": 25.0,
      "profit_risk_steps": [],
      "risk_cluster_by_symbol": {},
      "risk_multiplier": 25.0,
      "room_retention": 0.2,
      "scenario": "path_01_plus_10476_usdcad_00p5",
      "start_windows": 1402,
      "symbol_open_risk_limit_ratio": 0.0
    },
    {
      "cluster_open_risk_limit_ratio": 0.0,
      "daily_stop": 4500.0,
      "elapsed_risk_steps": [],
      "full_risk_room": 4000.0,
      "historical_rolling": {
        "daily_breach_pct": 0.0,
        "max_breach_pct": 0.0,
        "not_reached_pct": 41.226818830242514,
        "pass_ci95_pct": [
          56.175980423127825,
          61.32243651830739
        ],
        "pass_pct": 58.77318116975749,
        "runs": 1402
      },
      "mean_accepted_entries": 43.79243937232525,
      "mean_blocked_entries": 3.943651925820257,
      "mean_ending_balance": 103038.67546174908,
      "mean_minimum_equity": 93421.54108496761,
      "mean_stop_events": 2.448644793152639,
      "mean_trading_days": 13.51355206847361,
      "nominal_peak_risk_pct": 25.0,
      "nominal_risk_pct": 25.0,
      "open_risk_limit_ratio": 0.0,
      "peak_risk_multiplier": 25.0,
      "profit_risk_steps": [],
      "risk_cluster_by_symbol": {},
      "risk_multiplier": 25.0,
      "room_retention": 0.2,
      "scenario": "path_01_plus_10476_usdcad_01",
      "start_windows": 1402,
      "symbol_open_risk_limit_ratio": 0.0
    },
    {
      "cluster_open_risk_limit_ratio": 0.0,
      "daily_stop": 4500.0,
      "elapsed_risk_steps": [],
      "full_risk_room": 4000.0,
      "historical_rolling": {
        "daily_breach_pct": 0.0,
        "max_breach_pct": 0.0,
        "not_reached_pct": 41.72610556348074,
        "pass_ci95_pct": [
          55.67355518284908,
          60.82901689200037
        ],
        "pass_pct": 58.27389443651926,
        "runs": 1402
      },
      "mean_accepted_entries": 44.05920114122682,
      "mean_blocked_entries": 3.9693295292439372,
      "mean_ending_balance": 102949.80231287282,
      "mean_minimum_equity": 93378.45593889669,
      "mean_stop_events": 2.429386590584879,
      "mean_trading_days": 13.60342368045649,
      "nominal_peak_risk_pct": 24.999999999999996,
      "nominal_risk_pct": 24.999999999999996,
      "open_risk_limit_ratio": 0.0,
      "peak_risk_multiplier": 25.0,
      "profit_risk_steps": [],
      "risk_cluster_by_symbol": {},
      "risk_multiplier": 25.0,
      "room_retention": 0.2,
      "scenario": "path_01_plus_10476_usdcad_02",
      "start_windows": 1402,
      "symbol_open_risk_limit_ratio": 0.0
    },
    {
      "cluster_open_risk_limit_ratio": 0.0,
      "daily_stop": 4500.0,
      "elapsed_risk_steps": [],
      "full_risk_room": 4000.0,
      "historical_rolling": {
        "daily_breach_pct": 0.0,
        "max_breach_pct": 0.0,
        "not_reached_pct": 40.37089871611983,
        "pass_ci95_pct": [
          57.037915337109766,
          62.167664232758135
        ],
        "pass_pct": 59.62910128388017,
        "runs": 1402
      },
      "mean_accepted_entries": 43.932952924393724,
      "mean_blocked_entries": 3.850213980028531,
      "mean_ending_balance": 103160.43299770914,
      "mean_minimum_equity": 93451.51992512993,
      "mean_stop_events": 2.403708987161198,
      "mean_trading_days": 13.585592011412269,
      "nominal_peak_risk_pct": 25.0,
      "nominal_risk_pct": 25.0,
      "open_risk_limit_ratio": 0.0,
      "peak_risk_multiplier": 25.0,
      "profit_risk_steps": [],
      "risk_cluster_by_symbol": {},
      "risk_multiplier": 25.0,
      "room_retention": 0.2,
      "scenario": "path_01_plus_10476_usdcad_03",
      "start_windows": 1402,
      "symbol_open_risk_limit_ratio": 0.0
    },
    {
      "cluster_open_risk_limit_ratio": 0.0,
      "daily_stop": 4500.0,
      "elapsed_risk_steps": [],
      "full_risk_room": 4000.0,
      "historical_rolling": {
        "daily_breach_pct": 0.0,
        "max_breach_pct": 0.0,
        "not_reached_pct": 40.01426533523538,
        "pass_ci95_pct": [
          57.39729296832662,
          62.51960436338825
        ],
        "pass_pct": 59.98573466476462,
        "runs": 1402
      },
      "mean_accepted_entries": 44.256062767475036,
      "mean_blocked_entries": 3.5920114122681883,
      "mean_ending_balance": 103313.0174986016,
      "mean_minimum_equity": 93502.58555687388,
      "mean_stop_events": 2.4051355206847362,
      "mean_trading_days": 13.678316690442225,
      "nominal_peak_risk_pct": 24.999999999999993,
      "nominal_risk_pct": 24.999999999999993,
      "open_risk_limit_ratio": 0.0,
      "peak_risk_multiplier": 25.0,
      "profit_risk_steps": [],
      "risk_cluster_by_symbol": {},
      "risk_multiplier": 25.0,
      "room_retention": 0.2,
      "scenario": "path_01_plus_10476_usdcad_05",
      "start_windows": 1402,
      "symbol_open_risk_limit_ratio": 0.0
    },
    {
      "cluster_open_risk_limit_ratio": 0.0,
      "daily_stop": 4500.0,
      "elapsed_risk_steps": [],
      "full_risk_room": 4000.0,
      "historical_rolling": {
        "daily_breach_pct": 0.0,
        "max_breach_pct": 0.0,
        "not_reached_pct": 40.15691868758916,
        "pass_ci95_pct": [
          57.253525038696004,
          62.37884518828005
        ],
        "pass_pct": 59.84308131241084,
        "runs": 1402
      },
      "mean_accepted_entries": 44.40442225392297,
      "mean_blocked_entries": 3.7375178316690443,
      "mean_ending_balance": 103274.2691813693,
      "mean_minimum_equity": 93514.08144239002,
      "mean_stop_events": 2.3723252496433664,
      "mean_trading_days": 13.730385164051356,
      "nominal_peak_risk_pct": 25.0,