{
  "basis": "fresh_start_entry_sized_m15_trade_cancellation_governor",
  "excluded_years": [
    2020
  ],
  "fill_contract": "ideal_threshold_inside_m15_bar",
  "horizon_calendar_days": 30,
  "manifest": "artifacts\\ftmo_joint_seven_sleeve_manifest_2026-07-11.json",
  "results": [
    {
      "daily_stop": 4500.0,
      "full_risk_room": 4000.0,
      "historical_rolling": {
        "daily_breach_pct": 0.0,
        "max_breach_pct": 0.0,
        "not_reached_pct": 50.34856700232378,
        "pass_ci95_pct": [
          47.72484035212742,
          51.57906128737182
        ],
        "pass_pct": 49.65143299767622,
        "runs": 2582
      },
      "mean_accepted_entries": 12.865995352439969,
      "mean_blocked_entries": 1.5232378001549187,
      "mean_ending_balance": 102131.97488516862,
      "mean_minimum_equity": 93156.74367830368,
      "mean_stop_events": 2.689388071262587,
      "mean_trading_days": 9.486057319907049,
      "nominal_risk_pct": 25.0,
      "risk_multiplier": 25.0,
      "room_retention": 0.2,
      "scenario": "six_sleeve_scout_balanced",
      "start_windows": 2582
    },
    {
      "daily_stop": 4500.0,
      "full_risk_room": 4000.0,
      "historical_rolling": {
        "daily_breach_pct": 0.0,
        "max_breach_pct": 0.0,
        "not_reached_pct": 50.77459333849729,
        "pass_ci95_pct": [
          47.2996310762478,
          51.15348367819495
        ],
        "pass_pct": 49.22540666150271,
        "runs": 2582
      },
      "mean_accepted_entries": 14.76607281177382,
      "mean_blocked_entries": 1.4155693261037956,
      "mean_ending_balance": 101963.14477409876,
      "mean_minimum_equity": 93123.15088533732,
      "mean_stop_events": 2.4965143299767623,
      "mean_trading_days": 10.323392718822618,
      "nominal_risk_pct": 25.0,
      "risk_multiplier": 25.0,
      "room_retention": 0.2,
      "scenario": "ws30_fri_05",
      "start_windows": 2582
    },
    {
      "daily_stop": 4500.0,
      "full_risk_room": 4000.0,
      "historical_rolling": {
        "daily_breach_pct": 0.0,
        "max_breach_pct": 0.0,
        "not_reached_pct": 51.316808675445394,
        "pass_ci95_pct": [
          46.758657768243296,
          50.61163731430936
        ],
        "pass_pct": 48.683191324554606,
        "runs": 2582
      },
      "mean_accepted_entries": 14.798218435321456,
      "mean_blocked_entries": 1.2773044151820294,
      "mean_ending_balance": 102032.28594129744,
      "mean_minimum_equity": 93129.78914787686,
      "mean_stop_events": 2.2807900852052674,
      "mean_trading_days": 10.309450038729667,
      "nominal_risk_pct": 25.0,
      "risk_multiplier": 25.0,
      "room_retention": 0.2,
      "scenario": "ws30_fri_10",
      "start_windows": 2582
    },
    {
      "daily_stop": 4500.0,
      "full_risk_room": 4000.0,
      "historical_rolling": {
        "daily_breach_pct": 0.0,
        "max_breach_pct": 0.0,
        "not_reached_pct": 50.77459333849729,
        "pass_ci95_pct": [
          47.2996310762478,
          51.15348367819495
        ],
        "pass_pct": 49.22540666150271,
        "runs": 2582
      },
      "mean_accepted_entries": 14.684740511231604,
      "mean_blocked_entries": 1.1247095274980634,
      "mean_ending_balance": 102340.55589245117,
      "mean_minimum_equity": 93082.26724843154,
      "mean_stop_events": 2.4725019364833463,
      "mean_trading_days": 10.121998450813322,
      "nominal_risk_pct": 25.0,
      "risk_multiplier": 25.0,
      "room_retention": 0.2,
      "scenario": "ws30_fri_15",
      "start_windows": 2582
    },
    {
      "daily_stop": 4500.0,
      "full_risk_room": 4000.0,
      "historical_rolling": {
        "daily_breach_pct": 0.0,
        "max_breach_pct": 0.0,
        "not_reached_pct": 54.87993803253291,
        "pass_ci95_pct": [
          43.2093410954596,
          47.04528185752965
        ],
        "pass_pct": 45.12006196746708,
        "runs": 2582
      },
      "mean_accepted_entries": 15.312548412083656,
      "mean_blocked_entries": 0.9515879163439195,
      "mean_ending_balance": 101887.92125995136,
      "mean_minimum_equity": 92767.99697537438,
      "mean_stop_events": 2.7660728117738187,
      "mean_trading_days": 10.441130906274205,
      "nominal_risk_pct": 25.0,
      "risk_multiplier": 25.0,
      "room_retention": 0.2,
      "scenario": "ws30_fri_20",
      "start_windows": 2582
    }
  ],
  "schema_version": 1,
  "start_windows": 2582,
  "status": "RESEARCH_ONLY",
  "trade_paths": 2011
}
