{
  "basis": "fresh_start_entry_sized_m15_trade_cancellation_governor",
  "excluded_years": [
    2017,
    2018,
    2019,
    2020,
    2021,
    2022,
    2023
  ],
  "fill_contract": "ideal_threshold_inside_m15_bar",
  "horizon_calendar_days": 30,
  "manifest": "artifacts\\ftmo_joint_eight_sleeve_10715_10286_manifest_2026-07-11.json",
  "results": [
    {
      "daily_stop": 4500.0,
      "full_risk_room": 4000.0,
      "historical_rolling": {
        "daily_breach_pct": 0.0,
        "max_breach_pct": 0.0,
        "not_reached_pct": 44.650499286733236,
        "pass_ci95_pct": [
          51.65017617171347,
          58.990514590927866
        ],
        "pass_pct": 55.349500713266764,
        "runs": 701
      },
      "mean_accepted_entries": 20.044222539229672,
      "mean_blocked_entries": 1.4079885877318117,
      "mean_ending_balance": 102960.16219598465,
      "mean_minimum_equity": 93627.96584846955,
      "mean_stop_events": 2.4693295292439372,
      "mean_trading_days": 11.718972895863052,
      "nominal_risk_pct": 25.0,
      "risk_multiplier": 25.0,
      "room_retention": 0.2,
      "scenario": "ea10715_03",
      "start_windows": 701
    },
    {
      "daily_stop": 4500.0,
      "full_risk_room": 4000.0,
      "historical_rolling": {
        "daily_breach_pct": 0.0,
        "max_breach_pct": 0.0,
        "not_reached_pct": 41.36947218259629,
        "pass_ci95_pct": [
          54.947350492096014,
          62.219630604965324
        ],
        "pass_pct": 58.63052781740371,
        "runs": 701
      },
      "mean_accepted_entries": 23.05135520684736,
      "mean_blocked_entries": 1.5691868758915835,
      "mean_ending_balance": 103947.17375275318,
      "mean_minimum_equity": 93583.77693930968,
      "mean_stop_events": 2.131241084165478,
      "mean_trading_days": 12.184022824536376,
      "nominal_risk_pct": 25.0,
      "risk_multiplier": 25.0,
      "room_retention": 0.2,
      "scenario": "ea10715_03_wti10",
      "start_windows": 701
    }
  ],
  "schema_version": 1,
  "start_windows": 701,
  "status": "RESEARCH_ONLY",
  "timestamp_basis": "darwinex_broker_wall",
  "trade_paths": 924
}
