{
  "basis": "fresh_start_entry_sized_m15_trade_cancellation_governor",
  "excluded_years": [
    2017,
    2020,
    2024,
    2025
  ],
  "fill_contract": "ideal_threshold_inside_m15_bar",
  "horizon_calendar_days": 30,
  "manifest": "artifacts\\ftmo_joint_twelve_sleeve_11095_down2_13137_manifest_2026-07-12.json",
  "results": [
    {
      "daily_stop": 4500.0,
      "full_risk_room": 4000.0,
      "historical_rolling": {
        "daily_breach_pct": 0.0,
        "max_breach_pct": 0.0,
        "not_reached_pct": 43.2937181663837,
        "pass_ci95_pct": [
          54.3839513268506,
          58.99951667473052
        ],
        "pass_pct": 56.7062818336163,
        "runs": 1767
      },
      "mean_accepted_entries": 42.879456706281836,
      "mean_blocked_entries": 4.103565365025467,
      "mean_ending_balance": 102567.74449308756,
      "mean_minimum_equity": 93169.91322255484,
      "mean_stop_events": 2.6751556310130162,
      "mean_trading_days": 13.65365025466893,
      "nominal_peak_risk_pct": 25.000000000000007,
      "nominal_risk_pct": 25.000000000000007,
      "peak_risk_multiplier": 25.0,
      "profit_risk_steps": [],
      "risk_multiplier": 25.0,
      "room_retention": 0.2,
      "scenario": "reweight_11095_down2_control",
      "start_windows": 1767
    },
    {
      "daily_stop": 4500.0,
      "full_risk_room": 4000.0,
      "historical_rolling": {
        "daily_breach_pct": 0.0,
        "max_breach_pct": 0.0,
        "not_reached_pct": 43.237125070741364,
        "pass_ci95_pct": [
          54.44077916413518,
          59.055629495687135
        ],
        "pass_pct": 56.762874929258636,
        "runs": 1767
      },
      "mean_accepted_entries": 43.43293718166384,
      "mean_blocked_entries": 4.074702886247878,
      "mean_ending_balance": 102596.1045051125,
      "mean_minimum_equity": 93189.91955668184,
      "mean_stop_events": 2.6236559139784945,
      "mean_trading_days": 13.66553480475382,
      "nominal_peak_risk_pct": 25.0,
      "nominal_risk_pct": 25.0,
      "peak_risk_multiplier": 25.0,
      "profit_risk_steps": [],
      "risk_multiplier": 25.0,
      "room_retention": 0.2,
      "scenario": "reweight_11095_down2_plus_13137_00p5",
      "start_windows": 1767
    },
    {
      "daily_stop": 4500.0,
      "full_risk_room": 4000.0,
      "historical_rolling": {
        "daily_breach_pct": 0.0,
        "max_breach_pct": 0.0,
        "not_reached_pct": 43.2937181663837,
        "pass_ci95_pct": [
          54.3839513268506,
          58.99951667473052
        ],
        "pass_pct": 56.7062818336163,
        "runs": 1767
      },
      "mean_accepted_entries": 43.60384833050368,
      "mean_blocked_entries": 3.9750990379173743,
      "mean_ending_balance": 102578.54257059735,
      "mean_minimum_equity": 93205.49171408151,
      "mean_stop_events": 2.6038483305036784,
      "mean_trading_days": 13.724957555178268,
      "nominal_peak_risk_pct": 25.0,
      "nominal_risk_pct": 25.0,
      "peak_risk_multiplier": 25.0,
      "profit_risk_steps": [],
      "risk_multiplier": 25.0,
      "room_retention": 0.2,
      "scenario": "reweight_11095_down2_plus_13137_01",
      "start_windows": 1767
    },
    {
      "daily_stop": 4500.0,
      "full_risk_room": 4000.0,
      "historical_rolling": {
        "daily_breach_pct": 0.0,
        "max_breach_pct": 0.0,
        "not_reached_pct": 43.57668364459536,
        "pass_ci95_pct": [
          54.09985799667415,
          58.718906713701024
        ],
        "pass_pct": 56.42331635540464,
        "runs": 1767
      },
      "mean_accepted_entries": 43.829654782116584,
      "mean_blocked_entries": 3.910016977928693,
      "mean_ending_balance": 102554.58363273121,
      "mean_minimum_equity": 93201.62514669745,
      "mean_stop_events": 2.5602716468590834,
      "mean_trading_days": 13.7815506508206,
      "nominal_peak_risk_pct": 24.999999999999996,
      "nominal_risk_pct": 24.999999999999996,
      "peak_risk_multiplier": 25.0,
      "profit_risk_steps": [],
      "risk_multiplier": 25.0,
      "room_retention": 0.2,
      "scenario": "reweight_11095_down2_plus_13137_02",
      "start_windows": 1767
    },
    {
      "daily_stop": 4500.0,
      "full_risk_room": 4000.0,
      "historical_rolling": {
        "daily_breach_pct": 0.0,
        "max_breach_pct": 0.0,
        "not_reached_pct": 43.40690435766837,
        "pass_ci95_pct": [
          54.27030482771882,
          58.887281857379925
        ],
        "pass_pct": 56.59309564233163,
        "runs": 1767
      },
      "mean_accepted_entries": 43.94397283531409,
      "mean_blocked_entries": 3.8222976796830785,
      "mean_ending_balance": 102651.66264233143,
      "mean_minimum_equity": 93247.92537995505,
      "mean_stop_events": 2.5093378607809846,
      "mean_trading_days": 13.791171477079796,
      "nominal_peak_risk_pct": 25.0,
      "nominal_risk_pct": 25.0,
      "peak_risk_multiplier": 25.0,
      "profit_risk_steps": [],
      "risk_multiplier": 25.0,
      "room_retention": 0.2,
      "scenario": "reweight_11095_down2_plus_13137_03",
      "start_windows": 1767
    },
    {
      "daily_stop": 4500.0,
      "full_risk_room": 4000.0,
      "historical_rolling": {
        "daily_breach_pct": 0.0,
        "max_breach_pct": 0.0,
        "not_reached_pct": 44.42558007923033,
        "pass_ci95_pct": [
          53.24803516369495,
          57.87661967306236
        ],
        "pass_pct": 55.57441992076967,
        "runs": 1767
      },
      "mean_accepted_entries": 44.61686474250141,
      "mean_blocked_entries": 3.7164685908319184,
      "mean_ending_balance": 102513.05928590939,
      "mean_minimum_equity": 93235.7116527613,
      "mean_stop_events": 2.452744765138653,
      "mean_trading_days": 13.97283531409168,
      "nominal_peak_risk_pct": 24.999999999999993,
      "nominal_risk_pct": 24.999999999999993,
      "peak_risk_multiplier": 25.0,
      "profit_risk_steps": [],
      "risk_multiplier": 25.0,
      "room_retention": 0.2,
      "scenario": "reweight_11095_down2_plus_13137_05",
      "start_windows": 1767
    }
  ],
  "schema_version": 1,
  "start_windows": 1767,
  "status": "RESEARCH_ONLY",
  "timestamp_basis": "darwinex_broker_wall",
  "trade_paths": 4565
}
