{
  "basis": "fresh_start_entry_sized_m15_trade_cancellation_governor",
  "excluded_years": [
    2017,
    2018,
    2019,
    2020,
    2021,
    2022,
    2023
  ],
  "fill_contract": "adverse_bar",
  "horizon_calendar_days": 30,
  "manifest": "artifacts\\ftmo_joint_nine_sleeve_12475_manifest_2026-07-12.json",
  "results": [
    {
      "daily_stop": 4500.0,
      "full_risk_room": 4000.0,
      "historical_rolling": {
        "daily_breach_pct": 24.10841654778887,
        "max_breach_pct": 9.12981455064194,
        "not_reached_pct": 17.546362339514978,
        "pass_ci95_pct": [
          45.528893908602754,
          52.91047144620984
        ],
        "pass_pct": 49.21540656205421,
        "runs": 701
      },
      "mean_accepted_entries": 16.78031383737518,
      "mean_blocked_entries": 1.2425106990014265,
      "mean_ending_balance": 103132.83531789875,
      "mean_minimum_equity": 94216.05334094372,
      "mean_stop_events": 1.3523537803138375,
      "mean_trading_days": 8.847360912981456,
      "nominal_risk_pct": 25.0,
      "risk_multiplier": 25.0,
      "room_retention": 0.2,
      "scenario": "ea10715_03_wti10",
      "start_windows": 701
    },
    {
      "daily_stop": 4500.0,
      "full_risk_room": 4000.0,
      "historical_rolling": {
        "daily_breach_pct": 24.821683309557773,
        "max_breach_pct": 18.830242510699,
        "not_reached_pct": 10.128388017118402,
        "pass_ci95_pct": [
          42.55955608121518,
          49.92102244651827
        ],
        "pass_pct": 46.219686162624825,
        "runs": 701
      },
      "mean_accepted_entries": 24.06562054208274,
      "mean_blocked_entries": 1.3252496433666192,
      "mean_ending_balance": 102089.13642427887,
      "mean_minimum_equity": 93793.37509685852,
      "mean_stop_events": 1.5805991440798859,
      "mean_trading_days": 8.91583452211127,
      "nominal_risk_pct": 25.0,
      "risk_multiplier": 25.0,
      "room_retention": 0.2,
      "scenario": "anchor_plus_12475_05",
      "start_windows": 701
    }
  ],
  "schema_version": 1,
  "start_windows": 701,
  "status": "RESEARCH_ONLY",
  "timestamp_basis": "darwinex_broker_wall",
  "trade_paths": 1436
}
