{
  "basis": "fresh_start_entry_sized_m15_trade_cancellation_governor",
  "excluded_years": [
    2017,
    2020,
    2024,
    2025
  ],
  "fill_contract": "ideal_threshold_inside_m15_bar",
  "horizon_calendar_days": 30,
  "manifest": "artifacts\\ftmo_joint_six_sleeve_manifest_2026-07-11.json",
  "results": [
    {
      "daily_stop": 3500.0,
      "full_risk_room": 2000.0,
      "historical_rolling": {
        "daily_breach_pct": 0.0,
        "max_breach_pct": 0.0,
        "not_reached_pct": 57.441992076966606,
        "pass_ci95_pct": [
          40.27125578161117,
          44.877047659672236
        ],
        "pass_pct": 42.558007923033394,
        "runs": 1767
      },
      "mean_accepted_entries": 13.949632144878326,
      "mean_blocked_entries": 1.2586304470854557,
      "mean_ending_balance": 101273.01567513362,
      "mean_minimum_equity": 93411.57669107593,
      "mean_stop_events": 2.9173740803621957,
      "mean_trading_days": 10.385964912280702,
      "nominal_risk_pct": 20.0,
      "risk_multiplier": 20.0,
      "room_retention": 0.1,
      "scenario": "six_sleeve_scout_balanced",
      "start_windows": 1767
    },
    {
      "daily_stop": 3500.0,
      "full_risk_room": 2000.0,
      "historical_rolling": {
        "daily_breach_pct": 0.0,
        "max_breach_pct": 0.0,
        "not_reached_pct": 57.38539898132428,
        "pass_ci95_pct": [
          40.327331780502725,
          44.93391231902188
        ],
        "pass_pct": 42.61460101867572,
        "runs": 1767
      },
      "mean_accepted_entries": 13.934917940011319,
      "mean_blocked_entries": 1.2750424448217317,
      "mean_ending_balance": 101321.71921379179,
      "mean_minimum_equity": 93430.08820139446,
      "mean_stop_events": 3.017543859649123,
      "mean_trading_days": 10.403508771929825,
      "nominal_risk_pct": 20.0,
      "risk_multiplier": 20.0,
      "room_retention": 0.2,
      "scenario": "six_sleeve_scout_balanced",
      "start_windows": 1767
    },
    {
      "daily_stop": 3500.0,
      "full_risk_room": 4000.0,
      "historical_rolling": {
        "daily_breach_pct": 0.0,
        "max_breach_pct": 0.0,
        "not_reached_pct": 57.555178268251275,
        "pass_ci95_pct": [
          40.159113020812576,
          44.76330910398845
        ],
        "pass_pct": 42.444821731748725,
        "runs": 1767
      },
      "mean_accepted_entries": 14.462931522354273,
      "mean_blocked_entries": 0.7787209960384833,
      "mean_ending_balance": 101602.74680871546,
      "mean_minimum_equity": 93519.11659061305,
      "mean_stop_events": 1.9400113186191286,
      "mean_trading_days": 10.463497453310696,
      "nominal_risk_pct": 20.0,
      "risk_multiplier": 20.0,
      "room_retention": 0.1,
      "scenario": "six_sleeve_scout_balanced",
      "start_windows": 1767
    },
    {
      "daily_stop": 3500.0,
      "full_risk_room": 4000.0,
      "historical_rolling": {
        "daily_breach_pct": 0.0,
        "max_breach_pct": 0.0,
        "not_reached_pct": 57.555178268251275,
        "pass_ci95_pct": [
          40.159113020812576,
          44.76330910398845
        ],
        "pass_pct": 42.444821731748725,
        "runs": 1767
      },
      "mean_accepted_entries": 14.394453876627052,
      "mean_blocked_entries": 0.8471986417657046,
      "mean_ending_balance": 101548.01510350686,
      "mean_minimum_equity": 93526.38600941726,
      "mean_stop_events": 2.1137521222410864,
      "mean_trading_days": 10.452178834182229,
      "nominal_risk_pct": 20.0,
      "risk_multiplier": 20.0,
      "room_retention": 0.2,
      "scenario": "six_sleeve_scout_balanced",
      "start_windows": 1767
    },
    {
      "daily_stop": 4000.0,
      "full_risk_room": 2000.0,
      "historical_rolling": {
        "daily_breach_pct": 0.0,
        "max_breach_pct": 0.0,
        "not_reached_pct": 56.93265421618563,
        "pass_ci95_pct": [
          40.776050409421906,
          45.388718956032214
        ],
        "pass_pct": 43.067345783814375,
        "runs": 1767
      },
      "mean_accepted_entries": 13.865874363327674,
      "mean_blocked_entries": 1.118279569892473,
      "mean_ending_balance": 101304.8501569825,
      "mean_minimum_equity": 93389.88374012416,
      "mean_stop_events": 2.5178268251273344,
      "mean_trading_days": 10.281833616298812,
      "nominal_risk_pct": 20.0,
      "risk_multiplier": 20.0,
      "room_retention": 0.1,
      "scenario": "six_sleeve_scout_balanced",
      "start_windows": 1767
    },
    {
      "daily_stop": 4000.0,
      "full_risk_room": 2000.0,
      "historical_rolling": {
        "daily_breach_pct": 0.0,
        "max_breach_pct": 0.0,
        "not_reached_pct": 57.15902659875495,
        "pass_ci95_pct": [
          40.55166652928677,
          45.161340203202585
        ],
        "pass_pct": 42.840973401245044,
        "runs": 1767
      },
      "mean_accepted_entries": 13.868138087153367,
      "mean_blocked_entries": 1.1646859083191852,
      "mean_ending_balance": 101248.73481290347,
      "mean_minimum_equity": 93410.29910281004,
      "mean_stop_events": 2.6598754951895867,
      "mean_trading_days": 10.304470854555744,
      "nominal_risk_pct": 20.0,
      "risk_multiplier": 20.0,
      "room_retention": 0.2,
      "scenario": "six_sleeve_scout_balanced",
      "start_windows": 1767
    },
    {
      "daily_stop": 4000.0,
      "full_risk_room": 4000.0,
      "historical_rolling": {
        "daily_breach_pct": 0.0,
        "max_breach_pct": 0.0,
        "not_reached_pct": 56.98924731182796,
        "pass_ci95_pct": [
          40.71994983861199,
          45.33187886860094
        ],
        "pass_pct": 43.01075268817204,
        "runs": 1767
      },
      "mean_accepted_entries": 14.402376910016978,
      "mean_blocked_entries": 0.6196943972835314,
      "mean_ending_balance": 101608.21088751768,
      "mean_minimum_equity": 93488.05318122686,
      "mean_stop_events": 1.477645727221279,
      "mean_trading_days": 10.368421052631579,
      "nominal_risk_pct": 20.0,
      "risk_multiplier": 20.0,
      "room_retention": 0.1,
      "scenario": "six_sleeve_scout_balanced",
      "start_windows": 1767
    },
    {
      "daily_stop": 4000.0,
      "full_risk_room": 4000.0,
      "historical_rolling": {
        "daily_breach_pct": 0.0,
        "max_breach_pct": 0.0,
        "not_reached_pct": 56.98924731182796,
        "pass_ci95_pct": [
          40.71994983861199,
          45.33187886860094
        ],
        "pass_pct": 43.01075268817204,
        "runs": 1767
      },
      "mean_accepted_entries": 14.319750990379173,
      "mean_blocked_entries": 0.7023203169213356,
      "mean_ending_balance": 101598.05448069716,
      "mean_minimum_equity": 93501.85500703355,
      "mean_stop_events": 1.6661007357102433,
      "mean_trading_days": 10.34974533106961,
      "nominal_risk_pct": 20.0,
      "risk_multiplier": 20.0,
      "room_retention": 0.2,
      "scenario": "six_sleeve_scout_balanced",
      "start_windows": 1767
    },
    {
      "daily_stop": 4500.0,
      "full_risk_room": 2000.0,
      "historical_rolling": {
        "daily_breach_pct": 0.0,
        "max_breach_pct": 0.0,
        "not_reached_pct": 57.441992076966606,
        "pass_ci95_pct": [
          40.27125578161117,
          44.877047659672236
        ],
        "pass_pct": 42.558007923033394,
        "runs": 1767
      },
      "mean_accepted_entries": 13.80871533672892,
      "mean_blocked_entries": 1.061120543293718,
      "mean_ending_balance": 101159.22352423712,
      "mean_minimum_equity": 93326.80973807554,
      "mean_stop_events": 2.386530843237125,
      "mean_trading_days": 10.201471420486701,
      "nominal_risk_pct": 20.0,
      "risk_multiplier": 20.0,
      "room_retention": 0.1,
      "scenario": "six_sleeve_scout_balanced",
      "start_windows": 1767
    },
    {
      "daily_stop": 4500.0,
      "full_risk_room": 2000.0,
      "historical_rolling": {
        "daily_breach_pct": 0.0,
        "max_breach_pct": 0.0,