{
  "basis": "fresh_start_entry_sized_m15_trade_cancellation_governor",
  "excluded_years": [
    2017,
    2020,
    2024,
    2025
  ],
  "fill_contract": "ideal_threshold_inside_m15_bar",
  "horizon_calendar_days": 30,
  "manifest": "artifacts\\ftmo_joint_twelve_sleeve_11095_down2_10939_manifest_2026-07-12.json",
  "results": [
    {
      "daily_stop": 4500.0,
      "full_risk_room": 4000.0,
      "historical_rolling": {
        "daily_breach_pct": 0.0,
        "max_breach_pct": 0.0,
        "not_reached_pct": 43.2937181663837,
        "pass_ci95_pct": [
          54.3839513268506,
          58.99951667473052
        ],
        "pass_pct": 56.7062818336163,
        "runs": 1767
      },
      "mean_accepted_entries": 42.879456706281836,
      "mean_blocked_entries": 3.963780418788908,
      "mean_ending_balance": 102567.74449308756,
      "mean_minimum_equity": 93169.91322255484,
      "mean_stop_events": 2.6751556310130162,
      "mean_trading_days": 13.65365025466893,
      "nominal_peak_risk_pct": 25.000000000000007,
      "nominal_risk_pct": 25.000000000000007,
      "peak_risk_multiplier": 25.0,
      "profit_risk_steps": [],
      "risk_multiplier": 25.0,
      "room_retention": 0.2,
      "scenario": "reweight_11095_down2_control",
      "start_windows": 1767
    },
    {
      "daily_stop": 4500.0,
      "full_risk_room": 4000.0,
      "historical_rolling": {
        "daily_breach_pct": 0.0,
        "max_breach_pct": 0.0,
        "not_reached_pct": 43.237125070741364,
        "pass_ci95_pct": [
          54.44077916413518,
          59.055629495687135
        ],
        "pass_pct": 56.762874929258636,
        "runs": 1767
      },
      "mean_accepted_entries": 43.50198075834748,
      "mean_blocked_entries": 3.9190718732314656,
      "mean_ending_balance": 102603.1863619021,
      "mean_minimum_equity": 93186.89134552579,
      "mean_stop_events": 2.629881154499151,
      "mean_trading_days": 13.679683078664404,
      "nominal_peak_risk_pct": 25.0,
      "nominal_risk_pct": 25.0,
      "peak_risk_multiplier": 25.0,
      "profit_risk_steps": [],
      "risk_multiplier": 25.0,
      "room_retention": 0.2,
      "scenario": "reweight_11095_down2_plus_10939_00p5",
      "start_windows": 1767
    },
    {
      "daily_stop": 4500.0,
      "full_risk_room": 4000.0,
      "historical_rolling": {
        "daily_breach_pct": 0.0,
        "max_breach_pct": 0.0,
        "not_reached_pct": 43.35031126202603,
        "pass_ci95_pct": [
          54.32712654851481,
          58.943400794825116
        ],
        "pass_pct": 56.64968873797397,
        "runs": 1767
      },
      "mean_accepted_entries": 43.64912280701754,
      "mean_blocked_entries": 3.8205998868138087,
      "mean_ending_balance": 102591.95319512549,
      "mean_minimum_equity": 93189.24648062709,
      "mean_stop_events": 2.608375778155065,
      "mean_trading_days": 13.728353140916807,
      "nominal_peak_risk_pct": 25.0,
      "nominal_risk_pct": 25.0,
      "peak_risk_multiplier": 25.0,
      "profit_risk_steps": [],
      "risk_multiplier": 25.0,
      "room_retention": 0.2,
      "scenario": "reweight_11095_down2_plus_10939_01",
      "start_windows": 1767
    },
    {
      "daily_stop": 4500.0,
      "full_risk_room": 4000.0,
      "historical_rolling": {
        "daily_breach_pct": 0.0,
        "max_breach_pct": 0.0,
        "not_reached_pct": 43.74646293152236,
        "pass_ci95_pct": [
          53.929438634008065,
          58.55050410164354
        ],
        "pass_pct": 56.25353706847764,
        "runs": 1767
      },
      "mean_accepted_entries": 43.94510469722694,
      "mean_blocked_entries": 3.763440860215054,
      "mean_ending_balance": 102541.89906232065,
      "mean_minimum_equity": 93189.18345989301,
      "mean_stop_events": 2.572156196943973,
      "mean_trading_days": 13.804753820033955,
      "nominal_peak_risk_pct": 24.999999999999996,
      "nominal_risk_pct": 24.999999999999996,
      "peak_risk_multiplier": 25.0,
      "profit_risk_steps": [],
      "risk_multiplier": 25.0,
      "room_retention": 0.2,
      "scenario": "reweight_11095_down2_plus_10939_02",
      "start_windows": 1767
    },
    {
      "daily_stop": 4500.0,
      "full_risk_room": 4000.0,
      "historical_rolling": {
        "daily_breach_pct": 0.0,
        "max_breach_pct": 0.0,
        "not_reached_pct": 43.2937181663837,
        "pass_ci95_pct": [
          54.3839513268506,
          58.99951667473052
        ],
        "pass_pct": 56.7062818336163,
        "runs": 1767
      },
      "mean_accepted_entries": 44.05263157894737,
      "mean_blocked_entries": 3.7000565930956424,
      "mean_ending_balance": 102622.44606898788,
      "mean_minimum_equity": 93209.50440191154,
      "mean_stop_events": 2.5325410299943405,
      "mean_trading_days": 13.835880022637237,
      "nominal_peak_risk_pct": 25.0,
      "nominal_risk_pct": 25.0,
      "peak_risk_multiplier": 25.0,
      "profit_risk_steps": [],
      "risk_multiplier": 25.0,
      "room_retention": 0.2,
      "scenario": "reweight_11095_down2_plus_10939_03",
      "start_windows": 1767
    },
    {
      "daily_stop": 4500.0,
      "full_risk_room": 4000.0,
      "historical_rolling": {
        "daily_breach_pct": 0.0,
        "max_breach_pct": 0.0,
        "not_reached_pct": 43.35031126202603,
        "pass_ci95_pct": [
          54.32712654851481,
          58.943400794825116
        ],
        "pass_pct": 56.64968873797397,
        "runs": 1767
      },
      "mean_accepted_entries": 44.47028862478778,
      "mean_blocked_entries": 3.5602716468590834,
      "mean_ending_balance": 102605.4969339567,
      "mean_minimum_equity": 93240.06992207206,
      "mean_stop_events": 2.443123938879457,
      "mean_trading_days": 13.920203735144312,
      "nominal_peak_risk_pct": 24.999999999999993,
      "nominal_risk_pct": 24.999999999999993,
      "peak_risk_multiplier": 25.0,
      "profit_risk_steps": [],
      "risk_multiplier": 25.0,
      "room_retention": 0.2,
      "scenario": "reweight_11095_down2_plus_10939_05",
      "start_windows": 1767
    },
    {
      "daily_stop": 4500.0,
      "full_risk_room": 4000.0,
      "historical_rolling": {
        "daily_breach_pct": 0.0,
        "max_breach_pct": 0.0,
        "not_reached_pct": 43.12393887945671,
        "pass_ci95_pct": [
          54.5544440212521,
          59.16784595505261
        ],
        "pass_pct": 56.8760611205433,
        "runs": 1767
      },
      "mean_accepted_entries": 44.810979060554615,
      "mean_blocked_entries": 3.4052065647990943,
      "mean_ending_balance": 102715.71860338522,
      "mean_minimum_equity": 93281.33241172603,
      "mean_stop_events": 2.316355404640634,
      "mean_trading_days": 13.948500282965478,
      "nominal_peak_risk_pct": 24.999999999999996,
      "nominal_risk_pct": 24.999999999999996,
      "peak_risk_multiplier": 25.0,
      "profit_risk_steps": [],
      "risk_multiplier": 25.0,
      "room_retention": 0.2,
      "scenario": "reweight_11095_down2_plus_10939_08",
      "start_windows": 1767
    }
  ],
  "schema_version": 1,
  "start_windows": 1767,
  "status": "RESEARCH_ONLY",
  "timestamp_basis": "darwinex_broker_wall",
  "trade_paths": 4557
}
