{
  "basis": "fresh_start_entry_sized_m15_trade_cancellation_governor",
  "excluded_years": [
    2017,
    2020,
    2024,
    2025
  ],
  "fill_contract": "ideal_threshold_inside_m15_bar",
  "horizon_calendar_days": 30,
  "manifest": "artifacts\\ftmo_joint_seven_sleeve_10715_manifest_2026-07-11.json",
  "results": [
    {
      "daily_stop": 4500.0,
      "full_risk_room": 4000.0,
      "historical_rolling": {
        "daily_breach_pct": 0.0,
        "max_breach_pct": 0.0,
        "not_reached_pct": 50.990379173740806,
        "pass_ci95_pct": [
          46.683446245449396,
          51.340092235329784
        ],
        "pass_pct": 49.0096208262592,
        "runs": 1767
      },
      "mean_accepted_entries": 23.22863610639502,
      "mean_blocked_entries": 1.2625919637804188,
      "mean_ending_balance": 101761.3858251507,
      "mean_minimum_equity": 93023.84085025177,
      "mean_stop_events": 2.524617996604414,
      "mean_trading_days": 13.562535370684776,
      "nominal_risk_pct": 25.0,
      "risk_multiplier": 25.0,
      "room_retention": 0.2,
      "scenario": "ea10715_02",
      "start_windows": 1767
    },
    {
      "daily_stop": 4500.0,
      "full_risk_room": 4000.0,
      "historical_rolling": {
        "daily_breach_pct": 0.0,
        "max_breach_pct": 0.0,
        "not_reached_pct": 51.83927560837578,
        "pass_ci95_pct": [
          45.83750815255928,
          50.491920454602024
        ],
        "pass_pct": 48.16072439162422,
        "runs": 1767
      },
      "mean_accepted_entries": 23.270514997170345,
      "mean_blocked_entries": 1.2608941709111487,
      "mean_ending_balance": 101631.8493599666,
      "mean_minimum_equity": 93076.50984007266,
      "mean_stop_events": 2.5172608941709114,
      "mean_trading_days": 13.5970571590266,
      "nominal_risk_pct": 25.0,
      "risk_multiplier": 25.0,
      "room_retention": 0.2,
      "scenario": "ea10715_01",
      "start_windows": 1767
    },
    {
      "daily_stop": 4500.0,
      "full_risk_room": 4000.0,
      "historical_rolling": {
        "daily_breach_pct": 0.0,
        "max_breach_pct": 0.0,
        "not_reached_pct": 49.971703452178836,
        "pass_ci95_pct": [
          47.69945665114842,
          52.357013677972176
        ],
        "pass_pct": 50.028296547821164,
        "runs": 1767
      },
      "mean_accepted_entries": 23.035087719298247,
      "mean_blocked_entries": 1.3078664402942841,
      "mean_ending_balance": 101867.73029831967,
      "mean_minimum_equity": 92994.41473721027,
      "mean_stop_events": 2.527447651386531,
      "mean_trading_days": 13.448217317487266,
      "nominal_risk_pct": 25.0,
      "risk_multiplier": 25.0,
      "room_retention": 0.2,
      "scenario": "ea10715_03",
      "start_windows": 1767
    },
    {
      "daily_stop": 4500.0,
      "full_risk_room": 4000.0,
      "historical_rolling": {
        "daily_breach_pct": 0.0,
        "max_breach_pct": 0.0,
        "not_reached_pct": 51.21675155631012,
        "pass_ci95_pct": [
          46.45779718837114,
          51.11397865944326
        ],
        "pass_pct": 48.78324844368987,
        "runs": 1767
      },
      "mean_accepted_entries": 23.150537634408604,
      "mean_blocked_entries": 1.3706847764572723,
      "mean_ending_balance": 101561.6424777444,
      "mean_minimum_equity": 92920.6635100818,
      "mean_stop_events": 2.6774193548387095,
      "mean_trading_days": 13.53084323712507,
      "nominal_risk_pct": 25.0,
      "risk_multiplier": 25.0,
      "room_retention": 0.2,
      "scenario": "ea10715_04",
      "start_windows": 1767
    }
  ],
  "schema_version": 1,
  "start_windows": 1767,
  "status": "RESEARCH_ONLY",
  "timestamp_basis": "darwinex_broker_wall",
  "trade_paths": 2085
}
