{
  "basis": "fresh_start_entry_sized_m15_trade_cancellation_governor",
  "excluded_years": [
    2017,
    2018,
    2019,
    2020,
    2021,
    2022,
    2023
  ],
  "fill_contract": "adverse_bar",
  "horizon_calendar_days": 30,
  "manifest": "artifacts\\ftmo_joint_ten_sleeve_10375_11708_manifest_2026-07-12.json",
  "results": [
    {
      "daily_stop": 4500.0,
      "full_risk_room": 4000.0,
      "historical_rolling": {
        "daily_breach_pct": 19.258202567760343,
        "max_breach_pct": 12.125534950071327,
        "not_reached_pct": 15.977175463623395,
        "pass_ci95_pct": [
          48.938580206239216,
          56.31082723666384
        ],
        "pass_pct": 52.63908701854494,
        "runs": 701
      },
      "mean_accepted_entries": 24.258202567760343,
      "mean_blocked_entries": 1.1540656205420827,
      "mean_ending_balance": 103127.80062848181,
      "mean_minimum_equity": 94122.08989961447,
      "mean_stop_events": 1.5848787446504993,
      "mean_trading_days": 9.813124108416547,
      "nominal_risk_pct": 25.0,
      "risk_multiplier": 25.0,
      "room_retention": 0.2,
      "scenario": "anchor_nine_control",
      "start_windows": 701
    },
    {
      "daily_stop": 4500.0,
      "full_risk_room": 4000.0,
      "historical_rolling": {
        "daily_breach_pct": 21.683309557774606,
        "max_breach_pct": 13.55206847360913,
        "not_reached_pct": 11.982881597717546,
        "pass_ci95_pct": [
          49.08102469045991,
          56.45213450611358
        ],
        "pass_pct": 52.78174037089871,
        "runs": 701
      },
      "mean_accepted_entries": 23.21540656205421,
      "mean_blocked_entries": 0.948644793152639,
      "mean_ending_balance": 103232.78805711892,
      "mean_minimum_equity": 94284.7326577838,
      "mean_stop_events": 1.4079885877318117,
      "mean_trading_days": 9.268188302425107,
      "nominal_risk_pct": 25.0,
      "risk_multiplier": 25.0,
      "room_retention": 0.2,
      "scenario": "anchor_plus_11708_01",
      "start_windows": 701
    }
  ],
  "schema_version": 1,
  "start_windows": 701,
  "status": "RESEARCH_ONLY",
  "timestamp_basis": "darwinex_broker_wall",
  "trade_paths": 1397
}
