{
  "basis": "fresh_start_entry_sized_m15_trade_cancellation_governor",
  "excluded_years": [
    2017,
    2020,
    2023,
    2024,
    2025
  ],
  "fill_contract": "ideal_threshold_inside_m15_bar",
  "horizon_calendar_days": 30,
  "manifest": "artifacts\\ftmo_joint_eleven_sleeve_incumbent_weight_path_manifest_2026-07-12.json",
  "results": [
    {
      "daily_stop": 4500.0,
      "elapsed_risk_steps": [],
      "full_risk_room": 4000.0,
      "historical_rolling": {
        "daily_breach_pct": 0.0,
        "max_breach_pct": 0.0,
        "not_reached_pct": 40.94151212553495,
        "pass_ci95_pct": [
          56.463202750869314,
          61.60426840004345
        ],
        "pass_pct": 59.05848787446505,
        "runs": 1402
      },
      "mean_accepted_entries": 41.950071326676174,
      "mean_blocked_entries": 3.8373751783166905,
      "mean_ending_balance": 103098.97816876888,
      "mean_minimum_equity": 93419.0814322548,
      "mean_stop_events": 2.471469329529244,
      "mean_trading_days": 13.384450784593438,
      "nominal_peak_risk_pct": 25.000000000000007,
      "nominal_risk_pct": 25.000000000000007,
      "open_risk_limit_ratio": 0.0,
      "peak_risk_multiplier": 25.0,
      "profit_risk_steps": [],
      "risk_multiplier": 25.0,
      "room_retention": 0.2,
      "scenario": "path_01_11095_gbpusd_down2",
      "start_windows": 1402
    },
    {
      "daily_stop": 4500.0,
      "elapsed_risk_steps": [],
      "full_risk_room": 4000.0,
      "historical_rolling": {
        "daily_breach_pct": 0.0,
        "max_breach_pct": 0.0,
        "not_reached_pct": 43.295292439372325,
        "pass_ci95_pct": [
          54.096262232636896,
          59.27651169008593
        ],
        "pass_pct": 56.704707560627675,
        "runs": 1402
      },
      "mean_accepted_entries": 42.1490727532097,
      "mean_blocked_entries": 4.166904422253923,
      "mean_ending_balance": 102867.46580809608,
      "mean_minimum_equity": 93121.25291251969,
      "mean_stop_events": 2.712553495007133,
      "mean_trading_days": 13.511412268188302,
      "nominal_peak_risk_pct": 45.00000000000001,
      "nominal_risk_pct": 25.000000000000007,
      "open_risk_limit_ratio": 0.0,
      "peak_risk_multiplier": 45.0,
      "profit_risk_steps": [
        {
          "profit_threshold": 2000.0,
          "risk_multiplier": 30.0
        },
        {
          "profit_threshold": 5000.0,
          "risk_multiplier": 35.0
        },
        {
          "profit_threshold": 8000.0,
          "risk_multiplier": 45.0
        }
      ],
      "risk_multiplier": 25.0,
      "room_retention": 0.2,
      "scenario": "path_01_11095_gbpusd_down2",
      "start_windows": 1402
    },
    {
      "daily_stop": 4500.0,
      "elapsed_risk_steps": [],
      "full_risk_room": 4000.0,
      "historical_rolling": {
        "daily_breach_pct": 0.0,
        "max_breach_pct": 0.0,
        "not_reached_pct": 44.864479315263914,
        "pass_ci95_pct": [
          52.521607904589374,
          57.72136786600684
        ],
        "pass_pct": 55.13552068473609,
        "runs": 1402
      },
      "mean_accepted_entries": 42.89728958630528,
      "mean_blocked_entries": 4.236804564907275,
      "mean_ending_balance": 102649.09141840861,
      "mean_minimum_equity": 93077.25210944595,
      "mean_stop_events": 2.75320970042796,
      "mean_trading_days": 13.731098430813125,
      "nominal_peak_risk_pct": 50.000000000000014,
      "nominal_risk_pct": 25.000000000000007,
      "open_risk_limit_ratio": 0.0,
      "peak_risk_multiplier": 50.0,
      "profit_risk_steps": [
        {
          "profit_threshold": 3000.0,
          "risk_multiplier": 30.0
        },
        {
          "profit_threshold": 6000.0,
          "risk_multiplier": 40.0
        },
        {
          "profit_threshold": 8500.0,
          "risk_multiplier": 50.0
        }
      ],
      "risk_multiplier": 25.0,
      "room_retention": 0.2,
      "scenario": "path_01_11095_gbpusd_down2",
      "start_windows": 1402
    }
  ],
  "schema_version": 1,
  "start_windows": 1402,
  "status": "RESEARCH_ONLY",
  "timestamp_basis": "darwinex_broker_wall",
  "trade_paths": 3584
}
