{
  "basis": "fresh_start_entry_sized_m15_trade_cancellation_governor",
  "excluded_years": [
    2017,
    2020,
    2023,
    2024,
    2025,
    2026
  ],
  "fill_contract": "ideal_threshold_inside_m15_bar",
  "horizon_calendar_days": 30,
  "manifest": "artifacts\\ftmo_joint_eleven_sleeve_incumbent_weight_path_manifest_2026-07-12.json",
  "merged_chunk_count": 5,
  "merged_result_count": 11,
  "results": [
    {
      "daily_stop": 4500.0,
      "elapsed_risk_steps": [],
      "full_risk_room": 4000.0,
      "historical_rolling": {
        "daily_breach_pct": 0.0,
        "max_breach_pct": 0.0,
        "not_reached_pct": 48.35948644793152,
        "pass_ci95_pct": [
          49.02376920930318,
          54.24829249519285
        ],
        "pass_pct": 51.64051355206848,
        "runs": 1402
      },
      "mean_accepted_entries": 50.75320970042796,
      "mean_blocked_entries": 0.8402282453637661,
      "mean_ending_balance": 103003.14374239226,
      "mean_minimum_equity": 94156.80986637076,
      "mean_stop_events": 0.884450784593438,
      "mean_trading_days": 15.504279600570614,
      "nominal_peak_risk_pct": 35.00000000000001,
      "nominal_risk_pct": 15.000000000000004,
      "open_risk_limit_ratio": 0.0,
      "peak_risk_multiplier": 35.0,
      "profit_risk_steps": [
        {
          "profit_threshold": 1000.0,
          "risk_multiplier": 20.0
        },
        {
          "profit_threshold": 3000.0,
          "risk_multiplier": 25.0
        },
        {
          "profit_threshold": 6000.0,
          "risk_multiplier": 35.0
        }
      ],
      "risk_multiplier": 15.0,
      "room_retention": 0.2,
      "scenario": "path_01_11095_gbpusd_down2",
      "start_windows": 1402
    },
    {
      "daily_stop": 4500.0,
      "elapsed_risk_steps": [],
      "full_risk_room": 4000.0,
      "historical_rolling": {
        "daily_breach_pct": 0.0,
        "max_breach_pct": 0.0,
        "not_reached_pct": 49.14407988587732,
        "pass_ci95_pct": [
          48.24029825061402,
          53.46686437781868
        ],
        "pass_pct": 50.855920114122675,
        "runs": 1402
      },
      "mean_accepted_entries": 51.85592011412268,
      "mean_blocked_entries": 0.7624821683309557,
      "mean_ending_balance": 102982.4846279541,
      "mean_minimum_equity": 94248.32395711076,
      "mean_stop_events": 0.8038516405135521,
      "mean_trading_days": 15.80599144079886,
      "nominal_peak_risk_pct": 40.00000000000001,
      "nominal_risk_pct": 15.000000000000004,
      "open_risk_limit_ratio": 0.0,
      "peak_risk_multiplier": 40.0,
      "profit_risk_steps": [
        {
          "profit_threshold": 2000.0,
          "risk_multiplier": 20.0
        },
        {
          "profit_threshold": 5000.0,
          "risk_multiplier": 30.0
        },
        {
          "profit_threshold": 8000.0,
          "risk_multiplier": 40.0
        }
      ],
      "risk_multiplier": 15.0,
      "room_retention": 0.2,
      "scenario": "path_01_11095_gbpusd_down2",
      "start_windows": 1402
    },
    {
      "daily_stop": 4500.0,
      "elapsed_risk_steps": [],
      "full_risk_room": 4000.0,
      "historical_rolling": {
        "daily_breach_pct": 0.0,
        "max_breach_pct": 0.0,
        "not_reached_pct": 46.00570613409415,
        "pass_ci95_pct": [
          51.37804483691391,
          56.58871409577204
        ],
        "pass_pct": 53.99429386590585,
        "runs": 1402
      },
      "mean_accepted_entries": 47.0641940085592,
      "mean_blocked_entries": 2.057061340941512,
      "mean_ending_balance": 102914.01838765449,
      "mean_minimum_equity": 93747.46535907121,
      "mean_stop_events": 1.4172610556348073,
      "mean_trading_days": 14.595577746077034,
      "nominal_peak_risk_pct": 36.00000000000001,
      "nominal_risk_pct": 18.000000000000004,
      "open_risk_limit_ratio": 0.0,
      "peak_risk_multiplier": 36.0,
      "profit_risk_steps": [
        {
          "profit_threshold": 1000.0,
          "risk_multiplier": 22.0
        },
        {
          "profit_threshold": 3000.0,
          "risk_multiplier": 28.0
        },
        {
          "profit_threshold": 6000.0,
          "risk_multiplier": 36.0
        }
      ],
      "risk_multiplier": 18.0,
      "room_retention": 0.2,
      "scenario": "path_01_11095_gbpusd_down2",
      "start_windows": 1402
    },
    {
      "daily_stop": 4500.0,
      "elapsed_risk_steps": [],
      "full_risk_room": 4000.0,
      "historical_rolling": {
        "daily_breach_pct": 0.0,
        "max_breach_pct": 0.0,
        "not_reached_pct": 47.21825962910128,
        "pass_ci95_pct": [
          50.16451128675043,
          55.38376725565583
        ],
        "pass_pct": 52.78174037089871,
        "runs": 1402
      },
      "mean_accepted_entries": 48.13837375178316,
      "mean_blocked_entries": 2.0235378031383737,
      "mean_ending_balance": 102838.20894625934,
      "mean_minimum_equity": 93843.25557733545,
      "mean_stop_events": 1.3894436519258202,
      "mean_trading_days": 14.872325249643367,
      "nominal_peak_risk_pct": 40.00000000000001,
      "nominal_risk_pct": 18.000000000000004,
      "open_risk_limit_ratio": 0.0,
      "peak_risk_multiplier": 40.0,
      "profit_risk_steps": [
        {
          "profit_threshold": 2000.0,
          "risk_multiplier": 22.0
        },
        {
          "profit_threshold": 5000.0,
          "risk_multiplier": 30.0
        },
        {
          "profit_threshold": 8000.0,
          "risk_multiplier": 40.0
        }
      ],
      "risk_multiplier": 18.0,
      "room_retention": 0.2,
      "scenario": "path_01_11095_gbpusd_down2",
      "start_windows": 1402
    },
    {
      "daily_stop": 4500.0,
      "elapsed_risk_steps": [],
      "full_risk_room": 4000.0,
      "historical_rolling": {
        "daily_breach_pct": 0.0,
        "max_breach_pct": 0.0,
        "not_reached_pct": 45.72039942938659,
        "pass_ci95_pct": [
          51.66380675944527,
          56.87200638271822
        ],
        "pass_pct": 54.279600570613404,
        "runs": 1402
      },
      "mean_accepted_entries": 45.26747503566334,
      "mean_blocked_entries": 3.021398002853067,
      "mean_ending_balance": 102805.79059741308,
      "mean_minimum_equity": 93496.48996850949,
      "mean_stop_events": 1.781740370898716,
      "mean_trading_days": 14.163338088445078,
      "nominal_peak_risk_pct": 40.00000000000001,
      "nominal_risk_pct": 20.000000000000004,
      "open_risk_limit_ratio": 0.0,
      "peak_risk_multiplier": 40.0,
      "profit_risk_steps": [
        {
          "profit_threshold": 1000.0,
          "risk_multiplier": 25.0
        },
        {
          "profit_threshold": 4000.0,
          "risk_multiplier": 30.0
        },
        {
          "profit_threshold": 7000.0,
          "risk_multiplier": 40.0
        }
      ],
      "risk_multiplier": 20.0,
      "room_retention": 0.2,
      "scenario": "path_01_11095_gbpusd_down2",
      "start_windows": 1402
    },
    {
      "daily_stop": 4500.0,
      "elapsed_risk_steps": [],
      "full_risk_room": 4000.0,
      "historical_rolling": {
        "daily_breach_pct": 0.0,
        "max_breach_pct": 0.0,
        "not_reached_pct": 44.79315263908702,
        "pass_ci95_pct": [
          52.593126308036844,
          57.79211301492876
        ],
        "pass_pct": 55.20684736091298,
        "runs": 1402
      },
      "mean_accepted_entries": 45.30813124108417,
      "mean_blocked_entries": 2.9372325249643367,
      "mean_ending_balance": 102938.59271504852,
      "mean_minimum_equity": 93574.83942020097,
      "mean_stop_events": 1.7446504992867333,
      "mean_trading_days": 14.137660485021398,
      "nominal_peak_risk_pct": 45.00000000000001,
      "nominal_risk_pct": 20.000000000000004,
      "open_risk_limit_ratio": 0.0,
      "peak_risk_multiplier": 45.0,
      "profit_risk_steps": [
        {
          "profit_threshold": 2000.0,