{
  "basis": "fresh_start_entry_sized_m15_trade_cancellation_governor",
  "excluded_years": [
    2017,
    2020,
    2023,
    2024,
    2025
  ],
  "fill_contract": "ideal_threshold_inside_m15_bar",
  "horizon_calendar_days": 30,
  "manifest": "artifacts\\ftmo_joint_eleven_sleeve_incumbent_weight_path_manifest_2026-07-12.json",
  "results": [
    {
      "daily_stop": 4500.0,
      "elapsed_risk_steps": [],
      "full_risk_room": 4000.0,
      "historical_rolling": {
        "daily_breach_pct": 0.0,
        "max_breach_pct": 0.0,
        "not_reached_pct": 48.35948644793152,
        "pass_ci95_pct": [
          49.02376920930318,
          54.24829249519285
        ],
        "pass_pct": 51.64051355206848,
        "runs": 1402
      },
      "mean_accepted_entries": 50.75320970042796,
      "mean_blocked_entries": 0.8402282453637661,
      "mean_ending_balance": 103003.14374239226,
      "mean_minimum_equity": 94156.80986637076,
      "mean_stop_events": 0.884450784593438,
      "mean_trading_days": 15.504279600570614,
      "nominal_peak_risk_pct": 35.00000000000001,
      "nominal_risk_pct": 15.000000000000004,
      "open_risk_limit_ratio": 0.0,
      "peak_risk_multiplier": 35.0,
      "profit_risk_steps": [
        {
          "profit_threshold": 1000.0,
          "risk_multiplier": 20.0
        },
        {
          "profit_threshold": 3000.0,
          "risk_multiplier": 25.0
        },
        {
          "profit_threshold": 6000.0,
          "risk_multiplier": 35.0
        }
      ],
      "risk_multiplier": 15.0,
      "room_retention": 0.2,
      "scenario": "path_01_11095_gbpusd_down2",
      "start_windows": 1402
    },
    {
      "daily_stop": 4500.0,
      "elapsed_risk_steps": [],
      "full_risk_room": 4000.0,
      "historical_rolling": {
        "daily_breach_pct": 0.0,
        "max_breach_pct": 0.0,
        "not_reached_pct": 49.14407988587732,
        "pass_ci95_pct": [
          48.24029825061402,
          53.46686437781868
        ],
        "pass_pct": 50.855920114122675,
        "runs": 1402
      },
      "mean_accepted_entries": 51.85592011412268,
      "mean_blocked_entries": 0.7624821683309557,
      "mean_ending_balance": 102982.4846279541,
      "mean_minimum_equity": 94248.32395711076,
      "mean_stop_events": 0.8038516405135521,
      "mean_trading_days": 15.80599144079886,
      "nominal_peak_risk_pct": 40.00000000000001,
      "nominal_risk_pct": 15.000000000000004,
      "open_risk_limit_ratio": 0.0,
      "peak_risk_multiplier": 40.0,
      "profit_risk_steps": [
        {
          "profit_threshold": 2000.0,
          "risk_multiplier": 20.0
        },
        {
          "profit_threshold": 5000.0,
          "risk_multiplier": 30.0
        },
        {
          "profit_threshold": 8000.0,
          "risk_multiplier": 40.0
        }
      ],
      "risk_multiplier": 15.0,
      "room_retention": 0.2,
      "scenario": "path_01_11095_gbpusd_down2",
      "start_windows": 1402
    }
  ],
  "schema_version": 1,
  "start_windows": 1402,
  "status": "RESEARCH_ONLY",
  "timestamp_basis": "darwinex_broker_wall",
  "trade_paths": 3584
}
