{
  "basis": "fresh_start_entry_sized_m15_trade_cancellation_governor",
  "excluded_years": [
    2017,
    2020,
    2024,
    2025
  ],
  "fill_contract": "adverse_bar",
  "horizon_calendar_days": 30,
  "manifest": "artifacts\\ftmo_joint_nine_sleeve_12475_manifest_2026-07-12.json",
  "results": [
    {
      "daily_stop": 4500.0,
      "full_risk_room": 4000.0,
      "historical_rolling": {
        "daily_breach_pct": 25.749858517260893,
        "max_breach_pct": 10.69609507640068,
        "not_reached_pct": 19.015280135823428,
        "pass_ci95_pct": [
          42.23573691923868,
          46.8654895604864
        ],
        "pass_pct": 44.538766270515,
        "runs": 1767
      },
      "mean_accepted_entries": 18.930390492359933,
      "mean_blocked_entries": 1.0758347481607244,
      "mean_ending_balance": 101477.36855190257,
      "mean_minimum_equity": 93777.62992812169,
      "mean_stop_events": 1.5172608941709111,
      "mean_trading_days": 10.099603848330503,
      "nominal_risk_pct": 25.0,
      "risk_multiplier": 25.0,
      "room_retention": 0.2,
      "scenario": "ea10715_03_wti10",
      "start_windows": 1767
    },
    {
      "daily_stop": 4500.0,
      "full_risk_room": 4000.0,
      "historical_rolling": {
        "daily_breach_pct": 26.825127334465193,
        "max_breach_pct": 10.639501980758348,
        "not_reached_pct": 19.581211092246743,
        "pass_ci95_pct": [
          40.66385233399216,
          45.27503571497958
        ],
        "pass_pct": 42.95415959252971,
        "runs": 1767
      },
      "mean_accepted_entries": 26.787775891341255,
      "mean_blocked_entries": 1.046406338426712,
      "mean_ending_balance": 101185.64104029168,
      "mean_minimum_equity": 93744.15885422741,
      "mean_stop_events": 1.509903791737408,
      "mean_trading_days": 10.442558007923033,
      "nominal_risk_pct": 24.999999999999996,
      "risk_multiplier": 25.0,
      "room_retention": 0.2,
      "scenario": "anchor_plus_12475_01",
      "start_windows": 1767
    },
    {
      "daily_stop": 4500.0,
      "full_risk_room": 4000.0,
      "historical_rolling": {
        "daily_breach_pct": 20.0339558573854,
        "max_breach_pct": 12.676853423882287,
        "not_reached_pct": 22.184493491794,
        "pass_ci95_pct": [
          42.79770155908565,
          47.43293150305134
        ],
        "pass_pct": 45.10469722693831,
        "runs": 1767
      },
      "mean_accepted_entries": 28.741369552914545,
      "mean_blocked_entries": 1.3305036785512168,
      "mean_ending_balance": 101269.91661999587,
      "mean_minimum_equity": 93477.64351772817,
      "mean_stop_events": 1.688737973967176,
      "mean_trading_days": 11.181097906055461,
      "nominal_risk_pct": 25.0,
      "risk_multiplier": 25.0,
      "room_retention": 0.2,
      "scenario": "anchor_plus_12475_03",
      "start_windows": 1767
    },
    {
      "daily_stop": 4500.0,
      "full_risk_room": 4000.0,
      "historical_rolling": {
        "daily_breach_pct": 21.50537634408602,
        "max_breach_pct": 14.148273910582908,
        "not_reached_pct": 19.015280135823428,
        "pass_ci95_pct": [
          43.02257203890927,
          47.65982365619249
        ],
        "pass_pct": 45.331069609507644,
        "runs": 1767
      },
      "mean_accepted_entries": 27.069043576683644,
      "mean_blocked_entries": 1.3316355404640634,
      "mean_ending_balance": 101441.6721758788,
      "mean_minimum_equity": 93421.19447101965,
      "mean_stop_events": 1.6293152235427277,
      "mean_trading_days": 10.68081494057725,
      "nominal_risk_pct": 25.0,
      "risk_multiplier": 25.0,
      "room_retention": 0.2,
      "scenario": "anchor_plus_12475_05",
      "start_windows": 1767
    },
    {
      "daily_stop": 4500.0,
      "full_risk_room": 4000.0,
      "historical_rolling": {
        "daily_breach_pct": 27.05149971703452,
        "max_breach_pct": 13.412563667232597,
        "not_reached_pct": 17.60045274476514,
        "pass_ci95_pct": [
          39.654623329828524,
          44.25133287080178
        ],
        "pass_pct": 41.935483870967744,
        "runs": 1767
      },
      "mean_accepted_entries": 24.561969439728355,
      "mean_blocked_entries": 1.6304470854555744,
      "mean_ending_balance": 100812.31641368453,
      "mean_minimum_equity": 93431.83515678764,
      "mean_stop_events": 1.8834182229767968,
      "mean_trading_days": 9.862478777589134,
      "nominal_risk_pct": 25.0,
      "risk_multiplier": 25.0,
      "room_retention": 0.2,
      "scenario": "anchor_plus_12475_08",
      "start_windows": 1767
    },
    {
      "daily_stop": 4500.0,
      "full_risk_room": 4000.0,
      "historical_rolling": {
        "daily_breach_pct": 28.522920203735147,
        "max_breach_pct": 17.31748726655348,
        "not_reached_pct": 12.507074136955291,
        "pass_ci95_pct": [
          39.37445958675988,
          43.966793322664465
        ],
        "pass_pct": 41.652518392756086,
        "runs": 1767
      },
      "mean_accepted_entries": 21.768534238822863,
      "mean_blocked_entries": 1.422184493491794,
      "mean_ending_balance": 100804.70489407903,
      "mean_minimum_equity": 93409.30738996167,
      "mean_stop_events": 1.8636106395019807,
      "mean_trading_days": 8.930390492359932,
      "nominal_risk_pct": 25.0,
      "risk_multiplier": 25.0,
      "room_retention": 0.2,
      "scenario": "anchor_plus_12475_10",
      "start_windows": 1767
    },
    {
      "daily_stop": 4500.0,
      "full_risk_room": 4000.0,
      "historical_rolling": {
        "daily_breach_pct": 38.08715336728919,
        "max_breach_pct": 18.449349179400112,
        "not_reached_pct": 9.39445387662705,
        "pass_ci95_pct": [
          31.895922336273546,
          36.311282368831215
        ],
        "pass_pct": 34.06904357668365,
        "runs": 1767
      },
      "mean_accepted_entries": 15.787209960384834,
      "mean_blocked_entries": 1.5110356536502547,
      "mean_ending_balance": 99920.41377878004,
      "mean_minimum_equity": 93641.82709491168,
      "mean_stop_events": 1.8545557441992078,
      "mean_trading_days": 6.952461799660441,
      "nominal_risk_pct": 25.0,
      "risk_multiplier": 25.0,
      "room_retention": 0.2,
      "scenario": "anchor_plus_12475_15",
      "start_windows": 1767
    }
  ],
  "schema_version": 1,
  "start_windows": 1767,
  "status": "RESEARCH_ONLY",
  "timestamp_basis": "darwinex_broker_wall",
  "trade_paths": 3468
}
